fromnode,tonode,clientID,a,budget,clientRatio
1,8,0,1,1.31,1.31
1,8,1,8,7.01,0.87625
1,8,2,20,14.26,0.713
1,8,3,5,2.85,0.5700000000000001
1,8,4,19,2.82,0.14842105263157893
1,16,0,16,33.96,2.1225
1,16,1,18,33.97,1.8872222222222221
1,16,2,16,17.55,1.096875
1,16,3,5,4.98,0.9960000000000001
1,16,4,8,6.8,0.85
1,19,0,5,17.71,3.5420000000000003
1,19,1,1,2.78,2.78
1,19,2,17,28.56,1.68
1,19,3,3,2.35,0.7833333333333333
1,19,4,19,6.25,0.32894736842105265
1,20,0,1,2.98,2.98
1,20,1,13,33.81,2.600769230769231
1,20,2,9,15.93,1.77
1,20,3,19,31.8,1.6736842105263159
1,20,4,14,21.04,1.502857142857143
1,24,0,5,16.02,3.2039999999999997
1,24,1,14,39.98,2.8557142857142854
1,24,2,10,16.11,1.611
1,24,3,16,14.4,0.9
1,24,4,4,1.08,0.27
1,29,0,1,6.99,6.99
1,29,1,11,61.97,5.633636363636364
1,29,2,18,87.83,4.879444444444444
1,29,3,13,62.32,4.793846153846154
1,29,4,19,40.54,2.1336842105263156
1,30,0,11,54.25,4.931818181818182
1,30,1,6,21.77,3.6283333333333334
1,30,2,20,69.88,3.4939999999999998
1,30,3,7,23.14,3.3057142857142856
1,30,4,19,56.87,2.993157894736842
1,33,0,3,12.58,4.193333333333333
1,33,1,19,54.4,2.863157894736842
1,33,2,16,19.32,1.2075
1,33,3,4,3.9,0.975
1,33,4,5,2.87,0.5740000000000001
1,47,0,14,51.96,3.7114285714285713
1,47,1,20,73.57,3.6784999999999997
1,47,2,13,45.25,3.480769230769231
1,47,3,11,29.85,2.713636363636364
1,47,4,4,1.57,0.3925
1,49,0,7,24.68,3.525714285714286
1,49,1,9,17.13,1.9033333333333333
1,49,2,2,2.45,1.225
1,49,3,3,1.56,0.52
1,49,4,18,4.58,0.2544444444444445
1,50,0,5,50.38,10.076
1,50,1,5,39.27,7.854000000000001
1,50,2,10,70.02,7.002
1,50,3,13,58.41,4.493076923076923
1,50,4,11,41.99,3.8172727272727274
1,60,0,8,43.23,5.40375
1,60,1,20,79.85,3.9924999999999997
1,60,2,4,14.63,3.6575
1,60,3,17,40.19,2.364117647058823
1,60,4,17,29.39,1.7288235294117646
1,66,0,14,94.81,6.772142857142858
1,66,1,14,93.92,6.708571428571429
1,66,2,17,38.56,2.2682352941176473
1,66,3,11,4.47,0.4063636363636363
1,66,4,11,3.85,0.35000000000000003
1,69,0,9,37.86,4.206666666666667
1,69,1,12,42.12,3.51
1,69,2,20,68.07,3.4034999999999997
1,69,3,11,30.14,2.74
1,69,4,5,2.74,0.548
1,70,0,1,1.0,1.0
1,70,1,9,6.02,0.6688888888888889
1,70,2,10,6.33,0.633
1,70,3,1,0.63,0.63
1,70,4,11,2.41,0.21909090909090911
1,74,0,1,0.69,0.69
1,74,1,12,7.19,0.5991666666666667
1,74,2,6,1.44,0.24
1,74,3,9,2.08,0.23111111111111113
1,74,4,13,1.29,0.09923076923076923
1,75,0,6,11.26,1.8766666666666667
1,75,1,8,14.5,1.8125
1,75,2,5,4.58,0.916
1,75,3,9,6.58,0.7311111111111112
1,75,4,4,1.5,0.375
1,77,0,11,10.36,0.9418181818181818
1,77,1,7,6.16,0.88
1,77,2,8,3.65,0.45625
1,77,3,15,4.45,0.2966666666666667
1,77,4,6,0.69,0.11499999999999999
1,80,0,3,11.11,3.703333333333333
1,80,1,9,15.01,1.6677777777777778
1,80,2,7,10.91,1.5585714285714285
1,80,3,19,18.69,0.9836842105263158
1,80,4,4,1.32,0.33
1,82,0,12,71.25,5.9375
1,82,1,9,42.88,4.764444444444445
1,82,2,19,80.65,4.244736842105263
1,82,3,14,43.94,3.1385714285714283
1,82,4,14,43.74,3.1242857142857146
1,84,0,20,241.43,12.0715
1,84,1,14,98.67,7.047857142857143
1,84,2,1,6.09,6.09
1,84,3,14,32.48,2.32
1,84,4,8,6.95,0.86875
1,85,0,19,236.14,12.428421052631577
1,85,1,17,209.7,12.335294117647058
1,85,2,8,88.68,11.085
1,85,3,15,161.71,10.780666666666667
1,85,4,18,84.56,4.697777777777778
1,87,0,17,102.66,6.038823529411765
1,87,1,4,21.31,5.3275
1,87,2,14,54.17,3.869285714285714
1,87,3,1,3.27,3.27
1,87,4,2,0.96,0.48
1,88,0,1,1.75,1.75
1,88,1,10,8.69,0.869
1,88,2,4,2.64,0.66
1,88,3,20,9.61,0.4805
1,88,4,14,4.11,0.2935714285714286
1,89,0,18,95.62,5.312222222222222
1,89,1,2,8.06,4.03
1,89,2,5,15.06,3.012
1,89,3,4,8.72,2.18
1,89,4,7,11.75,1.6785714285714286
1,90,0,9,4.95,0.55
1,90,1,19,9.81,0.5163157894736843
1,90,2,5,2.47,0.49400000000000005
1,90,3,2,0.91,0.455
1,90,4,1,0.3,0.3
1,93,0,1,9.27,9.27
1,93,1,17,98.48,5.792941176470588
1,93,2,2,10.62,5.31
1,93,3,8,25.61,3.20125
1,93,4,5,4.53,0.906
1,94,0,2,10.84,5.42
1,94,1,3,10.11,3.3699999999999997
1,94,2,16,34.6,2.1625
1,94,3,11,7.55,0.6863636363636364
1,94,4,2,1.33,0.665
1,97,0,13,49.97,3.8438461538461537
1,97,1,5,16.67,3.3340000000000005
1,97,2,11,28.88,2.6254545454545455
1,97,3,19,36.68,1.9305263157894736
1,97,4,9,11.69,1.2988888888888888
8,1,0,13,15.04,1.156923076923077
8,1,1,2,1.84,0.92
8,1,2,12,8.34,0.695
8,1,3,18,10.5,0.5833333333333334
8,1,4,19,5.78,0.3042105263157895
8,16,0,16,29.06,1.81625
8,16,1,14,15.94,1.1385714285714286
8,16,2,11,11.52,1.0472727272727271
8,16,3,8,4.72,0.59
8,16,4,14,3.0,0.21428571428571427
8,19,0,12,32.07,2.6725
8,19,1,1,2.59,2.59
8,19,2,3,6.7,2.2333333333333334
8,19,3,9,17.54,1.948888888888889
8,19,4,8,9.89,1.23625
8,20,0,4,11.54,2.885
8,20,1,17,41.72,2.4541176470588235
8,20,2,18,44.1,2.45
8,20,3,4,9.13,2.2825
8,20,4,9,4.32,0.48000000000000004
8,24,0,19,30.29,1.5942105263157895
8,24,1,3,3.82,1.2733333333333332
8,24,2,19,22.91,1.2057894736842105
8,24,3,16,6.23,0.389375
8,24,4,13,2.35,0.18076923076923077
8,29,0,4,20.64,5.16
8,29,1,10,44.78,4.478
8,29,2,1,2.76,2.76
8,29,3,13,20.71,1.593076923076923
8,29,4,4,1.94,0.485
8,30,0,4,17.06,4.265
8,30,1,2,5.17,2.585
8,30,2,19,45.89,2.415263157894737
8,30,3,8,5.19,0.64875
8,30,4,3,1.02,0.34
8,33,0,6,34.5,5.75
8,33,1,15,82.48,5.498666666666667
8,33,2,13,32.02,2.4630769230769234
8,33,3,3,7.12,2.3733333333333335
8,33,4,19,35.28,1.8568421052631578
8,47,0,8,25.95,3.24375
8,47,1,14,39.62,2.8299999999999996
8,47,2,12,22.95,1.9124999999999999
8,47,3,20,28.02,1.401
8,47,4,3,4.0,1.3333333333333333
8,49,0,19,33.76,1.7768421052631578
8,49,1,17,27.53,1.6194117647058823
8,49,2,5,7.62,1.524
8,49,3,6,6.11,1.0183333333333333
8,49,4,5,2.27,0.454
8,50,0,17,170.54,10.031764705882352
8,50,1,16,127.75,7.984375
8,50,2,19,146.08,7.68842105263158
8,50,3,7,13.32,1.9028571428571428
8,50,4,6,10.79,1.7983333333333331
8,60,0,18,75.49,4.193888888888889
8,60,1,8,30.11,3.76375
8,60,2,10,30.05,3.005
8,60,3,14,37.58,2.684285714285714
8,60,4,17,25.54,1.5023529411764704
8,66,0,9,47.46,5.273333333333333
8,66,1,16,76.65,4.790625
8,66,2,19,67.4,3.547368421052632
8,66,3,7,8.48,1.2114285714285715
8,66,4,10,3.67,0.367
8,69,0,16,53.01,3.313125
8,69,1,16,48.28,3.0175
8,69,2,7,14.49,2.07
8,69,3,5,9.34,1.8679999999999999
8,69,4,12,13.67,1.1391666666666667
8,70,0,8,3.44,0.43
8,70,1,3,1.24,0.41333333333333333
8,70,2,13,4.94,0.38
8,70,3,2,0.47,0.235
8,70,4,18,0.58,0.03222222222222222
8,74,0,3,4.73,1.5766666666666669
8,74,1,2,2.96,1.48
8,74,2,7,9.01,1.2871428571428571
8,74,3,9,4.02,0.4466666666666666
8,74,4,5,1.8,0.36
8,75,0,9,9.65,1.0722222222222222
8,75,1,2,0.87,0.435
8,75,2,9,2.33,0.2588888888888889
8,75,3,3,0.59,0.19666666666666666
8,75,4,14,2.27,0.16214285714285714
8,77,0,15,12.4,0.8266666666666667
8,77,1,13,9.12,0.7015384615384614
8,77,2,11,5.46,0.49636363636363634
8,77,3,10,1.03,0.10300000000000001
8,77,4,11,0.71,0.06454545454545454
8,80,0,7,16.99,2.427142857142857
8,80,1,16,24.49,1.530625
8,80,2,18,22.95,1.275
8,80,3,14,7.64,0.5457142857142857
8,80,4,9,3.75,0.4166666666666667
8,82,0,17,144.56,8.503529411764706
8,82,1,12,85.78,7.148333333333333
8,82,2,12,77.31,6.4425
8,82,3,10,63.04,6.304
8,82,4,4,20.38,5.095
8,84,0,2,16.74,8.37
8,84,1,11,86.58,7.870909090909091
8,84,2,18,112.5,6.25
8,84,3,16,97.0,6.0625
8,84,4,9,14.76,1.64
8,85,0,19,175.59,9.24157894736842
8,85,1,11,89.04,8.094545454545456
8,85,2,5,13.01,2.602
8,85,3,18,38.84,2.157777777777778
8,85,4,15,29.14,1.9426666666666668
8,87,0,4,15.52,3.88
8,87,1,6,22.96,3.8266666666666667
8,87,2,10,35.3,3.53
8,87,3,15,40.26,2.6839999999999997
8,87,4,20,47.3,2.3649999999999998
8,88,0,2,4.71,2.355
8,88,1,18,27.13,1.5072222222222222
8,88,2,2,2.68,1.34
8,88,3,13,13.43,1.033076923076923
8,88,4,9,7.25,0.8055555555555556
8,89,0,11,109.98,9.998181818181818
8,89,1,15,88.64,5.9093333333333335
8,89,2,17,68.18,4.010588235294118
8,89,3,3,11.99,3.9966666666666666
8,89,4,9,26.34,2.9266666666666667
8,90,0,7,5.58,0.7971428571428572
8,90,1,4,3.18,0.795
8,90,2,4,1.19,0.2975
8,90,3,4,1.01,0.2525
8,90,4,19,3.52,0.18526315789473685
8,93,0,5,42.76,8.552
8,93,1,13,105.77,8.136153846153846
8,93,2,5,30.06,6.012
8,93,3,6,34.73,5.788333333333333
8,93,4,7,38.95,5.564285714285715
8,94,0,15,71.94,4.796
8,94,1,7,32.76,4.68
8,94,2,1,4.54,4.54
8,94,3,12,50.79,4.2325
8,94,4,13,23.9,1.8384615384615384
8,97,0,16,69.08,4.3175
8,97,1,10,39.73,3.973
8,97,2,7,22.8,3.257142857142857
8,97,3,19,28.29,1.4889473684210526
8,97,4,16,4.87,0.304375
16,1,0,17,41.29,2.4288235294117646
16,1,1,8,15.55,1.94375
16,1,2,17,15.7,0.9235294117647058
16,1,3,7,6.0,0.8571428571428571
16,1,4,1,0.54,0.54
16,8,0,10,22.67,2.2670000000000003
16,8,1,17,37.27,2.1923529411764706
16,8,2,3,4.52,1.5066666666666666
16,8,3,5,2.01,0.40199999999999997
16,8,4,15,5.21,0.3473333333333333
16,19,0,1,1.54,1.54
16,19,1,3,2.58,0.86
16,19,2,11,6.47,0.5881818181818181
16,19,3,20,8.74,0.437
16,19,4,2,0.21,0.105
16,20,0,11,41.17,3.7427272727272727
16,20,1,20,58.82,2.941
16,20,2,2,5.45,2.725
16,20,3,12,31.81,2.6508333333333334
16,20,4,5,2.2,0.44000000000000006
16,24,0,7,3.11,0.4442857142857143
16,24,1,4,1.51,0.3775
16,24,2,8,1.92,0.24
16,24,3,7,1.53,0.21857142857142858
16,24,4,14,0.76,0.054285714285714284
16,29,0,7,36.64,5.234285714285714
16,29,1,3,12.17,4.056666666666667
16,29,2,13,49.05,3.773076923076923
16,29,3,16,38.81,2.425625
16,29,4,14,24.52,1.7514285714285713
16,30,0,15,64.84,4.322666666666667
16,30,1,15,34.4,2.2933333333333334
16,30,2,12,26.98,2.2483333333333335
16,30,3,13,28.67,2.2053846153846157
16,30,4,9,16.89,1.8766666666666667
16,33,0,8,59.77,7.47125
16,33,1,12,56.57,4.714166666666666
16,33,2,15,63.77,4.251333333333333
16,33,3,7,15.53,2.2185714285714284
16,33,4,12,16.41,1.3675
16,47,0,6,3.52,0.5866666666666667
16,47,1,6,1.41,0.235
16,47,2,20,3.93,0.1965
16,47,3,17,3.34,0.19647058823529412
16,47,4,1,0.17,0.17
16,49,0,11,7.17,0.6518181818181819
16,49,1,1,0.64,0.64
16,49,2,2,1.27,0.635
16,49,3,2,0.81,0.405
16,49,4,16,5.25,0.328125
16,50,0,1,9.15,9.15
16,50,1,13,64.59,4.968461538461539
16,50,2,4,14.94,3.735
16,50,3,6,21.63,3.605
16,50,4,8,21.81,2.72625
16,60,0,15,30.27,2.018
16,60,1,4,6.18,1.545
16,60,2,10,12.88,1.288
16,60,3,10,7.69,0.769
16,60,4,18,13.44,0.7466666666666666
16,66,0,2,7.09,3.545
16,66,1,11,36.13,3.2845454545454547
16,66,2,3,9.31,3.1033333333333335
16,66,3,12,21.07,1.7558333333333334
16,66,4,1,0.72,0.72
16,69,0,17,34.82,2.048235294117647
16,69,1,7,14.33,2.047142857142857
16,69,2,2,1.0,0.5
16,69,3,17,2.89,0.17
16,69,4,3,0.4,0.13333333333333333
16,70,0,16,40.88,2.555
16,70,1,20,35.87,1.7934999999999999
16,70,2,2,2.26,1.13
16,70,3,16,16.27,1.016875
16,70,4,13,4.48,0.34461538461538466
16,74,0,18,48.08,2.671111111111111
16,74,1,13,28.33,2.1792307692307693
16,74,2,10,8.36,0.836
16,74,3,13,10.41,0.8007692307692308
16,74,4,14,8.1,0.5785714285714285
16,75,0,13,11.88,0.9138461538461539
16,75,1,15,12.83,0.8553333333333334
16,75,2,14,7.0,0.5
16,75,3,6,2.53,0.42166666666666663
16,75,4,18,7.52,0.41777777777777775
16,77,0,13,44.34,3.410769230769231
16,77,1,20,65.85,3.2924999999999995
16,77,2,6,11.33,1.8883333333333334
16,77,3,16,21.3,1.33125
16,77,4,2,1.35,0.675
16,80,0,2,6.23,3.115
16,80,1,20,59.92,2.996
16,80,2,1,2.93,2.93
16,80,3,3,8.12,2.7066666666666666
16,80,4,4,4.9,1.225
16,82,0,11,100.9,9.172727272727274
16,82,1,13,95.13,7.317692307692307
16,82,2,2,8.68,4.34
16,82,3,4,13.43,3.3575
16,82,4,1,1.0,1.0
16,84,0,2,21.04,10.52
16,84,1,3,26.74,8.913333333333332
16,84,2,5,32.36,6.4719999999999995
16,84,3,7,20.4,2.914285714285714
16,84,4,10,15.67,1.567
16,85,0,10,116.08,11.608
16,85,1,8,82.14,10.2675
16,85,2,17,90.23,5.307647058823529
16,85,3,20,82.97,4.1485
16,85,4,1,1.77,1.77
16,87,0,18,57.23,3.179444444444444
16,87,1,4,9.88,2.47
16,87,2,4,3.72,0.93
16,87,3,15,12.69,0.846
16,87,4,3,0.96,0.32
16,88,0,16,43.05,2.690625
16,88,1,12,17.87,1.4891666666666667
16,88,2,15,22.15,1.4766666666666666
16,88,3,20,10.09,0.5045
16,88,4,9,3.84,0.42666666666666664
16,89,0,10,92.53,9.253
16,89,1,15,129.69,8.645999999999999
16,89,2,20,102.42,5.121
16,89,3,13,33.97,2.613076923076923
16,89,4,18,9.35,0.5194444444444444
16,90,0,3,10.23,3.41
16,90,1,10,27.19,2.7190000000000003
16,90,2,7,13.01,1.8585714285714285
16,90,3,12,19.69,1.6408333333333334
16,90,4,3,4.06,1.3533333333333333
16,93,0,3,16.77,5.59
16,93,1,14,58.11,4.150714285714286
16,93,2,2,6.51,3.255
16,93,3,7,17.62,2.5171428571428573
16,93,4,9,20.17,2.2411111111111115
16,94,0,12,53.07,4.4225
16,94,1,18,71.93,3.9961111111111114
16,94,2,6,21.21,3.535
16,94,3,7,24.03,3.432857142857143
16,94,4,20,45.16,2.258
16,97,0,10,20.53,2.053
16,97,1,20,40.73,2.0364999999999998
16,97,2,19,37.55,1.976315789473684
16,97,3,16,30.75,1.921875
16,97,4,14,14.7,1.05
19,1,0,5,6.54,1.308
19,1,1,1,0.88,0.88
19,1,2,17,6.82,0.4011764705882353
19,1,3,16,5.12,0.32
19,1,4,4,1.09,0.2725
19,8,0,15,31.09,2.0726666666666667
19,8,1,15,13.53,0.9019999999999999
19,8,2,7,5.88,0.84
19,8,3,10,4.88,0.488
19,8,4,14,2.94,0.21
19,16,0,10,16.18,1.6179999999999999
19,16,1,12,18.77,1.5641666666666667
19,16,2,14,10.8,0.7714285714285715
19,16,3,14,7.87,0.5621428571428572
19,16,4,7,2.17,0.31
19,20,0,12,24.05,2.004166666666667
19,20,1,15,18.27,1.218
19,20,2,15,14.71,0.9806666666666667
19,20,3,10,7.72,0.772
19,20,4,18,11.23,0.6238888888888889
19,24,0,6,7.0,1.1666666666666667
19,24,1,10,9.28,0.9279999999999999
19,24,2,5,3.94,0.788
19,24,3,5,3.4,0.6799999999999999
19,24,4,17,1.03,0.06058823529411765
19,29,0,12,66.33,5.5275
19,29,1,2,5.76,2.88
19,29,2,15,32.21,2.1473333333333335
19,29,3,1,1.33,1.33
19,29,4,8,2.38,0.2975
19,30,0,14,40.82,2.915714285714286
19,30,1,2,3.98,1.99
19,30,2,4,6.06,1.515
19,30,3,16,22.67,1.416875
19,30,4,9,8.01,0.89
19,33,0,6,34.13,5.6883333333333335
19,33,1,5,23.41,4.682
19,33,2,1,2.81,2.81
19,33,3,9,20.45,2.272222222222222
19,33,4,19,32.74,1.7231578947368422
19,47,0,2,3.42,1.71
19,47,1,11,11.91,1.0827272727272728
19,47,2,14,14.06,1.0042857142857142
19,47,3,9,0.96,0.10666666666666666
19,47,4,2,0.21,0.105
19,49,0,3,0.91,0.30333333333333334
19,49,1,12,2.81,0.23416666666666666
19,49,2,20,4.65,0.2325
19,49,3,15,3.19,0.21266666666666667
19,49,4,6,0.84,0.13999999999999999
19,50,0,9,61.37,6.818888888888889
19,50,1,12,47.06,3.921666666666667
19,50,2,15,39.32,2.6213333333333333
19,50,3,17,27.03,1.59
19,50,4,18,20.82,1.1566666666666667
19,60,0,8,11.62,1.4525
19,60,1,19,20.76,1.0926315789473684
19,60,2,2,1.52,0.76
19,60,3,1,0.6,0.6
19,60,4,11,3.33,0.30272727272727273
19,66,0,20,39.86,1.9929999999999999
19,66,1,17,30.28,1.7811764705882354
19,66,2,3,4.17,1.39
19,66,3,16,9.0,0.5625
19,66,4,9,4.37,0.4855555555555556
19,69,0,13,20.55,1.580769230769231
19,69,1,13,7.48,0.5753846153846154
19,69,2,9,3.7,0.41111111111111115
19,69,3,15,5.71,0.38066666666666665
19,69,4,12,4.3,0.35833333333333334
19,70,0,14,44.43,3.1735714285714285
19,70,1,2,6.12,3.06
19,70,2,11,22.28,2.0254545454545454
19,70,3,5,7.13,1.426
19,70,4,18,18.09,1.005
19,74,0,1,4.14,4.14
19,74,1,7,22.96,3.2800000000000002
19,74,2,4,11.33,2.8325
19,74,3,3,6.78,2.2600000000000002
19,74,4,17,11.22,0.66
19,75,0,16,28.16,1.76
19,75,1,10,10.35,1.035
19,75,2,16,14.19,0.886875
19,75,3,3,2.5,0.8333333333333334
19,75,4,2,0.76,0.38
19,77,0,6,14.5,2.4166666666666665
19,77,1,15,35.48,2.365333333333333
19,77,2,2,1.47,0.735
19,77,3,5,3.16,0.632
19,77,4,1,0.61,0.61
19,80,0,5,8.45,1.69
19,80,1,13,19.66,1.5123076923076924
19,80,2,5,5.31,1.0619999999999998
19,80,3,2,2.09,1.045
19,80,4,6,3.9,0.65
19,82,0,12,85.14,7.095
19,82,1,14,43.76,3.1257142857142854
19,82,2,1,2.34,2.34
19,82,3,10,12.21,1.221
19,82,4,5,5.68,1.136
19,84,0,12,109.95,9.1625
19,84,1,12,62.22,5.185
19,84,2,16,40.6,2.5375
19,84,3,20,20.93,1.0465
19,84,4,7,3.03,0.43285714285714283
19,85,0,15,90.99,6.066
19,85,1,15,86.39,5.759333333333333
19,85,2,12,68.27,5.689166666666666
19,85,3,11,56.22,5.11090909090909
19,85,4,16,23.13,1.445625
19,87,0,18,22.71,1.2616666666666667
19,87,1,10,12.27,1.2269999999999999
19,87,2,6,5.21,0.8683333333333333
19,87,3,20,17.09,0.8545
19,87,4,13,7.98,0.6138461538461539
19,88,0,20,45.44,2.272
19,88,1,14,20.46,1.4614285714285715
19,88,2,6,4.79,0.7983333333333333
19,88,3,7,2.68,0.3828571428571429
19,88,4,6,2.09,0.34833333333333333
19,89,0,4,30.07,7.5175
19,89,1,17,112.96,6.644705882352941
19,89,2,19,124.27,6.5405263157894735
19,89,3,1,1.8,1.8
19,89,4,9,10.86,1.2066666666666666
19,90,0,12,28.92,2.41
19,90,1,18,39.8,2.211111111111111
19,90,2,15,29.2,1.9466666666666665
19,90,3,20,18.48,0.924
19,90,4,11,7.35,0.6681818181818181
19,93,0,12,77.83,6.485833333333333
19,93,1,20,116.63,5.8315
19,93,2,19,54.55,2.871052631578947
19,93,3,11,25.93,2.3572727272727274
19,93,4,10,22.35,2.2350000000000003
19,94,0,8,18.04,2.255
19,94,1,11,24.69,2.2445454545454546
19,94,2,4,7.5,1.875
19,94,3,9,12.97,1.4411111111111112
19,94,4,8,7.55,0.94375
19,97,0,6,19.25,3.2083333333333335
19,97,1,17,29.85,1.7558823529411764
19,97,2,14,20.4,1.457142857142857
19,97,3,16,18.78,1.17375
19,97,4,20,5.82,0.29100000000000004
20,1,0,20,56.38,2.819
20,1,1,13,19.05,1.4653846153846155
20,1,2,3,4.22,1.4066666666666665
20,1,3,2,1.91,0.955
20,1,4,7,2.34,0.33428571428571424
20,8,0,16,43.57,2.723125
20,8,1,14,31.88,2.277142857142857
20,8,2,13,28.8,2.2153846153846155
20,8,3,12,19.31,1.6091666666666666
20,8,4,12,1.89,0.1575
20,16,0,4,9.02,2.255
20,16,1,13,22.51,1.7315384615384617
20,16,2,1,1.49,1.49
20,16,3,5,6.57,1.314
20,16,4,20,3.02,0.151
20,19,0,12,24.66,2.055
20,19,1,11,14.96,1.36
20,19,2,14,10.73,0.7664285714285715
20,19,3,3,1.78,0.5933333333333334
20,19,4,1,0.17,0.17
20,24,0,5,14.7,2.94
20,24,1,10,18.74,1.8739999999999999
20,24,2,7,10.66,1.522857142857143
20,24,3,13,10.93,0.8407692307692307
20,24,4,19,9.73,0.5121052631578947
20,29,0,20,80.47,4.0235
20,29,1,16,60.89,3.805625
20,29,2,4,15.07,3.7675
20,29,3,12,22.18,1.8483333333333334
20,29,4,14,4.25,0.30357142857142855
20,30,0,17,16.92,0.9952941176470589
20,30,1,19,18.71,0.9847368421052632
20,30,2,6,4.53,0.755
20,30,3,10,7.02,0.702
20,30,4,5,3.16,0.632
20,33,0,4,16.24,4.06
20,33,1,14,56.08,4.005714285714285
20,33,2,1,2.18,2.18
20,33,3,11,7.05,0.6409090909090909
20,33,4,3,1.89,0.63
20,47,0,13,53.65,4.1269230769230765
20,47,1,4,14.33,3.5825
20,47,2,11,31.14,2.830909090909091
20,47,3,19,20.99,1.104736842105263
20,47,4,11,11.06,1.0054545454545456
20,49,0,1,2.11,2.11
20,49,1,19,36.92,1.9431578947368422
20,49,2,2,3.05,1.525
20,49,3,17,21.45,1.261764705882353
20,49,4,6,3.67,0.6116666666666667
20,50,0,12,89.69,7.474166666666666
20,50,1,16,101.16,6.3225
20,50,2,18,57.52,3.195555555555556
20,50,3,19,47.19,2.4836842105263157
20,50,4,17,33.29,1.958235294117647
20,60,0,19,63.31,3.332105263157895
20,60,1,18,27.09,1.505
20,60,2,17,24.98,1.4694117647058824
20,60,3,17,15.45,0.9088235294117647
20,60,4,19,12.29,0.6468421052631579
20,66,0,4,13.05,3.2625
20,66,1,16,48.66,3.04125
20,66,2,2,5.08,2.54
20,66,3,10,22.36,2.2359999999999998
20,66,4,7,5.26,0.7514285714285714
20,69,0,4,14.65,3.6625
20,69,1,17,28.18,1.6576470588235295
20,69,2,8,12.87,1.60875
20,69,3,2,2.79,1.395
20,69,4,7,9.44,1.3485714285714285
20,70,0,11,27.58,2.5072727272727273
20,70,1,12,16.75,1.3958333333333333
20,70,2,6,6.35,1.0583333333333333
20,70,3,12,11.86,0.9883333333333333
20,70,4,2,1.8,0.9
20,74,0,12,31.61,2.6341666666666668
20,74,1,6,6.97,1.1616666666666666
20,74,2,7,7.42,1.06
20,74,3,7,7.28,1.04
20,74,4,15,13.02,0.868
20,75,0,6,13.31,2.2183333333333333
20,75,1,6,12.29,2.0483333333333333
20,75,2,18,25.66,1.4255555555555555
20,75,3,17,22.66,1.3329411764705883
20,75,4,15,19.08,1.2719999999999998
20,77,0,17,40.05,2.355882352941176
20,77,1,3,6.23,2.0766666666666667
20,77,2,15,19.99,1.3326666666666667
20,77,3,16,10.57,0.660625
20,77,4,19,10.38,0.5463157894736842
20,80,0,17,21.47,1.2629411764705882
20,80,1,20,12.9,0.645
20,80,2,12,6.6,0.5499999999999999
20,80,3,14,6.55,0.46785714285714286
20,80,4,6,1.15,0.19166666666666665
20,82,0,5,27.3,5.46
20,82,1,5,26.93,5.386
20,82,2,16,64.77,4.048125
20,82,3,5,18.86,3.772
20,82,4,4,9.43,2.3575
20,84,0,19,147.25,7.75
20,84,1,7,38.63,5.518571428571429
20,84,2,18,94.79,5.266111111111112
20,84,3,2,10.37,5.185
20,84,4,15,51.85,3.4566666666666666
20,85,0,10,85.87,8.587
20,85,1,14,109.28,7.805714285714286
20,85,2,14,89.69,6.406428571428571
20,85,3,10,51.87,5.186999999999999
20,85,4,12,49.57,4.130833333333333
20,87,0,13,34.43,2.6484615384615386
20,87,1,12,25.64,2.1366666666666667
20,87,2,7,14.84,2.12
20,87,3,11,22.99,2.09
20,87,4,8,9.46,1.1825
20,88,0,11,3.84,0.34909090909090906
20,88,1,14,3.04,0.21714285714285714
20,88,2,13,2.4,0.1846153846153846
20,88,3,16,1.25,0.078125
20,88,4,12,0.65,0.05416666666666667
20,89,0,13,85.59,6.583846153846154
20,89,1,2,9.38,4.69
20,89,2,18,75.41,4.189444444444444
20,89,3,7,10.51,1.5014285714285713
20,89,4,6,6.98,1.1633333333333333
20,90,0,8,22.69,2.83625
20,90,1,9,18.84,2.0933333333333333
20,90,2,17,17.52,1.0305882352941176
20,90,3,4,2.92,0.73
20,90,4,9,2.8,0.3111111111111111
20,93,0,12,83.35,6.945833333333333
20,93,1,17,116.29,6.840588235294118
20,93,2,4,14.34,3.585
20,93,3,6,12.71,2.1183333333333336
20,93,4,14,18.32,1.3085714285714285
20,94,0,11,29.28,2.661818181818182
20,94,1,4,10.26,2.565
20,94,2,9,21.11,2.3455555555555554
20,94,3,5,11.16,2.232
20,94,4,8,6.51,0.81375
20,97,0,8,44.68,5.585
20,97,1,11,60.84,5.530909090909091
20,97,2,11,52.1,4.736363636363636
20,97,3,16,27.1,1.69375
20,97,4,5,5.63,1.126
24,1,0,15,41.06,2.7373333333333334
24,1,1,17,35.93,2.1135294117647057
24,1,2,19,31.03,1.6331578947368421
24,1,3,14,14.57,1.0407142857142857
24,1,4,17,10.33,0.6076470588235294
24,8,0,5,5.75,1.15
24,8,1,18,11.88,0.66
24,8,2,1,0.53,0.53
24,8,3,2,0.89,0.445
24,8,4,13,5.34,0.4107692307692308
24,16,0,7,2.84,0.4057142857142857
24,16,1,18,4.97,0.2761111111111111
24,16,2,12,1.63,0.13583333333333333
24,16,3,6,0.71,0.11833333333333333
24,16,4,12,1.34,0.11166666666666668
24,19,0,20,18.17,0.9085000000000001
24,19,1,3,1.86,0.62
24,19,2,18,8.01,0.445
24,19,3,10,2.25,0.225
24,19,4,9,1.89,0.21
24,20,0,3,6.35,2.1166666666666667
24,20,1,15,28.12,1.8746666666666667
24,20,2,17,23.18,1.3635294117647059
24,20,3,5,2.16,0.43200000000000005
24,20,4,20,7.67,0.3835
24,29,0,6,29.34,4.89
24,29,1,20,63.8,3.19
24,29,2,2,4.98,2.49
24,29,3,14,19.59,1.3992857142857142
24,29,4,1,0.74,0.74
24,30,0,11,39.91,3.628181818181818
24,30,1,11,30.48,2.770909090909091
24,30,2,18,36.29,2.016111111111111
24,30,3,7,12.47,1.7814285714285716
24,30,4,12,7.12,0.5933333333333334
24,33,0,11,79.55,7.2318181818181815
24,33,1,15,52.4,3.493333333333333
24,33,2,1,2.74,2.74
24,33,3,8,11.28,1.41
24,33,4,13,12.64,0.9723076923076923
24,47,0,1,0.74,0.74
24,47,1,4,2.75,0.6875
24,47,2,20,6.69,0.3345
24,47,3,8,2.23,0.27875
24,47,4,4,0.31,0.0775
24,49,0,14,9.48,0.6771428571428572
24,49,1,7,3.94,0.5628571428571428
24,49,2,19,10.48,0.5515789473684211
24,49,3,20,8.45,0.4225
24,49,4,3,0.66,0.22
24,50,0,19,172.28,9.067368421052631
24,50,1,15,75.17,5.011333333333334
24,50,2,5,22.21,4.442
24,50,3,5,16.19,3.2380000000000004
24,50,4,4,12.05,3.0125
24,60,0,8,14.21,1.77625
24,60,1,12,15.47,1.2891666666666668
24,60,2,17,8.1,0.4764705882352941
24,60,3,10,3.72,0.372
24,60,4,16,3.99,0.249375
24,66,0,17,70.08,4.12235294117647
24,66,1,1,2.33,2.33
24,66,2,1,0.45,0.45
24,66,3,1,0.41,0.41
24,66,4,14,3.93,0.28071428571428575
24,69,0,10,17.33,1.7329999999999999
24,69,1,10,13.71,1.371
24,69,2,16,17.52,1.095
24,69,3,3,2.76,0.9199999999999999
24,69,4,10,7.12,0.712
24,70,0,17,34.04,2.0023529411764707
24,70,1,6,11.96,1.9933333333333334
24,70,2,7,4.95,0.7071428571428572
24,70,3,17,7.78,0.4576470588235294
24,70,4,2,0.79,0.395
24,74,0,16,56.04,3.5025
24,74,1,10,20.05,2.005
24,74,2,3,4.39,1.4633333333333332
24,74,3,6,2.7,0.45
24,74,4,17,2.94,0.17294117647058824
24,75,0,14,8.95,0.6392857142857142
24,75,1,11,6.39,0.5809090909090909
24,75,2,11,5.98,0.5436363636363637
24,75,3,13,5.58,0.42923076923076925
24,75,4,1,0.33,0.33
24,77,0,16,50.61,3.163125
24,77,1,9,23.62,2.6244444444444444
24,77,2,16,39.52,2.47
24,77,3,4,8.77,2.1925
24,77,4,9,7.05,0.7833333333333333
24,80,0,8,24.47,3.05875
24,80,1,16,37.42,2.33875
24,80,2,2,3.84,1.92
24,80,3,11,20.77,1.8881818181818182
24,80,4,8,10.05,1.25625
24,82,0,6,48.23,8.038333333333332
24,82,1,14,71.45,5.103571428571429
24,82,2,11,38.76,3.5236363636363635
24,82,3,15,37.47,2.4979999999999998
24,82,4,11,12.93,1.1754545454545455
24,84,0,7,56.37,8.052857142857142
24,84,1,2,8.1,4.05
24,84,2,13,52.55,4.042307692307692
24,84,3,13,40.73,3.133076923076923
24,84,4,8,14.34,1.7925
24,85,0,1,7.6,7.6
24,85,1,4,28.72,7.18
24,85,2,13,78.66,6.05076923076923
24,85,3,13,75.11,5.777692307692307
24,85,4,18,94.89,5.2716666666666665
24,87,0,4,14.57,3.6425
24,87,1,6,20.47,3.4116666666666666
24,87,2,2,4.91,2.455
24,87,3,7,15.18,2.1685714285714286
24,87,4,7,12.88,1.84
24,88,0,7,20.13,2.8757142857142854
24,88,1,17,46.54,2.7376470588235295
24,88,2,10,17.19,1.719
24,88,3,5,6.37,1.274
24,88,4,4,1.7,0.425
24,89,0,14,146.21,10.44357142857143
24,89,1,5,47.89,9.578
24,89,2,15,84.21,5.614
24,89,3,14,76.31,5.450714285714286
24,89,4,6,15.59,2.598333333333333
24,90,0,1,2.09,2.09
24,90,1,11,13.03,1.1845454545454546
24,90,2,4,4.27,1.0675
24,90,3,1,0.98,0.98
24,90,4,13,10.99,0.8453846153846154
24,93,0,8,60.7,7.5875
24,93,1,3,9.34,3.1133333333333333
24,93,2,13,30.82,2.370769230769231
24,93,3,11,24.76,2.250909090909091
24,93,4,3,6.19,2.0633333333333335
24,94,0,8,31.88,3.985
24,94,1,10,35.04,3.504
24,94,2,10,33.31,3.3310000000000004
24,94,3,18,18.31,1.0172222222222222
24,94,4,13,2.3,0.1769230769230769
24,97,0,7,16.0,2.2857142857142856
24,97,1,9,18.72,2.08
24,97,2,3,6.03,2.0100000000000002
24,97,3,5,4.66,0.932
24,97,4,12,7.11,0.5925
29,1,0,10,67.72,6.772
29,1,1,18,115.33,6.407222222222222
29,1,2,2,8.95,4.475
29,1,3,15,54.74,3.6493333333333333
29,1,4,13,31.09,2.3915384615384614
29,8,0,13,71.01,5.462307692307693
29,8,1,7,17.82,2.545714285714286
29,8,2,19,38.32,2.0168421052631578
29,8,3,17,29.7,1.7470588235294118
29,8,4,3,3.21,1.07
29,16,0,4,18.2,4.55
29,16,1,11,29.69,2.699090909090909
29,16,2,6,11.14,1.8566666666666667
29,16,3,2,2.18,1.09
29,16,4,4,1.86,0.465
29,19,0,15,84.46,5.6306666666666665
29,19,1,11,38.66,3.514545454545454
29,19,2,11,35.6,3.2363636363636363
29,19,3,1,2.86,2.86
29,19,4,3,7.29,2.43
29,20,0,12,46.46,3.8716666666666666
29,20,1,4,14.36,3.59
29,20,2,6,13.7,2.283333333333333
29,20,3,16,22.27,1.391875
29,20,4,17,17.73,1.0429411764705883
29,24,0,1,6.43,6.43
29,24,1,12,58.37,4.864166666666667
29,24,2,16,60.81,3.800625
29,24,3,11,37.73,3.4299999999999997
29,24,4,15,41.19,2.746
29,30,0,1,1.49,1.49
29,30,1,9,9.25,1.0277777777777777
29,30,2,10,6.58,0.658
29,30,3,6,3.76,0.6266666666666666
29,30,4,18,8.13,0.4516666666666667
29,33,0,2,5.46,2.73
29,33,1,1,2.72,2.72
29,33,2,8,18.91,2.36375
29,33,3,12,18.62,1.5516666666666667
29,33,4,6,2.37,0.395
29,47,0,4,26.15,6.5375
29,47,1,16,93.9,5.86875
29,47,2,18,98.74,5.485555555555555
29,47,3,15,75.53,5.035333333333333
29,47,4,17,58.75,3.4558823529411766
29,49,0,7,34.34,4.905714285714287
29,49,1,3,11.94,3.98
29,49,2,9,6.32,0.7022222222222223
29,49,3,7,3.59,0.5128571428571428
29,49,4,11,4.35,0.39545454545454545
29,50,0,17,46.79,2.7523529411764707
29,50,1,15,34.84,2.322666666666667
29,50,2,7,7.62,1.0885714285714285
29,50,3,20,20.43,1.0215
29,50,4,15,3.52,0.23466666666666666
29,60,0,1,4.88,4.88
29,60,1,11,44.03,4.002727272727273
29,60,2,18,66.95,3.7194444444444446
29,60,3,19,49.0,2.5789473684210527
29,60,4,1,1.4,1.4
29,66,0,10,21.63,2.163
29,66,1,12,14.02,1.1683333333333332
29,66,2,17,18.44,1.0847058823529412
29,66,3,16,6.84,0.4275
29,66,4,10,2.87,0.28700000000000003
29,69,0,6,20.03,3.3383333333333334
29,69,1,11,30.04,2.730909090909091
29,69,2,11,24.2,2.1999999999999997
29,69,3,18,36.86,2.0477777777777777
29,69,4,13,20.95,1.6115384615384616
29,70,0,13,75.81,5.831538461538462
29,70,1,20,75.18,3.7590000000000003
29,70,2,17,60.7,3.570588235294118
29,70,3,6,15.31,2.5516666666666667
29,70,4,3,5.12,1.7066666666666668
29,74,0,7,56.63,8.09
29,74,1,2,11.62,5.81
29,74,2,15,72.0,4.8
29,74,3,12,48.62,4.051666666666667
29,74,4,12,4.96,0.41333333333333333
29,75,0,7,43.22,6.174285714285714
29,75,1,16,90.99,5.686875
29,75,2,16,64.08,4.005
29,75,3,20,40.76,2.038
29,75,4,10,8.95,0.8949999999999999
29,77,0,18,116.82,6.489999999999999
29,77,1,3,17.54,5.846666666666667
29,77,2,9,46.55,5.172222222222222
29,77,3,15,44.88,2.992
29,77,4,6,10.02,1.67
29,80,0,6,22.01,3.6683333333333334
29,80,1,12,31.55,2.629166666666667
29,80,2,8,14.9,1.8625
29,80,3,19,11.42,0.6010526315789474
29,80,4,9,1.42,0.15777777777777777
29,82,0,2,3.49,1.745
29,82,1,11,16.59,1.508181818181818
29,82,2,17,22.16,1.3035294117647058
29,82,3,10,9.7,0.97
29,82,4,1,0.67,0.67
29,84,0,10,36.33,3.633
29,84,1,6,16.13,2.688333333333333
29,84,2,19,46.45,2.444736842105263
29,84,3,17,35.49,2.0876470588235296
29,84,4,8,3.42,0.4275
29,85,0,1,1.01,1.01
29,85,1,4,3.9,0.975
29,85,2,16,14.65,0.915625
29,85,3,18,9.57,0.5316666666666667
29,85,4,18,6.35,0.35277777777777775
29,87,0,17,43.97,2.586470588235294
29,87,1,12,28.57,2.3808333333333334
29,87,2,8,15.86,1.9825
29,87,3,18,18.63,1.035
29,87,4,2,0.41,0.205
29,88,0,12,51.13,4.260833333333333
29,88,1,12,35.13,2.9275
29,88,2,10,28.34,2.834
29,88,3,5,11.69,2.338
29,88,4,11,9.52,0.8654545454545454
29,89,0,13,45.84,3.5261538461538464
29,89,1,9,16.56,1.8399999999999999
29,89,2,12,7.9,0.6583333333333333
29,89,3,20,9.77,0.4885
29,89,4,13,5.17,0.3976923076923077
29,90,0,6,43.55,7.258333333333333
29,90,1,3,19.22,6.406666666666666
29,90,2,14,81.04,5.788571428571429
29,90,3,4,12.97,3.2425
29,90,4,2,6.33,3.165
29,93,0,2,5.96,2.98
29,93,1,1,2.92,2.92
29,93,2,12,33.26,2.7716666666666665
29,93,3,20,23.97,1.1985
29,93,4,12,8.14,0.6783333333333333
29,94,0,13,14.1,1.0846153846153845
29,94,1,12,10.42,0.8683333333333333
29,94,2,1,0.75,0.75
29,94,3,17,12.29,0.7229411764705882
29,94,4,6,4.27,0.7116666666666666
29,97,0,16,132.26,8.26625
29,97,1,15,112.33,7.488666666666666
29,97,2,17,86.43,5.084117647058824
29,97,3,6,25.6,4.266666666666667
29,97,4,7,10.15,1.45
30,1,0,13,55.75,4.288461538461538
30,1,1,13,51.05,3.9269230769230767
30,1,2,6,23.31,3.885
30,1,3,13,44.25,3.4038461538461537
30,1,4,13,8.53,0.6561538461538461
30,8,0,7,27.96,3.994285714285714
30,8,1,13,39.01,3.0007692307692304
30,8,2,19,33.51,1.7636842105263157
30,8,3,12,15.78,1.315
30,8,4,14,11.96,0.8542857142857143
30,16,0,10,47.19,4.718999999999999
30,16,1,11,46.84,4.258181818181819
30,16,2,7,24.85,3.5500000000000003
30,16,3,9,31.79,3.532222222222222
30,16,4,12,30.78,2.565
30,19,0,12,33.74,2.811666666666667
30,19,1,13,27.82,2.14
30,19,2,7,14.96,2.1371428571428575
30,19,3,7,12.19,1.7414285714285713
30,19,4,9,13.6,1.511111111111111
30,20,0,4,6.02,1.505
30,20,1,2,2.93,1.465
30,20,2,1,1.03,1.03
30,20,3,4,3.26,0.815
30,20,4,19,12.69,0.6678947368421052
30,24,0,6,21.04,3.5066666666666664
30,24,1,20,48.75,2.4375
30,24,2,10,14.64,1.464
30,24,3,17,12.23,0.7194117647058824
30,24,4,12,8.3,0.6916666666666668
30,29,0,16,37.49,2.343125
30,29,1,19,44.24,2.328421052631579
30,29,2,13,11.37,0.8746153846153846
30,29,3,8,4.7,0.5875
30,29,4,16,5.78,0.36125
30,33,0,14,60.73,4.337857142857143
30,33,1,19,63.35,3.3342105263157897
30,33,2,2,5.61,2.805
30,33,3,20,40.46,2.023
30,33,4,12,3.01,0.2508333333333333
30,47,0,14,58.56,4.182857142857143
30,47,1,12,39.74,3.311666666666667
30,47,2,3,7.42,2.473333333333333
30,47,3,19,41.09,2.1626315789473685
30,47,4,7,3.86,0.5514285714285714
30,49,0,3,8.5,2.8333333333333335
30,49,1,9,22.63,2.5144444444444445
30,49,2,19,34.75,1.8289473684210527
30,49,3,9,13.57,1.5077777777777779
30,49,4,4,3.86,0.965
30,50,0,2,12.07,6.035
30,50,1,11,58.19,5.29
30,50,2,7,27.23,3.89
30,50,3,8,29.0,3.625
30,50,4,19,4.81,0.2531578947368421
30,60,0,4,13.35,3.3375
30,60,1,6,13.36,2.2266666666666666
30,60,2,17,32.73,1.9252941176470586
30,60,3,4,3.75,0.9375
30,60,4,3,2.45,0.8166666666666668
30,66,0,14,26.18,1.8699999999999999
30,66,1,10,16.27,1.627
30,66,2,3,4.11,1.37
30,66,3,7,6.75,0.9642857142857143
30,66,4,4,0.8,0.2
30,69,0,16,35.12,2.195
30,69,1,7,6.37,0.91
30,69,2,5,3.72,0.744
30,69,3,6,3.13,0.5216666666666666
30,69,4,12,5.55,0.46249999999999997
30,70,0,2,8.69,4.345
30,70,1,12,51.91,4.325833333333333
30,70,2,8,25.76,3.22
30,70,3,8,24.92,3.115
30,70,4,9,18.85,2.0944444444444446
30,74,0,8,40.54,5.0675
30,74,1,6,29.07,4.845
30,74,2,4,17.89,4.4725
30,74,3,6,6.65,1.1083333333333334
30,74,4,20,7.45,0.3725
30,75,0,18,76.88,4.271111111111111
30,75,1,18,63.01,3.5005555555555556
30,75,2,11,34.82,3.1654545454545455
30,75,3,1,1.44,1.44
30,75,4,15,18.71,1.2473333333333334
30,77,0,13,52.1,4.007692307692308
30,77,1,20,74.0,3.7
30,77,2,8,22.27,2.78375
30,77,3,19,50.21,2.6426315789473684
30,77,4,15,16.52,1.1013333333333333
30,80,0,8,5.85,0.73125
30,80,1,5,3.18,0.636
30,80,2,17,6.56,0.38588235294117645
30,80,3,13,2.52,0.19384615384615383
30,80,4,14,1.19,0.08499999999999999
30,82,0,20,78.74,3.937
30,82,1,11,25.78,2.3436363636363637
30,82,2,6,7.66,1.2766666666666666
30,82,3,6,3.58,0.5966666666666667
30,82,4,16,5.24,0.3275
30,84,0,4,23.09,5.7725
30,84,1,12,52.15,4.345833333333333
30,84,2,12,29.42,2.4516666666666667
30,84,3,15,34.31,2.2873333333333337
30,84,4,2,0.85,0.425
30,85,0,20,153.09,7.6545000000000005
30,85,1,1,6.66,6.66
30,85,2,10,54.14,5.414
30,85,3,3,4.93,1.6433333333333333
30,85,4,4,2.05,0.5125
30,87,0,14,31.87,2.2764285714285717
30,87,1,18,21.33,1.1849999999999998
30,87,2,3,3.27,1.09
30,87,3,11,6.54,0.5945454545454546
30,87,4,13,3.59,0.27615384615384614
30,88,0,17,31.3,1.8411764705882354
30,88,1,19,11.85,0.6236842105263157
30,88,2,19,8.85,0.46578947368421053
30,88,3,13,4.68,0.36
30,88,4,9,2.04,0.22666666666666668
30,89,0,11,47.61,4.328181818181818
30,89,1,3,11.76,3.92
30,89,2,17,59.82,3.518823529411765
30,89,3,13,27.03,2.079230769230769
30,89,4,7,10.99,1.57
30,90,0,10,36.3,3.63
30,90,1,6,14.26,2.3766666666666665
30,90,2,19,35.88,1.888421052631579
30,90,3,5,4.23,0.8460000000000001
30,90,4,19,3.65,0.19210526315789472
30,93,0,13,56.49,4.345384615384615
30,93,1,14,49.12,3.5085714285714285
30,93,2,17,56.86,3.344705882352941
30,93,3,13,41.41,3.1853846153846153
30,93,4,15,34.41,2.2939999999999996
30,94,0,3,5.35,1.7833333333333332
30,94,1,11,18.87,1.7154545454545456
30,94,2,20,24.53,1.2265000000000001
30,94,3,13,15.78,1.2138461538461538
30,94,4,10,2.24,0.22400000000000003
30,97,0,19,88.02,4.632631578947368
30,97,1,9,41.48,4.608888888888888
30,97,2,8,24.4,3.05
30,97,3,16,20.09,1.255625
30,97,4,10,8.52,0.852
33,1,0,19,180.64,9.50736842105263
33,1,1,4,23.21,5.8025
33,1,2,15,47.29,3.1526666666666667
33,1,3,16,37.57,2.348125
33,1,4,10,10.7,1.0699999999999998
33,8,0,19,147.94,7.786315789473684
33,8,1,20,141.38,7.069
33,8,2,14,96.67,6.905
33,8,3,14,65.73,4.695
33,8,4,2,1.4,0.7
33,16,0,13,96.25,7.403846153846154
33,16,1,5,29.42,5.884
33,16,2,6,30.4,5.066666666666666
33,16,3,14,50.87,3.6335714285714285
33,16,4,8,12.96,1.62
33,19,0,12,67.97,5.664166666666667
33,19,1,4,17.13,4.2825
33,19,2,2,8.24,4.12
33,19,3,12,47.74,3.9783333333333335
33,19,4,10,24.13,2.413
33,20,0,2,10.97,5.485
33,20,1,11,51.93,4.720909090909091
33,20,2,7,17.51,2.501428571428572
33,20,3,19,36.28,1.9094736842105264
33,20,4,1,0.74,0.74
33,24,0,11,48.42,4.401818181818182
33,24,1,3,11.03,3.6766666666666663
33,24,2,1,2.43,2.43
33,24,3,18,22.68,1.26
33,24,4,13,4.53,0.3484615384615385
33,29,0,14,29.82,2.13
33,29,1,13,10.02,0.7707692307692308
33,29,2,4,3.08,0.77
33,29,3,1,0.77,0.77
33,29,4,4,1.17,0.2925
33,30,0,8,36.94,4.6175
33,30,1,8,15.81,1.97625
33,30,2,11,18.22,1.6563636363636363
33,30,3,11,7.86,0.7145454545454546
33,30,4,18,7.41,0.4116666666666667
33,47,0,11,72.85,6.622727272727272
33,47,1,11,68.09,6.19
33,47,2,6,20.46,3.41
33,47,3,12,35.03,2.919166666666667
33,47,4,11,16.5,1.5
33,49,0,10,42.06,4.206
33,49,1,5,16.14,3.228
33,49,2,4,11.09,2.7725
33,49,3,17,35.64,2.0964705882352943
33,49,4,12,20.27,1.6891666666666667
33,50,0,11,29.36,2.669090909090909
33,50,1,3,7.88,2.6266666666666665
33,50,2,19,15.04,0.791578947368421
33,50,3,7,4.21,0.6014285714285714
33,50,4,7,2.85,0.40714285714285714
33,60,0,11,47.37,4.306363636363636
33,60,1,19,55.64,2.928421052631579
33,60,2,6,13.69,2.2816666666666667
33,60,3,5,6.15,1.23
33,60,4,8,4.85,0.60625
33,66,0,9,23.64,2.626666666666667
33,66,1,2,2.24,1.12
33,66,2,10,10.22,1.022
33,66,3,12,12.13,1.0108333333333335
33,66,4,1,0.78,0.78
33,69,0,4,19.7,4.925
33,69,1,7,28.33,4.047142857142857
33,69,2,9,30.55,3.3944444444444444
33,69,3,19,50.2,2.642105263157895
33,69,4,16,23.43,1.464375
33,70,0,16,143.09,8.943125
33,70,1,12,89.85,7.4875
33,70,2,7,45.15,6.45
33,70,3,17,80.54,4.73764705882353
33,70,4,15,45.71,3.0473333333333334
33,74,0,2,17.14,8.57
33,74,1,6,22.38,3.73
33,74,2,8,27.11,3.38875
33,74,3,5,4.51,0.9019999999999999
33,74,4,9,3.93,0.4366666666666667
33,75,0,15,83.17,5.544666666666667
33,75,1,12,58.96,4.913333333333333
33,75,2,5,13.76,2.752
33,75,3,17,33.84,1.9905882352941178
33,75,4,9,15.32,1.7022222222222223
33,77,0,14,110.48,7.8914285714285715
33,77,1,10,77.06,7.706
33,77,2,8,60.18,7.5225
33,77,3,3,20.96,6.986666666666667
33,77,4,19,26.45,1.3921052631578947
33,80,0,19,96.83,5.096315789473684
33,80,1,4,17.41,4.3525
33,80,2,11,17.48,1.589090909090909
33,80,3,15,22.12,1.4746666666666668
33,80,4,17,4.89,0.28764705882352937
33,82,0,3,9.4,3.1333333333333333
33,82,1,3,8.29,2.763333333333333
33,82,2,5,12.7,2.54
33,82,3,4,9.38,2.345
33,82,4,10,14.67,1.467
33,84,0,6,16.33,2.7216666666666662
33,84,1,11,22.3,2.0272727272727273
33,84,2,2,2.65,1.325
33,84,3,1,1.28,1.28
33,84,4,15,12.91,0.8606666666666667
33,85,0,10,33.53,3.353
33,85,1,17,48.59,2.858235294117647
33,85,2,3,3.09,1.03
33,85,3,9,8.57,0.9522222222222223
33,85,4,12,3.42,0.285
33,87,0,17,48.55,2.855882352941176
33,87,1,7,16.08,2.2971428571428567
33,87,2,3,4.86,1.62
33,87,3,15,23.93,1.5953333333333333
33,87,4,8,3.79,0.47375
33,88,0,18,88.93,4.940555555555556
33,88,1,17,72.18,4.245882352941177
33,88,2,20,79.33,3.9665
33,88,3,7,27.41,3.915714285714286
33,88,4,17,41.27,2.4276470588235295
33,89,0,1,4.68,4.68
33,89,1,20,80.87,4.0435
33,89,2,20,61.06,3.053
33,89,3,16,47.99,2.999375
33,89,4,11,13.67,1.2427272727272727
33,90,0,12,91.0,7.583333333333333
33,90,1,11,76.92,6.992727272727273
33,90,2,9,37.75,4.194444444444445
33,90,3,15,46.59,3.1060000000000003
33,90,4,20,24.43,1.2215
33,93,0,15,16.81,1.1206666666666665
33,93,1,5,5.19,1.038
33,93,2,19,14.5,0.7631578947368421
33,93,3,15,10.27,0.6846666666666666
33,93,4,17,3.0,0.17647058823529413
33,94,0,9,27.63,3.07
33,94,1,8,13.39,1.67375
33,94,2,2,2.58,1.29
33,94,3,17,17.66,1.0388235294117647
33,94,4,11,6.96,0.6327272727272727
33,97,0,13,74.96,5.766153846153846
33,97,1,10,54.76,5.476
33,97,2,16,79.7,4.98125
33,97,3,18,58.11,3.2283333333333335
33,97,4,1,0.5,0.5
47,1,0,15,51.69,3.4459999999999997
47,1,1,17,36.25,2.1323529411764706
47,1,2,13,18.67,1.4361538461538463
47,1,3,4,4.13,1.0325
47,1,4,19,8.17,0.43
47,8,0,7,23.26,3.322857142857143
47,8,1,17,30.59,1.7994117647058823
47,8,2,11,13.75,1.25
47,8,3,13,12.48,0.9600000000000001
47,8,4,8,4.95,0.61875
47,16,0,10,8.16,0.8160000000000001
47,16,1,11,7.68,0.6981818181818181
47,16,2,11,6.51,0.5918181818181818
47,16,3,1,0.51,0.51
47,16,4,20,9.22,0.461
47,19,0,14,25.02,1.7871428571428571
47,19,1,5,8.66,1.732
47,19,2,5,5.67,1.134
47,19,3,4,2.82,0.705
47,19,4,4,1.58,0.395
47,20,0,19,79.98,4.2094736842105265
47,20,1,7,20.53,2.932857142857143
47,20,2,15,43.0,2.8666666666666667
47,20,3,16,22.85,1.428125
47,20,4,18,17.11,0.9505555555555555
47,24,0,12,10.24,0.8533333333333334
47,24,1,18,14.39,0.7994444444444445
47,24,2,12,9.53,0.7941666666666666
47,24,3,11,8.13,0.7390909090909091
47,24,4,7,3.41,0.48714285714285716
47,29,0,15,96.95,6.463333333333334
47,29,1,9,48.86,5.428888888888888
47,29,2,14,62.93,4.495
47,29,3,12,14.2,1.1833333333333333
47,29,4,15,14.66,0.9773333333333334
47,30,0,20,55.4,2.77
47,30,1,15,36.2,2.4133333333333336
47,30,2,1,2.3,2.3
47,30,3,15,29.39,1.9593333333333334
47,30,4,12,19.61,1.6341666666666665
47,33,0,2,12.53,6.265
47,33,1,15,66.45,4.430000000000001
47,33,2,12,41.63,3.4691666666666667
47,33,3,9,12.72,1.4133333333333333
47,33,4,4,2.58,0.645
47,49,0,1,1.71,1.71
47,49,1,19,15.09,0.7942105263157895
47,49,2,7,4.68,0.6685714285714285
47,49,3,15,9.85,0.6566666666666666
47,49,4,11,0.96,0.08727272727272727
47,50,0,16,148.89,9.305625
47,50,1,8,67.65,8.45625
47,50,2,13,107.46,8.266153846153845
47,50,3,20,159.69,7.9845
47,50,4,7,45.02,6.4314285714285715
47,60,0,17,31.27,1.8394117647058823
47,60,1,3,5.51,1.8366666666666667
47,60,2,9,13.19,1.4655555555555555
47,60,3,15,9.62,0.6413333333333333
47,60,4,7,2.27,0.3242857142857143
47,66,0,16,71.14,4.44625
47,66,1,14,46.09,3.2921428571428573
47,66,2,5,13.04,2.6079999999999997
47,66,3,2,5.01,2.505
47,66,4,15,23.64,1.576
47,69,0,5,6.92,1.384
47,69,1,2,2.74,1.37
47,69,2,1,1.26,1.26
47,69,3,8,9.98,1.2475
47,69,4,9,1.66,0.18444444444444444
47,70,0,16,46.3,2.89375
47,70,1,1,2.33,2.33
47,70,2,19,27.29,1.4363157894736842
47,70,3,14,18.82,1.3442857142857143
47,70,4,20,25.46,1.2730000000000001
47,74,0,17,59.19,3.4817647058823527
47,74,1,8,26.76,3.345
47,74,2,3,7.18,2.393333333333333
47,74,3,18,33.34,1.8522222222222224
47,74,4,18,9.88,0.548888888888889
47,75,0,3,5.06,1.6866666666666665
47,75,1,18,23.92,1.328888888888889
47,75,2,11,9.67,0.879090909090909
47,75,3,11,8.12,0.7381818181818182
47,75,4,1,0.69,0.69
47,77,0,9,25.41,2.8233333333333333
47,77,1,5,11.97,2.394
47,77,2,17,36.67,2.157058823529412
47,77,3,5,7.45,1.49
47,77,4,19,23.78,1.2515789473684211
47,80,0,1,3.6,3.6
47,80,1,19,47.2,2.4842105263157896
47,80,2,7,14.57,2.0814285714285714
47,80,3,7,8.8,1.2571428571428573
47,80,4,19,8.8,0.46315789473684216
47,82,0,17,136.42,8.02470588235294
47,82,1,18,103.22,5.734444444444445
47,82,2,7,36.92,5.274285714285715
47,82,3,18,87.32,4.851111111111111
47,82,4,20,17.11,0.8554999999999999
47,84,0,16,143.43,8.964375
47,84,1,8,62.27,7.78375
47,84,2,19,84.44,4.444210526315789
47,84,3,14,58.66,4.1899999999999995
47,84,4,20,78.82,3.941
47,85,0,2,18.72,9.36
47,85,1,7,63.83,9.118571428571428
47,85,2,12,104.78,8.731666666666667
47,85,3,7,34.11,4.872857142857143
47,85,4,11,45.17,4.106363636363636
47,87,0,14,34.75,2.482142857142857
47,87,1,7,13.94,1.9914285714285713
47,87,2,12,16.49,1.3741666666666665
47,87,3,19,24.34,1.2810526315789474
47,87,4,15,12.22,0.8146666666666668
47,88,0,20,74.97,3.7485
47,88,1,9,28.11,3.123333333333333
47,88,2,20,35.12,1.7559999999999998
47,88,3,18,30.92,1.7177777777777778
47,88,4,6,9.85,1.6416666666666666
47,89,0,9,78.39,8.71
47,89,1,18,113.64,6.3133333333333335
47,89,2,12,68.53,5.710833333333333
47,89,3,4,6.04,1.51
47,89,4,1,1.23,1.23
47,90,0,19,78.62,4.137894736842106
47,90,1,17,66.26,3.8976470588235297
47,90,2,9,34.14,3.7933333333333334
47,90,3,16,60.28,3.7675
47,90,4,19,44.29,2.3310526315789475
47,93,0,16,132.46,8.27875
47,93,1,10,63.03,6.303
47,93,2,14,47.44,3.3885714285714283
47,93,3,7,16.38,2.34
47,93,4,19,10.02,0.5273684210526316
47,94,0,7,28.97,4.138571428571429
47,94,1,10,32.99,3.2990000000000004
47,94,2,15,48.77,3.2513333333333336
47,94,3,5,7.82,1.564
47,94,4,9,1.66,0.18444444444444444
47,97,0,14,18.79,1.342142857142857
47,97,1,3,3.46,1.1533333333333333
47,97,2,13,14.53,1.1176923076923075
47,97,3,11,3.86,0.3509090909090909
47,97,4,20,5.87,0.2935
49,1,0,20,59.81,2.9905
49,1,1,8,20.72,2.59
49,1,2,19,38.76,2.04
49,1,3,20,26.12,1.306
49,1,4,2,2.09,1.045
49,8,0,20,43.4,2.17
49,8,1,4,7.42,1.855
49,8,2,16,11.09,0.693125
49,8,3,11,6.23,0.5663636363636364
49,8,4,4,1.04,0.26
49,16,0,3,3.85,1.2833333333333334
49,16,1,18,16.79,0.9327777777777777
49,16,2,2,0.58,0.29
49,16,3,13,2.15,0.16538461538461538
49,16,4,4,0.42,0.105
49,19,0,15,5.52,0.368
49,19,1,15,4.48,0.2986666666666667
49,19,2,12,3.54,0.295
49,19,3,16,1.78,0.11125
49,19,4,15,0.43,0.028666666666666667
49,20,0,12,27.74,2.3116666666666665
49,20,1,4,8.0,2.0
49,20,2,9,17.13,1.9033333333333333
49,20,3,15,20.47,1.3646666666666667
49,20,4,13,2.7,0.2076923076923077
49,24,0,9,9.03,1.0033333333333332
49,24,1,12,11.93,0.9941666666666666
49,24,2,5,3.67,0.734
49,24,3,1,0.31,0.31
49,24,4,7,1.55,0.22142857142857145
49,29,0,8,46.13,5.76625
49,29,1,6,33.72,5.62
49,29,2,19,71.62,3.7694736842105265
49,29,3,10,36.95,3.6950000000000003
49,29,4,9,8.42,0.9355555555555556
49,30,0,10,16.63,1.6629999999999998
49,30,1,7,6.62,0.9457142857142857
49,30,2,18,13.78,0.7655555555555555
49,30,3,17,3.36,0.1976470588235294
49,30,4,17,3.34,0.19647058823529412
49,33,0,11,71.38,6.489090909090908
49,33,1,3,9.36,3.1199999999999997
49,33,2,13,27.71,2.1315384615384616
49,33,3,17,27.88,1.64
49,33,4,12,12.03,1.0025
49,47,0,7,13.33,1.9042857142857144
49,47,1,17,20.85,1.2264705882352942
49,47,2,3,3.16,1.0533333333333335
49,47,3,4,1.95,0.4875
49,47,4,8,1.9,0.2375
49,50,0,8,69.13,8.64125
49,50,1,10,83.77,8.376999999999999
49,50,2,6,47.8,7.966666666666666
49,50,3,3,5.54,1.8466666666666667
49,50,4,19,33.42,1.7589473684210528
49,60,0,2,4.24,2.12
49,60,1,7,13.57,1.9385714285714286
49,60,2,15,12.7,0.8466666666666666
49,60,3,20,16.25,0.8125
49,60,4,15,11.69,0.7793333333333333
49,66,0,1,1.62,1.62
49,66,1,1,1.44,1.44
49,66,2,20,25.39,1.2695
49,66,3,3,2.39,0.7966666666666667
49,66,4,17,4.91,0.2888235294117647
49,69,0,8,9.94,1.2425
49,69,1,4,1.72,0.43
49,69,2,5,1.72,0.344
49,69,3,13,3.7,0.2846153846153846
49,69,4,9,2.17,0.2411111111111111
49,70,0,20,42.01,2.1005
49,70,1,15,25.71,1.714
49,70,2,19,17.4,0.9157894736842105
49,70,3,2,1.72,0.86
49,70,4,8,6.72,0.84
49,74,0,7,17.14,2.448571428571429
49,74,1,15,28.7,1.9133333333333333
49,74,2,6,10.68,1.78
49,74,3,6,8.11,1.3516666666666666
49,74,4,18,15.03,0.835
49,75,0,16,21.81,1.363125
49,75,1,6,7.56,1.26
49,75,2,4,3.06,0.765
49,75,3,17,11.74,0.6905882352941176
49,75,4,8,3.04,0.38
49,77,0,9,9.73,1.0811111111111111
49,77,1,10,8.03,0.8029999999999999
49,77,2,6,4.72,0.7866666666666666
49,77,3,10,6.98,0.6980000000000001
49,77,4,7,1.68,0.24
49,80,0,18,29.97,1.665
49,80,1,17,26.38,1.551764705882353
49,80,2,11,16.56,1.5054545454545454
49,80,3,15,12.86,0.8573333333333333
49,80,4,14,11.35,0.8107142857142857
49,82,0,15,113.09,7.539333333333333
49,82,1,7,20.91,2.987142857142857
49,82,2,5,14.64,2.928
49,82,3,4,4.59,1.1475
49,82,4,10,8.11,0.8109999999999999
49,84,0,7,48.88,6.982857142857143
49,84,1,20,69.27,3.4635
49,84,2,9,28.67,3.1855555555555557
49,84,3,19,43.59,2.2942105263157897
49,84,4,7,11.69,1.67
49,85,0,1,10.3,10.3
49,85,1,6,48.18,8.03
49,85,2,12,66.91,5.575833333333333
49,85,3,10,38.23,3.8229999999999995
49,85,4,5,4.49,0.898
49,87,0,12,32.92,2.7433333333333336
49,87,1,19,39.27,2.066842105263158
49,87,2,8,15.83,1.97875
49,87,3,16,18.57,1.160625
49,87,4,9,4.38,0.48666666666666664
49,88,0,11,21.28,1.9345454545454546
49,88,1,13,18.73,1.4407692307692308
49,88,2,14,13.82,0.9871428571428572
49,88,3,10,8.74,0.874
49,88,4,2,1.71,0.855
49,89,0,15,106.24,7.082666666666666
49,89,1,10,24.0,2.4
49,89,2,3,5.83,1.9433333333333334
49,89,3,3,5.76,1.92
49,89,4,18,15.45,0.8583333333333333
49,90,0,20,63.47,3.1734999999999998
49,90,1,10,29.98,2.998
49,90,2,12,31.84,2.6533333333333333
49,90,3,10,25.26,2.5260000000000002
49,90,4,12,4.03,0.3358333333333334
49,93,0,14,90.1,6.435714285714285
49,93,1,11,62.55,5.6863636363636365
49,93,2,2,7.68,3.84
49,93,3,6,21.06,3.51
49,93,4,19,45.72,2.406315789473684
49,94,0,4,11.73,2.9325
49,94,1,13,35.92,2.763076923076923
49,94,2,2,5.04,2.52
49,94,3,6,12.32,2.0533333333333332
49,94,4,19,30.57,1.6089473684210527
49,97,0,8,25.82,3.2275
49,97,1,4,7.45,1.8625
49,97,2,13,19.1,1.4692307692307693
49,97,3,10,5.14,0.514
49,97,4,11,4.28,0.3890909090909091
50,1,0,9,89.35,9.927777777777777
50,1,1,20,140.61,7.030500000000001
50,1,2,16,101.38,6.33625
50,1,3,16,98.61,6.163125
50,1,4,17,42.94,2.5258823529411765
50,8,0,3,29.54,9.846666666666666
50,8,1,2,18.15,9.075
50,8,2,19,167.78,8.830526315789474
50,8,3,14,81.89,5.849285714285714
50,8,4,18,47.42,2.6344444444444446
50,16,0,11,76.45,6.95
50,16,1,16,84.79,5.299375
50,16,2,10,28.95,2.895
50,16,3,10,17.46,1.746
50,16,4,8,13.64,1.705
50,19,0,14,82.72,5.908571428571428
50,19,1,2,9.48,4.74
50,19,2,19,77.06,4.055789473684211
50,19,3,4,16.04,4.01
50,19,4,5,15.91,3.182
50,20,0,7,30.66,4.38
50,20,1,8,16.07,2.00875
50,20,2,1,1.5,1.5
50,20,3,15,15.25,1.0166666666666666
50,20,4,3,0.96,0.32
50,24,0,10,84.55,8.455
50,24,1,19,105.81,5.568947368421052
50,24,2,13,39.09,3.0069230769230773
50,24,3,5,13.23,2.646
50,24,4,17,38.42,2.2600000000000002
50,29,0,2,5.89,2.945
50,29,1,8,19.34,2.4175
50,29,2,8,13.88,1.735
50,29,3,3,4.77,1.5899999999999999
50,29,4,4,5.37,1.3425
50,30,0,18,89.55,4.975
50,30,1,2,9.84,4.92
50,30,2,5,23.5,4.7
50,30,3,1,3.55,3.55
50,30,4,10,27.77,2.777
50,33,0,4,11.41,2.8525
50,33,1,16,41.45,2.590625
50,33,2,9,21.4,2.3777777777777778
50,33,3,1,1.84,1.84
50,33,4,8,9.3,1.1625
50,47,0,15,134.13,8.942
50,47,1,6,41.53,6.921666666666667
50,47,2,13,87.55,6.734615384615385
50,47,3,8,53.07,6.63375
50,47,4,20,29.46,1.473
50,49,0,10,86.09,8.609
50,49,1,3,12.86,4.286666666666666
50,49,2,16,54.83,3.426875
50,49,3,9,23.16,2.5733333333333333
50,49,4,2,3.82,1.91
50,60,0,18,120.35,6.686111111111111
50,60,1,11,70.85,6.4409090909090905
50,60,2,15,69.72,4.648
50,60,3,14,55.08,3.934285714285714
50,60,4,19,71.8,3.7789473684210524
50,66,0,20,93.3,4.665
50,66,1,19,80.04,4.212631578947369
50,66,2,12,37.01,3.0841666666666665
50,66,3,14,15.59,1.1135714285714287
50,66,4,10,5.39,0.5389999999999999
50,69,0,16,124.69,7.793125
50,69,1,9,43.4,4.822222222222222
50,69,2,15,66.01,4.400666666666667
50,69,3,16,59.89,3.743125
50,69,4,1,0.83,0.83
50,70,0,12,74.76,6.23
50,70,1,1,6.06,6.06
50,70,2,20,88.74,4.436999999999999
50,70,3,4,11.3,2.825
50,70,4,6,14.89,2.481666666666667
50,74,0,18,193.99,10.777222222222223
50,74,1,17,177.8,10.458823529411765
50,74,2,1,10.15,10.15
50,74,3,8,64.46,8.0575
50,74,4,10,71.27,7.127
50,75,0,1,9.59,9.59
50,75,1,19,163.96,8.629473684210527
50,75,2,11,58.96,5.36
50,75,3,17,47.87,2.8158823529411765
50,75,4,8,15.9,1.9875
50,77,0,17,126.23,7.425294117647059
50,77,1,17,125.14,7.361176470588235
50,77,2,8,36.14,4.5175
50,77,3,5,14.69,2.9379999999999997
50,77,4,3,4.74,1.58
50,80,0,8,53.96,6.745
50,80,1,5,17.23,3.446
50,80,2,11,31.68,2.88
50,80,3,1,1.43,1.43
50,80,4,15,15.65,1.0433333333333334
50,82,0,3,4.06,1.3533333333333333
50,82,1,4,4.13,1.0325
50,82,2,4,3.86,0.965
50,82,3,16,3.66,0.22875
50,82,4,16,2.34,0.14625
50,84,0,6,6.6,1.0999999999999999
50,84,1,13,14.2,1.0923076923076922
50,84,2,12,11.76,0.98
50,84,3,6,0.89,0.14833333333333334
50,84,4,14,1.27,0.09071428571428572
50,85,0,3,4.58,1.5266666666666666
50,85,1,12,15.62,1.3016666666666665
50,85,2,12,11.33,0.9441666666666667
50,85,3,11,8.3,0.7545454545454546
50,85,4,12,6.11,0.5091666666666667
50,87,0,12,66.23,5.519166666666667
50,87,1,3,8.97,2.99
50,87,2,15,43.55,2.9033333333333333
50,87,3,6,16.7,2.783333333333333
50,87,4,13,14.46,1.1123076923076924
50,88,0,9,63.79,7.087777777777777
50,88,1,10,62.92,6.292
50,88,2,15,38.92,2.594666666666667
50,88,3,10,23.6,2.3600000000000003
50,88,4,11,10.73,0.9754545454545455
50,89,0,1,3.21,3.21
50,89,1,8,16.77,2.09625
50,89,2,7,13.26,1.8942857142857144
50,89,3,4,7.17,1.7925
50,89,4,7,12.26,1.7514285714285713
50,90,0,19,183.12,9.637894736842105
50,90,1,9,85.24,9.47111111111111
50,90,2,4,27.76,6.94
50,90,3,1,3.66,3.66
50,90,4,15,46.53,3.102
50,93,0,10,16.31,1.6309999999999998
50,93,1,10,16.24,1.6239999999999999
50,93,2,5,3.59,0.718
50,93,3,6,2.34,0.38999999999999996
50,93,4,17,4.79,0.2817647058823529
50,94,0,2,5.95,2.975
50,94,1,19,41.03,2.159473684210526
50,94,2,3,5.77,1.9233333333333331
50,94,3,4,1.82,0.455
50,94,4,7,2.55,0.36428571428571427
50,97,0,6,55.12,9.186666666666666
50,97,1,7,54.54,7.791428571428571
50,97,2,9,47.71,5.301111111111111
50,97,3,16,80.96,5.06
50,97,4,2,7.51,3.755
60,1,0,9,42.99,4.776666666666667
60,1,1,16,64.16,4.01
60,1,2,15,57.63,3.842
60,1,3,3,10.1,3.3666666666666667
60,1,4,7,7.34,1.0485714285714285
60,8,0,5,17.46,3.492
60,8,1,15,40.35,2.69
60,8,2,18,45.38,2.5211111111111113
60,8,3,15,31.81,2.1206666666666667
60,8,4,15,25.99,1.7326666666666666
60,16,0,12,29.45,2.4541666666666666
60,16,1,8,7.93,0.99125
60,16,2,12,9.13,0.7608333333333334
60,16,3,7,4.28,0.6114285714285714
60,16,4,16,1.83,0.114375
60,19,0,10,17.09,1.709
60,19,1,8,13.49,1.68625
60,19,2,17,24.45,1.438235294117647
60,19,3,12,11.09,0.9241666666666667
60,19,4,1,0.22,0.22
60,20,0,13,37.82,2.9092307692307693
60,20,1,12,28.53,2.3775
60,20,2,6,12.34,2.0566666666666666
60,20,3,10,12.11,1.2109999999999999
60,20,4,20,23.58,1.1789999999999998
60,24,0,1,2.17,2.17
60,24,1,16,18.36,1.1475
60,24,2,8,8.58,1.0725
60,24,3,3,2.98,0.9933333333333333
60,24,4,20,14.83,0.7415
60,29,0,14,45.29,3.235
60,29,1,18,51.7,2.8722222222222222
60,29,2,2,2.51,1.255
60,29,3,20,22.96,1.1480000000000001
60,29,4,15,15.53,1.0353333333333332
60,30,0,14,51.98,3.7128571428571426
60,30,1,8,29.32,3.665
60,30,2,12,38.45,3.204166666666667
60,30,3,19,46.77,2.4615789473684213
60,30,4,18,25.64,1.4244444444444444
60,33,0,13,54.31,4.177692307692308
60,33,1,1,3.97,3.97
60,33,2,7,20.59,2.9414285714285713
60,33,3,9,20.94,2.3266666666666667
60,33,4,4,1.01,0.2525
60,47,0,14,23.08,1.6485714285714284
60,47,1,7,8.66,1.237142857142857
60,47,2,2,2.09,1.045
60,47,3,6,5.35,0.8916666666666666
60,47,4,8,3.11,0.38875
60,49,0,8,15.83,1.97875
60,49,1,19,21.3,1.1210526315789473
60,49,2,18,13.37,0.7427777777777778
60,49,3,9,5.34,0.5933333333333333
60,49,4,3,0.27,0.09000000000000001
60,50,0,1,6.97,6.97
60,50,1,2,7.17,3.585
60,50,2,7,14.74,2.105714285714286
60,50,3,14,10.52,0.7514285714285714
60,50,4,8,4.79,0.59875
60,66,0,5,12.89,2.5780000000000003
60,66,1,16,29.22,1.82625
60,66,2,3,5.45,1.8166666666666667
60,66,3,9,4.49,0.49888888888888894
60,66,4,16,3.52,0.22
60,69,0,19,4.96,0.26105263157894737
60,69,1,4,0.9,0.225
60,69,2,3,0.6,0.19999999999999998
60,69,3,4,0.44,0.11
60,69,4,1,0.11,0.11
60,70,0,16,62.22,3.88875
60,70,1,14,24.25,1.7321428571428572
60,70,2,11,18.74,1.7036363636363634
60,70,3,10,16.04,1.6039999999999999
60,70,4,5,5.88,1.176
60,74,0,8,45.98,5.7475
60,74,1,2,8.62,4.31
60,74,2,3,12.49,4.163333333333333
60,74,3,5,12.96,2.592
60,74,4,7,16.65,2.3785714285714286
60,75,0,8,25.76,3.22
60,75,1,9,20.89,2.321111111111111
60,75,2,4,7.8,1.95
60,75,3,6,7.53,1.2550000000000001
60,75,4,6,4.72,0.7866666666666666
60,77,0,10,51.09,5.109
60,77,1,13,61.49,4.73
60,77,2,12,51.79,4.315833333333333
60,77,3,4,8.43,2.1075
60,77,4,15,21.92,1.4613333333333334
60,80,0,3,8.2,2.733333333333333
60,80,1,4,10.07,2.5175
60,80,2,20,29.96,1.498
60,80,3,5,6.49,1.298
60,80,4,13,13.26,1.02
60,82,0,16,119.69,7.480625
60,82,1,7,43.5,6.214285714285714
60,82,2,19,96.63,5.08578947368421
60,82,3,1,1.58,1.58
60,82,4,3,1.96,0.6533333333333333
60,84,0,10,71.15,7.115
60,84,1,3,20.97,6.989999999999999
60,84,2,14,69.93,4.995
60,84,3,10,45.09,4.509
60,84,4,3,11.47,3.8233333333333337
60,85,0,15,90.8,6.053333333333333
60,85,1,16,89.85,5.615625
60,85,2,2,2.62,1.31
60,85,3,18,14.64,0.8133333333333334
60,85,4,6,3.82,0.6366666666666666
60,87,0,12,18.0,1.5
60,87,1,14,9.33,0.6664285714285715
60,87,2,6,3.78,0.63
60,87,3,11,6.21,0.5645454545454546
60,87,4,14,5.13,0.36642857142857144
60,88,0,19,70.78,3.725263157894737
60,88,1,7,18.56,2.6514285714285712
60,88,2,4,8.14,2.035
60,88,3,1,1.45,1.45
60,88,4,5,6.96,1.392
60,89,0,4,31.28,7.82
60,89,1,5,35.01,7.002
60,89,2,10,50.65,5.0649999999999995
60,89,3,14,35.7,2.5500000000000003
60,89,4,6,7.66,1.2766666666666666
60,90,0,2,9.14,4.57
60,90,1,4,10.47,2.6175
60,90,2,3,5.77,1.9233333333333331
60,90,3,2,1.93,0.965
60,90,4,3,0.66,0.22
60,93,0,7,46.29,6.612857142857143
60,93,1,14,52.57,3.755
60,93,2,12,32.32,2.6933333333333334
60,93,3,10,11.26,1.126
60,93,4,4,2.12,0.53
60,94,0,1,2.66,2.66
60,94,1,1,2.48,2.48
60,94,2,14,13.07,0.9335714285714286
60,94,3,11,6.73,0.6118181818181818
60,94,4,5,1.49,0.298
60,97,0,11,26.15,2.377272727272727
60,97,1,9,16.02,1.78
60,97,2,8,7.97,0.99625
60,97,3,9,5.43,0.6033333333333333
60,97,4,19,8.45,0.4447368421052631
66,1,0,13,63.91,4.916153846153846
66,1,1,10,29.04,2.904
66,1,2,16,46.37,2.898125
66,1,3,18,14.17,0.7872222222222223
66,1,4,17,11.72,0.6894117647058824
66,8,0,13,70.55,5.426923076923076
66,8,1,5,14.6,2.92
66,8,2,10,23.54,2.354
66,8,3,2,3.8,1.9
66,8,4,12,21.57,1.7975
66,16,0,1,3.92,3.92
66,16,1,9,30.38,3.3755555555555556
66,16,2,17,50.54,2.972941176470588
66,16,3,9,12.8,1.4222222222222223
66,16,4,14,8.08,0.5771428571428572
66,19,0,18,60.63,3.3683333333333336
66,19,1,13,36.64,2.8184615384615386
66,19,2,17,36.91,2.171176470588235
66,19,3,10,8.09,0.8089999999999999
66,19,4,9,1.56,0.17333333333333334
66,20,0,15,40.64,2.7093333333333334
66,20,1,20,43.57,2.1785
66,20,2,14,22.99,1.6421428571428571
66,20,3,12,17.9,1.4916666666666665
66,20,4,13,13.75,1.0576923076923077
66,24,0,18,71.52,3.973333333333333
66,24,1,8,30.77,3.84625
66,24,2,15,46.71,3.114
66,24,3,14,16.89,1.2064285714285714
66,24,4,13,13.29,1.0223076923076921
66,29,0,13,19.24,1.48
66,29,1,5,6.44,1.288
66,29,2,3,3.84,1.28
66,29,3,17,13.16,0.7741176470588236
66,29,4,17,11.0,0.6470588235294118
66,30,0,5,11.62,2.324
66,30,1,20,43.78,2.189
66,30,2,14,10.04,0.7171428571428571
66,30,3,11,4.98,0.45272727272727276
66,30,4,5,0.72,0.144
66,33,0,10,25.7,2.57
66,33,1,9,17.09,1.8988888888888888
66,33,2,7,8.16,1.1657142857142857
66,33,3,8,7.83,0.97875
66,33,4,16,12.01,0.750625
66,47,0,3,14.75,4.916666666666667
66,47,1,11,53.26,4.841818181818182
66,47,2,5,20.76,4.152
66,47,3,16,40.2,2.5125
66,47,4,13,26.65,2.05
66,49,0,16,40.51,2.531875
66,49,1,7,16.3,2.3285714285714287
66,49,2,12,16.39,1.3658333333333335
66,49,3,12,11.59,0.9658333333333333
66,49,4,8,5.55,0.69375
66,50,0,9,38.5,4.277777777777778
66,50,1,5,16.73,3.346
66,50,2,10,31.0,3.1
66,50,3,9,9.58,1.0644444444444445
66,50,4,2,0.47,0.235
66,60,0,14,39.86,2.847142857142857
66,60,1,11,31.2,2.8363636363636364
66,60,2,11,12.0,1.0909090909090908
66,60,3,8,6.33,0.79125
66,60,4,20,7.08,0.354
66,69,0,13,14.64,1.1261538461538463
66,69,1,10,5.68,0.568
66,69,2,12,3.18,0.265
66,69,3,18,3.52,0.19555555555555557
66,69,4,10,1.73,0.173
66,70,0,14,86.03,6.1450000000000005
66,70,1,8,33.68,4.21
66,70,2,12,47.4,3.9499999999999997
66,70,3,8,31.37,3.92125
66,70,4,13,21.6,1.6615384615384616
66,74,0,17,80.32,4.724705882352941
66,74,1,8,34.82,4.3525
66,74,2,10,30.46,3.0460000000000003
66,74,3,19,50.35,2.65
66,74,4,3,5.49,1.83
66,75,0,8,39.81,4.97625
66,75,1,16,72.58,4.53625
66,75,2,20,60.66,3.033
66,75,3,2,4.15,2.075
66,75,4,20,33.38,1.669
66,77,0,7,40.27,5.752857142857144
66,77,1,16,89.95,5.621875
66,77,2,19,87.86,4.62421052631579
66,77,3,8,15.86,1.9825
66,77,4,5,4.04,0.808
66,80,0,15,24.65,1.6433333333333333
66,80,1,6,8.09,1.3483333333333334
66,80,2,8,10.41,1.30125
66,80,3,13,11.83,0.91
66,80,4,1,0.73,0.73
66,82,0,18,69.37,3.853888888888889
66,82,1,4,14.07,3.5175
66,82,2,7,8.18,1.1685714285714286
66,82,3,3,3.36,1.1199999999999999
66,82,4,13,13.07,1.0053846153846153
66,84,0,15,72.16,4.810666666666666
66,84,1,19,84.67,4.456315789473685
66,84,2,20,60.51,3.0255
66,84,3,7,4.59,0.6557142857142857
66,84,4,2,0.57,0.285
66,85,0,13,71.13,5.4715384615384615
66,85,1,10,52.95,5.295
66,85,2,18,94.1,5.227777777777778
66,85,3,3,7.08,2.36
66,85,4,7,11.3,1.6142857142857143
66,87,0,14,15.23,1.0878571428571429
66,87,1,16,13.51,0.844375
66,87,2,13,5.04,0.38769230769230767
66,87,3,3,0.8,0.26666666666666666
66,87,4,15,1.52,0.10133333333333333
66,88,0,2,5.27,2.635
66,88,1,5,9.34,1.8679999999999999
66,88,2,20,32.65,1.6324999999999998
66,88,3,7,9.09,1.2985714285714285
66,88,4,5,2.52,0.504
66,89,0,11,64.61,5.873636363636364
66,89,1,11,51.66,4.696363636363636
66,89,2,19,64.1,3.3736842105263154
66,89,3,3,5.74,1.9133333333333333
66,89,4,6,10.28,1.7133333333333332
66,90,0,20,83.85,4.1925
66,90,1,4,11.61,2.9025
66,90,2,17,48.44,2.849411764705882
66,90,3,16,33.63,2.101875
66,90,4,8,11.16,1.395
66,93,0,10,30.24,3.024
66,93,1,14,41.9,2.992857142857143
66,93,2,5,13.05,2.6100000000000003
66,93,3,15,29.14,1.9426666666666668
66,93,4,4,3.55,0.8875
66,94,0,11,2.08,0.1890909090909091
66,94,1,18,2.51,0.13944444444444443
66,94,2,9,1.01,0.11222222222222222
66,94,3,4,0.41,0.1025
66,94,4,5,0.36,0.072
66,97,0,17,101.46,5.968235294117647
66,97,1,2,11.63,5.815
66,97,2,20,91.28,4.564
66,97,3,17,68.47,4.027647058823529
66,97,4,12,3.81,0.3175
69,1,0,20,102.21,5.1105
69,1,1,18,71.43,3.9683333333333337
69,1,2,10,18.34,1.834
69,1,3,6,7.82,1.3033333333333335
69,1,4,14,5.82,0.41571428571428576
69,8,0,8,29.93,3.74125
69,8,1,12,36.01,3.000833333333333
69,8,2,4,9.83,2.4575
69,8,3,8,14.7,1.8375
69,8,4,3,4.3,1.4333333333333333
69,16,0,15,28.77,1.918
69,16,1,18,30.67,1.703888888888889
69,16,2,11,15.59,1.4172727272727272
69,16,3,12,3.17,0.26416666666666666
69,16,4,11,1.49,0.13545454545454547
69,19,0,6,8.81,1.4683333333333335
69,19,1,6,8.57,1.4283333333333335
69,19,2,4,2.34,0.585
69,19,3,16,8.61,0.538125
69,19,4,5,1.33,0.266
69,20,0,2,7.68,3.84
69,20,1,16,52.9,3.30625
69,20,2,8,25.55,3.19375
69,20,3,14,36.49,2.6064285714285718
69,20,4,6,8.19,1.365
69,24,0,2,4.14,2.07
69,24,1,5,9.21,1.842
69,24,2,1,1.28,1.28
69,24,3,12,11.01,0.9175
69,24,4,13,5.16,0.39692307692307693
69,29,0,1,5.59,5.59
69,29,1,8,35.42,4.4275
69,29,2,18,70.75,3.9305555555555554
69,29,3,3,11.79,3.9299999999999997
69,29,4,15,42.53,2.8353333333333333
69,30,0,3,11.06,3.686666666666667
69,30,1,20,33.46,1.673
69,30,2,19,31.37,1.6510526315789473
69,30,3,10,10.93,1.093
69,30,4,7,5.85,0.8357142857142856
69,33,0,14,68.5,4.892857142857143
69,33,1,8,33.6,4.2
69,33,2,1,3.95,3.95
69,33,3,19,31.89,1.678421052631579
69,33,4,14,5.08,0.3628571428571429
69,47,0,10,16.25,1.625
69,47,1,19,19.64,1.0336842105263158
69,47,2,11,3.1,0.2818181818181818
69,47,3,12,2.54,0.21166666666666667
69,47,4,1,0.15,0.15
69,49,0,11,20.06,1.8236363636363635
69,49,1,5,7.18,1.436
69,49,2,8,9.32,1.165
69,49,3,19,12.11,0.6373684210526316
69,49,4,12,4.04,0.33666666666666667
69,50,0,6,43.26,7.21
69,50,1,7,46.37,6.624285714285714
69,50,2,18,46.79,2.5994444444444444
69,50,3,1,1.88,1.88
69,50,4,10,3.5,0.35
69,60,0,17,5.37,0.3158823529411765
69,60,1,5,1.43,0.286
69,60,2,15,2.2,0.14666666666666667
69,60,3,5,0.72,0.144
69,60,4,7,0.86,0.12285714285714286
69,66,0,14,38.1,2.7214285714285715
69,66,1,10,27.02,2.702
69,66,2,20,41.24,2.0620000000000003
69,66,3,18,22.94,1.2744444444444445
69,66,4,17,16.74,0.9847058823529411
69,70,0,5,20.49,4.098
69,70,1,7,12.72,1.8171428571428572
69,70,2,19,31.2,1.6421052631578947
69,70,3,10,5.62,0.562
69,70,4,20,8.24,0.41200000000000003
69,74,0,8,29.78,3.7225
69,74,1,7,23.81,3.4014285714285712
69,74,2,4,7.72,1.93
69,74,3,11,20.7,1.8818181818181818
69,74,4,8,9.42,1.1775
69,75,0,1,1.78,1.78
69,75,1,12,20.49,1.7074999999999998
69,75,2,1,1.69,1.69
69,75,3,3,4.2,1.4000000000000001
69,75,4,17,21.23,1.2488235294117647
69,77,0,14,66.75,4.767857142857143
69,77,1,7,31.15,4.45
69,77,2,9,32.87,3.652222222222222
69,77,3,17,17.92,1.0541176470588236
69,77,4,17,8.37,0.49235294117647055
69,80,0,16,40.58,2.53625
69,80,1,4,9.8,2.45
69,80,2,13,30.72,2.363076923076923
69,80,3,11,20.86,1.8963636363636363
69,80,4,1,0.52,0.52
69,82,0,16,80.4,5.025
69,82,1,2,7.76,3.88
69,82,2,7,14.91,2.13
69,82,3,16,21.21,1.325625
69,82,4,20,14.51,0.7255
69,84,0,3,25.3,8.433333333333334
69,84,1,14,116.75,8.339285714285714
69,84,2,9,72.78,8.086666666666666
69,84,3,13,98.13,7.548461538461538
69,84,4,14,12.23,0.8735714285714286
69,85,0,6,53.61,8.935
69,85,1,13,92.03,7.07923076923077
69,85,2,7,29.93,4.275714285714286
69,85,3,13,43.08,3.313846153846154
69,85,4,11,7.27,0.6609090909090909
69,87,0,3,5.51,1.8366666666666667
69,87,1,14,14.3,1.0214285714285716
69,87,2,18,14.79,0.8216666666666667
69,87,3,9,6.29,0.6988888888888889
69,87,4,14,3.66,0.26142857142857145
69,88,0,3,9.85,3.283333333333333
69,88,1,5,15.95,3.19
69,88,2,4,7.54,1.885
69,88,3,14,22.91,1.6364285714285713
69,88,4,7,1.48,0.21142857142857144
69,89,0,2,11.99,5.995
69,89,1,13,65.51,5.03923076923077
69,89,2,11,34.83,3.166363636363636
69,89,3,1,1.92,1.92
69,89,4,20,20.8,1.04
69,90,0,19,86.42,4.548421052631579
69,90,1,6,20.78,3.4633333333333334
69,90,2,8,23.32,2.915
69,90,3,16,33.98,2.12375
69,90,4,7,12.11,1.73
69,93,0,13,72.22,5.555384615384615
69,93,1,5,25.46,5.0920000000000005
69,93,2,1,2.47,2.47
69,93,3,19,33.81,1.7794736842105265
69,93,4,6,2.23,0.37166666666666665
69,94,0,2,5.01,2.505
69,94,1,4,9.3,2.325
69,94,2,4,7.11,1.7775
69,94,3,8,13.73,1.71625
69,94,4,15,21.57,1.438
69,97,0,17,40.93,2.4076470588235295
69,97,1,13,25.76,1.9815384615384617
69,97,2,9,15.48,1.72
69,97,3,8,3.75,0.46875
69,97,4,19,4.71,0.24789473684210525
70,1,0,1,1.02,1.02
70,1,1,8,5.36,0.67
70,1,2,12,7.3,0.6083333333333333
70,1,3,4,1.5,0.375
70,1,4,7,2.08,0.29714285714285715
70,8,0,19,9.1,0.4789473684210526
70,8,1,5,1.32,0.264
70,8,2,5,0.34,0.068
70,8,3,7,0.33,0.047142857142857146
70,8,4,7,0.28,0.04
70,16,0,14,38.38,2.7414285714285715
70,16,1,2,5.24,2.62
70,16,2,14,33.33,2.380714285714286
70,16,3,10,19.94,1.9940000000000002
70,16,4,9,14.1,1.5666666666666667
70,19,0,9,22.17,2.4633333333333334
70,19,1,5,6.8,1.3599999999999999
70,19,2,19,23.45,1.2342105263157894
70,19,3,15,11.66,0.7773333333333333
70,19,4,6,1.49,0.24833333333333332
70,20,0,12,22.97,1.9141666666666666
70,20,1,3,5.31,1.7699999999999998
70,20,2,18,30.32,1.6844444444444444
70,20,3,18,19.16,1.0644444444444445
70,20,4,4,0.59,0.1475
70,24,0,1,2.47,2.47
70,24,1,8,14.89,1.86125
70,24,2,10,15.12,1.512
70,24,3,6,8.87,1.4783333333333333
70,24,4,10,13.42,1.342
70,29,0,18,108.66,6.036666666666666
70,29,1,15,77.92,5.1946666666666665
70,29,2,2,4.23,2.115
70,29,3,2,3.85,1.925
70,29,4,1,1.63,1.63
70,30,0,16,72.77,4.548125
70,30,1,4,17.32,4.33
70,30,2,16,53.54,3.34625
70,30,3,17,53.48,3.145882352941176
70,30,4,13,31.69,2.437692307692308
70,33,0,13,108.68,8.360000000000001
70,33,1,13,107.4,8.261538461538462
70,33,2,17,58.25,3.426470588235294
70,33,3,14,42.18,3.012857142857143
70,33,4,2,1.88,0.94
70,47,0,3,9.64,3.2133333333333334
70,47,1,12,38.11,3.1758333333333333
70,47,2,18,39.1,2.1722222222222225
70,47,3,3,3.88,1.2933333333333332
70,47,4,17,20.77,1.2217647058823529
70,49,0,8,22.24,2.78
70,49,1,11,26.31,2.3918181818181816
70,49,2,18,22.9,1.2722222222222221
70,49,3,16,11.72,0.7325
70,49,4,16,8.89,0.555625
70,50,0,17,145.87,8.580588235294117
70,50,1,3,20.76,6.920000000000001
70,50,2,6,21.72,3.6199999999999997
70,50,3,18,43.87,2.437222222222222
70,50,4,11,18.32,1.6654545454545455
70,60,0,13,29.2,2.246153846153846
70,60,1,20,30.89,1.5445
70,60,2,7,10.02,1.4314285714285713
70,60,3,7,5.6,0.7999999999999999
70,60,4,8,3.38,0.4225
70,66,0,18,71.5,3.9722222222222223
70,66,1,15,56.7,3.7800000000000002
70,66,2,20,36.72,1.8359999999999999
70,66,3,11,8.96,0.8145454545454546
70,66,4,9,3.02,0.33555555555555555
70,69,0,13,60.11,4.623846153846154
70,69,1,18,77.77,4.320555555555555
70,69,2,4,9.92,2.48
70,69,3,14,9.61,0.6864285714285714
70,69,4,5,1.56,0.312
70,74,0,3,2.56,0.8533333333333334
70,74,1,5,3.05,0.61
70,74,2,12,4.81,0.4008333333333333
70,74,3,1,0.34,0.34
70,74,4,8,1.19,0.14875
70,75,0,5,7.92,1.584
70,75,1,9,11.16,1.24
70,75,2,12,10.71,0.8925000000000001
70,75,3,16,13.98,0.87375
70,75,4,18,11.35,0.6305555555555555
70,77,0,14,15.87,1.1335714285714285
70,77,1,19,17.97,0.9457894736842105
70,77,2,10,7.88,0.788
70,77,3,7,3.67,0.5242857142857142
70,77,4,18,5.95,0.33055555555555555
70,80,0,16,43.39,2.711875
70,80,1,20,48.04,2.402
70,80,2,8,17.73,2.21625
70,80,3,6,13.21,2.2016666666666667
70,80,4,19,27.97,1.4721052631578946
70,82,0,8,65.75,8.21875
70,82,1,5,38.36,7.672
70,82,2,8,48.69,6.08625
70,82,3,3,9.36,3.1199999999999997
70,82,4,8,19.88,2.485
70,84,0,18,183.08,10.171111111111111
70,84,1,7,66.77,9.538571428571428
70,84,2,19,87.5,4.605263157894737
70,84,3,13,44.05,3.3884615384615384
70,84,4,1,1.26,1.26
70,85,0,6,72.93,12.155000000000001
70,85,1,13,149.93,11.533076923076923
70,85,2,14,130.63,9.330714285714285
70,85,3,12,102.66,8.555
70,85,4,9,69.6,7.7333333333333325
70,87,0,12,54.71,4.559166666666667
70,87,1,7,25.93,3.704285714285714
70,87,2,6,16.29,2.715
70,87,3,12,23.97,1.9974999999999998
70,87,4,8,7.01,0.87625
70,88,0,19,31.4,1.6526315789473685
70,88,1,16,18.8,1.175
70,88,2,17,18.54,1.0905882352941176
70,88,3,20,11.57,0.5785
70,88,4,10,2.27,0.227
70,89,0,7,59.79,8.541428571428572
70,89,1,19,71.66,3.771578947368421
70,89,2,16,56.12,3.5075
70,89,3,11,13.38,1.2163636363636365
70,89,4,12,5.75,0.4791666666666667
70,90,0,20,21.01,1.0505
70,90,1,18,17.4,0.9666666666666666
70,90,2,17,10.85,0.638235294117647
70,90,3,4,2.43,0.6075
70,90,4,3,0.66,0.22
70,93,0,8,75.26,9.4075
70,93,1,17,128.83,7.578235294117648
70,93,2,8,46.71,5.83875
70,93,3,3,8.84,2.9466666666666668
70,93,4,14,30.02,2.144285714285714
70,94,0,8,41.69,5.21125
70,94,1,10,50.29,5.029
70,94,2,15,67.72,4.514666666666667
70,94,3,10,25.52,2.552
70,94,4,15,25.47,1.698
70,97,0,2,9.44,4.72
70,97,1,1,3.02,3.02
70,97,2,16,42.06,2.62875
70,97,3,19,11.67,0.6142105263157894
70,97,4,16,5.03,0.314375
74,1,0,4,2.46,0.615
74,1,1,9,5.33,0.5922222222222222
74,1,2,11,6.21,0.5645454545454546
74,1,3,4,1.39,0.3475
74,1,4,3,0.61,0.20333333333333334
74,8,0,12,13.96,1.1633333333333333
74,8,1,10,7.45,0.745
74,8,2,1,0.66,0.66
74,8,3,7,3.79,0.5414285714285715
74,8,4,2,0.6,0.3
74,16,0,17,28.7,1.688235294117647
74,16,1,16,22.35,1.396875
74,16,2,6,5.18,0.8633333333333333
74,16,3,14,11.94,0.8528571428571429
74,16,4,15,11.5,0.7666666666666667
74,19,0,8,32.97,4.12125
74,19,1,18,53.07,2.9483333333333333
74,19,2,4,8.09,2.0225
74,19,3,11,12.17,1.1063636363636364
74,19,4,14,12.64,0.9028571428571429
74,20,0,4,15.92,3.98
74,20,1,1,3.9,3.9
74,20,2,5,17.65,3.53
74,20,3,12,32.66,2.7216666666666662
74,20,4,17,16.74,0.9847058823529411
74,24,0,5,17.24,3.4479999999999995
74,24,1,16,37.51,2.344375
74,24,2,18,30.13,1.6738888888888888
74,24,3,17,26.15,1.538235294117647
74,24,4,6,8.94,1.49
74,29,0,4,26.54,6.635
74,29,1,18,85.45,4.747222222222223
74,29,2,5,21.66,4.332
74,29,3,4,16.72,4.18
74,29,4,5,18.92,3.7840000000000003
74,30,0,13,48.46,3.727692307692308
74,30,1,19,68.12,3.585263157894737
74,30,2,6,13.91,2.3183333333333334
74,30,3,7,7.22,1.0314285714285714
74,30,4,19,10.71,0.5636842105263158
74,33,0,17,117.72,6.924705882352941
74,33,1,4,27.59,6.8975
74,33,2,11,48.56,4.414545454545455
74,33,3,1,3.04,3.04
74,33,4,4,6.96,1.74
74,47,0,13,46.52,3.578461538461539
74,47,1,19,51.62,2.716842105263158
74,47,2,11,14.96,1.36
74,47,3,7,8.91,1.272857142857143
74,47,4,20,6.27,0.3135
74,49,0,17,55.27,3.2511764705882356
74,49,1,4,12.74,3.185
74,49,2,13,35.18,2.706153846153846
74,49,3,15,33.03,2.202
74,49,4,3,1.7,0.5666666666666667
74,50,0,12,139.63,11.635833333333332
74,50,1,4,29.32,7.33
74,50,2,15,48.85,3.256666666666667
74,50,3,20,58.15,2.9074999999999998
74,50,4,13,16.63,1.2792307692307692
74,60,0,12,40.56,3.3800000000000003
74,60,1,11,33.62,3.056363636363636
74,60,2,1,2.49,2.49
74,60,3,6,12.39,2.065
74,60,4,7,6.67,0.9528571428571428
74,66,0,2,14.75,7.375
74,66,1,16,114.44,7.1525
74,66,2,15,98.3,6.553333333333333
74,66,3,10,36.69,3.6689999999999996
74,66,4,4,7.06,1.765
74,69,0,12,57.34,4.778333333333333
74,69,1,8,14.81,1.85125
74,69,2,4,6.69,1.6725
74,69,3,3,4.05,1.3499999999999999
74,69,4,12,12.89,1.0741666666666667
74,70,0,2,2.1,1.05
74,70,1,7,7.11,1.0157142857142858
74,70,2,12,10.1,0.8416666666666667
74,70,3,15,2.71,0.18066666666666667
74,70,4,9,1.2,0.13333333333333333
74,75,0,16,42.02,2.62625
74,75,1,9,16.43,1.8255555555555556
74,75,2,11,14.43,1.3118181818181818
74,75,3,12,15.47,1.2891666666666668
74,75,4,15,6.54,0.436
74,77,0,10,16.07,1.607
74,77,1,4,4.49,1.1225
74,77,2,5,3.88,0.776
74,77,3,13,8.38,0.6446153846153847
74,77,4,6,2.54,0.42333333333333334
74,80,0,4,16.56,4.14
74,80,1,14,35.64,2.545714285714286
74,80,2,11,25.65,2.3318181818181816
74,80,3,3,4.16,1.3866666666666667
74,80,4,16,16.15,1.009375
74,82,0,8,83.59,10.44875
74,82,1,14,78.45,5.603571428571429
74,82,2,8,43.99,5.49875
74,82,3,20,88.34,4.417
74,82,4,4,13.85,3.4625
74,84,0,2,23.95,11.975
74,84,1,2,19.81,9.905
74,84,2,11,66.6,6.054545454545454
74,84,3,9,50.3,5.588888888888889
74,84,4,8,27.56,3.445
74,85,0,11,126.3,11.481818181818182
74,85,1,6,64.96,10.826666666666666
74,85,2,10,98.91,9.891
74,85,3,8,49.88,6.235
74,85,4,19,117.91,6.20578947368421
74,87,0,6,40.23,6.704999999999999
74,87,1,6,37.91,6.3183333333333325
74,87,2,20,94.67,4.7335
74,87,3,11,20.96,1.9054545454545455
74,87,4,9,16.54,1.8377777777777777
74,88,0,6,22.36,3.7266666666666666
74,88,1,1,3.39,3.39
74,88,2,6,9.39,1.5650000000000002
74,88,3,2,1.55,0.775
74,88,4,19,7.85,0.4131578947368421
74,89,0,13,74.0,5.6923076923076925
74,89,1,11,61.31,5.573636363636364
74,89,2,2,10.72,5.36
74,89,3,16,53.13,3.320625
74,89,4,17,14.77,0.8688235294117647
74,90,0,13,12.6,0.9692307692307692
74,90,1,5,1.58,0.316
74,90,2,2,0.49,0.245
74,90,3,18,1.44,0.08
74,90,4,18,1.18,0.06555555555555555
74,93,0,6,48.4,8.066666666666666
74,93,1,17,133.17,7.833529411764705
74,93,2,20,45.45,2.2725
74,93,3,18,40.83,2.268333333333333
74,93,4,9,6.62,0.7355555555555555
74,94,0,2,12.8,6.4
74,94,1,7,31.68,4.525714285714286
74,94,2,2,6.73,3.365
74,94,3,3,8.15,2.716666666666667
74,94,4,16,24.18,1.51125
74,97,0,15,85.18,5.678666666666667
74,97,1,4,19.84,4.96
74,97,2,9,24.39,2.71
74,97,3,19,36.22,1.9063157894736842
74,97,4,11,8.48,0.770909090909091
75,1,0,6,7.25,1.2083333333333333
75,1,1,14,16.02,1.1442857142857144
75,1,2,5,5.08,1.016
75,1,3,14,5.31,0.3792857142857143
75,1,4,11,2.68,0.24363636363636365
75,8,0,9,5.1,0.5666666666666667
75,8,1,19,8.02,0.4221052631578947
75,8,2,19,6.53,0.3436842105263158
75,8,3,2,0.5,0.25
75,8,4,3,0.31,0.10333333333333333
75,16,0,1,0.9,0.9
75,16,1,7,5.91,0.8442857142857143
75,16,2,9,7.31,0.8122222222222222
75,16,3,5,2.65,0.53
75,16,4,13,4.83,0.37153846153846154
75,19,0,16,27.05,1.690625
75,19,1,16,22.69,1.418125
75,19,2,10,6.36,0.636
75,19,3,5,3.05,0.61
75,19,4,8,0.59,0.07375
75,20,0,19,57.05,3.0026315789473683
75,20,1,16,44.39,2.774375
75,20,2,5,9.77,1.954
75,20,3,14,12.35,0.8821428571428571
75,20,4,13,7.21,0.5546153846153846
75,24,0,2,1.25,0.625
75,24,1,18,9.83,0.5461111111111111
75,24,2,16,8.72,0.545
75,24,3,19,2.46,0.12947368421052632
75,24,4,6,0.42,0.06999999999999999
75,29,0,18,117.56,6.5311111111111115
75,29,1,6,22.1,3.6833333333333336
75,29,2,9,25.1,2.788888888888889
75,29,3,12,31.22,2.6016666666666666
75,29,4,6,4.25,0.7083333333333334
75,30,0,12,49.75,4.145833333333333
75,30,1,16,64.08,4.005
75,30,2,2,5.31,2.655
75,30,3,19,47.08,2.477894736842105
75,30,4,12,7.86,0.655
75,33,0,6,41.96,6.993333333333333
75,33,1,11,64.05,5.822727272727272
75,33,2,7,40.19,5.741428571428571
75,33,3,9,50.43,5.6033333333333335
75,33,4,14,70.83,5.059285714285714
75,47,0,12,21.47,1.7891666666666666
75,47,1,3,5.2,1.7333333333333334
75,47,2,17,13.05,0.7676470588235295
75,47,3,10,4.91,0.491
75,47,4,1,0.46,0.46
75,49,0,8,10.06,1.2575
75,49,1,2,2.44,1.22
75,49,2,2,1.25,0.625
75,49,3,3,1.32,0.44
75,49,4,14,3.46,0.24714285714285714
75,50,0,17,150.42,8.848235294117647
75,50,1,16,121.12,7.57
75,50,2,17,64.96,3.821176470588235
75,50,3,3,8.89,2.9633333333333334
75,50,4,6,6.38,1.0633333333333332
75,60,0,17,44.01,2.5888235294117647
75,60,1,15,27.11,1.8073333333333332
75,60,2,8,12.69,1.58625
75,60,3,6,9.31,1.5516666666666667
75,60,4,10,12.24,1.224
75,66,0,2,9.91,4.955
75,66,1,19,85.07,4.477368421052631
75,66,2,19,56.95,2.9973684210526317
75,66,3,16,25.47,1.591875
75,66,4,14,7.01,0.5007142857142857
75,69,0,11,31.53,2.8663636363636367
75,69,1,7,17.59,2.512857142857143
75,69,2,4,8.2,2.05
75,69,3,13,23.56,1.8123076923076922
75,69,4,10,15.1,1.51
75,70,0,8,9.68,1.21
75,70,1,4,4.67,1.1675
75,70,2,18,11.51,0.6394444444444445
75,70,3,13,5.75,0.4423076923076923
75,70,4,14,4.54,0.3242857142857143
75,74,0,6,14.75,2.4583333333333335
75,74,1,5,10.77,2.154
75,74,2,17,36.36,2.1388235294117646
75,74,3,1,1.96,1.96
75,74,4,5,1.77,0.354
75,77,0,1,1.81,1.81
75,77,1,18,21.93,1.2183333333333333
75,77,2,9,9.04,1.0044444444444443
75,77,3,6,0.73,0.12166666666666666
75,77,4,4,0.46,0.115
75,80,0,12,37.36,3.1133333333333333
75,80,1,10,29.31,2.931
75,80,2,3,3.32,1.1066666666666667
75,80,3,14,13.4,0.9571428571428572
75,80,4,18,16.75,0.9305555555555556
75,82,0,14,110.79,7.913571428571429
75,82,1,10,77.12,7.712000000000001
75,82,2,6,31.72,5.286666666666666
75,82,3,15,21.96,1.464
75,82,4,12,6.0,0.5
75,84,0,7,74.58,10.654285714285715
75,84,1,12,116.91,9.7425
75,84,2,9,47.34,5.260000000000001
75,84,3,1,5.08,5.08
75,84,4,13,32.36,2.4892307692307694
75,85,0,11,116.88,10.625454545454545
75,85,1,18,122.41,6.8005555555555555
75,85,2,13,81.84,6.295384615384616
75,85,3,11,46.7,4.245454545454546
75,85,4,11,11.09,1.008181818181818
75,87,0,15,65.77,4.384666666666666
75,87,1,8,27.63,3.45375
75,87,2,11,30.53,2.7754545454545454
75,87,3,6,16.48,2.7466666666666666
75,87,4,4,4.26,1.065
75,88,0,18,49.43,2.746111111111111
75,88,1,13,32.79,2.522307692307692
75,88,2,1,0.75,0.75
75,88,3,10,4.99,0.499
75,88,4,9,1.94,0.21555555555555556
75,89,0,1,10.62,10.62
75,89,1,6,44.91,7.484999999999999
75,89,2,4,25.01,6.2525
75,89,3,18,58.79,3.266111111111111
75,89,4,6,8.49,1.415
75,90,0,9,22.98,2.5533333333333332
75,90,1,17,38.7,2.2764705882352945
75,90,2,6,11.58,1.93
75,90,3,12,23.02,1.9183333333333332
75,90,4,1,0.56,0.56
75,93,0,8,63.2,7.9
75,93,1,15,99.64,6.642666666666667
75,93,2,17,110.89,6.522941176470589
75,93,3,14,51.56,3.682857142857143
75,93,4,2,6.01,3.005
75,94,0,2,7.0,3.5
75,94,1,6,18.13,3.0216666666666665
75,94,2,8,17.89,2.23625
75,94,3,13,22.1,1.7000000000000002
75,94,4,18,18.14,1.0077777777777779
75,97,0,17,46.65,2.7441176470588236
75,97,1,2,3.37,1.685
75,97,2,13,13.36,1.0276923076923077
75,97,3,13,12.28,0.9446153846153845
75,97,4,19,11.47,0.6036842105263158
77,1,0,8,5.85,0.73125
77,1,1,6,4.38,0.73
77,1,2,6,3.41,0.5683333333333334
77,1,3,13,3.04,0.23384615384615384
77,1,4,7,1.28,0.18285714285714286
77,8,0,15,18.73,1.2486666666666666
77,8,1,5,6.03,1.206
77,8,2,7,8.02,1.1457142857142857
77,8,3,19,17.35,0.9131578947368422
77,8,4,3,1.9,0.6333333333333333
77,16,0,5,17.89,3.5780000000000003
77,16,1,14,40.37,2.8835714285714285
77,16,2,1,2.39,2.39
77,16,3,10,18.03,1.8030000000000002
77,16,4,12,3.94,0.3283333333333333
77,19,0,1,3.15,3.15
77,19,1,19,50.63,2.6647368421052633
77,19,2,19,45.62,2.4010526315789473
77,19,3,20,21.13,1.0565
77,19,4,15,4.23,0.28200000000000003
77,20,0,2,4.91,2.455
77,20,1,16,37.63,2.351875
77,20,2,20,15.56,0.778
77,20,3,11,8.51,0.7736363636363636
77,20,4,4,2.69,0.6725
77,24,0,9,25.37,2.818888888888889
77,24,1,7,15.26,2.18
77,24,2,9,5.89,0.6544444444444444
77,24,3,8,3.99,0.49875
77,24,4,5,1.85,0.37
77,29,0,7,45.06,6.437142857142858
77,29,1,1,5.07,5.07
77,29,2,2,3.27,1.635
77,29,3,12,19.27,1.6058333333333332
77,29,4,15,9.32,0.6213333333333334
77,30,0,2,6.96,3.48
77,30,1,6,19.81,3.3016666666666663
77,30,2,4,7.81,1.9525
77,30,3,14,25.17,1.797857142857143
77,30,4,5,3.56,0.712
77,33,0,1,7.95,7.95
77,33,1,15,105.8,7.053333333333333
77,33,2,12,68.4,5.7
77,33,3,7,39.14,5.591428571428572
77,33,4,19,40.79,2.1468421052631577
77,47,0,18,64.13,3.5627777777777774
77,47,1,10,21.34,2.134
77,47,2,3,5.96,1.9866666666666666
77,47,3,3,2.55,0.85
77,47,4,17,11.55,0.6794117647058824
77,49,0,5,14.58,2.916
77,49,1,1,2.66,2.66
77,49,2,10,21.76,2.176
77,49,3,1,2.06,2.06
77,49,4,16,22.32,1.395
77,50,0,6,50.26,8.376666666666667
77,50,1,12,89.1,7.425
77,50,2,1,7.41,7.41
77,50,3,8,42.66,5.3325
77,50,4,13,44.19,3.399230769230769
77,60,0,17,76.31,4.488823529411765
77,60,1,6,22.71,3.785
77,60,2,1,3.75,3.75
77,60,3,17,47.29,2.781764705882353
77,60,4,5,9.86,1.972
77,66,0,4,14.38,3.595
77,66,1,1,3.38,3.38
77,66,2,6,18.25,3.0416666666666665
77,66,3,15,44.42,2.9613333333333336
77,66,4,2,2.85,1.425
77,69,0,15,70.41,4.694
77,69,1,10,38.68,3.868
77,69,2,18,49.02,2.7233333333333336
77,69,3,3,6.4,2.1333333333333333
77,69,4,20,35.61,1.7805
77,70,0,9,10.13,1.1255555555555556
77,70,1,11,8.83,0.8027272727272727
77,70,2,14,8.28,0.5914285714285714
77,70,3,8,4.21,0.52625
77,70,4,14,1.21,0.08642857142857142
77,74,0,9,9.59,1.0655555555555556
77,74,1,19,13.98,0.7357894736842105
77,74,2,11,7.43,0.6754545454545454
77,74,3,10,4.63,0.46299999999999997
77,74,4,16,4.87,0.304375
77,75,0,7,16.0,2.2857142857142856
77,75,1,16,30.76,1.9225
77,75,2,2,2.0,1.0
77,75,3,1,0.91,0.91
77,75,4,13,9.71,0.746923076923077
77,80,0,14,45.19,3.2278571428571428
77,80,1,15,47.97,3.198
77,80,2,7,14.14,2.02
77,80,3,13,12.02,0.9246153846153846
77,80,4,17,4.02,0.2364705882352941
77,82,0,15,97.53,6.502
77,82,1,17,36.02,2.118823529411765
77,82,2,4,7.66,1.915
77,82,3,10,16.52,1.652
77,82,4,18,27.52,1.528888888888889
77,84,0,4,43.47,10.8675
77,84,1,3,25.2,8.4
77,84,2,3,19.08,6.359999999999999
77,84,3,13,54.78,4.213846153846154
77,84,4,16,55.74,3.48375
77,85,0,16,174.7,10.91875
77,85,1,1,8.35,8.35
77,85,2,9,74.13,8.236666666666666
77,85,3,9,44.55,4.949999999999999
77,85,4,4,8.95,2.2375
77,87,0,19,97.88,5.151578947368421
77,87,1,19,74.82,3.937894736842105
77,87,2,1,3.68,3.68
77,87,3,20,48.11,2.4055
77,87,4,18,31.12,1.728888888888889
77,88,0,15,32.2,2.146666666666667
77,88,1,7,11.11,1.587142857142857
77,88,2,3,3.47,1.1566666666666667
77,88,3,15,16.51,1.1006666666666667
77,88,4,2,0.45,0.225
77,89,0,12,93.49,7.790833333333333
77,89,1,14,102.83,7.345
77,89,2,14,75.89,5.420714285714285
77,89,3,9,45.04,5.004444444444444
77,89,4,19,81.98,4.314736842105264
77,90,0,15,5.06,0.3373333333333333
77,90,1,2,0.57,0.285
77,90,2,5,0.45,0.09
77,90,3,2,0.12,0.06
77,90,4,14,0.27,0.019285714285714288
77,93,0,16,143.24,8.9525
77,93,1,15,112.36,7.490666666666667
77,93,2,17,83.34,4.902352941176471
77,93,3,9,43.66,4.851111111111111
77,93,4,6,25.09,4.181666666666667
77,94,0,18,79.33,4.407222222222222
77,94,1,2,7.0,3.5
77,94,2,17,58.62,3.448235294117647
77,94,3,8,18.11,2.26375
77,94,4,16,12.68,0.7925
77,97,0,5,20.98,4.196
77,97,1,5,20.7,4.14
77,97,2,6,10.43,1.7383333333333333
77,97,3,16,17.28,1.08
77,97,4,5,5.26,1.052
80,1,0,17,76.63,4.50764705882353
80,1,1,17,48.94,2.878823529411765
80,1,2,12,17.28,1.4400000000000002
80,1,3,2,1.16,0.58
80,1,4,7,1.45,0.20714285714285713
80,8,0,17,45.52,2.6776470588235295
80,8,1,16,41.68,2.605
80,8,2,9,14.18,1.5755555555555556
80,8,3,3,2.82,0.94
80,8,4,13,4.33,0.3330769230769231
80,16,0,6,19.61,3.268333333333333
80,16,1,5,15.3,3.06
80,16,2,7,5.32,0.76
80,16,3,19,7.48,0.3936842105263158
80,16,4,19,4.03,0.21210526315789474
80,19,0,18,28.59,1.5883333333333334
80,19,1,10,13.14,1.314
80,19,2,2,2.6,1.3
80,19,3,15,19.35,1.29
80,19,4,1,0.88,0.88
80,20,0,2,1.72,0.86
80,20,1,5,4.01,0.8019999999999999
80,20,2,18,8.98,0.49888888888888894
80,20,3,19,4.91,0.25842105263157894
80,20,4,12,1.65,0.13749999999999998
80,24,0,4,11.97,2.9925
80,24,1,2,5.94,2.97
80,24,2,8,21.35,2.66875
80,24,3,20,41.21,2.0605
80,24,4,12,13.0,1.0833333333333333
80,29,0,18,51.18,2.8433333333333333
80,29,1,10,26.65,2.665
80,29,2,18,30.75,1.7083333333333333
80,29,3,5,3.86,0.772
80,29,4,19,9.84,0.5178947368421053
80,30,0,8,9.76,1.22
80,30,1,15,17.86,1.1906666666666665
80,30,2,4,4.26,1.065
80,30,3,16,6.31,0.394375
80,30,4,10,3.36,0.33599999999999997
80,33,0,3,15.21,5.07
80,33,1,2,8.05,4.025
80,33,2,18,67.19,3.7327777777777778
80,33,3,9,28.96,3.217777777777778
80,33,4,9,16.57,1.8411111111111111
80,47,0,3,9.91,3.3033333333333332
80,47,1,9,28.57,3.1744444444444446
80,47,2,8,19.27,2.40875
80,47,3,15,22.64,1.5093333333333334
80,47,4,4,0.84,0.21
80,49,0,11,22.0,2.0
80,49,1,13,23.84,1.833846153846154
80,49,2,11,18.83,1.7118181818181817
80,49,3,5,4.74,0.9480000000000001
80,49,4,4,3.22,0.805
80,50,0,5,28.48,5.696
80,50,1,6,28.14,4.69
80,50,2,5,22.6,4.5200000000000005
80,50,3,6,22.88,3.813333333333333
80,50,4,19,67.89,3.573157894736842
80,60,0,12,24.0,2.0
80,60,1,2,2.45,1.225
80,60,2,13,15.49,1.1915384615384617
80,60,3,4,2.96,0.74
80,60,4,9,1.52,0.1688888888888889
80,66,0,11,22.83,2.075454545454545
80,66,1,11,12.76,1.16
80,66,2,2,1.63,0.815
80,66,3,9,5.55,0.6166666666666667
80,66,4,2,0.31,0.155
80,69,0,4,8.16,2.04
80,69,1,8,12.48,1.56
80,69,2,18,19.5,1.0833333333333333
80,69,3,5,2.68,0.536
80,69,4,18,4.09,0.22722222222222221
80,70,0,1,1.79,1.79
80,70,1,2,3.0,1.5
80,70,2,4,3.11,0.7775
80,70,3,4,1.51,0.3775
80,70,4,2,0.33,0.165
80,74,0,4,8.68,2.17
80,74,1,20,37.91,1.8954999999999997
80,74,2,6,6.88,1.1466666666666667
80,74,3,16,12.54,0.78375
80,74,4,17,10.75,0.6323529411764706
80,75,0,15,49.6,3.3066666666666666
80,75,1,19,59.39,3.1257894736842107
80,75,2,9,25.6,2.8444444444444446
80,75,3,14,29.11,2.079285714285714
80,75,4,14,4.41,0.315
80,77,0,15,52.1,3.4733333333333336
80,77,1,6,20.13,3.355
80,77,2,17,52.89,3.1111764705882354
80,77,3,3,6.44,2.146666666666667
80,77,4,17,20.05,1.1794117647058824
80,82,0,15,76.06,5.070666666666667
80,82,1,9,40.29,4.476666666666667
80,82,2,10,14.4,1.44
80,82,3,5,6.4,1.28
80,82,4,19,15.28,0.8042105263157895
80,84,0,1,7.63,7.63
80,84,1,14,102.98,7.355714285714286
80,84,2,6,41.11,6.851666666666667
80,84,3,13,51.86,3.9892307692307694
80,84,4,7,8.02,1.1457142857142857
80,85,0,3,19.19,6.396666666666667
80,85,1,12,69.51,5.7925
80,85,2,2,8.92,4.46
80,85,3,12,43.77,3.6475000000000004
80,85,4,18,28.97,1.6094444444444445
80,87,0,16,36.5,2.28125
80,87,1,6,8.45,1.4083333333333332
80,87,2,5,6.47,1.294
80,87,3,16,10.27,0.641875
80,87,4,10,4.48,0.44800000000000006
80,88,0,19,23.31,1.2268421052631577
80,88,1,4,4.43,1.1075
80,88,2,17,11.27,0.6629411764705883
80,88,3,19,3.43,0.1805263157894737
80,88,4,12,1.78,0.14833333333333334
80,89,0,2,12.28,6.14
80,89,1,11,61.23,5.566363636363636
80,89,2,10,52.48,5.247999999999999
80,89,3,20,82.66,4.133
80,89,4,15,21.41,1.4273333333333333
80,90,0,10,40.04,4.004
80,90,1,8,23.54,2.9425
80,90,2,11,29.29,2.6627272727272726
80,90,3,18,15.12,0.84
80,90,4,19,6.96,0.3663157894736842
80,93,0,11,60.58,5.507272727272727
80,93,1,3,15.96,5.32
80,93,2,10,43.39,4.339
80,93,3,14,60.69,4.335
80,93,4,14,6.2,0.4428571428571429
80,94,0,8,12.92,1.615
80,94,1,15,20.51,1.3673333333333335
80,94,2,9,9.98,1.108888888888889
80,94,3,9,7.18,0.7977777777777777
80,94,4,17,3.55,0.20882352941176469
80,97,0,2,7.99,3.995
80,97,1,19,60.78,3.1989473684210528
80,97,2,18,46.43,2.5794444444444444
80,97,3,12,25.77,2.1475
80,97,4,19,40.79,2.1468421052631577
82,1,0,16,87.29,5.455625
82,1,1,17,87.15,5.126470588235295
82,1,2,11,23.58,2.1436363636363636
82,1,3,19,39.55,2.081578947368421
82,1,4,19,19.18,1.0094736842105263
82,8,0,16,125.63,7.851875
82,8,1,12,91.85,7.654166666666666
82,8,2,13,76.43,5.8792307692307695
82,8,3,12,56.31,4.6925
82,8,4,17,40.2,2.364705882352941
82,16,0,14,100.85,7.203571428571428
82,16,1,15,85.09,5.672666666666667
82,16,2,12,60.61,5.050833333333333
82,16,3,6,15.73,2.6216666666666666
82,16,4,17,26.08,1.5341176470588234
82,19,0,9,67.79,7.532222222222223
82,19,1,19,132.65,6.981578947368422
82,19,2,14,68.33,4.880714285714285
82,19,3,1,4.0,4.0
82,19,4,12,8.27,0.6891666666666666
82,20,0,3,16.29,5.43
82,20,1,6,30.51,5.085
82,20,2,3,3.97,1.3233333333333335
82,20,3,14,11.63,0.8307142857142857
82,20,4,11,4.53,0.41181818181818186
82,24,0,8,63.57,7.94625
82,24,1,18,57.86,3.214444444444444
82,24,2,15,46.71,3.114
82,24,3,17,35.53,2.09
82,24,4,8,6.68,0.835
82,29,0,1,1.2,1.2
82,29,1,14,16.27,1.1621428571428571
82,29,2,7,3.1,0.4428571428571429
82,29,3,9,3.05,0.33888888888888885
82,29,4,16,3.04,0.19
82,30,0,9,39.84,4.426666666666667
82,30,1,1,3.78,3.78
82,30,2,3,10.99,3.6633333333333336
82,30,3,20,71.59,3.5795000000000003
82,30,4,10,3.18,0.318
82,33,0,17,53.4,3.1411764705882352
82,33,1,7,19.84,2.834285714285714
82,33,2,13,31.95,2.457692307692308
82,33,3,8,18.08,2.26
82,33,4,5,1.17,0.23399999999999999
82,47,0,1,6.32,6.32
82,47,1,7,30.44,4.348571428571429
82,47,2,16,66.52,4.1575
82,47,3,2,1.72,0.86
82,47,4,12,6.76,0.5633333333333334
82,49,0,8,48.87,6.10875
82,49,1,16,82.42,5.15125
82,49,2,18,89.83,4.990555555555556
82,49,3,8,30.45,3.80625
82,49,4,6,19.11,3.185
82,50,0,10,17.53,1.7530000000000001
82,50,1,2,2.83,1.415
82,50,2,12,16.91,1.4091666666666667
82,50,3,6,6.93,1.155
82,50,4,3,1.71,0.57
82,60,0,16,95.62,5.97625
82,60,1,5,19.68,3.936
82,60,2,11,37.16,3.378181818181818
82,60,3,15,44.61,2.9739999999999998
82,60,4,17,12.55,0.7382352941176471
82,66,0,1,4.21,4.21
82,66,1,10,38.19,3.819
82,66,2,6,9.39,1.5650000000000002
82,66,3,18,25.06,1.3922222222222222
82,66,4,8,3.77,0.47125
82,69,0,12,66.28,5.523333333333333
82,69,1,11,50.72,4.61090909090909
82,69,2,5,15.21,3.0420000000000003
82,69,3,6,4.99,0.8316666666666667
82,69,4,19,6.87,0.36157894736842106
82,70,0,12,112.4,9.366666666666667
82,70,1,13,65.34,5.026153846153846
82,70,2,8,39.66,4.9575
82,70,3,15,52.72,3.5146666666666664
82,70,4,12,14.95,1.2458333333333333
82,74,0,18,175.18,9.732222222222223
82,74,1,13,107.19,8.245384615384616
82,74,2,8,36.95,4.61875
82,74,3,20,79.87,3.9935
82,74,4,16,59.68,3.73
82,75,0,8,71.29,8.91125
82,75,1,16,117.46,7.34125
82,75,2,6,39.47,6.578333333333333
82,75,3,14,75.54,5.395714285714286
82,75,4,14,45.81,3.2721428571428572
82,77,0,20,171.51,8.5755
82,77,1,15,120.49,8.032666666666666
82,77,2,17,101.81,5.988823529411765
82,77,3,10,45.84,4.5840000000000005
82,77,4,10,28.3,2.83
82,80,0,18,97.52,5.417777777777777
82,80,1,2,6.79,3.395
82,80,2,15,40.16,2.677333333333333
82,80,3,14,30.05,2.1464285714285714
82,80,4,12,16.91,1.4091666666666667
82,84,0,18,51.51,2.8616666666666664
82,84,1,15,41.34,2.7560000000000002
82,84,2,4,10.8,2.7
82,84,3,3,2.84,0.9466666666666667
82,84,4,4,3.07,0.7675
82,85,0,12,34.64,2.8866666666666667
82,85,1,14,38.26,2.7328571428571427
82,85,2,3,4.99,1.6633333333333333
82,85,3,7,11.0,1.5714285714285714
82,85,4,2,2.83,1.415
82,87,0,18,36.45,2.0250000000000004
82,87,1,16,28.22,1.76375
82,87,2,6,6.42,1.07
82,87,3,19,6.56,0.3452631578947368
82,87,4,8,2.24,0.28
82,88,0,15,98.65,6.576666666666667
82,88,1,17,54.16,3.185882352941176
82,88,2,6,18.54,3.09
82,88,3,9,23.64,2.626666666666667
82,88,4,7,12.9,1.842857142857143
82,89,0,16,42.91,2.681875
82,89,1,10,19.2,1.92
82,89,2,3,4.7,1.5666666666666667
82,89,3,20,18.02,0.901
82,89,4,16,14.14,0.88375
82,90,0,11,95.94,8.72181818181818
82,90,1,12,68.75,5.729166666666667
82,90,2,20,102.2,5.11
82,90,3,10,35.16,3.5159999999999996
82,90,4,3,2.55,0.85
82,93,0,4,5.58,1.395
82,93,1,13,15.56,1.196923076923077
82,93,2,9,6.04,0.6711111111111111
82,93,3,13,6.75,0.5192307692307693
82,93,4,12,5.1,0.425
82,94,0,5,22.3,4.46
82,94,1,1,3.67,3.67
82,94,2,20,44.62,2.231
82,94,3,2,2.88,1.44
82,94,4,16,21.63,1.351875
82,97,0,3,19.72,6.573333333333333
82,97,1,5,32.09,6.418000000000001
82,97,2,13,76.33,5.871538461538462
82,97,3,18,75.4,4.188888888888889
82,97,4,16,21.75,1.359375
84,1,0,18,195.32,10.851111111111111
84,1,1,13,131.81,10.13923076923077
84,1,2,18,154.54,8.585555555555555
84,1,3,4,21.87,5.4675
84,1,4,5,20.64,4.128
84,8,0,20,170.52,8.526
84,8,1,4,24.3,6.075
84,8,2,7,42.04,6.005714285714285
84,8,3,2,7.62,3.81
84,8,4,8,11.13,1.39125
84,16,0,14,102.33,7.309285714285714
84,16,1,9,62.44,6.937777777777778
84,16,2,16,85.06,5.31625
84,16,3,12,47.92,3.9933333333333336
84,16,4,9,10.55,1.1722222222222223
84,19,0,15,108.1,7.206666666666666
84,19,1,1,6.31,6.31
84,19,2,16,81.55,5.096875
84,19,3,2,7.38,3.69
84,19,4,3,1.57,0.5233333333333333
84,20,0,4,31.95,7.9875
84,20,1,9,59.97,6.663333333333333
84,20,2,13,79.74,6.133846153846154
84,20,3,2,7.93,3.965
84,20,4,5,2.68,0.536
84,24,0,20,123.45,6.1725
84,24,1,10,50.73,5.0729999999999995
84,24,2,8,40.15,5.01875
84,24,3,11,31.03,2.820909090909091
84,24,4,18,35.38,1.9655555555555557
84,29,0,12,34.44,2.8699999999999997
84,29,1,6,14.97,2.495
84,29,2,12,22.54,1.8783333333333332
84,29,3,14,3.64,0.26
84,29,4,2,0.36,0.18
84,30,0,19,91.52,4.816842105263158
84,30,1,6,22.87,3.811666666666667
84,30,2,15,50.54,3.369333333333333
84,30,3,6,19.35,3.225
84,30,4,6,6.29,1.0483333333333333
84,33,0,12,33.76,2.813333333333333
84,33,1,10,16.98,1.698
84,33,2,8,9.29,1.16125
84,33,3,13,7.54,0.58
84,33,4,1,0.38,0.38
84,47,0,3,25.76,8.586666666666668
84,47,1,6,39.66,6.609999999999999
84,47,2,1,3.06,3.06
84,47,3,9,13.58,1.508888888888889
84,47,4,13,9.82,0.7553846153846154
84,49,0,16,146.62,9.16375
84,49,1,16,65.04,4.065
84,49,2,10,30.87,3.087
84,49,3,17,49.97,2.9394117647058824
84,49,4,18,31.28,1.7377777777777779
84,50,0,15,12.49,0.8326666666666667
84,50,1,6,3.6,0.6
84,50,2,7,3.54,0.5057142857142857
84,50,3,5,2.48,0.496
84,50,4,19,4.37,0.23
84,60,0,1,6.1,6.1
84,60,1,18,92.96,5.164444444444444
84,60,2,15,76.21,5.080666666666667
84,60,3,18,59.38,3.298888888888889
84,60,4,11,32.26,2.9327272727272726
84,66,0,11,59.08,5.370909090909091
84,66,1,16,82.64,5.165
84,66,2,9,21.7,2.411111111111111
84,66,3,2,3.12,1.56
84,66,4,1,1.14,1.14
84,69,0,7,58.01,8.287142857142857
84,69,1,13,85.63,6.586923076923076
84,69,2,1,3.81,3.81
84,69,3,15,51.94,3.4626666666666663
84,69,4,6,4.97,0.8283333333333333
84,70,0,20,233.15,11.6575
84,70,1,1,9.75,9.75
84,70,2,10,37.67,3.7670000000000003
84,70,3,17,48.37,2.8452941176470588
84,70,4,20,40.42,2.021
84,74,0,1,11.51,11.51
84,74,1,2,22.71,11.355
84,74,2,16,163.69,10.230625
84,74,3,2,19.47,9.735
84,74,4,5,32.35,6.470000000000001
84,75,0,13,138.41,10.646923076923077
84,75,1,10,15.35,1.535
84,75,2,13,17.71,1.3623076923076924
84,75,3,14,14.07,1.0050000000000001
84,75,4,10,7.98,0.798
84,77,0,12,117.95,9.829166666666667
84,77,1,11,71.81,6.528181818181818
84,77,2,14,40.95,2.9250000000000003
84,77,3,13,20.84,1.603076923076923
84,77,4,11,6.34,0.5763636363636363
84,80,0,11,66.33,6.03
84,80,1,20,120.41,6.0205
84,80,2,7,34.99,4.998571428571429
84,80,3,5,13.95,2.79
84,80,4,5,5.46,1.092
84,82,0,9,24.77,2.752222222222222
84,82,1,12,30.73,2.5608333333333335
84,82,2,9,17.56,1.951111111111111
84,82,3,10,18.79,1.879
84,82,4,18,15.32,0.8511111111111112
84,85,0,14,28.09,2.0064285714285712
84,85,1,20,23.9,1.1949999999999998
84,85,2,14,12.29,0.8778571428571428
84,85,3,17,10.22,0.6011764705882353
84,85,4,18,6.32,0.35111111111111115
84,87,0,15,91.26,6.0840000000000005
84,87,1,1,4.2,4.2
84,87,2,18,60.04,3.3355555555555556
84,87,3,3,9.81,3.27
84,87,4,7,18.7,2.6714285714285713
84,88,0,16,103.16,6.4475
84,88,1,5,29.62,5.924
84,88,2,17,66.12,3.8894117647058826
84,88,3,14,44.5,3.1785714285714284
84,88,4,14,14.17,1.0121428571428572
84,89,0,9,36.14,4.015555555555555
84,89,1,15,54.21,3.614
84,89,2,6,20.52,3.42
84,89,3,10,25.96,2.596
84,89,4,18,23.29,1.2938888888888889
84,90,0,20,209.9,10.495000000000001
84,90,1,11,108.33,9.848181818181818
84,90,2,16,139.19,8.699375
84,90,3,20,25.03,1.2515
84,90,4,16,18.82,1.17625
84,93,0,1,1.11,1.11
84,93,1,1,0.87,0.87
84,93,2,2,1.54,0.77
84,93,3,8,5.07,0.63375
84,93,4,2,1.24,0.62
84,94,0,14,73.63,5.259285714285714
84,94,1,9,43.85,4.872222222222223
84,94,2,14,40.74,2.91
84,94,3,19,40.27,2.1194736842105266
84,94,4,17,25.95,1.526470588235294
84,97,0,5,52.84,10.568000000000001
84,97,1,5,39.53,7.906000000000001
84,97,2,6,39.19,6.531666666666666
84,97,3,7,32.36,4.622857142857143
84,97,4,1,2.8,2.8
85,1,0,8,56.68,7.085
85,1,1,4,22.65,5.6625
85,1,2,1,2.55,2.55
85,1,3,7,11.67,1.667142857142857
85,1,4,6,6.34,1.0566666666666666
85,8,0,5,54.42,10.884
85,8,1,2,21.75,10.875
85,8,2,14,150.84,10.774285714285714
85,8,3,14,119.87,8.562142857142858
85,8,4,11,21.27,1.9336363636363636
85,16,0,15,165.33,11.022
85,16,1,7,50.64,7.234285714285714
85,16,2,18,109.39,6.077222222222222
85,16,3,7,17.31,2.472857142857143
85,16,4,20,19.28,0.9640000000000001
85,19,0,6,48.75,8.125
85,19,1,15,99.05,6.6033333333333335
85,19,2,16,97.61,6.100625
85,19,3,20,42.91,2.1454999999999997
85,19,4,18,32.91,1.8283333333333331
85,20,0,19,166.92,8.785263157894736
85,20,1,15,115.8,7.72
85,20,2,20,147.16,7.358
85,20,3,1,3.2,3.2
85,20,4,2,5.58,2.79
85,24,0,17,181.85,10.697058823529412
85,24,1,1,6.17,6.17
85,24,2,9,48.58,5.397777777777778
85,24,3,5,7.16,1.432
85,24,4,8,7.7,0.9625
85,29,0,13,60.32,4.64
85,29,1,7,31.39,4.484285714285714
85,29,2,17,40.38,2.375294117647059
85,29,3,10,21.4,2.1399999999999997
85,29,4,3,3.86,1.2866666666666666
85,30,0,14,41.7,2.9785714285714286
85,30,1,6,15.89,2.6483333333333334
85,30,2,18,30.54,1.6966666666666665
85,30,3,8,10.49,1.31125
85,30,4,17,19.43,1.1429411764705881
85,33,0,18,58.8,3.2666666666666666
85,33,1,2,5.68,2.84
85,33,2,4,9.25,2.3125
85,33,3,1,2.2,2.2
85,33,4,20,22.19,1.1095000000000002
85,47,0,10,80.31,8.031
85,47,1,19,135.93,7.15421052631579
85,47,2,11,73.23,6.657272727272727
85,47,3,5,30.75,6.15
85,47,4,17,86.97,5.115882352941177
85,49,0,18,75.11,4.172777777777778
85,49,1,16,52.66,3.29125
85,49,2,1,2.65,2.65
85,49,3,17,29.05,1.7088235294117649
85,49,4,13,20.55,1.580769230769231
85,50,0,15,25.4,1.6933333333333331
85,50,1,10,15.34,1.534
85,50,2,20,29.42,1.471
85,50,3,5,4.15,0.8300000000000001
85,50,4,20,9.51,0.4755
85,60,0,19,140.68,7.40421052631579
85,60,1,10,66.0,6.6
85,60,2,18,109.26,6.07
85,60,3,20,120.58,6.029
85,60,4,10,46.74,4.674
85,66,0,9,42.24,4.693333333333333
85,66,1,1,3.97,3.97
85,66,2,8,22.55,2.81875
85,66,3,8,13.96,1.745
85,66,4,19,14.15,0.7447368421052631
85,69,0,10,96.53,9.653
85,69,1,3,23.38,7.793333333333333
85,69,2,17,117.47,6.91
85,69,3,20,124.68,6.234
85,69,4,16,26.24,1.64
85,70,0,18,205.47,11.415
85,70,1,12,119.77,9.980833333333333
85,70,2,18,62.92,3.4955555555555557
85,70,3,14,47.46,3.39
85,70,4,4,8.78,2.195
85,74,0,4,42.36,10.59
85,74,1,16,164.96,10.31
85,74,2,13,133.09,10.237692307692308
85,74,3,14,122.07,8.719285714285714
85,74,4,11,60.39,5.49
85,75,0,1,9.23,9.23
85,75,1,5,41.34,8.268
85,75,2,14,106.04,7.574285714285715
85,75,3,7,35.11,5.015714285714286
85,75,4,11,19.02,1.729090909090909
85,77,0,13,144.17,11.09
85,77,1,8,48.62,6.0775
85,77,2,16,56.9,3.55625
85,77,3,19,53.69,2.8257894736842104
85,77,4,10,17.01,1.701
85,80,0,11,94.58,8.598181818181818
85,80,1,5,32.95,6.590000000000001
85,80,2,13,66.19,5.091538461538462
85,80,3,10,46.76,4.676
85,80,4,20,79.45,3.9725
85,82,0,16,36.57,2.285625
85,82,1,14,13.02,0.9299999999999999
85,82,2,10,5.68,0.568
85,82,3,5,2.29,0.458
85,82,4,10,1.57,0.157
85,84,0,18,31.92,1.7733333333333334
85,84,1,2,1.26,0.63
85,84,2,9,4.52,0.5022222222222221
85,84,3,12,4.71,0.3925
85,84,4,11,4.04,0.36727272727272725
85,87,0,18,107.99,5.999444444444444
85,87,1,19,100.38,5.283157894736842
85,87,2,9,31.2,3.466666666666667
85,87,3,10,13.27,1.327
85,87,4,18,18.86,1.0477777777777777
85,88,0,15,144.42,9.627999999999998
85,88,1,6,46.81,7.801666666666667
85,88,2,18,101.87,5.6594444444444445
85,88,3,10,41.11,4.111
85,88,4,12,17.54,1.4616666666666667
85,89,0,1,3.4,3.4
85,89,1,17,45.54,2.6788235294117646
85,89,2,1,1.96,1.96
85,89,3,14,15.55,1.1107142857142858
85,89,4,10,3.69,0.369
85,90,0,11,84.6,7.6909090909090905
85,90,1,12,89.11,7.425833333333333
85,90,2,12,61.19,5.099166666666666
85,90,3,5,23.85,4.7700000000000005
85,90,4,15,14.02,0.9346666666666666
85,93,0,10,37.29,3.729
85,93,1,3,10.47,3.49
85,93,2,2,6.67,3.335
85,93,3,19,45.59,2.3994736842105264
85,93,4,18,8.17,0.4538888888888889
85,94,0,3,13.34,4.446666666666666
85,94,1,13,48.9,3.7615384615384615
85,94,2,11,23.21,2.11
85,94,3,4,2.57,0.6425
85,94,4,14,7.06,0.5042857142857142
85,97,0,18,223.22,12.401111111111112
85,97,1,8,42.03,5.25375
85,97,2,2,7.65,3.825
85,97,3,14,41.21,2.9435714285714285
85,97,4,16,21.16,1.3225
87,1,0,9,46.32,5.1466666666666665
87,1,1,8,25.97,3.24625
87,1,2,17,54.96,3.232941176470588
87,1,3,16,49.03,3.064375
87,1,4,20,20.2,1.01
87,8,0,14,70.82,5.058571428571428
87,8,1,1,3.56,3.56
87,8,2,12,37.17,3.0975
87,8,3,17,36.18,2.1282352941176472
87,8,4,1,2.0,2.0
87,16,0,4,13.86,3.465
87,16,1,19,65.12,3.427368421052632
87,16,2,10,30.45,3.045
87,16,3,20,58.81,2.9405
87,16,4,3,1.75,0.5833333333333334
87,19,0,15,38.93,2.5953333333333335
87,19,1,19,45.29,2.3836842105263156
87,19,2,8,18.45,2.30625
87,19,3,1,2.11,2.11
87,19,4,6,11.42,1.9033333333333333
87,20,0,13,43.8,3.369230769230769
87,20,1,19,62.47,3.287894736842105
87,20,2,13,20.84,1.603076923076923
87,20,3,16,13.83,0.864375
87,20,4,10,5.46,0.546
87,24,0,7,24.97,3.567142857142857
87,24,1,8,28.53,3.56625
87,24,2,3,9.39,3.1300000000000003
87,24,3,13,15.75,1.2115384615384615
87,24,4,10,10.94,1.0939999999999999
87,29,0,3,11.57,3.856666666666667
87,29,1,14,49.65,3.5464285714285713
87,29,2,17,41.56,2.4447058823529413
87,29,3,3,6.88,2.2933333333333334
87,29,4,14,20.89,1.4921428571428572
87,30,0,1,2.5,2.5
87,30,1,8,11.52,1.44
87,30,2,10,3.76,0.376
87,30,3,17,3.79,0.22294117647058823
87,30,4,14,2.04,0.1457142857142857
87,33,0,4,13.67,3.4175
87,33,1,11,31.99,2.908181818181818
87,33,2,2,4.97,2.485
87,33,3,13,29.18,2.2446153846153845
87,33,4,15,26.52,1.768
87,47,0,1,3.4,3.4
87,47,1,10,17.71,1.7710000000000001
87,47,2,6,7.1,1.1833333333333333
87,47,3,12,6.96,0.58
87,47,4,20,3.35,0.1675
87,49,0,17,48.67,2.8629411764705885
87,49,1,20,56.55,2.8274999999999997
87,49,2,3,7.31,2.4366666666666665
87,49,3,11,9.39,0.8536363636363636
87,49,4,17,8.21,0.48294117647058826
87,50,0,9,52.4,5.822222222222222
87,50,1,7,20.17,2.8814285714285717
87,50,2,13,15.64,1.2030769230769232
87,50,3,10,5.72,0.572
87,50,4,16,4.17,0.260625
87,60,0,13,14.67,1.1284615384615384
87,60,1,6,4.69,0.7816666666666667
87,60,2,9,3.62,0.40222222222222226
87,60,3,2,0.5,0.25
87,60,4,3,0.59,0.19666666666666666
87,66,0,10,13.84,1.384
87,66,1,2,2.57,1.285
87,66,2,7,6.78,0.9685714285714286
87,66,3,12,5.89,0.4908333333333333
87,66,4,16,3.53,0.220625
87,69,0,3,5.38,1.7933333333333332
87,69,1,14,16.38,1.17
87,69,2,4,4.54,1.135
87,69,3,19,8.3,0.4368421052631579
87,69,4,17,3.72,0.21882352941176472
87,70,0,8,45.71,5.71375
87,70,1,6,22.32,3.72
87,70,2,15,28.91,1.9273333333333333
87,70,3,18,25.85,1.4361111111111111
87,70,4,12,10.79,0.8991666666666666
87,74,0,18,121.06,6.725555555555555
87,74,1,9,40.26,4.473333333333333
87,74,2,15,39.55,2.6366666666666663
87,74,3,20,49.67,2.4835000000000003
87,74,4,6,13.18,2.1966666666666668
87,75,0,15,31.98,2.132
87,75,1,4,6.66,1.665
87,75,2,18,17.27,0.9594444444444444
87,75,3,18,9.67,0.5372222222222223
87,75,4,19,9.0,0.47368421052631576
87,77,0,12,67.63,5.635833333333333
87,77,1,11,58.96,5.36
87,77,2,17,73.35,4.314705882352941
87,77,3,10,27.01,2.701
87,77,4,13,18.97,1.459230769230769
87,80,0,6,14.26,2.3766666666666665
87,80,1,6,8.64,1.4400000000000002
87,80,2,5,5.23,1.046
87,80,3,20,20.02,1.001
87,80,4,14,4.83,0.34500000000000003
87,82,0,4,21.77,5.4425
87,82,1,16,69.77,4.360625
87,82,2,1,2.8,2.8
87,82,3,8,16.96,2.12
87,82,4,16,8.32,0.52
87,84,0,5,30.35,6.07
87,84,1,10,54.94,5.494
87,84,2,7,32.94,4.7057142857142855
87,84,3,6,8.86,1.4766666666666666
87,84,4,17,20.08,1.1811764705882353
87,85,0,3,23.06,7.6866666666666665
87,85,1,15,109.64,7.309333333333333
87,85,2,12,81.23,6.769166666666667
87,85,3,14,72.56,5.182857142857143
87,85,4,6,5.47,0.9116666666666666
87,88,0,17,51.01,3.0005882352941176
87,88,1,3,8.2,2.733333333333333
87,88,2,14,28.21,2.015
87,88,3,10,18.6,1.86
87,88,4,12,10.16,0.8466666666666667
87,89,0,8,49.87,6.23375
87,89,1,5,20.41,4.082
87,89,2,13,45.01,3.462307692307692
87,89,3,17,23.25,1.3676470588235294
87,89,4,8,10.32,1.29
87,90,0,20,49.57,2.4785
87,90,1,2,3.19,1.595
87,90,2,20,30.06,1.503
87,90,3,19,26.18,1.3778947368421053
87,90,4,19,18.92,0.9957894736842107
87,93,0,4,14.2,3.55
87,93,1,1,2.47,2.47
87,93,2,6,14.59,2.4316666666666666
87,93,3,8,15.92,1.99
87,93,4,8,13.44,1.68
87,94,0,2,1.64,0.82
87,94,1,13,8.73,0.6715384615384615
87,94,2,17,11.41,0.6711764705882353
87,94,3,4,1.69,0.4225
87,94,4,1,0.08,0.08
87,97,0,16,68.78,4.29875
87,97,1,17,60.06,3.5329411764705885
87,97,2,17,30.26,1.78
87,97,3,3,3.78,1.26
87,97,4,10,8.94,0.8939999999999999
88,1,0,17,47.47,2.7923529411764707
88,1,1,17,44.25,2.6029411764705883
88,1,2,14,28.03,2.0021428571428572
88,1,3,4,7.53,1.8825
88,1,4,18,20.13,1.1183333333333332
88,8,0,1,1.97,1.97
88,8,1,2,3.5,1.75
88,8,2,17,26.91,1.5829411764705883
88,8,3,19,22.52,1.1852631578947368
88,8,4,4,0.63,0.1575
88,16,0,9,13.13,1.458888888888889
88,16,1,8,7.0,0.875
88,16,2,20,14.45,0.7224999999999999
88,16,3,10,4.65,0.465
88,16,4,17,5.23,0.30764705882352944
88,19,0,9,13.71,1.5233333333333334
88,19,1,3,3.78,1.26
88,19,2,5,3.94,0.788
88,19,3,19,8.77,0.46157894736842103
88,19,4,1,0.32,0.32
88,20,0,10,2.61,0.261
88,20,1,13,2.27,0.17461538461538462
88,20,2,15,0.52,0.034666666666666665
88,20,3,12,0.4,0.03333333333333333
88,20,4,19,0.31,0.01631578947368421
88,24,0,4,10.59,2.6475
88,24,1,15,9.59,0.6393333333333333
88,24,2,7,1.67,0.23857142857142857
88,24,3,20,4.21,0.2105
88,24,4,18,2.66,0.14777777777777779
88,29,0,5,19.01,3.8020000000000005
88,29,1,13,38.88,2.990769230769231
88,29,2,6,13.64,2.2733333333333334
88,29,3,10,13.36,1.3359999999999999
88,29,4,11,12.95,1.1772727272727272
88,30,0,3,5.66,1.8866666666666667
88,30,1,14,19.54,1.3957142857142857
88,30,2,7,9.47,1.352857142857143
88,30,3,15,19.68,1.312
88,30,4,12,5.61,0.4675
88,33,0,11,65.85,5.986363636363635
88,33,1,18,75.12,4.173333333333334
88,33,2,5,12.21,2.442
88,33,3,9,21.09,2.3433333333333333
88,33,4,10,7.97,0.7969999999999999
88,47,0,2,6.38,3.19
88,47,1,7,18.18,2.597142857142857
88,47,2,19,40.13,2.1121052631578947
88,47,3,2,3.74,1.87
88,47,4,11,14.48,1.3163636363636364
88,49,0,7,14.65,2.092857142857143
88,49,1,16,30.49,1.905625
88,49,2,8,13.99,1.74875
88,49,3,16,26.15,1.634375
88,49,4,13,10.24,0.7876923076923077
88,50,0,10,61.67,6.167
88,50,1,9,50.74,5.637777777777778
88,50,2,13,70.07,5.39
88,50,3,14,41.65,2.975
88,50,4,15,41.29,2.752666666666667
88,60,0,15,48.93,3.262
88,60,1,20,45.92,2.2960000000000003
88,60,2,14,28.86,2.0614285714285714
88,60,3,14,16.38,1.17
88,60,4,13,9.28,0.7138461538461538
88,66,0,15,38.73,2.582
88,66,1,6,11.86,1.9766666666666666
88,66,2,14,17.8,1.2714285714285716
88,66,3,5,2.85,0.5700000000000001
88,66,4,19,8.24,0.4336842105263158
88,69,0,8,22.13,2.76625
88,69,1,3,7.29,2.43
88,69,2,7,16.54,2.3628571428571425
88,69,3,16,33.62,2.10125
88,69,4,7,13.07,1.8671428571428572
88,70,0,9,23.92,2.657777777777778
88,70,1,6,12.1,2.0166666666666666
88,70,2,11,16.82,1.529090909090909
88,70,3,8,3.87,0.48375
88,70,4,20,4.19,0.20950000000000002
88,74,0,12,45.43,3.785833333333333
88,74,1,13,29.9,2.3
88,74,2,4,8.09,2.0225
88,74,3,8,5.48,0.685
88,74,4,4,0.99,0.2475
88,75,0,19,42.37,2.23
88,75,1,11,22.61,2.055454545454545
88,75,2,15,20.47,1.3646666666666667
88,75,3,15,15.47,1.0313333333333334
88,75,4,4,2.81,0.7025
88,77,0,2,3.94,1.97
88,77,1,7,11.22,1.602857142857143
88,77,2,2,2.43,1.215
88,77,3,12,11.74,0.9783333333333334
88,77,4,4,2.3,0.575
88,80,0,6,7.63,1.2716666666666667
88,80,1,9,11.01,1.2233333333333334
88,80,2,8,6.72,0.84
88,80,3,10,7.84,0.784
88,80,4,6,4.02,0.6699999999999999
88,82,0,4,23.63,5.9075
88,82,1,18,93.36,5.1866666666666665
88,82,2,20,74.5,3.725
88,82,3,11,26.91,2.4463636363636363
88,82,4,2,3.2,1.6
88,84,0,2,16.01,8.005
88,84,1,8,56.53,7.06625
88,84,2,20,74.75,3.7375
88,84,3,19,41.34,2.1757894736842105
88,84,4,14,19.24,1.374285714285714
88,85,0,1,8.64,8.64
88,85,1,7,55.44,7.92
88,85,2,13,51.29,3.9453846153846155
88,85,3,11,33.55,3.05
88,85,4,3,3.78,1.26
88,87,0,8,29.91,3.73875
88,87,1,7,7.15,1.0214285714285716
88,87,2,3,2.36,0.7866666666666666
88,87,3,1,0.36,0.36
88,87,4,13,2.02,0.1553846153846154
88,89,0,9,40.71,4.523333333333333
88,89,1,7,25.37,3.6242857142857146
88,89,2,10,21.77,2.177
88,89,3,19,26.84,1.4126315789473685
88,89,4,19,23.79,1.2521052631578946
88,90,0,14,33.48,2.391428571428571
88,90,1,18,30.6,1.7000000000000002
88,90,2,3,4.96,1.6533333333333333
88,90,3,11,12.23,1.1118181818181818
88,90,4,17,12.15,0.7147058823529412
88,93,0,14,76.08,5.434285714285714
88,93,1,7,37.66,5.38
88,93,2,8,41.12,5.14
88,93,3,6,29.63,4.9383333333333335
88,93,4,17,36.42,2.142352941176471
88,94,0,16,33.24,2.0775
88,94,1,1,2.03,2.03
88,94,2,18,29.24,1.6244444444444444
88,94,3,18,19.06,1.0588888888888888
88,94,4,19,11.53,0.6068421052631578
88,97,0,9,39.69,4.41
88,97,1,8,32.56,4.07
88,97,2,15,43.96,2.9306666666666668
88,97,3,18,22.42,1.2455555555555557
88,97,4,1,1.04,1.04
89,1,0,2,11.32,5.66
89,1,1,9,39.56,4.395555555555556
89,1,2,12,44.28,3.69
89,1,3,17,31.63,1.8605882352941177
89,1,4,2,3.23,1.615
89,8,0,12,120.35,10.029166666666667
89,8,1,19,131.79,6.936315789473684
89,8,2,20,99.63,4.9815
89,8,3,13,36.5,2.8076923076923075
89,8,4,15,40.99,2.732666666666667
89,16,0,11,104.75,9.522727272727273
89,16,1,5,46.83,9.366
89,16,2,16,79.25,4.953125
89,16,3,17,74.87,4.404117647058824
89,16,4,10,34.74,3.474
89,19,0,11,89.06,8.096363636363636
89,19,1,14,110.87,7.9192857142857145
89,19,2,12,89.2,7.433333333333334
89,19,3,10,56.26,5.6259999999999994
89,19,4,16,34.37,2.148125
89,20,0,16,112.75,7.046875
89,20,1,14,59.04,4.217142857142857
89,20,2,19,21.9,1.1526315789473685
89,20,3,10,11.13,1.113
89,20,4,3,1.81,0.6033333333333334
89,24,0,6,56.0,9.333333333333334
89,24,1,6,54.5,9.083333333333334
89,24,2,15,84.08,5.605333333333333
89,24,3,17,27.08,1.592941176470588
89,24,4,2,1.63,0.815
89,29,0,12,47.55,3.9625
89,29,1,2,5.73,2.865
89,29,2,15,36.41,2.427333333333333
89,29,3,4,8.46,2.115
89,29,4,9,16.9,1.8777777777777775
89,30,0,17,77.06,4.5329411764705885
89,30,1,19,74.34,3.9126315789473685
89,30,2,4,14.89,3.7225
89,30,3,6,15.34,2.5566666666666666
89,30,4,9,6.54,0.7266666666666667
89,33,0,5,17.53,3.5060000000000002
89,33,1,20,63.68,3.184
89,33,2,16,44.34,2.77125
89,33,3,18,43.55,2.4194444444444443
89,33,4,19,35.88,1.888421052631579
89,47,0,10,110.75,11.075
89,47,1,3,30.26,10.086666666666668
89,47,2,12,106.29,8.8575
89,47,3,4,10.51,2.6275
89,47,4,16,7.71,0.481875
89,49,0,6,35.39,5.898333333333333
89,49,1,1,3.14,3.14
89,49,2,19,56.44,2.9705263157894737
89,49,3,10,19.37,1.937
89,49,4,10,7.45,0.745
89,50,0,4,10.54,2.635
89,50,1,10,18.81,1.8809999999999998
89,50,2,16,27.58,1.72375
89,50,3,20,22.41,1.1205
89,50,4,2,2.11,1.055
89,60,0,7,58.35,8.335714285714285
89,60,1,14,109.16,7.797142857142857
89,60,2,20,130.78,6.539
89,60,3,11,67.95,6.177272727272728
89,60,4,5,30.71,6.142
89,66,0,6,37.5,6.25
89,66,1,6,28.35,4.7250000000000005
89,66,2,6,27.45,4.575
89,66,3,11,40.28,3.661818181818182
89,66,4,2,3.43,1.715
89,69,0,14,56.22,4.015714285714286
89,69,1,4,16.03,4.0075
89,69,2,1,3.49,3.49
89,69,3,8,14.69,1.83625
89,69,4,3,5.01,1.67
89,70,0,3,17.39,5.796666666666667
89,70,1,1,4.56,4.56
89,70,2,17,50.79,2.9876470588235295
89,70,3,2,4.99,2.495
89,70,4,5,5.01,1.002
89,74,0,18,172.42,9.578888888888889
89,74,1,11,41.68,3.789090909090909
89,74,2,8,28.99,3.62375
89,74,3,7,19.29,2.755714285714286
89,74,4,19,18.13,0.9542105263157894
89,75,0,7,62.2,8.885714285714286
89,75,1,16,121.87,7.616875
89,75,2,15,59.15,3.9433333333333334
89,75,3,12,16.08,1.3399999999999999
89,75,4,11,9.68,0.88
89,77,0,13,112.58,8.66
89,77,1,2,12.37,6.185
89,77,2,20,65.27,3.2634999999999996
89,77,3,6,18.9,3.15
89,77,4,3,7.3,2.433333333333333
89,80,0,17,118.91,6.994705882352941
89,80,1,14,76.5,5.464285714285714
89,80,2,16,86.91,5.431875
89,80,3,15,30.78,2.052
89,80,4,9,3.92,0.43555555555555553
89,82,0,11,20.79,1.89
89,82,1,11,18.76,1.7054545454545456
89,82,2,6,7.98,1.33
89,82,3,15,17.23,1.1486666666666667
89,82,4,12,12.87,1.0725
89,84,0,8,38.78,4.8475
89,84,1,17,41.61,2.4476470588235295
89,84,2,19,38.59,2.0310526315789477
89,84,3,19,35.92,1.8905263157894738
89,84,4,7,9.32,1.3314285714285714
89,85,0,12,24.7,2.058333333333333
89,85,1,12,20.64,1.72
89,85,2,13,14.77,1.136153846153846
89,85,3,2,1.15,0.575
89,85,4,15,5.97,0.39799999999999996
89,87,0,18,144.32,8.017777777777777
89,87,1,14,81.86,5.847142857142857
89,87,2,15,49.43,3.2953333333333332
89,87,3,4,3.49,0.8725
89,87,4,4,3.47,0.8675
89,88,0,7,50.89,7.2700000000000005
89,88,1,18,113.02,6.278888888888889
89,88,2,5,14.52,2.904
89,88,3,20,27.97,1.3984999999999999
89,88,4,8,8.96,1.12
89,90,0,1,7.64,7.64
89,90,1,5,33.47,6.694
89,90,2,16,94.29,5.893125
89,90,3,7,32.97,4.71
89,90,4,10,26.55,2.6550000000000002
89,93,0,6,31.81,5.301666666666667
89,93,1,1,5.16,5.16
89,93,2,2,7.33,3.665
89,93,3,15,53.03,3.5353333333333334
89,93,4,17,56.85,3.3441176470588236
89,94,0,9,49.42,5.4911111111111115
89,94,1,17,55.89,3.2876470588235294
89,94,2,18,49.96,2.7755555555555556
89,94,3,17,42.86,2.521176470588235
89,94,4,3,7.12,2.3733333333333335
89,97,0,14,144.15,10.296428571428573
89,97,1,7,48.99,6.998571428571429
89,97,2,16,53.41,3.338125
89,97,3,2,5.66,2.83
89,97,4,3,2.84,0.9466666666666667
90,1,0,17,9.86,0.58
90,1,1,9,3.14,0.3488888888888889
90,1,2,1,0.19,0.19
90,1,3,14,2.25,0.16071428571428573
90,1,4,20,0.49,0.0245
90,8,0,15,19.66,1.3106666666666666
90,8,1,2,2.51,1.255
90,8,2,1,1.14,1.14
90,8,3,10,8.17,0.817
90,8,4,3,0.68,0.22666666666666668
90,16,0,20,62.14,3.107
90,16,1,5,13.59,2.718
90,16,2,15,31.03,2.0686666666666667
90,16,3,5,6.07,1.214
90,16,4,7,3.63,0.5185714285714286
90,19,0,1,3.14,3.14
90,19,1,14,37.6,2.685714285714286
90,19,2,18,41.6,2.3111111111111113
90,19,3,7,8.34,1.1914285714285715
90,19,4,10,9.0,0.9
90,20,0,20,48.27,2.4135
90,20,1,3,5.04,1.68
90,20,2,18,28.57,1.5872222222222223
90,20,3,6,4.71,0.785
90,20,4,6,3.57,0.595
90,24,0,7,21.52,3.0742857142857143
90,24,1,20,43.25,2.1625
90,24,2,11,13.99,1.2718181818181817
90,24,3,13,16.34,1.2569230769230768
90,24,4,19,5.83,0.3068421052631579
90,29,0,12,85.23,7.1025
90,29,1,2,12.25,6.125
90,29,2,8,29.54,3.6925
90,29,3,5,10.69,2.138
90,29,4,6,8.26,1.3766666666666667
90,30,0,19,77.2,4.063157894736842
90,30,1,10,30.98,3.098
90,30,2,1,2.09,2.09
90,30,3,6,11.47,1.9116666666666668
90,30,4,19,13.83,0.7278947368421053
90,33,0,15,122.93,8.195333333333334
90,33,1,12,88.69,7.390833333333333
90,33,2,12,72.13,6.010833333333333
90,33,3,20,108.12,5.406000000000001
90,33,4,16,85.77,5.360625
90,47,0,1,4.22,4.22
90,47,1,11,42.0,3.8181818181818183
90,47,2,15,56.32,3.7546666666666666
90,47,3,16,28.98,1.81125
90,47,4,18,13.55,0.7527777777777778
90,49,0,13,25.42,1.9553846153846155
90,49,1,9,13.58,1.508888888888889
90,49,2,10,10.98,1.098
90,49,3,5,4.88,0.976
90,49,4,13,1.79,0.1376923076923077
90,50,0,1,9.09,9.09
90,50,1,7,54.04,7.72
90,50,2,4,26.8,6.7
90,50,3,14,66.79,4.770714285714286
90,50,4,3,1.8,0.6
90,60,0,7,33.47,4.781428571428571
90,60,1,1,4.39,4.39
90,60,2,15,44.09,2.9393333333333334
90,60,3,4,4.58,1.145
90,60,4,19,13.61,0.7163157894736841
90,66,0,4,22.91,5.7275
90,66,1,7,39.57,5.652857142857143
90,66,2,18,99.47,5.526111111111111
90,66,3,17,63.34,3.7258823529411766
90,66,4,10,32.5,3.25
90,69,0,4,8.28,2.07
90,69,1,6,10.69,1.7816666666666665
90,69,2,16,27.04,1.69
90,69,3,11,17.18,1.5618181818181818
90,69,4,11,9.9,0.9
90,70,0,3,3.35,1.1166666666666667
90,70,1,20,19.71,0.9855
90,70,2,20,17.84,0.892
90,70,3,5,4.26,0.852
90,70,4,12,2.29,0.19083333333333333
90,74,0,20,20.32,1.016
90,74,1,4,3.59,0.8975
90,74,2,14,8.24,0.5885714285714286
90,74,3,12,3.62,0.3016666666666667
90,74,4,1,0.28,0.28
90,75,0,17,38.65,2.273529411764706
90,75,1,13,28.63,2.2023076923076923
90,75,2,8,8.54,1.0675
90,75,3,11,7.2,0.6545454545454545
90,75,4,13,5.23,0.40230769230769237
90,77,0,17,5.58,0.32823529411764707
90,77,1,2,0.46,0.23
90,77,2,8,1.67,0.20875
90,77,3,20,3.7,0.185
90,77,4,15,0.35,0.02333333333333333
90,80,0,7,27.94,3.9914285714285715
90,80,1,12,32.83,2.7358333333333333
90,80,2,11,21.56,1.96
90,80,3,20,38.83,1.9415
90,80,4,1,1.15,1.15
90,82,0,11,99.53,9.048181818181819
90,82,1,6,33.79,5.631666666666667
90,82,2,15,56.94,3.796
90,82,3,3,6.02,2.0066666666666664
90,82,4,2,1.39,0.695
90,84,0,1,9.68,9.68
90,84,1,14,120.11,8.579285714285714
90,84,2,16,124.48,7.78
90,84,3,14,102.52,7.322857142857143
90,84,4,7,34.3,4.8999999999999995
90,85,0,1,11.57,11.57
90,85,1,5,55.47,11.094
90,85,2,20,218.33,10.916500000000001
90,85,3,15,69.43,4.628666666666667
90,85,4,10,44.36,4.436
90,87,0,13,62.21,4.785384615384616
90,87,1,13,45.78,3.5215384615384617
90,87,2,11,30.5,2.772727272727273
90,87,3,16,36.74,2.29625
90,87,4,14,19.54,1.3957142857142857
90,88,0,18,47.01,2.6116666666666664
90,88,1,18,45.71,2.5394444444444444
90,88,2,9,18.6,2.066666666666667
90,88,3,8,15.61,1.95125
90,88,4,16,14.94,0.93375
90,89,0,2,18.07,9.035
90,89,1,20,153.83,7.6915000000000004
90,89,2,18,80.89,4.493888888888889
90,89,3,9,36.66,4.073333333333333
90,89,4,4,4.0,1.0
90,93,0,14,138.38,9.884285714285713
90,93,1,14,118.52,8.465714285714286
90,93,2,3,23.73,7.91
90,93,3,20,127.43,6.3715
90,93,4,19,75.26,3.961052631578948
90,94,0,1,5.49,5.49
90,94,1,12,54.28,4.523333333333333
90,94,2,12,34.4,2.8666666666666667
90,94,3,11,23.12,2.101818181818182
90,94,4,14,23.65,1.6892857142857143
90,97,0,4,22.75,5.6875
90,97,1,18,74.46,4.136666666666667
90,97,2,12,42.59,3.549166666666667
90,97,3,10,34.99,3.499
90,97,4,3,8.29,2.763333333333333
93,1,0,7,56.97,8.138571428571428
93,1,1,13,102.62,7.893846153846154
93,1,2,4,22.66,5.665
93,1,3,6,21.21,3.535
93,1,4,3,4.3,1.4333333333333333
93,8,0,4,37.53,9.3825
93,8,1,14,90.45,6.460714285714286
93,8,2,4,10.55,2.6375
93,8,3,19,38.6,2.031578947368421
93,8,4,18,15.23,0.8461111111111111
93,16,0,2,16.12,8.06
93,16,1,10,53.09,5.309
93,16,2,3,14.91,4.97
93,16,3,2,9.15,4.575
93,16,4,15,42.12,2.808
93,19,0,7,41.37,5.909999999999999
93,19,1,14,81.89,5.849285714285714
93,19,2,18,77.93,4.329444444444444
93,19,3,10,16.02,1.6019999999999999
93,19,4,13,6.98,0.536923076923077
93,20,0,5,35.8,7.159999999999999
93,20,1,7,36.27,5.1814285714285715
93,20,2,12,57.68,4.806666666666667
93,20,3,2,8.59,4.295
93,20,4,19,20.41,1.0742105263157895
93,24,0,19,151.37,7.966842105263158
93,24,1,2,14.87,7.435
93,24,2,1,5.95,5.95
93,24,3,13,64.45,4.957692307692308
93,24,4,14,37.81,2.700714285714286
93,29,0,10,17.77,1.777
93,29,1,6,8.62,1.4366666666666665
93,29,2,8,7.62,0.9525
93,29,3,13,9.49,0.73
93,29,4,20,10.18,0.509
93,30,0,6,33.48,5.579999999999999
93,30,1,2,9.27,4.635
93,30,2,16,58.7,3.66875
93,30,3,3,7.21,2.4033333333333333
93,30,4,13,6.03,0.46384615384615385
93,33,0,13,16.87,1.2976923076923077
93,33,1,8,9.18,1.1475
93,33,2,11,8.21,0.7463636363636365
93,33,3,15,6.43,0.42866666666666664
93,33,4,17,3.85,0.22647058823529412
93,47,0,5,40.74,8.148
93,47,1,6,34.53,5.755
93,47,2,17,74.22,4.365882352941177
93,47,3,1,2.63,2.63
93,47,4,20,14.49,0.7245
93,49,0,15,109.16,7.277333333333333
93,49,1,13,82.21,6.323846153846153
93,49,2,20,71.98,3.599
93,49,3,15,14.16,0.9440000000000001
93,49,4,7,5.58,0.7971428571428572
93,50,0,13,22.65,1.7423076923076921
93,50,1,5,7.19,1.4380000000000002
93,50,2,16,19.66,1.22875
93,50,3,5,4.35,0.8699999999999999
93,50,4,6,4.45,0.7416666666666667
93,60,0,10,66.68,6.668000000000001
93,60,1,3,12.06,4.0200000000000005
93,60,2,8,24.13,3.01625
93,60,3,8,10.0,1.25
93,60,4,13,6.76,0.52
93,66,0,7,15.43,2.204285714285714
93,66,1,2,2.67,1.335
93,66,2,3,3.53,1.1766666666666665
93,66,3,12,7.05,0.5875
93,66,4,19,9.13,0.48052631578947375
93,69,0,9,60.4,6.711111111111111
93,69,1,9,51.58,5.731111111111111
93,69,2,6,17.11,2.8516666666666666
93,69,3,3,8.55,2.85
93,69,4,5,9.79,1.9579999999999997
93,70,0,17,164.64,9.68470588235294
93,70,1,12,101.09,8.424166666666666
93,70,2,7,38.65,5.521428571428571
93,70,3,12,33.63,2.8025
93,70,4,11,29.81,2.71
93,74,0,7,68.2,9.742857142857144
93,74,1,3,24.93,8.31
93,74,2,5,40.18,8.036
93,74,3,19,123.04,6.475789473684211
93,74,4,8,46.86,5.8575
93,75,0,10,84.37,8.437000000000001
93,75,1,9,70.92,7.88
93,75,2,15,112.37,7.491333333333333
93,75,3,1,5.06,5.06
93,75,4,5,13.59,2.718
93,77,0,10,76.79,7.679
93,77,1,16,95.27,5.954375
93,77,2,7,39.47,5.638571428571429
93,77,3,6,26.58,4.43
93,77,4,10,36.77,3.6770000000000005
93,80,0,20,123.39,6.1695
93,80,1,12,65.8,5.483333333333333
93,80,2,9,36.42,4.046666666666667
93,80,3,19,55.28,2.909473684210526
93,80,4,12,3.62,0.3016666666666667
93,82,0,3,8.61,2.8699999999999997
93,82,1,5,14.16,2.832
93,82,2,12,31.09,2.5908333333333333
93,82,3,1,2.38,2.38
93,82,4,12,4.38,0.365
93,84,0,8,12.99,1.62375
93,84,1,2,3.0,1.5
93,84,2,6,8.25,1.375
93,84,3,6,8.12,1.3533333333333333
93,84,4,4,4.44,1.11
93,85,0,1,3.42,3.42
93,85,1,11,37.01,3.3645454545454543
93,85,2,11,27.92,2.5381818181818185
93,85,3,9,21.12,2.3466666666666667
93,85,4,19,38.29,2.015263157894737
93,87,0,17,76.27,4.486470588235294
93,87,1,16,71.56,4.4725
93,87,2,12,33.44,2.7866666666666666
93,87,3,16,36.93,2.308125
93,87,4,7,5.91,0.8442857142857143
93,88,0,2,13.98,6.99
93,88,1,20,116.42,5.821
93,88,2,12,50.19,4.1825
93,88,3,11,35.94,3.267272727272727
93,88,4,11,25.99,2.362727272727273
93,89,0,13,61.2,4.707692307692308
93,89,1,18,42.73,2.3738888888888887
93,89,2,1,0.63,0.63
93,89,3,10,4.9,0.49000000000000005
93,89,4,6,1.92,0.32
93,90,0,13,107.98,8.306153846153846
93,90,1,17,113.0,6.647058823529412
93,90,2,20,117.86,5.893
93,90,3,2,6.62,3.31
93,90,4,15,41.12,2.741333333333333
93,94,0,14,56.36,4.025714285714286
93,94,1,9,36.22,4.024444444444445
93,94,2,16,28.06,1.75375
93,94,3,5,6.01,1.202
93,94,4,14,11.48,0.8200000000000001
93,97,0,16,93.61,5.850625
93,97,1,19,110.63,5.822631578947369
93,97,2,13,59.19,4.553076923076923
93,97,3,2,3.85,1.925
93,97,4,7,10.63,1.5185714285714287
94,1,0,7,43.08,6.154285714285714
94,1,1,12,44.07,3.6725
94,1,2,13,46.15,3.55
94,1,3,1,2.66,2.66
94,1,4,1,1.17,1.17
94,8,0,10,50.1,5.01
94,8,1,13,43.27,3.328461538461539
94,8,2,18,58.43,3.246111111111111
94,8,3,4,10.15,2.5375
94,8,4,18,8.28,0.45999999999999996
94,16,0,16,61.31,3.831875
94,16,1,5,14.55,2.91
94,16,2,8,20.3,2.5375
94,16,3,10,9.93,0.993
94,16,4,13,6.04,0.4646153846153846
94,19,0,11,27.7,2.518181818181818
94,19,1,10,24.51,2.451
94,19,2,8,10.28,1.285
94,19,3,4,2.55,0.6375
94,19,4,12,4.52,0.37666666666666665
94,20,0,12,33.57,2.7975
94,20,1,8,21.66,2.7075
94,20,2,20,48.36,2.418
94,20,3,11,21.63,1.9663636363636363
94,20,4,4,5.81,1.4525
94,24,0,14,56.74,4.052857142857143
94,24,1,8,26.5,3.3125
94,24,2,9,17.66,1.9622222222222223
94,24,3,1,0.91,0.91
94,24,4,19,12.87,0.6773684210526315
94,29,0,10,13.01,1.301
94,29,1,17,19.4,1.1411764705882352
94,29,2,18,18.12,1.0066666666666668
94,29,3,9,6.81,0.7566666666666666
94,29,4,9,5.46,0.6066666666666667
94,30,0,1,1.86,1.86
94,30,1,5,5.39,1.0779999999999998
94,30,2,4,4.06,1.015
94,30,3,9,5.68,0.6311111111111111
94,30,4,7,2.17,0.31
94,33,0,6,15.22,2.5366666666666666
94,33,1,3,6.29,2.0966666666666667
94,33,2,15,26.01,1.7340000000000002
94,33,3,14,10.25,0.7321428571428571
94,33,4,9,3.92,0.43555555555555553
94,47,0,4,16.39,4.0975
94,47,1,2,6.75,3.375
94,47,2,20,34.02,1.701
94,47,3,12,11.1,0.9249999999999999
94,47,4,2,1.49,0.745
94,49,0,13,29.57,2.2746153846153847
94,49,1,3,5.29,1.7633333333333334
94,49,2,20,30.08,1.504
94,49,3,20,29.01,1.4505000000000001
94,49,4,5,1.17,0.23399999999999999
94,50,0,12,45.16,3.763333333333333
94,50,1,17,30.51,1.7947058823529414
94,50,2,11,18.37,1.6700000000000002
94,50,3,18,17.03,0.9461111111111111
94,50,4,14,10.05,0.7178571428571429
94,60,0,16,42.57,2.660625
94,60,1,16,26.22,1.63875
94,60,2,5,6.53,1.306
94,60,3,1,0.36,0.36
94,60,4,15,2.51,0.1673333333333333
94,66,0,19,8.64,0.45473684210526316
94,66,1,4,1.44,0.36
94,66,2,14,2.44,0.1742857142857143
94,66,3,10,1.36,0.136
94,66,4,16,0.52,0.0325
94,69,0,16,48.75,3.046875
94,69,1,4,8.18,2.045
94,69,2,14,20.58,1.47
94,69,3,15,18.3,1.22
94,69,4,11,12.33,1.1209090909090909
94,70,0,1,4.68,4.68
94,70,1,12,53.09,4.424166666666667
94,70,2,20,83.97,4.1985
94,70,3,15,28.28,1.8853333333333333
94,70,4,17,11.75,0.6911764705882353
94,74,0,1,6.14,6.14
94,74,1,14,66.1,4.721428571428571
94,74,2,13,50.51,3.8853846153846154
94,74,3,10,28.04,2.804
94,74,4,15,21.92,1.4613333333333334
94,75,0,10,44.85,4.485
94,75,1,2,3.66,1.83
94,75,2,9,6.82,0.7577777777777778
94,75,3,13,8.8,0.676923076923077
94,75,4,3,1.13,0.37666666666666665
94,77,0,8,42.09,5.26125
94,77,1,8,18.16,2.27
94,77,2,14,31.13,2.2235714285714283
94,77,3,3,1.71,0.57
94,77,4,9,2.47,0.2744444444444445
94,80,0,15,24.27,1.6179999999999999
94,80,1,19,29.62,1.5589473684210526
94,80,2,19,29.15,1.5342105263157895
94,80,3,20,25.88,1.294
94,80,4,7,7.95,1.1357142857142857
94,82,0,11,47.92,4.356363636363636
94,82,1,15,52.44,3.496
94,82,2,6,19.35,3.225
94,82,3,1,1.93,1.93
94,82,4,16,30.72,1.92
94,84,0,7,40.37,5.767142857142857
94,84,1,6,32.59,5.4316666666666675
94,84,2,8,30.94,3.8675
94,84,3,3,10.12,3.373333333333333
94,84,4,15,36.45,2.43
94,85,0,1,7.03,7.03
94,85,1,19,113.24,5.96
94,85,2,4,11.78,2.945
94,85,3,1,2.84,2.84
94,85,4,19,37.99,1.9994736842105265
94,87,0,2,2.28,1.14
94,87,1,6,3.79,0.6316666666666667
94,87,2,4,2.36,0.59
94,87,3,18,8.99,0.49944444444444447
94,87,4,3,0.79,0.26333333333333336
94,88,0,5,14.67,2.934
94,88,1,8,16.96,2.12
94,88,2,16,26.98,1.68625
94,88,3,9,5.18,0.5755555555555555
94,88,4,14,3.62,0.25857142857142856
94,89,0,4,22.38,5.595
94,89,1,11,58.89,5.3536363636363635
94,89,2,13,46.71,3.5930769230769233
94,89,3,11,15.12,1.3745454545454545
94,89,4,13,8.36,0.643076923076923
94,90,0,12,55.2,4.6000000000000005
94,90,1,11,27.27,2.479090909090909
94,90,2,1,2.25,2.25
94,90,3,16,13.55,0.846875
94,90,4,11,2.65,0.2409090909090909
94,93,0,10,40.84,4.0840000000000005
94,93,1,17,60.44,3.5552941176470587
94,93,2,18,49.26,2.7366666666666664
94,93,3,19,30.4,1.5999999999999999
94,93,4,4,5.54,1.385
94,97,0,9,35.78,3.9755555555555557
94,97,1,9,35.42,3.9355555555555557
94,97,2,13,50.4,3.876923076923077
94,97,3,9,27.58,3.0644444444444443
94,97,4,19,9.74,0.5126315789473684
97,1,0,11,48.94,4.449090909090909
97,1,1,11,42.96,3.9054545454545457
97,1,2,6,19.93,3.3216666666666668
97,1,3,5,15.7,3.1399999999999997
97,1,4,8,12.26,1.5325
97,8,0,1,2.53,2.53
97,8,1,16,35.33,2.208125
97,8,2,3,6.35,2.1166666666666667
97,8,3,2,3.55,1.775
97,8,4,7,11.79,1.6842857142857142
97,16,0,9,17.26,1.917777777777778
97,16,1,17,21.98,1.2929411764705883
97,16,2,20,24.2,1.21
97,16,3,12,7.69,0.6408333333333334
97,16,4,19,5.12,0.2694736842105263
97,19,0,17,31.37,1.845294117647059
97,19,1,14,18.26,1.3042857142857145
97,19,2,8,10.35,1.29375
97,19,3,4,4.31,1.0775
97,19,4,10,8.51,0.851
97,20,0,2,8.04,4.02
97,20,1,1,3.45,3.45
97,20,2,17,47.57,2.798235294117647
97,20,3,15,41.28,2.7520000000000002
97,20,4,19,32.55,1.713157894736842
97,24,0,11,27.55,2.5045454545454544
97,24,1,10,22.87,2.287
97,24,2,17,37.51,2.206470588235294
97,24,3,16,14.74,0.92125
97,24,4,3,2.02,0.6733333333333333
97,29,0,5,35.47,7.093999999999999
97,29,1,9,61.38,6.82
97,29,2,15,54.01,3.6006666666666667
97,29,3,2,6.17,3.085
97,29,4,13,10.07,0.7746153846153846
97,30,0,14,83.07,5.933571428571428
97,30,1,8,36.26,4.5325
97,30,2,4,12.84,3.21
97,30,3,13,37.46,2.8815384615384616
97,30,4,11,7.98,0.7254545454545455
97,33,0,5,34.76,6.952
97,33,1,9,62.05,6.894444444444444
97,33,2,14,93.13,6.652142857142857
97,33,3,8,37.15,4.64375
97,33,4,11,30.15,2.7409090909090907
97,47,0,5,5.01,1.002
97,47,1,1,0.98,0.98
97,47,2,2,1.95,0.975
97,47,3,13,10.16,0.7815384615384615
97,47,4,7,5.09,0.7271428571428571
97,49,0,7,23.4,3.3428571428571425
97,49,1,11,31.11,2.828181818181818
97,49,2,5,13.91,2.782
97,49,3,17,36.43,2.1429411764705883
97,49,4,8,5.55,0.69375
97,50,0,12,71.45,5.954166666666667
97,50,1,10,46.87,4.686999999999999
97,50,2,6,21.24,3.5399999999999996
97,50,3,8,10.09,1.26125
97,50,4,11,11.08,1.0072727272727273
97,60,0,5,12.09,2.418
97,60,1,15,28.49,1.8993333333333333
97,60,2,15,26.89,1.7926666666666666
97,60,3,5,7.86,1.572
97,60,4,7,3.48,0.49714285714285716
97,66,0,8,38.2,4.775
97,66,1,3,12.69,4.2299999999999995
97,66,2,7,27.54,3.934285714285714
97,66,3,11,22.5,2.0454545454545454
97,66,4,7,4.34,0.62
97,69,0,20,34.77,1.7385000000000002
97,69,1,9,12.62,1.402222222222222
97,69,2,5,1.36,0.272
97,69,3,14,3.32,0.23714285714285713
97,69,4,19,3.87,0.2036842105263158
97,70,0,16,73.92,4.62
97,70,1,12,52.75,4.395833333333333
97,70,2,12,52.64,4.386666666666667
97,70,3,12,26.48,2.2066666666666666
97,70,4,15,19.93,1.3286666666666667
97,74,0,18,103.26,5.736666666666667
97,74,1,15,40.09,2.6726666666666667
97,74,2,5,11.24,2.248
97,74,3,7,15.57,2.224285714285714
97,74,4,4,3.25,0.8125
97,75,0,10,28.75,2.875
97,75,1,18,46.98,2.61
97,75,2,14,20.2,1.4428571428571428
97,75,3,4,3.89,0.9725
97,75,4,18,14.12,0.7844444444444444
97,77,0,9,44.41,4.934444444444444
97,77,1,9,30.46,3.3844444444444446
97,77,2,16,53.02,3.31375
97,77,3,10,20.06,2.006
97,77,4,7,5.81,0.83
97,80,0,18,73.42,4.078888888888889
97,80,1,11,42.62,3.8745454545454545
97,80,2,13,35.86,2.7584615384615385
97,80,3,20,18.81,0.9404999999999999
97,80,4,20,18.21,0.9105000000000001
97,82,0,16,135.4,8.4625
97,82,1,2,12.72,6.36
97,82,2,10,21.24,2.1239999999999997
97,82,3,10,8.86,0.8859999999999999
97,82,4,18,9.39,0.5216666666666667
97,84,0,2,16.35,8.175
97,84,1,17,91.17,5.3629411764705885
97,84,2,19,83.8,4.410526315789474
97,84,3,2,8.48,4.24
97,84,4,6,9.6,1.5999999999999999
97,85,0,13,105.69,8.129999999999999
97,85,1,5,38.1,7.62
97,85,2,7,41.65,5.95
97,85,3,5,20.18,4.036
97,85,4,9,33.23,3.692222222222222
97,87,0,14,63.43,4.530714285714286
97,87,1,1,3.57,3.57
97,87,2,14,49.52,3.5371428571428574
97,87,3,18,45.27,2.515
97,87,4,20,33.23,1.6614999999999998
97,88,0,15,81.04,5.402666666666667
97,88,1,13,48.81,3.7546153846153847
97,88,2,15,44.96,2.997333333333333
97,88,3,11,31.66,2.8781818181818184
97,88,4,12,4.83,0.4025
97,89,0,2,19.85,9.925
97,89,1,11,106.8,9.709090909090909
97,89,2,3,19.09,6.363333333333333
97,89,3,1,4.14,4.14
97,89,4,7,12.82,1.8314285714285714
97,90,0,13,63.9,4.915384615384616
97,90,1,17,82.66,4.8623529411764705
97,90,2,8,34.68,4.335
97,90,3,16,32.81,2.050625
97,90,4,2,2.46,1.23
97,93,0,7,47.94,6.848571428571428
97,93,1,17,109.52,6.442352941176471
97,93,2,15,52.9,3.5266666666666664
97,93,3,9,25.55,2.838888888888889
97,93,4,20,27.49,1.3744999999999998
97,94,0,12,59.99,4.9991666666666665
97,94,1,18,81.56,4.5311111111111115
97,94,2,4,17.21,4.3025
97,94,3,3,8.95,2.983333333333333
97,94,4,15,30.15,2.01
