fromnode,tonode,clientID,a,budget,clientRatio
2,3,0,8,56.92,7.115
2,3,1,8,27.5,3.4375
2,3,2,17,35.61,2.094705882352941
2,3,3,13,18.22,1.4015384615384614
2,3,4,2,2.12,1.06
2,5,0,8,43.41,5.42625
2,5,1,1,3.39,3.39
2,5,2,15,43.93,2.9286666666666665
2,5,3,19,30.12,1.585263157894737
2,5,4,13,11.56,0.8892307692307693
2,10,0,16,58.93,3.683125
2,10,1,13,38.94,2.9953846153846153
2,10,2,9,19.73,2.192222222222222
2,10,3,3,5.01,1.67
2,10,4,9,4.88,0.5422222222222222
2,11,0,17,132.28,7.781176470588235
2,11,1,19,133.27,7.01421052631579
2,11,2,3,13.35,4.45
2,11,3,2,6.27,3.135
2,11,4,13,16.03,1.2330769230769232
2,12,0,19,95.76,5.04
2,12,1,2,5.79,2.895
2,12,2,19,51.68,2.72
2,12,3,7,7.26,1.0371428571428571
2,12,4,20,11.58,0.579
2,14,0,11,73.05,6.640909090909091
2,14,1,10,53.48,5.348
2,14,2,16,77.89,4.868125
2,14,3,14,22.08,1.577142857142857
2,14,4,20,24.87,1.2435
2,16,0,17,119.04,7.002352941176471
2,16,1,17,87.12,5.124705882352941
2,16,2,12,50.2,4.183333333333334
2,16,3,7,17.99,2.57
2,16,4,18,34.54,1.9188888888888889
2,17,0,8,51.16,6.395
2,17,1,9,25.37,2.818888888888889
2,17,2,10,25.92,2.592
2,17,3,14,20.45,1.4607142857142856
2,17,4,9,4.57,0.5077777777777778
2,24,0,1,5.85,5.85
2,24,1,13,34.77,2.674615384615385
2,24,2,6,14.3,2.3833333333333333
2,24,3,1,1.7,1.7
2,24,4,13,14.32,1.1015384615384616
2,26,0,6,12.91,2.151666666666667
2,26,1,19,32.65,1.7184210526315788
2,26,2,3,3.49,1.1633333333333333
2,26,3,8,5.09,0.63625
2,26,4,14,6.01,0.42928571428571427
2,29,0,5,8.31,1.6620000000000001
2,29,1,4,5.25,1.3125
2,29,2,17,14.66,0.8623529411764705
2,29,3,17,11.12,0.6541176470588235
2,29,4,4,0.49,0.1225
2,31,0,10,25.61,2.561
2,31,1,5,12.46,2.492
2,31,2,3,4.52,1.5066666666666666
2,31,3,19,20.1,1.0578947368421054
2,31,4,12,3.49,0.29083333333333333
2,33,0,11,11.91,1.0827272727272728
2,33,1,16,4.31,0.269375
2,33,2,19,4.34,0.22842105263157894
2,33,3,15,2.61,0.174
2,33,4,20,1.6,0.08
2,34,0,16,98.53,6.158125
2,34,1,15,74.67,4.978
2,34,2,7,32.7,4.671428571428572
2,34,3,4,17.97,4.4925
2,34,4,5,15.26,3.052
2,47,0,3,16.18,5.3933333333333335
2,47,1,16,69.01,4.313125
2,47,2,15,59.42,3.9613333333333336
2,47,3,12,42.48,3.5399999999999996
2,47,4,2,3.41,1.705
2,48,0,7,18.55,2.65
2,48,1,1,2.41,2.41
2,48,2,20,45.15,2.2575
2,48,3,14,27.56,1.9685714285714284
2,48,4,15,7.93,0.5286666666666666
2,49,0,13,62.45,4.803846153846154
2,49,1,20,66.56,3.3280000000000003
2,49,2,8,17.89,2.23625
2,49,3,19,28.16,1.4821052631578948
2,49,4,7,2.07,0.2957142857142857
2,51,0,14,84.73,6.052142857142857
2,51,1,3,13.99,4.663333333333333
2,51,2,20,40.19,2.0095
2,51,3,13,20.5,1.5769230769230769
2,51,4,10,7.21,0.721
2,52,0,12,39.88,3.3233333333333337
2,52,1,12,38.77,3.2308333333333334
2,52,2,10,27.15,2.715
2,52,3,11,24.04,2.1854545454545455
2,52,4,4,3.72,0.93
2,58,0,17,91.03,5.354705882352941
2,58,1,19,92.48,4.867368421052632
2,58,2,13,46.61,3.585384615384615
2,58,3,12,27.62,2.3016666666666667
2,58,4,10,13.52,1.3519999999999999
2,60,0,12,55.0,4.583333333333333
2,60,1,20,66.61,3.3305
2,60,2,17,49.59,2.917058823529412
2,60,3,3,4.95,1.6500000000000001
2,60,4,14,17.67,1.2621428571428572
2,62,0,9,49.94,5.5488888888888885
2,62,1,9,49.85,5.538888888888889
2,62,2,9,41.0,4.555555555555555
2,62,3,4,14.35,3.5875
2,62,4,3,8.72,2.9066666666666667
2,63,0,8,39.21,4.90125
2,63,1,17,65.29,3.840588235294118
2,63,2,17,25.67,1.51
2,63,3,14,19.5,1.3928571428571428
2,63,4,8,10.74,1.3425
2,64,0,4,29.1,7.275
2,64,1,6,42.96,7.16
2,64,2,20,98.78,4.939
2,64,3,7,24.98,3.5685714285714285
2,64,4,13,14.26,1.096923076923077
2,66,0,14,32.91,2.3507142857142855
2,66,1,15,33.36,2.2239999999999998
2,66,2,7,12.43,1.7757142857142856
2,66,3,3,1.0,0.3333333333333333
2,66,4,5,0.78,0.156
2,73,0,10,51.57,5.157
2,73,1,12,58.02,4.835
2,73,2,2,9.36,4.68
2,73,3,3,5.78,1.9266666666666667
2,73,4,3,2.69,0.8966666666666666
2,82,0,12,29.38,2.4483333333333333
2,82,1,3,6.38,2.1266666666666665
2,82,2,3,6.07,2.0233333333333334
2,82,3,2,3.03,1.515
2,82,4,11,6.86,0.6236363636363637
2,83,0,12,35.33,2.9441666666666664
2,83,1,4,11.19,2.7975
2,83,2,3,4.92,1.64
2,83,3,20,22.75,1.1375
2,83,4,6,3.48,0.58
2,84,0,6,6.86,1.1433333333333333
2,84,1,13,7.47,0.5746153846153846
2,84,2,7,3.18,0.4542857142857143
2,84,3,3,1.28,0.4266666666666667
2,84,4,8,2.99,0.37375
2,87,0,10,33.51,3.351
2,87,1,6,18.87,3.145
2,87,2,18,44.5,2.4722222222222223
2,87,3,17,32.11,1.8888235294117646
2,87,4,2,0.72,0.36
2,90,0,3,25.73,8.576666666666666
2,90,1,19,119.21,6.274210526315789
2,90,2,7,25.98,3.7114285714285713
2,90,3,5,11.02,2.2039999999999997
2,90,4,6,8.75,1.4583333333333333
2,95,0,12,74.26,6.1883333333333335
2,95,1,15,79.35,5.29
2,95,2,14,73.2,5.228571428571429
2,95,3,20,55.49,2.7745
2,95,4,15,12.97,0.8646666666666667
2,97,0,16,116.81,7.300625
2,97,1,16,112.25,7.015625
2,97,2,9,52.1,5.788888888888889
2,97,3,9,39.1,4.344444444444445
2,97,4,17,31.24,1.8376470588235294
2,99,0,13,74.15,5.703846153846154
2,99,1,16,77.8,4.8625
2,99,2,7,30.14,4.305714285714286
2,99,3,17,69.01,4.0594117647058825
2,99,4,17,39.68,2.3341176470588234
3,2,0,1,5.53,5.53
3,2,1,12,54.89,4.574166666666667
3,2,2,10,32.43,3.243
3,2,3,4,11.11,2.7775
3,2,4,2,1.28,0.64
3,5,0,5,12.93,2.586
3,5,1,5,12.01,2.402
3,5,2,14,25.16,1.7971428571428572
3,5,3,6,8.73,1.455
3,5,4,1,0.36,0.36
3,10,0,12,75.7,6.308333333333334
3,10,1,19,117.44,6.181052631578948
3,10,2,20,93.0,4.65
3,10,3,4,10.18,2.545
3,10,4,17,8.48,0.4988235294117647
3,11,0,16,8.16,0.51
3,11,1,11,4.38,0.3981818181818182
3,11,2,8,2.39,0.29875
3,11,3,19,4.25,0.2236842105263158
3,11,4,12,1.02,0.085
3,12,0,12,36.27,3.0225000000000004
3,12,1,2,5.9,2.95
3,12,2,8,16.78,2.0975
3,12,3,14,22.17,1.5835714285714286
3,12,4,11,4.29,0.39
3,14,0,1,0.71,0.71
3,14,1,5,2.98,0.596
3,14,2,10,5.41,0.541
3,14,3,16,5.64,0.3525
3,14,4,18,3.34,0.18555555555555556
3,16,0,3,4.61,1.5366666666666668
3,16,1,9,12.68,1.4088888888888889
3,16,2,16,22.22,1.38875
3,16,3,15,16.31,1.0873333333333333
3,16,4,10,9.41,0.9410000000000001
3,17,0,19,33.61,1.7689473684210526
3,17,1,20,24.76,1.238
3,17,2,12,10.73,0.8941666666666667
3,17,3,4,2.82,0.705
3,17,4,13,5.56,0.42769230769230765
3,24,0,17,39.45,2.320588235294118
3,24,1,6,13.26,2.21
3,24,2,17,34.26,2.0152941176470587
3,24,3,3,4.75,1.5833333333333333
3,24,4,10,6.96,0.696
3,26,0,1,7.52,7.52
3,26,1,7,51.53,7.361428571428571
3,26,2,7,18.49,2.641428571428571
3,26,3,13,28.3,2.176923076923077
3,26,4,1,0.58,0.58
3,29,0,1,5.8,5.8
3,29,1,3,10.19,3.3966666666666665
3,29,2,7,19.32,2.7600000000000002
3,29,3,19,48.67,2.561578947368421
3,29,4,10,3.92,0.392
3,31,0,14,26.55,1.8964285714285716
3,31,1,1,1.82,1.82
3,31,2,4,4.47,1.1175
3,31,3,14,15.36,1.0971428571428572
3,31,4,7,7.33,1.0471428571428572
3,33,0,7,63.18,9.025714285714285
3,33,1,12,102.62,8.551666666666668
3,33,2,14,85.52,6.1085714285714285
3,33,3,9,35.54,3.948888888888889
3,33,4,3,4.92,1.64
3,34,0,13,14.37,1.1053846153846154
3,34,1,16,7.26,0.45375
3,34,2,10,3.88,0.388
3,34,3,6,2.04,0.34
3,34,4,10,1.35,0.135
3,47,0,7,19.7,2.814285714285714
3,47,1,1,1.69,1.69
3,47,2,17,20.45,1.2029411764705882
3,47,3,7,6.1,0.8714285714285713
3,47,4,16,11.94,0.74625
3,48,0,15,66.97,4.464666666666667
3,48,1,17,72.2,4.247058823529412
3,48,2,18,64.0,3.5555555555555554
3,48,3,3,7.01,2.3366666666666664
3,48,4,11,15.12,1.3745454545454545
3,49,0,12,21.72,1.8099999999999998
3,49,1,11,19.69,1.79
3,49,2,6,9.83,1.6383333333333334
3,49,3,4,2.89,0.7225
3,49,4,20,11.39,0.5695
3,51,0,20,48.26,2.413
3,51,1,19,38.92,2.048421052631579
3,51,2,11,20.14,1.830909090909091
3,51,3,3,3.66,1.22
3,51,4,8,9.39,1.17375
3,52,0,13,55.29,4.253076923076923
3,52,1,8,29.39,3.67375
3,52,2,11,23.39,2.1263636363636365
3,52,3,19,16.74,0.8810526315789473
3,52,4,10,7.73,0.773
3,58,0,18,43.35,2.408333333333333
3,58,1,13,29.73,2.286923076923077
3,58,2,1,1.68,1.68
3,58,3,15,21.59,1.4393333333333334
3,58,4,7,1.29,0.1842857142857143
3,60,0,1,4.7,4.7
3,60,1,16,70.01,4.375625
3,60,2,20,69.52,3.476
3,60,3,4,12.45,3.1125
3,60,4,11,21.72,1.9745454545454544
3,62,0,8,17.7,2.2125
3,62,1,15,15.67,1.0446666666666666
3,62,2,3,1.0,0.3333333333333333
3,62,3,4,1.27,0.3175
3,62,4,18,4.14,0.22999999999999998
3,63,0,11,56.69,5.153636363636363
3,63,1,16,66.4,4.15
3,63,2,9,32.17,3.5744444444444445
3,63,3,12,27.28,2.2733333333333334
3,63,4,20,21.32,1.066
3,64,0,18,6.81,0.3783333333333333
3,64,1,8,2.72,0.34
3,64,2,15,3.47,0.23133333333333334
3,64,3,2,0.41,0.205
3,64,4,2,0.38,0.19
3,66,0,6,37.17,6.195
3,66,1,19,110.81,5.832105263157895
3,66,2,17,87.25,5.132352941176471
3,66,3,17,71.07,4.180588235294117
3,66,4,15,51.2,3.4133333333333336
3,73,0,6,65.46,10.909999999999998
3,73,1,13,98.63,7.586923076923076
3,73,2,10,69.3,6.93
3,73,3,15,101.87,6.791333333333333
3,73,4,10,22.9,2.29
3,82,0,20,182.32,9.116
3,82,1,3,26.13,8.709999999999999
3,82,2,18,143.89,7.993888888888888
3,82,3,2,13.16,6.58
3,82,4,12,43.3,3.608333333333333
3,83,0,3,15.04,5.013333333333333
3,83,1,7,26.26,3.751428571428572
3,83,2,16,55.55,3.471875
3,83,3,13,13.44,1.0338461538461539
3,83,4,10,7.95,0.795
3,84,0,8,67.73,8.46625
3,84,1,16,65.99,4.124375
3,84,2,15,49.52,3.3013333333333335
3,84,3,4,10.13,2.5325
3,84,4,13,10.49,0.806923076923077
3,87,0,17,53.1,3.123529411764706
3,87,1,4,10.86,2.715
3,87,2,12,23.27,1.9391666666666667
3,87,3,12,19.9,1.6583333333333332
3,87,4,19,8.63,0.4542105263157895
3,90,0,16,6.19,0.386875
3,90,1,5,1.79,0.358
3,90,2,4,0.49,0.1225
3,90,3,15,1.77,0.11800000000000001
3,90,4,5,0.29,0.057999999999999996
3,95,0,14,10.11,0.7221428571428571
3,95,1,3,1.88,0.6266666666666666
3,95,2,11,6.46,0.5872727272727273
3,95,3,14,7.36,0.5257142857142857
3,95,4,13,5.49,0.42230769230769233
3,97,0,11,54.14,4.921818181818182
3,97,1,9,27.98,3.108888888888889
3,97,2,8,18.63,2.32875
3,97,3,5,6.08,1.216
3,97,4,17,3.49,0.20529411764705885
3,99,0,14,18.3,1.3071428571428572
3,99,1,18,20.86,1.1588888888888889
3,99,2,6,4.36,0.7266666666666667
3,99,3,10,2.37,0.23700000000000002
3,99,4,12,2.04,0.17
5,2,0,13,84.4,6.492307692307692
5,2,1,6,27.88,4.6466666666666665
5,2,2,16,35.79,2.236875
5,2,3,5,8.9,1.78
5,2,4,19,19.18,1.0094736842105263
5,3,0,16,36.66,2.29125
5,3,1,15,33.48,2.2319999999999998
5,3,2,16,22.65,1.415625
5,3,3,18,22.9,1.2722222222222221
5,3,4,3,3.79,1.2633333333333334
5,10,0,2,6.83,3.415
5,10,1,10,33.89,3.3890000000000002
5,10,2,19,49.09,2.583684210526316
5,10,3,1,2.16,2.16
5,10,4,20,29.0,1.45
5,11,0,9,31.04,3.448888888888889
5,11,1,6,13.25,2.2083333333333335
5,11,2,18,31.57,1.7538888888888888
5,11,3,12,3.3,0.27499999999999997
5,11,4,14,2.52,0.18
5,12,0,12,14.14,1.1783333333333335
5,12,1,8,9.14,1.1425
5,12,2,2,2.03,1.015
5,12,3,2,1.45,0.725
5,12,4,4,1.92,0.48
5,14,0,12,35.18,2.9316666666666666
5,14,1,7,13.41,1.9157142857142857
5,14,2,18,25.09,1.393888888888889
5,14,3,3,2.95,0.9833333333333334
5,14,4,9,4.37,0.4855555555555556
5,16,0,2,1.09,0.545
5,16,1,14,2.79,0.1992857142857143
5,16,2,17,2.93,0.1723529411764706
5,16,3,1,0.09,0.09
5,16,4,14,0.56,0.04
5,17,0,9,11.54,1.2822222222222222
5,17,1,12,11.04,0.9199999999999999
5,17,2,20,12.04,0.602
5,17,3,17,5.8,0.3411764705882353
5,17,4,10,3.35,0.335
5,24,0,10,2.81,0.281
5,24,1,20,3.94,0.197
5,24,2,10,1.8,0.18
5,24,3,1,0.17,0.17
5,24,4,20,1.51,0.0755
5,26,0,17,65.66,3.8623529411764705
5,26,1,15,55.2,3.68
5,26,2,5,17.76,3.5520000000000005
5,26,3,5,9.5,1.9
5,26,4,9,16.79,1.8655555555555554
5,29,0,15,100.07,6.671333333333333
5,29,1,8,41.22,5.1525
5,29,2,10,48.65,4.865
5,29,3,5,13.08,2.616
5,29,4,18,41.95,2.3305555555555557
5,31,0,11,30.38,2.7618181818181817
5,31,1,1,2.71,2.71
5,31,2,19,45.47,2.393157894736842
5,31,3,3,5.13,1.71
5,31,4,4,3.76,0.94
5,33,0,13,90.92,6.993846153846154
5,33,1,5,28.98,5.796
5,33,2,1,5.02,5.02
5,33,3,1,4.26,4.26
5,33,4,19,74.36,3.913684210526316
5,34,0,18,50.62,2.812222222222222
5,34,1,11,28.27,2.57
5,34,2,8,19.07,2.38375
5,34,3,18,31.9,1.7722222222222221
5,34,4,18,4.84,0.2688888888888889
5,47,0,4,3.46,0.865
5,47,1,17,10.39,0.6111764705882353
5,47,2,14,7.3,0.5214285714285715
5,47,3,7,3.64,0.52
5,47,4,10,4.38,0.438
5,48,0,18,60.86,3.381111111111111
5,48,1,7,22.95,3.2785714285714285
5,48,2,20,54.97,2.7485
5,48,3,16,36.46,2.27875
5,48,4,17,24.03,1.413529411764706
5,49,0,9,5.21,0.5788888888888889
5,49,1,14,4.92,0.3514285714285714
5,49,2,10,2.72,0.272
5,49,3,18,3.55,0.19722222222222222
5,49,4,17,0.87,0.051176470588235295
5,51,0,12,20.51,1.7091666666666667
5,51,1,19,30.86,1.6242105263157895
5,51,2,16,18.12,1.1325
5,51,3,13,12.81,0.9853846153846154
5,51,4,16,10.22,0.63875
5,52,0,7,17.22,2.46
5,52,1,6,13.68,2.28
5,52,2,13,22.77,1.7515384615384615
5,52,3,8,13.88,1.735
5,52,4,4,1.92,0.48
5,58,0,5,12.89,2.5780000000000003
5,58,1,4,9.19,2.2975
5,58,2,17,34.25,2.014705882352941
5,58,3,3,4.3,1.4333333333333333
5,58,4,9,10.66,1.1844444444444444
5,60,0,4,6.2,1.55
5,60,1,5,6.92,1.384
5,60,2,2,2.7,1.35
5,60,3,12,7.77,0.6475
5,60,4,9,3.18,0.35333333333333333
5,62,0,6,7.54,1.2566666666666666
5,62,1,15,12.08,0.8053333333333333
5,62,2,12,8.44,0.7033333333333333
5,62,3,19,3.07,0.16157894736842104
5,62,4,1,0.1,0.1
5,63,0,9,23.46,2.606666666666667
5,63,1,18,21.12,1.1733333333333333
5,63,2,2,2.08,1.04
5,63,3,15,14.67,0.978
5,63,4,3,0.91,0.30333333333333334
5,64,0,10,27.98,2.798
5,64,1,9,13.1,1.4555555555555555
5,64,2,17,24.5,1.4411764705882353
5,64,3,15,16.22,1.0813333333333333
5,64,4,11,8.32,0.7563636363636363
5,66,0,2,6.01,3.005
5,66,1,20,55.24,2.762
5,66,2,8,20.41,2.55125
5,66,3,3,6.73,2.2433333333333336
5,66,4,1,0.22,0.22
5,73,0,6,65.75,10.958333333333334
5,73,1,16,159.77,9.985625
5,73,2,3,27.91,9.303333333333333
5,73,3,2,13.12,6.56
5,73,4,18,59.9,3.3277777777777775
5,82,0,12,54.29,4.524166666666667
5,82,1,10,41.87,4.186999999999999
5,82,2,8,18.73,2.34125
5,82,3,3,6.66,2.22
5,82,4,12,12.13,1.0108333333333335
5,83,0,18,82.23,4.568333333333333
5,83,1,14,51.91,3.7078571428571427
5,83,2,4,9.21,2.3025
5,83,3,4,3.48,0.87
5,83,4,10,4.37,0.437
5,84,0,11,95.48,8.68
5,84,1,12,98.07,8.1725
5,84,2,16,86.45,5.403125
5,84,3,13,67.23,5.171538461538462
5,84,4,13,48.62,3.7399999999999998
5,87,0,18,57.26,3.181111111111111
5,87,1,1,2.6,2.6
5,87,2,10,17.05,1.705
5,87,3,11,16.85,1.531818181818182
5,87,4,3,3.05,1.0166666666666666
5,90,0,2,6.55,3.275
5,90,1,2,6.0,3.0
5,90,2,4,9.26,2.315
5,90,3,7,14.13,2.0185714285714287
5,90,4,15,17.96,1.1973333333333334
5,95,0,5,16.68,3.336
5,95,1,15,21.58,1.4386666666666665
5,95,2,11,13.92,1.2654545454545454
5,95,3,9,11.02,1.2244444444444444
5,95,4,3,3.63,1.21
5,97,0,6,13.83,2.305
5,97,1,8,13.34,1.6675
5,97,2,18,10.55,0.5861111111111111
5,97,3,10,1.6,0.16
5,97,4,4,0.54,0.135
5,99,0,6,15.23,2.5383333333333336
5,99,1,5,11.41,2.282
5,99,2,8,15.27,1.90875
5,99,3,9,11.9,1.3222222222222222
5,99,4,20,7.43,0.3715
10,2,0,14,39.9,2.85
10,2,1,6,15.26,2.5433333333333334
10,2,2,10,17.58,1.7579999999999998
10,2,3,5,7.75,1.55
10,2,4,15,8.77,0.5846666666666667
10,3,0,6,30.0,5.0
10,3,1,14,31.61,2.257857142857143
10,3,2,3,6.01,2.0033333333333334
10,3,3,15,14.93,0.9953333333333333
10,3,4,9,7.52,0.8355555555555555
10,5,0,5,13.89,2.778
10,5,1,16,38.92,2.4325
10,5,2,14,18.94,1.352857142857143
10,5,3,19,12.32,0.648421052631579
10,5,4,17,2.99,0.1758823529411765
10,11,0,11,43.0,3.909090909090909
10,11,1,16,56.32,3.52
10,11,2,13,25.45,1.9576923076923076
10,11,3,15,16.21,1.0806666666666667
10,11,4,11,3.97,0.3609090909090909
10,12,0,5,7.87,1.574
10,12,1,6,6.18,1.03
10,12,2,16,11.53,0.720625
10,12,3,6,1.88,0.3133333333333333
10,12,4,10,1.97,0.197
10,14,0,18,108.81,6.045
10,14,1,5,22.66,4.532
10,14,2,9,33.71,3.7455555555555557
10,14,3,15,47.5,3.1666666666666665
10,14,4,11,25.52,2.32
10,16,0,19,79.18,4.167368421052632
10,16,1,14,55.87,3.9907142857142857
10,16,2,6,20.29,3.3816666666666664
10,16,3,3,8.01,2.67
10,16,4,3,0.67,0.22333333333333336
10,17,0,14,61.07,4.3621428571428575
10,17,1,16,51.33,3.208125
10,17,2,7,21.61,3.087142857142857
10,17,3,12,32.23,2.685833333333333
10,17,4,5,6.8,1.3599999999999999
10,24,0,17,55.64,3.2729411764705882
10,24,1,12,23.2,1.9333333333333333
10,24,2,13,23.98,1.8446153846153845
10,24,3,1,1.74,1.74
10,24,4,14,13.41,0.9578571428571429
10,26,0,15,15.14,1.0093333333333334
10,26,1,3,1.8,0.6
10,26,2,7,3.26,0.4657142857142857
10,26,3,17,4.81,0.2829411764705882
10,26,4,4,0.42,0.105
10,29,0,9,28.99,3.221111111111111
10,29,1,17,27.02,1.5894117647058823
10,29,2,5,3.81,0.762
10,29,3,6,3.28,0.5466666666666666
10,29,4,15,7.69,0.5126666666666667
10,31,0,12,58.82,4.901666666666666
10,31,1,6,25.61,4.2683333333333335
10,31,2,20,76.78,3.839
10,31,3,5,18.97,3.7939999999999996
10,31,4,5,13.38,2.676
10,33,0,2,6.18,3.09
10,33,1,7,15.74,2.2485714285714287
10,33,2,18,25.37,1.4094444444444445
10,33,3,5,6.99,1.3980000000000001
10,33,4,18,24.31,1.3505555555555555
10,34,0,20,88.78,4.439
10,34,1,6,25.9,4.316666666666666
10,34,2,5,17.1,3.4200000000000004
10,34,3,13,38.09,2.93
10,34,4,16,32.49,2.030625
10,47,0,13,46.8,3.5999999999999996
10,47,1,17,54.31,3.1947058823529413
10,47,2,18,48.1,2.6722222222222225
10,47,3,20,45.51,2.2755
10,47,4,12,8.27,0.6891666666666666
10,48,0,14,43.25,3.0892857142857144
10,48,1,6,6.16,1.0266666666666666
10,48,2,4,3.11,0.7775
10,48,3,6,3.28,0.5466666666666666
10,48,4,18,8.96,0.4977777777777778
10,49,0,1,3.3,3.3
10,49,1,16,51.78,3.23625
10,49,2,10,20.92,2.092
10,49,3,19,23.56,1.24
10,49,4,18,5.12,0.28444444444444444
10,51,0,6,22.55,3.7583333333333333
10,51,1,14,45.3,3.2357142857142853
10,51,2,1,2.63,2.63
10,51,3,4,7.39,1.8475
10,51,4,10,11.59,1.159
10,52,0,3,4.29,1.43
10,52,1,13,9.72,0.7476923076923078
10,52,2,20,11.79,0.5894999999999999
10,52,3,16,5.2,0.325
10,52,4,5,0.84,0.16799999999999998
10,58,0,3,11.66,3.8866666666666667
10,58,1,11,28.76,2.6145454545454547
10,58,2,15,30.5,2.033333333333333
10,58,3,8,16.24,2.03
10,58,4,2,1.67,0.835
10,60,0,2,2.16,1.08
10,60,1,6,5.84,0.9733333333333333
10,60,2,3,2.79,0.93
10,60,3,7,4.78,0.6828571428571429
10,60,4,18,4.27,0.2372222222222222
10,62,0,17,42.38,2.4929411764705884
10,62,1,18,42.46,2.358888888888889
10,62,2,8,15.04,1.88
10,62,3,10,11.44,1.144
10,62,4,8,6.48,0.81
10,63,0,20,9.87,0.49349999999999994
10,63,1,6,2.72,0.45333333333333337
10,63,2,13,3.65,0.28076923076923077
10,63,3,12,2.82,0.235
10,63,4,12,1.8,0.15
10,64,0,9,58.43,6.492222222222222
10,64,1,20,102.67,5.1335
10,64,2,13,40.04,3.08
10,64,3,5,12.59,2.518
10,64,4,3,5.09,1.6966666666666665
10,66,0,9,17.24,1.9155555555555555
10,66,1,4,5.58,1.395
10,66,2,18,22.67,1.2594444444444446
10,66,3,13,14.44,1.1107692307692307
10,66,4,20,11.45,0.5725
10,73,0,9,61.23,6.803333333333333
10,73,1,19,88.17,4.640526315789474
10,73,2,10,27.94,2.794
10,73,3,12,21.98,1.8316666666666668
10,73,4,13,17.79,1.3684615384615384
10,82,0,5,31.37,6.274
10,82,1,6,22.14,3.69
10,82,2,1,1.81,1.81
10,82,3,8,9.28,1.16
10,82,4,10,6.5,0.65
10,83,0,3,2.33,0.7766666666666667
10,83,1,16,11.4,0.7125
10,83,2,1,0.69,0.69
10,83,3,11,3.62,0.3290909090909091
10,83,4,13,3.41,0.2623076923076923
10,84,0,1,5.95,5.95
10,84,1,10,43.6,4.36
10,84,2,16,68.85,4.303125
10,84,3,14,47.73,3.4092857142857143
10,84,4,5,9.95,1.9899999999999998
10,87,0,20,14.45,0.7224999999999999
10,87,1,10,7.02,0.702
10,87,2,8,5.47,0.68375
10,87,3,18,11.62,0.6455555555555555
10,87,4,17,2.74,0.1611764705882353
10,90,0,14,74.38,5.312857142857142
10,90,1,6,25.29,4.215
10,90,2,19,36.92,1.9431578947368422
10,90,3,7,10.25,1.4642857142857142
10,90,4,4,3.12,0.78
10,95,0,13,84.94,6.533846153846154
10,95,1,4,16.26,4.065
10,95,2,17,50.14,2.949411764705882
10,95,3,8,5.62,0.7025
10,95,4,13,8.73,0.6715384615384615
10,97,0,7,30.03,4.29
10,97,1,5,10.16,2.032
10,97,2,1,1.61,1.61
10,97,3,2,3.13,1.565
10,97,4,16,21.67,1.354375
10,99,0,9,47.12,5.235555555555555
10,99,1,11,42.43,3.8572727272727274
10,99,2,18,31.75,1.7638888888888888
10,99,3,10,14.14,1.4140000000000001
10,99,4,6,2.74,0.4566666666666667
11,2,0,3,24.79,8.263333333333334
11,2,1,5,35.73,7.145999999999999
11,2,2,10,65.7,6.57
11,2,3,7,35.39,5.055714285714286
11,2,4,1,4.48,4.48
11,3,0,3,1.37,0.4566666666666667
11,3,1,3,1.26,0.42
11,3,2,15,3.32,0.22133333333333333
11,3,3,6,0.88,0.14666666666666667
11,3,4,8,0.77,0.09625
11,5,0,1,3.03,3.03
11,5,1,4,12.02,3.005
11,5,2,3,6.5,2.1666666666666665
11,5,3,15,32.25,2.15
11,5,4,2,2.21,1.105
11,10,0,8,36.74,4.5925
11,10,1,15,56.54,3.7693333333333334
11,10,2,15,54.9,3.6599999999999997
11,10,3,19,42.24,2.223157894736842
11,10,4,4,3.78,0.945
11,12,0,14,45.68,3.262857142857143
11,12,1,17,49.26,2.8976470588235292
11,12,2,3,3.59,1.1966666666666665
11,12,3,18,19.09,1.0605555555555555
11,12,4,19,17.25,0.9078947368421053
11,14,0,8,6.22,0.7775
11,14,1,5,3.73,0.746
11,14,2,17,8.22,0.48352941176470593
11,14,3,14,5.14,0.3671428571428571
11,14,4,4,0.42,0.105
11,16,0,1,3.03,3.03
11,16,1,17,36.24,2.131764705882353
11,16,2,2,4.18,2.09
11,16,3,18,30.51,1.695
11,16,4,18,15.54,0.8633333333333333
11,17,0,4,7.84,1.96
11,17,1,2,3.24,1.62
11,17,2,11,14.21,1.291818181818182
11,17,3,18,15.68,0.8711111111111111
11,17,4,12,8.54,0.7116666666666666
11,24,0,1,1.67,1.67
11,24,1,5,4.32,0.8640000000000001
11,24,2,17,12.35,0.7264705882352941
11,24,3,3,1.88,0.6266666666666666
11,24,4,18,3.41,0.18944444444444444
11,26,0,2,14.77,7.385
11,26,1,18,102.16,5.6755555555555555
11,26,2,17,89.36,5.2564705882352944
11,26,3,12,52.49,4.3741666666666665
11,26,4,13,42.73,3.2869230769230766
11,29,0,14,97.86,6.99
11,29,1,18,121.76,6.764444444444445
11,29,2,18,61.88,3.437777777777778
11,29,3,17,48.21,2.8358823529411765
11,29,4,10,23.33,2.3329999999999997
11,31,0,10,14.48,1.448
11,31,1,10,13.79,1.379
11,31,2,8,8.41,1.05125
11,31,3,3,2.77,0.9233333333333333
11,31,4,15,2.7,0.18000000000000002
11,33,0,13,102.07,7.851538461538461
11,33,1,17,124.66,7.332941176470588
11,33,2,4,28.28,7.07
11,33,3,15,16.83,1.1219999999999999
11,33,4,16,17.81,1.113125
11,34,0,3,3.22,1.0733333333333335
11,34,1,7,7.16,1.022857142857143
11,34,2,2,1.69,0.845
11,34,3,17,11.32,0.6658823529411765
11,34,4,17,4.7,0.27647058823529413
11,47,0,20,82.08,4.104
11,47,1,3,5.17,1.7233333333333334
11,47,2,5,7.85,1.5699999999999998
11,47,3,7,10.3,1.4714285714285715
11,47,4,12,13.23,1.1025
11,48,0,9,19.4,2.1555555555555554
11,48,1,7,7.44,1.062857142857143
11,48,2,20,20.32,1.016
11,48,3,9,7.91,0.8788888888888889
11,48,4,1,0.66,0.66
11,49,0,6,15.31,2.5516666666666667
11,49,1,4,9.37,2.3425
11,49,2,20,40.31,2.0155000000000003
11,49,3,1,1.12,1.12
11,49,4,15,13.12,0.8746666666666666
11,51,0,10,24.44,2.444
11,51,1,17,34.79,2.046470588235294
11,51,2,14,21.26,1.5185714285714287
11,51,3,9,8.87,0.9855555555555555
11,51,4,5,0.68,0.136
11,52,0,19,26.28,1.3831578947368421
11,52,1,12,14.39,1.1991666666666667
11,52,2,9,5.55,0.6166666666666667
11,52,3,1,0.55,0.55
11,52,4,14,5.76,0.4114285714285714
11,58,0,7,16.79,2.3985714285714286
11,58,1,16,37.1,2.31875
11,58,2,13,29.39,2.2607692307692306
11,58,3,5,9.93,1.986
11,58,4,11,7.02,0.6381818181818182
11,60,0,11,41.33,3.7572727272727273
11,60,1,7,25.04,3.577142857142857
11,60,2,1,2.53,2.53
11,60,3,18,12.73,0.7072222222222222
11,60,4,10,6.3,0.63
11,62,0,18,49.51,2.7505555555555556
11,62,1,17,26.49,1.558235294117647
11,62,2,6,7.85,1.3083333333333333
11,62,3,11,10.97,0.9972727272727273
11,62,4,6,0.88,0.14666666666666667
11,63,0,8,36.55,4.56875
11,63,1,16,44.81,2.800625
11,63,2,18,49.38,2.7433333333333336
11,63,3,11,7.71,0.7009090909090909
11,63,4,12,8.12,0.6766666666666666
11,64,0,10,5.6,0.5599999999999999
11,64,1,12,6.34,0.5283333333333333
11,64,2,3,1.57,0.5233333333333333
11,64,3,20,8.4,0.42000000000000004
11,64,4,11,2.81,0.25545454545454543
11,66,0,20,124.42,6.221
11,66,1,16,98.11,6.131875
11,66,2,10,53.95,5.3950000000000005
11,66,3,5,17.78,3.556
11,66,4,8,15.55,1.94375
11,73,0,18,112.04,6.224444444444445
11,73,1,19,96.7,5.089473684210526
11,73,2,4,18.09,4.5225
11,73,3,13,36.27,2.79
11,73,4,8,22.23,2.77875
11,82,0,16,144.47,9.029375
11,82,1,18,158.97,8.831666666666667
11,82,2,7,43.77,6.252857142857144
11,82,3,18,100.07,5.559444444444444
11,82,4,19,102.78,5.409473684210527
11,83,0,8,53.43,6.67875
11,83,1,15,81.07,5.4046666666666665
11,83,2,8,18.44,2.305
11,83,3,17,28.86,1.6976470588235293
11,83,4,6,4.78,0.7966666666666667
11,84,0,16,110.99,6.936875
11,84,1,10,46.1,4.61
11,84,2,17,26.37,1.5511764705882354
11,84,3,8,9.67,1.20875
11,84,4,8,6.69,0.83625
11,87,0,10,49.95,4.995
11,87,1,11,39.24,3.5672727272727274
11,87,2,10,31.25,3.125
11,87,3,9,27.58,3.0644444444444443
11,87,4,3,2.25,0.75
11,90,0,18,5.54,0.30777777777777776
11,90,1,20,6.08,0.304
11,90,2,7,1.88,0.26857142857142857
11,90,3,18,1.84,0.10222222222222223
11,90,4,14,0.51,0.03642857142857143
11,95,0,4,1.07,0.2675
11,95,1,17,3.53,0.2076470588235294
11,95,2,8,1.26,0.1575
11,95,3,9,0.99,0.11
11,95,4,1,0.07,0.07
11,97,0,3,16.12,5.373333333333334
11,97,1,20,61.66,3.0829999999999997
11,97,2,12,32.24,2.686666666666667
11,97,3,6,5.99,0.9983333333333334
11,97,4,20,6.48,0.324
11,99,0,11,9.78,0.889090909090909
11,99,1,4,2.41,0.6025
11,99,2,16,5.97,0.373125
11,99,3,2,0.69,0.345
11,99,4,19,2.12,0.11157894736842106
12,2,0,16,90.19,5.636875
12,2,1,15,77.36,5.157333333333333
12,2,2,16,67.82,4.23875
12,2,3,10,33.08,3.308
12,2,4,5,6.1,1.22
12,3,0,10,35.48,3.5479999999999996
12,3,1,14,46.26,3.3042857142857143
12,3,2,5,5.15,1.03
12,3,3,7,5.14,0.7342857142857142
12,3,4,3,1.99,0.6633333333333333
12,5,0,17,22.38,1.316470588235294
12,5,1,2,1.45,0.725
12,5,2,13,5.42,0.4169230769230769
12,5,3,14,1.56,0.11142857142857143
12,5,4,5,0.45,0.09
12,10,0,1,2.18,2.18
12,10,1,17,22.51,1.3241176470588236
12,10,2,9,10.59,1.1766666666666667
12,10,3,16,17.56,1.0975
12,10,4,12,9.08,0.7566666666666667
12,11,0,1,3.94,3.94
12,11,1,10,35.33,3.533
12,11,2,13,35.07,2.6976923076923076
12,11,3,20,53.83,2.6915
12,11,4,19,47.45,2.4973684210526317
12,14,0,13,46.69,3.5915384615384616
12,14,1,4,10.6,2.65
12,14,2,13,32.4,2.4923076923076923
12,14,3,16,8.68,0.5425
12,14,4,12,5.48,0.4566666666666667
12,16,0,15,25.46,1.6973333333333334
12,16,1,5,7.61,1.522
12,16,2,1,1.2,1.2
12,16,3,11,11.56,1.050909090909091
12,16,4,10,2.77,0.277
12,17,0,7,9.41,1.3442857142857143
12,17,1,10,11.77,1.177
12,17,2,14,13.31,0.9507142857142857
12,17,3,14,7.72,0.5514285714285714
12,17,4,1,0.17,0.17
12,24,0,10,12.17,1.217
12,24,1,18,17.47,0.9705555555555555
12,24,2,4,3.05,0.7625
12,24,3,6,3.53,0.5883333333333333
12,24,4,18,7.92,0.44
12,26,0,5,17.75,3.55
12,26,1,1,2.7,2.7
12,26,2,9,12.06,1.34
12,26,3,5,5.54,1.108
12,26,4,18,19.54,1.0855555555555556
12,29,0,1,4.78,4.78
12,29,1,9,41.61,4.623333333333333
12,29,2,5,15.18,3.036
12,29,3,6,17.01,2.8350000000000004
12,29,4,13,11.31,0.87
12,31,0,16,45.21,2.825625
12,31,1,4,5.96,1.49
12,31,2,9,12.92,1.4355555555555555
12,31,3,9,11.43,1.27
12,31,4,2,0.76,0.38
12,33,0,19,103.63,5.454210526315789
12,33,1,7,19.42,2.7742857142857145
12,33,2,4,9.29,2.3225
12,33,3,13,24.82,1.9092307692307693
12,33,4,1,1.81,1.81
12,34,0,3,6.49,2.1633333333333336
12,34,1,11,18.11,1.6463636363636363
12,34,2,18,22.86,1.27
12,34,3,19,18.66,0.9821052631578947
12,34,4,1,0.57,0.57
12,47,0,17,24.63,1.4488235294117646
12,47,1,20,27.65,1.3824999999999998
12,47,2,19,19.7,1.0368421052631578
12,47,3,18,14.45,0.8027777777777777
12,47,4,1,0.19,0.19
12,48,0,16,41.7,2.60625
12,48,1,16,38.3,2.39375
12,48,2,15,33.57,2.238
12,48,3,7,14.96,2.1371428571428575
12,48,4,18,16.96,0.9422222222222223
12,49,0,9,6.2,0.6888888888888889
12,49,1,20,11.08,0.554
12,49,2,17,7.89,0.4641176470588235
12,49,3,19,6.96,0.3663157894736842
12,49,4,10,2.01,0.20099999999999998
12,51,0,10,15.93,1.593
12,51,1,9,12.28,1.3644444444444443
12,51,2,18,15.77,0.8761111111111111
12,51,3,17,8.68,0.5105882352941177
12,51,4,1,0.17,0.17
12,52,0,10,14.96,1.496
12,52,1,4,5.51,1.3775
12,52,2,10,13.59,1.359
12,52,3,14,13.75,0.9821428571428571
12,52,4,19,4.62,0.2431578947368421
12,58,0,20,61.52,3.076
12,58,1,9,23.13,2.57
12,58,2,9,20.52,2.28
12,58,3,6,8.4,1.4000000000000001
12,58,4,16,15.24,0.9525
12,60,0,13,11.59,0.8915384615384615
12,60,1,12,6.4,0.5333333333333333
12,60,2,12,5.0,0.4166666666666667
12,60,3,6,1.78,0.2966666666666667
12,60,4,16,3.78,0.23625
12,62,0,6,4.75,0.7916666666666666
12,62,1,3,2.18,0.7266666666666667
12,62,2,11,4.54,0.4127272727272727
12,62,3,12,3.22,0.26833333333333337
12,62,4,10,2.08,0.20800000000000002
12,63,0,20,30.59,1.5295
12,63,1,13,18.64,1.433846153846154
12,63,2,9,11.85,1.3166666666666667
12,63,3,5,5.23,1.046
12,63,4,17,4.99,0.29352941176470587
12,64,0,15,64.27,4.284666666666666
12,64,1,16,50.07,3.129375
12,64,2,15,30.65,2.0433333333333334
12,64,3,2,3.91,1.955
12,64,4,19,8.14,0.428421052631579
12,66,0,19,54.69,2.878421052631579
12,66,1,2,5.67,2.835
12,66,2,15,33.04,2.2026666666666666
12,66,3,20,13.23,0.6615
12,66,4,3,0.51,0.17
12,73,0,5,46.79,9.358
12,73,1,14,130.33,9.309285714285716
12,73,2,20,120.13,6.0065
12,73,3,20,94.37,4.718500000000001
12,73,4,10,13.12,1.3119999999999998
12,82,0,18,76.77,4.265
12,82,1,19,72.18,3.798947368421053
12,82,2,14,47.11,3.3649999999999998
12,82,3,8,19.4,2.425
12,82,4,3,2.34,0.7799999999999999
12,83,0,8,25.22,3.1525
12,83,1,19,45.42,2.3905263157894736
12,83,2,2,2.62,1.31
12,83,3,14,11.91,0.8507142857142858
12,83,4,3,2.3,0.7666666666666666
12,84,0,12,101.78,8.481666666666667
12,84,1,6,35.8,5.966666666666666
12,84,2,12,65.96,5.496666666666666
12,84,3,8,33.89,4.23625
12,84,4,19,31.71,1.6689473684210527
12,87,0,14,27.85,1.9892857142857143
12,87,1,16,16.81,1.050625
12,87,2,15,12.16,0.8106666666666666
12,87,3,13,4.42,0.33999999999999997
12,87,4,2,0.31,0.155
12,90,0,13,31.88,2.4523076923076923
12,90,1,19,43.91,2.311052631578947
12,90,2,16,8.23,0.514375
12,90,3,7,2.85,0.40714285714285714
12,90,4,8,1.48,0.185
12,95,0,3,11.71,3.9033333333333338
12,95,1,19,68.03,3.5805263157894736
12,95,2,13,41.7,3.207692307692308
12,95,3,12,30.24,2.52
12,95,4,12,17.06,1.4216666666666666
12,97,0,6,13.68,2.28
12,97,1,17,29.05,1.7088235294117649
12,97,2,1,1.51,1.51
12,97,3,17,23.88,1.404705882352941
12,97,4,5,5.71,1.142
12,99,0,8,20.11,2.51375
12,99,1,5,6.04,1.208
12,99,2,18,20.19,1.1216666666666668
12,99,3,8,8.73,1.09125
12,99,4,11,11.44,1.04
14,2,0,18,128.37,7.131666666666667
14,2,1,1,6.94,6.94
14,2,2,5,31.82,6.364
14,2,3,13,61.23,4.71
14,2,4,13,15.61,1.2007692307692308
14,3,0,1,0.79,0.79
14,3,1,16,10.63,0.664375
14,3,2,9,4.5,0.5
14,3,3,18,3.47,0.1927777777777778
14,3,4,1,0.07,0.07
14,5,0,11,37.9,3.4454545454545453
14,5,1,9,26.19,2.91
14,5,2,8,19.19,2.39875
14,5,3,16,28.42,1.77625
14,5,4,9,7.79,0.8655555555555555
14,10,0,15,83.18,5.545333333333334
14,10,1,20,99.82,4.991
14,10,2,9,41.04,4.56
14,10,3,8,26.75,3.34375
14,10,4,9,28.64,3.1822222222222223
14,11,0,6,3.02,0.5033333333333333
14,11,1,11,4.59,0.41727272727272724
14,11,2,4,0.75,0.1875
14,11,3,9,1.09,0.12111111111111111
14,11,4,5,0.23,0.046
14,12,0,10,42.15,4.215
14,12,1,11,45.36,4.123636363636364
14,12,2,14,33.36,2.382857142857143
14,12,3,14,14.43,1.0307142857142857
14,12,4,2,1.57,0.785
14,16,0,20,63.06,3.153
14,16,1,18,45.37,2.520555555555555
14,16,2,8,16.51,2.06375
14,16,3,8,9.83,1.22875
14,16,4,4,3.02,0.755
14,17,0,12,28.37,2.3641666666666667
14,17,1,8,17.18,2.1475
14,17,2,1,1.23,1.23
14,17,3,6,5.77,0.9616666666666666
14,17,4,18,4.9,0.27222222222222225
14,24,0,1,3.26,3.26
14,24,1,10,16.3,1.6300000000000001
14,24,2,6,8.79,1.4649999999999999
14,24,3,15,15.01,1.0006666666666666
14,24,4,10,2.98,0.298
14,26,0,6,47.54,7.923333333333333
14,26,1,20,127.98,6.399
14,26,2,12,66.23,5.519166666666667
14,26,3,18,49.5,2.75
14,26,4,8,8.35,1.04375
14,29,0,2,15.75,7.875
14,29,1,4,26.69,6.6725
14,29,2,12,46.96,3.9133333333333336
14,29,3,8,10.12,1.265
14,29,4,15,5.1,0.33999999999999997
14,31,0,7,16.58,2.3685714285714283
14,31,1,6,12.41,2.0683333333333334
14,31,2,8,16.14,2.0175
14,31,3,3,2.86,0.9533333333333333
14,31,4,10,4.65,0.465
14,33,0,4,24.82,6.205
14,33,1,1,5.42,5.42
14,33,2,3,15.34,5.113333333333333
14,33,3,6,18.1,3.016666666666667
14,33,4,9,11.72,1.3022222222222224
14,34,0,9,12.29,1.3655555555555554
14,34,1,16,16.72,1.045
14,34,2,5,3.91,0.782
14,34,3,16,11.15,0.696875
14,34,4,15,2.89,0.19266666666666668
14,47,0,11,41.87,3.806363636363636
14,47,1,2,3.95,1.975
14,47,2,10,16.33,1.6329999999999998
14,47,3,5,6.89,1.378
14,47,4,14,6.96,0.49714285714285716
14,48,0,6,27.96,4.66
14,48,1,1,2.47,2.47
14,48,2,13,29.58,2.275384615384615
14,48,3,12,12.05,1.0041666666666667
14,48,4,20,8.98,0.449
14,49,0,14,37.67,2.690714285714286
14,49,1,1,1.47,1.47
14,49,2,17,20.79,1.2229411764705882
14,49,3,16,14.9,0.93125
14,49,4,10,6.87,0.687
14,51,0,4,12.77,3.1925
14,51,1,10,12.11,1.2109999999999999
14,51,2,14,10.16,0.7257142857142858
14,51,3,2,1.16,0.58
14,51,4,6,2.44,0.4066666666666667
14,52,0,14,51.03,3.645
14,52,1,11,37.79,3.4354545454545455
14,52,2,18,55.02,3.0566666666666666
14,52,3,13,26.15,2.0115384615384615
14,52,4,6,6.04,1.0066666666666666
14,58,0,20,70.55,3.5275
14,58,1,12,31.2,2.6
14,58,2,9,19.6,2.177777777777778
14,58,3,6,4.84,0.8066666666666666
14,58,4,13,7.63,0.5869230769230769
14,60,0,13,62.43,4.802307692307692
14,60,1,17,77.07,4.533529411764706
14,60,2,8,16.6,2.075
14,60,3,10,18.96,1.8960000000000001
14,60,4,10,13.47,1.347
14,62,0,17,68.06,4.003529411764706
14,62,1,11,39.34,3.5763636363636366
14,62,2,3,5.55,1.8499999999999999
14,62,3,4,7.39,1.8475
14,62,4,10,10.73,1.073
14,63,0,9,47.49,5.276666666666667
14,63,1,8,24.59,3.07375
14,63,2,19,34.43,1.8121052631578947
14,63,3,7,11.4,1.6285714285714286
14,63,4,15,14.07,0.9380000000000001
14,64,0,19,4.34,0.22842105263157894
14,64,1,8,1.8,0.225
14,64,2,20,3.18,0.159
14,64,3,17,1.71,0.10058823529411764
14,64,4,14,1.17,0.08357142857142856
14,66,0,3,14.29,4.763333333333333
14,66,1,19,84.74,4.46
14,66,2,5,13.09,2.618
14,66,3,4,8.91,2.2275
14,66,4,5,2.89,0.5780000000000001
14,73,0,19,224.49,11.815263157894737
14,73,1,9,93.77,10.418888888888889
14,73,2,13,87.06,6.696923076923077
14,73,3,13,33.41,2.57
14,73,4,12,20.92,1.7433333333333334
14,82,0,6,59.76,9.959999999999999
14,82,1,3,13.51,4.503333333333333
14,82,2,20,47.28,2.364
14,82,3,12,25.56,2.13
14,82,4,7,13.3,1.9000000000000001
14,83,0,20,135.73,6.786499999999999
14,83,1,7,43.05,6.1499999999999995
14,83,2,1,6.11,6.11
14,83,3,1,5.23,5.23
14,83,4,8,13.86,1.7325
14,84,0,16,169.78,10.61125
14,84,1,8,63.43,7.92875
14,84,2,13,91.98,7.075384615384616
14,84,3,20,135.25,6.7625
14,84,4,8,25.89,3.23625
14,87,0,9,45.48,5.053333333333333
14,87,1,3,12.57,4.19
14,87,2,7,25.44,3.6342857142857143
14,87,3,3,5.39,1.7966666666666666
14,87,4,10,10.66,1.066
14,90,0,5,4.98,0.9960000000000001
14,90,1,3,2.6,0.8666666666666667
14,90,2,6,3.3,0.5499999999999999
14,90,3,15,6.72,0.448
14,90,4,18,6.23,0.34611111111111115
14,95,0,13,8.75,0.6730769230769231
14,95,1,8,2.21,0.27625
14,95,2,7,1.49,0.21285714285714286
14,95,3,12,1.33,0.11083333333333334
14,95,4,18,1.03,0.05722222222222222
14,97,0,12,31.31,2.6091666666666664
14,97,1,15,22.66,1.5106666666666666
14,97,2,5,7.3,1.46
14,97,3,11,12.79,1.1627272727272726
14,97,4,13,12.82,0.9861538461538462
14,99,0,14,17.04,1.217142857142857
14,99,1,11,6.49,0.59
14,99,2,16,7.44,0.465
14,99,3,18,8.24,0.4577777777777778
14,99,4,1,0.25,0.25
16,2,0,11,57.49,5.2263636363636365
16,2,1,9,39.01,4.334444444444444
16,2,2,12,50.6,4.216666666666667
16,2,3,6,15.28,2.5466666666666664
16,2,4,20,36.55,1.8275
16,3,0,10,24.31,2.431
16,3,1,16,36.63,2.289375
16,3,2,19,32.36,1.703157894736842
16,3,3,2,2.83,1.415
16,3,4,6,6.68,1.1133333333333333
16,5,0,13,1.75,0.1346153846153846
16,5,1,3,0.4,0.13333333333333333
16,5,2,11,1.4,0.12727272727272726
16,5,3,3,0.19,0.06333333333333334
16,5,4,1,0.03,0.03
16,10,0,7,25.53,3.6471428571428572
16,10,1,18,57.07,3.1705555555555556
16,10,2,9,15.58,1.731111111111111
16,10,3,12,9.25,0.7708333333333334
16,10,4,5,3.66,0.732
16,11,0,20,42.57,2.1285
16,11,1,14,26.91,1.9221428571428572
16,11,2,17,31.95,1.8794117647058823
16,11,3,6,5.64,0.94
16,11,4,10,2.07,0.207
16,12,0,10,18.74,1.8739999999999999
16,12,1,6,5.61,0.935
16,12,2,17,11.05,0.65
16,12,3,8,3.72,0.465
16,12,4,15,5.72,0.3813333333333333
16,14,0,17,43.89,2.581764705882353
16,14,1,3,5.67,1.89
16,14,2,13,22.49,1.73
16,14,3,1,0.99,0.99
16,14,4,19,12.9,0.6789473684210526
16,17,0,18,30.14,1.6744444444444444
16,17,1,7,9.89,1.412857142857143
16,17,2,9,12.33,1.37
16,17,3,15,17.79,1.186
16,17,4,8,3.32,0.415
16,24,0,7,3.31,0.47285714285714286
16,24,1,11,5.11,0.4645454545454546
16,24,2,19,6.51,0.3426315789473684
16,24,3,10,1.78,0.178
16,24,4,12,0.62,0.051666666666666666
16,26,0,6,31.48,5.246666666666667
16,26,1,19,86.56,4.555789473684211
16,26,2,16,69.89,4.368125
16,26,3,7,16.38,2.34
16,26,4,8,5.14,0.6425
16,29,0,18,122.96,6.8311111111111105
16,29,1,17,100.11,5.888823529411765
16,29,2,5,23.15,4.63
16,29,3,13,46.58,3.583076923076923
16,29,4,7,10.86,1.5514285714285714
16,31,0,15,49.02,3.2680000000000002
16,31,1,16,49.61,3.100625
16,31,2,5,15.49,3.098
16,31,3,10,29.94,2.994
16,31,4,1,0.45,0.45
16,33,0,18,86.65,4.813888888888889
16,33,1,20,91.24,4.561999999999999
16,33,2,17,67.39,3.9641176470588237
16,33,3,16,58.84,3.6775
16,33,4,2,1.03,0.515
16,34,0,19,56.82,2.9905263157894737
16,34,1,20,59.11,2.9555
16,34,2,7,16.43,2.347142857142857
16,34,3,6,7.85,1.3083333333333333
16,34,4,9,11.01,1.2233333333333334
16,47,0,3,2.7,0.9
16,47,1,5,4.09,0.818
16,47,2,4,2.53,0.6325
16,47,3,4,1.93,0.4825
16,47,4,19,6.77,0.3563157894736842
16,48,0,20,89.76,4.488
16,48,1,20,86.59,4.3295
16,48,2,20,25.95,1.2974999999999999
16,48,3,1,1.2,1.2
16,48,4,13,4.01,0.30846153846153845
16,49,0,12,16.67,1.3891666666666669
16,49,1,10,13.54,1.3539999999999999
16,49,2,20,20.38,1.019
16,49,3,4,1.34,0.335
16,49,4,9,2.51,0.27888888888888885
16,51,0,1,1.72,1.72
16,51,1,13,13.83,1.0638461538461539
16,51,2,13,13.54,1.0415384615384615
16,51,3,2,1.89,0.945
16,51,4,10,4.53,0.453
16,52,0,20,62.84,3.1420000000000003
16,52,1,6,17.95,2.9916666666666667
16,52,2,14,20.59,1.4707142857142856
16,52,3,3,3.8,1.2666666666666666
16,52,4,1,0.91,0.91
16,58,0,15,47.63,3.1753333333333336
16,58,1,8,22.35,2.79375
16,58,2,19,37.06,1.9505263157894739
16,58,3,6,9.18,1.53
16,58,4,10,3.04,0.304
16,60,0,1,2.3,2.3
16,60,1,1,2.14,2.14
16,60,2,6,4.43,0.7383333333333333
16,60,3,17,11.08,0.6517647058823529
16,60,4,8,2.91,0.36375
16,62,0,7,13.73,1.9614285714285715
16,62,1,15,27.66,1.844
16,62,2,10,14.43,1.443
16,62,3,7,9.05,1.292857142857143
16,62,4,18,18.32,1.017777777777778
16,63,0,19,34.19,1.7994736842105261
16,63,1,1,1.63,1.63
16,63,2,2,2.57,1.285
16,63,3,6,6.59,1.0983333333333334
16,63,4,9,8.72,0.9688888888888889
16,64,0,2,5.22,2.61
16,64,1,10,25.27,2.527
16,64,2,3,4.1,1.3666666666666665
16,64,3,13,12.64,0.9723076923076923
16,64,4,14,8.54,0.61
16,66,0,8,37.4,4.675
16,66,1,10,46.07,4.607
16,66,2,13,20.79,1.5992307692307692
16,66,3,4,4.1,1.025
16,66,4,8,7.98,0.9975
16,73,0,1,11.29,11.29
16,73,1,12,135.02,11.251666666666667
16,73,2,6,23.53,3.921666666666667
16,73,3,10,28.67,2.867
16,73,4,7,12.78,1.8257142857142856
16,82,0,20,123.0,6.15
16,82,1,9,29.54,3.282222222222222
16,82,2,15,46.08,3.072
16,82,3,7,11.87,1.6957142857142855
16,82,4,19,19.16,1.0084210526315789
16,83,0,17,69.66,4.097647058823529
16,83,1,15,49.45,3.296666666666667
16,83,2,2,5.13,2.565
16,83,3,19,35.01,1.8426315789473684
16,83,4,19,30.37,1.598421052631579
16,84,0,18,189.15,10.508333333333333
16,84,1,18,162.73,9.040555555555555
16,84,2,5,44.34,8.868
16,84,3,13,29.91,2.3007692307692307
16,84,4,20,27.2,1.3599999999999999
16,87,0,8,21.67,2.70875
16,87,1,2,5.21,2.605
16,87,2,20,23.49,1.1744999999999999
16,87,3,20,21.49,1.0745
16,87,4,12,12.53,1.0441666666666667
16,90,0,16,57.7,3.60625
16,90,1,13,40.82,3.14
16,90,2,13,29.97,2.3053846153846154
16,90,3,7,11.38,1.625714285714286
16,90,4,2,1.65,0.825
16,95,0,12,36.96,3.08
16,95,1,9,22.96,2.551111111111111
16,95,2,16,24.54,1.53375
16,95,3,10,10.14,1.014
16,95,4,19,6.34,0.3336842105263158
16,97,0,12,7.03,0.5858333333333333
16,97,1,19,10.25,0.5394736842105263
16,97,2,14,4.99,0.35642857142857143
16,97,3,11,3.9,0.35454545454545455
16,97,4,17,5.23,0.30764705882352944
16,99,0,12,29.27,2.4391666666666665
16,99,1,12,25.54,2.1283333333333334
16,99,2,6,12.0,2.0
16,99,3,18,24.67,1.3705555555555557
16,99,4,20,2.69,0.1345
17,2,0,2,11.09,5.545
17,2,1,6,26.38,4.3966666666666665
17,2,2,18,65.2,3.6222222222222222
17,2,3,19,41.46,2.182105263157895
17,2,4,18,20.03,1.1127777777777779
17,3,0,14,23.39,1.6707142857142858
17,3,1,10,16.19,1.6190000000000002
17,3,2,4,4.09,1.0225
17,3,3,8,5.73,0.71625
17,3,4,1,0.58,0.58
17,5,0,13,21.58,1.66
17,5,1,2,2.25,1.125
17,5,2,8,8.12,1.015
17,5,3,20,19.14,0.9570000000000001
17,5,4,1,0.73,0.73
17,10,0,6,26.33,4.388333333333333
17,10,1,2,8.69,4.345
17,10,2,2,6.86,3.43
17,10,3,13,33.41,2.57
17,10,4,6,8.04,1.3399999999999999
17,11,0,15,28.32,1.8880000000000001
17,11,1,16,28.09,1.755625
17,11,2,14,10.78,0.7699999999999999
17,11,3,14,9.96,0.7114285714285715
17,11,4,13,1.22,0.09384615384615384
17,12,0,8,16.01,2.00125
17,12,1,5,9.76,1.952
17,12,2,16,27.35,1.709375
17,12,3,16,20.38,1.27375
17,12,4,13,6.52,0.5015384615384615
17,14,0,2,3.54,1.77
17,14,1,4,6.2,1.55
17,14,2,13,13.41,1.0315384615384615
17,14,3,3,2.88,0.96
17,14,4,15,4.55,0.30333333333333334
17,16,0,7,13.4,1.9142857142857144
17,16,1,7,9.96,1.422857142857143
17,16,2,2,2.49,1.245
17,16,3,18,17.15,0.9527777777777777
17,16,4,3,0.99,0.33
17,24,0,2,2.12,1.06
17,24,1,7,4.7,0.6714285714285715
17,24,2,1,0.58,0.58
17,24,3,7,2.84,0.4057142857142857
17,24,4,19,4.58,0.24105263157894738
17,26,0,8,43.83,5.47875
17,26,1,6,31.14,5.19
17,26,2,9,28.24,3.1377777777777776
17,26,3,7,17.27,2.467142857142857
17,26,4,17,22.9,1.3470588235294116
17,29,0,20,122.76,6.138
17,29,1,1,6.07,6.07
17,29,2,4,21.83,5.4575
17,29,3,10,49.67,4.9670000000000005
17,29,4,13,17.6,1.353846153846154
17,31,0,18,23.59,1.3105555555555555
17,31,1,19,20.39,1.073157894736842
17,31,2,1,0.99,0.99
17,31,3,18,6.58,0.3655555555555556
17,31,4,12,2.59,0.21583333333333332
17,33,0,19,104.75,5.5131578947368425
17,33,1,15,60.02,4.001333333333333
17,33,2,17,59.8,3.5176470588235293
17,33,3,10,29.27,2.927
17,33,4,1,0.78,0.78
17,34,0,3,3.95,1.3166666666666667
17,34,1,14,18.16,1.2971428571428572
17,34,2,8,8.57,1.07125
17,34,3,4,4.13,1.0325
17,34,4,15,11.89,0.7926666666666667
17,47,0,8,18.07,2.25875
17,47,1,5,10.22,2.044
17,47,2,12,21.0,1.75
17,47,3,19,23.54,1.2389473684210526
17,47,4,19,20.17,1.0615789473684212
17,48,0,7,24.18,3.454285714285714
17,48,1,3,9.19,3.063333333333333
17,48,2,7,20.31,2.9014285714285712
17,48,3,3,8.06,2.686666666666667
17,48,4,12,4.59,0.3825
17,49,0,16,15.6,0.975
17,49,1,11,10.33,0.9390909090909091
17,49,2,5,4.49,0.898
17,49,3,12,7.63,0.6358333333333334
17,49,4,20,2.64,0.132
17,51,0,11,8.13,0.7390909090909091
17,51,1,7,3.92,0.5599999999999999
17,51,2,16,4.55,0.284375
17,51,3,9,2.2,0.24444444444444446
17,51,4,10,2.44,0.244
17,52,0,12,34.31,2.859166666666667
17,52,1,19,45.14,2.3757894736842107
17,52,2,3,5.95,1.9833333333333334
17,52,3,5,6.81,1.3619999999999999
17,52,4,2,2.23,1.115
17,58,0,20,39.92,1.996
17,58,1,2,2.51,1.255
17,58,2,10,12.3,1.23
17,58,3,2,1.93,0.965
17,58,4,19,11.21,0.5900000000000001
17,60,0,8,24.36,3.045
17,60,1,16,44.53,2.783125
17,60,2,5,11.65,2.33
17,60,3,1,0.92,0.92
17,60,4,16,10.59,0.661875
17,62,0,6,7.99,1.3316666666666668
17,62,1,6,7.27,1.2116666666666667
17,62,2,1,1.0,1.0
17,62,3,4,3.09,0.7725
17,62,4,19,3.28,0.1726315789473684
17,63,0,11,35.73,3.248181818181818
17,63,1,5,9.02,1.8039999999999998
17,63,2,5,8.58,1.716
17,63,3,1,1.36,1.36
17,63,4,1,0.77,0.77
17,64,0,20,36.97,1.8485
17,64,1,13,23.79,1.8299999999999998
17,64,2,2,3.63,1.815
17,64,3,12,20.35,1.6958333333333335
17,64,4,1,0.58,0.58
17,66,0,18,69.13,3.8405555555555555
17,66,1,5,17.54,3.508
17,66,2,14,46.24,3.302857142857143
17,66,3,15,17.84,1.1893333333333334
17,66,4,5,5.07,1.014
17,73,0,4,40.37,10.0925
17,73,1,7,64.7,9.242857142857144
17,73,2,18,90.49,5.027222222222222
17,73,3,14,20.23,1.445
17,73,4,6,2.58,0.43
17,82,0,17,111.5,6.5588235294117645
17,82,1,3,14.64,4.88
17,82,2,7,30.52,4.36
17,82,3,11,27.32,2.483636363636364
17,82,4,2,3.81,1.905
17,83,0,14,55.81,3.9864285714285717
17,83,1,1,2.81,2.81
17,83,2,16,41.22,2.57625
17,83,3,20,49.49,2.4745
17,83,4,4,5.41,1.3525
17,84,0,18,141.84,7.88
17,84,1,12,88.37,7.364166666666667
17,84,2,17,92.15,5.420588235294118
17,84,3,18,76.75,4.263888888888889
17,84,4,18,21.01,1.1672222222222224
17,87,0,6,23.48,3.9133333333333336
17,87,1,6,21.44,3.5733333333333337
17,87,2,2,3.78,1.89
17,87,3,9,12.99,1.4433333333333334
17,87,4,16,9.92,0.62
17,90,0,15,30.9,2.06
17,90,1,3,6.07,2.0233333333333334
17,90,2,2,2.89,1.445
17,90,3,9,5.66,0.6288888888888889
17,90,4,10,4.96,0.496
17,95,0,3,5.45,1.8166666666666667
17,95,1,6,10.68,1.78
17,95,2,7,3.28,0.4685714285714285
17,95,3,14,2.65,0.18928571428571428
17,95,4,20,2.12,0.10600000000000001
17,97,0,10,37.14,3.714
17,97,1,11,38.14,3.4672727272727273
17,97,2,19,55.91,2.9426315789473683
17,97,3,19,35.96,1.8926315789473684
17,97,4,6,6.22,1.0366666666666666
17,99,0,15,13.42,0.8946666666666666
17,99,1,11,9.34,0.8490909090909091
17,99,2,2,1.41,0.705
17,99,3,10,5.99,0.599
17,99,4,2,0.51,0.255
24,2,0,17,97.85,5.7558823529411764
24,2,1,14,59.18,4.227142857142857
24,2,2,6,21.66,3.61
24,2,3,17,56.34,3.314117647058824
24,2,4,6,11.68,1.9466666666666665
24,3,0,15,33.53,2.2353333333333336
24,3,1,3,4.56,1.5199999999999998
24,3,2,14,20.63,1.4735714285714285
24,3,3,11,7.26,0.66
24,3,4,18,11.47,0.6372222222222222
24,5,0,11,3.14,0.28545454545454546
24,5,1,6,1.59,0.265
24,5,2,5,0.97,0.194
24,5,3,17,3.09,0.18176470588235294
24,5,4,2,0.03,0.015
24,10,0,18,72.28,4.015555555555555
24,10,1,12,26.81,2.2341666666666664
24,10,2,7,11.77,1.6814285714285713
24,10,3,14,21.34,1.5242857142857142
24,10,4,15,18.05,1.2033333333333334
24,11,0,18,55.83,3.1016666666666666
24,11,1,1,2.19,2.19
24,11,2,15,26.1,1.74
24,11,3,8,6.81,0.85125
24,11,4,19,4.87,0.2563157894736842
24,12,0,13,13.02,1.0015384615384615
24,12,1,15,12.88,0.8586666666666667
24,12,2,16,13.09,0.818125
24,12,3,9,6.13,0.6811111111111111
24,12,4,6,1.34,0.22333333333333336
24,14,0,17,49.85,2.932352941176471
24,14,1,10,27.64,2.7640000000000002
24,14,2,8,6.18,0.7725
24,14,3,5,3.34,0.6679999999999999
24,14,4,2,1.13,0.565
24,16,0,3,1.3,0.43333333333333335
24,16,1,11,4.35,0.39545454545454545
24,16,2,14,5.39,0.38499999999999995
24,16,3,12,4.48,0.37333333333333335
24,16,4,13,4.67,0.35923076923076924
24,17,0,12,18.25,1.5208333333333333
24,17,1,8,11.64,1.455
24,17,2,1,0.93,0.93
24,17,3,3,2.12,0.7066666666666667
24,17,4,5,2.05,0.41
24,26,0,20,86.57,4.3285
24,26,1,11,44.27,4.024545454545454
24,26,2,6,19.79,3.2983333333333333
24,26,3,12,28.33,2.3608333333333333
24,26,4,8,12.42,1.5525
24,29,0,13,87.95,6.765384615384615
24,29,1,14,93.9,6.707142857142857
24,29,2,1,5.07,5.07
24,29,3,19,74.5,3.9210526315789473
24,29,4,6,22.74,3.7899999999999996
24,31,0,4,8.6,2.15
24,31,1,6,8.03,1.3383333333333332
24,31,2,2,2.39,1.195
24,31,3,18,14.33,0.7961111111111111
24,31,4,9,4.2,0.4666666666666667
24,33,0,15,95.0,6.333333333333333
24,33,1,19,81.95,4.313157894736842
24,33,2,7,24.2,3.457142857142857
24,33,3,16,25.0,1.5625
24,33,4,20,6.78,0.339
24,34,0,2,5.38,2.69
24,34,1,7,12.9,1.842857142857143
24,34,2,15,22.37,1.4913333333333334
24,34,3,7,9.98,1.4257142857142857
24,34,4,14,3.8,0.2714285714285714
24,47,0,17,19.75,1.161764705882353
24,47,1,3,2.55,0.85
24,47,2,1,0.54,0.54
24,47,3,1,0.45,0.45
24,47,4,10,3.6,0.36
24,48,0,4,14.98,3.745
24,48,1,10,35.61,3.561
24,48,2,5,5.7,1.1400000000000001
24,48,3,6,1.43,0.2383333333333333
24,48,4,1,0.22,0.22
24,49,0,8,7.52,0.94
24,49,1,10,2.99,0.29900000000000004
24,49,2,5,1.19,0.238
24,49,3,18,2.21,0.12277777777777778
24,49,4,11,1.27,0.11545454545454546
24,51,0,12,13.97,1.1641666666666668
24,51,1,19,18.37,0.966842105263158
24,51,2,2,1.77,0.885
24,51,3,20,17.53,0.8765000000000001
24,51,4,8,2.45,0.30625
24,52,0,16,49.63,3.101875
24,52,1,7,17.07,2.4385714285714286
24,52,2,7,10.65,1.5214285714285716
24,52,3,16,11.16,0.6975
24,52,4,5,1.61,0.322
24,58,0,15,49.91,3.3273333333333333
24,58,1,13,22.64,1.7415384615384615
24,58,2,2,2.85,1.425
24,58,3,16,17.1,1.06875
24,58,4,15,10.75,0.7166666666666667
24,60,0,20,37.28,1.864
24,60,1,10,14.66,1.466
24,60,2,19,23.36,1.2294736842105263
24,60,3,11,12.53,1.139090909090909
24,60,4,17,5.71,0.33588235294117647
24,62,0,18,29.16,1.62
24,62,1,8,9.57,1.19625
24,62,2,20,13.68,0.6839999999999999
24,62,3,4,2.24,0.56
24,62,4,5,2.69,0.538
24,63,0,2,3.91,1.955
24,63,1,12,21.16,1.7633333333333334
24,63,2,7,8.3,1.1857142857142857
24,63,3,6,2.27,0.37833333333333335
24,63,4,6,1.27,0.21166666666666667
24,64,0,7,19.91,2.8442857142857143
24,64,1,1,1.8,1.8
24,64,2,7,12.03,1.7185714285714284
24,64,3,5,8.31,1.6620000000000001
24,64,4,19,29.73,1.5647368421052632
24,66,0,4,14.9,3.725
24,66,1,5,15.45,3.09
24,66,2,1,3.06,3.06
24,66,3,10,15.08,1.508
24,66,4,3,3.92,1.3066666666666666
24,73,0,16,150.68,9.4175
24,73,1,17,110.86,6.521176470588236
24,73,2,17,107.84,6.343529411764706
24,73,3,4,19.56,4.89
24,73,4,12,55.64,4.636666666666667
24,82,0,16,100.91,6.306875
24,82,1,16,89.18,5.57375
24,82,2,2,10.0,5.0
24,82,3,15,54.25,3.6166666666666667
24,82,4,4,6.31,1.5775
24,83,0,9,47.04,5.226666666666667
24,83,1,8,36.61,4.57625
24,83,2,20,77.76,3.8880000000000003
24,83,3,18,47.5,2.638888888888889
24,83,4,4,2.04,0.51
24,84,0,14,98.17,7.012142857142857
24,84,1,19,81.76,4.3031578947368425
24,84,2,11,26.39,2.399090909090909
24,84,3,1,1.51,1.51
24,84,4,15,8.94,0.596
24,87,0,12,43.2,3.6
24,87,1,3,7.94,2.646666666666667
24,87,2,14,27.94,1.9957142857142858
24,87,3,20,37.53,1.8765
24,87,4,5,7.5,1.5
24,90,0,11,35.31,3.2100000000000004
24,90,1,7,15.83,2.2614285714285716
24,90,2,16,34.92,2.1825
24,90,3,7,11.34,1.6199999999999999
24,90,4,20,5.54,0.277
24,95,0,1,3.43,3.43
24,95,1,3,8.92,2.973333333333333
24,95,2,7,20.47,2.924285714285714
24,95,3,1,2.24,2.24
24,95,4,10,1.79,0.179
24,97,0,15,35.94,2.396
24,97,1,12,21.85,1.8208333333333335
24,97,2,11,12.84,1.1672727272727272
24,97,3,7,4.74,0.6771428571428572
24,97,4,14,4.44,0.31714285714285717
24,99,0,9,19.07,2.118888888888889
24,99,1,17,33.1,1.947058823529412
24,99,2,6,9.87,1.6449999999999998
24,99,3,13,16.93,1.3023076923076924
24,99,4,4,1.34,0.335
26,2,0,11,33.95,3.0863636363636364
26,2,1,14,20.32,1.4514285714285715
26,2,2,15,9.08,0.6053333333333334
26,2,3,8,2.86,0.3575
26,2,4,8,2.77,0.34625
26,3,0,5,36.64,7.328
26,3,1,11,56.76,5.16
26,3,2,16,59.41,3.713125
26,3,3,5,11.02,2.2039999999999997
26,3,4,7,4.99,0.7128571428571429
26,5,0,19,79.99,4.21
26,5,1,10,41.54,4.154
26,5,2,13,51.46,3.9584615384615387
26,5,3,20,31.7,1.585
26,5,4,12,9.38,0.7816666666666667
26,10,0,18,22.83,1.2683333333333333
26,10,1,8,6.04,0.755
26,10,2,5,2.33,0.466
26,10,3,13,5.77,0.44384615384615383
26,10,4,9,1.03,0.11444444444444445
26,11,0,19,106.98,5.630526315789474
26,11,1,1,3.95,3.95
26,11,2,11,17.24,1.5672727272727272
26,11,3,13,19.8,1.5230769230769232
26,11,4,19,13.45,0.7078947368421052
26,12,0,7,26.17,3.738571428571429
26,12,1,8,23.11,2.88875
26,12,2,14,33.9,2.4214285714285713
26,12,3,4,3.83,0.9575
26,12,4,13,11.98,0.9215384615384615
26,14,0,4,27.29,6.8225
26,14,1,18,98.51,5.472777777777778
26,14,2,16,75.98,4.74875
26,14,3,7,9.42,1.3457142857142856
26,14,4,2,1.36,0.68
26,16,0,5,26.52,5.304
26,16,1,8,38.88,4.86
26,16,2,12,22.91,1.9091666666666667
26,16,3,2,0.66,0.33
26,16,4,11,2.57,0.23363636363636361
26,17,0,8,38.64,4.83
26,17,1,12,57.7,4.808333333333334
26,17,2,20,85.19,4.2595
26,17,3,20,33.9,1.6949999999999998
26,17,4,15,16.25,1.0833333333333333
26,24,0,7,36.14,5.162857142857143
26,24,1,16,73.54,4.59625
26,24,2,18,61.83,3.435
26,24,3,13,41.71,3.2084615384615387
26,24,4,18,41.7,2.316666666666667
26,29,0,20,71.51,3.5755000000000003
26,29,1,9,27.45,3.05
26,29,2,20,59.28,2.964
26,29,3,9,25.25,2.8055555555555554
26,29,4,7,1.74,0.24857142857142858
26,31,0,19,104.32,5.490526315789474
26,31,1,19,83.64,4.402105263157895
26,31,2,1,3.83,3.83
26,31,3,20,70.55,3.5275
26,31,4,19,19.89,1.046842105263158
26,33,0,17,50.11,2.9476470588235295
26,33,1,16,31.68,1.98
26,33,2,3,5.05,1.6833333333333333
26,33,3,16,19.71,1.231875
26,33,4,10,10.08,1.008
26,34,0,10,55.98,5.598
26,34,1,6,28.23,4.705
26,34,2,16,48.91,3.056875
26,34,3,18,18.86,1.0477777777777777
26,34,4,19,15.33,0.8068421052631579
26,47,0,7,30.8,4.4
26,47,1,3,13.0,4.333333333333333
26,47,2,1,2.58,2.58
26,47,3,13,15.88,1.2215384615384617
26,47,4,11,4.96,0.4509090909090909
26,48,0,1,3.33,3.33
26,48,1,5,15.08,3.016
26,48,2,5,9.27,1.8539999999999999
26,48,3,16,27.34,1.70875
26,48,4,5,2.0,0.4
26,49,0,14,62.6,4.4714285714285715
26,49,1,12,48.39,4.0325
26,49,2,17,60.22,3.5423529411764707
26,49,3,13,20.01,1.5392307692307694
26,49,4,16,7.18,0.44875
26,51,0,19,92.22,4.853684210526316
26,51,1,20,67.32,3.3659999999999997
26,51,2,15,37.98,2.5319999999999996
26,51,3,10,12.78,1.278
26,51,4,15,16.42,1.0946666666666667
26,52,0,16,33.15,2.071875
26,52,1,2,2.49,1.245
26,52,2,17,19.39,1.1405882352941177
26,52,3,14,14.74,1.052857142857143
26,52,4,14,2.31,0.165
26,58,0,4,23.27,5.8175
26,58,1,1,5.36,5.36
26,58,2,19,98.28,5.172631578947368
26,58,3,6,15.75,2.625
26,58,4,17,30.65,1.802941176470588
26,60,0,11,26.48,2.4072727272727272
26,60,1,18,29.65,1.6472222222222221
26,60,2,6,6.25,1.0416666666666667
26,60,3,1,0.72,0.72
26,60,4,18,4.41,0.245
26,62,0,3,8.67,2.89
26,62,1,11,27.75,2.522727272727273
26,62,2,13,18.38,1.4138461538461538
26,62,3,14,3.55,0.25357142857142856
26,62,4,19,4.6,0.2421052631578947
26,63,0,9,13.74,1.5266666666666666
26,63,1,2,1.93,0.965
26,63,2,6,4.56,0.7599999999999999
26,63,3,13,5.91,0.45461538461538464
26,63,4,2,0.7,0.35
26,64,0,18,125.19,6.955
26,64,1,2,9.08,4.54
26,64,2,7,15.29,2.184285714285714
26,64,3,11,23.24,2.112727272727273
26,64,4,19,21.76,1.145263157894737
26,66,0,14,33.97,2.426428571428571
26,66,1,9,15.37,1.7077777777777776
26,66,2,5,4.29,0.858
26,66,3,20,13.8,0.6900000000000001
26,66,4,4,1.43,0.3575
26,73,0,1,9.1,9.1
26,73,1,16,137.75,8.609375
26,73,2,16,75.68,4.73
26,73,3,2,8.95,4.475
26,73,4,15,6.61,0.4406666666666667
26,82,0,17,98.52,5.7952941176470585
26,82,1,8,36.14,4.5175
26,82,2,11,44.04,4.003636363636364
26,82,3,7,6.27,0.8957142857142857
26,82,4,2,1.35,0.675
26,83,0,13,7.95,0.6115384615384616
26,83,1,1,0.38,0.38
26,83,2,18,5.37,0.29833333333333334
26,83,3,16,4.6,0.2875
26,83,4,3,0.34,0.11333333333333334
26,84,0,10,42.0,4.2
26,84,1,12,45.67,3.8058333333333336
26,84,2,10,22.72,2.272
26,84,3,11,24.14,2.194545454545455
26,84,4,5,4.35,0.8699999999999999
26,87,0,20,27.54,1.377
26,87,1,2,1.84,0.92
26,87,2,3,2.74,0.9133333333333334
26,87,3,20,6.14,0.307
26,87,4,3,0.46,0.15333333333333335
26,90,0,9,56.48,6.275555555555555
26,90,1,19,108.21,5.695263157894736
26,90,2,14,53.21,3.8007142857142857
26,90,3,10,35.77,3.5770000000000004
26,90,4,20,26.7,1.335
26,95,0,9,49.52,5.502222222222223
26,95,1,19,57.91,3.047894736842105
26,95,2,13,38.23,2.9407692307692304
26,95,3,2,4.36,2.18
26,95,4,3,3.01,1.0033333333333332
26,97,0,5,25.98,5.196
26,97,1,4,14.74,3.685
26,97,2,11,30.18,2.7436363636363637
26,97,3,2,2.54,1.27
26,97,4,14,8.42,0.6014285714285714
26,99,0,8,37.66,4.7075
26,99,1,15,44.48,2.965333333333333
26,99,2,20,44.36,2.218
26,99,3,1,0.99,0.99
26,99,4,20,14.9,0.745
29,2,0,17,24.31,1.43
29,2,1,3,3.43,1.1433333333333333
29,2,2,5,5.69,1.1380000000000001
29,2,3,10,9.68,0.968
29,2,4,18,5.01,0.2783333333333333
29,3,0,2,9.15,4.575
29,3,1,15,58.9,3.9266666666666667
29,3,2,5,17.63,3.526
29,3,3,18,58.88,3.2711111111111113
29,3,4,20,40.89,2.0445
29,5,0,1,5.43,5.43
29,5,1,3,11.97,3.99
29,5,2,9,23.52,2.6133333333333333
29,5,3,17,39.0,2.2941176470588234
29,5,4,11,12.53,1.139090909090909
29,10,0,8,32.42,4.0525
29,10,1,17,68.47,4.027647058823529
29,10,2,20,77.92,3.896
29,10,3,15,47.83,3.1886666666666668
29,10,4,3,6.16,2.0533333333333332
29,11,0,8,46.48,5.81
29,11,1,15,64.36,4.290666666666667
29,11,2,7,27.85,3.9785714285714286
29,11,3,18,33.33,1.8516666666666666
29,11,4,4,4.41,1.1025
29,12,0,3,14.35,4.783333333333333
29,12,1,16,71.0,4.4375
29,12,2,9,35.44,3.9377777777777774
29,12,3,20,61.53,3.0765000000000002
29,12,4,11,30.86,2.805454545454545
29,14,0,14,99.44,7.102857142857142
29,14,1,3,15.05,5.016666666666667
29,14,2,12,51.43,4.285833333333334
29,14,3,14,57.86,4.132857142857143
29,14,4,17,14.61,0.8594117647058823
29,16,0,6,43.41,7.234999999999999
29,16,1,7,44.42,6.345714285714286
29,16,2,5,26.54,5.308
29,16,3,6,25.56,4.26
29,16,4,11,39.88,3.6254545454545455
29,17,0,14,48.01,3.4292857142857143
29,17,1,11,37.47,3.4063636363636363
29,17,2,19,48.97,2.5773684210526313
29,17,3,11,18.08,1.6436363636363636
29,17,4,4,1.52,0.38
29,24,0,5,23.49,4.6979999999999995
29,24,1,18,73.55,4.086111111111111
29,24,2,5,9.59,1.918
29,24,3,18,16.85,0.9361111111111112
29,24,4,12,4.93,0.41083333333333333
29,26,0,1,4.03,4.03
29,26,1,6,20.99,3.498333333333333
29,26,2,18,57.76,3.2088888888888887
29,26,3,13,6.39,0.49153846153846154
29,26,4,9,4.25,0.4722222222222222
29,31,0,15,67.36,4.490666666666667
29,31,1,4,10.78,2.695
29,31,2,13,20.85,1.603846153846154
29,31,3,14,19.26,1.375714285714286
29,31,4,14,12.66,0.9042857142857142
29,33,0,9,22.82,2.535555555555556
29,33,1,6,9.97,1.6616666666666668
29,33,2,3,4.49,1.4966666666666668
29,33,3,5,7.0,1.4
29,33,4,15,20.32,1.3546666666666667
29,34,0,13,70.16,5.396923076923077
29,34,1,20,80.06,4.003
29,34,2,10,36.01,3.601
29,34,3,3,8.11,2.703333333333333
29,34,4,17,44.35,2.6088235294117648
29,47,0,13,72.5,5.576923076923077
29,47,1,12,60.77,5.064166666666667
29,47,2,8,38.02,4.7525
29,47,3,3,13.66,4.553333333333334
29,47,4,6,9.34,1.5566666666666666
29,48,0,12,28.48,2.3733333333333335
29,48,1,11,14.98,1.3618181818181818
29,48,2,3,3.34,1.1133333333333333
29,48,3,13,11.77,0.9053846153846153
29,48,4,10,4.52,0.45199999999999996
29,49,0,15,68.26,4.550666666666667
29,49,1,11,45.77,4.160909090909091
29,49,2,9,25.51,2.8344444444444448
29,49,3,5,9.41,1.8820000000000001
29,49,4,1,1.45,1.45
29,51,0,3,16.07,5.3566666666666665
29,51,1,19,33.67,1.7721052631578948
29,51,2,3,4.49,1.4966666666666668
29,51,3,11,15.68,1.4254545454545455
29,51,4,17,14.17,0.8335294117647059
29,52,0,19,65.7,3.4578947368421056
29,52,1,7,23.59,3.37
29,52,2,11,37.01,3.3645454545454543
29,52,3,9,21.28,2.3644444444444446
29,52,4,9,3.78,0.42
29,58,0,18,73.22,4.067777777777778
29,58,1,8,12.3,1.5375
29,58,2,19,26.73,1.406842105263158
29,58,3,10,10.18,1.018
29,58,4,11,9.11,0.8281818181818181
29,60,0,6,33.21,5.535
29,60,1,6,28.52,4.753333333333333
29,60,2,6,21.82,3.6366666666666667
29,60,3,19,62.87,3.3089473684210526
29,60,4,16,26.28,1.6425
29,62,0,11,51.89,4.717272727272728
29,62,1,6,20.44,3.4066666666666667
29,62,2,15,38.49,2.5660000000000003
29,62,3,9,6.13,0.6811111111111111
29,62,4,4,1.67,0.4175
29,63,0,6,13.7,2.283333333333333
29,63,1,2,3.22,1.61
29,63,2,5,6.72,1.3439999999999999
29,63,3,8,5.16,0.645
29,63,4,19,9.42,0.4957894736842105
29,64,0,7,50.37,7.195714285714286
29,64,1,1,7.05,7.05
29,64,2,6,19.06,3.1766666666666663
29,64,3,11,30.78,2.7981818181818183
29,64,4,14,10.52,0.7514285714285714
29,66,0,9,21.07,2.341111111111111
29,66,1,19,44.17,2.3247368421052634
29,66,2,13,22.43,1.7253846153846153
29,66,3,16,6.77,0.423125
29,66,4,3,0.85,0.2833333333333333
29,73,0,5,15.85,3.17
29,73,1,5,15.06,3.012
29,73,2,1,2.71,2.71
29,73,3,13,24.14,1.856923076923077
29,73,4,14,11.7,0.8357142857142856
29,82,0,1,1.06,1.06
29,82,1,12,12.51,1.0425
29,82,2,10,9.97,0.9970000000000001
29,82,3,14,9.38,0.67
29,82,4,5,2.33,0.466
29,83,0,5,18.41,3.682
29,83,1,10,34.38,3.438
29,83,2,9,11.37,1.2633333333333332
29,83,3,15,10.47,0.6980000000000001
29,83,4,2,0.68,0.34
29,84,0,9,33.98,3.775555555555555
29,84,1,11,33.49,3.044545454545455
29,84,2,7,14.49,2.07
29,84,3,17,25.45,1.4970588235294118
29,84,4,11,7.18,0.6527272727272727
29,87,0,2,5.34,2.67
29,87,1,4,10.42,2.605
29,87,2,5,12.22,2.444
29,87,3,11,8.38,0.7618181818181818
29,87,4,14,10.02,0.7157142857142856
29,90,0,11,74.65,6.786363636363637
29,90,1,12,63.99,5.3325000000000005
29,90,2,15,74.21,4.947333333333333
29,90,3,12,19.96,1.6633333333333333
29,90,4,1,0.83,0.83
29,95,0,5,24.18,4.836
29,95,1,10,43.35,4.335
29,95,2,6,22.63,3.7716666666666665
29,95,3,15,47.65,3.1766666666666667
29,95,4,6,6.11,1.0183333333333333
29,97,0,14,100.65,7.189285714285715
29,97,1,14,63.36,4.525714285714286
29,97,2,12,46.89,3.9075
29,97,3,14,47.86,3.4185714285714286
29,97,4,3,2.18,0.7266666666666667
29,99,0,3,17.42,5.8066666666666675
29,99,1,8,35.12,4.39
29,99,2,16,69.01,4.313125
29,99,3,1,2.14,2.14
29,99,4,14,18.28,1.3057142857142858
31,2,0,11,58.08,5.28
31,2,1,18,83.69,4.649444444444445
31,2,2,8,33.02,4.1275
31,2,3,11,35.08,3.189090909090909
31,2,4,11,11.71,1.0645454545454547
31,3,0,17,25.92,1.5247058823529414
31,3,1,12,17.74,1.4783333333333333
31,3,2,18,21.45,1.1916666666666667
31,3,3,1,0.49,0.49
31,3,4,1,0.28,0.28
31,5,0,2,5.46,2.73
31,5,1,20,50.84,2.5420000000000003
31,5,2,19,31.9,1.6789473684210525
31,5,3,10,9.88,0.9880000000000001
31,5,4,13,4.54,0.34923076923076923
31,10,0,1,5.13,5.13
31,10,1,14,58.65,4.189285714285714
31,10,2,3,11.77,3.9233333333333333
31,10,3,2,5.17,2.585
31,10,4,8,11.31,1.41375
31,11,0,20,36.72,1.8359999999999999
31,11,1,15,20.22,1.3479999999999999
31,11,2,18,22.24,1.2355555555555555
31,11,3,17,5.83,0.34294117647058825
31,11,4,14,3.89,0.27785714285714286
31,12,0,16,49.84,3.115
31,12,1,4,11.77,2.9425
31,12,2,19,49.98,2.6305263157894734
31,12,3,1,1.91,1.91
31,12,4,12,10.81,0.9008333333333334
31,14,0,20,36.09,1.8045000000000002
31,14,1,19,31.15,1.6394736842105262
31,14,2,15,15.44,1.0293333333333332
31,14,3,4,3.64,0.91
31,14,4,11,6.48,0.5890909090909091
31,16,0,17,55.87,3.286470588235294
31,16,1,15,42.54,2.836
31,16,2,7,16.21,2.315714285714286
31,16,3,20,36.76,1.8379999999999999
31,16,4,5,8.01,1.6019999999999999
31,17,0,13,16.39,1.2607692307692309
31,17,1,13,9.27,0.713076923076923
31,17,2,5,3.1,0.62
31,17,3,3,1.1,0.3666666666666667
31,17,4,15,1.8,0.12000000000000001
31,24,0,1,2.29,2.29
31,24,1,16,27.02,1.68875
31,24,2,17,20.21,1.1888235294117648
31,24,3,17,7.94,0.4670588235294118
31,24,4,15,4.99,0.33266666666666667
31,26,0,2,11.36,5.68
31,26,1,13,67.58,5.1984615384615385
31,26,2,9,33.3,3.6999999999999997
31,26,3,2,5.13,2.565
31,26,4,13,18.83,1.4484615384615382
31,29,0,9,32.78,3.6422222222222222
31,29,1,16,47.05,2.940625
31,29,2,16,28.54,1.78375
31,29,3,6,9.53,1.5883333333333332
31,29,4,14,4.2,0.3
31,33,0,12,86.74,7.228333333333333
31,33,1,3,10.27,3.4233333333333333
31,33,2,5,14.6,2.92
31,33,3,9,18.14,2.0155555555555558
31,33,4,14,27.01,1.9292857142857145
31,34,0,18,12.77,0.7094444444444444
31,34,1,18,12.32,0.6844444444444444
31,34,2,11,2.67,0.2427272727272727
31,34,3,18,2.8,0.15555555555555556
31,34,4,6,0.29,0.04833333333333333
31,47,0,3,12.02,4.006666666666667
31,47,1,10,39.98,3.9979999999999998
31,47,2,11,42.99,3.908181818181818
31,47,3,15,14.19,0.946
31,47,4,20,9.87,0.49349999999999994
31,48,0,17,50.38,2.963529411764706
31,48,1,2,2.19,1.095
31,48,2,15,11.16,0.744
31,48,3,12,6.4,0.5333333333333333
31,48,4,15,5.3,0.35333333333333333
31,49,0,14,22.64,1.6171428571428572
31,49,1,13,18.77,1.4438461538461538
31,49,2,7,9.03,1.2899999999999998
31,49,3,5,3.18,0.636
31,49,4,1,0.09,0.09
31,51,0,6,8.36,1.3933333333333333
31,51,1,1,0.69,0.69
31,51,2,7,3.24,0.4628571428571429
31,51,3,8,3.03,0.37875
31,51,4,17,3.11,0.18294117647058822
31,52,0,4,13.95,3.4875
31,52,1,8,27.25,3.40625
31,52,2,17,44.82,2.6364705882352943
31,52,3,15,23.64,1.576
31,52,4,5,7.81,1.5619999999999998
31,58,0,19,22.97,1.2089473684210525
31,58,1,19,22.24,1.1705263157894736
31,58,2,13,10.49,0.806923076923077
31,58,3,2,0.91,0.455
31,58,4,10,3.71,0.371
31,60,0,16,51.94,3.24625
31,60,1,11,18.5,1.6818181818181819
31,60,2,4,6.7,1.675
31,60,3,17,11.93,0.701764705882353
31,60,4,15,8.69,0.5793333333333333
31,62,0,13,22.17,1.7053846153846155
31,62,1,4,6.72,1.68
31,62,2,1,1.38,1.38
31,62,3,15,16.32,1.088
31,62,4,12,7.76,0.6466666666666666
31,63,0,11,37.94,3.4490909090909088
31,63,1,11,34.58,3.1436363636363636
31,63,2,16,45.12,2.82
31,63,3,17,24.79,1.458235294117647
31,63,4,19,14.61,0.7689473684210526
31,64,0,3,6.64,2.2133333333333334
31,64,1,17,21.09,1.2405882352941175
31,64,2,16,15.19,0.949375
31,64,3,19,15.7,0.8263157894736842
31,64,4,8,4.01,0.50125
31,66,0,2,9.06,4.53
31,66,1,11,29.77,2.7063636363636365
31,66,2,16,37.47,2.341875
31,66,3,12,21.48,1.79
31,66,4,10,11.66,1.166
31,73,0,8,74.8,9.35
31,73,1,20,182.52,9.126000000000001
31,73,2,11,75.98,6.907272727272727
31,73,3,20,119.82,5.991
31,73,4,16,37.63,2.351875
31,82,0,10,45.97,4.5969999999999995
31,82,1,1,4.21,4.21
31,82,2,5,12.64,2.528
31,82,3,6,14.12,2.353333333333333
31,82,4,17,37.59,2.2111764705882355
31,83,0,1,5.53,5.53
31,83,1,19,97.81,5.1478947368421055
31,83,2,15,73.76,4.917333333333334
31,83,3,5,22.63,4.526
31,83,4,9,22.98,2.5533333333333332
31,84,0,4,35.9,8.975
31,84,1,9,39.21,4.3566666666666665
31,84,2,11,25.0,2.272727272727273
31,84,3,14,22.01,1.5721428571428573
31,84,4,16,22.1,1.38125
31,87,0,5,20.07,4.014
31,87,1,8,26.7,3.3375
31,87,2,13,41.85,3.2192307692307693
31,87,3,2,3.19,1.595
31,87,4,19,26.76,1.408421052631579
31,90,0,4,6.66,1.665
31,90,1,16,26.48,1.655
31,90,2,11,13.24,1.2036363636363636
31,90,3,12,12.84,1.07
31,90,4,9,4.13,0.4588888888888889
31,95,0,11,21.07,1.9154545454545455
31,95,1,6,10.51,1.7516666666666667
31,95,2,15,18.55,1.2366666666666668
31,95,3,18,18.47,1.026111111111111
31,95,4,2,0.99,0.495
31,97,0,13,47.77,3.674615384615385
31,97,1,4,13.92,3.48
31,97,2,6,16.91,2.8183333333333334
31,97,3,8,9.52,1.19
31,97,4,6,4.01,0.6683333333333333
31,99,0,15,9.81,0.654
31,99,1,16,7.25,0.453125
31,99,2,11,4.86,0.44181818181818183
31,99,3,15,3.18,0.21200000000000002
31,99,4,19,0.65,0.034210526315789476
33,2,0,12,9.59,0.7991666666666667
33,2,1,8,5.61,0.70125
33,2,2,1,0.42,0.42
33,2,3,4,0.9,0.225
33,2,4,20,1.62,0.081
33,3,0,4,23.87,5.9675
33,3,1,10,45.1,4.51
33,3,2,2,3.31,1.655
33,3,3,13,6.05,0.4653846153846154
33,3,4,10,3.7,0.37
33,5,0,3,12.25,4.083333333333333
33,5,1,20,80.13,4.0065
33,5,2,3,6.12,2.04
33,5,3,15,23.97,1.5979999999999999
33,5,4,15,18.83,1.2553333333333332
33,10,0,3,9.92,3.3066666666666666
33,10,1,19,44.9,2.363157894736842
33,10,2,18,32.31,1.7950000000000002
33,10,3,4,4.64,1.16
33,10,4,8,3.31,0.41375
33,11,0,18,161.8,8.988888888888889
33,11,1,4,33.1,8.275
33,11,2,6,29.56,4.926666666666667
33,11,3,9,42.65,4.738888888888889
33,11,4,10,33.67,3.367
33,12,0,13,68.45,5.265384615384615
33,12,1,9,32.29,3.5877777777777777
33,12,2,17,52.84,3.108235294117647
33,12,3,12,10.26,0.855
33,12,4,5,3.11,0.622
33,14,0,8,62.75,7.84375
33,14,1,5,38.46,7.692
33,14,2,20,47.72,2.386
33,14,3,10,14.93,1.4929999999999999
33,14,4,1,1.19,1.19
33,16,0,17,129.82,7.6364705882352935
33,16,1,2,13.93,6.965
33,16,2,18,84.06,4.67
33,16,3,7,22.24,3.177142857142857
33,16,4,14,6.93,0.495
33,17,0,16,92.72,5.795
33,17,1,4,21.27,5.3175
33,17,2,10,22.83,2.283
33,17,3,9,14.23,1.5811111111111111
33,17,4,1,1.29,1.29
33,24,0,19,120.32,6.332631578947368
33,24,1,16,94.32,5.895
33,24,2,13,22.07,1.6976923076923076
33,24,3,11,12.1,1.0999999999999999
33,24,4,2,1.32,0.66
33,26,0,14,40.88,2.9200000000000004
33,26,1,20,53.6,2.68
33,26,2,6,13.28,2.2133333333333334
33,26,3,5,6.36,1.272
33,26,4,19,21.48,1.1305263157894736
33,29,0,5,10.52,2.104
33,29,1,3,4.56,1.5199999999999998
33,29,2,6,8.95,1.4916666666666665
33,29,3,1,0.78,0.78
33,29,4,12,7.39,0.6158333333333333
33,31,0,8,40.88,5.11
33,31,1,16,65.57,4.098125
33,31,2,10,30.51,3.051
33,31,3,1,2.6,2.6
33,31,4,18,42.88,2.3822222222222225
33,34,0,13,94.96,7.304615384615384
33,34,1,5,33.09,6.618
33,34,2,17,72.83,4.284117647058824
33,34,3,3,5.44,1.8133333333333335
33,34,4,3,4.45,1.4833333333333334
33,47,0,4,27.24,6.81
33,47,1,2,11.11,5.555
33,47,2,19,65.64,3.4547368421052633
33,47,3,10,14.22,1.4220000000000002
33,47,4,7,4.63,0.6614285714285714
33,48,0,9,37.41,4.156666666666666
33,48,1,11,40.28,3.661818181818182
33,48,2,1,2.52,2.52
33,48,3,7,14.28,2.04
33,48,4,12,16.21,1.3508333333333333
33,49,0,15,86.21,5.747333333333333
33,49,1,2,8.81,4.405
33,49,2,10,41.27,4.127000000000001
33,49,3,1,2.67,2.67
33,49,4,12,4.14,0.345
33,51,0,1,6.24,6.24
33,51,1,12,34.27,2.8558333333333334
33,51,2,6,15.91,2.651666666666667
33,51,3,13,12.09,0.9299999999999999
33,51,4,15,6.13,0.4086666666666667
33,52,0,19,77.74,4.091578947368421
33,52,1,5,14.42,2.884
33,52,2,3,7.05,2.35
33,52,3,13,28.17,2.166923076923077
33,52,4,7,4.81,0.687142857142857
33,58,0,16,89.43,5.589375
33,58,1,10,54.91,5.491
33,58,2,15,58.15,3.8766666666666665
33,58,3,10,37.47,3.747
33,58,4,4,9.22,2.305
33,60,0,19,99.67,5.24578947368421
33,60,1,16,72.53,4.533125
33,60,2,13,44.13,3.394615384615385
33,60,3,12,30.23,2.5191666666666666
33,60,4,7,12.46,1.78
33,62,0,20,74.54,3.7270000000000003
33,62,1,12,34.72,2.893333333333333
33,62,2,19,53.5,2.8157894736842106
33,62,3,9,23.37,2.5966666666666667
33,62,4,9,6.8,0.7555555555555555
33,63,0,17,53.85,3.1676470588235297
33,63,1,3,8.99,2.9966666666666666
33,63,2,18,17.09,0.9494444444444444
33,63,3,13,10.91,0.8392307692307692
33,63,4,5,2.49,0.49800000000000005
33,64,0,3,22.99,7.663333333333333
33,64,1,20,131.85,6.592499999999999
33,64,2,17,81.15,4.773529411764706
33,64,3,15,65.48,4.365333333333334
33,64,4,7,19.59,2.7985714285714285
33,66,0,8,17.48,2.185
33,66,1,5,3.17,0.634
33,66,2,14,8.69,0.6207142857142857
33,66,3,7,4.03,0.5757142857142857
33,66,4,19,7.45,0.39210526315789473
33,73,0,2,12.37,6.185
33,73,1,2,10.38,5.19
33,73,2,18,57.2,3.177777777777778
33,73,3,12,37.53,3.1275
33,73,4,20,22.61,1.1305
33,82,0,12,36.18,3.015
33,82,1,19,48.03,2.5278947368421054
33,82,2,17,34.24,2.0141176470588236
33,82,3,9,17.59,1.9544444444444444
33,82,4,19,24.34,1.2810526315789474
33,83,0,15,28.5,1.9
33,83,1,5,8.62,1.7239999999999998
33,83,2,10,6.15,0.615
33,83,3,15,6.65,0.44333333333333336
33,83,4,6,2.05,0.3416666666666666
33,84,0,4,10.88,2.72
33,84,1,10,25.5,2.55
33,84,2,16,39.71,2.481875
33,84,3,20,47.31,2.3655
33,84,4,14,18.89,1.3492857142857144
33,87,0,13,44.99,3.460769230769231
33,87,1,20,61.34,3.067
33,87,2,4,6.45,1.6125
33,87,3,13,12.9,0.9923076923076923
33,87,4,17,11.83,0.6958823529411765
33,90,0,18,158.8,8.822222222222223
33,90,1,14,71.16,5.082857142857143
33,90,2,16,65.56,4.0975
33,90,3,2,8.06,4.03
33,90,4,3,10.12,3.373333333333333
33,95,0,2,16.3,8.15
33,95,1,10,61.43,6.143
33,95,2,16,95.01,5.938125
33,95,3,8,36.06,4.5075
33,95,4,7,12.71,1.8157142857142858
33,97,0,16,118.53,7.408125
33,97,1,20,89.2,4.46
33,97,2,2,6.48,3.24
33,97,3,4,12.71,3.1775
33,97,4,17,28.37,1.6688235294117648
33,99,0,3,21.66,7.22
33,99,1,7,49.14,7.0200000000000005
33,99,2,4,26.54,6.635
33,99,3,6,30.11,5.0183333333333335
33,99,4,3,14.78,4.926666666666667
34,2,0,12,74.67,6.2225
34,2,1,4,22.18,5.545
34,2,2,10,42.34,4.234
34,2,3,20,36.83,1.8415
34,2,4,2,1.69,0.845
34,3,0,14,18.33,1.3092857142857142
34,3,1,20,10.43,0.5215
34,3,2,2,0.96,0.48
34,3,3,2,0.57,0.285
34,3,4,12,3.34,0.2783333333333333
34,5,0,6,12.46,2.0766666666666667
34,5,1,17,21.65,1.2735294117647058
34,5,2,5,5.69,1.1380000000000001
34,5,3,5,2.67,0.534
34,5,4,4,1.82,0.455
34,10,0,4,20.98,5.245
34,10,1,11,46.83,4.257272727272727
34,10,2,17,48.14,2.831764705882353
34,10,3,11,20.75,1.8863636363636365
34,10,4,18,32.21,1.7894444444444444
34,11,0,5,5.05,1.01
34,11,1,6,3.37,0.5616666666666666
34,11,2,6,2.07,0.345
34,11,3,8,1.43,0.17875
34,11,4,11,1.2,0.10909090909090909
34,12,0,9,30.33,3.3699999999999997
34,12,1,18,36.49,2.0272222222222225
34,12,2,13,20.99,1.6146153846153846
34,12,3,19,15.3,0.8052631578947369
34,12,4,12,3.64,0.30333333333333334
34,14,0,1,1.46,1.46
34,14,1,9,11.26,1.251111111111111
34,14,2,20,21.0,1.05
34,14,3,17,16.6,0.9764705882352942
34,14,4,14,12.8,0.9142857142857144
34,16,0,9,25.25,2.8055555555555554
34,16,1,17,45.95,2.7029411764705884
34,16,2,9,11.88,1.32
34,16,3,9,11.13,1.2366666666666668
34,16,4,6,5.92,0.9866666666666667
34,17,0,13,15.1,1.1615384615384614
34,17,1,16,14.64,0.915
34,17,2,3,2.74,0.9133333333333334
34,17,3,19,17.18,0.9042105263157895
34,17,4,9,7.07,0.7855555555555556
34,24,0,3,7.75,2.5833333333333335
34,24,1,5,12.43,2.4859999999999998
34,24,2,16,21.04,1.315
34,24,3,6,7.57,1.2616666666666667
34,24,4,1,0.57,0.57
34,26,0,16,86.5,5.40625
34,26,1,1,4.7,4.7
34,26,2,2,4.62,2.31
34,26,3,17,23.65,1.3911764705882352
34,26,4,7,2.73,0.39
34,29,0,15,75.64,5.042666666666666
34,29,1,7,33.81,4.83
34,29,2,2,3.87,1.935
34,29,3,4,5.7,1.425
34,29,4,8,4.78,0.5975
34,31,0,9,4.82,0.5355555555555556
34,31,1,6,2.94,0.49
34,31,2,4,1.05,0.2625
34,31,3,19,4.57,0.2405263157894737
34,31,4,6,0.97,0.16166666666666665
34,33,0,17,119.33,7.0194117647058825
34,33,1,6,30.63,5.1049999999999995
34,33,2,14,41.14,2.9385714285714286
34,33,3,6,12.03,2.005
34,33,4,4,2.16,0.54
34,47,0,15,58.5,3.9
34,47,1,16,47.93,2.995625
34,47,2,12,18.61,1.5508333333333333
34,47,3,4,5.15,1.2875
34,47,4,19,18.31,0.9636842105263157
34,48,0,11,42.34,3.8490909090909096
34,48,1,13,39.94,3.072307692307692
34,48,2,1,1.68,1.68
34,48,3,4,5.19,1.2975
34,48,4,9,2.09,0.23222222222222222
34,49,0,12,28.31,2.3591666666666664
34,49,1,5,6.18,1.236
34,49,2,2,1.98,0.99
34,49,3,19,13.31,0.7005263157894737
34,49,4,4,1.07,0.2675
34,51,0,19,26.6,1.4000000000000001
34,51,1,6,4.73,0.7883333333333334
34,51,2,7,5.28,0.7542857142857143
34,51,3,12,7.58,0.6316666666666667
34,51,4,6,0.56,0.09333333333333334
34,52,0,12,35.11,2.9258333333333333
34,52,1,17,40.78,2.398823529411765
34,52,2,11,12.9,1.1727272727272728
34,52,3,4,3.62,0.905
34,52,4,13,4.33,0.3330769230769231
34,58,0,14,24.34,1.7385714285714287
34,58,1,8,12.69,1.58625
34,58,2,13,19.53,1.5023076923076923
34,58,3,13,16.9,1.2999999999999998
34,58,4,9,11.32,1.2577777777777779
34,60,0,17,73.21,4.306470588235293
34,60,1,11,46.43,4.220909090909091
34,60,2,9,23.88,2.6533333333333333
34,60,3,2,4.23,2.115
34,60,4,16,17.71,1.106875
34,62,0,13,34.84,2.68
34,62,1,10,22.53,2.253
34,62,2,12,20.06,1.6716666666666666
34,62,3,14,16.81,1.2007142857142856
34,62,4,19,20.01,1.0531578947368423
34,63,0,11,40.19,3.6536363636363633
34,63,1,5,16.51,3.3020000000000005
34,63,2,20,60.7,3.035
34,63,3,12,13.5,1.125
34,63,4,16,8.41,0.525625
34,64,0,18,28.79,1.5994444444444444
34,64,1,8,11.8,1.475
34,64,2,17,23.68,1.3929411764705881
34,64,3,16,7.8,0.4875
34,64,4,7,3.27,0.46714285714285714
34,66,0,9,42.95,4.772222222222222
34,66,1,8,34.99,4.37375
34,66,2,10,34.76,3.476
34,66,3,11,16.21,1.4736363636363636
34,66,4,16,10.88,0.68
34,73,0,11,80.42,7.3109090909090915
34,73,1,12,59.45,4.954166666666667
34,73,2,19,89.88,4.730526315789473
34,73,3,1,2.95,2.95
34,73,4,6,17.39,2.8983333333333334
34,82,0,8,46.99,5.87375
34,82,1,10,48.49,4.849
34,82,2,15,57.7,3.8466666666666667
34,82,3,13,30.6,2.353846153846154
34,82,4,10,10.58,1.058
34,83,0,3,18.44,6.146666666666667
34,83,1,14,71.15,5.082142857142857
34,83,2,12,36.2,3.016666666666667
34,83,3,13,27.21,2.0930769230769233
34,83,4,9,18.06,2.0066666666666664
34,84,0,15,156.52,10.434666666666667
34,84,1,9,83.02,9.224444444444444
34,84,2,11,77.05,7.004545454545454
34,84,3,13,76.44,5.88
34,84,4,18,10.33,0.5738888888888889
34,87,0,9,43.42,4.8244444444444445
34,87,1,11,45.26,4.114545454545454
34,87,2,13,49.05,3.773076923076923
34,87,3,7,5.45,0.7785714285714286
34,87,4,5,2.07,0.414
34,90,0,7,5.06,0.7228571428571428
34,90,1,18,10.4,0.5777777777777778
34,90,2,13,6.07,0.46692307692307694
34,90,3,3,0.5,0.16666666666666666
34,90,4,12,1.23,0.1025
34,95,0,8,8.76,1.095
34,95,1,1,0.72,0.72
34,95,2,19,11.46,0.6031578947368421
34,95,3,11,3.8,0.34545454545454546
34,95,4,16,4.65,0.290625
34,97,0,3,10.03,3.3433333333333333
34,97,1,14,32.84,2.345714285714286
34,97,2,4,7.66,1.915
34,97,3,16,15.43,0.964375
34,97,4,11,4.97,0.4518181818181818
34,99,0,15,2.96,0.19733333333333333
34,99,1,15,1.84,0.12266666666666667
34,99,2,2,0.2,0.1
34,99,3,5,0.23,0.046
34,99,4,5,0.04,0.008
47,2,0,6,42.96,7.16
47,2,1,11,77.63,7.057272727272727
47,2,2,17,108.27,6.368823529411764
47,2,3,6,16.9,2.8166666666666664
47,2,4,16,5.98,0.37375
47,3,0,2,7.75,3.875
47,3,1,18,64.29,3.571666666666667
47,3,2,4,10.77,2.6925
47,3,3,3,7.33,2.4433333333333334
47,3,4,16,11.36,0.71
47,5,0,12,10.17,0.8475
47,5,1,18,11.41,0.633888888888889
47,5,2,4,1.41,0.3525
47,5,3,9,1.99,0.22111111111111112
47,5,4,10,0.67,0.067
47,10,0,8,29.38,3.6725
47,10,1,5,14.7,2.94
47,10,2,18,48.53,2.696111111111111
47,10,3,6,15.56,2.5933333333333333
47,10,4,12,29.58,2.465
47,11,0,2,7.0,3.5
47,11,1,6,13.63,2.271666666666667
47,11,2,1,2.23,2.23
47,11,3,4,4.88,1.22
47,11,4,16,18.64,1.165
47,12,0,10,15.78,1.5779999999999998
47,12,1,9,8.3,0.9222222222222223
47,12,2,3,2.2,0.7333333333333334
47,12,3,4,2.81,0.7025
47,12,4,13,3.85,0.29615384615384616
47,14,0,8,34.11,4.26375
47,14,1,4,14.31,3.5775
47,14,2,15,53.39,3.5593333333333335
47,14,3,6,19.43,3.2383333333333333
47,14,4,6,14.01,2.335
47,16,0,16,13.38,0.83625
47,16,1,14,9.44,0.6742857142857143
47,16,2,9,4.49,0.49888888888888894
47,16,3,5,2.29,0.458
47,16,4,19,4.78,0.25157894736842107
47,17,0,4,10.67,2.6675
47,17,1,20,39.01,1.9505
47,17,2,12,20.03,1.6691666666666667
47,17,3,3,2.33,0.7766666666666667
47,17,4,15,2.52,0.168
47,24,0,12,13.95,1.1624999999999999
47,24,1,8,9.28,1.16
47,24,2,18,19.62,1.09
47,24,3,11,6.91,0.6281818181818182
47,24,4,17,7.35,0.43235294117647055
47,26,0,20,94.12,4.706
47,26,1,15,50.55,3.3699999999999997
47,26,2,2,5.98,2.99
47,26,3,7,14.75,2.107142857142857
47,26,4,3,4.84,1.6133333333333333
47,29,0,15,87.71,5.847333333333333
47,29,1,18,89.95,4.997222222222223
47,29,2,20,98.34,4.917
47,29,3,17,73.72,4.336470588235294
47,29,4,19,76.38,4.02
47,31,0,20,55.4,2.77
47,31,1,14,26.25,1.875
47,31,2,17,24.05,1.4147058823529413
47,31,3,15,11.64,0.776
47,31,4,12,6.2,0.5166666666666667
47,33,0,20,141.72,7.086
47,33,1,10,31.23,3.123
47,33,2,6,17.26,2.876666666666667
47,33,3,3,5.67,1.89
47,33,4,12,5.85,0.4875
47,34,0,4,15.65,3.9125
47,34,1,2,6.19,3.095
47,34,2,6,4.42,0.7366666666666667
47,34,3,9,4.79,0.5322222222222223
47,34,4,12,3.68,0.3066666666666667
47,48,0,4,17.06,4.265
47,48,1,9,33.39,3.71
47,48,2,13,46.01,3.539230769230769
47,48,3,6,18.71,3.1183333333333336
47,48,4,14,8.43,0.6021428571428571
47,49,0,15,15.96,1.064
47,49,1,4,4.1,1.025
47,49,2,3,2.16,0.7200000000000001
47,49,3,11,7.36,0.6690909090909091
47,49,4,16,2.33,0.145625
47,51,0,2,4.32,2.16
47,51,1,10,11.16,1.116
47,51,2,5,4.13,0.826
47,51,3,3,1.53,0.51
47,51,4,2,0.3,0.15
47,52,0,8,12.35,1.54375
47,52,1,6,7.93,1.3216666666666665
47,52,2,9,11.37,1.2633333333333332
47,52,3,4,3.33,0.8325
47,52,4,20,9.62,0.481
47,58,0,9,16.93,1.8811111111111112
47,58,1,7,12.2,1.7428571428571427
47,58,2,11,17.63,1.6027272727272726
47,58,3,3,2.83,0.9433333333333334
47,58,4,2,1.55,0.775
47,60,0,13,23.61,1.816153846153846
47,60,1,5,8.66,1.732
47,60,2,6,9.91,1.6516666666666666
47,60,3,6,6.11,1.0183333333333333
47,60,4,17,15.93,0.9370588235294117
47,62,0,16,26.23,1.639375
47,62,1,19,28.23,1.4857894736842105
47,62,2,1,0.24,0.24
47,62,3,15,2.71,0.18066666666666667
47,62,4,3,0.38,0.12666666666666668
47,63,0,8,18.14,2.2675
47,63,1,19,40.91,2.1531578947368417
47,63,2,4,7.36,1.84
47,63,3,1,1.79,1.79
47,63,4,18,2.34,0.13
47,64,0,4,15.95,3.9875
47,64,1,13,41.0,3.1538461538461537
47,64,2,19,42.51,2.2373684210526315
47,64,3,3,4.2,1.4000000000000001
47,64,4,20,21.01,1.0505
47,66,0,19,53.86,2.834736842105263
47,66,1,1,2.1,2.1
47,66,2,11,19.87,1.8063636363636364
47,66,3,4,4.98,1.245
47,66,4,17,5.44,0.32
47,73,0,9,102.33,11.37
47,73,1,3,19.72,6.573333333333333
47,73,2,18,90.2,5.011111111111111
47,73,3,5,9.42,1.884
47,73,4,3,2.77,0.9233333333333333
47,82,0,13,113.53,8.733076923076924
47,82,1,17,142.72,8.395294117647058
47,82,2,8,54.88,6.86
47,82,3,2,10.5,5.25
47,82,4,15,63.25,4.216666666666667
47,83,0,14,59.62,4.258571428571428
47,83,1,8,30.1,3.7625
47,83,2,18,66.15,3.6750000000000003
47,83,3,1,2.28,2.28
47,83,4,2,0.43,0.215
47,84,0,1,9.34,9.34
47,84,1,4,35.59,8.8975
47,84,2,19,158.57,8.34578947368421
47,84,3,11,42.29,3.8445454545454543
47,84,4,18,14.44,0.8022222222222222
47,87,0,7,25.44,3.6342857142857143
47,87,1,19,29.85,1.5710526315789475
47,87,2,12,18.84,1.57
47,87,3,7,10.43,1.49
47,87,4,2,2.64,1.32
47,90,0,13,49.12,3.778461538461538
47,90,1,7,22.89,3.27
47,90,2,8,23.7,2.9625
47,90,3,11,21.1,1.9181818181818182
47,90,4,3,5.67,1.89
47,95,0,7,31.27,4.467142857142857
47,95,1,6,26.06,4.343333333333333
47,95,2,17,53.41,3.141764705882353
47,95,3,4,7.37,1.8425
47,95,4,6,3.68,0.6133333333333334
47,97,0,2,2.71,1.355
47,97,1,7,7.95,1.1357142857142857
47,97,2,11,11.31,1.0281818181818183
47,97,3,4,3.19,0.7975
47,97,4,1,0.12,0.12
47,99,0,15,55.8,3.7199999999999998
47,99,1,5,17.89,3.5780000000000003
47,99,2,19,38.68,2.0357894736842104
47,99,3,15,30.2,2.013333333333333
47,99,4,16,28.78,1.79875
48,2,0,14,40.26,2.8757142857142854
48,2,1,5,13.74,2.748
48,2,2,7,16.77,2.3957142857142855
48,2,3,8,18.36,2.295
48,2,4,16,31.33,1.958125
48,3,0,10,30.79,3.0789999999999997
48,3,1,7,10.64,1.52
48,3,2,15,13.0,0.8666666666666667
48,3,3,6,3.52,0.5866666666666667
48,3,4,3,0.95,0.31666666666666665
48,5,0,17,48.83,2.8723529411764703
48,5,1,8,22.87,2.85875
48,5,2,1,2.51,2.51
48,5,3,14,32.51,2.322142857142857
48,5,4,19,23.36,1.2294736842105263
48,10,0,16,36.12,2.2575
48,10,1,20,33.07,1.6535
48,10,2,12,19.65,1.6375
48,10,3,2,3.05,1.525
48,10,4,6,6.63,1.105
48,11,0,19,88.16,4.64
48,11,1,18,80.53,4.473888888888889
48,11,2,18,78.63,4.368333333333333
48,11,3,1,2.04,2.04
48,11,4,12,20.54,1.7116666666666667
48,12,0,11,28.35,2.5772727272727276
48,12,1,8,19.2,2.4
48,12,2,4,6.61,1.6525
48,12,3,20,18.68,0.9339999999999999
48,12,4,2,1.21,0.605
48,14,0,7,34.56,4.937142857142858
48,14,1,4,13.28,3.32
48,14,2,13,26.81,2.062307692307692
48,14,3,14,24.06,1.7185714285714284
48,14,4,6,9.2,1.5333333333333332
48,16,0,9,35.72,3.968888888888889
48,16,1,5,19.3,3.8600000000000003
48,16,2,1,2.98,2.98
48,16,3,14,18.09,1.292142857142857
48,16,4,4,3.39,0.8475
48,17,0,5,16.61,3.322
48,17,1,13,41.15,3.1653846153846152
48,17,2,11,16.95,1.5409090909090908
48,17,3,9,12.08,1.3422222222222222
48,17,4,12,15.11,1.2591666666666665
48,24,0,12,29.4,2.4499999999999997
48,24,1,13,30.64,2.356923076923077
48,24,2,5,5.68,1.136
48,24,3,10,10.03,1.003
48,24,4,15,9.44,0.6293333333333333
48,26,0,7,24.73,3.532857142857143
48,26,1,16,22.55,1.409375
48,26,2,4,4.54,1.135
48,26,3,16,12.11,0.756875
48,26,4,9,2.71,0.3011111111111111
48,29,0,10,24.48,2.448
48,29,1,20,48.1,2.4050000000000002
48,29,2,4,5.61,1.4025
48,29,3,20,3.15,0.1575
48,29,4,18,2.39,0.13277777777777777
48,31,0,19,19.77,1.0405263157894737
48,31,1,6,6.0,1.0
48,31,2,4,3.51,0.8775
48,31,3,13,6.26,0.4815384615384615
48,31,4,5,0.81,0.162
48,33,0,4,11.13,2.7825
48,33,1,7,18.49,2.641428571428571
48,33,2,4,10.49,2.6225
48,33,3,6,13.16,2.1933333333333334
48,33,4,6,10.08,1.68
48,34,0,1,2.54,2.54
48,34,1,13,27.11,2.085384615384615
48,34,2,2,3.03,1.515
48,34,3,12,15.93,1.3275
48,34,4,12,13.73,1.1441666666666668
48,47,0,6,17.5,2.9166666666666665
48,47,1,20,52.64,2.632
48,47,2,8,11.09,1.38625
48,47,3,10,12.81,1.2810000000000001
48,47,4,20,24.33,1.2165
48,49,0,8,24.72,3.09
48,49,1,18,45.72,2.54
48,49,2,17,18.95,1.1147058823529412
48,49,3,19,10.81,0.5689473684210526
48,49,4,8,2.94,0.3675
48,51,0,17,39.83,2.342941176470588
48,51,1,7,14.84,2.12
48,51,2,1,1.95,1.95
48,51,3,16,18.41,1.150625
48,51,4,14,11.14,0.7957142857142857
48,52,0,3,3.85,1.2833333333333334
48,52,1,15,17.34,1.156
48,52,2,7,7.86,1.122857142857143
48,52,3,11,1.69,0.15363636363636363
48,52,4,3,0.42,0.13999999999999999
48,58,0,15,31.31,2.087333333333333
48,58,1,2,1.87,0.935
48,58,2,16,13.46,0.84125
48,58,3,3,1.06,0.35333333333333333
48,58,4,4,0.36,0.09
48,60,0,9,25.46,2.828888888888889
48,60,1,12,32.46,2.705
48,60,2,19,45.58,2.3989473684210525
48,60,3,9,8.38,0.9311111111111112
48,60,4,11,8.55,0.7772727272727273
48,62,0,17,38.92,2.2894117647058825
48,62,1,5,7.56,1.512
48,62,2,13,18.34,1.4107692307692308
48,62,3,10,13.9,1.3900000000000001
48,62,4,14,9.1,0.65
48,63,0,1,2.38,2.38
48,63,1,16,35.13,2.195625
48,63,2,16,21.39,1.336875
48,63,3,6,7.16,1.1933333333333334
48,63,4,14,3.61,0.25785714285714284
48,64,0,13,35.5,2.730769230769231
48,64,1,18,22.77,1.265
48,64,2,20,23.34,1.167
48,64,3,7,4.23,0.6042857142857143
48,64,4,9,5.07,0.5633333333333334
48,66,0,20,24.85,1.2425000000000002
48,66,1,10,11.96,1.1960000000000002
48,66,2,5,5.64,1.128
48,66,3,9,9.53,1.0588888888888888
48,66,4,5,5.0,1.0
48,73,0,19,101.91,5.363684210526316
48,73,1,4,18.16,4.54
48,73,2,5,19.52,3.904
48,73,3,4,4.51,1.1275
48,73,4,19,19.73,1.038421052631579
48,82,0,11,38.27,3.4790909090909095
48,82,1,14,12.06,0.8614285714285714
48,82,2,14,10.99,0.785
48,82,3,14,8.06,0.5757142857142857
48,82,4,5,1.21,0.242
48,83,0,5,14.73,2.946
48,83,1,8,14.47,1.80875
48,83,2,19,34.19,1.7994736842105261
48,83,3,5,6.42,1.284
48,83,4,2,0.61,0.305
48,84,0,11,73.4,6.672727272727273
48,84,1,20,123.42,6.171
48,84,2,15,64.7,4.3133333333333335
48,84,3,3,9.97,3.3233333333333337
48,84,4,11,32.42,2.9472727272727273
48,87,0,9,18.05,2.0055555555555555
48,87,1,20,37.71,1.8855
48,87,2,19,30.2,1.5894736842105264
48,87,3,13,19.01,1.4623076923076925
48,87,4,14,1.37,0.09785714285714286
48,90,0,19,58.75,3.0921052631578947
48,90,1,2,5.68,2.84
48,90,2,9,24.92,2.768888888888889
48,90,3,12,32.48,2.7066666666666666
48,90,4,6,5.63,0.9383333333333334
48,95,0,6,26.33,4.388333333333333
48,95,1,11,46.61,4.237272727272727
48,95,2,17,62.48,3.675294117647059
48,95,3,8,7.6,0.95
48,95,4,20,10.11,0.5055
48,97,0,4,16.31,4.0775
48,97,1,10,37.17,3.717
48,97,2,5,17.82,3.564
48,97,3,9,20.15,2.238888888888889
48,97,4,17,34.62,2.036470588235294
48,99,0,19,51.69,2.7205263157894737
48,99,1,7,9.96,1.422857142857143
48,99,2,18,19.67,1.0927777777777778
48,99,3,9,9.52,1.0577777777777777
48,99,4,18,11.09,0.616111111111111
49,2,0,5,25.23,5.046
49,2,1,20,99.81,4.9905
49,2,2,14,68.88,4.92
49,2,3,7,18.54,2.6485714285714286
49,2,4,10,4.19,0.41900000000000004
49,3,0,19,33.3,1.7526315789473683
49,3,1,16,25.74,1.60875
49,3,2,13,20.28,1.56
49,3,3,12,18.02,1.5016666666666667
49,3,4,11,11.75,1.0681818181818181
49,5,0,17,9.44,0.5552941176470588
49,5,1,7,3.73,0.5328571428571428
49,5,2,12,6.12,0.51
49,5,3,4,0.89,0.2225
49,5,4,14,0.95,0.06785714285714285
49,10,0,3,9.56,3.186666666666667
49,10,1,7,21.75,3.107142857142857
49,10,2,13,39.62,3.0476923076923077
49,10,3,8,11.03,1.37875
49,10,4,1,1.04,1.04
49,11,0,6,17.66,2.9433333333333334
49,11,1,13,34.95,2.6884615384615387
49,11,2,18,44.75,2.486111111111111
49,11,3,4,4.58,1.145
49,11,4,17,2.99,0.1758823529411765
49,12,0,15,10.96,0.7306666666666667
49,12,1,1,0.62,0.62
49,12,2,7,3.82,0.5457142857142857
49,12,3,20,10.39,0.5195000000000001
49,12,4,20,3.49,0.17450000000000002
49,14,0,7,23.51,3.358571428571429
49,14,1,17,36.63,2.1547058823529412
49,14,2,11,19.66,1.7872727272727273
49,14,3,7,8.58,1.2257142857142858
49,14,4,9,7.3,0.8111111111111111
49,16,0,4,3.45,0.8625
49,16,1,10,7.17,0.717
49,16,2,3,1.51,0.5033333333333333
49,16,3,9,3.13,0.34777777777777774
49,16,4,10,2.99,0.29900000000000004
49,17,0,2,1.77,0.885
49,17,1,13,11.27,0.8669230769230769
49,17,2,12,4.36,0.36333333333333334
49,17,3,16,4.49,0.280625
49,17,4,6,0.75,0.125
49,24,0,6,5.73,0.9550000000000001
49,24,1,13,11.8,0.9076923076923078
49,24,2,12,9.55,0.7958333333333334
49,24,3,5,2.22,0.44400000000000006
49,24,4,1,0.32,0.32
49,26,0,20,94.35,4.717499999999999
49,26,1,5,21.95,4.39
49,26,2,5,21.71,4.3420000000000005
49,26,3,1,3.0,3.0
49,26,4,17,32.33,1.9017647058823528
49,29,0,12,58.37,4.864166666666667
49,29,1,7,33.64,4.805714285714286
49,29,2,20,81.97,4.0985
49,29,3,2,7.0,3.5
49,29,4,3,7.84,2.6133333333333333
49,31,0,4,8.87,2.2175
49,31,1,19,38.94,2.0494736842105263
49,31,2,18,31.95,1.775
49,31,3,7,9.44,1.3485714285714285
49,31,4,19,16.77,0.8826315789473684
49,33,0,4,23.52,5.88
49,33,1,19,109.32,5.753684210526315
49,33,2,4,22.21,5.5525
49,33,3,12,60.44,5.036666666666666
49,33,4,4,9.24,2.31
49,34,0,9,18.81,2.09
49,34,1,17,30.48,1.7929411764705883
49,34,2,5,4.33,0.866
49,34,3,10,7.82,0.782
49,34,4,7,2.32,0.3314285714285714
49,47,0,17,19.65,1.1558823529411764
49,47,1,17,16.1,0.9470588235294118
49,47,2,20,16.9,0.845
49,47,3,16,11.6,0.725
49,47,4,4,0.36,0.09
49,48,0,18,27.92,1.551111111111111
49,48,1,14,19.42,1.3871428571428572
49,48,2,13,14.09,1.083846153846154
49,48,3,10,8.4,0.8400000000000001
49,48,4,18,2.63,0.1461111111111111
49,51,0,12,8.16,0.68
49,51,1,13,8.64,0.6646153846153846
49,51,2,2,0.79,0.395
49,51,3,11,3.94,0.35818181818181816
49,51,4,18,6.27,0.34833333333333333
49,52,0,11,21.16,1.9236363636363636
49,52,1,1,1.74,1.74
49,52,2,18,8.16,0.45333333333333337
49,52,3,20,8.48,0.42400000000000004
49,52,4,7,0.68,0.09714285714285716
49,58,0,2,4.75,2.375
49,58,1,6,13.01,2.1683333333333334
49,58,2,17,26.2,1.5411764705882351
49,58,3,2,2.96,1.48
49,58,4,5,6.61,1.322
49,60,0,6,5.96,0.9933333333333333
49,60,1,3,2.84,0.9466666666666667
49,60,2,16,6.67,0.416875
49,60,3,16,4.18,0.26125
49,60,4,8,1.47,0.18375
49,62,0,18,11.25,0.625
49,62,1,12,6.64,0.5533333333333333
49,62,2,2,0.83,0.415
49,62,3,19,2.96,0.15578947368421053
49,62,4,2,0.11,0.055
49,63,0,11,28.76,2.6145454545454547
49,63,1,17,33.25,1.9558823529411764
49,63,2,19,35.15,1.8499999999999999
49,63,3,12,21.17,1.7641666666666669
49,63,4,3,3.75,1.25
49,64,0,14,39.63,2.830714285714286
49,64,1,19,53.77,2.83
49,64,2,16,38.98,2.43625
49,64,3,5,10.65,2.13
49,64,4,5,1.03,0.20600000000000002
49,66,0,14,33.43,2.387857142857143
49,66,1,15,32.53,2.1686666666666667
49,66,2,13,20.09,1.5453846153846154
49,66,3,13,6.92,0.5323076923076923
49,66,4,11,5.79,0.5263636363636364
49,73,0,5,42.13,8.426
49,73,1,2,13.82,6.91
49,73,2,1,6.91,6.91
49,73,3,20,125.36,6.268
49,73,4,1,3.24,3.24
49,82,0,8,59.46,7.4325
49,82,1,5,28.74,5.747999999999999
49,82,2,5,13.39,2.678
49,82,3,10,24.84,2.484
49,82,4,15,29.88,1.992
49,83,0,17,76.08,4.475294117647059
49,83,1,4,8.76,2.19
49,83,2,20,37.35,1.8675000000000002
49,83,3,15,19.75,1.3166666666666667
49,83,4,8,2.53,0.31625
49,84,0,8,57.52,7.19
49,84,1,19,126.15,6.639473684210526
49,84,2,17,103.83,6.107647058823529
49,84,3,2,8.76,4.38
49,84,4,6,13.92,2.32
49,87,0,15,39.25,2.6166666666666667
49,87,1,20,35.95,1.7975
49,87,2,9,15.75,1.75
49,87,3,19,32.49,1.7100000000000002
49,87,4,12,4.8,0.39999999999999997
49,90,0,14,21.43,1.5307142857142857
49,90,1,20,16.49,0.8244999999999999
49,90,2,4,2.5,0.625
49,90,3,5,2.49,0.49800000000000005
49,90,4,5,1.57,0.314
49,95,0,13,37.7,2.9000000000000004
49,95,1,16,37.97,2.373125
49,95,2,19,17.96,0.9452631578947369
49,95,3,17,15.85,0.9323529411764706
49,95,4,8,6.94,0.8675
49,97,0,16,51.42,3.21375
49,97,1,4,9.5,2.375
49,97,2,2,3.41,1.705
49,97,3,19,32.17,1.6931578947368422
49,97,4,17,9.09,0.5347058823529411
49,99,0,8,14.6,1.825
49,99,1,7,9.62,1.374285714285714
49,99,2,11,8.96,0.8145454545454546
49,99,3,13,7.21,0.5546153846153846
49,99,4,11,3.92,0.3563636363636364
51,2,0,8,46.78,5.8475
51,2,1,16,88.95,5.559375
51,2,2,2,9.08,4.54
51,2,3,3,3.11,1.0366666666666666
51,2,4,13,7.01,0.5392307692307692
51,3,0,17,40.95,2.408823529411765
51,3,1,11,12.8,1.1636363636363638
51,3,2,11,9.69,0.8809090909090909
51,3,3,17,13.69,0.8052941176470588
51,3,4,5,3.73,0.746
51,5,0,11,18.42,1.6745454545454548
51,5,1,4,4.26,1.065
51,5,2,12,9.59,0.7991666666666667
51,5,3,13,4.88,0.37538461538461537
51,5,4,9,1.07,0.11888888888888889
51,10,0,6,16.49,2.748333333333333
51,10,1,8,20.91,2.61375
51,10,2,19,43.09,2.2678947368421056
51,10,3,18,23.82,1.3233333333333333
51,10,4,12,14.03,1.1691666666666667
51,11,0,17,43.29,2.546470588235294
51,11,1,11,26.85,2.440909090909091
51,11,2,19,42.34,2.228421052631579
51,11,3,13,27.44,2.1107692307692307
51,11,4,6,4.3,0.7166666666666667
51,12,0,18,28.33,1.573888888888889
51,12,1,15,22.02,1.468
51,12,2,5,5.09,1.018
51,12,3,10,5.69,0.5690000000000001
51,12,4,5,0.8,0.16
51,14,0,14,37.87,2.7049999999999996
51,14,1,17,44.33,2.607647058823529
51,14,2,16,38.0,2.375
51,14,3,13,23.4,1.7999999999999998
51,14,4,17,5.24,0.30823529411764705
51,16,0,8,16.01,2.00125
51,16,1,3,3.11,1.0366666666666666
51,16,2,14,10.91,0.7792857142857142
51,16,3,18,5.81,0.3227777777777778
51,16,4,12,2.96,0.24666666666666667
51,17,0,17,10.7,0.6294117647058823
51,17,1,16,8.19,0.511875
51,17,2,7,2.9,0.41428571428571426
51,17,3,15,5.77,0.38466666666666666
51,17,4,1,0.04,0.04
51,24,0,19,23.59,1.2415789473684211
51,24,1,17,8.65,0.5088235294117647
51,24,2,5,1.76,0.352
51,24,3,10,2.1,0.21000000000000002
51,24,4,6,0.54,0.09000000000000001
51,26,0,14,71.45,5.103571428571429
51,26,1,6,29.25,4.875
51,26,2,10,31.82,3.182
51,26,3,7,9.76,1.3942857142857144
51,26,4,8,3.71,0.46375
51,29,0,18,95.02,5.278888888888889
51,29,1,20,71.12,3.556
51,29,2,20,66.57,3.3284999999999996
51,29,3,1,0.76,0.76
51,29,4,4,2.95,0.7375
51,31,0,16,21.3,1.33125
51,31,1,9,9.2,1.0222222222222221
51,31,2,16,14.37,0.898125
51,31,3,16,14.16,0.885
51,31,4,10,2.41,0.24100000000000002
51,33,0,3,13.95,4.6499999999999995
51,33,1,18,76.7,4.261111111111111
51,33,2,9,32.5,3.611111111111111
51,33,3,19,62.83,3.306842105263158
51,33,4,19,37.24,1.9600000000000002
51,34,0,5,3.97,0.794
51,34,1,19,12.15,0.6394736842105263
51,34,2,6,3.38,0.5633333333333334
51,34,3,2,1.01,0.505
51,34,4,15,4.51,0.30066666666666664
51,47,0,11,27.04,2.458181818181818
51,47,1,2,2.33,1.165
51,47,2,16,16.72,1.045
51,47,3,4,1.99,0.4975
51,47,4,4,0.76,0.19
51,48,0,12,27.23,2.2691666666666666
51,48,1,10,20.92,2.092
51,48,2,9,16.58,1.842222222222222
51,48,3,1,1.07,1.07
51,48,4,19,11.36,0.5978947368421053
51,49,0,5,3.69,0.738
51,49,1,8,5.07,0.63375
51,49,2,15,1.9,0.12666666666666665
51,49,3,9,0.77,0.08555555555555555
51,49,4,12,0.74,0.06166666666666667
51,52,0,10,17.16,1.716
51,52,1,2,2.21,1.105
51,52,2,17,8.34,0.49058823529411766
51,52,3,15,6.17,0.41133333333333333
51,52,4,7,2.7,0.38571428571428573
51,58,0,16,24.86,1.55375
51,58,1,15,17.75,1.1833333333333333
51,58,2,6,6.51,1.085
51,58,3,2,0.36,0.18
51,58,4,14,1.85,0.13214285714285715
51,60,0,4,10.58,2.645
51,60,1,20,12.72,0.636
51,60,2,8,2.94,0.3675
51,60,3,13,2.9,0.22307692307692306
51,60,4,16,2.54,0.15875
51,62,0,10,7.08,0.708
51,62,1,15,8.82,0.588
51,62,2,6,3.0,0.5
51,62,3,11,2.63,0.23909090909090908
51,62,4,14,2.84,0.20285714285714285
51,63,0,15,45.92,3.0613333333333332
51,63,1,13,36.5,2.8076923076923075
51,63,2,13,32.29,2.483846153846154
51,63,3,3,4.75,1.5833333333333333
51,63,4,7,10.4,1.4857142857142858
51,64,0,12,27.18,2.265
51,64,1,15,22.91,1.5273333333333334
51,64,2,11,10.81,0.9827272727272728
51,64,3,7,6.1,0.8714285714285713
51,64,4,13,3.07,0.23615384615384613
51,66,0,10,36.52,3.652
51,66,1,13,26.72,2.0553846153846154
51,66,2,20,34.17,1.7085000000000001
51,66,3,2,1.64,0.82
51,66,4,2,0.79,0.395
51,73,0,16,94.42,5.90125
51,73,1,16,68.82,4.30125
51,73,2,5,20.22,4.044
51,73,3,20,57.52,2.8760000000000003
51,73,4,8,20.06,2.5075
51,82,0,17,75.63,4.448823529411764
51,82,1,12,35.38,2.9483333333333337
51,82,2,4,10.82,2.705
51,82,3,9,16.83,1.8699999999999999
51,82,4,2,3.72,1.86
51,83,0,2,9.78,4.89
51,83,1,1,4.82,4.82
51,83,2,6,25.68,4.28
51,83,3,13,52.71,4.054615384615385
51,83,4,16,13.74,0.85875
51,84,0,10,83.51,8.351
51,84,1,8,63.83,7.97875
51,84,2,4,30.01,7.5025
51,84,3,9,33.28,3.697777777777778
51,84,4,1,2.0,2.0
51,87,0,10,28.92,2.8920000000000003
51,87,1,4,11.38,2.845
51,87,2,19,31.85,1.6763157894736842
51,87,3,20,29.39,1.4695
51,87,4,19,24.23,1.2752631578947369
51,90,0,15,42.46,2.8306666666666667
51,90,1,14,28.49,2.0349999999999997
51,90,2,6,9.95,1.6583333333333332
51,90,3,17,19.34,1.1376470588235295
51,90,4,1,0.94,0.94
51,95,0,11,24.95,2.268181818181818
51,95,1,15,17.66,1.1773333333333333
51,95,2,15,16.86,1.1239999999999999
51,95,3,9,6.07,0.6744444444444445
51,95,4,2,1.1,0.55
51,97,0,7,25.39,3.6271428571428572
51,97,1,4,14.4,3.6
51,97,2,3,9.51,3.17
51,97,3,5,14.36,2.872
51,97,4,4,7.83,1.9575
51,99,0,6,8.45,1.4083333333333332
51,99,1,18,22.97,1.276111111111111
51,99,2,3,2.08,0.6933333333333334
51,99,3,10,5.03,0.503
51,99,4,10,0.81,0.081
52,2,0,6,19.26,3.2100000000000004
52,2,1,3,7.88,2.6266666666666665
52,2,2,19,47.49,2.4994736842105265
52,2,3,18,29.48,1.6377777777777778
52,2,4,2,0.84,0.42
52,3,0,18,80.83,4.490555555555556
52,3,1,2,5.93,2.965
52,3,2,18,49.71,2.7616666666666667
52,3,3,14,29.55,2.1107142857142858
52,3,4,5,8.77,1.754
52,5,0,9,23.98,2.6644444444444444
52,5,1,7,18.64,2.662857142857143
52,5,2,16,36.41,2.275625
52,5,3,10,8.24,0.8240000000000001
52,5,4,7,4.07,0.5814285714285715
52,10,0,8,11.23,1.40375
52,10,1,11,13.52,1.229090909090909
52,10,2,6,4.18,0.6966666666666667
52,10,3,10,5.18,0.518
52,10,4,11,2.46,0.22363636363636363
52,11,0,7,34.76,4.965714285714285
52,11,1,19,82.31,4.332105263157895
52,11,2,2,7.3,3.65
52,11,3,1,3.09,3.09
52,11,4,5,7.35,1.47
52,12,0,2,2.94,1.47
52,12,1,4,4.26,1.065
52,12,2,15,14.04,0.9359999999999999
52,12,3,9,3.14,0.3488888888888889
52,12,4,18,4.62,0.25666666666666665
52,14,0,9,50.14,5.571111111111112
52,14,1,17,76.27,4.486470588235294
52,14,2,8,33.53,4.19125
52,14,3,16,24.65,1.540625
52,14,4,15,12.47,0.8313333333333334
52,16,0,20,63.95,3.1975000000000002
52,16,1,19,38.75,2.039473684210526
52,16,2,9,18.15,2.0166666666666666
52,16,3,6,2.99,0.49833333333333335
52,16,4,17,2.97,0.17470588235294118
52,17,0,3,7.13,2.3766666666666665
52,17,1,18,30.64,1.7022222222222223
52,17,2,6,9.32,1.5533333333333335
52,17,3,5,7.25,1.45
52,17,4,19,18.88,0.9936842105263157
52,24,0,1,3.18,3.18
52,24,1,19,57.51,3.026842105263158
52,24,2,9,22.7,2.522222222222222
52,24,3,10,23.45,2.3449999999999998
52,24,4,14,6.37,0.455
52,26,0,1,2.77,2.77
52,26,1,4,10.78,2.695
52,26,2,3,5.78,1.9266666666666667
52,26,3,2,1.61,0.805
52,26,4,3,2.17,0.7233333333333333
52,29,0,11,38.01,3.455454545454545
52,29,1,12,39.3,3.275
52,29,2,15,33.37,2.2246666666666663
52,29,3,8,15.65,1.95625
52,29,4,13,9.1,0.7
52,31,0,7,21.49,3.07
52,31,1,2,3.72,1.86
52,31,2,9,13.87,1.541111111111111
52,31,3,1,1.25,1.25
52,31,4,10,8.59,0.859
52,33,0,15,59.97,3.9979999999999998
52,33,1,20,67.37,3.3685
52,33,2,9,24.11,2.678888888888889
52,33,3,19,29.04,1.528421052631579
52,33,4,17,16.9,0.9941176470588234
52,34,0,19,76.43,4.022631578947369
52,34,1,14,52.99,3.785
52,34,2,8,24.2,3.025
52,34,3,16,26.18,1.63625
52,34,4,8,6.01,0.75125
52,47,0,1,1.72,1.72
52,47,1,5,6.15,1.23
52,47,2,20,15.27,0.7635
52,47,3,18,10.44,0.58
52,47,4,9,5.19,0.5766666666666667
52,48,0,13,11.03,0.8484615384615384
52,48,1,5,2.49,0.49800000000000005
52,48,2,7,3.34,0.47714285714285715
52,48,3,1,0.24,0.24
52,48,4,18,2.97,0.165
52,49,0,13,28.63,2.2023076923076923
52,49,1,3,6.04,2.013333333333333
52,49,2,13,23.97,1.8438461538461537
52,49,3,12,13.38,1.115
52,49,4,8,2.56,0.32
52,51,0,15,35.23,2.3486666666666665
52,51,1,14,29.69,2.120714285714286
52,51,2,11,17.43,1.5845454545454545
52,51,3,13,7.98,0.6138461538461539
52,51,4,19,7.84,0.4126315789473684
52,58,0,6,16.24,2.7066666666666666
52,58,1,19,27.43,1.4436842105263157
52,58,2,14,13.32,0.9514285714285714
52,58,3,5,3.68,0.736
52,58,4,15,10.92,0.728
52,60,0,5,7.55,1.51
52,60,1,16,20.46,1.27875
52,60,2,19,12.71,0.6689473684210526
52,60,3,11,5.64,0.5127272727272727
52,60,4,10,4.62,0.462
52,62,0,8,11.24,1.405
52,62,1,14,13.5,0.9642857142857143
52,62,2,14,13.33,0.9521428571428572
52,62,3,8,7.43,0.92875
52,62,4,19,17.0,0.8947368421052632
52,63,0,2,3.17,1.585
52,63,1,20,23.47,1.1735
52,63,2,12,12.89,1.0741666666666667
52,63,3,6,4.64,0.7733333333333333
52,63,4,9,2.72,0.3022222222222222
52,64,0,1,5.0,5.0
52,64,1,20,79.41,3.9705
52,64,2,11,26.24,2.3854545454545453
52,64,3,7,15.55,2.2214285714285715
52,64,4,13,20.9,1.6076923076923075
52,66,0,11,16.32,1.4836363636363636
52,66,1,10,12.42,1.242
52,66,2,7,5.73,0.8185714285714286
52,66,3,8,4.6,0.575
52,66,4,19,2.06,0.10842105263157895
52,73,0,10,80.65,8.065000000000001
52,73,1,2,5.49,2.745
52,73,2,7,17.83,2.5471428571428567
52,73,3,8,9.72,1.215
52,73,4,19,19.72,1.0378947368421052
52,82,0,1,5.43,5.43
52,82,1,16,79.35,4.959375
52,82,2,6,21.35,3.5583333333333336
52,82,3,13,28.61,2.2007692307692306
52,82,4,20,34.28,1.714
52,83,0,5,12.37,2.4739999999999998
52,83,1,10,18.46,1.846
52,83,2,18,27.85,1.5472222222222223
52,83,3,8,6.85,0.85625
52,83,4,5,0.86,0.172
52,84,0,16,89.22,5.57625
52,84,1,6,32.59,5.4316666666666675
52,84,2,11,44.38,4.034545454545455
52,84,3,9,26.11,2.901111111111111
52,84,4,18,40.38,2.2433333333333336
52,87,0,13,9.53,0.7330769230769231
52,87,1,13,5.58,0.42923076923076925
52,87,2,17,6.32,0.37176470588235294
52,87,3,19,5.69,0.29947368421052634
52,87,4,18,5.09,0.2827777777777778
52,90,0,8,39.59,4.94875
52,90,1,14,33.37,2.3835714285714285
52,90,2,13,27.93,2.1484615384615386
52,90,3,1,1.17,1.17
52,90,4,9,3.01,0.33444444444444443
52,95,0,4,17.11,4.2775
52,95,1,5,15.0,3.0
52,95,2,6,12.18,2.03
52,95,3,16,27.81,1.738125
52,95,4,2,0.54,0.27
52,97,0,18,68.28,3.7933333333333334
52,97,1,8,22.51,2.81375
52,97,2,20,13.41,0.6705
52,97,3,12,4.63,0.3858333333333333
52,97,4,6,1.1,0.18333333333333335
52,99,0,1,3.63,3.63
52,99,1,8,24.61,3.07625
52,99,2,15,25.93,1.7286666666666666
52,99,3,11,16.28,1.4800000000000002
52,99,4,6,7.16,1.1933333333333334
58,2,0,16,83.16,5.1975
58,2,1,2,9.59,4.795
58,2,2,12,52.44,4.37
58,2,3,17,67.38,3.9635294117647057
58,2,4,11,31.44,2.8581818181818184
58,3,0,16,46.21,2.888125
58,3,1,1,1.48,1.48
58,3,2,16,21.42,1.33875
58,3,3,8,6.31,0.78875
58,3,4,7,3.47,0.4957142857142857
58,5,0,1,3.57,3.57
58,5,1,18,61.23,3.4016666666666664
58,5,2,3,9.01,3.0033333333333334
58,5,3,3,4.68,1.5599999999999998
58,5,4,11,10.02,0.9109090909090909
58,10,0,4,15.69,3.9225
58,10,1,6,20.67,3.4450000000000003
58,10,2,1,1.66,1.66
58,10,3,7,11.08,1.582857142857143
58,10,4,18,19.44,1.08
58,11,0,2,6.05,3.025
58,11,1,9,16.23,1.8033333333333335
58,11,2,9,13.07,1.4522222222222223
58,11,3,20,27.28,1.364
58,11,4,17,11.82,0.6952941176470588
58,12,0,5,15.48,3.096
58,12,1,5,12.5,2.5
58,12,2,13,15.09,1.1607692307692308
58,12,3,3,2.88,0.96
58,12,4,11,7.85,0.7136363636363636
58,14,0,11,31.84,2.8945454545454545
58,14,1,1,2.65,2.65
58,14,2,2,3.71,1.855
58,14,3,9,5.74,0.6377777777777778
58,14,4,3,1.63,0.5433333333333333
58,16,0,2,6.74,3.37
58,16,1,11,24.83,2.2572727272727273
58,16,2,8,16.09,2.01125
58,16,3,1,1.46,1.46
58,16,4,5,1.82,0.364
58,17,0,5,8.64,1.7280000000000002
58,17,1,13,11.25,0.8653846153846154
58,17,2,12,7.25,0.6041666666666666
58,17,3,6,3.32,0.5533333333333333
58,17,4,6,2.56,0.4266666666666667
58,24,0,16,37.37,2.335625
58,24,1,9,16.04,1.7822222222222222
58,24,2,16,28.01,1.750625
58,24,3,16,19.45,1.215625
58,24,4,20,13.39,0.6695
58,26,0,3,11.81,3.936666666666667
58,26,1,18,64.49,3.5827777777777774
58,26,2,16,53.12,3.32
58,26,3,6,17.69,2.9483333333333337
58,26,4,6,1.45,0.24166666666666667
58,29,0,16,63.87,3.991875
58,29,1,15,39.14,2.6093333333333333
58,29,2,10,21.82,2.182
58,29,3,5,9.12,1.8239999999999998
58,29,4,17,24.06,1.4152941176470588
58,31,0,5,5.58,1.116
58,31,1,10,9.74,0.974
58,31,2,18,7.74,0.43
58,31,3,3,1.05,0.35000000000000003
58,31,4,16,3.2,0.2
58,33,0,12,64.78,5.398333333333333
58,33,1,12,57.88,4.823333333333333
58,33,2,20,85.18,4.259
58,33,3,6,12.55,2.091666666666667
58,33,4,3,2.9,0.9666666666666667
58,34,0,20,38.09,1.9045
58,34,1,17,26.67,1.5688235294117647
58,34,2,20,27.35,1.3675000000000002
58,34,3,12,14.55,1.2125000000000001
58,34,4,5,0.46,0.092
58,47,0,14,51.36,3.6685714285714286
58,47,1,13,42.22,3.2476923076923074
58,47,2,10,15.47,1.5470000000000002
58,47,3,6,7.02,1.17
58,47,4,8,8.2,1.025
58,48,0,5,10.5,2.1
58,48,1,18,35.54,1.9744444444444444
58,48,2,15,27.19,1.8126666666666666
58,48,3,19,29.9,1.5736842105263158
58,48,4,11,14.48,1.3163636363636364
58,49,0,17,31.68,1.8635294117647059
58,49,1,13,22.6,1.7384615384615385
58,49,2,14,22.77,1.6264285714285713
58,49,3,4,3.88,0.97
58,49,4,6,4.18,0.6966666666666667
58,51,0,3,5.42,1.8066666666666666
58,51,1,16,24.85,1.553125
58,51,2,13,16.84,1.2953846153846154
58,51,3,6,3.1,0.5166666666666667
58,51,4,12,4.67,0.38916666666666666
58,52,0,8,24.34,3.0425
58,52,1,19,36.45,1.918421052631579
58,52,2,17,15.01,0.8829411764705882
58,52,3,6,3.43,0.5716666666666667
58,52,4,18,2.42,0.13444444444444445
58,60,0,15,60.68,4.045333333333334
58,60,1,12,24.07,2.0058333333333334
58,60,2,2,3.79,1.895
58,60,3,4,6.06,1.515
58,60,4,1,0.29,0.29
58,62,0,13,22.85,1.7576923076923079
58,62,1,13,12.6,0.9692307692307692
58,62,2,19,17.94,0.9442105263157895
58,62,3,19,13.47,0.7089473684210527
58,62,4,6,3.13,0.5216666666666666
58,63,0,11,36.22,3.2927272727272725
58,63,1,3,4.96,1.6533333333333333
58,63,2,15,9.2,0.6133333333333333
58,63,3,19,9.88,0.52
58,63,4,9,3.2,0.35555555555555557
58,64,0,20,51.04,2.552
58,64,1,6,11.5,1.9166666666666667
58,64,2,9,14.48,1.608888888888889
58,64,3,6,5.4,0.9
58,64,4,16,4.5,0.28125
58,66,0,15,48.1,3.2066666666666666
58,66,1,10,31.06,3.106
58,66,2,5,11.49,2.298
58,66,3,3,1.14,0.37999999999999995
58,66,4,11,3.06,0.2781818181818182
58,73,0,12,101.72,8.476666666666667
58,73,1,17,115.32,6.783529411764706
58,73,2,13,43.85,3.373076923076923
58,73,3,18,23.37,1.2983333333333333
58,73,4,16,8.44,0.5275
58,82,0,17,104.41,6.141764705882353
58,82,1,8,45.81,5.72625
58,82,2,20,98.05,4.9025
58,82,3,19,70.67,3.7194736842105263
58,82,4,4,12.24,3.06
58,83,0,15,76.16,5.077333333333333
58,83,1,9,35.56,3.9511111111111115
58,83,2,1,3.93,3.93
58,83,3,18,66.05,3.6694444444444443
58,83,4,1,1.05,1.05
58,84,0,16,137.93,8.620625
58,84,1,15,102.5,6.833333333333333
58,84,2,11,68.39,6.217272727272728
58,84,3,8,9.21,1.15125
58,84,4,16,14.61,0.913125
58,87,0,12,46.54,3.8783333333333334
58,87,1,9,34.37,3.8188888888888886
58,87,2,15,32.8,2.1866666666666665
58,87,3,3,2.44,0.8133333333333334
58,87,4,3,2.09,0.6966666666666667
58,90,0,13,25.38,1.9523076923076923
58,90,1,8,14.11,1.76375
58,90,2,1,0.9,0.9
58,90,3,16,11.74,0.73375
58,90,4,4,2.77,0.6925
58,95,0,1,2.38,2.38
58,95,1,2,4.25,2.125
58,95,2,7,14.04,2.005714285714286
58,95,3,3,4.34,1.4466666666666665
58,95,4,4,1.25,0.3125
58,97,0,14,84.26,6.018571428571429
58,97,1,14,57.73,4.123571428571428
58,97,2,5,19.54,3.908
58,97,3,5,12.29,2.4579999999999997
58,97,4,8,2.96,0.37
58,99,0,13,13.85,1.0653846153846154
58,99,1,19,16.66,0.8768421052631579
58,99,2,16,11.56,0.7225
58,99,3,17,9.6,0.5647058823529412
58,99,4,8,3.63,0.45375
60,2,0,13,69.17,5.320769230769231
60,2,1,6,25.65,4.2749999999999995
60,2,2,2,8.04,4.02
60,2,3,7,6.75,0.9642857142857143
60,2,4,14,5.03,0.3592857142857143
60,3,0,15,65.01,4.3340000000000005
60,3,1,10,42.74,4.274
60,3,2,12,47.84,3.986666666666667
60,3,3,13,36.29,2.7915384615384613
60,3,4,6,14.69,2.4483333333333333
60,5,0,15,30.54,2.036
60,5,1,16,28.62,1.78875
60,5,2,6,6.8,1.1333333333333333
60,5,3,14,5.97,0.42642857142857143
60,5,4,20,3.52,0.176
60,10,0,6,9.32,1.5533333333333335
60,10,1,13,8.73,0.6715384615384615
60,10,2,10,6.23,0.623
60,10,3,19,7.75,0.40789473684210525
60,10,4,15,2.49,0.166
60,11,0,6,24.35,4.058333333333334
60,11,1,18,55.75,3.0972222222222223
60,11,2,19,52.24,2.7494736842105265
60,11,3,11,15.45,1.4045454545454545
60,11,4,9,8.69,0.9655555555555555
60,12,0,9,7.38,0.82
60,12,1,3,1.94,0.6466666666666666
60,12,2,1,0.64,0.64
60,12,3,12,3.37,0.2808333333333333
60,12,4,18,1.79,0.09944444444444445
60,14,0,3,11.27,3.7566666666666664
60,14,1,6,22.22,3.703333333333333
60,14,2,7,17.39,2.4842857142857144
60,14,3,15,32.44,2.1626666666666665
60,14,4,8,6.86,0.8575
60,16,0,8,14.7,1.8375
60,16,1,7,9.37,1.3385714285714285
60,16,2,9,10.93,1.2144444444444444
60,16,3,3,1.95,0.65
60,16,4,3,1.02,0.34
60,17,0,10,29.78,2.978
60,17,1,12,17.79,1.4825
60,17,2,18,24.63,1.3683333333333332
60,17,3,18,15.28,0.8488888888888888
60,17,4,11,2.13,0.19363636363636363
60,24,0,13,30.45,2.3423076923076924
60,24,1,1,1.28,1.28
60,24,2,6,6.1,1.0166666666666666
60,24,3,8,5.24,0.655
60,24,4,8,5.02,0.6275
60,26,0,18,37.73,2.096111111111111
60,26,1,7,13.03,1.8614285714285714
60,26,2,10,15.62,1.5619999999999998
60,26,3,16,17.17,1.073125
60,26,4,20,18.19,0.9095000000000001
60,29,0,2,11.09,5.545
60,29,1,11,52.11,4.737272727272727
60,29,2,16,57.17,3.573125
60,29,3,14,46.87,3.347857142857143
60,29,4,17,28.57,1.6805882352941177
60,31,0,6,18.82,3.1366666666666667
60,31,1,2,4.03,2.015
60,31,2,19,34.8,1.831578947368421
60,31,3,11,6.19,0.5627272727272727
60,31,4,20,10.34,0.517
60,33,0,6,23.78,3.9633333333333334
60,33,1,2,7.51,3.755
60,33,2,18,47.34,2.6300000000000003
60,33,3,17,39.17,2.3041176470588236
60,33,4,18,37.77,2.0983333333333336
60,34,0,16,66.67,4.166875
60,34,1,7,23.22,3.317142857142857
60,34,2,16,47.49,2.968125
60,34,3,15,26.78,1.7853333333333334
60,34,4,1,1.71,1.71
60,47,0,9,16.93,1.8811111111111112
60,47,1,5,3.32,0.6639999999999999
60,47,2,3,0.95,0.31666666666666665
60,47,3,18,5.45,0.3027777777777778
60,47,4,9,1.92,0.21333333333333332
60,48,0,4,12.21,3.0525
60,48,1,17,51.21,3.0123529411764705
60,48,2,19,56.43,2.97
60,48,3,10,14.84,1.484
60,48,4,6,7.73,1.2883333333333333
60,49,0,13,15.96,1.2276923076923079
60,49,1,17,6.2,0.3647058823529412
60,49,2,10,3.58,0.358
60,49,3,14,4.82,0.3442857142857143
60,49,4,7,1.46,0.20857142857142857
60,51,0,12,30.52,2.5433333333333334
60,51,1,9,21.98,2.442222222222222
60,51,2,13,28.52,2.193846153846154
60,51,3,1,2.14,2.14
60,51,4,9,14.33,1.5922222222222222
60,52,0,13,23.22,1.786153846153846
60,52,1,16,27.55,1.721875
60,52,2,20,21.8,1.09
60,52,3,1,0.99,0.99
60,52,4,11,5.73,0.520909090909091
60,58,0,8,25.06,3.1325
60,58,1,3,9.27,3.09
60,58,2,7,19.41,2.7728571428571427
60,58,3,4,5.15,1.2875
60,58,4,16,17.58,1.09875
60,62,0,13,24.32,1.8707692307692307
60,62,1,1,1.83,1.83
60,62,2,4,5.4,1.35
60,62,3,7,7.31,1.0442857142857143
60,62,4,12,12.12,1.01
60,63,0,12,3.71,0.30916666666666665
60,63,1,5,1.31,0.262
60,63,2,5,0.62,0.124
60,63,3,12,1.45,0.12083333333333333
60,63,4,16,0.9,0.05625
60,64,0,7,19.2,2.742857142857143
60,64,1,16,29.17,1.823125
60,64,2,4,5.19,1.2975
60,64,3,7,2.45,0.35000000000000003
60,64,4,3,0.91,0.30333333333333334
60,66,0,19,44.2,2.3263157894736843
60,66,1,16,29.0,1.8125
60,66,2,16,22.66,1.41625
60,66,3,3,1.73,0.5766666666666667
60,66,4,1,0.49,0.49
60,73,0,13,134.5,10.346153846153847
60,73,1,12,100.6,8.383333333333333
60,73,2,2,12.13,6.065
60,73,3,14,52.72,3.7657142857142856
60,73,4,6,13.17,2.195
60,82,0,15,64.05,4.27
60,82,1,11,42.71,3.882727272727273
60,82,2,3,11.51,3.8366666666666664
60,82,3,4,8.65,2.1625
60,82,4,1,1.11,1.11
60,83,0,17,47.84,2.814117647058824
60,83,1,7,18.0,2.5714285714285716
60,83,2,10,15.1,1.51
60,83,3,14,13.76,0.9828571428571429
60,83,4,9,4.39,0.48777777777777775
60,84,0,17,131.41,7.7299999999999995
60,84,1,18,129.77,7.209444444444445
60,84,2,11,35.83,3.2572727272727273
60,84,3,12,27.79,2.3158333333333334
60,84,4,13,20.2,1.5538461538461539
60,87,0,17,24.42,1.4364705882352942
60,87,1,3,3.23,1.0766666666666667
60,87,2,5,4.76,0.952
60,87,3,18,11.0,0.6111111111111112
60,87,4,14,7.93,0.5664285714285714
60,90,0,14,69.67,4.976428571428571
60,90,1,5,22.95,4.59
60,90,2,8,27.32,3.415
60,90,3,4,11.97,2.9925
60,90,4,12,29.49,2.4575
60,95,0,10,42.99,4.299
60,95,1,10,22.93,2.293
60,95,2,10,13.64,1.364
60,95,3,2,1.69,0.845
60,95,4,20,5.77,0.2885
60,97,0,2,5.58,2.79
60,97,1,12,31.97,2.6641666666666666
60,97,2,5,12.03,2.4059999999999997
60,97,3,18,18.35,1.0194444444444446
60,97,4,7,6.79,0.97
60,99,0,20,65.61,3.2805
60,99,1,11,23.7,2.1545454545454543
60,99,2,2,3.51,1.755
60,99,3,16,24.43,1.526875
60,99,4,15,3.29,0.21933333333333332
62,2,0,19,91.26,4.8031578947368425
62,2,1,20,68.86,3.443
62,2,2,6,17.55,2.9250000000000003
62,2,3,14,13.42,0.9585714285714285
62,2,4,18,12.79,0.7105555555555555
62,3,0,15,39.28,2.618666666666667
62,3,1,20,42.75,2.1375
62,3,2,15,27.34,1.8226666666666667
62,3,3,6,3.82,0.6366666666666666
62,3,4,7,3.41,0.48714285714285716
62,5,0,8,12.6,1.575
62,5,1,16,24.89,1.555625
62,5,2,20,16.16,0.808
62,5,3,18,10.93,0.6072222222222222
62,5,4,11,4.24,0.3854545454545455
62,10,0,6,13.42,2.236666666666667
62,10,1,1,1.92,1.92
62,10,2,3,5.62,1.8733333333333333
62,10,3,19,17.71,0.9321052631578948
62,10,4,2,0.74,0.37
62,11,0,2,5.85,2.925
62,11,1,10,17.18,1.718
62,11,2,15,23.79,1.5859999999999999
62,11,3,12,8.96,0.7466666666666667
62,11,4,10,4.79,0.479
62,12,0,15,12.5,0.8333333333333334
62,12,1,16,12.17,0.760625
62,12,2,1,0.5,0.5
62,12,3,13,4.89,0.3761538461538461
62,12,4,15,1.65,0.11
62,14,0,3,11.98,3.9933333333333336
62,14,1,9,30.68,3.408888888888889
62,14,2,11,29.61,2.691818181818182
62,14,3,18,42.04,2.3355555555555556
62,14,4,5,8.18,1.636
62,16,0,20,41.43,2.0715
62,16,1,3,5.74,1.9133333333333333
62,16,2,9,14.07,1.5633333333333335
62,16,3,15,19.91,1.3273333333333333
62,16,4,8,4.98,0.6225
62,17,0,17,23.05,1.3558823529411765
62,17,1,11,9.22,0.8381818181818183
62,17,2,16,13.22,0.82625
62,17,3,8,5.22,0.6525
62,17,4,1,0.64,0.64
62,24,0,1,1.62,1.62
62,24,1,8,10.81,1.35125
62,24,2,19,22.06,1.1610526315789473
62,24,3,15,3.27,0.218
62,24,4,15,3.22,0.21466666666666667
62,26,0,11,32.55,2.959090909090909
62,26,1,12,23.64,1.97
62,26,2,18,35.09,1.9494444444444445
62,26,3,20,12.11,0.6054999999999999
62,26,4,10,2.55,0.255
62,29,0,4,10.26,2.565
62,29,1,5,12.44,2.488
62,29,2,20,41.95,2.0975
62,29,3,19,36.96,1.9452631578947368
62,29,4,15,18.27,1.218
62,31,0,8,13.59,1.69875
62,31,1,9,14.53,1.6144444444444443
62,31,2,17,27.18,1.5988235294117648
62,31,3,13,20.47,1.5746153846153845
62,31,4,3,4.29,1.43
62,33,0,4,21.71,5.4275
62,33,1,6,29.16,4.86
62,33,2,1,2.01,2.01
62,33,3,9,11.61,1.29
62,33,4,11,13.39,1.2172727272727273
62,34,0,13,34.69,2.668461538461538
62,34,1,11,17.47,1.5881818181818181
62,34,2,11,14.48,1.3163636363636364
62,34,3,17,16.76,0.9858823529411765
62,34,4,4,3.94,0.985
62,47,0,16,33.26,2.07875
62,47,1,16,26.96,1.685
62,47,2,20,23.41,1.1705
62,47,3,9,9.24,1.0266666666666666
62,47,4,3,1.8,0.6
62,48,0,20,45.65,2.2824999999999998
62,48,1,8,16.52,2.065
62,48,2,17,33.86,1.9917647058823529
62,48,3,7,10.39,1.4842857142857144
62,48,4,12,4.05,0.33749999999999997
62,49,0,17,10.9,0.6411764705882353
62,49,1,8,4.75,0.59375
62,49,2,11,3.73,0.3390909090909091
62,49,3,15,3.94,0.26266666666666666
62,49,4,18,2.59,0.14388888888888887
62,51,0,3,1.25,0.4166666666666667
62,51,1,1,0.37,0.37
62,51,2,14,5.1,0.36428571428571427
62,51,3,16,4.72,0.295
62,51,4,8,2.24,0.28
62,52,0,9,11.97,1.33
62,52,1,20,17.59,0.8795
62,52,2,6,2.8,0.4666666666666666
62,52,3,14,5.85,0.4178571428571428
62,52,4,18,3.13,0.17388888888888887
62,58,0,15,35.59,2.372666666666667
62,58,1,9,15.67,1.741111111111111
62,58,2,15,20.05,1.3366666666666667
62,58,3,2,0.86,0.43
62,58,4,17,4.52,0.26588235294117646
62,60,0,6,8.61,1.4349999999999998
62,60,1,3,3.32,1.1066666666666667
62,60,2,14,13.51,0.965
62,60,3,11,10.09,0.9172727272727272
62,60,4,9,7.54,0.8377777777777777
62,63,0,19,31.8,1.6736842105263159
62,63,1,8,6.77,0.84625
62,63,2,11,8.96,0.8145454545454546
62,63,3,6,4.34,0.7233333333333333
62,63,4,15,10.38,0.6920000000000001
62,64,0,3,9.49,3.1633333333333336
62,64,1,11,29.83,2.7118181818181815
62,64,2,15,38.57,2.5713333333333335
62,64,3,19,26.98,1.42
62,64,4,7,6.11,0.8728571428571429
62,66,0,20,58.6,2.93
62,66,1,5,14.09,2.818
62,66,2,16,40.0,2.5
62,66,3,6,7.13,1.1883333333333332
62,66,4,5,5.88,1.176
62,73,0,12,107.06,8.921666666666667
62,73,1,20,161.38,8.068999999999999
62,73,2,4,27.58,6.895
62,73,3,1,5.39,5.39
62,73,4,2,6.61,3.305
62,82,0,18,121.87,6.770555555555556
62,82,1,11,64.44,5.858181818181818
62,82,2,10,55.95,5.595000000000001
62,82,3,6,16.2,2.6999999999999997
62,82,4,12,4.6,0.3833333333333333
62,83,0,3,12.17,4.056666666666667
62,83,1,14,34.68,2.4771428571428573
62,83,2,20,40.9,2.045
62,83,3,4,7.47,1.8675
62,83,4,18,18.11,1.0061111111111112
62,84,0,16,96.68,6.0425
62,84,1,6,29.99,4.998333333333333
62,84,2,15,50.74,3.3826666666666667
62,84,3,20,47.12,2.356
62,84,4,11,5.29,0.4809090909090909
62,87,0,16,36.11,2.256875
62,87,1,17,35.61,2.094705882352941
62,87,2,18,27.26,1.5144444444444445
62,87,3,13,5.47,0.42076923076923073
62,87,4,9,1.19,0.1322222222222222
62,90,0,15,44.41,2.9606666666666666
62,90,1,20,48.91,2.4455
62,90,2,3,3.67,1.2233333333333334
62,90,3,5,4.69,0.9380000000000001
62,90,4,3,1.91,0.6366666666666666
62,95,0,1,3.05,3.05
62,95,1,7,13.09,1.8699999999999999
62,95,2,2,3.59,1.795
62,95,3,13,14.87,1.1438461538461537
62,95,4,4,1.11,0.2775
62,97,0,11,30.05,2.731818181818182
62,97,1,13,30.13,2.3176923076923077
62,97,2,3,5.81,1.9366666666666665
62,97,3,11,17.55,1.5954545454545455
62,97,4,5,2.94,0.588
62,99,0,19,44.22,2.3273684210526313
62,99,1,4,8.13,2.0325
62,99,2,16,27.89,1.743125
62,99,3,8,11.94,1.4925
62,99,4,12,3.68,0.3066666666666667
63,2,0,8,39.89,4.98625
63,2,1,9,35.0,3.888888888888889
63,2,2,11,30.79,2.799090909090909
63,2,3,13,20.0,1.5384615384615385
63,2,4,20,20.86,1.043
63,3,0,17,58.96,3.468235294117647
63,3,1,8,25.4,3.175
63,3,2,20,54.18,2.709
63,3,3,2,4.8,2.4
63,3,4,1,0.63,0.63
63,5,0,13,25.47,1.959230769230769
63,5,1,13,16.83,1.2946153846153845
63,5,2,9,9.07,1.0077777777777779
63,5,3,19,18.61,0.9794736842105263
63,5,4,9,5.45,0.6055555555555556
63,10,0,12,7.36,0.6133333333333334
63,10,1,14,8.1,0.5785714285714285
63,10,2,8,4.57,0.57125
63,10,3,7,0.89,0.12714285714285714
63,10,4,4,0.34,0.085
63,11,0,19,77.31,4.068947368421052
63,11,1,16,64.26,4.01625
63,11,2,15,37.3,2.4866666666666664
63,11,3,14,15.87,1.1335714285714285
63,11,4,2,0.92,0.46
63,12,0,16,24.45,1.528125
63,12,1,14,14.77,1.055
63,12,2,1,0.59,0.59
63,12,3,19,5.53,0.2910526315789474
63,12,4,8,1.6,0.2
63,14,0,15,74.78,4.985333333333333
63,14,1,12,52.54,4.378333333333333
63,14,2,16,64.42,4.02625
63,14,3,16,10.62,0.66375
63,14,4,16,7.69,0.480625
63,16,0,15,35.36,2.3573333333333335
63,16,1,3,6.94,2.3133333333333335
63,16,2,9,18.42,2.046666666666667
63,16,3,18,22.63,1.2572222222222222
63,16,4,5,4.21,0.842
63,17,0,8,28.7,3.5875
63,17,1,17,56.57,3.3276470588235294
63,17,2,19,51.76,2.7242105263157894
63,17,3,17,45.67,2.686470588235294
63,17,4,20,50.83,2.5415
63,24,0,3,5.05,1.6833333333333333
63,24,1,9,12.16,1.3511111111111112
63,24,2,7,9.07,1.2957142857142858
63,24,3,11,13.45,1.2227272727272727
63,24,4,16,8.39,0.524375
63,26,0,1,1.98,1.98
63,26,1,3,5.32,1.7733333333333334
63,26,2,19,31.36,1.6505263157894736
63,26,3,16,16.24,1.015
63,26,4,7,5.78,0.8257142857142857
63,29,0,19,92.49,4.867894736842105
63,29,1,10,46.58,4.6579999999999995
63,29,2,7,16.78,2.3971428571428572
63,29,3,18,21.73,1.2072222222222222
63,29,4,9,7.43,0.8255555555555555
63,31,0,20,92.47,4.6235
63,31,1,14,61.69,4.406428571428571
63,31,2,12,49.06,4.088333333333334
63,31,3,6,6.26,1.0433333333333332
63,31,4,1,0.28,0.28
63,33,0,18,65.3,3.6277777777777778
63,33,1,18,59.93,3.3294444444444444
63,33,2,3,4.98,1.6600000000000001
63,33,3,19,30.1,1.5842105263157895
63,33,4,17,8.42,0.49529411764705883
63,34,0,13,64.04,4.926153846153847
63,34,1,15,65.51,4.367333333333334
63,34,2,8,12.99,1.62375
63,34,3,4,4.17,1.0425
63,34,4,10,4.95,0.495
63,47,0,20,40.78,2.039
63,47,1,4,7.93,1.9825
63,47,2,1,1.17,1.17
63,47,3,6,3.39,0.5650000000000001
63,47,4,14,4.74,0.3385714285714286
63,48,0,12,36.48,3.0399999999999996
63,48,1,1,2.36,2.36
63,48,2,1,2.35,2.35
63,48,3,14,29.45,2.1035714285714286
63,48,4,10,1.95,0.195
63,49,0,2,4.77,2.385
63,49,1,13,29.33,2.256153846153846
63,49,2,5,10.57,2.114
63,49,3,16,16.21,1.013125
63,49,4,10,6.43,0.643
63,51,0,16,41.36,2.585
63,51,1,11,15.84,1.44
63,51,2,8,10.12,1.265
63,51,3,14,2.87,0.20500000000000002
63,51,4,17,2.76,0.1623529411764706
63,52,0,15,24.28,1.6186666666666667
63,52,1,2,2.39,1.195
63,52,2,15,17.23,1.1486666666666667
63,52,3,10,10.71,1.0710000000000002
63,52,4,5,1.81,0.362
63,58,0,20,76.59,3.8295000000000003
63,58,1,15,36.18,2.412
63,58,2,19,45.55,2.3973684210526316
63,58,3,4,2.68,0.67
63,58,4,15,4.9,0.3266666666666667
63,60,0,14,8.55,0.6107142857142858
63,60,1,5,3.01,0.602
63,60,2,9,4.27,0.4744444444444444
63,60,3,1,0.19,0.19
63,60,4,7,0.55,0.07857142857142858
63,62,0,18,37.25,2.0694444444444446
63,62,1,1,1.93,1.93
63,62,2,20,33.25,1.6625
63,62,3,20,30.11,1.5055
63,62,4,3,2.06,0.6866666666666666
63,64,0,8,35.94,4.4925
63,64,1,9,28.09,3.121111111111111
63,64,2,17,52.79,3.105294117647059
63,64,3,11,25.01,2.273636363636364
63,64,4,17,21.17,1.2452941176470589
63,66,0,5,7.16,1.432
63,66,1,16,12.46,0.77875
63,66,2,10,6.48,0.648
63,66,3,3,1.88,0.6266666666666666
63,66,4,4,1.09,0.2725
63,73,0,3,22.44,7.48
63,73,1,12,71.02,5.918333333333333
63,73,2,13,50.05,3.8499999999999996
63,73,3,7,22.73,3.2471428571428573
63,73,4,4,8.96,2.24
63,82,0,6,40.68,6.78
63,82,1,17,106.68,6.275294117647059
63,82,2,16,51.0,3.1875
63,82,3,11,28.56,2.596363636363636
63,82,4,6,3.66,0.61
63,83,0,7,14.64,2.0914285714285716
63,83,1,15,27.15,1.8099999999999998
63,83,2,16,28.65,1.790625
63,83,3,3,4.82,1.6066666666666667
63,83,4,5,3.88,0.776
63,84,0,10,71.33,7.133
63,84,1,5,31.4,6.279999999999999
63,84,2,5,13.83,2.766
63,84,3,1,1.64,1.64
63,84,4,3,3.92,1.3066666666666666
63,87,0,20,23.08,1.154
63,87,1,8,7.11,0.88875
63,87,2,15,12.75,0.85
63,87,3,15,8.2,0.5466666666666666
63,87,4,13,5.63,0.4330769230769231
63,90,0,15,55.83,3.722
63,90,1,16,47.42,2.96375
63,90,2,18,43.27,2.403888888888889
63,90,3,2,1.84,0.92
63,90,4,3,2.51,0.8366666666666666
63,95,0,13,69.37,5.336153846153847
63,95,1,13,66.19,5.091538461538462
63,95,2,11,52.48,4.7709090909090905
63,95,3,10,25.82,2.582
63,95,4,2,2.41,1.205
63,97,0,10,27.21,2.721
63,97,1,5,10.02,2.004
63,97,2,3,5.85,1.95
63,97,3,2,1.76,0.88
63,97,4,4,0.84,0.21
63,99,0,6,24.81,4.135
63,99,1,4,14.45,3.6125
63,99,2,4,10.79,2.6975
63,99,3,6,12.12,2.02
63,99,4,2,3.55,1.775
64,2,0,3,26.27,8.756666666666666
64,2,1,9,58.53,6.503333333333334
64,2,2,7,30.29,4.327142857142857
64,2,3,14,29.91,2.1364285714285716
64,2,4,12,10.5,0.875
64,3,0,15,5.12,0.3413333333333333
64,3,1,7,1.97,0.2814285714285714
64,3,2,14,3.82,0.27285714285714285
64,3,3,18,4.51,0.25055555555555553
64,3,4,2,0.4,0.2
64,5,0,12,36.67,3.0558333333333336
64,5,1,11,14.73,1.339090909090909
64,5,2,12,13.63,1.1358333333333335
64,5,3,2,1.79,0.895
64,5,4,13,7.58,0.583076923076923
64,10,0,6,32.46,5.41
64,10,1,16,75.95,4.746875
64,10,2,8,26.84,3.355
64,10,3,5,8.27,1.654
64,10,4,8,10.75,1.34375
64,11,0,18,12.05,0.6694444444444445
64,11,1,11,5.11,0.4645454545454546
64,11,2,4,1.36,0.34
64,11,3,6,1.16,0.19333333333333333
64,11,4,12,0.44,0.03666666666666667
64,12,0,19,69.06,3.6347368421052635
64,12,1,12,37.14,3.095
64,12,2,20,56.34,2.817
64,12,3,20,44.1,2.205
64,12,4,12,7.51,0.6258333333333334
64,14,0,13,1.84,0.14153846153846156
64,14,1,11,1.21,0.11
64,14,2,8,0.56,0.07
64,14,3,11,0.56,0.05090909090909091
64,14,4,18,0.26,0.014444444444444446
64,16,0,11,24.94,2.2672727272727276
64,16,1,6,9.91,1.6516666666666666
64,16,2,13,20.57,1.5823076923076924
64,16,3,10,3.64,0.364
64,16,4,10,2.57,0.257
64,17,0,14,19.78,1.412857142857143
64,17,1,19,25.76,1.3557894736842107
64,17,2,2,2.66,1.33
64,17,3,17,6.84,0.4023529411764706
64,17,4,2,0.65,0.325
64,24,0,18,48.73,2.707222222222222
64,24,1,6,16.11,2.685
64,24,2,3,7.75,2.5833333333333335
64,24,3,13,31.7,2.4384615384615382
64,24,4,12,20.82,1.735
64,26,0,12,86.39,7.199166666666667
64,26,1,1,6.74,6.74
64,26,2,11,71.6,6.509090909090909
64,26,3,11,46.33,4.211818181818182
64,26,4,9,35.54,3.948888888888889
64,29,0,15,94.74,6.316
64,29,1,14,67.93,4.852142857142858
64,29,2,11,40.48,3.6799999999999997
64,29,3,6,11.58,1.93
64,29,4,7,10.65,1.5214285714285716
64,31,0,20,42.5,2.125
64,31,1,4,8.41,2.1025
64,31,2,8,5.45,0.68125
64,31,3,9,1.35,0.15000000000000002
64,31,4,1,0.15,0.15
64,33,0,15,103.44,6.896
64,33,1,2,13.13,6.565
64,33,2,4,10.37,2.5925
64,33,3,5,10.02,2.004
64,33,4,19,11.59,0.61
64,34,0,2,3.32,1.66
64,34,1,1,1.57,1.57
64,34,2,13,11.92,0.916923076923077
64,34,3,2,1.49,0.745
64,34,4,9,6.5,0.7222222222222222
64,47,0,13,49.32,3.793846153846154
64,47,1,10,37.22,3.722
64,47,2,12,31.64,2.6366666666666667
64,47,3,2,1.67,0.835
64,47,4,13,3.05,0.23461538461538461
64,48,0,3,11.64,3.8800000000000003
64,48,1,14,42.39,3.027857142857143
64,48,2,7,17.76,2.5371428571428574
64,48,3,18,32.06,1.7811111111111113
64,48,4,11,3.76,0.3418181818181818
64,49,0,18,56.9,3.161111111111111
64,49,1,8,25.11,3.13875
64,49,2,9,25.6,2.8444444444444446
64,49,3,1,2.77,2.77
64,49,4,17,26.26,1.5447058823529414
64,51,0,8,21.18,2.6475
64,51,1,6,8.3,1.3833333333333335
64,51,2,19,13.17,0.6931578947368421
64,51,3,2,0.36,0.18
64,51,4,16,2.15,0.134375
64,52,0,13,58.63,4.51
64,52,1,17,75.73,4.4547058823529415
64,52,2,18,74.75,4.152777777777778
64,52,3,15,56.58,3.772
64,52,4,5,14.2,2.84
64,58,0,19,53.01,2.79
64,58,1,1,2.49,2.49
64,58,2,9,19.93,2.214444444444444
64,58,3,9,16.01,1.778888888888889
64,58,4,13,10.86,0.8353846153846154
64,60,0,7,34.96,4.994285714285715
64,60,1,5,18.65,3.7299999999999995
64,60,2,14,32.65,2.332142857142857
64,60,3,6,7.95,1.325
64,60,4,15,16.03,1.0686666666666667
64,62,0,1,3.56,3.56
64,62,1,18,62.26,3.4588888888888887
64,62,2,20,26.93,1.3465
64,62,3,5,6.63,1.326
64,62,4,9,11.13,1.2366666666666668
64,63,0,19,99.57,5.240526315789474
64,63,1,7,34.08,4.868571428571428
64,63,2,7,30.73,4.39
64,63,3,5,15.56,3.112
64,63,4,14,6.55,0.46785714285714286
64,66,0,1,5.55,5.55
64,66,1,14,69.57,4.969285714285713
64,66,2,3,10.2,3.4
64,66,3,18,26.66,1.481111111111111
64,66,4,5,6.13,1.226
64,73,0,6,65.47,10.911666666666667
64,73,1,12,126.04,10.503333333333334
64,73,2,2,13.81,6.905
64,73,3,20,110.05,5.5024999999999995
64,73,4,14,10.75,0.7678571428571429
64,82,0,5,46.13,9.226
64,82,1,10,87.12,8.712
64,82,2,17,59.63,3.5076470588235296
64,82,3,11,24.18,2.1981818181818182
64,82,4,6,12.67,2.111666666666667
64,83,0,5,38.98,7.795999999999999
64,83,1,16,109.92,6.87
64,83,2,10,22.25,2.225
64,83,3,13,16.73,1.286923076923077
64,83,4,6,7.71,1.285
64,84,0,8,89.0,11.125
64,84,1,8,30.71,3.83875
64,84,2,9,31.61,3.5122222222222224
64,84,3,3,9.69,3.23
64,84,4,6,11.04,1.8399999999999999
64,87,0,8,43.08,5.385
64,87,1,10,41.97,4.197
64,87,2,18,41.98,2.332222222222222
64,87,3,2,1.51,0.755
64,87,4,7,3.13,0.4471428571428571
64,90,0,3,2.63,0.8766666666666666
64,90,1,18,12.98,0.7211111111111111
64,90,2,3,1.64,0.5466666666666666
64,90,3,18,8.55,0.47500000000000003
64,90,4,15,4.45,0.2966666666666667
64,95,0,16,13.03,0.814375
64,95,1,5,4.0,0.8
64,95,2,3,1.58,0.5266666666666667
64,95,3,1,0.51,0.51
64,95,4,5,1.81,0.362
64,97,0,15,46.43,3.0953333333333335
64,97,1,6,17.78,2.9633333333333334
64,97,2,2,5.69,2.845
64,97,3,7,17.96,2.565714285714286
64,97,4,17,29.82,1.7541176470588236
64,99,0,12,13.1,1.0916666666666666
64,99,1,15,14.64,0.9760000000000001
64,99,2,5,4.25,0.85
64,99,3,15,12.29,0.8193333333333332
64,99,4,13,7.47,0.5746153846153846
66,2,0,20,41.13,2.0565
66,2,1,18,29.5,1.6388888888888888
66,2,2,7,1.78,0.2542857142857143
66,2,3,9,2.11,0.23444444444444443
66,2,4,20,3.55,0.1775
66,3,0,17,93.3,5.488235294117647
66,3,1,16,79.98,4.99875
66,3,2,7,34.25,4.892857142857143
66,3,3,3,9.01,3.0033333333333334
66,3,4,20,9.81,0.49050000000000005
66,5,0,8,29.36,3.67
66,5,1,6,16.63,2.7716666666666665
66,5,2,1,1.67,1.67
66,5,3,5,5.14,1.028
66,5,4,3,1.15,0.3833333333333333
66,10,0,6,11.7,1.95
66,10,1,20,38.57,1.9285
66,10,2,19,26.53,1.3963157894736842
66,10,3,4,1.36,0.34
66,10,4,13,1.41,0.10846153846153846
66,11,0,16,93.21,5.825625
66,11,1,14,39.94,2.8528571428571428
66,11,2,6,16.72,2.7866666666666666
66,11,3,4,7.51,1.8775
66,11,4,1,1.71,1.71
66,12,0,17,47.78,2.8105882352941176
66,12,1,1,2.14,2.14
66,12,2,9,16.85,1.8722222222222225
66,12,3,17,7.53,0.4429411764705882
66,12,4,16,2.8,0.175
66,14,0,6,30.43,5.071666666666666
66,14,1,15,50.67,3.378
66,14,2,13,41.91,3.2238461538461536
66,14,3,20,62.15,3.1075
66,14,4,17,50.92,2.995294117647059
66,16,0,6,26.4,4.3999999999999995
66,16,1,13,45.04,3.4646153846153847
66,16,2,12,38.14,3.1783333333333332
66,16,3,2,3.92,1.96
66,16,4,11,3.96,0.36
66,17,0,4,16.59,4.1475
66,17,1,11,41.39,3.7627272727272727
66,17,2,16,59.53,3.720625
66,17,3,17,41.16,2.421176470588235
66,17,4,17,3.33,0.19588235294117648
66,24,0,10,32.44,3.2439999999999998
66,24,1,1,2.53,2.53
66,24,2,5,11.37,2.274
66,24,3,15,15.55,1.0366666666666666
66,24,4,20,4.22,0.211
66,26,0,5,11.24,2.248
66,26,1,5,6.77,1.3539999999999999
66,26,2,8,8.44,1.055
66,26,3,12,10.53,0.8775
66,26,4,5,1.52,0.304
66,29,0,17,37.69,2.2170588235294115
66,29,1,6,8.59,1.4316666666666666
66,29,2,17,16.0,0.9411764705882353
66,29,3,13,10.39,0.7992307692307693
66,29,4,16,11.74,0.73375
66,31,0,4,17.17,4.2925
66,31,1,19,64.8,3.4105263157894736
66,31,2,20,57.98,2.899
66,31,3,16,26.8,1.675
66,31,4,17,28.22,1.66
66,33,0,7,12.45,1.7785714285714285
66,33,1,7,11.05,1.5785714285714287
66,33,2,8,4.64,0.58
66,33,3,16,7.71,0.481875
66,33,4,12,2.38,0.19833333333333333
66,34,0,4,16.46,4.115
66,34,1,17,54.95,3.2323529411764707
66,34,2,5,14.35,2.87
66,34,3,3,7.26,2.42
66,34,4,6,11.24,1.8733333333333333
66,47,0,16,37.83,2.364375
66,47,1,5,9.45,1.89
66,47,2,2,2.69,1.345
66,47,3,3,3.63,1.21
66,47,4,17,19.07,1.121764705882353
66,48,0,14,18.22,1.3014285714285714
66,48,1,16,18.81,1.175625
66,48,2,4,3.97,0.9925
66,48,3,20,18.31,0.9155
66,48,4,3,2.71,0.9033333333333333
66,49,0,5,17.62,3.524
66,49,1,10,34.42,3.442
66,49,2,6,17.12,2.8533333333333335
66,49,3,5,13.53,2.706
66,49,4,7,1.41,0.20142857142857143
66,51,0,10,34.1,3.41
66,51,1,7,23.04,3.2914285714285714
66,51,2,3,8.29,2.763333333333333
66,51,3,7,13.99,1.9985714285714287
66,51,4,9,3.06,0.34
66,52,0,10,9.85,0.985
66,52,1,12,9.09,0.7575
66,52,2,5,3.37,0.674
66,52,3,17,10.94,0.6435294117647059
66,52,4,14,5.48,0.39142857142857146
66,58,0,8,28.68,3.585
66,58,1,14,46.94,3.3528571428571428
66,58,2,6,16.04,2.6733333333333333
66,58,3,4,7.64,1.91
66,58,4,7,2.34,0.33428571428571424
66,60,0,7,18.62,2.66
66,60,1,9,18.57,2.0633333333333335
66,60,2,13,10.55,0.8115384615384615
66,60,3,1,0.26,0.26
66,60,4,10,2.41,0.24100000000000002
66,62,0,11,27.84,2.5309090909090908
66,62,1,8,14.47,1.80875
66,62,2,3,2.12,0.7066666666666667
66,62,3,3,1.52,0.5066666666666667
66,62,4,5,2.07,0.414
66,63,0,9,23.26,2.5844444444444448
66,63,1,5,8.13,1.6260000000000001
66,63,2,5,6.3,1.26
66,63,3,11,11.77,1.07
66,63,4,5,2.05,0.41
66,64,0,1,6.5,6.5
66,64,1,17,55.53,3.2664705882352942
66,64,2,4,12.95,3.2375
66,64,3,4,9.98,2.495
66,64,4,8,5.92,0.74
66,73,0,1,6.61,6.61
66,73,1,17,108.9,6.405882352941177
66,73,2,3,16.89,5.63
66,73,3,18,69.06,3.836666666666667
66,73,4,17,39.76,2.3388235294117647
66,82,0,17,67.21,3.9535294117647055
66,82,1,18,68.86,3.8255555555555554
66,82,2,17,47.32,2.783529411764706
66,82,3,9,15.57,1.73
66,82,4,1,0.6,0.6
66,83,0,2,3.3,1.65
66,83,1,8,12.1,1.5125
66,83,2,11,15.95,1.45
66,83,3,5,3.19,0.638
66,83,4,10,1.48,0.148
66,84,0,1,5.07,5.07
66,84,1,7,21.31,3.044285714285714
66,84,2,5,6.34,1.268
66,84,3,12,8.88,0.7400000000000001
66,84,4,1,0.56,0.56
66,87,0,9,8.59,0.9544444444444444
66,87,1,16,13.57,0.848125
66,87,2,3,2.17,0.7233333333333333
66,87,3,16,4.29,0.268125
66,87,4,7,1.82,0.26
66,90,0,19,111.68,5.877894736842106
66,90,1,20,102.18,5.109
66,90,2,12,24.88,2.0733333333333333
66,90,3,17,24.26,1.427058823529412
66,90,4,18,16.36,0.9088888888888889
66,95,0,5,30.58,6.116
66,95,1,6,14.51,2.4183333333333334
66,95,2,19,36.11,1.9005263157894736
66,95,3,11,14.59,1.3263636363636364
66,95,4,11,8.34,0.7581818181818182
66,97,0,10,56.45,5.6450000000000005
66,97,1,1,3.78,3.78
66,97,2,18,43.75,2.4305555555555554
66,97,3,15,34.55,2.3033333333333332
66,97,4,18,26.87,1.4927777777777778
66,99,0,3,11.11,3.703333333333333
66,99,1,16,53.77,3.360625
66,99,2,9,23.14,2.571111111111111
66,99,3,19,19.61,1.0321052631578946
66,99,4,12,8.56,0.7133333333333334
73,2,0,6,32.66,5.4433333333333325
73,2,1,4,12.86,3.215
73,2,2,4,8.72,2.18
73,2,3,11,13.21,1.200909090909091
73,2,4,13,5.93,0.45615384615384613
73,3,0,10,82.35,8.235
73,3,1,17,124.59,7.328823529411765
73,3,2,6,38.36,6.3933333333333335
73,3,3,16,72.37,4.523125
73,3,4,17,61.06,3.591764705882353
73,5,0,2,18.49,9.245
73,5,1,14,106.96,7.64
73,5,2,1,4.38,4.38
73,5,3,19,78.59,4.136315789473684
73,5,4,11,23.5,2.1363636363636362
73,10,0,2,11.81,5.905
73,10,1,15,45.48,3.0319999999999996
73,10,2,4,5.71,1.4275
73,10,3,5,6.25,1.25
73,10,4,19,11.11,0.5847368421052631
73,11,0,14,151.79,10.842142857142857
73,11,1,7,67.37,9.624285714285715
73,11,2,8,53.18,6.6475
73,11,3,13,52.77,4.059230769230769
73,11,4,15,49.58,3.305333333333333
73,12,0,16,131.46,8.21625
73,12,1,16,103.6,6.475
73,12,2,13,60.99,4.691538461538462
73,12,3,12,50.24,4.1866666666666665
73,12,4,17,14.1,0.8294117647058823
73,14,0,15,167.86,11.190666666666667
73,14,1,12,116.76,9.73
73,14,2,9,71.58,7.953333333333333
73,14,3,9,49.44,5.493333333333333
73,14,4,7,7.81,1.1157142857142857
73,16,0,15,148.14,9.876
73,16,1,4,20.28,5.07
73,16,2,5,13.98,2.7960000000000003
73,16,3,15,40.55,2.703333333333333
73,16,4,1,2.07,2.07
73,17,0,6,44.15,7.358333333333333
73,17,1,13,41.71,3.2084615384615387
73,17,2,4,11.99,2.9975
73,17,3,16,36.84,2.3025
73,17,4,20,43.14,2.157
73,24,0,3,18.31,6.103333333333333
73,24,1,1,4.0,4.0
73,24,2,13,16.69,1.2838461538461539
73,24,3,10,12.67,1.267
73,24,4,5,2.7,0.54
73,26,0,8,64.34,8.0425
73,26,1,2,15.72,7.86
73,26,2,12,86.83,7.235833333333333
73,26,3,5,28.03,5.606
73,26,4,6,2.43,0.405
73,29,0,13,59.92,4.609230769230769
73,29,1,9,28.46,3.1622222222222223
73,29,2,17,22.33,1.3135294117647058
73,29,3,6,6.37,1.0616666666666668
73,29,4,13,11.41,0.8776923076923077
73,31,0,7,33.82,4.831428571428572
73,31,1,19,47.75,2.513157894736842
73,31,2,5,11.18,2.2359999999999998
73,31,3,5,7.49,1.498
73,31,4,20,8.16,0.40800000000000003
73,33,0,3,15.19,5.0633333333333335
73,33,1,13,42.35,3.2576923076923077
73,33,2,7,10.77,1.5385714285714285
73,33,3,19,9.21,0.4847368421052632
73,33,4,14,3.99,0.28500000000000003
73,34,0,14,142.8,10.200000000000001
73,34,1,19,146.73,7.722631578947368
73,34,2,6,41.36,6.8933333333333335
73,34,3,5,21.26,4.252000000000001
73,34,4,6,25.24,4.206666666666666
73,47,0,1,11.23,11.23
73,47,1,1,8.5,8.5
73,47,2,16,92.19,5.761875
73,47,3,18,91.33,5.073888888888889
73,47,4,1,2.85,2.85
73,48,0,9,55.81,6.2011111111111115
73,48,1,14,84.38,6.027142857142857
73,48,2,9,34.97,3.8855555555555554
73,48,3,18,30.47,1.6927777777777777
73,48,4,9,5.67,0.63
73,49,0,11,112.23,10.202727272727273
73,49,1,12,70.25,5.854166666666667
73,49,2,16,85.28,5.33
73,49,3,12,27.82,2.3183333333333334
73,49,4,15,12.27,0.818
73,51,0,13,129.97,9.997692307692308
73,51,1,20,160.32,8.016
73,51,2,1,7.41,7.41
73,51,3,7,16.17,2.31
73,51,4,14,10.38,0.7414285714285714
73,52,0,15,110.95,7.3966666666666665
73,52,1,16,114.96,7.185
73,52,2,11,55.42,5.038181818181818
73,52,3,13,51.67,3.974615384615385
73,52,4,19,62.0,3.263157894736842
73,58,0,17,137.51,8.088823529411764
73,58,1,14,56.7,4.05
73,58,2,13,37.07,2.8515384615384614
73,58,3,7,17.56,2.5085714285714285
73,58,4,14,16.4,1.1714285714285713
73,60,0,12,97.87,8.155833333333334
73,60,1,2,14.95,7.475
73,60,2,12,74.84,6.236666666666667
73,60,3,20,58.69,2.9345
73,60,4,16,18.13,1.133125
73,62,0,5,40.36,8.072
73,62,1,7,49.83,7.118571428571428
73,62,2,19,116.75,6.144736842105263
73,62,3,4,13.11,3.2775
73,62,4,1,0.65,0.65
73,63,0,17,122.97,7.233529411764706
73,63,1,9,64.94,7.2155555555555555
73,63,2,4,22.77,5.6925
73,63,3,9,30.53,3.3922222222222222
73,63,4,18,38.99,2.1661111111111113
73,64,0,8,71.92,8.99
73,64,1,10,85.62,8.562000000000001
73,64,2,8,57.34,7.1675
73,64,3,15,49.19,3.279333333333333
73,64,4,6,3.26,0.5433333333333333
73,66,0,4,21.53,5.3825
73,66,1,12,28.15,2.345833333333333
73,66,2,6,12.48,2.08
73,66,3,3,5.46,1.82
73,66,4,16,5.86,0.36625
73,82,0,12,37.29,3.1075
73,82,1,10,28.45,2.8449999999999998
73,82,2,20,52.0,2.6
73,82,3,4,9.03,2.2575
73,82,4,1,0.82,0.82
73,83,0,6,44.8,7.466666666666666
73,83,1,9,60.67,6.7411111111111115
73,83,2,8,39.83,4.97875
73,83,3,18,59.34,3.296666666666667
73,83,4,6,5.38,0.8966666666666666
73,84,0,8,34.75,4.34375
73,84,1,7,23.19,3.312857142857143
73,84,2,16,48.78,3.04875
73,84,3,2,4.88,2.44
73,84,4,17,37.26,2.1917647058823526
73,87,0,4,33.7,8.425
73,87,1,16,125.95,7.871875
73,87,2,11,66.61,6.055454545454546
73,87,3,18,77.53,4.307222222222222
73,87,4,9,14.11,1.5677777777777777
73,90,0,17,142.42,8.377647058823529
73,90,1,18,137.39,7.632777777777777
73,90,2,2,11.17,5.585
73,90,3,11,50.72,4.61090909090909
73,90,4,7,6.15,0.8785714285714287
73,95,0,10,74.01,7.401000000000001
73,95,1,8,38.2,4.775
73,95,2,16,44.9,2.80625
73,95,3,1,2.26,2.26
73,95,4,8,12.43,1.55375
73,97,0,19,229.41,12.07421052631579
73,97,1,14,157.11,11.222142857142858
73,97,2,13,59.55,4.5807692307692305
73,97,3,16,23.7,1.48125
73,97,4,3,1.99,0.6633333333333333
73,99,0,17,175.85,10.344117647058823
73,99,1,17,132.38,7.787058823529412
73,99,2,20,73.41,3.6704999999999997
73,99,3,11,30.07,2.733636363636364
73,99,4,7,17.63,2.5185714285714282
82,2,0,10,21.76,2.176
82,2,1,20,42.62,2.131
82,2,2,18,26.79,1.4883333333333333
82,2,3,11,10.5,0.9545454545454546
82,2,4,1,0.46,0.46
82,3,0,10,88.05,8.805
82,3,1,10,87.44,8.744
82,3,2,19,155.69,8.19421052631579
82,3,3,14,97.01,6.929285714285714
82,3,4,15,73.47,4.898
82,5,0,15,100.02,6.668
82,5,1,3,15.61,5.203333333333333
82,5,2,13,58.27,4.4823076923076925
82,5,3,16,50.92,3.1825
82,5,4,2,2.06,1.03
82,10,0,8,41.39,5.17375
82,10,1,10,47.24,4.724
82,10,2,17,69.28,4.075294117647059
82,10,3,18,45.29,2.516111111111111
82,10,4,1,0.43,0.43
82,11,0,1,8.82,8.82
82,11,1,3,25.5,8.5
82,11,2,3,25.0,8.333333333333334
82,11,3,5,38.51,7.702
82,11,4,20,96.58,4.829
82,12,0,2,12.64,6.32
82,12,1,13,71.36,5.489230769230769
82,12,2,3,15.57,5.19
82,12,3,6,9.58,1.5966666666666667
82,12,4,6,4.41,0.735
82,14,0,10,57.2,5.720000000000001
82,14,1,11,55.66,5.06
82,14,2,7,26.08,3.7257142857142855
82,14,3,13,46.2,3.553846153846154
82,14,4,14,16.91,1.207857142857143
82,16,0,2,17.62,8.81
82,16,1,11,77.97,7.088181818181818
82,16,2,20,87.81,4.3905
82,16,3,6,21.11,3.518333333333333
82,16,4,10,32.86,3.286
82,17,0,19,96.8,5.094736842105263
82,17,1,12,57.23,4.769166666666666
82,17,2,7,28.6,4.085714285714286
82,17,3,8,30.13,3.76625
82,17,4,19,6.41,0.3373684210526316
82,24,0,10,80.35,8.035
82,24,1,18,66.2,3.677777777777778
82,24,2,8,29.32,3.665
82,24,3,9,13.85,1.5388888888888888
82,24,4,18,15.48,0.86
82,26,0,9,25.0,2.7777777777777777
82,26,1,12,21.75,1.8125
82,26,2,15,13.82,0.9213333333333333
82,26,3,2,1.77,0.885
82,26,4,4,1.85,0.4625
82,29,0,9,13.76,1.528888888888889
82,29,1,4,5.2,1.3
82,29,2,19,23.28,1.2252631578947368
82,29,3,10,9.52,0.952
82,29,4,19,15.73,0.8278947368421052
82,31,0,7,30.99,4.427142857142857
82,31,1,11,29.67,2.6972727272727273
82,31,2,15,37.23,2.4819999999999998
82,31,3,19,33.65,1.7710526315789472
82,31,4,11,15.44,1.4036363636363636
82,33,0,16,53.5,3.34375
82,33,1,16,43.09,2.693125
82,33,2,10,10.86,1.0859999999999999
82,33,3,18,17.95,0.9972222222222222
82,33,4,7,5.04,0.72
82,34,0,13,91.09,7.006923076923077
82,34,1,5,33.59,6.718000000000001
82,34,2,17,87.67,5.157058823529412
82,34,3,13,51.64,3.9723076923076923
82,34,4,18,7.6,0.4222222222222222
82,47,0,19,173.46,9.129473684210527
82,47,1,18,145.7,8.094444444444443
82,47,2,10,25.68,2.568
82,47,3,14,15.78,1.127142857142857
82,47,4,14,13.13,0.937857142857143
82,48,0,11,45.38,4.125454545454546
82,48,1,16,62.37,3.898125
82,48,2,18,54.22,3.0122222222222224
82,48,3,10,13.66,1.366
82,48,4,11,6.09,0.5536363636363636
82,49,0,15,107.54,7.169333333333333
82,49,1,19,134.06,7.055789473684211
82,49,2,3,19.12,6.373333333333334
82,49,3,19,55.21,2.9057894736842105
82,49,4,6,6.22,1.0366666666666666
82,51,0,15,109.18,7.278666666666667
82,51,1,18,112.55,6.252777777777777
82,51,2,15,62.42,4.161333333333333
82,51,3,10,21.98,2.198
82,51,4,9,19.12,2.1244444444444444
82,52,0,6,31.4,5.233333333333333
82,52,1,8,29.43,3.67875
82,52,2,3,9.47,3.1566666666666667
82,52,3,10,28.87,2.887
82,52,4,20,6.33,0.3165
82,58,0,6,36.94,6.156666666666666
82,58,1,7,41.22,5.888571428571429
82,58,2,20,117.15,5.8575
82,58,3,2,10.08,5.04
82,58,4,1,1.66,1.66
82,60,0,10,67.91,6.7909999999999995
82,60,1,19,118.45,6.234210526315789
82,60,2,12,48.61,4.050833333333333
82,60,3,7,24.87,3.552857142857143
82,60,4,5,16.34,3.268
82,62,0,5,28.56,5.712
82,62,1,13,63.13,4.8561538461538465
82,62,2,13,62.62,4.816923076923077
82,62,3,2,9.58,4.79
82,62,4,9,9.18,1.02
82,63,0,3,18.98,6.326666666666667
82,63,1,10,56.63,5.663
82,63,2,11,51.98,4.725454545454546
82,63,3,9,25.64,2.848888888888889
82,63,4,15,22.59,1.506
82,64,0,12,103.28,8.606666666666667
82,64,1,5,40.34,8.068000000000001
82,64,2,19,115.32,6.069473684210526
82,64,3,6,32.37,5.395
82,64,4,1,4.85,4.85
82,66,0,1,3.72,3.72
82,66,1,3,10.04,3.3466666666666662
82,66,2,6,16.77,2.795
82,66,3,14,33.6,2.4
82,66,4,5,2.75,0.55
82,73,0,11,31.91,2.900909090909091
82,73,1,20,40.92,2.0460000000000003
82,73,2,12,20.38,1.6983333333333333
82,73,3,2,1.35,0.675
82,73,4,13,6.18,0.47538461538461535
82,83,0,10,45.38,4.538
82,83,1,12,49.82,4.151666666666666
82,83,2,1,3.84,3.84
82,83,3,5,15.14,3.028
82,83,4,8,7.32,0.915
82,84,0,2,5.74,2.87
82,84,1,15,36.79,2.4526666666666666
82,84,2,19,45.25,2.3815789473684212
82,84,3,9,21.22,2.3577777777777778
82,84,4,13,21.12,1.6246153846153848
82,87,0,10,45.78,4.578
82,87,1,3,12.46,4.153333333333333
82,87,2,16,63.81,3.988125
82,87,3,12,41.79,3.4825
82,87,4,16,38.81,2.425625
82,90,0,2,9.67,4.835
82,90,1,15,68.17,4.544666666666667
82,90,2,1,3.83,3.83
82,90,3,13,35.08,2.6984615384615385
82,90,4,5,3.95,0.79
82,95,0,8,61.74,7.7175
82,95,1,6,28.68,4.78
82,95,2,15,30.53,2.0353333333333334
82,95,3,8,11.96,1.495
82,95,4,11,14.59,1.3263636363636364
82,97,0,1,10.06,10.06
82,97,1,10,96.7,9.67
82,97,2,18,172.39,9.577222222222222
82,97,3,11,99.78,9.07090909090909
82,97,4,4,26.95,6.7375
82,99,0,6,46.64,7.773333333333333
82,99,1,3,19.04,6.346666666666667
82,99,2,6,30.37,5.0616666666666665
82,99,3,6,25.48,4.246666666666667
82,99,4,5,16.62,3.3240000000000003
83,2,0,16,40.69,2.543125
83,2,1,16,39.29,2.455625
83,2,2,7,16.97,2.424285714285714
83,2,3,15,27.96,1.864
83,2,4,18,13.75,0.7638888888888888
83,3,0,5,32.08,6.4159999999999995
83,3,1,8,43.9,5.4875
83,3,2,10,37.19,3.719
83,3,3,6,16.69,2.7816666666666667
83,3,4,1,2.44,2.44
83,5,0,7,27.1,3.8714285714285714
83,5,1,14,31.97,2.2835714285714284
83,5,2,17,37.71,2.218235294117647
83,5,3,5,9.87,1.9739999999999998
83,5,4,17,11.31,0.6652941176470588
83,10,0,3,3.66,1.22
83,10,1,11,12.34,1.1218181818181818
83,10,2,8,5.2,0.65
83,10,3,2,0.73,0.365
83,10,4,14,3.7,0.2642857142857143
83,11,0,14,86.04,6.145714285714286
83,11,1,4,17.7,4.425
83,11,2,4,7.22,1.805
83,11,3,4,5.07,1.2675
83,11,4,17,8.71,0.5123529411764707
83,12,0,6,22.0,3.6666666666666665
83,12,1,5,11.29,2.258
83,12,2,10,18.31,1.831
83,12,3,4,5.37,1.3425
83,12,4,5,6.45,1.29
83,14,0,17,138.49,8.146470588235294
83,14,1,4,22.0,5.5
83,14,2,7,34.41,4.9157142857142855
83,14,3,12,36.89,3.0741666666666667
83,14,4,14,32.29,2.3064285714285715
83,16,0,14,66.15,4.7250000000000005
83,16,1,12,45.03,3.7525
83,16,2,15,16.27,1.0846666666666667
83,16,3,18,18.21,1.0116666666666667
83,16,4,1,0.28,0.28
83,17,0,18,96.74,5.374444444444444
83,17,1,10,46.2,4.62
83,17,2,8,27.1,3.3875
83,17,3,18,43.47,2.415
83,17,4,7,6.77,0.9671428571428571
83,24,0,15,74.01,4.934
83,24,1,5,20.99,4.1979999999999995
83,24,2,18,73.58,4.087777777777777
83,24,3,13,30.77,2.3669230769230767
83,24,4,10,12.53,1.253
83,26,0,6,4.05,0.6749999999999999
83,26,1,18,8.96,0.4977777777777778
83,26,2,16,7.35,0.459375
83,26,3,13,4.32,0.3323076923076923
83,26,4,13,2.39,0.18384615384615385
83,29,0,11,35.8,3.2545454545454544
83,29,1,8,15.54,1.9425
83,29,2,11,21.0,1.9090909090909092
83,29,3,10,5.04,0.504
83,29,4,2,0.93,0.465
83,31,0,14,74.34,5.3100000000000005
83,31,1,11,10.1,0.9181818181818181
83,31,2,4,2.83,0.7075
83,31,3,5,2.8,0.5599999999999999
83,31,4,7,3.7,0.5285714285714286
83,33,0,8,12.49,1.56125
83,33,1,2,2.83,1.415
83,33,2,3,3.72,1.24
83,33,3,19,22.95,1.2078947368421051
83,33,4,7,2.36,0.33714285714285713
83,34,0,9,59.47,6.607777777777778
83,34,1,10,63.96,6.396
83,34,2,17,69.42,4.083529411764706
83,34,3,4,14.35,3.5875
83,34,4,6,7.04,1.1733333333333333
83,47,0,13,54.06,4.158461538461538
83,47,1,2,7.98,3.99
83,47,2,11,41.27,3.751818181818182
83,47,3,10,22.81,2.2809999999999997
83,47,4,15,25.7,1.7133333333333334
83,48,0,12,36.71,3.0591666666666666
83,48,1,14,26.32,1.8800000000000001
83,48,2,8,5.52,0.69
83,48,3,13,4.69,0.3607692307692308
83,48,4,9,2.38,0.2644444444444444
83,49,0,5,15.92,3.184
83,49,1,16,42.22,2.63875
83,49,2,12,25.5,2.125
83,49,3,12,12.4,1.0333333333333334
83,49,4,8,3.03,0.37875
83,51,0,14,62.28,4.448571428571428
83,51,1,2,7.45,3.725
83,51,2,9,29.28,3.2533333333333334
83,51,3,9,5.12,0.5688888888888889
83,51,4,16,6.52,0.4075
83,52,0,3,6.35,2.1166666666666667
83,52,1,17,33.79,1.9876470588235293
83,52,2,14,11.81,0.8435714285714286
83,52,3,11,7.28,0.6618181818181819
83,52,4,3,1.14,0.37999999999999995
83,58,0,7,31.01,4.430000000000001
83,58,1,19,68.39,3.599473684210526
83,58,2,15,50.58,3.372
83,58,3,19,58.4,3.0736842105263156
83,58,4,16,21.2,1.325
83,60,0,8,14.49,1.81125
83,60,1,7,5.96,0.8514285714285714
83,60,2,19,5.86,0.308421052631579
83,60,3,17,4.24,0.24941176470588236
83,60,4,8,1.98,0.2475
83,62,0,19,71.52,3.7642105263157895
83,62,1,13,37.45,2.880769230769231
83,62,2,9,23.6,2.6222222222222222
83,62,3,3,7.8,2.6
83,62,4,8,6.1,0.7625
83,63,0,17,35.7,2.1
83,63,1,13,19.63,1.51
83,63,2,8,10.84,1.355
83,63,3,2,2.41,1.205
83,63,4,16,18.59,1.161875
83,64,0,6,38.49,6.415
83,64,1,16,76.6,4.7875
83,64,2,17,75.59,4.446470588235294
83,64,3,17,23.03,1.3547058823529412
83,64,4,18,16.13,0.8961111111111111
83,66,0,11,19.67,1.7881818181818183
83,66,1,17,19.44,1.143529411764706
83,66,2,11,11.29,1.0263636363636364
83,66,3,15,8.61,0.574
83,66,4,9,0.87,0.09666666666666666
83,73,0,6,27.42,4.57
83,73,1,16,61.07,3.816875
83,73,2,3,9.92,3.3066666666666666
83,73,3,3,8.86,2.953333333333333
83,73,4,8,7.78,0.9725
83,82,0,1,2.96,2.96
83,82,1,16,33.16,2.0725
83,82,2,13,23.68,1.8215384615384616
83,82,3,17,20.38,1.1988235294117646
83,82,4,3,3.12,1.04
83,84,0,7,31.47,4.4957142857142856
83,84,1,6,22.08,3.6799999999999997
83,84,2,6,21.44,3.5733333333333337
83,84,3,5,12.29,2.4579999999999997
83,84,4,2,4.66,2.33
83,87,0,18,28.16,1.5644444444444445
83,87,1,3,3.12,1.04
83,87,2,19,13.67,0.7194736842105263
83,87,3,19,10.22,0.5378947368421053
83,87,4,4,1.53,0.3825
83,90,0,19,123.35,6.492105263157894
83,90,1,16,78.14,4.88375
83,90,2,17,73.75,4.338235294117647
83,90,3,19,39.89,2.099473684210526
83,90,4,17,27.89,1.6405882352941177
83,95,0,18,82.33,4.573888888888889
83,95,1,20,89.37,4.468500000000001
83,95,2,14,58.93,4.2092857142857145
83,95,3,11,27.95,2.540909090909091
83,95,4,13,15.22,1.1707692307692308
83,97,0,4,19.3,4.825
83,97,1,7,29.43,4.204285714285715
83,97,2,2,4.54,2.27
83,97,3,6,9.28,1.5466666666666666
83,97,4,2,2.41,1.205
83,99,0,3,19.24,6.413333333333333
83,99,1,13,75.03,5.771538461538461
83,99,2,14,44.74,3.1957142857142857
83,99,3,5,14.36,2.872
83,99,4,16,22.06,1.37875
84,2,0,11,30.41,2.7645454545454546
84,2,1,19,49.37,2.5984210526315787
84,2,2,4,3.74,0.935
84,2,3,5,4.5,0.9
84,2,4,5,1.8,0.36
84,3,0,11,112.49,10.226363636363637
84,3,1,8,77.88,9.735
84,3,2,1,7.89,7.89
84,3,3,16,69.98,4.37375
84,3,4,14,10.49,0.7492857142857143
84,5,0,4,36.96,9.24
84,5,1,15,77.14,5.142666666666667
84,5,2,4,19.76,4.94
84,5,3,7,11.22,1.602857142857143
84,5,4,19,23.46,1.2347368421052631
84,10,0,20,134.4,6.720000000000001
84,10,1,2,8.84,4.42
84,10,2,2,7.0,3.5
84,10,3,20,43.7,2.185
84,10,4,19,25.58,1.3463157894736841
84,11,0,2,21.57,10.785
84,11,1,17,92.75,5.455882352941177
84,11,2,19,99.14,5.217894736842105
84,11,3,3,6.33,2.11
84,11,4,7,7.35,1.05
84,12,0,15,124.98,8.332
84,12,1,17,122.08,7.181176470588235
84,12,2,15,104.47,6.964666666666667
84,12,3,12,76.46,6.371666666666666
84,12,4,12,49.99,4.1658333333333335
84,14,0,9,100.69,11.187777777777777
84,14,1,9,40.93,4.547777777777778
84,14,2,15,52.24,3.482666666666667
84,14,3,4,8.01,2.0025
84,14,4,6,5.32,0.8866666666666667
84,16,0,14,134.05,9.575000000000001
84,16,1,17,153.14,9.008235294117647
84,16,2,2,10.79,5.395
84,16,3,5,24.85,4.970000000000001
84,16,4,19,41.99,2.21
84,17,0,11,102.57,9.324545454545454
84,17,1,17,129.99,7.646470588235295
84,17,2,13,54.69,4.2069230769230765
84,17,3,17,67.9,3.994117647058824
84,17,4,3,3.99,1.33
84,24,0,20,181.21,9.060500000000001
84,24,1,6,50.63,8.438333333333334
84,24,2,5,39.86,7.9719999999999995
84,24,3,11,75.43,6.857272727272728
84,24,4,20,46.1,2.305
84,26,0,3,15.85,5.283333333333333
84,26,1,11,50.99,4.635454545454546
84,26,2,12,41.88,3.49
84,26,3,12,31.17,2.5975
84,26,4,7,6.45,0.9214285714285715
84,29,0,3,11.11,3.703333333333333
84,29,1,12,28.42,2.3683333333333336
84,29,2,4,8.31,2.0775
84,29,3,6,3.89,0.6483333333333333
84,29,4,13,4.34,0.33384615384615385
84,31,0,18,153.16,8.508888888888889
84,31,1,13,44.98,3.46
84,31,2,16,51.49,3.218125
84,31,3,16,31.68,1.98
84,31,4,9,13.56,1.5066666666666668
84,33,0,4,10.02,2.505
84,33,1,2,4.5,2.25
84,33,2,11,19.99,1.8172727272727272
84,33,3,7,3.85,0.55
84,33,4,3,1.35,0.45
84,34,0,13,127.92,9.84
84,34,1,8,66.55,8.31875
84,34,2,5,37.97,7.593999999999999
84,34,3,15,97.27,6.484666666666667
84,34,4,18,13.41,0.745
84,47,0,20,147.37,7.3685
84,47,1,5,32.08,6.4159999999999995
84,47,2,6,38.06,6.343333333333334
84,47,3,13,53.75,4.134615384615385
84,47,4,7,13.24,1.8914285714285715
84,48,0,10,53.6,5.36
84,48,1,20,101.64,5.082
84,48,2,8,26.33,3.29125
84,48,3,1,1.22,1.22
84,48,4,5,2.07,0.414
84,49,0,2,17.77,8.885
84,49,1,16,78.64,4.915
84,49,2,19,60.46,3.182105263157895
84,49,3,15,38.9,2.5933333333333333
84,49,4,16,12.57,0.785625
84,51,0,18,152.38,8.465555555555556
84,51,1,5,37.11,7.422
84,51,2,13,18.32,1.4092307692307693
84,51,3,16,12.22,0.76375
84,51,4,10,4.96,0.496
84,52,0,18,85.4,4.7444444444444445
84,52,1,9,29.06,3.2288888888888887
84,52,2,16,34.03,2.126875
84,52,3,10,20.87,2.087
84,52,4,1,1.74,1.74
84,58,0,2,15.65,7.825
84,58,1,17,122.31,7.194705882352942
84,58,2,4,21.68,5.42
84,58,3,5,20.82,4.164
84,58,4,16,48.17,3.010625
84,60,0,5,41.43,8.286
84,60,1,6,40.93,6.821666666666666
84,60,2,10,38.27,3.8270000000000004
84,60,3,18,33.69,1.8716666666666666
84,60,4,2,1.88,0.94
84,62,0,2,16.94,8.47
84,62,1,15,104.38,6.958666666666667
84,62,2,7,47.34,6.762857142857143
84,62,3,4,19.85,4.9625
84,62,4,11,38.14,3.4672727272727273
84,63,0,2,14.42,7.21
84,63,1,12,65.29,5.440833333333334
84,63,2,16,62.87,3.929375
84,63,3,20,69.19,3.4595
84,63,4,10,19.3,1.9300000000000002
84,64,0,2,23.51,11.755
84,64,1,6,48.74,8.123333333333333
84,64,2,3,19.76,6.586666666666667
84,64,3,3,9.07,3.0233333333333334
84,64,4,7,13.08,1.8685714285714285
84,66,0,13,56.55,4.35
84,66,1,16,47.12,2.945
84,66,2,20,44.61,2.2305
84,66,3,11,12.72,1.1563636363636365
84,66,4,10,9.88,0.9880000000000001
84,73,0,7,20.75,2.9642857142857144
84,73,1,18,52.66,2.9255555555555555
84,73,2,17,42.25,2.485294117647059
84,73,3,12,9.23,0.7691666666666667
84,73,4,9,6.75,0.75
84,82,0,10,29.39,2.939
84,82,1,8,22.75,2.84375
84,82,2,17,44.62,2.624705882352941
84,82,3,11,24.89,2.2627272727272727
84,82,4,13,15.43,1.186923076923077
84,83,0,1,5.22,5.22
84,83,1,18,92.04,5.113333333333333
84,83,2,13,44.52,3.424615384615385
84,83,3,20,63.72,3.186
84,83,4,5,9.36,1.8719999999999999
84,87,0,11,52.1,4.736363636363636
84,87,1,11,48.23,4.384545454545454
84,87,2,6,16.4,2.733333333333333
84,87,3,16,30.44,1.9025
84,87,4,13,18.15,1.396153846153846
84,90,0,3,26.6,8.866666666666667
84,90,1,4,29.86,7.465
84,90,2,3,21.52,7.173333333333333
84,90,3,6,27.08,4.513333333333333
84,90,4,11,24.42,2.22
84,95,0,19,211.89,11.152105263157894
84,95,1,20,179.11,8.9555
84,95,2,16,57.75,3.609375
84,95,3,12,34.86,2.905
84,95,4,4,6.4,1.6
84,97,0,10,108.52,10.852
84,97,1,20,193.72,9.686
84,97,2,2,7.12,3.56
84,97,3,6,15.54,2.59
84,97,4,10,23.92,2.3920000000000003
84,99,0,19,163.05,8.581578947368422
84,99,1,19,133.56,7.029473684210527
84,99,2,8,29.73,3.71625
84,99,3,15,43.37,2.8913333333333333
84,99,4,13,8.87,0.6823076923076923
87,2,0,17,61.96,3.644705882352941
87,2,1,8,27.02,3.3775
87,2,2,7,20.46,2.922857142857143
87,2,3,17,12.15,0.7147058823529412
87,2,4,6,3.8,0.6333333333333333
87,3,0,4,20.27,5.0675
87,3,1,8,33.13,4.14125
87,3,2,1,3.75,3.75
87,3,3,6,19.94,3.3233333333333337
87,3,4,8,8.21,1.02625
87,5,0,12,37.11,3.0925
87,5,1,20,60.17,3.0085
87,5,2,5,11.3,2.2600000000000002
87,5,3,13,26.67,2.0515384615384615
87,5,4,1,1.72,1.72
87,10,0,20,14.92,0.746
87,10,1,16,9.14,0.57125
87,10,2,7,3.95,0.5642857142857143
87,10,3,16,6.69,0.418125
87,10,4,6,0.79,0.13166666666666668
87,11,0,14,56.89,4.063571428571429
87,11,1,16,47.75,2.984375
87,11,2,13,27.09,2.083846153846154
87,11,3,10,6.18,0.618
87,11,4,4,1.98,0.495
87,12,0,9,14.83,1.6477777777777778
87,12,1,17,26.69,1.57
87,12,2,13,9.12,0.7015384615384614
87,12,3,7,4.68,0.6685714285714285
87,12,4,9,2.41,0.2677777777777778
87,14,0,17,67.56,3.9741176470588235
87,14,1,3,10.78,3.5933333333333333
87,14,2,7,21.83,3.1185714285714283
87,14,3,16,12.29,0.768125
87,14,4,11,8.35,0.759090909090909
87,16,0,5,19.95,3.9899999999999998
87,16,1,15,57.18,3.812
87,16,2,15,54.28,3.618666666666667
87,16,3,3,5.34,1.78
87,16,4,16,21.59,1.349375
87,17,0,5,16.23,3.246
87,17,1,15,43.0,2.8666666666666667
87,17,2,13,33.37,2.566923076923077
87,17,3,15,23.19,1.546
87,17,4,20,12.17,0.6085
87,24,0,15,50.32,3.3546666666666667
87,24,1,3,9.03,3.01
87,24,2,10,21.92,2.192
87,24,3,15,30.63,2.042
87,24,4,9,2.79,0.31
87,26,0,20,34.66,1.7329999999999999
87,26,1,10,17.13,1.7129999999999999
87,26,2,11,14.31,1.300909090909091
87,26,3,4,4.43,1.1075
87,26,4,15,11.48,0.7653333333333333
87,29,0,7,27.14,3.8771428571428572
87,29,1,19,60.56,3.1873684210526316
87,29,2,7,12.84,1.8342857142857143
87,29,3,5,2.18,0.43600000000000005
87,29,4,20,4.66,0.233
87,31,0,9,39.24,4.36
87,31,1,1,4.22,4.22
87,31,2,19,60.49,3.183684210526316
87,31,3,16,28.72,1.795
87,31,4,12,21.04,1.7533333333333332
87,33,0,13,45.46,3.496923076923077
87,33,1,9,27.13,3.0144444444444445
87,33,2,4,6.24,1.56
87,33,3,2,2.39,1.195
87,33,4,12,9.24,0.77
87,34,0,3,14.74,4.913333333333333
87,34,1,11,52.21,4.746363636363636
87,34,2,5,22.28,4.456
87,34,3,3,9.0,3.0
87,34,4,1,2.47,2.47
87,47,0,11,31.44,2.8581818181818184
87,47,1,8,17.51,2.18875
87,47,2,4,8.48,2.12
87,47,3,4,7.21,1.8025
87,47,4,9,4.87,0.5411111111111111
87,48,0,5,9.47,1.8940000000000001
87,48,1,20,37.35,1.8675000000000002
87,48,2,4,5.61,1.4025
87,48,3,14,13.32,0.9514285714285714
87,48,4,16,3.71,0.231875
87,49,0,17,50.64,2.978823529411765
87,49,1,7,20.73,2.9614285714285713
87,49,2,1,2.67,2.67
87,49,3,3,4.33,1.4433333333333334
87,49,4,6,4.14,0.69
87,51,0,14,35.08,2.505714285714286
87,51,1,3,6.26,2.0866666666666664
87,51,2,4,6.17,1.5425
87,51,3,13,14.83,1.1407692307692308
87,51,4,14,13.59,0.9707142857142858
87,52,0,6,5.27,0.8783333333333333
87,52,1,2,1.63,0.815
87,52,2,11,6.61,0.600909090909091
87,52,3,4,1.65,0.4125
87,52,4,11,1.81,0.16454545454545455
87,58,0,5,18.86,3.772
87,58,1,9,32.88,3.6533333333333338
87,58,2,17,46.75,2.75
87,58,3,6,12.88,2.146666666666667
87,58,4,5,1.72,0.344
87,60,0,11,17.96,1.6327272727272728
87,60,1,19,17.52,0.9221052631578948
87,60,2,8,7.21,0.90125
87,60,3,1,0.64,0.64
87,60,4,3,0.72,0.24
87,62,0,13,12.86,0.9892307692307691
87,62,1,14,10.15,0.725
87,62,2,12,5.37,0.4475
87,62,3,4,1.46,0.365
87,62,4,3,0.63,0.21
87,63,0,7,7.99,1.1414285714285715
87,63,1,2,2.09,1.045
87,63,2,1,0.88,0.88
87,63,3,11,7.33,0.6663636363636364
87,63,4,11,2.26,0.20545454545454545
87,64,0,12,71.58,5.965
87,64,1,20,66.24,3.312
87,64,2,11,36.17,3.2881818181818185
87,64,3,6,14.29,2.3816666666666664
87,64,4,20,42.17,2.1085000000000003
87,66,0,3,4.27,1.4233333333333331
87,66,1,12,17.0,1.4166666666666667
87,66,2,12,16.13,1.3441666666666665
87,66,3,20,24.57,1.2285
87,66,4,11,6.87,0.6245454545454545
87,73,0,2,13.43,6.715
87,73,1,12,64.14,5.345
87,73,2,18,64.58,3.5877777777777777
87,73,3,10,25.29,2.529
87,73,4,9,8.94,0.9933333333333333
87,82,0,19,97.22,5.116842105263157
87,82,1,7,31.99,4.569999999999999
87,82,2,9,39.99,4.443333333333333
87,82,3,7,10.21,1.4585714285714286
87,82,4,19,26.19,1.378421052631579
87,83,0,6,8.68,1.4466666666666665
87,83,1,15,13.9,0.9266666666666666
87,83,2,17,13.31,0.7829411764705883
87,83,3,12,9.21,0.7675000000000001
87,83,4,5,1.32,0.264
87,84,0,1,6.17,6.17
87,84,1,10,41.48,4.148
87,84,2,10,29.36,2.936
87,84,3,2,4.99,2.495
87,84,4,11,4.0,0.36363636363636365
87,90,0,2,9.87,4.935
87,90,1,3,13.41,4.47
87,90,2,2,5.98,2.99
87,90,3,16,36.08,2.255
87,90,4,10,15.82,1.582
87,95,0,19,70.83,3.727894736842105
87,95,1,3,8.63,2.876666666666667
87,95,2,9,21.2,2.3555555555555556
87,95,3,6,10.72,1.7866666666666668
87,95,4,12,5.38,0.4483333333333333
87,97,0,8,28.97,3.62125
87,97,1,9,26.33,2.9255555555555555
87,97,2,10,18.66,1.866
87,97,3,12,12.14,1.0116666666666667
87,97,4,18,7.4,0.41111111111111115
87,99,0,1,4.63,4.63
87,99,1,8,26.64,3.33
87,99,2,14,28.93,2.0664285714285713
87,99,3,5,7.3,1.46
87,99,4,11,4.61,0.4190909090909091
90,2,0,6,50.3,8.383333333333333
90,2,1,1,4.56,4.56
90,2,2,12,27.45,2.2875
90,2,3,12,20.66,1.7216666666666667
90,2,4,9,10.0,1.1111111111111112
90,3,0,1,0.73,0.73
90,3,1,9,6.3,0.7
90,3,2,2,1.22,0.61
90,3,3,4,2.05,0.5125
90,3,4,14,7.13,0.5092857142857142
90,5,0,20,69.06,3.4530000000000003
90,5,1,4,9.01,2.2525
90,5,2,12,14.79,1.2325
90,5,3,6,6.29,1.0483333333333333
90,5,4,14,5.76,0.4114285714285714
90,10,0,4,24.01,6.0025
90,10,1,20,94.33,4.7165
90,10,2,17,75.59,4.446470588235294
90,10,3,6,25.2,4.2
90,10,4,10,6.91,0.6910000000000001
90,11,0,13,3.58,0.2753846153846154
90,11,1,5,1.06,0.21200000000000002
90,11,2,11,2.03,0.18454545454545454
90,11,3,18,3.18,0.17666666666666667
90,11,4,17,1.98,0.11647058823529412
90,12,0,17,38.8,2.2823529411764705
90,12,1,17,37.13,2.1841176470588235
90,12,2,2,4.15,2.075
90,12,3,15,29.04,1.936
90,12,4,18,29.18,1.6211111111111112
90,14,0,15,12.65,0.8433333333333334
90,14,1,20,16.63,0.8314999999999999
90,14,2,3,1.79,0.5966666666666667
90,14,3,15,5.86,0.39066666666666666
90,14,4,15,4.35,0.29
90,16,0,15,44.45,2.9633333333333334
90,16,1,8,21.71,2.71375
90,16,2,7,18.13,2.59
90,16,3,20,50.9,2.545
90,16,4,7,12.69,1.8128571428571427
90,17,0,20,32.7,1.6350000000000002
90,17,1,8,11.63,1.45375
90,17,2,19,20.93,1.101578947368421
90,17,3,18,16.35,0.9083333333333334
90,17,4,14,2.1,0.15
90,24,0,14,46.23,3.302142857142857
90,24,1,20,56.15,2.8075
90,24,2,4,5.66,1.415
90,24,3,3,0.99,0.33
90,24,4,9,2.44,0.2711111111111111
90,26,0,10,73.64,7.364
90,26,1,6,23.09,3.848333333333333
90,26,2,9,29.05,3.227777777777778
90,26,3,6,10.78,1.7966666666666666
90,26,4,17,16.03,0.9429411764705883
90,29,0,6,44.15,7.358333333333333
90,29,1,18,95.47,5.303888888888888
90,29,2,19,72.91,3.8373684210526315
90,29,3,4,5.08,1.27
90,29,4,17,12.06,0.7094117647058824
90,31,0,12,18.06,1.505
90,31,1,13,17.76,1.3661538461538463
90,31,2,7,8.09,1.1557142857142857
90,31,3,2,1.21,0.605
90,31,4,18,8.78,0.48777777777777775
90,33,0,11,76.3,6.9363636363636365
90,33,1,18,115.23,6.401666666666667
90,33,2,3,13.25,4.416666666666667
90,33,3,5,19.42,3.8840000000000003
90,33,4,9,25.64,2.848888888888889
90,34,0,20,21.95,1.0975
90,34,1,6,6.33,1.055
90,34,2,1,0.68,0.68
90,34,3,16,10.06,0.62875
90,34,4,5,2.72,0.544
90,47,0,6,23.46,3.91
90,47,1,11,38.9,3.536363636363636
90,47,2,5,17.06,3.412
90,47,3,18,51.65,2.8694444444444445
90,47,4,7,4.32,0.6171428571428572
90,48,0,2,8.06,4.03
90,48,1,9,30.54,3.393333333333333
90,48,2,11,20.53,1.8663636363636364
90,48,3,17,12.07,0.71
90,48,4,11,3.23,0.29363636363636364
90,49,0,14,39.05,2.789285714285714
90,49,1,4,10.58,2.645
90,49,2,9,13.52,1.5022222222222221
90,49,3,18,21.87,1.215
90,49,4,7,8.42,1.2028571428571428
90,51,0,2,2.97,1.485
90,51,1,18,22.38,1.2433333333333332
90,51,2,5,5.71,1.142
90,51,3,5,5.11,1.022
90,51,4,17,12.17,0.7158823529411764
90,52,0,2,8.98,4.49
90,52,1,2,7.69,3.845
90,52,2,2,7.64,3.82
90,52,3,19,50.79,2.673157894736842
90,52,4,15,17.36,1.1573333333333333
90,58,0,17,49.82,2.9305882352941177
90,58,1,16,38.26,2.39125
90,58,2,13,15.91,1.2238461538461538
90,58,3,9,8.12,0.9022222222222221
90,58,4,20,14.42,0.721
90,60,0,11,54.3,4.9363636363636365
90,60,1,17,83.56,4.915294117647059
90,60,2,1,3.97,3.97
90,60,3,11,36.02,3.274545454545455
90,60,4,14,39.49,2.8207142857142857
90,62,0,2,4.99,2.495
90,62,1,1,2.19,2.19
90,62,2,15,20.26,1.3506666666666667
90,62,3,5,6.69,1.338
90,62,4,10,13.17,1.317
90,63,0,1,5.37,5.37
90,63,1,12,57.28,4.773333333333333
90,63,2,19,58.21,3.063684210526316
90,63,3,17,40.38,2.375294117647059
90,63,4,15,18.5,1.2333333333333334
90,64,0,17,14.38,0.8458823529411765
90,64,1,18,14.0,0.7777777777777778
90,64,2,6,3.79,0.6316666666666667
90,64,3,19,10.07,0.53
90,64,4,7,0.99,0.14142857142857143
90,66,0,8,35.91,4.48875
90,66,1,11,48.39,4.399090909090909
90,66,2,20,69.59,3.4795000000000003
90,66,3,10,17.81,1.781
90,66,4,12,18.2,1.5166666666666666
90,73,0,18,199.58,11.087777777777779
90,73,1,3,28.59,9.53
90,73,2,20,157.53,7.8765
90,73,3,5,35.79,7.1579999999999995
90,73,4,17,108.11,6.359411764705882
90,82,0,1,7.19,7.19
90,82,1,13,93.41,7.185384615384615
90,82,2,9,59.83,6.647777777777778
90,82,3,5,18.96,3.7920000000000003
90,82,4,20,50.92,2.5460000000000003
90,83,0,4,30.89,7.7225
90,83,1,1,3.56,3.56
90,83,2,15,26.55,1.77
90,83,3,8,12.42,1.5525
90,83,4,7,8.36,1.1942857142857142
90,84,0,11,64.24,5.84
90,84,1,18,104.75,5.819444444444445
90,84,2,17,92.52,5.442352941176471
90,84,3,18,82.96,4.608888888888888
90,84,4,20,27.52,1.376
90,87,0,2,11.99,5.995
90,87,1,16,76.52,4.7825
90,87,2,12,50.55,4.2124999999999995
90,87,3,11,34.13,3.102727272727273
90,87,4,10,29.39,2.939
90,95,0,5,0.83,0.16599999999999998
90,95,1,2,0.22,0.11
90,95,2,8,0.83,0.10375
90,95,3,1,0.06,0.06
90,95,4,9,0.39,0.043333333333333335
90,97,0,7,39.46,5.637142857142857
90,97,1,3,8.27,2.7566666666666664
90,97,2,10,27.39,2.739
90,97,3,14,19.28,1.3771428571428572
90,97,4,7,2.18,0.31142857142857144
90,99,0,19,20.85,1.0973684210526315
90,99,1,20,17.13,0.8564999999999999
90,99,2,8,5.07,0.63375
90,99,3,6,2.75,0.4583333333333333
90,99,4,18,6.98,0.3877777777777778
95,2,0,4,33.7,8.425
95,2,1,4,30.47,7.6175
95,2,2,15,47.86,3.1906666666666665
95,2,3,19,46.41,2.4426315789473683
95,2,4,17,40.33,2.3723529411764703
95,3,0,6,4.85,0.8083333333333332
95,3,1,3,1.99,0.6633333333333333
95,3,2,19,9.66,0.508421052631579
95,3,3,18,6.44,0.3577777777777778
95,3,4,7,1.84,0.26285714285714284
95,5,0,17,64.09,3.77
95,5,1,3,7.3,2.433333333333333
95,5,2,19,33.48,1.7621052631578946
95,5,3,3,1.02,0.34
95,5,4,3,0.75,0.25
95,10,0,18,111.54,6.196666666666667
95,10,1,10,42.69,4.269
95,10,2,19,69.58,3.6621052631578945
95,10,3,18,29.56,1.6422222222222222
95,10,4,2,1.67,0.835
95,11,0,14,4.07,0.29071428571428576
95,11,1,10,2.75,0.275
95,11,2,6,0.85,0.14166666666666666
95,11,3,16,0.97,0.060625
95,11,4,20,0.68,0.034
95,12,0,5,17.79,3.558
95,12,1,13,41.16,3.166153846153846
95,12,2,5,12.4,2.48
95,12,3,7,14.29,2.0414285714285714
95,12,4,4,5.53,1.3825
95,14,0,14,9.05,0.6464285714285715
95,14,1,1,0.26,0.26
95,14,2,2,0.4,0.2
95,14,3,10,1.9,0.19
95,14,4,8,0.92,0.115
95,16,0,8,24.1,3.0125
95,16,1,11,32.64,2.9672727272727273
95,16,2,15,28.08,1.8719999999999999
95,16,3,1,0.42,0.42
95,16,4,9,1.58,0.17555555555555558
95,17,0,18,33.9,1.8833333333333333
95,17,1,8,11.93,1.49125
95,17,2,10,13.37,1.337
95,17,3,15,17.54,1.1693333333333333
95,17,4,4,3.17,0.7925
95,24,0,19,63.85,3.360526315789474
95,24,1,1,2.46,2.46
95,24,2,1,2.43,2.43
95,24,3,9,20.12,2.2355555555555555
95,24,4,15,21.82,1.4546666666666668
95,26,0,6,47.03,7.838333333333334
95,26,1,6,32.04,5.34
95,26,2,7,27.28,3.8971428571428572
95,26,3,5,5.11,1.022
95,26,4,11,9.75,0.8863636363636364
95,29,0,1,7.3,7.3
95,29,1,19,137.15,7.218421052631579
95,29,2,16,114.65,7.165625
95,29,3,19,83.44,4.391578947368421
95,29,4,11,28.72,2.610909090909091
95,31,0,4,6.26,1.565
95,31,1,17,18.73,1.101764705882353
95,31,2,6,4.68,0.7799999999999999
95,31,3,14,9.37,0.6692857142857143
95,31,4,2,0.96,0.48
95,33,0,9,51.42,5.713333333333334
95,33,1,9,33.83,3.7588888888888885
95,33,2,6,22.08,3.6799999999999997
95,33,3,12,33.64,2.8033333333333332
95,33,4,14,38.96,2.782857142857143
95,34,0,8,9.52,1.19
95,34,1,8,7.5,0.9375
95,34,2,9,6.28,0.6977777777777778
95,34,3,1,0.38,0.38
95,34,4,7,2.49,0.35571428571428576
95,47,0,19,89.06,4.687368421052632
95,47,1,2,8.21,4.105
95,47,2,11,27.84,2.5309090909090908
95,47,3,11,10.75,0.9772727272727273
95,47,4,11,2.58,0.23454545454545456
95,48,0,2,10.01,5.005
95,48,1,5,24.86,4.9719999999999995
95,48,2,9,33.81,3.756666666666667
95,48,3,7,14.16,2.0228571428571427
95,48,4,19,16.77,0.8826315789473684
95,49,0,3,10.11,3.3699999999999997
95,49,1,9,20.83,2.3144444444444443
95,49,2,1,1.31,1.31
95,49,3,7,8.57,1.2242857142857144
95,49,4,19,21.47,1.13
95,51,0,5,13.54,2.7079999999999997
95,51,1,3,7.89,2.63
95,51,2,20,38.57,1.9285
95,51,3,1,1.38,1.38
95,51,4,3,0.51,0.17
95,52,0,11,54.25,4.931818181818182
95,52,1,20,84.37,4.218500000000001
95,52,2,8,30.48,3.81
95,52,3,15,18.43,1.2286666666666666
95,52,4,17,15.17,0.8923529411764706
95,58,0,11,28.49,2.59
95,58,1,20,47.21,2.3605
95,58,2,6,10.12,1.6866666666666665
95,58,3,3,4.77,1.5899999999999999
95,58,4,12,13.64,1.1366666666666667
95,60,0,20,102.66,5.133
95,60,1,10,29.73,2.973
95,60,2,17,31.71,1.8652941176470588
95,60,3,10,14.92,1.492
95,60,4,1,1.17,1.17
95,62,0,2,7.29,3.645
95,62,1,9,31.32,3.48
95,62,2,9,21.0,2.3333333333333335
95,62,3,8,13.18,1.6475
95,62,4,9,13.56,1.5066666666666668
95,63,0,9,39.07,4.341111111111111
95,63,1,9,34.7,3.855555555555556
95,63,2,1,3.44,3.44
95,63,3,2,6.64,3.32
95,63,4,20,44.4,2.2199999999999998
95,64,0,17,15.27,0.898235294117647
95,64,1,10,7.6,0.76
95,64,2,6,4.42,0.7366666666666667
95,64,3,3,0.71,0.23666666666666666
95,64,4,10,0.79,0.079
95,66,0,5,20.35,4.07
95,66,1,19,64.54,3.396842105263158
95,66,2,2,5.71,2.855
95,66,3,15,36.01,2.4006666666666665
95,66,4,9,6.02,0.6688888888888889
95,73,0,16,175.2,10.95
95,73,1,20,195.09,9.7545
95,73,2,18,81.96,4.553333333333333
95,73,3,19,57.14,3.0073684210526315
95,73,4,20,51.73,2.5865
95,82,0,19,154.44,8.128421052631579
95,82,1,2,15.44,7.72
95,82,2,5,32.64,6.5280000000000005
95,82,3,5,9.17,1.834
95,82,4,14,21.74,1.5528571428571427
95,83,0,14,91.11,6.507857142857143
95,83,1,5,32.52,6.5040000000000004
95,83,2,3,18.93,6.31
95,83,3,10,14.43,1.443
95,83,4,3,1.41,0.47
95,84,0,15,114.97,7.664666666666666
95,84,1,18,135.79,7.543888888888889
95,84,2,1,4.42,4.42
95,84,3,18,67.87,3.7705555555555557
95,84,4,9,23.77,2.641111111111111
95,87,0,2,11.46,5.73
95,87,1,16,90.47,5.654375
95,87,2,20,77.05,3.8525
95,87,3,15,49.54,3.3026666666666666
95,87,4,16,37.81,2.363125
95,90,0,1,0.15,0.15
95,90,1,18,2.67,0.14833333333333332
95,90,2,17,1.57,0.0923529411764706
95,90,3,9,0.52,0.05777777777777778
95,90,4,18,0.33,0.018333333333333333
95,97,0,16,77.79,4.861875
95,97,1,20,96.86,4.843
95,97,2,20,81.2,4.0600000000000005
95,97,3,10,22.67,2.2670000000000003
95,97,4,8,9.37,1.17125
95,99,0,12,17.12,1.4266666666666667
95,99,1,20,13.85,0.6925
95,99,2,5,3.28,0.6559999999999999
95,99,3,14,2.86,0.20428571428571426
95,99,4,18,3.33,0.185
97,2,0,19,95.86,5.045263157894737
97,2,1,18,54.63,3.035
97,2,2,1,2.58,2.58
97,2,3,11,25.57,2.3245454545454547
97,2,4,7,11.74,1.6771428571428573
97,3,0,4,17.92,4.48
97,3,1,12,46.26,3.855
97,3,2,6,20.54,3.4233333333333333
97,3,3,17,45.58,2.6811764705882353
97,3,4,12,5.65,0.4708333333333334
97,5,0,11,20.04,1.8218181818181818
97,5,1,5,7.21,1.442
97,5,2,4,5.54,1.385
97,5,3,12,6.64,0.5533333333333333
97,5,4,20,2.4,0.12
97,10,0,2,8.14,4.07
97,10,1,2,5.94,2.97
97,10,2,14,13.19,0.9421428571428571
97,10,3,3,2.48,0.8266666666666667
97,10,4,17,6.13,0.36058823529411765
97,11,0,20,93.95,4.6975
97,11,1,19,73.2,3.8526315789473684
97,11,2,10,33.85,3.3850000000000002
97,11,3,11,12.16,1.1054545454545455
97,11,4,7,5.84,0.8342857142857143
97,12,0,13,40.04,3.08
97,12,1,8,24.32,3.04
97,12,2,17,35.37,2.0805882352941176
97,12,3,20,38.39,1.9195
97,12,4,3,1.11,0.37000000000000005
97,14,0,18,92.71,5.150555555555555
97,14,1,20,95.83,4.7915
97,14,2,10,24.74,2.4739999999999998
97,14,3,11,15.72,1.4290909090909092
97,14,4,2,2.6,1.3
97,16,0,4,7.8,1.95
97,16,1,15,20.47,1.3646666666666667
97,16,2,19,18.33,0.9647368421052631
97,16,3,15,8.74,0.5826666666666667
97,16,4,11,0.98,0.0890909090909091
97,17,0,1,1.8,1.8
97,17,1,2,3.02,1.51
97,17,2,14,15.04,1.0742857142857143
97,17,3,19,19.86,1.045263157894737
97,17,4,14,9.49,0.6778571428571428
97,24,0,11,26.56,2.4145454545454546
97,24,1,8,11.8,1.475
97,24,2,13,10.85,0.8346153846153845
97,24,3,11,6.71,0.61
97,24,4,7,1.87,0.2671428571428572
97,26,0,13,59.2,4.553846153846154
97,26,1,2,7.31,3.655
97,26,2,2,6.61,3.305
97,26,3,16,26.69,1.668125
97,26,4,14,16.31,1.1649999999999998
97,29,0,19,123.25,6.4868421052631575
97,29,1,18,83.85,4.658333333333333
97,29,2,5,22.51,4.502000000000001
97,29,3,13,53.86,4.143076923076923
97,29,4,19,17.01,0.8952631578947369
97,31,0,18,75.16,4.1755555555555555
97,31,1,12,41.67,3.4725
97,31,2,12,33.79,2.8158333333333334
97,31,3,4,10.04,2.51
97,31,4,7,3.98,0.5685714285714286
97,33,0,19,98.31,5.17421052631579
97,33,1,20,89.95,4.4975000000000005
97,33,2,15,53.6,3.5733333333333333
97,33,3,6,13.37,2.228333333333333
97,33,4,11,11.44,1.04
97,34,0,7,36.88,5.268571428571429
97,34,1,16,77.79,4.861875
97,34,2,3,8.94,2.98
97,34,3,2,5.36,2.68
97,34,4,8,1.82,0.2275
97,47,0,5,5.76,1.152
97,47,1,20,18.88,0.944
97,47,2,5,3.1,0.62
97,47,3,3,0.9,0.3
97,47,4,19,1.1,0.05789473684210527
97,48,0,8,46.35,5.79375
97,48,1,5,26.68,5.336
97,48,2,3,10.43,3.4766666666666666
97,48,3,20,46.78,2.339
97,48,4,6,9.5,1.5833333333333333
97,49,0,6,14.91,2.485
97,49,1,1,2.13,2.13
97,49,2,8,12.54,1.5675
97,49,3,6,9.31,1.5516666666666667
97,49,4,20,22.09,1.1045
97,51,0,6,13.82,2.3033333333333332
97,51,1,18,21.86,1.2144444444444444
97,51,2,13,13.41,1.0315384615384615
97,51,3,3,1.57,0.5233333333333333
97,51,4,11,3.51,0.3190909090909091
97,52,0,8,35.54,4.4425
97,52,1,16,63.06,3.94125
97,52,2,18,51.39,2.855
97,52,3,4,9.0,2.25
97,52,4,15,4.03,0.26866666666666666
97,58,0,12,67.66,5.638333333333333
97,58,1,15,81.34,5.422666666666667
97,58,2,11,29.26,2.66
97,58,3,16,36.36,2.2725
97,58,4,15,14.38,0.9586666666666667
97,60,0,4,10.81,2.7025
97,60,1,18,25.03,1.3905555555555555
97,60,2,20,25.65,1.2825
97,60,3,3,1.52,0.5066666666666667
97,60,4,4,0.58,0.145
97,62,0,17,63.32,3.724705882352941
97,62,1,3,10.73,3.5766666666666667
97,62,2,4,6.22,1.555
97,62,3,1,1.44,1.44
97,62,4,6,5.47,0.9116666666666666
97,63,0,15,46.52,3.1013333333333337
97,63,1,14,23.91,1.707857142857143
97,63,2,3,4.58,1.5266666666666666
97,63,3,19,10.66,0.5610526315789474
97,63,4,4,0.53,0.1325
97,64,0,10,46.21,4.621
97,64,1,16,64.38,4.02375
97,64,2,18,41.99,2.332777777777778
97,64,3,2,3.34,1.67
97,64,4,8,8.4,1.05
97,66,0,12,52.99,4.4158333333333335
97,66,1,3,6.06,2.02
97,66,2,11,20.88,1.8981818181818182
97,66,3,14,25.56,1.8257142857142856
97,66,4,1,0.59,0.59
97,73,0,15,132.67,8.844666666666665
97,73,1,8,69.36,8.67
97,73,2,13,76.44,5.88
97,73,3,7,10.25,1.4642857142857142
97,73,4,16,13.52,0.845
97,82,0,15,67.26,4.484
97,82,1,20,74.99,3.7495
97,82,2,16,43.34,2.70875
97,82,3,19,30.01,1.5794736842105264
97,82,4,12,10.71,0.8925000000000001
97,83,0,19,72.68,3.8252631578947374
97,83,1,14,28.24,2.017142857142857
97,83,2,2,3.71,1.855
97,83,3,10,3.22,0.322
97,83,4,9,2.65,0.29444444444444445
97,84,0,4,25.73,6.4325
97,84,1,6,34.6,5.766666666666667
97,84,2,17,78.99,4.646470588235294
97,84,3,1,3.76,3.76
97,84,4,3,5.52,1.8399999999999999
97,87,0,19,70.65,3.7184210526315793
97,87,1,11,37.43,3.402727272727273
97,87,2,10,24.83,2.4829999999999997
97,87,3,3,5.18,1.7266666666666666
97,87,4,8,5.28,0.66
97,90,0,9,36.88,4.097777777777778
97,90,1,4,14.17,3.5425
97,90,2,19,59.1,3.110526315789474
97,90,3,16,34.49,2.155625
97,90,4,7,13.57,1.9385714285714286
97,95,0,7,26.12,3.7314285714285718
97,95,1,12,37.54,3.1283333333333334
97,95,2,18,44.04,2.4466666666666668
97,95,3,3,4.13,1.3766666666666667
97,95,4,5,3.11,0.622
97,99,0,15,64.47,4.298
97,99,1,7,17.68,2.525714285714286
97,99,2,20,34.42,1.721
97,99,3,12,18.38,1.5316666666666665
97,99,4,19,4.59,0.24157894736842103
99,2,0,20,136.8,6.840000000000001
99,2,1,11,61.1,5.554545454545455
99,2,2,7,33.81,4.83
99,2,3,4,3.51,0.8775
99,2,4,18,13.08,0.7266666666666667
99,3,0,6,5.53,0.9216666666666667
99,3,1,7,5.4,0.7714285714285715
99,3,2,14,9.74,0.6957142857142857
99,3,3,13,6.06,0.46615384615384614
99,3,4,16,3.83,0.239375
99,5,0,6,15.59,2.598333333333333
99,5,1,5,10.86,2.1719999999999997
99,5,2,6,11.26,1.8766666666666667
99,5,3,5,7.14,1.428
99,5,4,20,11.38,0.5690000000000001
99,10,0,9,38.01,4.223333333333333
99,10,1,17,57.98,3.4105882352941173
99,10,2,17,29.15,1.714705882352941
99,10,3,14,22.8,1.6285714285714286
99,10,4,13,7.62,0.5861538461538461
99,11,0,18,20.89,1.1605555555555556
99,11,1,16,18.14,1.13375
99,11,2,5,5.02,1.004
99,11,3,19,19.0,1.0
99,11,4,19,6.62,0.34842105263157896
99,12,0,2,5.61,2.805
99,12,1,20,43.91,2.1955
99,12,2,3,4.96,1.6533333333333333
99,12,3,13,11.67,0.8976923076923077
99,12,4,1,0.87,0.87
99,14,0,16,27.65,1.728125
99,14,1,17,28.93,1.7017647058823528
99,14,2,10,8.72,0.8720000000000001
99,14,3,20,1.65,0.08249999999999999
99,14,4,1,0.08,0.08
99,16,0,7,15.54,2.2199999999999998
99,16,1,8,8.83,1.10375
99,16,2,1,1.07,1.07
99,16,3,10,5.82,0.5820000000000001
99,16,4,8,4.37,0.54625
99,17,0,10,7.99,0.799
99,17,1,18,10.05,0.5583333333333333
99,17,2,13,4.79,0.36846153846153845
99,17,3,7,2.09,0.29857142857142854
99,17,4,20,4.02,0.20099999999999998
99,24,0,5,12.42,2.484
99,24,1,13,20.52,1.5784615384615384
99,24,2,16,24.86,1.55375
99,24,3,4,4.96,1.24
99,24,4,11,13.05,1.1863636363636365
99,26,0,2,8.62,4.31
99,26,1,1,3.18,3.18
99,26,2,2,4.93,2.465
99,26,3,12,23.23,1.9358333333333333
99,26,4,17,25.28,1.4870588235294118
99,29,0,18,76.15,4.230555555555556
99,29,1,2,6.59,3.295
99,29,2,15,32.23,2.1486666666666663
99,29,3,9,7.56,0.84
99,29,4,6,4.41,0.735
99,31,0,2,1.09,0.545
99,31,1,19,10.16,0.5347368421052632
99,31,2,1,0.27,0.27
99,31,3,4,0.92,0.23
99,31,4,3,0.34,0.11333333333333334
99,33,0,9,70.42,7.8244444444444445
99,33,1,10,76.52,7.651999999999999
99,33,2,17,68.39,4.022941176470589
99,33,3,12,37.74,3.145
99,33,4,17,34.26,2.0152941176470587
99,34,0,6,1.18,0.19666666666666666
99,34,1,5,0.67,0.134
99,34,2,12,0.48,0.04
99,34,3,13,0.46,0.03538461538461539
99,34,4,18,0.47,0.02611111111111111
99,47,0,12,36.77,3.064166666666667
99,47,1,20,53.46,2.673
99,47,2,5,9.49,1.8980000000000001
99,47,3,12,12.9,1.075
99,47,4,17,17.85,1.05
99,48,0,17,61.56,3.621176470588235
99,48,1,6,18.3,3.0500000000000003
99,48,2,8,23.36,2.92
99,48,3,8,19.46,2.4325
99,48,4,18,3.85,0.2138888888888889
99,49,0,17,35.21,2.0711764705882354
99,49,1,7,12.4,1.7714285714285716
99,49,2,14,16.36,1.1685714285714286
99,49,3,9,6.77,0.7522222222222221
99,49,4,17,5.55,0.3264705882352941
99,51,0,14,18.03,1.287857142857143
99,51,1,8,6.68,0.835
99,51,2,20,5.1,0.255
99,51,3,9,1.73,0.1922222222222222
99,51,4,19,2.01,0.10578947368421052
99,52,0,4,11.07,2.7675
99,52,1,10,25.83,2.5829999999999997
99,52,2,13,17.0,1.3076923076923077
99,52,3,14,18.21,1.3007142857142857
99,52,4,7,4.31,0.6157142857142857
99,58,0,8,10.43,1.30375
99,58,1,2,1.52,0.76
99,58,2,13,7.64,0.5876923076923076
99,58,3,14,4.07,0.29071428571428576
99,58,4,2,0.56,0.28
99,60,0,20,81.02,4.051
99,60,1,11,38.97,3.5427272727272725
99,60,2,17,59.76,3.5152941176470587
99,60,3,2,3.51,1.755
99,60,4,1,0.81,0.81
99,62,0,18,37.83,2.1016666666666666
99,62,1,13,20.46,1.573846153846154
99,62,2,20,29.09,1.4545
99,62,3,11,10.56,0.9600000000000001
99,62,4,7,4.08,0.5828571428571429
99,63,0,17,71.29,4.193529411764707
99,63,1,5,16.27,3.254
99,63,2,6,17.85,2.975
99,63,3,3,7.43,2.4766666666666666
99,63,4,8,13.54,1.6925
99,64,0,7,11.25,1.6071428571428572
99,64,1,8,8.04,1.005
99,64,2,13,11.9,0.9153846153846155
99,64,3,11,6.1,0.5545454545454546
99,64,4,20,1.78,0.089
99,66,0,8,34.8,4.35
99,66,1,13,48.68,3.7446153846153845
99,66,2,12,25.43,2.1191666666666666
99,66,3,17,35.19,2.07
99,66,4,10,4.19,0.41900000000000004
99,73,0,11,105.62,9.601818181818182
99,73,1,1,7.6,7.6
99,73,2,1,4.15,4.15
99,73,3,4,8.24,2.06
99,73,4,17,8.1,0.4764705882352941
99,82,0,3,24.18,8.06
99,82,1,1,4.34,4.34
99,82,2,11,43.6,3.963636363636364
99,82,3,4,10.38,2.595
99,82,4,11,26.3,2.390909090909091
99,83,0,14,72.82,5.201428571428571
99,83,1,7,30.92,4.417142857142857
99,83,2,3,11.29,3.763333333333333
99,83,3,14,41.55,2.9678571428571425
99,83,4,12,35.48,2.9566666666666666
99,84,0,13,100.17,7.705384615384616
99,84,1,11,67.54,6.140000000000001
99,84,2,2,8.31,4.155
99,84,3,8,29.54,3.6925
99,84,4,8,7.22,0.9025
99,87,0,15,70.48,4.698666666666667
99,87,1,16,63.87,3.991875
99,87,2,12,42.73,3.560833333333333
99,87,3,12,20.13,1.6775
99,87,4,13,10.03,0.7715384615384615
99,90,0,15,18.57,1.238
99,90,1,12,14.48,1.2066666666666668
99,90,2,6,5.4,0.9
99,90,3,16,13.9,0.86875
99,90,4,3,0.54,0.18000000000000002
99,95,0,12,15.91,1.3258333333333334
99,95,1,8,9.88,1.235
99,95,2,4,4.45,1.1125
99,95,3,13,7.46,0.5738461538461539
99,95,4,5,0.55,0.11000000000000001
99,97,0,1,4.19,4.19
99,97,1,3,11.47,3.8233333333333337
99,97,2,7,19.7,2.814285714285714
99,97,3,8,16.54,2.0675
99,97,4,1,1.24,1.24
