fromnode,tonode,clientID,a,budget,clientRatio
5,10,0,3,11.19,3.73
5,10,1,12,44.66,3.7216666666666662
5,10,2,9,33.3,3.6999999999999997
5,10,3,9,33.23,3.692222222222222
5,10,4,12,44.27,3.689166666666667
5,10,5,5,18.34,3.668
5,10,6,14,51.19,3.656428571428571
5,10,7,11,39.95,3.6318181818181823
5,10,8,12,43.47,3.6225
5,10,9,8,28.93,3.61625
5,10,10,19,68.68,3.6147368421052635
5,10,11,17,59.68,3.510588235294118
5,10,12,10,34.72,3.472
5,10,13,14,48.36,3.454285714285714
5,10,14,4,13.76,3.44
5,10,15,17,58.27,3.4276470588235295
5,10,16,8,27.27,3.40875
5,10,17,16,54.21,3.388125
5,10,18,17,57.56,3.385882352941177
5,10,19,10,33.16,3.316
5,10,20,19,62.94,3.3126315789473684
5,10,21,15,49.03,3.268666666666667
5,10,22,16,52.29,3.268125
5,10,23,12,39.06,3.2550000000000003
5,10,24,3,9.7,3.233333333333333
5,10,25,19,60.63,3.1910526315789474
5,10,26,16,50.84,3.1775
5,10,27,2,6.3,3.15
5,10,28,16,50.25,3.140625
5,10,29,5,15.65,3.13
5,10,30,6,18.67,3.111666666666667
5,10,31,12,37.16,3.0966666666666662
5,10,32,3,9.23,3.0766666666666667
5,10,33,8,24.5,3.0625
5,10,34,16,49.0,3.0625
5,10,35,19,57.99,3.0521052631578947
5,10,36,12,36.56,3.046666666666667
5,10,37,9,27.33,3.0366666666666666
5,10,38,1,3.01,3.01
5,10,39,4,11.99,2.9975
5,10,40,12,35.54,2.9616666666666664
5,10,41,1,2.96,2.96
5,10,42,6,17.71,2.9516666666666667
5,10,43,5,14.53,2.9059999999999997
5,10,44,13,37.73,2.902307692307692
5,10,45,4,11.57,2.8925
5,10,46,8,23.0,2.875
5,10,47,12,34.25,2.8541666666666665
5,10,48,17,48.16,2.832941176470588
5,10,49,13,36.67,2.8207692307692307
5,10,50,3,8.45,2.8166666666666664
5,10,51,2,5.57,2.785
5,10,52,13,35.83,2.756153846153846
5,10,53,7,19.27,2.7528571428571427
5,10,54,19,51.84,2.728421052631579
5,10,55,3,8.16,2.72
5,10,56,20,54.39,2.7195
5,10,57,11,29.38,2.670909090909091
5,10,58,12,31.61,2.6341666666666668
5,10,59,7,18.26,2.608571428571429
5,10,60,9,23.32,2.591111111111111
5,10,61,17,42.65,2.5088235294117647
5,10,62,1,2.5,2.5
5,10,63,10,24.88,2.488
5,10,64,11,27.32,2.483636363636364
5,10,65,15,37.14,2.476
5,10,66,16,39.59,2.474375
5,10,67,5,12.36,2.472
5,10,68,18,44.03,2.446111111111111
5,10,69,4,9.57,2.3925
5,10,70,1,2.38,2.38
5,10,71,13,30.56,2.3507692307692305
5,10,72,20,46.9,2.3449999999999998
5,10,73,7,16.26,2.322857142857143
5,10,74,2,4.61,2.305
5,10,75,15,33.78,2.2520000000000002
5,10,76,20,45.01,2.2504999999999997
5,10,77,10,22.47,2.247
5,10,78,4,8.94,2.235
5,10,79,14,31.17,2.2264285714285714
5,10,80,6,13.16,2.1933333333333334
5,10,81,7,15.34,2.1914285714285713
5,10,82,14,30.45,2.175
5,10,83,16,34.79,2.174375
5,10,84,10,21.51,2.1510000000000002
5,10,85,17,35.12,2.0658823529411765
5,10,86,12,24.58,2.0483333333333333
5,10,87,14,28.63,2.045
5,10,88,20,40.71,2.0355
5,10,89,9,18.16,2.017777777777778
5,10,90,3,6.05,2.0166666666666666
5,10,91,11,22.04,2.0036363636363634
5,10,92,15,29.95,1.9966666666666666
5,10,93,8,15.84,1.98
5,10,94,17,33.51,1.971176470588235
5,10,95,12,23.62,1.9683333333333335
5,10,96,16,31.32,1.9575
5,10,97,20,39.08,1.954
5,10,98,9,17.5,1.9444444444444444
5,10,99,3,5.82,1.9400000000000002
5,10,100,3,5.81,1.9366666666666665
5,10,101,2,3.81,1.905
5,10,102,17,32.34,1.9023529411764708
5,10,103,17,31.77,1.8688235294117648
5,10,104,8,14.89,1.86125
5,10,105,1,1.8,1.8
5,10,106,19,33.97,1.7878947368421052
5,10,107,12,21.41,1.7841666666666667
5,10,108,6,10.57,1.7616666666666667
5,10,109,19,33.27,1.7510526315789476
5,10,110,7,11.3,1.6142857142857143
5,10,111,15,23.27,1.5513333333333332
5,10,112,3,4.61,1.5366666666666668
5,10,113,5,7.59,1.518
5,10,114,12,18.11,1.5091666666666665
5,10,115,9,13.53,1.5033333333333332
5,10,116,14,20.94,1.4957142857142858
5,10,117,4,5.95,1.4875
5,10,118,8,11.84,1.48
5,10,119,7,10.29,1.47
5,10,120,16,23.44,1.465
5,10,121,17,24.53,1.4429411764705884
5,10,122,10,14.11,1.411
5,10,123,20,27.98,1.399
5,10,124,10,13.96,1.3960000000000001
5,10,125,19,26.46,1.3926315789473684
5,10,126,10,13.82,1.3820000000000001
5,10,127,13,17.9,1.376923076923077
5,10,128,5,6.87,1.374
5,10,129,2,2.73,1.365
5,10,130,6,8.16,1.36
5,10,131,8,10.51,1.31375
5,10,132,3,3.89,1.2966666666666666
5,10,133,7,8.81,1.2585714285714287
5,10,134,6,7.36,1.2266666666666668
5,10,135,20,24.28,1.214
5,10,136,4,4.78,1.195
5,10,137,17,20.19,1.1876470588235295
5,10,138,3,3.56,1.1866666666666668
5,10,139,20,23.63,1.1815
5,10,140,17,18.94,1.1141176470588237
5,10,141,3,3.34,1.1133333333333333
5,10,142,14,14.39,1.0278571428571428
5,10,143,8,7.92,0.99
5,10,144,5,4.79,0.958
5,10,145,13,12.38,0.9523076923076924
5,10,146,11,10.43,0.9481818181818181
5,10,147,18,16.91,0.9394444444444444
5,10,148,16,14.46,0.90375
5,10,149,17,15.32,0.9011764705882354
5,10,150,10,8.87,0.8869999999999999
5,10,151,19,16.53,0.8700000000000001
5,10,152,1,0.87,0.87
5,10,153,2,1.72,0.86
5,10,154,14,11.94,0.8528571428571429
5,10,155,4,3.41,0.8525
5,10,156,19,15.96,0.8400000000000001
5,10,157,3,2.49,0.8300000000000001
5,10,158,17,13.99,0.8229411764705883
5,10,159,14,10.9,0.7785714285714286
5,10,160,18,13.88,0.7711111111111112
5,10,161,19,14.57,0.7668421052631579
5,10,162,6,4.28,0.7133333333333334
5,10,163,13,8.89,0.6838461538461539
5,10,164,7,4.77,0.6814285714285714
5,10,165,8,5.19,0.64875
5,10,166,6,3.81,0.635
5,10,167,14,8.88,0.6342857142857143
5,10,168,3,1.81,0.6033333333333334
5,10,169,13,7.84,0.6030769230769231
5,10,170,15,8.76,0.584
5,10,171,19,11.08,0.5831578947368421
5,10,172,13,7.37,0.566923076923077
5,10,173,15,8.24,0.5493333333333333
5,10,174,7,3.79,0.5414285714285715
5,10,175,13,6.97,0.5361538461538461
5,10,176,12,6.37,0.5308333333333334
5,10,177,3,1.52,0.5066666666666667
5,10,178,20,10.0,0.5
5,10,179,9,4.49,0.49888888888888894
5,10,180,3,1.48,0.49333333333333335
5,10,181,13,6.13,0.4715384615384615
5,10,182,2,0.91,0.455
5,10,183,13,5.88,0.4523076923076923
5,10,184,8,3.56,0.445
5,10,185,1,0.44,0.44
5,10,186,14,6.12,0.43714285714285717
5,10,187,10,4.35,0.43499999999999994
5,10,188,20,7.61,0.3805
5,10,189,11,4.05,0.36818181818181817
5,10,190,15,5.52,0.368
5,10,191,2,0.71,0.355
5,10,192,17,4.96,0.2917647058823529
5,10,193,2,0.55,0.275
5,10,194,4,1.09,0.2725
5,10,195,9,2.43,0.27
5,10,196,20,5.37,0.2685
5,10,197,5,1.14,0.22799999999999998
5,10,198,7,1.22,0.1742857142857143
5,10,199,12,1.92,0.16
5,16,0,9,5.2,0.5777777777777778
5,16,1,15,8.64,0.5760000000000001
5,16,2,7,4.02,0.5742857142857142
5,16,3,11,6.29,0.5718181818181818
5,16,4,1,0.57,0.57
5,16,5,6,3.42,0.57
5,16,6,18,10.25,0.5694444444444444
5,16,7,19,10.71,0.5636842105263158
5,16,8,7,3.89,0.5557142857142857
5,16,9,20,11.11,0.5555
5,16,10,1,0.55,0.55
5,16,11,14,7.66,0.5471428571428572
5,16,12,2,1.09,0.545
5,16,13,12,6.53,0.5441666666666667
5,16,14,11,5.92,0.5381818181818182
5,16,15,19,10.21,0.5373684210526316
5,16,16,20,10.7,0.5349999999999999
5,16,17,6,3.2,0.5333333333333333
5,16,18,13,6.93,0.533076923076923
5,16,19,3,1.59,0.53
5,16,20,2,1.06,0.53
5,16,21,14,7.39,0.5278571428571428
5,16,22,10,5.26,0.526
5,16,23,10,5.17,0.517
5,16,24,11,5.68,0.5163636363636364
5,16,25,8,4.1,0.5125
5,16,26,16,8.18,0.51125
5,16,27,1,0.51,0.51
5,16,28,1,0.51,0.51
5,16,29,15,7.61,0.5073333333333333
5,16,30,12,5.92,0.49333333333333335
5,16,31,13,6.38,0.49076923076923074
5,16,32,18,8.77,0.4872222222222222
5,16,33,14,6.82,0.48714285714285716
5,16,34,18,8.73,0.48500000000000004
5,16,35,13,6.29,0.48384615384615387
5,16,36,17,8.2,0.48235294117647054
5,16,37,17,8.19,0.48176470588235293
5,16,38,8,3.83,0.47875
5,16,39,17,8.04,0.4729411764705882
5,16,40,12,5.63,0.4691666666666667
5,16,41,6,2.75,0.4583333333333333
5,16,42,19,8.63,0.4542105263157895
5,16,43,17,7.6,0.44705882352941173
5,16,44,19,8.49,0.44684210526315793
5,16,45,8,3.56,0.445
5,16,46,16,6.93,0.433125
5,16,47,1,0.43,0.43
5,16,48,16,6.88,0.43
5,16,49,9,3.87,0.43
5,16,50,15,6.39,0.426
5,16,51,2,0.85,0.425
5,16,52,8,3.39,0.42375
5,16,53,3,1.27,0.42333333333333334
5,16,54,18,7.6,0.4222222222222222
5,16,55,10,4.2,0.42000000000000004
5,16,56,15,6.29,0.41933333333333334
5,16,57,17,7.11,0.4182352941176471
5,16,58,8,3.33,0.41625
5,16,59,7,2.9,0.41428571428571426
5,16,60,5,2.06,0.41200000000000003
5,16,61,11,4.47,0.4063636363636363
5,16,62,20,8.12,0.40599999999999997
5,16,63,18,7.27,0.40388888888888885
5,16,64,13,5.21,0.40076923076923077
5,16,65,19,7.61,0.4005263157894737
5,16,66,2,0.8,0.4
5,16,67,11,4.36,0.3963636363636364
5,16,68,20,7.89,0.39449999999999996
5,16,69,14,5.45,0.3892857142857143
5,16,70,3,1.16,0.38666666666666666
5,16,71,17,6.55,0.3852941176470588
5,16,72,6,2.29,0.38166666666666665
5,16,73,8,3.0,0.375
5,16,74,9,3.36,0.3733333333333333
5,16,75,13,4.82,0.3707692307692308
5,16,76,6,2.22,0.37000000000000005
5,16,77,12,4.4,0.3666666666666667
5,16,78,20,7.26,0.363
5,16,79,11,3.99,0.36272727272727273
5,16,80,4,1.45,0.3625
5,16,81,9,3.25,0.3611111111111111
5,16,82,14,4.96,0.35428571428571426
5,16,83,15,5.23,0.3486666666666667
5,16,84,10,3.39,0.339
5,16,85,15,4.98,0.332
5,16,86,6,1.99,0.33166666666666667
5,16,87,10,3.31,0.331
5,16,88,3,0.99,0.33
5,16,89,1,0.33,0.33
5,16,90,1,0.32,0.32
5,16,91,3,0.96,0.32
5,16,92,15,4.72,0.31466666666666665
5,16,93,17,5.28,0.31058823529411766
5,16,94,4,1.24,0.31
5,16,95,2,0.62,0.31
5,16,96,12,3.7,0.30833333333333335
5,16,97,7,2.15,0.3071428571428571
5,16,98,14,4.27,0.305
5,16,99,6,1.83,0.305
5,16,100,2,0.61,0.305
5,16,101,3,0.9,0.3
5,16,102,18,5.29,0.29388888888888887
5,16,103,7,2.04,0.2914285714285714
5,16,104,1,0.29,0.29
5,16,105,2,0.58,0.29
5,16,106,7,2.02,0.2885714285714286
5,16,107,12,3.42,0.285
5,16,108,13,3.7,0.2846153846153846
5,16,109,9,2.49,0.27666666666666667
5,16,110,16,4.35,0.271875
5,16,111,3,0.81,0.27
5,16,112,4,1.08,0.27
5,16,113,8,2.16,0.27
5,16,114,16,4.28,0.2675
5,16,115,3,0.8,0.26666666666666666
5,16,116,16,4.25,0.265625
5,16,117,8,2.08,0.26
5,16,118,16,4.15,0.259375
5,16,119,3,0.76,0.25333333333333335
5,16,120,15,3.78,0.252
5,16,121,9,2.26,0.25111111111111106
5,16,122,1,0.25,0.25
5,16,123,11,2.7,0.24545454545454548
5,16,124,5,1.2,0.24
5,16,125,18,4.3,0.23888888888888887
5,16,126,12,2.85,0.23750000000000002
5,16,127,3,0.71,0.23666666666666666
5,16,128,11,2.54,0.23090909090909092
5,16,129,5,1.13,0.22599999999999998
5,16,130,4,0.9,0.225
5,16,131,20,4.5,0.225
5,16,132,18,4.01,0.22277777777777777
5,16,133,5,1.1,0.22000000000000003
5,16,134,12,2.64,0.22
5,16,135,9,1.94,0.21555555555555556
5,16,136,15,3.2,0.21333333333333335
5,16,137,7,1.44,0.2057142857142857
5,16,138,16,3.25,0.203125
5,16,139,20,4.04,0.202
5,16,140,18,3.62,0.20111111111111113
5,16,141,4,0.8,0.2
5,16,142,7,1.4,0.19999999999999998
5,16,143,14,2.79,0.1992857142857143
5,16,144,16,3.18,0.19875
5,16,145,12,2.32,0.19333333333333333
5,16,146,19,3.64,0.19157894736842107
5,16,147,10,1.84,0.184
5,16,148,16,2.94,0.18375
5,16,149,17,3.01,0.17705882352941174
5,16,150,15,2.65,0.17666666666666667
5,16,151,4,0.7,0.175
5,16,152,17,2.93,0.1723529411764706
5,16,153,10,1.7,0.16999999999999998
5,16,154,12,1.98,0.165
5,16,155,13,2.14,0.16461538461538464
5,16,156,15,2.44,0.16266666666666665
5,16,157,3,0.47,0.15666666666666665
5,16,158,11,1.72,0.15636363636363637
5,16,159,6,0.89,0.14833333333333334
5,16,160,4,0.59,0.1475
5,16,161,5,0.73,0.146
5,16,162,10,1.44,0.144
5,16,163,5,0.71,0.142
5,16,164,20,2.77,0.1385
5,16,165,13,1.77,0.13615384615384615
5,16,166,7,0.9,0.1285714285714286
5,16,167,4,0.5,0.125
5,16,168,20,2.31,0.1155
5,16,169,17,1.95,0.11470588235294117
5,16,170,10,1.12,0.11200000000000002
5,16,171,10,1.12,0.11200000000000002
5,16,172,20,2.23,0.1115
5,16,173,16,1.76,0.11
5,16,174,3,0.31,0.10333333333333333
5,16,175,19,1.93,0.10157894736842105
5,16,176,10,0.99,0.099
5,16,177,1,0.09,0.09
5,16,178,10,0.89,0.089
5,16,179,19,1.58,0.08315789473684211
5,16,180,4,0.33,0.0825
5,16,181,15,1.19,0.07933333333333333
5,16,182,13,1.03,0.07923076923076923
5,16,183,9,0.7,0.07777777777777778
5,16,184,12,0.86,0.07166666666666667
5,16,185,10,0.61,0.061
5,16,186,10,0.59,0.059
5,16,187,3,0.17,0.05666666666666667
5,16,188,4,0.21,0.0525
5,16,189,12,0.55,0.04583333333333334
5,16,190,19,0.86,0.04526315789473684
5,16,191,1,0.04,0.04
5,16,192,13,0.52,0.04
5,16,193,14,0.56,0.04
5,16,194,18,0.7,0.03888888888888889
5,16,195,5,0.19,0.038
5,16,196,7,0.23,0.032857142857142856
5,16,197,14,0.42,0.03
5,16,198,10,0.29,0.028999999999999998
5,16,199,17,0.41,0.02411764705882353
5,17,0,13,22.08,1.6984615384615382
5,17,1,19,32.23,1.696315789473684
5,17,2,14,23.64,1.6885714285714286
5,17,3,6,10.09,1.6816666666666666
5,17,4,13,21.85,1.6807692307692308
5,17,5,6,10.06,1.6766666666666667
5,17,6,9,15.01,1.6677777777777778
5,17,7,12,19.99,1.6658333333333333
5,17,8,6,9.89,1.6483333333333334
5,17,9,14,23.04,1.6457142857142857
5,17,10,14,22.74,1.624285714285714
5,17,11,12,19.49,1.6241666666666665
5,17,12,1,1.61,1.61
5,17,13,6,9.6,1.5999999999999999
5,17,14,18,28.76,1.597777777777778
5,17,15,18,28.63,1.5905555555555555
5,17,16,19,30.08,1.583157894736842
5,17,17,16,25.27,1.579375
5,17,18,18,28.2,1.5666666666666667
5,17,19,2,3.05,1.525
5,17,20,5,7.56,1.512
5,17,21,16,24.02,1.50125
5,17,22,17,25.36,1.4917647058823529
5,17,23,18,26.85,1.4916666666666667
5,17,24,11,16.23,1.4754545454545456
5,17,25,4,5.86,1.465
5,17,26,11,16.06,1.46
5,17,27,18,26.06,1.4477777777777776
5,17,28,14,20.2,1.4428571428571428
5,17,29,10,14.38,1.4380000000000002
5,17,30,5,7.19,1.4380000000000002
5,17,31,2,2.87,1.435
5,17,32,7,10.0,1.4285714285714286
5,17,33,6,8.49,1.415
5,17,34,5,7.04,1.408
5,17,35,17,23.88,1.404705882352941
5,17,36,7,9.83,1.4042857142857144
5,17,37,3,4.2,1.4000000000000001
5,17,38,2,2.79,1.395
5,17,39,12,16.67,1.3891666666666669
5,17,40,6,8.26,1.3766666666666667
5,17,41,8,10.83,1.35375
5,17,42,6,8.12,1.3533333333333333
5,17,43,20,27.02,1.351
5,17,44,15,20.23,1.3486666666666667
5,17,45,6,7.94,1.3233333333333335
5,17,46,6,7.93,1.3216666666666665
5,17,47,6,7.88,1.3133333333333332
5,17,48,4,5.21,1.3025
5,17,49,1,1.3,1.3
5,17,50,5,6.43,1.286
5,17,51,20,25.45,1.2725
5,17,52,14,17.8,1.2714285714285716
5,17,53,5,6.29,1.258
5,17,54,18,22.46,1.2477777777777779
5,17,55,1,1.22,1.22
5,17,56,9,10.97,1.218888888888889
5,17,57,8,9.74,1.2175
5,17,58,5,6.07,1.214
5,17,59,14,16.98,1.2128571428571429
5,17,60,16,19.37,1.210625
5,17,61,8,9.62,1.2025
5,17,62,20,23.54,1.177
5,17,63,1,1.17,1.17
5,17,64,7,8.16,1.1657142857142857
5,17,65,5,5.81,1.162
5,17,66,2,2.3,1.15
5,17,67,2,2.27,1.135
5,17,68,16,18.01,1.125625
5,17,69,5,5.59,1.1179999999999999
5,17,70,16,17.66,1.10375
5,17,71,5,5.5,1.1
5,17,72,3,3.26,1.0866666666666667
5,17,73,4,4.33,1.0825
5,17,74,6,6.49,1.0816666666666668
5,17,75,4,4.31,1.0775
5,17,76,20,21.25,1.0625
5,17,77,20,21.16,1.058
5,17,78,7,7.31,1.0442857142857143
5,17,79,1,1.04,1.04
5,17,80,5,5.2,1.04
5,17,81,17,17.62,1.0364705882352943
5,17,82,11,11.34,1.030909090909091
5,17,83,10,10.21,1.0210000000000001
5,17,84,13,13.22,1.016923076923077
5,17,85,12,12.16,1.0133333333333334
5,17,86,8,8.06,1.0075
5,17,87,18,18.12,1.0066666666666668
5,17,88,2,1.97,0.985
5,17,89,9,8.84,0.9822222222222222
5,17,90,8,7.82,0.9775
5,17,91,16,15.61,0.975625
5,17,92,13,12.48,0.9600000000000001
5,17,93,19,18.06,0.9505263157894737
5,17,94,17,16.12,0.9482352941176471
5,17,95,7,6.58,0.9400000000000001
5,17,96,16,14.85,0.928125
5,17,97,9,8.32,0.9244444444444445
5,17,98,16,14.7,0.91875
5,17,99,12,10.89,0.9075000000000001
5,17,100,13,11.59,0.8915384615384615
5,17,101,5,4.44,0.8880000000000001
5,17,102,14,12.39,0.885
5,17,103,7,6.18,0.8828571428571428
5,17,104,13,11.43,0.8792307692307693
5,17,105,3,2.58,0.86
5,17,106,10,8.52,0.852
5,17,107,15,12.7,0.8466666666666666
5,17,108,10,8.4,0.8400000000000001
5,17,109,9,7.5,0.8333333333333334
5,17,110,12,9.96,0.8300000000000001
5,17,111,4,3.3,0.825
5,17,112,3,2.41,0.8033333333333333
5,17,113,13,10.29,0.7915384615384615
5,17,114,4,3.16,0.79
5,17,115,15,11.72,0.7813333333333333
5,17,116,11,8.43,0.7663636363636364
5,17,117,18,13.51,0.7505555555555555
5,17,118,1,0.75,0.75
5,17,119,9,6.74,0.7488888888888889
5,17,120,10,7.48,0.748
5,17,121,10,7.43,0.743
5,17,122,17,12.6,0.7411764705882353
5,17,123,12,8.88,0.7400000000000001
5,17,124,6,4.32,0.7200000000000001
5,17,125,3,2.03,0.6766666666666666
5,17,126,2,1.33,0.665
5,17,127,5,3.3,0.6599999999999999
5,17,128,18,11.78,0.6544444444444444
5,17,129,15,9.79,0.6526666666666666
5,17,130,5,3.24,0.648
5,17,131,13,8.27,0.6361538461538461
5,17,132,18,11.29,0.6272222222222221
5,17,133,14,8.76,0.6257142857142857
5,17,134,15,9.38,0.6253333333333334
5,17,135,16,9.96,0.6225
5,17,136,7,4.35,0.6214285714285713
5,17,137,16,9.89,0.618125
5,17,138,14,8.55,0.6107142857142858
5,17,139,17,10.29,0.6052941176470588
5,17,140,19,11.5,0.6052631578947368
5,17,141,17,10.23,0.601764705882353
5,17,142,14,8.34,0.5957142857142858
5,17,143,11,6.31,0.5736363636363636
5,17,144,11,6.3,0.5727272727272728
5,17,145,6,3.37,0.5616666666666666
5,17,146,9,5.02,0.5577777777777777
5,17,147,15,8.36,0.5573333333333333
5,17,148,15,8.34,0.5559999999999999
5,17,149,9,5.0,0.5555555555555556
5,17,150,3,1.65,0.5499999999999999
5,17,151,12,6.52,0.5433333333333333
5,17,152,3,1.63,0.5433333333333333
5,17,153,10,5.17,0.517
5,17,154,13,6.71,0.5161538461538462
5,17,155,5,2.57,0.514
5,17,156,3,1.52,0.5066666666666667
5,17,157,16,8.06,0.50375
5,17,158,18,9.01,0.5005555555555555
5,17,159,8,3.76,0.47
5,17,160,10,4.62,0.462
5,17,161,3,1.34,0.4466666666666667
5,17,162,18,7.7,0.4277777777777778
5,17,163,4,1.7,0.425
5,17,164,14,5.76,0.4114285714285714
5,17,165,11,4.28,0.3890909090909091
5,17,166,17,6.43,0.37823529411764706
5,17,167,18,6.02,0.33444444444444443
5,17,168,12,3.86,0.32166666666666666
5,17,169,19,5.7,0.3
5,17,170,6,1.79,0.29833333333333334
5,17,171,4,1.19,0.2975
5,17,172,9,2.67,0.29666666666666663
5,17,173,5,1.44,0.288
5,17,174,15,4.27,0.2846666666666666
5,17,175,4,1.11,0.2775
5,17,176,18,4.9,0.27222222222222225
5,17,177,15,4.04,0.2693333333333333
5,17,178,15,3.73,0.24866666666666667
5,17,179,20,4.68,0.23399999999999999
5,17,180,9,2.03,0.22555555555555554
5,17,181,6,1.31,0.21833333333333335
5,17,182,6,1.24,0.20666666666666667
5,17,183,12,2.43,0.2025
5,17,184,15,2.91,0.194
5,17,185,3,0.58,0.19333333333333333
5,17,186,19,3.23,0.17
5,17,187,18,2.75,0.1527777777777778
5,17,188,10,1.5,0.15
5,17,189,4,0.56,0.14
5,17,190,18,2.5,0.1388888888888889
5,17,191,10,1.37,0.137
5,17,192,10,1.17,0.11699999999999999
5,17,193,1,0.11,0.11
5,17,194,4,0.39,0.0975
5,17,195,11,1.05,0.09545454545454546
5,17,196,3,0.27,0.09000000000000001
5,17,197,17,1.48,0.08705882352941176
5,17,198,17,1.38,0.0811764705882353
5,17,199,1,0.08,0.08
5,24,0,5,1.57,0.314
5,24,1,3,0.94,0.3133333333333333
5,24,2,4,1.24,0.31
5,24,3,7,2.16,0.3085714285714286
5,24,4,13,3.98,0.30615384615384617
5,24,5,9,2.75,0.3055555555555556
5,24,6,9,2.73,0.30333333333333334
5,24,7,3,0.91,0.30333333333333334
5,24,8,8,2.39,0.29875
5,24,9,7,2.09,0.29857142857142854
5,24,10,20,5.94,0.29700000000000004
5,24,11,2,0.59,0.295
5,24,12,14,4.07,0.29071428571428576
5,24,13,5,1.43,0.286
5,24,14,10,2.85,0.28500000000000003
5,24,15,18,5.07,0.2816666666666667
5,24,16,9,2.53,0.2811111111111111
5,24,17,1,0.28,0.28
5,24,18,1,0.28,0.28
5,24,19,4,1.09,0.2725
5,24,20,13,3.54,0.2723076923076923
5,24,21,1,0.27,0.27
5,24,22,20,5.29,0.2645
5,24,23,5,1.31,0.262
5,24,24,6,1.57,0.26166666666666666
5,24,25,17,4.43,0.2605882352941176
5,24,26,3,0.78,0.26
5,24,27,10,2.57,0.257
5,24,28,3,0.77,0.25666666666666665
5,24,29,2,0.51,0.255
5,24,30,17,4.32,0.25411764705882356
5,24,31,8,2.0,0.25
5,24,32,14,3.49,0.2492857142857143
5,24,33,8,1.99,0.24875
5,24,34,7,1.73,0.24714285714285714
5,24,35,10,2.47,0.24700000000000003
5,24,36,18,4.44,0.2466666666666667
5,24,37,14,3.44,0.24571428571428572
5,24,38,4,0.98,0.245
5,24,39,2,0.49,0.245
5,24,40,18,4.39,0.24388888888888888
5,24,41,10,2.43,0.24300000000000002
5,24,42,10,2.41,0.24100000000000002
5,24,43,3,0.72,0.24
5,24,44,4,0.96,0.24
5,24,45,20,4.79,0.2395
5,24,46,16,3.83,0.239375
5,24,47,17,4.06,0.23882352941176468
5,24,48,18,4.26,0.23666666666666666
5,24,49,10,2.35,0.23500000000000001
5,24,50,13,3.04,0.23384615384615384
5,24,51,12,2.75,0.22916666666666666
5,24,52,18,4.11,0.22833333333333336
5,24,53,9,2.05,0.22777777777777775
5,24,54,3,0.68,0.22666666666666668
5,24,55,11,2.49,0.22636363636363638
5,24,56,11,2.48,0.22545454545454546
5,24,57,3,0.66,0.22
5,24,58,8,1.76,0.22
5,24,59,17,3.71,0.21823529411764706
5,24,60,7,1.51,0.21571428571428572
5,24,61,17,3.59,0.2111764705882353
5,24,62,20,4.12,0.20600000000000002
5,24,63,5,1.03,0.20600000000000002
5,24,64,4,0.82,0.205
5,24,65,11,2.25,0.20454545454545456
5,24,66,10,1.99,0.199
5,24,67,6,1.19,0.19833333333333333
5,24,68,17,3.36,0.1976470588235294
5,24,69,3,0.59,0.19666666666666666
5,24,70,8,1.57,0.19625
5,24,71,16,3.14,0.19625
5,24,72,15,2.94,0.196
5,24,73,2,0.39,0.195
5,24,74,2,0.39,0.195
5,24,75,17,3.3,0.1941176470588235
5,24,76,4,0.76,0.19
5,24,77,17,3.16,0.18588235294117647
5,24,78,7,1.3,0.18571428571428572
5,24,79,6,1.11,0.18500000000000003
5,24,80,18,3.33,0.185
5,24,81,3,0.55,0.18333333333333335
5,24,82,20,3.65,0.1825
5,24,83,15,2.71,0.18066666666666667
5,24,84,8,1.43,0.17875
5,24,85,14,2.48,0.17714285714285713
5,24,86,15,2.64,0.17600000000000002
5,24,87,12,2.11,0.1758333333333333
5,24,88,6,1.05,0.17500000000000002
5,24,89,11,1.89,0.17181818181818181
5,24,90,1,0.17,0.17
5,24,91,16,2.67,0.166875
5,24,92,3,0.5,0.16666666666666666
5,24,93,13,2.12,0.1630769230769231
5,24,94,1,0.16,0.16
5,24,95,1,0.16,0.16
5,24,96,18,2.83,0.15722222222222224
5,24,97,3,0.47,0.15666666666666665
5,24,98,14,2.18,0.15571428571428572
5,24,99,19,2.95,0.15526315789473685
5,24,100,16,2.44,0.1525
5,24,101,1,0.15,0.15
5,24,102,18,2.69,0.14944444444444444
5,24,103,5,0.73,0.146
5,24,104,13,1.87,0.14384615384615385
5,24,105,18,2.58,0.14333333333333334
5,24,106,14,1.98,0.14142857142857143
5,24,107,18,2.49,0.13833333333333334
5,24,108,17,2.35,0.13823529411764707
5,24,109,17,2.35,0.13823529411764707
5,24,110,20,2.75,0.1375
5,24,111,13,1.77,0.13615384615384615
5,24,112,9,1.22,0.13555555555555554
5,24,113,15,2.01,0.13399999999999998
5,24,114,8,1.07,0.13375
5,24,115,13,1.72,0.1323076923076923
5,24,116,6,0.76,0.12666666666666668
5,24,117,3,0.37,0.12333333333333334
5,24,118,7,0.86,0.12285714285714286
5,24,119,10,1.2,0.12
5,24,120,1,0.12,0.12
5,24,121,17,2.01,0.11823529411764705
5,24,122,5,0.59,0.118
5,24,123,6,0.7,0.11666666666666665
5,24,124,15,1.74,0.116
5,24,125,2,0.23,0.115
5,24,126,9,1.03,0.11444444444444445
5,24,127,5,0.57,0.11399999999999999
5,24,128,12,1.36,0.11333333333333334
5,24,129,11,1.22,0.1109090909090909
5,24,130,1,0.11,0.11
5,24,131,20,2.15,0.1075
5,24,132,7,0.75,0.10714285714285714
5,24,133,19,2.03,0.10684210526315789
5,24,134,18,1.85,0.10277777777777779
5,24,135,2,0.2,0.1
5,24,136,16,1.56,0.0975
5,24,137,10,0.97,0.097
5,24,138,10,0.93,0.093
5,24,139,19,1.73,0.09105263157894737
5,24,140,3,0.27,0.09000000000000001
5,24,141,1,0.09,0.09
5,24,142,5,0.45,0.09
5,24,143,15,1.34,0.08933333333333333
5,24,144,11,0.97,0.08818181818181818
5,24,145,5,0.43,0.086
5,24,146,19,1.62,0.08526315789473685
5,24,147,8,0.68,0.085
5,24,148,20,1.68,0.08399999999999999
5,24,149,10,0.82,0.08199999999999999
5,24,150,17,1.37,0.08058823529411765
5,24,151,3,0.24,0.08
5,24,152,18,1.44,0.08
5,24,153,18,1.44,0.08
5,24,154,12,0.96,0.08
5,24,155,13,1.02,0.07846153846153846
5,24,156,11,0.85,0.07727272727272727
5,24,157,6,0.46,0.07666666666666667
5,24,158,12,0.89,0.07416666666666667
5,24,159,17,1.23,0.07235294117647059
5,24,160,7,0.48,0.06857142857142857
5,24,161,19,1.3,0.06842105263157895
5,24,162,7,0.47,0.06714285714285714
5,24,163,12,0.79,0.06583333333333334
5,24,164,11,0.72,0.06545454545454545
5,24,165,20,1.28,0.064
5,24,166,3,0.19,0.06333333333333334
5,24,167,12,0.74,0.06166666666666667
5,24,168,13,0.8,0.06153846153846154
5,24,169,16,0.95,0.059375
5,24,170,17,1.0,0.058823529411764705
5,24,171,8,0.47,0.05875
5,24,172,9,0.5,0.05555555555555555
5,24,173,2,0.11,0.055
5,24,174,8,0.41,0.05125
5,24,175,13,0.6,0.04615384615384615
5,24,176,4,0.18,0.045
5,24,177,18,0.77,0.042777777777777776
5,24,178,18,0.77,0.042777777777777776
5,24,179,12,0.5,0.041666666666666664
5,24,180,4,0.16,0.04
5,24,181,1,0.04,0.04
5,24,182,16,0.62,0.03875
5,24,183,15,0.58,0.03866666666666666
5,24,184,11,0.42,0.03818181818181818
5,24,185,10,0.38,0.038
5,24,186,9,0.34,0.03777777777777778
5,24,187,4,0.15,0.0375
5,24,188,12,0.44,0.03666666666666667
5,24,189,10,0.33,0.033
5,24,190,8,0.26,0.0325
5,24,191,13,0.41,0.031538461538461536
5,24,192,15,0.46,0.03066666666666667
5,24,193,5,0.15,0.03
5,24,194,1,0.03,0.03
5,24,195,6,0.16,0.02666666666666667
5,24,196,14,0.36,0.025714285714285714
5,24,197,18,0.34,0.01888888888888889
5,24,198,5,0.08,0.016
5,24,199,6,0.08,0.013333333333333334
5,29,0,15,100.43,6.695333333333334
5,29,1,20,133.35,6.6674999999999995
5,29,2,16,106.51,6.656875
5,29,3,3,19.79,6.596666666666667
5,29,4,16,105.15,6.571875
5,29,5,18,118.26,6.57
5,29,6,16,104.56,6.535
5,29,7,20,129.69,6.4845
5,29,8,12,77.77,6.480833333333333
5,29,9,10,64.66,6.465999999999999
5,29,10,20,128.08,6.404000000000001
5,29,11,14,89.56,6.397142857142858
5,29,12,18,115.06,6.392222222222222
5,29,13,17,108.59,6.3876470588235295
5,29,14,19,121.22,6.38
5,29,15,20,127.21,6.3605
5,29,16,5,31.64,6.328
5,29,17,1,6.32,6.32
5,29,18,10,62.06,6.206
5,29,19,19,116.3,6.121052631578947
5,29,20,5,30.47,6.093999999999999
5,29,21,15,91.37,6.091333333333334
5,29,22,14,84.86,6.061428571428571
5,29,23,16,96.46,6.02875
5,29,24,2,12.05,6.025
5,29,25,10,60.2,6.0200000000000005
5,29,26,6,36.03,6.005
5,29,27,13,78.06,6.004615384615385
5,29,28,16,95.83,5.989375
5,29,29,1,5.93,5.93
5,29,30,1,5.88,5.88
5,29,31,8,46.99,5.87375
5,29,32,15,87.51,5.8340000000000005
5,29,33,10,57.82,5.782
5,29,34,7,40.19,5.741428571428571
5,29,35,4,22.87,5.7175
5,29,36,9,51.25,5.694444444444445
5,29,37,8,45.5,5.6875
5,29,38,10,56.73,5.673
5,29,39,10,56.51,5.651
5,29,40,10,56.38,5.638
5,29,41,14,78.5,5.607142857142857
5,29,42,13,72.14,5.549230769230769
5,29,43,9,49.88,5.542222222222223
5,29,44,16,88.61,5.538125
5,29,45,3,16.56,5.52
5,29,46,9,49.63,5.514444444444445
5,29,47,9,47.82,5.3133333333333335
5,29,48,13,68.73,5.2869230769230775
5,29,49,17,89.48,5.263529411764706
5,29,50,5,26.16,5.232
5,29,51,15,77.65,5.176666666666667
5,29,52,4,20.34,5.085
5,29,53,10,50.32,5.032
5,29,54,20,100.42,5.021
5,29,55,16,80.1,5.00625
5,29,56,7,34.6,4.942857142857143
5,29,57,16,78.25,4.890625
5,29,58,1,4.82,4.82
5,29,59,15,71.31,4.7540000000000004
5,29,60,11,52.14,4.74
5,29,61,9,42.43,4.714444444444444
5,29,62,15,70.25,4.683333333333334
5,29,63,6,27.35,4.558333333333334
5,29,64,7,31.68,4.525714285714286
5,29,65,5,21.89,4.378
5,29,66,13,56.31,4.331538461538462
5,29,67,20,86.44,4.322
5,29,68,19,81.93,4.312105263157895
5,29,69,3,12.68,4.226666666666667
5,29,70,12,50.4,4.2
5,29,71,9,37.71,4.19
5,29,72,1,4.13,4.13
5,29,73,7,28.75,4.107142857142857
5,29,74,14,57.05,4.075
5,29,75,11,44.39,4.035454545454545
5,29,76,18,72.43,4.023888888888889
5,29,77,18,72.24,4.013333333333333
5,29,78,19,76.19,4.01
5,29,79,16,63.94,3.99625
5,29,80,17,66.88,3.934117647058823
5,29,81,19,74.39,3.915263157894737
5,29,82,20,78.22,3.911
5,29,83,10,39.07,3.907
5,29,84,4,15.6,3.9
5,29,85,18,70.1,3.894444444444444
5,29,86,5,19.06,3.812
5,29,87,20,75.68,3.7840000000000003
5,29,88,19,71.56,3.7663157894736843
5,29,89,5,18.7,3.7399999999999998
5,29,90,13,47.69,3.668461538461538
5,29,91,18,65.27,3.626111111111111
5,29,92,11,39.72,3.610909090909091
5,29,93,10,35.96,3.596
5,29,94,17,61.13,3.5958823529411768
5,29,95,18,64.05,3.558333333333333
5,29,96,10,35.36,3.536
5,29,97,2,7.05,3.525
5,29,98,6,20.96,3.4933333333333336
5,29,99,19,65.91,3.4689473684210523
5,29,100,9,31.21,3.467777777777778
5,29,101,16,54.03,3.376875
5,29,102,20,67.37,3.3685
5,29,103,12,39.79,3.3158333333333334
5,29,104,12,39.57,3.2975
5,29,105,7,22.72,3.2457142857142856
5,29,106,8,25.9,3.2375
5,29,107,4,12.87,3.2175
5,29,108,11,35.38,3.2163636363636368
5,29,109,9,28.76,3.195555555555556
5,29,110,15,47.89,3.1926666666666668
5,29,111,4,12.63,3.1575
5,29,112,4,12.61,3.1525
5,29,113,11,34.45,3.1318181818181823
5,29,114,20,61.45,3.0725000000000002
5,29,115,14,43.01,3.072142857142857
5,29,116,2,6.11,3.055
5,29,117,9,27.38,3.042222222222222
5,29,118,8,23.84,2.98
5,29,119,16,47.68,2.98
5,29,120,19,56.34,2.965263157894737
5,29,121,18,52.5,2.9166666666666665
5,29,122,14,40.66,2.904285714285714
5,29,123,6,17.36,2.893333333333333
5,29,124,17,47.97,2.821764705882353
5,29,125,4,10.86,2.715
5,29,126,9,24.23,2.692222222222222
5,29,127,10,26.56,2.6559999999999997
5,29,128,4,10.54,2.635
5,29,129,15,39.11,2.6073333333333335
5,29,130,12,31.12,2.5933333333333333
5,29,131,18,44.67,2.481666666666667
5,29,132,6,14.62,2.4366666666666665
5,29,133,9,21.5,2.388888888888889
5,29,134,2,4.73,2.365
5,29,135,13,29.03,2.233076923076923
5,29,136,19,42.33,2.227894736842105
5,29,137,8,17.71,2.21375
5,29,138,18,39.24,2.18
5,29,139,18,39.23,2.179444444444444
5,29,140,1,2.12,2.12
5,29,141,9,18.79,2.0877777777777777
5,29,142,8,16.67,2.08375
5,29,143,17,35.24,2.0729411764705885
5,29,144,12,24.65,2.0541666666666667
5,29,145,12,24.42,2.035
5,29,146,8,16.22,2.0275
5,29,147,13,26.3,2.023076923076923
5,29,148,16,31.86,1.99125
5,29,149,5,9.88,1.9760000000000002
5,29,150,16,31.51,1.969375
5,29,151,18,34.83,1.9349999999999998
5,29,152,19,36.45,1.918421052631579
5,29,153,6,11.07,1.845
5,29,154,2,3.65,1.825
5,29,155,18,32.74,1.818888888888889
5,29,156,5,8.75,1.75
5,29,157,14,23.58,1.6842857142857142
5,29,158,13,21.13,1.6253846153846152
5,29,159,8,12.95,1.61875
5,29,160,10,15.76,1.576
5,29,161,14,21.49,1.535
5,29,162,17,25.38,1.4929411764705882
5,29,163,16,23.53,1.470625
5,29,164,5,7.2,1.44
5,29,165,20,28.14,1.407
5,29,166,3,4.14,1.38
5,29,167,1,1.34,1.34
5,29,168,19,24.23,1.2752631578947369
5,29,169,7,8.73,1.247142857142857
5,29,170,17,20.9,1.2294117647058822
5,29,171,6,7.35,1.2249999999999999
5,29,172,10,12.22,1.222
5,29,173,3,3.38,1.1266666666666667
5,29,174,1,1.12,1.12
5,29,175,13,14.2,1.0923076923076922
5,29,176,13,13.93,1.0715384615384616
5,29,177,19,19.18,1.0094736842105263
5,29,178,10,9.51,0.951
5,29,179,17,15.19,0.8935294117647059
5,29,180,10,8.54,0.8539999999999999
5,29,181,3,2.55,0.85
5,29,182,2,1.62,0.81
5,29,183,16,12.78,0.79875
5,29,184,14,10.84,0.7742857142857142
5,29,185,3,2.14,0.7133333333333334
5,29,186,6,4.2,0.7000000000000001
5,29,187,8,5.57,0.69625
5,29,188,1,0.68,0.68
5,29,189,1,0.68,0.68
5,29,190,12,8.06,0.6716666666666667
5,29,191,19,12.72,0.6694736842105263
5,29,192,19,11.3,0.5947368421052632
5,29,193,14,7.55,0.5392857142857143
5,29,194,1,0.51,0.51
5,29,195,2,1.01,0.505
5,29,196,8,3.85,0.48125
5,29,197,5,2.16,0.43200000000000005
5,29,198,20,7.96,0.398
5,29,199,3,1.09,0.36333333333333334
5,31,0,17,52.18,3.0694117647058823
5,31,1,1,3.06,3.06
5,31,2,4,12.22,3.055
5,31,3,5,15.17,3.034
5,31,4,12,35.96,2.9966666666666666
5,31,5,19,56.44,2.9705263157894737
5,31,6,6,17.79,2.965
5,31,7,11,32.46,2.950909090909091
5,31,8,2,5.87,2.935
5,31,9,6,17.5,2.9166666666666665
5,31,10,10,28.67,2.867
5,31,11,20,57.08,2.854
5,31,12,20,56.97,2.8485
5,31,13,11,30.85,2.8045454545454547
5,31,14,7,19.62,2.802857142857143
5,31,15,11,30.16,2.7418181818181817
5,31,16,1,2.73,2.73
5,31,17,8,21.77,2.72125
5,31,18,13,34.9,2.6846153846153844
5,31,19,3,8.05,2.6833333333333336
5,31,20,11,29.51,2.682727272727273
5,31,21,9,23.96,2.6622222222222223
5,31,22,16,42.53,2.658125
5,31,23,3,7.92,2.64
5,31,24,19,49.89,2.6257894736842107
5,31,25,9,23.58,2.6199999999999997
5,31,26,8,20.69,2.58625
5,31,27,20,51.65,2.5825
5,31,28,10,25.5,2.55
5,31,29,17,43.08,2.5341176470588236
5,31,30,6,15.2,2.533333333333333
5,31,31,9,22.43,2.4922222222222223
5,31,32,8,19.92,2.49
5,31,33,4,9.94,2.485
5,31,34,19,46.79,2.4626315789473683
5,31,35,15,36.84,2.4560000000000004
5,31,36,6,14.68,2.4466666666666668
5,31,37,9,21.88,2.431111111111111
5,31,38,14,33.71,2.407857142857143
5,31,39,16,38.42,2.40125
5,31,40,20,47.88,2.394
5,31,41,8,19.09,2.38625
5,31,42,18,42.86,2.381111111111111
5,31,43,7,16.38,2.34
5,31,44,13,30.36,2.335384615384615
5,31,45,1,2.32,2.32
5,31,46,1,2.32,2.32
5,31,47,16,36.68,2.2925
5,31,48,6,13.72,2.2866666666666666
5,31,49,9,20.57,2.285555555555556
5,31,50,18,41.07,2.2816666666666667
5,31,51,13,29.33,2.256153846153846
5,31,52,20,44.21,2.2105
5,31,53,13,28.68,2.206153846153846
5,31,54,3,6.41,2.1366666666666667
5,31,55,19,40.39,2.1257894736842107
5,31,56,5,10.62,2.1239999999999997
5,31,57,11,23.36,2.1236363636363635
5,31,58,12,25.19,2.0991666666666666
5,31,59,12,24.78,2.065
5,31,60,8,16.44,2.055
5,31,61,4,8.11,2.0275
5,31,62,9,18.18,2.02
5,31,63,3,6.05,2.0166666666666666
5,31,64,14,28.02,2.0014285714285713
5,31,65,19,38.02,2.0010526315789474
5,31,66,1,1.99,1.99
5,31,67,8,15.89,1.98625
5,31,68,14,26.93,1.9235714285714285
5,31,69,6,11.43,1.905
5,31,70,11,20.75,1.8863636363636365
5,31,71,8,14.94,1.8675
5,31,72,20,36.55,1.8275
5,31,73,19,33.94,1.786315789473684
5,31,74,13,23.04,1.7723076923076921
5,31,75,1,1.77,1.77
5,31,76,9,15.85,1.761111111111111
5,31,77,9,15.83,1.758888888888889
5,31,78,16,27.99,1.749375
5,31,79,7,12.24,1.7485714285714287
5,31,80,12,20.79,1.7325
5,31,81,9,15.53,1.7255555555555555
5,31,82,17,29.15,1.714705882352941
5,31,83,12,20.56,1.7133333333333332
5,31,84,20,33.88,1.6940000000000002
5,31,85,13,21.89,1.683846153846154
5,31,86,18,30.21,1.6783333333333335
5,31,87,6,10.03,1.6716666666666666
5,31,88,3,5.01,1.67
5,31,89,14,22.69,1.6207142857142858
5,31,90,11,17.36,1.5781818181818181
5,31,91,13,20.44,1.5723076923076924
5,31,92,1,1.56,1.56
5,31,93,8,12.4,1.55
5,31,94,10,15.27,1.527
5,31,95,16,24.34,1.52125
5,31,96,1,1.51,1.51
5,31,97,12,18.1,1.5083333333333335
5,31,98,8,11.85,1.48125
5,31,99,2,2.96,1.48
5,31,100,12,17.49,1.4574999999999998
5,31,101,3,4.26,1.42
5,31,102,4,5.67,1.4175
5,31,103,9,12.69,1.41
5,31,104,17,23.96,1.4094117647058824
5,31,105,2,2.78,1.39
5,31,106,6,8.24,1.3733333333333333
5,31,107,15,20.46,1.364
5,31,108,1,1.35,1.35
5,31,109,1,1.32,1.32
5,31,110,3,3.96,1.32
5,31,111,5,6.54,1.308
5,31,112,13,16.08,1.2369230769230768
5,31,113,6,7.31,1.2183333333333333
5,31,114,5,5.98,1.1960000000000002
5,31,115,5,5.88,1.176
5,31,116,6,7.01,1.1683333333333332
5,31,117,16,18.67,1.166875
5,31,118,8,9.28,1.16
5,31,119,10,11.59,1.159
5,31,120,17,19.68,1.1576470588235295
5,31,121,10,11.51,1.151
5,31,122,5,5.73,1.1460000000000001
5,31,123,3,3.38,1.1266666666666667
5,31,124,8,8.9,1.1125
5,31,125,18,20.0,1.1111111111111112
5,31,126,13,14.36,1.1046153846153846
5,31,127,17,18.6,1.0941176470588236
5,31,128,8,8.65,1.08125
5,31,129,10,10.6,1.06
5,31,130,18,18.97,1.0538888888888889
5,31,131,6,6.21,1.035
5,31,132,11,11.33,1.03
5,31,133,18,18.52,1.028888888888889
5,31,134,4,4.0,1.0
5,31,135,6,5.92,0.9866666666666667
5,31,136,12,11.73,0.9775
5,31,137,5,4.86,0.9720000000000001
5,31,138,14,13.46,0.9614285714285715
5,31,139,8,7.67,0.95875
5,31,140,15,14.06,0.9373333333333334
5,31,141,11,10.25,0.9318181818181818
5,31,142,19,17.37,0.9142105263157895
5,31,143,15,13.1,0.8733333333333333
5,31,144,3,2.59,0.8633333333333333
5,31,145,5,4.22,0.844
5,31,146,16,13.33,0.833125
5,31,147,10,8.23,0.8230000000000001
5,31,148,7,5.75,0.8214285714285714
5,31,149,8,6.49,0.81125
5,31,150,10,7.53,0.753
5,31,151,20,14.86,0.743
5,31,152,9,6.68,0.7422222222222222
5,31,153,7,5.19,0.7414285714285714
5,31,154,16,11.76,0.735
5,31,155,18,13.02,0.7233333333333333
5,31,156,4,2.83,0.7075
5,31,157,14,9.82,0.7014285714285714
5,31,158,14,9.72,0.6942857142857143
5,31,159,20,13.85,0.6925
5,31,160,4,2.73,0.6825
5,31,161,11,7.4,0.6727272727272727
5,31,162,18,11.96,0.6644444444444445
5,31,163,8,5.27,0.65875
5,31,164,6,3.91,0.6516666666666667
5,31,165,13,8.4,0.6461538461538462
5,31,166,12,7.49,0.6241666666666666
5,31,167,10,6.15,0.615
5,31,168,13,7.41,0.5700000000000001
5,31,169,7,3.9,0.5571428571428572
5,31,170,2,1.11,0.555
5,31,171,6,3.32,0.5533333333333333
5,31,172,10,5.5,0.55
5,31,173,12,6.55,0.5458333333333333
5,31,174,2,1.07,0.535
5,31,175,10,5.13,0.513
5,31,176,13,6.16,0.47384615384615386
5,31,177,16,7.58,0.47375
5,31,178,15,7.1,0.47333333333333333
5,31,179,8,3.77,0.47125
5,31,180,9,4.14,0.45999999999999996
5,31,181,12,5.26,0.4383333333333333
5,31,182,9,3.83,0.4255555555555556
5,31,183,13,5.21,0.40076923076923077
5,31,184,1,0.4,0.4
5,31,185,8,3.12,0.39
5,31,186,6,2.33,0.38833333333333336
5,31,187,12,4.61,0.3841666666666667
5,31,188,7,2.62,0.3742857142857143
5,31,189,14,4.9,0.35000000000000003
5,31,190,18,6.21,0.345
5,31,191,15,4.83,0.322
5,31,192,10,2.79,0.279
5,31,193,5,1.3,0.26
5,31,194,20,4.88,0.244
5,31,195,1,0.23,0.23
5,31,196,18,3.57,0.19833333333333333
5,31,197,5,0.88,0.176
5,31,198,8,1.36,0.17
5,31,199,15,1.9,0.12666666666666665
5,47,0,7,7.11,1.0157142857142858
5,47,1,7,7.07,1.01
5,47,2,16,15.99,0.999375
5,47,3,11,10.97,0.9972727272727273
5,47,4,18,17.95,0.9972222222222222
5,47,5,20,19.9,0.9949999999999999
5,47,6,15,14.88,0.9920000000000001
5,47,7,13,12.72,0.9784615384615385
5,47,8,10,9.78,0.978
5,47,9,6,5.86,0.9766666666666667
5,47,10,6,5.84,0.9733333333333333
5,47,11,15,14.55,0.9700000000000001
5,47,12,2,1.93,0.965
5,47,13,19,18.31,0.9636842105263157
5,47,14,20,19.2,0.96
5,47,15,1,0.96,0.96
5,47,16,18,17.19,0.9550000000000001
5,47,17,20,19.05,0.9525
5,47,18,12,11.42,0.9516666666666667
5,47,19,3,2.83,0.9433333333333334
5,47,20,16,15.06,0.94125
5,47,21,5,4.7,0.9400000000000001
5,47,22,12,11.26,0.9383333333333334
5,47,23,14,13.11,0.9364285714285714
5,47,24,8,7.48,0.935
5,47,25,1,0.93,0.93
5,47,26,8,7.42,0.9275
5,47,27,10,9.21,0.921
5,47,28,10,9.15,0.915
5,47,29,7,6.38,0.9114285714285714
5,47,30,10,9.09,0.909
5,47,31,10,9.07,0.907
5,47,32,5,4.53,0.906
5,47,33,16,14.44,0.9025
5,47,34,20,18.01,0.9005000000000001
5,47,35,18,15.89,0.8827777777777778
5,47,36,7,6.13,0.8757142857142857
5,47,37,13,11.31,0.87
5,47,38,12,10.35,0.8624999999999999
5,47,39,1,0.86,0.86
5,47,40,18,15.44,0.8577777777777778
5,47,41,15,12.86,0.8573333333333333
5,47,42,6,5.14,0.8566666666666666
5,47,43,5,4.28,0.8560000000000001
5,47,44,19,16.05,0.8447368421052632
5,47,45,5,4.21,0.842
5,47,46,12,10.05,0.8375
5,47,47,2,1.67,0.835
5,47,48,17,14.0,0.8235294117647058
5,47,49,16,12.96,0.81
5,47,50,10,8.1,0.8099999999999999
5,47,51,2,1.61,0.805
5,47,52,1,0.8,0.8
5,47,53,15,11.94,0.7959999999999999
5,47,54,16,12.68,0.7925
5,47,55,17,13.05,0.7676470588235295
5,47,56,2,1.53,0.765
5,47,57,18,13.7,0.7611111111111111
5,47,58,7,5.29,0.7557142857142857
5,47,59,12,9.03,0.7525
5,47,60,17,12.76,0.7505882352941177
5,47,61,7,5.25,0.75
5,47,62,7,5.21,0.7442857142857143
5,47,63,19,13.97,0.7352631578947368
5,47,64,2,1.47,0.735
5,47,65,9,6.5,0.7222222222222222
5,47,66,6,4.24,0.7066666666666667
5,47,67,8,5.6,0.7
5,47,68,9,6.25,0.6944444444444444
5,47,69,20,13.77,0.6885
5,47,70,8,5.5,0.6875
5,47,71,20,13.64,0.682
5,47,72,10,6.71,0.671
5,47,73,2,1.33,0.665
5,47,74,4,2.65,0.6625
5,47,75,2,1.32,0.66
5,47,76,2,1.31,0.655
5,47,77,5,3.24,0.648
5,47,78,4,2.58,0.645
5,47,79,6,3.84,0.64
5,47,80,20,12.79,0.6395
5,47,81,13,8.31,0.6392307692307693
5,47,82,18,11.49,0.6383333333333333
5,47,83,15,9.38,0.6253333333333334
5,47,84,20,12.09,0.6045
5,47,85,15,9.05,0.6033333333333334
5,47,86,7,4.21,0.6014285714285714
5,47,87,8,4.79,0.59875
5,47,88,16,9.45,0.590625
5,47,89,19,10.98,0.5778947368421052
5,47,90,14,8.08,0.5771428571428572
5,47,91,4,2.29,0.5725
5,47,92,13,7.43,0.5715384615384616
5,47,93,17,9.6,0.5647058823529412
5,47,94,20,11.29,0.5645
5,47,95,3,1.69,0.5633333333333334
5,47,96,18,9.48,0.5266666666666667
5,47,97,17,8.93,0.5252941176470588
5,47,98,1,0.52,0.52
5,47,99,13,6.69,0.5146153846153847
5,47,100,4,2.02,0.505
5,47,101,18,9.04,0.5022222222222221
5,47,102,13,6.51,0.5007692307692307
5,47,103,13,6.44,0.4953846153846154
5,47,104,19,9.29,0.4889473684210526
5,47,105,6,2.93,0.48833333333333334
5,47,106,16,7.8,0.4875
5,47,107,13,6.31,0.48538461538461536
5,47,108,18,8.72,0.48444444444444446
5,47,109,18,8.51,0.47277777777777774
5,47,110,2,0.94,0.47
5,47,111,7,3.15,0.45
5,47,112,2,0.88,0.44
5,47,113,3,1.32,0.44
5,47,114,7,3.04,0.4342857142857143
5,47,115,1,0.43,0.43
5,47,116,13,5.58,0.42923076923076925
5,47,117,6,2.53,0.42166666666666663
5,47,118,14,5.9,0.42142857142857143
5,47,119,16,6.68,0.4175
5,47,120,9,3.74,0.41555555555555557
5,47,121,2,0.83,0.415
5,47,122,8,3.21,0.40125
5,47,123,3,1.2,0.39999999999999997
5,47,124,14,5.54,0.39571428571428574
5,47,125,9,3.55,0.39444444444444443
5,47,126,6,2.3,0.3833333333333333
5,47,127,10,3.83,0.383
5,47,128,19,7.09,0.3731578947368421
5,47,129,14,5.12,0.3657142857142857
5,47,130,9,3.28,0.3644444444444444
5,47,131,3,1.09,0.36333333333333334
5,47,132,6,2.12,0.35333333333333333
5,47,133,15,5.11,0.3406666666666667
5,47,134,17,5.77,0.3394117647058823
5,47,135,19,6.41,0.3373684210526316
5,47,136,6,1.99,0.33166666666666667
5,47,137,13,4.16,0.32
5,47,138,1,0.32,0.32
5,47,139,19,6.03,0.3173684210526316
5,47,140,13,4.05,0.31153846153846154
5,47,141,9,2.8,0.3111111111111111
5,47,142,1,0.3,0.3
5,47,143,6,1.79,0.29833333333333334
5,47,144,6,1.79,0.29833333333333334
5,47,145,20,5.96,0.298
5,47,146,19,5.56,0.2926315789473684
5,47,147,20,5.75,0.2875
5,47,148,6,1.69,0.2816666666666667
5,47,149,12,3.35,0.2791666666666667
5,47,150,10,2.76,0.27599999999999997
5,47,151,20,5.45,0.2725
5,47,152,1,0.27,0.27
5,47,153,12,3.18,0.265
5,47,154,17,4.47,0.26294117647058823
5,47,155,1,0.26,0.26
5,47,156,19,4.88,0.25684210526315787
5,47,157,10,2.43,0.24300000000000002
5,47,158,8,1.94,0.2425
5,47,159,13,3.07,0.23615384615384613
5,47,160,3,0.7,0.2333333333333333
5,47,161,13,3.02,0.2323076923076923
5,47,162,2,0.46,0.23
5,47,163,4,0.91,0.2275
5,47,164,11,2.47,0.22454545454545458
5,47,165,8,1.75,0.21875
5,47,166,13,2.84,0.21846153846153846
5,47,167,7,1.52,0.21714285714285714
5,47,168,10,2.11,0.211
5,47,169,4,0.82,0.205
5,47,170,19,3.83,0.20157894736842105
5,47,171,8,1.6,0.2
5,47,172,15,2.99,0.19933333333333333
5,47,173,14,2.74,0.19571428571428573
5,47,174,7,1.32,0.18857142857142858
5,47,175,9,1.69,0.18777777777777777
5,47,176,12,2.22,0.18500000000000003
5,47,177,5,0.88,0.176
5,47,178,3,0.52,0.17333333333333334
5,47,179,14,2.38,0.16999999999999998
5,47,180,11,1.86,0.1690909090909091
5,47,181,18,2.91,0.16166666666666668
5,47,182,7,1.08,0.1542857142857143
5,47,183,17,2.49,0.14647058823529413
5,47,184,8,1.17,0.14625
5,47,185,1,0.14,0.14
5,47,186,20,2.58,0.129
5,47,187,15,1.89,0.126
5,47,188,8,0.95,0.11875
5,47,189,19,2.12,0.11157894736842106
5,47,190,12,1.33,0.11083333333333334
5,47,191,3,0.33,0.11
5,47,192,19,1.72,0.09052631578947368
5,47,193,10,0.76,0.076
5,47,194,2,0.14,0.07
5,47,195,13,0.89,0.06846153846153846
5,47,196,10,0.62,0.062
5,47,197,1,0.06,0.06
5,47,198,13,0.63,0.04846153846153846
5,47,199,20,0.95,0.0475
5,48,0,18,72.46,4.025555555555555
5,48,1,12,48.04,4.003333333333333
5,48,2,3,12.0,4.0
5,48,3,13,51.8,3.9846153846153842
5,48,4,7,27.79,3.9699999999999998
5,48,5,20,79.23,3.9615
5,48,6,14,55.3,3.9499999999999997
5,48,7,6,23.69,3.9483333333333337
5,48,8,18,71.03,3.946111111111111
5,48,9,14,55.15,3.939285714285714
5,48,10,1,3.92,3.92
5,48,11,2,7.71,3.855
5,48,12,8,30.63,3.82875
5,48,13,15,57.27,3.818
5,48,14,4,15.22,3.805
5,48,15,8,30.23,3.77875
5,48,16,8,30.17,3.77125
5,48,17,3,11.25,3.75
5,48,18,18,67.1,3.7277777777777774
5,48,19,10,37.05,3.7049999999999996
5,48,20,3,11.08,3.6933333333333334
5,48,21,11,40.31,3.6645454545454546
5,48,22,11,39.82,3.62
5,48,23,6,21.63,3.605
5,48,24,12,43.11,3.5925
5,48,25,17,60.75,3.573529411764706
5,48,26,6,21.43,3.5716666666666668
5,48,27,16,57.04,3.565
5,48,28,20,70.58,3.529
5,48,29,15,52.9,3.5266666666666664
5,48,30,3,10.57,3.5233333333333334
5,48,31,4,14.09,3.5225
5,48,32,7,24.38,3.4828571428571427
5,48,33,15,52.11,3.4739999999999998
5,48,34,11,38.05,3.459090909090909
5,48,35,16,55.26,3.45375
5,48,36,11,37.94,3.4490909090909088
5,48,37,11,37.79,3.4354545454545455
5,48,38,18,61.45,3.413888888888889
5,48,39,20,68.19,3.4095
5,48,40,6,20.37,3.395
5,48,41,13,43.89,3.376153846153846
5,48,42,10,33.68,3.368
5,48,43,11,37.0,3.3636363636363638
5,48,44,6,20.18,3.3633333333333333
5,48,45,11,36.8,3.3454545454545452
5,48,46,2,6.69,3.345
5,48,47,7,23.34,3.334285714285714
5,48,48,8,26.64,3.33
5,48,49,20,65.93,3.2965000000000004
5,48,50,5,16.41,3.282
5,48,51,14,45.83,3.2735714285714286
5,48,52,17,55.55,3.2676470588235293
5,48,53,8,26.04,3.255
5,48,54,15,48.47,3.231333333333333
5,48,55,10,32.05,3.2049999999999996
5,48,56,17,54.41,3.2005882352941173
5,48,57,3,9.52,3.1733333333333333
5,48,58,12,38.08,3.1733333333333333
5,48,59,4,12.55,3.1375
5,48,60,18,56.46,3.1366666666666667
5,48,61,12,37.55,3.1291666666666664
5,48,62,5,15.59,3.118
5,48,63,6,18.64,3.106666666666667
5,48,64,3,9.26,3.0866666666666664
5,48,65,11,33.71,3.0645454545454545
5,48,66,6,18.35,3.0583333333333336
5,48,67,13,39.72,3.0553846153846154
5,48,68,19,58.02,3.053684210526316
5,48,69,19,57.54,3.028421052631579
5,48,70,5,15.07,3.0140000000000002
5,48,71,1,2.99,2.99
5,48,72,19,56.73,2.9857894736842105
5,48,73,4,11.8,2.95
5,48,74,14,41.11,2.9364285714285714
5,48,75,19,55.78,2.9357894736842107
5,48,76,12,35.17,2.9308333333333336
5,48,77,5,14.46,2.8920000000000003
5,48,78,14,39.49,2.8207142857142857
5,48,79,1,2.81,2.81
5,48,80,2,5.59,2.795
5,48,81,1,2.79,2.79
5,48,82,2,5.57,2.785
5,48,83,7,19.18,2.7399999999999998
5,48,84,2,5.36,2.68
5,48,85,7,18.48,2.64
5,48,86,12,30.96,2.58
5,48,87,1,2.53,2.53
5,48,88,6,15.07,2.5116666666666667
5,48,89,3,7.48,2.4933333333333336
5,48,90,13,32.38,2.490769230769231
5,48,91,5,12.45,2.4899999999999998
5,48,92,1,2.44,2.44
5,48,93,3,7.29,2.43
5,48,94,15,36.12,2.408
5,48,95,19,44.95,2.365789473684211
5,48,96,10,23.6,2.3600000000000003
5,48,97,14,32.91,2.3507142857142855
5,48,98,17,39.68,2.3341176470588234
5,48,99,12,27.9,2.3249999999999997
5,48,100,19,43.87,2.3089473684210526
5,48,101,12,26.88,2.2399999999999998
5,48,102,6,13.39,2.231666666666667
5,48,103,2,4.44,2.22
5,48,104,15,33.21,2.214
5,48,105,15,32.97,2.198
5,48,106,3,6.59,2.1966666666666668
5,48,107,10,21.75,2.175
5,48,108,7,15.2,2.1714285714285713
5,48,109,9,19.44,2.16
5,48,110,17,36.68,2.1576470588235295
5,48,111,15,32.04,2.136
5,48,112,15,32.02,2.134666666666667
5,48,113,14,29.83,2.130714285714286
5,48,114,7,14.29,2.0414285714285714
5,48,115,16,32.53,2.033125
5,48,116,6,12.05,2.0083333333333333
5,48,117,1,1.99,1.99
5,48,118,4,7.8,1.95
5,48,119,17,32.85,1.9323529411764706
5,48,120,5,9.57,1.9140000000000001
5,48,121,2,3.82,1.91
5,48,122,7,13.27,1.8957142857142857
5,48,123,18,34.1,1.8944444444444446
5,48,124,19,35.87,1.887894736842105
5,48,125,3,5.58,1.86
5,48,126,17,31.33,1.842941176470588
5,48,127,6,11.01,1.835
5,48,128,19,34.7,1.8263157894736843
5,48,129,16,29.17,1.823125
5,48,130,5,9.11,1.8219999999999998
5,48,131,12,21.57,1.7975
5,48,132,7,12.36,1.7657142857142856
5,48,133,20,35.02,1.7510000000000001
5,48,134,5,8.56,1.7120000000000002
5,48,135,2,3.41,1.705
5,48,136,7,11.89,1.6985714285714286
5,48,137,18,30.55,1.6972222222222222
5,48,138,9,15.25,1.6944444444444444
5,48,139,7,11.8,1.6857142857142857
5,48,140,2,3.28,1.64
5,48,141,10,16.08,1.6079999999999999
5,48,142,19,29.74,1.5652631578947367
5,48,143,1,1.53,1.53
5,48,144,14,21.39,1.5278571428571428
5,48,145,9,13.11,1.4566666666666666
5,48,146,1,1.45,1.45
5,48,147,2,2.8,1.4
5,48,148,16,22.27,1.391875
5,48,149,11,13.61,1.2372727272727273
5,48,150,15,18.09,1.206
5,48,151,9,10.75,1.1944444444444444
5,48,152,10,11.93,1.193
5,48,153,8,9.46,1.1825
5,48,154,9,10.49,1.1655555555555557
5,48,155,1,1.15,1.15
5,48,156,18,19.66,1.0922222222222222
5,48,157,6,6.5,1.0833333333333333
5,48,158,8,8.66,1.0825
5,48,159,5,5.39,1.0779999999999998
5,48,160,1,1.07,1.07
5,48,161,7,7.47,1.0671428571428572
5,48,162,15,15.86,1.0573333333333332
5,48,163,19,19.83,1.0436842105263158
5,48,164,18,18.72,1.04
5,48,165,6,6.21,1.035
5,48,166,2,2.0,1.0
5,48,167,4,3.83,0.9575
5,48,168,11,10.49,0.9536363636363636
5,48,169,2,1.9,0.95
5,48,170,8,7.53,0.94125
5,48,171,17,15.76,0.9270588235294117
5,48,172,18,16.57,0.9205555555555556
5,48,173,10,9.19,0.9189999999999999
5,48,174,5,4.5,0.9
5,48,175,13,11.36,0.8738461538461538
5,48,176,16,13.71,0.856875
5,48,177,16,13.14,0.82125
5,48,178,7,5.72,0.8171428571428571
5,48,179,5,4.07,0.8140000000000001
5,48,180,1,0.81,0.81
5,48,181,2,1.38,0.69
5,48,182,9,5.76,0.64
5,48,183,19,12.04,0.6336842105263157
5,48,184,16,10.01,0.625625
5,48,185,12,7.37,0.6141666666666666
5,48,186,6,3.33,0.555
5,48,187,14,7.62,0.5442857142857143
5,48,188,20,9.63,0.48150000000000004
5,48,189,18,8.36,0.46444444444444444
5,48,190,12,5.27,0.43916666666666665
5,48,191,19,8.29,0.43631578947368416
5,48,192,1,0.43,0.43
5,48,193,14,5.44,0.3885714285714286
5,48,194,14,4.62,0.33
5,48,195,19,6.2,0.3263157894736842
5,48,196,20,3.72,0.186
5,48,197,20,3.7,0.185
5,48,198,2,0.34,0.17
5,48,199,6,0.97,0.16166666666666665
5,90,0,7,25.78,3.682857142857143
5,90,1,4,14.69,3.6725
5,90,2,9,32.82,3.6466666666666665
5,90,3,17,61.95,3.644117647058824
5,90,4,18,65.48,3.637777777777778
5,90,5,7,25.31,3.6157142857142857
5,90,6,16,57.8,3.6125
5,90,7,1,3.61,3.61
5,90,8,12,43.2,3.6
5,90,9,5,17.91,3.582
5,90,10,5,17.71,3.5420000000000003
5,90,11,15,53.08,3.5386666666666664
5,90,12,17,60.15,3.538235294117647
5,90,13,19,66.59,3.504736842105263
5,90,14,11,38.14,3.4672727272727273
5,90,15,7,24.21,3.4585714285714286
5,90,16,18,61.9,3.4388888888888887
5,90,17,14,48.1,3.435714285714286
5,90,18,15,51.36,3.424
5,90,19,1,3.38,3.38
5,90,20,8,26.87,3.35875
5,90,21,4,13.41,3.3525
5,90,22,7,23.44,3.3485714285714288
5,90,23,3,9.9,3.3000000000000003
5,90,24,8,26.26,3.2825
5,90,25,19,62.04,3.265263157894737
5,90,26,16,51.5,3.21875
5,90,27,8,25.54,3.1925
5,90,28,10,31.88,3.1879999999999997
5,90,29,19,60.27,3.1721052631578948
5,90,30,3,9.39,3.1300000000000003
5,90,31,11,34.37,3.1245454545454545
5,90,32,19,59.32,3.122105263157895
5,90,33,9,28.06,3.1177777777777775
5,90,34,1,3.1,3.1
5,90,35,12,37.18,3.098333333333333
5,90,36,10,30.8,3.08
5,90,37,7,21.54,3.077142857142857
5,90,38,8,24.46,3.0575
5,90,39,4,12.21,3.0525
5,90,40,12,36.52,3.0433333333333334
5,90,41,16,48.26,3.01625
5,90,42,10,29.96,2.996
5,90,43,13,38.16,2.9353846153846153
5,90,44,4,11.74,2.935
5,90,45,20,58.56,2.928
5,90,46,17,48.7,2.864705882352941
5,90,47,20,57.25,2.8625
5,90,48,8,22.78,2.8475
5,90,49,7,19.87,2.8385714285714285
5,90,50,5,14.0,2.8
5,90,51,17,46.27,2.7217647058823533
5,90,52,20,54.25,2.7125
5,90,53,20,53.92,2.696
5,90,54,16,43.05,2.690625
5,90,55,12,32.28,2.69
5,90,56,16,42.77,2.673125
5,90,57,19,50.73,2.67
5,90,58,3,7.94,2.646666666666667
5,90,59,3,7.75,2.5833333333333335
5,90,60,19,48.32,2.5431578947368423
5,90,61,8,20.32,2.54
5,90,62,6,15.11,2.518333333333333
5,90,63,12,30.16,2.513333333333333
5,90,64,14,35.1,2.507142857142857
5,90,65,11,27.44,2.4945454545454546
5,90,66,18,44.09,2.4494444444444445
5,90,67,16,39.16,2.4475
5,90,68,9,21.98,2.442222222222222
5,90,69,7,17.09,2.4414285714285713
5,90,70,5,12.17,2.434
5,90,71,20,48.61,2.4305
5,90,72,6,14.53,2.4216666666666664
5,90,73,2,4.83,2.415
5,90,74,1,2.41,2.41
5,90,75,18,43.3,2.4055555555555554
5,90,76,14,33.41,2.386428571428571
5,90,77,20,47.47,2.3735
5,90,78,16,37.8,2.3625
5,90,79,1,2.36,2.36
5,90,80,16,37.72,2.3575
5,90,81,10,23.03,2.303
5,90,82,13,29.21,2.246923076923077
5,90,83,9,20.22,2.2466666666666666
5,90,84,1,2.21,2.21
5,90,85,1,2.19,2.19
5,90,86,12,26.16,2.18
5,90,87,8,17.33,2.16625
5,90,88,16,34.01,2.125625
5,90,89,2,4.24,2.12
5,90,90,7,14.63,2.0900000000000003
5,90,91,19,39.68,2.088421052631579
5,90,92,17,35.5,2.088235294117647
5,90,93,3,6.24,2.08
5,90,94,20,40.76,2.038
5,90,95,17,34.54,2.031764705882353
5,90,96,5,10.1,2.02
5,90,97,14,27.94,1.9957142857142858
5,90,98,1,1.96,1.96
5,90,99,19,36.7,1.9315789473684213
5,90,100,13,24.9,1.9153846153846152
5,90,101,2,3.82,1.91
5,90,102,19,36.16,1.903157894736842
5,90,103,20,37.86,1.893
5,90,104,20,37.53,1.8765
5,90,105,1,1.87,1.87
5,90,106,18,33.14,1.8411111111111111
5,90,107,15,27.42,1.828
5,90,108,16,28.72,1.795
5,90,109,13,23.3,1.7923076923076924
5,90,110,11,19.69,1.79
5,90,111,7,12.4,1.7714285714285716
5,90,112,7,12.24,1.7485714285714287
5,90,113,11,18.96,1.7236363636363636
5,90,114,5,8.6,1.72
5,90,115,6,9.94,1.6566666666666665
5,90,116,1,1.65,1.65
5,90,117,16,26.18,1.63625
5,90,118,18,29.2,1.6222222222222222
5,90,119,2,3.24,1.62
5,90,120,16,25.39,1.586875
5,90,121,4,6.26,1.565
5,90,122,19,29.23,1.538421052631579
5,90,123,15,23.0,1.5333333333333334
5,90,124,16,24.37,1.523125
5,90,125,5,7.5,1.5
5,90,126,12,17.82,1.485
5,90,127,17,25.19,1.481764705882353
5,90,128,14,20.57,1.4692857142857143
5,90,129,7,10.27,1.467142857142857
5,90,130,2,2.93,1.465
5,90,131,20,29.04,1.452
5,90,132,1,1.38,1.38
5,90,133,14,19.14,1.3671428571428572
5,90,134,5,6.68,1.3359999999999999
5,90,135,12,15.48,1.29
5,90,136,13,16.56,1.2738461538461539
5,90,137,10,12.46,1.246
5,90,138,4,4.76,1.19
5,90,139,10,11.88,1.1880000000000002
5,90,140,13,15.37,1.1823076923076923
5,90,141,20,23.51,1.1755
5,90,142,5,5.72,1.144
5,90,143,17,19.35,1.1382352941176472
5,90,144,16,17.59,1.099375
5,90,145,10,10.96,1.096
5,90,146,20,21.45,1.0725
5,90,147,10,10.69,1.069
5,90,148,5,5.33,1.066
5,90,149,3,3.09,1.03
5,90,150,5,5.1,1.02
5,90,151,7,7.01,1.0014285714285713
5,90,152,4,3.77,0.9425
5,90,153,13,12.09,0.9299999999999999
5,90,154,10,9.22,0.922
5,90,155,13,11.8,0.9076923076923078
5,90,156,11,9.44,0.8581818181818182
5,90,157,5,4.24,0.8480000000000001
5,90,158,16,12.99,0.811875
5,90,159,15,11.86,0.7906666666666666
5,90,160,11,8.17,0.7427272727272727
5,90,161,15,11.07,0.738
5,90,162,13,9.39,0.7223076923076923
5,90,163,15,10.28,0.6853333333333332
5,90,164,4,2.67,0.6675
5,90,165,8,5.29,0.66125
5,90,166,15,9.19,0.6126666666666666
5,90,167,19,11.49,0.6047368421052631
5,90,168,7,4.22,0.6028571428571429
5,90,169,12,6.96,0.58
5,90,170,18,10.1,0.5611111111111111
5,90,171,1,0.54,0.54
5,90,172,17,8.98,0.5282352941176471
5,90,173,4,1.97,0.4925
5,90,174,14,6.56,0.4685714285714285
5,90,175,6,2.8,0.4666666666666666
5,90,176,18,7.91,0.43944444444444447
5,90,177,19,8.21,0.43210526315789477
5,90,178,11,4.54,0.4127272727272727
5,90,179,5,1.87,0.374
5,90,180,5,1.85,0.37
5,90,181,8,2.9,0.3625
5,90,182,4,1.42,0.355
5,90,183,8,2.8,0.35
5,90,184,16,5.52,0.345
5,90,185,7,2.41,0.3442857142857143
5,90,186,11,3.78,0.34363636363636363
5,90,187,19,6.38,0.3357894736842105
5,90,188,9,2.95,0.3277777777777778
5,90,189,2,0.61,0.305
5,90,190,20,5.98,0.29900000000000004
5,90,191,6,1.57,0.26166666666666666
5,90,192,2,0.45,0.225
5,90,193,14,3.01,0.215
5,90,194,6,1.28,0.21333333333333335
5,90,195,15,3.2,0.21333333333333335
5,90,196,1,0.2,0.2
5,90,197,7,1.4,0.19999999999999998
5,90,198,10,1.89,0.189
5,90,199,11,1.74,0.15818181818181817
10,5,0,6,22.26,3.7100000000000004
10,5,1,1,3.69,3.69
10,5,2,6,22.04,3.6733333333333333
10,5,3,3,10.95,3.65
10,5,4,5,18.11,3.622
10,5,5,17,60.56,3.5623529411764707
10,5,6,9,31.52,3.502222222222222
10,5,7,16,55.91,3.494375
10,5,8,19,66.08,3.477894736842105
10,5,9,14,48.4,3.457142857142857
10,5,10,11,37.94,3.4490909090909088
10,5,11,9,30.75,3.4166666666666665
10,5,12,13,44.04,3.3876923076923076
10,5,13,18,60.32,3.351111111111111
10,5,14,19,63.17,3.3247368421052634
10,5,15,8,26.53,3.31625
10,5,16,7,23.16,3.3085714285714287
10,5,17,17,56.04,3.296470588235294
10,5,18,3,9.84,3.28
10,5,19,7,22.77,3.2528571428571427
10,5,20,1,3.25,3.25
10,5,21,1,3.24,3.24
10,5,22,7,22.68,3.2399999999999998
10,5,23,18,58.24,3.2355555555555555
10,5,24,11,35.58,3.2345454545454544
10,5,25,12,38.6,3.216666666666667
10,5,26,20,63.77,3.1885000000000003
10,5,27,14,44.62,3.187142857142857
10,5,28,17,53.65,3.1558823529411764
10,5,29,6,18.93,3.155
10,5,30,13,40.43,3.11
10,5,31,16,48.68,3.0425
10,5,32,11,33.35,3.0318181818181817
10,5,33,1,3.02,3.02
10,5,34,9,26.47,2.941111111111111
10,5,35,15,44.04,2.936
10,5,36,15,43.57,2.9046666666666665
10,5,37,8,22.96,2.87
10,5,38,13,37.14,2.856923076923077
10,5,39,6,16.92,2.8200000000000003
10,5,40,8,22.22,2.7775
10,5,41,5,13.61,2.722
10,5,42,9,24.3,2.7
10,5,43,19,50.72,2.6694736842105264
10,5,44,11,29.21,2.6554545454545457
10,5,45,8,21.15,2.64375
10,5,46,20,52.83,2.6414999999999997
10,5,47,15,39.14,2.6093333333333333
10,5,48,12,31.13,2.5941666666666667
10,5,49,18,46.56,2.586666666666667
10,5,50,13,33.56,2.581538461538462
10,5,51,4,10.27,2.5675
10,5,52,10,25.67,2.567
10,5,53,5,12.81,2.5620000000000003
10,5,54,9,22.75,2.5277777777777777
10,5,55,3,7.57,2.5233333333333334
10,5,56,3,7.57,2.5233333333333334
10,5,57,5,12.55,2.5100000000000002
10,5,58,6,14.95,2.4916666666666667
10,5,59,11,27.07,2.460909090909091
10,5,60,9,22.1,2.4555555555555557
10,5,61,8,19.48,2.435
10,5,62,9,21.9,2.433333333333333
10,5,63,6,14.48,2.4133333333333336
10,5,64,5,12.04,2.408
10,5,65,3,7.0,2.3333333333333335
10,5,66,12,27.91,2.325833333333333
10,5,67,20,46.13,2.3065
10,5,68,5,11.44,2.288
10,5,69,9,20.46,2.2733333333333334
10,5,70,3,6.75,2.25
10,5,71,6,13.44,2.2399999999999998
10,5,72,18,40.1,2.227777777777778
10,5,73,3,6.66,2.22
10,5,74,2,4.41,2.205
10,5,75,11,24.22,2.2018181818181817
10,5,76,19,41.72,2.1957894736842105
10,5,77,6,13.11,2.185
10,5,78,10,21.35,2.1350000000000002
10,5,79,15,31.8,2.12
10,5,80,2,4.22,2.11
10,5,81,20,42.19,2.1094999999999997
10,5,82,1,2.08,2.08
10,5,83,10,20.75,2.075
10,5,84,18,37.33,2.073888888888889
10,5,85,1,2.06,2.06
10,5,86,14,28.68,2.0485714285714285
10,5,87,11,22.38,2.0345454545454547
10,5,88,3,6.05,2.0166666666666666
10,5,89,7,13.76,1.9657142857142857
10,5,90,11,21.16,1.9236363636363636
10,5,91,12,23.08,1.9233333333333331
10,5,92,16,30.71,1.919375
10,5,93,11,21.04,1.9127272727272726
10,5,94,15,28.41,1.894
10,5,95,5,9.43,1.886
10,5,96,15,28.14,1.8760000000000001
10,5,97,11,20.44,1.8581818181818184
10,5,98,14,25.96,1.8542857142857143
10,5,99,11,20.3,1.8454545454545455
10,5,100,15,27.38,1.8253333333333333
10,5,101,2,3.63,1.815
10,5,102,9,16.28,1.808888888888889
10,5,103,14,24.94,1.7814285714285716
10,5,104,2,3.54,1.77
10,5,105,4,7.05,1.7625
10,5,106,3,5.25,1.75
10,5,107,5,8.5,1.7
10,5,108,3,5.04,1.68
10,5,109,10,16.76,1.6760000000000002
10,5,110,15,24.98,1.6653333333333333
10,5,111,18,29.78,1.6544444444444446
10,5,112,6,9.61,1.6016666666666666
10,5,113,16,25.48,1.5925
10,5,114,18,28.39,1.5772222222222223
10,5,115,3,4.68,1.5599999999999998
10,5,116,2,3.1,1.55
10,5,117,19,29.26,1.54
10,5,118,3,4.52,1.5066666666666666
10,5,119,17,25.56,1.5035294117647058
10,5,120,6,8.76,1.46
10,5,121,9,13.09,1.4544444444444444
10,5,122,13,18.33,1.41
10,5,123,19,26.61,1.4005263157894736
10,5,124,10,13.89,1.389
10,5,125,13,17.56,1.3507692307692307
10,5,126,11,14.75,1.3409090909090908
10,5,127,6,7.87,1.3116666666666668
10,5,128,11,14.15,1.2863636363636364
10,5,129,17,21.7,1.276470588235294
10,5,130,8,10.13,1.26625
10,5,131,20,24.91,1.2455
10,5,132,13,16.04,1.2338461538461538
10,5,133,13,15.95,1.2269230769230768
10,5,134,6,7.34,1.2233333333333334
10,5,135,5,6.11,1.222
10,5,136,19,22.96,1.208421052631579
10,5,137,5,6.0,1.2
10,5,138,19,22.02,1.1589473684210525
10,5,139,2,2.26,1.13
10,5,140,16,17.45,1.090625
10,5,141,13,13.63,1.0484615384615386
10,5,142,5,5.23,1.046
10,5,143,3,3.06,1.02
10,5,144,7,7.11,1.0157142857142858
10,5,145,2,2.0,1.0
10,5,146,20,19.72,0.986
10,5,147,20,19.66,0.983
10,5,148,11,10.81,0.9827272727272728
10,5,149,11,10.8,0.9818181818181819
10,5,150,11,10.69,0.9718181818181818
10,5,151,5,4.71,0.942
10,5,152,1,0.93,0.93
10,5,153,18,16.47,0.9149999999999999
10,5,154,1,0.9,0.9
10,5,155,14,12.59,0.8992857142857142
10,5,156,2,1.77,0.885
10,5,157,10,8.39,0.8390000000000001
10,5,158,6,4.78,0.7966666666666667
10,5,159,13,9.51,0.7315384615384615
10,5,160,11,7.5,0.6818181818181818
10,5,161,14,8.88,0.6342857142857143
10,5,162,11,6.97,0.6336363636363637
10,5,163,16,10.13,0.633125
10,5,164,20,12.51,0.6255
10,5,165,3,1.86,0.62
10,5,166,18,11.06,0.6144444444444445
10,5,167,10,6.13,0.613
10,5,168,14,8.28,0.5914285714285714
10,5,169,20,11.78,0.589
10,5,170,17,9.66,0.5682352941176471
10,5,171,2,1.13,0.565
10,5,172,1,0.56,0.56
10,5,173,7,3.86,0.5514285714285714
10,5,174,4,2.18,0.545
10,5,175,19,10.12,0.5326315789473683
10,5,176,5,2.66,0.532
10,5,177,18,9.19,0.5105555555555555
10,5,178,4,2.04,0.51
10,5,179,9,4.48,0.4977777777777778
10,5,180,3,1.38,0.45999999999999996
10,5,181,8,3.62,0.4525
10,5,182,3,1.28,0.4266666666666667
10,5,183,14,5.87,0.4192857142857143
10,5,184,20,8.37,0.4185
10,5,185,2,0.83,0.415
10,5,186,9,3.64,0.40444444444444444
10,5,187,13,5.15,0.3961538461538462
10,5,188,17,6.55,0.3852941176470588
10,5,189,9,3.43,0.3811111111111111
10,5,190,19,6.61,0.34789473684210526
10,5,191,14,4.84,0.3457142857142857
10,5,192,18,5.56,0.3088888888888889
10,5,193,4,1.22,0.305
10,5,194,3,0.89,0.2966666666666667
10,5,195,4,0.91,0.2275
10,5,196,12,2.69,0.22416666666666665
10,5,197,14,3.1,0.22142857142857145
10,5,198,19,4.01,0.21105263157894735
10,5,199,15,2.68,0.17866666666666667
10,16,0,2,8.45,4.225
10,16,1,20,84.36,4.218
10,16,2,19,80.01,4.211052631578948
10,16,3,12,50.29,4.190833333333333
10,16,4,1,4.18,4.18
10,16,5,16,66.82,4.17625
10,16,6,17,70.67,4.157058823529412
10,16,7,4,16.56,4.14
10,16,8,3,12.4,4.133333333333334
10,16,9,10,41.24,4.1240000000000006
10,16,10,19,77.48,4.077894736842105
10,16,11,11,44.66,4.06
10,16,12,8,32.45,4.05625
10,16,13,8,32.35,4.04375
10,16,14,11,44.35,4.031818181818182
10,16,15,20,79.2,3.96
10,16,16,17,67.12,3.9482352941176475
10,16,17,4,15.78,3.945
10,16,18,5,19.71,3.942
10,16,19,6,23.37,3.895
10,16,20,18,70.05,3.8916666666666666
10,16,21,4,15.56,3.89
10,16,22,4,15.52,3.88
10,16,23,3,11.61,3.8699999999999997
10,16,24,16,61.83,3.864375
10,16,25,3,11.54,3.8466666666666662
10,16,26,11,42.16,3.8327272727272725
10,16,27,1,3.83,3.83
10,16,28,9,34.39,3.821111111111111
10,16,29,5,19.02,3.804
10,16,30,13,49.06,3.773846153846154
10,16,31,2,7.51,3.755
10,16,32,18,67.54,3.7522222222222226
10,16,33,2,7.47,3.735
10,16,34,6,22.28,3.7133333333333334
10,16,35,10,36.8,3.6799999999999997
10,16,36,14,50.74,3.6242857142857146
10,16,37,15,53.81,3.5873333333333335
10,16,38,19,67.81,3.568947368421053
10,16,39,19,67.01,3.526842105263158
10,16,40,20,69.59,3.4795000000000003
10,16,41,13,44.67,3.436153846153846
10,16,42,14,47.75,3.4107142857142856
10,16,43,15,51.14,3.4093333333333335
10,16,44,1,3.31,3.31
10,16,45,11,36.38,3.3072727272727276
10,16,46,16,52.0,3.25
10,16,47,3,9.59,3.1966666666666668
10,16,48,8,25.3,3.1625
10,16,49,5,15.69,3.138
10,16,50,11,34.46,3.132727272727273
10,16,51,17,53.2,3.1294117647058823
10,16,52,13,40.45,3.1115384615384616
10,16,53,17,52.84,3.108235294117647
10,16,54,15,46.44,3.0959999999999996
10,16,55,11,33.89,3.080909090909091
10,16,56,4,12.26,3.065
10,16,57,13,39.66,3.0507692307692307
10,16,58,14,42.67,3.047857142857143
10,16,59,12,36.16,3.013333333333333
10,16,60,12,36.14,3.0116666666666667
10,16,61,11,32.97,2.997272727272727
10,16,62,7,20.5,2.9285714285714284
10,16,63,8,23.41,2.92625
10,16,64,20,58.43,2.9215
10,16,65,18,52.42,2.9122222222222223
10,16,66,16,46.0,2.875
10,16,67,11,31.4,2.8545454545454545
10,16,68,2,5.7,2.85
10,16,69,18,51.1,2.838888888888889
10,16,70,11,30.92,2.810909090909091
10,16,71,13,36.53,2.81
10,16,72,15,41.91,2.7939999999999996
10,16,73,4,11.11,2.7775
10,16,74,13,35.38,2.721538461538462
10,16,75,9,24.36,2.7066666666666666
10,16,76,5,13.33,2.666
10,16,77,19,50.43,2.6542105263157896
10,16,78,10,26.24,2.6239999999999997
10,16,79,15,39.32,2.6213333333333333
10,16,80,5,13.03,2.606
10,16,81,20,51.99,2.5995
10,16,82,8,20.69,2.58625
10,16,83,1,2.57,2.57
10,16,84,16,40.98,2.56125
10,16,85,11,27.78,2.5254545454545454
10,16,86,1,2.52,2.52
10,16,87,12,29.99,2.4991666666666665
10,16,88,9,22.01,2.445555555555556
10,16,89,16,38.99,2.436875
10,16,90,7,17.02,2.4314285714285715
10,16,91,18,43.73,2.429444444444444
10,16,92,1,2.41,2.41
10,16,93,10,23.91,2.391
10,16,94,1,2.36,2.36
10,16,95,20,46.5,2.325
10,16,96,12,27.9,2.3249999999999997
10,16,97,19,43.66,2.297894736842105
10,16,98,14,31.95,2.282142857142857
10,16,99,10,22.25,2.225
10,16,100,16,34.96,2.185
10,16,101,16,34.96,2.185
10,16,102,18,39.14,2.1744444444444446
10,16,103,17,36.67,2.157058823529412
10,16,104,13,27.75,2.1346153846153846
10,16,105,2,4.21,2.105
10,16,106,7,14.66,2.0942857142857143
10,16,107,6,12.48,2.08
10,16,108,5,10.13,2.0260000000000002
10,16,109,11,21.97,1.997272727272727
10,16,110,3,5.96,1.9866666666666666
10,16,111,15,29.76,1.9840000000000002
10,16,112,12,23.64,1.97
10,16,113,1,1.94,1.94
10,16,114,9,16.95,1.8833333333333333
10,16,115,15,28.06,1.8706666666666665
10,16,116,5,9.28,1.8559999999999999
10,16,117,5,9.28,1.8559999999999999
10,16,118,9,15.93,1.77
10,16,119,15,26.28,1.752
10,16,120,14,24.13,1.7235714285714285
10,16,121,17,29.17,1.7158823529411766
10,16,122,2,3.39,1.695
10,16,123,5,8.47,1.6940000000000002
10,16,124,11,18.52,1.6836363636363636
10,16,125,4,6.71,1.6775
10,16,126,12,20.04,1.67
10,16,127,15,24.99,1.666
10,16,128,16,26.41,1.650625
10,16,129,2,3.16,1.58
10,16,130,17,25.75,1.5147058823529411
10,16,131,2,3.02,1.51
10,16,132,14,20.93,1.4949999999999999
10,16,133,4,5.89,1.4725
10,16,134,2,2.91,1.455
10,16,135,5,7.22,1.444
10,16,136,19,27.29,1.4363157894736842
10,16,137,1,1.43,1.43
10,16,138,9,12.17,1.3522222222222222
10,16,139,10,13.52,1.3519999999999999
10,16,140,6,8.06,1.3433333333333335
10,16,141,19,25.36,1.3347368421052632
10,16,142,11,14.62,1.329090909090909
10,16,143,16,21.21,1.325625
10,16,144,17,22.51,1.3241176470588236
10,16,145,7,9.07,1.2957142857142858
10,16,146,10,12.92,1.292
10,16,147,17,21.46,1.2623529411764707
10,16,148,12,14.49,1.2075
10,16,149,5,5.99,1.198
10,16,150,6,7.08,1.18
10,16,151,12,14.16,1.18
10,16,152,9,10.52,1.1688888888888889
10,16,153,8,9.21,1.15125
10,16,154,14,15.66,1.1185714285714285
10,16,155,3,3.28,1.0933333333333333
10,16,156,10,10.88,1.088
10,16,157,9,9.63,1.07
10,16,158,8,8.48,1.06
10,16,159,2,2.1,1.05
10,16,160,5,5.2,1.04
10,16,161,16,16.33,1.020625
10,16,162,1,1.01,1.01
10,16,163,15,14.87,0.9913333333333333
10,16,164,11,10.81,0.9827272727272728
10,16,165,15,14.64,0.9760000000000001
10,16,166,13,12.44,0.9569230769230769
10,16,167,11,10.49,0.9536363636363636
10,16,168,12,11.27,0.9391666666666666
10,16,169,8,6.98,0.8725
10,16,170,14,12.19,0.8707142857142857
10,16,171,18,15.34,0.8522222222222222
10,16,172,11,8.94,0.8127272727272726
10,16,173,17,13.4,0.788235294117647
10,16,174,14,10.68,0.7628571428571428
10,16,175,15,11.21,0.7473333333333334
10,16,176,12,8.53,0.7108333333333333
10,16,177,17,11.94,0.7023529411764705
10,16,178,19,13.27,0.6984210526315789
10,16,179,14,9.52,0.6799999999999999
10,16,180,17,11.46,0.6741176470588236
10,16,181,11,7.33,0.6663636363636364
10,16,182,11,7.26,0.66
10,16,183,14,8.93,0.6378571428571428
10,16,184,16,9.56,0.5975
10,16,185,1,0.58,0.58
10,16,186,15,8.7,0.58
10,16,187,6,3.37,0.5616666666666666
10,16,188,17,8.68,0.5105882352941177
10,16,189,20,10.18,0.509
10,16,190,15,7.2,0.48000000000000004
10,16,191,13,6.21,0.4776923076923077
10,16,192,15,7.06,0.4706666666666666
10,16,193,1,0.47,0.47
10,16,194,3,1.1,0.3666666666666667
10,16,195,2,0.73,0.365
10,16,196,15,5.4,0.36000000000000004
10,16,197,6,1.6,0.26666666666666666
10,16,198,14,3.12,0.22285714285714286
10,16,199,1,0.17,0.17
10,17,0,9,41.13,4.57
10,17,1,17,77.35,4.55
10,17,2,18,81.7,4.538888888888889
10,17,3,14,63.42,4.53
10,17,4,19,84.94,4.470526315789473
10,17,5,14,62.38,4.4557142857142855
10,17,6,19,84.56,4.450526315789474
10,17,7,18,79.79,4.432777777777778
10,17,8,2,8.81,4.405
10,17,9,1,4.38,4.38
10,17,10,13,55.97,4.305384615384615
10,17,11,4,17.03,4.2575
10,17,12,4,16.92,4.23
10,17,13,3,12.69,4.2299999999999995
10,17,14,13,54.63,4.202307692307692
10,17,15,16,66.97,4.185625
10,17,16,4,16.71,4.1775
10,17,17,13,54.26,4.173846153846154
10,17,18,2,8.3,4.15
10,17,19,7,28.8,4.114285714285715
10,17,20,20,81.78,4.089
10,17,21,3,12.21,4.07
10,17,22,16,64.57,4.035625
10,17,23,11,44.29,4.026363636363636
10,17,24,15,60.37,4.024666666666667
10,17,25,2,8.03,4.015
10,17,26,15,60.12,4.008
10,17,27,12,47.87,3.9891666666666663
10,17,28,10,39.65,3.965
10,17,29,19,74.91,3.9426315789473683
10,17,30,4,15.72,3.93
10,17,31,4,15.55,3.8875
10,17,32,16,61.81,3.863125
10,17,33,20,76.33,3.8165
10,17,34,12,45.52,3.7933333333333334
10,17,35,8,30.29,3.78625
10,17,36,5,18.9,3.78
10,17,37,5,18.56,3.7119999999999997
10,17,38,3,11.1,3.6999999999999997
10,17,39,2,7.39,3.695
10,17,40,10,36.83,3.683
10,17,41,16,58.72,3.67
10,17,42,16,57.8,3.6125
10,17,43,16,57.34,3.58375
10,17,44,8,28.48,3.56
10,17,45,15,52.69,3.5126666666666666
10,17,46,5,17.38,3.476
10,17,47,2,6.95,3.475
10,17,48,11,37.77,3.433636363636364
10,17,49,20,68.32,3.4159999999999995
10,17,50,4,13.52,3.38
10,17,51,6,20.26,3.376666666666667
10,17,52,19,63.56,3.345263157894737
10,17,53,4,13.26,3.315
10,17,54,12,39.46,3.2883333333333336
10,17,55,8,25.57,3.19625
10,17,56,5,15.93,3.186
10,17,57,20,63.67,3.1835
10,17,58,5,15.68,3.136
10,17,59,6,18.76,3.126666666666667
10,17,60,13,40.15,3.088461538461538
10,17,61,2,6.15,3.075
10,17,62,10,30.27,3.027
10,17,63,17,51.12,3.0070588235294116
10,17,64,4,12.01,3.0025
10,17,65,6,17.64,2.94
10,17,66,20,58.53,2.9265
10,17,67,16,46.82,2.92625
10,17,68,4,11.7,2.925
10,17,69,19,55.26,2.908421052631579
10,17,70,13,37.61,2.893076923076923
10,17,71,3,8.66,2.8866666666666667
10,17,72,8,23.05,2.88125
10,17,73,10,28.78,2.878
10,17,74,9,25.77,2.8633333333333333
10,17,75,3,8.53,2.8433333333333333
10,17,76,15,41.98,2.7986666666666666
10,17,77,16,44.63,2.789375
10,17,78,18,50.08,2.782222222222222
10,17,79,1,2.77,2.77
10,17,80,11,29.93,2.7209090909090907
10,17,81,10,27.05,2.705
10,17,82,17,45.31,2.665294117647059
10,17,83,3,7.88,2.6266666666666665
10,17,84,9,23.28,2.586666666666667
10,17,85,10,25.82,2.582
10,17,86,20,51.56,2.5780000000000003
10,17,87,16,41.01,2.563125
10,17,88,3,7.67,2.5566666666666666
10,17,89,14,35.75,2.5535714285714284
10,17,90,20,50.4,2.52
10,17,91,3,7.53,2.5100000000000002
10,17,92,6,14.92,2.486666666666667
10,17,93,17,42.17,2.4805882352941175
10,17,94,6,14.78,2.4633333333333334
10,17,95,17,41.61,2.4476470588235295
10,17,96,9,21.53,2.3922222222222222
10,17,97,6,14.21,2.3683333333333336
10,17,98,13,30.64,2.356923076923077
10,17,99,17,39.18,2.304705882352941
10,17,100,17,38.83,2.2841176470588236
10,17,101,12,27.26,2.271666666666667
10,17,102,10,22.7,2.27
10,17,103,18,40.72,2.2622222222222224
10,17,104,7,15.7,2.242857142857143
10,17,105,12,26.72,2.2266666666666666
10,17,106,8,17.77,2.22125
10,17,107,19,42.0,2.210526315789474
10,17,108,18,39.77,2.2094444444444448
10,17,109,19,41.03,2.159473684210526
10,17,110,12,25.76,2.146666666666667
10,17,111,15,31.62,2.108
10,17,112,16,32.94,2.05875
10,17,113,9,18.34,2.037777777777778
10,17,114,2,4.05,2.025
10,17,115,4,8.03,2.0075
10,17,116,12,24.06,2.005
10,17,117,14,27.28,1.9485714285714286
10,17,118,5,9.7,1.94
10,17,119,17,32.6,1.9176470588235295
10,17,120,10,19.09,1.909
10,17,121,7,13.25,1.8928571428571428
10,17,122,6,11.17,1.8616666666666666
10,17,123,1,1.86,1.86
10,17,124,2,3.66,1.83
10,17,125,20,36.1,1.8050000000000002
10,17,126,4,7.18,1.795
10,17,127,1,1.73,1.73
10,17,128,19,32.78,1.7252631578947368
10,17,129,5,8.56,1.7120000000000002
10,17,130,10,17.0,1.7
10,17,131,19,32.21,1.6952631578947368
10,17,132,3,5.08,1.6933333333333334
10,17,133,4,6.66,1.665
10,17,134,2,3.31,1.655
10,17,135,1,1.63,1.63
10,17,136,11,16.74,1.5218181818181817
10,17,137,7,10.62,1.5171428571428571
10,17,138,18,26.82,1.49
10,17,139,12,17.83,1.4858333333333331
10,17,140,18,25.98,1.4433333333333334
10,17,141,4,5.71,1.4275
10,17,142,10,14.23,1.423
10,17,143,7,9.46,1.3514285714285716
10,17,144,3,3.94,1.3133333333333332
10,17,145,15,19.56,1.3039999999999998
10,17,146,1,1.29,1.29
10,17,147,13,16.06,1.2353846153846153
10,17,148,20,23.03,1.1515
10,17,149,10,11.37,1.137
10,17,150,20,22.46,1.123
10,17,151,13,13.74,1.0569230769230769
10,17,152,3,3.11,1.0366666666666666
10,17,153,5,5.16,1.032
10,17,154,15,15.43,1.0286666666666666
10,17,155,12,12.21,1.0175
10,17,156,14,14.16,1.0114285714285713
10,17,157,8,8.0,1.0
10,17,158,9,8.87,0.9855555555555555
10,17,159,2,1.97,0.985
10,17,160,12,11.56,0.9633333333333334
10,17,161,17,16.03,0.9429411764705883
10,17,162,7,6.57,0.9385714285714286
10,17,163,4,3.71,0.9275
10,17,164,18,16.23,0.9016666666666667
10,17,165,7,6.26,0.8942857142857142
10,17,166,10,8.89,0.889
10,17,167,17,14.72,0.8658823529411765
10,17,168,3,2.54,0.8466666666666667
10,17,169,2,1.67,0.835
10,17,170,15,12.29,0.8193333333333332
10,17,171,15,12.12,0.8079999999999999
10,17,172,20,16.1,0.805
10,17,173,5,4.02,0.8039999999999999
10,17,174,1,0.8,0.8
10,17,175,13,10.35,0.7961538461538461
10,17,176,7,5.23,0.7471428571428572
10,17,177,10,7.21,0.721
10,17,178,4,2.74,0.685
10,17,179,11,7.53,0.6845454545454546
10,17,180,12,8.19,0.6825
10,17,181,13,8.49,0.6530769230769231
10,17,182,19,12.14,0.6389473684210527
10,17,183,6,3.78,0.63
10,17,184,9,5.34,0.5933333333333333
10,17,185,1,0.57,0.57
10,17,186,6,3.37,0.5616666666666666
10,17,187,2,1.03,0.515
10,17,188,8,4.07,0.50875
10,17,189,5,2.49,0.49800000000000005
10,17,190,5,2.36,0.472
10,17,191,7,2.9,0.41428571428571426
10,17,192,2,0.82,0.41
10,17,193,20,6.65,0.3325
10,17,194,14,4.13,0.295
10,17,195,15,4.31,0.28733333333333333
10,17,196,12,2.89,0.24083333333333334
10,17,197,13,3.05,0.23461538461538461
10,17,198,19,4.02,0.21157894736842103
10,17,199,10,1.86,0.186
10,24,0,13,52.1,4.007692307692308
10,24,1,8,31.95,3.99375
10,24,2,15,59.61,3.9739999999999998
10,24,3,15,59.59,3.972666666666667
10,24,4,2,7.94,3.97
10,24,5,12,47.63,3.9691666666666667
10,24,6,11,43.53,3.9572727272727275
10,24,7,9,35.54,3.948888888888889
10,24,8,4,15.7,3.925
10,24,9,8,31.21,3.90125
10,24,10,15,58.36,3.8906666666666667
10,24,11,6,23.33,3.888333333333333
10,24,12,9,34.96,3.8844444444444446
10,24,13,18,69.26,3.847777777777778
10,24,14,12,46.09,3.8408333333333338
10,24,15,17,65.28,3.84
10,24,16,11,42.16,3.8327272727272725
10,24,17,8,30.65,3.83125
10,24,18,5,18.86,3.772
10,24,19,11,41.4,3.7636363636363637
10,24,20,3,11.11,3.703333333333333
10,24,21,3,11.08,3.6933333333333334
10,24,22,9,33.09,3.676666666666667
10,24,23,18,65.84,3.657777777777778
10,24,24,18,64.82,3.601111111111111
10,24,25,9,32.15,3.572222222222222
10,24,26,5,17.77,3.554
10,24,27,8,28.39,3.54875
10,24,28,17,59.93,3.525294117647059
10,24,29,14,49.29,3.5207142857142855
10,24,30,13,45.76,3.52
10,24,31,9,31.61,3.5122222222222224
10,24,32,8,27.7,3.4625
10,24,33,17,58.81,3.4594117647058824
10,24,34,16,55.29,3.455625
10,24,35,17,58.51,3.4417647058823526
10,24,36,10,34.37,3.437
10,24,37,8,26.96,3.37
10,24,38,10,33.69,3.3689999999999998
10,24,39,17,56.97,3.351176470588235
10,24,40,12,40.19,3.3491666666666666
10,24,41,11,36.45,3.313636363636364
10,24,42,4,13.09,3.2725
10,24,43,15,48.84,3.2560000000000002
10,24,44,2,6.48,3.24
10,24,45,8,25.69,3.21125
10,24,46,5,15.99,3.198
10,24,47,1,3.18,3.18
10,24,48,13,41.06,3.1584615384615384
10,24,49,16,50.23,3.139375
10,24,50,15,46.97,3.131333333333333
10,24,51,19,58.9,3.1
10,24,52,14,42.86,3.0614285714285714
10,24,53,13,39.55,3.042307692307692
10,24,54,13,39.5,3.0384615384615383
10,24,55,7,21.0,3.0
10,24,56,16,47.82,2.98875
10,24,57,6,17.78,2.9633333333333334
10,24,58,18,52.79,2.932777777777778
10,24,59,11,32.23,2.9299999999999997
10,24,60,8,23.04,2.88
10,24,61,20,57.38,2.869
10,24,62,12,34.26,2.855
10,24,63,6,16.92,2.8200000000000003
10,24,64,11,30.73,2.7936363636363635
10,24,65,14,39.02,2.7871428571428574
10,24,66,9,25.05,2.783333333333333
10,24,67,16,44.35,2.771875
10,24,68,3,8.31,2.77
10,24,69,4,11.03,2.7575
10,24,70,19,52.05,2.7394736842105263
10,24,71,1,2.73,2.73
10,24,72,9,24.46,2.717777777777778
10,24,73,12,32.17,2.6808333333333336
10,24,74,10,26.79,2.679
10,24,75,11,29.34,2.6672727272727275
10,24,76,7,18.54,2.6485714285714286
10,24,77,5,13.24,2.648
10,24,78,13,34.23,2.633076923076923
10,24,79,6,15.38,2.5633333333333335
10,24,80,9,22.92,2.546666666666667
10,24,81,6,15.28,2.5466666666666664
10,24,82,3,7.62,2.54
10,24,83,18,45.09,2.5050000000000003
10,24,84,12,30.0,2.5
10,24,85,3,7.5,2.5
10,24,86,15,37.07,2.4713333333333334
10,24,87,12,29.46,2.455
10,24,88,20,48.68,2.434
10,24,89,9,21.42,2.3800000000000003
10,24,90,10,23.77,2.377
10,24,91,18,42.75,2.375
10,24,92,9,21.29,2.3655555555555554
10,24,93,17,39.79,2.3405882352941174
10,24,94,20,45.63,2.2815000000000003
10,24,95,1,2.28,2.28
10,24,96,13,29.1,2.2384615384615385
10,24,97,6,12.82,2.1366666666666667
10,24,98,17,36.07,2.1217647058823528
10,24,99,18,38.11,2.1172222222222223
10,24,100,6,12.61,2.1016666666666666
10,24,101,6,12.58,2.0966666666666667
10,24,102,5,10.41,2.082
10,24,103,11,22.82,2.0745454545454547
10,24,104,1,2.06,2.06
10,24,105,9,18.54,2.06
10,24,106,2,4.07,2.035
10,24,107,9,18.07,2.0077777777777777
10,24,108,14,27.81,1.9864285714285714
10,24,109,19,36.23,1.9068421052631577
10,24,110,12,22.72,1.8933333333333333
10,24,111,5,9.46,1.8920000000000001
10,24,112,13,24.59,1.8915384615384616
10,24,113,15,28.29,1.886
10,24,114,2,3.77,1.885
10,24,115,16,30.07,1.879375
10,24,116,12,21.81,1.8175
10,24,117,19,34.35,1.8078947368421054
10,24,118,6,10.82,1.8033333333333335
10,24,119,14,25.13,1.795
10,24,120,14,24.95,1.782142857142857
10,24,121,6,10.47,1.745
10,24,122,1,1.73,1.73
10,24,123,13,22.26,1.7123076923076925
10,24,124,9,15.12,1.68
10,24,125,7,11.7,1.6714285714285713
10,24,126,2,3.33,1.665
10,24,127,3,4.8,1.5999999999999999
10,24,128,9,14.18,1.5755555555555556
10,24,129,19,29.92,1.5747368421052632
10,24,130,12,18.57,1.5475
10,24,131,4,6.13,1.5325
10,24,132,6,9.18,1.53
10,24,133,14,20.66,1.4757142857142858
10,24,134,4,5.82,1.455
10,24,135,17,24.27,1.4276470588235295
10,24,136,12,16.79,1.3991666666666667
10,24,137,4,5.56,1.39
10,24,138,4,5.48,1.37
10,24,139,2,2.68,1.34
10,24,140,4,5.33,1.3325
10,24,141,6,7.73,1.2883333333333333
10,24,142,4,5.14,1.285
10,24,143,13,16.39,1.2607692307692309
10,24,144,6,7.54,1.2566666666666666
10,24,145,19,23.77,1.2510526315789474
10,24,146,9,10.88,1.208888888888889
10,24,147,2,2.4,1.2
10,24,148,19,22.39,1.178421052631579
10,24,149,16,18.76,1.1725
10,24,150,13,15.0,1.1538461538461537
10,24,151,11,12.58,1.1436363636363636
10,24,152,3,3.42,1.14
10,24,153,11,12.49,1.1354545454545455
10,24,154,1,1.13,1.13
10,24,155,4,4.52,1.13
10,24,156,7,7.88,1.1257142857142857
10,24,157,6,6.65,1.1083333333333334
10,24,158,11,12.01,1.0918181818181818
10,24,159,16,17.25,1.078125
10,24,160,19,19.75,1.0394736842105263
10,24,161,6,6.04,1.0066666666666666
10,24,162,16,15.79,0.986875
10,24,163,19,18.26,0.9610526315789475
10,24,164,19,17.92,0.9431578947368422
10,24,165,16,14.69,0.918125
10,24,166,5,4.59,0.9179999999999999
10,24,167,12,10.83,0.9025
10,24,168,4,3.54,0.885
10,24,169,4,3.54,0.885
10,24,170,9,7.85,0.8722222222222222
10,24,171,6,5.03,0.8383333333333334
10,24,172,1,0.82,0.82
10,24,173,17,13.74,0.808235294117647
10,24,174,16,11.72,0.7325
10,24,175,16,11.64,0.7275
10,24,176,8,5.32,0.665
10,24,177,13,8.38,0.6446153846153847
10,24,178,7,4.39,0.6271428571428571
10,24,179,3,1.82,0.6066666666666667
10,24,180,16,8.38,0.52375
10,24,181,10,5.19,0.519
10,24,182,4,1.79,0.4475
10,24,183,16,6.74,0.42125
10,24,184,11,4.46,0.40545454545454546
10,24,185,12,4.5,0.375
10,24,186,8,2.97,0.37125
10,24,187,12,4.27,0.3558333333333333
10,24,188,11,3.77,0.3427272727272727
10,24,189,5,1.67,0.33399999999999996
10,24,190,13,4.22,0.3246153846153846
10,24,191,4,1.08,0.27
10,24,192,10,2.66,0.266
10,24,193,15,3.71,0.24733333333333332
10,24,194,9,2.14,0.23777777777777778
10,24,195,7,1.59,0.22714285714285715
10,24,196,18,3.93,0.21833333333333335
10,24,197,6,1.24,0.20666666666666667
10,24,198,16,3.25,0.203125
10,24,199,5,0.89,0.178
10,29,0,15,68.1,4.54
10,29,1,7,31.72,4.531428571428571
10,29,2,2,9.04,4.52
10,29,3,4,17.7,4.425
10,29,4,20,88.3,4.415
10,29,5,20,88.14,4.407
10,29,6,4,17.54,4.385
10,29,7,5,21.83,4.366
10,29,8,13,56.43,4.340769230769231
10,29,9,7,30.3,4.328571428571428
10,29,10,5,21.59,4.318
10,29,11,9,38.43,4.27
10,29,12,19,80.66,4.245263157894737
10,29,13,13,54.77,4.213076923076923
10,29,14,6,25.26,4.21
10,29,15,17,70.93,4.172352941176471
10,29,16,13,53.5,4.115384615384615
10,29,17,4,16.45,4.1125
10,29,18,18,73.68,4.093333333333334
10,29,19,1,4.08,4.08
10,29,20,11,44.6,4.054545454545455
10,29,21,10,40.53,4.053
10,29,22,7,28.25,4.035714285714286
10,29,23,5,20.09,4.018
10,29,24,8,32.13,4.01625
10,29,25,18,71.94,3.9966666666666666
10,29,26,20,79.65,3.9825000000000004
10,29,27,7,27.66,3.9514285714285715
10,29,28,9,35.49,3.9433333333333334
10,29,29,4,15.54,3.885
10,29,30,14,53.9,3.85
10,29,31,5,19.18,3.836
10,29,32,6,23.0,3.8333333333333335
10,29,33,19,72.46,3.8136842105263153
10,29,34,7,26.53,3.79
10,29,35,8,30.2,3.775
10,29,36,13,48.43,3.7253846153846153
10,29,37,15,54.91,3.6606666666666663
10,29,38,14,51.11,3.650714285714286
10,29,39,19,69.25,3.6447368421052633
10,29,40,9,32.2,3.577777777777778
10,29,41,2,7.15,3.575
10,29,42,2,7.0,3.5
10,29,43,5,17.44,3.4880000000000004
10,29,44,13,45.09,3.468461538461539
10,29,45,11,37.71,3.428181818181818
10,29,46,13,44.36,3.4123076923076923
10,29,47,8,27.28,3.41
10,29,48,8,27.22,3.4025
10,29,49,18,59.8,3.322222222222222
10,29,50,4,13.04,3.26
10,29,51,16,52.15,3.259375
10,29,52,17,55.24,3.2494117647058824
10,29,53,8,25.87,3.23375
10,29,54,7,22.57,3.224285714285714
10,29,55,1,3.18,3.18
10,29,56,15,47.34,3.156
10,29,57,18,56.31,3.1283333333333334
10,29,58,20,61.56,3.0780000000000003
10,29,59,20,61.45,3.0725000000000002
10,29,60,16,48.92,3.0575
10,29,61,4,12.2,3.05
10,29,62,17,51.77,3.045294117647059
10,29,63,7,21.28,3.04
10,29,64,6,18.04,3.0066666666666664
10,29,65,1,2.96,2.96
10,29,66,1,2.96,2.96
10,29,67,8,23.37,2.92125
10,29,68,8,23.31,2.91375
10,29,69,7,20.26,2.8942857142857146
10,29,70,4,11.5,2.875
10,29,71,1,2.84,2.84
10,29,72,6,16.88,2.813333333333333
10,29,73,2,5.6,2.8
10,29,74,19,52.66,2.771578947368421
10,29,75,10,27.56,2.756
10,29,76,17,46.15,2.7147058823529413
10,29,77,12,32.38,2.6983333333333337
10,29,78,4,10.64,2.66
10,29,79,4,10.63,2.6575
10,29,80,14,36.77,2.626428571428572
10,29,81,19,49.83,2.6226315789473684
10,29,82,2,5.22,2.61
10,29,83,4,10.4,2.6
10,29,84,13,33.74,2.5953846153846154
10,29,85,20,50.75,2.5375
10,29,86,19,47.82,2.5168421052631578
10,29,87,16,39.77,2.485625
10,29,88,19,47.21,2.484736842105263
10,29,89,3,7.4,2.466666666666667
10,29,90,19,46.76,2.4610526315789474
10,29,91,15,36.85,2.4566666666666666
10,29,92,15,36.84,2.4560000000000004
10,29,93,13,31.6,2.430769230769231
10,29,94,6,14.42,2.4033333333333333
10,29,95,20,47.74,2.387
10,29,96,4,9.47,2.3675
10,29,97,12,28.38,2.3649999999999998
10,29,98,6,14.16,2.36
10,29,99,4,9.28,2.32
10,29,100,2,4.4,2.2
10,29,101,16,35.12,2.195
10,29,102,17,36.95,2.173529411764706
10,29,103,15,31.44,2.096
10,29,104,14,29.12,2.08
10,29,105,8,16.49,2.06125
10,29,106,1,2.06,2.06
10,29,107,11,22.04,2.0036363636363634
10,29,108,7,13.81,1.9728571428571429
10,29,109,19,37.23,1.9594736842105263
10,29,110,12,23.49,1.9574999999999998
10,29,111,1,1.95,1.95
10,29,112,10,19.46,1.9460000000000002
10,29,113,11,20.81,1.8918181818181816
10,29,114,18,33.87,1.8816666666666666
10,29,115,1,1.87,1.87
10,29,116,3,5.59,1.8633333333333333
10,29,117,7,13.0,1.8571428571428572
10,29,118,9,16.64,1.848888888888889
10,29,119,10,18.48,1.848
10,29,120,6,11.05,1.8416666666666668
10,29,121,6,10.75,1.7916666666666667
10,29,122,4,7.14,1.785
10,29,123,2,3.53,1.765
10,29,124,6,10.58,1.7633333333333334
10,29,125,9,15.7,1.7444444444444445
10,29,126,7,11.99,1.7128571428571429
10,29,127,9,15.18,1.6866666666666665
10,29,128,11,18.47,1.679090909090909
10,29,129,11,18.38,1.670909090909091
10,29,130,3,4.99,1.6633333333333333
10,29,131,13,21.46,1.6507692307692308
10,29,132,2,3.29,1.645
10,29,133,12,19.64,1.6366666666666667
10,29,134,16,25.77,1.610625
10,29,135,6,9.58,1.5966666666666667
10,29,136,11,17.33,1.5754545454545452
10,29,137,17,26.68,1.5694117647058823
10,29,138,12,18.8,1.5666666666666667
10,29,139,12,18.57,1.5475
10,29,140,11,16.98,1.5436363636363637
10,29,141,3,4.62,1.54
10,29,142,3,4.53,1.51
10,29,143,19,28.33,1.4910526315789472
10,29,144,20,29.38,1.4689999999999999
10,29,145,6,8.6,1.4333333333333333
10,29,146,19,26.43,1.3910526315789473
10,29,147,14,19.26,1.375714285714286
10,29,148,5,6.84,1.3679999999999999
10,29,149,7,9.52,1.3599999999999999
10,29,150,8,10.7,1.3375
10,29,151,12,16.0,1.3333333333333333
10,29,152,4,5.19,1.2975
10,29,153,14,17.97,1.2835714285714286
10,29,154,4,5.02,1.255
10,29,155,5,6.25,1.25
10,29,156,10,12.35,1.2349999999999999
10,29,157,6,7.37,1.2283333333333333
10,29,158,3,3.53,1.1766666666666665
10,29,159,20,23.45,1.1724999999999999
10,29,160,20,23.1,1.155
10,29,161,4,4.61,1.1525
10,29,162,4,4.45,1.1125
10,29,163,10,11.04,1.1039999999999999
10,29,164,2,1.91,0.955
10,29,165,3,2.78,0.9266666666666666
10,29,166,16,13.83,0.864375
10,29,167,15,12.91,0.8606666666666667
10,29,168,3,2.53,0.8433333333333333
10,29,169,4,3.37,0.8425
10,29,170,6,5.0,0.8333333333333334
10,29,171,15,11.63,0.7753333333333334
10,29,172,2,1.52,0.76
10,29,173,5,3.54,0.708
10,29,174,15,10.4,0.6933333333333334
10,29,175,13,8.97,0.6900000000000001
10,29,176,20,12.84,0.642
10,29,177,9,5.41,0.6011111111111112
10,29,178,6,3.57,0.595
10,29,179,14,8.12,0.58
10,29,180,12,6.88,0.5733333333333334
10,29,181,6,3.15,0.525
10,29,182,1,0.45,0.45
10,29,183,1,0.4,0.4
10,29,184,18,6.31,0.3505555555555555
10,29,185,12,4.16,0.3466666666666667
10,29,186,3,1.04,0.3466666666666667
10,29,187,9,3.09,0.3433333333333333
10,29,188,16,5.39,0.336875
10,29,189,15,5.05,0.33666666666666667
10,29,190,12,3.64,0.30333333333333334
10,29,191,17,5.03,0.2958823529411765
10,29,192,3,0.85,0.2833333333333333
10,29,193,20,5.21,0.2605
10,29,194,2,0.5,0.25
10,29,195,3,0.72,0.24
10,29,196,5,1.16,0.23199999999999998
10,29,197,18,4.15,0.23055555555555557
10,29,198,18,3.96,0.22
10,29,199,2,0.39,0.195
10,31,0,11,57.32,5.210909090909091
10,31,1,8,41.29,5.16125
10,31,2,4,20.53,5.1325
10,31,3,20,101.87,5.093500000000001
10,31,4,7,35.36,5.051428571428572
10,31,5,6,29.93,4.988333333333333
10,31,6,17,84.65,4.979411764705882
10,31,7,15,74.64,4.976
10,31,8,20,96.37,4.8185
10,31,9,6,28.76,4.793333333333334
10,31,10,19,90.14,4.74421052631579
10,31,11,5,23.7,4.74
10,31,12,3,14.08,4.693333333333333
10,31,13,5,23.44,4.688000000000001
10,31,14,4,18.67,4.6675
10,31,15,2,9.28,4.64
10,31,16,7,32.02,4.574285714285715
10,31,17,19,86.79,4.5678947368421055
10,31,18,13,59.23,4.556153846153846
10,31,19,13,59.23,4.556153846153846
10,31,20,9,41.0,4.555555555555555
10,31,21,9,40.78,4.5311111111111115
10,31,22,12,54.28,4.523333333333333
10,31,23,13,58.34,4.487692307692308
10,31,24,17,76.15,4.479411764705882
10,31,25,13,57.44,4.418461538461538
10,31,26,6,26.51,4.418333333333334
10,31,27,5,22.06,4.412
10,31,28,4,17.64,4.41
10,31,29,12,51.99,4.3325000000000005
10,31,30,9,38.87,4.318888888888889
10,31,31,18,77.29,4.2938888888888895
10,31,32,7,29.97,4.281428571428571
10,31,33,11,46.93,4.266363636363637
10,31,34,20,85.21,4.2604999999999995
10,31,35,11,46.81,4.255454545454546
10,31,36,18,76.36,4.242222222222222
10,31,37,20,84.79,4.2395000000000005
10,31,38,6,25.39,4.2316666666666665
10,31,39,18,75.85,4.213888888888889
10,31,40,2,8.36,4.18
10,31,41,5,20.68,4.136
10,31,42,12,49.54,4.128333333333333
10,31,43,18,73.97,4.109444444444445
10,31,44,13,53.23,4.094615384615384
10,31,45,20,81.79,4.0895
10,31,46,10,40.8,4.08
10,31,47,3,12.18,4.06
10,31,48,7,28.38,4.054285714285714
10,31,49,14,56.44,4.031428571428571
10,31,50,12,47.98,3.998333333333333
10,31,51,12,47.93,3.9941666666666666
10,31,52,11,43.05,3.9136363636363636
10,31,53,17,66.43,3.90764705882353
10,31,54,1,3.85,3.85
10,31,55,5,19.23,3.846
10,31,56,12,45.61,3.8008333333333333
10,31,57,19,71.95,3.7868421052631582
10,31,58,19,71.31,3.7531578947368422
10,31,59,1,3.73,3.73
10,31,60,17,62.91,3.7005882352941173
10,31,61,1,3.67,3.67
10,31,62,19,69.56,3.6610526315789476
10,31,63,15,54.86,3.6573333333333333
10,31,64,20,73.02,3.651
10,31,65,9,32.5,3.611111111111111
10,31,66,19,68.24,3.5915789473684208
10,31,67,7,24.87,3.552857142857143
10,31,68,4,14.2,3.55
10,31,69,15,51.79,3.4526666666666666
10,31,70,5,17.06,3.412
10,31,71,16,54.26,3.39125
10,31,72,15,50.52,3.3680000000000003
10,31,73,13,42.97,3.3053846153846154
10,31,74,5,16.44,3.2880000000000003
10,31,75,17,55.1,3.2411764705882353
10,31,76,1,3.24,3.24
10,31,77,10,32.37,3.2369999999999997
10,31,78,19,61.28,3.225263157894737
10,31,79,19,60.78,3.1989473684210528
10,31,80,4,12.71,3.1775
10,31,81,7,21.85,3.1214285714285714
10,31,82,2,6.23,3.115
10,31,83,5,15.51,3.102
10,31,84,13,39.88,3.0676923076923077
10,31,85,17,51.81,3.0476470588235296
10,31,86,10,30.24,3.024
10,31,87,17,51.13,3.0076470588235296
10,31,88,4,11.94,2.985
10,31,89,2,5.93,2.965
10,31,90,16,46.98,2.93625
10,31,91,1,2.93,2.93
10,31,92,2,5.78,2.89
10,31,93,9,25.99,2.8877777777777776
10,31,94,13,37.02,2.847692307692308
10,31,95,2,5.69,2.845
10,31,96,17,48.29,2.8405882352941174
10,31,97,12,33.87,2.8225
10,31,98,12,32.89,2.7408333333333332
10,31,99,5,13.66,2.732
10,31,100,7,19.07,2.724285714285714
10,31,101,8,21.67,2.70875
10,31,102,19,51.21,2.695263157894737
10,31,103,11,29.58,2.689090909090909
10,31,104,2,5.26,2.63
10,31,105,12,31.33,2.6108333333333333
10,31,106,3,7.79,2.5966666666666667
10,31,107,13,33.75,2.5961538461538463
10,31,108,18,46.64,2.591111111111111
10,31,109,7,18.07,2.5814285714285714
10,31,110,5,12.89,2.5780000000000003
10,31,111,17,42.45,2.4970588235294118
10,31,112,10,24.79,2.479
10,31,113,20,49.09,2.4545000000000003
10,31,114,6,14.47,2.4116666666666666
10,31,115,11,26.18,2.38
10,31,116,3,6.98,2.3266666666666667
10,31,117,14,32.45,2.317857142857143
10,31,118,18,41.72,2.3177777777777777
10,31,119,11,25.31,2.300909090909091
10,31,120,3,6.9,2.3000000000000003
10,31,121,2,4.46,2.23
10,31,122,5,11.15,2.23
10,31,123,20,44.56,2.228
10,31,124,16,35.2,2.2
10,31,125,7,15.2,2.1714285714285713
10,31,126,16,33.04,2.065
10,31,127,17,34.91,2.0535294117647056
10,31,128,19,38.81,2.0426315789473684
10,31,129,8,16.24,2.03
10,31,130,16,32.07,2.004375
10,31,131,7,13.86,1.98
10,31,132,9,17.55,1.9500000000000002
10,31,133,11,21.44,1.9490909090909092
10,31,134,4,7.77,1.9425
10,31,135,5,9.61,1.922
10,31,136,16,30.59,1.911875
10,31,137,5,9.44,1.888
10,31,138,17,31.65,1.8617647058823528
10,31,139,7,12.9,1.842857142857143
10,31,140,6,11.05,1.8416666666666668
10,31,141,4,7.34,1.835
10,31,142,13,23.54,1.8107692307692307
10,31,143,17,30.14,1.7729411764705882
10,31,144,3,5.21,1.7366666666666666
10,31,145,12,20.62,1.7183333333333335
10,31,146,10,17.04,1.704
10,31,147,1,1.59,1.59
10,31,148,1,1.54,1.54
10,31,149,14,21.3,1.5214285714285716
10,31,150,18,27.38,1.521111111111111
10,31,151,9,13.25,1.4722222222222223
10,31,152,9,12.79,1.421111111111111
10,31,153,14,19.79,1.4135714285714285
10,31,154,10,14.03,1.403
10,31,155,16,21.23,1.326875
10,31,156,9,10.98,1.22
10,31,157,18,21.65,1.2027777777777777
10,31,158,9,10.81,1.2011111111111112
10,31,159,11,13.04,1.1854545454545453
10,31,160,4,4.57,1.1425
10,31,161,20,22.19,1.1095000000000002
10,31,162,19,20.35,1.0710526315789475
10,31,163,10,10.32,1.032
10,31,164,16,16.2,1.0125
10,31,165,18,18.04,1.0022222222222221
10,31,166,6,5.88,0.98
10,31,167,14,13.57,0.9692857142857143
10,31,168,8,7.65,0.95625
10,31,169,19,18.06,0.9505263157894737
10,31,170,20,18.76,0.9380000000000001
10,31,171,14,12.37,0.8835714285714286
10,31,172,18,15.44,0.8577777777777778
10,31,173,3,2.51,0.8366666666666666
10,31,174,20,16.47,0.8234999999999999
10,31,175,4,3.16,0.79
10,31,176,19,13.81,0.726842105263158
10,31,177,7,5.05,0.7214285714285714
10,31,178,14,9.07,0.6478571428571429
10,31,179,16,10.15,0.634375
10,31,180,8,4.92,0.615
10,31,181,6,3.54,0.59
10,31,182,7,4.02,0.5742857142857142
10,31,183,9,4.82,0.5355555555555556
10,31,184,20,10.18,0.509
10,31,185,11,5.35,0.48636363636363633
10,31,186,2,0.92,0.46
10,31,187,8,3.57,0.44625
10,31,188,3,1.33,0.44333333333333336
10,31,189,14,5.57,0.39785714285714285
10,31,190,2,0.78,0.39
10,31,191,14,4.87,0.34785714285714286
10,31,192,10,3.43,0.343
10,31,193,17,5.06,0.2976470588235294
10,31,194,5,1.36,0.272
10,31,195,18,4.4,0.24444444444444446
10,31,196,4,0.96,0.24
10,31,197,14,3.1,0.22142857142857145
10,31,198,4,0.86,0.215
10,31,199,7,1.5,0.21428571428571427
10,47,0,14,51.45,3.6750000000000003
10,47,1,2,7.33,3.665
10,47,2,10,36.37,3.6369999999999996
10,47,3,1,3.61,3.61
10,47,4,11,39.39,3.580909090909091
10,47,5,4,14.31,3.5775
10,47,6,18,64.19,3.566111111111111
10,47,7,16,56.87,3.554375
10,47,8,8,28.39,3.54875
10,47,9,15,53.0,3.533333333333333
10,47,10,18,63.41,3.522777777777778
10,47,11,6,21.06,3.51
10,47,12,17,59.53,3.501764705882353
10,47,13,8,28.0,3.5
10,47,14,11,38.45,3.4954545454545456
10,47,15,17,59.41,3.494705882352941
10,47,16,5,17.41,3.482
10,47,17,17,58.01,3.4123529411764704
10,47,18,8,27.09,3.38625
10,47,19,11,36.84,3.3490909090909096
10,47,20,16,53.24,3.3275
10,47,21,11,36.3,3.3
10,47,22,15,49.29,3.286
10,47,23,14,45.81,3.2721428571428572
10,47,24,19,62.16,3.271578947368421
10,47,25,8,26.0,3.25
10,47,26,16,51.92,3.245
10,47,27,13,42.13,3.240769230769231
10,47,28,6,19.24,3.2066666666666666
10,47,29,15,47.76,3.1839999999999997
10,47,30,13,40.9,3.146153846153846
10,47,31,14,43.24,3.0885714285714285
10,47,32,12,36.95,3.079166666666667
10,47,33,19,58.09,3.0573684210526317
10,47,34,13,39.49,3.037692307692308
10,47,35,16,48.48,3.03
10,47,36,10,29.97,2.997
10,47,37,8,23.93,2.99125
10,47,38,17,50.62,2.9776470588235293
10,47,39,5,14.77,2.9539999999999997
10,47,40,13,37.65,2.896153846153846
10,47,41,13,37.26,2.866153846153846
10,47,42,10,28.39,2.839
10,47,43,17,48.07,2.8276470588235294
10,47,44,16,45.06,2.81625
10,47,45,12,33.68,2.8066666666666666
10,47,46,8,22.41,2.80125
10,47,47,5,13.72,2.744
10,47,48,2,5.43,2.715
10,47,49,16,43.38,2.71125
10,47,50,17,45.54,2.6788235294117646
10,47,51,19,50.82,2.674736842105263
10,47,52,3,7.92,2.64
10,47,53,10,26.33,2.633
10,47,54,4,10.51,2.6275
10,47,55,6,15.75,2.625
10,47,56,19,49.15,2.5868421052631576
10,47,57,16,41.2,2.575
10,47,58,19,48.14,2.533684210526316
10,47,59,9,22.5,2.5
10,47,60,8,19.96,2.495
10,47,61,9,22.44,2.4933333333333336
10,47,62,15,37.35,2.49
10,47,63,5,12.31,2.462
10,47,64,7,17.14,2.448571428571429
10,47,65,2,4.85,2.425
10,47,66,1,2.42,2.42
10,47,67,18,43.52,2.417777777777778
10,47,68,12,29.0,2.4166666666666665
10,47,69,20,48.04,2.402
10,47,70,17,40.45,2.3794117647058823
10,47,71,14,32.34,2.31
10,47,72,15,34.61,2.3073333333333332
10,47,73,16,36.78,2.29875
10,47,74,10,22.91,2.291
10,47,75,5,11.4,2.2800000000000002
10,47,76,20,44.97,2.2485
10,47,77,17,38.1,2.2411764705882353
10,47,78,4,8.88,2.22
10,47,79,20,43.96,2.198
10,47,80,16,35.02,2.18875
10,47,81,20,43.74,2.1870000000000003
10,47,82,16,34.83,2.176875
10,47,83,19,41.14,2.165263157894737
10,47,84,16,34.51,2.156875
10,47,85,9,19.17,2.1300000000000003
10,47,86,6,12.7,2.1166666666666667
10,47,87,6,12.69,2.1149999999999998
10,47,88,15,31.47,2.098
10,47,89,19,39.54,2.0810526315789475
10,47,90,13,26.71,2.0546153846153845
10,47,91,9,18.44,2.048888888888889
10,47,92,13,26.61,2.046923076923077
10,47,93,15,28.39,1.8926666666666667
10,47,94,2,3.77,1.885
10,47,95,19,35.65,1.8763157894736842
10,47,96,19,35.58,1.8726315789473684
10,47,97,7,13.0,1.8571428571428572
10,47,98,3,5.48,1.8266666666666669
10,47,99,3,5.26,1.7533333333333332
10,47,100,14,24.21,1.7292857142857143
10,47,101,15,25.93,1.7286666666666666
10,47,102,7,12.0,1.7142857142857142
10,47,103,3,5.14,1.7133333333333332
10,47,104,4,6.85,1.7125
10,47,105,2,3.41,1.705
10,47,106,20,34.04,1.702
10,47,107,2,3.39,1.695
10,47,108,12,20.01,1.6675000000000002
10,47,109,11,18.13,1.6481818181818182
10,47,110,5,8.08,1.616
10,47,111,16,25.38,1.58625
10,47,112,2,3.13,1.565
10,47,113,13,19.43,1.4946153846153847
10,47,114,5,7.46,1.492
10,47,115,12,17.82,1.485
10,47,116,20,29.23,1.4615
10,47,117,11,15.97,1.451818181818182
10,47,118,1,1.45,1.45
10,47,119,16,22.44,1.4025
10,47,120,4,5.45,1.3625
10,47,121,14,18.47,1.3192857142857142
10,47,122,19,24.74,1.3021052631578947
10,47,123,5,6.39,1.278
10,47,124,10,12.73,1.2730000000000001
10,47,125,18,22.75,1.2638888888888888
10,47,126,11,13.73,1.2481818181818183
10,47,127,11,13.39,1.2172727272727273
10,47,128,10,11.86,1.186
10,47,129,6,6.87,1.145
10,47,130,17,19.39,1.1405882352941177
10,47,131,1,1.14,1.14
10,47,132,12,13.4,1.1166666666666667
10,47,133,19,21.13,1.1121052631578947
10,47,134,17,18.63,1.0958823529411763
10,47,135,7,7.55,1.0785714285714285
10,47,136,20,21.22,1.061
10,47,137,5,5.28,1.056
10,47,138,15,15.46,1.0306666666666666
10,47,139,19,19.48,1.0252631578947369
10,47,140,2,2.05,1.025
10,47,141,11,11.14,1.0127272727272727
10,47,142,17,17.19,1.0111764705882353
10,47,143,7,7.03,1.0042857142857142
10,47,144,13,12.84,0.9876923076923076
10,47,145,6,5.9,0.9833333333333334
10,47,146,15,14.26,0.9506666666666667
10,47,147,9,8.48,0.9422222222222223
10,47,148,8,7.53,0.94125
10,47,149,2,1.87,0.935
10,47,150,20,18.62,0.931
10,47,151,8,7.4,0.925
10,47,152,6,5.42,0.9033333333333333
10,47,153,20,17.2,0.86
10,47,154,14,12.03,0.8592857142857142
10,47,155,2,1.64,0.82
10,47,156,19,15.42,0.8115789473684211
10,47,157,13,10.18,0.783076923076923
10,47,158,5,3.79,0.758
10,47,159,17,12.79,0.7523529411764706
10,47,160,4,2.82,0.705
10,47,161,4,2.67,0.6675
10,47,162,16,10.29,0.643125
10,47,163,11,6.99,0.6354545454545455
10,47,164,15,9.47,0.6313333333333334
10,47,165,3,1.86,0.62
10,47,166,15,9.19,0.6126666666666666
10,47,167,15,8.95,0.5966666666666666
10,47,168,7,4.15,0.5928571428571429
10,47,169,17,10.06,0.591764705882353
10,47,170,10,5.89,0.589
10,47,171,5,2.82,0.564
10,47,172,18,9.83,0.5461111111111111
10,47,173,13,6.7,0.5153846153846154
10,47,174,1,0.51,0.51
10,47,175,11,5.6,0.509090909090909
10,47,176,4,1.99,0.4975
10,47,177,8,3.97,0.49625
10,47,178,12,5.83,0.48583333333333334
10,47,179,10,4.52,0.45199999999999996
10,47,180,12,5.01,0.4175
10,47,181,9,3.62,0.40222222222222226
10,47,182,2,0.78,0.39
10,47,183,5,1.79,0.358
10,47,184,5,1.77,0.354
10,47,185,17,5.98,0.351764705882353
10,47,186,2,0.7,0.35
10,47,187,8,2.67,0.33375
10,47,188,13,4.2,0.3230769230769231
10,47,189,13,3.92,0.30153846153846153
10,47,190,13,3.8,0.29230769230769227
10,47,191,12,3.47,0.2891666666666667
10,47,192,14,3.62,0.25857142857142856
10,47,193,4,1.02,0.255
10,47,194,9,2.24,0.2488888888888889
10,47,195,8,1.98,0.2475
10,47,196,5,1.19,0.238
10,47,197,16,3.43,0.214375
10,47,198,1,0.2,0.2
10,47,199,6,1.17,0.19499999999999998
10,48,0,15,47.4,3.1599999999999997
10,48,1,1,3.15,3.15
10,48,2,9,28.06,3.1177777777777775
10,48,3,7,21.6,3.085714285714286
10,48,4,19,58.57,3.0826315789473684
10,48,5,15,46.18,3.0786666666666664
10,48,6,1,3.07,3.07
10,48,7,5,15.3,3.06
10,48,8,11,33.55,3.05
10,48,9,8,24.07,3.00875
10,48,10,19,57.06,3.0031578947368422
10,48,11,15,45.03,3.0020000000000002
10,48,12,4,11.93,2.9825
10,48,13,1,2.98,2.98
10,48,14,1,2.96,2.96
10,48,15,13,38.39,2.953076923076923
10,48,16,1,2.93,2.93
10,48,17,6,17.55,2.9250000000000003
10,48,18,2,5.81,2.905
10,48,19,10,29.02,2.902
10,48,20,14,40.61,2.900714285714286
10,48,21,2,5.74,2.87
10,48,22,20,56.85,2.8425000000000002
10,48,23,10,28.33,2.8329999999999997
10,48,24,9,25.47,2.83
10,48,25,7,19.8,2.8285714285714287
10,48,26,18,50.91,2.828333333333333
10,48,27,10,28.25,2.825
10,48,28,11,30.92,2.810909090909091
10,48,29,6,16.77,2.795
10,48,30,7,19.48,2.782857142857143
10,48,31,14,38.91,2.779285714285714
10,48,32,4,11.11,2.7775
10,48,33,4,11.05,2.7625
10,48,34,16,43.49,2.718125
10,48,35,7,19.0,2.7142857142857144
10,48,36,8,21.69,2.71125
10,48,37,8,21.65,2.70625
10,48,38,3,8.1,2.6999999999999997
10,48,39,19,51.13,2.6910526315789474
10,48,40,12,31.97,2.6641666666666666
10,48,41,18,47.68,2.648888888888889
10,48,42,18,47.55,2.6416666666666666
10,48,43,5,13.16,2.632
10,48,44,8,20.6,2.575
10,48,45,10,25.54,2.554
10,48,46,13,33.14,2.5492307692307694
10,48,47,4,10.18,2.545
10,48,48,20,50.59,2.5295
10,48,49,4,10.09,2.5225
10,48,50,8,20.13,2.51625
10,48,51,17,42.69,2.5111764705882353
10,48,52,9,22.52,2.502222222222222
10,48,53,6,14.94,2.4899999999999998
10,48,54,13,32.15,2.473076923076923
10,48,55,16,39.22,2.45125
10,48,56,3,7.3,2.433333333333333
10,48,57,16,38.67,2.416875
10,48,58,11,26.36,2.3963636363636365
10,48,59,6,14.33,2.388333333333333
10,48,60,8,18.77,2.34625
10,48,61,3,7.02,2.34
10,48,62,20,46.55,2.3274999999999997
10,48,63,10,23.27,2.327
10,48,64,8,18.55,2.31875
10,48,65,10,22.82,2.282
10,48,66,14,31.81,2.2721428571428572
10,48,67,2,4.54,2.27
10,48,68,11,24.81,2.2554545454545454
10,48,69,16,35.69,2.230625
10,48,70,5,11.02,2.2039999999999997
10,48,71,20,42.94,2.147
10,48,72,3,6.4,2.1333333333333333
10,48,73,4,8.33,2.0825
10,48,74,11,22.85,2.0772727272727276
10,48,75,3,6.11,2.0366666666666666
10,48,76,9,18.1,2.011111111111111
10,48,77,12,23.57,1.9641666666666666
10,48,78,8,15.68,1.96
10,48,79,6,11.7,1.95
10,48,80,19,36.84,1.9389473684210528
10,48,81,1,1.92,1.92
10,48,82,18,34.43,1.9127777777777777
10,48,83,2,3.73,1.865
10,48,84,14,26.05,1.8607142857142858
10,48,85,6,11.11,1.8516666666666666
10,48,86,14,25.73,1.8378571428571429
10,48,87,15,27.44,1.8293333333333335
10,48,88,19,34.45,1.8131578947368423
10,48,89,15,27.15,1.8099999999999998
10,48,90,8,14.35,1.79375
10,48,91,9,16.14,1.7933333333333334
10,48,92,11,19.51,1.7736363636363637
10,48,93,5,8.84,1.768
10,48,94,18,31.31,1.7394444444444443
10,48,95,19,32.8,1.726315789473684
10,48,96,7,11.78,1.6828571428571428
10,48,97,18,30.16,1.6755555555555555
10,48,98,2,3.29,1.645
10,48,99,19,31.11,1.6373684210526316
10,48,100,13,21.15,1.626923076923077
10,48,101,8,12.74,1.5925
10,48,102,1,1.59,1.59
10,48,103,6,9.17,1.5283333333333333
10,48,104,4,6.01,1.5025
10,48,105,12,17.94,1.495
10,48,106,13,19.41,1.4930769230769232
10,48,107,19,28.33,1.4910526315789472
10,48,108,14,20.29,1.4492857142857143
10,48,109,3,4.32,1.4400000000000002
10,48,110,20,28.71,1.4355
10,48,111,5,7.13,1.426
10,48,112,6,8.5,1.4166666666666667
10,48,113,15,21.2,1.4133333333333333
10,48,114,11,15.38,1.3981818181818182
10,48,115,9,12.26,1.3622222222222222
10,48,116,14,18.61,1.3292857142857142
10,48,117,13,16.98,1.3061538461538462
10,48,118,7,9.11,1.3014285714285714
10,48,119,17,21.99,1.2935294117647058
10,48,120,6,7.67,1.2783333333333333
10,48,121,9,11.48,1.2755555555555556
10,48,122,18,22.87,1.2705555555555557
10,48,123,17,21.59,1.27
10,48,124,9,11.29,1.2544444444444443
10,48,125,16,20.06,1.25375
10,48,126,19,23.67,1.2457894736842106
10,48,127,15,18.66,1.244
10,48,128,11,13.31,1.21
10,48,129,13,15.68,1.2061538461538461
10,48,130,6,7.18,1.1966666666666665
10,48,131,15,17.82,1.188
10,48,132,8,9.46,1.1825
10,48,133,19,22.16,1.1663157894736842
10,48,134,19,21.81,1.1478947368421053
10,48,135,5,5.68,1.136
10,48,136,5,5.53,1.106
10,48,137,1,1.1,1.1
10,48,138,8,8.47,1.05875
10,48,139,1,1.05,1.05
10,48,140,10,10.44,1.044
10,48,141,19,19.78,1.0410526315789475
10,48,142,16,16.39,1.024375
10,48,143,2,1.98,0.99
10,48,144,18,17.75,0.9861111111111112
10,48,145,18,17.72,0.9844444444444443
10,48,146,14,13.76,0.9828571428571429
10,48,147,19,18.59,0.978421052631579
10,48,148,6,5.85,0.975
10,48,149,5,4.77,0.954
10,48,150,10,9.5,0.95
10,48,151,13,12.25,0.9423076923076923
10,48,152,20,18.79,0.9395
10,48,153,7,6.42,0.9171428571428571
10,48,154,7,6.4,0.9142857142857144
10,48,155,5,4.57,0.914
10,48,156,11,9.83,0.8936363636363637
10,48,157,2,1.78,0.89
10,48,158,10,8.75,0.875
10,48,159,16,13.8,0.8625
10,48,160,10,8.06,0.806
10,48,161,13,10.46,0.8046153846153847
10,48,162,3,2.4,0.7999999999999999
10,48,163,5,3.8,0.76
10,48,164,10,7.59,0.759
10,48,165,15,11.27,0.7513333333333333
10,48,166,17,12.69,0.7464705882352941
10,48,167,9,6.41,0.7122222222222222
10,48,168,1,0.71,0.71
10,48,169,20,14.12,0.706
10,48,170,9,6.13,0.6811111111111111
10,48,171,1,0.68,0.68
10,48,172,7,4.32,0.6171428571428572
10,48,173,2,1.17,0.585
10,48,174,8,4.61,0.57625
10,48,175,13,7.4,0.5692307692307692
10,48,176,9,4.97,0.5522222222222222
10,48,177,19,10.27,0.5405263157894736
10,48,178,18,9.65,0.5361111111111111
10,48,179,9,4.8,0.5333333333333333
10,48,180,18,9.02,0.5011111111111111
10,48,181,20,9.34,0.46699999999999997
10,48,182,15,6.98,0.4653333333333334
10,48,183,1,0.46,0.46
10,48,184,14,6.32,0.45142857142857146
10,48,185,6,2.66,0.44333333333333336
10,48,186,8,3.5,0.4375
10,48,187,8,3.43,0.42875
10,48,188,11,4.52,0.4109090909090909
10,48,189,19,7.1,0.3736842105263158
10,48,190,2,0.65,0.325
10,48,191,18,5.69,0.3161111111111111
10,48,192,12,3.22,0.26833333333333337
10,48,193,19,4.24,0.2231578947368421
10,48,194,5,1.07,0.21400000000000002
10,48,195,9,1.83,0.20333333333333334
10,48,196,10,1.68,0.16799999999999998
10,48,197,2,0.32,0.16
10,48,198,17,2.64,0.15529411764705883
10,48,199,6,0.77,0.12833333333333333
10,90,0,14,93.98,6.7128571428571435
10,90,1,2,13.33,6.665
10,90,2,8,53.32,6.665
10,90,3,16,106.52,6.6575
10,90,4,15,99.54,6.636
10,90,5,12,79.57,6.6308333333333325
10,90,6,17,112.54,6.62
10,90,7,12,78.81,6.5675
10,90,8,1,6.52,6.52
10,90,9,9,58.2,6.466666666666667
10,90,10,13,83.92,6.455384615384616
10,90,11,5,32.19,6.438
10,90,12,20,128.55,6.4275
10,90,13,15,96.32,6.421333333333333
10,90,14,5,31.99,6.398
10,90,15,3,19.16,6.386666666666667
10,90,16,15,93.41,6.227333333333333
10,90,17,18,111.89,6.216111111111111
10,90,18,8,49.37,6.17125
10,90,19,5,30.72,6.144
10,90,20,16,97.88,6.1175
10,90,21,18,108.98,6.054444444444445
10,90,22,6,35.87,5.978333333333333
10,90,23,16,94.46,5.90375
10,90,24,15,87.93,5.862
10,90,25,16,93.74,5.85875
10,90,26,15,87.76,5.850666666666667
10,90,27,16,93.29,5.830625
10,90,28,10,57.8,5.779999999999999
10,90,29,12,68.51,5.709166666666667
10,90,30,10,56.69,5.669
10,90,31,2,11.29,5.645
10,90,32,15,83.36,5.557333333333333
10,90,33,2,11.11,5.555
10,90,34,4,22.0,5.5
10,90,35,16,87.81,5.488125
10,90,36,3,16.46,5.486666666666667
10,90,37,12,64.7,5.391666666666667
10,90,38,10,53.63,5.363
10,90,39,17,90.2,5.305882352941176
10,90,40,14,74.16,5.297142857142857
10,90,41,17,89.99,5.293529411764705
10,90,42,20,105.68,5.284000000000001
10,90,43,15,79.16,5.277333333333333
10,90,44,6,31.29,5.215
10,90,45,6,31.11,5.185
10,90,46,5,25.82,5.164
10,90,47,12,61.73,5.144166666666666
10,90,48,12,61.21,5.100833333333333
10,90,49,9,45.9,5.1
10,90,50,5,25.39,5.078
10,90,51,1,5.06,5.06
10,90,52,11,55.6,5.054545454545455
10,90,53,13,64.61,4.97
10,90,54,11,53.86,4.8963636363636365
10,90,55,2,9.76,4.88
10,90,56,9,43.61,4.845555555555555
10,90,57,6,28.98,4.83
10,90,58,19,91.69,4.82578947368421
10,90,59,1,4.82,4.82
10,90,60,11,52.82,4.801818181818182
10,90,61,13,60.97,4.6899999999999995
10,90,62,17,79.53,4.6782352941176475
10,90,63,20,93.51,4.6755
10,90,64,17,79.31,4.665294117647059
10,90,65,1,4.63,4.63
10,90,66,20,92.3,4.615
10,90,67,14,64.4,4.6000000000000005
10,90,68,13,59.52,4.578461538461538
10,90,69,2,9.02,4.51
10,90,70,20,90.07,4.5035
10,90,71,18,81.01,4.500555555555556
10,90,72,3,13.47,4.49
10,90,73,13,57.1,4.392307692307693
10,90,74,13,56.74,4.364615384615385
10,90,75,5,21.79,4.358
10,90,76,16,69.52,4.345
10,90,77,7,29.8,4.257142857142857
10,90,78,19,79.86,4.203157894736842
10,90,79,5,20.96,4.192
10,90,80,12,49.1,4.091666666666667
10,90,81,18,73.59,4.088333333333334
10,90,82,14,57.16,4.082857142857143
10,90,83,11,44.4,4.036363636363636
10,90,84,3,12.08,4.026666666666666
10,90,85,19,76.17,4.008947368421053
10,90,86,18,71.65,3.980555555555556
10,90,87,1,3.98,3.98
10,90,88,9,35.73,3.9699999999999998
10,90,89,8,31.75,3.96875
10,90,90,15,57.89,3.8593333333333333
10,90,91,16,60.61,3.788125
10,90,92,13,49.08,3.775384615384615
10,90,93,11,40.97,3.7245454545454546
10,90,94,15,55.55,3.703333333333333
10,90,95,6,22.15,3.6916666666666664
10,90,96,13,47.83,3.6792307692307693
10,90,97,19,67.13,3.533157894736842
10,90,98,6,21.07,3.5116666666666667
10,90,99,6,20.19,3.365
10,90,100,11,37.0,3.3636363636363638
10,90,101,8,26.55,3.31875
10,90,102,9,29.83,3.3144444444444443
10,90,103,6,19.87,3.311666666666667
10,90,104,4,13.2,3.3
10,90,105,16,52.11,3.256875
10,90,106,2,6.48,3.24
10,90,107,10,32.27,3.2270000000000003
10,90,108,9,28.77,3.1966666666666668
10,90,109,12,38.21,3.1841666666666666
10,90,110,3,9.2,3.0666666666666664
10,90,111,19,57.51,3.026842105263158
10,90,112,2,6.02,3.01
10,90,113,20,60.06,3.003
10,90,114,1,3.0,3.0
10,90,115,9,26.52,2.9466666666666668
10,90,116,3,8.55,2.85
10,90,117,5,13.71,2.742
10,90,118,13,35.61,2.7392307692307694
10,90,119,16,43.46,2.71625
10,90,120,5,13.49,2.698
10,90,121,19,50.73,2.67
10,90,122,13,34.3,2.6384615384615384
10,90,123,13,33.58,2.583076923076923
10,90,124,13,33.07,2.543846153846154
10,90,125,16,39.93,2.495625
10,90,126,3,7.38,2.46
10,90,127,4,9.75,2.4375
10,90,128,4,9.62,2.405
10,90,129,1,2.4,2.4
10,90,130,13,31.17,2.397692307692308
10,90,131,10,23.97,2.397
10,90,132,18,42.62,2.3677777777777775
10,90,133,1,2.33,2.33
10,90,134,16,36.19,2.261875
10,90,135,10,22.34,2.234
10,90,136,7,15.53,2.2185714285714284
10,90,137,6,13.28,2.2133333333333334
10,90,138,17,35.58,2.092941176470588
10,90,139,1,2.02,2.02
10,90,140,19,38.08,2.004210526315789
10,90,141,3,5.95,1.9833333333333334
10,90,142,17,33.14,1.9494117647058824
10,90,143,17,32.89,1.9347058823529413
10,90,144,3,5.77,1.9233333333333331
10,90,145,6,10.96,1.8266666666666669
10,90,146,11,19.85,1.8045454545454547
10,90,147,12,21.31,1.7758333333333332
10,90,148,6,10.49,1.7483333333333333
10,90,149,12,20.97,1.7474999999999998
10,90,150,6,10.14,1.6900000000000002
10,90,151,11,18.31,1.6645454545454543
10,90,152,16,26.41,1.650625
10,90,153,6,9.89,1.6483333333333334
10,90,154,6,9.74,1.6233333333333333
10,90,155,8,12.81,1.60125
10,90,156,19,29.81,1.5689473684210526
10,90,157,8,12.55,1.56875
10,90,158,4,6.22,1.555
10,90,159,17,26.02,1.5305882352941176
10,90,160,18,27.25,1.5138888888888888
10,90,161,8,11.84,1.48
10,90,162,6,8.86,1.4766666666666666
10,90,163,11,16.22,1.4745454545454544
10,90,164,14,19.47,1.3907142857142856
10,90,165,3,4.14,1.38
10,90,166,12,16.51,1.3758333333333335
10,90,167,1,1.29,1.29
10,90,168,6,7.52,1.2533333333333332
10,90,169,6,7.52,1.2533333333333332
10,90,170,20,24.91,1.2455
10,90,171,9,11.17,1.241111111111111
10,90,172,3,3.53,1.1766666666666665
10,90,173,7,8.19,1.17
10,90,174,9,10.02,1.1133333333333333
10,90,175,16,17.63,1.101875
10,90,176,3,3.07,1.0233333333333332
10,90,177,18,18.28,1.0155555555555555
10,90,178,7,7.03,1.0042857142857142
10,90,179,3,2.84,0.9466666666666667
10,90,180,15,13.68,0.912
10,90,181,8,7.11,0.88875
10,90,182,19,14.7,0.7736842105263158
10,90,183,16,11.28,0.705
10,90,184,3,2.07,0.69
10,90,185,4,2.65,0.6625
10,90,186,15,9.57,0.638
10,90,187,18,11.11,0.6172222222222222
10,90,188,5,3.0,0.6
10,90,189,20,11.46,0.5730000000000001
10,90,190,9,4.76,0.5288888888888889
10,90,191,16,8.24,0.515
10,90,192,11,5.58,0.5072727272727273
10,90,193,1,0.45,0.45
10,90,194,14,6.11,0.43642857142857144
10,90,195,8,3.31,0.41375
10,90,196,16,6.6,0.4125
10,90,197,5,1.55,0.31
10,90,198,18,5.29,0.29388888888888887
10,90,199,6,1.65,0.27499999999999997
16,5,0,13,7.47,0.5746153846153846
16,5,1,3,1.72,0.5733333333333334
16,5,2,13,7.42,0.5707692307692308
16,5,3,2,1.14,0.57
16,5,4,2,1.14,0.57
16,5,5,13,7.39,0.5684615384615385
16,5,6,13,7.31,0.5623076923076923
16,5,7,8,4.44,0.555
16,5,8,9,4.98,0.5533333333333333
16,5,9,16,8.8,0.55
16,5,10,1,0.55,0.55
16,5,11,16,8.78,0.54875
16,5,12,20,10.95,0.5475
16,5,13,15,8.19,0.5459999999999999
16,5,14,12,6.55,0.5458333333333333
16,5,15,1,0.54,0.54
16,5,16,12,6.46,0.5383333333333333
16,5,17,16,8.56,0.535
16,5,18,14,7.44,0.5314285714285715
16,5,19,10,5.31,0.5309999999999999
16,5,20,17,8.98,0.5282352941176471
16,5,21,17,8.94,0.5258823529411765
16,5,22,4,2.07,0.5175
16,5,23,9,4.65,0.5166666666666667
16,5,24,17,8.68,0.5105882352941177
16,5,25,3,1.52,0.5066666666666667
16,5,26,19,9.57,0.5036842105263158
16,5,27,16,7.98,0.49875
16,5,28,19,9.43,0.4963157894736842
16,5,29,5,2.47,0.49400000000000005
16,5,30,17,8.35,0.49117647058823527
16,5,31,5,2.45,0.49000000000000005
16,5,32,18,8.82,0.49
16,5,33,9,4.39,0.48777777777777775
16,5,34,11,5.36,0.4872727272727273
16,5,35,7,3.38,0.4828571428571428
16,5,36,2,0.95,0.475
16,5,37,17,8.07,0.4747058823529412
16,5,38,13,6.04,0.4646153846153846
16,5,39,12,5.53,0.4608333333333334
16,5,40,20,9.04,0.45199999999999996
16,5,41,1,0.45,0.45
16,5,42,10,4.48,0.44800000000000006
16,5,43,8,3.58,0.4475
16,5,44,15,6.65,0.44333333333333336
16,5,45,6,2.59,0.43166666666666664
16,5,46,8,3.44,0.43
16,5,47,6,2.57,0.4283333333333333
16,5,48,19,8.11,0.42684210526315786
16,5,49,6,2.56,0.4266666666666667
16,5,50,7,2.98,0.4257142857142857
16,5,51,3,1.27,0.42333333333333334
16,5,52,8,3.37,0.42125
16,5,53,9,3.72,0.41333333333333333
16,5,54,18,7.37,0.40944444444444444
16,5,55,2,0.81,0.405
16,5,56,4,1.62,0.405
16,5,57,11,4.41,0.40090909090909094
16,5,58,3,1.18,0.3933333333333333
16,5,59,6,2.32,0.38666666666666666
16,5,60,11,4.24,0.3854545454545455
16,5,61,19,7.31,0.38473684210526315
16,5,62,16,6.09,0.380625
16,5,63,7,2.66,0.38
16,5,64,1,0.37,0.37
16,5,65,16,5.88,0.3675
16,5,66,8,2.92,0.365
16,5,67,7,2.54,0.3628571428571429
16,5,68,20,7.24,0.362
16,5,69,3,1.08,0.36000000000000004
16,5,70,3,1.07,0.3566666666666667
16,5,71,20,7.12,0.356
16,5,72,15,5.26,0.3506666666666666
16,5,73,20,6.97,0.3485
16,5,74,14,4.82,0.3442857142857143
16,5,75,9,3.03,0.33666666666666667
16,5,76,2,0.67,0.335
16,5,77,18,6.02,0.33444444444444443
16,5,78,16,5.32,0.3325
16,5,79,13,4.3,0.33076923076923076
16,5,80,15,4.96,0.33066666666666666
16,5,81,1,0.33,0.33
16,5,82,1,0.32,0.32
16,5,83,4,1.28,0.32
16,5,84,7,2.2,0.31428571428571433
16,5,85,5,1.57,0.314
16,5,86,1,0.31,0.31
16,5,87,15,4.63,0.30866666666666664
16,5,88,7,2.15,0.3071428571428571
16,5,89,10,3.05,0.305
16,5,90,11,3.34,0.30363636363636365
16,5,91,12,3.64,0.30333333333333334
16,5,92,6,1.81,0.3016666666666667
16,5,93,7,2.11,0.30142857142857143
16,5,94,11,3.31,0.3009090909090909
16,5,95,16,4.79,0.299375
16,5,96,11,3.27,0.2972727272727273
16,5,97,3,0.89,0.2966666666666667
16,5,98,4,1.16,0.29
16,5,99,20,5.7,0.28500000000000003
16,5,100,18,5.1,0.2833333333333333
16,5,101,10,2.83,0.28300000000000003
16,5,102,5,1.41,0.282
16,5,103,10,2.8,0.27999999999999997
16,5,104,9,2.51,0.27888888888888885
16,5,105,12,3.31,0.2758333333333333
16,5,106,2,0.55,0.275
16,5,107,12,3.2,0.26666666666666666
16,5,108,12,3.17,0.26416666666666666
16,5,109,18,4.75,0.2638888888888889
16,5,110,12,3.15,0.2625
16,5,111,7,1.82,0.26
16,5,112,16,4.16,0.26
16,5,113,15,3.88,0.25866666666666666
16,5,114,10,2.52,0.252
16,5,115,19,4.76,0.25052631578947365
16,5,116,6,1.5,0.25
16,5,117,17,4.22,0.24823529411764705
16,5,118,13,3.2,0.24615384615384617
16,5,119,18,4.39,0.24388888888888888
16,5,120,2,0.48,0.24
16,5,121,10,2.39,0.23900000000000002
16,5,122,20,4.76,0.238
16,5,123,8,1.89,0.23625
16,5,124,5,1.17,0.23399999999999999
16,5,125,5,1.17,0.23399999999999999
16,5,126,1,0.23,0.23
16,5,127,15,3.44,0.22933333333333333
16,5,128,18,4.07,0.22611111111111112
16,5,129,15,3.39,0.226
16,5,130,11,2.44,0.2218181818181818
16,5,131,19,4.19,0.2205263157894737
16,5,132,1,0.22,0.22
16,5,133,6,1.31,0.21833333333333335
16,5,134,18,3.85,0.2138888888888889
16,5,135,16,3.37,0.210625
16,5,136,16,3.35,0.209375
16,5,137,18,3.76,0.20888888888888887
16,5,138,14,2.9,0.20714285714285713
16,5,139,18,3.63,0.20166666666666666
16,5,140,16,3.2,0.2
16,5,141,7,1.39,0.19857142857142857
16,5,142,5,0.98,0.196
16,5,143,14,2.62,0.18714285714285714
16,5,144,14,2.58,0.1842857142857143
16,5,145,19,3.41,0.1794736842105263
16,5,146,20,3.55,0.1775
16,5,147,4,0.71,0.1775
16,5,148,17,2.94,0.17294117647058824
16,5,149,4,0.67,0.1675
16,5,150,11,1.83,0.16636363636363638
16,5,151,8,1.32,0.165
16,5,152,8,1.29,0.16125
16,5,153,12,1.89,0.1575
16,5,154,8,1.23,0.15375
16,5,155,18,2.72,0.1511111111111111
16,5,156,16,2.41,0.150625
16,5,157,3,0.45,0.15
16,5,158,4,0.57,0.1425
16,5,159,10,1.42,0.142
16,5,160,15,2.07,0.13799999999999998
16,5,161,11,1.5,0.13636363636363635
16,5,162,12,1.46,0.12166666666666666
16,5,163,6,0.72,0.12
16,5,164,5,0.55,0.11000000000000001
16,5,165,6,0.65,0.10833333333333334
16,5,166,12,1.29,0.1075
16,5,167,3,0.32,0.10666666666666667
16,5,168,13,1.37,0.1053846153846154
16,5,169,14,1.39,0.09928571428571428
16,5,170,17,1.67,0.09823529411764706
16,5,171,10,0.97,0.097
16,5,172,3,0.28,0.09333333333333334
16,5,173,14,1.3,0.09285714285714286
16,5,174,9,0.82,0.0911111111111111
16,5,175,8,0.72,0.09
16,5,176,1,0.09,0.09
16,5,177,1,0.09,0.09
16,5,178,2,0.18,0.09
16,5,179,18,1.6,0.08888888888888889
16,5,180,7,0.58,0.08285714285714285
16,5,181,20,1.64,0.08199999999999999
16,5,182,10,0.78,0.078
16,5,183,11,0.85,0.07727272727272727
16,5,184,3,0.23,0.07666666666666667
16,5,185,18,1.32,0.07333333333333333
16,5,186,15,1.09,0.07266666666666667
16,5,187,15,1.08,0.07200000000000001
16,5,188,15,1.07,0.07133333333333333
16,5,189,20,1.41,0.0705
16,5,190,2,0.14,0.07
16,5,191,9,0.57,0.06333333333333332
16,5,192,7,0.39,0.055714285714285716
16,5,193,16,0.81,0.050625
16,5,194,7,0.27,0.038571428571428576
16,5,195,10,0.35,0.034999999999999996
16,5,196,11,0.38,0.034545454545454546
16,5,197,3,0.1,0.03333333333333333
16,5,198,15,0.45,0.030000000000000002
16,5,199,20,0.6,0.03
16,10,0,15,63.68,4.245333333333333
16,10,1,13,54.71,4.208461538461538
16,10,2,20,83.97,4.1985
16,10,3,3,12.59,4.196666666666666
16,10,4,8,33.44,4.18
16,10,5,13,54.16,4.166153846153846
16,10,6,19,78.3,4.121052631578947
16,10,7,18,73.84,4.102222222222222
16,10,8,20,80.99,4.0495
16,10,9,16,64.74,4.04625
16,10,10,20,80.84,4.042
16,10,11,8,32.05,4.00625
16,10,12,14,56.02,4.001428571428572
16,10,13,16,63.81,3.988125
16,10,14,4,15.8,3.95
16,10,15,5,19.47,3.8939999999999997
16,10,16,19,73.68,3.8778947368421055
16,10,17,12,46.15,3.845833333333333
16,10,18,12,45.87,3.8225
16,10,19,2,7.49,3.745
16,10,20,17,63.19,3.7170588235294115
16,10,21,12,44.55,3.7125
16,10,22,10,37.1,3.71
16,10,23,17,62.93,3.701764705882353
16,10,24,15,55.4,3.6933333333333334
16,10,25,8,29.26,3.6575
16,10,26,1,3.62,3.62
16,10,27,16,57.7,3.60625
16,10,28,4,14.4,3.6
16,10,29,17,60.96,3.5858823529411765
16,10,30,11,39.04,3.549090909090909
16,10,31,3,10.64,3.546666666666667
16,10,32,13,46.09,3.5453846153846156
16,10,33,6,21.22,3.5366666666666666
16,10,34,17,59.97,3.527647058823529
16,10,35,20,69.56,3.478
16,10,36,16,55.28,3.455
16,10,37,9,31.02,3.4466666666666668
16,10,38,15,51.63,3.442
16,10,39,15,50.94,3.396
16,10,40,10,33.9,3.3899999999999997
16,10,41,1,3.36,3.36
16,10,42,20,67.17,3.3585000000000003
16,10,43,5,16.61,3.322
16,10,44,8,26.55,3.31875
16,10,45,4,13.07,3.2675
16,10,46,9,29.34,3.26
16,10,47,3,9.72,3.24
16,10,48,18,57.46,3.192222222222222
16,10,49,6,18.96,3.16
16,10,50,15,47.33,3.155333333333333
16,10,51,9,28.04,3.1155555555555554
16,10,52,8,24.79,3.09875
16,10,53,3,9.29,3.0966666666666662
16,10,54,16,49.4,3.0875
16,10,55,13,40.01,3.0776923076923075
16,10,56,11,33.7,3.063636363636364
16,10,57,19,57.82,3.0431578947368423
16,10,58,11,33.45,3.040909090909091
16,10,59,12,36.28,3.0233333333333334
16,10,60,19,57.38,3.02
16,10,61,19,57.32,3.0168421052631578
16,10,62,17,51.01,3.0005882352941176
16,10,63,19,56.75,2.986842105263158
16,10,64,4,11.89,2.9725
16,10,65,1,2.97,2.97
16,10,66,1,2.95,2.95
16,10,67,16,47.17,2.948125
16,10,68,9,26.5,2.9444444444444446
16,10,69,16,46.93,2.933125
16,10,70,18,52.73,2.929444444444444
16,10,71,16,46.76,2.9225
16,10,72,17,49.57,2.9158823529411766
16,10,73,15,43.26,2.884
16,10,74,13,37.34,2.8723076923076927
16,10,75,20,56.77,2.8385000000000002
16,10,76,20,56.11,2.8055
16,10,77,14,39.12,2.794285714285714
16,10,78,16,44.48,2.78
16,10,79,9,24.65,2.738888888888889
16,10,80,18,48.17,2.676111111111111
16,10,81,17,45.11,2.6535294117647057
16,10,82,14,37.04,2.6457142857142855
16,10,83,8,21.14,2.6425
16,10,84,7,18.39,2.6271428571428572
16,10,85,3,7.82,2.606666666666667
16,10,86,13,33.79,2.5992307692307692
16,10,87,14,35.86,2.5614285714285714
16,10,88,11,27.55,2.5045454545454544
16,10,89,3,7.31,2.4366666666666665
16,10,90,8,19.44,2.43
16,10,91,6,14.56,2.4266666666666667
16,10,92,15,35.88,2.3920000000000003
16,10,93,3,7.14,2.38
16,10,94,11,25.81,2.346363636363636
16,10,95,1,2.32,2.32
16,10,96,12,27.68,2.3066666666666666
16,10,97,20,45.57,2.2785
16,10,98,14,30.45,2.175
16,10,99,3,6.51,2.17
16,10,100,8,17.18,2.1475
16,10,101,14,29.75,2.125
16,10,102,20,42.3,2.1149999999999998
16,10,103,11,22.84,2.076363636363636
16,10,104,20,41.46,2.073
16,10,105,7,14.41,2.0585714285714287
16,10,106,13,26.44,2.033846153846154
16,10,107,20,40.61,2.0305
16,10,108,3,6.08,2.026666666666667
16,10,109,11,22.22,2.02
16,10,110,2,3.95,1.975
16,10,111,4,7.73,1.9325
16,10,112,1,1.93,1.93
16,10,113,9,17.19,1.9100000000000001
16,10,114,7,13.37,1.91
16,10,115,11,20.83,1.8936363636363636
16,10,116,16,29.69,1.855625
16,10,117,9,16.59,1.8433333333333333
16,10,118,2,3.67,1.835
16,10,119,7,12.83,1.832857142857143
16,10,120,15,27.38,1.8253333333333333
16,10,121,1,1.79,1.79
16,10,122,11,19.68,1.789090909090909
16,10,123,9,16.03,1.7811111111111113
16,10,124,14,24.76,1.7685714285714287
16,10,125,11,19.03,1.7300000000000002
16,10,126,18,30.29,1.6827777777777777
16,10,127,6,9.86,1.6433333333333333
16,10,128,15,24.63,1.642
16,10,129,6,9.81,1.635
16,10,130,5,8.13,1.6260000000000001
16,10,131,19,30.25,1.5921052631578947
16,10,132,16,25.46,1.59125
16,10,133,9,14.25,1.5833333333333333
16,10,134,1,1.56,1.56
16,10,135,17,26.44,1.555294117647059
16,10,136,4,6.21,1.5525
16,10,137,19,29.23,1.538421052631579
16,10,138,8,12.21,1.52625
16,10,139,7,10.56,1.5085714285714287
16,10,140,11,16.17,1.4700000000000002
16,10,141,1,1.47,1.47
16,10,142,15,22.03,1.4686666666666668
16,10,143,3,4.38,1.46
16,10,144,16,22.92,1.4325
16,10,145,2,2.85,1.425
16,10,146,3,4.2,1.4000000000000001
16,10,147,19,26.49,1.3942105263157893
16,10,148,8,10.99,1.37375
16,10,149,8,10.89,1.36125
16,10,150,6,7.82,1.3033333333333335
16,10,151,13,16.77,1.29
16,10,152,13,16.37,1.2592307692307694
16,10,153,15,18.73,1.2486666666666666
16,10,154,6,7.25,1.2083333333333333
16,10,155,20,22.87,1.1435
16,10,156,5,5.64,1.128
16,10,157,14,15.17,1.0835714285714286
16,10,158,5,5.38,1.076
16,10,159,18,18.73,1.0405555555555557
16,10,160,3,3.12,1.04
16,10,161,10,10.09,1.009
16,10,162,7,6.86,0.9800000000000001
16,10,163,18,17.31,0.9616666666666666
16,10,164,9,8.57,0.9522222222222223
16,10,165,6,5.69,0.9483333333333334
16,10,166,9,8.45,0.9388888888888888
16,10,167,6,5.59,0.9316666666666666
16,10,168,11,9.74,0.8854545454545455
16,10,169,4,3.53,0.8825
16,10,170,20,17.49,0.8744999999999999
16,10,171,14,11.65,0.8321428571428572
16,10,172,18,14.46,0.8033333333333333
16,10,173,19,14.64,0.7705263157894737
16,10,174,2,1.54,0.77
16,10,175,13,9.67,0.7438461538461538
16,10,176,16,11.87,0.741875
16,10,177,3,2.2,0.7333333333333334
16,10,178,5,3.3,0.6599999999999999
16,10,179,9,5.92,0.6577777777777778
16,10,180,12,7.18,0.5983333333333333
16,10,181,14,7.81,0.5578571428571428
16,10,182,12,6.51,0.5425
16,10,183,8,4.24,0.53
16,10,184,1,0.48,0.48
16,10,185,17,8.1,0.4764705882352941
16,10,186,7,3.33,0.4757142857142857
16,10,187,16,7.33,0.458125
16,10,188,18,8.12,0.4511111111111111
16,10,189,17,7.41,0.4358823529411765
16,10,190,10,4.19,0.41900000000000004
16,10,191,2,0.68,0.34
16,10,192,16,5.31,0.331875
16,10,193,4,1.26,0.315
16,10,194,4,1.22,0.305
16,10,195,1,0.26,0.26
16,10,196,10,2.45,0.24500000000000002
16,10,197,9,2.11,0.23444444444444443
16,10,198,11,2.57,0.23363636363636361
16,10,199,12,2.79,0.2325
16,17,0,2,3.84,1.92
16,17,1,18,34.35,1.9083333333333334
16,17,2,8,15.16,1.895
16,17,3,3,5.6,1.8666666666666665
16,17,4,6,11.03,1.8383333333333332
16,17,5,7,12.8,1.8285714285714287
16,17,6,1,1.82,1.82
16,17,7,1,1.82,1.82
16,17,8,14,25.46,1.8185714285714287
16,17,9,15,27.16,1.8106666666666666
16,17,10,5,8.97,1.794
16,17,11,18,32.15,1.786111111111111
16,17,12,13,22.97,1.7669230769230768
16,17,13,18,31.79,1.766111111111111
16,17,14,12,21.09,1.7575
16,17,15,10,17.33,1.7329999999999999
16,17,16,12,20.79,1.7325
16,17,17,10,17.26,1.7260000000000002
16,17,18,19,32.74,1.7231578947368422
16,17,19,9,15.45,1.7166666666666666
16,17,20,18,30.87,1.715
16,17,21,15,25.72,1.7146666666666666
16,17,22,8,13.7,1.7125
16,17,23,17,28.91,1.7005882352941177
16,17,24,18,30.61,1.7005555555555556
16,17,25,6,10.2,1.7
16,17,26,6,10.17,1.695
16,17,27,13,21.93,1.686923076923077
16,17,28,20,33.63,1.6815000000000002
16,17,29,1,1.67,1.67
16,17,30,4,6.65,1.6625
16,17,31,20,32.97,1.6484999999999999
16,17,32,20,32.82,1.641
16,17,33,3,4.91,1.6366666666666667
16,17,34,19,31.08,1.6357894736842105
16,17,35,7,11.44,1.6342857142857141
16,17,36,1,1.62,1.62
16,17,37,13,21.01,1.6161538461538463
16,17,38,13,20.93,1.6099999999999999
16,17,39,7,11.2,1.5999999999999999
16,17,40,10,15.98,1.598
16,17,41,17,27.14,1.596470588235294
16,17,42,1,1.59,1.59
16,17,43,11,17.23,1.5663636363636364
16,17,44,16,24.93,1.558125
16,17,45,6,9.31,1.5516666666666667
16,17,46,13,20.08,1.5446153846153845
16,17,47,5,7.6,1.52
16,17,48,11,16.59,1.508181818181818
16,17,49,15,22.54,1.5026666666666666
16,17,50,18,26.79,1.4883333333333333
16,17,51,4,5.92,1.48
16,17,52,8,11.82,1.4775
16,17,53,19,27.99,1.473157894736842
16,17,54,7,10.1,1.4428571428571428
16,17,55,15,21.23,1.4153333333333333
16,17,56,9,12.72,1.4133333333333333
16,17,57,3,4.24,1.4133333333333333
16,17,58,7,9.89,1.412857142857143
16,17,59,15,21.08,1.4053333333333333
16,17,60,16,22.4,1.4
16,17,61,12,16.71,1.3925
16,17,62,9,12.48,1.3866666666666667
16,17,63,11,15.17,1.3790909090909091
16,17,64,14,19.21,1.372142857142857
16,17,65,3,4.1,1.3666666666666665
16,17,66,20,27.32,1.366
16,17,67,5,6.83,1.366
16,17,68,16,21.79,1.361875
16,17,69,15,20.28,1.352
16,17,70,2,2.68,1.34
16,17,71,2,2.68,1.34
16,17,72,1,1.32,1.32
16,17,73,15,19.27,1.2846666666666666
16,17,74,8,10.15,1.26875
16,17,75,20,25.35,1.2675
16,17,76,18,22.66,1.258888888888889
16,17,77,3,3.77,1.2566666666666666
16,17,78,14,17.48,1.2485714285714287
16,17,79,11,13.63,1.2390909090909092
16,17,80,20,24.74,1.2369999999999999
16,17,81,12,14.73,1.2275
16,17,82,15,18.21,1.214
16,17,83,15,18.07,1.2046666666666668
16,17,84,10,11.98,1.198
16,17,85,19,22.76,1.1978947368421053
16,17,86,5,5.89,1.178
16,17,87,2,2.35,1.175
16,17,88,9,10.52,1.1688888888888889
16,17,89,14,16.16,1.1542857142857144
16,17,90,3,3.43,1.1433333333333333
16,17,91,12,13.41,1.1175
16,17,92,4,4.42,1.105
16,17,93,12,13.18,1.0983333333333334
16,17,94,14,14.94,1.0671428571428572
16,17,95,13,13.77,1.0592307692307692
16,17,96,15,15.51,1.034
16,17,97,19,19.52,1.0273684210526315
16,17,98,9,9.24,1.0266666666666666
16,17,99,5,5.11,1.022
16,17,100,17,17.36,1.0211764705882354
16,17,101,5,5.09,1.018
16,17,102,13,13.19,1.0146153846153845
16,17,103,11,11.15,1.0136363636363637
16,17,104,2,2.02,1.01
16,17,105,6,6.03,1.0050000000000001
16,17,106,20,19.85,0.9925
16,17,107,5,4.89,0.978
16,17,108,13,12.52,0.963076923076923
16,17,109,8,7.7,0.9625
16,17,110,16,15.34,0.95875
16,17,111,9,8.55,0.9500000000000001
16,17,112,9,8.45,0.9388888888888888
16,17,113,17,15.85,0.9323529411764706
16,17,114,7,6.46,0.9228571428571428
16,17,115,4,3.63,0.9075
16,17,116,6,5.37,0.895
16,17,117,7,6.26,0.8942857142857142
16,17,118,11,9.63,0.8754545454545455
16,17,119,11,9.55,0.8681818181818183
16,17,120,16,13.82,0.86375
16,17,121,2,1.72,0.86
16,17,122,14,11.95,0.8535714285714285
16,17,123,9,7.51,0.8344444444444444
16,17,124,6,4.97,0.8283333333333333
16,17,125,10,8.16,0.8160000000000001
16,17,126,11,8.66,0.7872727272727272
16,17,127,15,11.71,0.7806666666666667
16,17,128,18,14.0,0.7777777777777778
16,17,129,11,8.47,0.77
16,17,130,8,6.1,0.7625
16,17,131,11,8.22,0.7472727272727273
16,17,132,2,1.46,0.73
16,17,133,13,9.45,0.7269230769230769
16,17,134,11,7.74,0.7036363636363636
16,17,135,20,13.75,0.6875
16,17,136,5,3.38,0.6759999999999999
16,17,137,5,3.35,0.67
16,17,138,12,7.84,0.6533333333333333
16,17,139,9,5.68,0.6311111111111111
16,17,140,18,11.3,0.6277777777777778
16,17,141,13,8.04,0.6184615384615384
16,17,142,7,4.29,0.6128571428571429
16,17,143,5,3.03,0.606
16,17,144,1,0.57,0.57
16,17,145,3,1.69,0.5633333333333334
16,17,146,8,4.32,0.54
16,17,147,16,8.51,0.531875
16,17,148,4,2.11,0.5275
16,17,149,2,1.04,0.52
16,17,150,2,1.03,0.515
16,17,151,6,3.09,0.515
16,17,152,8,3.99,0.49875
16,17,153,6,2.91,0.48500000000000004
16,17,154,5,2.37,0.47400000000000003
16,17,155,6,2.75,0.4583333333333333
16,17,156,14,6.38,0.4557142857142857
16,17,157,19,8.52,0.44842105263157894
16,17,158,10,4.42,0.442
16,17,159,13,5.74,0.44153846153846155
16,17,160,3,1.28,0.4266666666666667
16,17,161,4,1.69,0.4225
16,17,162,17,6.96,0.40941176470588236
16,17,163,5,2.04,0.40800000000000003
16,17,164,5,2.03,0.40599999999999997
16,17,165,1,0.4,0.4
16,17,166,15,5.87,0.39133333333333337
16,17,167,2,0.78,0.39
16,17,168,8,3.08,0.385
16,17,169,2,0.76,0.38
16,17,170,11,4.0,0.36363636363636365
16,17,171,7,2.53,0.3614285714285714
16,17,172,17,6.05,0.3558823529411765
16,17,173,13,4.36,0.3353846153846154
16,17,174,3,0.95,0.31666666666666665
16,17,175,2,0.6,0.3
16,17,176,2,0.58,0.29
16,17,177,4,1.15,0.2875
16,17,178,12,3.38,0.2816666666666667
16,17,179,3,0.81,0.27
16,17,180,7,1.64,0.23428571428571426
16,17,181,10,2.22,0.22200000000000003
16,17,182,12,2.24,0.18666666666666668
16,17,183,4,0.74,0.185
16,17,184,6,0.99,0.165
16,17,185,10,1.56,0.156
16,17,186,14,2.15,0.15357142857142855
16,17,187,15,2.1,0.14
16,17,188,19,2.36,0.12421052631578947
16,17,189,14,1.73,0.12357142857142857
16,17,190,4,0.49,0.1225
16,17,191,11,1.32,0.12000000000000001
16,17,192,1,0.12,0.12
16,17,193,2,0.24,0.12
16,17,194,9,1.07,0.11888888888888889
16,17,195,13,1.42,0.10923076923076923
16,17,196,18,1.84,0.10222222222222223
16,17,197,17,1.66,0.0976470588235294
16,17,198,12,1.17,0.09749999999999999
16,17,199,16,1.39,0.086875
16,24,0,5,2.34,0.46799999999999997
16,24,1,8,3.7,0.4625
16,24,2,1,0.46,0.46
16,24,3,4,1.79,0.4475
16,24,4,5,2.22,0.44400000000000006
16,24,5,16,7.06,0.44125
16,24,6,5,2.19,0.438
16,24,7,10,4.35,0.43499999999999994
16,24,8,17,7.38,0.4341176470588235
16,24,9,8,3.47,0.43375
16,24,10,9,3.9,0.43333333333333335
16,24,11,14,6.06,0.43285714285714283
16,24,12,4,1.73,0.4325
16,24,13,6,2.59,0.43166666666666664
16,24,14,16,6.84,0.4275
16,24,15,20,8.54,0.42699999999999994
16,24,16,10,4.27,0.42699999999999994
16,24,17,6,2.55,0.425
16,24,18,3,1.27,0.42333333333333334
16,24,19,17,7.18,0.4223529411764706
16,24,20,17,7.16,0.4211764705882353
16,24,21,5,2.1,0.42000000000000004
16,24,22,7,2.94,0.42
16,24,23,1,0.42,0.42
16,24,24,18,7.56,0.42
16,24,25,1,0.42,0.42
16,24,26,10,4.19,0.41900000000000004
16,24,27,17,7.04,0.41411764705882353
16,24,28,16,6.61,0.413125
16,24,29,8,3.3,0.4125
16,24,30,6,2.46,0.41
16,24,31,17,6.97,0.41
16,24,32,12,4.91,0.4091666666666667
16,24,33,5,2.03,0.40599999999999997
16,24,34,14,5.66,0.4042857142857143
16,24,35,1,0.4,0.4
16,24,36,7,2.8,0.39999999999999997
16,24,37,11,4.33,0.3936363636363636
16,24,38,11,4.3,0.3909090909090909
16,24,39,16,6.22,0.38875
16,24,40,8,3.09,0.38625
16,24,41,2,0.77,0.385
16,24,42,20,7.68,0.384
16,24,43,16,6.04,0.3775
16,24,44,4,1.49,0.3725
16,24,45,7,2.58,0.3685714285714286
16,24,46,16,5.84,0.365
16,24,47,3,1.08,0.36000000000000004
16,24,48,19,6.76,0.3557894736842105
16,24,49,14,4.95,0.3535714285714286
16,24,50,6,2.12,0.35333333333333333
16,24,51,3,1.06,0.35333333333333333
16,24,52,8,2.82,0.3525
16,24,53,6,2.09,0.34833333333333333
16,24,54,18,6.26,0.34777777777777774
16,24,55,6,2.07,0.345
16,24,56,11,3.72,0.3381818181818182
16,24,57,5,1.68,0.33599999999999997
16,24,58,10,3.27,0.327
16,24,59,13,4.19,0.32230769230769235
16,24,60,10,3.22,0.322
16,24,61,1,0.32,0.32
16,24,62,9,2.79,0.31
16,24,63,19,5.87,0.30894736842105264
16,24,64,4,1.23,0.3075
16,24,65,18,5.51,0.3061111111111111
16,24,66,17,5.2,0.3058823529411765
16,24,67,9,2.75,0.3055555555555556
16,24,68,10,3.04,0.304
16,24,69,20,6.05,0.3025
16,24,70,7,2.1,0.3
16,24,71,12,3.55,0.29583333333333334
16,24,72,12,3.54,0.295
16,24,73,17,4.99,0.29352941176470587
16,24,74,6,1.75,0.2916666666666667
16,24,75,15,4.28,0.2853333333333333
16,24,76,20,5.68,0.284
16,24,77,9,2.53,0.2811111111111111
16,24,78,8,2.24,0.28
16,24,79,3,0.84,0.27999999999999997
16,24,80,3,0.83,0.27666666666666667
16,24,81,6,1.64,0.2733333333333333
16,24,82,5,1.36,0.272
16,24,83,6,1.63,0.27166666666666667
16,24,84,16,4.34,0.27125
16,24,85,2,0.54,0.27
16,24,86,1,0.27,0.27
16,24,87,7,1.86,0.26571428571428574
16,24,88,3,0.79,0.26333333333333336
16,24,89,15,3.95,0.26333333333333336
16,24,90,2,0.52,0.26
16,24,91,5,1.3,0.26
16,24,92,7,1.79,0.2557142857142857
16,24,93,7,1.78,0.2542857142857143
16,24,94,17,4.3,0.2529411764705882
16,24,95,1,0.25,0.25
16,24,96,4,0.99,0.2475
16,24,97,18,4.42,0.24555555555555555
16,24,98,5,1.22,0.244
16,24,99,3,0.73,0.24333333333333332
16,24,100,7,1.66,0.23714285714285713
16,24,101,12,2.8,0.2333333333333333
16,24,102,17,3.95,0.2323529411764706
16,24,103,15,3.48,0.232
16,24,104,4,0.92,0.23
16,24,105,5,1.15,0.22999999999999998
16,24,106,5,1.15,0.22999999999999998
16,24,107,3,0.69,0.22999999999999998
16,24,108,18,4.12,0.2288888888888889
16,24,109,16,3.64,0.2275
16,24,110,3,0.68,0.22666666666666668
16,24,111,13,2.88,0.22153846153846152
16,24,112,15,3.32,0.22133333333333333
16,24,113,3,0.66,0.22
16,24,114,14,3.03,0.21642857142857141
16,24,115,20,4.28,0.21400000000000002
16,24,116,20,4.27,0.21349999999999997
16,24,117,6,1.27,0.21166666666666667
16,24,118,5,1.05,0.21000000000000002
16,24,119,5,1.04,0.20800000000000002
16,24,120,17,3.5,0.20588235294117646
16,24,121,17,3.37,0.19823529411764707
16,24,122,8,1.53,0.19125
16,24,123,5,0.95,0.19
16,24,124,9,1.71,0.19
16,24,125,2,0.37,0.185
16,24,126,5,0.91,0.182
16,24,127,1,0.18,0.18
16,24,128,11,1.97,0.17909090909090908
16,24,129,18,3.22,0.1788888888888889
16,24,130,17,3.04,0.17882352941176471
16,24,131,4,0.71,0.1775
16,24,132,16,2.8,0.175
16,24,133,17,2.94,0.17294117647058824
16,24,134,6,1.02,0.17
16,24,135,17,2.87,0.1688235294117647
16,24,136,17,2.75,0.16176470588235295
16,24,137,12,1.91,0.15916666666666665
16,24,138,13,2.02,0.1553846153846154
16,24,139,13,1.97,0.15153846153846154
16,24,140,8,1.2,0.15
16,24,141,17,2.55,0.15
16,24,142,5,0.74,0.148
16,24,143,15,2.15,0.14333333333333334
16,24,144,4,0.57,0.1425
16,24,145,16,2.23,0.139375
16,24,146,9,1.23,0.13666666666666666
16,24,147,10,1.34,0.134
16,24,148,1,0.13,0.13
16,24,149,2,0.26,0.13
16,24,150,3,0.38,0.12666666666666668
16,24,151,13,1.59,0.12230769230769231
16,24,152,14,1.69,0.1207142857142857
16,24,153,3,0.35,0.11666666666666665
16,24,154,3,0.33,0.11
16,24,155,5,0.54,0.10800000000000001
16,24,156,17,1.83,0.10764705882352942
16,24,157,5,0.53,0.10600000000000001
16,24,158,18,1.9,0.10555555555555556
16,24,159,11,1.16,0.10545454545454545
16,24,160,15,1.57,0.10466666666666667
16,24,161,6,0.61,0.10166666666666667
16,24,162,8,0.78,0.0975
16,24,163,5,0.44,0.088
16,24,164,16,1.37,0.085625
16,24,165,7,0.58,0.08285714285714285
16,24,166,16,1.3,0.08125
16,24,167,3,0.24,0.08
16,24,168,13,1.01,0.0776923076923077
16,24,169,6,0.46,0.07666666666666667
16,24,170,4,0.3,0.075
16,24,171,6,0.43,0.07166666666666667
16,24,172,1,0.07,0.07
16,24,173,5,0.34,0.068
16,24,174,17,1.13,0.06647058823529411
16,24,175,5,0.32,0.064
16,24,176,12,0.74,0.06166666666666667
16,24,177,2,0.12,0.06
16,24,178,5,0.28,0.05600000000000001
16,24,179,8,0.42,0.0525
16,24,180,1,0.05,0.05
16,24,181,7,0.33,0.047142857142857146
16,24,182,9,0.39,0.043333333333333335
16,24,183,9,0.39,0.043333333333333335
16,24,184,7,0.3,0.04285714285714286
16,24,185,3,0.12,0.04
16,24,186,1,0.04,0.04
16,24,187,20,0.74,0.037
16,24,188,10,0.36,0.036
16,24,189,10,0.35,0.034999999999999996
16,24,190,7,0.24,0.03428571428571429
16,24,191,11,0.37,0.03363636363636364
16,24,192,12,0.4,0.03333333333333333
16,24,193,20,0.66,0.033
16,24,194,14,0.42,0.03
16,24,195,16,0.42,0.02625
16,24,196,7,0.17,0.02428571428571429
16,24,197,13,0.31,0.023846153846153847
16,24,198,20,0.42,0.020999999999999998
16,24,199,17,0.35,0.020588235294117647
16,29,0,13,94.39,7.260769230769231
16,29,1,12,86.35,7.195833333333333
16,29,2,17,121.82,7.165882352941176
16,29,3,6,42.89,7.148333333333333
16,29,4,14,98.79,7.0564285714285715
16,29,5,11,77.49,7.044545454545454
16,29,6,4,27.64,6.91
16,29,7,10,68.8,6.88
16,29,8,17,116.84,6.872941176470588
16,29,9,5,34.3,6.859999999999999
16,29,10,14,96.0,6.857142857142857
16,29,11,13,88.76,6.827692307692308
16,29,12,8,54.33,6.79125
16,29,13,19,128.81,6.779473684210527
16,29,14,10,67.47,6.747
16,29,15,1,6.73,6.73
16,29,16,10,67.0,6.7
16,29,17,15,99.15,6.61
16,29,18,19,125.41,6.600526315789473
16,29,19,10,65.89,6.589
16,29,20,16,103.3,6.45625
16,29,21,10,64.54,6.454000000000001
16,29,22,8,50.93,6.36625
16,29,23,6,38.13,6.355
16,29,24,20,126.38,6.319
16,29,25,19,119.3,6.278947368421052
16,29,26,2,12.44,6.22
16,29,27,15,92.03,6.1353333333333335
16,29,28,14,85.89,6.135
16,29,29,7,42.61,6.087142857142857
16,29,30,9,54.57,6.0633333333333335
16,29,31,20,120.43,6.0215000000000005
16,29,32,15,89.65,5.9766666666666675
16,29,33,5,29.86,5.9719999999999995
16,29,34,16,95.35,5.959375
16,29,35,14,82.51,5.893571428571429
16,29,36,20,117.86,5.893
16,29,37,2,11.72,5.86
16,29,38,20,116.43,5.8215
16,29,39,16,92.93,5.808125
16,29,40,12,68.97,5.7475
16,29,41,9,51.64,5.737777777777778
16,29,42,3,17.2,5.733333333333333
16,29,43,12,68.74,5.728333333333333
16,29,44,12,67.61,5.634166666666666
16,29,45,17,91.71,5.394705882352941
16,29,46,3,16.17,5.390000000000001
16,29,47,1,5.38,5.38
16,29,48,8,42.98,5.3725
16,29,49,17,91.26,5.368235294117647
16,29,50,19,101.51,5.342631578947369
16,29,51,14,74.34,5.3100000000000005
16,29,52,4,21.17,5.2925
16,29,53,7,36.87,5.267142857142857
16,29,54,4,20.9,5.225
16,29,55,7,36.26,5.18
16,29,56,2,10.33,5.165
16,29,57,17,87.52,5.148235294117647
16,29,58,9,46.22,5.135555555555555
16,29,59,10,51.17,5.117
16,29,60,1,5.1,5.1
16,29,61,10,50.61,5.061
16,29,62,6,30.04,5.006666666666667
16,29,63,11,54.63,4.966363636363637
16,29,64,18,88.03,4.890555555555555
16,29,65,16,78.22,4.88875
16,29,66,14,67.82,4.844285714285713
16,29,67,6,28.62,4.7700000000000005
16,29,68,16,76.29,4.768125
16,29,69,9,42.28,4.697777777777778
16,29,70,9,42.15,4.683333333333334
16,29,71,10,46.72,4.672
16,29,72,1,4.61,4.61
16,29,73,16,73.23,4.576875
16,29,74,2,9.15,4.575
16,29,75,19,86.38,4.546315789473684
16,29,76,17,76.57,4.504117647058823
16,29,77,5,22.19,4.438000000000001
16,29,78,18,79.43,4.412777777777778
16,29,79,12,51.7,4.308333333333334
16,29,80,8,34.27,4.28375
16,29,81,8,33.91,4.23875
16,29,82,4,16.89,4.2225
16,29,83,8,33.63,4.20375
16,29,84,11,45.96,4.178181818181819
16,29,85,4,16.21,4.0525
16,29,86,12,48.51,4.0424999999999995
16,29,87,6,23.57,3.9283333333333332
16,29,88,3,11.52,3.84
16,29,89,2,7.63,3.815
16,29,90,9,34.19,3.7988888888888885
16,29,91,15,56.3,3.753333333333333
16,29,92,9,33.66,3.7399999999999998
16,29,93,13,47.98,3.6907692307692304
16,29,94,16,58.89,3.680625
16,29,95,7,25.19,3.5985714285714288
16,29,96,2,7.16,3.58
16,29,97,18,63.59,3.532777777777778
16,29,98,16,55.26,3.45375
16,29,99,14,48.18,3.4414285714285713
16,29,100,17,58.26,3.4270588235294115
16,29,101,13,43.11,3.316153846153846
16,29,102,13,42.86,3.296923076923077
16,29,103,9,29.2,3.2444444444444445
16,29,104,4,12.27,3.0675
16,29,105,18,54.75,3.0416666666666665
16,29,106,8,24.12,3.015
16,29,107,18,53.33,2.9627777777777777
16,29,108,12,35.51,2.9591666666666665
16,29,109,11,32.5,2.9545454545454546
16,29,110,5,14.71,2.942
16,29,111,6,17.46,2.91
16,29,112,4,11.46,2.865
16,29,113,11,31.13,2.83
16,29,114,15,42.11,2.8073333333333332
16,29,115,18,50.51,2.806111111111111
16,29,116,16,44.48,2.78
16,29,117,1,2.78,2.78
16,29,118,6,16.27,2.7116666666666664
16,29,119,19,51.43,2.7068421052631577
16,29,120,19,49.83,2.6226315789473684
16,29,121,13,33.37,2.566923076923077
16,29,122,20,50.86,2.543
16,29,123,1,2.52,2.52
16,29,124,13,32.55,2.503846153846154
16,29,125,4,9.7,2.425
16,29,126,13,31.5,2.423076923076923
16,29,127,9,21.73,2.4144444444444444
16,29,128,12,28.69,2.3908333333333336
16,29,129,15,35.22,2.348
16,29,130,12,27.68,2.3066666666666666
16,29,131,17,37.53,2.2076470588235293
16,29,132,13,28.38,2.183076923076923
16,29,133,19,40.5,2.1315789473684212
16,29,134,7,14.92,2.1314285714285712
16,29,135,15,31.36,2.0906666666666665
16,29,136,6,12.27,2.045
16,29,137,4,8.16,2.04
16,29,138,20,40.54,2.027
16,29,139,15,29.4,1.96
16,29,140,17,33.08,1.9458823529411764
16,29,141,11,20.83,1.8936363636363636
16,29,142,1,1.89,1.89
16,29,143,19,35.56,1.8715789473684212
16,29,144,18,32.75,1.8194444444444444
16,29,145,3,5.37,1.79
16,29,146,16,28.34,1.77125
16,29,147,7,12.21,1.7442857142857144
16,29,148,7,12.2,1.7428571428571427
16,29,149,1,1.71,1.71
16,29,150,5,8.46,1.6920000000000002
16,29,151,7,11.74,1.6771428571428573
16,29,152,5,8.32,1.6640000000000001
16,29,153,18,29.79,1.655
16,29,154,17,27.98,1.6458823529411766
16,29,155,15,24.54,1.636
16,29,156,12,19.21,1.6008333333333333
16,29,157,11,17.35,1.5772727272727274
16,29,158,6,9.44,1.5733333333333333
16,29,159,16,25.07,1.566875
16,29,160,18,27.75,1.5416666666666667
16,29,161,19,28.52,1.5010526315789474
16,29,162,11,16.36,1.4872727272727273
16,29,163,20,29.36,1.468
16,29,164,1,1.43,1.43
16,29,165,1,1.36,1.36
16,29,166,11,14.9,1.3545454545454545
16,29,167,13,16.9,1.2999999999999998
16,29,168,9,11.57,1.2855555555555556
16,29,169,1,1.25,1.25
16,29,170,5,5.58,1.116
16,29,171,4,4.42,1.105
16,29,172,18,18.87,1.0483333333333333
16,29,173,12,12.45,1.0374999999999999
16,29,174,14,13.93,0.995
16,29,175,8,7.84,0.98
16,29,176,5,4.84,0.968
16,29,177,11,9.35,0.85
16,29,178,16,12.95,0.809375
16,29,179,13,10.49,0.806923076923077
16,29,180,10,7.97,0.7969999999999999
16,29,181,16,12.52,0.7825
16,29,182,6,4.58,0.7633333333333333
16,29,183,7,4.61,0.6585714285714286
16,29,184,9,5.54,0.6155555555555555
16,29,185,13,7.79,0.5992307692307692
16,29,186,17,9.97,0.5864705882352942
16,29,187,15,8.47,0.5646666666666668
16,29,188,7,3.94,0.5628571428571428
16,29,189,19,10.43,0.5489473684210526
16,29,190,14,7.54,0.5385714285714286
16,29,191,1,0.48,0.48
16,29,192,19,8.6,0.4526315789473684
16,29,193,3,1.09,0.36333333333333334
16,29,194,16,5.76,0.36
16,29,195,5,1.7,0.33999999999999997
16,29,196,6,1.95,0.325
16,29,197,14,4.52,0.32285714285714284
16,29,198,6,1.92,0.32
16,29,199,20,6.08,0.304
16,31,0,17,57.03,3.3547058823529414
16,31,1,19,63.39,3.336315789473684
16,31,2,15,49.87,3.3246666666666664
16,31,3,6,19.92,3.3200000000000003
16,31,4,6,19.84,3.3066666666666666
16,31,5,1,3.28,3.28
16,31,6,16,51.88,3.2425
16,31,7,2,6.43,3.215
16,31,8,6,19.26,3.2100000000000004
16,31,9,1,3.19,3.19
16,31,10,7,22.23,3.1757142857142857
16,31,11,20,63.18,3.159
16,31,12,10,31.54,3.154
16,31,13,18,56.24,3.1244444444444444
16,31,14,15,46.56,3.104
16,31,15,11,34.04,3.0945454545454543
16,31,16,10,30.8,3.08
16,31,17,2,6.16,3.08
16,31,18,3,9.23,3.0766666666666667
16,31,19,19,58.05,3.055263157894737
16,31,20,3,9.15,3.0500000000000003
16,31,21,10,30.47,3.0469999999999997
16,31,22,6,18.27,3.045
16,31,23,3,9.05,3.016666666666667
16,31,24,11,32.86,2.9872727272727273
16,31,25,3,8.93,2.9766666666666666
16,31,26,11,32.55,2.959090909090909
16,31,27,18,53.24,2.957777777777778
16,31,28,12,35.11,2.9258333333333333
16,31,29,1,2.89,2.89
16,31,30,2,5.77,2.885
16,31,31,13,37.23,2.8638461538461537
16,31,32,5,14.31,2.862
16,31,33,18,51.42,2.856666666666667
16,31,34,14,39.9,2.85
16,31,35,16,45.16,2.8225
16,31,36,16,44.98,2.81125
16,31,37,10,28.08,2.808
16,31,38,11,30.84,2.8036363636363637
16,31,39,19,53.14,2.796842105263158
16,31,40,5,13.94,2.788
16,31,41,8,22.16,2.77
16,31,42,8,22.1,2.7625
16,31,43,3,8.28,2.76
16,31,44,5,13.73,2.746
16,31,45,5,13.71,2.742
16,31,46,5,13.68,2.7359999999999998
16,31,47,2,5.43,2.715
16,31,48,16,43.43,2.714375
16,31,49,14,37.84,2.7028571428571433
16,31,50,9,24.26,2.695555555555556
16,31,51,7,18.75,2.6785714285714284
16,31,52,10,26.65,2.665
16,31,53,10,26.59,2.659
16,31,54,15,39.49,2.6326666666666667
16,31,55,3,7.86,2.62
16,31,56,16,41.79,2.611875
16,31,57,3,7.8,2.6
16,31,58,15,38.96,2.5973333333333333
16,31,59,11,28.47,2.588181818181818
16,31,60,7,18.05,2.5785714285714287
16,31,61,12,30.83,2.5691666666666664
16,31,62,19,48.58,2.556842105263158
16,31,63,9,22.78,2.531111111111111
16,31,64,10,25.3,2.5300000000000002
16,31,65,13,32.58,2.506153846153846
16,31,66,8,19.58,2.4475
16,31,67,3,7.24,2.4133333333333336
16,31,68,1,2.38,2.38
16,31,69,3,7.11,2.37
16,31,70,13,30.24,2.3261538461538462
16,31,71,16,37.06,2.31625
16,31,72,13,29.99,2.3069230769230766
16,31,73,4,9.18,2.295
16,31,74,2,4.59,2.295
16,31,75,4,9.06,2.265
16,31,76,12,27.16,2.263333333333333
16,31,77,11,24.46,2.2236363636363636
16,31,78,4,8.79,2.1975
16,31,79,20,43.65,2.1825
16,31,80,17,37.09,2.1817647058823533
16,31,81,18,39.26,2.181111111111111
16,31,82,6,13.03,2.1716666666666664
16,31,83,19,41.07,2.161578947368421
16,31,84,8,17.12,2.14
16,31,85,19,40.11,2.1110526315789473
16,31,86,17,35.84,2.108235294117647
16,31,87,6,12.55,2.091666666666667
16,31,88,19,39.2,2.0631578947368423
16,31,89,15,30.9,2.06
16,31,90,5,10.18,2.036
16,31,91,3,6.08,2.026666666666667
16,31,92,7,14.17,2.0242857142857145
16,31,93,12,24.27,2.0225
16,31,94,7,13.99,1.9985714285714287
16,31,95,12,23.71,1.9758333333333333
16,31,96,4,7.79,1.9475
16,31,97,15,28.52,1.9013333333333333
16,31,98,5,9.37,1.8739999999999999
16,31,99,14,26.1,1.8642857142857143
16,31,100,3,5.51,1.8366666666666667
16,31,101,6,11.0,1.8333333333333333
16,31,102,12,21.8,1.8166666666666667
16,31,103,10,18.13,1.813
16,31,104,12,21.74,1.8116666666666665
16,31,105,2,3.53,1.765
16,31,106,6,10.52,1.7533333333333332
16,31,107,20,34.95,1.7475
16,31,108,13,22.7,1.7461538461538462
16,31,109,13,22.67,1.743846153846154
16,31,110,6,10.27,1.7116666666666667
16,31,111,7,11.85,1.6928571428571428
16,31,112,10,16.8,1.6800000000000002
16,31,113,10,16.8,1.6800000000000002
16,31,114,15,24.88,1.6586666666666665
16,31,115,10,16.58,1.658
16,31,116,10,16.52,1.652
16,31,117,1,1.65,1.65
16,31,118,13,21.11,1.6238461538461537
16,31,119,8,12.99,1.62375
16,31,120,11,17.64,1.6036363636363637
16,31,121,20,32.07,1.6035
16,31,122,7,11.16,1.5942857142857143
16,31,123,8,12.48,1.56
16,31,124,9,13.81,1.5344444444444445
16,31,125,14,21.29,1.5207142857142857
16,31,126,17,25.11,1.4770588235294118
16,31,127,5,7.33,1.466
16,31,128,19,27.74,1.46
16,31,129,18,25.38,1.41
16,31,130,16,22.54,1.40875
16,31,131,8,11.24,1.405
16,31,132,1,1.4,1.4
16,31,133,5,6.86,1.372
16,31,134,18,24.25,1.3472222222222223
16,31,135,9,12.06,1.34
16,31,136,5,6.57,1.314
16,31,137,6,7.71,1.285
16,31,138,12,15.19,1.2658333333333334
16,31,139,19,23.9,1.2578947368421052
16,31,140,16,19.84,1.24
16,31,141,6,7.44,1.24
16,31,142,11,13.39,1.2172727272727273
16,31,143,4,4.84,1.21
16,31,144,10,12.0,1.2
16,31,145,7,8.27,1.1814285714285713
16,31,146,5,5.82,1.1640000000000001
16,31,147,13,14.65,1.126923076923077
16,31,148,15,16.8,1.12
16,31,149,1,1.09,1.09
16,31,150,10,10.53,1.053
16,31,151,10,10.04,1.004
16,31,152,12,12.01,1.0008333333333332
16,31,153,10,9.89,0.9890000000000001
16,31,154,13,12.81,0.9853846153846154
16,31,155,9,8.73,0.9700000000000001
16,31,156,18,17.4,0.9666666666666666
16,31,157,14,13.3,0.9500000000000001
16,31,158,10,9.38,0.9380000000000001
16,31,159,2,1.81,0.905
16,31,160,1,0.9,0.9
16,31,161,18,15.2,0.8444444444444444
16,31,162,19,15.19,0.7994736842105263
16,31,163,4,3.17,0.7925
16,31,164,15,10.93,0.7286666666666667
16,31,165,6,4.37,0.7283333333333334
16,31,166,2,1.44,0.72
16,31,167,15,10.63,0.7086666666666667
16,31,168,7,4.89,0.6985714285714285
16,31,169,14,9.26,0.6614285714285714
16,31,170,15,9.81,0.654
16,31,171,11,6.97,0.6336363636363637
16,31,172,18,10.98,0.61
16,31,173,9,5.31,0.59
16,31,174,8,4.53,0.56625
16,31,175,4,2.23,0.5575
16,31,176,8,4.28,0.535
16,31,177,15,7.63,0.5086666666666667
16,31,178,13,6.59,0.5069230769230769
16,31,179,2,0.98,0.49
16,31,180,9,4.4,0.48888888888888893
16,31,181,11,5.22,0.47454545454545455
16,31,182,6,2.69,0.4483333333333333
16,31,183,17,7.53,0.4429411764705882
16,31,184,5,2.14,0.42800000000000005
16,31,185,14,5.76,0.4114285714285714
16,31,186,11,4.41,0.40090909090909094
16,31,187,2,0.8,0.4
16,31,188,14,5.36,0.3828571428571429
16,31,189,14,4.8,0.34285714285714286
16,31,190,6,2.02,0.33666666666666667
16,31,191,18,5.93,0.32944444444444443
16,31,192,5,1.44,0.288
16,31,193,4,1.02,0.255
16,31,194,1,0.23,0.23
16,31,195,17,3.83,0.22529411764705884
16,31,196,20,3.68,0.184
16,31,197,18,3.1,0.17222222222222222
16,31,198,1,0.17,0.17
16,31,199,19,2.65,0.1394736842105263
16,47,0,6,5.85,0.975
16,47,1,3,2.92,0.9733333333333333
16,47,2,9,8.67,0.9633333333333334
16,47,3,20,18.99,0.9494999999999999
16,47,4,10,9.32,0.932
16,47,5,15,13.86,0.9239999999999999
16,47,6,18,16.52,0.9177777777777778
16,47,7,15,13.55,0.9033333333333334
16,47,8,2,1.8,0.9
16,47,9,11,9.85,0.8954545454545454
16,47,10,18,16.1,0.8944444444444445
16,47,11,19,16.97,0.893157894736842
16,47,12,4,3.54,0.885
16,47,13,9,7.92,0.88
16,47,14,14,12.28,0.8771428571428571
16,47,15,13,11.39,0.8761538461538462
16,47,16,14,12.16,0.8685714285714285
16,47,17,3,2.58,0.86
16,47,18,11,9.43,0.8572727272727273
16,47,19,11,9.42,0.8563636363636363
16,47,20,12,10.27,0.8558333333333333
16,47,21,20,17.0,0.85
16,47,22,11,9.3,0.8454545454545456
16,47,23,14,11.82,0.8442857142857143
16,47,24,18,15.19,0.8438888888888889
16,47,25,3,2.52,0.84
16,47,26,4,3.31,0.8275
16,47,27,17,14.06,0.8270588235294118
16,47,28,17,13.89,0.8170588235294118
16,47,29,19,15.5,0.8157894736842105
16,47,30,3,2.42,0.8066666666666666
16,47,31,19,15.3,0.8052631578947369
16,47,32,8,6.44,0.805
16,47,33,13,10.43,0.8023076923076923
16,47,34,11,8.79,0.799090909090909
16,47,35,17,13.53,0.7958823529411765
16,47,36,6,4.75,0.7916666666666666
16,47,37,6,4.75,0.7916666666666666
16,47,38,10,7.89,0.7889999999999999
16,47,39,7,5.52,0.7885714285714285
16,47,40,7,5.44,0.7771428571428572
16,47,41,15,11.58,0.772
16,47,42,2,1.54,0.77
16,47,43,4,3.08,0.77
16,47,44,5,3.84,0.768
16,47,45,17,12.87,0.7570588235294117
16,47,46,18,13.47,0.7483333333333334
16,47,47,5,3.74,0.748
16,47,48,11,8.12,0.7381818181818182
16,47,49,2,1.47,0.735
16,47,50,17,12.49,0.7347058823529412
16,47,51,11,7.96,0.7236363636363636
16,47,52,7,5.04,0.72
16,47,53,18,12.95,0.7194444444444444
16,47,54,12,8.48,0.7066666666666667
16,47,55,2,1.38,0.69
16,47,56,13,8.88,0.6830769230769231
16,47,57,16,10.61,0.663125
16,47,58,5,3.28,0.6559999999999999
16,47,59,1,0.65,0.65
16,47,60,11,7.08,0.6436363636363637
16,47,61,9,5.77,0.6411111111111111
16,47,62,19,12.18,0.6410526315789473
16,47,63,6,3.81,0.635
16,47,64,2,1.25,0.625
16,47,65,9,5.6,0.6222222222222222
16,47,66,3,1.85,0.6166666666666667
16,47,67,6,3.7,0.6166666666666667
16,47,68,8,4.91,0.61375
16,47,69,16,9.82,0.61375
16,47,70,15,9.01,0.6006666666666667
16,47,71,3,1.79,0.5966666666666667
16,47,72,17,10.12,0.5952941176470588
16,47,73,13,7.73,0.5946153846153847
16,47,74,16,9.45,0.590625
16,47,75,8,4.63,0.57875
16,47,76,8,4.57,0.57125
16,47,77,18,10.13,0.5627777777777778
16,47,78,11,6.14,0.5581818181818181
16,47,79,12,6.67,0.5558333333333333
16,47,80,2,1.11,0.555
16,47,81,12,6.6,0.5499999999999999
16,47,82,20,10.99,0.5495
16,47,83,17,9.33,0.5488235294117647
16,47,84,17,9.32,0.548235294117647
16,47,85,19,10.4,0.5473684210526316
16,47,86,17,9.27,0.5452941176470588
16,47,87,16,8.69,0.543125
16,47,88,8,4.27,0.53375
16,47,89,1,0.53,0.53
16,47,90,14,7.36,0.5257142857142857
16,47,91,4,2.09,0.5225
16,47,92,6,3.12,0.52
16,47,93,14,7.25,0.5178571428571429
16,47,94,2,0.99,0.495
16,47,95,15,7.39,0.49266666666666664
16,47,96,11,5.41,0.4918181818181818
16,47,97,2,0.98,0.49
16,47,98,3,1.46,0.48666666666666664
16,47,99,14,6.79,0.485
16,47,100,4,1.93,0.4825
16,47,101,13,6.24,0.48000000000000004
16,47,102,8,3.82,0.4775
16,47,103,2,0.95,0.475
16,47,104,19,9.02,0.4747368421052631
16,47,105,4,1.89,0.4725
16,47,106,11,5.16,0.4690909090909091
16,47,107,12,5.54,0.46166666666666667
16,47,108,16,7.32,0.4575
16,47,109,17,7.75,0.45588235294117646
16,47,110,5,2.25,0.45
16,47,111,10,4.4,0.44000000000000006
16,47,112,12,5.25,0.4375
16,47,113,19,8.29,0.43631578947368416
16,47,114,5,2.18,0.43600000000000005
16,47,115,16,6.95,0.434375
16,47,116,13,5.63,0.4330769230769231
16,47,117,5,2.12,0.42400000000000004
16,47,118,12,4.97,0.4141666666666666
16,47,119,18,7.42,0.4122222222222222
16,47,120,19,7.81,0.41105263157894734
16,47,121,2,0.81,0.405
16,47,122,13,5.25,0.40384615384615385
16,47,123,2,0.78,0.39
16,47,124,17,6.52,0.38352941176470584
16,47,125,3,1.13,0.37666666666666665
16,47,126,16,5.96,0.3725
16,47,127,16,5.78,0.36125
16,47,128,9,3.22,0.3577777777777778
16,47,129,13,4.46,0.34307692307692306
16,47,130,3,1.01,0.33666666666666667
16,47,131,15,4.96,0.33066666666666666
16,47,132,13,4.25,0.3269230769230769
16,47,133,14,4.5,0.32142857142857145
16,47,134,16,5.11,0.319375
16,47,135,11,3.44,0.31272727272727274
16,47,136,20,6.17,0.3085
16,47,137,19,5.84,0.30736842105263157
16,47,138,4,1.16,0.29
16,47,139,5,1.4,0.27999999999999997
16,47,140,15,4.12,0.27466666666666667
16,47,141,15,4.11,0.274
16,47,142,7,1.88,0.26857142857142857
16,47,143,13,3.46,0.26615384615384613
16,47,144,6,1.59,0.265
16,47,145,19,5.01,0.2636842105263158
16,47,146,11,2.77,0.25181818181818183
16,47,147,16,3.78,0.23625
16,47,148,10,2.29,0.229
16,47,149,4,0.87,0.2175
16,47,150,20,4.33,0.2165
16,47,151,17,3.66,0.21529411764705883
16,47,152,12,2.55,0.2125
16,47,153,16,3.35,0.209375
16,47,154,17,3.5,0.20588235294117646
16,47,155,2,0.41,0.205
16,47,156,19,3.81,0.2005263157894737
16,47,157,16,3.14,0.19625
16,47,158,8,1.55,0.19375
16,47,159,19,3.62,0.19052631578947368
16,47,160,3,0.56,0.18666666666666668
16,47,161,8,1.45,0.18125
16,47,162,3,0.53,0.17666666666666667
16,47,163,6,1.03,0.17166666666666666
16,47,164,7,1.18,0.16857142857142857
16,47,165,17,2.84,0.16705882352941176
16,47,166,7,1.16,0.1657142857142857
16,47,167,4,0.63,0.1575
16,47,168,7,1.08,0.1542857142857143
16,47,169,6,0.9,0.15
16,47,170,9,1.34,0.1488888888888889
16,47,171,7,1.03,0.14714285714285716
16,47,172,11,1.61,0.14636363636363636
16,47,173,13,1.87,0.14384615384615385
16,47,174,3,0.43,0.14333333333333334
16,47,175,3,0.41,0.13666666666666666
16,47,176,7,0.93,0.13285714285714287
16,47,177,3,0.38,0.12666666666666668
16,47,178,10,1.24,0.124
16,47,179,19,2.25,0.11842105263157894
16,47,180,2,0.23,0.115
16,47,181,4,0.45,0.1125
16,47,182,9,1.01,0.11222222222222222
16,47,183,5,0.56,0.11200000000000002
16,47,184,8,0.89,0.11125
16,47,185,18,1.99,0.11055555555555556
16,47,186,13,1.31,0.10076923076923078
16,47,187,19,1.85,0.09736842105263159
16,47,188,5,0.45,0.09
16,47,189,7,0.61,0.08714285714285715
16,47,190,7,0.59,0.08428571428571428
16,47,191,16,1.29,0.080625
16,47,192,17,1.34,0.07882352941176471
16,47,193,13,1.01,0.0776923076923077
16,47,194,8,0.62,0.0775
16,47,195,8,0.62,0.0775
16,47,196,9,0.67,0.07444444444444445
16,47,197,6,0.42,0.06999999999999999
16,47,198,14,0.87,0.062142857142857146
16,47,199,9,0.42,0.04666666666666666
16,48,0,5,22.82,4.564
16,48,1,3,13.55,4.516666666666667
16,48,2,17,76.5,4.5
16,48,3,7,31.33,4.475714285714285
16,48,4,7,31.32,4.474285714285714
16,48,5,9,40.24,4.471111111111111
16,48,6,5,22.34,4.468
16,48,7,2,8.9,4.45
16,48,8,2,8.88,4.44
16,48,9,6,26.62,4.4366666666666665
16,48,10,17,75.4,4.435294117647059
16,48,11,10,44.24,4.424
16,48,12,13,56.75,4.365384615384615
16,48,13,11,47.99,4.362727272727273
16,48,14,15,65.43,4.362
16,48,15,19,82.39,4.336315789473685
16,48,16,1,4.33,4.33
16,48,17,10,43.19,4.319
16,48,18,2,8.6,4.3
16,48,19,13,55.59,4.276153846153846
16,48,20,1,4.26,4.26
16,48,21,8,33.43,4.17875
16,48,22,18,75.13,4.1738888888888885
16,48,23,18,75.0,4.166666666666667
16,48,24,15,62.31,4.154
16,48,25,2,8.3,4.15
16,48,26,15,62.11,4.140666666666666
16,48,27,2,8.28,4.14
16,48,28,2,8.25,4.125
16,48,29,12,49.34,4.111666666666667
16,48,30,8,32.88,4.11
16,48,31,5,20.48,4.096
16,48,32,20,81.75,4.0875
16,48,33,10,40.41,4.0409999999999995
16,48,34,1,4.03,4.03
16,48,35,4,16.0,4.0
16,48,36,20,80.0,4.0
16,48,37,20,79.79,3.9895000000000005
16,48,38,20,78.96,3.9479999999999995
16,48,39,17,65.58,3.857647058823529
16,48,40,17,64.71,3.806470588235294
16,48,41,19,71.87,3.7826315789473686
16,48,42,5,18.86,3.772
16,48,43,9,33.87,3.763333333333333
16,48,44,3,11.19,3.73
16,48,45,5,18.64,3.728
16,48,46,20,74.37,3.7185
16,48,47,10,36.88,3.688
16,48,48,19,69.91,3.6794736842105262
16,48,49,6,22.07,3.6783333333333332
16,48,50,5,18.3,3.66
16,48,51,15,54.84,3.656
16,48,52,9,32.64,3.626666666666667
16,48,53,8,28.92,3.615
16,48,54,11,39.45,3.5863636363636364
16,48,55,7,24.9,3.557142857142857
16,48,56,14,49.8,3.557142857142857
16,48,57,7,24.88,3.5542857142857143
16,48,58,13,45.8,3.523076923076923
16,48,59,3,10.5,3.5
16,48,60,20,69.94,3.497
16,48,61,20,69.65,3.4825000000000004
16,48,62,17,58.74,3.455294117647059
16,48,63,11,36.58,3.325454545454545
16,48,64,5,16.5,3.3
16,48,65,15,49.39,3.292666666666667
16,48,66,8,26.14,3.2675
16,48,67,19,62.04,3.265263157894737
16,48,68,20,64.78,3.239
16,48,69,11,35.24,3.2036363636363636
16,48,70,14,44.05,3.1464285714285714
16,48,71,12,37.57,3.1308333333333334
16,48,72,19,58.88,3.0989473684210527
16,48,73,6,18.42,3.0700000000000003
16,48,74,11,33.75,3.0681818181818183
16,48,75,16,48.91,3.056875
16,48,76,11,33.41,3.037272727272727
16,48,77,18,54.56,3.031111111111111
16,48,78,7,21.13,3.0185714285714282
16,48,79,5,15.02,3.004
16,48,80,11,32.62,2.9654545454545453
16,48,81,3,8.88,2.9600000000000004
16,48,82,1,2.96,2.96
16,48,83,13,38.32,2.9476923076923076
16,48,84,4,11.79,2.9475
16,48,85,7,20.46,2.922857142857143
16,48,86,18,51.92,2.8844444444444446
16,48,87,4,11.47,2.8675
16,48,88,3,8.5,2.8333333333333335
16,48,89,17,48.14,2.831764705882353
16,48,90,5,14.1,2.82
16,48,91,15,42.27,2.818
16,48,92,4,11.17,2.7925
16,48,93,13,36.28,2.790769230769231
16,48,94,6,16.73,2.7883333333333336
16,48,95,3,8.27,2.7566666666666664
16,48,96,8,21.97,2.74625
16,48,97,13,35.46,2.727692307692308
16,48,98,10,27.15,2.715
16,48,99,4,10.65,2.6625
16,48,100,6,15.74,2.6233333333333335
16,48,101,4,10.46,2.615
16,48,102,4,10.43,2.6075
16,48,103,20,51.92,2.596
16,48,104,3,7.68,2.56
16,48,105,15,37.92,2.528
16,48,106,3,7.46,2.486666666666667
16,48,107,17,41.66,2.4505882352941173
16,48,108,16,38.16,2.385
16,48,109,16,38.04,2.3775
16,48,110,16,36.98,2.31125
16,48,111,1,2.29,2.29
16,48,112,1,2.27,2.27
16,48,113,8,18.12,2.265
16,48,114,16,36.17,2.260625
16,48,115,4,9.04,2.26
16,48,116,16,35.79,2.236875
16,48,117,7,15.56,2.222857142857143
16,48,118,5,11.02,2.2039999999999997
16,48,119,4,8.76,2.19
16,48,120,3,6.54,2.18
16,48,121,7,14.83,2.1185714285714288
16,48,122,4,8.33,2.0825
16,48,123,10,20.64,2.064
16,48,124,9,18.57,2.0633333333333335
16,48,125,3,6.11,2.0366666666666666
16,48,126,20,39.81,1.9905000000000002
16,48,127,4,7.78,1.945
16,48,128,14,26.52,1.8942857142857144
16,48,129,6,11.09,1.8483333333333334
16,48,130,16,29.45,1.840625
16,48,131,11,20.04,1.8218181818181818
16,48,132,13,23.63,1.8176923076923077
16,48,133,20,36.13,1.8065000000000002
16,48,134,15,27.09,1.806
16,48,135,12,21.58,1.7983333333333331
16,48,136,6,10.69,1.7816666666666665
16,48,137,15,26.64,1.776
16,48,138,13,22.67,1.743846153846154
16,48,139,8,13.11,1.63875
16,48,140,13,21.05,1.6192307692307693
16,48,141,13,20.98,1.613846153846154
16,48,142,16,25.48,1.5925
16,48,143,13,20.07,1.5438461538461539
16,48,144,16,24.7,1.54375
16,48,145,19,29.25,1.5394736842105263
16,48,146,5,7.63,1.526
16,48,147,2,2.98,1.49
16,48,148,7,10.3,1.4714285714285715
16,48,149,2,2.9,1.45
16,48,150,16,22.46,1.40375
16,48,151,14,19.3,1.3785714285714286
16,48,152,16,21.74,1.35875
16,48,153,10,13.34,1.334
16,48,154,16,20.59,1.286875
16,48,155,15,19.12,1.2746666666666668
16,48,156,15,18.82,1.2546666666666666
16,48,157,3,3.43,1.1433333333333333
16,48,158,12,13.55,1.1291666666666667
16,48,159,1,1.11,1.11
16,48,160,10,11.1,1.1099999999999999
16,48,161,6,6.33,1.055
16,48,162,6,6.26,1.0433333333333332
16,48,163,18,18.17,1.0094444444444446
16,48,164,10,9.75,0.975
16,48,165,12,11.53,0.9608333333333333
16,48,166,13,12.28,0.9446153846153845
16,48,167,11,10.3,0.9363636363636364
16,48,168,11,9.64,0.8763636363636365
16,48,169,17,14.78,0.8694117647058823
16,48,170,1,0.84,0.84
16,48,171,11,9.16,0.8327272727272728
16,48,172,7,5.82,0.8314285714285715
16,48,173,8,6.48,0.81
16,48,174,10,8.01,0.8009999999999999
16,48,175,6,4.63,0.7716666666666666
16,48,176,12,9.11,0.7591666666666667
16,48,177,9,6.66,0.74
16,48,178,6,4.25,0.7083333333333334
16,48,179,7,4.94,0.7057142857142857
16,48,180,20,13.98,0.6990000000000001
16,48,181,13,9.03,0.6946153846153845
16,48,182,9,6.11,0.6788888888888889
16,48,183,4,2.49,0.6225
16,48,184,9,5.3,0.5888888888888889
16,48,185,16,8.76,0.5475
16,48,186,11,5.95,0.5409090909090909
16,48,187,2,1.02,0.51
16,48,188,5,2.51,0.502
16,48,189,10,4.78,0.47800000000000004
16,48,190,16,7.39,0.461875
16,48,191,9,3.45,0.38333333333333336
16,48,192,4,1.53,0.3825
16,48,193,16,6.08,0.38
16,48,194,16,6.03,0.376875
16,48,195,18,5.83,0.3238888888888889
16,48,196,13,3.91,0.3007692307692308
16,48,197,5,1.43,0.286
16,48,198,20,5.38,0.269
16,48,199,10,2.45,0.24500000000000002
16,90,0,20,73.44,3.6719999999999997
16,90,1,17,61.42,3.6129411764705885
16,90,2,6,21.59,3.598333333333333
16,90,3,1,3.59,3.59
16,90,4,6,21.52,3.5866666666666664
16,90,5,12,42.52,3.5433333333333334
16,90,6,14,49.46,3.532857142857143
16,90,7,6,21.18,3.53
16,90,8,3,10.58,3.526666666666667
16,90,9,12,42.14,3.5116666666666667
16,90,10,5,17.5,3.5
16,90,11,11,37.66,3.4236363636363634
16,90,12,20,68.41,3.4204999999999997
16,90,13,10,33.96,3.396
16,90,14,9,30.52,3.391111111111111
16,90,15,11,36.8,3.3454545454545452
16,90,16,1,3.34,3.34
16,90,17,12,39.98,3.3316666666666666
16,90,18,17,56.63,3.3311764705882356
16,90,19,1,3.31,3.31
16,90,20,4,13.16,3.29
16,90,21,19,61.84,3.254736842105263
16,90,22,13,41.87,3.2207692307692306
16,90,23,2,6.35,3.175
16,90,24,17,53.74,3.1611764705882353
16,90,25,14,43.82,3.13
16,90,26,6,18.73,3.1216666666666666
16,90,27,6,18.63,3.105
16,90,28,7,21.7,3.1
16,90,29,1,3.09,3.09
16,90,30,20,60.89,3.0445
16,90,31,15,45.64,3.042666666666667
16,90,32,12,36.51,3.0425
16,90,33,20,60.07,3.0035
16,90,34,20,60.0,3.0
16,90,35,2,5.99,2.995
16,90,36,9,26.8,2.977777777777778
16,90,37,4,11.87,2.9675
16,90,38,2,5.93,2.965
16,90,39,15,44.45,2.9633333333333334
16,90,40,16,47.16,2.9475
16,90,41,12,35.25,2.9375
16,90,42,8,23.27,2.90875
16,90,43,7,20.35,2.9071428571428575
16,90,44,18,52.32,2.9066666666666667
16,90,45,2,5.67,2.835
16,90,46,9,25.44,2.8266666666666667
16,90,47,11,30.88,2.807272727272727
16,90,48,11,30.77,2.7972727272727274
16,90,49,2,5.55,2.775
16,90,50,13,35.91,2.762307692307692
16,90,51,20,55.2,2.7600000000000002
16,90,52,2,5.44,2.72
16,90,53,8,21.71,2.71375
16,90,54,3,8.14,2.7133333333333334
16,90,55,5,13.54,2.7079999999999997
16,90,56,2,5.4,2.7
16,90,57,1,2.69,2.69
16,90,58,8,20.89,2.61125
16,90,59,2,5.2,2.6
16,90,60,18,46.69,2.593888888888889
16,90,61,7,18.13,2.59
16,90,62,8,20.7,2.5875
16,90,63,20,51.7,2.585
16,90,64,18,46.47,2.5816666666666666
16,90,65,11,28.16,2.56
16,90,66,17,43.39,2.5523529411764705
16,90,67,20,50.9,2.545
16,90,68,9,22.45,2.4944444444444445
16,90,69,17,42.31,2.4888235294117647
16,90,70,5,12.43,2.4859999999999998
16,90,71,2,4.96,2.48
16,90,72,8,19.63,2.45375
16,90,73,17,41.43,2.4370588235294117
16,90,74,17,40.49,2.381764705882353
16,90,75,1,2.38,2.38
16,90,76,6,14.17,2.361666666666667
16,90,77,9,21.15,2.3499999999999996
16,90,78,7,16.35,2.335714285714286
16,90,79,6,13.81,2.3016666666666667
16,90,80,1,2.28,2.28
16,90,81,18,41.01,2.2783333333333333
16,90,82,2,4.52,2.26
16,90,83,10,22.45,2.245
16,90,84,4,8.92,2.23
16,90,85,11,24.41,2.2190909090909092
16,90,86,12,26.53,2.2108333333333334
16,90,87,19,41.84,2.202105263157895
16,90,88,4,8.73,2.1825
16,90,89,1,2.18,2.18
16,90,90,14,30.35,2.167857142857143
16,90,91,3,6.47,2.1566666666666667
16,90,92,11,23.71,2.1554545454545457
16,90,93,15,31.67,2.1113333333333335
16,90,94,16,33.65,2.103125
16,90,95,18,37.17,2.065
16,90,96,20,40.49,2.0245
16,90,97,15,29.99,1.9993333333333332
16,90,98,6,11.95,1.9916666666666665
16,90,99,19,37.63,1.980526315789474
16,90,100,20,39.35,1.9675
16,90,101,11,21.49,1.9536363636363634
16,90,102,1,1.95,1.95
16,90,103,19,36.73,1.933157894736842
16,90,104,2,3.86,1.93
16,90,105,14,26.76,1.9114285714285715
16,90,106,8,15.12,1.89
16,90,107,19,35.91,1.89
16,90,108,19,35.82,1.8852631578947368
16,90,109,19,35.65,1.8763157894736842
16,90,110,19,35.33,1.8594736842105262
16,90,111,5,9.1,1.8199999999999998
16,90,112,2,3.63,1.815
16,90,113,7,12.69,1.8128571428571427
16,90,114,11,19.91,1.81
16,90,115,3,5.34,1.78
16,90,116,6,10.65,1.7750000000000001
16,90,117,18,31.82,1.767777777777778
16,90,118,3,5.1,1.7
16,90,119,17,28.73,1.69
16,90,120,9,15.17,1.6855555555555555
16,90,121,12,19.87,1.6558333333333335
16,90,122,18,29.05,1.613888888888889
16,90,123,14,22.48,1.6057142857142856
16,90,124,10,15.89,1.589
16,90,125,5,7.83,1.566
16,90,126,11,17.03,1.5481818181818183
16,90,127,18,27.6,1.5333333333333334
16,90,128,13,19.68,1.5138461538461538
16,90,129,4,6.05,1.5125
16,90,130,13,19.61,1.5084615384615385
16,90,131,10,14.99,1.499
16,90,132,9,13.4,1.488888888888889
16,90,133,18,26.72,1.4844444444444445
16,90,134,5,7.42,1.484
16,90,135,17,24.85,1.461764705882353
16,90,136,6,8.49,1.415
16,90,137,15,21.15,1.41
16,90,138,9,12.52,1.391111111111111
16,90,139,11,15.1,1.3727272727272728
16,90,140,16,21.89,1.368125
16,90,141,18,24.54,1.3633333333333333
16,90,142,17,23.13,1.3605882352941177
16,90,143,1,1.35,1.35
16,90,144,2,2.7,1.35
16,90,145,7,9.45,1.3499999999999999
16,90,146,15,20.13,1.3419999999999999
16,90,147,5,6.65,1.33
16,90,148,5,6.64,1.3279999999999998
16,90,149,10,13.08,1.308
16,90,150,20,25.05,1.2525
16,90,151,12,14.65,1.2208333333333334
16,90,152,2,2.44,1.22
16,90,153,9,10.34,1.1488888888888888
16,90,154,5,5.67,1.134
16,90,155,9,10.01,1.1122222222222222
16,90,156,14,15.53,1.1092857142857142
16,90,157,6,6.33,1.055
16,90,158,15,15.71,1.0473333333333334
16,90,159,10,10.46,1.046
16,90,160,6,6.23,1.0383333333333333
16,90,161,10,10.36,1.036
16,90,162,18,17.75,0.9861111111111112
16,90,163,12,11.75,0.9791666666666666
16,90,164,10,9.6,0.96
16,90,165,17,15.8,0.9294117647058824
16,90,166,7,6.5,0.9285714285714286
16,90,167,20,17.77,0.8885
16,90,168,12,10.59,0.8825
16,90,169,19,16.66,0.8768421052631579
16,90,170,6,4.97,0.8283333333333333
16,90,171,15,12.27,0.818
16,90,172,12,9.75,0.8125
16,90,173,15,11.38,0.7586666666666667
16,90,174,12,8.84,0.7366666666666667
16,90,175,12,8.22,0.685
16,90,176,4,2.48,0.62
16,90,177,5,2.86,0.572
16,90,178,4,2.24,0.56
16,90,179,11,6.14,0.5581818181818181
16,90,180,7,3.7,0.5285714285714286
16,90,181,17,8.87,0.5217647058823529
16,90,182,3,1.52,0.5066666666666667
16,90,183,7,3.43,0.49000000000000005
16,90,184,9,4.28,0.47555555555555556
16,90,185,17,7.39,0.43470588235294116
16,90,186,9,3.7,0.41111111111111115
16,90,187,14,5.71,0.40785714285714286
16,90,188,10,3.79,0.379
16,90,189,3,1.06,0.35333333333333333
16,90,190,17,5.9,0.3470588235294118
16,90,191,18,5.95,0.33055555555555555
16,90,192,11,3.58,0.32545454545454544
16,90,193,5,1.6,0.32
16,90,194,3,0.96,0.32
16,90,195,9,2.61,0.29
16,90,196,12,3.18,0.265
16,90,197,14,3.55,0.25357142857142856
16,90,198,11,2.37,0.21545454545454545
16,90,199,11,2.16,0.19636363636363638
17,5,0,4,6.89,1.7225
17,5,1,19,32.68,1.72
17,5,2,17,29.2,1.7176470588235293
17,5,3,2,3.42,1.71
17,5,4,17,29.06,1.7094117647058822
17,5,5,3,5.12,1.7066666666666668
17,5,6,7,11.83,1.69
17,5,7,18,30.33,1.6849999999999998
17,5,8,2,3.34,1.67
17,5,9,6,10.0,1.6666666666666667
17,5,10,4,6.64,1.66
17,5,11,5,8.29,1.658
17,5,12,19,31.29,1.6468421052631579
17,5,13,1,1.64,1.64
17,5,14,16,26.23,1.639375
17,5,15,2,3.27,1.635
17,5,16,6,9.75,1.625
17,5,17,19,30.79,1.6205263157894736
17,5,18,8,12.91,1.61375
17,5,19,16,25.74,1.60875
17,5,20,20,31.91,1.5955
17,5,21,18,28.69,1.593888888888889
17,5,22,2,3.18,1.59
17,5,23,11,17.48,1.589090909090909
17,5,24,16,25.12,1.57
17,5,25,5,7.82,1.564
17,5,26,9,14.04,1.5599999999999998
17,5,27,5,7.78,1.556
17,5,28,3,4.56,1.5199999999999998
17,5,29,2,3.01,1.505
17,5,30,4,6.0,1.5
17,5,31,19,28.47,1.4984210526315789
17,5,32,20,29.21,1.4605000000000001
17,5,33,10,14.53,1.4529999999999998
17,5,34,3,4.34,1.4466666666666665
17,5,35,2,2.85,1.425
17,5,36,19,27.01,1.421578947368421
17,5,37,14,19.89,1.4207142857142858
17,5,38,5,7.1,1.42
17,5,39,14,19.83,1.4164285714285714
17,5,40,11,15.57,1.4154545454545455
17,5,41,1,1.41,1.41
17,5,42,18,25.34,1.4077777777777778
17,5,43,6,8.44,1.4066666666666665
17,5,44,8,11.12,1.39
17,5,45,18,24.99,1.3883333333333332
17,5,46,3,4.13,1.3766666666666667
17,5,47,11,15.06,1.3690909090909091
17,5,48,16,21.83,1.364375
17,5,49,5,6.82,1.364
17,5,50,20,27.18,1.359
17,5,51,4,5.41,1.3525
17,5,52,13,17.56,1.3507692307692307
17,5,53,1,1.35,1.35
17,5,54,10,13.4,1.34
17,5,55,3,4.01,1.3366666666666667
17,5,56,20,25.81,1.2905
17,5,57,8,10.18,1.2725
17,5,58,9,11.28,1.2533333333333332
17,5,59,9,11.25,1.25
17,5,60,14,17.48,1.2485714285714287
17,5,61,9,11.05,1.2277777777777779
17,5,62,8,9.82,1.2275
17,5,63,13,15.77,1.213076923076923
17,5,64,5,6.02,1.204
17,5,65,12,14.42,1.2016666666666667
17,5,66,1,1.2,1.2
17,5,67,20,23.94,1.197
17,5,68,1,1.19,1.19
17,5,69,9,10.55,1.1722222222222223
17,5,70,6,6.81,1.135
17,5,71,15,16.81,1.1206666666666665
17,5,72,20,22.28,1.114
17,5,73,8,8.91,1.11375
17,5,74,20,22.2,1.1099999999999999
17,5,75,3,3.31,1.1033333333333333
17,5,76,18,19.86,1.1033333333333333
17,5,77,10,10.98,1.098
17,5,78,9,9.86,1.0955555555555554
17,5,79,9,9.81,1.09
17,5,80,5,5.44,1.088
17,5,81,5,5.41,1.082
17,5,82,20,21.4,1.0699999999999998
17,5,83,9,9.56,1.0622222222222222
17,5,84,9,9.41,1.0455555555555556
17,5,85,2,2.08,1.04
17,5,86,19,19.43,1.0226315789473683
17,5,87,10,9.99,0.999
17,5,88,19,18.73,0.9857894736842105
17,5,89,8,7.79,0.97375
17,5,90,1,0.97,0.97
17,5,91,17,16.43,0.9664705882352941
17,5,92,17,16.16,0.9505882352941176
17,5,93,5,4.75,0.95
17,5,94,9,8.52,0.9466666666666667
17,5,95,19,17.9,0.9421052631578947
17,5,96,2,1.88,0.94
17,5,97,11,10.21,0.9281818181818182
17,5,98,10,9.24,0.924
17,5,99,6,5.53,0.9216666666666667
17,5,100,15,13.76,0.9173333333333333
17,5,101,19,17.16,0.9031578947368422
17,5,102,11,9.74,0.8854545454545455
17,5,103,15,13.11,0.874
17,5,104,3,2.61,0.87
17,5,105,11,9.54,0.8672727272727272
17,5,106,17,14.73,0.8664705882352941
17,5,107,18,15.55,0.8638888888888889
17,5,108,15,12.95,0.8633333333333333
17,5,109,10,8.38,0.8380000000000001
17,5,110,7,5.8,0.8285714285714285
17,5,111,3,2.48,0.8266666666666667
17,5,112,8,6.58,0.8225
17,5,113,10,8.21,0.8210000000000001
17,5,114,17,13.74,0.808235294117647
17,5,115,1,0.8,0.8
17,5,116,19,15.18,0.7989473684210526
17,5,117,1,0.79,0.79
17,5,118,7,5.47,0.7814285714285714
17,5,119,2,1.52,0.76
17,5,120,8,5.91,0.73875
17,5,121,18,12.95,0.7194444444444444
17,5,122,15,10.69,0.7126666666666667
17,5,123,5,3.56,0.712
17,5,124,9,6.29,0.6988888888888889
17,5,125,6,4.15,0.6916666666666668
17,5,126,6,4.11,0.685
17,5,127,18,12.32,0.6844444444444444
17,5,128,18,12.27,0.6816666666666666
17,5,129,9,6.08,0.6755555555555556
17,5,130,7,4.72,0.6742857142857143
17,5,131,6,4.04,0.6733333333333333
17,5,132,1,0.66,0.66
17,5,133,16,10.5,0.65625
17,5,134,1,0.65,0.65
17,5,135,15,9.58,0.6386666666666667
17,5,136,15,9.42,0.628
17,5,137,20,12.55,0.6275000000000001
17,5,138,12,7.46,0.6216666666666667
17,5,139,7,4.34,0.62
17,5,140,6,3.56,0.5933333333333334
17,5,141,4,2.37,0.5925
17,5,142,11,6.45,0.5863636363636364
17,5,143,17,9.86,0.58
17,5,144,14,8.09,0.5778571428571428
17,5,145,19,10.87,0.5721052631578947
17,5,146,18,9.92,0.5511111111111111
17,5,147,1,0.54,0.54
17,5,148,9,4.82,0.5355555555555556
17,5,149,4,2.12,0.53
17,5,150,7,3.7,0.5285714285714286
17,5,151,12,6.25,0.5208333333333334
17,5,152,1,0.52,0.52
17,5,153,14,7.24,0.5171428571428571
17,5,154,18,9.05,0.5027777777777778
17,5,155,1,0.5,0.5
17,5,156,7,3.38,0.4828571428571428
17,5,157,19,9.14,0.4810526315789474
17,5,158,20,9.57,0.47850000000000004
17,5,159,17,7.94,0.4670588235294118
17,5,160,10,4.64,0.46399999999999997
17,5,161,3,1.37,0.4566666666666667
17,5,162,19,8.56,0.4505263157894737
17,5,163,18,7.6,0.4222222222222222
17,5,164,2,0.83,0.415
17,5,165,14,5.78,0.41285714285714287
17,5,166,9,3.69,0.41
17,5,167,15,5.94,0.396
17,5,168,15,5.92,0.39466666666666667
17,5,169,2,0.78,0.39
17,5,170,20,7.74,0.387
17,5,171,9,3.48,0.38666666666666666
17,5,172,10,3.68,0.368
17,5,173,1,0.36,0.36
17,5,174,11,3.94,0.35818181818181816
17,5,175,8,2.77,0.34625
17,5,176,5,1.69,0.33799999999999997
17,5,177,10,3.15,0.315
17,5,178,16,4.74,0.29625
17,5,179,19,5.6,0.29473684210526313
17,5,180,17,4.89,0.28764705882352937
17,5,181,14,4.01,0.2864285714285714
17,5,182,7,1.86,0.26571428571428574
17,5,183,8,1.78,0.2225
17,5,184,5,1.09,0.21800000000000003
17,5,185,2,0.43,0.215
17,5,186,20,4.09,0.2045
17,5,187,1,0.19,0.19
17,5,188,11,2.07,0.18818181818181817
17,5,189,9,1.6,0.17777777777777778
17,5,190,18,3.1,0.17222222222222222
17,5,191,20,3.3,0.16499999999999998
17,5,192,3,0.46,0.15333333333333335
17,5,193,10,1.51,0.151
17,5,194,3,0.34,0.11333333333333334
17,5,195,3,0.31,0.10333333333333333
17,5,196,3,0.29,0.09666666666666666
17,5,197,7,0.65,0.09285714285714286
17,5,198,11,0.95,0.08636363636363636
17,5,199,9,0.73,0.0811111111111111
17,10,0,13,59.31,4.562307692307693
17,10,1,7,31.88,4.554285714285714
17,10,2,17,76.6,4.5058823529411764
17,10,3,8,36.03,4.50375
17,10,4,8,35.85,4.48125
17,10,5,8,35.45,4.43125
17,10,6,11,48.42,4.401818181818182
17,10,7,18,79.16,4.397777777777778
17,10,8,4,17.51,4.3775
17,10,9,12,52.14,4.345
17,10,10,6,26.03,4.338333333333334
17,10,11,3,12.98,4.326666666666667
17,10,12,15,64.74,4.316
17,10,13,12,51.53,4.2941666666666665
17,10,14,20,85.34,4.267
17,10,15,2,8.51,4.255
17,10,16,16,67.24,4.2025
17,10,17,4,16.71,4.1775
17,10,18,15,61.95,4.13
17,10,19,10,41.14,4.114
17,10,20,4,16.45,4.1125
17,10,21,20,81.83,4.0915
17,10,22,5,20.4,4.08
17,10,23,16,63.62,3.97625
17,10,24,20,78.68,3.934
17,10,25,15,58.82,3.9213333333333336
17,10,26,13,50.59,3.891538461538462
17,10,27,5,19.28,3.8560000000000003
17,10,28,16,61.23,3.826875
17,10,29,20,76.24,3.812
17,10,30,19,70.73,3.7226315789473685
17,10,31,5,18.15,3.63
17,10,32,9,32.27,3.585555555555556
17,10,33,16,57.31,3.581875
17,10,34,12,42.46,3.5383333333333336
17,10,35,19,67.03,3.5278947368421054
17,10,36,11,38.76,3.5236363636363635
17,10,37,18,63.18,3.51
17,10,38,11,38.11,3.4645454545454544
17,10,39,11,37.47,3.4063636363636363
17,10,40,6,20.41,3.401666666666667
17,10,41,12,40.59,3.3825000000000003
17,10,42,9,29.3,3.2555555555555555
17,10,43,19,61.3,3.2263157894736842
17,10,44,20,63.92,3.196
17,10,45,20,63.18,3.159
17,10,46,6,18.85,3.141666666666667
17,10,47,6,18.81,3.135
17,10,48,2,6.25,3.125
17,10,49,2,6.21,3.105
17,10,50,19,58.57,3.0826315789473684
17,10,51,17,52.39,3.081764705882353
17,10,52,6,18.3,3.0500000000000003
17,10,53,15,45.58,3.0386666666666664
17,10,54,7,21.09,3.012857142857143
17,10,55,8,23.83,2.97875
17,10,56,7,20.56,2.937142857142857
17,10,57,15,43.86,2.924
17,10,58,19,55.54,2.923157894736842
17,10,59,1,2.92,2.92
17,10,60,12,35.03,2.919166666666667
17,10,61,17,49.23,2.895882352941176
17,10,62,18,51.84,2.8800000000000003
17,10,63,20,56.87,2.8434999999999997
17,10,64,10,28.35,2.835
17,10,65,2,5.64,2.82
17,10,66,4,11.26,2.815
17,10,67,5,13.94,2.788
17,10,68,19,52.6,2.768421052631579
17,10,69,8,21.52,2.69
17,10,70,4,10.72,2.68
17,10,71,3,7.98,2.66
17,10,72,4,10.45,2.6125
17,10,73,3,7.73,2.5766666666666667
17,10,74,6,15.36,2.56
17,10,75,7,17.89,2.5557142857142856
17,10,76,20,50.82,2.541
17,10,77,18,45.61,2.533888888888889
17,10,78,10,24.86,2.4859999999999998
17,10,79,19,46.96,2.471578947368421
17,10,80,12,29.55,2.4625
17,10,81,17,41.84,2.4611764705882355
17,10,82,5,12.24,2.448
17,10,83,5,11.93,2.386
17,10,84,14,33.27,2.376428571428572
17,10,85,12,28.4,2.3666666666666667
17,10,86,6,14.06,2.3433333333333333
17,10,87,2,4.63,2.315
17,10,88,7,16.13,2.3042857142857143
17,10,89,14,32.25,2.3035714285714284
17,10,90,4,9.08,2.27
17,10,91,13,29.29,2.253076923076923
17,10,92,18,40.55,2.2527777777777778
17,10,93,8,17.16,2.145
17,10,94,6,12.75,2.125
17,10,95,3,6.37,2.1233333333333335
17,10,96,10,21.12,2.112
17,10,97,20,42.18,2.109
17,10,98,4,8.43,2.1075
17,10,99,5,10.39,2.0780000000000003
17,10,100,20,41.56,2.0780000000000003
17,10,101,18,37.38,2.0766666666666667
17,10,102,19,39.28,2.0673684210526315
17,10,103,1,2.04,2.04
17,10,104,11,22.29,2.0263636363636364
17,10,105,13,26.26,2.02
17,10,106,15,30.28,2.018666666666667
17,10,107,5,9.98,1.996
17,10,108,15,29.94,1.996
17,10,109,18,34.66,1.9255555555555555
17,10,110,17,32.09,1.8876470588235297
17,10,111,4,7.52,1.88
17,10,112,20,35.77,1.7885000000000002
17,10,113,10,17.85,1.7850000000000001
17,10,114,1,1.74,1.74
17,10,115,16,27.69,1.730625
17,10,116,3,5.19,1.7300000000000002
17,10,117,16,27.41,1.713125
17,10,118,2,3.42,1.71
17,10,119,20,33.38,1.669
17,10,120,18,29.98,1.6655555555555557
17,10,121,14,22.75,1.625
17,10,122,20,31.41,1.5705
17,10,123,3,4.65,1.55
17,10,124,13,20.05,1.5423076923076924
17,10,125,7,10.78,1.5399999999999998
17,10,126,1,1.53,1.53
17,10,127,13,19.78,1.5215384615384617
17,10,128,20,30.23,1.5115
17,10,129,2,2.99,1.495
17,10,130,2,2.97,1.485
17,10,131,17,24.75,1.4558823529411764
17,10,132,11,15.99,1.4536363636363636
17,10,133,16,22.81,1.425625
17,10,134,1,1.42,1.42
17,10,135,14,19.58,1.3985714285714284
17,10,136,12,16.77,1.3975
17,10,137,14,19.36,1.3828571428571428
17,10,138,18,24.3,1.35
17,10,139,11,14.03,1.2754545454545454
17,10,140,6,7.56,1.26
17,10,141,15,18.73,1.2486666666666666
17,10,142,11,13.42,1.22
17,10,143,14,17.03,1.2164285714285714
17,10,144,6,7.27,1.2116666666666667
17,10,145,16,19.29,1.205625
17,10,146,19,22.48,1.1831578947368422
17,10,147,13,14.9,1.146153846153846
17,10,148,11,12.23,1.1118181818181818
17,10,149,2,2.22,1.11
17,10,150,6,6.61,1.1016666666666668
17,10,151,3,3.25,1.0833333333333333
17,10,152,12,12.84,1.07
17,10,153,3,3.02,1.0066666666666666
17,10,154,14,13.94,0.9957142857142857
17,10,155,14,13.8,0.9857142857142858
17,10,156,20,19.01,0.9505000000000001
17,10,157,8,7.48,0.935
17,10,158,11,10.18,0.9254545454545454
17,10,159,8,7.37,0.92125
17,10,160,7,6.44,0.92
17,10,161,3,2.59,0.8633333333333333
17,10,162,3,2.46,0.82
17,10,163,16,12.69,0.793125
17,10,164,19,14.84,0.7810526315789473
17,10,165,14,10.75,0.7678571428571429
17,10,166,3,2.24,0.7466666666666667
17,10,167,15,10.95,0.73
17,10,168,19,13.36,0.7031578947368421
17,10,169,7,4.89,0.6985714285714285
17,10,170,8,5.29,0.66125
17,10,171,14,8.71,0.6221428571428572
17,10,172,11,6.46,0.5872727272727273
17,10,173,3,1.74,0.58
17,10,174,18,10.16,0.5644444444444444
17,10,175,3,1.65,0.5499999999999999
17,10,176,4,2.19,0.5475
17,10,177,7,3.52,0.5028571428571429
17,10,178,13,6.47,0.49769230769230766
17,10,179,5,2.45,0.49000000000000005
17,10,180,7,3.41,0.48714285714285716
17,10,181,19,9.25,0.4868421052631579
17,10,182,7,3.34,0.47714285714285715
17,10,183,18,8.16,0.45333333333333337
17,10,184,1,0.45,0.45
17,10,185,12,5.19,0.43250000000000005
17,10,186,12,4.77,0.39749999999999996
17,10,187,17,6.41,0.3770588235294118
17,10,188,11,3.9,0.35454545454545455
17,10,189,16,4.64,0.29
17,10,190,15,4.07,0.27133333333333337
17,10,191,10,2.59,0.259
17,10,192,9,2.14,0.23777777777777778
17,10,193,4,0.94,0.235
17,10,194,20,4.64,0.23199999999999998
17,10,195,19,4.18,0.21999999999999997
17,10,196,8,1.57,0.19625
17,10,197,19,3.67,0.1931578947368421
17,10,198,11,2.09,0.18999999999999997
17,10,199,4,0.74,0.185
17,16,0,9,17.41,1.9344444444444444
17,16,1,1,1.93,1.93
17,16,2,17,32.75,1.9264705882352942
17,16,3,15,28.8,1.9200000000000002
17,16,4,3,5.75,1.9166666666666667
17,16,5,6,11.45,1.9083333333333332
17,16,6,7,13.34,1.9057142857142857
17,16,7,5,9.52,1.904
17,16,8,10,18.92,1.8920000000000001
17,16,9,17,31.77,1.8688235294117648
17,16,10,20,37.24,1.862
17,16,11,14,25.25,1.8035714285714286
17,16,12,15,26.92,1.7946666666666669
17,16,13,18,32.08,1.7822222222222222
17,16,14,12,21.25,1.7708333333333333
17,16,15,2,3.54,1.77
17,16,16,7,12.37,1.7671428571428571
17,16,17,11,19.41,1.7645454545454546
17,16,18,6,10.51,1.7516666666666667
17,16,19,12,21.0,1.75
17,16,20,16,27.85,1.740625
17,16,21,2,3.47,1.735
17,16,22,5,8.62,1.7239999999999998
17,16,23,17,29.22,1.7188235294117646
17,16,24,10,17.1,1.7100000000000002
17,16,25,12,20.46,1.705
17,16,26,16,27.22,1.70125
17,16,27,18,30.5,1.6944444444444444
17,16,28,8,13.46,1.6825
17,16,29,8,13.43,1.67875
17,16,30,17,28.49,1.6758823529411764
17,16,31,7,11.54,1.6485714285714284
17,16,32,14,22.87,1.6335714285714287
17,16,33,16,26.1,1.63125
17,16,34,11,17.91,1.6281818181818182
17,16,35,16,25.99,1.624375
17,16,36,17,27.47,1.6158823529411763
17,16,37,1,1.61,1.61
17,16,38,8,12.71,1.58875
17,16,39,12,19.0,1.5833333333333333
17,16,40,6,9.44,1.5733333333333333
17,16,41,14,21.93,1.5664285714285715
17,16,42,6,9.27,1.545
17,16,43,5,7.71,1.542
17,16,44,19,29.17,1.5352631578947369
17,16,45,15,22.91,1.5273333333333334
17,16,46,14,21.34,1.5242857142857142
17,16,47,10,15.09,1.509
17,16,48,8,12.05,1.50625
17,16,49,8,12.02,1.5025
17,16,50,7,10.43,1.49
17,16,51,16,23.65,1.478125
17,16,52,3,4.42,1.4733333333333334
17,16,53,12,17.46,1.455
17,16,54,13,18.78,1.4446153846153846
17,16,55,4,5.72,1.43
17,16,56,13,18.58,1.429230769230769
17,16,57,2,2.82,1.41
17,16,58,1,1.4,1.4
17,16,59,19,26.38,1.388421052631579
17,16,60,4,5.54,1.385
17,16,61,20,27.62,1.381
17,16,62,13,17.82,1.3707692307692307
17,16,63,13,17.68,1.3599999999999999
17,16,64,20,27.1,1.355
17,16,65,7,9.45,1.3499999999999999
17,16,66,5,6.67,1.334
17,16,67,7,9.31,1.33
17,16,68,6,7.83,1.305
17,16,69,5,6.5,1.3
17,16,70,2,2.6,1.3
17,16,71,8,10.38,1.2975
17,16,72,8,10.37,1.29625
17,16,73,10,12.91,1.291
17,16,74,18,23.11,1.2838888888888889
17,16,75,13,16.49,1.2684615384615383
17,16,76,16,20.14,1.25875
17,16,77,2,2.51,1.255
17,16,78,8,10.04,1.255
17,16,79,6,7.32,1.22
17,16,80,17,20.7,1.2176470588235293
17,16,81,13,15.73,1.21
17,16,82,2,2.42,1.21
17,16,83,16,19.05,1.190625
17,16,84,12,14.26,1.1883333333333332
17,16,85,8,9.41,1.17625
17,16,86,20,23.46,1.173
17,16,87,8,9.27,1.15875
17,16,88,9,10.4,1.1555555555555557
17,16,89,16,18.48,1.155
17,16,90,3,3.46,1.1533333333333333
17,16,91,11,12.52,1.1381818181818182
17,16,92,3,3.4,1.1333333333333333
17,16,93,8,8.84,1.105
17,16,94,14,15.22,1.0871428571428572
17,16,95,7,7.59,1.0842857142857143
17,16,96,8,8.48,1.06
17,16,97,17,17.99,1.058235294117647
17,16,98,18,18.97,1.0538888888888889
17,16,99,17,17.81,1.0476470588235294
17,16,100,1,1.03,1.03
17,16,101,3,3.06,1.02
17,16,102,3,3.05,1.0166666666666666
17,16,103,13,13.08,1.0061538461538462
17,16,104,2,2.0,1.0
17,16,105,17,16.91,0.9947058823529412
17,16,106,5,4.9,0.9800000000000001
17,16,107,4,3.8,0.95
17,16,108,11,10.37,0.9427272727272726
17,16,109,1,0.92,0.92
17,16,110,11,10.0,0.9090909090909091
17,16,111,14,12.51,0.8935714285714286
17,16,112,12,10.69,0.8908333333333333
17,16,113,10,8.59,0.859
17,16,114,12,9.81,0.8175
17,16,115,2,1.62,0.81
17,16,116,17,13.58,0.7988235294117647
17,16,117,8,6.37,0.79625
17,16,118,14,11.08,0.7914285714285715
17,16,119,2,1.56,0.78
17,16,120,12,9.33,0.7775
17,16,121,11,8.51,0.7736363636363636
17,16,122,2,1.54,0.77
17,16,123,2,1.52,0.76
17,16,124,1,0.76,0.76
17,16,125,8,5.92,0.74
17,16,126,13,9.59,0.7376923076923076
17,16,127,1,0.72,0.72
17,16,128,2,1.43,0.715
17,16,129,14,9.95,0.7107142857142856
17,16,130,1,0.7,0.7
17,16,131,9,6.3,0.7
17,16,132,13,9.04,0.6953846153846153
17,16,133,8,5.55,0.69375
17,16,134,12,8.23,0.6858333333333334
17,16,135,8,5.48,0.685
17,16,136,7,4.67,0.6671428571428571
17,16,137,13,8.5,0.6538461538461539
17,16,138,15,9.78,0.6519999999999999
17,16,139,14,9.1,0.65
17,16,140,4,2.47,0.6175
17,16,141,11,6.7,0.6090909090909091
17,16,142,4,2.38,0.595
17,16,143,13,7.6,0.5846153846153845
17,16,144,14,8.09,0.5778571428571428
17,16,145,11,6.26,0.5690909090909091
17,16,146,7,3.95,0.5642857142857143
17,16,147,12,6.75,0.5625
17,16,148,12,6.66,0.555
17,16,149,13,7.2,0.5538461538461539
17,16,150,17,9.22,0.5423529411764706
17,16,151,1,0.54,0.54
17,16,152,19,10.16,0.5347368421052632
17,16,153,15,7.53,0.502
17,16,154,17,8.47,0.4982352941176471
17,16,155,1,0.48,0.48
17,16,156,7,3.29,0.47000000000000003
17,16,157,4,1.81,0.4525
17,16,158,1,0.45,0.45
17,16,159,9,3.99,0.44333333333333336
17,16,160,2,0.88,0.44
17,16,161,17,7.35,0.43235294117647055
17,16,162,5,2.16,0.43200000000000005
17,16,163,2,0.79,0.395
17,16,164,5,1.96,0.392
17,16,165,10,3.91,0.391
17,16,166,12,4.67,0.38916666666666666
17,16,167,20,7.59,0.3795
17,16,168,4,1.51,0.3775
17,16,169,1,0.37,0.37
17,16,170,8,2.93,0.36625
17,16,171,13,4.45,0.3423076923076923
17,16,172,20,6.47,0.3235
17,16,173,20,6.33,0.3165
17,16,174,13,4.1,0.3153846153846154
17,16,175,7,2.16,0.3085714285714286
17,16,176,17,5.16,0.3035294117647059
17,16,177,16,4.76,0.2975
17,16,178,3,0.89,0.2966666666666667
17,16,179,14,4.05,0.28928571428571426
17,16,180,4,1.13,0.2825
17,16,181,2,0.55,0.275
17,16,182,3,0.79,0.26333333333333336
17,16,183,9,2.29,0.2544444444444445
17,16,184,18,4.55,0.25277777777777777
17,16,185,7,1.74,0.24857142857142858
17,16,186,9,2.19,0.24333333333333332
17,16,187,6,1.34,0.22333333333333336
17,16,188,13,2.79,0.21461538461538462
17,16,189,8,1.34,0.1675
17,16,190,10,1.62,0.162
17,16,191,11,1.59,0.14454545454545456
17,16,192,5,0.7,0.13999999999999999
17,16,193,19,2.55,0.13421052631578947
17,16,194,18,1.99,0.11055555555555556
17,16,195,13,1.31,0.10076923076923078
17,16,196,20,1.96,0.098
17,16,197,17,1.49,0.08764705882352941
17,16,198,20,1.63,0.08149999999999999
17,16,199,1,0.08,0.08
17,24,0,8,12.24,1.53
17,24,1,19,28.4,1.4947368421052631
17,24,2,15,22.18,1.4786666666666666
17,24,3,10,14.66,1.466
17,24,4,2,2.93,1.465
17,24,5,10,14.58,1.458
17,24,6,13,18.91,1.4546153846153846
17,24,7,10,14.23,1.423
17,24,8,12,17.06,1.4216666666666666
17,24,9,19,26.95,1.4184210526315788
17,24,10,8,11.34,1.4175
17,24,11,13,18.38,1.4138461538461538
17,24,12,15,20.94,1.3960000000000001
17,24,13,9,12.48,1.3866666666666667
17,24,14,18,24.93,1.385
17,24,15,18,24.64,1.3688888888888888
17,24,16,18,24.61,1.3672222222222221
17,24,17,20,27.11,1.3555
17,24,18,8,10.83,1.35375
17,24,19,9,12.0,1.3333333333333333
17,24,20,10,13.05,1.3050000000000002
17,24,21,8,10.35,1.29375
17,24,22,10,12.56,1.256
17,24,23,5,6.23,1.246
17,24,24,9,11.19,1.2433333333333332
17,24,25,17,21.06,1.2388235294117647
17,24,26,13,16.1,1.2384615384615385
17,24,27,6,7.38,1.23
17,24,28,10,11.96,1.1960000000000002
17,24,29,20,23.8,1.19
17,24,30,13,15.45,1.1884615384615385
17,24,31,12,14.13,1.1775
17,24,32,12,14.04,1.17
17,24,33,20,23.37,1.1685
17,24,34,17,19.81,1.1652941176470588
17,24,35,13,15.1,1.1615384615384614
17,24,36,20,22.86,1.143
17,24,37,17,19.4,1.1411764705882352
17,24,38,10,11.41,1.141
17,24,39,15,16.76,1.1173333333333335
17,24,40,12,13.25,1.1041666666666667
17,24,41,16,17.32,1.0825
17,24,42,19,20.49,1.078421052631579
17,24,43,14,15.03,1.0735714285714286
17,24,44,3,3.22,1.0733333333333335
17,24,45,17,18.11,1.0652941176470587
17,24,46,11,11.7,1.0636363636363635
17,24,47,5,5.25,1.05
17,24,48,17,17.45,1.026470588235294
17,24,49,9,9.2,1.0222222222222221
17,24,50,18,18.39,1.0216666666666667
17,24,51,20,20.3,1.0150000000000001
17,24,52,18,17.93,0.9961111111111111
17,24,53,1,0.99,0.99
17,24,54,8,7.88,0.985
17,24,55,20,19.66,0.983
17,24,56,17,16.71,0.9829411764705883
17,24,57,10,9.68,0.968
17,24,58,17,16.37,0.9629411764705883
17,24,59,1,0.96,0.96
17,24,60,12,11.52,0.96
17,24,61,8,7.65,0.95625
17,24,62,13,12.31,0.946923076923077
17,24,63,9,8.52,0.9466666666666667
17,24,64,19,17.84,0.9389473684210526
17,24,65,5,4.55,0.9099999999999999
17,24,66,10,8.97,0.897
17,24,67,6,5.38,0.8966666666666666
17,24,68,1,0.89,0.89
17,24,69,4,3.51,0.8775
17,24,70,7,6.12,0.8742857142857143
17,24,71,10,8.66,0.866
17,24,72,12,10.3,0.8583333333333334
17,24,73,6,5.06,0.8433333333333333
17,24,74,5,4.21,0.842
17,24,75,13,10.82,0.8323076923076923
17,24,76,12,9.96,0.8300000000000001
17,24,77,19,15.66,0.8242105263157895
17,24,78,17,13.98,0.8223529411764706
17,24,79,8,6.54,0.8175
17,24,80,6,4.83,0.805
17,24,81,4,3.19,0.7975
17,24,82,11,8.64,0.7854545454545455
17,24,83,12,9.35,0.7791666666666667
17,24,84,20,15.48,0.774
17,24,85,19,14.7,0.7736842105263158
17,24,86,6,4.62,0.77
17,24,87,19,14.55,0.7657894736842106
17,24,88,19,14.52,0.7642105263157895
17,24,89,14,10.65,0.7607142857142858
17,24,90,12,8.88,0.7400000000000001
17,24,91,3,2.22,0.7400000000000001
17,24,92,1,0.74,0.74
17,24,93,12,8.85,0.7374999999999999
17,24,94,2,1.47,0.735
17,24,95,11,8.08,0.7345454545454545
17,24,96,8,5.87,0.73375
17,24,97,20,14.06,0.7030000000000001
17,24,98,8,5.56,0.695
17,24,99,13,8.98,0.6907692307692308
17,24,100,18,12.39,0.6883333333333334
17,24,101,17,11.67,0.6864705882352942
17,24,102,10,6.81,0.6809999999999999
17,24,103,15,10.19,0.6793333333333333
17,24,104,5,3.38,0.6759999999999999
17,24,105,13,8.77,0.6746153846153846
17,24,106,3,1.94,0.6466666666666666
17,24,107,13,8.39,0.6453846153846154
17,24,108,8,5.16,0.645
17,24,109,4,2.56,0.64
17,24,110,1,0.64,0.64
17,24,111,13,8.24,0.6338461538461538
17,24,112,8,5.0,0.625
17,24,113,1,0.62,0.62
17,24,114,11,6.65,0.6045454545454546
17,24,115,13,7.81,0.6007692307692307
17,24,116,8,4.73,0.59125
17,24,117,17,9.94,0.5847058823529412
17,24,118,8,4.59,0.57375
17,24,119,1,0.57,0.57
17,24,120,2,1.13,0.565
17,24,121,20,11.23,0.5615
17,24,122,10,5.52,0.5519999999999999
17,24,123,11,6.04,0.5490909090909091
17,24,124,17,9.3,0.5470588235294118
17,24,125,17,9.08,0.5341176470588236
17,24,126,1,0.53,0.53
17,24,127,17,8.97,0.5276470588235295
17,24,128,15,7.81,0.5206666666666666
17,24,129,12,6.1,0.5083333333333333
17,24,130,1,0.5,0.5
17,24,131,16,7.95,0.496875
17,24,132,5,2.48,0.496
17,24,133,7,3.45,0.4928571428571429
17,24,134,17,8.3,0.4882352941176471
17,24,135,8,3.82,0.4775
17,24,136,10,4.76,0.476
17,24,137,19,9.04,0.4757894736842105
17,24,138,15,7.1,0.47333333333333333
17,24,139,9,4.24,0.47111111111111115
17,24,140,13,5.85,0.44999999999999996
17,24,141,8,3.58,0.4475
17,24,142,4,1.79,0.4475
17,24,143,19,8.38,0.4410526315789474
17,24,144,11,4.77,0.4336363636363636
17,24,145,8,3.45,0.43125
17,24,146,16,6.89,0.430625
17,24,147,7,2.84,0.4057142857142857
17,24,148,14,5.54,0.39571428571428574
17,24,149,2,0.78,0.39
17,24,150,1,0.38,0.38
17,24,151,5,1.78,0.356
17,24,152,10,3.54,0.354
17,24,153,17,5.91,0.3476470588235294
17,24,154,20,6.8,0.33999999999999997
17,24,155,15,4.91,0.32733333333333337
17,24,156,19,6.03,0.3173684210526316
17,24,157,10,3.11,0.311
17,24,158,17,5.28,0.31058823529411766
17,24,159,19,5.9,0.3105263157894737
17,24,160,8,2.41,0.30125
17,24,161,2,0.6,0.3
17,24,162,18,5.37,0.29833333333333334
17,24,163,5,1.48,0.296
17,24,164,5,1.46,0.292
17,24,165,3,0.87,0.29
17,24,166,17,4.8,0.2823529411764706
17,24,167,7,1.96,0.27999999999999997
17,24,168,20,5.56,0.27799999999999997
17,24,169,7,1.85,0.2642857142857143
17,24,170,15,3.83,0.25533333333333336
17,24,171,19,4.6,0.2421052631578947
17,24,172,20,4.77,0.2385
17,24,173,16,3.79,0.236875
17,24,174,1,0.23,0.23
17,24,175,5,1.15,0.22999999999999998
17,24,176,16,3.65,0.228125
17,24,177,20,4.41,0.2205
17,24,178,5,1.1,0.22000000000000003
17,24,179,1,0.22,0.22
17,24,180,18,3.94,0.21888888888888888
17,24,181,11,2.36,0.21454545454545454
17,24,182,15,3.11,0.20733333333333331
17,24,183,13,2.62,0.20153846153846156
17,24,184,20,3.08,0.154
17,24,185,15,2.23,0.14866666666666667
17,24,186,15,1.98,0.132
17,24,187,5,0.63,0.126
17,24,188,6,0.73,0.12166666666666666
17,24,189,5,0.59,0.118
17,24,190,7,0.73,0.10428571428571429
17,24,191,18,1.58,0.08777777777777779
17,24,192,4,0.34,0.085
17,24,193,8,0.64,0.08
17,24,194,10,0.78,0.078
17,24,195,9,0.67,0.07444444444444445
17,24,196,1,0.07,0.07
17,24,197,2,0.13,0.065
17,24,198,10,0.63,0.063
17,24,199,1,0.06,0.06
17,29,0,5,31.19,6.238
17,29,1,10,61.87,6.186999999999999
17,29,2,1,6.18,6.18
17,29,3,18,110.98,6.165555555555556
17,29,4,16,97.98,6.12375
17,29,5,11,67.36,6.123636363636364
17,29,6,11,67.27,6.115454545454545
17,29,7,4,24.24,6.06
17,29,8,9,54.3,6.033333333333333
17,29,9,16,96.48,6.03
17,29,10,17,102.29,6.017058823529412
17,29,11,19,113.53,5.975263157894737
17,29,12,10,59.57,5.957
17,29,13,7,41.5,5.928571428571429
17,29,14,15,88.53,5.902
17,29,15,5,29.5,5.9
17,29,16,6,35.35,5.891666666666667
17,29,17,1,5.88,5.88
17,29,18,17,98.91,5.818235294117647
17,29,19,19,110.54,5.8178947368421055
17,29,20,10,58.04,5.804
17,29,21,11,62.99,5.7263636363636365
17,29,22,9,51.0,5.666666666666667
17,29,23,7,39.62,5.659999999999999
17,29,24,6,33.08,5.513333333333333
17,29,25,8,43.76,5.47
17,29,26,17,92.87,5.462941176470588
17,29,27,12,64.66,5.388333333333333
17,29,28,14,75.28,5.377142857142857
17,29,29,18,96.34,5.352222222222222
17,29,30,11,58.77,5.342727272727273
17,29,31,16,85.13,5.320625
17,29,32,18,95.55,5.308333333333334
17,29,33,3,15.83,5.276666666666666
17,29,34,14,73.21,5.229285714285714
17,29,35,4,20.9,5.225
17,29,36,6,31.03,5.171666666666667
17,29,37,14,71.45,5.103571428571429
17,29,38,7,35.55,5.078571428571428
17,29,39,4,20.14,5.035
17,29,40,8,40.0,5.0
17,29,41,7,34.9,4.985714285714286
17,29,42,3,14.73,4.91
17,29,43,10,49.02,4.902
17,29,44,18,87.36,4.8533333333333335
17,29,45,8,38.74,4.8425
17,29,46,19,91.64,4.823157894736842
17,29,47,17,81.94,4.82
17,29,48,11,52.98,4.816363636363636
17,29,49,13,62.06,4.773846153846154
17,29,50,8,38.13,4.76625
17,29,51,1,4.74,4.74
17,29,52,6,28.38,4.7299999999999995
17,29,53,13,61.13,4.702307692307692
17,29,54,15,70.02,4.668
17,29,55,19,87.89,4.62578947368421
17,29,56,1,4.56,4.56
17,29,57,9,41.03,4.558888888888889
17,29,58,2,8.96,4.48
17,29,59,17,76.14,4.478823529411764
17,29,60,12,53.46,4.455
17,29,61,19,83.9,4.415789473684211
17,29,62,20,88.11,4.4055
17,29,63,13,56.92,4.378461538461538
17,29,64,13,56.92,4.378461538461538
17,29,65,8,34.22,4.2775
17,29,66,11,46.81,4.255454545454546
17,29,67,1,4.15,4.15
17,29,68,16,66.39,4.149375
17,29,69,7,29.0,4.142857142857143
17,29,70,19,78.18,4.1147368421052635
17,29,71,1,4.11,4.11
17,29,72,14,57.2,4.085714285714286
17,29,73,18,73.11,4.0616666666666665
17,29,74,20,80.73,4.0365
17,29,75,7,28.24,4.034285714285714
17,29,76,12,48.36,4.03
17,29,77,12,47.39,3.9491666666666667
17,29,78,9,35.24,3.9155555555555557
17,29,79,3,11.72,3.9066666666666667
17,29,80,12,46.85,3.904166666666667
17,29,81,20,74.47,3.7235
17,29,82,11,40.8,3.709090909090909
17,29,83,9,33.18,3.6866666666666665
17,29,84,4,14.72,3.68
17,29,85,3,10.86,3.6199999999999997
17,29,86,16,57.63,3.601875
17,29,87,10,35.78,3.5780000000000003
17,29,88,9,31.9,3.5444444444444443
17,29,89,11,38.86,3.5327272727272727
17,29,90,8,28.24,3.53
17,29,91,18,61.03,3.3905555555555558
17,29,92,19,64.13,3.3752631578947367
17,29,93,4,13.49,3.3725
17,29,94,15,49.04,3.2693333333333334
17,29,95,14,45.77,3.2692857142857146
17,29,96,6,19.3,3.216666666666667
17,29,97,16,50.88,3.18
17,29,98,16,50.77,3.173125
17,29,99,10,31.59,3.159
17,29,100,16,50.5,3.15625
17,29,101,5,15.52,3.104
17,29,102,15,46.36,3.0906666666666665
17,29,103,12,36.88,3.0733333333333337
17,29,104,10,30.47,3.0469999999999997
17,29,105,15,45.2,3.0133333333333336
17,29,106,15,45.19,3.0126666666666666
17,29,107,15,45.09,3.0060000000000002
17,29,108,12,35.76,2.98
17,29,109,17,50.06,2.9447058823529413
17,29,110,10,28.51,2.851
17,29,111,18,49.05,2.7249999999999996
17,29,112,1,2.65,2.65
17,29,113,17,44.13,2.5958823529411768
17,29,114,19,49.06,2.582105263157895
17,29,115,14,35.86,2.5614285714285714
17,29,116,11,28.16,2.56
17,29,117,14,35.44,2.531428571428571
17,29,118,17,42.39,2.493529411764706
17,29,119,20,47.98,2.399
17,29,120,13,30.69,2.3607692307692307
17,29,121,17,39.23,2.3076470588235294
17,29,122,18,41.43,2.3016666666666667
17,29,123,3,6.87,2.29
17,29,124,6,13.66,2.276666666666667
17,29,125,19,41.9,2.205263157894737
17,29,126,19,41.63,2.1910526315789474
17,29,127,17,37.24,2.190588235294118
17,29,128,14,30.55,2.1821428571428574
17,29,129,12,25.66,2.138333333333333
17,29,130,14,29.61,2.1149999999999998
17,29,131,11,22.19,2.0172727272727276
17,29,132,2,3.95,1.975
17,29,133,4,7.85,1.9625
17,29,134,2,3.91,1.955
17,29,135,13,24.54,1.8876923076923076
17,29,136,14,26.29,1.877857142857143
17,29,137,9,16.61,1.8455555555555554
17,29,138,12,22.12,1.8433333333333335
17,29,139,10,17.78,1.778
17,29,140,19,33.67,1.7721052631578948
17,29,141,5,8.61,1.722
17,29,142,6,10.25,1.7083333333333333
17,29,143,3,5.09,1.6966666666666665
17,29,144,7,11.75,1.6785714285714286
17,29,145,3,5.02,1.6733333333333331
17,29,146,20,32.53,1.6265
17,29,147,9,14.29,1.5877777777777777
17,29,148,4,6.1,1.525
17,29,149,15,22.15,1.4766666666666666
17,29,150,4,5.89,1.4725
17,29,151,16,22.71,1.419375
17,29,152,16,22.52,1.4075
17,29,153,12,16.83,1.4024999999999999
17,29,154,13,18.06,1.389230769230769
17,29,155,2,2.76,1.38
17,29,156,17,23.17,1.3629411764705883
17,29,157,9,12.24,1.36
17,29,158,5,6.79,1.358
17,29,159,13,17.22,1.3246153846153845
17,29,160,1,1.28,1.28
17,29,161,14,17.33,1.2378571428571428
17,29,162,19,22.72,1.1957894736842105
17,29,163,9,10.47,1.1633333333333333
17,29,164,19,21.88,1.151578947368421
17,29,165,15,16.66,1.1106666666666667
17,29,166,2,2.22,1.11
17,29,167,20,21.05,1.0525
17,29,168,2,2.1,1.05
17,29,169,4,4.17,1.0425
17,29,170,8,8.27,1.03375
17,29,171,6,6.05,1.0083333333333333
17,29,172,10,9.98,0.998
17,29,173,20,19.96,0.998
17,29,174,9,8.87,0.9855555555555555
17,29,175,13,12.33,0.9484615384615385
17,29,176,11,9.58,0.870909090909091
17,29,177,2,1.73,0.865
17,29,178,3,2.5,0.8333333333333334
17,29,179,5,4.15,0.8300000000000001
17,29,180,10,8.12,0.8119999999999999
17,29,181,19,14.74,0.7757894736842106
17,29,182,1,0.77,0.77
17,29,183,18,13.19,0.7327777777777778
17,29,184,13,9.45,0.7269230769230769
17,29,185,17,11.38,0.6694117647058824
17,29,186,16,10.23,0.639375
17,29,187,6,3.45,0.5750000000000001
17,29,188,16,8.6,0.5375
17,29,189,13,6.8,0.5230769230769231
17,29,190,15,7.34,0.48933333333333334
17,29,191,12,5.48,0.4566666666666667
17,29,192,3,1.27,0.42333333333333334
17,29,193,3,1.22,0.4066666666666667
17,29,194,7,2.79,0.3985714285714286
17,29,195,19,7.12,0.37473684210526315
17,29,196,1,0.36,0.36
17,29,197,16,5.64,0.3525
17,29,198,3,0.96,0.32
17,29,199,12,3.18,0.265
17,31,0,12,16.91,1.4091666666666667
17,31,1,14,19.51,1.3935714285714287
17,31,2,7,9.72,1.3885714285714286
17,31,3,4,5.55,1.3875
17,31,4,12,16.63,1.3858333333333333
17,31,5,14,19.31,1.3792857142857142
17,31,6,8,10.98,1.3725
17,31,7,20,27.39,1.3695
17,31,8,14,19.11,1.365
17,31,9,5,6.81,1.3619999999999999
17,31,10,15,20.42,1.3613333333333335
17,31,11,16,21.63,1.351875
17,31,12,15,20.23,1.3486666666666667
17,31,13,18,24.14,1.3411111111111111
17,31,14,1,1.34,1.34
17,31,15,2,2.67,1.335
17,31,16,20,26.44,1.322
17,31,17,3,3.93,1.31
17,31,18,4,5.15,1.2875
17,31,19,11,14.08,1.28
17,31,20,3,3.82,1.2733333333333332
17,31,21,14,17.78,1.27
17,31,22,8,10.11,1.26375
17,31,23,12,15.09,1.2575
17,31,24,3,3.77,1.2566666666666666
17,31,25,8,9.98,1.2475
17,31,26,9,11.19,1.2433333333333332
17,31,27,6,7.28,1.2133333333333334
17,31,28,3,3.61,1.2033333333333334
17,31,29,20,24.05,1.2025000000000001
17,31,30,10,12.01,1.201
17,31,31,19,22.71,1.1952631578947368
17,31,32,15,17.78,1.1853333333333333
17,31,33,3,3.55,1.1833333333333333
17,31,34,10,11.79,1.1789999999999998
17,31,35,11,12.88,1.170909090909091
17,31,36,11,12.84,1.1672727272727272
17,31,37,10,11.66,1.166
17,31,38,1,1.16,1.16
17,31,39,12,13.88,1.1566666666666667
17,31,40,5,5.72,1.144
17,31,41,15,17.03,1.1353333333333333
17,31,42,9,10.21,1.1344444444444446
17,31,43,5,5.64,1.128
17,31,44,15,16.83,1.1219999999999999
17,31,45,9,9.98,1.108888888888889
17,31,46,2,2.19,1.095
17,31,47,5,5.42,1.084
17,31,48,9,9.61,1.0677777777777777
17,31,49,5,5.31,1.0619999999999998
17,31,50,4,4.21,1.0525
17,31,51,20,20.88,1.044
17,31,52,17,17.67,1.0394117647058825
17,31,53,20,20.56,1.028
17,31,54,9,9.25,1.0277777777777777
17,31,55,19,19.49,1.0257894736842104
17,31,56,2,2.05,1.025
17,31,57,5,5.12,1.024
17,31,58,17,17.27,1.0158823529411765
17,31,59,6,6.04,1.0066666666666666
17,31,60,11,11.06,1.0054545454545456
17,31,61,9,8.94,0.9933333333333333
17,31,62,9,8.81,0.9788888888888889
17,31,63,17,16.59,0.9758823529411764
17,31,64,1,0.97,0.97
17,31,65,18,17.43,0.9683333333333333
17,31,66,6,5.78,0.9633333333333334
17,31,67,8,7.46,0.9325
17,31,68,16,14.9,0.93125
17,31,69,1,0.93,0.93
17,31,70,9,8.3,0.9222222222222223
17,31,71,7,6.3,0.9
17,31,72,5,4.41,0.882
17,31,73,8,7.05,0.88125
17,31,74,5,4.4,0.8800000000000001
17,31,75,2,1.74,0.87
17,31,76,8,6.94,0.8675
17,31,77,1,0.86,0.86
17,31,78,15,12.73,0.8486666666666667
17,31,79,13,10.88,0.836923076923077
17,31,80,13,10.83,0.833076923076923
17,31,81,10,8.31,0.8310000000000001
17,31,82,10,8.31,0.8310000000000001
17,31,83,8,6.6,0.825
17,31,84,6,4.94,0.8233333333333334
17,31,85,8,6.52,0.815
17,31,86,2,1.62,0.81
17,31,87,7,5.66,0.8085714285714286
17,31,88,9,7.24,0.8044444444444445
17,31,89,14,11.18,0.7985714285714286
17,31,90,18,14.11,0.7838888888888889
17,31,91,16,12.42,0.77625
17,31,92,2,1.55,0.775
17,31,93,11,8.51,0.7736363636363636
17,31,94,3,2.31,0.77
17,31,95,12,8.88,0.7400000000000001
17,31,96,3,2.21,0.7366666666666667
17,31,97,2,1.45,0.725
17,31,98,10,7.24,0.724
17,31,99,10,7.09,0.709
17,31,100,14,9.84,0.7028571428571428
17,31,101,18,12.61,0.7005555555555555
17,31,102,15,10.5,0.7
17,31,103,13,9.08,0.6984615384615385
17,31,104,9,5.84,0.6488888888888888
17,31,105,5,3.22,0.644
17,31,106,13,8.17,0.6284615384615384
17,31,107,16,9.96,0.6225
17,31,108,4,2.47,0.6175
17,31,109,2,1.23,0.615
17,31,110,6,3.59,0.5983333333333333
17,31,111,8,4.78,0.5975
17,31,112,18,10.67,0.5927777777777777
17,31,113,8,4.67,0.58375
17,31,114,15,8.75,0.5833333333333334
17,31,115,5,2.9,0.58
17,31,116,14,7.73,0.5521428571428572
17,31,117,14,7.59,0.5421428571428571
17,31,118,4,2.16,0.54
17,31,119,16,8.57,0.535625
17,31,120,19,10.08,0.5305263157894737
17,31,121,12,6.33,0.5275
17,31,122,9,4.55,0.5055555555555555
17,31,123,14,7.07,0.505
17,31,124,3,1.51,0.5033333333333333
17,31,125,5,2.48,0.496
17,31,126,13,6.4,0.49230769230769234
17,31,127,6,2.94,0.49
17,31,128,9,4.38,0.48666666666666664
17,31,129,5,2.41,0.48200000000000004
17,31,130,8,3.79,0.47375
17,31,131,12,5.62,0.4683333333333333
17,31,132,14,6.41,0.45785714285714285
17,31,133,17,7.68,0.4517647058823529
17,31,134,13,5.86,0.4507692307692308
17,31,135,8,3.58,0.4475
17,31,136,3,1.32,0.44
17,31,137,6,2.63,0.4383333333333333
17,31,138,17,7.25,0.4264705882352941
17,31,139,10,4.02,0.40199999999999997
17,31,140,2,0.8,0.4
17,31,141,15,5.94,0.396
17,31,142,19,7.44,0.3915789473684211
17,31,143,13,4.95,0.3807692307692308
17,31,144,7,2.65,0.37857142857142856
17,31,145,14,5.23,0.3735714285714286
17,31,146,13,4.67,0.35923076923076924
17,31,147,16,5.72,0.3575
17,31,148,11,3.87,0.3518181818181818
17,31,149,15,5.24,0.34933333333333333
17,31,150,19,6.32,0.33263157894736844
17,31,151,17,5.46,0.3211764705882353
17,31,152,20,6.34,0.317
17,31,153,1,0.31,0.31
17,31,154,1,0.31,0.31
17,31,155,17,5.23,0.30764705882352944
17,31,156,11,3.33,0.30272727272727273
17,31,157,11,3.27,0.2972727272727273
17,31,158,1,0.29,0.29
17,31,159,12,3.45,0.28750000000000003
17,31,160,3,0.83,0.27666666666666667
17,31,161,17,4.66,0.2741176470588235
17,31,162,18,4.85,0.26944444444444443
17,31,163,5,1.34,0.268
17,31,164,4,1.06,0.265
17,31,165,4,1.03,0.2575
17,31,166,6,1.36,0.22666666666666668
17,31,167,12,2.4,0.19999999999999998
17,31,168,3,0.6,0.19999999999999998
17,31,169,6,1.18,0.19666666666666666
17,31,170,4,0.75,0.1875
17,31,171,6,1.09,0.18166666666666667
17,31,172,20,3.62,0.181
17,31,173,6,1.07,0.17833333333333334
17,31,174,6,1.05,0.17500000000000002
17,31,175,10,1.74,0.174
17,31,176,14,2.32,0.1657142857142857
17,31,177,7,1.13,0.16142857142857142
17,31,178,8,1.26,0.1575
17,31,179,2,0.31,0.155
17,31,180,15,2.31,0.154
17,31,181,9,1.35,0.15000000000000002
17,31,182,1,0.15,0.15
17,31,183,15,2.13,0.142
17,31,184,14,1.94,0.13857142857142857
17,31,185,9,0.99,0.11
17,31,186,20,2.18,0.10900000000000001
17,31,187,5,0.52,0.10400000000000001
17,31,188,6,0.6,0.09999999999999999
17,31,189,6,0.56,0.09333333333333334
17,31,190,14,1.3,0.09285714285714286
17,31,191,6,0.55,0.09166666666666667
17,31,192,10,0.89,0.089
17,31,193,6,0.51,0.085
17,31,194,1,0.08,0.08
17,31,195,18,1.2,0.06666666666666667
17,31,196,13,0.85,0.06538461538461539
17,31,197,8,0.52,0.065
17,31,198,6,0.37,0.06166666666666667
17,31,199,9,0.53,0.05888888888888889
17,47,0,7,19.16,2.737142857142857
17,47,1,18,49.17,2.731666666666667
17,47,2,6,16.3,2.716666666666667
17,47,3,18,48.53,2.696111111111111
17,47,4,9,24.25,2.6944444444444446
17,47,5,16,43.11,2.694375
17,47,6,4,10.74,2.685
17,47,7,10,26.84,2.684
17,47,8,12,32.12,2.6766666666666663
17,47,9,3,7.99,2.6633333333333336
17,47,10,2,5.3,2.65
17,47,11,10,26.44,2.644
17,47,12,16,42.29,2.643125
17,47,13,18,47.56,2.6422222222222222
17,47,14,15,39.53,2.6353333333333335
17,47,15,6,15.68,2.6133333333333333
17,47,16,9,23.49,2.61
17,47,17,10,26.04,2.604
17,47,18,14,36.36,2.597142857142857
17,47,19,7,18.11,2.587142857142857
17,47,20,7,18.06,2.5799999999999996
17,47,21,17,43.5,2.5588235294117645
17,47,22,14,35.75,2.5535714285714284
17,47,23,11,27.81,2.528181818181818
17,47,24,8,20.18,2.5225
17,47,25,8,20.16,2.52
17,47,26,1,2.51,2.51
17,47,27,4,9.97,2.4925
17,47,28,2,4.98,2.49
17,47,29,3,7.46,2.486666666666667
17,47,30,6,14.73,2.455
17,47,31,5,11.98,2.396
17,47,32,12,28.12,2.3433333333333333
17,47,33,16,37.48,2.3425
17,47,34,12,27.55,2.2958333333333334
17,47,35,13,29.65,2.2807692307692307
17,47,36,10,22.78,2.278
17,47,37,2,4.55,2.275
17,47,38,17,38.64,2.2729411764705882
17,47,39,5,11.31,2.262
17,47,40,15,33.75,2.25
17,47,41,18,40.46,2.247777777777778
17,47,42,4,8.99,2.2475
17,47,43,18,40.44,2.2466666666666666
17,47,44,14,31.38,2.2414285714285715
17,47,45,16,35.53,2.220625
17,47,46,11,24.23,2.2027272727272726
17,47,47,19,41.82,2.2010526315789476
17,47,48,6,13.09,2.1816666666666666
17,47,49,1,2.17,2.17
17,47,50,6,12.99,2.165
17,47,51,15,32.13,2.1420000000000003
17,47,52,7,14.96,2.1371428571428575
17,47,53,19,40.45,2.128947368421053
17,47,54,14,29.78,2.1271428571428572
17,47,55,5,10.63,2.1260000000000003
17,47,56,16,33.9,2.11875
17,47,57,12,25.02,2.085
17,47,58,18,37.43,2.0794444444444444
17,47,59,3,6.15,2.0500000000000003
17,47,60,15,30.69,2.0460000000000003
17,47,61,9,18.4,2.0444444444444443
17,47,62,2,4.08,2.04
17,47,63,1,2.02,2.02
17,47,64,13,26.12,2.0092307692307694
17,47,65,6,11.94,1.99
17,47,66,11,21.79,1.9809090909090907
17,47,67,12,23.67,1.9725000000000001
17,47,68,20,38.86,1.943
17,47,69,19,36.24,1.9073684210526316
17,47,70,5,9.47,1.8940000000000001
17,47,71,18,33.97,1.8872222222222221
17,47,72,12,22.22,1.8516666666666666
17,47,73,8,14.79,1.84875
17,47,74,7,12.84,1.8342857142857143
17,47,75,13,23.83,1.833076923076923
17,47,76,9,16.4,1.822222222222222
17,47,77,18,32.64,1.8133333333333335
17,47,78,3,5.41,1.8033333333333335
17,47,79,18,31.98,1.7766666666666666
17,47,80,10,17.74,1.7739999999999998
17,47,81,1,1.75,1.75
17,47,82,5,8.72,1.7440000000000002
17,47,83,1,1.72,1.72
17,47,84,19,32.6,1.7157894736842105
17,47,85,13,21.92,1.6861538461538463
17,47,86,3,5.05,1.6833333333333333
17,47,87,14,22.9,1.6357142857142857
17,47,88,12,19.61,1.6341666666666665
17,47,89,15,23.83,1.5886666666666664
17,47,90,6,9.45,1.575
17,47,91,5,7.79,1.558
17,47,92,3,4.67,1.5566666666666666
17,47,93,17,26.19,1.5405882352941178
17,47,94,5,7.67,1.534
17,47,95,6,9.18,1.53
17,47,96,9,13.47,1.4966666666666668
17,47,97,20,29.45,1.4725
17,47,98,4,5.87,1.4675
17,47,99,13,18.76,1.4430769230769231
17,47,100,11,15.83,1.4390909090909092
17,47,101,17,24.38,1.4341176470588235
17,47,102,9,12.76,1.4177777777777778
17,47,103,15,21.14,1.4093333333333333
17,47,104,9,12.25,1.3611111111111112
17,47,105,16,21.74,1.35875
17,47,106,5,6.77,1.3539999999999999
17,47,107,4,5.4,1.35
17,47,108,11,14.81,1.3463636363636364
17,47,109,17,22.67,1.333529411764706
17,47,110,8,10.42,1.3025
17,47,111,12,15.62,1.3016666666666665
17,47,112,16,20.42,1.27625
17,47,113,17,21.62,1.271764705882353
17,47,114,13,16.39,1.2607692307692309
17,47,115,3,3.77,1.2566666666666666
17,47,116,3,3.76,1.2533333333333332
17,47,117,14,17.28,1.2342857142857144
17,47,118,20,24.22,1.2109999999999999
17,47,119,18,21.58,1.198888888888889
17,47,120,10,11.65,1.165
17,47,121,17,19.75,1.161764705882353
17,47,122,2,2.29,1.145
17,47,123,6,6.86,1.1433333333333333
17,47,124,7,7.97,1.1385714285714286
17,47,125,10,11.32,1.1320000000000001
17,47,126,20,22.62,1.131
17,47,127,4,4.5,1.125
17,47,128,10,11.15,1.115
17,47,129,4,4.34,1.085
17,47,130,17,18.15,1.0676470588235294
17,47,131,5,5.22,1.044
17,47,132,10,10.0,1.0
17,47,133,4,3.99,0.9975
17,47,134,20,19.37,0.9685
17,47,135,8,7.71,0.96375
17,47,136,20,19.0,0.95
17,47,137,6,5.68,0.9466666666666667
17,47,138,14,13.07,0.9335714285714286
17,47,139,11,10.12,0.9199999999999999
17,47,140,16,14.49,0.905625
17,47,141,12,10.84,0.9033333333333333
17,47,142,4,3.35,0.8375
17,47,143,1,0.81,0.81
17,47,144,5,4.01,0.8019999999999999
17,47,145,5,3.96,0.792
17,47,146,11,8.68,0.7890909090909091
17,47,147,5,3.93,0.786
17,47,148,1,0.78,0.78
17,47,149,8,6.23,0.77875
17,47,150,2,1.5,0.75
17,47,151,16,11.92,0.745
17,47,152,1,0.73,0.73
17,47,153,4,2.92,0.73
17,47,154,6,4.37,0.7283333333333334
17,47,155,15,10.47,0.6980000000000001
17,47,156,17,11.67,0.6864705882352942
17,47,157,13,8.73,0.6715384615384615
17,47,158,7,4.7,0.6714285714285715
17,47,159,5,3.3,0.6599999999999999
17,47,160,18,11.85,0.6583333333333333
17,47,161,3,1.91,0.6366666666666666
17,47,162,15,9.48,0.632
17,47,163,7,4.06,0.58
17,47,164,16,9.01,0.563125
17,47,165,7,3.66,0.5228571428571429
17,47,166,16,7.94,0.49625
17,47,167,4,1.95,0.4875
17,47,168,17,7.47,0.43941176470588234
17,47,169,15,6.5,0.43333333333333335
17,47,170,8,3.4,0.425
17,47,171,18,7.63,0.42388888888888887
17,47,172,5,2.05,0.41
17,47,173,1,0.4,0.4
17,47,174,3,1.2,0.39999999999999997
17,47,175,10,3.97,0.397
17,47,176,20,7.71,0.3855
17,47,177,18,6.71,0.37277777777777776
17,47,178,14,4.83,0.34500000000000003
17,47,179,5,1.67,0.33399999999999996
17,47,180,13,4.28,0.32923076923076927
17,47,181,15,4.73,0.31533333333333335
17,47,182,16,4.98,0.31125
17,47,183,14,4.2,0.3
17,47,184,6,1.8,0.3
17,47,185,18,5.33,0.2961111111111111
17,47,186,20,5.87,0.2935
17,47,187,4,0.99,0.2475
17,47,188,9,2.09,0.23222222222222222
17,47,189,9,2.06,0.2288888888888889
17,47,190,12,2.67,0.2225
17,47,191,15,3.05,0.2033333333333333
17,47,192,6,1.12,0.18666666666666668
17,47,193,6,1.07,0.17833333333333334
17,47,194,19,3.32,0.17473684210526316
17,47,195,7,1.18,0.16857142857142857
17,47,196,11,1.81,0.16454545454545455
17,47,197,9,1.35,0.15000000000000002
17,47,198,3,0.37,0.12333333333333334
17,47,199,17,1.91,0.11235294117647059
17,48,0,14,48.99,3.4992857142857146
17,48,1,9,31.43,3.4922222222222223
17,48,2,15,51.91,3.4606666666666666
17,48,3,8,27.64,3.455
17,48,4,6,20.71,3.4516666666666667
17,48,5,6,20.65,3.4416666666666664
17,48,6,5,17.04,3.408
17,48,7,19,64.65,3.4026315789473687
17,48,8,8,27.19,3.39875
17,48,9,20,66.77,3.3385
17,48,10,16,53.21,3.325625
17,48,11,18,59.3,3.2944444444444443
17,48,12,10,32.8,3.28
17,48,13,12,39.29,3.2741666666666664
17,48,14,19,62.14,3.2705263157894735
17,48,15,20,65.34,3.2670000000000003
17,48,16,14,45.37,3.2407142857142857
17,48,17,17,54.98,3.2341176470588233
17,48,18,17,54.8,3.2235294117647055
17,48,19,15,48.0,3.2
17,48,20,6,19.07,3.1783333333333332
17,48,21,18,56.97,3.165
17,48,22,10,31.63,3.163
17,48,23,14,44.22,3.1585714285714284
17,48,24,4,12.55,3.1375
17,48,25,8,25.08,3.135
17,48,26,3,9.36,3.1199999999999997
17,48,27,10,31.07,3.107
17,48,28,9,27.87,3.0966666666666667
17,48,29,4,12.32,3.08
17,48,30,10,30.71,3.071
17,48,31,19,58.03,3.0542105263157895
17,48,32,7,21.1,3.0142857142857147
17,48,33,11,32.76,2.978181818181818
17,48,34,10,29.43,2.943
17,48,35,12,34.95,2.9125
17,48,36,10,29.08,2.908
17,48,37,2,5.71,2.855
17,48,38,15,42.57,2.838
17,48,39,19,53.63,2.8226315789473686
17,48,40,3,8.4,2.8000000000000003
17,48,41,18,49.8,2.7666666666666666
17,48,42,17,47.01,2.7652941176470587
17,48,43,3,8.24,2.7466666666666666
17,48,44,1,2.73,2.73
17,48,45,2,5.45,2.725
17,48,46,20,53.69,2.6845
17,48,47,5,13.42,2.684
17,48,48,6,15.97,2.6616666666666666
17,48,49,14,37.2,2.6571428571428575
17,48,50,18,47.63,2.6461111111111113
17,48,51,3,7.92,2.64
17,48,52,6,15.73,2.6216666666666666
17,48,53,13,33.63,2.5869230769230773
17,48,54,4,10.26,2.565
17,48,55,1,2.56,2.56
17,48,56,4,10.21,2.5525
17,48,57,12,30.26,2.521666666666667
17,48,58,16,40.09,2.505625
17,48,59,7,17.36,2.48
17,48,60,11,27.11,2.4645454545454544
17,48,61,11,26.97,2.4518181818181817
17,48,62,6,14.69,2.4483333333333333
17,48,63,17,40.85,2.402941176470588
17,48,64,4,9.57,2.3925
17,48,65,9,21.36,2.373333333333333
17,48,66,14,33.19,2.3707142857142856
17,48,67,11,26.04,2.367272727272727
17,48,68,14,32.92,2.3514285714285714
17,48,69,13,30.36,2.335384615384615
17,48,70,9,20.53,2.281111111111111
17,48,71,5,11.31,2.262
17,48,72,3,6.76,2.2533333333333334
17,48,73,16,35.95,2.246875
17,48,74,6,13.45,2.2416666666666667
17,48,75,2,4.46,2.23
17,48,76,11,24.49,2.226363636363636
17,48,77,7,15.55,2.2214285714285715
17,48,78,8,17.72,2.215
17,48,79,15,33.02,2.2013333333333334
17,48,80,18,39.43,2.1905555555555556
17,48,81,15,32.67,2.178
17,48,82,19,41.18,2.1673684210526316
17,48,83,17,36.8,2.164705882352941
17,48,84,6,12.97,2.1616666666666666
17,48,85,3,6.43,2.143333333333333
17,48,86,12,25.66,2.138333333333333
17,48,87,19,40.3,2.121052631578947
17,48,88,19,39.78,2.093684210526316
17,48,89,8,16.42,2.0525
17,48,90,20,41.0,2.05
17,48,91,13,26.59,2.0453846153846156
17,48,92,5,10.16,2.032
17,48,93,13,26.17,2.013076923076923
17,48,94,12,23.94,1.995
17,48,95,4,7.91,1.9775
17,48,96,4,7.91,1.9775
17,48,97,14,27.49,1.9635714285714285
17,48,98,5,9.68,1.936
17,48,99,17,32.31,1.9005882352941177
17,48,100,8,15.04,1.88
17,48,101,19,35.28,1.8568421052631578
17,48,102,5,9.27,1.8539999999999999
17,48,103,18,32.42,1.801111111111111
17,48,104,4,7.07,1.7675
17,48,105,7,11.98,1.7114285714285715
17,48,106,20,34.11,1.7055
17,48,107,16,27.24,1.7025
17,48,108,20,33.92,1.6960000000000002
17,48,109,19,31.98,1.6831578947368422
17,48,110,17,27.16,1.5976470588235294
17,48,111,5,7.79,1.558
17,48,112,12,18.67,1.5558333333333334
17,48,113,9,13.86,1.54
17,48,114,7,10.76,1.5371428571428571
17,48,115,7,10.67,1.5242857142857142
17,48,116,15,22.6,1.5066666666666668
17,48,117,9,13.48,1.4977777777777779
17,48,118,4,5.99,1.4975
17,48,119,14,20.75,1.4821428571428572
17,48,120,13,19.17,1.4746153846153847
17,48,121,12,17.63,1.4691666666666665
17,48,122,15,22.02,1.468
17,48,123,11,16.08,1.4618181818181817
17,48,124,19,27.43,1.4436842105263157
17,48,125,19,26.9,1.4157894736842105
17,48,126,6,8.49,1.415
17,48,127,1,1.4,1.4
17,48,128,17,23.58,1.3870588235294117
17,48,129,20,27.61,1.3805
17,48,130,7,9.47,1.352857142857143
17,48,131,9,11.96,1.328888888888889
17,48,132,16,21.22,1.32625
17,48,133,5,6.58,1.316
17,48,134,6,7.82,1.3033333333333335
17,48,135,2,2.51,1.255
17,48,136,4,4.73,1.1825
17,48,137,16,18.48,1.155
17,48,138,8,9.06,1.1325
17,48,139,19,21.31,1.121578947368421
17,48,140,20,22.43,1.1215
17,48,141,12,13.33,1.1108333333333333
17,48,142,7,7.76,1.1085714285714285
17,48,143,10,10.99,1.099
17,48,144,7,7.68,1.0971428571428572
17,48,145,8,8.64,1.08
17,48,146,8,8.52,1.065
17,48,147,10,10.63,1.0630000000000002
17,48,148,3,3.15,1.05
17,48,149,8,8.05,1.00625
17,48,150,7,7.04,1.0057142857142858
17,48,151,7,6.31,0.9014285714285714
17,48,152,6,5.4,0.9
17,48,153,2,1.8,0.9
17,48,154,14,12.19,0.8707142857142857
17,48,155,8,6.9,0.8625
17,48,156,20,16.23,0.8115
17,48,157,10,8.07,0.807
17,48,158,6,4.81,0.8016666666666666
17,48,159,15,11.87,0.7913333333333333
17,48,160,6,4.67,0.7783333333333333
17,48,161,14,10.8,0.7714285714285715
17,48,162,17,13.01,0.7652941176470588
17,48,163,10,7.17,0.717
17,48,164,4,2.83,0.7075
17,48,165,20,13.29,0.6645
17,48,166,1,0.66,0.66
17,48,167,11,7.17,0.6518181818181819
17,48,168,3,1.94,0.6466666666666666
17,48,169,19,11.63,0.6121052631578948
17,48,170,6,3.66,0.61
17,48,171,7,4.2,0.6
17,48,172,1,0.56,0.56
17,48,173,13,7.09,0.5453846153846154
17,48,174,11,5.85,0.5318181818181817
17,48,175,10,5.2,0.52
17,48,176,3,1.56,0.52
17,48,177,4,2.0,0.5
17,48,178,10,4.8,0.48
17,48,179,8,3.73,0.46625
17,48,180,5,2.27,0.454
17,48,181,6,2.69,0.4483333333333333
17,48,182,16,5.98,0.37375
17,48,183,20,7.43,0.3715
17,48,184,16,5.76,0.36
17,48,185,20,7.13,0.3565
17,48,186,8,2.81,0.35125
17,48,187,13,4.19,0.32230769230769235
17,48,188,14,4.45,0.3178571428571429
17,48,189,19,5.72,0.30105263157894735
17,48,190,4,1.08,0.27
17,48,191,11,2.66,0.24181818181818182
17,48,192,13,3.09,0.23769230769230767
17,48,193,5,1.18,0.236
17,48,194,3,0.65,0.21666666666666667
17,48,195,16,3.46,0.21625
17,48,196,12,2.3,0.19166666666666665
17,48,197,6,1.15,0.19166666666666665
17,48,198,10,1.77,0.177
17,48,199,12,1.74,0.145
17,90,0,4,8.67,2.1675
17,90,1,14,30.34,2.1671428571428573
17,90,2,16,34.55,2.159375
17,90,3,12,25.89,2.1575
17,90,4,13,27.83,2.1407692307692305
17,90,5,6,12.78,2.13
17,90,6,12,25.15,2.095833333333333
17,90,7,6,12.5,2.0833333333333335
17,90,8,13,26.85,2.0653846153846156
17,90,9,11,22.7,2.0636363636363635
17,90,10,20,41.09,2.0545
17,90,11,10,20.53,2.053
17,90,12,6,12.2,2.033333333333333
17,90,13,2,4.05,2.025
17,90,14,16,32.32,2.02
17,90,15,10,20.06,2.006
17,90,16,1,2.0,2.0
17,90,17,9,17.47,1.941111111111111
17,90,18,3,5.72,1.9066666666666665
17,90,19,15,28.26,1.8840000000000001
17,90,20,14,26.01,1.8578571428571429
17,90,21,1,1.83,1.83
17,90,22,12,21.69,1.8075
17,90,23,1,1.8,1.8
17,90,24,2,3.57,1.785
17,90,25,1,1.77,1.77
17,90,26,4,7.06,1.765
17,90,27,13,22.75,1.75
17,90,28,20,34.85,1.7425000000000002
17,90,29,17,29.59,1.7405882352941175
17,90,30,12,20.75,1.7291666666666667
17,90,31,6,10.28,1.7133333333333332
17,90,32,20,34.08,1.704
17,90,33,3,5.09,1.6966666666666665
17,90,34,11,18.61,1.6918181818181817
17,90,35,6,10.13,1.6883333333333335
17,90,36,5,8.42,1.684
17,90,37,20,33.57,1.6785
17,90,38,12,20.11,1.6758333333333333
17,90,39,8,13.35,1.66875
17,90,40,3,4.94,1.6466666666666667
17,90,41,12,19.76,1.6466666666666667
17,90,42,2,3.29,1.645
17,90,43,20,32.1,1.605
17,90,44,11,17.63,1.6027272727272726
17,90,45,16,25.35,1.584375
17,90,46,19,30.1,1.5842105263157895
17,90,47,13,20.34,1.5646153846153845
17,90,48,13,20.25,1.5576923076923077
17,90,49,13,20.14,1.5492307692307692
17,90,50,13,20.14,1.5492307692307692
17,90,51,17,26.33,1.5488235294117647
17,90,52,9,13.93,1.5477777777777777
17,90,53,8,12.38,1.5475
17,90,54,20,30.73,1.5365
17,90,55,19,29.15,1.5342105263157895
17,90,56,12,18.32,1.5266666666666666
17,90,57,20,30.53,1.5265
17,90,58,9,13.6,1.511111111111111
17,90,59,13,19.63,1.51
17,90,60,9,13.58,1.508888888888889
17,90,61,13,19.24,1.48
17,90,62,20,29.14,1.457
17,90,63,17,24.19,1.4229411764705884
17,90,64,4,5.66,1.415
17,90,65,10,14.12,1.412
17,90,66,15,20.65,1.3766666666666665
17,90,67,19,26.1,1.3736842105263158
17,90,68,14,19.23,1.3735714285714287
17,90,69,14,18.58,1.327142857142857
17,90,70,8,10.6,1.325
17,90,71,8,10.4,1.3
17,90,72,3,3.9,1.3
17,90,73,12,15.59,1.2991666666666666
17,90,74,5,6.49,1.298
17,90,75,6,7.78,1.2966666666666666
17,90,76,7,9.0,1.2857142857142858
17,90,77,17,21.82,1.2835294117647058
17,90,78,6,7.69,1.2816666666666667
17,90,79,4,5.11,1.2775
17,90,80,5,6.36,1.272
17,90,81,4,5.08,1.27
17,90,82,14,17.43,1.2449999999999999
17,90,83,19,23.65,1.2447368421052631
17,90,84,6,7.4,1.2333333333333334
17,90,85,1,1.23,1.23
17,90,86,12,14.73,1.2275
17,90,87,15,18.03,1.2020000000000002
17,90,88,16,19.19,1.199375
17,90,89,10,11.9,1.19
17,90,90,5,5.89,1.178
17,90,91,2,2.35,1.175
17,90,92,12,13.95,1.1624999999999999
17,90,93,10,11.59,1.159
17,90,94,11,12.7,1.1545454545454545
17,90,95,9,10.35,1.15
17,90,96,18,20.68,1.1488888888888888
17,90,97,7,7.91,1.1300000000000001
17,90,98,13,14.62,1.1246153846153846
17,90,99,10,11.19,1.119
17,90,100,13,14.52,1.116923076923077
17,90,101,11,12.13,1.1027272727272728
17,90,102,4,4.37,1.0925
17,90,103,11,11.92,1.0836363636363637
17,90,104,12,12.91,1.0758333333333334
17,90,105,16,17.21,1.075625
17,90,106,15,16.08,1.0719999999999998
17,90,107,13,13.87,1.0669230769230769
17,90,108,6,6.34,1.0566666666666666
17,90,109,11,11.59,1.0536363636363637
17,90,110,18,18.92,1.051111111111111
17,90,111,7,7.28,1.04
17,90,112,15,15.54,1.036
17,90,113,4,4.13,1.0325
17,90,114,10,10.13,1.0130000000000001
17,90,115,20,20.21,1.0105
17,90,116,7,7.01,1.0014285714285713
17,90,117,11,10.85,0.9863636363636363
17,90,118,9,8.82,0.98
17,90,119,9,8.81,0.9788888888888889
17,90,120,6,5.86,0.9766666666666667
17,90,121,18,17.47,0.9705555555555555
17,90,122,6,5.79,0.965
17,90,123,3,2.88,0.96
17,90,124,6,5.74,0.9566666666666667
17,90,125,1,0.95,0.95
17,90,126,9,8.49,0.9433333333333334
17,90,127,2,1.86,0.93
17,90,128,11,10.16,0.9236363636363637
17,90,129,2,1.79,0.895
17,90,130,5,4.45,0.89
17,90,131,15,13.25,0.8833333333333333
17,90,132,20,17.51,0.8755000000000001
17,90,133,15,12.99,0.866
17,90,134,1,0.86,0.86
17,90,135,8,6.87,0.85875
17,90,136,17,14.05,0.8264705882352942
17,90,137,16,12.87,0.804375
17,90,138,15,12.0,0.8
17,90,139,6,4.79,0.7983333333333333
17,90,140,8,6.27,0.78375
17,90,141,3,2.35,0.7833333333333333
17,90,142,12,9.08,0.7566666666666667
17,90,143,20,15.03,0.7515
17,90,144,14,10.44,0.7457142857142857
17,90,145,2,1.48,0.74
17,90,146,18,13.18,0.7322222222222222
17,90,147,7,5.04,0.72
17,90,148,1,0.69,0.69
17,90,149,3,2.07,0.69
17,90,150,20,13.77,0.6885
17,90,151,18,12.02,0.6677777777777778
17,90,152,10,6.64,0.6639999999999999
17,90,153,1,0.66,0.66
17,90,154,3,1.81,0.6033333333333334
17,90,155,9,5.38,0.5977777777777777
17,90,156,6,3.48,0.58
17,90,157,1,0.58,0.58
17,90,158,16,9.26,0.57875
17,90,159,8,4.57,0.57125
17,90,160,5,2.7,0.54
17,90,161,10,5.36,0.536
17,90,162,3,1.55,0.5166666666666667
17,90,163,7,3.4,0.4857142857142857
17,90,164,18,8.45,0.4694444444444444
17,90,165,5,2.3,0.45999999999999996
17,90,166,10,4.47,0.44699999999999995
17,90,167,5,2.1,0.42000000000000004
17,90,168,1,0.42,0.42
17,90,169,12,4.98,0.41500000000000004
17,90,170,15,6.21,0.414
17,90,171,8,3.23,0.40375
17,90,172,11,4.36,0.3963636363636364
17,90,173,19,7.07,0.3721052631578948
17,90,174,17,5.96,0.35058823529411764
17,90,175,2,0.7,0.35
17,90,176,14,4.7,0.33571428571428574
17,90,177,6,2.0,0.3333333333333333
17,90,178,1,0.33,0.33
17,90,179,2,0.66,0.33
17,90,180,18,5.94,0.33
17,90,181,17,5.54,0.32588235294117646
17,90,182,11,3.48,0.31636363636363635
17,90,183,12,3.77,0.31416666666666665
17,90,184,12,3.66,0.305
17,90,185,3,0.86,0.2866666666666667
17,90,186,12,3.3,0.27499999999999997
17,90,187,4,1.07,0.2675
17,90,188,13,3.22,0.2476923076923077
17,90,189,11,2.72,0.24727272727272728
17,90,190,3,0.72,0.24
17,90,191,3,0.71,0.23666666666666666
17,90,192,12,2.48,0.20666666666666667
17,90,193,18,2.9,0.1611111111111111
17,90,194,8,1.14,0.1425
17,90,195,8,1.13,0.14125
17,90,196,2,0.23,0.115
17,90,197,9,0.84,0.09333333333333332
17,90,198,4,0.37,0.0925
17,90,199,7,0.63,0.09
24,5,0,4,1.26,0.315
24,5,1,6,1.89,0.315
24,5,2,7,2.2,0.31428571428571433
24,5,3,14,4.35,0.31071428571428567
24,5,4,15,4.66,0.3106666666666667
24,5,5,1,0.31,0.31
24,5,6,18,5.51,0.3061111111111111
24,5,7,7,2.13,0.30428571428571427
24,5,8,8,2.41,0.30125
24,5,9,15,4.51,0.30066666666666664
24,5,10,2,0.6,0.3
24,5,11,17,5.04,0.2964705882352941
24,5,12,9,2.65,0.29444444444444445
24,5,13,19,5.54,0.29157894736842105
24,5,14,1,0.29,0.29
24,5,15,19,5.51,0.29
24,5,16,3,0.86,0.2866666666666667
24,5,17,9,2.56,0.28444444444444444
24,5,18,3,0.85,0.2833333333333333
24,5,19,17,4.81,0.2829411764705882
24,5,20,9,2.53,0.2811111111111111
24,5,21,17,4.77,0.28058823529411764
24,5,22,10,2.79,0.279
24,5,23,12,3.31,0.2758333333333333
24,5,24,2,0.55,0.275
24,5,25,11,3.02,0.27454545454545454
24,5,26,13,3.55,0.27307692307692305
24,5,27,14,3.8,0.2714285714285714
24,5,28,20,5.4,0.27
24,5,29,2,0.54,0.27
24,5,30,10,2.64,0.264
24,5,31,3,0.79,0.26333333333333336
24,5,32,9,2.36,0.2622222222222222
24,5,33,12,3.12,0.26
24,5,34,3,0.78,0.26
24,5,35,1,0.26,0.26
24,5,36,5,1.29,0.258
24,5,37,1,0.25,0.25
24,5,38,1,0.25,0.25
24,5,39,1,0.25,0.25
24,5,40,4,1.0,0.25
24,5,41,5,1.24,0.248
24,5,42,19,4.67,0.24578947368421053
24,5,43,9,2.2,0.24444444444444446
24,5,44,7,1.71,0.24428571428571427
24,5,45,7,1.71,0.24428571428571427
24,5,46,19,4.63,0.24368421052631578
24,5,47,15,3.65,0.24333333333333332
24,5,48,15,3.63,0.242
24,5,49,12,2.89,0.24083333333333334
24,5,50,12,2.86,0.2383333333333333
24,5,51,5,1.18,0.236
24,5,52,12,2.77,0.23083333333333333
24,5,53,3,0.69,0.22999999999999998
24,5,54,11,2.49,0.22636363636363638
24,5,55,17,3.81,0.22411764705882353
24,5,56,11,2.46,0.22363636363636363
24,5,57,10,2.23,0.223
24,5,58,16,3.56,0.2225
24,5,59,12,2.64,0.22
24,5,60,11,2.42,0.22
24,5,61,15,3.27,0.218
24,5,62,3,0.64,0.21333333333333335
24,5,63,4,0.84,0.21
24,5,64,9,1.88,0.20888888888888887
24,5,65,16,3.32,0.2075
24,5,66,17,3.52,0.20705882352941177
24,5,67,10,2.07,0.207
24,5,68,5,1.03,0.20600000000000002
24,5,69,4,0.82,0.205
24,5,70,15,3.06,0.20400000000000001
24,5,71,11,2.23,0.20272727272727273
24,5,72,13,2.62,0.20153846153846156
24,5,73,1,0.2,0.2
24,5,74,5,1.0,0.2
24,5,75,2,0.4,0.2
24,5,76,20,3.95,0.1975
24,5,77,11,2.16,0.19636363636363638
24,5,78,5,0.97,0.194
24,5,79,20,3.87,0.1935
24,5,80,19,3.67,0.1931578947368421
24,5,81,15,2.81,0.18733333333333332
24,5,82,9,1.68,0.18666666666666665
24,5,83,13,2.41,0.1853846153846154
24,5,84,20,3.7,0.185
24,5,85,5,0.92,0.184
24,5,86,11,2.01,0.1827272727272727
24,5,87,15,2.73,0.182
24,5,88,15,2.71,0.18066666666666667
24,5,89,1,0.18,0.18
24,5,90,4,0.72,0.18
24,5,91,11,1.97,0.17909090909090908
24,5,92,14,2.5,0.17857142857142858
24,5,93,19,3.33,0.17526315789473684
24,5,94,16,2.79,0.174375
24,5,95,7,1.21,0.17285714285714285
24,5,96,17,2.91,0.1711764705882353
24,5,97,1,0.17,0.17
24,5,98,11,1.87,0.17
24,5,99,14,2.36,0.16857142857142857
24,5,100,14,2.34,0.16714285714285712
24,5,101,11,1.82,0.16545454545454547
24,5,102,13,2.12,0.1630769230769231
24,5,103,11,1.79,0.16272727272727272
24,5,104,13,2.08,0.16
24,5,105,17,2.72,0.16
24,5,106,1,0.16,0.16
24,5,107,9,1.42,0.15777777777777777
24,5,108,10,1.56,0.156
24,5,109,18,2.76,0.15333333333333332
24,5,110,19,2.91,0.1531578947368421
24,5,111,15,2.29,0.15266666666666667
24,5,112,15,2.29,0.15266666666666667
24,5,113,3,0.45,0.15
24,5,114,19,2.84,0.14947368421052631
24,5,115,12,1.79,0.14916666666666667
24,5,116,13,1.93,0.14846153846153845
24,5,117,11,1.6,0.14545454545454548
24,5,118,4,0.58,0.145
24,5,119,10,1.42,0.142
24,5,120,8,1.13,0.14125
24,5,121,7,0.98,0.13999999999999999
24,5,122,11,1.53,0.1390909090909091
24,5,123,14,1.93,0.13785714285714284
24,5,124,4,0.54,0.135
24,5,125,14,1.76,0.12571428571428572
24,5,126,11,1.38,0.12545454545454546
24,5,127,11,1.35,0.12272727272727274
24,5,128,4,0.49,0.1225
24,5,129,16,1.95,0.121875
24,5,130,2,0.24,0.12
24,5,131,6,0.72,0.12
24,5,132,10,1.17,0.11699999999999999
24,5,133,3,0.35,0.11666666666666665
24,5,134,17,1.97,0.11588235294117646
24,5,135,16,1.82,0.11375
24,5,136,12,1.35,0.1125
24,5,137,15,1.68,0.112
24,5,138,14,1.53,0.10928571428571429
24,5,139,17,1.83,0.10764705882352942
24,5,140,14,1.5,0.10714285714285714
24,5,141,18,1.91,0.1061111111111111
24,5,142,9,0.94,0.10444444444444444
24,5,143,5,0.52,0.10400000000000001
24,5,144,10,1.03,0.10300000000000001
24,5,145,20,2.05,0.1025
24,5,146,10,1.01,0.101
24,5,147,5,0.5,0.1
24,5,148,1,0.1,0.1
24,5,149,6,0.58,0.09666666666666666
24,5,150,10,0.96,0.096
24,5,151,5,0.45,0.09
24,5,152,12,1.06,0.08833333333333333
24,5,153,6,0.5,0.08333333333333333
24,5,154,3,0.24,0.08
24,5,155,7,0.56,0.08
24,5,156,18,1.41,0.07833333333333332
24,5,157,12,0.93,0.0775
24,5,158,4,0.3,0.075
24,5,159,2,0.15,0.075
24,5,160,20,1.49,0.0745
24,5,161,12,0.88,0.07333333333333333
24,5,162,12,0.88,0.07333333333333333
24,5,163,3,0.22,0.07333333333333333
24,5,164,7,0.5,0.07142857142857142
24,5,165,1,0.07,0.07
24,5,166,13,0.87,0.06692307692307692
24,5,167,17,1.1,0.06470588235294118
24,5,168,3,0.19,0.06333333333333334
24,5,169,9,0.57,0.06333333333333332
24,5,170,15,0.92,0.06133333333333334
24,5,171,1,0.06,0.06
24,5,172,20,1.19,0.0595
24,5,173,19,1.01,0.053157894736842105
24,5,174,7,0.34,0.04857142857142858
24,5,175,7,0.31,0.04428571428571428
24,5,176,8,0.35,0.04375
24,5,177,16,0.7,0.04375
24,5,178,3,0.13,0.043333333333333335
24,5,179,3,0.12,0.04
24,5,180,10,0.4,0.04
24,5,181,9,0.34,0.03777777777777778
24,5,182,2,0.07,0.035
24,5,183,2,0.06,0.03
24,5,184,1,0.03,0.03
24,5,185,19,0.57,0.03
24,5,186,13,0.38,0.02923076923076923
24,5,187,16,0.45,0.028125
24,5,188,3,0.08,0.02666666666666667
24,5,189,8,0.21,0.02625
24,5,190,12,0.31,0.025833333333333333
24,5,191,9,0.23,0.025555555555555557
24,5,192,8,0.18,0.0225
24,5,193,2,0.04,0.02
24,5,194,14,0.27,0.019285714285714288
24,5,195,10,0.19,0.019
24,5,196,12,0.22,0.018333333333333333
24,5,197,2,0.03,0.015
24,5,198,7,0.1,0.014285714285714287
24,5,199,1,0.01,0.01
24,10,0,7,27.96,3.994285714285714
24,10,1,9,35.93,3.9922222222222223
24,10,2,17,67.53,3.972352941176471
24,10,3,6,23.8,3.966666666666667
24,10,4,11,43.47,3.9518181818181817
24,10,5,18,70.26,3.9033333333333338
24,10,6,19,73.79,3.883684210526316
24,10,7,3,11.64,3.8800000000000003
24,10,8,12,46.35,3.8625000000000003
24,10,9,9,34.48,3.831111111111111
24,10,10,13,49.39,3.7992307692307694
24,10,11,5,18.9,3.78
24,10,12,2,7.53,3.765
24,10,13,10,36.89,3.689
24,10,14,14,51.42,3.672857142857143
24,10,15,4,14.63,3.6575
24,10,16,18,65.29,3.6272222222222226
24,10,17,1,3.61,3.61
24,10,18,6,21.44,3.5733333333333337
24,10,19,10,35.53,3.553
24,10,20,17,60.23,3.5429411764705883
24,10,21,20,70.83,3.5415
24,10,22,12,42.49,3.5408333333333335
24,10,23,13,45.63,3.5100000000000002
24,10,24,19,66.49,3.499473684210526
24,10,25,3,10.46,3.486666666666667
24,10,26,12,41.18,3.4316666666666666
24,10,27,7,23.96,3.422857142857143
24,10,28,10,34.04,3.404
24,10,29,7,23.69,3.3842857142857143
24,10,30,19,63.94,3.3652631578947365
24,10,31,4,13.41,3.3525
24,10,32,18,60.23,3.346111111111111
24,10,33,18,59.8,3.322222222222222
24,10,34,5,16.59,3.318
24,10,35,7,23.16,3.3085714285714287
24,10,36,4,13.12,3.28
24,10,37,18,58.91,3.272777777777778
24,10,38,17,55.63,3.2723529411764707
24,10,39,16,52.28,3.2675
24,10,40,10,32.59,3.2590000000000003
24,10,41,6,19.09,3.1816666666666666
24,10,42,1,3.16,3.16
24,10,43,13,40.48,3.1138461538461537
24,10,44,13,40.15,3.088461538461538
24,10,45,3,9.23,3.0766666666666667
24,10,46,4,12.25,3.0625
24,10,47,9,27.47,3.052222222222222
24,10,48,2,6.1,3.05
24,10,49,2,6.08,3.04
24,10,50,11,33.18,3.016363636363636
24,10,51,11,33.0,3.0
24,10,52,9,26.99,2.9988888888888887
24,10,53,13,38.8,2.9846153846153842
24,10,54,11,32.67,2.97
24,10,55,15,44.42,2.9613333333333336
24,10,56,14,41.24,2.9457142857142857
24,10,57,2,5.86,2.93
24,10,58,4,11.67,2.9175
24,10,59,13,37.33,2.8715384615384614
24,10,60,4,11.48,2.87
24,10,61,15,43.0,2.8666666666666667
24,10,62,20,56.49,2.8245
24,10,63,7,19.69,2.812857142857143
24,10,64,11,30.57,2.7790909090909093
24,10,65,1,2.77,2.77
24,10,66,20,55.0,2.75
24,10,67,13,35.7,2.746153846153846
24,10,68,3,8.2,2.733333333333333
24,10,69,11,29.85,2.713636363636364
24,10,70,10,27.1,2.71
24,10,71,15,40.39,2.6926666666666668
24,10,72,20,53.01,2.6505
24,10,73,3,7.85,2.6166666666666667
24,10,74,5,12.86,2.572
24,10,75,12,30.49,2.540833333333333
24,10,76,7,17.64,2.52
24,10,77,9,22.58,2.5088888888888885
24,10,78,5,12.46,2.492
24,10,79,19,47.32,2.4905263157894737
24,10,80,8,19.34,2.4175
24,10,81,16,38.6,2.4125
24,10,82,15,36.1,2.4066666666666667
24,10,83,14,33.64,2.402857142857143
24,10,84,11,26.1,2.372727272727273
24,10,85,3,7.11,2.37
24,10,86,10,23.45,2.3449999999999998
24,10,87,3,7.01,2.3366666666666664
24,10,88,1,2.33,2.33
24,10,89,19,43.78,2.3042105263157895
24,10,90,19,43.32,2.28
24,10,91,6,13.61,2.268333333333333
24,10,92,15,33.76,2.2506666666666666
24,10,93,10,22.5,2.25
24,10,94,3,6.53,2.1766666666666667
24,10,95,3,6.53,2.1766666666666667
24,10,96,11,23.41,2.1281818181818184
24,10,97,7,14.78,2.111428571428571
24,10,98,5,10.44,2.088
24,10,99,2,4.17,2.085
24,10,100,20,41.09,2.0545
24,10,101,10,20.54,2.054
24,10,102,18,36.96,2.0533333333333332
24,10,103,3,6.14,2.0466666666666664
24,10,104,17,34.58,2.0341176470588236
24,10,105,18,36.55,2.0305555555555554
24,10,106,12,24.27,2.0225
24,10,107,10,20.12,2.012
24,10,108,2,3.95,1.975
24,10,109,5,9.48,1.8960000000000001
24,10,110,1,1.87,1.87
24,10,111,14,25.26,1.8042857142857145
24,10,112,3,5.3,1.7666666666666666
24,10,113,10,17.57,1.7570000000000001
24,10,114,14,24.15,1.7249999999999999
24,10,115,14,23.88,1.7057142857142857
24,10,116,12,20.3,1.6916666666666667
24,10,117,16,26.85,1.678125
24,10,118,6,9.93,1.655
24,10,119,15,24.14,1.6093333333333333
24,10,120,4,6.35,1.5875
24,10,121,14,22.07,1.5764285714285715
24,10,122,7,10.84,1.5485714285714285
24,10,123,14,21.38,1.5271428571428571
24,10,124,11,16.77,1.5245454545454544
24,10,125,20,30.47,1.5234999999999999
24,10,126,8,12.13,1.51625
24,10,127,18,26.79,1.4883333333333333
24,10,128,11,15.91,1.4463636363636363
24,10,129,11,15.57,1.4154545454545455
24,10,130,7,9.6,1.3714285714285714
24,10,131,10,12.85,1.285
24,10,132,12,15.41,1.2841666666666667
24,10,133,18,22.87,1.2705555555555557
24,10,134,20,25.41,1.2705
24,10,135,8,10.13,1.26625
24,10,136,15,18.43,1.2286666666666666
24,10,137,20,23.62,1.181
24,10,138,6,7.03,1.1716666666666666
24,10,139,19,22.25,1.1710526315789473
24,10,140,17,19.25,1.1323529411764706
24,10,141,8,8.96,1.12
24,10,142,12,13.43,1.1191666666666666
24,10,143,9,9.88,1.097777777777778
24,10,144,6,6.49,1.0816666666666668
24,10,145,7,7.43,1.0614285714285714
24,10,146,20,20.92,1.046
24,10,147,14,14.19,1.0135714285714286
24,10,148,9,8.87,0.9855555555555555
24,10,149,3,2.85,0.9500000000000001
24,10,150,2,1.89,0.945
24,10,151,6,5.62,0.9366666666666666
24,10,152,14,12.92,0.9228571428571428
24,10,153,16,14.62,0.91375
24,10,154,5,4.52,0.9039999999999999
24,10,155,9,8.08,0.8977777777777778
24,10,156,16,14.34,0.89625
24,10,157,7,6.27,0.8957142857142857
24,10,158,14,12.04,0.86
24,10,159,18,15.44,0.8577777777777778
24,10,160,14,11.69,0.835
24,10,161,7,5.75,0.8214285714285714
24,10,162,2,1.64,0.82
24,10,163,8,6.51,0.81375
24,10,164,7,5.5,0.7857142857142857
24,10,165,3,2.27,0.7566666666666667
24,10,166,9,6.67,0.741111111111111
24,10,167,4,2.92,0.73
24,10,168,10,6.84,0.6839999999999999
24,10,169,13,8.86,0.6815384615384615
24,10,170,7,4.74,0.6771428571428572
24,10,171,6,4.04,0.6733333333333333
24,10,172,9,5.9,0.6555555555555556
24,10,173,20,13.04,0.6519999999999999
24,10,174,14,9.0,0.6428571428571429
24,10,175,19,12.13,0.638421052631579
24,10,176,10,5.73,0.5730000000000001
24,10,177,7,3.99,0.5700000000000001
24,10,178,16,8.75,0.546875
24,10,179,15,7.97,0.5313333333333333
24,10,180,15,7.26,0.484
24,10,181,9,4.31,0.47888888888888886
24,10,182,20,9.57,0.47850000000000004
24,10,183,12,5.55,0.46249999999999997
24,10,184,4,1.78,0.445
24,10,185,3,1.29,0.43
24,10,186,4,1.62,0.405
24,10,187,7,2.61,0.37285714285714283
24,10,188,15,5.59,0.37266666666666665
24,10,189,6,2.14,0.3566666666666667
24,10,190,6,1.98,0.33
24,10,191,3,0.98,0.32666666666666666
24,10,192,13,3.84,0.29538461538461536
24,10,193,9,2.43,0.27
24,10,194,15,3.86,0.2573333333333333
24,10,195,17,4.26,0.2505882352941176
24,10,196,1,0.25,0.25
24,10,197,17,4.16,0.2447058823529412
24,10,198,12,2.63,0.21916666666666665
24,10,199,11,2.19,0.1990909090909091
24,16,0,2,0.95,0.475
24,16,1,10,4.71,0.471
24,16,2,20,9.4,0.47000000000000003
24,16,3,11,5.16,0.4690909090909091
24,16,4,13,6.09,0.46846153846153843
24,16,5,6,2.8,0.4666666666666666
24,16,6,12,5.6,0.4666666666666666
24,16,7,2,0.93,0.465
24,16,8,3,1.39,0.4633333333333333
24,16,9,13,6.02,0.46307692307692305
24,16,10,8,3.65,0.45625
24,16,11,8,3.62,0.4525
24,16,12,9,4.03,0.44777777777777783
24,16,13,16,7.13,0.445625
24,16,14,17,7.57,0.44529411764705884
24,16,15,8,3.56,0.445
24,16,16,1,0.44,0.44
24,16,17,3,1.31,0.4366666666666667
24,16,18,7,3.05,0.43571428571428567
24,16,19,2,0.87,0.435
24,16,20,12,5.21,0.43416666666666665
24,16,21,4,1.73,0.4325
24,16,22,11,4.75,0.4318181818181818
24,16,23,18,7.64,0.4244444444444444
24,16,24,3,1.26,0.42
24,16,25,9,3.78,0.42
24,16,26,19,7.96,0.4189473684210526
24,16,27,6,2.48,0.41333333333333333
24,16,28,4,1.64,0.41
24,16,29,14,5.68,0.4057142857142857
24,16,30,15,6.03,0.402
24,16,31,2,0.8,0.4
24,16,32,3,1.2,0.39999999999999997
24,16,33,6,2.4,0.39999999999999997
24,16,34,19,7.53,0.39631578947368423
24,16,35,19,7.53,0.39631578947368423
24,16,36,9,3.54,0.3933333333333333
24,16,37,3,1.14,0.37999999999999995
24,16,38,18,6.79,0.37722222222222224
24,16,39,10,3.77,0.377
24,16,40,16,6.02,0.37625
24,16,41,4,1.49,0.3725
24,16,42,5,1.82,0.364
24,16,43,9,3.27,0.36333333333333334
24,16,44,3,1.08,0.36000000000000004
24,16,45,15,5.32,0.3546666666666667
24,16,46,3,1.06,0.35333333333333333
24,16,47,3,1.06,0.35333333333333333
24,16,48,13,4.58,0.3523076923076923
24,16,49,19,6.68,0.35157894736842105
24,16,50,17,5.97,0.35117647058823526
24,16,51,1,0.35,0.35
24,16,52,4,1.39,0.3475
24,16,53,2,0.68,0.34
24,16,54,3,1.02,0.34
24,16,55,10,3.39,0.339
24,16,56,16,5.27,0.329375
24,16,57,19,6.25,0.32894736842105265
24,16,58,17,5.55,0.3264705882352941
24,16,59,3,0.97,0.3233333333333333
24,16,60,7,2.25,0.32142857142857145
24,16,61,9,2.86,0.31777777777777777
24,16,62,17,5.37,0.3158823529411765
24,16,63,7,2.21,0.3157142857142857
24,16,64,10,3.13,0.313
24,16,65,10,3.07,0.307
24,16,66,6,1.84,0.3066666666666667
24,16,67,2,0.6,0.3
24,16,68,12,3.6,0.3
24,16,69,16,4.79,0.299375
24,16,70,15,4.47,0.298
24,16,71,18,5.36,0.2977777777777778
24,16,72,4,1.19,0.2975
24,16,73,4,1.19,0.2975
24,16,74,8,2.38,0.2975
24,16,75,2,0.59,0.295
24,16,76,20,5.83,0.2915
24,16,77,6,1.74,0.29
24,16,78,8,2.31,0.28875
24,16,79,12,3.41,0.2841666666666667
24,16,80,15,4.2,0.28
24,16,81,3,0.84,0.27999999999999997
24,16,82,20,5.57,0.2785
24,16,83,20,5.57,0.2785
24,16,84,11,3.06,0.2781818181818182
24,16,85,8,2.22,0.2775
24,16,86,3,0.83,0.27666666666666667
24,16,87,17,4.64,0.27294117647058824
24,16,88,20,5.44,0.272
24,16,89,16,4.35,0.271875
24,16,90,11,2.98,0.27090909090909093
24,16,91,5,1.33,0.266
24,16,92,14,3.71,0.265
24,16,93,4,1.06,0.265
24,16,94,12,3.17,0.26416666666666666
24,16,95,5,1.32,0.264
24,16,96,12,3.12,0.26
24,16,97,2,0.52,0.26
24,16,98,14,3.62,0.25857142857142856
24,16,99,18,4.59,0.255
24,16,100,10,2.54,0.254
24,16,101,13,3.25,0.25
24,16,102,5,1.22,0.244
24,16,103,18,4.39,0.24388888888888888
24,16,104,5,1.21,0.242
24,16,105,15,3.57,0.238
24,16,106,20,4.73,0.23650000000000002
24,16,107,9,2.07,0.22999999999999998
24,16,108,20,4.57,0.2285
24,16,109,16,3.54,0.22125
24,16,110,15,3.31,0.22066666666666668
24,16,111,11,2.42,0.22
24,16,112,1,0.22,0.22
24,16,113,3,0.65,0.21666666666666667
24,16,114,11,2.34,0.2127272727272727
24,16,115,16,3.38,0.21125
24,16,116,3,0.62,0.20666666666666667
24,16,117,3,0.62,0.20666666666666667
24,16,118,14,2.84,0.20285714285714285
24,16,119,18,3.65,0.20277777777777778
24,16,120,15,3.04,0.20266666666666666
24,16,121,14,2.81,0.2007142857142857
24,16,122,8,1.6,0.2
24,16,123,1,0.2,0.2
24,16,124,6,1.18,0.19666666666666666
24,16,125,11,2.16,0.19636363636363638
24,16,126,14,2.74,0.19571428571428573
24,16,127,14,2.72,0.1942857142857143
24,16,128,8,1.53,0.19125
24,16,129,10,1.85,0.185
24,16,130,9,1.66,0.18444444444444444
24,16,131,20,3.48,0.174
24,16,132,8,1.39,0.17375
24,16,133,9,1.55,0.17222222222222222
24,16,134,14,2.41,0.17214285714285715
24,16,135,7,1.2,0.17142857142857143
24,16,136,14,2.4,0.17142857142857143
24,16,137,9,1.54,0.1711111111111111
24,16,138,1,0.17,0.17
24,16,139,8,1.36,0.17
24,16,140,10,1.68,0.16799999999999998
24,16,141,10,1.64,0.16399999999999998
24,16,142,17,2.78,0.16352941176470587
24,16,143,20,3.25,0.1625
24,16,144,13,2.09,0.16076923076923075
24,16,145,9,1.42,0.15777777777777777
24,16,146,8,1.25,0.15625
24,16,147,9,1.4,0.15555555555555556
24,16,148,17,2.59,0.15235294117647058
24,16,149,12,1.78,0.14833333333333334
24,16,150,15,2.22,0.14800000000000002
24,16,151,3,0.43,0.14333333333333334
24,16,152,20,2.85,0.14250000000000002
24,16,153,17,2.27,0.1335294117647059
24,16,154,20,2.66,0.133
24,16,155,15,1.95,0.13
24,16,156,18,2.31,0.12833333333333333
24,16,157,15,1.84,0.12266666666666667
24,16,158,4,0.48,0.12
24,16,159,13,1.51,0.11615384615384615
24,16,160,4,0.45,0.1125
24,16,161,15,1.64,0.10933333333333332
24,16,162,12,1.29,0.1075
24,16,163,17,1.8,0.10588235294117647
24,16,164,14,1.42,0.10142857142857142
24,16,165,2,0.2,0.1
24,16,166,14,1.39,0.09928571428571428
24,16,167,3,0.29,0.09666666666666666
24,16,168,12,1.14,0.09499999999999999
24,16,169,11,1.02,0.09272727272727273
24,16,170,11,0.95,0.08636363636363636
24,16,171,16,1.34,0.08375
24,16,172,11,0.91,0.08272727272727273
24,16,173,11,0.89,0.08090909090909092
24,16,174,16,1.25,0.078125
24,16,175,12,0.93,0.0775
24,16,176,6,0.46,0.07666666666666667
24,16,177,15,1.1,0.07333333333333333
24,16,178,2,0.14,0.07
24,16,179,10,0.64,0.064
24,16,180,10,0.63,0.063
24,16,181,4,0.24,0.06
24,16,182,6,0.34,0.05666666666666667
24,16,183,5,0.28,0.05600000000000001
24,16,184,9,0.5,0.05555555555555555
24,16,185,15,0.74,0.04933333333333333
24,16,186,18,0.79,0.043888888888888894
24,16,187,15,0.65,0.043333333333333335
24,16,188,3,0.12,0.04
24,16,189,8,0.27,0.03375
24,16,190,8,0.26,0.0325
24,16,191,17,0.55,0.03235294117647059
24,16,192,16,0.51,0.031875
24,16,193,8,0.22,0.0275
24,16,194,7,0.19,0.027142857142857142
24,16,195,17,0.43,0.025294117647058825
24,16,196,11,0.27,0.024545454545454547
24,16,197,13,0.3,0.023076923076923075
24,16,198,2,0.04,0.02
24,16,199,1,0.02,0.02
24,17,0,3,4.58,1.5266666666666666
24,17,1,18,27.34,1.518888888888889
24,17,2,14,21.16,1.5114285714285713
24,17,3,20,30.17,1.5085000000000002
24,17,4,12,17.96,1.4966666666666668
24,17,5,14,20.91,1.4935714285714285
24,17,6,6,8.92,1.4866666666666666
24,17,7,14,20.81,1.4864285714285714
24,17,8,16,23.77,1.485625
24,17,9,7,10.35,1.4785714285714284
24,17,10,20,29.51,1.4755
24,17,11,16,23.53,1.470625
24,17,12,14,20.47,1.462142857142857
24,17,13,10,14.53,1.4529999999999998
24,17,14,8,11.56,1.445
24,17,15,2,2.88,1.44
24,17,16,12,17.22,1.4349999999999998
24,17,17,17,24.16,1.4211764705882353
24,17,18,13,18.41,1.416153846153846
24,17,19,9,12.66,1.4066666666666667
24,17,20,4,5.58,1.395
24,17,21,16,22.31,1.394375
24,17,22,17,23.69,1.393529411764706
24,17,23,5,6.91,1.3820000000000001
24,17,24,11,15.07,1.37
24,17,25,1,1.37,1.37
24,17,26,7,9.59,1.3699999999999999
24,17,27,6,8.18,1.3633333333333333
24,17,28,16,21.81,1.363125
24,17,29,17,23.09,1.358235294117647
24,17,30,19,25.77,1.3563157894736841
24,17,31,13,17.49,1.3453846153846152
24,17,32,18,23.92,1.328888888888889
24,17,33,9,11.94,1.3266666666666667
24,17,34,10,13.16,1.316
24,17,35,4,5.25,1.3125
24,17,36,9,11.71,1.301111111111111
24,17,37,20,25.95,1.2974999999999999
24,17,38,17,21.44,1.2611764705882353
24,17,39,6,7.52,1.2533333333333332
24,17,40,13,16.21,1.246923076923077
24,17,41,10,12.38,1.238
24,17,42,14,17.32,1.237142857142857
24,17,43,11,13.53,1.23
24,17,44,14,17.15,1.2249999999999999
24,17,45,3,3.67,1.2233333333333334
24,17,46,2,2.43,1.215
24,17,47,9,10.87,1.2077777777777776
24,17,48,4,4.82,1.205
24,17,49,5,5.99,1.198
24,17,50,7,8.37,1.1957142857142855
24,17,51,16,19.07,1.191875
24,17,52,19,22.61,1.19
24,17,53,2,2.32,1.16
24,17,54,15,17.4,1.16
24,17,55,7,8.1,1.157142857142857
24,17,56,15,17.14,1.1426666666666667
24,17,57,4,4.54,1.135
24,17,58,9,10.21,1.1344444444444446
24,17,59,14,15.87,1.1335714285714285
24,17,60,20,22.67,1.1335000000000002
24,17,61,14,15.72,1.122857142857143
24,17,62,14,15.64,1.1171428571428572
24,17,63,19,20.99,1.104736842105263
24,17,64,4,4.41,1.1025
24,17,65,12,13.22,1.1016666666666668
24,17,66,15,16.52,1.1013333333333333
24,17,67,15,16.42,1.0946666666666667
24,17,68,13,14.08,1.083076923076923
24,17,69,19,20.41,1.0742105263157895
24,17,70,16,16.9,1.05625
24,17,71,10,10.56,1.056
24,17,72,14,14.78,1.0557142857142856
24,17,73,20,21.04,1.052
24,17,74,3,3.15,1.05
24,17,75,13,13.55,1.0423076923076924
24,17,76,6,6.22,1.0366666666666666
24,17,77,15,15.04,1.0026666666666666
24,17,78,19,18.86,0.9926315789473684
24,17,79,8,7.94,0.9925
24,17,80,18,17.82,0.99
24,17,81,12,11.85,0.9874999999999999
24,17,82,2,1.96,0.98
24,17,83,4,3.85,0.9625
24,17,84,5,4.78,0.9560000000000001
24,17,85,10,9.51,0.951
24,17,86,5,4.75,0.95
24,17,87,2,1.85,0.925
24,17,88,5,4.58,0.916
24,17,89,19,17.4,0.9157894736842105
24,17,90,13,11.9,0.9153846153846155
24,17,91,9,8.17,0.9077777777777778
24,17,92,11,9.97,0.9063636363636364
24,17,93,14,12.22,0.8728571428571429
24,17,94,3,2.61,0.87
24,17,95,16,13.88,0.8675
24,17,96,17,14.72,0.8658823529411765
24,17,97,2,1.72,0.86
24,17,98,16,13.7,0.85625
24,17,99,16,13.42,0.83875
24,17,100,9,7.44,0.8266666666666667
24,17,101,3,2.46,0.82
24,17,102,15,12.2,0.8133333333333332
24,17,103,4,3.24,0.81
24,17,104,6,4.8,0.7999999999999999
24,17,105,7,5.56,0.7942857142857143
24,17,106,3,2.37,0.79
24,17,107,7,5.49,0.7842857142857144
24,17,108,17,13.28,0.7811764705882352
24,17,109,1,0.78,0.78
24,17,110,3,2.29,0.7633333333333333
24,17,111,17,12.92,0.76
24,17,112,20,14.9,0.745
24,17,113,15,11.08,0.7386666666666667
24,17,114,17,12.39,0.7288235294117648
24,17,115,9,6.54,0.7266666666666667
24,17,116,4,2.84,0.71
24,17,117,11,7.78,0.7072727272727273
24,17,118,17,11.71,0.6888235294117647
24,17,119,1,0.67,0.67
24,17,120,17,11.23,0.6605882352941177
24,17,121,17,11.13,0.6547058823529412
24,17,122,8,5.17,0.64625
24,17,123,14,8.93,0.6378571428571428
24,17,124,18,11.44,0.6355555555555555
24,17,125,17,10.73,0.6311764705882353
24,17,126,9,5.51,0.6122222222222222
24,17,127,15,9.1,0.6066666666666667
24,17,128,15,8.99,0.5993333333333334
24,17,129,19,11.22,0.5905263157894737
24,17,130,14,8.24,0.5885714285714286
24,17,131,2,1.17,0.585
24,17,132,15,8.64,0.5760000000000001
24,17,133,17,9.7,0.5705882352941176
24,17,134,16,9.07,0.566875
24,17,135,2,1.09,0.545
24,17,136,14,7.41,0.5292857142857142
24,17,137,5,2.63,0.526
24,17,138,14,7.25,0.5178571428571429
24,17,139,11,5.65,0.5136363636363637
24,17,140,7,3.52,0.5028571428571429
24,17,141,7,3.51,0.5014285714285714
24,17,142,16,7.96,0.4975
24,17,143,8,3.96,0.495
24,17,144,7,3.43,0.49000000000000005
24,17,145,2,0.98,0.49
24,17,146,15,7.32,0.48800000000000004
24,17,147,3,1.42,0.47333333333333333
24,17,148,12,5.57,0.46416666666666667
24,17,149,10,4.34,0.434
24,17,150,9,3.83,0.4255555555555556
24,17,151,16,6.47,0.404375
24,17,152,20,7.95,0.3975
24,17,153,14,5.52,0.39428571428571424
24,17,154,16,6.04,0.3775
24,17,155,10,3.71,0.371
24,17,156,12,4.4,0.3666666666666667
24,17,157,11,3.94,0.35818181818181816
24,17,158,14,4.99,0.35642857142857143
24,17,159,15,5.27,0.35133333333333333
24,17,160,5,1.71,0.34199999999999997
24,17,161,19,6.4,0.3368421052631579
24,17,162,13,4.3,0.33076923076923076
24,17,163,14,4.63,0.3307142857142857
24,17,164,18,5.82,0.32333333333333336
24,17,165,8,2.5,0.3125
24,17,166,3,0.87,0.29
24,17,167,13,3.72,0.28615384615384615
24,17,168,13,3.65,0.28076923076923077
24,17,169,3,0.81,0.27
24,17,170,6,1.56,0.26
24,17,171,15,3.83,0.25533333333333336
24,17,172,5,1.26,0.252
24,17,173,13,3.26,0.25076923076923074
24,17,174,1,0.24,0.24
24,17,175,3,0.71,0.23666666666666666
24,17,176,11,2.58,0.23454545454545456
24,17,177,3,0.7,0.2333333333333333
24,17,178,2,0.45,0.225
24,17,179,13,2.87,0.22076923076923077
24,17,180,11,2.39,0.21727272727272728
24,17,181,9,1.76,0.19555555555555557
24,17,182,4,0.74,0.185
24,17,183,10,1.81,0.181
24,17,184,8,1.42,0.1775
24,17,185,10,1.75,0.175
24,17,186,17,2.78,0.16352941176470587
24,17,187,6,0.96,0.16
24,17,188,6,0.85,0.14166666666666666
24,17,189,1,0.13,0.13
24,17,190,5,0.65,0.13
24,17,191,11,1.25,0.11363636363636363
24,17,192,19,2.15,0.1131578947368421
24,17,193,7,0.75,0.10714285714285714
24,17,194,18,1.66,0.09222222222222222
24,17,195,12,0.91,0.07583333333333334
24,17,196,20,1.51,0.0755
24,17,197,2,0.15,0.075
24,17,198,4,0.29,0.0725
24,17,199,19,1.27,0.0668421052631579
24,29,0,7,47.51,6.7871428571428565
24,29,1,13,87.99,6.768461538461538
24,29,2,13,87.6,6.738461538461538
24,29,3,12,80.77,6.730833333333333
24,29,4,10,67.18,6.718000000000001
24,29,5,17,114.06,6.709411764705883
24,29,6,11,73.76,6.705454545454546
24,29,7,4,26.78,6.695
24,29,8,7,46.66,6.6657142857142855
24,29,9,15,99.35,6.623333333333333
24,29,10,11,72.62,6.6018181818181825
24,29,11,16,105.62,6.60125
24,29,12,18,117.85,6.547222222222222
24,29,13,11,71.79,6.526363636363637
24,29,14,19,123.77,6.5142105263157895
24,29,15,2,12.96,6.48
24,29,16,15,97.04,6.469333333333334
24,29,17,2,12.93,6.465
24,29,18,18,116.15,6.452777777777778
24,29,19,1,6.42,6.42
24,29,20,20,128.27,6.413500000000001
24,29,21,9,57.23,6.358888888888888
24,29,22,7,44.36,6.337142857142857
24,29,23,12,75.63,6.302499999999999
24,29,24,5,31.49,6.298
24,29,25,16,99.04,6.19
24,29,26,20,123.76,6.188000000000001
24,29,27,7,43.1,6.1571428571428575
24,29,28,19,116.63,6.138421052631578
24,29,29,17,103.76,6.103529411764706
24,29,30,10,60.94,6.093999999999999
24,29,31,11,66.88,6.079999999999999
24,29,32,10,60.6,6.0600000000000005
24,29,33,2,11.85,5.925
24,29,34,5,29.4,5.88
24,29,35,11,64.57,5.869999999999999
24,29,36,19,111.25,5.855263157894737
24,29,37,1,5.85,5.85
24,29,38,1,5.84,5.84
24,29,39,9,52.03,5.7811111111111115
24,29,40,16,91.33,5.708125
24,29,41,10,56.65,5.665
24,29,42,5,28.19,5.638
24,29,43,5,28.18,5.636
24,29,44,17,95.13,5.595882352941176
24,29,45,14,78.11,5.579285714285715
24,29,46,8,44.59,5.57375
24,29,47,14,77.95,5.567857142857143
24,29,48,10,53.61,5.361
24,29,49,20,106.94,5.3469999999999995
24,29,50,11,58.67,5.333636363636364
24,29,51,19,101.29,5.331052631578948
24,29,52,16,85.27,5.329375
24,29,53,4,21.3,5.325
24,29,54,3,15.93,5.31
24,29,55,2,10.43,5.215
24,29,56,9,46.75,5.194444444444445
24,29,57,3,15.52,5.173333333333333
24,29,58,12,62.02,5.168333333333334
24,29,59,3,15.28,5.093333333333333
24,29,60,4,20.35,5.0875
24,29,61,9,45.57,5.0633333333333335
24,29,62,8,40.5,5.0625
24,29,63,1,5.06,5.06
24,29,64,8,40.03,5.00375
24,29,65,3,14.99,4.996666666666667
24,29,66,1,4.99,4.99
24,29,67,1,4.95,4.95
24,29,68,8,38.66,4.8325
24,29,69,19,91.78,4.830526315789474
24,29,70,1,4.81,4.81
24,29,71,6,28.82,4.803333333333334
24,29,72,11,52.72,4.792727272727273
24,29,73,1,4.73,4.73
24,29,74,5,23.32,4.664
24,29,75,4,18.64,4.66
24,29,76,16,74.15,4.634375
24,29,77,9,41.48,4.608888888888888
24,29,78,11,50.63,4.602727272727273
24,29,79,16,73.34,4.58375
24,29,80,15,67.18,4.478666666666667
24,29,81,10,44.6,4.46
24,29,82,16,70.96,4.435
24,29,83,11,48.62,4.42
24,29,84,15,65.07,4.337999999999999
24,29,85,17,73.05,4.297058823529412
24,29,86,16,68.58,4.28625
24,29,87,8,33.74,4.2175
24,29,88,2,8.4,4.2
24,29,89,14,57.72,4.122857142857143
24,29,90,9,36.73,4.0811111111111105
24,29,91,10,40.67,4.067
24,29,92,9,36.03,4.003333333333334
24,29,93,10,39.74,3.974
24,29,94,1,3.85,3.85
24,29,95,7,26.27,3.7528571428571427
24,29,96,5,18.62,3.724
24,29,97,8,29.72,3.715
24,29,98,17,62.4,3.6705882352941175
24,29,99,13,46.41,3.57
24,29,100,11,39.14,3.558181818181818
24,29,101,13,45.72,3.516923076923077
24,29,102,4,13.95,3.4875
24,29,103,5,17.41,3.482
24,29,104,8,27.68,3.46
24,29,105,15,51.31,3.420666666666667
24,29,106,8,26.86,3.3575
24,29,107,1,3.35,3.35
24,29,108,7,23.24,3.32
24,29,109,12,39.73,3.310833333333333
24,29,110,6,19.84,3.3066666666666666
24,29,111,6,19.56,3.26
24,29,112,1,3.22,3.22
24,29,113,14,44.04,3.1457142857142855
24,29,114,7,21.68,3.097142857142857
24,29,115,12,36.83,3.0691666666666664
24,29,116,20,60.98,3.049
24,29,117,19,57.17,3.008947368421053
24,29,118,1,2.96,2.96
24,29,119,11,32.23,2.9299999999999997
24,29,120,3,8.75,2.9166666666666665
24,29,121,11,31.75,2.8863636363636362
24,29,122,6,17.16,2.86
24,29,123,3,8.58,2.86
24,29,124,9,25.45,2.8277777777777775
24,29,125,12,33.73,2.810833333333333
24,29,126,13,36.4,2.8
24,29,127,13,35.66,2.7430769230769227
24,29,128,7,18.87,2.6957142857142857
24,29,129,15,39.92,2.6613333333333333
24,29,130,11,27.58,2.5072727272727273
24,29,131,9,21.54,2.393333333333333
24,29,132,17,40.13,2.360588235294118
24,29,133,2,4.71,2.355
24,29,134,6,13.89,2.315
24,29,135,8,18.49,2.31125
24,29,136,19,41.88,2.2042105263157894
24,29,137,12,26.27,2.1891666666666665
24,29,138,18,38.88,2.16
24,29,139,10,21.46,2.146
24,29,140,15,30.84,2.056
24,29,141,18,35.8,1.9888888888888887
24,29,142,18,35.69,1.9827777777777778
24,29,143,10,19.41,1.941
24,29,144,7,13.14,1.8771428571428572
24,29,145,2,3.73,1.865
24,29,146,16,29.06,1.81625
24,29,147,8,14.42,1.8025
24,29,148,10,17.86,1.786
24,29,149,20,34.35,1.7175
24,29,150,5,8.42,1.684
24,29,151,5,8.24,1.6480000000000001
24,29,152,19,30.67,1.6142105263157895
24,29,153,16,25.79,1.611875
24,29,154,7,10.94,1.5628571428571427
24,29,155,18,27.67,1.5372222222222223
24,29,156,11,16.28,1.4800000000000002
24,29,157,7,9.67,1.3814285714285715
24,29,158,2,2.72,1.36
24,29,159,9,12.16,1.3511111111111112
24,29,160,10,13.18,1.318
24,29,161,1,1.22,1.22
24,29,162,10,12.16,1.216
24,29,163,9,10.61,1.1788888888888889
24,29,164,5,5.77,1.154
24,29,165,19,21.83,1.1489473684210525
24,29,166,17,19.18,1.128235294117647
24,29,167,15,16.14,1.076
24,29,168,16,16.92,1.0575
24,29,169,12,12.33,1.0275
24,29,170,5,5.09,1.018
24,29,171,11,10.01,0.91
24,29,172,16,14.18,0.88625
24,29,173,11,9.71,0.8827272727272728
24,29,174,1,0.85,0.85
24,29,175,12,10.15,0.8458333333333333
24,29,176,4,3.34,0.835
24,29,177,12,9.82,0.8183333333333334
24,29,178,3,2.45,0.8166666666666668
24,29,179,11,8.84,0.8036363636363636
24,29,180,13,10.26,0.7892307692307692
24,29,181,6,4.51,0.7516666666666666
24,29,182,11,7.46,0.6781818181818182
24,29,183,15,9.82,0.6546666666666667
24,29,184,19,12.17,0.6405263157894737
24,29,185,9,5.7,0.6333333333333333
24,29,186,20,12.02,0.601
24,29,187,9,5.34,0.5933333333333333
24,29,188,2,1.1,0.55
24,29,189,8,4.36,0.545
24,29,190,8,4.16,0.52
24,29,191,4,2.04,0.51
24,29,192,17,8.58,0.5047058823529412
24,29,193,8,3.67,0.45875
24,29,194,18,7.59,0.42166666666666663
24,29,195,8,3.24,0.405
24,29,196,10,3.64,0.364
24,29,197,18,6.32,0.35111111111111115
24,29,198,18,5.86,0.3255555555555556
24,29,199,10,3.06,0.306
24,31,0,4,11.75,2.9375
24,31,1,13,38.03,2.9253846153846155
24,31,2,14,40.86,2.9185714285714286
24,31,3,5,14.53,2.9059999999999997
24,31,4,15,42.81,2.854
24,31,5,13,37.06,2.850769230769231
24,31,6,13,36.85,2.8346153846153848
24,31,7,12,33.95,2.829166666666667
24,31,8,6,16.86,2.81
24,31,9,15,42.0,2.8
24,31,10,18,50.26,2.792222222222222
24,31,11,1,2.79,2.79
24,31,12,1,2.77,2.77
24,31,13,20,55.22,2.761
24,31,14,17,46.44,2.7317647058823527
24,31,15,19,51.78,2.725263157894737
24,31,16,11,29.51,2.682727272727273
24,31,17,6,16.05,2.6750000000000003
24,31,18,3,7.98,2.66
24,31,19,2,5.32,2.66
24,31,20,5,13.17,2.634
24,31,21,8,20.84,2.605
24,31,22,3,7.81,2.603333333333333
24,31,23,8,20.67,2.58375
24,31,24,14,36.08,2.577142857142857
24,31,25,5,12.88,2.576
24,31,26,10,25.76,2.576
24,31,27,14,35.57,2.540714285714286
24,31,28,17,43.13,2.537058823529412
24,31,29,10,25.14,2.5140000000000002
24,31,30,20,50.28,2.5140000000000002
24,31,31,20,50.03,2.5015
24,31,32,20,50.02,2.5010000000000003
24,31,33,15,37.4,2.493333333333333
24,31,34,2,4.97,2.485
24,31,35,5,12.42,2.484
24,31,36,12,29.18,2.4316666666666666
24,31,37,1,2.43,2.43
24,31,38,14,33.07,2.362142857142857
24,31,39,14,33.04,2.36
24,31,40,17,39.69,2.334705882352941
24,31,41,14,32.51,2.322142857142857
24,31,42,8,18.35,2.29375
24,31,43,18,41.12,2.2844444444444445
24,31,44,16,36.54,2.28375
24,31,45,12,27.16,2.263333333333333
24,31,46,6,13.31,2.2183333333333333
24,31,47,6,13.24,2.2066666666666666
24,31,48,17,37.41,2.2005882352941173
24,31,49,7,15.35,2.1928571428571426
24,31,50,18,39.29,2.182777777777778
24,31,51,17,37.03,2.178235294117647
24,31,52,7,15.22,2.1742857142857144
24,31,53,14,30.38,2.17
24,31,54,3,6.43,2.143333333333333
24,31,55,4,8.54,2.135
24,31,56,15,31.92,2.128
24,31,57,2,4.23,2.115
24,31,58,6,12.66,2.11
24,31,59,1,2.11,2.11
24,31,60,11,22.71,2.0645454545454545
24,31,61,16,32.95,2.059375
24,31,62,3,6.12,2.04
24,31,63,8,16.3,2.0375
24,31,64,14,28.44,2.0314285714285716
24,31,65,12,24.36,2.03
24,31,66,15,30.29,2.0193333333333334
24,31,67,5,9.83,1.966
24,31,68,19,36.62,1.9273684210526314
24,31,69,7,13.49,1.9271428571428573
24,31,70,8,15.4,1.925
24,31,71,3,5.75,1.9166666666666667
24,31,72,17,32.44,1.908235294117647
24,31,73,20,38.07,1.9035
24,31,74,17,31.68,1.8635294117647059
24,31,75,10,18.28,1.828
24,31,76,16,29.1,1.81875
24,31,77,13,23.49,1.8069230769230769
24,31,78,18,32.5,1.8055555555555556
24,31,79,4,7.19,1.7975
24,31,80,14,24.48,1.7485714285714287
24,31,81,5,8.68,1.736
24,31,82,5,8.6,1.72
24,31,83,2,3.41,1.705
24,31,84,12,19.72,1.6433333333333333
24,31,85,6,9.79,1.6316666666666666
24,31,86,11,17.75,1.6136363636363635
24,31,87,7,11.25,1.6071428571428572
24,31,88,11,17.58,1.598181818181818
24,31,89,3,4.78,1.5933333333333335
24,31,90,6,9.48,1.58
24,31,91,4,6.24,1.56
24,31,92,5,7.64,1.528
24,31,93,4,6.07,1.5175
24,31,94,16,24.07,1.504375
24,31,95,20,29.68,1.484
24,31,96,5,7.33,1.466
24,31,97,2,2.93,1.465
24,31,98,11,16.06,1.46
24,31,99,4,5.77,1.4425
24,31,100,4,5.68,1.42
24,31,101,11,15.5,1.4090909090909092
24,31,102,11,15.49,1.4081818181818182
24,31,103,15,21.09,1.406
24,31,104,10,13.82,1.3820000000000001
24,31,105,1,1.37,1.37
24,31,106,11,15.07,1.37
24,31,107,18,24.61,1.3672222222222221
24,31,108,5,6.76,1.3519999999999999
24,31,109,1,1.35,1.35
24,31,110,10,13.49,1.349
24,31,111,20,25.81,1.2905
24,31,112,6,7.68,1.28
24,31,113,15,18.89,1.2593333333333334
24,31,114,4,4.97,1.2425
24,31,115,7,8.63,1.2328571428571429
24,31,116,16,19.62,1.22625
24,31,117,18,21.95,1.2194444444444443
24,31,118,20,24.08,1.204
24,31,119,1,1.2,1.2
24,31,120,1,1.19,1.19
24,31,121,1,1.17,1.17
24,31,122,8,9.36,1.17
24,31,123,17,19.81,1.1652941176470588
24,31,124,4,4.65,1.1625
24,31,125,10,11.62,1.162
24,31,126,1,1.15,1.15
24,31,127,2,2.22,1.11
24,31,128,19,20.52,1.08
24,31,129,6,6.44,1.0733333333333335
24,31,130,20,21.34,1.067
24,31,131,14,14.8,1.0571428571428572
24,31,132,19,19.99,1.0521052631578947
24,31,133,8,8.33,1.04125
24,31,134,19,19.44,1.0231578947368423
24,31,135,9,9.01,1.001111111111111
24,31,136,8,7.92,0.99
24,31,137,14,13.78,0.9842857142857142
24,31,138,5,4.92,0.984
24,31,139,1,0.98,0.98
24,31,140,5,4.87,0.974
24,31,141,12,11.6,0.9666666666666667
24,31,142,9,8.65,0.9611111111111111
24,31,143,8,7.22,0.9025
24,31,144,4,3.58,0.895
24,31,145,2,1.78,0.89
24,31,146,8,6.88,0.86
24,31,147,2,1.66,0.83
24,31,148,9,7.28,0.8088888888888889
24,31,149,13,10.17,0.7823076923076923
24,31,150,2,1.55,0.775
24,31,151,1,0.76,0.76
24,31,152,20,14.97,0.7485
24,31,153,15,11.15,0.7433333333333334
24,31,154,15,10.92,0.728
24,31,155,1,0.72,0.72
24,31,156,4,2.88,0.72
24,31,157,9,6.25,0.6944444444444444
24,31,158,14,9.13,0.6521428571428572
24,31,159,16,10.4,0.65
24,31,160,7,4.43,0.6328571428571428
24,31,161,19,11.94,0.6284210526315789
24,31,162,16,9.98,0.62375
24,31,163,1,0.62,0.62
24,31,164,15,9.18,0.612
24,31,165,15,9.05,0.6033333333333334
24,31,166,12,7.2,0.6
24,31,167,19,11.4,0.6
24,31,168,10,5.86,0.5860000000000001
24,31,169,16,9.31,0.581875
24,31,170,14,8.02,0.5728571428571428
24,31,171,11,5.98,0.5436363636363637
24,31,172,3,1.47,0.49
24,31,173,3,1.45,0.48333333333333334
24,31,174,7,3.08,0.44
24,31,175,16,6.55,0.409375
24,31,176,5,2.01,0.40199999999999997
24,31,177,19,7.63,0.40157894736842104
24,31,178,3,1.19,0.39666666666666667
24,31,179,12,4.71,0.3925
24,31,180,1,0.39,0.39
24,31,181,8,2.97,0.37125
24,31,182,19,6.98,0.3673684210526316
24,31,183,2,0.67,0.335
24,31,184,8,2.28,0.285
24,31,185,1,0.27,0.27
24,31,186,10,2.61,0.261
24,31,187,5,1.29,0.258
24,31,188,4,0.96,0.24
24,31,189,3,0.64,0.21333333333333335
24,31,190,15,3.07,0.20466666666666666
24,31,191,6,1.06,0.17666666666666667
24,31,192,15,2.64,0.17600000000000002
24,31,193,19,2.96,0.15578947368421053
24,31,194,3,0.44,0.14666666666666667
24,31,195,2,0.29,0.145
24,31,196,3,0.4,0.13333333333333333
24,31,197,9,1.19,0.1322222222222222
24,31,198,20,2.57,0.1285
24,31,199,10,1.21,0.121
24,47,0,20,24.28,1.214
24,47,1,19,22.94,1.2073684210526316
24,47,2,1,1.2,1.2
24,47,3,11,13.18,1.1981818181818182
24,47,4,3,3.52,1.1733333333333333
24,47,5,13,15.03,1.156153846153846
24,47,6,10,11.53,1.153
24,47,7,3,3.43,1.1433333333333333
24,47,8,7,7.98,1.1400000000000001
24,47,9,17,19.36,1.1388235294117646
24,47,10,15,16.99,1.1326666666666665
24,47,11,5,5.65,1.1300000000000001
24,47,12,2,2.26,1.13
24,47,13,12,13.5,1.125
24,47,14,6,6.73,1.1216666666666668
24,47,15,7,7.8,1.1142857142857143
24,47,16,10,11.13,1.113
24,47,17,7,7.74,1.1057142857142856
24,47,18,14,15.46,1.1042857142857143
24,47,19,20,22.07,1.1035
24,47,20,10,11.01,1.101
24,47,21,16,17.6,1.1
24,47,22,7,7.64,1.0914285714285714
24,47,23,6,6.46,1.0766666666666667
24,47,24,19,20.29,1.0678947368421052
24,47,25,12,12.8,1.0666666666666667
24,47,26,6,6.34,1.0566666666666666
24,47,27,15,15.83,1.0553333333333332
24,47,28,10,10.52,1.052
24,47,29,13,13.34,1.0261538461538462
24,47,30,18,18.35,1.0194444444444446
24,47,31,19,19.24,1.0126315789473683
24,47,32,13,13.1,1.0076923076923077
24,47,33,7,7.05,1.0071428571428571
24,47,34,16,16.04,1.0025
24,47,35,7,6.97,0.9957142857142857
24,47,36,7,6.97,0.9957142857142857
24,47,37,4,3.98,0.995
24,47,38,19,18.73,0.9857894736842105
24,47,39,13,12.79,0.9838461538461538
24,47,40,5,4.9,0.9800000000000001
24,47,41,19,18.6,0.9789473684210527
24,47,42,6,5.87,0.9783333333333334
24,47,43,5,4.87,0.974
24,47,44,1,0.97,0.97
24,47,45,6,5.77,0.9616666666666666
24,47,46,14,13.36,0.9542857142857143
24,47,47,8,7.49,0.93625
24,47,48,16,14.82,0.92625
24,47,49,19,17.51,0.9215789473684212
24,47,50,8,7.32,0.915
24,47,51,7,6.35,0.9071428571428571
24,47,52,4,3.59,0.8975
24,47,53,2,1.79,0.895
24,47,54,8,7.06,0.8825
24,47,55,12,10.59,0.8825
24,47,56,7,6.16,0.88
24,47,57,9,7.92,0.88
24,47,58,10,8.72,0.8720000000000001
24,47,59,17,14.63,0.8605882352941177
24,47,60,14,12.01,0.8578571428571429
24,47,61,2,1.71,0.855
24,47,62,18,15.29,0.8494444444444444
24,47,63,5,4.21,0.842
24,47,64,2,1.66,0.83
24,47,65,11,9.09,0.8263636363636363
24,47,66,4,3.21,0.8025
24,47,67,1,0.8,0.8
24,47,68,5,3.98,0.796
24,47,69,17,13.53,0.7958823529411765
24,47,70,5,3.93,0.786
24,47,71,7,5.5,0.7857142857142857
24,47,72,17,13.23,0.7782352941176471
24,47,73,9,6.86,0.7622222222222222
24,47,74,11,8.31,0.7554545454545455
24,47,75,14,10.55,0.7535714285714287
24,47,76,18,13.46,0.7477777777777779
24,47,77,16,11.91,0.744375
24,47,78,4,2.96,0.74
24,47,79,9,6.63,0.7366666666666667
24,47,80,6,4.41,0.735
24,47,81,7,5.11,0.7300000000000001
24,47,82,2,1.46,0.73
24,47,83,2,1.45,0.725
24,47,84,19,13.73,0.7226315789473684
24,47,85,4,2.89,0.7225
24,47,86,5,3.49,0.6980000000000001
24,47,87,11,7.61,0.6918181818181819
24,47,88,4,2.71,0.6775
24,47,89,7,4.69,0.67
24,47,90,17,11.37,0.6688235294117647
24,47,91,20,12.87,0.6435
24,47,92,4,2.57,0.6425
24,47,93,9,5.76,0.64
24,47,94,14,8.89,0.635
24,47,95,11,6.97,0.6336363636363637
24,47,96,5,3.1,0.62
24,47,97,19,11.74,0.6178947368421053
24,47,98,13,7.98,0.6138461538461539
24,47,99,13,7.97,0.6130769230769231
24,47,100,11,6.73,0.6118181818181818
24,47,101,12,7.31,0.6091666666666666
24,47,102,10,6.02,0.602
24,47,103,8,4.81,0.60125
24,47,104,18,10.7,0.5944444444444444
24,47,105,19,11.19,0.5889473684210526
24,47,106,4,2.35,0.5875
24,47,107,20,11.45,0.5725
24,47,108,9,5.05,0.5611111111111111
24,47,109,2,1.11,0.555
24,47,110,15,8.25,0.55
24,47,111,8,4.36,0.545
24,47,112,9,4.86,0.54
24,47,113,19,10.06,0.5294736842105263
24,47,114,14,7.35,0.525
24,47,115,15,7.84,0.5226666666666666
24,47,116,6,3.12,0.52
24,47,117,15,7.79,0.5193333333333333
24,47,118,2,1.01,0.505
24,47,119,2,1.0,0.5
24,47,120,6,2.96,0.49333333333333335
24,47,121,16,7.43,0.464375
24,47,122,14,6.49,0.4635714285714286
24,47,123,4,1.83,0.4575
24,47,124,18,8.21,0.45611111111111113
24,47,125,19,8.61,0.4531578947368421
24,47,126,3,1.27,0.42333333333333334
24,47,127,16,6.76,0.4225
24,47,128,11,4.61,0.4190909090909091
24,47,129,14,5.84,0.41714285714285715
24,47,130,16,6.51,0.406875
24,47,131,11,4.41,0.40090909090909094
24,47,132,1,0.4,0.4
24,47,133,6,2.4,0.39999999999999997
24,47,134,13,5.09,0.3915384615384615
24,47,135,9,3.48,0.38666666666666666
24,47,136,14,5.38,0.3842857142857143
24,47,137,8,3.03,0.37875
24,47,138,10,3.77,0.377
24,47,139,8,3.01,0.37625
24,47,140,12,4.33,0.36083333333333334
24,47,141,5,1.77,0.354
24,47,142,14,4.92,0.3514285714285714
24,47,143,8,2.79,0.34875
24,47,144,1,0.34,0.34
24,47,145,10,3.36,0.33599999999999997
24,47,146,4,1.33,0.3325
24,47,147,17,5.58,0.32823529411764707
24,47,148,2,0.64,0.32
24,47,149,1,0.3,0.3
24,47,150,13,3.89,0.29923076923076924
24,47,151,11,3.23,0.29363636363636364
24,47,152,18,5.25,0.2916666666666667
24,47,153,6,1.74,0.29
24,47,154,13,3.75,0.28846153846153844
24,47,155,4,1.15,0.2875
24,47,156,18,5.14,0.28555555555555556
24,47,157,7,1.98,0.28285714285714286
24,47,158,11,3.07,0.27909090909090906
24,47,159,15,4.07,0.27133333333333337
24,47,160,1,0.27,0.27
24,47,161,4,1.08,0.27
24,47,162,9,2.16,0.24000000000000002
24,47,163,18,4.3,0.23888888888888887
24,47,164,9,1.93,0.21444444444444444
24,47,165,11,2.19,0.1990909090909091
24,47,166,5,0.97,0.194
24,47,167,20,3.85,0.1925
24,47,168,1,0.19,0.19
24,47,169,3,0.57,0.18999999999999997
24,47,170,13,2.46,0.18923076923076923
24,47,171,8,1.43,0.17875
24,47,172,2,0.34,0.17
24,47,173,3,0.48,0.16
24,47,174,10,1.56,0.156
24,47,175,17,2.64,0.15529411764705883
24,47,176,16,2.47,0.154375
24,47,177,12,1.84,0.15333333333333335
24,47,178,19,2.9,0.15263157894736842
24,47,179,19,2.85,0.15
24,47,180,1,0.15,0.15
24,47,181,19,2.71,0.14263157894736841
24,47,182,8,1.14,0.1425
24,47,183,15,1.93,0.12866666666666665
24,47,184,20,2.49,0.12450000000000001
24,47,185,12,1.33,0.11083333333333334
24,47,186,5,0.55,0.11000000000000001
24,47,187,15,1.64,0.10933333333333332
24,47,188,13,1.38,0.10615384615384614
24,47,189,11,1.11,0.10090909090909092
24,47,190,13,1.31,0.10076923076923078
24,47,191,9,0.88,0.09777777777777778
24,47,192,7,0.67,0.09571428571428572
24,47,193,4,0.37,0.0925
24,47,194,12,0.97,0.08083333333333333
24,47,195,16,1.29,0.080625
24,47,196,1,0.07,0.07
24,47,197,8,0.5,0.0625
24,47,198,12,0.69,0.057499999999999996
24,47,199,8,0.45,0.05625
24,48,0,10,41.48,4.148
24,48,1,6,24.84,4.14
24,48,2,19,76.57,4.029999999999999
24,48,3,20,80.53,4.0265
24,48,4,2,8.03,4.015
24,48,5,18,72.1,4.0055555555555555
24,48,6,9,36.01,4.001111111111111
24,48,7,18,71.64,3.98
24,48,8,17,67.59,3.9758823529411766
24,48,9,10,39.27,3.9270000000000005
24,48,10,19,74.59,3.9257894736842105
24,48,11,12,46.66,3.888333333333333
24,48,12,19,73.82,3.8852631578947365
24,48,13,13,50.23,3.8638461538461537
24,48,14,9,34.75,3.861111111111111
24,48,15,18,68.79,3.821666666666667
24,48,16,2,7.55,3.775
24,48,17,5,18.78,3.7560000000000002
24,48,18,6,22.38,3.73
24,48,19,8,29.81,3.72625
24,48,20,14,52.09,3.720714285714286
24,48,21,13,48.28,3.713846153846154
24,48,22,9,32.99,3.6655555555555557
24,48,23,20,73.24,3.662
24,48,24,14,51.25,3.6607142857142856
24,48,25,13,47.57,3.6592307692307693
24,48,26,16,58.38,3.64875
24,48,27,14,50.81,3.6292857142857144
24,48,28,4,14.46,3.615
24,48,29,17,60.95,3.585294117647059
24,48,30,12,42.38,3.5316666666666667
24,48,31,16,55.84,3.49
24,48,32,13,45.17,3.474615384615385
24,48,33,5,17.21,3.442
24,48,34,15,51.53,3.4353333333333333
24,48,35,1,3.37,3.37
24,48,36,4,13.46,3.365
24,48,37,3,10.06,3.3533333333333335
24,48,38,13,43.32,3.332307692307692
24,48,39,14,46.6,3.3285714285714287
24,48,40,15,49.72,3.3146666666666667
24,48,41,15,49.59,3.306
24,48,42,19,62.75,3.3026315789473686
24,48,43,20,65.97,3.2984999999999998
24,48,44,20,65.7,3.285
24,48,45,9,29.53,3.281111111111111
24,48,46,9,29.48,3.2755555555555556
24,48,47,7,22.66,3.237142857142857
24,48,48,2,6.36,3.18
24,48,49,4,12.53,3.1325
24,48,50,18,54.59,3.032777777777778
24,48,51,9,27.29,3.032222222222222
24,48,52,19,57.39,3.0205263157894735
24,48,53,7,20.92,2.988571428571429
24,48,54,10,29.7,2.9699999999999998
24,48,55,13,38.54,2.9646153846153847
24,48,56,8,23.52,2.94
24,48,57,17,49.96,2.938823529411765
24,48,58,2,5.85,2.925
24,48,59,7,20.46,2.922857142857143
24,48,60,20,58.45,2.9225000000000003
24,48,61,4,11.66,2.915
24,48,62,3,8.59,2.8633333333333333
24,48,63,2,5.72,2.86
24,48,64,15,42.65,2.8433333333333333
24,48,65,9,24.96,2.7733333333333334
24,48,66,10,27.51,2.7510000000000003
24,48,67,19,51.84,2.728421052631579
24,48,68,15,40.7,2.7133333333333334
24,48,69,6,15.75,2.625
24,48,70,11,28.77,2.6154545454545453
24,48,71,2,5.22,2.61
24,48,72,15,38.95,2.5966666666666667
24,48,73,12,31.13,2.5941666666666667
24,48,74,13,33.57,2.582307692307692
24,48,75,4,10.23,2.5575
24,48,76,18,45.27,2.515
24,48,77,19,47.33,2.491052631578947
24,48,78,18,44.6,2.477777777777778
24,48,79,3,7.43,2.4766666666666666
24,48,80,6,14.85,2.475
24,48,81,19,46.68,2.4568421052631577
24,48,82,15,36.79,2.4526666666666666
24,48,83,4,9.68,2.42
24,48,84,2,4.76,2.38
24,48,85,11,26.08,2.3709090909090906
24,48,86,5,11.78,2.356
24,48,87,18,42.36,2.3533333333333335
24,48,88,19,44.66,2.3505263157894736
24,48,89,13,30.26,2.327692307692308
24,48,90,12,27.69,2.3075
24,48,91,6,13.83,2.305
24,48,92,6,13.66,2.276666666666667
24,48,93,11,25.03,2.2754545454545454
24,48,94,11,25.02,2.2745454545454544
24,48,95,9,20.35,2.261111111111111
24,48,96,4,8.88,2.22
24,48,97,17,37.62,2.212941176470588
24,48,98,3,6.51,2.17
24,48,99,7,14.84,2.12
24,48,100,5,10.5,2.1
24,48,101,15,31.43,2.0953333333333335
24,48,102,4,8.12,2.03
24,48,103,11,22.22,2.02
24,48,104,17,32.63,1.9194117647058826
24,48,105,15,28.79,1.9193333333333333
24,48,106,12,22.92,1.9100000000000001
24,48,107,10,18.8,1.8800000000000001
24,48,108,8,15.0,1.875
24,48,109,11,20.29,1.8445454545454545
24,48,110,19,35.01,1.8426315789473684
24,48,111,16,29.09,1.818125
24,48,112,6,10.89,1.8150000000000002
24,48,113,20,35.93,1.7965
24,48,114,1,1.74,1.74
24,48,115,19,32.93,1.733157894736842
24,48,116,14,24.14,1.7242857142857144
24,48,117,15,25.29,1.686
24,48,118,3,5.04,1.68
24,48,119,14,23.3,1.6642857142857144
24,48,120,6,9.91,1.6516666666666666
24,48,121,12,19.5,1.625
24,48,122,15,23.5,1.5666666666666667
24,48,123,17,26.5,1.5588235294117647
24,48,124,4,6.12,1.53
24,48,125,7,10.62,1.5171428571428571
24,48,126,12,18.15,1.5125
24,48,127,12,18.08,1.5066666666666666
24,48,128,2,2.97,1.485
24,48,129,13,19.28,1.4830769230769232
24,48,130,2,2.91,1.455
24,48,131,6,8.7,1.45
24,48,132,20,28.01,1.4005
24,48,133,11,15.37,1.3972727272727272
24,48,134,5,6.92,1.384
24,48,135,19,25.68,1.351578947368421
24,48,136,18,23.88,1.3266666666666667
24,48,137,4,5.24,1.31
24,48,138,19,23.92,1.2589473684210528
24,48,139,10,12.18,1.218
24,48,140,13,15.82,1.216923076923077
24,48,141,13,15.59,1.1992307692307693
24,48,142,18,21.41,1.1894444444444445
24,48,143,9,10.4,1.1555555555555557
24,48,144,14,16.1,1.1500000000000001
24,48,145,11,12.38,1.1254545454545455
24,48,146,7,7.8,1.1142857142857143
24,48,147,14,15.4,1.1
24,48,148,16,17.31,1.081875
24,48,149,15,16.16,1.0773333333333333
24,48,150,15,15.69,1.046
24,48,151,6,6.22,1.0366666666666666
24,48,152,8,8.24,1.03
24,48,153,20,20.59,1.0295
24,48,154,14,13.63,0.9735714285714286
24,48,155,4,3.88,0.97
24,48,156,15,14.28,0.952
24,48,157,12,11.12,0.9266666666666666
24,48,158,13,11.93,0.9176923076923077
24,48,159,6,5.43,0.9049999999999999
24,48,160,10,9.01,0.901
24,48,161,12,10.57,0.8808333333333334
24,48,162,2,1.75,0.875
24,48,163,14,11.94,0.8528571428571429
24,48,164,13,10.79,0.83
24,48,165,9,7.16,0.7955555555555556
24,48,166,2,1.59,0.795
24,48,167,12,9.4,0.7833333333333333
24,48,168,4,3.13,0.7825
24,48,169,19,14.7,0.7736842105263158
24,48,170,17,12.84,0.7552941176470588
24,48,171,5,3.77,0.754
24,48,172,9,6.72,0.7466666666666666
24,48,173,6,4.45,0.7416666666666667
24,48,174,14,10.09,0.7207142857142858
24,48,175,9,6.45,0.7166666666666667
24,48,176,11,7.87,0.7154545454545455
24,48,177,14,9.94,0.71
24,48,178,1,0.69,0.69
24,48,179,15,10.13,0.6753333333333333
24,48,180,16,9.28,0.58
24,48,181,18,9.23,0.5127777777777778
24,48,182,7,3.46,0.4942857142857143
24,48,183,11,4.84,0.44
24,48,184,14,5.9,0.42142857142857143
24,48,185,19,7.79,0.41
24,48,186,11,4.35,0.39545454545454545
24,48,187,2,0.78,0.39
24,48,188,19,7.0,0.3684210526315789
24,48,189,13,4.74,0.3646153846153846
24,48,190,15,5.25,0.35
24,48,191,18,5.8,0.3222222222222222
24,48,192,20,6.24,0.312
24,48,193,3,0.93,0.31
24,48,194,12,3.59,0.29916666666666664
24,48,195,7,2.0,0.2857142857142857
24,48,196,2,0.56,0.28
24,48,197,20,5.27,0.26349999999999996
24,48,198,19,4.64,0.24421052631578946
24,48,199,4,0.92,0.23
24,90,0,2,6.87,3.435
24,90,1,13,44.58,3.4292307692307693
24,90,2,17,58.27,3.4276470588235295
24,90,3,20,68.52,3.4259999999999997
24,90,4,14,47.57,3.3978571428571427
24,90,5,14,47.56,3.3971428571428572
24,90,6,12,40.71,3.3925
24,90,7,14,47.26,3.3757142857142854
24,90,8,11,36.91,3.355454545454545
24,90,9,18,58.89,3.2716666666666665
24,90,10,6,19.54,3.2566666666666664
24,90,11,2,6.5,3.25
24,90,12,8,25.74,3.2175
24,90,13,17,54.64,3.2141176470588237
24,90,14,2,6.33,3.165
24,90,15,15,47.46,3.164
24,90,16,11,34.52,3.1381818181818186
24,90,17,14,43.77,3.126428571428572
24,90,18,16,50.02,3.12625
24,90,19,11,34.25,3.1136363636363638
24,90,20,6,18.31,3.0516666666666663
24,90,21,1,3.05,3.05
24,90,22,12,36.58,3.0483333333333333
24,90,23,20,60.17,3.0085
24,90,24,11,33.03,3.002727272727273
24,90,25,11,33.02,3.001818181818182
24,90,26,16,46.67,2.916875
24,90,27,8,23.09,2.88625
24,90,28,6,17.29,2.8816666666666664
24,90,29,18,51.81,2.8783333333333334
24,90,30,8,22.96,2.87
24,90,31,20,57.3,2.8649999999999998
24,90,32,18,51.45,2.8583333333333334
24,90,33,4,11.38,2.845
24,90,34,17,47.51,2.794705882352941
24,90,35,3,8.33,2.776666666666667
24,90,36,13,35.68,2.7446153846153845
24,90,37,6,16.42,2.736666666666667
24,90,38,8,21.7,2.7125
24,90,39,17,45.81,2.6947058823529413
24,90,40,9,24.09,2.6766666666666667
24,90,41,17,45.47,2.6747058823529413
24,90,42,2,5.33,2.665
24,90,43,16,41.91,2.619375
24,90,44,12,31.3,2.6083333333333334
24,90,45,18,46.91,2.606111111111111
24,90,46,3,7.79,2.5966666666666667
24,90,47,14,36.33,2.5949999999999998
24,90,48,5,12.97,2.5940000000000003
24,90,49,4,10.29,2.5725
24,90,50,18,46.22,2.5677777777777777
24,90,51,18,46.17,2.565
24,90,52,4,10.22,2.555
24,90,53,20,50.88,2.544
24,90,54,18,45.55,2.5305555555555554
24,90,55,5,12.51,2.502
24,90,56,14,34.31,2.450714285714286
24,90,57,5,12.2,2.44
24,90,58,17,41.41,2.435882352941176
24,90,59,1,2.4,2.4
24,90,60,18,42.89,2.3827777777777777
24,90,61,5,11.91,2.382
24,90,62,16,38.07,2.379375
24,90,63,12,28.55,2.379166666666667
24,90,64,1,2.37,2.37
24,90,65,15,35.54,2.369333333333333
24,90,66,19,44.38,2.3357894736842106
24,90,67,2,4.66,2.33
24,90,68,15,34.81,2.320666666666667
24,90,69,1,2.27,2.27
24,90,70,12,27.22,2.268333333333333
24,90,71,7,15.79,2.255714285714286
24,90,72,18,39.97,2.2205555555555554
24,90,73,6,13.23,2.205
24,90,74,14,30.61,2.1864285714285714
24,90,75,17,36.69,2.158235294117647
24,90,76,15,32.13,2.1420000000000003
24,90,77,5,10.7,2.1399999999999997
24,90,78,15,32.06,2.1373333333333333
24,90,79,4,8.46,2.115
24,90,80,1,2.08,2.08
24,90,81,12,24.88,2.0733333333333333
24,90,82,15,30.73,2.0486666666666666
24,90,83,14,28.08,2.005714285714286
24,90,84,13,26.0,2.0
24,90,85,11,21.96,1.9963636363636363
24,90,86,16,31.86,1.99125
24,90,87,19,37.52,1.9747368421052633
24,90,88,15,29.52,1.968
24,90,89,4,7.82,1.955
24,90,90,6,11.6,1.9333333333333333
24,90,91,19,36.7,1.9315789473684213
24,90,92,3,5.74,1.9133333333333333
24,90,93,2,3.79,1.895
24,90,94,6,11.23,1.8716666666666668
24,90,95,10,18.67,1.8670000000000002
24,90,96,13,23.31,1.793076923076923
24,90,97,10,17.93,1.793
24,90,98,7,12.47,1.7814285714285716
24,90,99,12,21.24,1.7699999999999998
24,90,100,18,31.27,1.7372222222222222
24,90,101,10,17.04,1.704
24,90,102,4,6.74,1.685
24,90,103,9,15.0,1.6666666666666667
24,90,104,7,11.6,1.657142857142857
24,90,105,13,21.11,1.6238461538461537
24,90,106,8,12.75,1.59375
24,90,107,4,6.35,1.5875
24,90,108,11,17.33,1.5754545454545452
24,90,109,9,14.07,1.5633333333333335
24,90,110,20,31.25,1.5625
24,90,111,13,20.23,1.5561538461538462
24,90,112,2,3.1,1.55
24,90,113,3,4.64,1.5466666666666666
24,90,114,18,27.33,1.5183333333333333
24,90,115,16,24.2,1.5125
24,90,116,16,24.0,1.5
24,90,117,1,1.44,1.44
24,90,118,6,8.59,1.4316666666666666
24,90,119,11,15.46,1.4054545454545455
24,90,120,17,23.85,1.4029411764705884
24,90,121,11,15.3,1.3909090909090909
24,90,122,5,6.85,1.3699999999999999
24,90,123,18,24.62,1.3677777777777778
24,90,124,9,12.28,1.3644444444444443
24,90,125,19,25.8,1.3578947368421053
24,90,126,14,18.79,1.342142857142857
24,90,127,11,14.72,1.3381818181818181
24,90,128,9,11.89,1.3211111111111111
24,90,129,1,1.29,1.29
24,90,130,20,25.48,1.274
24,90,131,13,16.38,1.26
24,90,132,7,8.77,1.252857142857143
24,90,133,7,8.69,1.2414285714285713
24,90,134,10,12.41,1.241
24,90,135,17,20.99,1.234705882352941
24,90,136,19,22.09,1.1626315789473685
24,90,137,1,1.15,1.15
24,90,138,12,13.76,1.1466666666666667
24,90,139,5,5.66,1.1320000000000001
24,90,140,15,16.47,1.0979999999999999
24,90,141,19,20.42,1.0747368421052632
24,90,142,13,13.96,1.073846153846154
24,90,143,9,9.62,1.0688888888888888
24,90,144,14,14.87,1.062142857142857
24,90,145,11,11.61,1.0554545454545454
24,90,146,11,11.35,1.0318181818181817
24,90,147,20,19.17,0.9585000000000001
24,90,148,18,17.01,0.9450000000000001
24,90,149,2,1.89,0.945
24,90,150,2,1.79,0.895
24,90,151,9,8.04,0.8933333333333332
24,90,152,13,11.14,0.856923076923077
24,90,153,13,11.12,0.8553846153846153
24,90,154,13,10.71,0.8238461538461539
24,90,155,8,6.06,0.7575
24,90,156,20,15.03,0.7515
24,90,157,13,9.11,0.7007692307692307
24,90,158,4,2.77,0.6925
24,90,159,9,6.2,0.6888888888888889
24,90,160,14,9.54,0.6814285714285714
24,90,161,20,13.36,0.6679999999999999
24,90,162,14,8.96,0.64
24,90,163,15,9.54,0.6359999999999999
24,90,164,18,11.28,0.6266666666666666
24,90,165,9,5.46,0.6066666666666667
24,90,166,13,7.74,0.5953846153846154
24,90,167,2,1.19,0.595
24,90,168,2,1.16,0.58
24,90,169,20,11.53,0.5765
24,90,170,7,3.92,0.5599999999999999
24,90,171,15,8.37,0.5579999999999999
24,90,172,16,8.71,0.544375
24,90,173,5,2.48,0.496
24,90,174,15,6.68,0.4453333333333333
24,90,175,4,1.67,0.4175
24,90,176,11,3.67,0.3336363636363636
24,90,177,13,4.19,0.32230769230769235
24,90,178,12,3.85,0.32083333333333336
24,90,179,4,1.24,0.31
24,90,180,18,5.51,0.3061111111111111
24,90,181,17,5.05,0.29705882352941176
24,90,182,12,3.42,0.285
24,90,183,19,5.07,0.26684210526315794
24,90,184,14,3.4,0.24285714285714285
24,90,185,6,1.41,0.235
24,90,186,9,2.01,0.2233333333333333
24,90,187,7,1.51,0.21571428571428572
24,90,188,18,3.8,0.2111111111111111
24,90,189,5,0.98,0.196
24,90,190,7,1.36,0.1942857142857143
24,90,191,3,0.58,0.19333333333333333
24,90,192,19,3.57,0.18789473684210525
24,90,193,15,2.77,0.18466666666666667
24,90,194,8,1.35,0.16875
24,90,195,19,3.2,0.16842105263157894
24,90,196,9,1.49,0.16555555555555557
24,90,197,15,2.43,0.162
24,90,198,18,2.79,0.155
24,90,199,4,0.57,0.1425
29,5,0,19,126.4,6.652631578947369
29,5,1,15,99.29,6.6193333333333335
29,5,2,17,109.69,6.45235294117647
29,5,3,1,6.44,6.44
29,5,4,12,76.93,6.410833333333334
29,5,5,14,89.73,6.409285714285715
29,5,6,13,83.27,6.405384615384615
29,5,7,10,63.56,6.356
29,5,8,7,44.31,6.33
29,5,9,18,113.56,6.308888888888889
29,5,10,3,18.78,6.260000000000001
29,5,11,14,87.31,6.236428571428571
29,5,12,16,99.03,6.189375
29,5,13,8,49.48,6.185
29,5,14,9,55.58,6.1755555555555555
29,5,15,8,49.18,6.1475
29,5,16,18,109.87,6.103888888888889
29,5,17,6,36.49,6.081666666666667
29,5,18,9,54.37,6.04111111111111
29,5,19,18,108.66,6.036666666666666
29,5,20,20,119.98,5.9990000000000006
29,5,21,13,77.86,5.989230769230769
29,5,22,4,23.79,5.9475
29,5,23,10,58.72,5.872
29,5,24,13,76.33,5.871538461538462
29,5,25,18,105.64,5.868888888888889
29,5,26,8,46.9,5.8625
29,5,27,11,64.47,5.86090909090909
29,5,28,20,117.03,5.8515
29,5,29,9,52.17,5.796666666666667
29,5,30,11,63.63,5.784545454545455
29,5,31,3,17.33,5.776666666666666
29,5,32,17,97.21,5.718235294117647
29,5,33,18,102.67,5.703888888888889
29,5,34,19,108.02,5.685263157894736
29,5,35,8,45.35,5.66875
29,5,36,9,50.87,5.652222222222222
29,5,37,19,105.64,5.56
29,5,38,9,49.93,5.547777777777778
29,5,39,17,93.81,5.518235294117647
29,5,40,11,60.43,5.493636363636363
29,5,41,18,98.3,5.461111111111111
29,5,42,18,97.86,5.4366666666666665
29,5,43,16,85.73,5.358125
29,5,44,7,37.29,5.327142857142857
29,5,45,12,63.54,5.295
29,5,46,9,47.6,5.288888888888889
29,5,47,12,63.38,5.281666666666667
29,5,48,2,10.49,5.245
29,5,49,3,15.7,5.233333333333333
29,5,50,13,66.71,5.131538461538461
29,5,51,1,5.11,5.11
29,5,52,4,20.39,5.0975
29,5,53,10,50.77,5.077
29,5,54,10,50.06,5.006
29,5,55,6,29.84,4.973333333333334
29,5,56,12,59.4,4.95
29,5,57,14,69.29,4.949285714285715
29,5,58,19,93.1,4.8999999999999995
29,5,59,17,82.65,4.861764705882353
29,5,60,11,53.31,4.846363636363637
29,5,61,15,72.48,4.832
29,5,62,15,72.36,4.824
29,5,63,9,43.24,4.804444444444445
29,5,64,3,14.19,4.7299999999999995
29,5,65,8,37.77,4.72125
29,5,66,7,32.83,4.6899999999999995
29,5,67,16,74.99,4.686875
29,5,68,20,93.12,4.656000000000001
29,5,69,14,65.1,4.6499999999999995
29,5,70,20,92.92,4.646
29,5,71,18,82.17,4.565
29,5,72,19,86.54,4.554736842105264
29,5,73,18,81.0,4.5
29,5,74,9,40.44,4.493333333333333
29,5,75,7,31.18,4.454285714285715
29,5,76,17,75.24,4.425882352941176
29,5,77,2,8.84,4.42
29,5,78,20,87.53,4.3765
29,5,79,20,87.43,4.3715
29,5,80,15,64.99,4.332666666666666
29,5,81,13,55.52,4.270769230769231
29,5,82,19,80.64,4.24421052631579
29,5,83,17,71.57,4.21
29,5,84,9,37.71,4.19
29,5,85,20,82.94,4.147
29,5,86,17,70.3,4.135294117647058
29,5,87,12,49.28,4.1066666666666665
29,5,88,5,20.44,4.088
29,5,89,1,4.05,4.05
29,5,90,9,36.09,4.010000000000001
29,5,91,1,3.98,3.98
29,5,92,18,71.04,3.946666666666667
29,5,93,18,70.53,3.9183333333333334
29,5,94,8,31.28,3.91
29,5,95,2,7.76,3.88
29,5,96,18,69.57,3.8649999999999998
29,5,97,15,57.29,3.8193333333333332
29,5,98,16,60.44,3.7775
29,5,99,8,30.21,3.77625
29,5,100,14,52.18,3.7271428571428573
29,5,101,13,48.45,3.726923076923077
29,5,102,18,66.58,3.698888888888889
29,5,103,14,51.18,3.6557142857142857
29,5,104,16,58.13,3.633125
29,5,105,20,72.16,3.6079999999999997
29,5,106,6,21.46,3.5766666666666667
29,5,107,6,21.07,3.5116666666666667
29,5,108,4,13.97,3.4925
29,5,109,16,54.96,3.435
29,5,110,11,37.6,3.4181818181818184
29,5,111,2,6.74,3.37
29,5,112,8,26.89,3.36125
29,5,113,18,59.91,3.328333333333333
29,5,114,13,42.84,3.2953846153846156
29,5,115,15,49.06,3.2706666666666666
29,5,116,4,13.05,3.2625
29,5,117,8,25.95,3.24375
29,5,118,13,41.78,3.213846153846154
29,5,119,13,41.61,3.2007692307692306
29,5,120,13,41.36,3.1815384615384614
29,5,121,5,15.89,3.178
29,5,122,7,22.05,3.15
29,5,123,20,62.6,3.13
29,5,124,7,21.39,3.0557142857142856
29,5,125,15,45.57,3.038
29,5,126,2,5.95,2.975
29,5,127,19,56.34,2.965263157894737
29,5,128,16,47.38,2.96125
29,5,129,20,59.1,2.955
29,5,130,6,17.47,2.9116666666666666
29,5,131,12,34.55,2.8791666666666664
29,5,132,7,20.15,2.8785714285714286
29,5,133,7,20.04,2.8628571428571425
29,5,134,5,13.77,2.754
29,5,135,19,51.8,2.7263157894736842
29,5,136,6,16.22,2.703333333333333
29,5,137,4,10.81,2.7025
29,5,138,1,2.67,2.67
29,5,139,17,43.67,2.5688235294117647
29,5,140,6,14.74,2.4566666666666666
29,5,141,2,4.88,2.44
29,5,142,12,29.14,2.4283333333333332
29,5,143,8,19.05,2.38125
29,5,144,13,30.39,2.3376923076923077
29,5,145,13,30.26,2.327692307692308
29,5,146,10,23.19,2.319
29,5,147,13,30.12,2.316923076923077
29,5,148,16,36.44,2.2775
29,5,149,11,24.49,2.226363636363636
29,5,150,12,26.48,2.2066666666666666
29,5,151,2,4.36,2.18
29,5,152,15,32.62,2.1746666666666665
29,5,153,14,27.84,1.9885714285714287
29,5,154,10,19.39,1.939
29,5,155,4,7.72,1.93
29,5,156,15,28.95,1.93
29,5,157,15,28.94,1.9293333333333333
29,5,158,20,37.84,1.8920000000000001
29,5,159,13,24.25,1.8653846153846154
29,5,160,14,26.0,1.8571428571428572
29,5,161,16,29.43,1.839375
29,5,162,14,25.45,1.8178571428571428
29,5,163,3,5.0,1.6666666666666667
29,5,164,20,32.97,1.6484999999999999
29,5,165,20,32.75,1.6375
29,5,166,17,27.21,1.6005882352941176
29,5,167,6,9.56,1.5933333333333335
29,5,168,17,26.53,1.5605882352941176
29,5,169,12,17.96,1.4966666666666668
29,5,170,10,14.56,1.456
29,5,171,8,11.58,1.4475
29,5,172,20,27.84,1.392
29,5,173,19,26.31,1.384736842105263
29,5,174,13,17.24,1.326153846153846
29,5,175,3,3.8,1.2666666666666666
29,5,176,9,10.84,1.2044444444444444
29,5,177,12,14.28,1.19
29,5,178,10,11.85,1.185
29,5,179,12,12.78,1.065
29,5,180,19,19.42,1.0221052631578948
29,5,181,16,16.06,1.00375
29,5,182,10,9.85,0.985
29,5,183,20,16.66,0.833
29,5,184,5,3.81,0.762
29,5,185,12,9.08,0.7566666666666667
29,5,186,17,10.34,0.6082352941176471
29,5,187,16,9.7,0.60625
29,5,188,11,5.98,0.5436363636363637
29,5,189,2,1.02,0.51
29,5,190,12,5.95,0.49583333333333335
29,5,191,15,7.28,0.48533333333333334
29,5,192,11,5.22,0.47454545454545455
29,5,193,2,0.94,0.47
29,5,194,1,0.4,0.4
29,5,195,20,7.82,0.391
29,5,196,11,4.1,0.3727272727272727
29,5,197,3,1.08,0.36000000000000004
29,5,198,3,1.02,0.34
29,5,199,6,1.72,0.2866666666666667
29,10,0,2,9.09,4.545
29,10,1,5,22.66,4.532
29,10,2,13,58.76,4.52
29,10,3,1,4.52,4.52
29,10,4,9,40.58,4.5088888888888885
29,10,5,17,76.22,4.483529411764706
29,10,6,16,71.63,4.476875
29,10,7,12,53.42,4.451666666666667
29,10,8,9,39.54,4.3933333333333335
29,10,9,19,82.47,4.340526315789473
29,10,10,8,34.44,4.305
29,10,11,13,55.81,4.2930769230769235
29,10,12,2,8.58,4.29
29,10,13,15,64.08,4.272
29,10,14,7,29.5,4.214285714285714
29,10,15,4,16.67,4.1675
29,10,16,12,49.91,4.159166666666667
29,10,17,15,62.24,4.149333333333334
29,10,18,20,82.73,4.1365
29,10,19,4,16.53,4.1325
29,10,20,15,61.96,4.1306666666666665
29,10,21,14,57.81,4.1292857142857144
29,10,22,12,49.53,4.1275
29,10,23,20,82.21,4.1105
29,10,24,5,20.5,4.1
29,10,25,10,40.81,4.081
29,10,26,20,81.22,4.061
29,10,27,7,28.12,4.017142857142857
29,10,28,2,7.99,3.995
29,10,29,5,19.74,3.9479999999999995
29,10,30,20,78.64,3.932
29,10,31,20,78.54,3.9270000000000005
29,10,32,20,78.13,3.9065
29,10,33,13,50.75,3.9038461538461537
29,10,34,6,23.36,3.893333333333333
29,10,35,3,11.63,3.876666666666667
29,10,36,16,62.01,3.875625
29,10,37,18,69.57,3.8649999999999998
29,10,38,3,11.56,3.8533333333333335
29,10,39,6,22.97,3.828333333333333
29,10,40,16,61.2,3.825
29,10,41,18,68.78,3.821111111111111
29,10,42,13,49.14,3.7800000000000002
29,10,43,16,60.36,3.7725
29,10,44,1,3.73,3.73
29,10,45,10,37.04,3.7039999999999997
29,10,46,15,54.72,3.648
29,10,47,10,36.03,3.603
29,10,48,5,17.87,3.5740000000000003
29,10,49,13,46.02,3.54
29,10,50,9,31.81,3.5344444444444445
29,10,51,19,67.13,3.533157894736842
29,10,52,19,66.88,3.5199999999999996
29,10,53,12,42.14,3.5116666666666667
29,10,54,1,3.51,3.51
29,10,55,10,34.51,3.4509999999999996
29,10,56,4,13.8,3.45
29,10,57,15,51.58,3.4386666666666668
29,10,58,7,23.3,3.3285714285714287
29,10,59,9,29.56,3.2844444444444445
29,10,60,5,16.38,3.276
29,10,61,8,26.08,3.26
29,10,62,13,42.22,3.2476923076923074
29,10,63,4,12.97,3.2425
29,10,64,1,3.19,3.19
29,10,65,14,44.54,3.1814285714285715
29,10,66,11,34.81,3.1645454545454546
29,10,67,5,15.76,3.152
29,10,68,10,31.28,3.128
29,10,69,19,59.32,3.122105263157895
29,10,70,17,53.0,3.1176470588235294
29,10,71,1,3.07,3.07
29,10,72,12,36.65,3.0541666666666667
29,10,73,9,26.74,2.971111111111111
29,10,74,19,56.35,2.9657894736842105
29,10,75,10,29.59,2.959
29,10,76,11,32.53,2.9572727272727275
29,10,77,16,46.96,2.935
29,10,78,17,49.78,2.928235294117647
29,10,79,12,34.97,2.9141666666666666
29,10,80,16,46.5,2.90625
29,10,81,15,43.45,2.896666666666667
29,10,82,10,28.71,2.871
29,10,83,8,22.38,2.7975
29,10,84,6,16.73,2.7883333333333336
29,10,85,14,38.82,2.7728571428571427
29,10,86,4,10.92,2.73
29,10,87,7,19.02,2.717142857142857
29,10,88,10,26.6,2.66
29,10,89,15,39.61,2.6406666666666667
29,10,90,16,42.09,2.630625
29,10,91,3,7.83,2.61
29,10,92,3,7.8,2.6
29,10,93,10,25.88,2.588
29,10,94,2,5.12,2.56
29,10,95,18,45.52,2.528888888888889
29,10,96,11,27.71,2.519090909090909
29,10,97,7,17.53,2.5042857142857144
29,10,98,10,24.56,2.456
29,10,99,15,36.49,2.432666666666667
29,10,100,19,45.88,2.4147368421052633
29,10,101,20,47.57,2.3785
29,10,102,4,9.48,2.37
29,10,103,12,28.38,2.3649999999999998
29,10,104,4,9.42,2.355
29,10,105,2,4.7,2.35
29,10,106,9,20.91,2.3233333333333333
29,10,107,6,13.77,2.295
29,10,108,14,31.6,2.257142857142857
29,10,109,3,6.74,2.2466666666666666
29,10,110,16,35.85,2.240625
29,10,111,20,44.75,2.2375
29,10,112,6,13.4,2.2333333333333334
29,10,113,3,6.51,2.17
29,10,114,4,8.48,2.12
29,10,115,8,16.45,2.05625
29,10,116,17,34.92,2.0541176470588236
29,10,117,4,8.17,2.0425
29,10,118,20,40.71,2.0355
29,10,119,10,20.31,2.0309999999999997
29,10,120,8,16.1,2.0125
29,10,121,20,39.31,1.9655
29,10,122,20,39.22,1.9609999999999999
29,10,123,16,31.13,1.945625
29,10,124,5,9.51,1.902
29,10,125,14,26.52,1.8942857142857144
29,10,126,1,1.78,1.78
29,10,127,18,31.88,1.771111111111111
29,10,128,8,14.14,1.7675
29,10,129,9,15.88,1.7644444444444445
29,10,130,9,15.65,1.738888888888889
29,10,131,16,27.44,1.715
29,10,132,16,26.19,1.636875
29,10,133,12,19.3,1.6083333333333334
29,10,134,16,25.64,1.6025
29,10,135,11,17.08,1.5527272727272725
29,10,136,13,20.05,1.5423076923076924
29,10,137,2,3.0,1.5
29,10,138,10,14.97,1.497
29,10,139,15,22.36,1.4906666666666666
29,10,140,1,1.49,1.49
29,10,141,12,17.71,1.4758333333333333
29,10,142,8,11.69,1.46125
29,10,143,10,14.46,1.4460000000000002
29,10,144,18,25.82,1.4344444444444444
29,10,145,14,19.9,1.4214285714285713
29,10,146,1,1.4,1.4
29,10,147,3,4.17,1.39
29,10,148,19,25.12,1.322105263157895
29,10,149,13,16.43,1.2638461538461538
29,10,150,9,11.36,1.2622222222222221
29,10,151,20,25.05,1.2525
29,10,152,15,18.44,1.2293333333333334
29,10,153,20,24.4,1.22
29,10,154,19,22.26,1.171578947368421
29,10,155,6,7.01,1.1683333333333332
29,10,156,10,11.17,1.117
29,10,157,5,5.51,1.1019999999999999
29,10,158,13,14.21,1.093076923076923
29,10,159,6,6.43,1.0716666666666665
29,10,160,15,15.97,1.0646666666666667
29,10,161,8,7.6,0.95
29,10,162,16,13.84,0.865
29,10,163,19,15.47,0.8142105263157895
29,10,164,3,2.34,0.7799999999999999
29,10,165,15,11.66,0.7773333333333333
29,10,166,12,9.18,0.765
29,10,167,14,10.64,0.76
29,10,168,14,10.54,0.7528571428571428
29,10,169,7,5.17,0.7385714285714285
29,10,170,5,3.66,0.732
29,10,171,4,2.89,0.7225
29,10,172,5,3.23,0.646
29,10,173,16,10.23,0.639375
29,10,174,10,6.3,0.63
29,10,175,8,4.98,0.6225
29,10,176,15,9.26,0.6173333333333333
29,10,177,2,1.1,0.55
29,10,178,9,4.87,0.5411111111111111
29,10,179,5,2.65,0.53
29,10,180,10,4.89,0.489
29,10,181,14,6.46,0.4614285714285714
29,10,182,14,6.13,0.43785714285714283
29,10,183,5,1.93,0.386
29,10,184,8,2.96,0.37
29,10,185,17,5.86,0.3447058823529412
29,10,186,15,4.95,0.33
29,10,187,1,0.31,0.31
29,10,188,4,1.23,0.3075
29,10,189,6,1.65,0.27499999999999997
29,10,190,5,1.35,0.27
29,10,191,8,2.12,0.265
29,10,192,12,2.95,0.24583333333333335
29,10,193,1,0.24,0.24
29,10,194,16,3.82,0.23875
29,10,195,5,1.16,0.23199999999999998
29,10,196,13,2.9,0.22307692307692306
29,10,197,9,1.95,0.21666666666666667
29,10,198,7,1.42,0.20285714285714285
29,10,199,7,1.34,0.19142857142857145
29,16,0,9,65.64,7.293333333333333
29,16,1,2,14.52,7.26
29,16,2,19,136.81,7.200526315789474
29,16,3,19,136.68,7.193684210526317
29,16,4,16,114.98,7.18625
29,16,5,7,49.6,7.085714285714286
29,16,6,5,35.19,7.037999999999999
29,16,7,5,35.11,7.022
29,16,8,13,91.13,7.01
29,16,9,20,139.43,6.971500000000001
29,16,10,2,13.92,6.96
29,16,11,8,55.67,6.95875
29,16,12,18,125.08,6.948888888888889
29,16,13,18,124.15,6.897222222222222
29,16,14,4,27.49,6.8725
29,16,15,6,40.94,6.823333333333333
29,16,16,1,6.81,6.81
29,16,17,20,136.09,6.8045
29,16,18,11,72.9,6.627272727272728
29,16,19,18,118.01,6.556111111111111
29,16,20,12,78.25,6.520833333333333
29,16,21,20,130.25,6.5125
29,16,22,13,84.6,6.507692307692308
29,16,23,3,19.48,6.493333333333333
29,16,24,4,25.78,6.445
29,16,25,1,6.44,6.44
29,16,26,3,19.23,6.41
29,16,27,5,31.96,6.392
29,16,28,18,114.47,6.359444444444445
29,16,29,3,19.02,6.34
29,16,30,7,44.11,6.301428571428572
29,16,31,13,81.66,6.281538461538461
29,16,32,1,6.24,6.24
29,16,33,9,56.16,6.239999999999999
29,16,34,11,68.44,6.221818181818182
29,16,35,2,12.33,6.165
29,16,36,3,18.47,6.156666666666666
29,16,37,5,30.59,6.118
29,16,38,1,6.08,6.08
29,16,39,12,72.65,6.054166666666667
29,16,40,1,6.04,6.04
29,16,41,11,66.33,6.03
29,16,42,4,24.05,6.0125
29,16,43,12,72.06,6.005
29,16,44,15,87.61,5.8406666666666665
29,16,45,19,109.61,5.768947368421053
29,16,46,14,80.76,5.768571428571429
29,16,47,15,85.84,5.722666666666667
29,16,48,5,28.55,5.71
29,16,49,5,28.39,5.678
29,16,50,14,78.76,5.625714285714286
29,16,51,8,44.88,5.61
29,16,52,1,5.6,5.6
29,16,53,17,94.79,5.575882352941177
29,16,54,3,16.71,5.57
29,16,55,2,11.08,5.54
29,16,56,17,93.17,5.4805882352941175
29,16,57,14,76.63,5.473571428571428
29,16,58,1,5.44,5.44
29,16,59,20,107.17,5.3585
29,16,60,19,101.6,5.347368421052631
29,16,61,8,42.62,5.3275
29,16,62,14,74.4,5.314285714285715
29,16,63,9,47.69,5.2988888888888885
29,16,64,1,5.28,5.28
29,16,65,18,94.93,5.273888888888889
29,16,66,20,105.33,5.2665
29,16,67,3,15.75,5.25
29,16,68,8,41.46,5.1825
29,16,69,1,5.03,5.03
29,16,70,4,20.1,5.025
29,16,71,15,74.52,4.968
29,16,72,4,19.63,4.9075
29,16,73,4,19.51,4.8775
29,16,74,11,53.54,4.867272727272727
29,16,75,15,71.87,4.791333333333333
29,16,76,14,66.18,4.727142857142858
29,16,77,9,42.52,4.724444444444445
29,16,78,17,80.22,4.718823529411765
29,16,79,10,46.05,4.6049999999999995
29,16,80,5,22.72,4.544
29,16,81,15,68.15,4.543333333333334
29,16,82,19,86.28,4.541052631578947
29,16,83,18,81.59,4.532777777777778
29,16,84,9,40.62,4.513333333333333
29,16,85,14,63.06,4.5042857142857144
29,16,86,1,4.49,4.49
29,16,87,8,35.54,4.4425
29,16,88,20,88.14,4.407
29,16,89,8,35.03,4.37875
29,16,90,18,78.04,4.335555555555556
29,16,91,2,8.62,4.31
29,16,92,4,17.09,4.2725
29,16,93,8,33.93,4.24125
29,16,94,15,63.6,4.24
29,16,95,9,37.49,4.165555555555556
29,16,96,15,62.03,4.1353333333333335
29,16,97,15,62.01,4.1339999999999995
29,16,98,1,4.11,4.11
29,16,99,2,8.21,4.105
29,16,100,1,4.05,4.05
29,16,101,6,24.06,4.01
29,16,102,15,59.8,3.9866666666666664
29,16,103,17,67.16,3.9505882352941173
29,16,104,9,35.51,3.9455555555555555
29,16,105,13,51.2,3.9384615384615387
29,16,106,9,35.41,3.934444444444444
29,16,107,7,27.11,3.8728571428571428
29,16,108,16,60.62,3.78875
29,16,109,15,56.67,3.778
29,16,110,2,7.47,3.735
29,16,111,13,47.63,3.663846153846154
29,16,112,17,61.09,3.593529411764706
29,16,113,7,24.73,3.532857142857143
29,16,114,4,14.1,3.525
29,16,115,5,17.46,3.492
29,16,116,3,10.25,3.4166666666666665
29,16,117,1,3.4,3.4
29,16,118,7,22.76,3.251428571428572
29,16,119,12,38.93,3.2441666666666666
29,16,120,4,12.82,3.205
29,16,121,4,12.62,3.155
29,16,122,16,45.02,2.81375
29,16,123,20,55.7,2.785
29,16,124,6,16.68,2.78
29,16,125,14,38.77,2.7692857142857146
29,16,126,3,8.28,2.76
29,16,127,10,27.58,2.758
29,16,128,5,13.75,2.75
29,16,129,8,21.47,2.68375
29,16,130,18,47.41,2.6338888888888885
29,16,131,12,31.17,2.5975
29,16,132,18,46.05,2.558333333333333
29,16,133,19,48.41,2.547894736842105
29,16,134,2,5.06,2.53
29,16,135,4,10.06,2.515
29,16,136,2,4.81,2.405
29,16,137,20,47.95,2.3975
29,16,138,20,47.42,2.371
29,16,139,8,18.5,2.3125
29,16,140,1,2.3,2.3
29,16,141,10,22.44,2.244
29,16,142,8,17.92,2.24
29,16,143,2,4.29,2.145
29,16,144,17,36.46,2.144705882352941
29,16,145,18,38.4,2.1333333333333333
29,16,146,8,17.01,2.12625
29,16,147,13,27.44,2.1107692307692307
29,16,148,11,23.09,2.099090909090909
29,16,149,1,2.07,2.07
29,16,150,5,10.11,2.022
29,16,151,8,16.09,2.01125
29,16,152,16,31.79,1.986875
29,16,153,3,5.95,1.9833333333333334
29,16,154,7,13.8,1.9714285714285715
29,16,155,9,17.06,1.8955555555555554
29,16,156,5,9.2,1.8399999999999999
29,16,157,10,18.22,1.8219999999999998
29,16,158,8,14.1,1.7625
29,16,159,15,25.77,1.718
29,16,160,4,6.74,1.685
29,16,161,17,28.53,1.678235294117647
29,16,162,20,32.73,1.6364999999999998
29,16,163,8,12.41,1.55125
29,16,164,2,3.0,1.5
29,16,165,2,2.83,1.415
29,16,166,19,26.49,1.3942105263157893
29,16,167,6,8.14,1.3566666666666667
29,16,168,14,18.5,1.3214285714285714
29,16,169,1,1.29,1.29
29,16,170,17,21.77,1.2805882352941176
29,16,171,20,25.48,1.274
29,16,172,2,2.53,1.265
29,16,173,5,6.3,1.26
29,16,174,3,3.73,1.2433333333333334
29,16,175,12,14.44,1.2033333333333334
29,16,176,13,15.48,1.1907692307692308
29,16,177,6,6.88,1.1466666666666667
29,16,178,3,3.21,1.07
29,16,179,10,10.58,1.058
29,16,180,13,13.58,1.0446153846153847
29,16,181,2,1.96,0.98
29,16,182,19,17.63,0.9278947368421052
29,16,183,3,2.75,0.9166666666666666
29,16,184,20,17.59,0.8795
29,16,185,13,11.34,0.8723076923076923
29,16,186,4,3.22,0.805
29,16,187,19,14.58,0.7673684210526316
29,16,188,8,5.74,0.7175
29,16,189,1,0.69,0.69
29,16,190,6,4.04,0.6733333333333333
29,16,191,20,12.95,0.6475
29,16,192,14,8.62,0.6157142857142857
29,16,193,7,3.95,0.5642857142857143
29,16,194,11,5.51,0.5009090909090909
29,16,195,13,6.46,0.4969230769230769
29,16,196,8,3.23,0.40375
29,16,197,3,1.19,0.39666666666666667
29,16,198,2,0.61,0.305
29,16,199,5,1.47,0.294
29,17,0,19,118.04,6.212631578947369
29,17,1,20,124.04,6.202
29,17,2,18,109.89,6.105
29,17,3,16,96.53,6.033125
29,17,4,15,90.42,6.0280000000000005
29,17,5,10,59.11,5.911
29,17,6,18,105.75,5.875
29,17,7,9,52.79,5.865555555555556
29,17,8,3,17.55,5.8500000000000005
29,17,9,10,57.36,5.736
29,17,10,6,34.4,5.733333333333333
29,17,11,8,45.4,5.675
29,17,12,14,79.02,5.644285714285714
29,17,13,12,66.37,5.530833333333334
29,17,14,4,22.09,5.5225
29,17,15,13,71.75,5.519230769230769
29,17,16,9,49.15,5.461111111111111
29,17,17,2,10.91,5.455
29,17,18,18,97.9,5.438888888888889
29,17,19,19,103.26,5.434736842105264
29,17,20,4,21.59,5.3975
29,17,21,7,37.38,5.340000000000001
29,17,22,15,79.39,5.292666666666666
29,17,23,2,10.54,5.27
29,17,24,19,99.43,5.233157894736842
29,17,25,1,5.22,5.22
29,17,26,3,15.59,5.196666666666666
29,17,27,15,77.84,5.189333333333334
29,17,28,10,51.86,5.186
29,17,29,2,10.37,5.185
29,17,30,5,25.88,5.176
29,17,31,6,31.04,5.173333333333333
29,17,32,10,51.69,5.169
29,17,33,13,67.18,5.167692307692308
29,17,34,11,56.74,5.158181818181818
29,17,35,2,10.13,5.065
29,17,36,9,45.15,5.016666666666667
29,17,37,9,44.76,4.973333333333333
29,17,38,7,34.32,4.902857142857143
29,17,39,17,82.54,4.855294117647059
29,17,40,20,96.54,4.827
29,17,41,15,70.87,4.724666666666667
29,17,42,14,65.87,4.705
29,17,43,11,51.66,4.696363636363636
29,17,44,1,4.62,4.62
29,17,45,10,46.2,4.62
29,17,46,20,92.03,4.6015
29,17,47,11,49.98,4.543636363636363
29,17,48,3,13.35,4.45
29,17,49,7,31.11,4.444285714285714
29,17,50,9,39.53,4.392222222222222
29,17,51,6,26.26,4.376666666666667
29,17,52,1,4.34,4.34
29,17,53,18,77.38,4.2988888888888885
29,17,54,20,84.72,4.236
29,17,55,5,21.03,4.206
29,17,56,18,75.38,4.187777777777778
29,17,57,12,48.53,4.0441666666666665
29,17,58,18,72.51,4.028333333333333
29,17,59,15,60.3,4.02
29,17,60,19,75.99,3.999473684210526
29,17,61,5,19.94,3.9880000000000004
29,17,62,4,15.75,3.9375
29,17,63,7,27.54,3.934285714285714
29,17,64,15,58.34,3.8893333333333335
29,17,65,12,46.18,3.848333333333333
29,17,66,2,7.68,3.84
29,17,67,4,15.35,3.8375
29,17,68,13,48.74,3.7492307692307696
29,17,69,18,66.94,3.718888888888889
29,17,70,15,54.41,3.627333333333333
29,17,71,2,7.22,3.61
29,17,72,4,14.44,3.61
29,17,73,17,60.95,3.585294117647059
29,17,74,17,60.79,3.5758823529411763
29,17,75,1,3.56,3.56
29,17,76,18,63.59,3.532777777777778
29,17,77,19,67.02,3.5273684210526315
29,17,78,19,66.68,3.5094736842105267
29,17,79,5,17.51,3.5020000000000002
29,17,80,19,65.53,3.4489473684210528
29,17,81,2,6.82,3.41
29,17,82,14,47.14,3.367142857142857
29,17,83,5,16.77,3.354
29,17,84,6,20.12,3.3533333333333335
29,17,85,19,63.16,3.3242105263157895
29,17,86,4,12.91,3.2275
29,17,87,10,32.03,3.2030000000000003
29,17,88,19,60.66,3.1926315789473683
29,17,89,8,25.42,3.1775
29,17,90,16,50.54,3.15875
29,17,91,3,9.46,3.1533333333333338
29,17,92,9,28.29,3.143333333333333
29,17,93,5,15.46,3.092
29,17,94,15,46.22,3.0813333333333333
29,17,95,19,58.27,3.066842105263158
29,17,96,18,54.97,3.053888888888889
29,17,97,3,9.08,3.026666666666667
29,17,98,16,48.4,3.025
29,17,99,15,45.36,3.024
29,17,100,11,32.39,2.944545454545455
29,17,101,14,40.84,2.9171428571428573
29,17,102,9,25.95,2.8833333333333333
29,17,103,16,45.91,2.869375
29,17,104,2,5.69,2.845
29,17,105,2,5.62,2.81
29,17,106,20,54.92,2.746
29,17,107,11,30.1,2.7363636363636363
29,17,108,18,49.06,2.7255555555555557
29,17,109,19,51.76,2.7242105263157894
29,17,110,11,29.55,2.6863636363636365
29,17,111,20,53.19,2.6595
29,17,112,9,23.32,2.591111111111111
29,17,113,7,18.06,2.5799999999999996
29,17,114,2,5.06,2.53
29,17,115,8,20.08,2.51
29,17,116,9,22.13,2.4588888888888887
29,17,117,5,12.21,2.442
29,17,118,13,31.67,2.436153846153846
29,17,119,18,43.48,2.4155555555555552
29,17,120,15,36.22,2.4146666666666667
29,17,121,2,4.73,2.365
29,17,122,6,14.09,2.348333333333333
29,17,123,3,6.92,2.3066666666666666
29,17,124,17,38.7,2.2764705882352945
29,17,125,12,27.27,2.2725
29,17,126,6,13.59,2.265
29,17,127,12,27.11,2.2591666666666668
29,17,128,2,4.48,2.24
29,17,129,1,2.22,2.22
29,17,130,15,32.8,2.1866666666666665
29,17,131,8,17.45,2.18125
29,17,132,15,32.65,2.1766666666666667
29,17,133,12,25.86,2.155
29,17,134,20,42.86,2.143
29,17,135,18,38.39,2.1327777777777777
29,17,136,16,33.43,2.089375
29,17,137,1,2.08,2.08
29,17,138,13,26.92,2.0707692307692307
29,17,139,15,30.2,2.013333333333333
29,17,140,8,16.08,2.01
29,17,141,12,24.11,2.0091666666666668
29,17,142,18,35.97,1.9983333333333333
29,17,143,11,21.81,1.9827272727272727
29,17,144,6,11.74,1.9566666666666668
29,17,145,19,36.09,1.8994736842105264
29,17,146,3,5.59,1.8633333333333333
29,17,147,2,3.69,1.845
29,17,148,4,7.27,1.8175
29,17,149,8,14.1,1.7625
29,17,150,13,22.82,1.7553846153846153
29,17,151,2,3.46,1.73
29,17,152,4,6.76,1.69
29,17,153,19,32.1,1.6894736842105265
29,17,154,14,23.36,1.6685714285714286
29,17,155,13,21.69,1.6684615384615387
29,17,156,3,4.98,1.6600000000000001
29,17,157,4,6.37,1.5925
29,17,158,3,4.76,1.5866666666666667
29,17,159,14,21.77,1.555
29,17,160,12,18.34,1.5283333333333333
29,17,161,8,11.79,1.47375
29,17,162,16,22.38,1.39875
29,17,163,13,18.17,1.3976923076923078
29,17,164,18,24.18,1.3433333333333333
29,17,165,2,2.68,1.34
29,17,166,5,6.45,1.29
29,17,167,14,17.84,1.2742857142857142
29,17,168,3,3.77,1.2566666666666666
29,17,169,9,11.0,1.2222222222222223
29,17,170,10,11.8,1.1800000000000002
29,17,171,6,6.75,1.125
29,17,172,3,3.24,1.08
29,17,173,19,20.45,1.0763157894736841
29,17,174,14,14.99,1.0707142857142857
29,17,175,11,11.75,1.0681818181818181
29,17,176,19,19.61,1.0321052631578946
29,17,177,12,11.67,0.9725
29,17,178,10,9.28,0.9279999999999999
29,17,179,13,11.97,0.9207692307692308
29,17,180,11,10.0,0.9090909090909091
29,17,181,1,0.89,0.89
29,17,182,4,3.37,0.8425
29,17,183,9,7.58,0.8422222222222222
29,17,184,18,14.6,0.8111111111111111
29,17,185,13,10.52,0.8092307692307692
29,17,186,5,4.02,0.8039999999999999
29,17,187,5,3.92,0.784
29,17,188,15,10.69,0.7126666666666667
29,17,189,6,4.24,0.7066666666666667
29,17,190,2,1.16,0.58
29,17,191,13,7.26,0.5584615384615385
29,17,192,1,0.5,0.5
29,17,193,10,4.93,0.493
29,17,194,4,1.73,0.4325
29,17,195,6,2.3,0.3833333333333333
29,17,196,9,3.16,0.35111111111111115
29,17,197,14,3.92,0.27999999999999997
29,17,198,17,4.4,0.25882352941176473
29,17,199,11,2.83,0.25727272727272726
29,24,0,11,74.41,6.764545454545455
29,24,1,11,73.94,6.721818181818182
29,24,2,14,93.46,6.675714285714285
29,24,3,15,99.74,6.649333333333333
29,24,4,2,13.25,6.625
29,24,5,5,33.03,6.606
29,24,6,3,19.68,6.56
29,24,7,18,117.78,6.543333333333333
29,24,8,8,52.28,6.535
29,24,9,9,58.78,6.5311111111111115
29,24,10,10,65.26,6.526000000000001
29,24,11,9,58.58,6.5088888888888885
29,24,12,16,103.07,6.441875
29,24,13,7,44.87,6.409999999999999
29,24,14,8,50.93,6.36625
29,24,15,5,31.78,6.356
29,24,16,2,12.69,6.345
29,24,17,3,18.88,6.293333333333333
29,24,18,20,124.54,6.227
29,24,19,5,30.91,6.182
29,24,20,7,43.27,6.1814285714285715
29,24,21,5,30.81,6.162
29,24,22,12,73.21,6.100833333333333
29,24,23,6,36.35,6.058333333333334
29,24,24,5,30.08,6.016
29,24,25,13,76.9,5.915384615384616
29,24,26,14,82.38,5.884285714285714
29,24,27,12,70.6,5.883333333333333
29,24,28,5,29.17,5.8340000000000005
29,24,29,17,99.1,5.829411764705882
29,24,30,17,99.09,5.828823529411765
29,24,31,13,75.13,5.779230769230769
29,24,32,9,52.0,5.777777777777778
29,24,33,11,63.54,5.776363636363636
29,24,34,17,96.92,5.701176470588235
29,24,35,8,44.32,5.54
29,24,36,19,104.95,5.523684210526316
29,24,37,1,5.4,5.4
29,24,38,17,91.68,5.392941176470589
29,24,39,15,80.68,5.378666666666667
29,24,40,14,74.5,5.321428571428571
29,24,41,2,10.64,5.32
29,24,42,5,26.23,5.246
29,24,43,9,47.1,5.233333333333333
29,24,44,12,62.41,5.200833333333333
29,24,45,12,62.3,5.191666666666666
29,24,46,10,51.3,5.13
29,24,47,9,45.8,5.088888888888889
29,24,48,9,45.69,5.076666666666666
29,24,49,14,70.99,5.070714285714286
29,24,50,2,9.99,4.995
29,24,51,14,69.64,4.974285714285714
29,24,52,11,54.61,4.964545454545455
29,24,53,2,9.88,4.94
29,24,54,4,19.55,4.8875
29,24,55,9,43.57,4.841111111111111
29,24,56,9,43.56,4.84
29,24,57,3,14.27,4.756666666666667
29,24,58,10,47.21,4.721
29,24,59,7,32.99,4.7128571428571435
29,24,60,4,18.68,4.67
29,24,61,2,9.32,4.66
29,24,62,7,32.44,4.634285714285714
29,24,63,13,60.12,4.624615384615384
29,24,64,11,50.61,4.600909090909091
29,24,65,12,54.72,4.56
29,24,66,6,27.21,4.535
29,24,67,4,17.95,4.4875
29,24,68,14,62.58,4.47
29,24,69,14,62.47,4.462142857142857
29,24,70,13,57.87,4.451538461538461
29,24,71,3,13.26,4.42
29,24,72,11,48.57,4.415454545454545
29,24,73,20,86.3,4.3149999999999995
29,24,74,11,46.94,4.267272727272727
29,24,75,18,76.2,4.233333333333333
29,24,76,7,29.6,4.228571428571429
29,24,77,12,50.49,4.2075000000000005
29,24,78,2,8.36,4.18
29,24,79,13,54.15,4.165384615384616
29,24,80,18,74.1,4.116666666666666
29,24,81,10,41.03,4.103
29,24,82,12,49.08,4.09
29,24,83,15,60.52,4.034666666666667
29,24,84,10,40.34,4.034000000000001
29,24,85,20,80.67,4.0335
29,24,86,19,76.39,4.020526315789474
29,24,87,2,8.03,4.015
29,24,88,18,70.54,3.918888888888889
29,24,89,12,46.27,3.8558333333333334
29,24,90,12,46.05,3.8375
29,24,91,12,44.95,3.7458333333333336
29,24,92,17,63.54,3.7376470588235295
29,24,93,13,48.46,3.727692307692308
29,24,94,7,25.97,3.71
29,24,95,5,18.45,3.69
29,24,96,15,55.31,3.6873333333333336
29,24,97,3,10.91,3.6366666666666667
29,24,98,18,65.36,3.631111111111111
29,24,99,4,14.5,3.625
29,24,100,2,7.24,3.62
29,24,101,6,21.68,3.6133333333333333
29,24,102,11,39.07,3.5518181818181818
29,24,103,4,13.9,3.475
29,24,104,14,47.96,3.4257142857142857
29,24,105,9,30.64,3.4044444444444446
29,24,106,4,13.39,3.3475
29,24,107,10,33.28,3.3280000000000003
29,24,108,7,23.03,3.29
29,24,109,15,48.63,3.242
29,24,110,16,51.85,3.240625
29,24,111,16,51.78,3.23625
29,24,112,8,25.44,3.18
29,24,113,7,22.11,3.1585714285714284
29,24,114,4,12.59,3.1475
29,24,115,19,59.76,3.1452631578947368
29,24,116,4,12.46,3.115
29,24,117,6,18.64,3.106666666666667
29,24,118,14,42.95,3.067857142857143
29,24,119,20,60.6,3.0300000000000002
29,24,120,10,29.73,2.973
29,24,121,7,20.57,2.9385714285714286
29,24,122,5,14.34,2.868
29,24,123,14,39.78,2.8414285714285716
29,24,124,8,22.7,2.8375
29,24,125,6,16.68,2.78
29,24,126,5,13.69,2.738
29,24,127,6,15.96,2.66
29,24,128,5,13.24,2.648
29,24,129,12,31.34,2.611666666666667
29,24,130,16,41.09,2.568125
29,24,131,13,32.81,2.523846153846154
29,24,132,17,42.75,2.514705882352941
29,24,133,13,32.45,2.496153846153846
29,24,134,19,46.7,2.4578947368421056
29,24,135,19,46.14,2.428421052631579
29,24,136,9,21.79,2.421111111111111
29,24,137,6,14.37,2.395
29,24,138,14,33.06,2.3614285714285717
29,24,139,1,2.34,2.34
29,24,140,19,44.36,2.334736842105263
29,24,141,7,16.26,2.322857142857143
29,24,142,10,23.08,2.308
29,24,143,3,6.91,2.3033333333333332
29,24,144,1,2.29,2.29
29,24,145,20,43.98,2.199
29,24,146,5,10.8,2.16
29,24,147,5,10.39,2.0780000000000003
29,24,148,8,16.57,2.07125
29,24,149,12,23.65,1.9708333333333332
29,24,150,19,36.49,1.9205263157894739
29,24,151,16,30.26,1.89125
29,24,152,8,15.1,1.8875
29,24,153,3,5.42,1.8066666666666666
29,24,154,1,1.56,1.56
29,24,155,10,15.57,1.557
29,24,156,8,12.45,1.55625
29,24,157,18,27.83,1.546111111111111
29,24,158,16,24.08,1.505
29,24,159,17,25.4,1.4941176470588236
29,24,160,15,22.11,1.474
29,24,161,16,22.68,1.4175
29,24,162,17,23.87,1.4041176470588237
29,24,163,5,6.94,1.3880000000000001
29,24,164,4,5.54,1.385
29,24,165,20,27.64,1.3820000000000001
29,24,166,13,16.75,1.2884615384615385
29,24,167,4,5.07,1.2675
29,24,168,11,13.68,1.2436363636363637
29,24,169,18,21.26,1.1811111111111112
29,24,170,20,23.33,1.1664999999999999
29,24,171,3,3.38,1.1266666666666667
29,24,172,17,18.42,1.083529411764706
29,24,173,6,6.43,1.0716666666666665
29,24,174,12,12.61,1.0508333333333333
29,24,175,10,10.37,1.037
29,24,176,17,16.51,0.9711764705882354
29,24,177,14,13.16,0.9400000000000001
29,24,178,4,3.71,0.9275
29,24,179,17,15.45,0.9088235294117647
29,24,180,13,11.03,0.8484615384615384
29,24,181,10,8.34,0.834
29,24,182,12,9.75,0.8125
29,24,183,3,2.33,0.7766666666666667
29,24,184,11,8.34,0.7581818181818182
29,24,185,1,0.72,0.72
29,24,186,12,7.92,0.66
29,24,187,3,1.95,0.65
29,24,188,2,1.19,0.595
29,24,189,2,1.1,0.55
29,24,190,14,7.25,0.5178571428571429
29,24,191,2,0.93,0.465
29,24,192,18,7.81,0.4338888888888889
29,24,193,20,8.09,0.40449999999999997
29,24,194,8,3.21,0.40125
29,24,195,18,7.04,0.39111111111111113
29,24,196,19,6.74,0.3547368421052632
29,24,197,19,6.08,0.32
29,24,198,3,0.88,0.29333333333333333
29,24,199,14,3.94,0.2814285714285714
29,31,0,19,105.81,5.568947368421052
29,31,1,7,38.7,5.528571428571429
29,31,2,9,49.75,5.527777777777778
29,31,3,4,22.06,5.515
29,31,4,1,5.48,5.48
29,31,5,1,5.48,5.48
29,31,6,3,16.42,5.473333333333334
29,31,7,4,21.42,5.355
29,31,8,3,16.03,5.343333333333334
29,31,9,13,69.36,5.335384615384616
29,31,10,8,42.68,5.335
29,31,11,10,53.34,5.3340000000000005
29,31,12,1,5.33,5.33
29,31,13,17,89.62,5.271764705882354
29,31,14,16,84.21,5.263125
29,31,15,3,15.76,5.253333333333333
29,31,16,2,10.46,5.23
29,31,17,14,72.65,5.189285714285715
29,31,18,1,5.14,5.14
29,31,19,5,25.69,5.138
29,31,20,20,102.69,5.1345
29,31,21,12,61.44,5.12
29,31,22,12,61.04,5.086666666666667
29,31,23,10,50.76,5.076
29,31,24,9,45.46,5.051111111111111
29,31,25,8,40.34,5.0425
29,31,26,14,70.46,5.032857142857142
29,31,27,17,85.27,5.015882352941176
29,31,28,18,90.06,5.003333333333334
29,31,29,7,34.88,4.982857142857143
29,31,30,3,14.93,4.976666666666667
29,31,31,10,49.74,4.974
29,31,32,3,14.88,4.96
29,31,33,7,34.6,4.942857142857143
29,31,34,13,64.18,4.936923076923078
29,31,35,5,24.61,4.922
29,31,36,18,88.59,4.921666666666667
29,31,37,11,53.87,4.897272727272727
29,31,38,1,4.89,4.89
29,31,39,1,4.87,4.87
29,31,40,18,87.41,4.856111111111111
29,31,41,7,33.88,4.840000000000001
29,31,42,9,42.88,4.764444444444445
29,31,43,18,85.34,4.7411111111111115
29,31,44,8,37.87,4.73375
29,31,45,10,47.12,4.712
29,31,46,17,79.87,4.698235294117647
29,31,47,16,75.08,4.6925
29,31,48,11,51.21,4.655454545454545
29,31,49,14,64.8,4.628571428571428
29,31,50,9,41.53,4.614444444444445
29,31,51,7,31.92,4.5600000000000005
29,31,52,11,50.11,4.555454545454546
29,31,53,15,68.33,4.5553333333333335
29,31,54,14,63.43,4.530714285714286
29,31,55,3,13.38,4.46
29,31,56,14,62.06,4.432857142857143
29,31,57,12,52.14,4.345
29,31,58,13,56.02,4.309230769230769
29,31,59,20,86.06,4.303
29,31,60,17,73.06,4.29764705882353
29,31,61,19,81.4,4.28421052631579
29,31,62,2,8.54,4.27
29,31,63,20,85.09,4.2545
29,31,64,19,80.18,4.220000000000001
29,31,65,10,42.16,4.215999999999999
29,31,66,18,74.65,4.147222222222222
29,31,67,19,78.51,4.132105263157895
29,31,68,12,49.29,4.1075
29,31,69,9,36.82,4.091111111111111
29,31,70,16,65.4,4.0875
29,31,71,10,40.8,4.08
29,31,72,3,12.18,4.06
29,31,73,18,73.02,4.056666666666667
29,31,74,6,24.24,4.04
29,31,75,6,23.82,3.97
29,31,76,5,19.83,3.9659999999999997
29,31,77,19,74.99,3.9468421052631575
29,31,78,19,74.85,3.939473684210526
29,31,79,11,43.31,3.9372727272727275
29,31,80,4,15.63,3.9075
29,31,81,14,54.6,3.9
29,31,82,9,34.38,3.8200000000000003
29,31,83,6,22.91,3.8183333333333334
29,31,84,19,72.54,3.8178947368421055
29,31,85,5,18.72,3.7439999999999998
29,31,86,10,37.42,3.742
29,31,87,4,14.95,3.7375
29,31,88,17,62.64,3.684705882352941
29,31,89,3,11.03,3.6766666666666663
29,31,90,15,55.05,3.67
29,31,91,2,7.33,3.665
29,31,92,8,29.2,3.65
29,31,93,1,3.65,3.65
29,31,94,19,69.32,3.6484210526315786
29,31,95,15,54.05,3.603333333333333
29,31,96,3,10.8,3.6
29,31,97,5,17.89,3.5780000000000003
29,31,98,18,63.74,3.5411111111111113
29,31,99,11,38.85,3.5318181818181817
29,31,100,2,6.95,3.475
29,31,101,2,6.93,3.465
29,31,102,6,20.46,3.41
29,31,103,10,32.94,3.2939999999999996
29,31,104,4,13.16,3.29
29,31,105,3,9.86,3.2866666666666666
29,31,106,17,55.73,3.2782352941176467
29,31,107,9,29.45,3.272222222222222
29,31,108,2,6.51,3.255
29,31,109,6,19.14,3.19
29,31,110,6,18.96,3.16
29,31,111,10,30.5,3.05
29,31,112,3,9.14,3.046666666666667
29,31,113,13,39.58,3.0446153846153843
29,31,114,13,38.11,2.9315384615384614
29,31,115,8,23.24,2.905
29,31,116,10,28.98,2.898
29,31,117,9,26.02,2.891111111111111
29,31,118,2,5.72,2.86
29,31,119,15,42.61,2.8406666666666665
29,31,120,11,30.63,2.7845454545454547
29,31,121,7,19.48,2.782857142857143
29,31,122,11,30.3,2.7545454545454544
29,31,123,18,49.57,2.753888888888889
29,31,124,9,24.45,2.716666666666667
29,31,125,1,2.71,2.71
29,31,126,15,40.25,2.683333333333333
29,31,127,16,42.8,2.675
29,31,128,3,7.83,2.61
29,31,129,9,23.09,2.5655555555555556
29,31,130,2,5.11,2.555
29,31,131,20,51.06,2.553
29,31,132,10,25.49,2.549
29,31,133,19,47.15,2.481578947368421
29,31,134,3,7.41,2.47
29,31,135,5,12.29,2.4579999999999997
29,31,136,8,19.31,2.41375
29,31,137,13,30.9,2.376923076923077
29,31,138,3,7.07,2.356666666666667
29,31,139,18,41.89,2.3272222222222223
29,31,140,7,16.12,2.302857142857143
29,31,141,12,27.57,2.2975
29,31,142,7,15.89,2.27
29,31,143,17,36.67,2.157058823529412
29,31,144,1,2.13,2.13
29,31,145,8,16.9,2.1125
29,31,146,2,4.22,2.11
29,31,147,6,12.5,2.0833333333333335
29,31,148,1,2.04,2.04
29,31,149,13,25.82,1.9861538461538462
29,31,150,13,25.13,1.933076923076923
29,31,151,2,3.86,1.93
29,31,152,15,28.42,1.8946666666666667
29,31,153,3,5.67,1.89
29,31,154,11,20.42,1.8563636363636364
29,31,155,12,22.07,1.8391666666666666
29,31,156,10,18.39,1.839
29,31,157,14,24.94,1.7814285714285716
29,31,158,19,33.37,1.756315789473684
29,31,159,12,20.44,1.7033333333333334
29,31,160,15,25.38,1.692
29,31,161,4,6.42,1.605
29,31,162,9,14.2,1.5777777777777777
29,31,163,3,4.68,1.5599999999999998
29,31,164,3,4.6,1.5333333333333332
29,31,165,8,11.95,1.49375
29,31,166,19,28.23,1.4857894736842105
29,31,167,10,14.75,1.475
29,31,168,16,23.41,1.463125
29,31,169,8,11.65,1.45625
29,31,170,14,19.82,1.4157142857142857
29,31,171,12,16.91,1.4091666666666667
29,31,172,2,2.67,1.335
29,31,173,10,12.8,1.28
29,31,174,1,1.25,1.25
29,31,175,15,18.26,1.2173333333333334
29,31,176,7,8.31,1.1871428571428573
29,31,177,8,9.39,1.17375
29,31,178,18,20.94,1.1633333333333333
29,31,179,11,12.69,1.1536363636363636
29,31,180,4,4.4,1.1
29,31,181,16,15.99,0.999375
29,31,182,19,15.37,0.8089473684210526
29,31,183,4,3.13,0.7825
29,31,184,19,12.77,0.6721052631578948
29,31,185,9,6.04,0.6711111111111111
29,31,186,3,1.8,0.6
29,31,187,15,8.33,0.5553333333333333
29,31,188,1,0.55,0.55
29,31,189,5,2.63,0.526
29,31,190,19,8.15,0.42894736842105263
29,31,191,6,2.4,0.39999999999999997
29,31,192,14,5.57,0.39785714285714285
29,31,193,7,2.69,0.3842857142857143
29,31,194,9,3.25,0.3611111111111111
29,31,195,17,6.0,0.35294117647058826
29,31,196,7,2.32,0.3314285714285714
29,31,197,10,3.0,0.3
29,31,198,2,0.54,0.27
29,31,199,2,0.54,0.27
29,47,0,19,135.74,7.14421052631579
29,47,1,19,134.48,7.077894736842104
29,47,2,12,84.13,7.010833333333333
29,47,3,9,61.69,6.854444444444444
29,47,4,3,20.46,6.82
29,47,5,12,81.72,6.81
29,47,6,10,67.94,6.794
29,47,7,8,54.31,6.78875
29,47,8,19,127.58,6.714736842105263
29,47,9,3,20.07,6.69
29,47,10,17,113.1,6.652941176470588
29,47,11,12,79.67,6.639166666666667
29,47,12,20,132.68,6.634
29,47,13,9,59.64,6.626666666666667
29,47,14,17,112.12,6.595294117647059
29,47,15,12,78.84,6.57
29,47,16,8,51.71,6.46375
29,47,17,16,101.86,6.36625
29,47,18,4,25.32,6.33
29,47,19,6,37.54,6.256666666666667
29,47,20,5,31.28,6.256
29,47,21,14,86.93,6.2092857142857145
29,47,22,15,92.98,6.198666666666667
29,47,23,20,123.85,6.1925
29,47,24,17,105.23,6.19
29,47,25,14,86.1,6.1499999999999995
29,47,26,17,103.52,6.089411764705882
29,47,27,3,18.24,6.079999999999999
29,47,28,2,11.93,5.965
29,47,29,4,23.78,5.945
29,47,30,19,112.92,5.943157894736842
29,47,31,18,106.41,5.911666666666666
29,47,32,10,59.08,5.9079999999999995
29,47,33,9,53.11,5.901111111111111
29,47,34,17,100.18,5.892941176470589
29,47,35,19,111.66,5.876842105263158
29,47,36,15,88.01,5.867333333333334
29,47,37,5,29.17,5.8340000000000005
29,47,38,18,104.99,5.832777777777777
29,47,39,14,81.6,5.828571428571428
29,47,40,10,57.76,5.776
29,47,41,4,23.0,5.75
29,47,42,6,34.2,5.7
29,47,43,17,96.69,5.687647058823529
29,47,44,4,22.55,5.6375
29,47,45,8,45.02,5.6275
29,47,46,19,105.51,5.5531578947368425
29,47,47,2,11.1,5.55
29,47,48,6,33.17,5.528333333333333
29,47,49,9,49.72,5.524444444444445
29,47,50,11,60.69,5.517272727272727
29,47,51,4,22.06,5.515
29,47,52,15,81.91,5.460666666666667
29,47,53,3,16.31,5.4366666666666665
29,47,54,14,75.77,5.4121428571428565
29,47,55,5,26.76,5.352
29,47,56,16,85.25,5.328125
29,47,57,20,105.31,5.2655
29,47,58,12,61.12,5.093333333333333
29,47,59,13,66.02,5.078461538461538
29,47,60,20,101.49,5.0745
29,47,61,13,65.86,5.0661538461538465
29,47,62,17,85.81,5.04764705882353
29,47,63,16,80.28,5.0175
29,47,64,16,77.11,4.819375
29,47,65,20,96.08,4.804
29,47,66,11,52.77,4.797272727272728
29,47,67,15,71.58,4.772
29,47,68,1,4.74,4.74
29,47,69,2,9.35,4.675
29,47,70,1,4.65,4.65
29,47,71,13,60.24,4.633846153846154
29,47,72,20,92.11,4.6055
29,47,73,19,86.49,4.552105263157895
29,47,74,9,40.86,4.54
29,47,75,7,31.74,4.534285714285714
29,47,76,13,58.36,4.489230769230769
29,47,77,12,53.65,4.470833333333333
29,47,78,3,13.28,4.426666666666667
29,47,79,6,26.16,4.36
29,47,80,2,8.67,4.335
29,47,81,13,56.08,4.313846153846153
29,47,82,13,55.97,4.305384615384615
29,47,83,12,51.04,4.253333333333333
29,47,84,13,55.04,4.233846153846153
29,47,85,7,29.56,4.222857142857142
29,47,86,19,77.09,4.057368421052632
29,47,87,10,40.23,4.023
29,47,88,19,76.05,4.002631578947368
29,47,89,13,51.8,3.9846153846153842
29,47,90,2,7.85,3.925
29,47,91,12,46.91,3.9091666666666662
29,47,92,2,7.81,3.905
29,47,93,6,22.99,3.8316666666666666
29,47,94,17,63.35,3.726470588235294
29,47,95,12,43.99,3.6658333333333335
29,47,96,2,7.33,3.665
29,47,97,8,29.31,3.66375
29,47,98,20,72.84,3.6420000000000003
29,47,99,18,65.39,3.6327777777777777
29,47,100,18,64.67,3.592777777777778
29,47,101,14,50.29,3.592142857142857
29,47,102,5,17.76,3.5520000000000005
29,47,103,14,49.25,3.517857142857143
29,47,104,7,24.55,3.507142857142857
29,47,105,9,31.1,3.4555555555555557
29,47,106,16,54.62,3.41375
29,47,107,10,33.45,3.345
29,47,108,3,10.01,3.3366666666666664
29,47,109,4,13.32,3.33
29,47,110,13,43.06,3.3123076923076926
29,47,111,7,23.1,3.3000000000000003
29,47,112,16,50.68,3.1675
29,47,113,3,9.39,3.1300000000000003
29,47,114,19,59.41,3.1268421052631576
29,47,115,14,42.8,3.057142857142857
29,47,116,19,57.28,3.0147368421052634
29,47,117,8,23.99,2.99875
29,47,118,2,5.82,2.91
29,47,119,19,54.56,2.871578947368421
29,47,120,6,17.04,2.84
29,47,121,12,34.01,2.8341666666666665
29,47,122,10,27.09,2.709
29,47,123,5,13.43,2.686
29,47,124,5,13.37,2.674
29,47,125,7,18.56,2.6514285714285712
29,47,126,9,23.45,2.6055555555555556
29,47,127,7,17.95,2.564285714285714
29,47,128,11,28.12,2.5563636363636366
29,47,129,14,34.92,2.494285714285714
29,47,130,17,42.23,2.4841176470588233
29,47,131,20,49.25,2.4625
29,47,132,8,19.59,2.44875
29,47,133,20,48.29,2.4145
29,47,134,14,32.77,2.3407142857142857
29,47,135,20,46.81,2.3405
29,47,136,7,15.87,2.267142857142857
29,47,137,13,28.83,2.2176923076923076
29,47,138,4,8.87,2.2175
29,47,139,6,13.24,2.2066666666666666
29,47,140,8,16.65,2.08125
29,47,141,15,30.72,2.048
29,47,142,3,6.11,2.0366666666666666
29,47,143,17,34.2,2.011764705882353
29,47,144,3,5.92,1.9733333333333334
29,47,145,11,21.43,1.9481818181818182
29,47,146,18,34.72,1.9288888888888889
29,47,147,17,32.21,1.8947058823529412
29,47,148,2,3.78,1.89
29,47,149,11,20.78,1.8890909090909092
29,47,150,15,28.18,1.8786666666666667
29,47,151,13,24.25,1.8653846153846154
29,47,152,17,31.66,1.8623529411764705
29,47,153,14,25.96,1.8542857142857143
29,47,154,16,28.22,1.76375
29,47,155,3,5.23,1.7433333333333334
29,47,156,4,6.97,1.7425
29,47,157,15,25.75,1.7166666666666666
29,47,158,5,8.58,1.716
29,47,159,5,8.56,1.7120000000000002
29,47,160,13,21.62,1.6630769230769231
29,47,161,10,15.58,1.558
29,47,162,14,21.55,1.5392857142857144
29,47,163,16,24.39,1.524375
29,47,164,2,3.02,1.51
29,47,165,9,13.44,1.4933333333333332
29,47,166,7,10.4,1.4857142857142858
29,47,167,7,10.33,1.4757142857142858
29,47,168,19,26.09,1.3731578947368421
29,47,169,1,1.32,1.32
29,47,170,15,19.32,1.288
29,47,171,20,25.3,1.2650000000000001
29,47,172,17,20.45,1.2029411764705882
29,47,173,16,18.8,1.175
29,47,174,1,1.17,1.17
29,47,175,17,19.34,1.1376470588235295
29,47,176,11,11.83,1.0754545454545454
29,47,177,5,4.59,0.9179999999999999
29,47,178,15,13.64,0.9093333333333333
29,47,179,15,13.09,0.8726666666666667
29,47,180,1,0.8,0.8
29,47,181,4,3.12,0.78
29,47,182,11,8.22,0.7472727272727273
29,47,183,9,5.54,0.6155555555555555
29,47,184,2,1.21,0.605
29,47,185,12,6.94,0.5783333333333334
29,47,186,13,7.45,0.573076923076923
29,47,187,8,4.42,0.5525
29,47,188,9,4.79,0.5322222222222223
29,47,189,10,5.12,0.512
29,47,190,15,7.4,0.49333333333333335
29,47,191,5,2.27,0.454
29,47,192,3,1.26,0.42
29,47,193,18,7.49,0.4161111111111111
29,47,194,13,4.84,0.3723076923076923
29,47,195,9,3.18,0.35333333333333333
29,47,196,2,0.64,0.32
29,47,197,10,3.18,0.318
29,47,198,6,1.8,0.3
29,47,199,15,4.41,0.294
29,48,0,8,21.97,2.74625
29,48,1,9,24.52,2.7244444444444444
29,48,2,15,40.56,2.704
29,48,3,18,48.38,2.687777777777778
29,48,4,17,45.32,2.6658823529411766
29,48,5,4,10.65,2.6625
29,48,6,6,15.89,2.6483333333333334
29,48,7,19,50.11,2.6373684210526314
29,48,8,17,44.82,2.6364705882352943
29,48,9,1,2.62,2.62
29,48,10,5,13.02,2.604
29,48,11,6,15.57,2.595
29,48,12,19,49.16,2.5873684210526315
29,48,13,6,15.47,2.5783333333333336
29,48,14,18,46.16,2.5644444444444443
29,48,15,18,45.84,2.546666666666667
29,48,16,3,7.64,2.5466666666666664
29,48,17,11,27.92,2.5381818181818185
29,48,18,19,48.2,2.5368421052631582
29,48,19,13,32.86,2.5276923076923077
29,48,20,9,22.61,2.5122222222222224
29,48,21,4,10.03,2.5075
29,48,22,8,20.04,2.505
29,48,23,12,30.05,2.504166666666667
29,48,24,8,19.72,2.465
29,48,25,20,49.08,2.4539999999999997
29,48,26,12,29.37,2.4475000000000002
29,48,27,3,7.26,2.42
29,48,28,3,7.25,2.4166666666666665
29,48,29,20,48.14,2.407
29,48,30,20,48.09,2.4045
29,48,31,5,12.0,2.4
29,48,32,5,11.91,2.382
29,48,33,8,19.05,2.38125
29,48,34,17,40.41,2.3770588235294117
29,48,35,20,47.1,2.355
29,48,36,4,9.41,2.3525
29,48,37,6,13.96,2.3266666666666667
29,48,38,2,4.62,2.31
29,48,39,3,6.81,2.27
29,48,40,4,9.04,2.26
29,48,41,13,29.32,2.2553846153846155
29,48,42,2,4.51,2.255
29,48,43,18,40.39,2.243888888888889
29,48,44,7,15.64,2.2342857142857144
29,48,45,15,33.21,2.214
29,48,46,20,43.74,2.1870000000000003
29,48,47,14,30.59,2.185
29,48,48,17,36.87,2.1688235294117644
29,48,49,20,43.33,2.1665
29,48,50,19,41.11,2.163684210526316
29,48,51,5,10.81,2.162
29,48,52,18,38.51,2.1394444444444445
29,48,53,17,35.93,2.1135294117647057
29,48,54,9,18.7,2.0777777777777775
29,48,55,8,16.58,2.0725
29,48,56,10,20.6,2.06
29,48,57,14,28.6,2.042857142857143
29,48,58,5,10.12,2.024
29,48,59,19,38.44,2.023157894736842
29,48,60,4,7.94,1.985
29,48,61,9,17.8,1.9777777777777779
29,48,62,7,13.51,1.93
29,48,63,11,20.96,1.9054545454545455
29,48,64,6,11.42,1.9033333333333333
29,48,65,1,1.89,1.89
29,48,66,17,31.95,1.8794117647058823
29,48,67,20,37.31,1.8655000000000002
29,48,68,15,27.91,1.8606666666666667
29,48,69,11,20.32,1.8472727272727274
29,48,70,1,1.82,1.82
29,48,71,13,23.44,1.8030769230769232
29,48,72,7,12.62,1.8028571428571427
29,48,73,8,14.42,1.8025
29,48,74,15,26.51,1.7673333333333334
29,48,75,6,10.58,1.7633333333333334
29,48,76,10,17.32,1.732
29,48,77,5,8.56,1.7120000000000002
29,48,78,3,4.98,1.6600000000000001
29,48,79,6,9.95,1.6583333333333332
29,48,80,17,27.82,1.6364705882352941
29,48,81,12,19.56,1.63
29,48,82,4,6.51,1.6275
29,48,83,18,29.1,1.6166666666666667
29,48,84,20,32.0,1.6
29,48,85,1,1.59,1.59
29,48,86,14,22.01,1.5721428571428573
29,48,87,17,26.65,1.5676470588235294
29,48,88,8,12.53,1.56625
29,48,89,5,7.82,1.564
29,48,90,10,15.61,1.561
29,48,91,1,1.56,1.56
29,48,92,9,13.97,1.5522222222222224
29,48,93,11,16.98,1.5436363636363637
29,48,94,12,18.33,1.5274999999999999
29,48,95,13,19.85,1.526923076923077
29,48,96,18,26.74,1.4855555555555555
29,48,97,6,8.86,1.4766666666666666
29,48,98,2,2.95,1.475
29,48,99,1,1.47,1.47
29,48,100,6,8.82,1.47
29,48,101,3,4.4,1.4666666666666668
29,48,102,12,16.69,1.3908333333333334
29,48,103,8,10.96,1.37
29,48,104,10,13.64,1.364
29,48,105,10,13.36,1.3359999999999999
29,48,106,16,21.05,1.315625
29,48,107,1,1.29,1.29
29,48,108,14,18.04,1.2885714285714285
29,48,109,20,25.04,1.252
29,48,110,19,23.51,1.2373684210526317
29,48,111,13,15.82,1.216923076923077
29,48,112,8,9.59,1.19875
29,48,113,11,13.13,1.1936363636363636
29,48,114,18,21.21,1.1783333333333335
29,48,115,19,22.28,1.1726315789473685
29,48,116,12,13.9,1.1583333333333334
29,48,117,9,10.42,1.1577777777777778
29,48,118,12,13.83,1.1525
29,48,119,10,11.4,1.1400000000000001
29,48,120,18,20.51,1.1394444444444445
29,48,121,17,19.25,1.1323529411764706
29,48,122,5,5.44,1.088
29,48,123,5,5.4,1.08
29,48,124,7,7.53,1.0757142857142858
29,48,125,9,9.47,1.0522222222222224
29,48,126,6,6.21,1.035
29,48,127,16,16.42,1.02625
29,48,128,16,15.96,0.9975
29,48,129,1,0.98,0.98
29,48,130,16,15.61,0.975625
29,48,131,18,17.5,0.9722222222222222
29,48,132,2,1.93,0.965
29,48,133,20,19.24,0.962
29,48,134,17,16.23,0.9547058823529412
29,48,135,1,0.95,0.95
29,48,136,4,3.68,0.92
29,48,137,17,15.56,0.9152941176470588
29,48,138,17,15.4,0.9058823529411765
29,48,139,12,10.77,0.8975
29,48,140,8,7.07,0.88375
29,48,141,4,3.52,0.88
29,48,142,2,1.76,0.88
29,48,143,13,11.41,0.8776923076923077
29,48,144,20,17.51,0.8755000000000001
29,48,145,16,13.8,0.8625
29,48,146,7,6.0,0.8571428571428571
29,48,147,5,4.26,0.852
29,48,148,2,1.7,0.85
29,48,149,17,14.27,0.8394117647058823
29,48,150,3,2.45,0.8166666666666668
29,48,151,8,6.52,0.815
29,48,152,8,6.38,0.7975
29,48,153,20,15.62,0.7809999999999999
29,48,154,19,14.68,0.7726315789473684
29,48,155,9,6.84,0.76
29,48,156,18,13.5,0.75
29,48,157,3,2.19,0.73
29,48,158,8,5.83,0.72875
29,48,159,17,12.36,0.7270588235294118
29,48,160,13,9.39,0.7223076923076923
29,48,161,19,13.1,0.6894736842105263
29,48,162,1,0.68,0.68
29,48,163,12,7.98,0.665
29,48,164,5,3.06,0.612
29,48,165,12,7.32,0.61
29,48,166,16,9.61,0.600625
29,48,167,14,8.15,0.5821428571428572
29,48,168,7,3.93,0.5614285714285715
29,48,169,19,10.17,0.5352631578947369
29,48,170,11,5.75,0.5227272727272727
29,48,171,6,3.08,0.5133333333333333
29,48,172,9,4.3,0.47777777777777775
29,48,173,10,4.66,0.466
29,48,174,10,4.54,0.454
29,48,175,20,9.08,0.454
29,48,176,17,7.5,0.4411764705882353
29,48,177,11,4.51,0.41
29,48,178,19,7.51,0.3952631578947368
29,48,179,6,2.28,0.37999999999999995
29,48,180,18,6.37,0.3538888888888889
29,48,181,9,3.02,0.33555555555555555
29,48,182,18,6.01,0.3338888888888889
29,48,183,1,0.32,0.32
29,48,184,4,1.28,0.32
29,48,185,20,6.17,0.3085
29,48,186,8,2.41,0.30125
29,48,187,20,5.95,0.2975
29,48,188,18,5.32,0.29555555555555557
29,48,189,18,5.09,0.2827777777777778
29,48,190,18,4.6,0.25555555555555554
29,48,191,12,2.97,0.24750000000000003
29,48,192,4,0.98,0.245
29,48,193,3,0.69,0.22999999999999998
29,48,194,17,3.41,0.20058823529411765
29,48,195,5,0.99,0.198
29,48,196,7,1.17,0.16714285714285712
29,48,197,4,0.61,0.1525
29,48,198,12,1.83,0.1525
29,48,199,15,1.73,0.11533333333333333
29,90,0,1,7.48,7.48
29,90,1,5,37.27,7.454000000000001
29,90,2,5,37.04,7.4079999999999995
29,90,3,18,132.92,7.384444444444444
29,90,4,3,22.11,7.37
29,90,5,16,117.87,7.366875
29,90,6,20,146.55,7.327500000000001
29,90,7,20,146.21,7.3105
29,90,8,3,21.93,7.31
29,90,9,7,50.82,7.26
29,90,10,18,130.25,7.236111111111111
29,90,11,3,21.58,7.1933333333333325
29,90,12,5,35.9,7.18
29,90,13,11,78.94,7.176363636363636
29,90,14,17,121.06,7.121176470588235
29,90,15,14,99.65,7.117857142857143
29,90,16,1,6.96,6.96
29,90,17,6,41.38,6.896666666666667
29,90,18,7,47.26,6.751428571428571
29,90,19,8,53.79,6.72375
29,90,20,20,133.4,6.67
29,90,21,7,46.61,6.658571428571428
29,90,22,7,46.48,6.64
29,90,23,2,13.25,6.625
29,90,24,18,116.8,6.488888888888889
29,90,25,14,89.86,6.418571428571428
29,90,26,4,25.46,6.365
29,90,27,15,95.28,6.352
29,90,28,13,82.56,6.350769230769231
29,90,29,5,30.98,6.196
29,90,30,6,36.79,6.131666666666667
29,90,31,15,91.38,6.092
29,90,32,10,60.88,6.088
29,90,33,2,12.06,6.03
29,90,34,9,54.25,6.027777777777778
29,90,35,15,89.47,5.964666666666667
29,90,36,14,82.59,5.899285714285715
29,90,37,17,98.89,5.817058823529412
29,90,38,19,110.36,5.808421052631579
29,90,39,3,17.38,5.793333333333333
29,90,40,13,75.31,5.7930769230769235
29,90,41,17,97.53,5.737058823529412
29,90,42,12,68.64,5.72
29,90,43,8,45.69,5.71125
29,90,44,18,101.47,5.637222222222222
29,90,45,7,39.0,5.571428571428571
29,90,46,13,72.11,5.546923076923077
29,90,47,10,55.34,5.534000000000001
29,90,48,16,87.48,5.4675
29,90,49,9,48.79,5.421111111111111
29,90,50,9,48.62,5.402222222222222
29,90,51,17,91.54,5.384705882352941
29,90,52,17,90.28,5.310588235294118
29,90,53,11,57.91,5.264545454545455
29,90,54,7,36.75,5.25
29,90,55,10,52.43,5.243
29,90,56,17,88.69,5.2170588235294115
29,90,57,9,46.37,5.152222222222222
29,90,58,3,15.43,5.1433333333333335
29,90,59,2,10.0,5.0
29,90,60,15,74.83,4.988666666666666
29,90,61,13,64.68,4.975384615384616
29,90,62,4,19.81,4.9525
29,90,63,9,44.31,4.923333333333334
29,90,64,7,33.97,4.852857142857142
29,90,65,18,87.06,4.836666666666667
29,90,66,12,57.55,4.795833333333333
29,90,67,18,85.41,4.745
29,90,68,16,75.86,4.74125
29,90,69,9,42.34,4.704444444444444
29,90,70,1,4.7,4.7
29,90,71,2,9.31,4.655
29,90,72,16,74.35,4.646875
29,90,73,13,59.8,4.6
29,90,74,3,13.78,4.593333333333333
29,90,75,10,45.66,4.566
29,90,76,5,22.83,4.566
29,90,77,7,31.68,4.525714285714286
29,90,78,6,26.75,4.458333333333333
29,90,79,14,61.77,4.412142857142857
29,90,80,9,39.53,4.392222222222222
29,90,81,20,87.84,4.392
29,90,82,16,68.75,4.296875
29,90,83,8,34.28,4.285
29,90,84,4,16.85,4.2125
29,90,85,13,54.13,4.163846153846154
29,90,86,6,24.7,4.116666666666666
29,90,87,4,16.38,4.095
29,90,88,17,67.62,3.9776470588235298
29,90,89,14,55.1,3.935714285714286
29,90,90,15,58.11,3.874
29,90,91,2,7.66,3.83
29,90,92,10,38.14,3.814
29,90,93,10,37.53,3.753
29,90,94,6,22.43,3.7383333333333333
29,90,95,7,26.1,3.7285714285714286
29,90,96,16,59.55,3.721875
29,90,97,9,33.15,3.683333333333333
29,90,98,19,69.8,3.6736842105263157
29,90,99,16,58.6,3.6625
29,90,100,6,21.97,3.6616666666666666
29,90,101,1,3.6,3.6
29,90,102,12,42.96,3.58
29,90,103,1,3.56,3.56
29,90,104,16,55.84,3.49
29,90,105,13,45.34,3.487692307692308
29,90,106,14,48.78,3.4842857142857144
29,90,107,17,59.07,3.474705882352941
29,90,108,11,38.15,3.4681818181818183
29,90,109,2,6.91,3.455
29,90,110,8,27.44,3.43
29,90,111,8,27.15,3.39375
29,90,112,15,50.75,3.3833333333333333
29,90,113,15,50.36,3.3573333333333335
29,90,114,20,67.13,3.3564999999999996
29,90,115,20,66.19,3.3095
29,90,116,3,9.87,3.2899999999999996
29,90,117,20,65.6,3.28
29,90,118,16,50.71,3.169375
29,90,119,19,59.48,3.1305263157894734
29,90,120,5,15.52,3.104
29,90,121,15,45.88,3.058666666666667
29,90,122,4,12.21,3.0525
29,90,123,2,6.01,3.005
29,90,124,10,29.59,2.959
29,90,125,7,20.31,2.9014285714285712
29,90,126,20,57.78,2.8890000000000002
29,90,127,17,48.94,2.878823529411765
29,90,128,20,55.82,2.791
29,90,129,1,2.78,2.78
29,90,130,2,5.5,2.75
29,90,131,8,21.66,2.7075
29,90,132,19,50.0,2.6315789473684212
29,90,133,15,38.79,2.586
29,90,134,2,5.04,2.52
29,90,135,16,40.31,2.519375
29,90,136,10,23.52,2.352
29,90,137,11,25.37,2.3063636363636366
29,90,138,7,15.24,2.177142857142857
29,90,139,18,38.72,2.151111111111111
29,90,140,9,19.27,2.141111111111111
29,90,141,13,27.8,2.1384615384615384
29,90,142,5,10.29,2.058
29,90,143,1,2.04,2.04
29,90,144,3,6.09,2.03
29,90,145,10,19.66,1.966
29,90,146,18,35.18,1.9544444444444444
29,90,147,15,28.91,1.9273333333333333
29,90,148,14,26.74,1.91
29,90,149,17,32.08,1.8870588235294117
29,90,150,19,35.4,1.8631578947368421
29,90,151,11,20.15,1.8318181818181818
29,90,152,4,7.26,1.815
29,90,153,12,20.59,1.7158333333333333
29,90,154,13,21.89,1.683846153846154
29,90,155,9,14.98,1.6644444444444444
29,90,156,11,18.06,1.6418181818181816
29,90,157,16,25.32,1.5825
29,90,158,15,23.68,1.5786666666666667
29,90,159,16,25.13,1.570625
29,90,160,14,21.93,1.5664285714285715
29,90,161,12,18.62,1.5516666666666667
29,90,162,2,3.01,1.505
29,90,163,8,11.89,1.48625
29,90,164,5,6.84,1.3679999999999999
29,90,165,8,10.93,1.36625
29,90,166,2,2.63,1.315
29,90,167,3,3.85,1.2833333333333334
29,90,168,4,5.1,1.275
29,90,169,9,10.83,1.2033333333333334
29,90,170,19,22.48,1.1831578947368422
29,90,171,9,10.48,1.1644444444444444
29,90,172,15,17.46,1.1640000000000001
29,90,173,15,16.76,1.1173333333333335
29,90,174,11,11.78,1.0709090909090908
29,90,175,19,19.96,1.0505263157894738
29,90,176,5,5.25,1.05
29,90,177,16,16.49,1.030625
29,90,178,18,18.42,1.0233333333333334
29,90,179,1,0.98,0.98
29,90,180,15,14.0,0.9333333333333333
29,90,181,20,18.57,0.9285
29,90,182,12,10.7,0.8916666666666666
29,90,183,8,6.87,0.85875
29,90,184,13,11.03,0.8484615384615384
29,90,185,7,5.85,0.8357142857142856
29,90,186,11,9.07,0.8245454545454546
29,90,187,8,6.02,0.7525
29,90,188,17,12.64,0.7435294117647059
29,90,189,18,13.09,0.7272222222222222
29,90,190,12,7.99,0.6658333333333334
29,90,191,4,2.4,0.6
29,90,192,5,2.78,0.5559999999999999
29,90,193,8,4.25,0.53125
29,90,194,3,1.56,0.52
29,90,195,16,8.3,0.51875
29,90,196,12,5.73,0.47750000000000004
29,90,197,9,3.28,0.3644444444444444
29,90,198,14,4.71,0.3364285714285714
29,90,199,16,5.13,0.320625
31,5,0,2,6.2,3.1
31,5,1,3,9.22,3.0733333333333337
31,5,2,13,39.89,3.0684615384615386
31,5,3,11,33.74,3.0672727272727274
31,5,4,4,12.19,3.0475
31,5,5,20,60.84,3.0420000000000003
31,5,6,5,15.07,3.0140000000000002
31,5,7,3,8.98,2.9933333333333336
31,5,8,13,38.79,2.983846153846154
31,5,9,12,35.61,2.9675
31,5,10,16,47.45,2.965625
31,5,11,6,17.77,2.9616666666666664
31,5,12,18,53.29,2.9605555555555556
31,5,13,5,14.77,2.9539999999999997
31,5,14,11,32.35,2.940909090909091
31,5,15,11,32.2,2.9272727272727277
31,5,16,13,38.02,2.924615384615385
31,5,17,18,52.64,2.9244444444444446
31,5,18,20,58.16,2.908
31,5,19,10,28.85,2.8850000000000002
31,5,20,14,40.26,2.8757142857142854
31,5,21,4,11.49,2.8725
31,5,22,5,14.26,2.852
31,5,23,10,28.48,2.848
31,5,24,4,11.32,2.83
31,5,25,7,19.64,2.8057142857142856
31,5,26,8,22.32,2.79
31,5,27,6,16.68,2.78
31,5,28,10,27.76,2.7760000000000002
31,5,29,19,52.63,2.77
31,5,30,17,46.76,2.7505882352941176
31,5,31,6,16.5,2.75
31,5,32,18,49.45,2.7472222222222222
31,5,33,11,30.21,2.7463636363636366
31,5,34,17,46.43,2.731176470588235
31,5,35,19,51.82,2.7273684210526317
31,5,36,1,2.72,2.72
31,5,37,13,35.22,2.709230769230769
31,5,38,1,2.7,2.7
31,5,39,19,50.71,2.6689473684210525
31,5,40,17,45.21,2.6594117647058826
31,5,41,12,31.81,2.6508333333333334
31,5,42,7,18.33,2.6185714285714283
31,5,43,7,17.76,2.5371428571428574
31,5,44,13,32.98,2.5369230769230766
31,5,45,5,12.42,2.484
31,5,46,20,49.67,2.4835000000000003
31,5,47,5,12.36,2.472
31,5,48,13,32.07,2.4669230769230768
31,5,49,7,17.23,2.4614285714285713
31,5,50,16,39.12,2.445
31,5,51,9,21.99,2.4433333333333334
31,5,52,3,7.3,2.433333333333333
31,5,53,10,24.3,2.43
31,5,54,17,41.04,2.4141176470588235
31,5,55,4,9.65,2.4125
31,5,56,16,38.29,2.393125
31,5,57,1,2.39,2.39
31,5,58,20,47.68,2.384
31,5,59,5,11.73,2.346
31,5,60,9,21.06,2.34
31,5,61,7,16.12,2.302857142857143
31,5,62,4,9.15,2.2875
31,5,63,17,38.56,2.2682352941176473
31,5,64,18,40.78,2.2655555555555558
31,5,65,11,24.81,2.2554545454545454
31,5,66,2,4.51,2.255
31,5,67,19,42.74,2.2494736842105265
31,5,68,16,35.96,2.2475
31,5,69,3,6.64,2.2133333333333334
31,5,70,16,35.41,2.213125
31,5,71,13,28.66,2.2046153846153844
31,5,72,13,28.65,2.2038461538461536
31,5,73,2,4.38,2.19
31,5,74,12,26.16,2.18
31,5,75,4,8.71,2.1775
31,5,76,14,30.44,2.1742857142857144
31,5,77,6,13.02,2.17
31,5,78,9,19.47,2.163333333333333
31,5,79,11,23.78,2.161818181818182
31,5,80,18,38.62,2.145555555555555
31,5,81,19,40.76,2.1452631578947368
31,5,82,19,40.72,2.143157894736842
31,5,83,11,23.1,2.1
31,5,84,3,6.2,2.066666666666667
31,5,85,3,6.14,2.0466666666666664
31,5,86,2,4.09,2.045
31,5,87,14,28.58,2.0414285714285714
31,5,88,9,18.36,2.04
31,5,89,15,30.16,2.010666666666667
31,5,90,3,6.02,2.0066666666666664
31,5,91,13,25.86,1.9892307692307691
31,5,92,9,17.57,1.9522222222222223
31,5,93,4,7.78,1.945
31,5,94,17,32.33,1.9017647058823528
31,5,95,15,28.35,1.8900000000000001
31,5,96,17,31.93,1.878235294117647
31,5,97,14,26.24,1.874285714285714
31,5,98,13,22.75,1.75
31,5,99,9,15.61,1.7344444444444445
31,5,100,7,12.03,1.7185714285714284
31,5,101,17,28.95,1.7029411764705882
31,5,102,8,13.58,1.6975
31,5,103,1,1.66,1.66
31,5,104,15,24.75,1.65
31,5,105,18,29.24,1.6244444444444444
31,5,106,5,8.04,1.6079999999999999
31,5,107,16,25.54,1.59625
31,5,108,9,14.33,1.5922222222222222
31,5,109,2,3.18,1.59
31,5,110,19,30.2,1.5894736842105264
31,5,111,5,7.8,1.56
31,5,112,14,21.54,1.5385714285714285
31,5,113,15,22.78,1.5186666666666668
31,5,114,20,30.26,1.5130000000000001
31,5,115,6,9.05,1.5083333333333335
31,5,116,10,15.06,1.506
31,5,117,1,1.49,1.49
31,5,118,1,1.43,1.43
31,5,119,9,12.81,1.4233333333333333
31,5,120,4,5.65,1.4125
31,5,121,11,15.53,1.4118181818181819
31,5,122,7,9.69,1.3842857142857141
31,5,123,12,16.52,1.3766666666666667
31,5,124,11,15.13,1.3754545454545455
31,5,125,8,10.57,1.32125
31,5,126,13,16.28,1.2523076923076923
31,5,127,9,11.22,1.2466666666666668
31,5,128,10,12.26,1.226
31,5,129,19,22.99,1.21
31,5,130,12,14.28,1.19
31,5,131,12,14.27,1.1891666666666667
31,5,132,17,20.06,1.18
31,5,133,14,16.08,1.1485714285714284
31,5,134,3,3.42,1.14
31,5,135,17,19.3,1.1352941176470588
31,5,136,17,19.25,1.1323529411764706
31,5,137,15,16.38,1.0919999999999999
31,5,138,1,1.09,1.09
31,5,139,8,8.72,1.09
31,5,140,12,12.68,1.0566666666666666
31,5,141,12,12.59,1.0491666666666666
31,5,142,15,15.71,1.0473333333333334
31,5,143,14,14.66,1.0471428571428572
31,5,144,19,19.76,1.04
31,5,145,16,16.62,1.03875
31,5,146,13,13.5,1.0384615384615385
31,5,147,20,20.68,1.034
31,5,148,3,3.02,1.0066666666666666
31,5,149,18,17.75,0.9861111111111112
31,5,150,2,1.96,0.98
31,5,151,4,3.88,0.97
31,5,152,7,6.69,0.9557142857142857
31,5,153,12,11.33,0.9441666666666667
31,5,154,18,16.22,0.9011111111111111
31,5,155,9,8.1,0.8999999999999999
31,5,156,20,17.78,0.889
31,5,157,2,1.71,0.855
31,5,158,9,7.68,0.8533333333333333
31,5,159,14,11.88,0.8485714285714286
31,5,160,20,16.92,0.8460000000000001
31,5,161,9,7.45,0.8277777777777778
31,5,162,17,13.84,0.8141176470588235
31,5,163,6,4.59,0.765
31,5,164,11,8.23,0.7481818181818182
31,5,165,16,11.81,0.738125
31,5,166,16,11.4,0.7125
31,5,167,7,4.85,0.6928571428571428
31,5,168,15,10.33,0.6886666666666666
31,5,169,12,7.95,0.6625
31,5,170,3,1.98,0.66
31,5,171,13,8.45,0.6499999999999999
31,5,172,7,3.99,0.5700000000000001
31,5,173,2,1.13,0.565
31,5,174,14,7.8,0.5571428571428572
31,5,175,19,10.41,0.5478947368421053
31,5,176,3,1.59,0.53
31,5,177,6,3.17,0.5283333333333333
31,5,178,3,1.54,0.5133333333333333
31,5,179,7,3.59,0.5128571428571428
31,5,180,15,7.69,0.5126666666666667
31,5,181,16,8.09,0.505625
31,5,182,11,5.34,0.4854545454545454
31,5,183,13,5.71,0.4392307692307692
31,5,184,17,7.42,0.4364705882352941
31,5,185,1,0.43,0.43
31,5,186,8,3.42,0.4275
31,5,187,12,4.97,0.4141666666666666
31,5,188,18,6.93,0.385
31,5,189,6,2.29,0.38166666666666665
31,5,190,10,3.52,0.352
31,5,191,2,0.69,0.345
31,5,192,4,1.36,0.34
31,5,193,12,3.68,0.3066666666666667
31,5,194,15,4.2,0.28
31,5,195,6,1.49,0.24833333333333332
31,5,196,4,0.93,0.2325
31,5,197,19,3.85,0.2026315789473684
31,5,198,3,0.52,0.17333333333333334
31,5,199,8,1.27,0.15875
31,10,0,9,46.77,5.196666666666667
31,10,1,3,15.55,5.183333333333334
31,10,2,3,15.36,5.12
31,10,3,11,56.29,5.117272727272727
31,10,4,7,35.36,5.051428571428572
31,10,5,9,44.69,4.9655555555555555
31,10,6,15,73.5,4.9
31,10,7,4,19.56,4.89
31,10,8,5,23.86,4.772
31,10,9,2,9.49,4.745
31,10,10,2,9.41,4.705
31,10,11,13,61.03,4.694615384615385
31,10,12,16,74.7,4.66875
31,10,13,14,65.03,4.6450000000000005
31,10,14,16,73.9,4.61875
31,10,15,14,64.55,4.610714285714286
31,10,16,9,41.4,4.6
31,10,17,12,55.0,4.583333333333333
31,10,18,19,86.59,4.557368421052632
31,10,19,1,4.5,4.5
31,10,20,2,8.94,4.47
31,10,21,8,35.45,4.43125
31,10,22,3,13.29,4.43
31,10,23,16,70.66,4.41625
31,10,24,10,44.13,4.413
31,10,25,13,57.29,4.406923076923077
31,10,26,17,74.76,4.39764705882353
31,10,27,3,13.14,4.38
31,10,28,13,55.91,4.30076923076923
31,10,29,8,34.37,4.29625
31,10,30,15,64.43,4.295333333333334
31,10,31,13,55.52,4.270769230769231
31,10,32,19,80.39,4.231052631578947
31,10,33,18,75.17,4.176111111111111
31,10,34,15,61.85,4.123333333333333
31,10,35,19,77.97,4.103684210526316
31,10,36,14,57.41,4.100714285714285
31,10,37,19,77.85,4.097368421052631
31,10,38,14,57.09,4.077857142857143
31,10,39,2,8.05,4.025
31,10,40,6,24.08,4.013333333333333
31,10,41,7,27.72,3.96
31,10,42,20,79.12,3.9560000000000004
31,10,43,17,67.22,3.9541176470588235
31,10,44,20,78.58,3.929
31,10,45,3,11.75,3.9166666666666665
31,10,46,10,39.16,3.9159999999999995
31,10,47,9,35.16,3.9066666666666663
31,10,48,19,73.72,3.88
31,10,49,9,34.9,3.8777777777777778
31,10,50,9,34.47,3.83
31,10,51,6,22.33,3.7216666666666662
31,10,52,7,25.66,3.665714285714286
31,10,53,11,39.53,3.5936363636363637
31,10,54,2,7.16,3.58
31,10,55,4,14.19,3.5475
31,10,56,2,6.96,3.48
31,10,57,11,38.15,3.4681818181818183
31,10,58,7,23.87,3.41
31,10,59,13,44.33,3.4099999999999997
31,10,60,5,17.01,3.402
31,10,61,3,10.11,3.3699999999999997
31,10,62,4,13.44,3.36
31,10,63,20,65.55,3.2775
31,10,64,3,9.78,3.26
31,10,65,14,44.89,3.2064285714285714
31,10,66,10,32.04,3.2039999999999997
31,10,67,4,12.77,3.1925
31,10,68,14,44.4,3.1714285714285713
31,10,69,14,44.38,3.1700000000000004
31,10,70,1,3.15,3.15
31,10,71,14,43.99,3.1421428571428573
31,10,72,2,6.23,3.115
31,10,73,17,51.26,3.0152941176470587
31,10,74,3,9.01,3.0033333333333334
31,10,75,18,53.14,2.9522222222222223
31,10,76,11,32.06,2.9145454545454546
31,10,77,8,23.27,2.90875
31,10,78,12,34.72,2.893333333333333
31,10,79,9,25.99,2.8877777777777776
31,10,80,14,39.11,2.7935714285714286
31,10,81,14,38.6,2.757142857142857
31,10,82,2,5.41,2.705
31,10,83,18,48.53,2.696111111111111
31,10,84,3,7.99,2.6633333333333336
31,10,85,5,13.24,2.648
31,10,86,15,39.68,2.6453333333333333
31,10,87,16,42.32,2.645
31,10,88,17,44.84,2.6376470588235295
31,10,89,17,44.63,2.625294117647059
31,10,90,2,5.24,2.62
31,10,91,12,31.03,2.5858333333333334
31,10,92,16,40.97,2.560625
31,10,93,12,30.63,2.5524999999999998
31,10,94,1,2.54,2.54
31,10,95,20,49.42,2.471
31,10,96,19,46.72,2.4589473684210525
31,10,97,3,7.16,2.3866666666666667
31,10,98,18,42.59,2.3661111111111115
31,10,99,6,14.07,2.345
31,10,100,15,35.08,2.3386666666666667
31,10,101,4,9.24,2.31
31,10,102,20,45.02,2.2510000000000003
31,10,103,9,20.15,2.238888888888889
31,10,104,14,30.96,2.2114285714285713
31,10,105,3,6.57,2.19
31,10,106,14,30.6,2.185714285714286
31,10,107,19,40.93,2.1542105263157896
31,10,108,9,19.36,2.151111111111111
31,10,109,10,21.13,2.113
31,10,110,12,25.31,2.1091666666666664
31,10,111,1,2.1,2.1
31,10,112,18,37.77,2.0983333333333336
31,10,113,6,12.56,2.0933333333333333
31,10,114,17,35.49,2.0876470588235296
31,10,115,17,35.32,2.0776470588235294
31,10,116,6,12.24,2.04
31,10,117,1,2.03,2.03
31,10,118,9,17.77,1.9744444444444444
31,10,119,9,17.57,1.9522222222222223
31,10,120,19,36.81,1.9373684210526316
31,10,121,3,5.79,1.93
31,10,122,17,32.5,1.911764705882353
31,10,123,8,15.28,1.91
31,10,124,10,19.07,1.907
31,10,125,6,11.42,1.9033333333333333
31,10,126,10,18.85,1.8850000000000002
31,10,127,17,31.3,1.8411764705882354
31,10,128,1,1.84,1.84
31,10,129,18,33.09,1.8383333333333336
31,10,130,8,14.66,1.8325
31,10,131,14,25.51,1.8221428571428573
31,10,132,16,28.94,1.80875
31,10,133,3,5.38,1.7933333333333332
31,10,134,8,14.15,1.76875
31,10,135,1,1.73,1.73
31,10,136,15,25.45,1.6966666666666665
31,10,137,2,3.39,1.695
31,10,138,14,23.41,1.6721428571428572
31,10,139,3,4.92,1.64
31,10,140,8,13.12,1.64
31,10,141,14,22.86,1.6328571428571428
31,10,142,14,22.57,1.612142857142857
31,10,143,2,3.2,1.6
31,10,144,11,16.86,1.5327272727272727
31,10,145,13,19.78,1.5215384615384617
31,10,146,15,22.48,1.4986666666666666
31,10,147,2,2.97,1.485
31,10,148,2,2.91,1.455
31,10,149,11,15.62,1.42
31,10,150,13,17.62,1.3553846153846154
31,10,151,20,26.83,1.3415
31,10,152,3,3.92,1.3066666666666666
31,10,153,10,13.01,1.301
31,10,154,18,23.27,1.2927777777777778
31,10,155,15,19.13,1.2753333333333332
31,10,156,19,24.06,1.266315789473684
31,10,157,12,15.0,1.25
31,10,158,8,9.22,1.1525
31,10,159,10,11.52,1.152
31,10,160,10,11.51,1.151
31,10,161,6,6.58,1.0966666666666667
31,10,162,13,13.94,1.0723076923076922
31,10,163,5,5.27,1.0539999999999998
31,10,164,15,15.45,1.03
31,10,165,4,3.96,0.99
31,10,166,15,14.81,0.9873333333333334
31,10,167,6,5.67,0.945
31,10,168,9,8.4,0.9333333333333333
31,10,169,13,12.05,0.926923076923077
31,10,170,11,10.09,0.9172727272727272
31,10,171,3,2.75,0.9166666666666666
31,10,172,20,17.41,0.8705
31,10,173,15,12.92,0.8613333333333333
31,10,174,5,3.74,0.748
31,10,175,9,6.48,0.7200000000000001
31,10,176,12,8.62,0.7183333333333333
31,10,177,2,1.4,0.7
31,10,178,11,7.56,0.6872727272727273
31,10,179,15,9.89,0.6593333333333333
31,10,180,9,5.82,0.6466666666666667
31,10,181,15,9.6,0.64
31,10,182,11,6.99,0.6354545454545455
31,10,183,14,8.0,0.5714285714285714
31,10,184,20,10.8,0.54
31,10,185,19,10.2,0.5368421052631579
31,10,186,19,9.12,0.48
31,10,187,9,4.1,0.4555555555555555
31,10,188,15,6.81,0.45399999999999996
31,10,189,7,2.97,0.4242857142857143
31,10,190,8,3.39,0.42375
31,10,191,16,6.09,0.380625
31,10,192,17,6.35,0.3735294117647059
31,10,193,13,4.24,0.3261538461538462
31,10,194,8,2.42,0.3025
31,10,195,8,2.09,0.26125
31,10,196,14,3.28,0.23428571428571426
31,10,197,18,4.1,0.22777777777777775
31,10,198,2,0.45,0.225
31,10,199,4,0.84,0.21
31,16,0,9,30.23,3.358888888888889
31,16,1,18,60.36,3.3533333333333335
31,16,2,9,30.11,3.3455555555555554
31,16,3,8,26.75,3.34375
31,16,4,13,43.43,3.3407692307692307
31,16,5,12,39.99,3.3325
31,16,6,14,46.26,3.3042857142857143
31,16,7,14,45.91,3.279285714285714
31,16,8,5,16.35,3.2700000000000005
31,16,9,12,38.96,3.2466666666666666
31,16,10,14,45.17,3.2264285714285714
31,16,11,20,64.07,3.2034999999999996
31,16,12,13,41.57,3.1976923076923076
31,16,13,7,22.35,3.192857142857143
31,16,14,16,50.84,3.1775
31,16,15,10,31.56,3.1559999999999997
31,16,16,5,15.63,3.1260000000000003
31,16,17,9,28.12,3.1244444444444444
31,16,18,17,53.08,3.1223529411764703
31,16,19,3,9.32,3.106666666666667
31,16,20,12,37.21,3.1008333333333336
31,16,21,3,9.27,3.09
31,16,22,20,61.75,3.0875
31,16,23,2,6.05,3.025
31,16,24,14,42.22,3.0157142857142856
31,16,25,2,6.01,3.005
31,16,26,1,2.97,2.97
31,16,27,11,32.63,2.9663636363636368
31,16,28,17,50.34,2.9611764705882355
31,16,29,13,38.37,2.9515384615384614
31,16,30,4,11.67,2.9175
31,16,31,15,43.22,2.881333333333333
31,16,32,11,31.53,2.8663636363636367
31,16,33,1,2.86,2.86
31,16,34,8,22.85,2.85625
31,16,35,7,19.86,2.837142857142857
31,16,36,3,8.47,2.8233333333333337
31,16,37,19,53.25,2.8026315789473686
31,16,38,8,22.28,2.785
31,16,39,12,33.29,2.7741666666666664
31,16,40,20,55.44,2.772
31,16,41,9,24.73,2.747777777777778
31,16,42,3,8.21,2.736666666666667
31,16,43,20,54.43,2.7215
31,16,44,15,40.54,2.7026666666666666
31,16,45,17,45.55,2.679411764705882
31,16,46,5,13.37,2.674
31,16,47,11,28.71,2.61
31,16,48,20,51.96,2.598
31,16,49,14,36.16,2.5828571428571427
31,16,50,5,12.83,2.566
31,16,51,2,5.12,2.56
31,16,52,17,42.78,2.5164705882352942
31,16,53,16,40.17,2.510625
31,16,54,16,39.78,2.48625
31,16,55,17,42.19,2.4817647058823527
31,16,56,10,24.74,2.4739999999999998
31,16,57,3,7.39,2.4633333333333334
31,16,58,14,34.29,2.4492857142857143
31,16,59,12,28.84,2.4033333333333333
31,16,60,17,40.51,2.382941176470588
31,16,61,14,33.35,2.382142857142857
31,16,62,10,23.56,2.356
31,16,63,14,32.96,2.3542857142857145
31,16,64,15,34.77,2.318
31,16,65,20,45.48,2.274
31,16,66,15,33.72,2.2479999999999998
31,16,67,9,20.15,2.238888888888889
31,16,68,18,40.06,2.2255555555555557
31,16,69,4,8.81,2.2025
31,16,70,9,19.8,2.2
31,16,71,13,28.5,2.1923076923076925
31,16,72,8,17.49,2.18625
31,16,73,3,6.49,2.1633333333333336
31,16,74,17,36.55,2.15
31,16,75,15,32.17,2.1446666666666667
31,16,76,3,6.3,2.1
31,16,77,8,16.59,2.07375
31,16,78,14,29.01,2.072142857142857
31,16,79,11,22.75,2.0681818181818183
31,16,80,8,16.48,2.06
31,16,81,20,40.56,2.028
31,16,82,3,6.01,2.0033333333333334
31,16,83,8,15.98,1.9975
31,16,84,2,3.86,1.93
31,16,85,2,3.82,1.91
31,16,86,9,17.11,1.901111111111111
31,16,87,17,31.89,1.8758823529411766
31,16,88,16,30.0,1.875
31,16,89,2,3.73,1.865
31,16,90,18,33.32,1.8511111111111112
31,16,91,3,5.53,1.8433333333333335
31,16,92,20,36.78,1.839
31,16,93,14,24.99,1.785
31,16,94,5,8.89,1.778
31,16,95,16,28.15,1.759375
31,16,96,18,31.23,1.735
31,16,97,17,29.21,1.718235294117647
31,16,98,3,5.15,1.7166666666666668
31,16,99,1,1.71,1.71
31,16,100,20,33.8,1.69
31,16,101,1,1.64,1.64
31,16,102,20,32.77,1.6385
31,16,103,19,30.63,1.6121052631578947
31,16,104,20,32.09,1.6045000000000003
31,16,105,10,15.87,1.587
31,16,106,15,23.68,1.5786666666666667
31,16,107,9,13.9,1.5444444444444445
31,16,108,10,15.42,1.542
31,16,109,9,13.59,1.51
31,16,110,16,23.8,1.4875
31,16,111,15,22.25,1.4833333333333334
31,16,112,14,20.73,1.4807142857142856
31,16,113,15,21.95,1.4633333333333334
31,16,114,1,1.43,1.43
31,16,115,10,14.1,1.41
31,16,116,5,6.98,1.3960000000000001
31,16,117,6,8.29,1.3816666666666666
31,16,118,16,22.1,1.38125
31,16,119,20,27.23,1.3615
31,16,120,8,10.84,1.355
31,16,121,3,3.98,1.3266666666666667
31,16,122,8,10.31,1.28875
31,16,123,20,25.3,1.2650000000000001
31,16,124,7,8.68,1.24
31,16,125,15,18.44,1.2293333333333334
31,16,126,7,8.58,1.2257142857142858
31,16,127,13,15.92,1.2246153846153847
31,16,128,13,15.73,1.21
31,16,129,4,4.81,1.2025
31,16,130,15,17.95,1.1966666666666665
31,16,131,6,7.14,1.19
31,16,132,4,4.7,1.175
31,16,133,12,13.9,1.1583333333333334
31,16,134,10,11.57,1.157
31,16,135,4,4.62,1.155
31,16,136,2,2.29,1.145
31,16,137,6,6.85,1.1416666666666666
31,16,138,2,2.28,1.14
31,16,139,1,1.14,1.14
31,16,140,17,19.33,1.1370588235294117
31,16,141,3,3.41,1.1366666666666667
31,16,142,7,7.94,1.1342857142857143
31,16,143,16,17.74,1.10875
31,16,144,3,3.24,1.08
31,16,145,5,5.36,1.072
31,16,146,12,12.81,1.0675000000000001
31,16,147,17,17.69,1.0405882352941178
31,16,148,7,7.28,1.04
31,16,149,6,6.23,1.0383333333333333
31,16,150,11,11.35,1.0318181818181817
31,16,151,11,11.33,1.03
31,16,152,10,10.22,1.022
31,16,153,4,3.87,0.9675
31,16,154,15,14.36,0.9573333333333333
31,16,155,14,13.18,0.9414285714285714
31,16,156,20,17.59,0.8795
31,16,157,20,17.58,0.8789999999999999
31,16,158,10,8.76,0.876
31,16,159,4,3.31,0.8275
31,16,160,5,4.01,0.8019999999999999
31,16,161,15,11.54,0.7693333333333333
31,16,162,2,1.47,0.735
31,16,163,8,5.86,0.7325
31,16,164,12,8.55,0.7125
31,16,165,13,8.74,0.6723076923076923
31,16,166,1,0.63,0.63
31,16,167,10,6.13,0.613
31,16,168,15,9.15,0.61
31,16,169,11,6.41,0.5827272727272728
31,16,170,5,2.9,0.58
31,16,171,1,0.57,0.57
31,16,172,18,9.44,0.5244444444444444
31,16,173,7,3.64,0.52
31,16,174,19,9.72,0.5115789473684211
31,16,175,1,0.5,0.5
31,16,176,19,9.06,0.4768421052631579
31,16,177,9,4.23,0.47000000000000003
31,16,178,9,4.13,0.4588888888888889
31,16,179,17,7.8,0.4588235294117647
31,16,180,4,1.82,0.455
31,16,181,8,3.52,0.44
31,16,182,7,2.99,0.42714285714285716
31,16,183,7,2.83,0.4042857142857143
31,16,184,16,6.38,0.39875
31,16,185,1,0.39,0.39
31,16,186,18,6.7,0.37222222222222223
31,16,187,16,5.81,0.363125
31,16,188,20,7.21,0.3605
31,16,189,15,4.32,0.28800000000000003
31,16,190,2,0.54,0.27
31,16,191,20,5.22,0.261
31,16,192,5,1.28,0.256
31,16,193,5,1.28,0.256
31,16,194,6,1.44,0.24
31,16,195,16,3.65,0.228125
31,16,196,18,3.76,0.20888888888888887
31,16,197,12,2.45,0.2041666666666667
31,16,198,3,0.57,0.18999999999999997
31,16,199,4,0.75,0.1875
31,17,0,11,15.54,1.4127272727272726
31,17,1,20,28.04,1.402
31,17,2,11,15.39,1.3990909090909092
31,17,3,10,13.96,1.3960000000000001
31,17,4,15,20.93,1.3953333333333333
31,17,5,10,13.87,1.387
31,17,6,17,23.5,1.3823529411764706
31,17,7,17,23.22,1.3658823529411763
31,17,8,14,19.01,1.3578571428571429
31,17,9,3,4.05,1.3499999999999999
31,17,10,15,20.15,1.3433333333333333
31,17,11,18,23.85,1.3250000000000002
31,17,12,3,3.92,1.3066666666666666
31,17,13,8,10.45,1.30625
31,17,14,15,19.58,1.3053333333333332
31,17,15,14,18.1,1.292857142857143
31,17,16,17,21.68,1.275294117647059
31,17,17,6,7.64,1.2733333333333332
31,17,18,20,25.43,1.2715
31,17,19,20,25.27,1.2635
31,17,20,9,11.35,1.261111111111111
31,17,21,3,3.75,1.25
31,17,22,8,9.88,1.235
31,17,23,1,1.22,1.22
31,17,24,9,10.97,1.218888888888889
31,17,25,15,18.14,1.2093333333333334
31,17,26,14,16.9,1.207142857142857
31,17,27,12,14.47,1.2058333333333333
31,17,28,13,15.59,1.1992307692307693
31,17,29,19,22.74,1.1968421052631577
31,17,30,15,17.95,1.1966666666666665
31,17,31,13,15.51,1.1930769230769231
31,17,32,15,17.81,1.1873333333333334
31,17,33,18,21.36,1.1866666666666665
31,17,34,17,20.02,1.1776470588235295
31,17,35,8,9.38,1.1725
31,17,36,2,2.33,1.165
31,17,37,3,3.48,1.16
31,17,38,6,6.94,1.1566666666666667
31,17,39,14,16.13,1.1521428571428571
31,17,40,11,12.62,1.1472727272727272
31,17,41,15,17.16,1.144
31,17,42,9,10.23,1.1366666666666667
31,17,43,4,4.51,1.1275
31,17,44,11,12.33,1.1209090909090909
31,17,45,13,14.33,1.1023076923076922
31,17,46,5,5.49,1.098
31,17,47,4,4.39,1.0975
31,17,48,6,6.57,1.095
31,17,49,1,1.09,1.09
31,17,50,13,13.85,1.0653846153846154
31,17,51,6,6.35,1.0583333333333333
31,17,52,10,10.45,1.045
31,17,53,16,16.69,1.043125
31,17,54,6,6.22,1.0366666666666666
31,17,55,5,5.17,1.034
31,17,56,5,5.14,1.028
31,17,57,8,8.12,1.015
31,17,58,20,20.29,1.0145
31,17,59,12,12.12,1.01
31,17,60,17,17.04,1.0023529411764704
31,17,61,18,17.9,0.9944444444444444
31,17,62,1,0.99,0.99
31,17,63,9,8.88,0.9866666666666668
31,17,64,10,9.78,0.978
31,17,65,15,14.66,0.9773333333333334
31,17,66,14,13.68,0.9771428571428571
31,17,67,18,17.37,0.9650000000000001
31,17,68,20,18.97,0.9484999999999999
31,17,69,9,8.46,0.9400000000000001
31,17,70,15,14.08,0.9386666666666666
31,17,71,16,14.83,0.926875
31,17,72,4,3.68,0.92
31,17,73,19,17.33,0.9121052631578946
31,17,74,6,5.32,0.8866666666666667
31,17,75,18,15.94,0.8855555555555555
31,17,76,11,9.62,0.8745454545454545
31,17,77,3,2.6,0.8666666666666667
31,17,78,3,2.58,0.86
31,17,79,15,12.86,0.8573333333333333
31,17,80,20,17.09,0.8545
31,17,81,11,9.38,0.8527272727272728
31,17,82,12,10.22,0.8516666666666667
31,17,83,19,16.15,0.85
31,17,84,13,10.91,0.8392307692307692
31,17,85,7,5.87,0.8385714285714286
31,17,86,2,1.67,0.835
31,17,87,10,8.14,0.8140000000000001
31,17,88,10,8.05,0.805
31,17,89,20,15.86,0.7929999999999999
31,17,90,8,6.31,0.78875
31,17,91,7,5.5,0.7857142857142857
31,17,92,8,6.28,0.785
31,17,93,12,9.35,0.7791666666666667
31,17,94,19,14.46,0.7610526315789474
31,17,95,18,13.57,0.7538888888888889
31,17,96,1,0.75,0.75
31,17,97,2,1.5,0.75
31,17,98,7,5.24,0.7485714285714286
31,17,99,10,7.47,0.747
31,17,100,8,5.97,0.74625
31,17,101,10,7.42,0.742
31,17,102,1,0.74,0.74
31,17,103,6,4.4,0.7333333333333334
31,17,104,6,4.4,0.7333333333333334
31,17,105,16,11.53,0.720625
31,17,106,17,12.22,0.7188235294117648
31,17,107,10,7.15,0.7150000000000001
31,17,108,13,9.07,0.6976923076923077
31,17,109,18,12.53,0.6961111111111111
31,17,110,11,7.63,0.6936363636363636
31,17,111,1,0.69,0.69
31,17,112,3,2.05,0.6833333333333332
31,17,113,16,10.77,0.673125
31,17,114,2,1.29,0.645
31,17,115,7,4.5,0.6428571428571429
31,17,116,4,2.57,0.6425
31,17,117,11,6.95,0.6318181818181818
31,17,118,6,3.78,0.63
31,17,119,4,2.46,0.615
31,17,120,18,11.04,0.6133333333333333
31,17,121,5,3.05,0.61
31,17,122,11,6.7,0.6090909090909091
31,17,123,15,9.07,0.6046666666666667
31,17,124,7,4.19,0.5985714285714286
31,17,125,18,10.76,0.5977777777777777
31,17,126,19,11.33,0.5963157894736842
31,17,127,20,11.91,0.5955
31,17,128,10,5.81,0.581
31,17,129,13,7.49,0.5761538461538461
31,17,130,18,10.32,0.5733333333333334
31,17,131,9,5.13,0.57
31,17,132,13,7.12,0.5476923076923077
31,17,133,2,1.09,0.545
31,17,134,1,0.53,0.53
31,17,135,1,0.53,0.53
31,17,136,20,10.25,0.5125
31,17,137,3,1.53,0.51
31,17,138,14,6.99,0.4992857142857143
31,17,139,4,1.98,0.495
31,17,140,7,3.44,0.49142857142857144
31,17,141,11,5.26,0.47818181818181815
31,17,142,20,9.34,0.46699999999999997
31,17,143,20,9.3,0.465
31,17,144,4,1.86,0.465
31,17,145,20,9.12,0.45599999999999996
31,17,146,16,7.22,0.45125
31,17,147,18,8.1,0.44999999999999996
31,17,148,6,2.66,0.44333333333333336
31,17,149,9,3.96,0.44
31,17,150,11,4.65,0.4227272727272728
31,17,151,12,4.93,0.41083333333333333
31,17,152,2,0.82,0.41
31,17,153,3,1.23,0.41
31,17,154,7,2.77,0.39571428571428574
31,17,155,11,4.26,0.38727272727272727
31,17,156,18,6.88,0.38222222222222224
31,17,157,6,2.27,0.37833333333333335
31,17,158,19,7.0,0.3684210526315789
31,17,159,4,1.42,0.355
31,17,160,3,1.06,0.35333333333333333
31,17,161,20,6.9,0.34500000000000003
31,17,162,11,3.61,0.3281818181818182
31,17,163,7,2.27,0.3242857142857143
31,17,164,3,0.97,0.3233333333333333
31,17,165,20,6.22,0.311
31,17,166,2,0.61,0.305
31,17,167,11,3.13,0.28454545454545455
31,17,168,11,3.06,0.2781818181818182
31,17,169,1,0.26,0.26
31,17,170,20,4.92,0.246
31,17,171,8,1.95,0.24375
31,17,172,3,0.72,0.24
31,17,173,7,1.67,0.23857142857142857
31,17,174,7,1.45,0.20714285714285713
31,17,175,7,1.45,0.20714285714285713
31,17,176,19,3.71,0.19526315789473683
31,17,177,12,2.31,0.1925
31,17,178,17,3.27,0.1923529411764706
31,17,179,19,3.59,0.1889473684210526
31,17,180,12,2.26,0.18833333333333332
31,17,181,5,0.91,0.182
31,17,182,3,0.52,0.17333333333333334
31,17,183,13,2.19,0.16846153846153847
31,17,184,11,1.82,0.16545454545454547
31,17,185,10,1.42,0.142
31,17,186,19,2.66,0.14
31,17,187,17,2.35,0.13823529411764707
31,17,188,13,1.72,0.1323076923076923
31,17,189,11,1.43,0.13
31,17,190,13,1.66,0.1276923076923077
31,17,191,14,1.69,0.1207142857142857
31,17,192,19,2.24,0.11789473684210527
31,17,193,9,1.02,0.11333333333333334
31,17,194,5,0.45,0.09
31,17,195,4,0.32,0.08
31,17,196,6,0.43,0.07166666666666667
31,17,197,12,0.72,0.06
31,17,198,11,0.64,0.05818181818181818
31,17,199,15,0.86,0.05733333333333333
31,24,0,5,14.61,2.9219999999999997
31,24,1,7,20.15,2.8785714285714286
31,24,2,3,8.63,2.876666666666667
31,24,3,19,54.4,2.863157894736842
31,24,4,17,48.55,2.855882352941176
31,24,5,16,45.64,2.8525
31,24,6,13,36.93,2.8407692307692307
31,24,7,13,36.92,2.8400000000000003
31,24,8,16,45.24,2.8275
31,24,9,12,33.88,2.8233333333333337
31,24,10,17,47.54,2.796470588235294
31,24,11,6,16.76,2.7933333333333334
31,24,12,4,11.17,2.7925
31,24,13,14,39.06,2.79
31,24,14,2,5.57,2.785
31,24,15,10,27.81,2.7809999999999997
31,24,16,4,11.04,2.76
31,24,17,11,30.33,2.7572727272727273
31,24,18,6,16.51,2.751666666666667
31,24,19,19,52.17,2.745789473684211
31,24,20,8,21.91,2.73875
31,24,21,6,16.42,2.736666666666667
31,24,22,11,30.05,2.731818181818182
31,24,23,10,27.28,2.728
31,24,24,5,13.64,2.728
31,24,25,18,48.76,2.7088888888888887
31,24,26,16,43.08,2.6925
31,24,27,19,50.93,2.6805263157894736
31,24,28,2,5.29,2.645
31,24,29,13,34.33,2.6407692307692305
31,24,30,15,39.55,2.6366666666666663
31,24,31,13,34.12,2.6246153846153844
31,24,32,10,26.22,2.622
31,24,33,6,15.47,2.5783333333333336
31,24,34,7,17.86,2.551428571428571
31,24,35,18,45.65,2.536111111111111
31,24,36,20,50.44,2.522
31,24,37,13,32.59,2.5069230769230773
31,24,38,9,22.55,2.5055555555555555
31,24,39,4,10.0,2.5
31,24,40,2,4.99,2.495
31,24,41,6,14.93,2.4883333333333333
31,24,42,20,49.76,2.488
31,24,43,11,27.25,2.477272727272727
31,24,44,2,4.92,2.46
31,24,45,11,26.91,2.4463636363636363
31,24,46,17,41.04,2.4141176470588235
31,24,47,11,26.37,2.3972727272727274
31,24,48,7,16.71,2.3871428571428575
31,24,49,11,26.22,2.3836363636363633
31,24,50,19,45.03,2.37
31,24,51,15,35.12,2.341333333333333
31,24,52,7,16.15,2.307142857142857
31,24,53,20,46.12,2.306
31,24,54,14,32.2,2.3000000000000003
31,24,55,17,39.09,2.2994117647058827
31,24,56,17,39.02,2.295294117647059
31,24,57,9,20.64,2.2933333333333334
31,24,58,4,9.0,2.25
31,24,59,17,38.05,2.238235294117647
31,24,60,13,29.05,2.2346153846153847
31,24,61,1,2.23,2.23
31,24,62,17,37.79,2.222941176470588
31,24,63,20,44.31,2.2155
31,24,64,11,24.23,2.2027272727272726
31,24,65,13,28.5,2.1923076923076925
31,24,66,16,35.0,2.1875
31,24,67,19,41.32,2.174736842105263
31,24,68,18,39.03,2.1683333333333334
31,24,69,4,8.65,2.1625
31,24,70,8,17.27,2.15875
31,24,71,9,19.38,2.1533333333333333
31,24,72,13,27.24,2.0953846153846154
31,24,73,8,16.72,2.09
31,24,74,19,39.7,2.0894736842105264
31,24,75,3,6.24,2.08
31,24,76,12,24.53,2.044166666666667
31,24,77,12,24.28,2.0233333333333334
31,24,78,2,4.01,2.005
31,24,79,14,28.05,2.0035714285714286
31,24,80,5,9.87,1.9739999999999998
31,24,81,13,25.59,1.9684615384615385
31,24,82,11,21.5,1.9545454545454546
31,24,83,1,1.95,1.95
31,24,84,17,32.77,1.9276470588235295
31,24,85,7,12.98,1.8542857142857143
31,24,86,11,20.34,1.8490909090909091
31,24,87,9,16.45,1.8277777777777777
31,24,88,2,3.65,1.825
31,24,89,7,12.73,1.8185714285714287
31,24,90,7,12.69,1.8128571428571427
31,24,91,12,21.42,1.7850000000000001
31,24,92,1,1.76,1.76
31,24,93,3,5.28,1.76
31,24,94,10,17.24,1.7239999999999998
31,24,95,4,6.62,1.655
31,24,96,11,18.2,1.6545454545454545
31,24,97,9,14.88,1.6533333333333333
31,24,98,9,14.86,1.651111111111111
31,24,99,20,32.77,1.6385
31,24,100,13,21.09,1.6223076923076922
31,24,101,20,32.43,1.6215
31,24,102,18,28.55,1.5861111111111112
31,24,103,7,11.1,1.5857142857142856
31,24,104,16,25.36,1.585
31,24,105,1,1.56,1.56
31,24,106,5,7.68,1.536
31,24,107,16,24.42,1.52625
31,24,108,3,4.57,1.5233333333333334
31,24,109,11,16.52,1.5018181818181817
31,24,110,13,19.48,1.4984615384615385
31,24,111,8,11.83,1.47875
31,24,112,3,4.41,1.47
31,24,113,20,28.77,1.4385
31,24,114,9,12.86,1.4288888888888889
31,24,115,7,9.88,1.4114285714285715
31,24,116,3,4.23,1.4100000000000001
31,24,117,19,26.32,1.3852631578947368
31,24,118,5,6.92,1.384
31,24,119,20,27.33,1.3664999999999998
31,24,120,9,12.17,1.3522222222222222
31,24,121,10,13.52,1.3519999999999999
31,24,122,4,5.17,1.2925
31,24,123,14,17.99,1.285
31,24,124,14,17.26,1.2328571428571429
31,24,125,19,23.42,1.2326315789473685
31,24,126,3,3.65,1.2166666666666666
31,24,127,6,7.11,1.185
31,24,128,13,15.06,1.1584615384615384
31,24,129,18,20.42,1.1344444444444446
31,24,130,3,3.35,1.1166666666666667
31,24,131,10,10.92,1.092
31,24,132,7,7.59,1.0842857142857143
31,24,133,9,9.31,1.0344444444444445
31,24,134,14,14.4,1.0285714285714287
31,24,135,7,7.18,1.0257142857142856
31,24,136,4,4.01,1.0025
31,24,137,5,4.95,0.99
31,24,138,14,13.57,0.9692857142857143
31,24,139,16,15.5,0.96875
31,24,140,6,5.77,0.9616666666666666
31,24,141,14,13.3,0.9500000000000001
31,24,142,1,0.95,0.95
31,24,143,13,12.23,0.9407692307692308
31,24,144,11,10.26,0.9327272727272727
31,24,145,16,14.75,0.921875
31,24,146,13,11.95,0.9192307692307692
31,24,147,7,6.33,0.9042857142857142
31,24,148,4,3.54,0.885
31,24,149,14,12.03,0.8592857142857142
31,24,150,12,10.23,0.8525
31,24,151,15,12.69,0.846
31,24,152,2,1.61,0.805
31,24,153,15,11.72,0.7813333333333333
31,24,154,7,5.38,0.7685714285714286
31,24,155,8,6.12,0.765
31,24,156,9,6.63,0.7366666666666667
31,24,157,15,10.94,0.7293333333333333
31,24,158,18,13.03,0.7238888888888888
31,24,159,16,11.47,0.716875
31,24,160,6,4.11,0.685
31,24,161,3,2.04,0.68
31,24,162,12,7.82,0.6516666666666667
31,24,163,6,3.89,0.6483333333333333
31,24,164,16,10.08,0.63
31,24,165,18,11.02,0.6122222222222222
31,24,166,2,1.21,0.605
31,24,167,8,4.71,0.58875
31,24,168,18,9.33,0.5183333333333333
31,24,169,11,5.66,0.5145454545454545
31,24,170,16,7.71,0.481875
31,24,171,19,9.02,0.4747368421052631
31,24,172,15,7.04,0.4693333333333333
31,24,173,6,2.79,0.465
31,24,174,19,8.15,0.42894736842105263
31,24,175,13,5.42,0.4169230769230769
31,24,176,2,0.83,0.415
31,24,177,5,2.05,0.41
31,24,178,6,2.42,0.4033333333333333
31,24,179,10,4.03,0.403
31,24,180,7,2.78,0.39714285714285713
31,24,181,9,3.4,0.37777777777777777
31,24,182,12,4.42,0.36833333333333335
31,24,183,15,5.38,0.35866666666666663
31,24,184,18,6.42,0.3566666666666667
31,24,185,14,4.47,0.3192857142857143
31,24,186,6,1.89,0.315
31,24,187,11,3.13,0.28454545454545455
31,24,188,10,2.82,0.282
31,24,189,3,0.82,0.2733333333333333
31,24,190,8,2.03,0.25375
31,24,191,4,0.99,0.2475
31,24,192,19,4.21,0.22157894736842104
31,24,193,2,0.42,0.21
31,24,194,2,0.42,0.21
31,24,195,5,1.04,0.20800000000000002
31,24,196,1,0.19,0.19
31,24,197,18,3.15,0.175
31,24,198,13,1.73,0.13307692307692306
31,24,199,6,0.79,0.13166666666666668
31,29,0,2,11.43,5.715
31,29,1,13,74.18,5.706153846153847
31,29,2,18,102.18,5.676666666666667
31,29,3,1,5.67,5.67
31,29,4,2,11.27,5.635
31,29,5,10,55.42,5.542
31,29,6,17,93.89,5.522941176470589
31,29,7,20,110.37,5.5185
31,29,8,9,49.04,5.448888888888889
31,29,9,8,43.34,5.4175
31,29,10,6,32.47,5.411666666666666
31,29,11,14,75.52,5.394285714285714
31,29,12,15,80.89,5.392666666666667
31,29,13,16,85.88,5.3675
31,29,14,5,26.79,5.358
31,29,15,3,16.04,5.346666666666667
31,29,16,11,58.72,5.338181818181818
31,29,17,18,95.7,5.316666666666666
31,29,18,15,79.32,5.287999999999999
31,29,19,5,26.43,5.286
31,29,20,15,78.29,5.219333333333334
31,29,21,17,88.04,5.1788235294117655
31,29,22,3,15.44,5.1466666666666665
31,29,23,14,71.75,5.125
31,29,24,6,30.6,5.1000000000000005
31,29,25,8,40.44,5.055
31,29,26,12,60.34,5.028333333333333
31,29,27,19,95.37,5.019473684210527
31,29,28,15,74.25,4.95
31,29,29,14,68.8,4.914285714285714
31,29,30,8,39.26,4.9075
31,29,31,20,96.79,4.8395
31,29,32,19,91.06,4.792631578947368
31,29,33,6,28.75,4.791666666666667
31,29,34,8,37.74,4.7175
31,29,35,12,56.55,4.7124999999999995
31,29,36,18,84.67,4.703888888888889
31,29,37,16,74.13,4.633125
31,29,38,11,50.91,4.628181818181818
31,29,39,6,27.55,4.591666666666667
31,29,40,3,13.72,4.573333333333333
31,29,41,16,72.71,4.544375
31,29,42,8,36.3,4.5375
31,29,43,2,8.99,4.495
31,29,44,2,8.88,4.44
31,29,45,17,75.26,4.427058823529412
31,29,46,1,4.41,4.41
31,29,47,10,43.99,4.399
31,29,48,19,82.84,4.36
31,29,49,6,26.09,4.348333333333334
31,29,50,5,21.67,4.3340000000000005
31,29,51,19,82.01,4.316315789473684
31,29,52,17,73.28,4.310588235294118
31,29,53,18,77.43,4.301666666666667
31,29,54,5,21.41,4.282
31,29,55,6,25.62,4.2700000000000005
31,29,56,7,29.78,4.2542857142857144
31,29,57,5,21.12,4.224
31,29,58,11,46.1,4.190909090909091
31,29,59,5,20.92,4.184
31,29,60,1,4.15,4.15
31,29,61,5,20.58,4.116
31,29,62,2,8.23,4.115
31,29,63,15,61.39,4.092666666666667
31,29,64,1,4.08,4.08
31,29,65,4,16.19,4.0475
31,29,66,14,56.29,4.020714285714286
31,29,67,15,60.2,4.013333333333334
31,29,68,15,59.36,3.957333333333333
31,29,69,18,70.87,3.9372222222222226
31,29,70,11,42.93,3.902727272727273
31,29,71,13,50.72,3.9015384615384616
31,29,72,16,61.9,3.86875
31,29,73,11,42.35,3.85
31,29,74,8,30.57,3.82125
31,29,75,13,48.87,3.759230769230769
31,29,76,19,70.65,3.7184210526315793
31,29,77,15,55.3,3.6866666666666665
31,29,78,15,55.27,3.6846666666666668
31,29,79,3,11.04,3.6799999999999997
31,29,80,2,7.31,3.655
31,29,81,17,62.03,3.648823529411765
31,29,82,18,65.25,3.625
31,29,83,13,46.74,3.5953846153846154
31,29,84,14,50.27,3.5907142857142857
31,29,85,20,71.29,3.5645000000000002
31,29,86,13,45.88,3.5292307692307694
31,29,87,20,69.64,3.482
31,29,88,3,10.41,3.47
31,29,89,10,33.9,3.3899999999999997
31,29,90,11,36.98,3.3618181818181814
31,29,91,18,60.44,3.3577777777777778
31,29,92,13,43.42,3.3400000000000003
31,29,93,4,13.29,3.3225
31,29,94,19,62.62,3.2957894736842106
31,29,95,7,23.04,3.2914285714285714
31,29,96,18,58.93,3.273888888888889
31,29,97,16,51.94,3.24625
31,29,98,15,48.42,3.228
31,29,99,13,41.89,3.2223076923076923
31,29,100,16,51.36,3.21
31,29,101,3,9.52,3.1733333333333333
31,29,102,10,31.68,3.168
31,29,103,8,24.99,3.12375
31,29,104,5,15.0,3.0
31,29,105,8,23.93,2.99125
31,29,106,2,5.93,2.965
31,29,107,2,5.89,2.945
31,29,108,19,55.26,2.908421052631579
31,29,109,12,34.2,2.85
31,29,110,3,8.49,2.83
31,29,111,7,19.75,2.8214285714285716
31,29,112,15,41.3,2.753333333333333
31,29,113,10,27.16,2.716
31,29,114,15,40.21,2.6806666666666668
31,29,115,18,47.53,2.6405555555555558
31,29,116,18,47.34,2.6300000000000003
31,29,117,3,7.87,2.6233333333333335
31,29,118,10,25.28,2.528
31,29,119,9,22.29,2.4766666666666666
31,29,120,6,14.16,2.36
31,29,121,6,13.99,2.3316666666666666
31,29,122,12,27.22,2.268333333333333
31,29,123,7,15.6,2.2285714285714286
31,29,124,6,13.35,2.225
31,29,125,13,28.07,2.1592307692307693
31,29,126,6,12.88,2.146666666666667
31,29,127,2,4.28,2.14
31,29,128,17,36.01,2.118235294117647
31,29,129,20,42.26,2.113
31,29,130,8,16.78,2.0975
31,29,131,2,4.19,2.095
31,29,132,11,21.97,1.997272727272727
31,29,133,15,29.81,1.9873333333333332
31,29,134,3,5.76,1.92
31,29,135,11,20.86,1.8963636363636363
31,29,136,7,13.26,1.8942857142857144
31,29,137,6,11.22,1.87
31,29,138,10,18.63,1.863
31,29,139,9,16.52,1.8355555555555556
31,29,140,11,19.96,1.8145454545454547
31,29,141,14,25.36,1.8114285714285714
31,29,142,12,21.73,1.8108333333333333
31,29,143,4,7.23,1.8075
31,29,144,14,25.21,1.8007142857142857
31,29,145,12,21.31,1.7758333333333332
31,29,146,15,26.19,1.746
31,29,147,17,29.65,1.7441176470588236
31,29,148,18,30.15,1.6749999999999998
31,29,149,20,33.38,1.669
31,29,150,6,9.74,1.6233333333333333
31,29,151,1,1.61,1.61
31,29,152,5,7.9,1.58
31,29,153,11,17.3,1.5727272727272728
31,29,154,15,20.44,1.3626666666666667
31,29,155,13,17.25,1.3269230769230769
31,29,156,1,1.31,1.31
31,29,157,8,10.21,1.27625
31,29,158,5,6.33,1.266
31,29,159,12,15.07,1.2558333333333334
31,29,160,14,17.55,1.2535714285714286
31,29,161,16,19.88,1.2425
31,29,162,9,11.11,1.2344444444444445
31,29,163,10,12.12,1.212
31,29,164,1,1.19,1.19
31,29,165,13,15.25,1.1730769230769231
31,29,166,11,12.16,1.1054545454545455
31,29,167,2,2.2,1.1
31,29,168,10,10.98,1.098
31,29,169,4,4.35,1.0875
31,29,170,3,3.23,1.0766666666666667
31,29,171,7,7.46,1.0657142857142856
31,29,172,11,11.64,1.0581818181818183
31,29,173,8,8.35,1.04375
31,29,174,1,1.04,1.04
31,29,175,12,11.52,0.96
31,29,176,5,4.79,0.958
31,29,177,6,5.57,0.9283333333333333
31,29,178,20,18.37,0.9185000000000001
31,29,179,17,15.45,0.9088235294117647
31,29,180,10,9.0,0.9
31,29,181,10,8.74,0.874
31,29,182,6,5.05,0.8416666666666667
31,29,183,11,9.22,0.8381818181818183
31,29,184,18,13.97,0.7761111111111112
31,29,185,19,14.44,0.76
31,29,186,9,6.67,0.741111111111111
31,29,187,17,12.31,0.7241176470588235
31,29,188,12,8.11,0.6758333333333333
31,29,189,20,13.25,0.6625
31,29,190,6,3.92,0.6533333333333333
31,29,191,12,7.83,0.6525
31,29,192,18,10.28,0.5711111111111111
31,29,193,11,6.15,0.5590909090909091
31,29,194,12,6.68,0.5566666666666666
31,29,195,3,1.34,0.4466666666666667
31,29,196,8,3.36,0.42
31,29,197,3,0.94,0.3133333333333333
31,29,198,14,4.11,0.2935714285714286
31,29,199,6,1.59,0.265
31,47,0,4,16.42,4.105
31,47,1,13,52.31,4.023846153846154
31,47,2,9,36.19,4.021111111111111
31,47,3,4,16.08,4.02
31,47,4,19,76.24,4.012631578947368
31,47,5,12,47.32,3.9433333333333334
31,47,6,9,35.49,3.9433333333333334
31,47,7,2,7.85,3.925
31,47,8,14,54.91,3.9221428571428567
31,47,9,18,70.03,3.8905555555555558
31,47,10,4,15.51,3.8775
31,47,11,16,62.0,3.875
31,47,12,20,76.97,3.8485
31,47,13,9,33.96,3.7733333333333334
31,47,14,16,60.16,3.76
31,47,15,11,41.21,3.7463636363636366
31,47,16,4,14.93,3.7325
31,47,17,2,7.42,3.71
31,47,18,11,40.74,3.7036363636363636
31,47,19,13,48.12,3.7015384615384614
31,47,20,11,40.43,3.6754545454545453
31,47,21,14,51.22,3.6585714285714284
31,47,22,8,28.93,3.61625
31,47,23,6,21.25,3.5416666666666665
31,47,24,4,14.03,3.5075
31,47,25,14,48.78,3.4842857142857144
31,47,26,2,6.92,3.46
31,47,27,9,30.98,3.442222222222222
31,47,28,8,27.53,3.44125
31,47,29,17,58.02,3.4129411764705884
31,47,30,9,30.58,3.397777777777778
31,47,31,18,61.11,3.395
31,47,32,4,13.55,3.3875
31,47,33,11,36.77,3.342727272727273
31,47,34,18,59.95,3.3305555555555557
31,47,35,5,16.63,3.3259999999999996
31,47,36,12,39.12,3.26
31,47,37,6,19.48,3.2466666666666666
31,47,38,3,9.69,3.23
31,47,39,8,25.81,3.22625
31,47,40,5,15.78,3.1559999999999997
31,47,41,16,50.36,3.1475
31,47,42,14,43.78,3.1271428571428572
31,47,43,12,36.27,3.0225000000000004
31,47,44,7,20.86,2.98
31,47,45,7,20.73,2.9614285714285713
31,47,46,16,47.37,2.960625
31,47,47,11,32.46,2.950909090909091
31,47,48,18,52.93,2.9405555555555556
31,47,49,4,11.76,2.94
31,47,50,20,58.66,2.933
31,47,51,10,29.08,2.908
31,47,52,7,20.19,2.8842857142857143
31,47,53,20,57.65,2.8825
31,47,54,15,42.8,2.853333333333333
31,47,55,19,52.96,2.7873684210526317
31,47,56,7,19.5,2.7857142857142856
31,47,57,13,35.78,2.7523076923076926
31,47,58,10,27.46,2.746
31,47,59,4,10.81,2.7025
31,47,60,20,53.79,2.6895
31,47,61,7,18.6,2.6571428571428575
31,47,62,3,7.88,2.6266666666666665
31,47,63,12,31.49,2.6241666666666665
31,47,64,4,10.46,2.615
31,47,65,3,7.77,2.59
31,47,66,18,46.57,2.587222222222222
31,47,67,17,43.85,2.5794117647058825
31,47,68,4,10.19,2.5475
31,47,69,20,50.82,2.541
31,47,70,5,12.67,2.534
31,47,71,14,35.05,2.5035714285714286
31,47,72,20,50.03,2.5015
31,47,73,17,42.0,2.4705882352941178
31,47,74,5,12.33,2.466
31,47,75,8,19.47,2.43375
31,47,76,6,14.52,2.42
31,47,77,11,26.61,2.419090909090909
31,47,78,18,43.18,2.398888888888889
31,47,79,19,44.09,2.3205263157894738
31,47,80,4,9.28,2.32
31,47,81,7,16.1,2.3000000000000003
31,47,82,7,16.01,2.2871428571428574
31,47,83,13,29.06,2.235384615384615
31,47,84,16,35.69,2.230625
31,47,85,5,11.01,2.202
31,47,86,17,37.13,2.1841176470588235
31,47,87,2,4.27,2.135
31,47,88,10,21.21,2.121
31,47,89,4,8.38,2.095
31,47,90,7,14.02,2.0028571428571427
31,47,91,4,7.98,1.995
31,47,92,14,27.81,1.9864285714285714
31,47,93,1,1.98,1.98
31,47,94,3,5.81,1.9366666666666665
31,47,95,20,38.72,1.936
31,47,96,1,1.92,1.92
31,47,97,15,28.61,1.9073333333333333
31,47,98,17,32.17,1.8923529411764708
31,47,99,1,1.88,1.88
31,47,100,15,28.2,1.88
31,47,101,10,18.66,1.866
31,47,102,4,7.38,1.845
31,47,103,12,22.01,1.8341666666666667
31,47,104,13,23.47,1.8053846153846154
31,47,105,11,19.63,1.7845454545454544
31,47,106,13,22.53,1.7330769230769232
31,47,107,16,27.53,1.720625
31,47,108,1,1.71,1.71
31,47,109,20,33.31,1.6655000000000002
31,47,110,8,13.31,1.66375
31,47,111,1,1.65,1.65
31,47,112,20,32.94,1.6469999999999998
31,47,113,10,16.46,1.6460000000000001
31,47,114,9,14.74,1.6377777777777778
31,47,115,4,6.43,1.6075
31,47,116,1,1.59,1.59
31,47,117,6,9.43,1.5716666666666665
31,47,118,17,26.13,1.5370588235294118
31,47,119,4,6.1,1.525
31,47,120,15,22.87,1.5246666666666668
31,47,121,4,6.04,1.51
31,47,122,13,19.43,1.4946153846153847
31,47,123,4,5.9,1.475
31,47,124,6,8.84,1.4733333333333334
31,47,125,13,18.58,1.429230769230769
31,47,126,15,21.1,1.4066666666666667
31,47,127,12,16.82,1.4016666666666666
31,47,128,12,16.76,1.3966666666666667
31,47,129,20,27.17,1.3585
31,47,130,13,17.48,1.3446153846153845
31,47,131,14,18.61,1.3292857142857142
31,47,132,10,12.66,1.266
31,47,133,14,17.55,1.2535714285714286
31,47,134,17,20.95,1.2323529411764707
31,47,135,16,19.58,1.22375
31,47,136,13,15.78,1.2138461538461538
31,47,137,12,14.08,1.1733333333333333
31,47,138,1,1.17,1.17
31,47,139,12,13.73,1.1441666666666668
31,47,140,8,9.04,1.13
31,47,141,14,15.78,1.127142857142857
31,47,142,1,1.12,1.12
31,47,143,3,3.3,1.0999999999999999
31,47,144,7,7.69,1.0985714285714285
31,47,145,14,15.3,1.092857142857143
31,47,146,8,8.62,1.0775
31,47,147,3,3.16,1.0533333333333335
31,47,148,17,17.86,1.0505882352941176
31,47,149,3,3.13,1.0433333333333332
31,47,150,10,10.43,1.043
31,47,151,8,7.98,0.9975
31,47,152,2,1.99,0.995
31,47,153,4,3.9,0.975
31,47,154,15,14.52,0.968
31,47,155,12,11.52,0.96
31,47,156,5,4.77,0.954
31,47,157,2,1.81,0.905
31,47,158,14,12.55,0.8964285714285715
31,47,159,1,0.88,0.88
31,47,160,1,0.87,0.87
31,47,161,14,11.94,0.8528571428571429
31,47,162,10,8.36,0.836
31,47,163,8,6.31,0.78875
31,47,164,16,12.51,0.781875
31,47,165,8,6.24,0.78
31,47,166,5,3.65,0.73
31,47,167,9,6.06,0.6733333333333333
31,47,168,2,1.26,0.63
31,47,169,2,1.24,0.62
31,47,170,10,6.08,0.608
31,47,171,16,9.04,0.565
31,47,172,3,1.69,0.5633333333333334
31,47,173,20,11.04,0.5519999999999999
31,47,174,18,9.87,0.5483333333333333
31,47,175,15,8.11,0.5406666666666666
31,47,176,13,6.88,0.5292307692307692
31,47,177,8,4.07,0.50875
31,47,178,8,3.89,0.48625
31,47,179,5,2.21,0.442
31,47,180,1,0.4,0.4
31,47,181,1,0.39,0.39
31,47,182,19,7.33,0.3857894736842105
31,47,183,19,7.24,0.38105263157894737
31,47,184,6,2.14,0.3566666666666667
31,47,185,11,3.44,0.31272727272727274
31,47,186,12,3.72,0.31
31,47,187,7,2.08,0.29714285714285715
31,47,188,10,2.88,0.288
31,47,189,3,0.81,0.27
31,47,190,2,0.54,0.27
31,47,191,10,2.67,0.267
31,47,192,2,0.52,0.26
31,47,193,1,0.26,0.26
31,47,194,6,1.5,0.25
31,47,195,18,4.46,0.24777777777777776
31,47,196,14,3.13,0.22357142857142856
31,47,197,5,1.0,0.2
31,47,198,4,0.72,0.18
31,47,199,15,2.59,0.17266666666666666
31,48,0,13,41.41,3.1853846153846153
31,48,1,8,25.46,3.1825
31,48,2,1,3.18,3.18
31,48,3,14,44.42,3.172857142857143
31,48,4,2,6.33,3.165
31,48,5,2,6.32,3.16
31,48,6,14,44.16,3.154285714285714
31,48,7,8,25.2,3.15
31,48,8,12,37.58,3.1316666666666664
31,48,9,1,3.13,3.13
31,48,10,10,31.3,3.13
31,48,11,10,31.02,3.102
31,48,12,1,3.1,3.1
31,48,13,4,12.14,3.035
31,48,14,3,9.05,3.016666666666667
31,48,15,8,24.05,3.00625
31,48,16,14,41.72,2.98
31,48,17,10,29.7,2.9699999999999998
31,48,18,1,2.96,2.96
31,48,19,2,5.83,2.915
31,48,20,7,19.94,2.8485714285714288
31,48,21,20,56.94,2.847
31,48,22,17,48.26,2.8388235294117647
31,48,23,20,56.18,2.809
31,48,24,15,42.1,2.8066666666666666
31,48,25,1,2.79,2.79
31,48,26,17,46.61,2.741764705882353
31,48,27,3,8.2,2.733333333333333
31,48,28,4,10.82,2.705
31,48,29,8,21.64,2.705
31,48,30,19,51.19,2.694210526315789
31,48,31,20,53.66,2.683
31,48,32,1,2.68,2.68
31,48,33,16,42.08,2.63
31,48,34,5,13.09,2.618
31,48,35,11,28.72,2.610909090909091
31,48,36,20,51.96,2.598
31,48,37,11,28.57,2.597272727272727
31,48,38,1,2.59,2.59
31,48,39,3,7.72,2.5733333333333333
31,48,40,19,48.47,2.5510526315789472
31,48,41,17,43.2,2.5411764705882356
31,48,42,18,45.4,2.522222222222222
31,48,43,20,50.31,2.5155000000000003
31,48,44,12,30.07,2.5058333333333334
31,48,45,4,10.01,2.5025
31,48,46,18,44.81,2.4894444444444446
31,48,47,18,44.24,2.457777777777778
31,48,48,10,24.43,2.443
31,48,49,18,43.73,2.429444444444444
31,48,50,3,7.26,2.42
31,48,51,19,45.82,2.411578947368421
31,48,52,20,48.03,2.4015
31,48,53,11,26.13,2.3754545454545455
31,48,54,4,9.48,2.37
31,48,55,11,25.94,2.3581818181818184
31,48,56,12,28.29,2.3575
31,48,57,7,16.16,2.3085714285714287
31,48,58,19,43.58,2.2936842105263158
31,48,59,1,2.29,2.29
31,48,60,18,41.08,2.282222222222222
31,48,61,20,45.39,2.2695
31,48,62,15,33.91,2.2606666666666664
31,48,63,16,35.99,2.249375
31,48,64,15,33.51,2.234
31,48,65,4,8.91,2.2275
31,48,66,15,33.4,2.2266666666666666
31,48,67,14,30.79,2.1992857142857143
31,48,68,17,37.29,2.1935294117647057
31,48,69,11,24.08,2.189090909090909
31,48,70,10,21.76,2.176
31,48,71,19,41.23,2.17
31,48,72,2,4.31,2.155
31,48,73,8,17.0,2.125
31,48,74,1,2.11,2.11
31,48,75,8,16.71,2.08875
31,48,76,7,14.53,2.0757142857142856
31,48,77,15,31.1,2.0733333333333333
31,48,78,5,10.34,2.068
31,48,79,8,16.46,2.0575
31,48,80,14,28.49,2.0349999999999997
31,48,81,11,22.37,2.0336363636363637
31,48,82,7,14.19,2.027142857142857
31,48,83,2,4.04,2.02
31,48,84,1,2.01,2.01
31,48,85,3,6.01,2.0033333333333334
31,48,86,7,13.94,1.9914285714285713
31,48,87,5,9.91,1.982
31,48,88,2,3.96,1.98
31,48,89,3,5.92,1.9733333333333334
31,48,90,11,21.65,1.968181818181818
31,48,91,4,7.74,1.935
31,48,92,7,13.33,1.9042857142857144
31,48,93,1,1.89,1.89
31,48,94,12,22.65,1.8875
31,48,95,14,25.81,1.8435714285714284
31,48,96,9,16.55,1.838888888888889
31,48,97,9,16.32,1.8133333333333335
31,48,98,6,10.88,1.8133333333333335
31,48,99,6,10.88,1.8133333333333335
31,48,100,6,10.83,1.805
31,48,101,1,1.8,1.8
31,48,102,17,30.6,1.8
31,48,103,7,12.54,1.7914285714285714
31,48,104,3,5.35,1.7833333333333332
31,48,105,20,35.4,1.77
31,48,106,12,21.23,1.7691666666666668
31,48,107,12,21.05,1.7541666666666667
31,48,108,10,17.54,1.754
31,48,109,19,33.31,1.7531578947368422
31,48,110,18,31.25,1.7361111111111112
31,48,111,4,6.94,1.735
31,48,112,5,8.46,1.6920000000000002
31,48,113,11,18.37,1.6700000000000002
31,48,114,2,3.32,1.66
31,48,115,2,3.32,1.66
31,48,116,10,16.3,1.6300000000000001
31,48,117,9,14.66,1.6288888888888888
31,48,118,16,25.92,1.62
31,48,119,16,25.89,1.618125
31,48,120,18,28.85,1.6027777777777779
31,48,121,9,14.33,1.5922222222222222
31,48,122,10,15.85,1.585
31,48,123,6,9.45,1.575
31,48,124,8,12.51,1.56375
31,48,125,20,31.11,1.5554999999999999
31,48,126,16,24.14,1.50875
31,48,127,10,15.08,1.508
31,48,128,12,17.88,1.49
31,48,129,4,5.85,1.4625
31,48,130,12,17.26,1.4383333333333335
31,48,131,2,2.8,1.4
31,48,132,20,27.58,1.379
31,48,133,6,8.27,1.3783333333333332
31,48,134,10,13.73,1.373
31,48,135,19,25.94,1.365263157894737
31,48,136,10,13.62,1.3619999999999999
31,48,137,6,7.94,1.3233333333333335
31,48,138,1,1.29,1.29
31,48,139,11,13.91,1.2645454545454546
31,48,140,9,11.37,1.2633333333333332
31,48,141,10,12.5,1.25
31,48,142,7,8.3,1.1857142857142857
31,48,143,10,11.61,1.161
31,48,144,6,6.92,1.1533333333333333
31,48,145,15,17.13,1.142
31,48,146,20,22.8,1.1400000000000001
31,48,147,2,2.24,1.12
31,48,148,14,15.62,1.1157142857142857
31,48,149,10,10.93,1.093
31,48,150,11,11.89,1.080909090909091
31,48,151,19,19.69,1.0363157894736843
31,48,152,7,6.99,0.9985714285714286
31,48,153,19,18.62,0.9800000000000001
31,48,154,12,11.62,0.9683333333333333
31,48,155,6,5.78,0.9633333333333334
31,48,156,10,9.14,0.914
31,48,157,20,18.07,0.9035
31,48,158,5,4.5,0.9
31,48,159,16,13.85,0.865625
31,48,160,14,11.6,0.8285714285714285
31,48,161,5,4.14,0.828
31,48,162,4,3.28,0.82
31,48,163,2,1.64,0.82
31,48,164,18,14.33,0.7961111111111111
31,48,165,10,7.92,0.792
31,48,166,6,4.46,0.7433333333333333
31,48,167,18,13.0,0.7222222222222222
31,48,168,1,0.71,0.71
31,48,169,18,12.53,0.6961111111111111
31,48,170,11,7.51,0.6827272727272727
31,48,171,12,8.05,0.6708333333333334
31,48,172,1,0.66,0.66
31,48,173,18,11.83,0.6572222222222223
31,48,174,15,9.71,0.6473333333333334
31,48,175,9,5.82,0.6466666666666667
31,48,176,16,9.76,0.61
31,48,177,11,6.64,0.6036363636363636
31,48,178,5,2.84,0.568
31,48,179,4,2.21,0.5525
31,48,180,20,9.16,0.458
31,48,181,19,8.07,0.4247368421052632
31,48,182,9,3.82,0.4244444444444444
31,48,183,4,1.57,0.3925
31,48,184,7,2.61,0.37285714285714283
31,48,185,12,4.4,0.3666666666666667
31,48,186,9,3.1,0.34444444444444444
31,48,187,2,0.68,0.34
31,48,188,7,2.37,0.3385714285714286
31,48,189,1,0.32,0.32
31,48,190,9,2.81,0.31222222222222223
31,48,191,15,4.55,0.30333333333333334
31,48,192,7,1.96,0.27999999999999997
31,48,193,2,0.55,0.275
31,48,194,19,3.9,0.20526315789473684
31,48,195,14,2.84,0.20285714285714285
31,48,196,12,2.35,0.19583333333333333
31,48,197,14,2.06,0.14714285714285716
31,48,198,11,1.48,0.13454545454545455
31,48,199,15,1.96,0.13066666666666665
31,90,0,11,19.9,1.8090909090909089
31,90,1,14,25.26,1.8042857142857145
31,90,2,7,12.59,1.7985714285714285
31,90,3,19,33.81,1.7794736842105265
31,90,4,10,17.74,1.7739999999999998
31,90,5,16,28.37,1.773125
31,90,6,20,35.39,1.7695
31,90,7,2,3.53,1.765
31,90,8,16,28.19,1.761875
31,90,9,1,1.76,1.76
31,90,10,3,5.22,1.74
31,90,11,9,15.57,1.73
31,90,12,9,15.52,1.7244444444444444
31,90,13,20,34.34,1.717
31,90,14,9,15.43,1.7144444444444444
31,90,15,13,22.28,1.713846153846154
31,90,16,12,20.5,1.7083333333333333
31,90,17,8,13.62,1.7025
31,90,18,9,15.26,1.6955555555555555
31,90,19,10,16.92,1.6920000000000002
31,90,20,5,8.38,1.6760000000000002
31,90,21,5,8.36,1.672
31,90,22,1,1.66,1.66
31,90,23,1,1.65,1.65
31,90,24,17,27.83,1.6370588235294117
31,90,25,14,22.83,1.6307142857142856
31,90,26,1,1.63,1.63
31,90,27,7,11.4,1.6285714285714286
31,90,28,18,29.23,1.623888888888889
31,90,29,3,4.85,1.6166666666666665
31,90,30,18,28.97,1.6094444444444445
31,90,31,12,19.29,1.6075
31,90,32,1,1.59,1.59
31,90,33,17,26.98,1.5870588235294119
31,90,34,19,29.81,1.5689473684210526
31,90,35,3,4.69,1.5633333333333335
31,90,36,13,20.11,1.5469230769230768
31,90,37,16,24.67,1.541875
31,90,38,15,22.91,1.5273333333333334
31,90,39,14,21.29,1.5207142857142857
31,90,40,1,1.52,1.52
31,90,41,18,27.24,1.5133333333333332
31,90,42,12,17.82,1.485
31,90,43,9,13.29,1.4766666666666666
31,90,44,17,24.84,1.4611764705882353
31,90,45,9,13.07,1.4522222222222223
31,90,46,14,19.66,1.4042857142857144
31,90,47,4,5.61,1.4025
31,90,48,5,6.92,1.384
31,90,49,10,13.7,1.3699999999999999
31,90,50,3,4.09,1.3633333333333333
31,90,51,6,8.16,1.36
31,90,52,7,9.52,1.3599999999999999
31,90,53,17,22.94,1.3494117647058825
31,90,54,7,9.4,1.342857142857143
31,90,55,17,22.81,1.341764705882353
31,90,56,5,6.69,1.338
31,90,57,6,8.01,1.335
31,90,58,19,25.24,1.328421052631579
31,90,59,13,17.05,1.3115384615384615
31,90,60,13,17.0,1.3076923076923077
31,90,61,8,10.32,1.29
31,90,62,18,23.0,1.2777777777777777
31,90,63,10,12.73,1.2730000000000001
31,90,64,11,13.96,1.2690909090909093
31,90,65,19,24.01,1.263684210526316
31,90,66,19,23.94,1.26
31,90,67,18,21.8,1.2111111111111112
31,90,68,8,9.63,1.20375
31,90,69,5,6.0,1.2
31,90,70,13,15.51,1.1930769230769231
31,90,71,8,9.53,1.19125
31,90,72,9,10.55,1.1722222222222223
31,90,73,17,19.92,1.171764705882353
31,90,74,14,15.98,1.1414285714285715
31,90,75,1,1.14,1.14
31,90,76,5,5.69,1.1380000000000001
31,90,77,5,5.66,1.1320000000000001
31,90,78,8,9.0,1.125
31,90,79,11,12.27,1.1154545454545455
31,90,80,14,15.25,1.0892857142857142
31,90,81,6,6.4,1.0666666666666667
31,90,82,1,1.06,1.06
31,90,83,18,19.03,1.0572222222222223
31,90,84,8,8.25,1.03125
31,90,85,3,3.08,1.0266666666666666
31,90,86,15,15.4,1.0266666666666666
31,90,87,4,4.09,1.0225
31,90,88,1,1.02,1.02
31,90,89,7,7.04,1.0057142857142858
31,90,90,17,16.91,0.9947058823529412
31,90,91,15,14.39,0.9593333333333334
31,90,92,12,11.47,0.9558333333333334
31,90,93,5,4.71,0.942
31,90,94,18,16.85,0.9361111111111112
31,90,95,17,15.89,0.9347058823529412
31,90,96,19,17.59,0.9257894736842105
31,90,97,6,5.51,0.9183333333333333
31,90,98,3,2.73,0.91
31,90,99,13,11.79,0.9069230769230768
31,90,100,3,2.72,0.9066666666666667
31,90,101,20,18.12,0.906
31,90,102,15,13.56,0.904
31,90,103,9,8.13,0.9033333333333334
31,90,104,18,16.19,0.8994444444444445
31,90,105,11,9.53,0.8663636363636363
31,90,106,12,10.36,0.8633333333333333
31,90,107,16,13.29,0.830625
31,90,108,12,9.83,0.8191666666666667
31,90,109,12,9.79,0.8158333333333333
31,90,110,16,13.03,0.814375
31,90,111,7,5.63,0.8042857142857143
31,90,112,12,9.51,0.7925
31,90,113,19,15.02,0.7905263157894736
31,90,114,14,10.99,0.785
31,90,115,9,6.95,0.7722222222222223
31,90,116,5,3.85,0.77
31,90,117,13,9.86,0.7584615384615384
31,90,118,14,10.51,0.7507142857142857
31,90,119,17,12.73,0.7488235294117648
31,90,120,10,7.46,0.746
31,90,121,12,8.69,0.7241666666666666
31,90,122,7,5.05,0.7214285714285714
31,90,123,4,2.83,0.7075
31,90,124,17,11.7,0.6882352941176471
31,90,125,11,7.49,0.6809090909090909
31,90,126,13,8.85,0.6807692307692308
31,90,127,14,9.47,0.6764285714285715
31,90,128,17,11.41,0.6711764705882353
31,90,129,1,0.66,0.66
31,90,130,19,12.54,0.6599999999999999
31,90,131,15,9.89,0.6593333333333333
31,90,132,6,3.88,0.6466666666666666
31,90,133,2,1.27,0.635
31,90,134,11,6.89,0.6263636363636363
31,90,135,12,7.37,0.6141666666666666
31,90,136,20,12.09,0.6045
31,90,137,13,7.72,0.5938461538461538
31,90,138,8,4.74,0.5925
31,90,139,8,4.71,0.58875
31,90,140,12,6.9,0.5750000000000001
31,90,141,17,9.65,0.5676470588235294
31,90,142,17,9.6,0.5647058823529412
31,90,143,16,8.88,0.555
31,90,144,18,9.96,0.5533333333333333
31,90,145,7,3.82,0.5457142857142857
31,90,146,12,6.51,0.5425
31,90,147,11,5.93,0.5390909090909091
31,90,148,20,10.61,0.5305
31,90,149,3,1.58,0.5266666666666667
31,90,150,17,8.79,0.5170588235294117
31,90,151,18,9.26,0.5144444444444445
31,90,152,17,8.5,0.5
31,90,153,20,9.91,0.4955
31,90,154,17,7.85,0.4617647058823529
31,90,155,11,5.07,0.46090909090909093
31,90,156,15,6.82,0.45466666666666666
31,90,157,15,6.76,0.45066666666666666
31,90,158,7,3.13,0.4471428571428571
31,90,159,19,8.45,0.4447368421052631
31,90,160,3,1.33,0.44333333333333336
31,90,161,18,7.89,0.4383333333333333
31,90,162,13,5.63,0.4330769230769231
31,90,163,16,6.07,0.379375
31,90,164,17,6.42,0.3776470588235294
31,90,165,9,3.3,0.36666666666666664
31,90,166,11,4.01,0.3645454545454545
31,90,167,8,2.9,0.3625
31,90,168,7,2.51,0.35857142857142854
31,90,169,15,5.27,0.35133333333333333
31,90,170,8,2.77,0.34625
31,90,171,18,6.14,0.3411111111111111
31,90,172,2,0.65,0.325
31,90,173,13,3.93,0.30230769230769233
31,90,174,7,2.1,0.3
31,90,175,14,4.01,0.2864285714285714
31,90,176,16,4.56,0.285
31,90,177,4,1.13,0.2825
31,90,178,14,3.88,0.27714285714285714
31,90,179,5,1.35,0.27
31,90,180,14,3.53,0.2521428571428571
31,90,181,1,0.25,0.25
31,90,182,8,1.91,0.23875
31,90,183,13,2.98,0.22923076923076924
31,90,184,18,4.11,0.22833333333333336
31,90,185,11,2.23,0.20272727272727273
31,90,186,7,1.35,0.19285714285714287
31,90,187,4,0.72,0.18
31,90,188,12,1.88,0.15666666666666665
31,90,189,14,2.1,0.15
31,90,190,18,2.68,0.1488888888888889
31,90,191,19,2.38,0.12526315789473683
31,90,192,1,0.12,0.12
31,90,193,11,1.26,0.11454545454545455
31,90,194,12,1.32,0.11
31,90,195,16,1.67,0.104375
31,90,196,9,0.88,0.09777777777777778
31,90,197,20,1.78,0.089
31,90,198,4,0.33,0.0825
31,90,199,5,0.37,0.074
47,5,0,4,4.07,1.0175
47,5,1,11,11.05,1.0045454545454546
47,5,2,6,6.01,1.0016666666666667
47,5,3,11,11.01,1.000909090909091
47,5,4,2,2.0,1.0
47,5,5,19,18.91,0.9952631578947368
47,5,6,7,6.92,0.9885714285714285
47,5,7,11,10.81,0.9827272727272728
47,5,8,18,17.66,0.9811111111111112
47,5,9,1,0.98,0.98
47,5,10,4,3.92,0.98
47,5,11,3,2.93,0.9766666666666667
47,5,12,9,8.79,0.9766666666666666
47,5,13,3,2.9,0.9666666666666667
47,5,14,6,5.76,0.96
47,5,15,12,11.46,0.9550000000000001
47,5,16,5,4.77,0.954
47,5,17,2,1.9,0.95
47,5,18,4,3.74,0.935
47,5,19,15,13.97,0.9313333333333333
47,5,20,18,16.75,0.9305555555555556
47,5,21,9,8.36,0.9288888888888889
47,5,22,6,5.55,0.9249999999999999
47,5,23,5,4.62,0.924
47,5,24,3,2.77,0.9233333333333333
47,5,25,8,7.38,0.9225
47,5,26,14,12.91,0.9221428571428572
47,5,27,11,10.04,0.9127272727272726
47,5,28,1,0.91,0.91
47,5,29,14,12.73,0.9092857142857144
47,5,30,11,9.96,0.9054545454545455
47,5,31,13,11.76,0.9046153846153846
47,5,32,16,14.43,0.901875
47,5,33,6,5.4,0.9
47,5,34,17,15.19,0.8935294117647059
47,5,35,13,11.6,0.8923076923076922
47,5,36,2,1.78,0.89
47,5,37,1,0.88,0.88
47,5,38,12,10.48,0.8733333333333334
47,5,39,11,9.58,0.870909090909091
47,5,40,1,0.87,0.87
47,5,41,7,6.04,0.8628571428571429
47,5,42,1,0.86,0.86
47,5,43,18,15.42,0.8566666666666667
47,5,44,14,11.84,0.8457142857142858
47,5,45,6,5.05,0.8416666666666667
47,5,46,14,11.77,0.8407142857142856
47,5,47,3,2.51,0.8366666666666666
47,5,48,14,11.71,0.8364285714285715
47,5,49,16,13.36,0.835
47,5,50,8,6.64,0.83
47,5,51,19,15.62,0.8221052631578947
47,5,52,14,11.48,0.8200000000000001
47,5,53,9,7.37,0.8188888888888889
47,5,54,10,8.11,0.8109999999999999
47,5,55,13,10.52,0.8092307692307692
47,5,56,10,8.05,0.805
47,5,57,12,9.65,0.8041666666666667
47,5,58,11,8.77,0.7972727272727272
47,5,59,2,1.59,0.795
47,5,60,12,9.52,0.7933333333333333
47,5,61,20,15.72,0.786
47,5,62,2,1.56,0.78
47,5,63,14,10.88,0.7771428571428572
47,5,64,13,10.01,0.77
47,5,65,1,0.77,0.77
47,5,66,1,0.77,0.77
47,5,67,14,10.68,0.7628571428571428
47,5,68,11,8.38,0.7618181818181818
47,5,69,1,0.76,0.76
47,5,70,9,6.83,0.758888888888889
47,5,71,16,12.01,0.750625
47,5,72,2,1.49,0.745
47,5,73,17,12.66,0.7447058823529412
47,5,74,13,9.63,0.7407692307692308
47,5,75,8,5.89,0.73625
47,5,76,1,0.73,0.73
47,5,77,18,13.13,0.7294444444444445
47,5,78,12,8.69,0.7241666666666666
47,5,79,16,11.57,0.723125
47,5,80,4,2.85,0.7125
47,5,81,15,10.67,0.7113333333333334
47,5,82,11,7.81,0.71
47,5,83,11,7.8,0.7090909090909091
47,5,84,8,5.67,0.70875
47,5,85,7,4.92,0.7028571428571428
47,5,86,17,11.8,0.6941176470588236
47,5,87,20,13.82,0.6910000000000001
47,5,88,11,7.47,0.6790909090909091
47,5,89,15,10.11,0.6739999999999999
47,5,90,5,3.36,0.6719999999999999
47,5,91,1,0.67,0.67
47,5,92,13,8.59,0.6607692307692308
47,5,93,20,13.13,0.6565000000000001
47,5,94,18,11.67,0.6483333333333333
47,5,95,6,3.88,0.6466666666666666
47,5,96,6,3.85,0.6416666666666667
47,5,97,1,0.64,0.64
47,5,98,1,0.64,0.64
47,5,99,16,9.81,0.613125
47,5,100,9,5.44,0.6044444444444445
47,5,101,14,8.42,0.6014285714285714
47,5,102,16,9.54,0.59625
47,5,103,8,4.75,0.59375
47,5,104,3,1.78,0.5933333333333334
47,5,105,19,11.22,0.5905263157894737
47,5,106,6,3.53,0.5883333333333333
47,5,107,19,11.15,0.5868421052631579
47,5,108,4,2.34,0.585
47,5,109,7,4.03,0.5757142857142857
47,5,110,7,3.97,0.5671428571428572
47,5,111,15,8.36,0.5573333333333333
47,5,112,19,10.57,0.5563157894736842
47,5,113,13,7.21,0.5546153846153846
47,5,114,15,8.14,0.5426666666666667
47,5,115,8,4.27,0.53375
47,5,116,19,10.13,0.5331578947368422
47,5,117,17,9.03,0.5311764705882352
47,5,118,10,5.27,0.5269999999999999
47,5,119,9,4.74,0.5266666666666667
47,5,120,9,4.31,0.47888888888888886
47,5,121,20,9.5,0.475
47,5,122,17,7.93,0.4664705882352941
47,5,123,11,5.03,0.4572727272727273
47,5,124,8,3.53,0.44125
47,5,125,16,6.96,0.435
47,5,126,11,4.64,0.4218181818181818
47,5,127,6,2.45,0.4083333333333334
47,5,128,10,4.07,0.40700000000000003
47,5,129,16,6.42,0.40125
47,5,130,5,1.99,0.398
47,5,131,15,5.97,0.39799999999999996
47,5,132,6,2.27,0.37833333333333335
47,5,133,12,4.32,0.36000000000000004
47,5,134,9,3.2,0.35555555555555557
47,5,135,4,1.42,0.355
47,5,136,18,6.19,0.3438888888888889
47,5,137,2,0.68,0.34
47,5,138,5,1.67,0.33399999999999996
47,5,139,5,1.63,0.32599999999999996
47,5,140,13,4.2,0.3230769230769231
47,5,141,2,0.63,0.315
47,5,142,20,6.26,0.313
47,5,143,13,3.87,0.2976923076923077
47,5,144,19,5.64,0.29684210526315785
47,5,145,14,4.15,0.29642857142857143
47,5,146,12,3.47,0.2891666666666667
47,5,147,3,0.85,0.2833333333333333
47,5,148,13,3.63,0.2792307692307692
47,5,149,8,2.15,0.26875
47,5,150,15,3.98,0.2653333333333333
47,5,151,19,4.99,0.26263157894736844
47,5,152,8,1.99,0.24875
47,5,153,12,2.98,0.24833333333333332
47,5,154,3,0.71,0.23666666666666666
47,5,155,7,1.6,0.2285714285714286
47,5,156,17,3.83,0.22529411764705884
47,5,157,6,1.32,0.22
47,5,158,11,2.38,0.21636363636363634
47,5,159,11,2.38,0.21636363636363634
47,5,160,3,0.64,0.21333333333333335
47,5,161,16,3.28,0.205
47,5,162,3,0.61,0.20333333333333334
47,5,163,18,3.49,0.1938888888888889
47,5,164,6,1.14,0.18999999999999997
47,5,165,9,1.67,0.18555555555555556
47,5,166,7,1.29,0.1842857142857143
47,5,167,9,1.64,0.1822222222222222
47,5,168,11,1.95,0.17727272727272728
47,5,169,1,0.17,0.17
47,5,170,5,0.84,0.16799999999999998
47,5,171,3,0.49,0.16333333333333333
47,5,172,2,0.32,0.16
47,5,173,10,1.58,0.158
47,5,174,10,1.53,0.153
47,5,175,4,0.6,0.15
47,5,176,17,2.47,0.14529411764705882
47,5,177,14,2.01,0.14357142857142854
47,5,178,5,0.68,0.136
47,5,179,6,0.81,0.135
47,5,180,17,2.29,0.13470588235294118
47,5,181,8,1.07,0.13375
47,5,182,7,0.92,0.13142857142857142
47,5,183,17,2.21,0.13
47,5,184,16,1.96,0.1225
47,5,185,1,0.12,0.12
47,5,186,7,0.82,0.11714285714285713
47,5,187,2,0.23,0.115
47,5,188,17,1.84,0.10823529411764707
47,5,189,12,1.19,0.09916666666666667
47,5,190,6,0.58,0.09666666666666666
47,5,191,4,0.38,0.095
47,5,192,19,1.61,0.08473684210526317
47,5,193,19,1.29,0.06789473684210527
47,5,194,19,1.21,0.06368421052631579
47,5,195,11,0.63,0.057272727272727274
47,5,196,16,0.87,0.054375
47,5,197,9,0.48,0.05333333333333333
47,5,198,13,0.66,0.050769230769230775
47,5,199,1,0.04,0.04
47,10,0,1,3.7,3.7
47,10,1,19,70.1,3.689473684210526
47,10,2,5,18.4,3.6799999999999997
47,10,3,5,18.34,3.668
47,10,4,18,65.83,3.657222222222222
47,10,5,6,21.9,3.65
47,10,6,14,50.91,3.636428571428571
47,10,7,2,7.27,3.635
47,10,8,19,68.89,3.6257894736842107
47,10,9,13,47.05,3.619230769230769
47,10,10,2,7.21,3.605
47,10,11,8,28.75,3.59375
47,10,12,16,57.42,3.58875
47,10,13,1,3.58,3.58
47,10,14,20,71.35,3.5675
47,10,15,5,17.77,3.554
47,10,16,7,24.71,3.5300000000000002
47,10,17,16,56.09,3.505625
47,10,18,16,56.0,3.5
47,10,19,16,55.73,3.483125
47,10,20,16,54.34,3.39625
47,10,21,12,40.56,3.3800000000000003
47,10,22,9,30.05,3.338888888888889
47,10,23,7,23.28,3.325714285714286
47,10,24,13,43.14,3.3184615384615386
47,10,25,6,19.63,3.2716666666666665
47,10,26,1,3.21,3.21
47,10,27,4,12.68,3.17
47,10,28,7,21.99,3.141428571428571
47,10,29,1,3.13,3.13
47,10,30,12,37.5,3.125
47,10,31,12,37.43,3.1191666666666666
47,10,32,15,46.5,3.1
47,10,33,13,40.05,3.0807692307692305
47,10,34,9,27.72,3.08
47,10,35,12,36.87,3.0725
47,10,36,10,30.64,3.064
47,10,37,15,45.73,3.0486666666666666
47,10,38,11,32.81,2.982727272727273
47,10,39,4,11.91,2.9775
47,10,40,3,8.89,2.9633333333333334
47,10,41,6,17.75,2.9583333333333335
47,10,42,3,8.85,2.9499999999999997
47,10,43,16,47.15,2.946875
47,10,44,10,29.19,2.919
47,10,45,20,58.17,2.9085
47,10,46,2,5.81,2.905
47,10,47,6,17.41,2.901666666666667
47,10,48,8,23.15,2.89375
47,10,49,12,34.68,2.89
47,10,50,15,43.32,2.888
47,10,51,20,57.57,2.8785
47,10,52,18,51.39,2.855
47,10,53,7,19.87,2.8385714285714285
47,10,54,17,47.56,2.7976470588235296
47,10,55,2,5.55,2.775
47,10,56,3,8.28,2.76
47,10,57,2,5.39,2.695
47,10,58,11,29.58,2.689090909090909
47,10,59,5,13.41,2.682
47,10,60,9,24.1,2.677777777777778
47,10,61,18,48.13,2.673888888888889
47,10,62,7,18.59,2.6557142857142857
47,10,63,8,21.14,2.6425
47,10,64,1,2.63,2.63
47,10,65,4,10.34,2.585
47,10,66,18,46.14,2.5633333333333335
47,10,67,14,35.87,2.562142857142857
47,10,68,16,40.71,2.544375
47,10,69,18,45.79,2.5438888888888886
47,10,70,11,27.93,2.539090909090909
47,10,71,12,30.31,2.5258333333333334
47,10,72,3,7.53,2.5100000000000002
47,10,73,2,5.02,2.51
47,10,74,5,12.33,2.466
47,10,75,16,38.59,2.411875
47,10,76,6,14.41,2.401666666666667
47,10,77,16,38.15,2.384375
47,10,78,19,45.16,2.3768421052631576
47,10,79,20,46.99,2.3495
47,10,80,14,32.5,2.3214285714285716
47,10,81,16,37.11,2.319375
47,10,82,12,27.8,2.316666666666667
47,10,83,1,2.29,2.29
47,10,84,16,36.53,2.283125
47,10,85,2,4.48,2.24
47,10,86,14,31.0,2.2142857142857144
47,10,87,19,41.36,2.176842105263158
47,10,88,9,19.54,2.171111111111111
47,10,89,18,38.97,2.165
47,10,90,17,35.84,2.108235294117647
47,10,91,5,10.4,2.08
47,10,92,4,8.15,2.0375
47,10,93,6,12.15,2.025
47,10,94,19,37.42,1.9694736842105265
47,10,95,19,37.23,1.9594736842105263
47,10,96,19,36.82,1.9378947368421053
47,10,97,13,25.17,1.9361538461538463
47,10,98,13,24.89,1.9146153846153846
47,10,99,7,13.39,1.912857142857143
47,10,100,15,28.54,1.9026666666666665
47,10,101,14,26.47,1.8907142857142856
47,10,102,2,3.76,1.88
47,10,103,13,24.41,1.8776923076923078
47,10,104,3,5.58,1.86
47,10,105,3,5.52,1.8399999999999999
47,10,106,7,12.74,1.82
47,10,107,20,36.0,1.8
47,10,108,5,8.97,1.794
47,10,109,3,5.37,1.79
47,10,110,2,3.53,1.765
47,10,111,18,31.08,1.7266666666666666
47,10,112,10,17.01,1.701
47,10,113,1,1.69,1.69
47,10,114,16,26.88,1.68
47,10,115,11,18.46,1.6781818181818182
47,10,116,6,9.89,1.6483333333333334
47,10,117,17,27.26,1.6035294117647059
47,10,118,19,30.11,1.5847368421052632
47,10,119,15,23.68,1.5786666666666667
47,10,120,14,22.06,1.5757142857142856
47,10,121,4,6.25,1.5625
47,10,122,2,3.11,1.555
47,10,123,2,3.08,1.54
47,10,124,4,6.0,1.5
47,10,125,17,25.34,1.4905882352941175
47,10,126,18,26.69,1.4827777777777778
47,10,127,18,25.5,1.4166666666666667
47,10,128,18,25.45,1.4138888888888888
47,10,129,13,18.37,1.4130769230769231
47,10,130,8,11.15,1.39375
47,10,131,10,13.21,1.3210000000000002
47,10,132,17,22.39,1.3170588235294118
47,10,133,11,14.42,1.3109090909090908
47,10,134,18,23.54,1.3077777777777777
47,10,135,20,25.85,1.2925
47,10,136,16,20.67,1.291875
47,10,137,17,21.07,1.2394117647058824
47,10,138,13,16.08,1.2369230769230768
47,10,139,7,8.58,1.2257142857142858
47,10,140,3,3.52,1.1733333333333333
47,10,141,6,6.61,1.1016666666666668
47,10,142,19,20.9,1.0999999999999999
47,10,143,19,20.37,1.072105263157895
47,10,144,5,5.27,1.0539999999999998
47,10,145,12,12.5,1.0416666666666667
47,10,146,7,7.27,1.0385714285714285
47,10,147,13,13.49,1.0376923076923077
47,10,148,2,2.02,1.01
47,10,149,2,1.98,0.99
47,10,150,6,5.86,0.9766666666666667
47,10,151,15,14.56,0.9706666666666667
47,10,152,17,16.42,0.9658823529411765
47,10,153,12,11.04,0.9199999999999999
47,10,154,16,14.68,0.9175
47,10,155,11,9.99,0.9081818181818182
47,10,156,18,16.28,0.9044444444444445
47,10,157,6,5.35,0.8916666666666666
47,10,158,16,13.65,0.853125
47,10,159,12,10.06,0.8383333333333334
47,10,160,13,10.66,0.8200000000000001
47,10,161,17,13.8,0.8117647058823529
47,10,162,7,5.48,0.7828571428571429
47,10,163,2,1.53,0.765
47,10,164,17,12.85,0.7558823529411764
47,10,165,16,11.75,0.734375
47,10,166,15,10.97,0.7313333333333334
47,10,167,3,2.15,0.7166666666666667
47,10,168,4,2.79,0.6975
47,10,169,12,8.36,0.6966666666666667
47,10,170,2,1.37,0.685
47,10,171,15,10.21,0.6806666666666668
47,10,172,3,2.0,0.6666666666666666
47,10,173,7,4.52,0.6457142857142857
47,10,174,18,11.28,0.6266666666666666
47,10,175,8,4.85,0.60625
47,10,176,7,4.21,0.6014285714285714
47,10,177,9,5.1,0.5666666666666667
47,10,178,1,0.54,0.54
47,10,179,4,2.14,0.535
47,10,180,11,5.72,0.52
47,10,181,3,1.54,0.5133333333333333
47,10,182,16,7.77,0.485625
47,10,183,6,2.81,0.4683333333333333
47,10,184,15,7.0,0.4666666666666667
47,10,185,14,6.42,0.4585714285714286
47,10,186,2,0.87,0.435
47,10,187,7,2.94,0.42
47,10,188,10,3.61,0.361
47,10,189,11,3.75,0.3409090909090909
47,10,190,10,3.32,0.33199999999999996
47,10,191,5,1.55,0.31
47,10,192,11,3.41,0.31
47,10,193,1,0.3,0.3
47,10,194,13,3.5,0.2692307692307692
47,10,195,4,0.97,0.2425
47,10,196,18,3.53,0.1961111111111111
47,10,197,20,3.35,0.1675
47,10,198,12,1.96,0.16333333333333333
47,10,199,20,3.24,0.162
47,16,0,12,11.69,0.9741666666666666
47,16,1,19,18.5,0.9736842105263158
47,16,2,20,19.46,0.9730000000000001
47,16,3,8,7.57,0.94625
47,16,4,17,16.08,0.9458823529411764
47,16,5,14,13.22,0.9442857142857143
47,16,6,12,11.32,0.9433333333333334
47,16,7,14,13.15,0.9392857142857143
47,16,8,8,7.5,0.9375
47,16,9,5,4.67,0.9339999999999999
47,16,10,6,5.56,0.9266666666666666
47,16,11,8,7.35,0.91875
47,16,12,12,10.96,0.9133333333333334
47,16,13,11,10.03,0.9118181818181817
47,16,14,19,17.11,0.9005263157894736
47,16,15,6,5.4,0.9
47,16,16,9,8.06,0.8955555555555557
47,16,17,2,1.77,0.885
47,16,18,2,1.75,0.875
47,16,19,8,7.0,0.875
47,16,20,9,7.77,0.8633333333333333
47,16,21,13,11.2,0.8615384615384615
47,16,22,12,10.31,0.8591666666666667
47,16,23,12,10.3,0.8583333333333334
47,16,24,11,9.43,0.8572727272727273
47,16,25,12,10.25,0.8541666666666666
47,16,26,8,6.77,0.84625
47,16,27,11,9.28,0.8436363636363636
47,16,28,3,2.52,0.84
47,16,29,4,3.35,0.8375
47,16,30,3,2.5,0.8333333333333334
47,16,31,10,8.29,0.829
47,16,32,4,3.28,0.82
47,16,33,4,3.26,0.815
47,16,34,4,3.26,0.815
47,16,35,5,4.07,0.8140000000000001
47,16,36,6,4.88,0.8133333333333334
47,16,37,8,6.5,0.8125
47,16,38,20,16.16,0.808
47,16,39,6,4.82,0.8033333333333333
47,16,40,4,3.21,0.8025
47,16,41,8,6.37,0.79625
47,16,42,10,7.91,0.791
47,16,43,13,10.24,0.7876923076923077
47,16,44,3,2.35,0.7833333333333333
47,16,45,2,1.56,0.78
47,16,46,15,11.62,0.7746666666666666
47,16,47,3,2.3,0.7666666666666666
47,16,48,12,9.17,0.7641666666666667
47,16,49,20,15.25,0.7625
47,16,50,20,15.12,0.756
47,16,51,13,9.75,0.75
47,16,52,14,10.41,0.7435714285714285
47,16,53,6,4.41,0.735
47,16,54,3,2.19,0.73
47,16,55,4,2.92,0.73
47,16,56,17,12.38,0.7282352941176471
47,16,57,18,13.1,0.7277777777777777
47,16,58,8,5.65,0.70625
47,16,59,4,2.81,0.7025
47,16,60,12,8.42,0.7016666666666667
47,16,61,2,1.4,0.7
47,16,62,8,5.6,0.7
47,16,63,15,10.46,0.6973333333333334
47,16,64,18,12.45,0.6916666666666667
47,16,65,19,13.1,0.6894736842105263
47,16,66,11,7.52,0.6836363636363636
47,16,67,8,5.43,0.67875
47,16,68,5,3.39,0.678
47,16,69,12,8.13,0.6775000000000001
47,16,70,3,2.03,0.6766666666666666
47,16,71,18,11.97,0.665
47,16,72,11,7.28,0.6618181818181819
47,16,73,3,1.96,0.6533333333333333
47,16,74,15,9.73,0.6486666666666667
47,16,75,13,8.36,0.643076923076923
47,16,76,16,10.26,0.64125
47,16,77,7,4.45,0.6357142857142858
47,16,78,10,6.32,0.632
47,16,79,15,9.28,0.6186666666666666
47,16,80,19,11.68,0.6147368421052631
47,16,81,10,6.01,0.601
47,16,82,8,4.78,0.5975
47,16,83,1,0.59,0.59
47,16,84,2,1.16,0.58
47,16,85,17,9.8,0.5764705882352942
47,16,86,2,1.14,0.57
47,16,87,8,4.54,0.5675
47,16,88,19,10.72,0.5642105263157895
47,16,89,5,2.81,0.562
47,16,90,15,8.38,0.5586666666666668
47,16,91,11,6.0,0.5454545454545454
47,16,92,11,6.0,0.5454545454545454
47,16,93,7,3.81,0.5442857142857143
47,16,94,11,5.93,0.5390909090909091
47,16,95,16,8.54,0.53375
47,16,96,15,8.0,0.5333333333333333
47,16,97,16,8.52,0.5325
47,16,98,19,9.88,0.52
47,16,99,4,2.07,0.5175
47,16,100,7,3.58,0.5114285714285715
47,16,101,8,4.09,0.51125
47,16,102,15,7.59,0.506
47,16,103,13,6.54,0.5030769230769231
47,16,104,15,7.32,0.48800000000000004
47,16,105,11,5.35,0.48636363636363633
47,16,106,5,2.38,0.476
47,16,107,4,1.9,0.475
47,16,108,12,5.69,0.4741666666666667
47,16,109,13,6.13,0.4715384615384615
47,16,110,17,7.93,0.4664705882352941
47,16,111,20,9.29,0.46449999999999997
47,16,112,8,3.63,0.45375
47,16,113,3,1.35,0.45
47,16,114,20,8.89,0.4445
47,16,115,1,0.44,0.44
47,16,116,9,3.96,0.44
47,16,117,18,7.87,0.43722222222222223
47,16,118,20,8.64,0.43200000000000005
47,16,119,5,2.1,0.42000000000000004
47,16,120,19,7.94,0.41789473684210526
47,16,121,9,3.7,0.41111111111111115
47,16,122,8,3.25,0.40625
47,16,123,5,2.03,0.40599999999999997
47,16,124,16,6.49,0.405625
47,16,125,15,6.03,0.402
47,16,126,4,1.57,0.3925
47,16,127,12,4.7,0.39166666666666666
47,16,128,1,0.39,0.39
47,16,129,6,2.34,0.38999999999999996
47,16,130,19,7.35,0.3868421052631579
47,16,131,14,5.2,0.37142857142857144
47,16,132,15,5.57,0.37133333333333335
47,16,133,14,5.09,0.36357142857142855
47,16,134,16,5.81,0.363125
47,16,135,6,2.15,0.35833333333333334
47,16,136,3,1.06,0.35333333333333333
47,16,137,6,2.11,0.3516666666666666
47,16,138,19,6.63,0.3489473684210526
47,16,139,9,3.11,0.34555555555555556
47,16,140,1,0.34,0.34
47,16,141,13,4.38,0.33692307692307694
47,16,142,3,1.0,0.3333333333333333
47,16,143,8,2.63,0.32875
47,16,144,6,1.96,0.32666666666666666
47,16,145,12,3.89,0.32416666666666666
47,16,146,18,5.76,0.32
47,16,147,8,2.55,0.31875
47,16,148,16,5.06,0.31625
47,16,149,16,4.96,0.31
47,16,150,4,1.14,0.285
47,16,151,9,2.54,0.2822222222222222
47,16,152,18,4.94,0.2744444444444445
47,16,153,16,4.34,0.27125
47,16,154,16,4.33,0.270625
47,16,155,9,2.39,0.26555555555555554
47,16,156,10,2.65,0.265
47,16,157,3,0.79,0.26333333333333336
47,16,158,2,0.52,0.26
47,16,159,19,4.9,0.2578947368421053
47,16,160,15,3.79,0.25266666666666665
47,16,161,1,0.25,0.25
47,16,162,5,1.13,0.22599999999999998
47,16,163,4,0.9,0.225
47,16,164,7,1.57,0.22428571428571428
47,16,165,15,3.35,0.22333333333333333
47,16,166,17,3.7,0.21764705882352942
47,16,167,2,0.42,0.21
47,16,168,7,1.35,0.19285714285714287
47,16,169,17,3.1,0.1823529411764706
47,16,170,6,1.09,0.18166666666666667
47,16,171,6,1.06,0.17666666666666667
47,16,172,6,1.04,0.17333333333333334
47,16,173,5,0.86,0.172
47,16,174,20,3.32,0.16599999999999998
47,16,175,5,0.79,0.158
47,16,176,20,3.05,0.1525
47,16,177,20,2.98,0.149
47,16,178,6,0.87,0.145
47,16,179,2,0.29,0.145
47,16,180,2,0.28,0.14
47,16,181,10,1.37,0.137
47,16,182,20,2.62,0.131
47,16,183,6,0.66,0.11
47,16,184,4,0.44,0.11
47,16,185,9,0.98,0.10888888888888888
47,16,186,13,1.41,0.10846153846153846
47,16,187,13,1.34,0.10307692307692308
47,16,188,2,0.2,0.1
47,16,189,20,1.88,0.094
47,16,190,3,0.26,0.08666666666666667
47,16,191,8,0.69,0.08625
47,16,192,13,1.04,0.08
47,16,193,20,1.18,0.059
47,16,194,19,1.08,0.056842105263157895
47,16,195,15,0.78,0.052000000000000005
47,16,196,1,0.05,0.05
47,16,197,11,0.52,0.04727272727272727
47,16,198,3,0.14,0.04666666666666667
47,16,199,3,0.14,0.04666666666666667
47,17,0,2,5.46,2.73
47,17,1,10,27.03,2.7030000000000003
47,17,2,9,24.07,2.6744444444444446
47,17,3,1,2.67,2.67
47,17,4,12,31.92,2.66
47,17,5,18,47.43,2.635
47,17,6,9,23.47,2.6077777777777778
47,17,7,5,13.02,2.604
47,17,8,1,2.6,2.6
47,17,9,15,38.96,2.5973333333333333
47,17,10,16,41.25,2.578125
47,17,11,11,28.16,2.56
47,17,12,19,48.25,2.539473684210526
47,17,13,14,35.14,2.5100000000000002
47,17,14,15,37.65,2.51
47,17,15,12,30.01,2.5008333333333335
47,17,16,2,4.98,2.49
47,17,17,13,32.07,2.4669230769230768
47,17,18,6,14.73,2.455
47,17,19,17,41.52,2.4423529411764706
47,17,20,3,7.24,2.4133333333333336
47,17,21,1,2.39,2.39
47,17,22,10,23.83,2.383
47,17,23,1,2.36,2.36
47,17,24,18,42.28,2.348888888888889
47,17,25,1,2.33,2.33
47,17,26,18,41.85,2.325
47,17,27,10,23.05,2.305
47,17,28,20,46.09,2.3045
47,17,29,8,18.36,2.295
47,17,30,4,9.17,2.2925
47,17,31,12,27.4,2.283333333333333
47,17,32,20,45.65,2.2824999999999998
47,17,33,1,2.27,2.27
47,17,34,13,29.5,2.269230769230769
47,17,35,18,40.81,2.2672222222222222
47,17,36,15,33.83,2.255333333333333
47,17,37,6,13.53,2.255
47,17,38,5,11.15,2.23
47,17,39,17,37.03,2.178235294117647
47,17,40,18,38.89,2.160555555555556
47,17,41,5,10.79,2.158
47,17,42,6,12.81,2.1350000000000002
47,17,43,12,25.49,2.1241666666666665
47,17,44,5,10.47,2.0940000000000003
47,17,45,15,31.22,2.0813333333333333
47,17,46,4,8.25,2.0625
47,17,47,11,22.38,2.0345454545454547
47,17,48,8,16.1,2.0125
47,17,49,5,10.02,2.004
47,17,50,20,40.01,2.0004999999999997
47,17,51,14,27.71,1.9792857142857143
47,17,52,3,5.83,1.9433333333333334
47,17,53,5,9.66,1.932
47,17,54,12,23.07,1.9225
47,17,55,14,26.83,1.9164285714285714
47,17,56,20,38.3,1.9149999999999998
47,17,57,5,9.56,1.9120000000000001
47,17,58,10,18.82,1.8820000000000001
47,17,59,8,15.05,1.88125
47,17,60,19,35.7,1.8789473684210527
47,17,61,4,7.44,1.86
47,17,62,18,33.47,1.8594444444444445
47,17,63,6,11.14,1.8566666666666667
47,17,64,3,5.55,1.8499999999999999
47,17,65,17,31.43,1.8488235294117648
47,17,66,6,11.04,1.8399999999999999
47,17,67,13,23.9,1.8384615384615384
47,17,68,2,3.67,1.835
47,17,69,8,14.67,1.83375
47,17,70,11,20.09,1.8263636363636364
47,17,71,11,20.06,1.8236363636363635
47,17,72,11,19.86,1.8054545454545454
47,17,73,19,33.83,1.7805263157894735
47,17,74,15,26.62,1.7746666666666668
47,17,75,11,19.43,1.7663636363636364
47,17,76,10,17.21,1.721
47,17,77,6,10.32,1.72
47,17,78,11,18.77,1.7063636363636363
47,17,79,6,10.0,1.6666666666666667
47,17,80,16,26.62,1.66375
47,17,81,2,3.3,1.65
47,17,82,4,6.6,1.65
47,17,83,19,31.28,1.6463157894736842
47,17,84,12,19.7,1.6416666666666666
47,17,85,11,18.05,1.6409090909090909
47,17,86,11,17.91,1.6281818181818182
47,17,87,15,24.2,1.6133333333333333
47,17,88,18,28.97,1.6094444444444445
47,17,89,5,7.94,1.588
47,17,90,14,22.23,1.5878571428571429
47,17,91,16,25.35,1.584375
47,17,92,4,6.23,1.5575
47,17,93,18,27.51,1.5283333333333333
47,17,94,15,22.91,1.5273333333333334
47,17,95,15,22.86,1.524
47,17,96,8,12.09,1.51125
47,17,97,15,22.5,1.5
47,17,98,18,26.79,1.4883333333333333
47,17,99,11,16.33,1.4845454545454544
47,17,100,1,1.47,1.47
47,17,101,15,21.98,1.4653333333333334
47,17,102,5,7.2,1.44
47,17,103,16,22.52,1.4075
47,17,104,9,12.65,1.4055555555555557
47,17,105,2,2.81,1.405
47,17,106,12,16.77,1.3975
47,17,107,19,26.5,1.394736842105263
47,17,108,11,15.29,1.39
47,17,109,6,8.27,1.3783333333333332
47,17,110,12,16.49,1.3741666666666665
47,17,111,6,8.24,1.3733333333333333
47,17,112,15,20.46,1.364
47,17,113,9,12.22,1.3577777777777778
47,17,114,4,5.42,1.355
47,17,115,13,17.57,1.3515384615384616
47,17,116,13,17.4,1.3384615384615384
47,17,117,4,5.31,1.3275
47,17,118,16,20.76,1.2975
47,17,119,20,24.43,1.2215
47,17,120,1,1.22,1.22
47,17,121,10,11.96,1.1960000000000002
47,17,122,11,13.1,1.190909090909091
47,17,123,15,17.83,1.1886666666666665
47,17,124,14,16.25,1.1607142857142858
47,17,125,12,13.61,1.1341666666666665
47,17,126,20,22.41,1.1205
47,17,127,9,10.05,1.1166666666666667
47,17,128,2,2.23,1.115
47,17,129,8,8.88,1.11
47,17,130,5,5.53,1.106
47,17,131,19,20.83,1.0963157894736841
47,17,132,14,15.32,1.0942857142857143
47,17,133,14,15.24,1.0885714285714285
47,17,134,13,14.0,1.0769230769230769
47,17,135,8,8.51,1.06375
47,17,136,19,19.8,1.0421052631578949
47,17,137,12,12.35,1.0291666666666666
47,17,138,2,2.01,1.005
47,17,139,18,17.85,0.9916666666666667
47,17,140,14,13.5,0.9642857142857143
47,17,141,12,11.45,0.9541666666666666
47,17,142,6,5.68,0.9466666666666667
47,17,143,8,7.52,0.94
47,17,144,1,0.92,0.92
47,17,145,14,12.02,0.8585714285714285
47,17,146,16,13.61,0.850625
47,17,147,17,14.39,0.8464705882352942
47,17,148,10,8.38,0.8380000000000001
47,17,149,4,3.33,0.8325
47,17,150,7,5.73,0.8185714285714286
47,17,151,18,14.66,0.8144444444444444
47,17,152,6,4.74,0.79
47,17,153,13,9.89,0.7607692307692309
47,17,154,19,13.77,0.7247368421052631
47,17,155,7,5.05,0.7214285714285714
47,17,156,14,9.74,0.6957142857142857
47,17,157,11,7.64,0.6945454545454545
47,17,158,15,10.2,0.6799999999999999
47,17,159,7,4.62,0.66
47,17,160,18,11.73,0.6516666666666667
47,17,161,6,3.76,0.6266666666666666
47,17,162,14,8.67,0.6192857142857143
47,17,163,7,4.09,0.5842857142857143
47,17,164,13,7.59,0.5838461538461538
47,17,165,18,10.48,0.5822222222222222
47,17,166,8,4.65,0.58125
47,17,167,13,6.56,0.5046153846153846
47,17,168,16,7.98,0.49875
47,17,169,13,6.13,0.4715384615384615
47,17,170,18,8.31,0.46166666666666667
47,17,171,17,7.84,0.4611764705882353
47,17,172,8,3.24,0.405
47,17,173,13,5.22,0.4015384615384615
47,17,174,15,5.86,0.39066666666666666
47,17,175,10,3.89,0.389
47,17,176,19,7.13,0.37526315789473685
47,17,177,16,5.97,0.373125
47,17,178,17,6.13,0.36058823529411765
47,17,179,20,7.2,0.36
47,17,180,17,5.89,0.3464705882352941
47,17,181,16,5.54,0.34625
47,17,182,2,0.69,0.345
47,17,183,5,1.72,0.344
47,17,184,10,3.36,0.33599999999999997
47,17,185,5,1.54,0.308
47,17,186,2,0.6,0.3
47,17,187,14,4.01,0.2864285714285714
47,17,188,18,4.88,0.2711111111111111
47,17,189,1,0.26,0.26
47,17,190,4,0.99,0.2475
47,17,191,3,0.74,0.24666666666666667
47,17,192,5,1.21,0.242
47,17,193,5,1.11,0.22200000000000003
47,17,194,16,3.22,0.20125
47,17,195,16,3.22,0.20125
47,17,196,8,1.26,0.1575
47,17,197,7,1.04,0.14857142857142858
47,17,198,20,2.84,0.142
47,17,199,15,1.83,0.12200000000000001
47,24,0,14,17.02,1.2157142857142857
47,24,1,18,21.76,1.208888888888889
47,24,2,19,22.95,1.2078947368421051
47,24,3,18,21.66,1.2033333333333334
47,24,4,13,15.61,1.2007692307692308
47,24,5,18,21.54,1.1966666666666665
47,24,6,15,17.91,1.194
47,24,7,13,15.52,1.1938461538461538
47,24,8,20,23.8,1.19
47,24,9,1,1.18,1.18
47,24,10,7,8.13,1.1614285714285715
47,24,11,10,11.61,1.161
47,24,12,4,4.61,1.1525
47,24,13,11,12.62,1.1472727272727272
47,24,14,13,14.87,1.1438461538461537
47,24,15,9,10.27,1.141111111111111
47,24,16,16,18.25,1.140625
47,24,17,9,10.22,1.1355555555555557
47,24,18,15,16.92,1.1280000000000001
47,24,19,10,11.15,1.115
47,24,20,13,14.4,1.1076923076923078
47,24,21,2,2.2,1.1
47,24,22,4,4.4,1.1
47,24,23,3,3.3,1.0999999999999999
47,24,24,3,3.3,1.0999999999999999
47,24,25,11,12.06,1.0963636363636364
47,24,26,2,2.18,1.09
47,24,27,5,5.44,1.088
47,24,28,15,16.2,1.0799999999999998
47,24,29,14,15.07,1.0764285714285715
47,24,30,18,19.23,1.0683333333333334
47,24,31,19,20.23,1.0647368421052632
47,24,32,2,2.12,1.06
47,24,33,19,19.72,1.0378947368421052
47,24,34,10,10.33,1.033
47,24,35,8,8.23,1.02875
47,24,36,2,2.05,1.025
47,24,37,13,13.27,1.0207692307692307
47,24,38,15,15.25,1.0166666666666666
47,24,39,13,13.05,1.0038461538461538
47,24,40,16,16.05,1.003125
47,24,41,9,9.0,1.0
47,24,42,15,14.65,0.9766666666666667
47,24,43,19,18.54,0.9757894736842104
47,24,44,17,16.47,0.9688235294117646
47,24,45,9,8.63,0.958888888888889
47,24,46,10,9.54,0.954
47,24,47,5,4.76,0.952
47,24,48,20,18.91,0.9455
47,24,49,2,1.85,0.925
47,24,50,19,17.37,0.9142105263157895
47,24,51,1,0.91,0.91
47,24,52,1,0.91,0.91
47,24,53,18,16.23,0.9016666666666667
47,24,54,12,10.7,0.8916666666666666
47,24,55,1,0.87,0.87
47,24,56,4,3.48,0.87
47,24,57,7,6.05,0.8642857142857142
47,24,58,12,10.36,0.8633333333333333
47,24,59,14,12.05,0.8607142857142858
47,24,60,1,0.86,0.86
47,24,61,4,3.44,0.86
47,24,62,11,9.42,0.8563636363636363
47,24,63,15,12.73,0.8486666666666667
47,24,64,17,14.31,0.841764705882353
47,24,65,9,7.56,0.84
47,24,66,17,14.15,0.8323529411764706
47,24,67,13,10.79,0.83
47,24,68,6,4.95,0.8250000000000001
47,24,69,16,13.2,0.825
47,24,70,11,9.03,0.8209090909090908
47,24,71,11,8.99,0.8172727272727273
47,24,72,20,16.3,0.8150000000000001
47,24,73,4,3.22,0.805
47,24,74,16,12.88,0.805
47,24,75,17,13.6,0.7999999999999999
47,24,76,19,15.2,0.7999999999999999
47,24,77,3,2.4,0.7999999999999999
47,24,78,20,15.99,0.7995
47,24,79,16,12.43,0.776875
47,24,80,2,1.54,0.77
47,24,81,17,12.82,0.7541176470588236
47,24,82,16,11.82,0.73875
47,24,83,5,3.68,0.736
47,24,84,15,10.94,0.7293333333333333
47,24,85,13,9.4,0.7230769230769231
47,24,86,15,10.77,0.718
47,24,87,16,11.33,0.708125
47,24,88,10,7.04,0.704
47,24,89,6,4.2,0.7000000000000001
47,24,90,13,8.98,0.6907692307692308
47,24,91,10,6.88,0.688
47,24,92,9,6.17,0.6855555555555556
47,24,93,12,8.11,0.6758333333333333
47,24,94,10,6.75,0.675
47,24,95,12,8.01,0.6675
47,24,96,4,2.66,0.665
47,24,97,16,10.62,0.66375
47,24,98,20,13.17,0.6585
47,24,99,19,12.26,0.6452631578947369
47,24,100,20,12.86,0.643
47,24,101,14,8.98,0.6414285714285715
47,24,102,13,8.23,0.6330769230769231
47,24,103,2,1.25,0.625
47,24,104,2,1.25,0.625
47,24,105,9,5.61,0.6233333333333334
47,24,106,11,6.84,0.6218181818181818
47,24,107,6,3.68,0.6133333333333334
47,24,108,16,9.81,0.613125
47,24,109,3,1.8,0.6
47,24,110,19,11.14,0.5863157894736842
47,24,111,14,8.16,0.5828571428571429
47,24,112,5,2.78,0.5559999999999999
47,24,113,4,2.21,0.5525
47,24,114,18,9.92,0.5511111111111111
47,24,115,4,2.18,0.545
47,24,116,6,3.24,0.54
47,24,117,1,0.54,0.54
47,24,118,15,7.92,0.528
47,24,119,4,2.09,0.5225
47,24,120,8,4.15,0.51875
47,24,121,10,4.89,0.489
47,24,122,12,5.83,0.48583333333333334
47,24,123,18,8.15,0.4527777777777778
47,24,124,11,4.97,0.4518181818181818
47,24,125,16,7.2,0.45
47,24,126,8,3.57,0.44625
47,24,127,5,2.23,0.446
47,24,128,18,8.02,0.44555555555555554
47,24,129,12,5.24,0.4366666666666667
47,24,130,19,8.09,0.4257894736842105
47,24,131,9,3.83,0.4255555555555556
47,24,132,17,7.08,0.41647058823529415
47,24,133,19,7.81,0.41105263157894734
47,24,134,20,8.21,0.41050000000000003
47,24,135,5,2.02,0.404
47,24,136,17,6.86,0.4035294117647059
47,24,137,3,1.21,0.4033333333333333
47,24,138,16,6.45,0.403125
47,24,139,11,4.4,0.4
47,24,140,18,6.96,0.38666666666666666
47,24,141,11,4.18,0.37999999999999995
47,24,142,14,5.17,0.3692857142857143
47,24,143,8,2.9,0.3625
47,24,144,10,3.6,0.36
47,24,145,5,1.76,0.352
47,24,146,4,1.39,0.3475
47,24,147,14,4.67,0.3335714285714286
47,24,148,7,2.32,0.3314285714285714
47,24,149,7,2.31,0.33
47,24,150,16,5.24,0.3275
47,24,151,2,0.65,0.325
47,24,152,6,1.95,0.325
47,24,153,19,6.14,0.3231578947368421
47,24,154,14,4.37,0.31214285714285717
47,24,155,4,1.21,0.3025
47,24,156,6,1.75,0.2916666666666667
47,24,157,17,4.89,0.28764705882352937
47,24,158,15,4.21,0.2806666666666667
47,24,159,7,1.91,0.27285714285714285
47,24,160,9,2.39,0.26555555555555554
47,24,161,15,3.87,0.258
47,24,162,4,1.01,0.2525
47,24,163,8,1.94,0.2425
47,24,164,4,0.9,0.225
47,24,165,10,2.17,0.217
47,24,166,20,4.3,0.215
47,24,167,3,0.64,0.21333333333333335
47,24,168,6,1.25,0.20833333333333334
47,24,169,2,0.41,0.205
47,24,170,20,4.06,0.20299999999999999
47,24,171,1,0.2,0.2
47,24,172,12,2.37,0.1975
47,24,173,17,3.3,0.1941176470588235
47,24,174,4,0.77,0.1925
47,24,175,6,1.06,0.17666666666666667
47,24,176,1,0.17,0.17
47,24,177,19,3.15,0.16578947368421051
47,24,178,8,1.32,0.165
47,24,179,6,0.95,0.15833333333333333
47,24,180,17,2.46,0.14470588235294118
47,24,181,19,2.73,0.14368421052631578
47,24,182,20,2.54,0.127
47,24,183,11,1.35,0.12272727272727274
47,24,184,4,0.45,0.1125
47,24,185,15,1.6,0.10666666666666667
47,24,186,8,0.85,0.10625
47,24,187,8,0.81,0.10125
47,24,188,2,0.2,0.1
47,24,189,11,1.0,0.09090909090909091
47,24,190,7,0.63,0.09
47,24,191,10,0.86,0.086
47,24,192,1,0.08,0.08
47,24,193,16,1.24,0.0775
47,24,194,7,0.54,0.07714285714285715
47,24,195,16,1.0,0.0625
47,24,196,9,0.55,0.061111111111111116
47,24,197,14,0.85,0.060714285714285714
47,24,198,9,0.48,0.05333333333333333
47,24,199,11,0.58,0.05272727272727273
47,29,0,6,43.68,7.28
47,29,1,16,116.21,7.263125
47,29,2,15,108.36,7.224
47,29,3,17,122.66,7.215294117647058
47,29,4,13,93.42,7.186153846153847
47,29,5,10,71.76,7.176
47,29,6,1,7.16,7.16
47,29,7,18,128.55,7.1416666666666675
47,29,8,20,142.7,7.135
47,29,9,9,64.13,7.125555555555555
47,29,10,7,49.76,7.1085714285714285
47,29,11,15,105.59,7.039333333333333
47,29,12,18,126.69,7.038333333333333
47,29,13,2,14.06,7.03
47,29,14,14,98.18,7.012857142857143
47,29,15,11,76.33,6.9390909090909085
47,29,16,11,75.7,6.881818181818182
47,29,17,20,137.48,6.874
47,29,18,16,109.71,6.856875
47,29,19,9,61.68,6.8533333333333335
47,29,20,13,89.02,6.8476923076923075
47,29,21,2,13.67,6.835
47,29,22,14,95.51,6.8221428571428575
47,29,23,3,20.34,6.78
47,29,24,11,74.02,6.729090909090909
47,29,25,17,114.2,6.7176470588235295
47,29,26,15,100.73,6.715333333333334
47,29,27,10,67.12,6.712000000000001
47,29,28,12,79.89,6.6575
47,29,29,6,39.85,6.641666666666667
47,29,30,7,46.28,6.611428571428571
47,29,31,11,72.4,6.581818181818182
47,29,32,17,111.7,6.570588235294117
47,29,33,2,13.08,6.54
47,29,34,6,39.24,6.54
47,29,35,8,51.58,6.4475
47,29,36,14,90.11,6.436428571428571
47,29,37,16,102.96,6.435
47,29,38,5,32.12,6.4239999999999995
47,29,39,2,12.04,6.02
47,29,40,14,83.17,5.940714285714286
47,29,41,17,100.75,5.926470588235294
47,29,42,17,100.7,5.923529411764706
47,29,43,9,53.07,5.8966666666666665
47,29,44,13,76.42,5.878461538461538
47,29,45,6,35.19,5.864999999999999
47,29,46,20,117.16,5.858
47,29,47,5,29.11,5.822
47,29,48,5,28.93,5.786
47,29,49,3,17.34,5.78
47,29,50,10,57.34,5.734
47,29,51,7,39.8,5.685714285714285
47,29,52,17,96.48,5.675294117647059
47,29,53,7,39.55,5.6499999999999995
47,29,54,17,96.04,5.649411764705882
47,29,55,3,16.68,5.56
47,29,56,9,49.82,5.535555555555556
47,29,57,20,109.31,5.4655000000000005
47,29,58,14,76.16,5.4399999999999995
47,29,59,4,21.66,5.415
47,29,60,16,86.01,5.375625
47,29,61,11,59.1,5.372727272727273
47,29,62,12,64.32,5.359999999999999
47,29,63,11,58.31,5.300909090909091
47,29,64,1,5.2,5.2
47,29,65,3,15.56,5.1866666666666665
47,29,66,11,55.97,5.088181818181818
47,29,67,11,55.69,5.0627272727272725
47,29,68,11,54.39,4.944545454545454
47,29,69,18,88.73,4.929444444444445
47,29,70,10,49.08,4.9079999999999995
47,29,71,7,34.2,4.885714285714286
47,29,72,13,62.04,4.772307692307693
47,29,73,14,66.27,4.7335714285714285
47,29,74,10,46.65,4.665
47,29,75,4,18.62,4.655
47,29,76,8,36.6,4.575
47,29,77,3,13.64,4.546666666666667
47,29,78,19,85.97,4.524736842105263
47,29,79,19,85.45,4.497368421052632
47,29,80,13,57.32,4.409230769230769
47,29,81,2,8.77,4.385
47,29,82,8,34.82,4.3525
47,29,83,11,47.87,4.351818181818182
47,29,84,19,81.28,4.277894736842105
47,29,85,2,8.51,4.255
47,29,86,4,16.96,4.24
47,29,87,20,83.0,4.15
47,29,88,12,48.79,4.065833333333333
47,29,89,14,56.12,4.008571428571428
47,29,90,19,75.94,3.9968421052631578
47,29,91,12,47.93,3.9941666666666666
47,29,92,8,31.8,3.975
47,29,93,3,11.85,3.9499999999999997
47,29,94,9,35.16,3.9066666666666663
47,29,95,1,3.89,3.89
47,29,96,17,65.5,3.8529411764705883
47,29,97,8,30.81,3.85125
47,29,98,11,42.13,3.83
47,29,99,16,59.37,3.710625
47,29,100,19,70.22,3.6957894736842105
47,29,101,18,64.9,3.605555555555556
47,29,102,9,32.38,3.597777777777778
47,29,103,20,71.16,3.558
47,29,104,5,17.67,3.5340000000000003
47,29,105,17,60.07,3.533529411764706
47,29,106,15,52.14,3.476
47,29,107,19,65.86,3.466315789473684
47,29,108,19,65.11,3.426842105263158
47,29,109,1,3.41,3.41
47,29,110,15,51.03,3.402
47,29,111,11,37.37,3.397272727272727
47,29,112,13,44.08,3.3907692307692305
47,29,113,3,9.83,3.276666666666667
47,29,114,15,48.8,3.253333333333333
47,29,115,19,61.49,3.2363157894736845
47,29,116,5,16.07,3.214
47,29,117,6,19.14,3.19
47,29,118,7,21.81,3.1157142857142857
47,29,119,5,15.45,3.09
47,29,120,3,8.99,2.9966666666666666
47,29,121,3,8.84,2.9466666666666668
47,29,122,7,20.38,2.9114285714285715
47,29,123,7,20.32,2.902857142857143
47,29,124,11,31.68,2.88
47,29,125,20,57.19,2.8594999999999997
47,29,126,11,31.4,2.8545454545454545
47,29,127,15,42.38,2.8253333333333335
47,29,128,17,47.78,2.8105882352941176
47,29,129,2,5.61,2.805
47,29,130,5,13.76,2.752
47,29,131,13,35.48,2.729230769230769
47,29,132,12,31.52,2.6266666666666665
47,29,133,8,20.89,2.61125
47,29,134,18,46.09,2.5605555555555557
47,29,135,8,20.39,2.54875
47,29,136,6,15.18,2.53
47,29,137,5,12.4,2.48
47,29,138,11,26.97,2.4518181818181817
47,29,139,1,2.41,2.41
47,29,140,2,4.78,2.39
47,29,141,10,23.51,2.351
47,29,142,19,43.53,2.2910526315789475
47,29,143,12,26.35,2.1958333333333333
47,29,144,4,8.78,2.195
47,29,145,6,13.12,2.1866666666666665
47,29,146,20,43.41,2.1704999999999997
47,29,147,12,26.02,2.1683333333333334
47,29,148,8,17.27,2.15875
47,29,149,9,19.0,2.111111111111111
47,29,150,13,26.65,2.05
47,29,151,11,22.2,2.018181818181818
47,29,152,4,7.83,1.9575
47,29,153,13,25.26,1.9430769230769231
47,29,154,2,3.83,1.915
47,29,155,7,13.16,1.8800000000000001
47,29,156,14,26.02,1.8585714285714285
47,29,157,19,34.75,1.8289473684210527
47,29,158,10,18.27,1.827
47,29,159,1,1.8,1.8
47,29,160,4,7.16,1.79
47,29,161,19,33.83,1.7805263157894735
47,29,162,19,33.82,1.78
47,29,163,9,15.98,1.7755555555555556
47,29,164,11,19.49,1.7718181818181817
47,29,165,6,10.53,1.755
47,29,166,5,8.65,1.73
47,29,167,10,17.28,1.7280000000000002
47,29,168,1,1.68,1.68
47,29,169,6,9.97,1.6616666666666668
47,29,170,20,33.14,1.657
47,29,171,16,26.51,1.656875
47,29,172,6,9.86,1.6433333333333333
47,29,173,6,9.26,1.5433333333333332
47,29,174,3,4.58,1.5266666666666666
47,29,175,13,19.75,1.5192307692307692
47,29,176,4,5.68,1.42
47,29,177,14,19.53,1.395
47,29,178,10,12.41,1.241
47,29,179,18,22.19,1.2327777777777778
47,29,180,18,22.15,1.2305555555555554
47,29,181,18,21.6,1.2000000000000002
47,29,182,19,22.09,1.1626315789473685
47,29,183,16,17.82,1.11375
47,29,184,19,21.02,1.1063157894736841
47,29,185,19,19.69,1.0363157894736843
47,29,186,20,20.55,1.0275
47,29,187,12,12.22,1.0183333333333333
47,29,188,3,2.69,0.8966666666666666
47,29,189,11,9.74,0.8854545454545455
47,29,190,14,11.36,0.8114285714285714
47,29,191,2,1.33,0.665
47,29,192,15,9.92,0.6613333333333333
47,29,193,13,8.26,0.6353846153846153
47,29,194,11,6.62,0.6018181818181818
47,29,195,9,4.42,0.4911111111111111
47,29,196,4,1.96,0.49
47,29,197,7,3.24,0.4628571428571429
47,29,198,4,1.26,0.315
47,29,199,18,5.55,0.30833333333333335
47,31,0,9,36.76,4.084444444444444
47,31,1,3,12.24,4.08
47,31,2,18,73.22,4.067777777777778
47,31,3,9,36.53,4.058888888888889
47,31,4,11,44.63,4.057272727272728
47,31,5,14,56.46,4.032857142857143
47,31,6,3,12.09,4.03
47,31,7,2,8.05,4.025
47,31,8,16,63.99,3.999375
47,31,9,2,7.98,3.99
47,31,10,8,31.78,3.9725
47,31,11,6,23.65,3.9416666666666664
47,31,12,9,35.11,3.901111111111111
47,31,13,10,38.88,3.8880000000000003
47,31,14,4,15.48,3.87
47,31,15,13,49.87,3.836153846153846
47,31,16,15,56.98,3.7986666666666666
47,31,17,6,22.75,3.7916666666666665
47,31,18,11,41.16,3.7418181818181817
47,31,19,4,14.48,3.62
47,31,20,8,28.74,3.5925
47,31,21,7,25.02,3.5742857142857143
47,31,22,6,21.38,3.563333333333333
47,31,23,3,10.68,3.56
47,31,24,2,7.03,3.515
47,31,25,16,55.79,3.486875
47,31,26,18,62.75,3.486111111111111
47,31,27,3,10.44,3.48
47,31,28,16,55.46,3.46625
47,31,29,14,47.43,3.387857142857143
47,31,30,19,64.06,3.371578947368421
47,31,31,9,30.33,3.3699999999999997
47,31,32,20,67.38,3.3689999999999998
47,31,33,12,39.94,3.328333333333333
47,31,34,8,26.62,3.3275
47,31,35,17,56.48,3.3223529411764705
47,31,36,6,19.93,3.3216666666666668
47,31,37,6,19.91,3.3183333333333334
47,31,38,5,16.56,3.312
47,31,39,2,6.62,3.31
47,31,40,3,9.89,3.296666666666667
47,31,41,3,9.82,3.2733333333333334
47,31,42,2,6.51,3.255
47,31,43,17,54.84,3.2258823529411766
47,31,44,20,64.48,3.224
47,31,45,3,9.63,3.2100000000000004
47,31,46,14,44.56,3.182857142857143
47,31,47,11,35.0,3.1818181818181817
47,31,48,8,25.23,3.15375
47,31,49,7,22.05,3.15
47,31,50,13,40.27,3.097692307692308
47,31,51,2,6.09,3.045
47,31,52,2,6.06,3.03
47,31,53,6,18.15,3.025
47,31,54,5,14.86,2.972
47,31,55,1,2.95,2.95
47,31,56,5,14.74,2.948
47,31,57,9,26.51,2.945555555555556
47,31,58,10,29.1,2.91
47,31,59,12,34.9,2.908333333333333
47,31,60,19,55.19,2.904736842105263
47,31,61,6,17.33,2.888333333333333
47,31,62,5,14.36,2.872
47,31,63,1,2.87,2.87
47,31,64,17,48.66,2.8623529411764705
47,31,65,17,48.61,2.8594117647058823
47,31,66,8,22.56,2.82
47,31,67,19,52.83,2.7805263157894737
47,31,68,5,13.87,2.774
47,31,69,11,30.24,2.749090909090909
47,31,70,4,10.99,2.7475
47,31,71,3,8.24,2.7466666666666666
47,31,72,9,24.48,2.72
47,31,73,13,35.02,2.6938461538461542
47,31,74,8,21.34,2.6675
47,31,75,16,42.32,2.645
47,31,76,12,31.71,2.6425
47,31,77,2,5.27,2.635
47,31,78,3,7.8,2.6
47,31,79,5,12.97,2.5940000000000003
47,31,80,3,7.75,2.5833333333333335
47,31,81,8,20.46,2.5575
47,31,82,3,7.64,2.5466666666666664
47,31,83,15,37.79,2.5193333333333334
47,31,84,16,40.19,2.511875
47,31,85,16,39.55,2.471875
47,31,86,9,22.06,2.451111111111111
47,31,87,4,9.77,2.4425
47,31,88,1,2.44,2.44
47,31,89,4,9.61,2.4025
47,31,90,11,26.26,2.387272727272727
47,31,91,12,28.32,2.36
47,31,92,2,4.67,2.335
47,31,93,19,44.1,2.3210526315789473
47,31,94,6,13.68,2.28
47,31,95,10,22.45,2.245
47,31,96,12,26.35,2.1958333333333333
47,31,97,20,43.66,2.183
47,31,98,20,43.62,2.181
47,31,99,4,8.68,2.17
47,31,100,17,36.88,2.1694117647058824
47,31,101,20,43.25,2.1625
47,31,102,17,36.42,2.142352941176471
47,31,103,14,29.87,2.1335714285714285
47,31,104,9,18.96,2.106666666666667
47,31,105,15,31.39,2.0926666666666667
47,31,106,19,39.28,2.0673684210526315
47,31,107,7,14.37,2.052857142857143
47,31,108,10,20.27,2.027
47,31,109,3,6.08,2.026666666666667
47,31,110,4,8.05,2.0125
47,31,111,7,14.0,2.0
47,31,112,11,21.96,1.9963636363636363
47,31,113,8,15.84,1.98
47,31,114,12,23.66,1.9716666666666667
47,31,115,12,23.23,1.9358333333333333
47,31,116,13,24.99,1.9223076923076923
47,31,117,8,15.15,1.89375
47,31,118,8,14.88,1.86
47,31,119,15,27.89,1.8593333333333333
47,31,120,10,18.5,1.85
47,31,121,6,11.06,1.8433333333333335
47,31,122,10,18.4,1.8399999999999999
47,31,123,12,21.99,1.8324999999999998
47,31,124,16,28.98,1.81125
47,31,125,12,21.72,1.8099999999999998
47,31,126,11,19.86,1.8054545454545454
47,31,127,14,24.35,1.7392857142857143
47,31,128,19,32.79,1.7257894736842105
47,31,129,10,16.96,1.6960000000000002
47,31,130,16,27.11,1.694375
47,31,131,1,1.67,1.67
47,31,132,16,26.19,1.636875
47,31,133,3,4.91,1.6366666666666667
47,31,134,6,9.82,1.6366666666666667
47,31,135,16,25.22,1.57625
47,31,136,2,3.14,1.57
47,31,137,2,3.11,1.555
47,31,138,5,7.48,1.496
47,31,139,10,14.84,1.484
47,31,140,14,19.98,1.4271428571428573
47,31,141,8,11.25,1.40625
47,31,142,3,4.12,1.3733333333333333
47,31,143,3,4.1,1.3666666666666665
47,31,144,6,7.99,1.3316666666666668
47,31,145,1,1.33,1.33
47,31,146,6,7.97,1.3283333333333334
47,31,147,5,6.64,1.3279999999999998
47,31,148,7,9.28,1.3257142857142856
47,31,149,1,1.31,1.31
47,31,150,15,19.26,1.284
47,31,151,17,21.71,1.2770588235294118
47,31,152,18,22.47,1.2483333333333333
47,31,153,10,12.12,1.212
47,31,154,5,5.92,1.184
47,31,155,3,3.42,1.14
47,31,156,6,6.83,1.1383333333333334
47,31,157,5,5.65,1.1300000000000001
47,31,158,14,15.77,1.1264285714285713
47,31,159,1,1.09,1.09
47,31,160,15,15.59,1.0393333333333332
47,31,161,5,5.18,1.036
47,31,162,2,2.03,1.015
47,31,163,15,15.12,1.008
47,31,164,11,10.96,0.9963636363636365
47,31,165,18,17.73,0.985
47,31,166,12,11.81,0.9841666666666667
47,31,167,17,16.65,0.9794117647058823
47,31,168,12,11.39,0.9491666666666667
47,31,169,14,12.3,0.8785714285714287
47,31,170,10,8.46,0.8460000000000001
47,31,171,7,5.78,0.8257142857142857
47,31,172,2,1.53,0.765
47,31,173,11,8.28,0.7527272727272727
47,31,174,17,11.75,0.6911764705882353
47,31,175,2,1.37,0.685
47,31,176,4,2.61,0.6525
47,31,177,5,3.09,0.618
47,31,178,19,11.67,0.6142105263157894
47,31,179,6,3.66,0.61
47,31,180,7,4.12,0.5885714285714286
47,31,181,10,5.44,0.544
47,31,182,19,10.05,0.5289473684210527
47,31,183,19,9.98,0.5252631578947369
47,31,184,7,3.44,0.49142857142857144
47,31,185,9,4.09,0.45444444444444443
47,31,186,5,2.27,0.454
47,31,187,3,1.18,0.3933333333333333
47,31,188,16,6.22,0.38875
47,31,189,16,5.42,0.33875
47,31,190,15,4.98,0.332
47,31,191,12,3.72,0.31
47,31,192,13,3.86,0.2969230769230769
47,31,193,10,2.87,0.28700000000000003
47,31,194,9,2.4,0.26666666666666666
47,31,195,4,0.86,0.215
47,31,196,6,1.15,0.19166666666666665
47,31,197,2,0.35,0.175
47,31,198,17,2.97,0.17470588235294118
47,31,199,1,0.17,0.17
47,48,0,10,47.16,4.715999999999999
47,48,1,6,28.27,4.711666666666667
47,48,2,5,23.5,4.7
47,48,3,14,65.45,4.675
47,48,4,10,46.24,4.6240000000000006
47,48,5,20,92.2,4.61
47,48,6,1,4.6,4.6
47,48,7,4,18.37,4.5925
47,48,8,20,91.77,4.5885
47,48,9,2,9.0,4.5
47,48,10,7,31.41,4.4871428571428575
47,48,11,5,22.31,4.462
47,48,12,10,44.5,4.45
47,48,13,9,40.02,4.446666666666667
47,48,14,1,4.42,4.42
47,48,15,4,17.67,4.4175
47,48,16,11,48.28,4.38909090909091
47,48,17,9,39.5,4.388888888888889
47,48,18,20,87.5,4.375
47,48,19,16,69.76,4.36
47,48,20,18,77.76,4.32
47,48,21,12,51.71,4.309166666666667
47,48,22,5,21.49,4.298
47,48,23,6,25.49,4.248333333333333
47,48,24,9,38.22,4.246666666666666
47,48,25,8,33.75,4.21875
47,48,26,4,16.71,4.1775
47,48,27,14,58.05,4.146428571428571
47,48,28,4,16.54,4.135
47,48,29,19,78.31,4.1215789473684215
47,48,30,9,37.02,4.113333333333333
47,48,31,15,61.66,4.110666666666666
47,48,32,1,4.1,4.1
47,48,33,8,32.69,4.08625
47,48,34,10,40.33,4.0329999999999995
47,48,35,2,7.95,3.975
47,48,36,8,31.47,3.93375
47,48,37,20,77.89,3.8945
47,48,38,20,77.83,3.8914999999999997
47,48,39,19,73.84,3.8863157894736844
47,48,40,6,23.21,3.8683333333333336
47,48,41,19,72.62,3.822105263157895
47,48,42,19,72.55,3.818421052631579
47,48,43,14,52.74,3.7671428571428573
47,48,44,4,14.89,3.7225
47,48,45,7,26.04,3.7199999999999998
47,48,46,3,10.99,3.6633333333333336
47,48,47,20,72.23,3.6115000000000004
47,48,48,12,42.92,3.5766666666666667
47,48,49,6,20.77,3.4616666666666664
47,48,50,3,10.37,3.4566666666666666
47,48,51,13,44.64,3.433846153846154
47,48,52,3,10.21,3.4033333333333338
47,48,53,2,6.76,3.38
47,48,54,5,16.88,3.376
47,48,55,16,53.94,3.37125
47,48,56,6,20.15,3.358333333333333
47,48,57,18,60.09,3.3383333333333334
47,48,58,7,23.26,3.322857142857143
47,48,59,13,42.97,3.3053846153846154
47,48,60,14,46.18,3.2985714285714285
47,48,61,7,22.97,3.281428571428571
47,48,62,7,22.96,3.2800000000000002
47,48,63,12,38.82,3.235
47,48,64,20,64.64,3.232
47,48,65,11,34.91,3.1736363636363634
47,48,66,6,19.02,3.17
47,48,67,5,15.67,3.134
47,48,68,12,37.46,3.1216666666666666
47,48,69,4,12.37,3.0925
47,48,70,13,40.07,3.082307692307692
47,48,71,4,12.19,3.0475
47,48,72,15,45.65,3.0433333333333334
47,48,73,1,3.03,3.03
47,48,74,8,23.87,2.98375
47,48,75,11,32.21,2.928181818181818
47,48,76,5,14.5,2.9
47,48,77,12,33.73,2.810833333333333
47,48,78,9,25.01,2.778888888888889
47,48,79,20,54.8,2.7399999999999998
47,48,80,8,21.81,2.72625
47,48,81,10,27.23,2.723
47,48,82,5,13.57,2.714
47,48,83,11,29.84,2.712727272727273
47,48,84,20,54.18,2.709
47,48,85,18,48.37,2.687222222222222
47,48,86,16,42.94,2.68375
47,48,87,18,48.03,2.6683333333333334
47,48,88,17,45.13,2.6547058823529412
47,48,89,10,26.29,2.629
47,48,90,13,33.87,2.605384615384615
47,48,91,19,48.42,2.548421052631579
47,48,92,4,10.15,2.5375
47,48,93,5,12.63,2.5260000000000002
47,48,94,9,22.45,2.4944444444444445
47,48,95,20,49.5,2.475
47,48,96,16,39.57,2.473125
47,48,97,1,2.47,2.47
47,48,98,10,24.61,2.461
47,48,99,13,31.34,2.4107692307692306
47,48,100,16,37.96,2.3725
47,48,101,2,4.73,2.365
47,48,102,3,7.09,2.3633333333333333
47,48,103,1,2.36,2.36
47,48,104,15,35.27,2.3513333333333337
47,48,105,18,41.36,2.2977777777777777
47,48,106,11,25.1,2.2818181818181817
47,48,107,10,22.78,2.278
47,48,108,3,6.62,2.2066666666666666
47,48,109,2,4.35,2.175
47,48,110,16,34.61,2.163125
47,48,111,6,12.76,2.1266666666666665
47,48,112,2,4.19,2.095
47,48,113,9,18.21,2.0233333333333334
47,48,114,18,35.82,1.99
47,48,115,10,19.65,1.9649999999999999
47,48,116,8,15.7,1.9625
47,48,117,19,37.03,1.9489473684210528
47,48,118,11,21.09,1.9172727272727272
47,48,119,15,28.72,1.9146666666666665
47,48,120,6,11.47,1.9116666666666668
47,48,121,10,18.55,1.855
47,48,122,1,1.83,1.83
47,48,123,12,21.82,1.8183333333333334
47,48,124,4,7.15,1.7875
47,48,125,7,12.51,1.7871428571428571
47,48,126,16,27.73,1.733125
47,48,127,13,22.49,1.73
47,48,128,11,18.25,1.6590909090909092
47,48,129,8,13.27,1.65875
47,48,130,10,16.4,1.64
47,48,131,12,19.28,1.6066666666666667
47,48,132,9,14.41,1.6011111111111112
47,48,133,16,25.59,1.599375
47,48,134,4,6.35,1.5875
47,48,135,2,3.13,1.565
47,48,136,18,28.12,1.5622222222222222
47,48,137,13,20.24,1.5569230769230769
47,48,138,17,26.39,1.5523529411764707
47,48,139,7,10.58,1.5114285714285713
47,48,140,2,2.88,1.44
47,48,141,11,15.46,1.4054545454545455
47,48,142,2,2.77,1.385
47,48,143,3,4.11,1.37
47,48,144,14,18.7,1.3357142857142856
47,48,145,3,3.97,1.3233333333333335
47,48,146,19,25.11,1.321578947368421
47,48,147,18,23.19,1.2883333333333333
47,48,148,11,13.91,1.2645454545454546
47,48,149,11,13.86,1.26
47,48,150,20,25.12,1.256
47,48,151,5,6.17,1.234
47,48,152,10,12.22,1.222
47,48,153,9,10.9,1.2111111111111112
47,48,154,12,14.39,1.1991666666666667
47,48,155,13,15.55,1.1961538461538461
47,48,156,2,2.28,1.14
47,48,157,9,10.09,1.1211111111111112
47,48,158,16,17.1,1.06875
47,48,159,7,7.14,1.02
47,48,160,9,9.13,1.0144444444444445
47,48,161,12,12.11,1.0091666666666665
47,48,162,9,8.97,0.9966666666666667
47,48,163,17,16.46,0.9682352941176471
47,48,164,5,4.67,0.9339999999999999
47,48,165,6,5.59,0.9316666666666666
47,48,166,8,7.39,0.92375
47,48,167,16,14.75,0.921875
47,48,168,12,10.81,0.9008333333333334
47,48,169,15,13.41,0.894
47,48,170,4,3.54,0.885
47,48,171,11,9.58,0.870909090909091
47,48,172,10,8.2,0.82
47,48,173,8,6.19,0.77375
47,48,174,19,14.58,0.7673684210526316
47,48,175,1,0.74,0.74
47,48,176,3,2.17,0.7233333333333333
47,48,177,19,13.53,0.7121052631578947
47,48,178,20,13.14,0.657
47,48,179,5,3.21,0.642
47,48,180,5,3.18,0.636
47,48,181,15,9.11,0.6073333333333333
47,48,182,20,12.12,0.606
47,48,183,16,9.38,0.58625
47,48,184,12,6.96,0.58
47,48,185,13,7.32,0.5630769230769231
47,48,186,5,2.79,0.558
47,48,187,14,7.54,0.5385714285714286
47,48,188,15,7.45,0.4966666666666667
47,48,189,11,5.42,0.49272727272727274
47,48,190,19,9.35,0.4921052631578947
47,48,191,4,1.94,0.485
47,48,192,20,9.27,0.46349999999999997
47,48,193,17,7.51,0.44176470588235295
47,48,194,5,1.98,0.396
47,48,195,10,3.19,0.319
47,48,196,10,2.79,0.279
47,48,197,3,0.76,0.25333333333333335
47,48,198,20,4.92,0.246
47,48,199,7,1.33,0.19
47,90,0,2,9.25,4.625
47,90,1,7,31.98,4.5685714285714285
47,90,2,7,31.8,4.542857142857143
47,90,3,12,54.27,4.5225
47,90,4,15,67.82,4.521333333333333
47,90,5,5,22.4,4.4799999999999995
47,90,6,9,40.31,4.478888888888889
47,90,7,17,75.87,4.462941176470588
47,90,8,4,17.85,4.4625
47,90,9,2,8.9,4.45
47,90,10,14,62.06,4.432857142857143
47,90,11,4,17.72,4.43
47,90,12,17,75.28,4.4282352941176475
47,90,13,9,39.7,4.411111111111111
47,90,14,14,61.32,4.38
47,90,15,16,70.03,4.376875
47,90,16,13,56.65,4.357692307692307
47,90,17,14,60.31,4.307857142857143
47,90,18,15,63.42,4.228
47,90,19,12,50.59,4.215833333333333
47,90,20,13,54.72,4.2092307692307696
47,90,21,13,54.71,4.208461538461538
47,90,22,5,20.92,4.184
47,90,23,2,8.23,4.115
47,90,24,16,65.45,4.090625
47,90,25,16,64.8,4.05
47,90,26,2,8.07,4.035
47,90,27,14,56.29,4.020714285714286
47,90,28,17,67.93,3.9958823529411767
47,90,29,4,15.91,3.9775
47,90,30,5,19.83,3.9659999999999997
47,90,31,6,23.79,3.965
47,90,32,19,75.25,3.960526315789474
47,90,33,8,31.37,3.92125
47,90,34,19,74.35,3.913157894736842
47,90,35,11,42.98,3.907272727272727
47,90,36,16,62.45,3.903125
47,90,37,16,62.42,3.90125
47,90,38,3,11.64,3.8800000000000003
47,90,39,16,62.08,3.88
47,90,40,13,50.23,3.8638461538461537
47,90,41,17,65.41,3.8476470588235294
47,90,42,3,11.49,3.83
47,90,43,7,26.68,3.8114285714285714
47,90,44,10,37.98,3.7979999999999996
47,90,45,7,26.51,3.7871428571428574
47,90,46,7,26.2,3.742857142857143
47,90,47,19,70.91,3.7321052631578944
47,90,48,13,48.24,3.710769230769231
47,90,49,2,7.4,3.7
47,90,50,18,66.6,3.6999999999999997
47,90,51,15,55.26,3.6839999999999997
47,90,52,15,55.25,3.683333333333333
47,90,53,5,18.4,3.6799999999999997
47,90,54,5,18.04,3.6079999999999997
47,90,55,12,42.13,3.5108333333333337
47,90,56,18,63.16,3.5088888888888885
47,90,57,5,17.51,3.5020000000000002
47,90,58,4,13.85,3.4625
47,90,59,16,55.22,3.45125
47,90,60,9,30.13,3.3477777777777775
47,90,61,20,66.64,3.332
47,90,62,17,56.49,3.3229411764705885
47,90,63,18,59.54,3.307777777777778
47,90,64,5,16.51,3.3020000000000005
47,90,65,10,32.94,3.2939999999999996
47,90,66,9,29.45,3.272222222222222
47,90,67,4,13.07,3.2675
47,90,68,18,57.59,3.1994444444444445
47,90,69,12,38.25,3.1875
47,90,70,18,57.25,3.1805555555555554
47,90,71,16,49.84,3.115
47,90,72,8,24.63,3.07875
47,90,73,7,21.54,3.077142857142857
47,90,74,8,24.61,3.07625
47,90,75,2,6.09,3.045
47,90,76,18,54.42,3.0233333333333334
47,90,77,7,21.15,3.0214285714285714
47,90,78,16,47.07,2.941875
47,90,79,1,2.9,2.9
47,90,80,16,46.17,2.885625
47,90,81,19,54.82,2.885263157894737
47,90,82,14,40.29,2.8778571428571427
47,90,83,8,22.86,2.8575
47,90,84,18,51.3,2.8499999999999996
47,90,85,4,11.27,2.8175
47,90,86,10,28.16,2.816
47,90,87,7,19.65,2.807142857142857
47,90,88,3,8.22,2.74
47,90,89,16,43.21,2.700625
47,90,90,8,21.55,2.69375
47,90,91,2,5.34,2.67
47,90,92,11,29.25,2.659090909090909
47,90,93,15,39.84,2.656
47,90,94,2,5.28,2.64
47,90,95,11,29.03,2.639090909090909
47,90,96,12,31.66,2.638333333333333
47,90,97,10,26.3,2.63
47,90,98,14,36.76,2.6257142857142854
47,90,99,16,42.01,2.625625
47,90,100,10,24.84,2.484
47,90,101,17,41.25,2.426470588235294
47,90,102,7,16.91,2.415714285714286
47,90,103,20,48.28,2.414
47,90,104,14,33.78,2.412857142857143
47,90,105,14,33.76,2.4114285714285715
47,90,106,16,38.55,2.409375
47,90,107,14,33.62,2.4014285714285712
47,90,108,2,4.8,2.4
47,90,109,19,45.34,2.3863157894736844
47,90,110,14,33.02,2.358571428571429
47,90,111,13,30.18,2.3215384615384616
47,90,112,16,37.08,2.3175
47,90,113,11,25.48,2.3163636363636364
47,90,114,14,32.34,2.31
47,90,115,5,11.49,2.298
47,90,116,6,13.39,2.231666666666667
47,90,117,15,33.45,2.23
47,90,118,1,2.22,2.22
47,90,119,14,30.82,2.2014285714285715
47,90,120,1,2.11,2.11
47,90,121,4,8.27,2.0675
47,90,122,17,35.1,2.0647058823529414
47,90,123,12,23.48,1.9566666666666668
47,90,124,7,13.43,1.9185714285714286
47,90,125,3,5.74,1.9133333333333333
47,90,126,9,16.76,1.8622222222222224
47,90,127,13,23.61,1.816153846153846
47,90,128,6,10.85,1.8083333333333333
47,90,129,5,8.99,1.798
47,90,130,7,12.51,1.7871428571428571
47,90,131,17,30.33,1.7841176470588234
47,90,132,5,8.69,1.738
47,90,133,5,8.66,1.732
47,90,134,6,10.37,1.7283333333333333
47,90,135,15,25.18,1.6786666666666668
47,90,136,6,9.82,1.6366666666666667
47,90,137,14,22.7,1.6214285714285714
47,90,138,18,29.01,1.6116666666666668
47,90,139,12,18.44,1.5366666666666668
47,90,140,19,27.94,1.4705263157894737
47,90,141,19,25.9,1.3631578947368421
47,90,142,1,1.36,1.36
47,90,143,16,21.44,1.34
47,90,144,9,12.05,1.338888888888889
47,90,145,10,13.33,1.333
47,90,146,11,13.53,1.23
47,90,147,14,17.09,1.2207142857142856
47,90,148,13,15.67,1.2053846153846153
47,90,149,12,14.25,1.1875
47,90,150,2,2.37,1.185
47,90,151,12,13.82,1.1516666666666666
47,90,152,17,19.47,1.1452941176470588
47,90,153,18,19.92,1.1066666666666667
47,90,154,12,13.14,1.095
47,90,155,17,18.56,1.091764705882353
47,90,156,8,8.5,1.0625
47,90,157,16,16.53,1.033125
47,90,158,11,11.06,1.0054545454545456
47,90,159,3,3.0,1.0
47,90,160,11,10.94,0.9945454545454545
47,90,161,19,18.88,0.9936842105263157
47,90,162,4,3.95,0.9875
47,90,163,3,2.85,0.9500000000000001
47,90,164,5,4.48,0.8960000000000001
47,90,165,17,15.19,0.8935294117647059
47,90,166,3,2.55,0.85
47,90,167,5,4.24,0.8480000000000001
47,90,168,7,5.6,0.7999999999999999
47,90,169,10,7.81,0.7809999999999999
47,90,170,20,15.37,0.7685
47,90,171,16,12.22,0.76375
47,90,172,4,2.94,0.735
47,90,173,16,11.66,0.72875
47,90,174,12,8.6,0.7166666666666667
47,90,175,2,1.43,0.715
47,90,176,20,13.8,0.6900000000000001
47,90,177,16,10.69,0.668125
47,90,178,9,5.61,0.6233333333333334
47,90,179,18,11.2,0.6222222222222222
47,90,180,14,8.25,0.5892857142857143
47,90,181,17,10.0,0.5882352941176471
47,90,182,9,5.21,0.5788888888888889
47,90,183,14,8.0,0.5714285714285714
47,90,184,18,9.48,0.5266666666666667
47,90,185,4,2.1,0.525
47,90,186,9,4.6,0.5111111111111111
47,90,187,1,0.51,0.51
47,90,188,1,0.43,0.43
47,90,189,16,6.85,0.428125
47,90,190,9,3.69,0.41
47,90,191,8,3.28,0.41
47,90,192,6,2.14,0.3566666666666667
47,90,193,10,3.37,0.337
47,90,194,1,0.28,0.28
47,90,195,4,0.84,0.21
47,90,196,8,1.68,0.21
47,90,197,18,3.65,0.20277777777777778
47,90,198,12,2.39,0.1991666666666667
47,90,199,6,1.11,0.18500000000000003
48,5,0,6,24.15,4.0249999999999995
48,5,1,16,64.2,4.0125
48,5,2,14,56.08,4.005714285714285
48,5,3,15,60.03,4.002
48,5,4,1,4.0,4.0
48,5,5,17,67.79,3.98764705882353
48,5,6,1,3.9,3.9
48,5,7,6,23.29,3.8816666666666664
48,5,8,15,57.84,3.8560000000000003
48,5,9,1,3.81,3.81
48,5,10,20,75.6,3.78
48,5,11,11,41.57,3.7790909090909093
48,5,12,11,41.46,3.769090909090909
48,5,13,14,52.75,3.767857142857143
48,5,14,16,60.27,3.766875
48,5,15,17,63.39,3.728823529411765
48,5,16,16,58.91,3.681875
48,5,17,5,17.86,3.572
48,5,18,12,42.36,3.53
48,5,19,17,59.99,3.5288235294117647
48,5,20,16,55.95,3.496875
48,5,21,17,59.1,3.476470588235294
48,5,22,7,24.32,3.474285714285714
48,5,23,18,62.25,3.4583333333333335
48,5,24,7,24.18,3.454285714285714
48,5,25,3,10.32,3.44
48,5,26,5,17.09,3.418
48,5,27,15,50.44,3.3626666666666667
48,5,28,13,43.51,3.3469230769230767
48,5,29,11,36.38,3.3072727272727276
48,5,30,15,48.8,3.253333333333333
48,5,31,14,45.25,3.232142857142857
48,5,32,20,64.07,3.2034999999999996
48,5,33,17,54.35,3.197058823529412
48,5,34,3,9.54,3.1799999999999997
48,5,35,20,63.54,3.177
48,5,36,7,21.97,3.1385714285714283
48,5,37,13,40.46,3.1123076923076924
48,5,38,18,55.85,3.102777777777778
48,5,39,16,49.57,3.098125
48,5,40,16,49.35,3.084375
48,5,41,17,52.12,3.0658823529411765
48,5,42,11,33.45,3.040909090909091
48,5,43,13,39.27,3.020769230769231
48,5,44,10,29.0,2.9
48,5,45,16,45.98,2.87375
48,5,46,14,39.54,2.8242857142857143
48,5,47,19,53.09,2.7942105263157897
48,5,48,7,19.51,2.7871428571428574
48,5,49,18,48.9,2.716666666666667
48,5,50,14,37.84,2.7028571428571433
48,5,51,14,37.48,2.677142857142857
48,5,52,9,24.09,2.6766666666666667
48,5,53,11,29.41,2.673636363636364
48,5,54,15,39.62,2.6413333333333333
48,5,55,14,36.63,2.6164285714285715
48,5,56,2,5.23,2.615
48,5,57,10,26.0,2.6
48,5,58,5,12.91,2.582
48,5,59,4,10.27,2.5675
48,5,60,19,48.76,2.566315789473684
48,5,61,17,43.54,2.561176470588235
48,5,62,3,7.59,2.53
48,5,63,10,25.03,2.503
48,5,64,8,19.95,2.49375
48,5,65,12,29.72,2.4766666666666666
48,5,66,4,9.9,2.475
48,5,67,13,32.16,2.4738461538461536
48,5,68,5,12.36,2.472
48,5,69,3,7.39,2.4633333333333334
48,5,70,11,26.58,2.416363636363636
48,5,71,4,9.56,2.39
48,5,72,8,19.0,2.375
48,5,73,17,40.29,2.37
48,5,74,15,35.39,2.3593333333333333
48,5,75,20,46.77,2.3385000000000002
48,5,76,1,2.33,2.33
48,5,77,3,6.98,2.3266666666666667
48,5,78,5,11.53,2.306
48,5,79,6,13.78,2.2966666666666664
48,5,80,11,25.1,2.2818181818181817
48,5,81,16,36.16,2.26
48,5,82,19,42.53,2.238421052631579
48,5,83,17,37.18,2.1870588235294117
48,5,84,16,34.9,2.18125
48,5,85,15,32.57,2.1713333333333336
48,5,86,11,23.8,2.1636363636363636
48,5,87,19,41.1,2.1631578947368424
48,5,88,3,6.41,2.1366666666666667
48,5,89,16,34.04,2.1275
48,5,90,10,21.02,2.102
48,5,91,14,29.37,2.097857142857143
48,5,92,1,2.09,2.09
48,5,93,10,20.62,2.0620000000000003
48,5,94,6,12.34,2.0566666666666666
48,5,95,19,38.95,2.0500000000000003
48,5,96,12,23.85,1.9875
48,5,97,16,31.52,1.97
48,5,98,9,17.69,1.9655555555555557
48,5,99,13,25.49,1.9607692307692306
48,5,100,7,13.6,1.9428571428571428
48,5,101,16,30.81,1.925625
48,5,102,8,15.33,1.91625
48,5,103,13,24.71,1.9007692307692308
48,5,104,8,15.14,1.8925
48,5,105,7,13.24,1.8914285714285715
48,5,106,9,16.89,1.8766666666666667
48,5,107,20,37.2,1.86
48,5,108,19,35.1,1.8473684210526315
48,5,109,15,27.68,1.8453333333333333
48,5,110,6,10.99,1.8316666666666668
48,5,111,10,18.14,1.814
48,5,112,18,32.53,1.8072222222222223
48,5,113,20,35.7,1.7850000000000001
48,5,114,3,5.31,1.7699999999999998
48,5,115,13,22.9,1.7615384615384615
48,5,116,5,8.78,1.7559999999999998
48,5,117,5,8.54,1.7079999999999997
48,5,118,18,30.66,1.7033333333333334
48,5,119,11,18.61,1.6918181818181817
48,5,120,5,8.4,1.6800000000000002
48,5,121,3,5.01,1.67
48,5,122,4,6.58,1.645
48,5,123,6,9.87,1.6449999999999998
48,5,124,14,22.98,1.6414285714285715
48,5,125,10,15.92,1.592
48,5,126,13,20.46,1.573846153846154
48,5,127,3,4.72,1.5733333333333333
48,5,128,16,24.78,1.54875
48,5,129,2,3.06,1.53
48,5,130,16,24.41,1.525625
48,5,131,3,4.49,1.4966666666666668
48,5,132,15,21.69,1.4460000000000002
48,5,133,8,11.51,1.43875
48,5,134,7,9.71,1.3871428571428572
48,5,135,5,6.78,1.356
48,5,136,14,18.65,1.332142857142857
48,5,137,19,24.82,1.3063157894736843
48,5,138,9,11.36,1.2622222222222221
48,5,139,13,16.31,1.2546153846153845
48,5,140,14,17.17,1.2264285714285716
48,5,141,1,1.22,1.22
48,5,142,16,19.09,1.193125
48,5,143,16,19.07,1.191875
48,5,144,5,5.87,1.174
48,5,145,18,21.09,1.1716666666666666
48,5,146,16,18.64,1.165
48,5,147,19,22.08,1.1621052631578948
48,5,148,15,17.27,1.1513333333333333
48,5,149,11,12.62,1.1472727272727272
48,5,150,17,18.43,1.0841176470588234
48,5,151,2,2.08,1.04
48,5,152,11,11.44,1.04
48,5,153,15,15.11,1.0073333333333332
48,5,154,2,1.99,0.995
48,5,155,10,9.54,0.954
48,5,156,9,8.36,0.9288888888888889
48,5,157,15,13.65,0.91
48,5,158,18,15.4,0.8555555555555556
48,5,159,15,12.6,0.84
48,5,160,3,2.48,0.8266666666666667
48,5,161,2,1.62,0.81
48,5,162,11,8.83,0.8027272727272727
48,5,163,18,13.86,0.77
48,5,164,10,7.62,0.762
48,5,165,9,6.76,0.7511111111111111
48,5,166,12,8.97,0.7475
48,5,167,4,2.97,0.7425
48,5,168,9,6.56,0.7288888888888888
48,5,169,17,12.08,0.7105882352941176
48,5,170,8,5.53,0.69125
48,5,171,1,0.67,0.67
48,5,172,18,11.67,0.6483333333333333
48,5,173,20,12.89,0.6445000000000001
48,5,174,18,11.34,0.63
48,5,175,7,4.27,0.61
48,5,176,9,5.31,0.59
48,5,177,12,6.75,0.5625
48,5,178,1,0.55,0.55
48,5,179,16,8.11,0.506875
48,5,180,5,2.53,0.506
48,5,181,9,4.54,0.5044444444444445
48,5,182,19,9.16,0.48210526315789476
48,5,183,4,1.89,0.4725
48,5,184,16,7.55,0.471875
48,5,185,18,7.51,0.4172222222222222
48,5,186,7,2.52,0.36
48,5,187,4,1.41,0.3525
48,5,188,12,4.17,0.3475
48,5,189,11,3.72,0.3381818181818182
48,5,190,6,1.93,0.32166666666666666
48,5,191,12,3.62,0.3016666666666667
48,5,192,1,0.27,0.27
48,5,193,7,1.87,0.2671428571428572
48,5,194,10,2.64,0.264
48,5,195,3,0.79,0.26333333333333336
48,5,196,4,1.05,0.2625
48,5,197,15,3.92,0.2613333333333333
48,5,198,5,1.21,0.242
48,5,199,15,2.48,0.16533333333333333
48,10,0,15,46.12,3.0746666666666664
48,10,1,11,33.72,3.0654545454545454
48,10,2,6,18.32,3.0533333333333332
48,10,3,2,6.1,3.05
48,10,4,11,33.37,3.0336363636363632
48,10,5,13,39.43,3.0330769230769232
48,10,6,11,33.32,3.0290909090909093
48,10,7,3,9.06,3.02
48,10,8,5,15.09,3.018
48,10,9,2,5.97,2.985
48,10,10,18,53.57,2.976111111111111
48,10,11,19,56.33,2.964736842105263
48,10,12,6,17.65,2.9416666666666664
48,10,13,8,23.14,2.8925
48,10,14,12,34.12,2.8433333333333333
48,10,15,16,45.12,2.82
48,10,16,7,19.63,2.8042857142857143
48,10,17,7,19.46,2.7800000000000002
48,10,18,8,22.1,2.7625
48,10,19,19,52.48,2.7621052631578946
48,10,20,9,24.84,2.76
48,10,21,2,5.49,2.745
48,10,22,4,10.8,2.7
48,10,23,7,18.87,2.6957142857142857
48,10,24,16,43.13,2.695625
48,10,25,19,51.16,2.6926315789473683
48,10,26,11,29.51,2.682727272727273
48,10,27,6,15.93,2.655
48,10,28,4,10.59,2.6475
48,10,29,7,18.52,2.6457142857142855
48,10,30,2,5.29,2.645
48,10,31,4,10.53,2.6325
48,10,32,1,2.63,2.63
48,10,33,4,10.52,2.63
48,10,34,16,42.06,2.62875
48,10,35,7,18.19,2.5985714285714288
48,10,36,14,36.22,2.587142857142857
48,10,37,11,28.1,2.5545454545454547
48,10,38,16,40.55,2.534375
48,10,39,20,50.42,2.521
48,10,40,17,42.78,2.5164705882352942
48,10,41,10,25.03,2.503
48,10,42,19,47.42,2.495789473684211
48,10,43,15,37.34,2.4893333333333336
48,10,44,19,46.78,2.462105263157895
48,10,45,1,2.45,2.45
48,10,46,7,16.99,2.427142857142857
48,10,47,15,36.34,2.4226666666666667
48,10,48,13,31.26,2.4046153846153846
48,10,49,12,28.78,2.3983333333333334
48,10,50,1,2.39,2.39
48,10,51,3,7.16,2.3866666666666667
48,10,52,18,42.8,2.3777777777777778
48,10,53,19,45.15,2.376315789473684
48,10,54,2,4.75,2.375
48,10,55,11,26.08,2.3709090909090906
48,10,56,4,9.47,2.3675
48,10,57,3,7.06,2.353333333333333
48,10,58,5,11.73,2.346
48,10,59,18,41.93,2.3294444444444444
48,10,60,19,43.42,2.285263157894737
48,10,61,20,45.7,2.285
48,10,62,14,31.63,2.2592857142857143
48,10,63,13,29.34,2.256923076923077
48,10,64,15,33.63,2.242
48,10,65,15,33.31,2.220666666666667
48,10,66,2,4.44,2.22
48,10,67,7,15.43,2.204285714285714
48,10,68,18,39.48,2.1933333333333334
48,10,69,19,41.52,2.185263157894737
48,10,70,13,28.36,2.1815384615384614
48,10,71,10,21.55,2.1550000000000002
48,10,72,12,25.64,2.1366666666666667
48,10,73,10,21.06,2.106
48,10,74,5,10.51,2.102
48,10,75,1,2.09,2.09
48,10,76,19,39.51,2.079473684210526
48,10,77,17,35.34,2.078823529411765
48,10,78,13,26.93,2.0715384615384616
48,10,79,3,6.21,2.07
48,10,80,15,29.89,1.9926666666666668
48,10,81,7,13.9,1.9857142857142858
48,10,82,5,9.91,1.982
48,10,83,19,37.38,1.9673684210526317
48,10,84,8,15.58,1.9475
48,10,85,8,15.47,1.93375
48,10,86,17,32.81,1.9300000000000002
48,10,87,1,1.92,1.92
48,10,88,16,30.46,1.90375
48,10,89,8,15.2,1.9
48,10,90,1,1.87,1.87
48,10,91,19,35.45,1.8657894736842107
48,10,92,9,16.24,1.8044444444444443
48,10,93,20,36.06,1.8030000000000002
48,10,94,12,21.55,1.7958333333333334
48,10,95,17,30.23,1.7782352941176471
48,10,96,13,23.06,1.7738461538461539
48,10,97,8,14.1,1.7625
48,10,98,16,27.58,1.72375
48,10,99,14,24.06,1.7185714285714284
48,10,100,17,29.2,1.7176470588235293
48,10,101,15,25.67,1.7113333333333334
48,10,102,8,13.52,1.69
48,10,103,9,15.17,1.6855555555555555
48,10,104,10,16.83,1.6829999999999998
48,10,105,3,5.02,1.6733333333333331
48,10,106,1,1.67,1.67
48,10,107,13,21.26,1.6353846153846154
48,10,108,2,3.27,1.635
48,10,109,5,8.16,1.6320000000000001
48,10,110,1,1.58,1.58
48,10,111,11,16.96,1.541818181818182
48,10,112,9,13.68,1.52
48,10,113,6,9.07,1.5116666666666667
48,10,114,18,27.13,1.5072222222222222
48,10,115,19,28.61,1.5057894736842106
48,10,116,16,23.8,1.4875
48,10,117,12,17.75,1.4791666666666667
48,10,118,11,16.01,1.4554545454545456
48,10,119,16,23.1,1.44375
48,10,120,19,26.97,1.4194736842105262
48,10,121,8,11.33,1.41625
48,10,122,4,5.65,1.4125
48,10,123,15,21.07,1.4046666666666667
48,10,124,6,8.4,1.4000000000000001
48,10,125,2,2.79,1.395
48,10,126,3,4.09,1.3633333333333333
48,10,127,4,5.45,1.3625
48,10,128,16,21.53,1.345625
48,10,129,8,10.72,1.34
48,10,130,15,19.93,1.3286666666666667
48,10,131,18,23.91,1.3283333333333334
48,10,132,19,24.89,1.31
48,10,133,13,16.98,1.3061538461538462
48,10,134,8,9.74,1.2175
48,10,135,3,3.59,1.1966666666666665
48,10,136,5,5.83,1.166
48,10,137,11,12.46,1.1327272727272728
48,10,138,1,1.12,1.12
48,10,139,2,2.23,1.115
48,10,140,5,5.34,1.068
48,10,141,11,11.7,1.0636363636363635
48,10,142,14,14.85,1.0607142857142857
48,10,143,19,20.1,1.0578947368421054
48,10,144,17,17.91,1.0535294117647058
48,10,145,11,11.06,1.0054545454545456
48,10,146,19,18.99,0.9994736842105262
48,10,147,14,13.91,0.9935714285714285
48,10,148,8,7.75,0.96875
48,10,149,11,10.33,0.9390909090909091
48,10,150,10,9.28,0.9279999999999999
48,10,151,18,16.01,0.8894444444444445
48,10,152,4,3.53,0.8825
48,10,153,12,10.54,0.8783333333333333
48,10,154,14,12.28,0.8771428571428571
48,10,155,6,5.24,0.8733333333333334
48,10,156,5,4.35,0.8699999999999999
48,10,157,15,12.92,0.8613333333333333
48,10,158,7,5.89,0.8414285714285714
48,10,159,15,11.67,0.778
48,10,160,14,10.44,0.7457142857142857
48,10,161,8,5.93,0.74125
48,10,162,18,13.3,0.7388888888888889
48,10,163,5,3.65,0.73
48,10,164,17,12.14,0.7141176470588235
48,10,165,12,8.35,0.6958333333333333
48,10,166,17,11.38,0.6694117647058824
48,10,167,1,0.65,0.65
48,10,168,9,5.71,0.6344444444444445
48,10,169,6,3.56,0.5933333333333334
48,10,170,15,8.89,0.5926666666666667
48,10,171,1,0.58,0.58
48,10,172,20,11.45,0.5725
48,10,173,2,1.09,0.545
48,10,174,17,8.67,0.51
48,10,175,14,7.07,0.505
48,10,176,16,7.61,0.475625
48,10,177,12,5.5,0.4583333333333333
48,10,178,2,0.88,0.44
48,10,179,8,3.52,0.44
48,10,180,18,7.57,0.42055555555555557
48,10,181,19,7.78,0.4094736842105263
48,10,182,4,1.63,0.4075
48,10,183,5,1.92,0.384
48,10,184,5,1.9,0.38
48,10,185,10,3.76,0.376
48,10,186,8,2.84,0.355
48,10,187,18,6.1,0.33888888888888885
48,10,188,12,4.03,0.3358333333333334
48,10,189,9,2.9,0.3222222222222222
48,10,190,16,4.76,0.2975
48,10,191,18,4.85,0.26944444444444443
48,10,192,15,3.91,0.26066666666666666
48,10,193,6,1.43,0.2383333333333333
48,10,194,15,3.57,0.238
48,10,195,16,3.31,0.206875
48,10,196,19,3.85,0.2026315789473684
48,10,197,9,1.56,0.17333333333333334
48,10,198,20,3.37,0.1685
48,10,199,1,0.16,0.16
48,16,0,20,91.5,4.575
48,16,1,18,82.22,4.567777777777778
48,16,2,20,91.25,4.5625
48,16,3,19,85.77,4.5142105263157895
48,16,4,19,85.67,4.508947368421053
48,16,5,15,67.28,4.485333333333333
48,16,6,9,39.89,4.432222222222222
48,16,7,20,87.74,4.387
48,16,8,6,26.13,4.3549999999999995
48,16,9,11,47.83,4.348181818181818
48,16,10,19,82.4,4.336842105263158
48,16,11,12,52.04,4.336666666666667
48,16,12,10,42.67,4.267
48,16,13,3,12.68,4.226666666666667
48,16,14,11,46.46,4.223636363636364
48,16,15,5,20.99,4.1979999999999995
48,16,16,14,58.61,4.186428571428571
48,16,17,7,29.11,4.158571428571428
48,16,18,16,66.43,4.151875
48,16,19,7,29.06,4.151428571428571
48,16,20,1,4.14,4.14
48,16,21,3,12.35,4.116666666666666
48,16,22,4,16.29,4.0725
48,16,23,15,61.05,4.069999999999999
48,16,24,1,4.06,4.06
48,16,25,11,44.59,4.053636363636364
48,16,26,6,24.16,4.026666666666666
48,16,27,8,31.94,3.9925
48,16,28,5,19.91,3.982
48,16,29,5,19.66,3.932
48,16,30,6,23.55,3.9250000000000003
48,16,31,13,50.77,3.9053846153846155
48,16,32,7,27.33,3.904285714285714
48,16,33,5,19.5,3.9
48,16,34,4,15.55,3.8875
48,16,35,3,11.64,3.8800000000000003
48,16,36,20,77.44,3.872
48,16,37,8,30.23,3.77875
48,16,38,2,7.5,3.75
48,16,39,2,7.44,3.72
48,16,40,14,52.02,3.7157142857142857
48,16,41,18,66.67,3.703888888888889
48,16,42,8,29.54,3.6925
48,16,43,5,18.34,3.668
48,16,44,9,32.91,3.6566666666666663
48,16,45,9,32.7,3.6333333333333337
48,16,46,2,7.25,3.625
48,16,47,2,7.24,3.62
48,16,48,6,21.7,3.6166666666666667
48,16,49,3,10.79,3.5966666666666662
48,16,50,19,67.38,3.546315789473684
48,16,51,20,70.86,3.543
48,16,52,11,38.85,3.5318181818181817
48,16,53,8,28.01,3.50125
48,16,54,1,3.5,3.5
48,16,55,12,42.0,3.5
48,16,56,8,27.56,3.445
48,16,57,6,20.66,3.4433333333333334
48,16,58,9,30.98,3.442222222222222
48,16,59,14,47.73,3.4092857142857143
48,16,60,4,13.58,3.395
48,16,61,4,13.57,3.3925
48,16,62,2,6.66,3.33
48,16,63,6,19.93,3.3216666666666668
48,16,64,1,3.32,3.32
48,16,65,3,9.95,3.3166666666666664
48,16,66,18,59.22,3.29
48,16,67,13,42.69,3.2838461538461536
48,16,68,10,32.69,3.2689999999999997
48,16,69,4,12.85,3.2125
48,16,70,4,12.81,3.2025
48,16,71,19,60.65,3.192105263157895
48,16,72,7,22.08,3.154285714285714
48,16,73,12,36.79,3.0658333333333334
48,16,74,5,15.16,3.032
48,16,75,6,18.15,3.025
48,16,76,12,36.05,3.0041666666666664
48,16,77,3,8.93,2.9766666666666666
48,16,78,2,5.92,2.96
48,16,79,11,32.55,2.959090909090909
48,16,80,20,57.59,2.8795
48,16,81,17,48.92,2.8776470588235297
48,16,82,1,2.85,2.85
48,16,83,20,56.83,2.8415
48,16,84,20,56.76,2.838
48,16,85,19,52.89,2.783684210526316
48,16,86,19,52.32,2.7536842105263157
48,16,87,14,38.16,2.7257142857142855
48,16,88,11,29.84,2.712727272727273
48,16,89,18,48.61,2.7005555555555554
48,16,90,2,5.33,2.665
48,16,91,10,26.54,2.654
48,16,92,19,49.68,2.614736842105263
48,16,93,5,12.98,2.596
48,16,94,10,25.49,2.549
48,16,95,4,10.19,2.5475
48,16,96,5,12.62,2.524
48,16,97,13,32.53,2.5023076923076926
48,16,98,7,17.51,2.501428571428572
48,16,99,16,39.46,2.46625
48,16,100,13,31.62,2.4323076923076923
48,16,101,9,21.51,2.39
48,16,102,16,37.95,2.371875
48,16,103,18,42.41,2.356111111111111
48,16,104,8,18.8,2.35
48,16,105,13,29.67,2.2823076923076924
48,16,106,2,4.53,2.265
48,16,107,11,23.72,2.1563636363636363
48,16,108,5,10.68,2.136
48,16,109,4,8.52,2.13
48,16,110,1,2.12,2.12
48,16,111,17,35.99,2.117058823529412
48,16,112,17,35.98,2.116470588235294
48,16,113,3,6.23,2.0766666666666667
48,16,114,10,19.78,1.9780000000000002
48,16,115,19,37.01,1.9478947368421051
48,16,116,5,9.71,1.9420000000000002
48,16,117,9,17.36,1.9288888888888889
48,16,118,15,28.55,1.9033333333333333
48,16,119,17,32.24,1.8964705882352941
48,16,120,2,3.66,1.83
48,16,121,14,24.36,1.74
48,16,122,2,3.47,1.735
48,16,123,19,32.03,1.6857894736842105
48,16,124,4,6.68,1.67
48,16,125,15,24.99,1.666
48,16,126,4,6.34,1.585
48,16,127,20,31.57,1.5785
48,16,128,12,18.36,1.53
48,16,129,18,27.29,1.516111111111111
48,16,130,1,1.51,1.51
48,16,131,8,12.08,1.51
48,16,132,10,14.99,1.499
48,16,133,17,25.3,1.488235294117647
48,16,134,20,28.91,1.4455
48,16,135,10,14.44,1.444
48,16,136,2,2.87,1.435
48,16,137,15,21.49,1.4326666666666665
48,16,138,14,19.9,1.4214285714285713
48,16,139,1,1.42,1.42
48,16,140,19,26.35,1.3868421052631579
48,16,141,10,13.81,1.381
48,16,142,15,19.72,1.3146666666666667
48,16,143,10,12.44,1.244
48,16,144,6,7.46,1.2433333333333334
48,16,145,20,24.43,1.2215
48,16,146,4,4.77,1.1925
48,16,147,13,15.1,1.1615384615384614
48,16,148,3,3.46,1.1533333333333333
48,16,149,10,11.3,1.1300000000000001
48,16,150,17,19.1,1.1235294117647059
48,16,151,15,16.38,1.0919999999999999
48,16,152,8,8.56,1.07
48,16,153,6,6.4,1.0666666666666667
48,16,154,5,5.3,1.06
48,16,155,13,13.37,1.0284615384615383
48,16,156,1,1.01,1.01
48,16,157,16,15.79,0.986875
48,16,158,12,10.93,0.9108333333333333
48,16,159,6,5.45,0.9083333333333333
48,16,160,13,11.7,0.8999999999999999
48,16,161,6,5.24,0.8733333333333334
48,16,162,5,4.18,0.836
48,16,163,18,14.67,0.815
48,16,164,5,3.91,0.782
48,16,165,1,0.76,0.76
48,16,166,16,12.14,0.75875
48,16,167,13,9.7,0.7461538461538461
48,16,168,15,10.86,0.724
48,16,169,14,10.04,0.7171428571428571
48,16,170,5,3.56,0.712
48,16,171,16,11.05,0.690625
48,16,172,17,10.98,0.6458823529411765
48,16,173,2,1.29,0.645
48,16,174,4,2.55,0.6375
48,16,175,17,10.51,0.618235294117647
48,16,176,18,11.1,0.6166666666666667
48,16,177,16,9.27,0.579375
48,16,178,12,6.91,0.5758333333333333
48,16,179,5,2.84,0.568
48,16,180,20,11.31,0.5655
48,16,181,20,11.19,0.5595
48,16,182,20,10.95,0.5475
48,16,183,7,3.57,0.51
48,16,184,11,5.53,0.5027272727272728
48,16,185,17,8.14,0.47882352941176476
48,16,186,13,5.97,0.4592307692307692
48,16,187,11,5.0,0.45454545454545453
48,16,188,15,6.35,0.4233333333333333
48,16,189,16,6.67,0.416875
48,16,190,3,1.18,0.3933333333333333
48,16,191,19,6.53,0.3436842105263158
48,16,192,18,6.14,0.3411111111111111
48,16,193,1,0.34,0.34
48,16,194,9,2.94,0.32666666666666666
48,16,195,13,4.14,0.31846153846153846
48,16,196,13,3.35,0.2576923076923077
48,16,197,8,2.05,0.25625
48,16,198,14,3.17,0.22642857142857142
48,16,199,15,3.19,0.21266666666666667
48,17,0,11,38.57,3.5063636363636363
48,17,1,12,41.93,3.4941666666666666
48,17,2,18,62.72,3.4844444444444442
48,17,3,4,13.86,3.465
48,17,4,20,69.29,3.4645
48,17,5,12,41.33,3.4441666666666664
48,17,6,11,37.52,3.410909090909091
48,17,7,18,61.32,3.4066666666666667
48,17,8,5,16.72,3.344
48,17,9,18,60.11,3.339444444444444
48,17,10,20,66.24,3.312
48,17,11,13,42.85,3.2961538461538464
48,17,12,19,62.4,3.2842105263157895
48,17,13,2,6.55,3.275
48,17,14,5,16.27,3.254
48,17,15,3,9.75,3.25
48,17,16,7,22.72,3.2457142857142856
48,17,17,5,15.79,3.158
48,17,18,7,21.87,3.1242857142857146
48,17,19,2,6.1,3.05
48,17,20,18,54.86,3.0477777777777777
48,17,21,11,33.39,3.0354545454545456
48,17,22,18,54.46,3.0255555555555556
48,17,23,19,57.35,3.018421052631579
48,17,24,5,14.94,2.988
48,17,25,6,17.77,2.9616666666666664
48,17,26,10,29.6,2.96
48,17,27,14,40.92,2.922857142857143
48,17,28,16,46.68,2.9175
48,17,29,13,37.23,2.8638461538461537
48,17,30,16,45.13,2.820625
48,17,31,19,52.69,2.773157894736842
48,17,32,6,16.48,2.7466666666666666
48,17,33,12,32.89,2.7408333333333332
48,17,34,20,54.34,2.717
48,17,35,4,10.6,2.65
48,17,36,10,26.36,2.636
48,17,37,13,34.13,2.6253846153846156
48,17,38,5,13.03,2.606
48,17,39,4,10.32,2.58
48,17,40,3,7.73,2.5766666666666667
48,17,41,19,48.9,2.5736842105263156
48,17,42,7,17.92,2.56
48,17,43,6,15.32,2.5533333333333332
48,17,44,2,5.08,2.54
48,17,45,9,22.85,2.538888888888889
48,17,46,20,50.69,2.5345
48,17,47,6,15.17,2.5283333333333333
48,17,48,20,50.33,2.5164999999999997
48,17,49,3,7.5,2.5
48,17,50,18,44.76,2.4866666666666664
48,17,51,8,19.74,2.4675
48,17,52,10,24.33,2.433
48,17,53,4,9.7,2.425
48,17,54,1,2.38,2.38
48,17,55,2,4.73,2.365
48,17,56,20,47.23,2.3615
48,17,57,17,39.85,2.3441176470588236
48,17,58,8,18.59,2.32375
48,17,59,7,16.18,2.3114285714285714
48,17,60,5,11.47,2.294
48,17,61,7,16.03,2.29
48,17,62,12,27.39,2.2825
48,17,63,14,31.84,2.2742857142857145
48,17,64,9,19.78,2.197777777777778
48,17,65,6,13.14,2.19
48,17,66,13,28.18,2.167692307692308
48,17,67,2,4.21,2.105
48,17,68,13,26.74,2.0569230769230766
48,17,69,16,32.24,2.015
48,17,70,2,4.03,2.015
48,17,71,5,9.96,1.9920000000000002
48,17,72,19,37.41,1.9689473684210526
48,17,73,14,27.37,1.955
48,17,74,1,1.94,1.94
48,17,75,12,23.21,1.9341666666666668
48,17,76,1,1.92,1.92
48,17,77,15,28.73,1.9153333333333333
48,17,78,3,5.72,1.9066666666666665
48,17,79,2,3.81,1.905
48,17,80,15,28.32,1.8880000000000001
48,17,81,19,35.5,1.868421052631579
48,17,82,16,29.57,1.848125
48,17,83,17,31.28,1.84
48,17,84,13,23.76,1.8276923076923077
48,17,85,7,12.78,1.8257142857142856
48,17,86,6,10.93,1.8216666666666665
48,17,87,1,1.81,1.81
48,17,88,18,32.35,1.7972222222222223
48,17,89,11,19.73,1.7936363636363637
48,17,90,11,19.5,1.7727272727272727
48,17,91,16,28.22,1.76375
48,17,92,3,5.25,1.75
48,17,93,4,6.93,1.7325
48,17,94,4,6.89,1.7225
48,17,95,4,6.87,1.7175
48,17,96,10,17.14,1.714
48,17,97,10,17.08,1.7079999999999997
48,17,98,14,23.33,1.6664285714285714
48,17,99,9,14.73,1.6366666666666667
48,17,100,6,9.75,1.625
48,17,101,17,27.47,1.6158823529411763
48,17,102,20,32.3,1.6149999999999998
48,17,103,6,9.65,1.6083333333333334
48,17,104,19,30.23,1.5910526315789475
48,17,105,4,6.27,1.5675
48,17,106,12,18.55,1.5458333333333334
48,17,107,12,18.51,1.5425000000000002
48,17,108,17,26.06,1.5329411764705883
48,17,109,13,19.83,1.5253846153846153
48,17,110,9,13.58,1.508888888888889
48,17,111,17,25.58,1.5047058823529411
48,17,112,11,16.46,1.4963636363636363
48,17,113,7,10.31,1.4728571428571429
48,17,114,20,28.6,1.4300000000000002
48,17,115,20,28.39,1.4195
48,17,116,14,18.7,1.3357142857142856
48,17,117,8,10.52,1.315
48,17,118,11,14.44,1.3127272727272727
48,17,119,13,17.04,1.3107692307692307
48,17,120,12,15.7,1.3083333333333333
48,17,121,18,23.08,1.2822222222222222
48,17,122,5,6.39,1.278
48,17,123,1,1.27,1.27
48,17,124,11,13.91,1.2645454545454546
48,17,125,8,9.92,1.24
48,17,126,19,23.5,1.236842105263158
48,17,127,9,11.07,1.23
48,17,128,7,8.44,1.2057142857142857
48,17,129,16,19.12,1.195
48,17,130,14,16.5,1.1785714285714286
48,17,131,11,12.87,1.17
48,17,132,17,19.7,1.1588235294117646
48,17,133,2,2.22,1.11
48,17,134,14,14.91,1.065
48,17,135,10,10.51,1.051
48,17,136,1,1.03,1.03
48,17,137,7,7.11,1.0157142857142858
48,17,138,15,15.15,1.01
48,17,139,4,3.93,0.9825
48,17,140,1,0.97,0.97
48,17,141,3,2.86,0.9533333333333333
48,17,142,16,15.17,0.948125
48,17,143,19,17.93,0.9436842105263158
48,17,144,3,2.74,0.9133333333333334
48,17,145,18,16.31,0.9061111111111111
48,17,146,15,13.5,0.9
48,17,147,14,12.35,0.8821428571428571
48,17,148,13,11.43,0.8792307692307693
48,17,149,13,11.01,0.8469230769230769
48,17,150,6,4.96,0.8266666666666667
48,17,151,16,13.12,0.82
48,17,152,18,14.69,0.8161111111111111
48,17,153,11,8.79,0.799090909090909
48,17,154,5,3.97,0.794
48,17,155,13,10.13,0.7792307692307693
48,17,156,5,3.66,0.732
48,17,157,16,11.24,0.7025
48,17,158,17,11.73,0.6900000000000001
48,17,159,19,13.11,0.69
48,17,160,11,7.53,0.6845454545454546
48,17,161,8,5.47,0.68375
48,17,162,3,2.05,0.6833333333333332
48,17,163,19,12.98,0.6831578947368421
48,17,164,19,12.8,0.6736842105263158
48,17,165,5,3.35,0.67
48,17,166,5,3.26,0.6519999999999999
48,17,167,19,11.83,0.6226315789473684
48,17,168,10,6.04,0.604
48,17,169,4,2.41,0.6025
48,17,170,15,8.78,0.5853333333333333
48,17,171,14,8.08,0.5771428571428572
48,17,172,14,7.94,0.5671428571428572
48,17,173,11,6.02,0.5472727272727272
48,17,174,17,9.26,0.5447058823529412
48,17,175,16,8.49,0.530625
48,17,176,13,6.86,0.5276923076923077
48,17,177,15,7.91,0.5273333333333333
48,17,178,8,4.05,0.50625
48,17,179,6,2.92,0.48666666666666664
48,17,180,19,9.17,0.4826315789473684
48,17,181,8,3.86,0.4825
48,17,182,3,1.37,0.4566666666666667
48,17,183,4,1.72,0.43
48,17,184,9,3.84,0.42666666666666664
48,17,185,12,4.98,0.41500000000000004
48,17,186,2,0.79,0.395
48,17,187,2,0.77,0.385
48,17,188,3,1.07,0.3566666666666667
48,17,189,17,5.84,0.34352941176470586
48,17,190,3,0.9,0.3
48,17,191,4,1.19,0.2975
48,17,192,4,1.12,0.28
48,17,193,7,1.88,0.26857142857142857
48,17,194,3,0.71,0.23666666666666666
48,17,195,2,0.45,0.225
48,17,196,19,3.9,0.20526315789473684
48,17,197,5,1.02,0.20400000000000001
48,17,198,13,2.23,0.17153846153846153
48,17,199,2,0.31,0.155
48,24,0,1,4.15,4.15
48,24,1,10,41.34,4.134
48,24,2,4,16.38,4.095
48,24,3,19,76.94,4.049473684210526
48,24,4,13,52.47,4.036153846153846
48,24,5,20,79.84,3.992
48,24,6,16,63.67,3.979375
48,24,7,7,27.78,3.968571428571429
48,24,8,20,77.84,3.8920000000000003
48,24,9,20,77.5,3.875
48,24,10,19,73.35,3.8605263157894734
48,24,11,18,69.38,3.8544444444444443
48,24,12,12,46.19,3.8491666666666666
48,24,13,6,23.02,3.8366666666666664
48,24,14,6,22.97,3.828333333333333
48,24,15,10,38.22,3.822
48,24,16,6,22.78,3.796666666666667
48,24,17,9,34.02,3.7800000000000002
48,24,18,17,64.01,3.765294117647059
48,24,19,18,66.65,3.702777777777778
48,24,20,11,40.43,3.6754545454545453
48,24,21,19,69.81,3.6742105263157896
48,24,22,13,47.76,3.6738461538461538
48,24,23,12,43.85,3.654166666666667
48,24,24,5,18.25,3.65
48,24,25,19,69.22,3.643157894736842
48,24,26,16,58.05,3.628125
48,24,27,17,61.44,3.614117647058823
48,24,28,13,46.97,3.613076923076923
48,24,29,20,71.75,3.5875
48,24,30,5,17.82,3.564
48,24,31,12,42.42,3.535
48,24,32,3,10.48,3.4933333333333336
48,24,33,16,55.67,3.479375
48,24,34,14,47.59,3.3992857142857145
48,24,35,16,53.76,3.36
48,24,36,6,20.15,3.358333333333333
48,24,37,9,29.71,3.301111111111111
48,24,38,19,62.37,3.282631578947368
48,24,39,12,39.21,3.2675
48,24,40,7,22.82,3.2600000000000002
48,24,41,18,58.66,3.2588888888888885
48,24,42,13,42.17,3.243846153846154
48,24,43,3,9.59,3.1966666666666668
48,24,44,6,19.08,3.1799999999999997
48,24,45,11,34.75,3.159090909090909
48,24,46,15,47.37,3.158
48,24,47,11,34.5,3.1363636363636362
48,24,48,3,9.3,3.1
48,24,49,2,6.17,3.085
48,24,50,18,54.83,3.046111111111111
48,24,51,3,9.13,3.0433333333333334
48,24,52,14,42.34,3.0242857142857145
48,24,53,14,42.14,3.0100000000000002
48,24,54,11,32.73,2.975454545454545
48,24,55,3,8.87,2.9566666666666666
48,24,56,3,8.85,2.9499999999999997
48,24,57,11,31.74,2.8854545454545453
48,24,58,18,51.88,2.8822222222222225
48,24,59,10,28.74,2.8739999999999997
48,24,60,12,34.44,2.8699999999999997
48,24,61,18,50.88,2.8266666666666667
48,24,62,2,5.64,2.82
48,24,63,15,42.29,2.8193333333333332
48,24,64,1,2.81,2.81
48,24,65,14,39.32,2.8085714285714287
48,24,66,16,43.43,2.714375
48,24,67,19,51.57,2.7142105263157896
48,24,68,4,10.83,2.7075
48,24,69,4,10.82,2.705
48,24,70,5,13.47,2.694
48,24,71,1,2.65,2.65
48,24,72,15,39.4,2.6266666666666665
48,24,73,18,47.2,2.6222222222222222
48,24,74,10,26.03,2.603
48,24,75,18,46.37,2.576111111111111
48,24,76,20,51.46,2.573
48,24,77,4,10.25,2.5625
48,24,78,9,22.73,2.5255555555555556
48,24,79,17,42.93,2.525294117647059
48,24,80,7,17.53,2.5042857142857144
48,24,81,12,30.05,2.504166666666667
48,24,82,18,43.68,2.4266666666666667
48,24,83,14,33.63,2.402142857142857
48,24,84,12,28.77,2.3975
48,24,85,20,47.94,2.397
48,24,86,6,14.21,2.3683333333333336
48,24,87,12,28.21,2.3508333333333336
48,24,88,6,13.8,2.3000000000000003
48,24,89,19,43.54,2.291578947368421
48,24,90,7,15.93,2.275714285714286
48,24,91,13,29.34,2.256923076923077
48,24,92,17,37.78,2.222352941176471
48,24,93,19,42.06,2.2136842105263157
48,24,94,10,22.11,2.211
48,24,95,11,23.75,2.159090909090909
48,24,96,5,10.79,2.158
48,24,97,7,15.08,2.1542857142857144
48,24,98,10,21.37,2.137
48,24,99,9,19.11,2.123333333333333
48,24,100,20,42.29,2.1145
48,24,101,8,16.87,2.10875
48,24,102,12,25.11,2.0925
48,24,103,20,41.75,2.0875
48,24,104,6,12.39,2.065
48,24,105,2,4.1,2.05
48,24,106,7,14.2,2.0285714285714285
48,24,107,20,40.31,2.0155000000000003
48,24,108,14,27.92,1.9942857142857144
48,24,109,5,9.85,1.97
48,24,110,8,15.5,1.9375
48,24,111,10,19.29,1.9289999999999998
48,24,112,5,9.56,1.9120000000000001
48,24,113,17,32.2,1.8941176470588237
48,24,114,6,11.26,1.8766666666666667
48,24,115,18,33.77,1.8761111111111113
48,24,116,19,35.23,1.8542105263157893
48,24,117,9,16.61,1.8455555555555554
48,24,118,14,25.36,1.8114285714285714
48,24,119,9,15.99,1.7766666666666666
48,24,120,5,8.8,1.7600000000000002
48,24,121,19,33.3,1.7526315789473683
48,24,122,7,12.24,1.7485714285714287
48,24,123,7,12.21,1.7442857142857144
48,24,124,18,30.69,1.705
48,24,125,9,15.23,1.6922222222222223
48,24,126,18,29.86,1.6588888888888889
48,24,127,7,11.51,1.6442857142857144
48,24,128,11,17.93,1.63
48,24,129,4,6.34,1.585
48,24,130,6,9.44,1.5733333333333333
48,24,131,8,12.37,1.54625
48,24,132,20,30.83,1.5414999999999999
48,24,133,12,18.19,1.5158333333333334
48,24,134,16,23.81,1.488125
48,24,135,18,26.5,1.4722222222222223
48,24,136,6,8.79,1.4649999999999999
48,24,137,15,21.33,1.422
48,24,138,10,13.85,1.385
48,24,139,15,20.4,1.3599999999999999
48,24,140,7,9.44,1.3485714285714285
48,24,141,12,15.5,1.2916666666666667
48,24,142,3,3.58,1.1933333333333334
48,24,143,20,23.58,1.1789999999999998
48,24,144,16,18.55,1.159375
48,24,145,15,17.32,1.1546666666666667
48,24,146,19,21.82,1.148421052631579
48,24,147,9,10.14,1.1266666666666667
48,24,148,10,11.0,1.1
48,24,149,13,14.19,1.0915384615384616
48,24,150,20,21.7,1.085
48,24,151,8,8.63,1.07875
48,24,152,13,13.9,1.0692307692307692
48,24,153,2,2.08,1.04
48,24,154,16,16.34,1.02125
48,24,155,17,17.18,1.0105882352941176
48,24,156,7,6.83,0.9757142857142858
48,24,157,14,13.59,0.9707142857142858
48,24,158,1,0.95,0.95
48,24,159,13,12.31,0.946923076923077
48,24,160,3,2.68,0.8933333333333334
48,24,161,7,6.21,0.8871428571428571
48,24,162,17,14.31,0.841764705882353
48,24,163,20,16.55,0.8275
48,24,164,20,16.41,0.8205
48,24,165,15,11.57,0.7713333333333333
48,24,166,3,2.27,0.7566666666666667
48,24,167,1,0.74,0.74
48,24,168,17,12.36,0.7270588235294118
48,24,169,11,7.9,0.7181818181818183
48,24,170,13,9.31,0.7161538461538461
48,24,171,13,9.25,0.7115384615384616
48,24,172,6,4.25,0.7083333333333334
48,24,173,10,6.87,0.687
48,24,174,9,6.0,0.6666666666666666
48,24,175,10,6.39,0.639
48,24,176,1,0.63,0.63
48,24,177,6,3.71,0.6183333333333333
48,24,178,10,5.83,0.583
48,24,179,13,7.52,0.5784615384615385
48,24,180,17,9.62,0.5658823529411764
48,24,181,19,9.78,0.5147368421052632
48,24,182,14,6.87,0.4907142857142857
48,24,183,6,2.82,0.47
48,24,184,4,1.88,0.47
48,24,185,5,2.29,0.458
48,24,186,9,3.97,0.4411111111111111
48,24,187,6,2.63,0.4383333333333333
48,24,188,15,6.54,0.436
48,24,189,13,5.45,0.41923076923076924
48,24,190,6,2.43,0.405
48,24,191,5,1.85,0.37
48,24,192,3,1.09,0.36333333333333334
48,24,193,5,1.79,0.358
48,24,194,4,1.28,0.32
48,24,195,16,4.71,0.294375
48,24,196,6,1.61,0.26833333333333337
48,24,197,12,2.93,0.24416666666666667
48,24,198,13,2.85,0.21923076923076923
48,24,199,15,2.95,0.19666666666666668
48,29,0,18,49.58,2.7544444444444443
48,29,1,8,21.95,2.74375
48,29,2,14,38.38,2.7414285714285715
48,29,3,12,32.63,2.7191666666666667
48,29,4,20,54.07,2.7035
48,29,5,1,2.7,2.7
48,29,6,1,2.68,2.68
48,29,7,2,5.3,2.65
48,29,8,11,29.09,2.6445454545454545
48,29,9,10,26.27,2.627
48,29,10,6,15.29,2.5483333333333333
48,29,11,20,50.83,2.5415
48,29,12,6,15.22,2.5366666666666666
48,29,13,3,7.59,2.53
48,29,14,10,25.29,2.529
48,29,15,8,20.06,2.5075
48,29,16,12,30.06,2.505
48,29,17,18,44.92,2.4955555555555557
48,29,18,20,49.73,2.4865
48,29,19,20,49.51,2.4755
48,29,20,10,24.59,2.459
48,29,21,5,12.28,2.456
48,29,22,16,39.12,2.445
48,29,23,14,33.88,2.4200000000000004
48,29,24,13,30.93,2.379230769230769
48,29,25,12,28.52,2.3766666666666665
48,29,26,11,25.79,2.3445454545454543
48,29,27,16,37.47,2.341875
48,29,28,19,44.25,2.3289473684210527
48,29,29,18,41.88,2.3266666666666667
48,29,30,13,29.92,2.3015384615384615
48,29,31,9,20.61,2.29
48,29,32,17,38.68,2.275294117647059
48,29,33,11,24.95,2.268181818181818
48,29,34,12,27.12,2.2600000000000002
48,29,35,10,22.13,2.213
48,29,36,1,2.18,2.18
48,29,37,19,41.37,2.1773684210526314
48,29,38,12,26.07,2.1725
48,29,39,3,6.45,2.15
48,29,40,7,14.97,2.138571428571429
48,29,41,5,10.56,2.112
48,29,42,8,16.74,2.0925
48,29,43,8,16.72,2.09
48,29,44,5,10.44,2.088
48,29,45,15,31.29,2.086
48,29,46,13,26.95,2.073076923076923
48,29,47,8,16.46,2.0575
48,29,48,7,14.3,2.042857142857143
48,29,49,14,28.23,2.0164285714285715
48,29,50,12,24.08,2.0066666666666664
48,29,51,8,16.04,2.005
48,29,52,12,24.06,2.005
48,29,53,18,35.96,1.9977777777777779
48,29,54,1,1.99,1.99
48,29,55,16,30.91,1.931875
48,29,56,15,28.87,1.9246666666666667
48,29,57,5,9.49,1.8980000000000001
48,29,58,4,7.55,1.8875
48,29,59,1,1.86,1.86
48,29,60,15,27.43,1.8286666666666667
48,29,61,11,20.04,1.8218181818181818
48,29,62,5,9.06,1.812
48,29,63,16,28.94,1.80875
48,29,64,7,12.33,1.7614285714285713
48,29,65,15,26.35,1.7566666666666668
48,29,66,11,19.29,1.7536363636363637
48,29,67,6,10.52,1.7533333333333332
48,29,68,9,15.65,1.738888888888889
48,29,69,5,8.62,1.7239999999999998
48,29,70,11,18.94,1.721818181818182
48,29,71,18,30.85,1.713888888888889
48,29,72,5,8.54,1.7079999999999997
48,29,73,10,17.07,1.707
48,29,74,12,20.36,1.6966666666666665
48,29,75,8,13.44,1.68
48,29,76,13,21.63,1.6638461538461538
48,29,77,12,19.77,1.6475
48,29,78,18,29.15,1.6194444444444445
48,29,79,7,11.3,1.6142857142857143
48,29,80,1,1.61,1.61
48,29,81,2,3.21,1.605
48,29,82,19,30.39,1.5994736842105264
48,29,83,16,25.45,1.590625
48,29,84,8,12.64,1.58
48,29,85,19,29.9,1.5736842105263158
48,29,86,9,14.15,1.5722222222222222
48,29,87,14,21.45,1.532142857142857
48,29,88,20,30.53,1.5265
48,29,89,8,12.0,1.5
48,29,90,18,26.81,1.4894444444444443
48,29,91,8,11.91,1.48875
48,29,92,12,17.72,1.4766666666666666
48,29,93,19,28.04,1.4757894736842105
48,29,94,4,5.85,1.4625
48,29,95,5,7.25,1.45
48,29,96,14,20.27,1.4478571428571427
48,29,97,17,24.47,1.4394117647058824
48,29,98,9,12.73,1.4144444444444444
48,29,99,7,9.8,1.4000000000000001
48,29,100,18,24.97,1.3872222222222221
48,29,101,6,8.28,1.38
48,29,102,11,15.12,1.3745454545454545
48,29,103,7,9.52,1.3599999999999999
48,29,104,6,8.03,1.3383333333333332
48,29,105,11,14.5,1.3181818181818181
48,29,106,18,23.5,1.3055555555555556
48,29,107,9,11.71,1.301111111111111
48,29,108,10,12.81,1.2810000000000001
48,29,109,8,10.22,1.2775
48,29,110,15,18.97,1.2646666666666666
48,29,111,13,15.92,1.2246153846153847
48,29,112,3,3.63,1.21
48,29,113,5,5.97,1.194
48,29,114,15,17.89,1.1926666666666668
48,29,115,15,17.75,1.1833333333333333
48,29,116,13,15.32,1.1784615384615384
48,29,117,18,20.67,1.1483333333333334
48,29,118,10,11.34,1.134
48,29,119,10,11.31,1.131
48,29,120,15,16.69,1.1126666666666667
48,29,121,11,11.97,1.0881818181818181
48,29,122,2,2.16,1.08
48,29,123,18,19.36,1.0755555555555556
48,29,124,8,8.57,1.07125
48,29,125,19,20.26,1.0663157894736843
48,29,126,19,20.12,1.0589473684210526
48,29,127,18,18.99,1.055
48,29,128,15,15.69,1.046
48,29,129,11,11.37,1.0336363636363635
48,29,130,1,1.02,1.02
48,29,131,15,15.19,1.0126666666666666
48,29,132,8,8.03,1.00375
48,29,133,4,3.97,0.9925
48,29,134,20,19.76,0.9880000000000001
48,29,135,12,11.55,0.9625
48,29,136,4,3.79,0.9475
48,29,137,13,12.27,0.9438461538461538
48,29,138,11,10.08,0.9163636363636364
48,29,139,15,13.74,0.916
48,29,140,13,11.69,0.8992307692307692
48,29,141,5,4.44,0.8880000000000001
48,29,142,13,11.43,0.8792307692307693
48,29,143,7,6.08,0.8685714285714285
48,29,144,3,2.59,0.8633333333333333
48,29,145,13,10.71,0.8238461538461539
48,29,146,12,9.65,0.8041666666666667
48,29,147,5,3.98,0.796
48,29,148,18,14.1,0.7833333333333333
48,29,149,5,3.9,0.78
48,29,150,18,13.84,0.7688888888888888
48,29,151,11,8.36,0.7599999999999999
48,29,152,7,4.92,0.7028571428571428
48,29,153,9,6.32,0.7022222222222223
48,29,154,10,7.0,0.7
48,29,155,5,3.34,0.6679999999999999
48,29,156,8,5.31,0.66375
48,29,157,8,5.27,0.65875
48,29,158,11,7.15,0.65
48,29,159,9,5.73,0.6366666666666667
48,29,160,14,8.56,0.6114285714285714
48,29,161,5,3.02,0.604
48,29,162,12,7.07,0.5891666666666667
48,29,163,2,1.16,0.58
48,29,164,17,9.38,0.5517647058823529
48,29,165,1,0.55,0.55
48,29,166,11,5.85,0.5318181818181817
48,29,167,6,3.17,0.5283333333333333
48,29,168,16,8.37,0.523125
48,29,169,9,4.61,0.5122222222222222
48,29,170,19,9.73,0.5121052631578947
48,29,171,17,8.66,0.5094117647058823
48,29,172,16,7.91,0.494375
48,29,173,8,3.84,0.48
48,29,174,1,0.48,0.48
48,29,175,12,5.75,0.4791666666666667
48,29,176,13,6.08,0.4676923076923077
48,29,177,9,4.04,0.4488888888888889
48,29,178,7,2.88,0.4114285714285714
48,29,179,15,6.11,0.4073333333333334
48,29,180,6,2.38,0.39666666666666667
48,29,181,7,2.71,0.3871428571428571
48,29,182,19,7.2,0.37894736842105264
48,29,183,13,4.74,0.3646153846153846
48,29,184,19,6.67,0.35105263157894734
48,29,185,14,4.89,0.34928571428571425
48,29,186,13,4.5,0.34615384615384615
48,29,187,19,6.55,0.3447368421052632
48,29,188,7,2.29,0.3271428571428571
48,29,189,1,0.28,0.28
48,29,190,7,1.86,0.26571428571428574
48,29,191,3,0.65,0.21666666666666667
48,29,192,17,3.59,0.2111764705882353
48,29,193,4,0.76,0.19
48,29,194,17,3.2,0.18823529411764706
48,29,195,15,2.7,0.18000000000000002
48,29,196,6,1.05,0.17500000000000002
48,29,197,3,0.47,0.15666666666666665
48,29,198,8,1.19,0.14875
48,29,199,10,1.42,0.142
48,31,0,16,50.7,3.16875
48,31,1,19,59.89,3.1521052631578947
48,31,2,3,9.45,3.15
48,31,3,19,59.2,3.115789473684211
48,31,4,4,12.43,3.1075
48,31,5,11,33.91,3.0827272727272725
48,31,6,6,18.41,3.0683333333333334
48,31,7,19,57.6,3.031578947368421
48,31,8,17,51.26,3.0152941176470587
48,31,9,3,8.94,2.98
48,31,10,17,50.61,2.9770588235294118
48,31,11,12,35.48,2.9566666666666666
48,31,12,15,44.07,2.938
48,31,13,10,29.33,2.933
48,31,14,14,40.21,2.8721428571428573
48,31,15,5,14.22,2.8440000000000003
48,31,16,6,16.87,2.811666666666667
48,31,17,10,27.86,2.786
48,31,18,11,30.42,2.7654545454545456
48,31,19,20,55.12,2.756
48,31,20,13,35.39,2.7223076923076923
48,31,21,20,53.89,2.6945
48,31,22,20,53.47,2.6734999999999998
48,31,23,16,42.76,2.6725
48,31,24,14,36.72,2.6228571428571428
48,31,25,13,33.96,2.6123076923076924
48,31,26,4,10.43,2.6075
48,31,27,20,51.97,2.5985
48,31,28,20,51.13,2.5565
48,31,29,13,33.18,2.5523076923076924
48,31,30,12,30.54,2.545
48,31,31,17,43.21,2.541764705882353
48,31,32,1,2.54,2.54
48,31,33,11,27.56,2.5054545454545454
48,31,34,12,29.89,2.4908333333333332
48,31,35,16,39.84,2.49
48,31,36,3,7.47,2.4899999999999998
48,31,37,20,49.78,2.489
48,31,38,16,39.41,2.463125
48,31,39,12,29.16,2.43
48,31,40,9,21.83,2.4255555555555555
48,31,41,1,2.41,2.41
48,31,42,19,45.71,2.4057894736842105
48,31,43,20,47.93,2.3965
48,31,44,16,37.98,2.37375
48,31,45,2,4.74,2.37
48,31,46,13,30.55,2.35
48,31,47,14,32.33,2.309285714285714
48,31,48,13,30.01,2.308461538461539
48,31,49,3,6.84,2.28
48,31,50,4,9.12,2.28
48,31,51,5,11.31,2.262
48,31,52,1,2.25,2.25
48,31,53,8,17.8,2.225
48,31,54,3,6.66,2.22
48,31,55,12,26.54,2.2116666666666664
48,31,56,2,4.42,2.21
48,31,57,14,30.77,2.197857142857143
48,31,58,1,2.19,2.19
48,31,59,2,4.38,2.19
48,31,60,16,34.89,2.180625
48,31,61,6,13.03,2.1716666666666664
48,31,62,4,8.61,2.1525
48,31,63,16,34.12,2.1325
48,31,64,1,2.08,2.08
48,31,65,14,28.99,2.0707142857142857
48,31,66,12,24.78,2.065
48,31,67,19,39.12,2.0589473684210526
48,31,68,2,4.1,2.05
48,31,69,5,10.21,2.0420000000000003
48,31,70,4,8.14,2.035
48,31,71,9,18.07,2.0077777777777777
48,31,72,9,17.9,1.9888888888888887
48,31,73,7,13.92,1.9885714285714287
48,31,74,9,17.83,1.9811111111111108
48,31,75,6,11.82,1.97
48,31,76,5,9.85,1.97
48,31,77,3,5.9,1.9666666666666668
48,31,78,15,29.42,1.9613333333333334
48,31,79,4,7.77,1.9425
48,31,80,13,25.16,1.9353846153846155
48,31,81,13,25.05,1.926923076923077
48,31,82,5,9.61,1.922
48,31,83,3,5.75,1.9166666666666667
48,31,84,4,7.65,1.9125
48,31,85,5,9.48,1.8960000000000001
48,31,86,4,7.58,1.895
48,31,87,7,13.19,1.8842857142857141
48,31,88,19,35.05,1.844736842105263
48,31,89,8,14.72,1.84
48,31,90,9,16.43,1.8255555555555556
48,31,91,8,14.39,1.79875
48,31,92,15,26.84,1.7893333333333332
48,31,93,20,35.3,1.765
48,31,94,16,28.18,1.76125
48,31,95,17,29.84,1.755294117647059
48,31,96,13,22.73,1.7484615384615385
48,31,97,16,27.82,1.73875
48,31,98,2,3.47,1.735
48,31,99,19,32.42,1.7063157894736842
48,31,100,6,10.18,1.6966666666666665
48,31,101,6,10.17,1.695
48,31,102,14,22.72,1.6228571428571428
48,31,103,13,20.91,1.6084615384615384
48,31,104,6,9.64,1.6066666666666667
48,31,105,14,22.34,1.5957142857142856
48,31,106,15,23.61,1.574
48,31,107,3,4.68,1.5599999999999998
48,31,108,14,21.66,1.5471428571428572
48,31,109,7,10.53,1.5042857142857142
48,31,110,7,10.4,1.4857142857142858
48,31,111,14,20.8,1.4857142857142858
48,31,112,19,27.77,1.461578947368421
48,31,113,17,24.8,1.4588235294117649
48,31,114,1,1.45,1.45
48,31,115,1,1.44,1.44
48,31,116,7,9.85,1.407142857142857
48,31,117,5,6.99,1.3980000000000001
48,31,118,15,20.91,1.394
48,31,119,6,8.35,1.3916666666666666
48,31,120,11,15.21,1.3827272727272728
48,31,121,3,4.14,1.38
48,31,122,1,1.33,1.33
48,31,123,7,9.22,1.3171428571428572
48,31,124,12,15.72,1.31
48,31,125,4,5.04,1.26
48,31,126,12,14.99,1.2491666666666668
48,31,127,10,12.29,1.2289999999999999
48,31,128,19,23.11,1.2163157894736842
48,31,129,6,7.29,1.215
48,31,130,19,22.61,1.19
48,31,131,12,14.17,1.1808333333333334
48,31,132,20,23.43,1.1715
48,31,133,7,8.03,1.147142857142857
48,31,134,6,6.82,1.1366666666666667
48,31,135,12,13.09,1.0908333333333333
48,31,136,19,20.59,1.0836842105263158
48,31,137,18,19.36,1.0755555555555556
48,31,138,16,16.95,1.059375
48,31,139,10,10.53,1.053
48,31,140,4,4.19,1.0475
48,31,141,1,1.03,1.03
48,31,142,19,19.48,1.0252631578947369
48,31,143,14,14.34,1.0242857142857142
48,31,144,9,8.82,0.98
48,31,145,2,1.91,0.955
48,31,146,12,11.39,0.9491666666666667
48,31,147,16,14.9,0.93125
48,31,148,7,6.45,0.9214285714285715
48,31,149,5,4.59,0.9179999999999999
48,31,150,2,1.82,0.91
48,31,151,6,5.37,0.895
48,31,152,10,8.79,0.8789999999999999
48,31,153,4,3.51,0.8775
48,31,154,13,11.08,0.8523076923076923
48,31,155,1,0.83,0.83
48,31,156,18,13.94,0.7744444444444444
48,31,157,8,6.15,0.76875
48,31,158,19,14.46,0.7610526315789474
48,31,159,9,6.46,0.7177777777777777
48,31,160,11,7.67,0.6972727272727273
48,31,161,19,12.53,0.6594736842105263
48,31,162,9,5.93,0.6588888888888889
48,31,163,14,9.06,0.6471428571428571
48,31,164,13,7.89,0.6069230769230769
48,31,165,18,10.84,0.6022222222222222
48,31,166,3,1.8,0.6
48,31,167,20,11.71,0.5855
48,31,168,9,5.13,0.57
48,31,169,6,3.37,0.5616666666666666
48,31,170,15,8.11,0.5406666666666666
48,31,171,6,3.1,0.5166666666666667
48,31,172,12,5.85,0.4875
48,31,173,11,4.66,0.42363636363636364
48,31,174,3,1.25,0.4166666666666667
48,31,175,4,1.65,0.4125
48,31,176,19,7.62,0.4010526315789474
48,31,177,10,3.96,0.396
48,31,178,18,7.03,0.39055555555555554
48,31,179,8,3.09,0.38625
48,31,180,1,0.37,0.37
48,31,181,10,3.62,0.362
48,31,182,4,1.44,0.36
48,31,183,17,5.66,0.33294117647058824
48,31,184,18,5.85,0.32499999999999996
48,31,185,20,6.03,0.3015
48,31,186,19,5.35,0.28157894736842104
48,31,187,15,4.19,0.2793333333333334
48,31,188,8,1.77,0.22125
48,31,189,13,2.67,0.2053846153846154
48,31,190,18,3.68,0.20444444444444446
48,31,191,19,3.78,0.19894736842105262
48,31,192,16,2.8,0.175
48,31,193,12,2.05,0.1708333333333333
48,31,194,6,0.97,0.16166666666666665
48,31,195,14,2.1,0.15
48,31,196,2,0.29,0.145
48,31,197,7,1.0,0.14285714285714285
48,31,198,9,1.25,0.1388888888888889
48,31,199,15,2.07,0.13799999999999998
48,47,0,16,75.67,4.729375
48,47,1,10,46.99,4.699
48,47,2,1,4.69,4.69
48,47,3,6,28.06,4.676666666666667
48,47,4,1,4.66,4.66
48,47,5,12,55.87,4.655833333333333
48,47,6,13,60.43,4.648461538461539
48,47,7,13,60.35,4.642307692307693
48,47,8,18,83.3,4.627777777777777
48,47,9,11,50.5,4.590909090909091
48,47,10,1,4.59,4.59
48,47,11,5,22.91,4.582
48,47,12,10,45.44,4.544
48,47,13,13,58.29,4.483846153846153
48,47,14,16,71.02,4.43875
48,47,15,16,70.96,4.435
48,47,16,5,22.1,4.42
48,47,17,17,74.95,4.408823529411765
48,47,18,20,88.15,4.407500000000001
48,47,19,4,17.59,4.3975
48,47,20,4,17.56,4.39
48,47,21,2,8.64,4.32
48,47,22,3,12.92,4.306666666666667
48,47,23,6,25.79,4.298333333333333
48,47,24,5,21.49,4.298
48,47,25,18,76.49,4.249444444444444
48,47,26,14,59.09,4.220714285714286
48,47,27,14,58.64,4.188571428571429
48,47,28,15,62.45,4.163333333333333
48,47,29,18,74.48,4.137777777777778
48,47,30,8,32.52,4.065
48,47,31,1,3.99,3.99
48,47,32,17,67.74,3.984705882352941
48,47,33,10,39.06,3.906
48,47,34,7,27.28,3.8971428571428572
48,47,35,10,38.8,3.88
48,47,36,2,7.73,3.865
48,47,37,16,61.79,3.861875
48,47,38,11,42.47,3.860909090909091
48,47,39,2,7.67,3.835
48,47,40,12,45.95,3.829166666666667
48,47,41,12,45.91,3.825833333333333
48,47,42,11,41.97,3.8154545454545454
48,47,43,2,7.58,3.79
48,47,44,1,3.74,3.74
48,47,45,11,41.04,3.730909090909091
48,47,46,5,18.63,3.726
48,47,47,9,33.2,3.688888888888889
48,47,48,19,70.05,3.6868421052631577
48,47,49,16,58.89,3.680625
48,47,50,1,3.68,3.68
48,47,51,16,58.71,3.669375
48,47,52,4,14.65,3.6625
48,47,53,3,10.97,3.6566666666666667
48,47,54,16,58.46,3.65375
48,47,55,14,51.0,3.642857142857143
48,47,56,9,32.52,3.6133333333333337
48,47,57,1,3.57,3.57
48,47,58,18,64.03,3.5572222222222223
48,47,59,3,10.37,3.4566666666666666
48,47,60,2,6.9,3.45
48,47,61,3,10.19,3.3966666666666665
48,47,62,13,43.41,3.339230769230769
48,47,63,14,46.2,3.3000000000000003
48,47,64,13,42.83,3.2946153846153843
48,47,65,18,59.2,3.288888888888889
48,47,66,1,3.28,3.28
48,47,67,16,51.95,3.246875
48,47,68,6,19.3,3.216666666666667
48,47,69,14,44.7,3.192857142857143
48,47,70,13,40.93,3.1484615384615386
48,47,71,13,40.83,3.1407692307692305
48,47,72,13,40.74,3.133846153846154
48,47,73,11,34.47,3.1336363636363633
48,47,74,5,15.25,3.05
48,47,75,2,6.01,3.005
48,47,76,7,20.91,2.987142857142857
48,47,77,12,35.64,2.97
48,47,78,4,11.74,2.935
48,47,79,15,43.38,2.8920000000000003
48,47,80,17,49.09,2.8876470588235295
48,47,81,17,48.67,2.8629411764705885
48,47,82,10,28.47,2.847
48,47,83,7,19.83,2.8328571428571427
48,47,84,13,36.62,2.816923076923077
48,47,85,13,36.52,2.8092307692307696
48,47,86,1,2.79,2.79
48,47,87,17,46.99,2.7641176470588236
48,47,88,5,13.78,2.756
48,47,89,5,13.62,2.7239999999999998
48,47,90,12,32.22,2.685
48,47,91,5,13.36,2.6719999999999997
48,47,92,4,10.4,2.6
48,47,93,7,17.77,2.5385714285714287
48,47,94,16,40.41,2.525625
48,47,95,1,2.52,2.52
48,47,96,7,17.63,2.5185714285714282
48,47,97,16,39.7,2.48125
48,47,98,5,12.26,2.452
48,47,99,17,41.49,2.440588235294118
48,47,100,18,43.93,2.4405555555555556
48,47,101,16,38.93,2.433125
48,47,102,16,38.36,2.3975
48,47,103,10,23.74,2.3739999999999997
48,47,104,15,35.07,2.338
48,47,105,11,25.38,2.307272727272727
48,47,106,7,15.68,2.2399999999999998
48,47,107,19,42.21,2.221578947368421
48,47,108,4,8.85,2.2125
48,47,109,13,28.71,2.2084615384615387
48,47,110,6,13.2,2.1999999999999997
48,47,111,3,6.56,2.1866666666666665
48,47,112,13,28.12,2.163076923076923
48,47,113,8,17.13,2.14125
48,47,114,16,33.82,2.11375
48,47,115,15,31.43,2.0953333333333335
48,47,116,18,37.37,2.076111111111111
48,47,117,16,33.02,2.06375
48,47,118,16,31.63,1.976875
48,47,119,18,33.35,1.8527777777777779
48,47,120,15,27.69,1.846
48,47,121,17,31.04,1.8258823529411765
48,47,122,15,26.28,1.752
48,47,123,4,6.95,1.7375
48,47,124,5,8.48,1.6960000000000002
48,47,125,11,18.45,1.6772727272727272
48,47,126,3,4.9,1.6333333333333335
48,47,127,11,17.95,1.6318181818181818
48,47,128,8,12.88,1.61
48,47,129,16,25.65,1.603125
48,47,130,5,7.92,1.584
48,47,131,14,22.13,1.5807142857142857
48,47,132,9,13.94,1.5488888888888888
48,47,133,11,16.98,1.5436363636363637
48,47,134,5,7.63,1.526
48,47,135,18,27.46,1.5255555555555556
48,47,136,19,28.9,1.5210526315789472
48,47,137,13,19.69,1.5146153846153847
48,47,138,19,28.7,1.5105263157894737
48,47,139,7,10.3,1.4714285714285715
48,47,140,12,17.52,1.46
48,47,141,3,4.36,1.4533333333333334
48,47,142,18,25.27,1.403888888888889
48,47,143,6,8.38,1.3966666666666667
48,47,144,20,27.73,1.3865
48,47,145,10,13.81,1.381
48,47,146,11,15.07,1.37
48,47,147,20,27.39,1.3695
48,47,148,5,6.83,1.366
48,47,149,19,25.61,1.3478947368421053
48,47,150,1,1.34,1.34
48,47,151,2,2.61,1.305
48,47,152,7,8.93,1.2757142857142856
48,47,153,3,3.8,1.2666666666666666
48,47,154,8,10.01,1.25125
48,47,155,17,20.92,1.2305882352941178
48,47,156,4,4.63,1.1575
48,47,157,7,8.04,1.1485714285714284
48,47,158,9,10.19,1.1322222222222222
48,47,159,15,16.43,1.0953333333333333
48,47,160,6,6.5,1.0833333333333333
48,47,161,15,16.2,1.0799999999999998
48,47,162,5,5.24,1.048
48,47,163,16,16.69,1.043125
48,47,164,20,20.47,1.0234999999999999
48,47,165,5,5.03,1.006
48,47,166,3,2.92,0.9733333333333333
48,47,167,15,14.48,0.9653333333333334
48,47,168,17,16.33,0.9605882352941175
48,47,169,15,14.4,0.9600000000000001
48,47,170,10,9.29,0.9289999999999999
48,47,171,8,7.37,0.92125
48,47,172,2,1.82,0.91
48,47,173,8,7.0,0.875
48,47,174,17,14.7,0.8647058823529411
48,47,175,13,11.19,0.8607692307692307
48,47,176,7,5.75,0.8214285714285714
48,47,177,19,15.18,0.7989473684210526
48,47,178,10,7.98,0.798
48,47,179,5,3.83,0.766
48,47,180,16,11.61,0.725625
48,47,181,9,6.37,0.7077777777777778
48,47,182,5,3.49,0.6980000000000001
48,47,183,8,5.58,0.6975
48,47,184,15,10.19,0.6793333333333333
48,47,185,4,2.6,0.65
48,47,186,5,3.08,0.616
48,47,187,12,6.67,0.5558333333333333
48,47,188,6,3.27,0.545
48,47,189,15,6.81,0.45399999999999996
48,47,190,12,5.33,0.44416666666666665
48,47,191,18,7.85,0.4361111111111111
48,47,192,9,3.76,0.41777777777777775
48,47,193,6,2.39,0.3983333333333334
48,47,194,19,6.88,0.3621052631578947
48,47,195,1,0.35,0.35
48,47,196,1,0.34,0.34
48,47,197,11,2.95,0.2681818181818182
48,47,198,19,5.03,0.26473684210526316
48,47,199,12,2.46,0.205
48,90,0,5,24.85,4.970000000000001
48,90,1,18,89.21,4.9561111111111105
48,90,2,4,19.8,4.95
48,90,3,16,78.3,4.89375
48,90,4,1,4.84,4.84
48,90,5,17,81.92,4.818823529411765
48,90,6,11,52.44,4.767272727272727
48,90,7,4,19.0,4.75
48,90,8,17,80.47,4.733529411764706
48,90,9,15,70.94,4.729333333333333
48,90,10,1,4.69,4.69
48,90,11,11,51.53,4.684545454545455
48,90,12,1,4.65,4.65
48,90,13,10,46.45,4.6450000000000005
48,90,14,17,78.64,4.625882352941177
48,90,15,17,78.45,4.614705882352942
48,90,16,12,55.1,4.591666666666667
48,90,17,6,27.52,4.586666666666667
48,90,18,8,36.48,4.56
48,90,19,18,81.9,4.550000000000001
48,90,20,6,27.3,4.55
48,90,21,14,63.15,4.510714285714285
48,90,22,2,9.01,4.505
48,90,23,9,40.24,4.471111111111111
48,90,24,7,31.28,4.468571428571429
48,90,25,13,58.06,4.466153846153846
48,90,26,9,39.82,4.424444444444444
48,90,27,1,4.31,4.31
48,90,28,7,30.01,4.287142857142857
48,90,29,11,46.12,4.192727272727272
48,90,30,2,8.28,4.14
48,90,31,8,33.05,4.13125
48,90,32,9,37.17,4.13
48,90,33,7,28.84,4.12
48,90,34,12,49.33,4.110833333333333
48,90,35,8,32.73,4.09125
48,90,36,6,24.5,4.083333333333333
48,90,37,12,48.93,4.0775
48,90,38,17,69.17,4.068823529411765
48,90,39,8,32.41,4.05125
48,90,40,15,60.59,4.039333333333333
48,90,41,6,24.16,4.026666666666666
48,90,42,8,32.21,4.02625
48,90,43,10,40.26,4.026
48,90,44,19,76.43,4.022631578947369
48,90,45,8,32.14,4.0175
48,90,46,9,36.05,4.0055555555555555
48,90,47,2,8.01,4.005
48,90,48,8,31.64,3.955
48,90,49,4,15.64,3.91
48,90,50,17,66.09,3.8876470588235295
48,90,51,17,66.03,3.8841176470588237
48,90,52,14,54.1,3.8642857142857143
48,90,53,8,30.85,3.85625
48,90,54,18,69.32,3.851111111111111
48,90,55,8,30.65,3.83125
48,90,56,13,49.58,3.813846153846154
48,90,57,20,76.21,3.8104999999999998
48,90,58,17,63.62,3.7423529411764704
48,90,59,4,14.91,3.7275
48,90,60,12,44.38,3.6983333333333337
48,90,61,9,33.25,3.6944444444444446
48,90,62,15,54.54,3.636
48,90,63,1,3.6,3.6
48,90,64,3,10.6,3.533333333333333
48,90,65,18,63.12,3.5066666666666664
48,90,66,15,52.42,3.494666666666667
48,90,67,1,3.48,3.48
48,90,68,8,27.78,3.4725
48,90,69,12,40.8,3.4
48,90,70,10,33.95,3.3950000000000005
48,90,71,18,61.07,3.392777777777778
48,90,72,1,3.38,3.38
48,90,73,13,43.69,3.3607692307692307
48,90,74,2,6.67,3.335
48,90,75,15,49.98,3.332
48,90,76,2,6.64,3.32
48,90,77,20,65.25,3.2625
48,90,78,8,26.05,3.25625
48,90,79,15,48.81,3.254
48,90,80,3,9.72,3.24
48,90,81,14,42.95,3.067857142857143
48,90,82,6,18.38,3.063333333333333
48,90,83,2,6.11,3.055
48,90,84,1,2.94,2.94
48,90,85,3,8.81,2.936666666666667
48,90,86,15,43.77,2.918
48,90,87,11,31.39,2.8536363636363635
48,90,88,11,31.21,2.8372727272727274
48,90,89,9,25.4,2.822222222222222
48,90,90,10,28.15,2.815
48,90,91,2,5.45,2.725
48,90,92,6,15.8,2.6333333333333333
48,90,93,5,13.01,2.602
48,90,94,5,12.93,2.586
48,90,95,11,28.14,2.558181818181818
48,90,96,19,48.44,2.5494736842105263
48,90,97,17,42.85,2.5205882352941176
48,90,98,18,45.33,2.518333333333333
48,90,99,19,47.62,2.506315789473684
48,90,100,6,14.86,2.4766666666666666
48,90,101,2,4.86,2.43
48,90,102,11,26.51,2.41
48,90,103,17,40.94,2.408235294117647
48,90,104,17,40.43,2.3782352941176472
48,90,105,6,13.88,2.3133333333333335
48,90,106,5,11.54,2.308
48,90,107,17,39.01,2.294705882352941
48,90,108,12,27.44,2.2866666666666666
48,90,109,5,11.17,2.234
48,90,110,19,42.42,2.2326315789473683
48,90,111,18,39.81,2.211666666666667
48,90,112,4,8.84,2.21
48,90,113,13,27.91,2.146923076923077
48,90,114,14,29.96,2.14
48,90,115,9,19.02,2.1133333333333333
48,90,116,10,20.83,2.0829999999999997
48,90,117,18,37.1,2.0611111111111113
48,90,118,8,16.22,2.0275
48,90,119,15,29.74,1.9826666666666666
48,90,120,10,19.71,1.971
48,90,121,15,29.43,1.962
48,90,122,11,21.58,1.9618181818181817
48,90,123,16,31.28,1.955
48,90,124,13,25.37,1.9515384615384617
48,90,125,1,1.95,1.95
48,90,126,17,32.91,1.9358823529411762
48,90,127,17,32.76,1.9270588235294117
48,90,128,20,37.78,1.889
48,90,129,9,16.95,1.8833333333333333
48,90,130,7,13.14,1.8771428571428572
48,90,131,10,18.23,1.823
48,90,132,18,32.29,1.7938888888888889
48,90,133,3,5.22,1.74
48,90,134,6,10.23,1.705
48,90,135,19,32.31,1.7005263157894739
48,90,136,7,11.81,1.6871428571428573
48,90,137,10,16.59,1.659
48,90,138,11,17.76,1.6145454545454547
48,90,139,18,28.94,1.6077777777777778
48,90,140,17,26.77,1.5747058823529412
48,90,141,17,26.4,1.552941176470588
48,90,142,18,27.95,1.5527777777777778
48,90,143,3,4.64,1.5466666666666666
48,90,144,4,6.18,1.545
48,90,145,7,10.57,1.51
48,90,146,20,30.1,1.5050000000000001
48,90,147,20,29.81,1.4905
48,90,148,4,5.79,1.4475
48,90,149,9,13.0,1.4444444444444444
48,90,150,16,23.1,1.44375
48,90,151,3,4.31,1.4366666666666665
48,90,152,13,17.95,1.3807692307692307
48,90,153,5,6.83,1.366
48,90,154,18,24.47,1.3594444444444445
48,90,155,5,6.74,1.348
48,90,156,2,2.68,1.34
48,90,157,20,26.77,1.3385
48,90,158,17,21.21,1.2476470588235296
48,90,159,10,12.26,1.226
48,90,160,2,2.4,1.2
48,90,161,16,19.06,1.19125
48,90,162,2,2.36,1.18
48,90,163,11,12.84,1.1672727272727272
48,90,164,13,14.83,1.1407692307692308
48,90,165,14,15.39,1.0992857142857144
48,90,166,11,11.93,1.0845454545454545
48,90,167,2,2.16,1.08
48,90,168,16,17.16,1.0725
48,90,169,3,3.07,1.0233333333333332
48,90,170,14,14.3,1.0214285714285716
48,90,171,9,9.02,1.0022222222222221
48,90,172,4,3.91,0.9775
48,90,173,5,4.49,0.898
48,90,174,10,8.83,0.883
48,90,175,16,14.04,0.8775
48,90,176,11,9.45,0.859090909090909
48,90,177,7,5.77,0.8242857142857142
48,90,178,9,7.17,0.7966666666666666
48,90,179,19,13.62,0.7168421052631578
48,90,180,2,1.36,0.68
48,90,181,12,7.47,0.6224999999999999
48,90,182,4,2.47,0.6175
48,90,183,10,5.95,0.595
48,90,184,3,1.7,0.5666666666666667
48,90,185,16,8.64,0.54
48,90,186,12,6.33,0.5275
48,90,187,3,1.53,0.51
48,90,188,3,1.51,0.5033333333333333
48,90,189,13,6.33,0.4869230769230769
48,90,190,18,8.69,0.48277777777777775
48,90,191,18,7.77,0.43166666666666664
48,90,192,11,4.68,0.4254545454545454
48,90,193,16,5.67,0.354375
48,90,194,4,1.41,0.3525
48,90,195,9,2.55,0.2833333333333333
48,90,196,2,0.5,0.25
48,90,197,4,0.89,0.2225
48,90,198,17,3.6,0.21176470588235294
48,90,199,4,0.82,0.205
90,5,0,9,33.42,3.7133333333333334
90,5,1,2,7.37,3.685
90,5,2,11,40.5,3.6818181818181817
90,5,3,11,40.48,3.6799999999999997
90,5,4,20,73.41,3.6704999999999997
90,5,5,9,33.01,3.6677777777777774
90,5,6,17,61.78,3.6341176470588237
90,5,7,17,61.34,3.608235294117647
90,5,8,8,28.67,3.58375
90,5,9,3,10.74,3.58
90,5,10,16,56.89,3.555625
90,5,11,9,31.99,3.554444444444444
90,5,12,13,46.06,3.5430769230769235
90,5,13,13,45.85,3.526923076923077
90,5,14,15,52.45,3.496666666666667
90,5,15,20,69.28,3.464
90,5,16,2,6.91,3.455
90,5,17,17,58.7,3.4529411764705884
90,5,18,14,48.17,3.440714285714286
90,5,19,9,30.86,3.428888888888889
90,5,20,8,27.43,3.42875
90,5,21,8,27.43,3.42875
90,5,22,5,17.09,3.418
90,5,23,18,61.36,3.408888888888889
90,5,24,6,20.41,3.401666666666667
90,5,25,17,57.76,3.3976470588235292
90,5,26,5,16.95,3.3899999999999997
90,5,27,6,19.84,3.3066666666666666
90,5,28,16,52.62,3.28875
90,5,29,12,39.16,3.263333333333333
90,5,30,11,35.74,3.2490909090909095
90,5,31,7,22.5,3.2142857142857144
90,5,32,9,28.74,3.1933333333333334
90,5,33,2,6.38,3.19
90,5,34,14,44.58,3.184285714285714
90,5,35,15,47.49,3.166
90,5,36,13,40.74,3.133846153846154
90,5,37,19,59.54,3.1336842105263156
90,5,38,13,40.1,3.0846153846153848
90,5,39,7,21.58,3.0828571428571427
90,5,40,16,48.71,3.044375
90,5,41,8,23.96,2.995
90,5,42,20,59.61,2.9805
90,5,43,10,29.62,2.962
90,5,44,11,32.29,2.9354545454545455
90,5,45,19,55.75,2.9342105263157894
90,5,46,5,14.67,2.934
90,5,47,18,52.46,2.9144444444444444
90,5,48,9,26.17,2.907777777777778
90,5,49,19,54.81,2.8847368421052635
90,5,50,13,37.29,2.8684615384615384
90,5,51,19,54.23,2.8542105263157893
90,5,52,5,14.21,2.842
90,5,53,19,53.86,2.834736842105263
90,5,54,1,2.83,2.83
90,5,55,8,22.24,2.78
90,5,56,9,24.78,2.7533333333333334
90,5,57,5,13.68,2.7359999999999998
90,5,58,13,35.28,2.713846153846154
90,5,59,18,48.68,2.7044444444444444
90,5,60,5,13.49,2.698
90,5,61,17,45.69,2.6876470588235293
90,5,62,15,39.9,2.6599999999999997
90,5,63,14,37.19,2.656428571428571
90,5,64,4,10.62,2.655
90,5,65,3,7.92,2.64
90,5,66,8,20.88,2.61
90,5,67,11,28.58,2.598181818181818
90,5,68,5,12.88,2.576
90,5,69,3,7.72,2.5733333333333333
90,5,70,9,23.05,2.5611111111111113
90,5,71,15,38.41,2.5606666666666666
90,5,72,20,51.07,2.5535
90,5,73,2,4.99,2.495
90,5,74,20,49.82,2.491
90,5,75,11,27.32,2.483636363636364
90,5,76,16,39.65,2.478125
90,5,77,2,4.88,2.44
90,5,78,20,48.7,2.435
90,5,79,7,16.97,2.424285714285714
90,5,80,19,46.02,2.4221052631578948
90,5,81,19,45.95,2.418421052631579
90,5,82,15,35.76,2.384
90,5,83,5,11.92,2.384
90,5,84,1,2.34,2.34
90,5,85,1,2.33,2.33
90,5,86,13,30.23,2.3253846153846154
90,5,87,18,41.56,2.308888888888889
90,5,88,5,11.44,2.288
90,5,89,15,33.9,2.26
90,5,90,11,24.84,2.2581818181818183
90,5,91,6,13.5,2.25
90,5,92,17,38.04,2.2376470588235295
90,5,93,8,17.89,2.23625
90,5,94,13,28.87,2.220769230769231
90,5,95,6,13.21,2.2016666666666667
90,5,96,12,25.69,2.1408333333333336
90,5,97,19,40.64,2.1389473684210527
90,5,98,8,17.01,2.12625
90,5,99,18,37.77,2.0983333333333336
90,5,100,10,20.98,2.098
90,5,101,18,37.44,2.08
90,5,102,2,4.13,2.065
90,5,103,8,16.3,2.0375
90,5,104,2,3.99,1.995
90,5,105,9,17.44,1.9377777777777778
90,5,106,3,5.73,1.9100000000000001
90,5,107,14,26.71,1.907857142857143
90,5,108,7,13.16,1.8800000000000001
90,5,109,12,22.04,1.8366666666666667
90,5,110,9,16.51,1.8344444444444445
90,5,111,19,34.84,1.833684210526316
90,5,112,14,24.96,1.782857142857143
90,5,113,5,8.89,1.778
90,5,114,16,27.75,1.734375
90,5,115,1,1.72,1.72
90,5,116,16,27.41,1.713125
90,5,117,11,18.7,1.7
90,5,118,12,20.32,1.6933333333333334
90,5,119,19,32.09,1.6889473684210528
90,5,120,18,29.7,1.65
90,5,121,3,4.92,1.64
90,5,122,10,16.31,1.6309999999999998
90,5,123,17,27.59,1.6229411764705883
90,5,124,17,27.31,1.606470588235294
90,5,125,7,11.14,1.5914285714285714
90,5,126,15,23.52,1.568
90,5,127,10,15.51,1.551
90,5,128,2,3.1,1.55
90,5,129,14,21.07,1.5050000000000001
90,5,130,4,5.94,1.485
90,5,131,4,5.92,1.48
90,5,132,18,26.5,1.4722222222222223
90,5,133,8,11.66,1.4575
90,5,134,14,20.06,1.4328571428571428
90,5,135,5,7.06,1.412
90,5,136,18,24.93,1.385
90,5,137,16,21.54,1.34625
90,5,138,14,18.83,1.345
90,5,139,7,8.91,1.272857142857143
90,5,140,4,5.0,1.25
90,5,141,19,23.74,1.2494736842105263
90,5,142,18,21.88,1.2155555555555555
90,5,143,11,13.23,1.2027272727272729
90,5,144,19,22.64,1.191578947368421
90,5,145,20,23.37,1.1685
90,5,146,12,13.84,1.1533333333333333
90,5,147,14,16.14,1.1528571428571428
90,5,148,17,19.3,1.1352941176470588
90,5,149,20,21.76,1.088
90,5,150,1,1.06,1.06
90,5,151,5,5.03,1.006
90,5,152,1,0.97,0.97
90,5,153,1,0.95,0.95
90,5,154,5,4.73,0.9460000000000001
90,5,155,4,3.76,0.94
90,5,156,3,2.79,0.93
90,5,157,20,18.37,0.9185000000000001
90,5,158,2,1.81,0.905
90,5,159,16,14.05,0.878125
90,5,160,5,4.37,0.874
90,5,161,6,5.09,0.8483333333333333
90,5,162,13,11.02,0.8476923076923076
90,5,163,8,6.72,0.84
90,5,164,14,11.74,0.8385714285714286
90,5,165,6,4.9,0.8166666666666668
90,5,166,15,12.01,0.8006666666666666
90,5,167,8,6.34,0.7925
90,5,168,14,9.83,0.7021428571428572
90,5,169,17,11.85,0.6970588235294117
90,5,170,13,9.02,0.6938461538461538
90,5,171,3,2.0,0.6666666666666666
90,5,172,7,4.41,0.63
90,5,173,5,3.0,0.6
90,5,174,3,1.8,0.6
90,5,175,16,9.48,0.5925
90,5,176,8,4.6,0.575
90,5,177,6,3.37,0.5616666666666666
90,5,178,2,1.09,0.545
90,5,179,12,6.12,0.51
90,5,180,2,1.01,0.505
90,5,181,7,3.45,0.4928571428571429
90,5,182,4,1.93,0.4825
90,5,183,7,3.37,0.48142857142857143
90,5,184,3,1.41,0.47
90,5,185,16,7.42,0.46375
90,5,186,19,8.4,0.4421052631578948
90,5,187,20,8.26,0.413
90,5,188,14,5.23,0.3735714285714286
90,5,189,14,4.73,0.3378571428571429
90,5,190,4,1.35,0.3375
90,5,191,5,1.56,0.312
90,5,192,5,1.55,0.31
90,5,193,7,2.07,0.2957142857142857
90,5,194,11,2.97,0.27
90,5,195,10,2.55,0.255
90,5,196,4,1.01,0.2525
90,5,197,16,3.46,0.21625
90,5,198,3,0.58,0.19333333333333333
90,5,199,20,3.63,0.1815
90,10,0,19,127.3,6.7
90,10,1,15,99.05,6.6033333333333335
90,10,2,9,58.69,6.521111111111111
90,10,3,6,38.92,6.486666666666667
90,10,4,20,127.36,6.368
90,10,5,9,56.96,6.328888888888889
90,10,6,12,75.38,6.281666666666666
90,10,7,1,6.28,6.28
90,10,8,9,56.43,6.27
90,10,9,5,31.34,6.268
90,10,10,2,12.53,6.265
90,10,11,12,75.05,6.254166666666666
90,10,12,1,6.25,6.25
90,10,13,5,30.97,6.194
90,10,14,12,74.3,6.191666666666666
90,10,15,13,80.29,6.176153846153847
90,10,16,14,86.0,6.142857142857143
90,10,17,4,24.16,6.04
90,10,18,10,59.8,5.9799999999999995
90,10,19,14,82.06,5.861428571428571
90,10,20,16,92.87,5.804375
90,10,21,15,87.02,5.801333333333333
90,10,22,16,92.55,5.784375
90,10,23,1,5.75,5.75
90,10,24,11,63.17,5.742727272727273
90,10,25,4,22.76,5.69
90,10,26,9,50.84,5.648888888888889
90,10,27,13,73.1,5.623076923076923
90,10,28,7,39.27,5.61
90,10,29,14,78.51,5.607857142857143
90,10,30,14,78.28,5.591428571428572
90,10,31,15,83.6,5.573333333333333
90,10,32,8,44.53,5.56625
90,10,33,19,104.82,5.516842105263158
90,10,34,3,16.53,5.510000000000001
90,10,35,4,21.79,5.4475
90,10,36,20,108.82,5.441
90,10,37,17,91.3,5.370588235294117
90,10,38,8,42.86,5.3575
90,10,39,20,106.89,5.3445
90,10,40,14,74.41,5.3149999999999995
90,10,41,15,79.18,5.278666666666667
90,10,42,7,36.42,5.202857142857143
90,10,43,5,25.97,5.194
90,10,44,7,36.11,5.158571428571428
90,10,45,2,10.31,5.155
90,10,46,19,97.4,5.126315789473685
90,10,47,5,24.99,4.997999999999999
90,10,48,3,14.97,4.99
90,10,49,4,19.84,4.96
90,10,50,13,63.96,4.92
90,10,51,7,34.32,4.902857142857143
90,10,52,18,87.7,4.872222222222223
90,10,53,2,9.56,4.78
90,10,54,9,42.96,4.773333333333333
90,10,55,14,65.61,4.686428571428571
90,10,56,12,55.96,4.663333333333333
90,10,57,6,27.7,4.616666666666666
90,10,58,18,82.82,4.601111111111111
90,10,59,2,9.1,4.55
90,10,60,2,9.01,4.505
90,10,61,20,89.62,4.481
90,10,62,18,80.6,4.477777777777778
90,10,63,18,79.42,4.412222222222223
90,10,64,18,78.51,4.361666666666667
90,10,65,17,73.8,4.341176470588235
90,10,66,8,34.57,4.32125
90,10,67,20,84.26,4.213
90,10,68,19,77.52,4.08
90,10,69,3,12.14,4.046666666666667
90,10,70,7,28.21,4.03
90,10,71,5,20.13,4.026
90,10,72,4,16.0,4.0
90,10,73,20,79.85,3.9924999999999997
90,10,74,13,51.79,3.983846153846154
90,10,75,4,15.88,3.97
90,10,76,9,35.54,3.948888888888889
90,10,77,5,19.36,3.872
90,10,78,10,38.43,3.843
90,10,79,14,53.47,3.8192857142857144
90,10,80,6,22.81,3.8016666666666663
90,10,81,20,75.58,3.779
90,10,82,8,30.08,3.76
90,10,83,10,37.36,3.7359999999999998
90,10,84,4,14.94,3.735
90,10,85,18,67.16,3.731111111111111
90,10,86,20,74.55,3.7275
90,10,87,13,47.69,3.668461538461538
90,10,88,5,18.21,3.6420000000000003
90,10,89,18,63.0,3.5
90,10,90,14,48.11,3.4364285714285714
90,10,91,11,37.71,3.428181818181818
90,10,92,9,30.73,3.4144444444444444
90,10,93,8,27.27,3.40875
90,10,94,3,10.15,3.3833333333333333
90,10,95,9,30.06,3.34
90,10,96,15,49.12,3.2746666666666666
90,10,97,14,44.39,3.170714285714286
90,10,98,18,56.92,3.1622222222222223
90,10,99,8,24.9,3.1125
90,10,100,13,40.16,3.089230769230769
90,10,101,7,21.51,3.072857142857143
90,10,102,10,30.58,3.058
90,10,103,20,60.37,3.0185
90,10,104,16,46.6,2.9125
90,10,105,1,2.9,2.9
90,10,106,5,14.41,2.882
90,10,107,13,37.38,2.8753846153846156
90,10,108,12,33.85,2.8208333333333333
90,10,109,16,45.09,2.818125
90,10,110,9,24.79,2.7544444444444443
90,10,111,14,38.39,2.742142857142857
90,10,112,18,48.55,2.697222222222222
90,10,113,6,16.05,2.6750000000000003
90,10,114,1,2.62,2.62
90,10,115,4,10.35,2.5875
90,10,116,2,5.17,2.585
90,10,117,9,23.08,2.5644444444444443
90,10,118,1,2.5,2.5
90,10,119,19,46.21,2.432105263157895
90,10,120,5,12.13,2.426
90,10,121,13,31.49,2.422307692307692
90,10,122,14,33.42,2.3871428571428575
90,10,123,8,18.76,2.345
90,10,124,19,44.27,2.33
90,10,125,2,4.63,2.315
90,10,126,11,25.4,2.309090909090909
90,10,127,8,18.34,2.2925
90,10,128,17,38.01,2.2358823529411764
90,10,129,19,41.71,2.195263157894737
90,10,130,18,39.39,2.1883333333333335
90,10,131,18,39.14,2.1744444444444446
90,10,132,12,25.81,2.1508333333333334
90,10,133,8,17.07,2.13375
90,10,134,16,34.13,2.133125
90,10,135,14,29.7,2.1214285714285714
90,10,136,20,42.29,2.1145
90,10,137,10,20.83,2.0829999999999997
90,10,138,17,35.38,2.0811764705882356
90,10,139,18,35.82,1.99
90,10,140,3,5.86,1.9533333333333334
90,10,141,15,29.22,1.948
90,10,142,3,5.8,1.9333333333333333
90,10,143,18,34.4,1.911111111111111
90,10,144,6,11.24,1.8733333333333333
90,10,145,17,30.56,1.7976470588235294
90,10,146,18,31.9,1.7722222222222221
90,10,147,1,1.73,1.73
90,10,148,16,27.01,1.688125
90,10,149,8,13.13,1.64125
90,10,150,11,17.98,1.6345454545454545
90,10,151,20,31.39,1.5695000000000001
90,10,152,10,15.32,1.532
90,10,153,12,17.53,1.4608333333333334
90,10,154,10,13.77,1.377
90,10,155,16,21.95,1.371875
90,10,156,13,17.7,1.3615384615384616
90,10,157,19,25.7,1.3526315789473684
90,10,158,3,3.9,1.3
90,10,159,17,21.98,1.2929411764705883
90,10,160,17,21.5,1.2647058823529411
90,10,161,20,25.2,1.26
90,10,162,16,19.96,1.2475
90,10,163,19,23.67,1.2457894736842106
90,10,164,9,11.2,1.2444444444444445
90,10,165,20,24.65,1.2325
90,10,166,9,11.09,1.232222222222222
90,10,167,15,18.41,1.2273333333333334
90,10,168,9,11.01,1.2233333333333334
90,10,169,19,22.79,1.1994736842105262
90,10,170,1,1.18,1.18
90,10,171,12,14.09,1.1741666666666666
90,10,172,5,5.78,1.1560000000000001
90,10,173,2,2.3,1.15
90,10,174,1,1.13,1.13
90,10,175,16,17.11,1.069375
90,10,176,3,3.17,1.0566666666666666
90,10,177,2,1.99,0.995
90,10,178,18,17.79,0.9883333333333333
90,10,179,11,9.47,0.860909090909091
90,10,180,14,11.96,0.8542857142857143
90,10,181,3,2.55,0.85
90,10,182,14,11.75,0.8392857142857143
90,10,183,18,14.98,0.8322222222222222
90,10,184,19,14.7,0.7736842105263158
90,10,185,3,2.23,0.7433333333333333
90,10,186,12,8.22,0.685
90,10,187,6,4.05,0.6749999999999999
90,10,188,10,6.72,0.6719999999999999
90,10,189,7,4.56,0.6514285714285714
90,10,190,20,12.7,0.635
90,10,191,13,8.13,0.6253846153846154
90,10,192,16,9.7,0.60625
90,10,193,6,2.95,0.4916666666666667
90,10,194,12,5.89,0.4908333333333333
90,10,195,6,2.39,0.3983333333333334
90,10,196,13,4.58,0.3523076923076923
90,10,197,20,7.03,0.35150000000000003
90,10,198,9,3.04,0.3377777777777778
90,10,199,3,0.91,0.30333333333333334
90,16,0,3,10.95,3.65
90,16,1,6,21.69,3.615
90,16,2,15,53.97,3.598
90,16,3,20,71.56,3.5780000000000003
90,16,4,8,28.07,3.50875
90,16,5,10,34.94,3.4939999999999998
90,16,6,1,3.48,3.48
90,16,7,9,31.26,3.4733333333333336
90,16,8,15,51.01,3.4006666666666665
90,16,9,14,47.44,3.3885714285714283
90,16,10,11,37.23,3.3845454545454543
90,16,11,10,33.8,3.38
90,16,12,17,57.38,3.375294117647059
90,16,13,12,39.65,3.3041666666666667
90,16,14,11,36.27,3.2972727272727274
90,16,15,16,52.46,3.27875
90,16,16,6,19.38,3.23
90,16,17,15,48.45,3.23
90,16,18,2,6.44,3.22
90,16,19,18,57.92,3.217777777777778
90,16,20,9,28.84,3.2044444444444444
90,16,21,5,16.01,3.2020000000000004
90,16,22,12,38.32,3.1933333333333334
90,16,23,5,15.96,3.192
90,16,24,2,6.38,3.19
90,16,25,5,15.74,3.148
90,16,26,1,3.12,3.12
90,16,27,15,46.71,3.114
90,16,28,9,27.77,3.0855555555555556
90,16,29,6,18.26,3.0433333333333334
90,16,30,1,3.04,3.04
90,16,31,19,57.68,3.0357894736842104
90,16,32,10,30.1,3.0100000000000002
90,16,33,17,51.11,3.006470588235294
90,16,34,12,36.06,3.0050000000000003
90,16,35,19,57.04,3.002105263157895
90,16,36,14,41.04,2.9314285714285715
90,16,37,8,23.37,2.92125
90,16,38,20,57.99,2.8995
90,16,39,12,34.54,2.8783333333333334
90,16,40,17,48.91,2.8770588235294117
90,16,41,10,28.43,2.843
90,16,42,11,31.1,2.8272727272727276
90,16,43,6,16.86,2.81
90,16,44,13,36.35,2.7961538461538464
90,16,45,16,44.18,2.76125
90,16,46,17,46.89,2.758235294117647
90,16,47,16,44.05,2.753125
90,16,48,7,18.88,2.697142857142857
90,16,49,8,21.45,2.68125
90,16,50,14,37.23,2.6592857142857143
90,16,51,20,52.9,2.645
90,16,52,3,7.89,2.63
90,16,53,6,15.36,2.56
90,16,54,17,43.36,2.550588235294118
90,16,55,13,32.8,2.523076923076923
90,16,56,18,44.51,2.4727777777777775
90,16,57,20,49.25,2.4625
90,16,58,19,45.9,2.4157894736842103
90,16,59,13,31.33,2.4099999999999997
90,16,60,16,38.04,2.3775
90,16,61,7,16.51,2.358571428571429
90,16,62,19,44.68,2.351578947368421
90,16,63,1,2.34,2.34
90,16,64,16,37.15,2.321875
90,16,65,14,32.46,2.3185714285714285
90,16,66,12,27.39,2.2825
90,16,67,15,33.74,2.2493333333333334
90,16,68,20,44.7,2.2350000000000003
90,16,69,14,30.98,2.212857142857143
90,16,70,12,26.0,2.1666666666666665
90,16,71,4,8.65,2.1625
90,16,72,3,6.47,2.1566666666666667
90,16,73,7,14.75,2.107142857142857
90,16,74,2,4.2,2.1
90,16,75,6,12.53,2.0883333333333334
90,16,76,14,29.2,2.085714285714286
90,16,77,9,18.52,2.057777777777778
90,16,78,8,16.45,2.05625
90,16,79,9,18.47,2.052222222222222
90,16,80,14,28.47,2.0335714285714284
90,16,81,6,12.2,2.033333333333333
90,16,82,18,36.22,2.0122222222222224
90,16,83,14,28.05,2.0035714285714286
90,16,84,10,19.93,1.9929999999999999
90,16,85,5,9.89,1.9780000000000002
90,16,86,3,5.9,1.9666666666666668
90,16,87,1,1.95,1.95
90,16,88,14,27.3,1.95
90,16,89,13,25.15,1.9346153846153844
90,16,90,6,11.42,1.9033333333333333
90,16,91,7,13.31,1.9014285714285715
90,16,92,14,26.44,1.8885714285714286
90,16,93,2,3.76,1.88
90,16,94,14,26.0,1.8571428571428572
90,16,95,9,16.62,1.8466666666666667
90,16,96,2,3.64,1.82
90,16,97,15,27.19,1.8126666666666666
90,16,98,13,23.36,1.7969230769230768
90,16,99,13,23.3,1.7923076923076924
90,16,100,15,26.88,1.792
90,16,101,6,10.48,1.7466666666666668
90,16,102,13,22.62,1.74
90,16,103,15,25.44,1.6960000000000002
90,16,104,5,8.44,1.688
90,16,105,7,11.64,1.662857142857143
90,16,106,16,26.35,1.646875
90,16,107,12,19.32,1.61
90,16,108,3,4.8,1.5999999999999999
90,16,109,4,6.39,1.5975
90,16,110,20,30.7,1.535
90,16,111,5,7.66,1.532
90,16,112,20,30.37,1.5185
90,16,113,14,21.23,1.5164285714285715
90,16,114,15,22.26,1.4840000000000002
90,16,115,14,20.72,1.48
90,16,116,14,20.69,1.477857142857143
90,16,117,16,23.58,1.47375
90,16,118,19,27.71,1.458421052631579
90,16,119,15,21.73,1.4486666666666668
90,16,120,7,9.82,1.4028571428571428
90,16,121,9,12.35,1.3722222222222222
90,16,122,6,8.22,1.37
90,16,123,17,23.17,1.3629411764705883
90,16,124,9,12.18,1.3533333333333333
90,16,125,5,6.61,1.322
90,16,126,7,9.07,1.2957142857142858
90,16,127,20,25.77,1.2885
90,16,128,4,5.15,1.2875
90,16,129,16,19.85,1.240625
90,16,130,2,2.46,1.23
90,16,131,14,16.72,1.1942857142857142
90,16,132,14,16.71,1.1935714285714287
90,16,133,9,10.6,1.1777777777777778
90,16,134,5,5.83,1.166
90,16,135,3,3.35,1.1166666666666667
90,16,136,20,22.18,1.109
90,16,137,20,21.63,1.0815
90,16,138,1,1.08,1.08
90,16,139,5,5.37,1.074
90,16,140,1,1.07,1.07
90,16,141,1,1.06,1.06
90,16,142,20,21.02,1.051
90,16,143,20,21.0,1.05
90,16,144,5,5.16,1.032
90,16,145,5,5.16,1.032
90,16,146,18,18.42,1.0233333333333334
90,16,147,7,7.05,1.0071428571428571
90,16,148,2,1.92,0.96
90,16,149,17,16.19,0.9523529411764706
90,16,150,7,6.53,0.9328571428571429
90,16,151,14,12.83,0.9164285714285715
90,16,152,13,11.81,0.9084615384615385
90,16,153,3,2.56,0.8533333333333334
90,16,154,19,15.88,0.8357894736842105
90,16,155,5,4.06,0.8119999999999999
90,16,156,20,15.59,0.7795
90,16,157,20,15.53,0.7765
90,16,158,8,6.05,0.75625
90,16,159,16,12.09,0.755625
90,16,160,4,2.89,0.7225
90,16,161,14,10.01,0.715
90,16,162,10,6.73,0.673
90,16,163,20,13.13,0.6565000000000001
90,16,164,6,3.84,0.64
90,16,165,3,1.9,0.6333333333333333
90,16,166,11,6.7,0.6090909090909091
90,16,167,17,10.23,0.601764705882353
90,16,168,10,5.76,0.576
90,16,169,13,7.44,0.5723076923076923
90,16,170,11,6.24,0.5672727272727273
90,16,171,19,10.56,0.5557894736842105
90,16,172,3,1.62,0.54
90,16,173,3,1.61,0.5366666666666667
90,16,174,9,4.7,0.5222222222222223
90,16,175,16,8.06,0.50375
90,16,176,20,10.0,0.5
90,16,177,16,7.35,0.459375
90,16,178,10,4.53,0.453
90,16,179,13,5.86,0.4507692307692308
90,16,180,16,7.15,0.446875
90,16,181,20,8.71,0.43550000000000005
90,16,182,11,4.45,0.40454545454545454
90,16,183,9,3.47,0.3855555555555556
90,16,184,13,4.88,0.37538461538461537
90,16,185,1,0.37,0.37
90,16,186,4,1.46,0.365
90,16,187,20,7.28,0.364
90,16,188,3,1.01,0.33666666666666667
90,16,189,18,5.83,0.3238888888888889
90,16,190,13,4.2,0.3230769230769231
90,16,191,15,4.63,0.30866666666666664
90,16,192,20,6.05,0.3025
90,16,193,20,5.91,0.2955
90,16,194,3,0.82,0.2733333333333333
90,16,195,11,2.56,0.23272727272727273
90,16,196,19,3.97,0.20894736842105263
90,16,197,2,0.38,0.19
90,16,198,14,2.64,0.18857142857142858
90,16,199,19,2.86,0.15052631578947367
90,17,0,1,2.17,2.17
90,17,1,11,23.74,2.158181818181818
90,17,2,7,15.08,2.1542857142857144
90,17,3,14,30.08,2.1485714285714286
90,17,4,4,8.46,2.115
90,17,5,20,42.21,2.1105
90,17,6,14,29.43,2.1021428571428573
90,17,7,2,4.17,2.085
90,17,8,7,14.59,2.084285714285714
90,17,9,19,39.53,2.0805263157894736
90,17,10,1,2.08,2.08
90,17,11,5,10.32,2.064
90,17,12,5,10.31,2.0620000000000003
90,17,13,9,18.54,2.06
90,17,14,11,22.65,2.059090909090909
90,17,15,6,12.33,2.055
90,17,16,3,6.13,2.0433333333333334
90,17,17,11,22.35,2.0318181818181817
90,17,18,13,26.06,2.0046153846153847
90,17,19,10,20.01,2.0010000000000003
90,17,20,13,25.91,1.9930769230769232
90,17,21,6,11.9,1.9833333333333334
90,17,22,6,11.85,1.9749999999999999
90,17,23,12,23.63,1.9691666666666665
90,17,24,12,23.37,1.9475
90,17,25,19,36.97,1.9457894736842105
90,17,26,8,15.46,1.9325
90,17,27,11,21.18,1.9254545454545455
90,17,28,15,28.83,1.922
90,17,29,13,24.95,1.919230769230769
90,17,30,12,23.03,1.9191666666666667
90,17,31,7,13.39,1.912857142857143
90,17,32,1,1.91,1.91
90,17,33,3,5.71,1.9033333333333333
90,17,34,15,28.04,1.8693333333333333
90,17,35,12,22.27,1.8558333333333332
90,17,36,20,37.01,1.8504999999999998
90,17,37,13,23.96,1.843076923076923
90,17,38,16,29.18,1.82375
90,17,39,17,30.63,1.801764705882353
90,17,40,3,5.23,1.7433333333333334
90,17,41,14,24.13,1.7235714285714285
90,17,42,8,13.77,1.72125
90,17,43,12,20.61,1.7175
90,17,44,19,32.5,1.7105263157894737
90,17,45,2,3.42,1.71
90,17,46,15,25.63,1.7086666666666666
90,17,47,19,32.46,1.708421052631579
90,17,48,1,1.7,1.7
90,17,49,4,6.75,1.6875
90,17,50,5,8.39,1.6780000000000002
90,17,51,9,15.03,1.67
90,17,52,5,8.33,1.666
90,17,53,6,9.91,1.6516666666666666
90,17,54,9,14.53,1.6144444444444443
90,17,55,3,4.8,1.5999999999999999
90,17,56,10,15.98,1.598
90,17,57,17,26.94,1.5847058823529412
90,17,58,11,17.3,1.5727272727272728
90,17,59,12,18.77,1.5641666666666667
90,17,60,19,29.47,1.5510526315789472
90,17,61,13,20.12,1.5476923076923077
90,17,62,5,7.73,1.546
90,17,63,20,30.86,1.543
90,17,64,15,22.74,1.5159999999999998
90,17,65,17,25.77,1.5158823529411765
90,17,66,15,22.73,1.5153333333333334
90,17,67,20,30.16,1.508
90,17,68,8,11.99,1.49875
90,17,69,10,14.93,1.4929999999999999
90,17,70,20,29.78,1.489
90,17,71,10,14.86,1.486
90,17,72,13,19.31,1.4853846153846153
90,17,73,14,20.69,1.477857142857143
90,17,74,11,16.23,1.4754545454545456
90,17,75,2,2.91,1.455
90,17,76,14,20.35,1.4535714285714287
90,17,77,13,18.27,1.4053846153846155
90,17,78,17,23.72,1.3952941176470588
90,17,79,14,19.48,1.3914285714285715
90,17,80,7,9.68,1.3828571428571428
90,17,81,19,26.2,1.3789473684210527
90,17,82,16,22.01,1.375625
90,17,83,1,1.36,1.36
90,17,84,16,21.71,1.356875
90,17,85,18,24.03,1.335
90,17,86,10,13.26,1.326
90,17,87,9,11.88,1.32
90,17,88,7,9.13,1.3042857142857145
90,17,89,4,5.19,1.2975
90,17,90,5,6.3,1.26
90,17,91,8,10.03,1.25375
90,17,92,20,24.8,1.24
90,17,93,12,14.64,1.22
90,17,94,20,24.39,1.2195
90,17,95,16,19.45,1.215625
90,17,96,2,2.42,1.21
90,17,97,8,9.62,1.2025
90,17,98,11,13.08,1.1890909090909092
90,17,99,5,5.89,1.178
90,17,100,3,3.5,1.1666666666666667
90,17,101,15,17.39,1.1593333333333333
90,17,102,2,2.31,1.155
90,17,103,11,12.63,1.1481818181818182
90,17,104,4,4.58,1.145
90,17,105,5,5.62,1.124
90,17,106,9,9.8,1.088888888888889
90,17,107,18,18.77,1.0427777777777778
90,17,108,10,10.37,1.037
90,17,109,15,15.49,1.0326666666666666
90,17,110,8,8.24,1.03
90,17,111,7,7.18,1.0257142857142856
90,17,112,13,13.32,1.0246153846153847
90,17,113,4,4.05,1.0125
90,17,114,10,10.05,1.0050000000000001
90,17,115,20,19.87,0.9935
90,17,116,19,18.86,0.9926315789473684
90,17,117,14,13.69,0.9778571428571429
90,17,118,6,5.83,0.9716666666666667
90,17,119,4,3.88,0.97
90,17,120,10,9.68,0.968
90,17,121,14,13.55,0.9678571428571429
90,17,122,9,8.69,0.9655555555555555
90,17,123,4,3.81,0.9525
90,17,124,18,16.54,0.9188888888888889
90,17,125,13,11.91,0.9161538461538462
90,17,126,2,1.83,0.915
90,17,127,13,11.87,0.913076923076923
90,17,128,14,12.53,0.8949999999999999
90,17,129,13,11.49,0.8838461538461538
90,17,130,12,10.5,0.875
90,17,131,16,13.78,0.86125
90,17,132,11,9.36,0.8509090909090908
90,17,133,15,12.58,0.8386666666666667
90,17,134,3,2.5,0.8333333333333334
90,17,135,4,3.28,0.82
90,17,136,19,14.73,0.7752631578947369
90,17,137,17,13.14,0.7729411764705882
90,17,138,19,14.55,0.7657894736842106
90,17,139,5,3.75,0.75
90,17,140,5,3.71,0.742
90,17,141,19,14.06,0.74
90,17,142,19,13.85,0.7289473684210526
90,17,143,11,7.95,0.7227272727272728
90,17,144,4,2.85,0.7125
90,17,145,12,8.47,0.7058333333333334
90,17,146,16,11.28,0.705
90,17,147,17,11.79,0.6935294117647058
90,17,148,2,1.37,0.685
90,17,149,9,6.15,0.6833333333333333
90,17,150,5,3.39,0.678
90,17,151,13,8.76,0.6738461538461539
90,17,152,2,1.33,0.665
90,17,153,19,12.53,0.6594736842105263
90,17,154,8,5.27,0.65875
90,17,155,12,7.72,0.6433333333333333
90,17,156,14,8.82,0.63
90,17,157,19,11.41,0.6005263157894737
90,17,158,17,10.1,0.5941176470588235
90,17,159,20,11.85,0.5925
90,17,160,12,7.1,0.5916666666666667
90,17,161,17,9.92,0.5835294117647059
90,17,162,13,7.4,0.5692307692307692
90,17,163,11,6.26,0.5690909090909091
90,17,164,4,2.27,0.5675
90,17,165,11,6.18,0.5618181818181818
90,17,166,4,2.2,0.55
90,17,167,5,2.68,0.536
90,17,168,15,7.69,0.5126666666666667
90,17,169,8,3.72,0.465
90,17,170,17,7.88,0.46352941176470586
90,17,171,9,4.07,0.45222222222222225
90,17,172,13,5.83,0.44846153846153847
90,17,173,14,5.95,0.425
90,17,174,5,2.08,0.41600000000000004
90,17,175,17,7.05,0.41470588235294115
90,17,176,5,2.02,0.404
90,17,177,20,7.31,0.3655
90,17,178,16,5.49,0.343125
90,17,179,10,3.19,0.319
90,17,180,14,4.44,0.31714285714285717
90,17,181,12,3.77,0.31416666666666665
90,17,182,16,4.64,0.29
90,17,183,11,2.87,0.2609090909090909
90,17,184,16,3.63,0.226875
90,17,185,10,2.14,0.21400000000000002
90,17,186,6,1.24,0.20666666666666667
90,17,187,16,3.22,0.20125
90,17,188,3,0.5,0.16666666666666666
90,17,189,19,2.99,0.1573684210526316
90,17,190,9,1.3,0.14444444444444446
90,17,191,19,2.65,0.1394736842105263
90,17,192,17,2.24,0.13176470588235295
90,17,193,17,2.22,0.13058823529411767
90,17,194,5,0.64,0.128
90,17,195,17,1.78,0.10470588235294118
90,17,196,6,0.61,0.10166666666666667
90,17,197,1,0.1,0.1
90,17,198,11,1.09,0.0990909090909091
90,17,199,15,1.39,0.09266666666666666
90,24,0,14,47.98,3.427142857142857
90,24,1,3,10.27,3.4233333333333333
90,24,2,3,10.26,3.42
90,24,3,20,68.36,3.418
90,24,4,13,44.13,3.394615384615385
90,24,5,10,33.94,3.3939999999999997
90,24,6,1,3.39,3.39
90,24,7,15,50.56,3.3706666666666667
90,24,8,18,60.62,3.3677777777777775
90,24,9,14,46.36,3.3114285714285714
90,24,10,16,52.77,3.298125
90,24,11,2,6.48,3.24
90,24,12,5,16.19,3.2380000000000004
90,24,13,6,19.34,3.223333333333333
90,24,14,12,38.51,3.2091666666666665
90,24,15,19,60.22,3.1694736842105264
90,24,16,14,44.18,3.1557142857142857
90,24,17,4,12.56,3.14
90,24,18,16,50.06,3.12875
90,24,19,8,24.84,3.105
90,24,20,1,3.1,3.1
90,24,21,4,12.36,3.09
90,24,22,18,54.91,3.0505555555555555
90,24,23,19,57.31,3.0163157894736843
90,24,24,2,5.99,2.995
90,24,25,13,38.2,2.9384615384615387
90,24,26,8,23.49,2.93625
90,24,27,12,35.17,2.9308333333333336
90,24,28,15,43.79,2.9193333333333333
90,24,29,11,32.0,2.909090909090909
90,24,30,15,43.07,2.8713333333333333
90,24,31,3,8.58,2.86
90,24,32,18,51.19,2.843888888888889
90,24,33,19,54.03,2.843684210526316
90,24,34,6,16.98,2.83
90,24,35,5,14.12,2.824
90,24,36,2,5.63,2.815
90,24,37,5,14.07,2.814
90,24,38,18,50.26,2.792222222222222
90,24,39,16,44.57,2.785625
90,24,40,20,55.6,2.7800000000000002
90,24,41,19,52.58,2.7673684210526317
90,24,42,2,5.48,2.74
90,24,43,2,5.47,2.735
90,24,44,2,5.45,2.725
90,24,45,19,51.64,2.7178947368421054
90,24,46,8,21.58,2.6975
90,24,47,15,40.43,2.695333333333333
90,24,48,8,21.45,2.68125
90,24,49,12,31.98,2.665
90,24,50,11,29.3,2.6636363636363636
90,24,51,2,5.28,2.64
90,24,52,12,31.4,2.6166666666666667
90,24,53,4,10.35,2.5875
90,24,54,12,30.48,2.54
90,24,55,18,44.43,2.4683333333333333
90,24,56,14,34.47,2.462142857142857
90,24,57,16,39.31,2.456875
90,24,58,12,28.89,2.4075
90,24,59,2,4.8,2.4
90,24,60,4,9.58,2.395
90,24,61,19,45.36,2.3873684210526314
90,24,62,1,2.37,2.37
90,24,63,7,16.52,2.36
90,24,64,11,25.9,2.3545454545454545
90,24,65,20,47.08,2.354
90,24,66,19,44.03,2.3173684210526315
90,24,67,1,2.31,2.31
90,24,68,16,36.83,2.301875
90,24,69,11,25.18,2.289090909090909
90,24,70,3,6.77,2.2566666666666664
90,24,71,10,22.43,2.243
90,24,72,14,30.99,2.2135714285714285
90,24,73,5,11.0,2.2
90,24,74,8,17.49,2.18625
90,24,75,9,19.36,2.151111111111111
90,24,76,7,14.77,2.11
90,24,77,15,31.27,2.0846666666666667
90,24,78,19,39.5,2.0789473684210527
90,24,79,14,28.8,2.0571428571428574
90,24,80,2,4.1,2.05
90,24,81,19,38.83,2.0436842105263158
90,24,82,7,14.2,2.0285714285714285
90,24,83,1,2.02,2.02
90,24,84,14,27.69,1.977857142857143
90,24,85,10,19.71,1.971
90,24,86,19,37.2,1.9578947368421054
90,24,87,8,15.11,1.88875
90,24,88,17,31.64,1.8611764705882354
90,24,89,2,3.71,1.855
90,24,90,4,7.38,1.845
90,24,91,8,14.58,1.8225
90,24,92,3,5.45,1.8166666666666667
90,24,93,6,10.71,1.7850000000000001
90,24,94,4,7.08,1.77
90,24,95,12,20.96,1.7466666666666668
90,24,96,17,29.61,1.7417647058823529
90,24,97,9,15.6,1.7333333333333334
90,24,98,5,8.57,1.714
90,24,99,1,1.71,1.71
90,24,100,15,25.29,1.686
90,24,101,3,5.05,1.6833333333333333
90,24,102,19,31.78,1.6726315789473685
90,24,103,12,19.44,1.62
90,24,104,7,11.19,1.5985714285714285
90,24,105,18,28.77,1.5983333333333334
90,24,106,10,15.98,1.598
90,24,107,9,14.21,1.578888888888889
90,24,108,10,15.16,1.516
90,24,109,16,24.12,1.5075
90,24,110,12,18.05,1.5041666666666667
90,24,111,11,16.24,1.4763636363636363
90,24,112,6,8.55,1.425
90,24,113,7,9.8,1.4000000000000001
90,24,114,7,9.74,1.3914285714285715
90,24,115,14,19.47,1.3907142857142856
90,24,116,3,4.16,1.3866666666666667
90,24,117,19,26.31,1.384736842105263
90,24,118,12,16.18,1.3483333333333334
90,24,119,11,14.8,1.3454545454545455
90,24,120,10,13.45,1.345
90,24,121,19,25.52,1.343157894736842
90,24,122,12,15.94,1.3283333333333334
90,24,123,11,14.52,1.32
90,24,124,4,5.27,1.3175
90,24,125,18,23.49,1.305
90,24,126,13,16.88,1.2984615384615383
90,24,127,17,22.06,1.2976470588235294
90,24,128,20,25.5,1.275
90,24,129,7,8.91,1.272857142857143
90,24,130,11,13.93,1.2663636363636364
90,24,131,7,8.58,1.2257142857142858
90,24,132,8,9.69,1.21125
90,24,133,3,3.56,1.1866666666666668
90,24,134,2,2.34,1.17
90,24,135,19,22.23,1.17
90,24,136,20,23.17,1.1585
90,24,137,7,8.09,1.1557142857142857
90,24,138,11,12.49,1.1354545454545455
90,24,139,10,11.34,1.134
90,24,140,11,12.2,1.1090909090909091
90,24,141,14,15.43,1.102142857142857
90,24,142,2,2.19,1.095
90,24,143,19,20.28,1.0673684210526317
90,24,144,10,10.6,1.06
90,24,145,1,1.05,1.05
90,24,146,6,6.2,1.0333333333333334
90,24,147,7,7.14,1.02
90,24,148,17,17.28,1.0164705882352942
90,24,149,7,6.87,0.9814285714285714
90,24,150,20,18.85,0.9425000000000001
90,24,151,2,1.85,0.925
90,24,152,4,3.66,0.915
90,24,153,19,17.35,0.9131578947368422
90,24,154,18,16.39,0.9105555555555556
90,24,155,9,7.81,0.8677777777777778
90,24,156,8,6.75,0.84375
90,24,157,10,8.38,0.8380000000000001
90,24,158,2,1.62,0.81
90,24,159,9,7.04,0.7822222222222223
90,24,160,12,9.37,0.7808333333333333
90,24,161,19,14.52,0.7642105263157895
90,24,162,11,8.4,0.7636363636363637
90,24,163,3,2.29,0.7633333333333333
90,24,164,18,13.48,0.7488888888888889
90,24,165,6,4.34,0.7233333333333333
90,24,166,12,8.46,0.7050000000000001
90,24,167,18,12.45,0.6916666666666667
90,24,168,14,9.46,0.6757142857142858
90,24,169,17,11.03,0.6488235294117647
90,24,170,20,12.8,0.64
90,24,171,19,11.78,0.62
90,24,172,13,7.75,0.5961538461538461
90,24,173,10,5.85,0.585
90,24,174,1,0.58,0.58
90,24,175,20,11.52,0.576
90,24,176,15,8.44,0.5626666666666666
90,24,177,2,1.07,0.535
90,24,178,13,6.41,0.4930769230769231
90,24,179,11,5.39,0.49
90,24,180,3,1.43,0.4766666666666666
90,24,181,3,1.43,0.4766666666666666
90,24,182,12,5.57,0.46416666666666667
90,24,183,6,2.74,0.4566666666666667
90,24,184,9,3.8,0.4222222222222222
90,24,185,5,1.99,0.398
90,24,186,14,4.98,0.35571428571428576
90,24,187,16,5.41,0.338125
90,24,188,17,5.48,0.3223529411764706
90,24,189,17,5.13,0.30176470588235293
90,24,190,2,0.6,0.3
90,24,191,4,1.14,0.285
90,24,192,8,2.14,0.2675
90,24,193,2,0.46,0.23
90,24,194,3,0.69,0.22999999999999998
90,24,195,8,1.64,0.205
90,24,196,11,2.15,0.19545454545454544
90,24,197,8,1.52,0.19
90,24,198,5,0.8,0.16
90,24,199,18,2.78,0.15444444444444444
90,29,0,2,14.86,7.43
90,29,1,5,36.89,7.378
90,29,2,10,73.4,7.340000000000001
90,29,3,11,80.62,7.329090909090909
90,29,4,15,109.62,7.308000000000001
90,29,5,17,122.09,7.181764705882353
90,29,6,3,21.39,7.13
90,29,7,1,7.08,7.08
90,29,8,20,139.96,6.998
90,29,9,16,111.56,6.9725
90,29,10,7,48.48,6.925714285714285
90,29,11,20,137.83,6.891500000000001
90,29,12,19,129.59,6.820526315789474
90,29,13,2,13.6,6.8
90,29,14,1,6.71,6.71
90,29,15,10,66.83,6.683
90,29,16,14,93.5,6.678571428571429
90,29,17,1,6.66,6.66
90,29,18,9,59.61,6.623333333333333
90,29,19,19,125.31,6.595263157894737
90,29,20,19,125.01,6.579473684210527
90,29,21,6,38.63,6.4383333333333335
90,29,22,8,51.49,6.43625
90,29,23,5,32.15,6.43
90,29,24,15,96.16,6.410666666666667
90,29,25,18,113.71,6.317222222222222
90,29,26,9,56.62,6.29111111111111
90,29,27,7,43.87,6.267142857142857
90,29,28,10,61.79,6.179
90,29,29,1,6.15,6.15
90,29,30,2,12.28,6.14
90,29,31,15,90.84,6.056
90,29,32,11,66.07,6.006363636363636
90,29,33,15,89.92,5.994666666666666
90,29,34,9,53.94,5.993333333333333
90,29,35,15,88.13,5.875333333333333
90,29,36,7,40.45,5.778571428571429
90,29,37,10,57.58,5.758
90,29,38,9,51.35,5.705555555555556
90,29,39,7,39.77,5.6814285714285715
90,29,40,3,16.96,5.653333333333333
90,29,41,8,44.82,5.6025
90,29,42,1,5.6,5.6
90,29,43,2,11.16,5.58
90,29,44,6,33.46,5.576666666666667
90,29,45,9,49.92,5.546666666666667
90,29,46,5,27.69,5.538
90,29,47,6,33.16,5.526666666666666
90,29,48,1,5.5,5.5
90,29,49,1,5.48,5.48
90,29,50,14,76.5,5.464285714285714
90,29,51,14,76.01,5.429285714285714
90,29,52,11,59.67,5.424545454545455
90,29,53,16,86.49,5.405625
90,29,54,14,74.35,5.310714285714285
90,29,55,17,89.78,5.281176470588235
90,29,56,13,67.93,5.225384615384616
90,29,57,20,104.2,5.21
90,29,58,11,56.64,5.149090909090909
90,29,59,10,51.29,5.129
90,29,60,18,91.3,5.072222222222222
90,29,61,19,95.37,5.019473684210527
90,29,62,5,24.99,4.997999999999999
90,29,63,18,89.17,4.953888888888889
90,29,64,18,88.7,4.927777777777778
90,29,65,14,68.75,4.910714285714286
90,29,66,15,73.51,4.900666666666667
90,29,67,2,9.77,4.885
90,29,68,17,81.45,4.791176470588235
90,29,69,17,78.4,4.611764705882353
90,29,70,8,36.75,4.59375
90,29,71,19,86.86,4.571578947368421
90,29,72,7,31.93,4.561428571428571
90,29,73,10,45.61,4.561
90,29,74,12,54.5,4.541666666666667
90,29,75,4,18.09,4.5225
90,29,76,19,85.74,4.512631578947368
90,29,77,19,85.19,4.483684210526316
90,29,78,3,13.38,4.46
90,29,79,17,74.86,4.403529411764706
90,29,80,13,57.22,4.401538461538461
90,29,81,7,30.55,4.364285714285715
90,29,82,16,69.09,4.318125
90,29,83,19,80.05,4.213157894736842
90,29,84,19,79.57,4.187894736842105
90,29,85,16,66.87,4.179375
90,29,86,16,66.55,4.159375
90,29,87,9,37.4,4.155555555555555
90,29,88,5,20.77,4.154
90,29,89,10,41.26,4.1259999999999994
90,29,90,11,45.02,4.092727272727273
90,29,91,14,57.22,4.087142857142857
90,29,92,12,49.0,4.083333333333333
90,29,93,18,73.06,4.058888888888889
90,29,94,13,51.45,3.957692307692308
90,29,95,2,7.76,3.88
90,29,96,13,49.28,3.790769230769231
90,29,97,18,67.24,3.735555555555555
90,29,98,20,74.55,3.7275
90,29,99,14,51.81,3.700714285714286
90,29,100,3,10.95,3.65
90,29,101,4,14.39,3.5975
90,29,102,6,21.44,3.5733333333333337
90,29,103,1,3.54,3.54
90,29,104,4,13.99,3.4975
90,29,105,12,41.76,3.48
90,29,106,10,34.76,3.476
90,29,107,7,24.17,3.4528571428571433
90,29,108,16,55.0,3.4375
90,29,109,5,17.18,3.436
90,29,110,6,20.34,3.39
90,29,111,17,57.1,3.3588235294117648
90,29,112,10,33.21,3.321
90,29,113,3,9.96,3.3200000000000003
90,29,114,14,46.24,3.302857142857143
90,29,115,7,23.1,3.3000000000000003
90,29,116,20,65.25,3.2625
90,29,117,7,22.67,3.238571428571429
90,29,118,6,19.36,3.2266666666666666
90,29,119,9,28.92,3.2133333333333334
90,29,120,9,28.8,3.2
90,29,121,7,22.16,3.165714285714286
90,29,122,18,56.9,3.161111111111111
90,29,123,4,12.6,3.15
90,29,124,14,43.71,3.1221428571428573
90,29,125,4,12.3,3.075
90,29,126,9,27.65,3.072222222222222
90,29,127,16,49.07,3.066875
90,29,128,3,9.19,3.063333333333333
90,29,129,15,45.37,3.0246666666666666
90,29,130,3,9.07,3.0233333333333334
90,29,131,12,36.23,3.0191666666666666
90,29,132,16,46.82,2.92625
90,29,133,11,31.45,2.859090909090909
90,29,134,10,28.26,2.826
90,29,135,7,19.45,2.7785714285714285
90,29,136,17,46.96,2.7623529411764705
90,29,137,7,19.19,2.7414285714285715
90,29,138,19,51.13,2.6910526315789474
90,29,139,20,53.81,2.6905
90,29,140,7,17.94,2.562857142857143
90,29,141,6,15.22,2.5366666666666666
90,29,142,4,10.13,2.5325
90,29,143,9,22.47,2.4966666666666666
90,29,144,6,14.94,2.4899999999999998
90,29,145,10,24.74,2.4739999999999998
90,29,146,16,39.33,2.458125
90,29,147,11,26.22,2.3836363636363633
90,29,148,15,35.25,2.35
90,29,149,16,37.22,2.32625
90,29,150,3,6.9,2.3000000000000003
90,29,151,12,27.0,2.25
90,29,152,17,36.55,2.15
90,29,153,2,4.3,2.15
90,29,154,14,29.87,2.1335714285714285
90,29,155,16,32.9,2.05625
90,29,156,16,31.94,1.99625
90,29,157,11,21.87,1.9881818181818183
90,29,158,7,13.56,1.9371428571428573
90,29,159,13,23.68,1.8215384615384616
90,29,160,8,14.13,1.76625
90,29,161,17,29.74,1.7494117647058822
90,29,162,20,34.16,1.7079999999999997
90,29,163,12,20.34,1.695
90,29,164,7,11.56,1.6514285714285715
90,29,165,13,21.34,1.6415384615384616
90,29,166,4,6.49,1.6225
90,29,167,1,1.62,1.62
90,29,168,9,13.55,1.5055555555555555
90,29,169,6,8.99,1.4983333333333333
90,29,170,6,8.37,1.3949999999999998
90,29,171,8,11.07,1.38375
90,29,172,18,24.87,1.3816666666666668
90,29,173,13,17.04,1.3107692307692307
90,29,174,5,6.01,1.202
90,29,175,7,8.05,1.1500000000000001
90,29,176,16,17.55,1.096875
90,29,177,2,2.19,1.095
90,29,178,7,7.54,1.0771428571428572
90,29,179,6,6.26,1.0433333333333332
90,29,180,5,5.09,1.018
90,29,181,15,15.11,1.0073333333333332
90,29,182,8,7.48,0.935
90,29,183,8,7.34,0.9175
90,29,184,7,6.24,0.8914285714285715
90,29,185,16,13.52,0.845
90,29,186,8,6.71,0.83875
90,29,187,11,8.38,0.7618181818181818
90,29,188,7,4.97,0.71
90,29,189,1,0.69,0.69
90,29,190,13,8.64,0.6646153846153846
90,29,191,11,7.17,0.6518181818181819
90,29,192,3,1.94,0.6466666666666666
90,29,193,16,9.99,0.624375
90,29,194,2,1.24,0.62
90,29,195,12,7.24,0.6033333333333334
90,29,196,16,9.23,0.576875
90,29,197,2,0.99,0.495
90,29,198,3,1.18,0.3933333333333333
90,29,199,3,0.99,0.33
90,31,0,15,27.29,1.8193333333333332
90,31,1,6,10.9,1.8166666666666667
90,31,2,12,21.8,1.8166666666666667
90,31,3,12,21.73,1.8108333333333333
90,31,4,8,14.45,1.80625
90,31,5,7,12.6,1.8
90,31,6,2,3.6,1.8
90,31,7,5,8.94,1.7879999999999998
90,31,8,7,12.43,1.7757142857142856
90,31,9,13,22.61,1.7392307692307691
90,31,10,1,1.73,1.73
90,31,11,10,17.28,1.7280000000000002
90,31,12,14,24.0,1.7142857142857142
90,31,13,14,23.94,1.7100000000000002
90,31,14,16,27.25,1.703125
90,31,15,5,8.44,1.688
90,31,16,6,10.09,1.6816666666666666
90,31,17,17,28.55,1.6794117647058824
90,31,18,12,20.06,1.6716666666666666
90,31,19,5,8.29,1.658
90,31,20,2,3.31,1.655
90,31,21,3,4.96,1.6533333333333333
90,31,22,15,24.78,1.6520000000000001
90,31,23,4,6.59,1.6475
90,31,24,4,6.56,1.64
90,31,25,3,4.91,1.6366666666666667
90,31,26,20,32.49,1.6245
90,31,27,16,25.97,1.623125
90,31,28,16,25.48,1.5925
90,31,29,6,9.48,1.58
90,31,30,15,23.63,1.5753333333333333
90,31,31,12,18.86,1.5716666666666665
90,31,32,3,4.69,1.5633333333333335
90,31,33,15,23.2,1.5466666666666666
90,31,34,5,7.72,1.544
90,31,35,3,4.59,1.53
90,31,36,10,15.29,1.529
90,31,37,15,22.89,1.526
90,31,38,16,24.25,1.515625
90,31,39,17,25.68,1.5105882352941176
90,31,40,8,12.04,1.505
90,31,41,3,4.49,1.4966666666666668
90,31,42,2,2.99,1.495
90,31,43,19,28.33,1.4910526315789472
90,31,44,15,22.32,1.488
90,31,45,18,26.71,1.483888888888889
90,31,46,7,10.36,1.48
90,31,47,3,4.41,1.47
90,31,48,6,8.8,1.4666666666666668
90,31,49,15,21.89,1.4593333333333334
90,31,50,5,7.18,1.436
90,31,51,18,25.75,1.4305555555555556
90,31,52,17,24.15,1.4205882352941175
90,31,53,16,22.6,1.4125
90,31,54,11,15.44,1.4036363636363636
90,31,55,17,23.56,1.3858823529411763
90,31,56,16,22.09,1.380625
90,31,57,1,1.38,1.38
90,31,58,13,17.92,1.3784615384615386
90,31,59,16,21.64,1.3525
90,31,60,5,6.76,1.3519999999999999
90,31,61,19,25.28,1.3305263157894738
90,31,62,7,9.13,1.3042857142857145
90,31,63,9,11.71,1.301111111111111
90,31,64,15,19.31,1.2873333333333332
90,31,65,19,24.06,1.266315789473684
90,31,66,12,15.11,1.2591666666666665
90,31,67,8,10.02,1.2525
90,31,68,11,13.76,1.250909090909091
90,31,69,3,3.74,1.2466666666666668
90,31,70,19,23.61,1.2426315789473683
90,31,71,20,24.68,1.234
90,31,72,2,2.46,1.23
90,31,73,17,20.82,1.224705882352941
90,31,74,17,20.57,1.21
90,31,75,6,7.21,1.2016666666666667
90,31,76,14,16.24,1.16
90,31,77,10,11.5,1.15
90,31,78,2,2.26,1.13
90,31,79,20,22.32,1.116
90,31,80,4,4.45,1.1125
90,31,81,4,4.45,1.1125
90,31,82,3,3.3,1.0999999999999999
90,31,83,3,3.28,1.0933333333333333
90,31,84,18,19.55,1.0861111111111112
90,31,85,13,14.08,1.083076923076923
90,31,86,19,20.56,1.0821052631578947
90,31,87,9,9.65,1.0722222222222222
90,31,88,1,1.07,1.07
90,31,89,7,7.47,1.0671428571428572
90,31,90,11,11.73,1.0663636363636364
90,31,91,6,6.33,1.055
90,31,92,12,12.62,1.0516666666666665
90,31,93,1,1.03,1.03
90,31,94,9,9.27,1.03
90,31,95,3,3.08,1.0266666666666666
90,31,96,19,19.34,1.0178947368421052
90,31,97,1,0.99,0.99
90,31,98,17,16.8,0.9882352941176471
90,31,99,11,10.8,0.9818181818181819
90,31,100,16,15.64,0.9775
90,31,101,4,3.9,0.975
90,31,102,10,9.72,0.9720000000000001
90,31,103,13,12.63,0.9715384615384616
90,31,104,18,17.48,0.9711111111111111
90,31,105,19,18.22,0.9589473684210525
90,31,106,18,17.2,0.9555555555555555
90,31,107,3,2.81,0.9366666666666666
90,31,108,20,18.57,0.9285
90,31,109,15,13.89,0.926
90,31,110,11,10.08,0.9163636363636364
90,31,111,16,14.38,0.89875
90,31,112,3,2.66,0.8866666666666667
90,31,113,17,15.05,0.8852941176470589
90,31,114,15,13.05,0.87
90,31,115,14,12.16,0.8685714285714285
90,31,116,16,13.88,0.8675
90,31,117,12,10.39,0.8658333333333333
90,31,118,5,4.28,0.8560000000000001
90,31,119,10,8.31,0.8310000000000001
90,31,120,6,4.98,0.8300000000000001
90,31,121,1,0.83,0.83
90,31,122,19,15.59,0.8205263157894737
90,31,123,11,8.99,0.8172727272727273
90,31,124,2,1.61,0.805
90,31,125,3,2.36,0.7866666666666666
90,31,126,20,15.64,0.782
90,31,127,5,3.9,0.78
90,31,128,12,9.35,0.7791666666666667
90,31,129,11,8.37,0.7609090909090909
90,31,130,4,3.0,0.75
90,31,131,18,13.16,0.7311111111111112
90,31,132,11,7.98,0.7254545454545455
90,31,133,6,4.22,0.7033333333333333
90,31,134,17,11.69,0.6876470588235294
90,31,135,11,7.4,0.6727272727272727
90,31,136,5,3.35,0.67
90,31,137,5,3.33,0.666
90,31,138,20,13.24,0.662
90,31,139,15,9.89,0.6593333333333333
90,31,140,8,5.04,0.63
90,31,141,12,7.33,0.6108333333333333
90,31,142,18,10.98,0.61
90,31,143,8,4.73,0.59125
90,31,144,12,6.88,0.5733333333333334
90,31,145,8,4.58,0.5725
90,31,146,13,7.41,0.5700000000000001
90,31,147,18,10.24,0.5688888888888889
90,31,148,13,7.35,0.5653846153846154
90,31,149,9,5.05,0.5611111111111111
90,31,150,3,1.65,0.5499999999999999
90,31,151,4,2.17,0.5425
90,31,152,9,4.83,0.5366666666666666
90,31,153,2,1.06,0.53
90,31,154,11,5.76,0.5236363636363636
90,31,155,19,9.91,0.521578947368421
90,31,156,20,10.38,0.519
90,31,157,11,5.67,0.5154545454545455
90,31,158,10,5.01,0.501
90,31,159,10,4.97,0.497
90,31,160,12,5.91,0.4925
90,31,161,13,6.31,0.48538461538461536
90,31,162,7,3.28,0.4685714285714285
90,31,163,2,0.92,0.46
90,31,164,3,1.35,0.45
90,31,165,7,3.11,0.4442857142857143
90,31,166,5,2.21,0.442
90,31,167,10,4.38,0.438
90,31,168,6,2.4,0.39999999999999997
90,31,169,16,6.28,0.3925
90,31,170,15,5.8,0.38666666666666666
90,31,171,20,7.72,0.386
90,31,172,12,4.62,0.385
90,31,173,2,0.73,0.365
90,31,174,12,4.17,0.3475
90,31,175,4,1.38,0.345
90,31,176,6,2.06,0.3433333333333333
90,31,177,4,1.37,0.3425
90,31,178,1,0.34,0.34
90,31,179,16,5.07,0.316875
90,31,180,16,4.79,0.299375
90,31,181,7,2.01,0.2871428571428571
90,31,182,20,5.66,0.28300000000000003
90,31,183,9,2.44,0.2711111111111111
90,31,184,11,2.87,0.2609090909090909
90,31,185,7,1.68,0.24
90,31,186,18,4.22,0.23444444444444443
90,31,187,6,1.37,0.22833333333333336
90,31,188,17,3.87,0.22764705882352942
90,31,189,20,4.12,0.20600000000000002
90,31,190,1,0.19,0.19
90,31,191,14,2.51,0.17928571428571427
90,31,192,13,2.29,0.17615384615384616
90,31,193,4,0.66,0.165
90,31,194,15,2.26,0.15066666666666664
90,31,195,11,1.63,0.14818181818181816
90,31,196,9,1.22,0.13555555555555554
90,31,197,20,2.54,0.127
90,31,198,3,0.37,0.12333333333333334
90,31,199,4,0.37,0.0925
90,47,0,13,59.83,4.602307692307692
90,47,1,3,13.78,4.593333333333333
90,47,2,12,54.87,4.5725
90,47,3,1,4.52,4.52
90,47,4,19,85.41,4.495263157894737
90,47,5,12,53.74,4.4783333333333335
90,47,6,5,22.3,4.46
90,47,7,9,39.72,4.413333333333333
90,47,8,2,8.68,4.34
90,47,9,12,50.4,4.2
90,47,10,10,41.43,4.143
90,47,11,10,41.31,4.131
90,47,12,10,41.17,4.117
90,47,13,8,32.62,4.0775
90,47,14,11,44.59,4.053636363636364
90,47,15,2,8.08,4.04
90,47,16,18,72.48,4.026666666666667
90,47,17,1,4.02,4.02
90,47,18,7,27.95,3.992857142857143
90,47,19,2,7.98,3.99
90,47,20,20,78.8,3.94
90,47,21,3,11.67,3.89
90,47,22,16,62.01,3.875625
90,47,23,11,42.55,3.8681818181818177
90,47,24,8,30.89,3.86125
90,47,25,13,49.88,3.8369230769230773
90,47,26,7,26.57,3.795714285714286
90,47,27,1,3.79,3.79
90,47,28,9,33.84,3.7600000000000002
90,47,29,20,74.23,3.7115
90,47,30,11,40.7,3.7
90,47,31,6,22.18,3.6966666666666668
90,47,32,14,51.54,3.6814285714285715
90,47,33,16,58.82,3.67625
90,47,34,16,58.56,3.66
90,47,35,6,21.92,3.6533333333333338
90,47,36,13,47.47,3.6515384615384616
90,47,37,14,50.47,3.605
90,47,38,7,25.06,3.5799999999999996
90,47,39,15,53.1,3.54
90,47,40,11,38.91,3.537272727272727
90,47,41,10,35.29,3.529
90,47,42,19,65.93,3.47
90,47,43,20,68.81,3.4405
90,47,44,17,58.29,3.4288235294117646
90,47,45,16,54.8,3.425
90,47,46,17,58.02,3.4129411764705884
90,47,47,14,47.42,3.3871428571428575
90,47,48,18,60.68,3.371111111111111
90,47,49,8,26.82,3.3525
90,47,50,10,33.4,3.34
90,47,51,10,32.84,3.2840000000000003
90,47,52,1,3.27,3.27
90,47,53,16,51.69,3.230625
90,47,54,4,12.92,3.23
90,47,55,12,38.23,3.185833333333333
90,47,56,3,9.54,3.1799999999999997
90,47,57,13,41.15,3.1653846153846152
90,47,58,12,37.65,3.1374999999999997
90,47,59,9,27.99,3.11
90,47,60,13,40.17,3.0900000000000003
90,47,61,15,46.31,3.0873333333333335
90,47,62,15,46.26,3.084
90,47,63,2,6.16,3.08
90,47,64,3,9.2,3.0666666666666664
90,47,65,5,15.33,3.066
90,47,66,17,51.62,3.036470588235294
90,47,67,15,45.42,3.028
90,47,68,9,27.09,3.01
90,47,69,5,14.92,2.984
90,47,70,13,38.67,2.974615384615385
90,47,71,7,20.76,2.9657142857142857
90,47,72,20,58.98,2.949
90,47,73,16,46.53,2.908125
90,47,74,11,31.85,2.8954545454545455
90,47,75,9,25.99,2.8877777777777776
90,47,76,18,51.78,2.876666666666667
90,47,77,17,48.78,2.8694117647058826
90,47,78,14,40.12,2.8657142857142857
90,47,79,14,39.81,2.843571428571429
90,47,80,3,8.47,2.8233333333333337
90,47,81,17,47.46,2.791764705882353
90,47,82,16,44.4,2.775
90,47,83,3,8.31,2.77
90,47,84,20,55.3,2.7649999999999997
90,47,85,5,13.48,2.696
90,47,86,10,26.86,2.686
90,47,87,10,26.86,2.686
90,47,88,6,15.97,2.6616666666666666
90,47,89,12,31.94,2.6616666666666666
90,47,90,11,29.04,2.64
90,47,91,2,5.28,2.64
90,47,92,1,2.59,2.59
90,47,93,8,20.08,2.51
90,47,94,12,29.97,2.4975
90,47,95,1,2.49,2.49
90,47,96,18,44.16,2.453333333333333
90,47,97,20,48.47,2.4234999999999998
90,47,98,14,32.57,2.3264285714285715
90,47,99,14,32.36,2.3114285714285714
90,47,100,18,41.43,2.3016666666666667
90,47,101,15,34.34,2.2893333333333334
90,47,102,10,22.42,2.242
90,47,103,13,28.88,2.2215384615384615
90,47,104,16,35.37,2.210625
90,47,105,4,8.7,2.175
90,47,106,19,40.68,2.1410526315789475
90,47,107,9,19.08,2.1199999999999997
90,47,108,15,31.36,2.0906666666666665
90,47,109,2,4.18,2.09
90,47,110,13,27.03,2.079230769230769
90,47,111,8,16.47,2.05875
90,47,112,11,22.45,2.040909090909091
90,47,113,5,10.2,2.04
90,47,114,6,12.17,2.0283333333333333
90,47,115,9,18.01,2.0011111111111113
90,47,116,3,5.99,1.9966666666666668
90,47,117,13,25.74,1.98
90,47,118,16,31.66,1.97875
90,47,119,20,39.45,1.9725000000000001
90,47,120,14,27.5,1.9642857142857142
90,47,121,3,5.89,1.9633333333333332
90,47,122,16,30.88,1.93
90,47,123,7,13.1,1.8714285714285714
90,47,124,3,5.6,1.8666666666666665
90,47,125,6,11.18,1.8633333333333333
90,47,126,5,9.24,1.848
90,47,127,14,25.81,1.8435714285714284
90,47,128,20,36.42,1.8210000000000002
90,47,129,9,16.38,1.8199999999999998
90,47,130,8,14.01,1.75125
90,47,131,20,34.13,1.7065000000000001
90,47,132,17,28.58,1.6811764705882353
90,47,133,3,5.03,1.6766666666666667
90,47,134,5,8.26,1.652
90,47,135,3,4.9,1.6333333333333335
90,47,136,1,1.62,1.62
90,47,137,9,14.55,1.6166666666666667
90,47,138,2,3.15,1.575
90,47,139,18,27.9,1.5499999999999998
90,47,140,14,21.45,1.532142857142857
90,47,141,19,28.9,1.5210526315789472
90,47,142,19,28.59,1.5047368421052632
90,47,143,12,17.93,1.4941666666666666
90,47,144,4,5.97,1.4925
90,47,145,12,17.47,1.4558333333333333
90,47,146,16,23.15,1.446875
90,47,147,8,11.46,1.4325
90,47,148,11,15.52,1.410909090909091
90,47,149,1,1.4,1.4
90,47,150,20,27.9,1.395
90,47,151,1,1.38,1.38
90,47,152,18,24.55,1.363888888888889
90,47,153,13,17.7,1.3615384615384616
90,47,154,19,25.14,1.323157894736842
90,47,155,5,6.51,1.302
90,47,156,10,11.98,1.198
90,47,157,15,17.82,1.188
90,47,158,16,18.55,1.159375
90,47,159,15,17.34,1.156
90,47,160,11,12.66,1.1509090909090909
90,47,161,1,1.15,1.15
90,47,162,14,15.96,1.1400000000000001
90,47,163,17,18.12,1.0658823529411765
90,47,164,2,2.07,1.035
90,47,165,6,6.13,1.0216666666666667
90,47,166,10,10.0,1.0
90,47,167,19,18.24,0.96
90,47,168,4,3.79,0.9475
90,47,169,14,12.82,0.9157142857142857
90,47,170,9,8.18,0.9088888888888889
90,47,171,20,17.33,0.8664999999999999
90,47,172,9,7.45,0.8277777777777778
90,47,173,6,4.96,0.8266666666666667
90,47,174,5,3.96,0.792
90,47,175,17,12.9,0.7588235294117647
90,47,176,8,5.95,0.74375
90,47,177,19,14.06,0.74
90,47,178,11,8.1,0.7363636363636363
90,47,179,15,10.87,0.7246666666666666
90,47,180,12,8.66,0.7216666666666667
90,47,181,11,7.72,0.7018181818181818
90,47,182,3,2.08,0.6933333333333334
90,47,183,20,13.78,0.689
90,47,184,8,5.36,0.67
90,47,185,16,10.33,0.645625
90,47,186,16,8.81,0.550625
90,47,187,5,2.72,0.544
90,47,188,9,4.62,0.5133333333333333
90,47,189,11,5.48,0.4981818181818182
90,47,190,2,0.98,0.49
90,47,191,18,8.42,0.4677777777777778
90,47,192,3,1.34,0.4466666666666667
90,47,193,20,8.35,0.4175
90,47,194,13,5.2,0.4
90,47,195,11,3.94,0.35818181818181816
90,47,196,14,4.35,0.31071428571428567
90,47,197,6,1.45,0.24166666666666667
90,47,198,9,1.99,0.22111111111111112
90,47,199,17,3.39,0.19941176470588237
90,48,0,13,63.8,4.907692307692307
90,48,1,10,48.93,4.893
90,48,2,13,63.25,4.865384615384615
90,48,3,4,19.44,4.86
90,48,4,14,67.79,4.842142857142858
90,48,5,14,67.73,4.8378571428571435
90,48,6,20,96.73,4.8365
90,48,7,10,47.76,4.776
90,48,8,9,42.96,4.773333333333333
90,48,9,10,47.38,4.738
90,48,10,1,4.69,4.69
90,48,11,2,9.32,4.66
90,48,12,5,23.28,4.656000000000001
90,48,13,16,74.18,4.63625
90,48,14,18,83.39,4.632777777777778
90,48,15,4,18.44,4.61
90,48,16,5,22.9,4.58
90,48,17,20,91.12,4.556
90,48,18,12,54.56,4.546666666666667
90,48,19,6,27.12,4.5200000000000005
90,48,20,8,36.15,4.51875
90,48,21,17,76.61,4.5064705882352944
90,48,22,11,49.51,4.500909090909091
90,48,23,15,67.01,4.467333333333333
90,48,24,18,80.09,4.4494444444444445
90,48,25,19,83.86,4.413684210526315
90,48,26,5,22.01,4.402
90,48,27,14,61.55,4.396428571428571
90,48,28,1,4.37,4.37
90,48,29,1,4.37,4.37
90,48,30,6,25.99,4.331666666666666
90,48,31,14,59.55,4.253571428571428
90,48,32,14,58.79,4.199285714285714
90,48,33,3,12.58,4.193333333333333
90,48,34,15,62.86,4.190666666666667
90,48,35,13,54.28,4.1753846153846155
90,48,36,18,74.95,4.163888888888889
90,48,37,5,20.69,4.138
90,48,38,13,53.28,4.098461538461539
90,48,39,20,81.84,4.0920000000000005
90,48,40,18,73.6,4.088888888888889
90,48,41,2,8.14,4.07
90,48,42,1,4.07,4.07
90,48,43,19,76.9,4.0473684210526315
90,48,44,5,20.21,4.042
90,48,45,6,24.12,4.0200000000000005
90,48,46,12,48.0,4.0
90,48,47,18,71.59,3.977222222222222
90,48,48,14,55.35,3.9535714285714287
90,48,49,1,3.93,3.93
90,48,50,10,39.23,3.9229999999999996
90,48,51,10,39.03,3.903
90,48,52,8,31.07,3.88375
90,48,53,13,50.41,3.8776923076923073
90,48,54,7,27.14,3.8771428571428572
90,48,55,13,49.4,3.8
90,48,56,14,52.79,3.7707142857142855
90,48,57,15,55.6,3.7066666666666666
90,48,58,9,33.09,3.676666666666667
90,48,59,10,36.6,3.66
90,48,60,14,50.31,3.593571428571429
90,48,61,14,50.26,3.59
90,48,62,9,32.13,3.5700000000000003
90,48,63,19,67.3,3.5421052631578944
90,48,64,2,7.01,3.505
90,48,65,8,27.56,3.445
90,48,66,6,20.59,3.4316666666666666
90,48,67,7,23.85,3.4071428571428575
90,48,68,1,3.39,3.39
90,48,69,13,44.02,3.3861538461538463
90,48,70,20,66.8,3.34
90,48,71,2,6.66,3.33
90,48,72,5,16.54,3.308
90,48,73,4,13.21,3.3025
90,48,74,7,22.69,3.2414285714285715
90,48,75,17,54.6,3.211764705882353
90,48,76,15,47.59,3.1726666666666667
90,48,77,18,57.08,3.171111111111111
90,48,78,10,31.39,3.1390000000000002
90,48,79,10,31.38,3.138
90,48,80,5,15.67,3.134
90,48,81,15,46.82,3.1213333333333333
90,48,82,7,21.78,3.1114285714285717
90,48,83,6,18.65,3.108333333333333
90,48,84,6,18.33,3.0549999999999997
90,48,85,14,42.35,3.025
90,48,86,17,51.0,3.0
90,48,87,13,38.97,2.9976923076923074
90,48,88,2,5.98,2.99
90,48,89,14,41.54,2.967142857142857
90,48,90,15,44.2,2.9466666666666668
90,48,91,9,26.47,2.941111111111111
90,48,92,2,5.87,2.935
90,48,93,11,32.16,2.9236363636363634
90,48,94,19,55.38,2.9147368421052633
90,48,95,12,34.48,2.873333333333333
90,48,96,7,19.96,2.8514285714285714
90,48,97,18,51.22,2.8455555555555554
90,48,98,11,31.02,2.82
90,48,99,13,36.31,2.7930769230769235
90,48,100,14,39.0,2.7857142857142856
90,48,101,8,22.04,2.755
90,48,102,2,5.43,2.715
90,48,103,3,8.07,2.69
90,48,104,1,2.66,2.66
90,48,105,6,15.82,2.6366666666666667
90,48,106,19,49.98,2.6305263157894734
90,48,107,15,38.4,2.56
90,48,108,17,43.42,2.5541176470588236
90,48,109,7,17.7,2.5285714285714285
90,48,110,19,47.84,2.5178947368421056
90,48,111,3,7.46,2.486666666666667
90,48,112,16,39.64,2.4775
90,48,113,5,12.38,2.476
90,48,114,6,14.82,2.47
90,48,115,13,31.73,2.440769230769231
90,48,116,1,2.4,2.4
90,48,117,3,7.16,2.3866666666666667
90,48,118,7,16.41,2.3442857142857143
90,48,119,7,16.37,2.3385714285714285
90,48,120,18,41.84,2.3244444444444445
90,48,121,5,11.5,2.3
90,48,122,19,43.35,2.281578947368421
90,48,123,1,2.26,2.26
90,48,124,20,45.06,2.253
90,48,125,19,42.08,2.214736842105263
90,48,126,3,6.63,2.21
90,48,127,18,39.54,2.1966666666666668
90,48,128,7,15.26,2.18
90,48,129,16,34.85,2.178125
90,48,130,7,14.83,2.1185714285714288
90,48,131,3,6.32,2.106666666666667
90,48,132,9,18.06,2.0066666666666664
90,48,133,6,11.84,1.9733333333333334
90,48,134,12,23.53,1.9608333333333334
90,48,135,6,11.63,1.9383333333333335
90,48,136,8,14.98,1.8725
90,48,137,20,37.21,1.8605
90,48,138,1,1.84,1.84
90,48,139,1,1.82,1.82
90,48,140,2,3.64,1.82
90,48,141,11,19.39,1.7627272727272727
90,48,142,11,18.88,1.7163636363636363
90,48,143,9,15.41,1.7122222222222223
90,48,144,11,18.43,1.6754545454545455
90,48,145,4,6.62,1.655
90,48,146,20,33.04,1.652
90,48,147,15,24.47,1.6313333333333333
90,48,148,10,16.1,1.61
90,48,149,15,23.48,1.5653333333333335
90,48,150,13,19.83,1.5253846153846153
90,48,151,10,15.21,1.5210000000000001
90,48,152,11,15.25,1.3863636363636365
90,48,153,12,16.22,1.3516666666666666
90,48,154,14,18.56,1.3257142857142856
90,48,155,7,9.11,1.3014285714285714
90,48,156,11,14.06,1.2781818181818183
90,48,157,4,5.08,1.27
90,48,158,7,8.5,1.2142857142857142
90,48,159,11,13.21,1.200909090909091
90,48,160,8,9.58,1.1975
90,48,161,16,19.15,1.196875
90,48,162,14,16.38,1.17
90,48,163,6,6.89,1.1483333333333332
90,48,164,17,19.19,1.1288235294117648
90,48,165,4,4.38,1.095
90,48,166,11,12.03,1.0936363636363635
90,48,167,6,6.55,1.0916666666666666
90,48,168,12,12.84,1.07
90,48,169,1,1.06,1.06
90,48,170,17,16.9,0.9941176470588234
90,48,171,2,1.94,0.97
90,48,172,18,17.27,0.9594444444444444
90,48,173,5,4.09,0.818
90,48,174,14,11.35,0.8107142857142857
90,48,175,12,9.72,0.81
90,48,176,13,10.47,0.8053846153846155
90,48,177,12,9.47,0.7891666666666667
90,48,178,7,5.43,0.7757142857142857
90,48,179,9,6.94,0.7711111111111112
90,48,180,15,11.46,0.764
90,48,181,10,7.62,0.762
90,48,182,1,0.75,0.75
90,48,183,2,1.42,0.71
90,48,184,7,4.89,0.6985714285714285
90,48,185,14,9.74,0.6957142857142857
90,48,186,12,7.73,0.6441666666666667
90,48,187,5,3.09,0.618
90,48,188,18,10.11,0.5616666666666666
90,48,189,9,4.88,0.5422222222222222
90,48,190,6,3.13,0.5216666666666666
90,48,191,3,1.47,0.49
90,48,192,6,2.59,0.43166666666666664
90,48,193,17,7.03,0.4135294117647059
90,48,194,8,3.27,0.40875
90,48,195,11,4.39,0.39909090909090905
90,48,196,4,1.28,0.32
90,48,197,12,3.63,0.3025
90,48,198,6,1.7,0.2833333333333333
90,48,199,15,3.15,0.21
