fromnode,tonode,clientID,a,budget,clientRatio
0,2,0,15,96.51,6.434
0,2,1,15,67.24,4.482666666666666
0,2,2,1,2.6,2.6
0,2,3,3,7.71,2.57
0,2,4,9,11.1,1.2333333333333334
0,3,0,15,22.52,1.5013333333333334
0,3,1,20,22.43,1.1215
0,3,2,13,4.15,0.31923076923076926
0,3,3,14,4.21,0.3007142857142857
0,3,4,8,1.12,0.14
0,5,0,4,9.63,2.4075
0,5,1,13,27.08,2.083076923076923
0,5,2,7,12.56,1.7942857142857143
0,5,3,5,6.86,1.372
0,5,4,19,5.0,0.2631578947368421
0,6,0,9,48.13,5.347777777777778
0,6,1,14,73.16,5.225714285714285
0,6,2,1,5.17,5.17
0,6,3,13,23.55,1.8115384615384615
0,6,4,2,2.71,1.355
0,8,0,4,5.41,1.3525
0,8,1,2,2.52,1.26
0,8,2,8,5.01,0.62625
0,8,3,16,3.89,0.243125
0,8,4,1,0.22,0.22
0,10,0,1,2.69,2.69
0,10,1,19,50.82,2.674736842105263
0,10,2,7,12.93,1.8471428571428572
0,10,3,19,22.59,1.1889473684210525
0,10,4,3,2.61,0.87
0,11,0,20,21.71,1.0855000000000001
0,11,1,3,3.18,1.06
0,11,2,7,4.61,0.6585714285714286
0,11,3,13,4.33,0.3330769230769231
0,11,4,5,1.53,0.306
0,12,0,19,55.47,2.9194736842105264
0,12,1,4,10.22,2.555
0,12,2,5,11.05,2.21
0,12,3,18,36.64,2.035555555555556
0,12,4,2,0.54,0.27
0,13,0,13,34.0,2.6153846153846154
0,13,1,12,28.06,2.3383333333333334
0,13,2,17,28.31,1.6652941176470588
0,13,3,8,4.29,0.53625
0,13,4,17,3.79,0.22294117647058823
0,14,0,3,5.69,1.8966666666666667
0,14,1,4,7.56,1.89
0,14,2,19,31.24,1.6442105263157893
0,14,3,7,6.49,0.9271428571428572
0,14,4,19,16.16,0.8505263157894737
0,16,0,13,29.28,2.2523076923076926
0,16,1,3,2.8,0.9333333333333332
0,16,2,15,12.51,0.834
0,16,3,4,2.73,0.6825
0,16,4,11,1.25,0.11363636363636363
0,17,0,18,12.91,0.7172222222222222
0,17,1,8,4.11,0.51375
0,17,2,16,5.24,0.3275
0,17,3,10,1.22,0.122
0,17,4,2,0.11,0.055
0,20,0,13,11.53,0.8869230769230769
0,20,1,3,2.25,0.75
0,20,2,18,11.9,0.6611111111111111
0,20,3,10,3.42,0.34199999999999997
0,20,4,8,1.77,0.22125
0,21,0,6,6.33,1.055
0,21,1,6,1.88,0.3133333333333333
0,21,2,20,3.9,0.195
0,21,3,2,0.21,0.105
0,21,4,9,0.66,0.07333333333333333
0,23,0,5,29.91,5.982
0,23,1,7,34.56,4.937142857142858
0,23,2,10,38.94,3.8939999999999997
0,23,3,16,57.57,3.598125
0,23,4,12,23.37,1.9475
0,24,0,18,33.56,1.8644444444444446
0,24,1,13,18.94,1.456923076923077
0,24,2,18,14.06,0.7811111111111111
0,24,3,15,6.39,0.426
0,24,4,4,0.99,0.2475
0,25,0,4,1.83,0.4575
0,25,1,9,3.48,0.38666666666666666
0,25,2,6,2.01,0.33499999999999996
0,25,3,9,2.44,0.2711111111111111
0,25,4,20,5.1,0.255
0,26,0,8,44.48,5.56
0,26,1,6,31.11,5.185
0,26,2,15,58.63,3.908666666666667
0,26,3,7,9.4,1.342857142857143
0,26,4,3,3.78,1.26
0,28,0,19,14.6,0.7684210526315789
0,28,1,1,0.48,0.48
0,28,2,6,2.75,0.4583333333333333
0,28,3,18,6.02,0.33444444444444443
0,28,4,18,1.52,0.08444444444444445
0,30,0,19,54.15,2.85
0,30,1,3,8.44,2.813333333333333
0,30,2,19,33.97,1.7878947368421052
0,30,3,17,30.13,1.7723529411764705
0,30,4,18,19.32,1.0733333333333333
0,34,0,16,7.43,0.464375
0,34,1,8,3.04,0.38
0,34,2,16,3.96,0.2475
0,34,3,4,0.28,0.07
0,34,4,10,0.53,0.053000000000000005
0,37,0,2,1.36,0.68
0,37,1,19,11.92,0.6273684210526316
0,37,2,1,0.39,0.39
0,37,3,15,3.85,0.25666666666666665
0,37,4,8,0.58,0.0725
0,42,0,20,18.99,0.9494999999999999
0,42,1,2,1.72,0.86
0,42,2,14,10.55,0.7535714285714287
0,42,3,3,0.83,0.27666666666666667
0,42,4,20,3.02,0.151
0,43,0,1,1.65,1.65
0,43,1,12,17.65,1.4708333333333332
0,43,2,18,22.94,1.2744444444444445
0,43,3,3,2.49,0.8300000000000001
0,43,4,3,0.71,0.23666666666666666
0,45,0,13,17.19,1.3223076923076924
0,45,1,12,11.0,0.9166666666666666
0,45,2,15,12.19,0.8126666666666666
0,45,3,5,0.95,0.19
0,45,4,11,0.71,0.06454545454545454
0,47,0,7,24.58,3.511428571428571
0,47,1,15,42.83,2.8553333333333333
0,47,2,3,4.32,1.4400000000000002
0,47,3,4,2.12,0.53
0,47,4,4,1.62,0.405
0,48,0,9,24.62,2.7355555555555555
0,48,1,1,1.73,1.73
0,48,2,3,2.83,0.9433333333333334
0,48,3,17,14.0,0.8235294117647058
0,48,4,7,1.36,0.1942857142857143
0,49,0,1,1.82,1.82
0,49,1,9,16.09,1.7877777777777777
0,49,2,2,3.41,1.705
0,49,3,16,25.93,1.620625
0,49,4,17,25.96,1.5270588235294118
0,51,0,6,7.65,1.2750000000000001
0,51,1,13,15.84,1.2184615384615385
0,51,2,20,22.96,1.1480000000000001
0,51,3,2,1.81,0.905
0,51,4,5,2.14,0.42800000000000005
0,53,0,10,99.84,9.984
0,53,1,19,73.04,3.84421052631579
0,53,2,20,71.9,3.595
0,53,3,15,42.86,2.8573333333333335
0,53,4,4,2.81,0.7025
0,54,0,15,10.87,0.7246666666666666
0,54,1,19,13.48,0.7094736842105264
0,54,2,13,8.74,0.6723076923076923
0,54,3,3,1.36,0.45333333333333337
0,54,4,13,4.23,0.32538461538461544
0,57,0,5,24.69,4.938000000000001
0,57,1,7,26.42,3.7742857142857145
0,57,2,3,3.19,1.0633333333333332
0,57,3,13,6.55,0.5038461538461538
0,57,4,18,6.18,0.3433333333333333
0,58,0,15,26.1,1.74
0,58,1,18,25.36,1.4088888888888889
0,58,2,20,27.84,1.392
0,58,3,3,1.97,0.6566666666666666
0,58,4,13,5.7,0.43846153846153846
0,59,0,8,22.92,2.865
0,59,1,11,27.95,2.540909090909091
0,59,2,17,29.17,1.7158823529411766
0,59,3,18,26.31,1.4616666666666667
0,59,4,3,0.58,0.19333333333333333
0,64,0,1,1.92,1.92
0,64,1,10,18.0,1.8
0,64,2,15,21.36,1.424
0,64,3,7,1.49,0.21285714285714286
0,64,4,11,1.73,0.15727272727272726
0,67,0,13,32.5,2.5
0,67,1,4,7.98,1.995
0,67,2,19,37.67,1.9826315789473685
0,67,3,13,20.28,1.56
0,67,4,5,6.7,1.34
0,69,0,20,62.02,3.101
0,69,1,13,29.98,2.306153846153846
0,69,2,5,10.42,2.084
0,69,3,12,18.21,1.5175
0,69,4,9,8.3,0.9222222222222223
0,70,0,14,21.77,1.555
0,70,1,17,25.25,1.4852941176470589
0,70,2,6,6.01,1.0016666666666667
0,70,3,1,0.57,0.57
0,70,4,1,0.52,0.52
0,77,0,5,4.68,0.9359999999999999
0,77,1,16,13.69,0.855625
0,77,2,5,3.31,0.662
0,77,3,3,1.12,0.37333333333333335
0,77,4,8,2.09,0.26125
0,78,0,12,18.32,1.5266666666666666
0,78,1,2,2.28,1.14
0,78,2,6,6.76,1.1266666666666667
0,78,3,4,3.85,0.9625
0,78,4,12,1.58,0.13166666666666668
0,81,0,7,64.43,9.204285714285716
0,81,1,19,92.28,4.856842105263158
0,81,2,14,37.78,2.698571428571429
0,81,3,11,29.02,2.638181818181818
0,81,4,18,33.11,1.8394444444444444
0,86,0,18,184.77,10.265
0,86,1,13,119.04,9.156923076923077
0,86,2,14,93.05,6.646428571428571
0,86,3,12,63.67,5.305833333333333
0,86,4,2,8.17,4.085
0,88,0,16,20.11,1.256875
0,88,1,6,7.5,1.25
0,88,2,3,3.48,1.16
0,88,3,9,10.41,1.1566666666666667
0,88,4,7,5.2,0.7428571428571429
0,90,0,8,12.26,1.5325
0,90,1,1,1.47,1.47
0,90,2,6,7.26,1.21
0,90,3,18,10.23,0.5683333333333334
0,90,4,6,0.63,0.105
0,92,0,7,3.08,0.44
0,92,1,19,7.44,0.3915789473684211
0,92,2,5,1.17,0.23399999999999999
0,92,3,11,2.25,0.20454545454545456
0,92,4,13,0.64,0.04923076923076923
0,95,0,5,7.72,1.544
0,95,1,13,18.75,1.4423076923076923
0,95,2,7,7.94,1.1342857142857143
0,95,3,8,6.62,0.8275
0,95,4,2,1.19,0.595
0,96,0,17,20.73,1.2194117647058824
0,96,1,13,14.55,1.1192307692307693
0,96,2,17,4.16,0.2447058823529412
0,96,3,13,2.98,0.22923076923076924
0,96,4,13,1.23,0.09461538461538462
0,98,0,6,22.37,3.7283333333333335
0,98,1,16,38.2,2.3875
0,98,2,14,31.13,2.2235714285714283
0,98,3,9,15.88,1.7644444444444445
0,98,4,20,11.57,0.5785
0,99,0,7,1.23,0.1757142857142857
0,99,1,12,1.57,0.13083333333333333
0,99,2,17,1.94,0.11411764705882353
0,99,3,4,0.22,0.055
0,99,4,1,0.05,0.05
2,0,0,12,80.89,6.740833333333334
2,0,1,14,93.71,6.6935714285714285
2,0,2,6,29.18,4.863333333333333
2,0,3,4,8.11,2.0275
2,0,4,10,18.29,1.829
2,3,0,6,29.76,4.96
2,3,1,12,36.52,3.0433333333333334
2,3,2,1,1.46,1.46
2,3,3,7,7.63,1.09
2,3,4,7,3.56,0.5085714285714286
2,5,0,18,99.33,5.5183333333333335
2,5,1,14,71.21,5.086428571428571
2,5,2,15,40.64,2.7093333333333334
2,5,3,3,2.76,0.9199999999999999
2,5,4,6,4.1,0.6833333333333332
2,6,0,7,19.33,2.761428571428571
2,6,1,19,49.63,2.6121052631578947
2,6,2,12,27.0,2.25
2,6,3,12,26.28,2.19
2,6,4,19,11.01,0.5794736842105263
2,8,0,17,127.45,7.497058823529412
2,8,1,14,94.2,6.728571428571429
2,8,2,18,51.17,2.842777777777778
2,8,3,15,39.95,2.6633333333333336
2,8,4,2,3.25,1.625
2,10,0,12,40.39,3.3658333333333332
2,10,1,12,23.12,1.9266666666666667
2,10,2,18,32.7,1.8166666666666669
2,10,3,8,14.19,1.77375
2,10,4,4,1.54,0.385
2,11,0,3,25.63,8.543333333333333
2,11,1,4,27.74,6.935
2,11,2,14,63.55,4.539285714285714
2,11,3,11,42.19,3.8354545454545454
2,11,4,6,5.23,0.8716666666666667
2,12,0,7,38.82,5.545714285714285
2,12,1,3,7.08,2.36
2,12,2,1,1.92,1.92
2,12,3,1,1.55,1.55
2,12,4,16,18.4,1.15
2,13,0,9,62.44,6.937777777777778
2,13,1,19,111.35,5.860526315789474
2,13,2,1,5.31,5.31
2,13,3,7,31.97,4.567142857142857
2,13,4,4,16.0,4.0
2,14,0,6,54.31,9.051666666666668
2,14,1,14,116.4,8.314285714285715
2,14,2,3,15.23,5.076666666666667
2,14,3,7,21.67,3.095714285714286
2,14,4,10,16.58,1.658
2,16,0,11,82.38,7.489090909090908
2,16,1,16,99.64,6.2275
2,16,2,17,101.59,5.975882352941177
2,16,3,10,50.97,5.0969999999999995
2,16,4,17,85.53,5.031176470588235
2,17,0,16,92.92,5.8075
2,17,1,18,81.98,4.554444444444445
2,17,2,3,9.08,3.026666666666667
2,17,3,11,8.58,0.78
2,17,4,15,10.11,0.6739999999999999
2,20,0,16,63.68,3.98
2,20,1,18,63.14,3.5077777777777777
2,20,2,4,13.34,3.335
2,20,3,18,52.22,2.901111111111111
2,20,4,16,17.61,1.100625
2,21,0,3,16.1,5.366666666666667
2,21,1,1,4.43,4.43
2,21,2,15,66.4,4.426666666666667
2,21,3,19,83.77,4.408947368421052
2,21,4,18,22.67,1.2594444444444446
2,23,0,15,18.66,1.244
2,23,1,1,1.19,1.19
2,23,2,11,8.17,0.7427272727272727
2,23,3,12,5.9,0.4916666666666667
2,23,4,6,1.64,0.2733333333333333
2,24,0,11,74.57,6.779090909090908
2,24,1,10,66.32,6.632
2,24,2,3,19.31,6.4366666666666665
2,24,3,11,56.58,5.143636363636364
2,24,4,11,28.59,2.599090909090909
2,25,0,10,55.19,5.519
2,25,1,2,8.38,4.19
2,25,2,19,36.43,1.9173684210526316
2,25,3,14,24.76,1.7685714285714287
2,25,4,16,11.47,0.716875
2,26,0,4,8.67,2.1675
2,26,1,15,29.18,1.9453333333333334
2,26,2,7,5.08,0.7257142857142858
2,26,3,3,1.43,0.4766666666666666
2,26,4,10,1.78,0.178
2,28,0,9,52.26,5.806666666666667
2,28,1,6,32.09,5.348333333333334
2,28,2,10,50.01,5.0009999999999994
2,28,3,15,71.03,4.735333333333333
2,28,4,4,3.96,0.99
2,30,0,7,20.96,2.994285714285714
2,30,1,7,14.95,2.1357142857142857
2,30,2,12,14.46,1.205
2,30,3,6,7.01,1.1683333333333332
2,30,4,18,16.94,0.9411111111111112
2,34,0,6,34.37,5.728333333333333
2,34,1,5,27.75,5.55
2,34,2,13,69.26,5.327692307692308
2,34,3,9,33.01,3.6677777777777774
2,34,4,9,20.04,2.2266666666666666
2,37,0,18,100.88,5.604444444444444
2,37,1,4,15.21,3.8025
2,37,2,20,75.79,3.7895000000000003
2,37,3,5,14.72,2.944
2,37,4,20,50.91,2.5454999999999997
2,42,0,11,74.6,6.781818181818181
2,42,1,1,3.23,3.23
2,42,2,8,25.54,3.1925
2,42,3,11,15.49,1.4081818181818182
2,42,4,3,3.58,1.1933333333333334
2,43,0,15,134.17,8.944666666666667
2,43,1,18,152.48,8.47111111111111
2,43,2,9,59.2,6.577777777777778
2,43,3,8,52.12,6.515
2,43,4,1,6.05,6.05
2,45,0,6,14.93,2.4883333333333333
2,45,1,3,5.6,1.8666666666666665
2,45,2,7,12.04,1.72
2,45,3,11,12.21,1.11
2,45,4,4,1.52,0.38
2,47,0,1,5.15,5.15
2,47,1,6,27.83,4.638333333333333
2,47,2,9,40.38,4.486666666666667
2,47,3,19,26.17,1.3773684210526316
2,47,4,13,15.75,1.2115384615384615
2,48,0,16,31.66,1.97875
2,48,1,1,1.41,1.41
2,48,2,5,5.58,1.116
2,48,3,17,11.3,0.6647058823529413
2,48,4,16,6.4,0.4
2,49,0,16,89.69,5.605625
2,49,1,10,42.13,4.213
2,49,2,4,14.9,3.725
2,49,3,6,20.69,3.4483333333333337
2,49,4,1,1.66,1.66
2,51,0,12,70.3,5.858333333333333
2,51,1,8,42.34,5.2925
2,51,2,11,46.22,4.201818181818182
2,51,3,9,12.87,1.43
2,51,4,7,2.09,0.29857142857142854
2,53,0,2,5.01,2.505
2,53,1,13,31.15,2.396153846153846
2,53,2,10,18.7,1.8699999999999999
2,53,3,7,7.63,1.09
2,53,4,16,3.19,0.199375
2,54,0,7,28.23,4.032857142857143
2,54,1,14,46.83,3.3449999999999998
2,54,2,17,23.67,1.3923529411764708
2,54,3,4,2.78,0.695
2,54,4,11,4.9,0.4454545454545455
2,57,0,18,135.82,7.545555555555556
2,57,1,4,26.84,6.71
2,57,2,6,36.94,6.156666666666666
2,57,3,9,46.25,5.138888888888889
2,57,4,9,13.52,1.5022222222222221
2,58,0,9,47.71,5.301111111111111
2,58,1,3,14.69,4.8966666666666665
2,58,2,11,44.52,4.047272727272728
2,58,3,2,4.45,2.225
2,58,4,19,29.06,1.5294736842105263
2,59,0,12,41.9,3.4916666666666667
2,59,1,5,16.41,3.282
2,59,2,1,2.92,2.92
2,59,3,5,5.53,1.106
2,59,4,14,3.07,0.21928571428571428
2,64,0,16,144.78,9.04875
2,64,1,19,120.84,6.36
2,64,2,18,79.02,4.39
2,64,3,20,85.24,4.262
2,64,4,16,37.08,2.3175
2,67,0,4,6.49,1.6225
2,67,1,6,7.85,1.3083333333333333
2,67,2,19,16.47,0.8668421052631579
2,67,3,15,10.47,0.6980000000000001
2,67,4,15,5.37,0.358
2,69,0,9,28.08,3.1199999999999997
2,69,1,2,1.99,0.995
2,69,2,9,8.14,0.9044444444444445
2,69,3,20,15.37,0.7685
2,69,4,12,7.54,0.6283333333333333
2,70,0,7,58.16,8.308571428571428
2,70,1,17,134.64,7.919999999999999
2,70,2,13,95.31,7.331538461538462
2,70,3,9,36.54,4.06
2,70,4,13,28.38,2.183076923076923
2,77,0,15,121.47,8.098
2,77,1,19,144.64,7.612631578947368
2,77,2,3,21.74,7.246666666666666
2,77,3,2,5.89,2.945
2,77,4,12,18.35,1.5291666666666668
2,78,0,2,8.87,4.435
2,78,1,20,76.7,3.835
2,78,2,14,51.11,3.650714285714286
2,78,3,15,24.13,1.6086666666666667
2,78,4,11,13.37,1.2154545454545453
2,81,0,9,38.04,4.226666666666667
2,81,1,2,5.7,2.85
2,81,2,15,17.01,1.1340000000000001
2,81,3,14,8.43,0.6021428571428571
2,81,4,13,4.95,0.3807692307692308
2,86,0,3,16.41,5.47
2,86,1,1,4.23,4.23
2,86,2,4,10.48,2.62
2,86,3,6,15.46,2.5766666666666667
2,86,4,10,21.89,2.189
2,88,0,2,9.07,4.535
2,88,1,1,3.82,3.82
2,88,2,10,34.06,3.406
2,88,3,14,35.09,2.5064285714285717
2,88,4,14,30.61,2.1864285714285714
2,90,0,13,111.44,8.572307692307692
2,90,1,13,68.39,5.260769230769231
2,90,2,3,9.65,3.216666666666667
2,90,3,7,16.0,2.2857142857142856
2,90,4,16,7.58,0.47375
2,92,0,8,52.12,6.515
2,92,1,7,44.1,6.3
2,92,2,12,71.28,5.94
2,92,3,12,69.57,5.797499999999999
2,92,4,16,71.15,4.446875
2,95,0,19,157.94,8.312631578947368
2,95,1,4,33.18,8.295
2,95,2,3,11.79,3.9299999999999997
2,95,3,10,29.59,2.959
2,95,4,13,27.1,2.0846153846153848
2,96,0,6,38.35,6.391666666666667
2,96,1,3,18.73,6.243333333333333
2,96,2,12,55.38,4.615
2,96,3,11,40.81,3.7100000000000004
2,96,4,15,44.82,2.988
2,98,0,5,12.71,2.5420000000000003
2,98,1,7,17.19,2.455714285714286
2,98,2,20,48.72,2.436
2,98,3,8,12.8,1.6
2,98,4,20,13.68,0.6839999999999999
2,99,0,12,81.46,6.788333333333333
2,99,1,7,26.79,3.827142857142857
2,99,2,6,14.26,2.3766666666666665
2,99,3,17,20.38,1.1988235294117646
2,99,4,1,0.44,0.44
3,0,0,17,21.62,1.271764705882353
3,0,1,9,11.18,1.2422222222222221
3,0,2,4,2.58,0.645
3,0,3,2,1.06,0.53
3,0,4,13,5.18,0.3984615384615384
3,2,0,12,32.25,2.6875
3,2,1,8,14.95,1.86875
3,2,2,10,10.21,1.0210000000000001
3,2,3,20,7.44,0.372
3,2,4,2,0.73,0.365
3,5,0,15,34.93,2.3286666666666664
3,5,1,17,39.34,2.314117647058824
3,5,2,12,17.73,1.4775
3,5,3,10,7.74,0.774
3,5,4,4,1.69,0.4225
3,6,0,4,24.66,6.165
3,6,1,17,103.69,6.0994117647058825
3,6,2,11,54.2,4.927272727272728
3,6,3,13,25.88,1.9907692307692306
3,6,4,18,14.32,0.7955555555555556
3,8,0,18,9.03,0.5016666666666666
3,8,1,4,1.85,0.4625
3,8,2,1,0.38,0.38
3,8,3,11,0.79,0.07181818181818182
3,8,4,19,1.02,0.05368421052631579
3,10,0,6,35.9,5.983333333333333
3,10,1,20,96.03,4.8015
3,10,2,19,74.75,3.9342105263157894
3,10,3,2,1.95,0.975
3,10,4,18,10.79,0.5994444444444444
3,11,0,18,10.65,0.5916666666666667
3,11,1,1,0.16,0.16
3,11,2,6,0.96,0.16
3,11,3,15,1.1,0.07333333333333333
3,11,4,18,0.7,0.03888888888888889
3,12,0,7,24.83,3.5471428571428567
3,12,1,16,22.28,1.3925
3,12,2,1,0.5,0.5
3,12,3,3,0.77,0.25666666666666665
3,12,4,3,0.75,0.25
3,13,0,4,4.71,1.1775
3,13,1,3,3.44,1.1466666666666667
3,13,2,1,0.82,0.82
3,13,3,9,3.98,0.44222222222222224
3,13,4,13,4.63,0.35615384615384615
3,14,0,7,6.16,0.88
3,14,1,2,1.55,0.775
3,14,2,8,4.6,0.575
3,14,3,19,3.31,0.17421052631578948
3,14,4,6,0.85,0.14166666666666666
3,16,0,19,51.37,2.7036842105263155
3,16,1,7,11.12,1.5885714285714285
3,16,2,16,20.9,1.30625
3,16,3,10,10.64,1.064
3,16,4,3,2.0,0.6666666666666666
3,17,0,12,20.84,1.7366666666666666
3,17,1,12,18.6,1.55
3,17,2,10,14.82,1.482
3,17,3,3,2.04,0.68
3,17,4,4,2.61,0.6525
3,20,0,5,8.34,1.668
3,20,1,17,20.39,1.1994117647058824
3,20,2,3,2.83,0.9433333333333334
3,20,3,7,4.2,0.6
3,20,4,19,10.16,0.5347368421052632
3,21,0,8,16.62,2.0775
3,21,1,13,25.38,1.9523076923076923
3,21,2,1,0.48,0.48
3,21,3,18,6.07,0.33722222222222226
3,21,4,14,3.94,0.2814285714285714
3,23,0,17,117.54,6.9141176470588235
3,23,1,1,6.09,6.09
3,23,2,3,18.16,6.053333333333334
3,23,3,15,51.07,3.4046666666666665
3,23,4,10,26.86,2.686
3,24,0,16,24.62,1.53875
3,24,1,16,20.51,1.281875
3,24,2,19,21.02,1.1063157894736841
3,24,3,5,1.75,0.35
3,24,4,2,0.56,0.28
3,25,0,5,7.73,1.546
3,25,1,16,24.12,1.5075
3,25,2,18,25.49,1.416111111111111
3,25,3,12,15.47,1.2891666666666668
3,25,4,7,2.49,0.35571428571428576
3,26,0,15,93.18,6.212000000000001
3,26,1,17,96.42,5.671764705882353
3,26,2,6,30.51,5.085
3,26,3,14,8.24,0.5885714285714286
3,26,4,5,2.46,0.492
3,28,0,17,38.59,2.27
3,28,1,6,10.2,1.7
3,28,2,18,23.0,1.2777777777777777
3,28,3,14,8.69,0.6207142857142857
3,28,4,5,2.12,0.42400000000000004
3,30,0,17,71.22,4.189411764705882
3,30,1,19,74.89,3.9415789473684213
3,30,2,19,21.25,1.118421052631579
3,30,3,4,4.22,1.055
3,30,4,2,0.45,0.225
3,34,0,8,10.29,1.28625
3,34,1,20,22.36,1.1179999999999999
3,34,2,2,1.87,0.935
3,34,3,19,11.95,0.6289473684210526
3,34,4,10,1.47,0.147
3,37,0,12,30.27,2.5225
3,37,1,13,29.17,2.243846153846154
3,37,2,3,5.49,1.83
3,37,3,1,1.76,1.76
3,37,4,13,7.31,0.5623076923076923
3,42,0,11,2.88,0.2618181818181818
3,42,1,11,2.27,0.20636363636363636
3,42,2,4,0.81,0.2025
3,42,3,15,2.21,0.14733333333333334
3,42,4,13,1.14,0.08769230769230768
3,43,0,13,10.79,0.83
3,43,1,18,14.83,0.8238888888888889
3,43,2,18,10.66,0.5922222222222222
3,43,3,8,4.18,0.5225
3,43,4,11,2.79,0.25363636363636366
3,45,0,6,16.0,2.6666666666666665
3,45,1,14,35.14,2.5100000000000002
3,45,2,19,41.58,2.188421052631579
3,45,3,13,22.4,1.723076923076923
3,45,4,9,3.38,0.37555555555555553
3,47,0,15,39.46,2.630666666666667
3,47,1,19,44.37,2.3352631578947367
3,47,2,1,1.81,1.81
3,47,3,19,9.66,0.508421052631579
3,47,4,12,2.63,0.21916666666666665
3,48,0,8,35.63,4.45375
3,48,1,20,82.65,4.1325
3,48,2,17,41.58,2.4458823529411764
3,48,3,2,4.68,2.34
3,48,4,8,6.81,0.85125
3,49,0,15,29.38,1.9586666666666666
3,49,1,20,34.34,1.717
3,49,2,15,16.33,1.0886666666666664
3,49,3,20,20.81,1.0405
3,49,4,3,1.74,0.58
3,51,0,16,25.65,1.603125
3,51,1,20,27.45,1.3725
3,51,2,14,15.74,1.1242857142857143
3,51,3,13,14.24,1.0953846153846154
3,51,4,20,6.54,0.327
3,53,0,6,63.22,10.536666666666667
3,53,1,10,83.53,8.353
3,53,2,14,87.27,6.2335714285714285
3,53,3,3,18.34,6.113333333333333
3,53,4,15,38.49,2.5660000000000003
3,54,0,18,40.34,2.2411111111111115
3,54,1,10,22.13,2.213
3,54,2,13,23.3,1.7923076923076924
3,54,3,18,20.2,1.1222222222222222
3,54,4,11,6.98,0.6345454545454546
3,57,0,18,79.49,4.41611111111111
3,57,1,13,47.97,3.69
3,57,2,2,7.22,3.61
3,57,3,4,10.01,2.5025
3,57,4,4,7.71,1.9275
3,58,0,9,19.63,2.181111111111111
3,58,1,19,40.65,2.139473684210526
3,58,2,18,28.04,1.5577777777777777
3,58,3,7,8.69,1.2414285714285713
3,58,4,4,3.94,0.985
3,59,0,17,80.5,4.735294117647059
3,59,1,18,46.52,2.5844444444444448
3,59,2,9,10.22,1.1355555555555557
3,59,3,15,15.25,1.0166666666666666
3,59,4,14,9.43,0.6735714285714286
3,64,0,9,3.3,0.36666666666666664
3,64,1,2,0.63,0.315
3,64,2,16,3.5,0.21875
3,64,3,11,1.52,0.13818181818181818
3,64,4,20,0.68,0.034
3,67,0,14,62.65,4.475
3,67,1,10,33.48,3.348
3,67,2,4,7.44,1.86
3,67,3,3,2.08,0.6933333333333334
3,67,4,5,1.98,0.396
3,69,0,3,12.76,4.253333333333333
3,69,1,14,46.27,3.305
3,69,2,19,40.48,2.1305263157894734
3,69,3,17,33.92,1.9952941176470589
3,69,4,7,9.08,1.2971428571428572
3,70,0,17,4.13,0.24294117647058822
3,70,1,18,4.11,0.22833333333333336
3,70,2,8,1.5,0.1875
3,70,3,13,2.41,0.1853846153846154
3,70,4,8,0.86,0.1075
3,77,0,7,6.56,0.937142857142857
3,77,1,13,12.18,0.9369230769230769
3,77,2,4,2.78,0.695
3,77,3,14,7.54,0.5385714285714286
3,77,4,10,4.64,0.46399999999999997
3,78,0,15,26.52,1.768
3,78,1,13,22.79,1.753076923076923
3,78,2,2,1.39,0.695
3,78,3,8,4.01,0.50125
3,78,4,19,4.85,0.2552631578947368
3,81,0,17,156.65,9.214705882352941
3,81,1,20,154.19,7.7095
3,81,2,10,73.7,7.37
3,81,3,2,11.41,5.705
3,81,4,13,31.74,2.441538461538461
3,86,0,9,101.59,11.287777777777778
3,86,1,4,38.46,9.615
3,86,2,14,80.99,5.784999999999999
3,86,3,19,36.7,1.9315789473684213
3,86,4,8,6.99,0.87375
3,88,0,18,42.57,2.365
3,88,1,20,46.06,2.303
3,88,2,1,1.85,1.85
3,88,3,2,2.29,1.145
3,88,4,14,10.11,0.7221428571428571
3,90,0,4,3.29,0.8225
3,90,1,6,3.57,0.595
3,90,2,2,1.15,0.575
3,90,3,18,2.92,0.1622222222222222
3,90,4,9,0.76,0.08444444444444445
3,92,0,6,10.04,1.6733333333333331
3,92,1,12,17.05,1.4208333333333334
3,92,2,2,2.72,1.36
3,92,3,10,6.17,0.617
3,92,4,9,5.32,0.5911111111111111
3,95,0,11,6.21,0.5645454545454546
3,95,1,16,7.68,0.48
3,95,2,17,6.17,0.3629411764705882
3,95,3,16,5.23,0.326875
3,95,4,4,0.57,0.1425
3,96,0,18,10.67,0.5927777777777777
3,96,1,3,1.65,0.5499999999999999
3,96,2,20,5.97,0.2985
3,96,3,15,1.57,0.10466666666666667
3,96,4,4,0.36,0.09
3,98,0,13,55.52,4.270769230769231
3,98,1,6,21.26,3.5433333333333334
3,98,2,5,14.72,2.944
3,98,3,15,13.98,0.932
3,98,4,18,13.41,0.745
3,99,0,15,20.19,1.346
3,99,1,11,14.58,1.3254545454545454
3,99,2,17,19.71,1.1594117647058824
3,99,3,16,12.58,0.78625
3,99,4,13,4.97,0.3823076923076923
5,0,0,6,15.21,2.535
5,0,1,8,17.46,2.1825
5,0,2,19,36.72,1.9326315789473683
5,0,3,16,14.09,0.880625
5,0,4,1,0.64,0.64
5,2,0,1,5.93,5.93
5,2,1,6,25.22,4.203333333333333
5,2,2,12,50.09,4.174166666666667
5,2,3,5,17.1,3.4200000000000004
5,2,4,12,22.52,1.8766666666666667
5,3,0,10,25.9,2.59
5,3,1,16,21.92,1.37
5,3,2,13,16.37,1.2592307692307694
5,3,3,13,7.71,0.5930769230769231
5,3,4,17,6.04,0.3552941176470588
5,6,0,8,29.21,3.65125
5,6,1,2,6.61,3.305
5,6,2,12,27.9,2.3249999999999997
5,6,3,13,28.11,2.1623076923076923
5,6,4,3,0.74,0.24666666666666667
5,8,0,9,21.02,2.3355555555555556
5,8,1,15,27.57,1.838
5,8,2,6,2.8,0.4666666666666666
5,8,3,13,4.05,0.31153846153846154
5,8,4,4,0.86,0.215
5,10,0,4,13.57,3.3925
5,10,1,11,32.63,2.9663636363636368
5,10,2,17,48.57,2.8570588235294117
5,10,3,6,5.12,0.8533333333333334
5,10,4,8,4.55,0.56875
5,11,0,4,13.66,3.415
5,11,1,6,19.41,3.235
5,11,2,3,9.58,3.1933333333333334
5,11,3,13,31.06,2.3892307692307693
5,11,4,18,13.01,0.7227777777777777
5,12,0,11,9.13,0.8300000000000001
5,12,1,20,16.36,0.818
5,12,2,9,6.45,0.7166666666666667
5,12,3,8,4.19,0.52375
5,12,4,18,7.96,0.44222222222222224
5,13,0,17,49.53,2.913529411764706
5,13,1,18,50.58,2.81
5,13,2,20,48.16,2.408
5,13,3,15,23.92,1.5946666666666667
5,13,4,14,3.43,0.24500000000000002
5,14,0,9,27.78,3.086666666666667
5,14,1,2,3.91,1.955
5,14,2,19,23.65,1.2447368421052631
5,14,3,19,13.55,0.7131578947368421
5,14,4,7,4.46,0.6371428571428571
5,16,0,5,1.92,0.384
5,16,1,3,1.15,0.3833333333333333
5,16,2,3,1.0,0.3333333333333333
5,16,3,2,0.43,0.215
5,16,4,5,0.73,0.146
5,17,0,4,6.86,1.715
5,17,1,7,7.58,1.082857142857143
5,17,2,10,9.31,0.931
5,17,3,13,8.85,0.6807692307692308
5,17,4,1,0.49,0.49
5,20,0,12,34.81,2.9008333333333334
5,20,1,20,45.41,2.2704999999999997
5,20,2,12,19.98,1.665
5,20,3,12,19.76,1.6466666666666667
5,20,4,4,1.67,0.4175
5,21,0,3,6.01,2.0033333333333334
5,21,1,1,1.88,1.88
5,21,2,9,16.84,1.8711111111111112
5,21,3,9,13.92,1.5466666666666666
5,21,4,16,4.92,0.3075
5,23,0,19,118.04,6.212631578947369
5,23,1,12,71.35,5.945833333333333
5,23,2,11,54.86,4.987272727272727
5,23,3,8,39.73,4.96625
5,23,4,16,12.83,0.801875
5,24,0,16,2.78,0.17375
5,24,1,5,0.39,0.078
5,24,2,19,1.26,0.06631578947368422
5,24,3,11,0.42,0.03818181818181818
5,24,4,10,0.17,0.017
5,25,0,16,26.8,1.675
5,25,1,13,21.35,1.6423076923076925
5,25,2,18,29.1,1.6166666666666667
5,25,3,9,2.14,0.23777777777777778
5,25,4,11,1.12,0.10181818181818182
5,26,0,7,28.09,4.0128571428571425
5,26,1,18,64.26,3.5700000000000003
5,26,2,3,10.38,3.4600000000000004
5,26,3,2,5.43,2.715
5,26,4,6,10.13,1.6883333333333335
5,28,0,6,6.4,1.0666666666666667
5,28,1,17,13.36,0.7858823529411765
5,28,2,18,13.17,0.7316666666666667
5,28,3,18,9.26,0.5144444444444445
5,28,4,3,1.54,0.5133333333333333
5,30,0,2,8.19,4.095
5,30,1,8,31.49,3.93625
5,30,2,15,45.0,3.0
5,30,3,6,14.17,2.361666666666667
5,30,4,7,14.95,2.1357142857142857
5,34,0,7,20.52,2.9314285714285715
5,34,1,6,9.27,1.545
5,34,2,15,18.68,1.2453333333333334
5,34,3,8,7.48,0.935
5,34,4,11,6.06,0.5509090909090909
5,37,0,1,2.19,2.19
5,37,1,5,10.21,2.0420000000000003
5,37,2,4,7.61,1.9025
5,37,3,2,3.58,1.79
5,37,4,16,12.49,0.780625
5,42,0,16,39.51,2.469375
5,42,1,18,42.55,2.363888888888889
5,42,2,19,38.09,2.004736842105263
5,42,3,5,9.2,1.8399999999999999
5,42,4,17,18.25,1.0735294117647058
5,43,0,9,28.9,3.211111111111111
5,43,1,8,21.24,2.655
5,43,2,15,21.35,1.4233333333333333
5,43,3,13,18.44,1.4184615384615387
5,43,4,13,3.7,0.2846153846153846
5,45,0,16,39.52,2.47
5,45,1,15,33.29,2.219333333333333
5,45,2,7,14.78,2.111428571428571
5,45,3,7,5.72,0.8171428571428571
5,45,4,12,7.32,0.61
5,47,0,1,0.93,0.93
5,47,1,19,11.97,0.63
5,47,2,10,4.52,0.45199999999999996
5,47,3,15,6.77,0.4513333333333333
5,47,4,6,1.56,0.26
5,48,0,1,3.97,3.97
5,48,1,8,22.84,2.855
5,48,2,12,28.51,2.3758333333333335
5,48,3,12,24.33,2.0275
5,48,4,12,16.0,1.3333333333333333
5,49,0,15,12.36,0.824
5,49,1,20,13.81,0.6905
5,49,2,17,8.82,0.5188235294117647
5,49,3,2,0.85,0.425
5,49,4,7,2.9,0.41428571428571426
5,51,0,6,10.18,1.6966666666666665
5,51,1,11,16.29,1.4809090909090907
5,51,2,13,11.5,0.8846153846153846
5,51,3,14,8.58,0.6128571428571429
5,51,4,20,4.21,0.2105
5,53,0,8,67.48,8.435
5,53,1,1,8.06,8.06
5,53,2,16,95.55,5.971875
5,53,3,10,27.26,2.726
5,53,4,1,1.73,1.73
5,54,0,6,10.21,1.7016666666666669
5,54,1,14,22.79,1.627857142857143
5,54,2,18,11.96,0.6644444444444445
5,54,3,15,8.98,0.5986666666666667
5,54,4,6,2.13,0.355
5,57,0,15,36.48,2.432
5,57,1,17,40.91,2.406470588235294
5,57,2,1,2.04,2.04
5,57,3,7,8.48,1.2114285714285715
5,57,4,19,13.12,0.6905263157894737
5,58,0,6,13.79,2.2983333333333333
5,58,1,14,28.0,2.0
5,58,2,11,19.8,1.8
5,58,3,15,13.24,0.8826666666666667
5,58,4,15,7.3,0.48666666666666664
5,59,0,1,3.61,3.61
5,59,1,3,9.15,3.0500000000000003
5,59,2,8,12.27,1.53375
5,59,3,10,10.47,1.0470000000000002
5,59,4,11,8.33,0.7572727272727273
5,64,0,12,39.23,3.2691666666666666
5,64,1,13,36.66,2.82
5,64,2,19,34.95,1.8394736842105264
5,64,3,20,22.95,1.1475
5,64,4,8,1.96,0.245
5,67,0,10,44.1,4.41
5,67,1,8,31.48,3.935
5,67,2,15,48.78,3.2520000000000002
5,67,3,3,8.18,2.7266666666666666
5,67,4,13,24.73,1.9023076923076923
5,69,0,12,21.39,1.7825
5,69,1,5,6.46,1.292
5,69,2,5,5.28,1.056
5,69,3,8,7.59,0.94875
5,69,4,11,3.23,0.29363636363636364
5,70,0,12,21.03,1.7525000000000002
5,70,1,15,26.04,1.736
5,70,2,11,12.23,1.1118181818181818
5,70,3,18,19.62,1.09
5,70,4,17,10.91,0.6417647058823529
5,77,0,11,35.0,3.1818181818181817
5,77,1,15,46.79,3.119333333333333
5,77,2,2,4.6,2.3
5,77,3,7,13.06,1.8657142857142859
5,77,4,1,1.58,1.58
5,78,0,2,6.72,3.36
5,78,1,17,34.19,2.0111764705882353
5,78,2,20,33.91,1.6954999999999998
5,78,3,3,4.87,1.6233333333333333
5,78,4,7,1.89,0.26999999999999996
5,81,0,1,9.4,9.4
5,81,1,14,120.07,8.57642857142857
5,81,2,17,40.35,2.373529411764706
5,81,3,17,30.8,1.811764705882353
5,81,4,17,16.62,0.9776470588235294
5,86,0,13,149.16,11.473846153846154
5,86,1,9,98.94,10.993333333333332
5,86,2,11,83.17,7.5609090909090915
5,86,3,16,110.48,6.905
5,86,4,15,76.85,5.123333333333333
5,88,0,6,17.31,2.885
5,88,1,11,28.04,2.549090909090909
5,88,2,18,34.14,1.8966666666666667
5,88,3,7,11.75,1.6785714285714286
5,88,4,2,1.65,0.825
5,90,0,12,44.01,3.6675
5,90,1,9,31.04,3.448888888888889
5,90,2,17,52.1,3.0647058823529414
5,90,3,19,47.12,2.48
5,90,4,3,1.18,0.3933333333333333
5,92,0,8,11.86,1.4825
5,92,1,2,2.79,1.395
5,92,2,5,5.28,1.056
5,92,3,6,5.94,0.9900000000000001
5,92,4,12,10.69,0.8908333333333333
5,95,0,4,15.19,3.7975
5,95,1,11,36.97,3.360909090909091
5,95,2,19,62.49,3.2889473684210526
5,95,3,15,24.6,1.6400000000000001
5,95,4,2,0.57,0.285
5,96,0,14,32.4,2.314285714285714
5,96,1,12,16.06,1.3383333333333332
5,96,2,15,14.54,0.9693333333333333
5,96,3,11,8.47,0.77
5,96,4,9,3.67,0.4077777777777778
5,98,0,5,14.23,2.846
5,98,1,12,28.72,2.393333333333333
5,98,2,16,35.31,2.206875
5,98,3,16,27.76,1.735
5,98,4,15,17.76,1.1840000000000002
5,99,0,18,46.85,2.602777777777778
5,99,1,17,33.65,1.9794117647058822
5,99,2,10,16.03,1.6030000000000002
5,99,3,6,7.21,1.2016666666666667
5,99,4,9,9.41,1.0455555555555556
6,0,0,19,92.98,4.893684210526316
6,0,1,13,62.0,4.769230769230769
6,0,2,7,22.46,3.2085714285714286
6,0,3,11,33.04,3.0036363636363634
6,0,4,15,39.49,2.6326666666666667
6,2,0,2,4.95,2.475
6,2,1,4,9.86,2.465
6,2,2,17,33.01,1.9417647058823528
6,2,3,11,11.44,1.04
6,2,4,4,3.31,0.8275
6,3,0,4,19.78,4.945
6,3,1,15,40.57,2.7046666666666668
6,3,2,3,6.39,2.13
6,3,3,10,7.15,0.7150000000000001
6,3,4,6,2.08,0.3466666666666667
6,5,0,2,8.68,4.34
6,5,1,8,33.03,4.12875
6,5,2,2,7.12,3.56
6,5,3,17,12.64,0.7435294117647059
6,5,4,20,5.87,0.2935
6,8,0,12,70.72,5.8933333333333335
6,8,1,8,39.63,4.95375
6,8,2,10,48.04,4.804
6,8,3,6,25.92,4.32
6,8,4,12,43.09,3.5908333333333338
6,10,0,7,4.13,0.59
6,10,1,3,1.54,0.5133333333333333
6,10,2,19,3.81,0.2005263157894737
6,10,3,13,1.78,0.13692307692307693
6,10,4,13,1.53,0.1176923076923077
6,11,0,10,64.05,6.404999999999999
6,11,1,2,12.46,6.23
6,11,2,16,84.09,5.255625
6,11,3,16,47.31,2.956875
6,11,4,16,10.11,0.631875
6,12,0,2,4.49,2.245
6,12,1,7,13.75,1.9642857142857142
6,12,2,18,30.31,1.6838888888888888
6,12,3,15,16.42,1.0946666666666667
6,12,4,17,15.05,0.8852941176470589
6,13,0,11,80.86,7.350909090909091
6,13,1,9,58.35,6.483333333333333
6,13,2,16,85.4,5.3375
6,13,3,18,34.86,1.9366666666666665
6,13,4,3,1.15,0.3833333333333333
6,14,0,15,112.25,7.483333333333333
6,14,1,13,94.34,7.256923076923077
6,14,2,16,75.84,4.74
6,14,3,15,16.06,1.0706666666666667
6,14,4,1,0.95,0.95
6,16,0,19,90.36,4.75578947368421
6,16,1,8,31.79,3.97375
6,16,2,5,14.51,2.902
6,16,3,7,20.29,2.8985714285714286
6,16,4,16,27.72,1.7325
6,17,0,9,44.3,4.922222222222222
6,17,1,9,42.51,4.723333333333333
6,17,2,17,43.19,2.5405882352941176
6,17,3,20,14.57,0.7285
6,17,4,16,9.69,0.605625
6,20,0,17,68.94,4.055294117647058
6,20,1,4,14.74,3.685
6,20,2,13,37.0,2.8461538461538463
6,20,3,10,20.43,2.043
6,20,4,1,0.49,0.49
6,21,0,10,40.55,4.055
6,21,1,4,13.25,3.3125
6,21,2,17,52.71,3.1005882352941176
6,21,3,14,38.0,2.7142857142857144
6,21,4,19,43.0,2.263157894736842
6,23,0,16,48.98,3.06125
6,23,1,15,36.09,2.406
6,23,2,19,45.1,2.373684210526316
6,23,3,4,8.71,2.1775
6,23,4,17,29.47,1.7335294117647058
6,24,0,16,80.05,5.003125
6,24,1,11,49.29,4.4809090909090905
6,24,2,4,15.11,3.7775
6,24,3,1,2.76,2.76
6,24,4,2,4.2,2.1
6,25,0,9,29.4,3.2666666666666666
6,25,1,17,51.61,3.0358823529411763
6,25,2,14,32.5,2.3214285714285716
6,25,3,6,8.47,1.4116666666666668
6,25,4,19,20.97,1.1036842105263158
6,26,0,8,6.02,0.7525
6,26,1,15,9.6,0.64
6,26,2,10,2.56,0.256
6,26,3,4,0.29,0.0725
6,26,4,1,0.05,0.05
6,28,0,5,22.51,4.502000000000001
6,28,1,10,40.99,4.099
6,28,2,10,36.96,3.696
6,28,3,18,41.77,2.320555555555556
6,28,4,6,1.64,0.2733333333333333
6,30,0,20,48.46,2.423
6,30,1,20,32.5,1.625
6,30,2,15,20.44,1.3626666666666667
6,30,3,6,7.84,1.3066666666666666
6,30,4,7,6.02,0.86
6,34,0,5,25.68,5.136
6,34,1,14,62.42,4.458571428571429
6,34,2,18,69.82,3.8788888888888886
6,34,3,3,7.1,2.3666666666666667
6,34,4,19,37.95,1.9973684210526317
6,37,0,14,48.53,3.4664285714285716
6,37,1,3,8.22,2.74
6,37,2,17,45.87,2.698235294117647
6,37,3,2,4.01,2.005
6,37,4,11,20.06,1.8236363636363635
6,42,0,7,44.2,6.314285714285715
6,42,1,3,17.48,5.826666666666667
6,42,2,20,91.25,4.5625
6,42,3,14,37.7,2.692857142857143
6,42,4,13,23.29,1.7915384615384615
6,43,0,3,20.8,6.933333333333334
6,43,1,18,121.98,6.776666666666667
6,43,2,13,87.37,6.720769230769231
6,43,3,4,23.4,5.85
6,43,4,8,33.59,4.19875
6,45,0,15,47.34,3.156
6,45,1,5,11.67,2.334
6,45,2,3,4.22,1.4066666666666665
6,45,3,8,2.91,0.36375
6,45,4,4,1.36,0.34
6,47,0,13,60.71,4.67
6,47,1,10,45.44,4.544
6,47,2,3,11.41,3.8033333333333332
6,47,3,9,27.22,3.0244444444444443
6,47,4,19,56.74,2.9863157894736845
6,48,0,4,9.81,2.4525
6,48,1,14,33.93,2.4235714285714285
6,48,2,19,39.71,2.09
6,48,3,11,8.23,0.7481818181818182
6,48,4,20,12.56,0.628
6,49,0,12,46.39,3.8658333333333332
6,49,1,20,36.1,1.8050000000000002
6,49,2,8,12.02,1.5025
6,49,3,6,7.65,1.2750000000000001
6,49,4,12,14.72,1.2266666666666668
6,51,0,1,3.7,3.7
6,51,1,18,47.11,2.6172222222222223
6,51,2,20,20.46,1.0230000000000001
6,51,3,19,17.97,0.9457894736842105
6,51,4,4,2.29,0.5725
6,53,0,20,96.37,4.8185
6,53,1,20,94.26,4.713
6,53,2,2,6.69,3.345
6,53,3,4,11.05,2.7625
6,53,4,15,6.02,0.4013333333333333
6,54,0,15,48.63,3.242
6,54,1,14,41.47,2.962142857142857
6,54,2,9,17.11,1.901111111111111
6,54,3,13,5.65,0.4346153846153846
6,54,4,11,1.97,0.17909090909090908
6,57,0,19,93.34,4.9126315789473685
6,57,1,11,36.97,3.360909090909091
6,57,2,17,45.49,2.6758823529411764
6,57,3,2,1.42,0.71
6,57,4,14,8.14,0.5814285714285715
6,58,0,5,15.2,3.04
6,58,1,15,19.49,1.2993333333333332
6,58,2,18,22.8,1.2666666666666666
6,58,3,11,9.28,0.8436363636363636
6,58,4,6,4.27,0.7116666666666666
6,59,0,18,91.43,5.079444444444444
6,59,1,6,18.54,3.09
6,59,2,16,42.77,2.673125
6,59,3,8,12.84,1.605
6,59,4,4,3.21,0.8025
6,64,0,10,70.3,7.029999999999999
6,64,1,14,93.56,6.682857142857143
6,64,2,13,76.93,5.917692307692308
6,64,3,6,24.22,4.036666666666666
6,64,4,16,58.87,3.679375
6,67,0,16,35.78,2.23625
6,67,1,3,5.39,1.7966666666666666
6,67,2,19,28.42,1.4957894736842106
6,67,3,10,13.9,1.3900000000000001
6,67,4,17,6.94,0.4082352941176471
6,69,0,6,12.81,2.1350000000000002
6,69,1,5,8.67,1.734
6,69,2,4,5.68,1.42
6,69,3,5,6.44,1.288
6,69,4,13,2.48,0.19076923076923077
6,70,0,2,13.17,6.585
6,70,1,18,105.19,5.8438888888888885
6,70,2,10,54.65,5.465
6,70,3,20,61.89,3.0945
6,70,4,16,7.07,0.441875
6,77,0,14,89.07,6.362142857142857
6,77,1,15,38.22,2.548
6,77,2,14,34.15,2.439285714285714
6,77,3,17,7.59,0.4464705882352941
6,77,4,14,4.57,0.32642857142857146
6,78,0,5,11.55,2.31
6,78,1,18,31.94,1.7744444444444445
6,78,2,13,21.37,1.643846153846154
6,78,3,10,8.21,0.8210000000000001
6,78,4,10,5.43,0.5429999999999999
6,81,0,6,34.88,5.8133333333333335
6,81,1,3,15.82,5.273333333333333
6,81,2,18,72.37,4.020555555555556
6,81,3,6,23.6,3.9333333333333336
6,81,4,15,50.6,3.3733333333333335
6,86,0,7,47.28,6.7542857142857144
6,86,1,1,6.16,6.16
6,86,2,10,57.22,5.7219999999999995
6,86,3,13,25.11,1.9315384615384614
6,86,4,19,22.47,1.1826315789473683
6,88,0,4,18.82,4.705
6,88,1,3,13.35,4.45
6,88,2,7,29.77,4.252857142857143
6,88,3,19,38.45,2.0236842105263158
6,88,4,17,4.44,0.26117647058823534
6,90,0,12,85.78,7.148333333333333
6,90,1,11,66.5,6.045454545454546
6,90,2,13,57.01,4.385384615384615
6,90,3,10,20.87,2.087
6,90,4,16,9.2,0.575
6,92,0,17,72.6,4.270588235294118
6,92,1,7,29.39,4.198571428571428
6,92,2,12,39.62,3.3016666666666663
6,92,3,20,54.55,2.7275
6,92,4,10,22.22,2.222
6,95,0,4,27.38,6.845
6,95,1,15,90.76,6.050666666666667
6,95,2,20,118.48,5.924
6,95,3,13,70.9,5.453846153846154
6,95,4,5,17.46,3.492
6,96,0,19,104.05,5.476315789473684
6,96,1,19,102.16,5.376842105263158
6,96,2,18,88.57,4.920555555555556
6,96,3,3,12.92,4.306666666666667
6,96,4,10,17.2,1.72
6,98,0,11,25.96,2.36
6,98,1,18,28.39,1.5772222222222223
6,98,2,4,5.21,1.3025
6,98,3,12,15.56,1.2966666666666666
6,98,4,18,7.96,0.44222222222222224
6,99,0,16,91.0,5.6875
6,99,1,6,28.8,4.8
6,99,2,18,59.18,3.287777777777778
6,99,3,8,10.62,1.3275
6,99,4,17,21.57,1.2688235294117647
8,0,0,17,22.95,1.3499999999999999
8,0,1,19,25.28,1.3305263157894738
8,0,2,12,9.48,0.79
8,0,3,10,5.18,0.518
8,0,4,14,3.09,0.2207142857142857
8,2,0,18,143.83,7.990555555555556
8,2,1,8,42.78,5.3475
8,2,2,18,76.17,4.2316666666666665
8,2,3,3,7.71,2.57
8,2,4,9,8.87,0.9855555555555555
8,3,0,4,2.28,0.57
8,3,1,19,6.66,0.3505263157894737
8,3,2,18,5.31,0.295
8,3,3,8,1.08,0.135
8,3,4,9,1.19,0.1322222222222222
8,5,0,4,9.84,2.46
8,5,1,10,14.59,1.459
8,5,2,19,24.84,1.3073684210526315
8,5,3,18,10.82,0.6011111111111112
8,5,4,2,1.02,0.51
8,6,0,9,56.32,6.257777777777778
8,6,1,2,10.76,5.38
8,6,2,5,25.98,5.196
8,6,3,18,17.34,0.9633333333333334
8,6,4,3,0.85,0.2833333333333333
8,10,0,15,79.88,5.325333333333333
8,10,1,8,13.83,1.72875
8,10,2,18,21.19,1.1772222222222224
8,10,3,4,3.4,0.85
8,10,4,6,4.13,0.6883333333333334
8,11,0,16,14.12,0.8825
8,11,1,16,13.69,0.855625
8,11,2,11,7.21,0.6554545454545454
8,11,3,18,11.1,0.6166666666666667
8,11,4,20,2.27,0.1135
8,12,0,3,10.13,3.376666666666667
8,12,1,6,17.39,2.8983333333333334
8,12,2,10,18.97,1.8969999999999998
8,12,3,12,15.9,1.325
8,12,4,19,13.81,0.726842105263158
8,13,0,14,24.97,1.7835714285714286
8,13,1,15,21.8,1.4533333333333334
8,13,2,20,13.4,0.67
8,13,3,7,2.64,0.37714285714285717
8,13,4,9,1.03,0.11444444444444445
8,14,0,3,2.56,0.8533333333333334
8,14,1,5,3.88,0.776
8,14,2,18,7.55,0.41944444444444445
8,14,3,19,4.78,0.25157894736842107
8,14,4,13,0.66,0.050769230769230775
8,16,0,3,5.17,1.7233333333333334
8,16,1,9,11.91,1.3233333333333333
8,16,2,8,9.22,1.1525
8,16,3,4,3.42,0.855
8,16,4,10,1.95,0.195
8,17,0,20,26.9,1.345
8,17,1,4,5.23,1.3075
8,17,2,5,6.4,1.28
8,17,3,20,11.72,0.5860000000000001
8,17,4,4,1.03,0.2575
8,20,0,4,11.41,2.8525
8,20,1,20,28.66,1.433
8,20,2,17,16.6,0.9764705882352942
8,20,3,18,16.09,0.8938888888888888
8,20,4,15,11.25,0.75
8,21,0,5,9.78,1.956
8,21,1,16,18.66,1.16625
8,21,2,2,1.65,0.825
8,21,3,15,7.7,0.5133333333333333
8,21,4,3,0.4,0.13333333333333333
8,23,0,6,40.7,6.783333333333334
8,23,1,10,52.06,5.206
8,23,2,4,20.19,5.0475
8,23,3,10,37.73,3.7729999999999997
8,23,4,14,43.58,3.1128571428571425
8,24,0,19,36.73,1.933157894736842
8,24,1,2,3.2,1.6
8,24,2,12,15.48,1.29
8,24,3,9,10.29,1.1433333333333333
8,24,4,14,8.78,0.6271428571428571
8,25,0,20,31.34,1.567
8,25,1,10,10.39,1.0390000000000001
8,25,2,10,5.05,0.505
8,25,3,6,2.09,0.34833333333333333
8,25,4,1,0.34,0.34
8,26,0,5,28.16,5.632
8,26,1,6,29.27,4.878333333333333
8,26,2,17,65.1,3.829411764705882
8,26,3,4,10.07,2.5175
8,26,4,15,33.85,2.256666666666667
8,28,0,6,9.61,1.6016666666666666
8,28,1,2,2.98,1.49
8,28,2,4,4.97,1.2425
8,28,3,11,1.04,0.09454545454545454
8,28,4,19,1.63,0.08578947368421053
8,30,0,9,39.62,4.402222222222222
8,30,1,1,4.14,4.14
8,30,2,18,39.38,2.187777777777778
8,30,3,7,12.79,1.827142857142857
8,30,4,10,14.95,1.4949999999999999
8,34,0,14,15.45,1.1035714285714284
8,34,1,2,2.18,1.09
8,34,2,2,1.99,0.995
8,34,3,11,9.38,0.8527272727272728
8,34,4,3,0.57,0.18999999999999997
8,37,0,19,40.33,2.1226315789473684
8,37,1,1,1.77,1.77
8,37,2,17,22.96,1.3505882352941176
8,37,3,10,9.18,0.9179999999999999
8,37,4,17,13.59,0.7994117647058824
8,42,0,14,4.07,0.29071428571428576
8,42,1,5,1.04,0.20800000000000002
8,42,2,10,1.26,0.126
8,42,3,17,1.72,0.1011764705882353
8,42,4,14,0.42,0.03
8,43,0,19,21.76,1.145263157894737
8,43,1,1,1.13,1.13
8,43,2,7,4.53,0.6471428571428571
8,43,3,18,4.73,0.2627777777777778
8,43,4,2,0.14,0.07
8,45,0,17,43.53,2.5605882352941176
8,45,1,11,22.81,2.0736363636363637
8,45,2,4,2.74,0.685
8,45,3,14,5.4,0.38571428571428573
8,45,4,11,1.7,0.15454545454545454
8,47,0,17,55.94,3.2905882352941176
8,47,1,1,1.57,1.57
8,47,2,6,8.31,1.385
8,47,3,10,9.87,0.9869999999999999
8,47,4,17,16.7,0.9823529411764705
8,48,0,3,12.19,4.0633333333333335
8,48,1,9,36.24,4.026666666666667
8,48,2,19,68.61,3.6110526315789473
8,48,3,7,19.11,2.73
8,48,4,18,26.28,1.46
8,49,0,15,30.14,2.009333333333333
8,49,1,12,23.66,1.9716666666666667
8,49,2,10,14.38,1.4380000000000002
8,49,3,11,11.84,1.0763636363636364
8,49,4,15,6.58,0.43866666666666665
8,51,0,18,32.4,1.7999999999999998
8,51,1,2,1.87,0.935
8,51,2,2,1.87,0.935
8,51,3,12,11.11,0.9258333333333333
8,51,4,8,2.03,0.25375
8,53,0,16,151.75,9.484375
8,53,1,1,4.46,4.46
8,53,2,3,12.07,4.023333333333333
8,53,3,5,14.71,2.942
8,53,4,15,42.78,2.852
8,54,0,6,12.3,2.0500000000000003
8,54,1,8,16.0,2.0
8,54,2,18,7.6,0.4222222222222222
8,54,3,5,1.97,0.394
8,54,4,18,3.32,0.18444444444444444
8,57,0,17,79.33,4.666470588235294
8,57,1,13,58.29,4.483846153846153
8,57,2,1,3.57,3.57
8,57,3,8,27.57,3.44625
8,57,4,2,1.43,0.715
8,58,0,2,4.69,2.345
8,58,1,3,4.83,1.61
8,58,2,2,2.57,1.285
8,58,3,16,10.43,0.651875
8,58,4,10,1.97,0.197
8,59,0,13,33.59,2.583846153846154
8,59,1,7,8.9,1.2714285714285716
8,59,2,3,2.04,0.68
8,59,3,9,1.85,0.20555555555555557
8,59,4,6,1.16,0.19333333333333333
8,64,0,2,1.68,0.84
8,64,1,17,13.55,0.7970588235294118
8,64,2,17,10.33,0.6076470588235294
8,64,3,5,1.64,0.32799999999999996
8,64,4,16,4.04,0.2525
8,67,0,9,22.0,2.4444444444444446
8,67,1,20,42.0,2.1
8,67,2,2,3.9,1.95
8,67,3,10,11.41,1.141
8,67,4,20,12.1,0.605
8,69,0,17,71.54,4.208235294117648
8,69,1,15,38.58,2.572
8,69,2,1,2.03,2.03
8,69,3,16,30.66,1.91625
8,69,4,15,27.6,1.84
8,70,0,5,1.56,0.312
8,70,1,8,2.03,0.25375
8,70,2,3,0.53,0.17666666666666667
8,70,3,11,1.12,0.10181818181818182
8,70,4,11,0.67,0.06090909090909091
8,77,0,14,14.9,1.0642857142857143
8,77,1,16,16.8,1.05
8,77,2,19,16.46,0.8663157894736843
8,77,3,4,1.12,0.28
8,77,4,13,3.19,0.24538461538461537
8,78,0,5,15.9,3.18
8,78,1,11,34.58,3.1436363636363636
8,78,2,12,27.09,2.2575
8,78,3,12,19.43,1.6191666666666666
8,78,4,19,3.6,0.18947368421052632
8,81,0,5,59.2,11.84
8,81,1,5,53.79,10.758
8,81,2,11,113.75,10.340909090909092
8,81,3,4,19.11,4.7775
8,81,4,3,2.49,0.8300000000000001
8,86,0,15,132.1,8.806666666666667
8,86,1,7,60.49,8.641428571428571
8,86,2,10,39.17,3.9170000000000003
8,86,3,8,24.41,3.05125
8,86,4,13,22.42,1.7246153846153847
8,88,0,4,9.79,2.4475
8,88,1,20,41.0,2.05
8,88,2,6,9.62,1.6033333333333333
8,88,3,4,5.64,1.41
8,88,4,12,14.96,1.2466666666666668
8,90,0,17,22.94,1.3494117647058825
8,90,1,7,7.02,1.002857142857143
8,90,2,2,1.51,0.755
8,90,3,7,3.96,0.5657142857142857
8,90,4,14,7.44,0.5314285714285715
8,92,0,20,38.49,1.9245
8,92,1,17,26.99,1.5876470588235294
8,92,2,13,10.9,0.8384615384615385
8,92,3,20,14.34,0.717
8,92,4,12,5.27,0.43916666666666665
8,95,0,15,19.0,1.2666666666666666
8,95,1,19,21.29,1.1205263157894736
8,95,2,13,6.63,0.51
8,95,3,20,9.4,0.47000000000000003
8,95,4,20,6.27,0.3135
8,96,0,1,0.18,0.18
8,96,1,6,1.06,0.17666666666666667
8,96,2,4,0.44,0.11
8,96,3,15,1.47,0.098
8,96,4,5,0.41,0.08199999999999999
8,98,0,15,63.46,4.230666666666667
8,98,1,9,35.93,3.9922222222222223
8,98,2,2,2.94,1.47
8,98,3,8,10.65,1.33125
8,98,4,19,22.02,1.1589473684210525
8,99,0,5,5.38,1.076
8,99,1,6,5.92,0.9866666666666667
8,99,2,10,9.38,0.9380000000000001
8,99,3,2,1.87,0.935
8,99,4,19,9.16,0.48210526315789476
10,0,0,6,27.92,4.653333333333333
10,0,1,2,7.33,3.665
10,0,2,4,12.5,3.125
10,0,3,5,10.37,2.074
10,0,4,1,1.88,1.88
10,2,0,19,70.29,3.6994736842105267
10,2,1,20,70.34,3.5170000000000003
10,2,2,8,26.81,3.35125
10,2,3,5,16.3,3.2600000000000002
10,2,4,20,22.64,1.1320000000000001
10,3,0,3,16.6,5.533333333333334
10,3,1,17,54.02,3.1776470588235295
10,3,2,2,6.24,3.12
10,3,3,3,6.16,2.0533333333333332
10,3,4,10,10.58,1.058
10,5,0,20,42.5,2.125
10,5,1,9,13.88,1.5422222222222224
10,5,2,3,3.02,1.0066666666666666
10,5,3,6,2.87,0.47833333333333333
10,5,4,9,1.61,0.1788888888888889
10,6,0,18,14.91,0.8283333333333334
10,6,1,18,14.67,0.815
10,6,2,13,8.4,0.6461538461538462
10,6,3,1,0.25,0.25
10,6,4,15,1.93,0.12866666666666665
10,8,0,11,60.35,5.486363636363636
10,8,1,14,56.38,4.027142857142858
10,8,2,15,30.27,2.018
10,8,3,11,20.15,1.8318181818181818
10,8,4,14,6.6,0.4714285714285714
10,11,0,2,6.76,3.38
10,11,1,1,2.19,2.19
10,11,2,6,10.14,1.6900000000000002
10,11,3,9,14.47,1.6077777777777778
10,11,4,14,14.16,1.0114285714285713
10,12,0,7,14.6,2.085714285714286
10,12,1,14,23.08,1.6485714285714284
10,12,2,12,13.61,1.1341666666666665
10,12,3,12,8.23,0.6858333333333334
10,12,4,15,5.37,0.358
10,13,0,3,16.86,5.62
10,13,1,14,70.39,5.027857142857143
10,13,2,9,28.46,3.1622222222222223
10,13,3,16,25.12,1.57
10,13,4,18,26.81,1.4894444444444443
10,14,0,16,81.22,5.07625
10,14,1,2,9.08,4.54
10,14,2,3,10.53,3.51
10,14,3,19,10.11,0.5321052631578947
10,14,4,1,0.44,0.44
10,16,0,20,52.89,2.6445
10,16,1,18,46.33,2.573888888888889
10,16,2,9,15.31,1.7011111111111112
10,16,3,1,0.7,0.7
10,16,4,4,2.06,0.515
10,17,0,12,22.7,1.8916666666666666
10,17,1,1,1.15,1.15
10,17,2,19,18.26,0.9610526315789475
10,17,3,16,9.82,0.61375
10,17,4,1,0.42,0.42
10,20,0,9,24.91,2.767777777777778
10,20,1,15,32.17,2.1446666666666667
10,20,2,11,23.22,2.110909090909091
10,20,3,7,8.85,1.2642857142857142
10,20,4,17,14.38,0.8458823529411765
10,21,0,10,40.24,4.024
10,21,1,11,38.07,3.460909090909091
10,21,2,20,60.46,3.023
10,21,3,15,42.24,2.8160000000000003
10,21,4,8,16.81,2.10125
10,23,0,9,25.33,2.8144444444444443
10,23,1,9,14.86,1.651111111111111
10,23,2,18,29.54,1.641111111111111
10,23,3,7,6.51,0.9299999999999999
10,23,4,6,5.46,0.91
10,24,0,4,13.09,3.2725
10,24,1,10,25.77,2.577
10,24,2,3,5.49,1.83
10,24,3,20,35.47,1.7734999999999999
10,24,4,16,19.15,1.196875
10,25,0,18,71.25,3.9583333333333335
10,25,1,20,40.36,2.018
10,25,2,11,9.69,0.8809090909090909
10,25,3,7,3.55,0.5071428571428571
10,25,4,16,7.34,0.45875
10,26,0,11,8.8,0.8
10,26,1,3,2.03,0.6766666666666666
10,26,2,5,2.6,0.52
10,26,3,14,4.08,0.2914285714285714
10,26,4,17,3.87,0.22764705882352942
10,28,0,6,23.23,3.8716666666666666
10,28,1,12,33.96,2.83
10,28,2,6,16.54,2.7566666666666664
10,28,3,14,31.9,2.2785714285714285
10,28,4,8,2.26,0.2825
10,30,0,5,18.6,3.72
10,30,1,11,21.76,1.9781818181818183
10,30,2,5,9.09,1.818
10,30,3,11,16.41,1.491818181818182
10,30,4,8,6.9,0.8625
10,34,0,2,10.85,5.425
10,34,1,2,9.18,4.59
10,34,2,11,47.24,4.294545454545455
10,34,3,12,44.89,3.7408333333333332
10,34,4,19,24.95,1.313157894736842
10,37,0,19,86.0,4.526315789473684
10,37,1,11,41.9,3.809090909090909
10,37,2,3,4.1,1.3666666666666665
10,37,3,17,11.68,0.6870588235294117
10,37,4,2,1.02,0.51
10,42,0,14,81.34,5.8100000000000005
10,42,1,15,67.79,4.519333333333334
10,42,2,2,7.68,3.84
10,42,3,15,41.56,2.7706666666666666
10,42,4,16,29.02,1.81375
10,43,0,3,17.46,5.82
10,43,1,11,61.53,5.593636363636364
10,43,2,9,48.68,5.408888888888889
10,43,3,10,38.81,3.8810000000000002
10,43,4,13,28.76,2.2123076923076925
10,45,0,14,48.87,3.4907142857142857
10,45,1,10,32.02,3.2020000000000004
10,45,2,10,28.53,2.853
10,45,3,15,37.37,2.491333333333333
10,45,4,6,14.14,2.356666666666667
10,47,0,3,7.4,2.466666666666667
10,47,1,9,21.96,2.44
10,47,2,14,20.64,1.4742857142857144
10,47,3,16,16.23,1.014375
10,47,4,17,8.85,0.5205882352941176
10,48,0,13,32.42,2.493846153846154
10,48,1,10,24.25,2.425
10,48,2,15,30.22,2.0146666666666664
10,48,3,15,24.29,1.6193333333333333
10,48,4,3,0.9,0.3
10,49,0,2,6.64,3.32
10,49,1,2,5.01,2.505
10,49,2,6,13.5,2.25
10,49,3,10,22.25,2.225
10,49,4,5,8.85,1.77
10,51,0,13,45.51,3.5007692307692304
10,51,1,17,43.14,2.5376470588235294
10,51,2,9,10.73,1.1922222222222223
10,51,3,14,14.77,1.055
10,51,4,2,1.15,0.575
10,53,0,19,130.97,6.893157894736842
10,53,1,5,30.7,6.14
10,53,2,11,50.84,4.621818181818182
10,53,3,10,18.22,1.8219999999999998
10,53,4,15,11.54,0.7693333333333333
10,54,0,5,12.68,2.536
10,54,1,3,7.6,2.533333333333333
10,54,2,2,4.0,2.0
10,54,3,8,6.62,0.8275
10,54,4,5,2.87,0.5740000000000001
10,57,0,8,27.48,3.435
10,57,1,20,36.51,1.8255
10,57,2,1,1.48,1.48
10,57,3,2,2.92,1.46
10,57,4,13,12.74,0.98
10,58,0,8,36.78,4.5975
10,58,1,7,30.32,4.331428571428572
10,58,2,5,12.93,2.586
10,58,3,9,15.29,1.698888888888889
10,58,4,6,8.88,1.4800000000000002
10,59,0,2,8.1,4.05
10,59,1,1,2.86,2.86
10,59,2,17,44.13,2.5958823529411768
10,59,3,9,13.69,1.521111111111111
10,59,4,1,0.68,0.68
10,64,0,5,28.65,5.7299999999999995
10,64,1,10,51.79,5.179
10,64,2,13,42.45,3.2653846153846158
10,64,3,18,18.37,1.0205555555555557
10,64,4,7,3.7,0.5285714285714286
10,67,0,11,43.19,3.9263636363636363
10,67,1,4,7.13,1.7825
10,67,2,5,6.85,1.3699999999999999
10,67,3,16,13.29,0.830625
10,67,4,19,10.28,0.5410526315789473
10,69,0,7,3.31,0.47285714285714286
10,69,1,14,4.81,0.3435714285714285
10,69,2,7,1.64,0.23428571428571426
10,69,3,14,2.45,0.17500000000000002
10,69,4,9,1.31,0.14555555555555555
10,70,0,18,112.24,6.235555555555555
10,70,1,8,18.65,2.33125
10,70,2,5,11.25,2.25
10,70,3,2,4.4,2.2
10,70,4,17,30.31,1.7829411764705883
10,77,0,12,73.86,6.155
10,77,1,13,71.73,5.517692307692308
10,77,2,19,96.5,5.078947368421052
10,77,3,18,62.5,3.4722222222222223
10,77,4,6,1.86,0.31
10,78,0,9,39.17,4.352222222222222
10,78,1,16,65.88,4.1175
10,78,2,8,30.09,3.76125
10,78,3,17,47.22,2.777647058823529
10,78,4,18,41.79,2.3216666666666668
10,81,0,19,92.98,4.893684210526316
10,81,1,7,21.5,3.0714285714285716
10,81,2,7,17.08,2.44
10,81,3,20,46.16,2.308
10,81,4,11,16.81,1.528181818181818
10,86,0,16,111.01,6.938125
10,86,1,10,45.15,4.515
10,86,2,13,49.45,3.803846153846154
10,86,3,11,38.09,3.462727272727273
10,86,4,9,27.56,3.062222222222222
10,88,0,9,36.21,4.023333333333333
10,88,1,10,26.41,2.641
10,88,2,7,7.82,1.1171428571428572
10,88,3,19,17.28,0.9094736842105263
10,88,4,14,10.23,0.7307142857142858
10,90,0,11,69.14,6.285454545454545
10,90,1,18,107.93,5.996111111111111
10,90,2,16,69.82,4.36375
10,90,3,17,61.68,3.6282352941176472
10,90,4,19,52.24,2.7494736842105265
10,92,0,17,75.96,4.468235294117647
10,92,1,2,5.92,2.96
10,92,2,10,27.94,2.794
10,92,3,15,39.4,2.6266666666666665
10,92,4,5,3.27,0.654
10,95,0,10,53.65,5.365
10,95,1,20,70.54,3.527
10,95,2,15,27.43,1.8286666666666667
10,95,3,3,1.5,0.5
10,95,4,9,3.59,0.39888888888888885
10,96,0,16,86.2,5.3875
10,96,1,10,31.25,3.125
10,96,2,6,17.06,2.8433333333333333
10,96,3,9,14.66,1.6288888888888888
10,96,4,1,1.07,1.07
10,98,0,15,34.83,2.322
10,98,1,4,7.98,1.995
10,98,2,3,3.65,1.2166666666666666
10,98,3,6,6.3,1.05
10,98,4,18,11.31,0.6283333333333334
10,99,0,8,43.09,5.38625
10,99,1,17,60.27,3.545294117647059
10,99,2,17,48.89,2.8758823529411766
10,99,3,19,42.89,2.2573684210526315
10,99,4,8,17.67,2.20875
11,0,0,10,13.37,1.337
11,0,1,4,5.31,1.3275
11,0,2,14,15.5,1.1071428571428572
11,0,3,2,1.76,0.88
11,0,4,15,4.65,0.31
11,2,0,18,133.8,7.433333333333334
11,2,1,13,30.7,2.3615384615384616
11,2,2,3,6.17,2.0566666666666666
11,2,3,17,23.89,1.4052941176470588
11,2,4,11,7.97,0.7245454545454545
11,3,0,1,0.48,0.48
11,3,1,17,6.98,0.4105882352941177
11,3,2,3,1.11,0.37000000000000005
11,3,3,15,1.31,0.08733333333333333
11,3,4,12,0.76,0.06333333333333334
11,5,0,19,60.47,3.1826315789473685
11,5,1,7,20.95,2.992857142857143
11,5,2,8,19.11,2.38875
11,5,3,12,13.31,1.1091666666666666
11,5,4,4,2.92,0.73
11,6,0,16,55.24,3.4525
11,6,1,14,35.56,2.54
11,6,2,1,2.4,2.4
11,6,3,19,37.1,1.9526315789473685
11,6,4,19,10.99,0.578421052631579
11,8,0,18,13.12,0.7288888888888888
11,8,1,20,5.8,0.29
11,8,2,2,0.43,0.215
11,8,3,10,0.84,0.08399999999999999
11,8,4,7,0.5,0.07142857142857142
11,10,0,2,11.21,5.605
11,10,1,7,35.84,5.12
11,10,2,15,44.22,2.948
11,10,3,7,13.14,1.8771428571428572
11,10,4,15,22.54,1.5026666666666666
11,12,0,5,16.18,3.2359999999999998
11,12,1,18,54.0,3.0
11,12,2,4,6.99,1.7475
11,12,3,19,20.68,1.088421052631579
11,12,4,14,13.13,0.937857142857143
11,13,0,2,2.32,1.16
11,13,1,19,18.38,0.9673684210526315
11,13,2,12,11.36,0.9466666666666667
11,13,3,9,4.16,0.46222222222222226
11,13,4,10,3.94,0.394
11,14,0,1,0.59,0.59
11,14,1,11,5.51,0.5009090909090909
11,14,2,7,2.76,0.39428571428571424
11,14,3,14,2.27,0.16214285714285714
11,14,4,8,0.77,0.09625
11,16,0,9,23.68,2.631111111111111
11,16,1,3,6.96,2.32
11,16,2,17,25.14,1.4788235294117646
11,16,3,1,1.12,1.12
11,16,4,8,1.68,0.21
11,17,0,3,4.47,1.49
11,17,1,19,24.94,1.3126315789473686
11,17,2,4,4.42,1.105
11,17,3,14,6.55,0.46785714285714286
11,17,4,13,1.35,0.10384615384615385
11,20,0,19,42.04,2.2126315789473683
11,20,1,8,11.51,1.43875
11,20,2,5,6.67,1.334
11,20,3,11,13.56,1.2327272727272727
11,20,4,7,3.2,0.4571428571428572
11,21,0,12,12.35,1.0291666666666666
11,21,1,15,13.12,0.8746666666666666
11,21,2,12,7.7,0.6416666666666667
11,21,3,9,4.82,0.5355555555555556
11,21,4,9,2.47,0.2744444444444445
11,23,0,14,86.38,6.17
11,23,1,14,75.26,5.375714285714286
11,23,2,14,36.88,2.6342857142857143
11,23,3,12,27.69,2.3075
11,23,4,9,12.84,1.4266666666666667
11,24,0,8,25.03,3.12875
11,24,1,13,29.32,2.2553846153846155
11,24,2,10,5.04,0.504
11,24,3,2,0.84,0.42
11,24,4,19,2.84,0.14947368421052631
11,25,0,14,20.75,1.4821428571428572
11,25,1,9,11.95,1.3277777777777777
11,25,2,16,8.84,0.5525
11,25,3,10,2.68,0.268
11,25,4,19,3.97,0.20894736842105263
11,26,0,18,136.92,7.606666666666666
11,26,1,13,60.96,4.689230769230769
11,26,2,5,23.27,4.654
11,26,3,6,14.64,2.44
11,26,4,8,11.43,1.42875
11,28,0,12,22.52,1.8766666666666667
11,28,1,15,25.4,1.6933333333333331
11,28,2,3,4.88,1.6266666666666667
11,28,3,10,13.76,1.376
11,28,4,3,0.78,0.26
11,30,0,17,76.86,4.521176470588236
11,30,1,3,9.56,3.186666666666667
11,30,2,12,34.27,2.8558333333333334
11,30,3,17,46.12,2.712941176470588
11,30,4,1,1.52,1.52
11,34,0,9,8.07,0.8966666666666667
11,34,1,2,1.51,0.755
11,34,2,19,12.69,0.6678947368421052
11,34,3,17,6.43,0.37823529411764706
11,34,4,18,1.53,0.085
11,37,0,11,20.04,1.8218181818181818
11,37,1,4,4.75,1.1875
11,37,2,9,5.2,0.5777777777777778
11,37,3,20,7.95,0.3975
11,37,4,3,0.41,0.13666666666666666
11,42,0,16,10.89,0.680625
11,42,1,14,7.01,0.5007142857142857
11,42,2,12,5.1,0.425
11,42,3,13,2.55,0.19615384615384615
11,42,4,14,0.72,0.05142857142857143
11,43,0,9,6.46,0.7177777777777777
11,43,1,20,13.52,0.6759999999999999
11,43,2,18,7.89,0.4383333333333333
11,43,3,16,6.87,0.429375
11,43,4,7,1.8,0.2571428571428572
11,45,0,11,20.9,1.9
11,45,1,15,24.66,1.644
11,45,2,7,5.47,0.7814285714285714
11,45,3,11,6.08,0.5527272727272727
11,45,4,7,2.29,0.3271428571428571
11,47,0,7,22.39,3.198571428571429
11,47,1,18,56.83,3.157222222222222
11,47,2,20,42.56,2.128
11,47,3,14,15.69,1.1207142857142858
11,47,4,10,8.38,0.8380000000000001
11,48,0,7,33.42,4.774285714285715
11,48,1,4,15.01,3.7525
11,48,2,2,7.27,3.635
11,48,3,3,9.02,3.0066666666666664
11,48,4,11,4.18,0.37999999999999995
11,49,0,18,45.76,2.542222222222222
11,49,1,10,20.01,2.0010000000000003
11,49,2,1,1.91,1.91
11,49,3,20,20.83,1.0414999999999999
11,49,4,1,0.14,0.14
11,51,0,17,42.79,2.517058823529412
11,51,1,7,17.06,2.437142857142857
11,51,2,11,24.74,2.249090909090909
11,51,3,20,30.04,1.502
11,51,4,5,2.49,0.49800000000000005
11,53,0,18,158.19,8.788333333333334
11,53,1,10,58.97,5.897
11,53,2,14,74.16,5.297142857142857
11,53,3,7,14.14,2.02
11,53,4,16,15.99,0.999375
11,54,0,10,28.55,2.855
11,54,1,2,2.89,1.445
11,54,2,18,16.06,0.8922222222222221
11,54,3,16,14.0,0.875
11,54,4,6,1.62,0.27
11,57,0,1,5.09,5.09
11,57,1,6,28.46,4.743333333333333
11,57,2,17,75.34,4.431764705882353
11,57,3,13,21.18,1.6292307692307693
11,57,4,2,2.82,1.41
11,58,0,15,38.13,2.5420000000000003
11,58,1,12,19.3,1.6083333333333334
11,58,2,14,16.86,1.2042857142857142
11,58,3,1,1.12,1.12
11,58,4,12,6.07,0.5058333333333334
11,59,0,20,71.73,3.5865
11,59,1,5,16.03,3.2060000000000004
11,59,2,16,51.26,3.20375
11,59,3,13,29.58,2.275384615384615
11,59,4,10,10.61,1.061
11,64,0,17,11.82,0.6952941176470588
11,64,1,16,10.36,0.6475
11,64,2,7,1.96,0.27999999999999997
11,64,3,19,2.9,0.15263157894736842
11,64,4,7,0.84,0.12
11,67,0,16,47.3,2.95625
11,67,1,12,29.51,2.459166666666667
11,67,2,11,23.07,2.097272727272727
11,67,3,18,25.54,1.4188888888888889
11,67,4,12,15.98,1.3316666666666668
11,69,0,18,72.87,4.048333333333334
11,69,1,12,46.32,3.86
11,69,2,12,42.34,3.5283333333333338
11,69,3,11,7.83,0.7118181818181818
11,69,4,10,2.12,0.21200000000000002
11,70,0,19,15.53,0.8173684210526315
11,70,1,12,5.12,0.4266666666666667
11,70,2,15,6.09,0.40599999999999997
11,70,3,20,5.03,0.2515
11,70,4,12,1.65,0.13749999999999998
11,77,0,1,0.15,0.15
11,77,1,3,0.38,0.12666666666666668
11,77,2,2,0.22,0.11
11,77,3,17,0.73,0.04294117647058823
11,77,4,8,0.34,0.0425
11,78,0,14,41.22,2.9442857142857144
11,78,1,9,11.62,1.291111111111111
11,78,2,1,1.15,1.15
11,78,3,15,12.25,0.8166666666666667
11,78,4,19,4.77,0.25105263157894736
11,81,0,1,11.85,11.85
11,81,1,4,36.65,9.1625
11,81,2,17,150.15,8.83235294117647
11,81,3,11,91.8,8.345454545454546
11,81,4,9,59.91,6.656666666666666
11,86,0,14,95.83,6.845
11,86,1,5,27.23,5.446
11,86,2,19,64.67,3.403684210526316
11,86,3,6,14.44,2.4066666666666667
11,86,4,3,6.69,2.23
11,88,0,17,42.1,2.476470588235294
11,88,1,19,26.66,1.4031578947368422
11,88,2,12,8.01,0.6675
11,88,3,20,5.62,0.281
11,88,4,10,2.31,0.231
11,90,0,7,1.93,0.2757142857142857
11,90,1,1,0.26,0.26
11,90,2,19,4.59,0.24157894736842103
11,90,3,18,4.27,0.2372222222222222
11,90,4,9,1.31,0.14555555555555555
11,92,0,14,25.89,1.8492857142857144
11,92,1,13,13.47,1.0361538461538462
11,92,2,17,15.55,0.9147058823529413
11,92,3,13,5.96,0.4584615384615385
11,92,4,9,3.08,0.3422222222222222
11,95,0,5,1.66,0.33199999999999996
11,95,1,14,4.12,0.2942857142857143
11,95,2,1,0.17,0.17
11,95,3,9,1.35,0.15000000000000002
11,95,4,7,0.45,0.0642857142857143
11,96,0,16,17.97,1.123125
11,96,1,18,10.51,0.5838888888888889
11,96,2,1,0.41,0.41
11,96,3,13,3.46,0.26615384615384613
11,96,4,12,1.46,0.12166666666666666
11,98,0,7,40.63,5.804285714285714
11,98,1,11,42.62,3.8745454545454545
11,98,2,9,32.89,3.6544444444444446
11,98,3,18,54.66,3.0366666666666666
11,98,4,8,11.45,1.43125
11,99,0,19,19.48,1.0252631578947369
11,99,1,12,10.46,0.8716666666666667
11,99,2,19,13.4,0.7052631578947368
11,99,3,19,6.55,0.3447368421052632
11,99,4,20,4.09,0.2045
12,0,0,16,41.84,2.615
12,0,1,2,2.44,1.22
12,0,2,20,19.36,0.968
12,0,3,9,5.62,0.6244444444444445
12,0,4,12,2.41,0.20083333333333334
12,2,0,19,107.21,5.642631578947368
12,2,1,8,33.32,4.165
12,2,2,7,21.44,3.062857142857143
12,2,3,3,8.19,2.73
12,2,4,20,27.42,1.371
12,3,0,18,64.15,3.563888888888889
12,3,1,11,12.43,1.13
12,3,2,5,4.07,0.8140000000000001
12,3,3,3,1.89,0.63
12,3,4,20,12.36,0.618
12,5,0,12,15.88,1.3233333333333335
12,5,1,17,14.78,0.8694117647058823
12,5,2,5,3.85,0.77
12,5,3,16,9.52,0.595
12,5,4,8,3.26,0.4075
12,6,0,4,11.84,2.96
12,6,1,18,52.58,2.921111111111111
12,6,2,7,6.62,0.9457142857142857
12,6,3,10,9.21,0.921
12,6,4,15,2.5,0.16666666666666666
12,8,0,14,33.07,2.362142857142857
12,8,1,2,3.41,1.705
12,8,2,15,21.68,1.4453333333333334
12,8,3,16,11.17,0.698125
12,8,4,8,1.85,0.23125
12,10,0,18,44.3,2.461111111111111
12,10,1,9,13.55,1.5055555555555555
12,10,2,8,10.99,1.37375
12,10,3,6,7.41,1.235
12,10,4,14,12.18,0.87
12,11,0,11,43.65,3.9681818181818183
12,11,1,12,42.08,3.5066666666666664
12,11,2,3,9.57,3.19
12,11,3,18,49.14,2.73
12,11,4,7,12.94,1.8485714285714285
12,13,0,13,65.81,5.062307692307693
12,13,1,19,26.47,1.3931578947368422
12,13,2,3,2.78,0.9266666666666666
12,13,3,6,5.01,0.835
12,13,4,10,5.5,0.55
12,14,0,15,55.95,3.73
12,14,1,10,31.09,3.109
12,14,2,17,34.49,2.0288235294117647
12,14,3,20,33.24,1.6620000000000001
12,14,4,17,10.02,0.5894117647058823
12,16,0,20,29.64,1.482
12,16,1,1,0.86,0.86
12,16,2,18,11.73,0.6516666666666667
12,16,3,8,3.31,0.41375
12,16,4,11,3.84,0.34909090909090906
12,17,0,17,36.1,2.123529411764706
12,17,1,5,10.07,2.0140000000000002
12,17,2,2,3.49,1.745
12,17,3,16,26.99,1.686875
12,17,4,3,4.24,1.4133333333333333
12,20,0,16,38.33,2.395625
12,20,1,4,8.29,2.0725
12,20,2,2,3.84,1.92
12,20,3,4,6.03,1.5075
12,20,4,5,6.82,1.364
12,21,0,17,31.5,1.8529411764705883
12,21,1,14,13.53,0.9664285714285714
12,21,2,19,14.07,0.7405263157894737
12,21,3,15,11.08,0.7386666666666667
12,21,4,11,2.86,0.26
12,23,0,5,24.29,4.858
12,23,1,5,22.49,4.497999999999999
12,23,2,8,30.28,3.785
12,23,3,9,22.9,2.5444444444444443
12,23,4,15,11.61,0.7739999999999999
12,24,0,16,22.3,1.39375
12,24,1,5,5.08,1.016
12,24,2,7,6.01,0.8585714285714285
12,24,3,15,3.46,0.23066666666666666
12,24,4,3,0.27,0.09000000000000001
12,25,0,20,32.13,1.6065
12,25,1,14,16.67,1.1907142857142858
12,25,2,19,22.46,1.1821052631578948
12,25,3,12,10.47,0.8725
12,25,4,11,5.37,0.4881818181818182
12,26,0,7,13.46,1.922857142857143
12,26,1,9,13.28,1.4755555555555555
12,26,2,6,2.95,0.4916666666666667
12,26,3,1,0.41,0.41
12,26,4,13,3.8,0.29230769230769227
12,28,0,7,8.86,1.2657142857142856
12,28,1,17,7.46,0.4388235294117647
12,28,2,15,3.93,0.262
12,28,3,8,0.89,0.11125
12,28,4,18,1.68,0.09333333333333332
12,30,0,12,29.01,2.4175
12,30,1,3,5.21,1.7366666666666666
12,30,2,8,9.84,1.23
12,30,3,8,5.71,0.71375
12,30,4,18,5.88,0.32666666666666666
12,34,0,8,26.24,3.28
12,34,1,17,46.96,2.7623529411764705
12,34,2,14,30.33,2.1664285714285714
12,34,3,4,7.19,1.7975
12,34,4,1,0.2,0.2
12,37,0,9,22.18,2.464444444444444
12,37,1,3,5.95,1.9833333333333334
12,37,2,13,6.23,0.47923076923076924
12,37,3,20,5.95,0.2975
12,37,4,9,2.49,0.27666666666666667
12,42,0,9,28.62,3.18
12,42,1,19,58.76,3.092631578947368
12,42,2,14,31.37,2.2407142857142857
12,42,3,5,9.98,1.996
12,42,4,7,7.4,1.0571428571428572
12,43,0,20,67.17,3.3585000000000003
12,43,1,13,37.5,2.8846153846153846
12,43,2,20,30.75,1.5375
12,43,3,17,24.4,1.4352941176470588
12,43,4,6,2.4,0.39999999999999997
12,45,0,14,26.76,1.9114285714285715
12,45,1,4,5.67,1.4175
12,45,2,8,7.21,0.90125
12,45,3,2,0.84,0.42
12,45,4,5,1.64,0.32799999999999996
12,47,0,1,1.81,1.81
12,47,1,13,18.29,1.406923076923077
12,47,2,12,8.49,0.7075
12,47,3,14,9.03,0.6449999999999999
12,47,4,5,2.55,0.51
12,48,0,13,24.02,1.8476923076923077
12,48,1,15,27.26,1.8173333333333335
12,48,2,14,15.58,1.1128571428571428
12,48,3,14,6.7,0.4785714285714286
12,48,4,5,1.41,0.282
12,49,0,16,17.13,1.070625
12,49,1,20,17.73,0.8865000000000001
12,49,2,1,0.58,0.58
12,49,3,5,1.28,0.256
12,49,4,13,1.31,0.10076923076923078
12,51,0,4,6.59,1.6475
12,51,1,7,9.63,1.375714285714286
12,51,2,19,12.05,0.6342105263157896
12,51,3,12,4.47,0.3725
12,51,4,4,0.33,0.0825
12,53,0,13,98.38,7.567692307692307
12,53,1,6,44.34,7.390000000000001
12,53,2,1,6.55,6.55
12,53,3,20,102.16,5.108
12,53,4,12,46.59,3.8825000000000003
12,54,0,2,2.94,1.47
12,54,1,5,6.59,1.318
12,54,2,2,2.35,1.175
12,54,3,10,7.8,0.78
12,54,4,7,4.84,0.6914285714285714
12,57,0,12,33.94,2.828333333333333
12,57,1,11,21.47,1.9518181818181817
12,57,2,9,8.56,0.9511111111111111
12,57,3,20,14.13,0.7065
12,57,4,20,3.8,0.19
12,58,0,3,9.34,3.1133333333333333
12,58,1,16,47.83,2.989375
12,58,2,17,43.82,2.5776470588235294
12,58,3,11,24.25,2.2045454545454546
12,58,4,9,12.12,1.3466666666666667
12,59,0,7,26.36,3.7657142857142856
12,59,1,9,33.77,3.7522222222222226
12,59,2,11,36.52,3.3200000000000003
12,59,3,9,17.33,1.9255555555555555
12,59,4,13,4.27,0.3284615384615384
12,64,0,10,40.71,4.071
12,64,1,13,40.72,3.132307692307692
12,64,2,3,7.34,2.4466666666666668
12,64,3,17,8.05,0.4735294117647059
12,64,4,12,2.34,0.19499999999999998
12,67,0,6,21.4,3.5666666666666664
12,67,1,17,35.76,2.103529411764706
12,67,2,8,14.66,1.8325
12,67,3,8,12.55,1.56875
12,67,4,2,0.44,0.22
12,69,0,8,4.34,0.5425
12,69,1,6,2.92,0.48666666666666664
12,69,2,14,5.31,0.3792857142857143
12,69,3,19,6.6,0.34736842105263155
12,69,4,12,1.58,0.13166666666666668
12,70,0,12,32.28,2.69
12,70,1,19,29.64,1.56
12,70,2,10,13.16,1.316
12,70,3,20,7.93,0.39649999999999996
12,70,4,18,2.97,0.165
12,77,0,6,16.36,2.7266666666666666
12,77,1,12,15.5,1.2916666666666667
12,77,2,15,11.13,0.7420000000000001
12,77,3,20,13.85,0.6925
12,77,4,2,0.62,0.31
12,78,0,10,13.84,1.384
12,78,1,18,21.05,1.1694444444444445
12,78,2,1,0.71,0.71
12,78,3,4,1.66,0.415
12,78,4,12,3.87,0.3225
12,81,0,8,73.0,9.125
12,81,1,6,53.64,8.94
12,81,2,5,42.96,8.592
12,81,3,15,102.32,6.821333333333333
12,81,4,6,39.94,6.656666666666666
12,86,0,18,81.9,4.550000000000001
12,86,1,6,24.16,4.026666666666666
12,86,2,5,15.45,3.09
12,86,3,7,21.49,3.07
12,86,4,13,20.49,1.576153846153846
12,88,0,12,30.9,2.5749999999999997
12,88,1,7,17.25,2.4642857142857144
12,88,2,2,4.27,2.135
12,88,3,16,25.42,1.58875
12,88,4,13,12.77,0.9823076923076923
12,90,0,5,14.13,2.826
12,90,1,7,16.42,2.345714285714286
12,90,2,4,7.92,1.98
12,90,3,19,30.31,1.5952631578947367
12,90,4,19,26.61,1.4005263157894736
12,92,0,12,30.33,2.5275
12,92,1,16,22.77,1.423125
12,92,2,9,11.44,1.271111111111111
12,92,3,13,12.28,0.9446153846153845
12,92,4,4,0.87,0.2175
12,95,0,6,25.56,4.26
12,95,1,14,44.88,3.205714285714286
12,95,2,5,10.66,2.132
12,95,3,7,8.77,1.252857142857143
12,95,4,11,2.3,0.20909090909090908
12,96,0,8,21.2,2.65
12,96,1,16,40.46,2.52875
12,96,2,9,16.25,1.8055555555555556
12,96,3,18,30.6,1.7000000000000002
12,96,4,17,23.98,1.4105882352941177
12,98,0,20,63.22,3.161
12,98,1,2,3.69,1.845
12,98,2,6,10.62,1.7699999999999998
12,98,3,17,25.19,1.481764705882353
12,98,4,7,7.34,1.0485714285714285
12,99,0,19,45.17,2.3773684210526316
12,99,1,5,4.14,0.828
12,99,2,7,4.48,0.64
12,99,3,8,3.17,0.39625
12,99,4,14,3.23,0.2307142857142857
13,0,0,12,28.2,2.35
13,0,1,7,6.35,0.9071428571428571
13,0,2,15,12.6,0.84
13,0,3,15,5.57,0.37133333333333335
13,0,4,3,0.6,0.19999999999999998
13,2,0,8,57.12,7.14
13,2,1,19,130.96,6.892631578947369
13,2,2,1,5.66,5.66
13,2,3,4,17.19,4.2975
13,2,4,16,26.04,1.6275
13,3,0,15,15.17,1.0113333333333334
13,3,1,10,9.5,0.95
13,3,2,1,0.8,0.8
13,3,3,20,7.59,0.3795
13,3,4,4,1.42,0.355
13,5,0,5,20.41,4.082
13,5,1,9,34.36,3.8177777777777777
13,5,2,9,33.47,3.718888888888889
13,5,3,9,19.59,2.1766666666666667
13,5,4,13,16.94,1.3030769230769232
13,6,0,6,44.63,7.4383333333333335
13,6,1,17,111.92,6.583529411764706
13,6,2,20,88.7,4.4350000000000005
13,6,3,18,28.89,1.605
13,6,4,8,5.68,0.71
13,8,0,13,21.74,1.6723076923076923
13,8,1,19,29.37,1.5457894736842106
13,8,2,10,11.21,1.121
13,8,3,13,13.88,1.0676923076923077
13,8,4,2,0.62,0.31
13,10,0,4,20.96,5.24
13,10,1,13,52.79,4.060769230769231
13,10,2,1,2.74,2.74
13,10,3,3,7.69,2.5633333333333335
13,10,4,13,26.24,2.0184615384615383
13,11,0,13,16.05,1.2346153846153847
13,11,1,8,9.35,1.16875
13,11,2,5,4.07,0.8140000000000001
13,11,3,9,5.45,0.6055555555555556
13,11,4,2,0.28,0.14
13,12,0,20,82.25,4.1125
13,12,1,4,15.32,3.83
13,12,2,7,16.42,2.345714285714286
13,12,3,10,13.52,1.3519999999999999
13,12,4,9,3.8,0.4222222222222222
13,14,0,16,9.1,0.56875
13,14,1,18,8.44,0.46888888888888886
13,14,2,16,5.41,0.338125
13,14,3,16,5.07,0.316875
13,14,4,18,5.3,0.29444444444444445
13,16,0,13,38.13,2.933076923076923
13,16,1,15,42.25,2.816666666666667
13,16,2,6,15.48,2.58
13,16,3,7,15.32,2.1885714285714286
13,16,4,10,11.03,1.103
13,17,0,3,8.51,2.8366666666666664
13,17,1,20,32.3,1.6149999999999998
13,17,2,14,19.55,1.3964285714285716
13,17,3,15,16.21,1.0806666666666667
13,17,4,19,3.72,0.19578947368421054
13,20,0,14,59.63,4.259285714285714
13,20,1,6,24.13,4.0216666666666665
13,20,2,16,63.42,3.96375
13,20,3,7,12.85,1.8357142857142856
13,20,4,9,12.12,1.3466666666666667
13,21,0,7,22.9,3.2714285714285714
13,21,1,5,10.86,2.1719999999999997
13,21,2,16,30.53,1.908125
13,21,3,1,0.49,0.49
13,21,4,1,0.27,0.27
13,23,0,15,121.65,8.110000000000001
13,23,1,4,22.45,5.6125
13,23,2,4,16.46,4.115
13,23,3,13,49.73,3.825384615384615
13,23,4,3,9.57,3.19
13,24,0,11,37.37,3.397272727272727
13,24,1,19,64.18,3.3778947368421055
13,24,2,4,10.03,2.5075
13,24,3,20,43.65,2.1825
13,24,4,15,17.74,1.1826666666666665
13,25,0,13,41.44,3.1876923076923074
13,25,1,19,27.34,1.4389473684210525
13,25,2,1,1.35,1.35
13,25,3,6,7.6,1.2666666666666666
13,25,4,2,2.52,1.26
13,26,0,13,107.7,8.284615384615385
13,26,1,2,10.0,5.0
13,26,2,1,3.55,3.55
13,26,3,2,6.86,3.43
13,26,4,13,26.44,2.033846153846154
13,28,0,8,23.05,2.88125
13,28,1,17,35.61,2.094705882352941
13,28,2,15,19.52,1.3013333333333332
13,28,3,14,17.58,1.2557142857142856
13,28,4,2,1.95,0.975
13,30,0,1,5.19,5.19
13,30,1,6,17.75,2.9583333333333335
13,30,2,18,40.67,2.2594444444444446
13,30,3,19,22.42,1.1800000000000002
13,30,4,8,9.34,1.1675
13,34,0,11,22.8,2.0727272727272728
13,34,1,4,6.73,1.6825
13,34,2,17,24.18,1.4223529411764706
13,34,3,9,9.56,1.0622222222222222
13,34,4,9,8.74,0.9711111111111111
13,37,0,11,39.9,3.627272727272727
13,37,1,3,9.32,3.106666666666667
13,37,2,15,44.55,2.9699999999999998
13,37,3,1,1.49,1.49
13,37,4,9,5.3,0.5888888888888889
13,42,0,6,9.38,1.5633333333333335
13,42,1,8,11.32,1.415
13,42,2,8,6.58,0.8225
13,42,3,9,3.43,0.3811111111111111
13,42,4,20,6.75,0.3375
13,43,0,9,3.14,0.3488888888888889
13,43,1,16,4.41,0.275625
13,43,2,14,3.09,0.2207142857142857
13,43,3,10,1.91,0.191
13,43,4,13,1.15,0.08846153846153845
13,45,0,2,6.56,3.28
13,45,1,19,57.34,3.0178947368421056
13,45,2,14,40.54,2.8957142857142855
13,45,3,7,13.85,1.9785714285714284
13,45,4,16,13.88,0.8675
13,47,0,1,4.55,4.55
13,47,1,8,29.78,3.7225
13,47,2,14,42.7,3.0500000000000003
13,47,3,11,7.95,0.7227272727272728
13,47,4,4,2.12,0.53
13,48,0,19,82.65,4.3500000000000005
13,48,1,5,19.72,3.944
13,48,2,17,67.04,3.943529411764706
13,48,3,20,63.57,3.1785
13,48,4,10,26.43,2.643
13,49,0,13,48.66,3.7430769230769227
13,49,1,14,36.79,2.6278571428571427
13,49,2,17,39.62,2.3305882352941176
13,49,3,7,16.07,2.295714285714286
13,49,4,12,2.73,0.2275
13,51,0,12,46.64,3.8866666666666667
13,51,1,12,37.47,3.1225
13,51,2,15,36.58,2.4386666666666668
13,51,3,17,32.05,1.8852941176470586
13,51,4,2,0.7,0.35
13,53,0,18,181.12,10.062222222222223
13,53,1,7,68.0,9.714285714285714
13,53,2,15,119.86,7.990666666666667
13,53,3,13,28.39,2.183846153846154
13,53,4,11,21.76,1.9781818181818183
13,54,0,17,45.48,2.675294117647059
13,54,1,14,33.3,2.3785714285714286
13,54,2,7,15.97,2.2814285714285716
13,54,3,6,9.09,1.515
13,54,4,6,1.69,0.2816666666666667
13,57,0,12,62.51,5.2091666666666665
13,57,1,3,12.48,4.16
13,57,2,16,58.2,3.6375
13,57,3,14,34.59,2.470714285714286
13,57,4,18,20.45,1.136111111111111
13,58,0,2,8.22,4.11
13,58,1,15,55.91,3.727333333333333
13,58,2,15,54.08,3.6053333333333333
13,58,3,18,16.83,0.9349999999999999
13,58,4,6,3.07,0.5116666666666666
13,59,0,16,84.61,5.288125
13,59,1,19,81.27,4.277368421052631
13,59,2,19,62.9,3.3105263157894735
13,59,3,20,39.16,1.9579999999999997
13,59,4,13,6.31,0.48538461538461536
13,64,0,19,14.2,0.7473684210526316
13,64,1,2,1.48,0.74
13,64,2,1,0.65,0.65
13,64,3,3,1.23,0.41
13,64,4,17,3.88,0.22823529411764706
13,67,0,14,89.59,6.399285714285715
13,67,1,12,41.66,3.4716666666666662
13,67,2,19,61.16,3.2189473684210523
13,67,3,19,22.13,1.164736842105263
13,67,4,2,1.65,0.825
13,69,0,14,70.82,5.058571428571428
13,69,1,19,88.25,4.644736842105263
13,69,2,16,65.26,4.07875
13,69,3,4,12.63,3.1575
13,69,4,19,17.56,0.9242105263157894
13,70,0,4,2.86,0.715
13,70,1,5,3.26,0.6519999999999999
13,70,2,20,12.52,0.626
13,70,3,16,9.06,0.56625
13,70,4,3,1.61,0.5366666666666667
13,77,0,12,12.4,1.0333333333333334
13,77,1,12,9.07,0.7558333333333334
13,77,2,1,0.39,0.39
13,77,3,20,6.36,0.318
13,77,4,19,5.06,0.2663157894736842
13,78,0,12,50.12,4.176666666666667
13,78,1,6,12.58,2.0966666666666667
13,78,2,2,3.13,1.565
13,78,3,20,21.19,1.0595
13,78,4,15,6.74,0.44933333333333336
13,81,0,16,192.92,12.0575
13,81,1,5,43.86,8.772
13,81,2,18,133.06,7.392222222222222
13,81,3,18,129.86,7.214444444444445
13,81,4,4,3.1,0.775
13,86,0,2,19.8,9.9
13,86,1,12,108.96,9.08
13,86,2,2,13.9,6.95
13,86,3,6,13.46,2.2433333333333336
13,86,4,19,35.07,1.8457894736842106
13,88,0,8,27.49,3.43625
13,88,1,14,27.63,1.9735714285714285
13,88,2,15,8.52,0.568
13,88,3,18,3.33,0.185
13,88,4,6,1.05,0.17500000000000002
13,90,0,6,5.93,0.9883333333333333
13,90,1,9,7.64,0.8488888888888888
13,90,2,4,3.04,0.76
13,90,3,5,3.34,0.6679999999999999
13,90,4,9,1.84,0.20444444444444446
13,92,0,8,24.65,3.08125
13,92,1,13,37.73,2.902307692307692
13,92,2,13,20.85,1.603846153846154
13,92,3,13,14.95,1.15
13,92,4,12,9.34,0.7783333333333333
13,95,0,2,2.14,1.07
13,95,1,9,6.96,0.7733333333333333
13,95,2,14,10.06,0.7185714285714286
13,95,3,6,4.07,0.6783333333333333
13,95,4,18,3.7,0.20555555555555557
13,96,0,1,1.65,1.65
13,96,1,9,10.93,1.2144444444444444
13,96,2,10,9.01,0.901
13,96,3,7,3.33,0.4757142857142857
13,96,4,20,5.24,0.262
13,98,0,7,39.63,5.661428571428572
13,98,1,3,15.71,5.236666666666667
13,98,2,15,66.73,4.448666666666667
13,98,3,2,5.46,2.73
13,98,4,8,10.4,1.3
13,99,0,9,20.23,2.247777777777778
13,99,1,17,36.18,2.1282352941176472
13,99,2,10,21.2,2.12
13,99,3,1,0.99,0.99
13,99,4,13,9.78,0.7523076923076922
14,0,0,5,9.47,1.8940000000000001
14,0,1,19,23.33,1.2278947368421052
14,0,2,5,5.54,1.108
14,0,3,12,8.92,0.7433333333333333
14,0,4,15,1.72,0.11466666666666667
14,2,0,13,105.58,8.121538461538462
14,2,1,18,125.94,6.996666666666666
14,2,2,3,8.18,2.7266666666666666
14,2,3,2,3.86,1.93
14,2,4,20,14.18,0.709
14,3,0,6,4.9,0.8166666666666668
14,3,1,9,6.25,0.6944444444444444
14,3,2,16,6.44,0.4025
14,3,3,7,0.98,0.13999999999999999
14,3,4,8,0.98,0.1225
14,5,0,16,56.47,3.529375
14,5,1,6,8.4,1.4000000000000001
14,5,2,6,5.06,0.8433333333333333
14,5,3,3,2.15,0.7166666666666667
14,5,4,14,8.77,0.6264285714285714
14,6,0,15,48.4,3.2266666666666666
14,6,1,16,23.75,1.484375
14,6,2,2,2.2,1.1
14,6,3,7,6.53,0.9328571428571429
14,6,4,1,0.41,0.41
14,8,0,20,19.33,0.9664999999999999
14,8,1,13,11.78,0.9061538461538461
14,8,2,12,9.77,0.8141666666666666
14,8,3,10,8.11,0.8109999999999999
14,8,4,19,3.86,0.2031578947368421
14,10,0,6,36.11,6.0183333333333335
14,10,1,9,42.25,4.694444444444445
14,10,2,11,30.87,2.8063636363636366
14,10,3,6,9.18,1.53
14,10,4,7,7.46,1.0657142857142856
14,11,0,13,10.46,0.8046153846153847
14,11,1,12,6.46,0.5383333333333333
14,11,2,5,1.11,0.22200000000000003
14,11,3,18,3.54,0.19666666666666666
14,11,4,15,2.27,0.15133333333333335
14,12,0,13,53.6,4.1230769230769235
14,12,1,1,3.98,3.98
14,12,2,15,27.78,1.852
14,12,3,5,6.9,1.3800000000000001
14,12,4,10,11.73,1.173
14,13,0,10,5.68,0.568
14,13,1,7,2.83,0.4042857142857143
14,13,2,11,3.34,0.30363636363636365
14,13,3,12,2.62,0.21833333333333335
14,13,4,10,0.29,0.028999999999999998
14,16,0,4,12.51,3.1275
14,16,1,2,5.39,2.695
14,16,2,10,20.08,2.008
14,16,3,15,21.79,1.4526666666666666
14,16,4,3,0.91,0.30333333333333334
14,17,0,15,32.34,2.156
14,17,1,9,19.03,2.1144444444444446
14,17,2,1,2.07,2.07
14,17,3,16,25.44,1.59
14,17,4,10,3.97,0.397
14,20,0,6,22.47,3.7449999999999997
14,20,1,10,27.66,2.766
14,20,2,8,22.05,2.75625
14,20,3,19,34.79,1.8310526315789473
14,20,4,3,0.58,0.19333333333333333
14,21,0,16,38.3,2.39375
14,21,1,3,6.24,2.08
14,21,2,12,22.11,1.8425
14,21,3,8,6.32,0.79
14,21,4,3,1.86,0.62
14,23,0,9,72.07,8.007777777777777
14,23,1,20,121.04,6.0520000000000005
14,23,2,8,36.82,4.6025
14,23,3,14,10.88,0.7771428571428572
14,23,4,14,5.78,0.41285714285714287
14,24,0,18,50.51,2.806111111111111
14,24,1,3,5.96,1.9866666666666666
14,24,2,7,12.96,1.8514285714285716
14,24,3,5,4.23,0.8460000000000001
14,24,4,20,2.83,0.14150000000000001
14,25,0,17,39.32,2.3129411764705883
14,25,1,2,3.49,1.745
14,25,2,16,25.25,1.578125
14,25,3,3,4.61,1.5366666666666668
14,25,4,1,0.27,0.27
14,26,0,19,130.37,6.861578947368422
14,26,1,7,26.76,3.822857142857143
14,26,2,20,59.92,2.996
14,26,3,18,52.27,2.903888888888889
14,26,4,18,9.59,0.5327777777777778
14,28,0,3,8.59,2.8633333333333333
14,28,1,2,5.0,2.5
14,28,2,3,5.12,1.7066666666666668
14,28,3,6,8.77,1.4616666666666667
14,28,4,6,6.38,1.0633333333333332
14,30,0,10,50.14,5.014
14,30,1,4,16.41,4.1025
14,30,2,16,57.63,3.601875
14,30,3,17,40.33,2.3723529411764703
14,30,4,5,4.08,0.8160000000000001
14,34,0,17,31.0,1.8235294117647058
14,34,1,7,10.65,1.5214285714285716
14,34,2,1,1.08,1.08
14,34,3,5,3.08,0.616
14,34,4,14,3.22,0.23
14,37,0,15,42.87,2.8579999999999997
14,37,1,19,36.22,1.9063157894736842
14,37,2,8,15.23,1.90375
14,37,3,14,24.09,1.7207142857142856
14,37,4,3,2.01,0.6699999999999999
14,42,0,1,0.74,0.74
14,42,1,19,12.34,0.6494736842105263
14,42,2,15,9.49,0.6326666666666667
14,42,3,13,5.77,0.44384615384615383
14,42,4,7,1.53,0.21857142857142858
14,43,0,11,2.59,0.23545454545454544
14,43,1,12,2.76,0.22999999999999998
14,43,2,15,2.87,0.19133333333333333
14,43,3,17,2.4,0.1411764705882353
14,43,4,20,2.22,0.11100000000000002
14,45,0,10,28.3,2.83
14,45,1,14,17.76,1.2685714285714287
14,45,2,17,18.55,1.0911764705882354
14,45,3,19,9.76,0.5136842105263157
14,45,4,19,5.73,0.30157894736842106
14,47,0,16,62.6,3.9125
14,47,1,17,55.43,3.260588235294118
14,47,2,17,42.81,2.5182352941176473
14,47,3,17,29.48,1.7341176470588235
14,47,4,9,11.29,1.2544444444444443
14,48,0,17,96.11,5.653529411764706
14,48,1,17,94.06,5.5329411764705885
14,48,2,13,65.4,5.0307692307692315
14,48,3,9,27.48,3.0533333333333332
14,48,4,9,3.81,0.42333333333333334
14,49,0,12,41.64,3.47
14,49,1,16,20.33,1.270625
14,49,2,12,15.11,1.2591666666666665
14,49,3,10,5.59,0.5589999999999999
14,49,4,12,6.6,0.5499999999999999
14,51,0,14,22.6,1.6142857142857143
14,51,1,15,24.16,1.6106666666666667
14,51,2,11,12.77,1.160909090909091
14,51,3,4,3.88,0.97
14,51,4,7,6.05,0.8642857142857142
14,53,0,9,109.1,12.122222222222222
14,53,1,5,57.54,11.508
14,53,2,3,29.36,9.786666666666667
14,53,3,14,120.5,8.607142857142858
14,53,4,12,52.58,4.381666666666667
14,54,0,5,16.46,3.2920000000000003
14,54,1,13,41.0,3.1538461538461537
14,54,2,9,22.5,2.5
14,54,3,20,18.34,0.917
14,54,4,14,4.62,0.33
14,57,0,3,16.51,5.503333333333334
14,57,1,6,30.9,5.1499999999999995
14,57,2,2,8.82,4.41
14,57,3,18,28.84,1.6022222222222222
14,57,4,14,15.22,1.0871428571428572
14,58,0,13,44.7,3.4384615384615387
14,58,1,19,57.12,3.006315789473684
14,58,2,19,56.99,2.9994736842105265
14,58,3,14,39.8,2.8428571428571425
14,58,4,20,29.35,1.4675
14,59,0,10,49.33,4.933
14,59,1,3,12.33,4.11
14,59,2,10,37.22,3.722
14,59,3,2,2.78,1.39
14,59,4,14,14.0,1.0
14,64,0,3,0.6,0.19999999999999998
14,64,1,3,0.55,0.18333333333333335
14,64,2,19,2.61,0.13736842105263158
14,64,3,11,0.72,0.06545454545454545
14,64,4,6,0.26,0.043333333333333335
14,67,0,3,15.86,5.286666666666666
14,67,1,4,16.45,4.1125
14,67,2,5,13.14,2.628
14,67,3,2,3.67,1.835
14,67,4,17,28.42,1.671764705882353
14,69,0,2,9.71,4.855
14,69,1,18,85.71,4.761666666666667
14,69,2,6,27.98,4.663333333333333
14,69,3,12,28.45,2.370833333333333
14,69,4,4,3.45,0.8625
14,70,0,6,4.01,0.6683333333333333
14,70,1,9,2.62,0.2911111111111111
14,70,2,4,0.76,0.19
14,70,3,1,0.14,0.14
14,70,4,17,1.29,0.07588235294117647
14,77,0,19,22.03,1.1594736842105264
14,77,1,14,15.86,1.1328571428571428
14,77,2,20,19.98,0.999
14,77,3,14,10.58,0.7557142857142857
14,77,4,3,1.94,0.6466666666666666
14,78,0,6,22.2,3.6999999999999997
14,78,1,15,40.74,2.716
14,78,2,13,27.66,2.1276923076923078
14,78,3,3,5.3,1.7666666666666666
14,78,4,20,7.38,0.369
14,81,0,17,198.85,11.697058823529412
14,81,1,2,21.94,10.97
14,81,2,3,30.5,10.166666666666666
14,81,3,5,32.1,6.42
14,81,4,20,82.21,4.1105
14,86,0,5,58.34,11.668000000000001
14,86,1,16,176.61,11.038125
14,86,2,20,137.86,6.893000000000001
14,86,3,4,7.02,1.755
14,86,4,18,29.42,1.6344444444444446
14,88,0,17,53.4,3.1411764705882352
14,88,1,19,50.37,2.6510526315789473
14,88,2,7,18.02,2.5742857142857143
14,88,3,2,3.51,1.755
14,88,4,13,4.8,0.3692307692307692
14,90,0,14,13.91,0.9935714285714285
14,90,1,5,3.88,0.776
14,90,2,15,8.82,0.588
14,90,3,4,1.8,0.45
14,90,4,17,3.76,0.22117647058823528
14,92,0,10,25.86,2.586
14,92,1,12,27.98,2.3316666666666666
14,92,2,18,18.16,1.008888888888889
14,92,3,16,8.52,0.5325
14,92,4,10,2.53,0.253
14,95,0,7,4.97,0.71
14,95,1,20,12.32,0.616
14,95,2,18,10.27,0.5705555555555555
14,95,3,19,7.91,0.4163157894736842
14,95,4,17,2.85,0.16764705882352943
14,96,0,15,17.0,1.1333333333333333
14,96,1,13,11.32,0.8707692307692307
14,96,2,2,1.36,0.68
14,96,3,18,7.22,0.4011111111111111
14,96,4,14,2.02,0.1442857142857143
14,98,0,9,57.51,6.39
14,98,1,16,84.61,5.288125
14,98,2,6,30.13,5.0216666666666665
14,98,3,1,3.86,3.86
14,98,4,12,45.66,3.8049999999999997
14,99,0,16,31.03,1.939375
14,99,1,9,17.44,1.9377777777777778
14,99,2,20,38.73,1.9364999999999999
14,99,3,7,5.73,0.8185714285714286
14,99,4,15,11.63,0.7753333333333334
16,0,0,16,44.25,2.765625
16,0,1,3,6.71,2.236666666666667
16,0,2,4,4.12,1.03
16,0,3,11,6.56,0.5963636363636363
16,0,4,4,1.34,0.335
16,2,0,18,122.39,6.799444444444444
16,2,1,10,56.4,5.64
16,2,2,15,74.58,4.9719999999999995
16,2,3,18,63.35,3.5194444444444444
16,2,4,12,20.95,1.7458333333333333
16,3,0,13,37.39,2.876153846153846
16,3,1,9,21.57,2.3966666666666665
16,3,2,13,13.35,1.0269230769230768
16,3,3,4,1.29,0.3225
16,3,4,6,1.54,0.25666666666666665
16,5,0,19,9.66,0.508421052631579
16,5,1,6,2.95,0.4916666666666667
16,5,2,8,2.84,0.355
16,5,3,14,3.42,0.24428571428571427
16,5,4,13,0.65,0.05
16,6,0,7,34.86,4.9799999999999995
16,6,1,12,22.16,1.8466666666666667
16,6,2,11,15.29,1.39
16,6,3,19,24.44,1.2863157894736843
16,6,4,17,16.72,0.9835294117647058
16,8,0,12,25.11,2.0925
16,8,1,4,3.75,0.9375
16,8,2,6,5.18,0.8633333333333333
16,8,3,15,6.04,0.4026666666666667
16,8,4,9,3.41,0.3788888888888889
16,10,0,11,38.49,3.4990909090909095
16,10,1,20,63.75,3.1875
16,10,2,14,22.27,1.5907142857142857
16,10,3,10,12.45,1.2449999999999999
16,10,4,16,6.47,0.404375
16,11,0,20,61.23,3.0614999999999997
16,11,1,7,17.55,2.507142857142857
16,11,2,12,19.1,1.5916666666666668
16,11,3,7,9.34,1.3342857142857143
16,11,4,5,2.91,0.5820000000000001
16,12,0,18,26.89,1.4938888888888888
16,12,1,16,22.3,1.39375
16,12,2,2,1.29,0.645
16,12,3,14,2.91,0.20785714285714288
16,12,4,8,1.34,0.1675
16,13,0,12,28.54,2.3783333333333334
16,13,1,15,34.05,2.27
16,13,2,8,18.04,2.255
16,13,3,13,17.64,1.356923076923077
16,13,4,9,9.34,1.0377777777777777
16,14,0,17,57.28,3.3694117647058826
16,14,1,18,54.86,3.0477777777777777
16,14,2,18,30.51,1.695
16,14,3,6,6.86,1.1433333333333333
16,14,4,6,5.53,0.9216666666666667
16,17,0,1,1.84,1.84
16,17,1,14,22.84,1.6314285714285715
16,17,2,14,16.81,1.2007142857142856
16,17,3,4,3.95,0.9875
16,17,4,17,13.12,0.7717647058823529
16,20,0,13,35.96,2.766153846153846
16,20,1,12,29.5,2.4583333333333335
16,20,2,18,43.78,2.4322222222222223
16,20,3,12,16.25,1.3541666666666667
16,20,4,1,0.73,0.73
16,21,0,2,4.6,2.3
16,21,1,18,35.65,1.9805555555555554
16,21,2,19,26.44,1.391578947368421
16,21,3,7,5.98,0.8542857142857143
16,21,4,5,2.51,0.502
16,23,0,9,52.84,5.871111111111111
16,23,1,19,56.88,2.993684210526316
16,23,2,11,22.81,2.0736363636363637
16,23,3,17,7.25,0.4264705882352941
16,23,4,12,3.81,0.3175
16,24,0,5,1.64,0.32799999999999996
16,24,1,6,1.7,0.2833333333333333
16,24,2,5,1.37,0.274
16,24,3,2,0.14,0.07
16,24,4,20,1.18,0.059
16,25,0,17,25.91,1.5241176470588236
16,25,1,3,3.12,1.04
16,25,2,5,3.11,0.622
16,25,3,18,10.71,0.5950000000000001
16,25,4,4,1.38,0.345
16,26,0,17,80.24,4.72
16,26,1,2,7.53,3.765
16,26,2,6,19.84,3.3066666666666666
16,26,3,19,18.17,0.9563157894736843
16,26,4,13,2.98,0.22923076923076924
16,28,0,11,24.18,2.1981818181818182
16,28,1,13,23.17,1.7823076923076924
16,28,2,18,10.79,0.5994444444444444
16,28,3,6,3.11,0.5183333333333333
16,28,4,13,4.37,0.33615384615384614
16,30,0,5,23.09,4.618
16,30,1,9,33.32,3.7022222222222223
16,30,2,7,16.38,2.34
16,30,3,16,19.1,1.19375
16,30,4,17,16.24,0.9552941176470587
16,34,0,2,5.92,2.96
16,34,1,13,24.2,1.8615384615384616
16,34,2,9,7.44,0.8266666666666667
16,34,3,4,2.76,0.69
16,34,4,9,6.09,0.6766666666666666
16,37,0,12,33.84,2.8200000000000003
16,37,1,19,46.44,2.444210526315789
16,37,2,2,1.83,0.915
16,37,3,16,12.33,0.770625
16,37,4,2,0.71,0.355
16,42,0,20,38.64,1.932
16,42,1,1,1.91,1.91
16,42,2,16,21.28,1.33
16,42,3,3,3.33,1.11
16,42,4,12,8.35,0.6958333333333333
16,43,0,5,17.33,3.4659999999999997
16,43,1,2,6.3,3.15
16,43,2,16,47.01,2.938125
16,43,3,15,31.04,2.0693333333333332
16,43,4,10,12.03,1.2029999999999998
16,45,0,11,28.81,2.619090909090909
16,45,1,3,7.82,2.606666666666667
16,45,2,7,17.65,2.5214285714285714
16,45,3,5,5.11,1.022
16,45,4,20,19.3,0.9650000000000001
16,47,0,7,6.22,0.8885714285714286
16,47,1,13,8.36,0.643076923076923
16,47,2,17,7.63,0.4488235294117647
16,47,3,5,1.24,0.248
16,47,4,19,3.47,0.18263157894736842
16,48,0,9,40.72,4.524444444444445
16,48,1,8,33.05,4.13125
16,48,2,11,42.8,3.8909090909090907
16,48,3,17,44.26,2.603529411764706
16,48,4,20,29.15,1.4575
16,49,0,5,7.22,1.444
16,49,1,9,4.46,0.4955555555555555
16,49,2,6,2.07,0.345
16,49,3,4,0.82,0.205
16,49,4,17,1.22,0.07176470588235294
16,51,0,12,20.19,1.6825
16,51,1,10,13.98,1.3980000000000001
16,51,2,15,18.63,1.242
16,51,3,13,13.63,1.0484615384615386
16,51,4,9,7.58,0.8422222222222222
16,53,0,13,100.66,7.743076923076923
16,53,1,3,19.38,6.46
16,53,2,16,102.34,6.39625
16,53,3,9,33.47,3.718888888888889
16,53,4,17,59.73,3.5135294117647056
16,54,0,17,26.3,1.5470588235294118
16,54,1,9,11.53,1.281111111111111
16,54,2,9,8.69,0.9655555555555555
16,54,3,8,3.39,0.42375
16,54,4,7,2.34,0.33428571428571424
16,57,0,5,10.63,2.1260000000000003
16,57,1,13,23.63,1.8176923076923077
16,57,2,17,30.16,1.7741176470588236
16,57,3,17,28.99,1.7052941176470586
16,57,4,10,3.58,0.358
16,58,0,8,30.93,3.86625
16,58,1,14,40.39,2.8850000000000002
16,58,2,18,40.09,2.227222222222222
16,58,3,3,5.33,1.7766666666666666
16,58,4,15,24.97,1.6646666666666665
16,59,0,14,66.21,4.729285714285714
16,59,1,20,50.03,2.5015
16,59,2,17,39.51,2.3241176470588236
16,59,3,15,21.24,1.416
16,59,4,19,5.97,0.31421052631578944
16,64,0,2,5.79,2.895
16,64,1,11,19.6,1.781818181818182
16,64,2,11,16.5,1.5
16,64,3,12,15.47,1.2891666666666668
16,64,4,7,7.29,1.0414285714285714
16,67,0,7,32.45,4.635714285714286
16,67,1,1,4.37,4.37
16,67,2,4,16.21,4.0525
16,67,3,18,65.1,3.6166666666666663
16,67,4,16,6.55,0.409375
16,69,0,15,32.77,2.1846666666666668
16,69,1,5,5.72,1.144
16,69,2,18,17.65,0.9805555555555555
16,69,3,20,13.3,0.665
16,69,4,5,3.28,0.6559999999999999
16,70,0,6,8.37,1.3949999999999998
16,70,1,15,11.82,0.788
16,70,2,19,14.17,0.7457894736842106
16,70,3,17,10.19,0.5994117647058823
16,70,4,2,0.34,0.17
16,77,0,15,46.44,3.0959999999999996
16,77,1,10,30.45,3.045
16,77,2,20,47.29,2.3645
16,77,3,14,18.86,1.3471428571428572
16,77,4,6,4.34,0.7233333333333333
16,78,0,20,52.29,2.6145
16,78,1,19,39.49,2.078421052631579
16,78,2,16,31.26,1.95375
16,78,3,18,32.72,1.8177777777777777
16,78,4,17,27.84,1.6376470588235295
16,81,0,18,191.07,10.615
16,81,1,17,153.14,9.008235294117647
16,81,2,7,60.71,8.672857142857143
16,81,3,8,42.07,5.25875
16,81,4,15,76.4,5.093333333333334
16,86,0,5,58.73,11.745999999999999
16,86,1,10,98.52,9.852
16,86,2,12,49.36,4.113333333333333
16,86,3,12,41.61,3.4675
16,86,4,11,33.52,3.0472727272727274
16,88,0,6,19.52,3.2533333333333334
16,88,1,9,12.86,1.4288888888888889
16,88,2,10,13.78,1.378
16,88,3,14,9.64,0.6885714285714286
16,88,4,5,3.4,0.6799999999999999
16,90,0,3,10.93,3.643333333333333
16,90,1,3,7.69,2.5633333333333335
16,90,2,3,4.51,1.5033333333333332
16,90,3,10,10.23,1.0230000000000001
16,90,4,8,2.56,0.32
16,92,0,17,46.67,2.745294117647059
16,92,1,17,44.94,2.643529411764706
16,92,2,10,25.45,2.545
16,92,3,2,4.16,2.08
16,92,4,2,2.13,1.065
16,95,0,12,30.98,2.5816666666666666
16,95,1,19,34.27,1.803684210526316
16,95,2,2,3.25,1.625
16,95,3,4,3.78,0.945
16,95,4,18,3.04,0.1688888888888889
16,96,0,5,7.83,1.566
16,96,1,19,27.01,1.421578947368421
16,96,2,20,21.71,1.0855000000000001
16,96,3,16,14.8,0.925
16,96,4,9,7.07,0.7855555555555556
16,98,0,10,41.42,4.142
16,98,1,4,16.16,4.04
16,98,2,15,48.48,3.2319999999999998
16,98,3,17,37.71,2.218235294117647
16,98,4,15,12.33,0.822
16,99,0,7,18.1,2.585714285714286
16,99,1,2,4.72,2.36
16,99,2,14,28.49,2.0349999999999997
16,99,3,19,19.61,1.0321052631578946
16,99,4,4,3.17,0.7925
17,0,0,19,10.63,0.5594736842105263
17,0,1,3,1.25,0.4166666666666667
17,0,2,7,2.46,0.3514285714285714
17,0,3,3,0.95,0.31666666666666665
17,0,4,14,1.71,0.12214285714285714
17,2,0,11,69.87,6.3518181818181825
17,2,1,2,12.39,6.195
17,2,2,10,58.15,5.8149999999999995
17,2,3,13,50.41,3.8776923076923073
17,2,4,10,3.74,0.374
17,3,0,15,21.44,1.4293333333333333
17,3,1,20,18.45,0.9225
17,3,2,5,4.41,0.882
17,3,3,1,0.41,0.41
17,3,4,17,4.53,0.2664705882352941
17,5,0,3,4.26,1.42
17,5,1,6,4.65,0.775
17,5,2,10,4.61,0.461
17,5,3,9,3.06,0.34
17,5,4,3,0.25,0.08333333333333333
17,6,0,3,13.24,4.413333333333333
17,6,1,10,42.88,4.288
17,6,2,4,15.26,3.815
17,6,3,7,14.09,2.012857142857143
17,6,4,2,1.5,0.75
17,8,0,12,11.25,0.9375
17,8,1,20,18.17,0.9085000000000001
17,8,2,5,3.88,0.776
17,8,3,10,6.31,0.631
17,8,4,1,0.52,0.52
17,10,0,7,27.16,3.88
17,10,1,14,44.58,3.184285714285714
17,10,2,20,63.04,3.152
17,10,3,7,11.06,1.58
17,10,4,2,0.98,0.49
17,11,0,19,25.57,1.3457894736842106
17,11,1,18,11.33,0.6294444444444445
17,11,2,6,2.39,0.3983333333333334
17,11,3,14,3.64,0.26
17,11,4,20,1.62,0.081
17,12,0,12,22.1,1.8416666666666668
17,12,1,17,17.26,1.015294117647059
17,12,2,16,15.02,0.93875
17,12,3,9,6.16,0.6844444444444444
17,12,4,20,9.17,0.4585
17,13,0,19,54.06,2.845263157894737
17,13,1,20,49.2,2.46
17,13,2,9,9.38,1.0422222222222224
17,13,3,9,8.92,0.991111111111111
17,13,4,16,13.34,0.83375
17,14,0,16,29.68,1.855
17,14,1,13,23.73,1.8253846153846154
17,14,2,20,33.25,1.6625
17,14,3,2,2.42,1.21
17,14,4,12,7.66,0.6383333333333333
17,16,0,9,14.8,1.6444444444444446
17,16,1,8,10.32,1.29
17,16,2,4,3.08,0.77
17,16,3,11,8.18,0.7436363636363637
17,16,4,14,3.64,0.26
17,20,0,9,14.21,1.578888888888889
17,20,1,8,10.98,1.3725
17,20,2,14,18.75,1.3392857142857142
17,20,3,2,0.97,0.485
17,20,4,1,0.25,0.25
17,21,0,10,4.99,0.499
17,21,1,18,8.67,0.4816666666666667
17,21,2,11,3.41,0.31
17,21,3,8,2.17,0.27125
17,21,4,7,0.77,0.11
17,23,0,4,13.12,3.28
17,23,1,15,40.56,2.704
17,23,2,4,6.27,1.5675
17,23,3,2,2.11,1.055
17,23,4,3,1.77,0.59
17,24,0,20,27.52,1.376
17,24,1,6,5.82,0.9700000000000001
17,24,2,2,1.51,0.755
17,24,3,2,1.25,0.625
17,24,4,1,0.13,0.13
17,25,0,11,5.33,0.48454545454545456
17,25,1,3,1.41,0.47
17,25,2,14,4.2,0.3
17,25,3,11,2.16,0.19636363636363638
17,25,4,3,0.35,0.11666666666666665
17,26,0,14,72.35,5.167857142857143
17,26,1,6,22.99,3.8316666666666666
17,26,2,17,62.37,3.6688235294117644
17,26,3,19,47.26,2.4873684210526315
17,26,4,7,12.38,1.7685714285714287
17,28,0,3,2.2,0.7333333333333334
17,28,1,3,2.16,0.7200000000000001
17,28,2,11,4.19,0.3809090909090909
17,28,3,18,5.96,0.33111111111111113
17,28,4,7,1.22,0.1742857142857143
17,30,0,10,29.47,2.947
17,30,1,8,22.58,2.8225
17,30,2,17,40.75,2.3970588235294117
17,30,3,19,37.09,1.952105263157895
17,30,4,5,9.51,1.902
17,34,0,11,14.54,1.3218181818181818
17,34,1,1,0.79,0.79
17,34,2,16,10.6,0.6625
17,34,3,4,1.95,0.4875
17,34,4,7,2.62,0.3742857142857143
17,37,0,12,14.65,1.2208333333333334
17,37,1,20,7.8,0.39
17,37,2,12,2.7,0.225
17,37,3,16,2.55,0.159375
17,37,4,12,1.6,0.13333333333333333
17,42,0,3,3.97,1.3233333333333335
17,42,1,18,20.51,1.1394444444444445
17,42,2,1,0.85,0.85
17,42,3,20,14.75,0.7375
17,42,4,13,1.36,0.10461538461538462
17,43,0,17,33.54,1.9729411764705882
17,43,1,11,14.99,1.3627272727272728
17,43,2,7,6.23,0.89
17,43,3,17,11.88,0.6988235294117647
17,43,4,12,7.83,0.6525
17,45,0,2,2.16,1.08
17,45,1,2,1.57,0.785
17,45,2,20,13.97,0.6985
17,45,3,10,6.63,0.663
17,45,4,14,3.52,0.25142857142857145
17,47,0,19,39.49,2.078421052631579
17,47,1,20,36.73,1.8364999999999998
17,47,2,9,10.47,1.1633333333333333
17,47,3,17,17.42,1.0247058823529414
17,47,4,1,0.4,0.4
17,48,0,14,46.39,3.3135714285714286
17,48,1,2,6.13,3.065
17,48,2,17,32.53,1.913529411764706
17,48,3,2,3.81,1.905
17,48,4,16,6.28,0.3925
17,49,0,7,4.24,0.6057142857142858
17,49,1,12,3.58,0.29833333333333334
17,49,2,18,3.22,0.1788888888888889
17,49,3,13,1.53,0.1176923076923077
17,49,4,2,0.22,0.11
17,51,0,10,6.71,0.671
17,51,1,2,0.71,0.355
17,51,2,9,2.42,0.2688888888888889
17,51,3,9,1.58,0.17555555555555558
17,51,4,20,3.29,0.1645
17,53,0,3,22.2,7.3999999999999995
17,53,1,12,76.79,6.399166666666667
17,53,2,16,85.3,5.33125
17,53,3,13,39.18,3.0138461538461536
17,53,4,7,10.21,1.4585714285714286
17,54,0,15,16.66,1.1106666666666667
17,54,1,8,8.15,1.01875
17,54,2,17,12.85,0.7558823529411764
17,54,3,5,3.41,0.682
17,54,4,12,3.75,0.3125
17,57,0,19,78.51,4.132105263157895
17,57,1,12,42.95,3.579166666666667
17,57,2,3,6.4,2.1333333333333333
17,57,3,13,22.85,1.7576923076923079
17,57,4,14,8.51,0.6078571428571429
17,58,0,4,9.05,2.2625
17,58,1,3,6.61,2.2033333333333336
17,58,2,2,4.15,2.075
17,58,3,1,1.12,1.12
17,58,4,19,10.91,0.5742105263157895
17,59,0,20,73.5,3.675
17,59,1,15,39.02,2.6013333333333337
17,59,2,2,4.38,2.19
17,59,3,6,5.67,0.945
17,59,4,20,11.31,0.5655
17,64,0,2,4.33,2.165
17,64,1,17,33.42,1.9658823529411766
17,64,2,20,24.88,1.244
17,64,3,4,4.32,1.08
17,64,4,1,1.05,1.05
17,67,0,9,30.68,3.408888888888889
17,67,1,17,46.78,2.751764705882353
17,67,2,6,14.41,2.401666666666667
17,67,3,5,1.64,0.32799999999999996
17,67,4,9,2.84,0.31555555555555553
17,69,0,18,41.27,2.292777777777778
17,69,1,5,11.42,2.284
17,69,2,13,26.61,2.046923076923077
17,69,3,8,11.93,1.49125
17,69,4,12,9.11,0.7591666666666667
17,70,0,4,6.66,1.665
17,70,1,20,18.64,0.932
17,70,2,6,2.73,0.455
17,70,3,7,2.76,0.39428571428571424
17,70,4,9,3.13,0.34777777777777774
17,77,0,20,37.82,1.891
17,77,1,12,20.89,1.7408333333333335
17,77,2,7,11.83,1.69
17,77,3,6,9.7,1.6166666666666665
17,77,4,6,1.52,0.25333333333333335
17,78,0,4,8.7,2.175
17,78,1,4,5.47,1.3675
17,78,2,13,11.19,0.8607692307692307
17,78,3,1,0.83,0.83
17,78,4,11,5.99,0.5445454545454546
17,81,0,7,72.7,10.385714285714286
17,81,1,19,183.93,9.680526315789473
17,81,2,5,44.68,8.936
17,81,3,20,147.12,7.356
17,81,4,16,89.22,5.57625
17,86,0,17,168.98,9.94
17,86,1,4,19.07,4.7675
17,86,2,1,4.42,4.42
17,86,3,16,16.36,1.0225
17,86,4,12,11.93,0.9941666666666666
17,88,0,2,2.39,1.195
17,88,1,18,19.61,1.0894444444444444
17,88,2,15,14.22,0.9480000000000001
17,88,3,8,3.25,0.40625
17,88,4,14,4.46,0.31857142857142856
17,90,0,2,4.27,2.135
17,90,1,17,32.55,1.914705882352941
17,90,2,5,7.98,1.596
17,90,3,7,8.3,1.1857142857142857
17,90,4,11,12.36,1.1236363636363635
17,92,0,11,10.62,0.9654545454545453
17,92,1,6,4.08,0.68
17,92,2,6,3.41,0.5683333333333334
17,92,3,17,8.65,0.5088235294117647
17,92,4,6,3.04,0.5066666666666667
17,95,0,16,35.31,2.206875
17,95,1,12,23.71,1.9758333333333333
17,95,2,9,11.79,1.3099999999999998
17,95,3,12,9.82,0.8183333333333334
17,95,4,8,5.24,0.655
17,96,0,1,0.92,0.92
17,96,1,2,1.3,0.65
17,96,2,12,5.86,0.48833333333333334
17,96,3,16,6.25,0.390625
17,96,4,13,3.45,0.2653846153846154
17,98,0,13,36.77,2.828461538461539
17,98,1,14,26.46,1.8900000000000001
17,98,2,18,30.22,1.6788888888888889
17,98,3,11,13.98,1.270909090909091
17,98,4,17,14.08,0.8282352941176471
17,99,0,9,8.48,0.9422222222222223
17,99,1,20,13.49,0.6745
17,99,2,1,0.5,0.5
17,99,3,17,6.96,0.40941176470588236
17,99,4,14,3.27,0.23357142857142857
20,0,0,12,19.02,1.585
20,0,1,2,3.15,1.575
20,0,2,13,19.08,1.4676923076923076
20,0,3,19,24.76,1.3031578947368423
20,0,4,5,0.8,0.16
20,2,0,18,99.09,5.505
20,2,1,6,25.88,4.3133333333333335
20,2,2,4,13.6,3.4
20,2,3,19,51.35,2.7026315789473685
20,2,4,9,13.56,1.5066666666666668
20,3,0,1,2.73,2.73
20,3,1,20,51.11,2.5555
20,3,2,20,23.59,1.1795
20,3,3,6,4.69,0.7816666666666667
20,3,4,7,2.72,0.3885714285714286
20,5,0,16,52.14,3.25875
20,5,1,9,16.99,1.8877777777777776
20,5,2,4,6.48,1.62
20,5,3,4,2.52,0.63
20,5,4,13,8.16,0.6276923076923077
20,6,0,9,42.34,4.704444444444444
20,6,1,2,8.65,4.325
20,6,2,1,3.75,3.75
20,6,3,7,19.91,2.8442857142857143
20,6,4,6,12.69,2.1149999999999998
20,8,0,16,44.74,2.79625
20,8,1,2,4.99,2.495
20,8,2,2,4.66,2.33
20,8,3,17,26.32,1.5482352941176472
20,8,4,3,3.62,1.2066666666666668
20,10,0,8,32.6,4.075
20,10,1,1,3.89,3.89
20,10,2,3,11.44,3.813333333333333
20,10,3,19,59.87,3.1510526315789473
20,10,4,10,20.76,2.076
20,11,0,2,3.7,1.85
20,11,1,1,1.4,1.4
20,11,2,17,22.97,1.3511764705882352
20,11,3,9,9.92,1.1022222222222222
20,11,4,9,3.59,0.39888888888888885
20,12,0,18,35.08,1.948888888888889
20,12,1,4,7.35,1.8375
20,12,2,4,7.0,1.75
20,12,3,3,1.6,0.5333333333333333
20,12,4,12,4.59,0.3825
20,13,0,9,36.97,4.107777777777778
20,13,1,10,31.0,3.1
20,13,2,14,38.95,2.7821428571428575
20,13,3,4,10.64,2.66
20,13,4,8,3.89,0.48625
20,14,0,20,37.23,1.8615
20,14,1,12,21.71,1.8091666666666668
20,14,2,2,3.41,1.705
20,14,3,10,11.28,1.128
20,14,4,20,17.99,0.8995
20,16,0,19,65.46,3.4452631578947366
20,16,1,19,64.64,3.4021052631578947
20,16,2,19,58.45,3.0763157894736843
20,16,3,13,37.36,2.873846153846154
20,16,4,15,29.26,1.9506666666666668
20,17,0,12,17.26,1.4383333333333335
20,17,1,5,6.03,1.206
20,17,2,17,11.61,0.6829411764705882
20,17,3,7,3.08,0.44
20,17,4,2,0.79,0.395
20,21,0,4,4.33,1.0825
20,21,1,2,1.73,0.865
20,21,2,14,8.26,0.59
20,21,3,14,5.71,0.40785714285714286
20,21,4,5,1.34,0.268
20,23,0,16,68.34,4.27125
20,23,1,13,54.54,4.195384615384615
20,23,2,19,16.07,0.8457894736842105
20,23,3,5,2.92,0.584
20,23,4,19,6.74,0.3547368421052632
20,24,0,16,47.32,2.9575
20,24,1,12,34.3,2.858333333333333
20,24,2,6,11.33,1.8883333333333334
20,24,3,1,1.19,1.19
20,24,4,6,3.52,0.5866666666666667
20,25,0,11,15.07,1.37
20,25,1,2,2.07,1.035
20,25,2,12,2.05,0.1708333333333333
20,25,3,18,2.74,0.15222222222222223
20,25,4,1,0.1,0.1
20,26,0,10,49.72,4.9719999999999995
20,26,1,20,68.91,3.4455
20,26,2,6,11.57,1.9283333333333335
20,26,3,6,9.27,1.545
20,26,4,10,9.94,0.994
20,28,0,20,15.66,0.783
20,28,1,13,7.9,0.6076923076923078
20,28,2,16,9.23,0.576875
20,28,3,15,3.48,0.232
20,28,4,3,0.5,0.16666666666666666
20,30,0,19,24.27,1.2773684210526315
20,30,1,5,2.59,0.518
20,30,2,2,0.83,0.415
20,30,3,13,3.57,0.2746153846153846
20,30,4,16,3.9,0.24375
20,34,0,5,9.44,1.888
20,34,1,20,35.26,1.763
20,34,2,15,9.54,0.6359999999999999
20,34,3,10,4.3,0.43
20,34,4,15,4.93,0.32866666666666666
20,37,0,7,3.86,0.5514285714285714
20,37,1,6,1.68,0.27999999999999997
20,37,2,6,1.63,0.27166666666666667
20,37,3,3,0.63,0.21
20,37,4,14,1.13,0.08071428571428571
20,42,0,13,36.69,2.822307692307692
20,42,1,19,19.45,1.0236842105263158
20,42,2,12,10.78,0.8983333333333333
20,42,3,1,0.8,0.8
20,42,4,9,6.17,0.6855555555555556
20,43,0,19,61.46,3.234736842105263
20,43,1,16,30.36,1.8975
20,43,2,8,7.33,0.91625
20,43,3,19,13.19,0.6942105263157895
20,43,4,5,3.25,0.65
20,45,0,2,1.27,0.635
20,45,1,18,10.86,0.6033333333333333
20,45,2,3,1.52,0.5066666666666667
20,45,3,19,7.46,0.39263157894736844
20,45,4,15,1.07,0.07133333333333333
20,47,0,16,55.22,3.45125
20,47,1,6,13.65,2.275
20,47,2,15,17.97,1.198
20,47,3,12,10.85,0.9041666666666667
20,47,4,20,7.75,0.3875
20,48,0,7,13.33,1.9042857142857144
20,48,1,16,25.89,1.618125
20,48,2,14,18.07,1.2907142857142857
20,48,3,16,17.54,1.09625
20,48,4,4,0.72,0.18
20,49,0,14,28.26,2.0185714285714287
20,49,1,8,15.0,1.875
20,49,2,16,17.71,1.106875
20,49,3,12,6.04,0.5033333333333333
20,49,4,18,2.92,0.1622222222222222
20,51,0,3,4.58,1.5266666666666666
20,51,1,2,2.48,1.24
20,51,2,5,5.02,1.004
20,51,3,6,4.7,0.7833333333333333
20,51,4,7,4.75,0.6785714285714286
20,53,0,8,64.46,8.0575
20,53,1,8,53.69,6.71125
20,53,2,6,17.81,2.9683333333333333
20,53,3,14,41.26,2.947142857142857
20,53,4,20,55.49,2.7745
20,54,0,10,9.7,0.97
20,54,1,18,16.16,0.8977777777777778
20,54,2,15,8.33,0.5553333333333333
20,54,3,5,1.37,0.274
20,54,4,11,0.92,0.08363636363636363
20,57,0,3,17.5,5.833333333333333
20,57,1,19,76.65,4.03421052631579
20,57,2,19,75.51,3.97421052631579
20,57,3,7,20.04,2.8628571428571425
20,57,4,5,9.6,1.92
20,58,0,1,0.27,0.27
20,58,1,5,1.13,0.22599999999999998
20,58,2,16,3.5,0.21875
20,58,3,9,1.79,0.1988888888888889
20,58,4,5,0.83,0.16599999999999998
20,59,0,13,20.8,1.6
20,59,1,1,1.41,1.41
20,59,2,18,24.98,1.3877777777777778
20,59,3,20,15.88,0.794
20,59,4,3,2.33,0.7766666666666667
20,64,0,10,34.64,3.464
20,64,1,19,61.55,3.2394736842105263
20,64,2,19,9.36,0.49263157894736836
20,64,3,7,2.06,0.2942857142857143
20,64,4,3,0.83,0.27666666666666667
20,67,0,8,15.36,1.92
20,67,1,9,9.92,1.1022222222222222
20,67,2,6,5.86,0.9766666666666667
20,67,3,4,3.82,0.955
20,67,4,7,4.28,0.6114285714285714
20,69,0,15,54.76,3.6506666666666665
20,69,1,20,70.91,3.5454999999999997
20,69,2,18,41.48,2.304444444444444
20,69,3,9,18.35,2.038888888888889
20,69,4,2,3.19,1.595
20,70,0,8,23.78,2.9725
20,70,1,13,35.68,2.7446153846153845
20,70,2,3,3.56,1.1866666666666668
20,70,3,19,12.28,0.6463157894736842
20,70,4,7,3.1,0.4428571428571429
20,77,0,3,6.66,2.22
20,77,1,9,18.73,2.0811111111111114
20,77,2,11,18.34,1.6672727272727272
20,77,3,12,13.29,1.1075
20,77,4,14,5.14,0.3671428571428571
20,78,0,5,1.62,0.324
20,78,1,4,1.03,0.2575
20,78,2,14,3.59,0.2564285714285714
20,78,3,3,0.41,0.13666666666666666
20,78,4,4,0.33,0.0825
20,81,0,11,101.0,9.181818181818182
20,81,1,7,58.48,8.354285714285714
20,81,2,3,21.3,7.1000000000000005
20,81,3,2,4.45,2.225
20,81,4,8,5.37,0.67125
20,86,0,19,110.34,5.807368421052632
20,86,1,5,27.84,5.568
20,86,2,20,75.21,3.7604999999999995
20,86,3,14,49.26,3.5185714285714282
20,86,4,10,22.47,2.247
20,88,0,13,4.13,0.31769230769230766
20,88,1,3,0.95,0.31666666666666665
20,88,2,5,0.95,0.19
20,88,3,3,0.3,0.09999999999999999
20,88,4,8,0.6,0.075
20,90,0,18,49.18,2.732222222222222
20,90,1,9,17.9,1.9888888888888887
20,90,2,11,16.32,1.4836363636363636
20,90,3,8,5.89,0.73625
20,90,4,6,1.37,0.22833333333333336
20,92,0,18,16.76,0.9311111111111112
20,92,1,7,5.95,0.85
20,92,2,18,13.56,0.7533333333333334
20,92,3,9,6.12,0.68
20,92,4,8,1.52,0.19
20,95,0,1,3.18,3.18
20,95,1,4,7.32,1.83
20,95,2,13,22.47,1.7284615384615383
20,95,3,1,0.63,0.63
20,95,4,19,6.66,0.3505263157894737
20,96,0,8,23.11,2.88875
20,96,1,13,34.95,2.6884615384615387
20,96,2,1,2.65,2.65
20,96,3,3,5.24,1.7466666666666668
20,96,4,16,5.89,0.368125
20,98,0,13,37.78,2.9061538461538463
20,98,1,11,24.86,2.26
20,98,2,7,11.13,1.59
20,98,3,4,1.18,0.295
20,98,4,19,4.57,0.2405263157894737
20,99,0,19,17.85,0.9394736842105263
20,99,1,10,7.82,0.782
20,99,2,16,8.6,0.5375
20,99,3,2,0.96,0.48
20,99,4,2,0.46,0.23
21,0,0,17,17.82,1.0482352941176472
21,0,1,13,12.2,0.9384615384615385
21,0,2,11,4.19,0.3809090909090909
21,0,3,16,4.41,0.275625
21,0,4,18,4.53,0.2516666666666667
21,2,0,13,69.46,5.343076923076922
21,2,1,10,36.95,3.6950000000000003
21,2,2,5,14.94,2.988
21,2,3,16,37.05,2.315625
21,2,4,15,25.48,1.6986666666666668
21,3,0,19,43.01,2.2636842105263155
21,3,1,3,5.02,1.6733333333333331
21,3,2,18,29.59,1.643888888888889
21,3,3,16,14.8,0.925
21,3,4,7,0.83,0.11857142857142856
21,5,0,9,17.99,1.9988888888888887
21,5,1,12,17.54,1.4616666666666667
21,5,2,15,16.62,1.108
21,5,3,11,11.63,1.0572727272727274
21,5,4,16,16.22,1.01375
21,6,0,7,25.46,3.6371428571428575
21,6,1,13,37.11,2.8546153846153848
21,6,2,9,22.01,2.445555555555556
21,6,3,15,13.76,0.9173333333333333
21,6,4,18,6.57,0.365
21,8,0,19,39.27,2.066842105263158
21,8,1,16,27.03,1.689375
21,8,2,16,22.64,1.415
21,8,3,16,11.42,0.71375
21,8,4,6,2.5,0.4166666666666667
21,10,0,12,44.48,3.7066666666666666
21,10,1,19,65.41,3.4426315789473683
21,10,2,16,50.97,3.185625
21,10,3,9,16.33,1.8144444444444443
21,10,4,1,0.31,0.31
21,11,0,7,12.92,1.8457142857142856
21,11,1,1,1.51,1.51
21,11,2,2,2.09,1.045
21,11,3,9,7.99,0.8877777777777778
21,11,4,12,4.93,0.41083333333333333
21,12,0,14,21.79,1.5564285714285713
21,12,1,3,4.22,1.4066666666666665
21,12,2,18,20.34,1.13
21,12,3,18,11.61,0.645
21,12,4,2,0.55,0.275
21,13,0,20,64.87,3.2435
21,13,1,20,57.7,2.8850000000000002
21,13,2,17,36.03,2.1194117647058826
21,13,3,7,12.35,1.7642857142857142
21,13,4,4,2.18,0.545
21,14,0,1,2.75,2.75
21,14,1,18,39.49,2.193888888888889
21,14,2,14,26.88,1.92
21,14,3,2,0.9,0.45
21,14,4,11,1.97,0.17909090909090908
21,16,0,6,13.93,2.3216666666666668
21,16,1,19,17.86,0.94
21,16,2,18,14.36,0.7977777777777777
21,16,3,20,6.25,0.3125
21,16,4,14,1.4,0.09999999999999999
21,17,0,19,14.63,0.77
21,17,1,10,6.73,0.673
21,17,2,14,2.9,0.20714285714285713
21,17,3,5,0.71,0.142
21,17,4,17,0.7,0.041176470588235294
21,20,0,18,20.42,1.1344444444444446
21,20,1,9,8.29,0.921111111111111
21,20,2,9,6.71,0.7455555555555555
21,20,3,17,9.19,0.5405882352941176
21,20,4,7,1.13,0.16142857142857142
21,23,0,7,32.22,4.602857142857142
21,23,1,5,21.56,4.311999999999999
21,23,2,7,27.35,3.9071428571428575
21,23,3,9,12.07,1.3411111111111111
21,23,4,10,3.22,0.322
21,24,0,13,25.67,1.9746153846153847
21,24,1,6,9.51,1.585
21,24,2,1,1.47,1.47
21,24,3,9,8.41,0.9344444444444444
21,24,4,11,4.56,0.4145454545454545
21,25,0,1,0.56,0.56
21,25,1,18,9.86,0.5477777777777777
21,25,2,12,5.88,0.49
21,25,3,1,0.46,0.46
21,25,4,7,1.62,0.23142857142857146
21,26,0,15,74.19,4.946
21,26,1,20,88.71,4.435499999999999
21,26,2,2,6.95,3.475
21,26,3,12,40.24,3.3533333333333335
21,26,4,15,49.42,3.2946666666666666
21,28,0,14,4.22,0.30142857142857143
21,28,1,10,2.6,0.26
21,28,2,4,1.0,0.25
21,28,3,16,2.55,0.159375
21,28,4,18,1.52,0.08444444444444445
21,30,0,16,38.21,2.388125
21,30,1,1,2.37,2.37
21,30,2,5,11.25,2.25
21,30,3,18,31.55,1.7527777777777778
21,30,4,2,2.08,1.04
21,34,0,20,29.24,1.462
21,34,1,1,1.38,1.38
21,34,2,6,7.71,1.285
21,34,3,3,1.26,0.42
21,34,4,16,1.81,0.113125
21,37,0,13,8.58,0.66
21,37,1,3,1.89,0.63
21,37,2,5,2.08,0.41600000000000004
21,37,3,2,0.36,0.18
21,37,4,5,0.69,0.13799999999999998
21,42,0,19,39.99,2.1047368421052632
21,42,1,10,18.67,1.8670000000000002
21,42,2,7,9.34,1.3342857142857143
21,42,3,5,4.08,0.8160000000000001
21,42,4,15,8.67,0.578
21,43,0,18,56.82,3.1566666666666667
21,43,1,5,13.7,2.7399999999999998
21,43,2,3,4.58,1.5266666666666666
21,43,3,12,10.24,0.8533333333333334
21,43,4,3,1.84,0.6133333333333334
21,45,0,7,2.03,0.29
21,45,1,19,3.84,0.20210526315789473
21,45,2,4,0.72,0.18
21,45,3,20,2.52,0.126
21,45,4,20,0.51,0.025500000000000002
21,47,0,5,10.51,2.102
21,47,1,6,5.68,0.9466666666666667
21,47,2,10,7.13,0.713
21,47,3,15,6.39,0.426
21,47,4,8,1.9,0.2375
21,48,0,3,5.4,1.8
21,48,1,18,15.31,0.8505555555555556
21,48,2,19,16.02,0.8431578947368421
21,48,3,19,13.61,0.7163157894736841
21,48,4,13,5.05,0.38846153846153847
21,49,0,12,10.91,0.9091666666666667
21,49,1,5,4.35,0.8699999999999999
21,49,2,8,4.39,0.54875
21,49,3,19,5.83,0.3068421052631579
21,49,4,19,1.71,0.09
21,51,0,7,2.34,0.33428571428571424
21,51,1,5,0.84,0.16799999999999998
21,51,2,2,0.27,0.135
21,51,3,11,1.01,0.09181818181818181
21,51,4,18,1.21,0.06722222222222222
21,53,0,11,97.54,8.867272727272727
21,53,1,6,32.96,5.493333333333333
21,53,2,1,4.83,4.83
21,53,3,11,28.62,2.601818181818182
21,53,4,12,8.13,0.6775000000000001
21,54,0,12,4.26,0.355
21,54,1,8,2.48,0.31
21,54,2,6,1.41,0.235
21,54,3,2,0.27,0.135
21,54,4,13,1.74,0.13384615384615384
21,57,0,1,4.14,4.14
21,57,1,10,37.08,3.7079999999999997
21,57,2,6,20.7,3.4499999999999997
21,57,3,16,29.47,1.841875
21,57,4,17,15.7,0.9235294117647058
21,58,0,9,6.46,0.7177777777777777
21,58,1,7,4.78,0.6828571428571429
21,58,2,11,7.15,0.65
21,58,3,1,0.54,0.54
21,58,4,3,1.34,0.4466666666666667
21,59,0,16,29.55,1.846875
21,59,1,9,14.44,1.6044444444444443
21,59,2,6,7.46,1.2433333333333334
21,59,3,17,13.9,0.8176470588235294
21,59,4,5,0.71,0.142
21,64,0,17,36.49,2.146470588235294
21,64,1,14,28.87,2.0621428571428573
21,64,2,9,8.55,0.9500000000000001
21,64,3,1,0.34,0.34
21,64,4,19,6.28,0.3305263157894737
21,67,0,13,36.41,2.8007692307692307
21,67,1,17,36.64,2.155294117647059
21,67,2,11,3.29,0.2990909090909091
21,67,3,16,3.47,0.216875
21,67,4,14,2.19,0.15642857142857142
21,69,0,9,24.94,2.7711111111111113
21,69,1,7,16.94,2.4200000000000004
21,69,2,9,18.69,2.0766666666666667
21,69,3,15,28.27,1.8846666666666667
21,69,4,20,13.13,0.6565000000000001
21,70,0,1,2.52,2.52
21,70,1,10,24.23,2.423
21,70,2,16,26.69,1.668125
21,70,3,12,18.12,1.51
21,70,4,9,12.85,1.4277777777777778
21,77,0,14,29.66,2.1185714285714288
21,77,1,18,25.84,1.4355555555555555
21,77,2,18,25.65,1.4249999999999998
21,77,3,11,4.49,0.4081818181818182
21,77,4,2,0.33,0.165
21,78,0,8,11.45,1.43125
21,78,1,17,21.81,1.2829411764705883
21,78,2,12,2.22,0.18500000000000003
21,78,3,9,1.07,0.11888888888888889
21,78,4,18,2.04,0.11333333333333334
21,81,0,3,23.58,7.859999999999999
21,81,1,8,50.05,6.25625
21,81,2,16,86.31,5.394375
21,81,3,6,17.83,2.9716666666666662
21,81,4,2,1.8,0.9
21,86,0,19,127.02,6.685263157894736
21,86,1,1,2.33,2.33
21,86,2,13,27.62,2.124615384615385
21,86,3,10,20.34,2.034
21,86,4,7,13.32,1.9028571428571428
21,88,0,3,2.99,0.9966666666666667
21,88,1,3,2.21,0.7366666666666667
21,88,2,19,11.08,0.5831578947368421
21,88,3,7,2.13,0.30428571428571427
21,88,4,11,3.34,0.30363636363636365
21,90,0,8,14.64,1.83
21,90,1,5,9.11,1.8219999999999998
21,90,2,8,10.11,1.26375
21,90,3,12,5.08,0.42333333333333334
21,90,4,19,3.27,0.17210526315789473
21,92,0,17,13.95,0.8205882352941176
21,92,1,10,6.23,0.623
21,92,2,3,1.54,0.5133333333333333
21,92,3,7,2.46,0.3514285714285714
21,92,4,11,1.9,0.17272727272727273
21,95,0,10,26.56,2.6559999999999997
21,95,1,14,35.63,2.5450000000000004
21,95,2,19,37.74,1.9863157894736843
21,95,3,9,2.18,0.24222222222222223
21,95,4,6,0.93,0.155
21,96,0,2,3.29,1.645
21,96,1,12,17.19,1.4325
21,96,2,3,1.92,0.64
21,96,3,19,11.02,0.58
21,96,4,18,8.41,0.4672222222222222
21,98,0,11,36.13,3.2845454545454547
21,98,1,18,33.15,1.8416666666666666
21,98,2,20,29.19,1.4595
21,98,3,14,15.05,1.075
21,98,4,12,4.83,0.4025
21,99,0,20,19.82,0.991
21,99,1,20,16.69,0.8345
21,99,2,17,13.59,0.7994117647058824
21,99,3,4,2.34,0.585
21,99,4,13,4.86,0.3738461538461539
23,0,0,4,24.28,6.07
23,0,1,14,77.99,5.570714285714286
23,0,2,9,21.28,2.3644444444444446
23,0,3,11,21.44,1.9490909090909092
23,0,4,7,9.4,1.342857142857143
23,2,0,4,5.45,1.3625
23,2,1,11,14.88,1.3527272727272728
23,2,2,8,8.1,1.0125
23,2,3,6,5.62,0.9366666666666666
23,2,4,7,1.82,0.26
23,3,0,16,112.59,7.036875
23,3,1,18,110.16,6.12
23,3,2,20,75.29,3.7645000000000004
23,3,3,10,35.39,3.539
23,3,4,9,21.52,2.391111111111111
23,5,0,18,62.1,3.45
23,5,1,8,17.75,2.21875
23,5,2,11,15.63,1.420909090909091
23,5,3,16,8.16,0.51
23,5,4,14,4.44,0.31714285714285717
23,6,0,1,2.2,2.2
23,6,1,5,6.33,1.266
23,6,2,8,4.34,0.5425
23,6,3,8,1.92,0.24
23,6,4,10,1.78,0.178
23,8,0,20,118.83,5.9415
23,8,1,10,48.85,4.885
23,8,2,14,39.85,2.8464285714285715
23,8,3,8,20.24,2.53
23,8,4,11,7.32,0.6654545454545455
23,10,0,10,33.34,3.3340000000000005
23,10,1,13,40.6,3.123076923076923
23,10,2,20,32.98,1.6489999999999998
23,10,3,14,14.29,1.0207142857142857
23,10,4,16,11.14,0.69625
23,11,0,8,47.7,5.9625
23,11,1,9,40.24,4.471111111111111
23,11,2,9,36.0,4.0
23,11,3,13,39.94,3.072307692307692
23,11,4,20,44.09,2.2045000000000003
23,12,0,16,75.71,4.731875
23,12,1,15,37.48,2.4986666666666664
23,12,2,14,24.35,1.7392857142857143
23,12,3,16,21.3,1.33125
23,12,4,16,11.11,0.694375
23,13,0,8,62.98,7.8725
23,13,1,15,106.72,7.1146666666666665
23,13,2,2,10.85,5.425
23,13,3,16,36.85,2.303125
23,13,4,7,14.43,2.0614285714285714
23,14,0,18,136.2,7.566666666666666
23,14,1,11,80.23,7.293636363636364
23,14,2,11,35.52,3.2290909090909095
23,14,3,20,36.63,1.8315000000000001
23,14,4,2,2.04,1.02
23,16,0,19,114.5,6.026315789473684
23,16,1,14,76.19,5.442142857142857
23,16,2,9,38.11,4.234444444444445
23,16,3,11,31.48,2.861818181818182
23,16,4,3,4.16,1.3866666666666667
23,17,0,1,5.32,5.32
23,17,1,16,59.9,3.74375
23,17,2,2,7.12,3.56
23,17,3,1,2.05,2.05
23,17,4,16,30.2,1.8875
23,20,0,17,76.55,4.502941176470588
23,20,1,14,29.2,2.085714285714286
23,20,2,4,3.73,0.9325
23,20,3,7,5.98,0.8542857142857143
23,20,4,10,2.72,0.272
23,21,0,19,77.95,4.102631578947369
23,21,1,19,73.71,3.879473684210526
23,21,2,19,48.7,2.5631578947368423
23,21,3,5,12.59,2.518
23,21,4,8,13.01,1.62625
23,24,0,13,87.83,6.756153846153846
23,24,1,12,80.13,6.677499999999999
23,24,2,17,41.82,2.46
23,24,3,16,23.57,1.473125
23,24,4,18,6.3,0.35
23,25,0,16,86.65,5.415625
23,25,1,17,81.33,4.784117647058824
23,25,2,1,3.11,3.11
23,25,3,2,2.95,1.475
23,25,4,14,11.75,0.8392857142857143
23,26,0,8,27.36,3.42
23,26,1,11,19.94,1.8127272727272727
23,26,2,16,20.87,1.304375
23,26,3,1,0.86,0.86
23,26,4,4,1.65,0.4125
23,28,0,10,53.79,5.379
23,28,1,4,15.63,3.9075
23,28,2,5,17.58,3.5159999999999996
23,28,3,20,52.38,2.619
23,28,4,15,17.59,1.1726666666666667
23,30,0,10,26.5,2.65
23,30,1,7,18.28,2.6114285714285717
23,30,2,4,3.77,0.9425
23,30,3,3,2.28,0.7599999999999999
23,30,4,17,11.67,0.6864705882352942
23,34,0,2,8.37,4.185
23,34,1,19,43.32,2.28
23,34,2,3,5.66,1.8866666666666667
23,34,3,9,14.7,1.6333333333333333
23,34,4,7,2.25,0.32142857142857145
23,37,0,8,21.66,2.7075
23,37,1,1,1.12,1.12
23,37,2,5,4.62,0.924
23,37,3,19,4.77,0.25105263157894736
23,37,4,20,4.6,0.22999999999999998
23,42,0,1,7.2,7.2
23,42,1,18,107.85,5.991666666666666
23,42,2,16,90.31,5.644375
23,42,3,10,8.56,0.8560000000000001
23,42,4,17,11.46,0.6741176470588236
23,43,0,19,157.01,8.263684210526316
23,43,1,18,147.68,8.204444444444444
23,43,2,11,52.95,4.8136363636363635
23,43,3,14,47.23,3.373571428571428
23,43,4,1,1.79,1.79
23,45,0,15,72.35,4.823333333333333
23,45,1,13,33.78,2.5984615384615384
23,45,2,18,44.66,2.481111111111111
23,45,3,4,5.42,1.355
23,45,4,5,2.97,0.5940000000000001
23,47,0,13,73.59,5.660769230769231
23,47,1,8,39.36,4.92
23,47,2,15,64.91,4.327333333333333
23,47,3,20,77.64,3.882
23,47,4,11,41.07,3.733636363636364
23,48,0,7,18.01,2.572857142857143
23,48,1,19,38.69,2.0363157894736843
23,48,2,17,12.28,0.7223529411764705
23,48,3,15,4.75,0.31666666666666665
23,48,4,12,3.77,0.31416666666666665
23,49,0,16,74.83,4.676875
23,49,1,3,11.51,3.8366666666666664
23,49,2,6,21.48,3.58
23,49,3,1,3.41,3.41
23,49,4,11,18.9,1.718181818181818
23,51,0,2,10.19,5.095
23,51,1,4,11.09,2.7725
23,51,2,16,26.84,1.6775
23,51,3,2,1.94,0.97
23,51,4,3,1.97,0.6566666666666666
23,53,0,14,48.83,3.4878571428571425
23,53,1,8,22.0,2.75
23,53,2,4,8.36,2.09
23,53,3,19,38.7,2.0368421052631582
23,53,4,4,1.24,0.31
23,54,0,17,37.27,2.1923529411764706
23,54,1,10,18.09,1.809
23,54,2,2,2.9,1.45
23,54,3,16,21.83,1.364375
23,54,4,10,11.43,1.143
23,57,0,2,15.65,7.825
23,57,1,5,31.69,6.338
23,57,2,6,31.67,5.278333333333333
23,57,3,10,42.51,4.2509999999999994
23,57,4,6,7.88,1.3133333333333332
23,58,0,1,3.89,3.89
23,58,1,11,40.45,3.6772727272727277
23,58,2,9,15.66,1.74
23,58,3,8,8.98,1.1225
23,58,4,19,8.78,0.4621052631578947
23,59,0,7,10.61,1.5157142857142856
23,59,1,2,1.84,0.92
23,59,2,14,11.75,0.8392857142857143
23,59,3,1,0.78,0.78
23,59,4,13,2.28,0.17538461538461536
23,64,0,11,58.79,5.344545454545455
23,64,1,10,39.16,3.9159999999999995
23,64,2,13,12.75,0.9807692307692307
23,64,3,12,10.1,0.8416666666666667
23,64,4,15,8.81,0.5873333333333334
23,67,0,3,7.29,2.43
23,67,1,19,27.08,1.4252631578947368
23,67,2,7,9.89,1.412857142857143
23,67,3,17,22.18,1.3047058823529412
23,67,4,19,14.87,0.7826315789473683
23,69,0,19,81.08,4.267368421052631
23,69,1,6,24.05,4.008333333333334
23,69,2,14,34.64,2.474285714285714
23,69,3,8,17.82,2.2275
23,69,4,3,5.21,1.7366666666666666
23,70,0,20,120.87,6.0435
23,70,1,7,35.61,5.087142857142857
23,70,2,12,38.2,3.1833333333333336
23,70,3,10,20.39,2.039
23,70,4,13,13.53,1.0407692307692307
23,77,0,2,8.96,4.48
23,77,1,20,86.05,4.3025
23,77,2,20,81.83,4.0915
23,77,3,1,3.39,3.39
23,77,4,18,24.27,1.3483333333333334
23,78,0,18,71.17,3.953888888888889
23,78,1,10,36.11,3.6109999999999998
23,78,2,5,14.77,2.9539999999999997
23,78,3,12,14.23,1.1858333333333333
23,78,4,13,9.76,0.7507692307692307
23,81,0,3,10.79,3.5966666666666662
23,81,1,20,68.39,3.4195
23,81,2,18,51.28,2.848888888888889
23,81,3,7,19.47,2.781428571428571
23,81,4,3,1.71,0.57
23,86,0,8,40.03,5.00375
23,86,1,18,89.62,4.978888888888889
23,86,2,10,42.97,4.297
23,86,3,15,39.41,2.627333333333333
23,86,4,17,14.72,0.8658823529411765
23,88,0,17,74.82,4.401176470588235
23,88,1,8,20.96,2.62
23,88,2,2,3.29,1.645
23,88,3,10,15.0,1.5
23,88,4,5,2.92,0.584
23,90,0,17,65.81,3.871176470588235
23,90,1,3,10.02,3.34
23,90,2,11,31.01,2.8190909090909093
23,90,3,20,48.53,2.4265
23,90,4,11,10.59,0.9627272727272728
23,92,0,18,91.22,5.067777777777778
23,92,1,4,15.37,3.8425
23,92,2,15,57.13,3.808666666666667
23,92,3,5,6.87,1.374
23,92,4,16,16.55,1.034375
23,95,0,18,90.31,5.017222222222222
23,95,1,8,18.17,2.27125
23,95,2,13,17.21,1.323846153846154
23,95,3,3,3.85,1.2833333333333334
23,95,4,3,2.12,0.7066666666666667
23,96,0,10,60.3,6.029999999999999
23,96,1,8,34.23,4.27875
23,96,2,16,38.73,2.420625
23,96,3,2,4.05,2.025
23,96,4,13,16.8,1.2923076923076924
23,98,0,4,7.85,1.9625
23,98,1,6,5.14,0.8566666666666666
23,98,2,16,9.59,0.599375
23,98,3,1,0.35,0.35
23,98,4,2,0.69,0.345
23,99,0,9,57.59,6.398888888888889
23,99,1,20,47.02,2.351
23,99,2,11,25.41,2.31
23,99,3,20,18.81,0.9404999999999999
23,99,4,8,3.24,0.405
24,0,0,17,37.55,2.2088235294117644
24,0,1,18,30.51,1.695
24,0,2,6,9.43,1.5716666666666665
24,0,3,11,16.42,1.492727272727273
24,0,4,3,1.58,0.5266666666666667
24,2,0,7,38.89,5.555714285714286
24,2,1,17,76.31,4.488823529411765
24,2,2,1,4.45,4.45
24,2,3,14,50.98,3.641428571428571
24,2,4,11,13.22,1.201818181818182
24,3,0,4,9.82,2.455
24,3,1,19,18.62,0.9800000000000001
24,3,2,14,11.56,0.8257142857142857
24,3,3,17,4.73,0.2782352941176471
24,3,4,20,4.59,0.22949999999999998
24,5,0,4,1.2,0.3
24,5,1,12,2.94,0.245
24,5,2,19,3.36,0.17684210526315788
24,5,3,5,0.78,0.156
24,5,4,3,0.3,0.09999999999999999
24,6,0,15,53.22,3.548
24,6,1,19,49.43,2.601578947368421
24,6,2,18,39.07,2.1705555555555556
24,6,3,15,16.34,1.0893333333333333
24,6,4,19,5.76,0.30315789473684207
24,8,0,19,33.98,1.7884210526315787
24,8,1,18,30.17,1.676111111111111
24,8,2,16,24.2,1.5125
24,8,3,11,11.56,1.050909090909091
24,8,4,19,14.09,0.741578947368421
24,10,0,14,56.42,4.03
24,10,1,6,23.59,3.9316666666666666
24,10,2,13,49.96,3.8430769230769233
24,10,3,6,4.88,0.8133333333333334
24,10,4,10,5.98,0.5980000000000001
24,11,0,7,22.08,3.154285714285714
24,11,1,18,54.49,3.0272222222222225
24,11,2,5,14.87,2.9739999999999998
24,11,3,7,13.58,1.94
24,11,4,15,13.07,0.8713333333333334
24,12,0,14,18.95,1.3535714285714284
24,12,1,19,10.97,0.5773684210526316
24,12,2,6,2.77,0.46166666666666667
24,12,3,7,2.45,0.35000000000000003
24,12,4,17,2.68,0.15764705882352942
24,13,0,16,54.52,3.4075
24,13,1,1,1.41,1.41
24,13,2,17,21.59,1.27
24,13,3,1,0.46,0.46
24,13,4,4,0.77,0.1925
24,14,0,8,19.36,2.42
24,14,1,4,9.0,2.25
24,14,2,12,19.18,1.5983333333333334
24,14,3,17,25.99,1.5288235294117647
24,14,4,7,7.32,1.0457142857142858
24,16,0,7,2.14,0.3057142857142857
24,16,1,6,1.67,0.2783333333333333
24,16,2,20,5.06,0.253
24,16,3,5,1.2,0.24
24,16,4,8,1.39,0.17375
24,17,0,17,15.96,0.9388235294117647
24,17,1,6,3.95,0.6583333333333333
24,17,2,10,4.37,0.437
24,17,3,4,1.36,0.34
24,17,4,2,0.47,0.235
24,20,0,15,37.9,2.5266666666666664
24,20,1,1,2.18,2.18
24,20,2,5,10.51,2.102
24,20,3,20,37.48,1.8739999999999999
24,20,4,2,1.45,0.725
24,21,0,1,1.7,1.7
24,21,1,19,27.6,1.4526315789473685
24,21,2,10,14.35,1.435
24,21,3,1,1.01,1.01
24,21,4,16,11.29,0.705625
24,23,0,6,38.34,6.390000000000001
24,23,1,17,72.51,4.265294117647059
24,23,2,7,11.57,1.6528571428571428
24,23,3,6,4.16,0.6933333333333334
24,23,4,17,11.27,0.6629411764705883
24,25,0,19,21.58,1.1357894736842105
24,25,1,6,4.85,0.8083333333333332
24,25,2,11,6.33,0.5754545454545454
24,25,3,11,2.32,0.2109090909090909
24,25,4,18,1.58,0.08777777777777779
24,26,0,15,73.57,4.9046666666666665
24,26,1,4,16.95,4.2375
24,26,2,18,69.96,3.8866666666666663
24,26,3,13,49.8,3.8307692307692305
24,26,4,14,6.76,0.4828571428571428
24,28,0,19,35.51,1.8689473684210525
24,28,1,13,18.67,1.4361538461538463
24,28,2,14,13.72,0.9800000000000001
24,28,3,7,5.63,0.8042857142857143
24,28,4,13,8.68,0.6676923076923077
24,30,0,20,49.63,2.4815
24,30,1,5,12.01,2.402
24,30,2,7,10.78,1.5399999999999998
24,30,3,14,6.28,0.44857142857142857
24,30,4,16,6.19,0.386875
24,34,0,13,31.42,2.416923076923077
24,34,1,5,10.12,2.024
24,34,2,11,13.05,1.1863636363636365
24,34,3,4,2.88,0.72
24,34,4,14,3.27,0.23357142857142857
24,37,0,14,33.9,2.4214285714285713
24,37,1,13,20.69,1.5915384615384616
24,37,2,17,20.68,1.2164705882352942
24,37,3,20,16.14,0.807
24,37,4,3,0.76,0.25333333333333335
24,42,0,18,42.25,2.3472222222222223
24,42,1,11,22.64,2.058181818181818
24,42,2,1,0.66,0.66
24,42,3,11,4.33,0.3936363636363636
24,42,4,1,0.18,0.18
24,43,0,8,24.84,3.105
24,43,1,3,8.59,2.8633333333333333
24,43,2,9,19.36,2.151111111111111
24,43,3,9,1.89,0.21
24,43,4,15,2.33,0.15533333333333335
24,45,0,4,8.44,2.11
24,45,1,4,6.51,1.6275
24,45,2,17,22.93,1.3488235294117648
24,45,3,2,0.6,0.3
24,45,4,8,1.02,0.1275
24,47,0,2,1.55,0.775
24,47,1,18,7.9,0.4388888888888889
24,47,2,17,5.7,0.33529411764705885
24,47,3,4,0.84,0.21
24,47,4,15,2.64,0.17600000000000002
24,48,0,16,51.6,3.225
24,48,1,17,42.62,2.5070588235294116
24,48,2,9,10.18,1.1311111111111112
24,48,3,8,8.91,1.11375
24,48,4,19,3.2,0.16842105263157894
24,49,0,14,10.55,0.7535714285714287
24,49,1,1,0.47,0.47
24,49,2,18,7.9,0.4388888888888889
24,49,3,1,0.2,0.2
24,49,4,10,1.73,0.173
24,51,0,1,1.7,1.7
24,51,1,4,3.79,0.9475
24,51,2,19,14.93,0.7857894736842105
24,51,3,19,13.96,0.7347368421052632
24,51,4,19,13.26,0.6978947368421052
24,53,0,14,134.71,9.622142857142858
24,53,1,4,38.23,9.5575
24,53,2,18,150.01,8.333888888888888
24,53,3,4,16.85,4.2125
24,53,4,14,34.48,2.4628571428571426
24,54,0,17,23.72,1.3952941176470588
24,54,1,17,20.6,1.211764705882353
24,54,2,12,5.66,0.4716666666666667
24,54,3,3,1.13,0.37666666666666665
24,54,4,6,2.22,0.37000000000000005
24,57,0,7,16.49,2.3557142857142854
24,57,1,11,23.65,2.15
24,57,2,13,22.95,1.7653846153846153
24,57,3,4,5.46,1.365
24,57,4,1,0.92,0.92
24,58,0,17,44.0,2.588235294117647
24,58,1,1,2.45,2.45
24,58,2,9,21.11,2.3455555555555554
24,58,3,19,19.82,1.043157894736842
24,58,4,11,4.51,0.41
24,59,0,20,64.68,3.2340000000000004
24,59,1,10,30.46,3.0460000000000003
24,59,2,12,22.12,1.8433333333333335
24,59,3,19,11.28,0.5936842105263157
24,59,4,14,6.01,0.42928571428571427
24,64,0,11,33.21,3.019090909090909
24,64,1,8,19.64,2.455
24,64,2,9,21.66,2.4066666666666667
24,64,3,16,24.92,1.5575
24,64,4,2,0.67,0.335
24,67,0,3,9.91,3.3033333333333332
24,67,1,1,2.26,2.26
24,67,2,7,13.71,1.9585714285714286
24,67,3,16,31.26,1.95375
24,67,4,2,2.84,1.42
24,69,0,15,23.96,1.5973333333333335
24,69,1,14,12.34,0.8814285714285715
24,69,2,1,0.83,0.83
24,69,3,10,4.08,0.40800000000000003
24,69,4,13,1.27,0.09769230769230769
24,70,0,7,18.04,2.577142857142857
24,70,1,9,20.38,2.2644444444444445
24,70,2,4,8.9,2.225
24,70,3,17,21.28,1.2517647058823531
24,70,4,4,4.74,1.185
24,77,0,4,10.72,2.68
24,77,1,1,2.21,2.21
24,77,2,20,28.92,1.4460000000000002
24,77,3,15,20.49,1.3659999999999999
24,77,4,5,1.59,0.318
24,78,0,10,33.21,3.321
24,78,1,11,26.13,2.3754545454545455
24,78,2,10,12.93,1.293
24,78,3,12,9.75,0.8125
24,78,4,16,7.62,0.47625
24,81,0,10,99.3,9.93
24,81,1,9,85.17,9.463333333333333
24,81,2,10,92.36,9.236
24,81,3,6,33.43,5.571666666666666
24,81,4,14,56.02,4.001428571428572
24,86,0,12,110.4,9.200000000000001
24,86,1,3,23.58,7.859999999999999
24,86,2,1,4.52,4.52
24,86,3,2,6.33,3.165
24,86,4,7,7.81,1.1157142857142857
24,88,0,20,59.72,2.9859999999999998
24,88,1,8,22.8,2.85
24,88,2,12,24.44,2.0366666666666666
24,88,3,19,30.11,1.5847368421052632
24,88,4,2,0.57,0.285
24,90,0,20,49.02,2.451
24,90,1,10,20.8,2.08
24,90,2,16,25.46,1.59125
24,90,3,4,4.02,1.005
24,90,4,7,1.55,0.22142857142857145
24,92,0,5,8.84,1.768
24,92,1,15,24.64,1.6426666666666667
24,92,2,2,1.49,0.745
24,92,3,1,0.31,0.31
24,92,4,2,0.27,0.135
24,95,0,19,48.48,2.5515789473684207
24,95,1,13,30.14,2.3184615384615386
24,95,2,9,7.46,0.8288888888888889
24,95,3,11,7.74,0.7036363636363636
24,95,4,3,0.66,0.22
24,96,0,2,3.7,1.85
24,96,1,20,26.94,1.347
24,96,2,6,6.51,1.085
24,96,3,19,15.57,0.8194736842105264
24,96,4,4,0.62,0.155
24,98,0,4,12.07,3.0175
24,98,1,2,5.39,2.695
24,98,2,20,30.36,1.518
24,98,3,11,9.89,0.8990909090909092
24,98,4,16,10.16,0.635
24,99,0,8,19.98,2.4975
24,99,1,3,6.16,2.0533333333333332
24,99,2,16,11.25,0.703125
24,99,3,6,2.95,0.4916666666666667
24,99,4,18,2.99,0.16611111111111113
25,0,0,18,8.88,0.4933333333333334
25,0,1,4,1.41,0.3525
25,0,2,19,6.43,0.33842105263157896
25,0,3,17,2.46,0.14470588235294118
25,0,4,12,1.25,0.10416666666666667
25,2,0,14,93.07,6.647857142857142
25,2,1,17,97.46,5.732941176470588
25,2,2,6,14.52,2.42
25,2,3,7,9.39,1.3414285714285714
25,2,4,2,0.93,0.465
25,3,0,12,22.21,1.8508333333333333
25,3,1,13,18.63,1.433076923076923
25,3,2,5,6.85,1.3699999999999999
25,3,3,4,1.41,0.3525
25,3,4,8,0.75,0.09375
25,5,0,9,18.44,2.048888888888889
25,5,1,17,31.46,1.8505882352941176
25,5,2,12,18.28,1.5233333333333334
25,5,3,14,18.1,1.292857142857143
25,5,4,5,3.59,0.718
25,6,0,7,32.31,4.615714285714286
25,6,1,4,14.08,3.52
25,6,2,6,16.08,2.6799999999999997
25,6,3,6,11.2,1.8666666666666665
25,6,4,3,5.0,1.6666666666666667
25,8,0,13,21.83,1.679230769230769
25,8,1,14,19.93,1.4235714285714285
25,8,2,19,17.03,0.8963157894736843
25,8,3,17,13.03,0.7664705882352941
25,8,4,1,0.41,0.41
25,10,0,7,30.75,4.392857142857143
25,10,1,9,37.37,4.152222222222222
25,10,2,11,22.99,2.09
25,10,3,14,21.34,1.5242857142857142
25,10,4,14,21.18,1.512857142857143
25,11,0,6,11.01,1.835
25,11,1,11,19.23,1.7481818181818183
25,11,2,4,5.27,1.3175
25,11,3,5,3.45,0.6900000000000001
25,11,4,6,0.47,0.07833333333333332
25,12,0,18,37.13,2.062777777777778
25,12,1,13,25.75,1.9807692307692308
25,12,2,10,13.54,1.3539999999999999
25,12,3,19,6.2,0.3263157894736842
25,12,4,13,2.18,0.1676923076923077
25,13,0,18,57.16,3.1755555555555555
25,13,1,2,4.41,2.205
25,13,2,17,10.84,0.6376470588235295
25,13,3,18,3.6,0.2
25,13,4,9,1.47,0.16333333333333333
25,14,0,16,36.08,2.255
25,14,1,5,9.97,1.9940000000000002
25,14,2,13,23.72,1.8246153846153845
25,14,3,17,26.88,1.5811764705882352
25,14,4,17,5.57,0.3276470588235294
25,16,0,15,15.16,1.0106666666666666
25,16,1,7,7.02,1.002857142857143
25,16,2,4,3.22,0.805
25,16,3,15,8.69,0.5793333333333333
25,16,4,13,4.49,0.3453846153846154
25,17,0,6,1.81,0.3016666666666667
25,17,1,14,4.04,0.2885714285714286
25,17,2,13,3.47,0.26692307692307693
25,17,3,16,3.25,0.203125
25,17,4,15,1.28,0.08533333333333333
25,20,0,9,10.65,1.1833333333333333
25,20,1,12,11.58,0.965
25,20,2,12,10.81,0.9008333333333334
25,20,3,13,7.18,0.5523076923076923
25,20,4,7,3.0,0.42857142857142855
25,21,0,16,5.69,0.355625
25,21,1,12,4.23,0.35250000000000004
25,21,2,17,2.2,0.12941176470588237
25,21,3,3,0.29,0.09666666666666666
25,21,4,18,1.21,0.06722222222222222
25,23,0,12,67.14,5.595
25,23,1,4,17.61,4.4025
25,23,2,16,66.95,4.184375
25,23,3,10,34.84,3.4840000000000004
25,23,4,1,2.41,2.41
25,24,0,15,16.62,1.108
25,24,1,18,18.13,1.0072222222222222
25,24,2,11,10.6,0.9636363636363636
25,24,3,16,14.12,0.8825
25,24,4,7,0.94,0.13428571428571429
25,26,0,6,35.42,5.903333333333333
25,26,1,9,47.54,5.282222222222222
25,26,2,14,41.84,2.988571428571429
25,26,3,15,44.41,2.9606666666666666
25,26,4,6,15.24,2.54
25,28,0,19,2.32,0.12210526315789473
25,28,1,1,0.1,0.1
25,28,2,4,0.18,0.045
25,28,3,7,0.31,0.04428571428571428
25,28,4,11,0.38,0.034545454545454546
25,30,0,11,27.56,2.5054545454545454
25,30,1,10,16.61,1.661
25,30,2,12,15.7,1.3083333333333333
25,30,3,8,10.22,1.2775
25,30,4,18,7.88,0.43777777777777777
25,34,0,10,7.72,0.772
25,34,1,9,3.83,0.4255555555555556
25,34,2,12,4.51,0.3758333333333333
25,34,3,14,4.55,0.325
25,34,4,12,1.26,0.105
25,37,0,1,0.61,0.61
25,37,1,13,6.63,0.51
25,37,2,13,5.16,0.39692307692307693
25,37,3,17,5.16,0.3035294117647059
25,37,4,19,1.31,0.06894736842105263
25,42,0,2,1.41,0.705
25,42,1,17,9.34,0.5494117647058824
25,42,2,12,3.06,0.255
25,42,3,20,3.55,0.1775
25,42,4,5,0.35,0.06999999999999999
25,43,0,12,25.96,2.1633333333333336
25,43,1,14,28.81,2.057857142857143
25,43,2,12,17.14,1.4283333333333335
25,43,3,10,12.77,1.277
25,43,4,3,2.75,0.9166666666666666
25,45,0,18,14.33,0.7961111111111111
25,45,1,14,10.64,0.76
25,45,2,5,3.34,0.6679999999999999
25,45,3,20,11.29,0.5645
25,45,4,4,2.17,0.5425
25,47,0,4,8.53,2.1325
25,47,1,16,26.74,1.67125
25,47,2,1,1.56,1.56
25,47,3,15,13.36,0.8906666666666666
25,47,4,9,3.29,0.3655555555555556
25,48,0,7,17.78,2.54
25,48,1,17,33.87,1.9923529411764704
25,48,2,2,3.67,1.835
25,48,3,19,22.65,1.1921052631578946
25,48,4,12,6.29,0.5241666666666667
25,49,0,20,22.2,1.1099999999999999
25,49,1,4,3.6,0.9
25,49,2,10,5.65,0.5650000000000001
25,49,3,13,7.33,0.5638461538461539
25,49,4,19,4.06,0.21368421052631578
25,51,0,12,9.32,0.7766666666666667
25,51,1,4,2.67,0.6675
25,51,2,11,6.96,0.6327272727272727
25,51,3,5,2.52,0.504
25,51,4,2,0.52,0.26
25,53,0,5,37.71,7.542
25,53,1,19,129.23,6.80157894736842
25,53,2,16,84.99,5.311875
25,53,3,11,34.53,3.139090909090909
25,53,4,2,1.08,0.54
25,54,0,12,11.44,0.9533333333333333
25,54,1,12,10.97,0.9141666666666667
25,54,2,11,9.13,0.8300000000000001
25,54,3,17,10.22,0.6011764705882353
25,54,4,19,7.91,0.4163157894736842
25,57,0,16,72.48,4.53
25,57,1,13,48.71,3.746923076923077
25,57,2,18,53.17,2.953888888888889
25,57,3,12,25.48,2.1233333333333335
25,57,4,16,7.97,0.498125
25,58,0,15,23.05,1.5366666666666666
25,58,1,8,11.13,1.39125
25,58,2,7,8.57,1.2242857142857144
25,58,3,2,1.47,0.735
25,58,4,17,1.62,0.09529411764705883
25,59,0,13,37.08,2.852307692307692
25,59,1,17,43.11,2.5358823529411763
25,59,2,9,16.03,1.7811111111111113
25,59,3,7,11.89,1.6985714285714286
25,59,4,12,3.86,0.32166666666666666
25,64,0,4,5.21,1.3025
25,64,1,6,4.37,0.7283333333333334
25,64,2,16,4.91,0.306875
25,64,3,16,2.15,0.134375
25,64,4,15,1.44,0.096
25,67,0,3,8.38,2.7933333333333334
25,67,1,16,34.28,2.1425
25,67,2,19,36.83,1.9384210526315788
25,67,3,5,6.33,1.266
25,67,4,7,2.68,0.3828571428571429
25,69,0,4,11.3,2.825
25,69,1,14,27.94,1.9957142857142858
25,69,2,3,2.94,0.98
25,69,3,9,6.88,0.7644444444444445
25,69,4,2,0.6,0.3
25,70,0,7,12.89,1.8414285714285714
25,70,1,1,1.59,1.59
25,70,2,4,6.28,1.57
25,70,3,1,1.0,1.0
25,70,4,3,1.66,0.5533333333333333
25,77,0,17,28.15,1.6558823529411764
25,77,1,1,1.17,1.17
25,77,2,4,1.47,0.3675
25,77,3,5,1.18,0.236
25,77,4,17,2.56,0.15058823529411766
25,78,0,1,1.71,1.71
25,78,1,9,13.02,1.4466666666666665
25,78,2,17,11.61,0.6829411764705882
25,78,3,7,2.25,0.32142857142857145
25,78,4,12,2.6,0.21666666666666667
25,81,0,4,19.58,4.895
25,81,1,9,32.99,3.6655555555555557
25,81,2,16,34.28,2.1425
25,81,3,9,16.22,1.8022222222222222
25,81,4,2,1.44,0.72
25,86,0,9,82.93,9.214444444444446
25,86,1,1,8.95,8.95
25,86,2,11,70.51,6.41
25,86,3,6,23.93,3.9883333333333333
25,86,4,17,43.54,2.561176470588235
25,88,0,6,6.03,1.0050000000000001
25,88,1,14,12.89,0.9207142857142857
25,88,2,1,0.64,0.64
25,88,3,12,1.94,0.16166666666666665
25,88,4,9,0.57,0.06333333333333332
25,90,0,6,8.68,1.4466666666666665
25,90,1,10,12.64,1.264
25,90,2,3,3.77,1.2566666666666666
25,90,3,2,1.29,0.645
25,90,4,10,1.9,0.19
25,92,0,7,4.15,0.5928571428571429
25,92,1,14,7.79,0.5564285714285714
25,92,2,12,4.41,0.3675
25,92,3,7,1.15,0.16428571428571428
25,92,4,10,0.8,0.08
25,95,0,3,3.58,1.1933333333333334
25,95,1,3,3.29,1.0966666666666667
25,95,2,5,2.95,0.5900000000000001
25,95,3,6,1.96,0.32666666666666666
25,95,4,7,0.7,0.09999999999999999
25,96,0,17,17.13,1.0076470588235293
25,96,1,13,9.32,0.716923076923077
25,96,2,2,0.69,0.345
25,96,3,14,1.73,0.12357142857142857
25,96,4,9,0.96,0.10666666666666666
25,98,0,2,6.51,3.255
25,98,1,7,22.5,3.2142857142857144
25,98,2,3,6.08,2.026666666666667
25,98,3,11,13.06,1.1872727272727273
25,98,4,20,12.74,0.637
25,99,0,13,9.35,0.7192307692307692
25,99,1,12,6.91,0.5758333333333333
25,99,2,16,8.79,0.549375
25,99,3,6,0.88,0.14666666666666667
25,99,4,4,0.16,0.04
26,0,0,8,41.15,5.14375
26,0,1,13,35.96,2.766153846153846
26,0,2,3,3.86,1.2866666666666666
26,0,3,6,7.69,1.2816666666666667
26,0,4,13,7.32,0.5630769230769231
26,2,0,10,25.32,2.532
26,2,1,6,13.71,2.285
26,2,2,5,8.72,1.7440000000000002
26,2,3,12,9.69,0.8075
26,2,4,9,4.31,0.47888888888888886
26,3,0,2,11.49,5.745
26,3,1,12,58.89,4.9075
26,3,2,11,50.87,4.624545454545454
26,3,3,19,68.25,3.5921052631578947
26,3,4,7,14.62,2.0885714285714285
26,5,0,4,12.05,3.0125
26,5,1,13,31.7,2.4384615384615382
26,5,2,4,8.07,2.0175
26,5,3,9,17.98,1.9977777777777779
26,5,4,3,4.77,1.5899999999999999
26,6,0,1,0.52,0.52
26,6,1,7,1.57,0.22428571428571428
26,6,2,14,2.56,0.18285714285714286
26,6,3,15,2.28,0.152
26,6,4,11,1.16,0.10545454545454545
26,8,0,4,27.51,6.8775
26,8,1,16,67.72,4.2325
26,8,2,13,54.41,4.185384615384615
26,8,3,20,74.93,3.7465
26,8,4,8,22.71,2.83875
26,10,0,12,15.21,1.2675
26,10,1,19,12.76,0.671578947368421
26,10,2,4,2.45,0.6125
26,10,3,2,1.04,0.52
26,10,4,13,3.82,0.2938461538461538
26,11,0,18,127.36,7.075555555555556
26,11,1,20,87.72,4.386
26,11,2,18,66.73,3.7072222222222226
26,11,3,14,42.02,3.001428571428572
26,11,4,15,29.22,1.948
26,12,0,12,28.32,2.36
26,12,1,18,39.73,2.207222222222222
26,12,2,18,17.22,0.9566666666666666
26,12,3,10,4.5,0.45
26,12,4,15,2.95,0.19666666666666668
26,13,0,20,110.01,5.500500000000001
26,13,1,14,46.3,3.307142857142857
26,13,2,2,6.26,3.13
26,13,3,20,20.93,1.0465
26,13,4,4,3.44,0.86
26,14,0,5,40.12,8.024
26,14,1,4,30.56,7.64
26,14,2,4,18.18,4.545
26,14,3,11,22.34,2.0309090909090908
26,14,4,17,6.81,0.40058823529411763
26,16,0,6,29.83,4.971666666666667
26,16,1,4,15.14,3.785
26,16,2,10,32.12,3.2119999999999997
26,16,3,11,16.53,1.502727272727273
26,16,4,4,4.05,1.0125
26,17,0,20,89.59,4.4795
26,17,1,11,35.87,3.2609090909090908
26,17,2,4,11.67,2.9175
26,17,3,1,2.76,2.76
26,17,4,13,17.5,1.3461538461538463
26,20,0,18,96.71,5.372777777777777
26,20,1,14,74.76,5.340000000000001
26,20,2,4,12.11,3.0275
26,20,3,17,50.5,2.9705882352941178
26,20,4,10,12.72,1.272
26,21,0,1,3.21,3.21
26,21,1,14,42.15,3.0107142857142857
26,21,2,13,34.5,2.6538461538461537
26,21,3,11,7.79,0.7081818181818181
26,21,4,19,4.56,0.24
26,23,0,14,50.33,3.5949999999999998
26,23,1,1,3.48,3.48
26,23,2,16,54.63,3.414375
26,23,3,9,12.86,1.4288888888888889
26,23,4,5,2.81,0.562
26,24,0,15,74.59,4.972666666666667
26,24,1,10,38.58,3.8579999999999997
26,24,2,6,19.52,3.2533333333333334
26,24,3,13,25.15,1.9346153846153844
26,24,4,12,15.79,1.3158333333333332
26,25,0,11,49.18,4.470909090909091
26,25,1,17,72.99,4.293529411764705
26,25,2,16,60.54,3.78375
26,25,3,15,42.73,2.8486666666666665
26,25,4,12,21.53,1.7941666666666667
26,28,0,4,21.48,5.37
26,28,1,4,8.87,2.2175
26,28,2,8,15.11,1.88875
26,28,3,19,20.61,1.0847368421052632
26,28,4,6,6.47,1.0783333333333334
26,30,0,8,38.76,4.845
26,30,1,12,50.92,4.243333333333333
26,30,2,3,11.17,3.723333333333333
26,30,3,2,6.93,3.465
26,30,4,18,12.07,0.6705555555555556
26,34,0,14,97.1,6.935714285714285
26,34,1,9,54.74,6.082222222222223
26,34,2,13,76.94,5.918461538461538
26,34,3,14,21.34,1.5242857142857142
26,34,4,14,12.44,0.8885714285714286
26,37,0,3,16.79,5.596666666666667
26,37,1,1,5.31,5.31
26,37,2,10,39.03,3.903
26,37,3,3,10.97,3.6566666666666667
26,37,4,20,50.55,2.5275
26,42,0,16,114.4,7.15
26,42,1,19,104.04,5.475789473684211
26,42,2,11,58.64,5.330909090909091
26,42,3,1,5.18,5.18
26,42,4,15,26.76,1.784
26,43,0,13,100.87,7.759230769230769
26,43,1,8,45.14,5.6425
26,43,2,13,51.13,3.933076923076923
26,43,3,10,26.07,2.607
26,43,4,14,24.04,1.717142857142857
26,45,0,9,41.63,4.625555555555556
26,45,1,13,40.0,3.076923076923077
26,45,2,2,4.89,2.445
26,45,3,16,26.63,1.664375
26,45,4,8,10.74,1.3425
26,47,0,20,80.68,4.034000000000001
26,47,1,4,15.81,3.9525
26,47,2,17,63.26,3.7211764705882353
26,47,3,15,41.85,2.79
26,47,4,19,25.14,1.323157894736842
26,48,0,15,49.93,3.3286666666666664
26,48,1,4,12.32,3.08
26,48,2,5,15.36,3.072
26,48,3,3,7.95,2.65
26,48,4,1,1.85,1.85
26,49,0,1,2.94,2.94
26,49,1,20,55.52,2.7760000000000002
26,49,2,12,19.61,1.6341666666666665
26,49,3,2,1.69,0.845
26,49,4,11,8.6,0.7818181818181817
26,51,0,18,90.06,5.003333333333334
26,51,1,19,89.66,4.718947368421053
26,51,2,20,45.39,2.2695
26,51,3,3,5.58,1.86
26,51,4,4,2.66,0.665
26,53,0,3,17.75,5.916666666666667
26,53,1,10,50.61,5.061
26,53,2,20,90.25,4.5125
26,53,3,18,45.2,2.511111111111111
26,53,4,14,28.79,2.0564285714285715
26,54,0,11,42.88,3.8981818181818184
26,54,1,4,5.96,1.49
26,54,2,20,23.88,1.194
26,54,3,19,19.84,1.0442105263157895
26,54,4,18,10.12,0.5622222222222222
26,57,0,12,60.89,5.074166666666667
26,57,1,13,63.94,4.918461538461538
26,57,2,6,26.11,4.351666666666667
26,57,3,16,56.94,3.55875
26,57,4,11,11.98,1.089090909090909
26,58,0,11,27.32,2.483636363636364
26,58,1,2,4.76,2.38
26,58,2,3,3.13,1.0433333333333332
26,58,3,16,11.8,0.7375
26,58,4,18,10.87,0.6038888888888888
26,59,0,20,118.3,5.915
26,59,1,10,54.97,5.497
26,59,2,13,56.33,4.333076923076923
26,59,3,11,27.73,2.520909090909091
26,59,4,14,32.9,2.35
26,64,0,12,92.15,7.679166666666667
26,64,1,6,41.51,6.918333333333333
26,64,2,14,83.85,5.989285714285714
26,64,3,20,105.39,5.2695
26,64,4,15,75.21,5.013999999999999
26,67,0,1,4.39,4.39
26,67,1,4,13.89,3.4725
26,67,2,6,20.42,3.4033333333333338
26,67,3,5,7.46,1.492
26,67,4,17,14.06,0.8270588235294118
26,69,0,17,53.27,3.133529411764706
26,69,1,7,13.9,1.9857142857142858
26,69,2,13,24.53,1.886923076923077
26,69,3,2,2.62,1.31
26,69,4,4,5.15,1.2875
26,70,0,11,83.34,7.576363636363637
26,70,1,6,44.1,7.3500000000000005
26,70,2,17,71.42,4.201176470588235
26,70,3,12,45.63,3.8025
26,70,4,7,19.46,2.7800000000000002
26,77,0,12,83.22,6.935
26,77,1,7,43.12,6.159999999999999
26,77,2,9,48.3,5.366666666666666
26,77,3,15,59.91,3.9939999999999998
26,77,4,9,21.78,2.42
26,78,0,19,74.08,3.8989473684210525
26,78,1,10,34.68,3.468
26,78,2,7,18.11,2.587142857142857
26,78,3,8,7.91,0.98875
26,78,4,4,1.29,0.3225
26,81,0,16,111.14,6.94625
26,81,1,16,66.17,4.135625
26,81,2,9,32.1,3.566666666666667
26,81,3,5,17.43,3.4859999999999998
26,81,4,11,15.83,1.4390909090909092
26,86,0,20,118.05,5.9025
26,86,1,5,27.0,5.4
26,86,2,17,72.13,4.2429411764705875
26,86,3,2,5.46,2.73
26,86,4,19,44.67,2.3510526315789475
26,88,0,1,4.54,4.54
26,88,1,4,13.92,3.48
26,88,2,11,36.7,3.3363636363636364
26,88,3,5,15.67,3.134
26,88,4,9,19.93,2.214444444444444
26,90,0,5,27.39,5.478
26,90,1,15,66.09,4.406000000000001
26,90,2,13,22.99,1.7684615384615383
26,90,3,2,3.21,1.605
26,90,4,12,13.74,1.145
26,92,0,6,27.85,4.641666666666667
26,92,1,1,3.72,3.72
26,92,2,17,34.26,2.0152941176470587
26,92,3,10,17.41,1.741
26,92,4,12,9.4,0.7833333333333333
26,95,0,2,13.14,6.57
26,95,1,1,5.92,5.92
26,95,2,4,4.07,1.0175
26,95,3,14,10.98,0.7842857142857144
26,95,4,1,0.33,0.33
26,96,0,14,75.74,5.409999999999999
26,96,1,11,36.01,3.2736363636363635
26,96,2,9,8.99,0.9988888888888889
26,96,3,9,8.46,0.9400000000000001
26,96,4,12,9.68,0.8066666666666666
26,98,0,17,48.64,2.8611764705882354
26,98,1,15,31.87,2.1246666666666667
26,98,2,9,14.94,1.66
26,98,3,11,8.68,0.7890909090909091
26,98,4,10,1.74,0.174
26,99,0,6,36.66,6.109999999999999
26,99,1,17,94.23,5.542941176470588
26,99,2,13,48.27,3.7130769230769234
26,99,3,6,21.29,3.5483333333333333
26,99,4,3,8.59,2.8633333333333333
28,0,0,12,8.76,0.73
28,0,1,12,6.06,0.505
28,0,2,5,1.88,0.376
28,0,3,14,3.78,0.26999999999999996
28,0,4,15,1.54,0.10266666666666667
28,2,0,19,91.2,4.8
28,2,1,4,13.82,3.455
28,2,2,15,25.93,1.7286666666666666
28,2,3,6,4.48,0.7466666666666667
28,2,4,6,2.68,0.4466666666666667
28,3,0,12,25.34,2.111666666666667
28,3,1,1,1.91,1.91
28,3,2,12,22.75,1.8958333333333333
28,3,3,12,7.31,0.6091666666666666
28,3,4,13,6.52,0.5015384615384615
28,5,0,4,9.29,2.3225
28,5,1,5,5.5,1.1
28,5,2,13,8.6,0.6615384615384615
28,5,3,13,7.65,0.5884615384615385
28,5,4,20,11.06,0.553
28,6,0,1,3.4,3.4
28,6,1,17,42.5,2.5
28,6,2,16,25.59,1.599375
28,6,3,8,10.07,1.25875
28,6,4,17,8.89,0.5229411764705882
28,8,0,6,8.49,1.415
28,8,1,20,26.06,1.303
28,8,2,12,14.87,1.2391666666666665
28,8,3,15,10.06,0.6706666666666667
28,8,4,5,3.05,0.61
28,10,0,9,35.63,3.958888888888889
28,10,1,12,15.52,1.2933333333333332
28,10,2,7,8.08,1.1542857142857144
28,10,3,6,6.91,1.1516666666666666
28,10,4,2,1.84,0.92
28,11,0,20,44.75,2.2375
28,11,1,12,25.34,2.111666666666667
28,11,2,14,22.02,1.5728571428571427
28,11,3,14,19.89,1.4207142857142858
28,11,4,8,9.86,1.2325
28,12,0,1,2.03,2.03
28,12,1,5,9.38,1.8760000000000001
28,12,2,9,14.78,1.6422222222222222
28,12,3,19,18.65,0.981578947368421
28,12,4,18,13.9,0.7722222222222223
28,13,0,11,35.21,3.200909090909091
28,13,1,9,27.76,3.0844444444444448
28,13,2,3,8.74,2.9133333333333336
28,13,3,3,4.77,1.5899999999999999
28,13,4,19,17.83,0.9384210526315788
28,14,0,12,29.76,2.48
28,14,1,11,21.29,1.9354545454545453
28,14,2,6,10.65,1.7750000000000001
28,14,3,11,19.08,1.7345454545454544
28,14,4,11,11.93,1.0845454545454545
28,16,0,9,21.41,2.378888888888889
28,16,1,4,7.55,1.8875
28,16,2,13,15.84,1.2184615384615385
28,16,3,20,21.95,1.0975
28,16,4,9,9.5,1.0555555555555556
28,17,0,1,0.85,0.85
28,17,1,3,2.44,0.8133333333333334
28,17,2,19,13.82,0.7273684210526316
28,17,3,18,8.55,0.47500000000000003
28,17,4,18,7.75,0.4305555555555556
28,20,0,12,8.55,0.7125
28,20,1,14,9.66,0.6900000000000001
28,20,2,3,1.66,0.5533333333333333
28,20,3,3,0.86,0.2866666666666667
28,20,4,11,2.88,0.2618181818181818
28,21,0,2,0.56,0.28
28,21,1,10,2.75,0.275
28,21,2,7,0.81,0.11571428571428573
28,21,3,11,0.7,0.06363636363636363
28,21,4,5,0.29,0.057999999999999996
28,23,0,8,40.11,5.01375
28,23,1,10,49.57,4.957
28,23,2,20,59.45,2.9725
28,23,3,16,42.19,2.636875
28,23,4,20,8.87,0.44349999999999995
28,24,0,19,30.22,1.5905263157894736
28,24,1,12,13.7,1.1416666666666666
28,24,2,15,13.2,0.88
28,24,3,9,4.67,0.5188888888888888
28,24,4,13,2.8,0.21538461538461537
28,25,0,14,3.87,0.2764285714285714
28,25,1,6,1.24,0.20666666666666667
28,25,2,13,2.49,0.19153846153846155
28,25,3,5,0.84,0.16799999999999998
28,25,4,7,0.57,0.08142857142857142
28,26,0,20,105.96,5.298
28,26,1,14,51.48,3.677142857142857
28,26,2,19,66.93,3.522631578947369
28,26,3,15,37.32,2.488
28,26,4,19,21.86,1.1505263157894736
28,30,0,15,33.36,2.2239999999999998
28,30,1,3,4.91,1.6366666666666667
28,30,2,19,25.03,1.3173684210526317
28,30,3,10,8.4,0.8400000000000001
28,30,4,9,5.29,0.5877777777777777
28,34,0,7,5.68,0.8114285714285714
28,34,1,18,13.7,0.7611111111111111
28,34,2,10,3.47,0.34700000000000003
28,34,3,18,3.49,0.1938888888888889
28,34,4,6,1.09,0.18166666666666667
28,37,0,8,2.47,0.30875
28,37,1,15,4.46,0.29733333333333334
28,37,2,13,3.7,0.2846153846153846
28,37,3,12,3.34,0.2783333333333333
28,37,4,13,1.44,0.11076923076923076
28,42,0,16,24.07,1.504375
28,42,1,15,18.01,1.2006666666666668
28,42,2,15,16.64,1.1093333333333333
28,42,3,3,3.09,1.03
28,42,4,7,3.16,0.45142857142857146
28,43,0,8,22.39,2.79875
28,43,1,12,32.99,2.749166666666667
28,43,2,16,31.73,1.983125
28,43,3,1,1.29,1.29
28,43,4,12,6.37,0.5308333333333334
28,45,0,8,4.01,0.50125
28,45,1,10,4.66,0.466
28,45,2,18,5.45,0.3027777777777778
28,45,3,3,0.27,0.09000000000000001
28,45,4,6,0.23,0.03833333333333334
28,47,0,15,44.97,2.9979999999999998
28,47,1,18,46.66,2.592222222222222
28,47,2,4,9.98,2.495
28,47,3,13,9.45,0.7269230769230769
28,47,4,1,0.53,0.53
28,48,0,15,35.28,2.352
28,48,1,3,2.76,0.9199999999999999
28,48,2,7,5.55,0.7928571428571428
28,48,3,16,11.05,0.690625
28,48,4,13,2.64,0.2030769230769231
28,49,0,19,21.9,1.1526315789473685
28,49,1,19,10.92,0.5747368421052631
28,49,2,16,9.06,0.56625
28,49,3,6,2.24,0.37333333333333335
28,49,4,10,2.66,0.266
28,51,0,9,5.28,0.5866666666666667
28,51,1,7,3.83,0.5471428571428572
28,51,2,1,0.43,0.43
28,51,3,12,3.58,0.29833333333333334
28,51,4,6,0.67,0.11166666666666668
28,53,0,19,134.17,7.06157894736842
28,53,1,8,33.55,4.19375
28,53,2,16,64.53,4.033125
28,53,3,1,3.46,3.46
28,53,4,17,45.18,2.6576470588235295
28,54,0,20,14.21,0.7105
28,54,1,20,10.04,0.502
28,54,2,10,3.22,0.322
28,54,3,6,1.9,0.31666666666666665
28,54,4,5,0.59,0.118
28,57,0,6,19.27,3.2116666666666664
28,57,1,16,39.21,2.450625
28,57,2,3,7.1,2.3666666666666667
28,57,3,10,21.71,2.1710000000000003
28,57,4,17,22.54,1.3258823529411765
28,58,0,9,9.24,1.0266666666666666
28,58,1,9,6.5,0.7222222222222222
28,58,2,2,1.2,0.6
28,58,3,13,6.61,0.5084615384615385
28,58,4,13,2.95,0.22692307692307695
28,59,0,7,17.74,2.5342857142857143
28,59,1,13,28.94,2.226153846153846
28,59,2,10,21.17,2.117
28,59,3,17,20.18,1.1870588235294117
28,59,4,2,0.91,0.455
28,64,0,7,17.9,2.557142857142857
28,64,1,12,19.28,1.6066666666666667
28,64,2,6,9.58,1.5966666666666667
28,64,3,4,2.67,0.6675
28,64,4,17,10.81,0.6358823529411765
28,67,0,6,18.0,3.0
28,67,1,9,26.92,2.9911111111111115
28,67,2,16,40.31,2.519375
28,67,3,4,9.07,2.2675
28,67,4,19,40.8,2.1473684210526316
28,69,0,10,16.4,1.64
28,69,1,20,26.24,1.3119999999999998
28,69,2,11,11.28,1.0254545454545454
28,69,3,2,1.9,0.95
28,69,4,2,1.24,0.62
28,70,0,12,26.25,2.1875
28,70,1,12,23.52,1.96
28,70,2,6,9.39,1.5650000000000002
28,70,3,5,3.56,0.712
28,70,4,11,7.41,0.6736363636363637
28,77,0,9,16.33,1.8144444444444443
28,77,1,12,17.88,1.49
28,77,2,1,1.47,1.47
28,77,3,6,4.05,0.6749999999999999
28,77,4,12,7.58,0.6316666666666667
28,78,0,17,23.14,1.3611764705882354
28,78,1,19,23.87,1.2563157894736843
28,78,2,6,5.92,0.9866666666666667
28,78,3,8,6.28,0.785
28,78,4,5,0.74,0.148
28,81,0,12,104.2,8.683333333333334
28,81,1,5,34.02,6.804
28,81,2,12,36.73,3.060833333333333
28,81,3,5,15.26,3.052
28,81,4,12,13.38,1.115
28,86,0,2,19.19,9.595
28,86,1,9,77.25,8.583333333333334
28,86,2,20,149.88,7.494
28,86,3,18,115.97,6.442777777777778
28,86,4,14,74.55,5.325
28,88,0,13,10.11,0.7776923076923077
28,88,1,11,7.64,0.6945454545454545
28,88,2,14,3.63,0.2592857142857143
28,88,3,5,0.83,0.16599999999999998
28,88,4,11,1.14,0.10363636363636362
28,90,0,17,38.31,2.2535294117647062
28,90,1,1,0.83,0.83
28,90,2,15,8.47,0.5646666666666668
28,90,3,4,1.9,0.475
28,90,4,8,2.15,0.26875
28,92,0,13,7.47,0.5746153846153846
28,92,1,15,3.09,0.206
28,92,2,3,0.46,0.15333333333333335
28,92,3,4,0.52,0.13
28,92,4,5,0.12,0.024
28,95,0,7,14.45,2.064285714285714
28,95,1,16,18.09,1.130625
28,95,2,15,13.57,0.9046666666666667
28,95,3,4,2.48,0.62
28,95,4,13,2.56,0.19692307692307692
28,96,0,11,11.97,1.0881818181818181
28,96,1,7,3.43,0.49000000000000005
28,96,2,4,1.42,0.355
28,96,3,12,2.25,0.1875
28,96,4,10,0.77,0.077
28,98,0,4,9.87,2.4675
28,98,1,5,11.6,2.32
28,98,2,12,20.77,1.7308333333333332
28,98,3,2,2.85,1.425
28,98,4,3,1.31,0.4366666666666667
28,99,0,17,17.09,1.005294117647059
28,99,1,11,9.88,0.8981818181818183
28,99,2,1,0.78,0.78
28,99,3,17,8.56,0.5035294117647059
28,99,4,2,0.38,0.19
30,0,0,4,9.43,2.3575
30,0,1,15,28.62,1.9080000000000001
30,0,2,2,3.68,1.84
30,0,3,17,16.29,0.958235294117647
30,0,4,14,3.04,0.21714285714285714
30,2,0,3,5.89,1.9633333333333332
30,2,1,2,2.15,1.075
30,2,2,15,10.46,0.6973333333333334
30,2,3,14,5.73,0.4092857142857143
30,2,4,14,2.46,0.1757142857142857
30,3,0,11,46.42,4.22
30,3,1,17,54.52,3.2070588235294117
30,3,2,14,23.33,1.6664285714285714
30,3,3,19,15.24,0.8021052631578948
30,3,4,9,6.95,0.7722222222222223
30,5,0,3,5.97,1.99
30,5,1,12,21.84,1.82
30,5,2,17,18.45,1.0852941176470587
30,5,3,18,13.19,0.7327777777777778
30,5,4,8,2.08,0.26
30,6,0,10,28.46,2.846
30,6,1,7,17.01,2.43
30,6,2,15,34.97,2.3313333333333333
30,6,3,19,36.11,1.9005263157894736
30,6,4,1,0.95,0.95
30,8,0,3,5.16,1.72
30,8,1,14,22.63,1.6164285714285713
30,8,2,13,17.43,1.3407692307692307
30,8,3,2,1.87,0.935
30,8,4,19,13.27,0.6984210526315789
30,10,0,5,19.07,3.814
30,10,1,1,3.71,3.71
30,10,2,3,5.1,1.7
30,10,3,20,22.16,1.108
30,10,4,8,8.57,1.07125
30,11,0,3,11.2,3.733333333333333
30,11,1,19,67.78,3.5673684210526315
30,11,2,4,11.61,2.9025
30,11,3,2,3.57,1.785
30,11,4,11,12.1,1.0999999999999999
30,12,0,16,52.02,3.25125
30,12,1,7,19.0,2.7142857142857144
30,12,2,19,44.68,2.351578947368421
30,12,3,19,43.48,2.2884210526315787
30,12,4,6,4.05,0.6749999999999999
30,13,0,15,70.88,4.725333333333333
30,13,1,16,72.07,4.504375
30,13,2,1,3.68,3.68
30,13,3,12,31.19,2.5991666666666666
30,13,4,2,4.8,2.4
30,14,0,17,78.96,4.644705882352941
30,14,1,5,22.88,4.576
30,14,2,1,4.45,4.45
30,14,3,15,49.49,3.2993333333333337
30,14,4,19,61.19,3.2205263157894737
30,16,0,18,62.58,3.4766666666666666
30,16,1,11,24.25,2.2045454545454546
30,16,2,8,16.82,2.1025
30,16,3,20,12.33,0.6165
30,16,4,2,1.18,0.59
30,17,0,9,22.81,2.5344444444444445
30,17,1,1,2.2,2.2
30,17,2,12,23.18,1.9316666666666666
30,17,3,1,1.43,1.43
30,17,4,10,9.94,0.994
30,20,0,3,3.94,1.3133333333333332
30,20,1,8,8.45,1.05625
30,20,2,6,5.02,0.8366666666666666
30,20,3,12,2.53,0.21083333333333332
30,20,4,17,1.82,0.10705882352941176
30,21,0,2,4.96,2.48
30,21,1,1,2.21,2.21
30,21,2,12,15.17,1.2641666666666667
30,21,3,12,14.89,1.2408333333333335
30,21,4,18,8.31,0.46166666666666667
30,23,0,4,9.14,2.285
30,23,1,4,8.05,2.0125
30,23,2,14,26.37,1.8835714285714287
30,23,3,2,3.64,1.82
30,23,4,10,9.68,0.968
30,24,0,7,22.76,3.251428571428572
30,24,1,4,12.87,3.2175
30,24,2,13,40.13,3.0869230769230773
30,24,3,19,22.95,1.2078947368421051
30,24,4,13,11.73,0.9023076923076924
30,25,0,4,11.02,2.755
30,25,1,8,18.29,2.28625
30,25,2,8,12.66,1.5825
30,25,3,2,2.14,1.07
30,25,4,5,3.93,0.786
30,26,0,19,62.75,3.3026315789473686
30,26,1,18,57.99,3.2216666666666667
30,26,2,20,56.97,2.8485
30,26,3,20,39.9,1.9949999999999999
30,26,4,6,2.54,0.42333333333333334
30,28,0,3,5.19,1.7300000000000002
30,28,1,10,15.9,1.59
30,28,2,5,3.9,0.78
30,28,3,17,5.92,0.34823529411764703
30,28,4,13,4.16,0.32
30,34,0,16,42.37,2.648125
30,34,1,9,7.94,0.8822222222222222
30,34,2,8,6.42,0.8025
30,34,3,13,8.02,0.6169230769230769
30,34,4,19,7.87,0.4142105263157895
30,37,0,15,29.74,1.9826666666666666
30,37,1,8,13.39,1.67375
30,37,2,2,3.28,1.64
30,37,3,5,7.11,1.4220000000000002
30,37,4,18,25.49,1.416111111111111
30,42,0,12,51.1,4.258333333333334
30,42,1,3,8.28,2.76
30,42,2,13,30.14,2.3184615384615386
30,42,3,7,15.71,2.244285714285714
30,42,4,17,11.69,0.6876470588235294
30,43,0,19,100.53,5.291052631578947
30,43,1,13,61.7,4.746153846153846
30,43,2,7,30.62,4.3742857142857146
30,43,3,15,51.63,3.442
30,43,4,5,16.14,3.228
30,45,0,14,24.99,1.785
30,45,1,19,31.22,1.6431578947368422
30,45,2,20,28.1,1.405
30,45,3,1,0.53,0.53
30,45,4,17,7.81,0.45941176470588235
30,47,0,7,32.8,4.685714285714285
30,47,1,1,3.49,3.49
30,47,2,13,39.68,3.0523076923076924
30,47,3,2,6.09,3.045
30,47,4,9,17.47,1.941111111111111
30,48,0,18,14.8,0.8222222222222223
30,48,1,6,4.46,0.7433333333333333
30,48,2,11,5.92,0.5381818181818182
30,48,3,13,2.1,0.16153846153846155
30,48,4,11,1.65,0.15
30,49,0,13,40.66,3.1276923076923073
30,49,1,4,11.94,2.985
30,49,2,17,46.55,2.738235294117647
30,49,3,20,53.39,2.6695
30,49,4,4,4.69,1.1725
30,51,0,9,21.28,2.3644444444444446
30,51,1,14,11.64,0.8314285714285715
30,51,2,15,12.12,0.8079999999999999
30,51,3,20,13.94,0.697
30,51,4,5,1.8,0.36
30,53,0,18,113.1,6.283333333333333
30,53,1,17,56.91,3.3476470588235294
30,53,2,15,48.28,3.2186666666666666
30,53,3,8,23.98,2.9975
30,53,4,7,10.74,1.5342857142857143
30,54,0,5,10.35,2.07
30,54,1,18,16.74,0.9299999999999999
30,54,2,3,2.62,0.8733333333333334
30,54,3,17,12.07,0.71
30,54,4,4,2.67,0.6675
30,57,0,20,111.86,5.593
30,57,1,4,18.11,4.5275
30,57,2,18,46.14,2.5633333333333335
30,57,3,9,9.22,1.0244444444444445
30,57,4,14,10.32,0.7371428571428572
30,58,0,16,21.05,1.315625
30,58,1,9,6.95,0.7722222222222223
30,58,2,12,8.98,0.7483333333333334
30,58,3,5,2.74,0.548
30,58,4,19,4.56,0.24
30,59,0,11,8.77,0.7972727272727272
30,59,1,14,9.6,0.6857142857142857
30,59,2,13,7.14,0.5492307692307692
30,59,3,6,3.25,0.5416666666666666
30,59,4,13,4.66,0.3584615384615385
30,64,0,16,73.79,4.611875
30,64,1,3,12.55,4.183333333333334
30,64,2,18,72.77,4.042777777777777
30,64,3,3,11.12,3.7066666666666666
30,64,4,13,47.62,3.6630769230769227
30,67,0,15,8.72,0.5813333333333334
30,67,1,3,1.42,0.47333333333333333
30,67,2,20,9.27,0.46349999999999997
30,67,3,16,4.54,0.28375
30,67,4,6,1.45,0.24166666666666667
30,69,0,13,50.74,3.9030769230769233
30,69,1,14,45.17,3.2264285714285714
30,69,2,14,37.62,2.687142857142857
30,69,3,10,8.85,0.885
30,69,4,8,3.47,0.43375
30,70,0,12,57.29,4.774166666666667
30,70,1,13,51.76,3.9815384615384612
30,70,2,13,34.97,2.69
30,70,3,13,32.4,2.4923076923076923
30,70,4,15,17.66,1.1773333333333333
30,77,0,11,44.16,4.014545454545455
30,77,1,12,25.82,2.151666666666667
30,77,2,18,20.83,1.1572222222222222
30,77,3,7,3.69,0.5271428571428571
30,77,4,6,2.26,0.37666666666666665
30,78,0,19,19.46,1.0242105263157895
30,78,1,17,15.52,0.9129411764705883
30,78,2,8,7.24,0.905
30,78,3,9,6.88,0.7644444444444445
30,78,4,19,8.45,0.4447368421052631
30,81,0,2,15.18,7.59
30,81,1,17,116.4,6.847058823529412
30,81,2,16,66.98,4.18625
30,81,3,10,27.54,2.754
30,81,4,9,7.0,0.7777777777777778
30,86,0,19,134.76,7.092631578947368
30,86,1,18,126.38,7.021111111111111
30,86,2,5,21.81,4.362
30,86,3,6,9.48,1.58
30,86,4,9,13.19,1.4655555555555555
30,88,0,3,4.67,1.5566666666666666
30,88,1,7,9.22,1.3171428571428572
30,88,2,19,12.81,0.6742105263157895
30,88,3,8,1.16,0.145
30,88,4,18,2.58,0.14333333333333334
30,90,0,9,40.16,4.462222222222222
30,90,1,6,23.38,3.8966666666666665
30,90,2,16,53.48,3.3425
30,90,3,19,31.02,1.6326315789473684
30,90,4,18,23.36,1.2977777777777777
30,92,0,3,6.97,2.3233333333333333
30,92,1,6,12.88,2.146666666666667
30,92,2,10,14.54,1.454
30,92,3,11,11.64,1.0581818181818183
30,92,4,20,3.44,0.172
30,95,0,4,17.61,4.4025
30,95,1,5,18.23,3.646
30,95,2,17,43.38,2.551764705882353
30,95,3,4,8.43,2.1075
30,95,4,8,8.21,1.02625
30,96,0,5,15.32,3.064
30,96,1,19,51.42,2.7063157894736842
30,96,2,7,18.6,2.6571428571428575
30,96,3,8,21.17,2.64625
30,96,4,13,6.3,0.4846153846153846
30,98,0,9,12.19,1.3544444444444443
30,98,1,4,5.25,1.3125
30,98,2,3,3.55,1.1833333333333333
30,98,3,2,2.2,1.1
30,98,4,5,3.65,0.73
30,99,0,6,17.29,2.8816666666666664
30,99,1,16,45.75,2.859375
30,99,2,7,13.25,1.8928571428571428
30,99,3,19,30.46,1.6031578947368421
30,99,4,4,4.42,1.105
34,0,0,18,7.03,0.39055555555555554
34,0,1,19,5.88,0.3094736842105263
34,0,2,16,4.94,0.30875
34,0,3,4,0.97,0.2425
34,0,4,14,0.35,0.024999999999999998
34,2,0,7,47.46,6.78
34,2,1,15,83.88,5.592
34,2,2,13,58.48,4.498461538461538
34,2,3,20,77.27,3.8634999999999997
34,2,4,14,24.22,1.73
34,3,0,17,21.44,1.2611764705882353
34,3,1,8,9.96,1.245
34,3,2,18,19.47,1.0816666666666666
34,3,3,12,10.6,0.8833333333333333
34,3,4,11,1.01,0.09181818181818181
34,5,0,17,44.3,2.605882352941176
34,5,1,10,24.92,2.492
34,5,2,6,9.51,1.585
34,5,3,18,21.02,1.1677777777777778
34,5,4,7,5.29,0.7557142857142857
34,6,0,20,101.84,5.0920000000000005
34,6,1,2,7.16,3.58
34,6,2,18,64.05,3.558333333333333
34,6,3,9,14.63,1.6255555555555556
34,6,4,8,6.69,0.83625
34,8,0,17,22.57,1.3276470588235294
34,8,1,9,10.9,1.2111111111111112
34,8,2,9,7.89,0.8766666666666666
34,8,3,4,2.71,0.6775
34,8,4,11,6.72,0.6109090909090908
34,10,0,10,52.26,5.226
34,10,1,17,80.4,4.729411764705882
34,10,2,16,54.01,3.375625
34,10,3,15,23.04,1.536
34,10,4,17,26.02,1.5305882352941176
34,11,0,7,6.55,0.9357142857142857
34,11,1,8,5.58,0.6975
34,11,2,1,0.55,0.55
34,11,3,3,1.01,0.33666666666666667
34,11,4,19,2.47,0.13
34,12,0,17,51.74,3.043529411764706
34,12,1,6,15.88,2.646666666666667
34,12,2,7,18.25,2.607142857142857
34,12,3,17,20.66,1.2152941176470589
34,12,4,3,2.44,0.8133333333333334
34,13,0,12,23.32,1.9433333333333334
34,13,1,15,25.17,1.6780000000000002
34,13,2,6,9.74,1.6233333333333333
34,13,3,17,26.28,1.5458823529411765
34,13,4,3,3.81,1.27
34,14,0,10,14.72,1.472
34,14,1,7,8.61,1.23
34,14,2,1,1.14,1.14
34,14,3,7,7.17,1.0242857142857142
34,14,4,13,5.48,0.4215384615384616
34,16,0,3,4.67,1.5566666666666666
34,16,1,15,17.92,1.1946666666666668
34,16,2,18,17.9,0.9944444444444444
34,16,3,16,15.67,0.979375
34,16,4,7,4.99,0.7128571428571429
34,17,0,9,11.62,1.291111111111111
34,17,1,5,6.12,1.224
34,17,2,20,16.25,0.8125
34,17,3,16,12.23,0.764375
34,17,4,12,3.24,0.27
34,20,0,8,13.34,1.6675
34,20,1,17,26.02,1.5305882352941176
34,20,2,3,4.01,1.3366666666666667
34,20,3,19,6.96,0.3663157894736842
34,20,4,6,1.29,0.215
34,21,0,8,10.31,1.28875
34,21,1,14,16.35,1.167857142857143
34,21,2,12,13.35,1.1125
34,21,3,11,9.75,0.8863636363636364
34,21,4,11,4.82,0.43818181818181823
34,23,0,6,30.1,5.016666666666667
34,23,1,14,38.4,2.742857142857143
34,23,2,4,10.66,2.665
34,23,3,19,28.29,1.4889473684210526
34,23,4,8,9.85,1.23125
34,24,0,16,41.58,2.59875
34,24,1,18,26.69,1.4827777777777778
34,24,2,14,20.1,1.4357142857142857
34,24,3,9,12.71,1.4122222222222223
34,24,4,14,6.37,0.455
34,25,0,8,5.18,0.6475
34,25,1,20,10.76,0.538
34,25,2,6,2.3,0.3833333333333333
34,25,3,18,5.29,0.29388888888888887
34,25,4,20,2.04,0.10200000000000001
34,26,0,14,84.32,6.022857142857142
34,26,1,18,98.48,5.471111111111111
34,26,2,18,62.27,3.4594444444444448
34,26,3,17,48.84,2.8729411764705883
34,26,4,11,11.87,1.079090909090909
34,28,0,10,8.97,0.897
34,28,1,12,8.96,0.7466666666666667
34,28,2,6,1.84,0.3066666666666667
34,28,3,16,4.39,0.274375
34,28,4,12,2.33,0.19416666666666668
34,30,0,6,20.66,3.4433333333333334
34,30,1,4,8.38,2.095
34,30,2,19,33.64,1.7705263157894737
34,30,3,7,12.13,1.7328571428571429
34,30,4,4,2.91,0.7275
34,37,0,4,4.77,1.1925
34,37,1,6,4.92,0.82
34,37,2,3,1.76,0.5866666666666667
34,37,3,3,0.58,0.19333333333333333
34,37,4,7,1.3,0.18571428571428572
34,42,0,2,2.11,1.055
34,42,1,13,10.58,0.8138461538461539
34,42,2,18,9.38,0.5211111111111112
34,42,3,2,0.82,0.41
34,42,4,16,5.98,0.37375
34,43,0,20,35.75,1.7875
34,43,1,13,23.19,1.7838461538461539
34,43,2,15,25.89,1.726
34,43,3,8,5.59,0.69875
34,43,4,20,8.98,0.449
34,45,0,17,14.31,0.841764705882353
34,45,1,13,7.11,0.546923076923077
34,45,2,7,3.8,0.5428571428571428
34,45,3,19,7.81,0.41105263157894734
34,45,4,3,1.0,0.3333333333333333
34,47,0,12,46.71,3.8925
34,47,1,9,8.92,0.991111111111111
34,47,2,9,8.87,0.9855555555555555
34,47,3,6,3.94,0.6566666666666666
34,47,4,4,1.54,0.385
34,48,0,5,13.34,2.668
34,48,1,4,6.54,1.635
34,48,2,15,21.68,1.4453333333333334
34,48,3,15,6.71,0.4473333333333333
34,48,4,8,1.26,0.1575
34,49,0,12,19.84,1.6533333333333333
34,49,1,6,8.47,1.4116666666666668
34,49,2,5,4.21,0.842
34,49,3,3,1.38,0.45999999999999996
34,49,4,20,7.84,0.392
34,51,0,4,5.94,1.485
34,51,1,20,21.59,1.0795
34,51,2,17,8.54,0.5023529411764706
34,51,3,20,6.86,0.343
34,51,4,15,3.89,0.25933333333333336
34,53,0,18,101.08,5.615555555555556
34,53,1,2,10.29,5.145
34,53,2,9,45.45,5.050000000000001
34,53,3,4,19.38,4.845
34,53,4,15,71.59,4.772666666666667
34,54,0,5,9.68,1.936
34,54,1,15,25.69,1.7126666666666668
34,54,2,11,16.44,1.4945454545454546
34,54,3,10,8.12,0.8119999999999999
34,54,4,6,4.27,0.7116666666666666
34,57,0,2,11.14,5.57
34,57,1,10,51.06,5.106
34,57,2,2,9.47,4.735
34,57,3,15,36.53,2.4353333333333333
34,57,4,12,12.91,1.0758333333333334
34,58,0,9,17.11,1.901111111111111
34,58,1,8,9.77,1.22125
34,58,2,10,11.93,1.193
34,58,3,7,7.8,1.1142857142857143
34,58,4,17,10.73,0.6311764705882353
34,59,0,4,13.45,3.3625
34,59,1,14,34.22,2.4442857142857144
34,59,2,1,1.77,1.77
34,59,3,14,15.05,1.075
34,59,4,5,1.46,0.292
34,64,0,12,12.39,1.0325
34,64,1,19,17.29,0.9099999999999999
34,64,2,1,0.66,0.66
34,64,3,19,11.35,0.5973684210526315
34,64,4,2,0.5,0.25
34,67,0,1,3.96,3.96
34,67,1,16,61.34,3.83375
34,67,2,15,45.92,3.0613333333333332
34,67,3,11,21.17,1.9245454545454548
34,67,4,12,7.42,0.6183333333333333
34,69,0,20,60.89,3.0445
34,69,1,12,32.82,2.735
34,69,2,11,23.47,2.1336363636363633
34,69,3,12,24.5,2.0416666666666665
34,69,4,17,19.38,1.14
34,70,0,10,14.65,1.465
34,70,1,11,10.15,0.9227272727272727
34,70,2,15,13.16,0.8773333333333333
34,70,3,5,2.05,0.41
34,70,4,5,1.67,0.33399999999999996
34,77,0,9,1.73,0.1922222222222222
34,77,1,13,2.4,0.1846153846153846
34,77,2,20,3.35,0.1675
34,77,3,4,0.52,0.13
34,77,4,12,1.48,0.12333333333333334
34,78,0,18,32.46,1.8033333333333335
34,78,1,6,5.15,0.8583333333333334
34,78,2,2,1.56,0.78
34,78,3,12,5.74,0.47833333333333333
34,78,4,9,1.25,0.1388888888888889
34,81,0,5,45.0,9.0
34,81,1,16,91.63,5.726875
34,81,2,17,32.19,1.8935294117647057
34,81,3,10,15.1,1.51
34,81,4,10,7.54,0.754
34,86,0,14,120.25,8.589285714285714
34,86,1,11,87.81,7.982727272727273
34,86,2,19,139.41,7.3373684210526315
34,86,3,19,130.2,6.852631578947368
34,86,4,3,11.43,3.81
34,88,0,1,1.56,1.56
34,88,1,11,12.44,1.1309090909090909
34,88,2,17,18.44,1.0847058823529412
34,88,3,20,10.28,0.514
34,88,4,6,1.8,0.3
34,90,0,14,13.22,0.9442857142857143
34,90,1,15,12.57,0.838
34,90,2,14,10.45,0.7464285714285713
34,90,3,11,4.91,0.44636363636363635
34,90,4,1,0.4,0.4
34,92,0,7,6.43,0.9185714285714285
34,92,1,4,3.42,0.855
34,92,2,10,7.01,0.701
34,92,3,1,0.5,0.5
34,92,4,3,0.2,0.06666666666666667
34,95,0,16,19.14,1.19625
34,95,1,12,10.43,0.8691666666666666
34,95,2,11,8.73,0.7936363636363637
34,95,3,17,13.16,0.7741176470588236
34,95,4,6,0.35,0.05833333333333333
34,96,0,12,10.17,0.8475
34,96,1,9,6.99,0.7766666666666667
34,96,2,12,8.8,0.7333333333333334
34,96,3,9,5.9,0.6555555555555556
34,96,4,19,9.02,0.4747368421052631
34,98,0,6,25.53,4.255
34,98,1,13,52.82,4.063076923076923
34,98,2,4,12.65,3.1625
34,98,3,20,52.25,2.6125
34,98,4,15,23.41,1.5606666666666666
34,99,0,3,0.56,0.18666666666666668
34,99,1,15,2.63,0.1753333333333333
34,99,2,10,1.47,0.147
34,99,3,12,0.47,0.03916666666666666
34,99,4,18,0.68,0.03777777777777778
37,0,0,15,13.49,0.8993333333333333
37,0,1,7,2.52,0.36
37,0,2,10,2.73,0.273
37,0,3,13,3.38,0.26
37,0,4,19,3.11,0.1636842105263158
37,2,0,9,48.71,5.412222222222223
37,2,1,4,18.37,4.5925
37,2,2,10,42.27,4.227
37,2,3,12,8.43,0.7025
37,2,4,20,10.17,0.5085
37,3,0,6,12.28,2.0466666666666664
37,3,1,4,6.23,1.5575
37,3,2,6,3.77,0.6283333333333333
37,3,3,1,0.48,0.48
37,3,4,14,1.97,0.1407142857142857
37,5,0,2,5.11,2.555
37,5,1,20,37.92,1.8960000000000001
37,5,2,8,14.5,1.8125
37,5,3,14,23.51,1.6792857142857145
37,5,4,6,5.24,0.8733333333333334
37,6,0,10,39.0,3.9
37,6,1,9,14.65,1.6277777777777778
37,6,2,13,15.28,1.1753846153846153
37,6,3,14,10.18,0.7271428571428571
37,6,4,15,6.89,0.4593333333333333
37,8,0,5,11.52,2.304
37,8,1,5,8.8,1.7600000000000002
37,8,2,17,23.26,1.3682352941176472
37,8,3,17,18.51,1.0888235294117647
37,8,4,1,0.18,0.18
37,10,0,5,18.32,3.664
37,10,1,14,45.35,3.2392857142857143
37,10,2,1,2.17,2.17
37,10,3,10,7.31,0.731
37,10,4,18,4.42,0.24555555555555555
37,11,0,7,15.74,2.2485714285714287
37,11,1,8,16.16,2.02
37,11,2,2,2.17,1.085
37,11,3,3,1.5,0.5
37,11,4,20,8.71,0.43550000000000005
37,12,0,17,37.94,2.2317647058823527
37,12,1,15,33.17,2.2113333333333336
37,12,2,8,7.71,0.96375
37,12,3,19,5.76,0.30315789473684207
37,12,4,20,6.0,0.3
37,13,0,9,28.04,3.1155555555555554
37,13,1,7,14.98,2.14
37,13,2,6,10.04,1.6733333333333331
37,13,3,10,14.13,1.413
37,13,4,18,20.09,1.116111111111111
37,14,0,7,19.52,2.7885714285714287
37,14,1,2,4.22,2.11
37,14,2,4,6.92,1.73
37,14,3,8,10.76,1.345
37,14,4,13,14.9,1.146153846153846
37,16,0,15,46.0,3.066666666666667
37,16,1,17,23.46,1.3800000000000001
37,16,2,18,15.43,0.8572222222222222
37,16,3,10,4.83,0.483
37,16,4,19,5.35,0.28157894736842104
37,17,0,18,23.64,1.3133333333333335
37,17,1,8,10.25,1.28125
37,17,2,4,4.39,1.0975
37,17,3,13,11.03,0.8484615384615384
37,17,4,19,8.34,0.43894736842105264
37,20,0,13,6.84,0.5261538461538462
37,20,1,16,5.09,0.318125
37,20,2,13,3.05,0.23461538461538461
37,20,3,16,2.19,0.136875
37,20,4,12,1.06,0.08833333333333333
37,21,0,15,8.52,0.568
37,21,1,1,0.52,0.52
37,21,2,15,4.57,0.3046666666666667
37,21,3,12,3.17,0.26416666666666666
37,21,4,16,3.13,0.195625
37,23,0,3,11.56,3.8533333333333335
37,23,1,7,24.69,3.527142857142857
37,23,2,19,45.23,2.3805263157894734
37,23,3,7,14.98,2.14
37,23,4,17,13.08,0.7694117647058824
37,24,0,2,4.57,2.285
37,24,1,5,10.2,2.04
37,24,2,8,14.23,1.77875
37,24,3,17,13.71,0.8064705882352942
37,24,4,6,1.59,0.265
37,25,0,15,6.7,0.44666666666666666
37,25,1,11,4.47,0.4063636363636363
37,25,2,12,4.35,0.3625
37,25,3,6,1.48,0.24666666666666667
37,25,4,8,1.67,0.20875
37,26,0,7,38.62,5.517142857142857
37,26,1,2,9.59,4.795
37,26,2,11,38.84,3.530909090909091
37,26,3,20,56.54,2.827
37,26,4,4,7.0,1.75
37,28,0,1,0.37,0.37
37,28,1,14,4.39,0.31357142857142856
37,28,2,13,2.49,0.19153846153846155
37,28,3,12,0.39,0.0325
37,28,4,9,0.27,0.030000000000000002
37,30,0,2,4.08,2.04
37,30,1,5,6.42,1.284
37,30,2,18,19.55,1.0861111111111112
37,30,3,4,2.39,0.5975
37,30,4,6,2.87,0.47833333333333333
37,34,0,8,7.96,0.995
37,34,1,1,0.97,0.97
37,34,2,3,2.72,0.9066666666666667
37,34,3,20,9.63,0.48150000000000004
37,34,4,16,6.6,0.4125
37,42,0,5,10.15,2.0300000000000002
37,42,1,20,27.15,1.3575
37,42,2,11,12.86,1.169090909090909
37,42,3,3,2.84,0.9466666666666667
37,42,4,20,2.14,0.10700000000000001
37,43,0,12,38.08,3.1733333333333333
37,43,1,12,37.88,3.1566666666666667
37,43,2,12,31.39,2.6158333333333332
37,43,3,12,12.8,1.0666666666666667
37,43,4,4,2.7,0.675
37,45,0,8,4.11,0.51375
37,45,1,16,8.02,0.50125
37,45,2,15,3.46,0.23066666666666666
37,45,3,5,0.93,0.186
37,45,4,4,0.29,0.0725
37,47,0,9,25.28,2.808888888888889
37,47,1,20,49.21,2.4605
37,47,2,7,6.8,0.9714285714285714
37,47,3,19,10.68,0.5621052631578948
37,47,4,10,4.09,0.409
37,48,0,3,6.99,2.33
37,48,1,18,35.2,1.9555555555555557
37,48,2,9,16.39,1.8211111111111111
37,48,3,19,23.81,1.253157894736842
37,48,4,18,16.57,0.9205555555555556
37,49,0,7,9.68,1.3828571428571428
37,49,1,8,10.4,1.3
37,49,2,15,16.01,1.0673333333333335
37,49,3,13,12.67,0.9746153846153847
37,49,4,20,9.22,0.461
37,51,0,14,10.38,0.7414285714285714
37,51,1,4,2.48,0.62
37,51,2,15,8.88,0.5920000000000001
37,51,3,6,3.45,0.5750000000000001
37,51,4,4,2.12,0.53
37,53,0,14,119.79,8.556428571428572
37,53,1,16,128.23,8.014375
37,53,2,3,13.92,4.64
37,53,3,5,6.57,1.314
37,53,4,9,5.79,0.6433333333333333
37,54,0,7,4.93,0.7042857142857143
37,54,1,4,2.49,0.6225
37,54,2,2,1.1,0.55
37,54,3,4,0.75,0.1875
37,54,4,4,0.18,0.045
37,57,0,8,37.32,4.665
37,57,1,3,13.32,4.44
37,57,2,13,55.41,4.262307692307692
37,57,3,18,73.43,4.079444444444444
37,57,4,15,26.57,1.7713333333333334
37,58,0,8,5.99,0.74875
37,58,1,8,5.23,0.65375
37,58,2,4,2.31,0.5775
37,58,3,11,4.78,0.43454545454545457
37,58,4,9,3.52,0.39111111111111113
37,59,0,1,1.36,1.36
37,59,1,13,17.5,1.3461538461538463
37,59,2,17,17.18,1.0105882352941176
37,59,3,2,1.45,0.725
37,59,4,13,7.85,0.6038461538461538
37,64,0,9,20.72,2.302222222222222
37,64,1,20,44.78,2.239
37,64,2,19,27.21,1.4321052631578948
37,64,3,2,2.54,1.27
37,64,4,17,5.35,0.31470588235294117
37,67,0,16,38.58,2.41125
37,67,1,20,42.38,2.119
37,67,2,11,11.34,1.030909090909091
37,67,3,2,1.49,0.745
37,67,4,13,8.37,0.6438461538461537
37,69,0,16,49.24,3.0775
37,69,1,7,7.74,1.1057142857142856
37,69,2,9,9.31,1.0344444444444445
37,69,3,8,4.2,0.525
37,69,4,19,2.85,0.15
37,70,0,4,8.81,2.2025
37,70,1,16,27.65,1.728125
37,70,2,5,6.21,1.242
37,70,3,12,11.37,0.9474999999999999
37,70,4,6,4.41,0.735
37,77,0,10,6.83,0.683
37,77,1,17,7.6,0.44705882352941173
37,77,2,3,1.27,0.42333333333333334
37,77,3,14,5.15,0.3678571428571429
37,77,4,13,4.75,0.36538461538461536
37,78,0,8,8.18,1.0225
37,78,1,12,3.44,0.2866666666666667
37,78,2,15,2.96,0.19733333333333333
37,78,3,15,1.6,0.10666666666666667
37,78,4,10,0.97,0.097
37,81,0,1,9.22,9.22
37,81,1,3,20.44,6.8133333333333335
37,81,2,14,46.78,3.3414285714285716
37,81,3,15,30.98,2.0653333333333332
37,81,4,5,7.04,1.408
37,86,0,16,113.4,7.0875
37,86,1,20,80.33,4.0165
37,86,2,1,3.07,3.07
37,86,3,6,17.94,2.99
37,86,4,7,6.22,0.8885714285714286
37,88,0,19,7.01,0.36894736842105263
37,88,1,7,2.43,0.34714285714285714
37,88,2,18,6.13,0.34055555555555556
37,88,3,11,2.96,0.2690909090909091
37,88,4,5,0.42,0.08399999999999999
37,90,0,3,7.28,2.4266666666666667
37,90,1,15,34.79,2.3193333333333332
37,90,2,2,4.42,2.21
37,90,3,15,25.12,1.6746666666666667
37,90,4,16,13.38,0.83625
37,92,0,20,7.9,0.395
37,92,1,8,3.02,0.3775
37,92,2,11,4.08,0.3709090909090909
37,92,3,16,4.85,0.303125
37,92,4,13,3.16,0.24307692307692308
37,95,0,9,18.56,2.062222222222222
37,95,1,1,1.98,1.98
37,95,2,2,1.27,0.635
37,95,3,7,2.61,0.37285714285714283
37,95,4,2,0.74,0.37
37,96,0,4,8.48,2.12
37,96,1,5,8.32,1.6640000000000001
37,96,2,2,2.6,1.3
37,96,3,10,5.17,0.517
37,96,4,1,0.12,0.12
37,98,0,5,15.82,3.164
37,98,1,18,47.3,2.6277777777777778
37,98,2,16,32.6,2.0375
37,98,3,4,2.92,0.73
37,98,4,14,2.71,0.19357142857142856
37,99,0,6,7.08,1.18
37,99,1,13,13.38,1.0292307692307694
37,99,2,15,12.14,0.8093333333333333
37,99,3,9,5.5,0.6111111111111112
37,99,4,2,0.27,0.135
42,0,0,5,5.93,1.186
42,0,1,14,13.2,0.9428571428571428
42,0,2,16,9.77,0.610625
42,0,3,15,8.78,0.5853333333333333
42,0,4,17,4.07,0.23941176470588238
42,2,0,19,129.61,6.821578947368422
42,2,1,13,50.36,3.873846153846154
42,2,2,5,16.54,3.308
42,2,3,2,3.57,1.785
42,2,4,10,17.22,1.722
42,3,0,17,6.32,0.37176470588235294
42,3,1,5,1.61,0.322
42,3,2,19,5.07,0.26684210526315794
42,3,3,3,0.76,0.25333333333333335
42,3,4,16,1.27,0.079375
42,5,0,7,16.34,2.334285714285714
42,5,1,2,3.91,1.955
42,5,2,3,5.42,1.8066666666666666
42,5,3,7,3.81,0.5442857142857143
42,5,4,6,2.58,0.43
42,6,0,14,85.33,6.095
42,6,1,9,19.53,2.17
42,6,2,13,17.57,1.3515384615384616
42,6,3,20,23.93,1.1965
42,6,4,2,2.32,1.16
42,8,0,20,5.46,0.273
42,8,1,6,1.4,0.2333333333333333
42,8,2,3,0.62,0.20666666666666667
42,8,3,11,2.22,0.20181818181818184
42,8,4,18,1.66,0.09222222222222222
42,10,0,4,18.61,4.6525
42,10,1,5,22.09,4.418
42,10,2,6,16.98,2.83
42,10,3,19,52.48,2.7621052631578946
42,10,4,20,23.36,1.168
42,11,0,12,8.57,0.7141666666666667
42,11,1,12,5.23,0.43583333333333335
42,11,2,13,1.67,0.12846153846153846
42,11,3,12,1.41,0.1175
42,11,4,9,0.69,0.07666666666666666
42,12,0,2,7.04,3.52
42,12,1,10,23.81,2.381
42,12,2,5,1.97,0.394
42,12,3,18,4.9,0.27222222222222225
42,12,4,16,3.15,0.196875
42,13,0,5,6.93,1.386
42,13,1,1,0.52,0.52
42,13,2,13,6.7,0.5153846153846154
42,13,3,18,2.64,0.14666666666666667
42,13,4,3,0.23,0.07666666666666667
42,14,0,20,14.18,0.709
42,14,1,1,0.64,0.64
42,14,2,17,9.72,0.571764705882353
42,14,3,20,7.99,0.3995
42,14,4,2,0.67,0.335
42,16,0,12,31.29,2.6075
42,16,1,10,22.96,2.2960000000000003
42,16,2,13,23.23,1.786923076923077
42,16,3,4,5.79,1.4475
42,16,4,15,1.73,0.11533333333333333
42,17,0,2,2.62,1.31
42,17,1,3,3.33,1.11
42,17,2,12,6.45,0.5375
42,17,3,3,0.95,0.31666666666666665
42,17,4,11,2.17,0.19727272727272727
42,20,0,16,42.79,2.674375
42,20,1,10,26.04,2.604
42,20,2,9,17.47,1.941111111111111
42,20,3,1,1.88,1.88
42,20,4,7,10.98,1.5685714285714287
42,21,0,20,41.99,2.0995
42,21,1,15,23.18,1.5453333333333332
42,21,2,12,5.57,0.46416666666666667
42,21,3,8,2.01,0.25125
42,21,4,3,0.58,0.19333333333333333
42,23,0,12,73.63,6.135833333333333
42,23,1,9,53.59,5.954444444444444
42,23,2,13,68.01,5.231538461538462
42,23,3,17,64.7,3.8058823529411767
42,23,4,20,45.04,2.252
42,24,0,5,10.2,2.04
42,24,1,15,23.59,1.5726666666666667
42,24,2,8,10.59,1.32375
42,24,3,8,8.12,1.015
42,24,4,7,5.8,0.8285714285714285
42,25,0,13,18.31,1.4084615384615384
42,25,1,6,6.46,1.0766666666666667
42,25,2,14,14.78,1.0557142857142856
42,25,3,15,15.71,1.0473333333333334
42,25,4,10,7.48,0.748
42,26,0,3,17.0,5.666666666666667
42,26,1,6,30.52,5.086666666666667
42,26,2,1,3.84,3.84
42,26,3,8,18.45,2.30625
42,26,4,5,7.49,1.498
42,28,0,1,1.56,1.56
42,28,1,20,30.57,1.5285
42,28,2,16,23.12,1.445
42,28,3,7,1.94,0.27714285714285714
42,28,4,17,2.51,0.1476470588235294
42,30,0,14,51.39,3.670714285714286
42,30,1,16,47.14,2.94625
42,30,2,3,6.93,2.31
42,30,3,8,17.83,2.22875
42,30,4,12,8.25,0.6875
42,34,0,3,3.13,1.0433333333333332
42,34,1,14,10.51,0.7507142857142857
42,34,2,5,3.19,0.638
42,34,3,20,10.58,0.529
42,34,4,4,1.43,0.3575
42,37,0,4,7.17,1.7925
42,37,1,7,11.94,1.7057142857142857
42,37,2,11,14.33,1.3027272727272727
42,37,3,2,2.33,1.165
42,37,4,20,2.36,0.118
42,43,0,9,7.95,0.8833333333333333
42,43,1,17,11.69,0.6876470588235294
42,43,2,3,1.9,0.6333333333333333
42,43,3,8,4.41,0.55125
42,43,4,18,1.94,0.10777777777777778
42,45,0,20,37.05,1.8524999999999998
42,45,1,1,1.18,1.18
42,45,2,8,9.33,1.16625
42,45,3,14,11.28,0.8057142857142857
42,45,4,19,14.52,0.7642105263157895
42,47,0,9,32.61,3.623333333333333
42,47,1,18,65.01,3.611666666666667
42,47,2,2,5.24,2.62
42,47,3,18,31.26,1.7366666666666668
42,47,4,15,3.5,0.23333333333333334
42,48,0,16,64.03,4.001875
42,48,1,1,2.51,2.51
42,48,2,13,27.36,2.1046153846153848
42,48,3,4,7.86,1.965
42,48,4,15,14.51,0.9673333333333333
42,49,0,17,40.83,2.401764705882353
42,49,1,3,6.6,2.1999999999999997
42,49,2,8,16.52,2.065
42,49,3,14,19.01,1.3578571428571429
42,49,4,10,9.02,0.9019999999999999
42,51,0,20,33.63,1.6815000000000002
42,51,1,7,7.95,1.1357142857142857
42,51,2,18,16.93,0.9405555555555556
42,51,3,2,1.61,0.805
42,51,4,13,10.08,0.7753846153846153
42,53,0,5,27.44,5.488
42,53,1,14,44.78,3.198571428571429
42,53,2,4,10.96,2.74
42,53,3,7,18.66,2.665714285714286
42,53,4,6,8.92,1.4866666666666666
42,54,0,7,17.39,2.4842857142857144
42,54,1,13,25.36,1.9507692307692308
42,54,2,12,18.4,1.5333333333333332
42,54,3,12,2.02,0.16833333333333333
42,54,4,6,0.88,0.14666666666666667
42,57,0,11,54.16,4.923636363636363
42,57,1,20,73.76,3.688
42,57,2,12,42.87,3.5725
42,57,3,17,33.05,1.9441176470588233
42,57,4,15,10.19,0.6793333333333333
42,58,0,15,24.81,1.654
42,58,1,20,32.9,1.645
42,58,2,4,3.32,0.83
42,58,3,20,9.79,0.48949999999999994
42,58,4,20,2.62,0.131
42,59,0,3,12.87,4.29
42,59,1,3,12.18,4.06
42,59,2,17,33.48,1.9694117647058822
42,59,3,18,19.03,1.0572222222222223
42,59,4,20,12.44,0.622
42,64,0,16,8.93,0.558125
42,64,1,7,1.29,0.1842857142857143
42,64,2,3,0.36,0.12
42,64,3,12,1.29,0.1075
42,64,4,15,0.54,0.036000000000000004
42,67,0,15,74.92,4.994666666666666
42,67,1,19,89.14,4.691578947368421
42,67,2,13,43.07,3.313076923076923
42,67,3,14,44.72,3.1942857142857144
42,67,4,6,8.49,1.415
42,69,0,4,17.55,4.3875
42,69,1,1,3.63,3.63
42,69,2,1,3.4,3.4
42,69,3,9,26.44,2.937777777777778
42,69,4,18,14.54,0.8077777777777777
42,70,0,4,1.6,0.4
42,70,1,9,3.58,0.3977777777777778
42,70,2,7,0.92,0.13142857142857142
42,70,3,15,1.12,0.07466666666666667
42,70,4,6,0.37,0.06166666666666667
42,77,0,17,17.22,1.0129411764705882
42,77,1,18,18.17,1.0094444444444446
42,77,2,20,14.26,0.713
42,77,3,5,2.04,0.40800000000000003
42,77,4,3,0.21,0.06999999999999999
42,78,0,3,9.81,3.27
42,78,1,18,41.39,2.2994444444444446
42,78,2,2,3.75,1.875
42,78,3,16,22.41,1.400625
42,78,4,8,6.6,0.825
42,81,0,7,81.34,11.620000000000001
42,81,1,17,175.96,10.350588235294119
42,81,2,2,15.9,7.95
42,81,3,18,110.5,6.138888888888889
42,81,4,5,14.52,2.904
42,86,0,13,129.43,9.956153846153846
42,86,1,9,75.21,8.356666666666666
42,86,2,12,97.41,8.1175
42,86,3,20,120.16,6.008
42,86,4,19,47.47,2.498421052631579
42,88,0,10,17.2,1.72
42,88,1,11,14.29,1.299090909090909
42,88,2,6,3.02,0.5033333333333333
42,88,3,13,4.79,0.36846153846153845
42,88,4,19,4.51,0.23736842105263156
42,90,0,16,9.81,0.613125
42,90,1,1,0.27,0.27
42,90,2,15,3.9,0.26
42,90,3,1,0.15,0.15
42,90,4,13,1.65,0.12692307692307692
42,92,0,2,3.72,1.86
42,92,1,13,16.48,1.2676923076923077
42,92,2,17,20.06,1.18
42,92,3,12,8.89,0.7408333333333333
42,92,4,11,6.68,0.6072727272727273
42,95,0,11,6.49,0.59
42,95,1,3,1.41,0.47
42,95,2,17,5.95,0.35000000000000003
42,95,3,14,2.3,0.16428571428571428
42,95,4,12,0.54,0.045000000000000005
42,96,0,16,6.76,0.4225
42,96,1,15,4.86,0.324
42,96,2,8,2.03,0.25375
42,96,3,19,4.17,0.21947368421052632
42,96,4,8,0.26,0.0325
42,98,0,20,100.07,5.0035
42,98,1,16,60.97,3.810625
42,98,2,17,51.61,3.0358823529411763
42,98,3,16,9.27,0.579375
42,98,4,20,11.34,0.567
42,99,0,1,1.0,1.0
42,99,1,6,4.19,0.6983333333333334
42,99,2,1,0.67,0.67
42,99,3,2,1.05,0.525
42,99,4,12,0.75,0.0625
43,0,0,11,22.17,2.0154545454545456
43,0,1,1,1.97,1.97
43,0,2,8,14.25,1.78125
43,0,3,9,15.45,1.7166666666666666
43,0,4,2,2.9,1.45
43,2,0,18,105.93,5.885000000000001
43,2,1,12,41.26,3.438333333333333
43,2,2,6,11.33,1.8883333333333334
43,2,3,18,32.57,1.8094444444444444
43,2,4,18,8.02,0.44555555555555554
43,3,0,15,10.02,0.6679999999999999
43,3,1,10,5.52,0.5519999999999999
43,3,2,19,9.41,0.49526315789473685
43,3,3,10,4.79,0.479
43,3,4,10,1.79,0.179
43,5,0,9,25.67,2.852222222222222
43,5,1,2,2.87,1.435
43,5,2,5,5.6,1.1199999999999999
43,5,3,4,2.57,0.6425
43,5,4,20,10.07,0.5035000000000001
43,6,0,2,14.17,7.085
43,6,1,4,22.58,5.645
43,6,2,14,73.97,5.283571428571428
43,6,3,13,13.73,1.0561538461538462
43,6,4,11,9.32,0.8472727272727273
43,8,0,7,9.73,1.3900000000000001
43,8,1,2,1.93,0.965
43,8,2,2,1.93,0.965
43,8,3,7,6.61,0.9442857142857143
43,8,4,12,3.66,0.305
43,10,0,20,101.53,5.0765
43,10,1,7,32.84,4.691428571428572
43,10,2,19,71.16,3.745263157894737
43,10,3,13,29.83,2.2946153846153843
43,10,4,2,3.88,1.94
43,11,0,7,5.23,0.7471428571428572
43,11,1,20,13.53,0.6765
43,11,2,1,0.39,0.39
43,11,3,18,5.08,0.2822222222222222
43,11,4,3,0.32,0.10666666666666667
43,12,0,1,4.3,4.3
43,12,1,17,57.39,3.3758823529411766
43,12,2,16,45.74,2.85875
43,12,3,2,5.02,2.51
43,12,4,10,24.36,2.436
43,13,0,9,3.9,0.43333333333333335
43,13,1,3,0.58,0.19333333333333333
43,13,2,13,2.12,0.1630769230769231
43,13,3,16,2.59,0.161875
43,13,4,20,3.08,0.154
43,14,0,6,1.44,0.24
43,14,1,4,0.47,0.1175
43,14,2,14,1.39,0.09928571428571428
43,14,3,14,0.91,0.065
43,14,4,10,0.33,0.033
43,16,0,7,9.19,1.3128571428571427
43,16,1,2,2.22,1.11
43,16,2,15,14.09,0.9393333333333334
43,16,3,5,4.1,0.82
43,16,4,2,1.29,0.645
43,17,0,8,19.15,2.39375
43,17,1,5,9.97,1.9940000000000002
43,17,2,10,17.85,1.7850000000000001
43,17,3,12,20.63,1.7191666666666665
43,17,4,6,4.99,0.8316666666666667
43,20,0,17,63.44,3.7317647058823527
43,20,1,14,46.87,3.347857142857143
43,20,2,2,5.8,2.9
43,20,3,1,2.58,2.58
43,20,4,1,0.85,0.85
43,21,0,19,61.23,3.222631578947368
43,21,1,16,39.87,2.491875
43,21,2,8,18.11,2.26375
43,21,3,10,15.42,1.542
43,21,4,17,23.81,1.4005882352941175
43,23,0,20,126.76,6.338
43,23,1,7,36.5,5.214285714285714
43,23,2,13,49.44,3.803076923076923
43,23,3,2,4.02,2.01
43,23,4,20,26.68,1.334
43,24,0,1,3.22,3.22
43,24,1,10,26.97,2.697
43,24,2,15,29.63,1.9753333333333332
43,24,3,6,7.89,1.315
43,24,4,16,5.87,0.366875
43,25,0,1,2.02,2.02
43,25,1,3,4.9,1.6333333333333335
43,25,2,15,23.78,1.5853333333333335
43,25,3,7,10.39,1.4842857142857144
43,25,4,2,1.16,0.58
43,26,0,8,57.02,7.1275
43,26,1,6,42.4,7.066666666666666
43,26,2,3,17.05,5.683333333333334
43,26,3,3,8.22,2.74
43,26,4,8,21.11,2.63875
43,28,0,13,34.51,2.6546153846153846
43,28,1,7,12.0,1.7142857142857142
43,28,2,19,30.96,1.6294736842105264
43,28,3,9,12.8,1.4222222222222223
43,28,4,6,2.49,0.41500000000000004
43,30,0,9,39.21,4.3566666666666665
43,30,1,4,17.26,4.315
43,30,2,1,4.23,4.23
43,30,3,3,9.32,3.106666666666667
43,30,4,18,4.03,0.22388888888888892
43,34,0,12,20.99,1.7491666666666665
43,34,1,10,16.86,1.686
43,34,2,1,1.59,1.59
43,34,3,2,1.31,0.655
43,34,4,13,5.08,0.39076923076923076
43,37,0,9,24.1,2.677777777777778
43,37,1,11,20.07,1.8245454545454545
43,37,2,6,7.16,1.1933333333333334
43,37,3,7,5.64,0.8057142857142857
43,37,4,8,6.13,0.76625
43,42,0,3,2.4,0.7999999999999999
43,42,1,7,4.77,0.6814285714285714
43,42,2,3,1.26,0.42
43,42,3,15,1.6,0.10666666666666667
43,42,4,10,0.78,0.078
43,45,0,15,49.93,3.3286666666666664
43,45,1,17,46.97,2.762941176470588
43,45,2,20,42.93,2.1465
43,45,3,19,40.63,2.1384210526315792
43,45,4,1,1.78,1.78
43,47,0,6,26.79,4.465
43,47,1,6,15.34,2.5566666666666666
43,47,2,7,8.27,1.1814285714285713
43,47,3,18,17.02,0.9455555555555555
43,47,4,15,6.36,0.42400000000000004
43,48,0,20,114.65,5.7325
43,48,1,7,38.76,5.5371428571428565
43,48,2,14,72.46,5.175714285714285
43,48,3,2,9.01,4.505
43,48,4,4,3.53,0.8825
43,49,0,1,3.14,3.14
43,49,1,14,38.12,2.722857142857143
43,49,2,3,4.17,1.39
43,49,3,15,14.0,0.9333333333333333
43,49,4,20,15.76,0.788
43,51,0,20,48.12,2.4059999999999997
43,51,1,19,44.95,2.365789473684211
43,51,2,2,4.14,2.07
43,51,3,3,3.04,1.0133333333333334
43,51,4,13,3.86,0.2969230769230769
43,53,0,13,159.05,12.234615384615385
43,53,1,7,70.12,10.017142857142858
43,53,2,1,6.73,6.73
43,53,3,4,25.33,6.3325
43,53,4,17,79.52,4.6776470588235295
43,54,0,13,45.46,3.496923076923077
43,54,1,3,10.1,3.3666666666666667
43,54,2,8,21.35,2.66875
43,54,3,2,3.48,1.74
43,54,4,4,2.14,0.535
43,57,0,20,115.38,5.769
43,57,1,8,26.37,3.29625
43,57,2,9,17.29,1.921111111111111
43,57,3,18,14.21,0.7894444444444445
43,57,4,5,1.39,0.27799999999999997
43,58,0,9,17.83,1.9811111111111108
43,58,1,15,28.92,1.9280000000000002
43,58,2,8,15.26,1.9075
43,58,3,18,10.58,0.5877777777777777
43,58,4,16,6.91,0.431875
43,59,0,12,50.55,4.2124999999999995
43,59,1,5,15.74,3.148
43,59,2,10,23.6,2.3600000000000003
43,59,3,14,31.32,2.237142857142857
43,59,4,7,6.66,0.9514285714285714
43,64,0,15,7.87,0.5246666666666667
43,64,1,11,2.61,0.23727272727272727
43,64,2,7,1.3,0.18571428571428572
43,64,3,1,0.12,0.12
43,64,4,10,0.26,0.026000000000000002
43,67,0,2,9.88,4.94
43,67,1,14,45.45,3.2464285714285714
43,67,2,15,31.18,2.0786666666666664
43,67,3,4,8.04,2.01
43,67,4,2,0.79,0.395
43,69,0,6,31.53,5.255
43,69,1,11,48.71,4.428181818181819
43,69,2,18,79.14,4.3966666666666665
43,69,3,12,23.11,1.9258333333333333
43,69,4,10,16.73,1.673
43,70,0,12,9.38,0.7816666666666667
43,70,1,7,4.65,0.6642857142857144
43,70,2,15,9.8,0.6533333333333334
43,70,3,9,4.23,0.47000000000000003
43,70,4,10,4.1,0.41
43,77,0,14,18.41,1.315
43,77,1,20,21.96,1.098
43,77,2,11,3.96,0.36
43,77,3,16,4.47,0.279375
43,77,4,8,0.66,0.0825
43,78,0,3,11.74,3.9133333333333336
43,78,1,5,18.63,3.726
43,78,2,20,68.34,3.4170000000000003
43,78,3,13,38.66,2.9738461538461536
43,78,4,1,0.32,0.32
43,81,0,3,32.52,10.840000000000002
43,81,1,10,48.69,4.869
43,81,2,13,49.12,3.778461538461538
43,81,3,5,14.06,2.8120000000000003
43,81,4,4,9.71,2.4275
43,86,0,7,84.79,12.112857142857143
43,86,1,18,209.26,11.625555555555556
43,86,2,12,118.18,9.848333333333334
43,86,3,5,22.09,4.418
43,86,4,19,60.74,3.196842105263158
43,88,0,8,23.79,2.97375
43,88,1,2,5.36,2.68
43,88,2,14,23.74,1.6957142857142855
43,88,3,4,6.74,1.685
43,88,4,12,4.81,0.4008333333333333
43,90,0,1,0.83,0.83
43,90,1,6,4.6,0.7666666666666666
43,90,2,15,8.89,0.5926666666666667
43,90,3,4,0.48,0.12
43,90,4,4,0.19,0.0475
43,92,0,2,2.94,1.47
43,92,1,19,26.42,1.3905263157894738
43,92,2,17,14.27,0.8394117647058823
43,92,3,18,12.98,0.7211111111111111
43,92,4,5,0.97,0.194
43,95,0,2,1.59,0.795
43,95,1,13,9.86,0.7584615384615384
43,95,2,6,3.73,0.6216666666666667
43,95,3,12,5.95,0.49583333333333335
43,95,4,5,1.44,0.288
43,96,0,3,4.03,1.3433333333333335
43,96,1,12,8.8,0.7333333333333334
43,96,2,4,2.07,0.5175
43,96,3,8,2.33,0.29125
43,96,4,1,0.14,0.14
43,98,0,13,66.65,5.126923076923077
43,98,1,1,3.08,3.08
43,98,2,7,14.46,2.065714285714286
43,98,3,12,17.91,1.4925
43,98,4,8,5.71,0.71375
43,99,0,11,18.01,1.6372727272727274
43,99,1,14,19.33,1.3807142857142856
43,99,2,2,2.3,1.15
43,99,3,5,4.43,0.8859999999999999
43,99,4,4,0.48,0.12
45,0,0,18,14.36,0.7977777777777777
45,0,1,19,9.42,0.4957894736842105
45,0,2,8,2.15,0.26875
45,0,3,5,1.3,0.26
45,0,4,14,2.05,0.1464285714285714
45,2,0,14,80.69,5.763571428571429
45,2,1,14,52.0,3.7142857142857144
45,2,2,14,34.32,2.4514285714285715
45,2,3,19,17.56,0.9242105263157894
45,2,4,3,1.92,0.64
45,3,0,13,28.85,2.2192307692307693
45,3,1,1,1.88,1.88
45,3,2,17,18.59,1.0935294117647059
45,3,3,15,15.29,1.0193333333333332
45,3,4,14,4.45,0.3178571428571429
45,5,0,20,49.16,2.4579999999999997
45,5,1,16,33.29,2.080625
45,5,2,15,28.23,1.8820000000000001
45,5,3,4,7.13,1.7825
45,5,4,8,2.12,0.265
45,6,0,17,70.23,4.131176470588236
45,6,1,15,44.75,2.9833333333333334
45,6,2,10,18.78,1.8780000000000001
45,6,3,9,9.61,1.0677777777777777
45,6,4,16,3.49,0.218125
45,8,0,8,20.3,2.5375
45,8,1,12,29.86,2.4883333333333333
45,8,2,1,1.52,1.52
45,8,3,18,19.14,1.0633333333333335
45,8,4,16,3.23,0.201875
45,10,0,12,37.02,3.0850000000000004
45,10,1,4,9.97,2.4925
45,10,2,4,9.09,2.2725
45,10,3,11,16.05,1.4590909090909092
45,10,4,4,0.82,0.205
45,11,0,16,35.73,2.233125
45,11,1,18,36.42,2.0233333333333334
45,11,2,3,5.4,1.8
45,11,3,11,16.22,1.4745454545454544
45,11,4,3,1.37,0.4566666666666667
45,12,0,13,24.17,1.8592307692307695
45,12,1,1,1.55,1.55
45,12,2,5,2.91,0.5820000000000001
45,12,3,2,0.63,0.315
45,12,4,5,0.77,0.154
45,13,0,17,63.45,3.7323529411764707
45,13,1,13,37.66,2.8969230769230765
45,13,2,14,39.51,2.822142857142857
45,13,3,6,16.18,2.6966666666666668
45,13,4,20,26.89,1.3445
45,14,0,9,31.43,3.4922222222222223
45,14,1,14,40.64,2.902857142857143
45,14,2,16,36.47,2.279375
45,14,3,20,38.28,1.9140000000000001
45,14,4,15,23.58,1.5719999999999998
45,16,0,9,25.43,2.8255555555555554
45,16,1,10,28.15,2.815
45,16,2,2,4.98,2.49
45,16,3,20,33.76,1.688
45,16,4,18,29.38,1.6322222222222222
45,17,0,2,2.61,1.305
45,17,1,5,5.44,1.088
45,17,2,6,6.38,1.0633333333333332
45,17,3,3,2.41,0.8033333333333333
45,17,4,3,0.17,0.05666666666666667
45,20,0,3,2.03,0.6766666666666666
45,20,1,10,6.67,0.667
45,20,2,20,8.72,0.43600000000000005
45,20,3,8,3.24,0.405
45,20,4,20,7.67,0.3835
45,21,0,8,3.62,0.4525
45,21,1,10,3.81,0.381
45,21,2,15,3.94,0.26266666666666666
45,21,3,13,2.31,0.1776923076923077
45,21,4,13,1.29,0.09923076923076923
45,23,0,1,4.84,4.84
45,23,1,15,50.13,3.342
45,23,2,13,37.47,2.882307692307692
45,23,3,13,23.19,1.7838461538461539
45,23,4,10,6.07,0.607
45,24,0,3,6.65,2.216666666666667
45,24,1,2,4.14,2.07
45,24,2,11,17.46,1.5872727272727274
45,24,3,15,13.42,0.8946666666666666
45,24,4,12,6.33,0.5275
45,25,0,1,0.89,0.89
45,25,1,11,7.95,0.7227272727272728
45,25,2,8,4.97,0.62125
45,25,3,9,2.8,0.3111111111111111
45,25,4,14,2.04,0.1457142857142857
45,26,0,2,8.1,4.05
45,26,1,9,35.4,3.933333333333333
45,26,2,19,72.98,3.8410526315789477
45,26,3,8,12.63,1.57875
45,26,4,14,8.34,0.5957142857142858
45,28,0,5,2.69,0.538
45,28,1,19,10.0,0.5263157894736842
45,28,2,15,3.09,0.206
45,28,3,14,2.77,0.19785714285714287
45,28,4,4,0.62,0.155
45,30,0,5,9.46,1.8920000000000001
45,30,1,11,20.56,1.869090909090909
45,30,2,10,18.68,1.8679999999999999
45,30,3,11,14.7,1.3363636363636362
45,30,4,7,7.86,1.122857142857143
45,34,0,8,11.0,1.375
45,34,1,10,13.53,1.353
45,34,2,1,1.3,1.3
45,34,3,6,2.84,0.47333333333333333
45,34,4,3,0.79,0.26333333333333336
45,37,0,4,1.72,0.43
45,37,1,7,2.48,0.35428571428571426
45,37,2,1,0.2,0.2
45,37,3,9,1.16,0.1288888888888889
45,37,4,17,1.78,0.10470588235294118
45,42,0,9,13.6,1.511111111111111
45,42,1,6,5.97,0.995
45,42,2,12,11.76,0.98
45,42,3,16,13.01,0.813125
45,42,4,2,1.32,0.66
45,43,0,2,5.2,2.6
45,43,1,9,21.35,2.3722222222222222
45,43,2,6,10.84,1.8066666666666666
45,43,3,5,6.32,1.264
45,43,4,1,0.7,0.7
45,47,0,15,41.54,2.7693333333333334
45,47,1,2,5.35,2.675
45,47,2,1,1.4,1.4
45,47,3,13,16.6,1.276923076923077
45,47,4,13,3.24,0.24923076923076926
45,48,0,13,17.47,1.3438461538461537
45,48,1,15,19.86,1.324
45,48,2,15,11.02,0.7346666666666667
45,48,3,20,3.4,0.16999999999999998
45,48,4,18,2.36,0.1311111111111111
45,49,0,13,16.61,1.2776923076923077
45,49,1,11,13.28,1.2072727272727273
45,49,2,11,11.82,1.0745454545454545
45,49,3,15,12.47,0.8313333333333334
45,49,4,19,11.95,0.6289473684210526
45,51,0,18,8.66,0.4811111111111111
45,51,1,19,6.1,0.32105263157894737
45,51,2,4,0.97,0.2425
45,51,3,14,2.1,0.15
45,51,4,17,1.87,0.11
45,53,0,12,93.5,7.791666666666667
45,53,1,4,18.73,4.6825
45,53,2,9,28.0,3.111111111111111
45,53,3,17,49.8,2.929411764705882
45,53,4,8,15.36,1.92
45,54,0,20,9.79,0.48949999999999994
45,54,1,5,2.24,0.44800000000000006
45,54,2,16,5.94,0.37125
45,54,3,3,1.02,0.34
45,54,4,1,0.02,0.02
45,57,0,14,65.38,4.67
45,57,1,11,47.73,4.339090909090909
45,57,2,11,35.86,3.26
45,57,3,19,13.33,0.7015789473684211
45,57,4,8,4.53,0.56625
45,58,0,17,18.68,1.0988235294117648
45,58,1,3,2.54,0.8466666666666667
45,58,2,15,11.79,0.7859999999999999
45,58,3,9,5.96,0.6622222222222223
45,58,4,5,1.94,0.388
45,59,0,12,23.09,1.9241666666666666
45,59,1,18,27.83,1.546111111111111
45,59,2,19,22.46,1.1821052631578948
45,59,3,4,1.78,0.445
45,59,4,19,4.98,0.2621052631578948
45,64,0,14,42.34,3.0242857142857145
45,64,1,17,41.59,2.4464705882352944
45,64,2,17,35.67,2.098235294117647
45,64,3,19,22.01,1.158421052631579
45,64,4,9,2.82,0.3133333333333333
45,67,0,2,4.25,2.125
45,67,1,11,12.8,1.1636363636363638
45,67,2,4,4.07,1.0175
45,67,3,5,4.37,0.874
45,67,4,9,6.42,0.7133333333333334
45,69,0,1,1.47,1.47
45,69,1,6,7.1,1.1833333333333333
45,69,2,16,15.43,0.964375
45,69,3,4,2.15,0.5375
45,69,4,1,0.15,0.15
45,70,0,13,37.64,2.8953846153846152
45,70,1,1,2.36,2.36
45,70,2,8,14.3,1.7875
45,70,3,12,20.3,1.6916666666666667
45,70,4,1,0.78,0.78
45,77,0,19,42.09,2.215263157894737
45,77,1,17,33.01,1.9417647058823528
45,77,2,14,22.88,1.6342857142857141
45,77,3,6,9.44,1.5733333333333333
45,77,4,4,0.5,0.125
45,78,0,4,4.72,1.18
45,78,1,12,7.62,0.635
45,78,2,7,3.7,0.5285714285714286
45,78,3,5,2.12,0.42400000000000004
45,78,4,13,2.71,0.20846153846153845
45,81,0,14,122.13,8.723571428571429
45,81,1,14,116.13,8.295
45,81,2,20,120.23,6.0115
45,81,3,8,39.28,4.91
45,81,4,6,27.72,4.62
45,86,0,10,91.46,9.145999999999999
45,86,1,13,116.77,8.982307692307693
45,86,2,20,153.2,7.659999999999999
45,86,3,4,24.74,6.185
45,86,4,3,8.97,2.99
45,88,0,11,7.41,0.6736363636363637
45,88,1,17,9.88,0.5811764705882353
45,88,2,19,10.79,0.5678947368421052
45,88,3,8,2.29,0.28625
45,88,4,16,3.08,0.1925
45,90,0,11,31.09,2.826363636363636
45,90,1,10,25.77,2.577
45,90,2,5,10.97,2.194
45,90,3,16,28.58,1.78625
45,90,4,4,1.46,0.365
45,92,0,4,3.0,0.75
45,92,1,11,7.93,0.7209090909090908
45,92,2,18,9.76,0.5422222222222222
45,92,3,11,1.98,0.18
45,92,4,15,2.38,0.15866666666666665
45,95,0,18,38.35,2.1305555555555555
45,95,1,18,32.18,1.7877777777777777
45,95,2,2,1.76,0.88
45,95,3,15,6.8,0.4533333333333333
45,95,4,2,0.47,0.235
45,96,0,7,13.23,1.8900000000000001
45,96,1,17,27.82,1.6364705882352941
45,96,2,5,7.7,1.54
45,96,3,9,10.98,1.22
45,96,4,13,4.08,0.31384615384615383
45,98,0,15,44.87,2.991333333333333
45,98,1,17,42.93,2.525294117647059
45,98,2,3,7.5,2.5
45,98,3,12,26.42,2.2016666666666667
45,98,4,4,3.68,0.92
45,99,0,9,13.22,1.468888888888889
45,99,1,1,1.27,1.27
45,99,2,4,4.16,1.04
45,99,3,10,4.27,0.42699999999999994
45,99,4,5,1.44,0.288
47,0,0,5,18.03,3.6060000000000003
47,0,1,5,15.66,3.132
47,0,2,7,20.37,2.91
47,0,3,1,2.39,2.39
47,0,4,1,1.54,1.54
47,2,0,8,49.49,6.18625
47,2,1,1,3.45,3.45
47,2,2,1,1.42,1.42
47,2,3,5,5.4,1.08
47,2,4,16,7.21,0.450625
47,3,0,8,26.23,3.27875
47,3,1,13,38.98,2.9984615384615383
47,3,2,1,2.93,2.93
47,3,3,2,3.62,1.81
47,3,4,13,2.65,0.20384615384615384
47,5,0,5,4.52,0.9039999999999999
47,5,1,9,3.24,0.36000000000000004
47,5,2,20,4.37,0.2185
47,5,3,15,1.59,0.10600000000000001
47,5,4,7,0.61,0.08714285714285715
47,6,0,5,20.6,4.12
47,6,1,4,16.02,4.005
47,6,2,1,3.19,3.19
47,6,3,4,9.32,2.33
47,6,4,14,26.31,1.8792857142857142
47,8,0,8,17.95,2.24375
47,8,1,15,29.13,1.942
47,8,2,13,25.07,1.9284615384615384
47,8,3,5,5.12,1.024
47,8,4,13,4.69,0.3607692307692308
47,10,0,8,14.63,1.82875
47,10,1,7,9.69,1.3842857142857141
47,10,2,3,3.74,1.2466666666666668
47,10,3,7,4.63,0.6614285714285714
47,10,4,15,6.94,0.46266666666666667
47,11,0,13,47.82,3.6784615384615384
47,11,1,2,5.94,2.97
47,11,2,13,28.76,2.2123076923076925
47,11,3,18,31.96,1.7755555555555556
47,11,4,10,16.36,1.636
47,12,0,18,29.38,1.6322222222222222
47,12,1,14,21.31,1.522142857142857
47,12,2,15,21.86,1.4573333333333334
47,12,3,16,15.6,0.975
47,12,4,15,3.9,0.26
47,13,0,1,5.04,5.04
47,13,1,16,48.14,3.00875
47,13,2,1,1.78,1.78
47,13,3,7,11.61,1.6585714285714286
47,13,4,4,5.37,1.3425
47,14,0,11,47.83,4.348181818181818
47,14,1,15,56.04,3.7359999999999998
47,14,2,18,47.83,2.657222222222222
47,14,3,2,3.88,1.94
47,14,4,2,0.99,0.495
47,16,0,15,13.78,0.9186666666666666
47,16,1,19,16.83,0.8857894736842105
47,16,2,10,7.84,0.784
47,16,3,6,1.98,0.33
47,16,4,14,0.78,0.055714285714285716
47,17,0,12,23.88,1.99
47,17,1,19,36.39,1.9152631578947368
47,17,2,12,13.58,1.1316666666666666
47,17,3,10,9.22,0.922
47,17,4,1,0.47,0.47
47,20,0,20,84.19,4.2095
47,20,1,10,33.5,3.35
47,20,2,13,23.37,1.7976923076923077
47,20,3,6,8.81,1.4683333333333335
47,20,4,6,3.78,0.63
47,21,0,3,8.79,2.9299999999999997
47,21,1,11,31.14,2.830909090909091
47,21,2,9,17.59,1.9544444444444444
47,21,3,10,10.36,1.036
47,21,4,1,0.98,0.98
47,23,0,10,66.92,6.692
47,23,1,3,13.64,4.546666666666667
47,23,2,20,87.4,4.37
47,23,3,1,3.82,3.82
47,23,4,13,36.96,2.8430769230769233
47,24,0,11,11.89,1.080909090909091
47,24,1,8,7.07,0.88375
47,24,2,20,15.86,0.7929999999999999
47,24,3,1,0.78,0.78
47,24,4,17,11.24,0.6611764705882353
47,25,0,9,27.61,3.0677777777777777
47,25,1,11,32.08,2.916363636363636
47,25,2,16,42.32,2.645
47,25,3,13,25.5,1.9615384615384615
47,25,4,15,5.95,0.39666666666666667
47,26,0,12,58.22,4.851666666666667
47,26,1,12,37.1,3.091666666666667
47,26,2,9,27.67,3.0744444444444445
47,26,3,17,23.54,1.3847058823529412
47,26,4,14,10.65,0.7607142857142858
47,28,0,5,13.97,2.794
47,28,1,13,30.1,2.3153846153846156
47,28,2,11,22.74,2.067272727272727
47,28,3,15,21.64,1.4426666666666668
47,28,4,4,5.63,1.4075
47,30,0,12,47.16,3.9299999999999997
47,30,1,10,38.16,3.816
47,30,2,2,6.2,3.1
47,30,3,15,46.42,3.094666666666667
47,30,4,4,7.08,1.77
47,34,0,6,19.69,3.2816666666666667
47,34,1,18,49.03,2.723888888888889
47,34,2,18,45.83,2.546111111111111
47,34,3,20,20.79,1.0394999999999999
47,34,4,13,9.94,0.7646153846153846
47,37,0,9,28.29,3.143333333333333
47,37,1,1,1.14,1.14
47,37,2,20,3.51,0.1755
47,37,3,1,0.17,0.17
47,37,4,7,1.17,0.16714285714285712
47,42,0,4,14.34,3.585
47,42,1,6,17.69,2.9483333333333337
47,42,2,19,25.91,1.3636842105263158
47,42,3,7,7.83,1.1185714285714285
47,42,4,8,1.79,0.22375
47,43,0,9,33.26,3.6955555555555555
47,43,1,3,11.03,3.6766666666666663
47,43,2,10,27.38,2.738
47,43,3,18,26.77,1.4872222222222222
47,43,4,19,9.66,0.508421052631579
47,45,0,18,58.67,3.2594444444444446
47,45,1,5,14.05,2.81
47,45,2,5,9.45,1.89
47,45,3,12,22.65,1.8875
47,45,4,1,0.48,0.48
47,48,0,17,77.97,4.586470588235294
47,48,1,19,82.66,4.350526315789473
47,48,2,13,40.69,3.13
47,48,3,18,30.43,1.6905555555555556
47,48,4,12,13.22,1.1016666666666668
47,49,0,16,31.53,1.970625
47,49,1,5,5.62,1.124
47,49,2,6,2.99,0.49833333333333335
47,49,3,15,3.74,0.24933333333333335
47,49,4,13,1.7,0.13076923076923078
47,51,0,4,9.78,2.445
47,51,1,16,34.58,2.16125
47,51,2,8,5.98,0.7475
47,51,3,10,7.05,0.705
47,51,4,13,4.27,0.3284615384615384
47,53,0,20,180.92,9.046
47,53,1,4,33.37,8.3425
47,53,2,8,53.56,6.695
47,53,3,16,57.15,3.571875
47,53,4,1,1.95,1.95
47,54,0,4,10.54,2.635
47,54,1,15,37.58,2.505333333333333
47,54,2,8,19.18,2.3975
47,54,3,7,8.81,1.2585714285714287
47,54,4,8,3.6,0.45
47,57,0,1,1.42,1.42
47,57,1,6,4.83,0.805
47,57,2,3,1.73,0.5766666666666667
47,57,3,16,3.05,0.190625
47,57,4,8,1.04,0.13
47,58,0,20,91.71,4.5855
47,58,1,3,13.5,4.5
47,58,2,18,72.84,4.046666666666667
47,58,3,16,62.15,3.884375
47,58,4,16,14.8,0.925
47,59,0,12,52.15,4.345833333333333
47,59,1,19,82.54,4.3442105263157895
47,59,2,17,30.85,1.8147058823529412
47,59,3,13,20.21,1.5546153846153847
47,59,4,2,2.26,1.13
47,64,0,5,15.74,3.148
47,64,1,13,34.77,2.674615384615385
47,64,2,17,42.85,2.5205882352941176
47,64,3,9,14.44,1.6044444444444443
47,64,4,12,16.88,1.4066666666666665
47,67,0,18,91.63,5.0905555555555555
47,67,1,12,50.78,4.2316666666666665
47,67,2,13,48.54,3.733846153846154
47,67,3,14,47.81,3.415
47,67,4,3,0.96,0.32
47,69,0,16,23.17,1.448125
47,69,1,4,5.4,1.35
47,69,2,15,16.92,1.1280000000000001
47,69,3,10,7.9,0.79
47,69,4,15,3.15,0.21
47,70,0,1,1.66,1.66
47,70,1,19,21.14,1.1126315789473684
47,70,2,1,0.9,0.9
47,70,3,17,9.13,0.5370588235294118
47,70,4,13,2.85,0.21923076923076923
47,77,0,16,32.94,2.05875
47,77,1,9,17.64,1.96
47,77,2,1,1.81,1.81
47,77,3,18,18.94,1.0522222222222224
47,77,4,6,1.19,0.19833333333333333
47,78,0,16,58.76,3.6725
47,78,1,1,2.98,2.98
47,78,2,4,9.98,2.495
47,78,3,17,13.02,0.7658823529411765
47,78,4,20,10.5,0.525
47,81,0,7,56.39,8.055714285714286
47,81,1,6,39.43,6.571666666666666
47,81,2,13,83.58,6.429230769230769
47,81,3,2,8.66,4.33
47,81,4,12,29.26,2.4383333333333335
47,86,0,11,132.94,12.085454545454546
47,86,1,7,62.04,8.862857142857143
47,86,2,4,32.62,8.155
47,86,3,19,74.63,3.927894736842105
47,86,4,4,5.63,1.4075
47,88,0,5,16.72,3.344
47,88,1,5,16.4,3.28
47,88,2,2,6.26,3.13
47,88,3,8,10.96,1.37
47,88,4,18,15.85,0.8805555555555555
47,90,0,5,17.54,3.508
47,90,1,20,57.33,2.8665
47,90,2,1,1.17,1.17
47,90,3,3,3.45,1.1500000000000001
47,90,4,14,7.49,0.535
47,92,0,10,27.65,2.7649999999999997
47,92,1,17,42.42,2.495294117647059
47,92,2,14,9.68,0.6914285714285714
47,92,3,16,6.73,0.420625
47,92,4,16,5.42,0.33875
47,95,0,13,55.75,4.288461538461538
47,95,1,11,47.12,4.283636363636363
47,95,2,4,5.72,1.43
47,95,3,5,6.23,1.246
47,95,4,10,6.99,0.6990000000000001
47,96,0,10,17.47,1.7469999999999999
47,96,1,14,21.49,1.535
47,96,2,14,21.02,1.5014285714285713
47,96,3,4,5.25,1.3125
47,96,4,5,3.28,0.6559999999999999
47,98,0,10,17.34,1.734
47,98,1,10,13.43,1.343
47,98,2,19,21.31,1.121578947368421
47,98,3,13,11.93,0.9176923076923077
47,98,4,5,2.94,0.588
47,99,0,10,31.42,3.1420000000000003
47,99,1,13,37.83,2.9099999999999997
47,99,2,8,20.16,2.52
47,99,3,15,24.14,1.6093333333333333
47,99,4,13,13.21,1.0161538461538462
48,0,0,12,26.75,2.2291666666666665
48,0,1,7,10.35,1.4785714285714284
48,0,2,6,8.43,1.405
48,0,3,19,16.59,0.8731578947368421
48,0,4,6,3.85,0.6416666666666667
48,2,0,11,20.49,1.8627272727272726
48,2,1,10,16.85,1.685
48,2,2,8,5.75,0.71875
48,2,3,13,8.69,0.6684615384615384
48,2,4,3,0.68,0.22666666666666668
48,3,0,9,34.32,3.8133333333333335
48,3,1,5,18.13,3.626
48,3,2,20,42.53,2.1265
48,3,3,17,12.11,0.7123529411764705
48,3,4,17,6.26,0.36823529411764705
48,5,0,14,39.22,2.801428571428571
48,5,1,9,21.53,2.3922222222222222
48,5,2,13,30.36,2.335384615384615
48,5,3,17,23.37,1.3747058823529412
48,5,4,15,19.33,1.2886666666666666
48,6,0,1,2.87,2.87
48,6,1,14,32.03,2.287857142857143
48,6,2,11,20.03,1.820909090909091
48,6,3,17,26.14,1.5376470588235294
48,6,4,9,1.87,0.20777777777777778
48,8,0,8,32.53,4.06625
48,8,1,13,44.32,3.4092307692307693
48,8,2,20,58.15,2.9074999999999998
48,8,3,9,21.31,2.3677777777777775
48,8,4,2,0.65,0.325
48,10,0,15,45.46,3.030666666666667
48,10,1,1,2.48,2.48
48,10,2,3,5.58,1.86
48,10,3,2,3.03,1.515
48,10,4,5,1.52,0.304
48,11,0,4,16.45,4.1125
48,11,1,6,21.75,3.625
48,11,2,8,27.28,3.41
48,11,3,20,68.19,3.4095
48,11,4,8,11.43,1.42875
48,12,0,8,19.07,2.38375
48,12,1,4,5.36,1.34
48,12,2,6,4.11,0.685
48,12,3,2,1.12,0.56
48,12,4,18,4.45,0.24722222222222223
48,13,0,14,69.8,4.985714285714286
48,13,1,20,92.1,4.6049999999999995
48,13,2,3,7.71,2.57
48,13,3,19,43.88,2.3094736842105266
48,13,4,6,3.54,0.59
48,14,0,2,9.8,4.9
48,14,1,17,80.39,4.728823529411764
48,14,2,7,16.19,2.312857142857143
48,14,3,2,4.41,2.205
48,14,4,20,19.06,0.953
48,16,0,20,90.39,4.5195
48,16,1,16,63.51,3.969375
48,16,2,4,13.16,3.29
48,16,3,12,34.33,2.8608333333333333
48,16,4,12,10.37,0.8641666666666666
48,17,0,19,65.95,3.4710526315789476
48,17,1,11,37.98,3.4527272727272726
48,17,2,11,22.82,2.0745454545454547
48,17,3,10,11.05,1.105
48,17,4,18,6.72,0.3733333333333333
48,20,0,4,4.09,1.0225
48,20,1,6,5.19,0.8650000000000001
48,20,2,13,9.92,0.7630769230769231
48,20,3,16,6.32,0.395
48,20,4,2,0.19,0.095
48,21,0,6,15.54,2.59
48,21,1,15,37.34,2.4893333333333336
48,21,2,20,37.78,1.889
48,21,3,17,27.48,1.616470588235294
48,21,4,19,18.82,0.9905263157894737
48,23,0,11,23.74,2.158181818181818
48,23,1,2,2.98,1.49
48,23,2,8,8.42,1.0525
48,23,3,5,3.9,0.78
48,23,4,9,3.22,0.3577777777777778
48,24,0,16,62.19,3.886875
48,24,1,2,7.22,3.61
48,24,2,3,9.24,3.08
48,24,3,19,33.75,1.7763157894736843
48,24,4,12,21.14,1.7616666666666667
48,25,0,19,56.27,2.9615789473684213
48,25,1,13,31.61,2.4315384615384614
48,25,2,13,21.83,1.679230769230769
48,25,3,9,14.03,1.5588888888888888
48,25,4,5,3.41,0.682
48,26,0,7,25.66,3.665714285714286
48,26,1,13,33.54,2.58
48,26,2,20,43.68,2.184
48,26,3,3,6.47,2.1566666666666667
48,26,4,13,14.52,1.116923076923077
48,28,0,13,32.01,2.462307692307692
48,28,1,20,35.56,1.778
48,28,2,11,7.34,0.6672727272727272
48,28,3,2,0.66,0.33
48,28,4,8,2.23,0.27875
48,30,0,17,9.1,0.5352941176470588
48,30,1,17,7.8,0.4588235294117647
48,30,2,9,3.94,0.43777777777777777
48,30,3,8,1.08,0.135
48,30,4,13,1.53,0.1176923076923077
48,34,0,12,46.4,3.8666666666666667
48,34,1,15,53.15,3.5433333333333334
48,34,2,19,59.42,3.1273684210526316
48,34,3,5,7.89,1.5779999999999998
48,34,4,10,6.95,0.6950000000000001
48,37,0,14,27.79,1.9849999999999999
48,37,1,11,15.21,1.3827272727272728
48,37,2,10,11.71,1.171
48,37,3,2,1.48,0.74
48,37,4,6,3.8,0.6333333333333333
48,42,0,8,35.37,4.42125
48,42,1,15,61.93,4.128666666666667
48,42,2,2,3.65,1.825
48,42,3,8,11.54,1.4425
48,42,4,4,3.84,0.96
48,43,0,3,14.29,4.763333333333333
48,43,1,11,40.9,3.7181818181818183
48,43,2,7,13.7,1.957142857142857
48,43,3,2,3.11,1.555
48,43,4,6,6.8,1.1333333333333333
48,45,0,3,6.27,2.09
48,45,1,13,15.51,1.1930769230769231
48,45,2,7,7.69,1.0985714285714285
48,45,3,17,17.58,1.0341176470588234
48,45,4,10,4.82,0.48200000000000004
48,47,0,10,41.46,4.146
48,47,1,17,66.92,3.936470588235294
48,47,2,20,77.07,3.8534999999999995
48,47,3,15,54.37,3.6246666666666667
48,47,4,6,7.26,1.21
48,49,0,19,44.31,2.332105263157895
48,49,1,12,27.16,2.263333333333333
48,49,2,4,6.67,1.6675
48,49,3,5,3.67,0.734
48,49,4,16,4.86,0.30375
48,51,0,20,52.38,2.619
48,51,1,18,46.61,2.589444444444444
48,51,2,10,20.58,2.058
48,51,3,16,25.82,1.61375
48,51,4,17,12.11,0.7123529411764705
48,53,0,16,97.54,6.09625
48,53,1,9,47.47,5.274444444444445
48,53,2,1,5.18,5.18
48,53,3,11,39.82,3.62
48,53,4,17,14.04,0.8258823529411764
48,54,0,1,2.01,2.01
48,54,1,14,22.32,1.5942857142857143
48,54,2,14,16.97,1.212142857142857
48,54,3,9,2.96,0.3288888888888889
48,54,4,11,2.95,0.2681818181818182
48,57,0,11,66.5,6.045454545454546
48,57,1,17,62.96,3.703529411764706
48,57,2,3,10.29,3.4299999999999997
48,57,3,16,52.02,3.25125
48,57,4,2,6.25,3.125
48,58,0,8,11.64,1.455
48,58,1,3,4.07,1.3566666666666667
48,58,2,10,11.46,1.1460000000000001
48,58,3,9,10.29,1.1433333333333333
48,58,4,14,12.12,0.8657142857142857
48,59,0,12,21.02,1.7516666666666667
48,59,1,14,21.4,1.5285714285714285
48,59,2,14,13.57,0.9692857142857143
48,59,3,8,4.57,0.57125
48,59,4,3,1.34,0.4466666666666667
48,64,0,15,45.92,3.0613333333333332
48,64,1,15,33.13,2.208666666666667
48,64,2,6,11.83,1.9716666666666667
48,64,3,13,23.33,1.7946153846153845
48,64,4,7,7.89,1.127142857142857
48,67,0,9,6.3,0.7
48,67,1,7,3.34,0.47714285714285715
48,67,2,4,0.82,0.205
48,67,3,5,0.62,0.124
48,67,4,19,1.24,0.06526315789473684
48,69,0,2,7.27,3.635
48,69,1,19,60.1,3.1631578947368424
48,69,2,19,30.91,1.6268421052631579
48,69,3,20,26.86,1.343
48,69,4,5,6.54,1.308
48,70,0,12,43.01,3.5841666666666665
48,70,1,18,28.77,1.5983333333333334
48,70,2,11,6.46,0.5872727272727273
48,70,3,19,6.53,0.3436842105263158
48,70,4,13,3.65,0.28076923076923077
48,77,0,16,37.93,2.370625
48,77,1,19,39.06,2.055789473684211
48,77,2,13,24.51,1.8853846153846154
48,77,3,20,32.31,1.6155000000000002
48,77,4,20,5.93,0.2965
48,78,0,16,23.01,1.438125
48,78,1,12,7.66,0.6383333333333333
48,78,2,19,4.99,0.26263157894736844
48,78,3,16,2.12,0.1325
48,78,4,13,0.96,0.07384615384615384
48,81,0,7,29.93,4.275714285714286
48,81,1,11,32.77,2.9790909090909095
48,81,2,20,55.1,2.755
48,81,3,15,39.6,2.64
48,81,4,4,1.85,0.4625
48,86,0,8,38.62,4.8275
48,86,1,15,46.93,3.1286666666666667
48,86,2,15,44.8,2.9866666666666664
48,86,3,2,5.05,2.525
48,86,4,12,11.03,0.9191666666666666
48,88,0,1,1.93,1.93
48,88,1,10,16.66,1.666
48,88,2,6,8.61,1.4349999999999998
48,88,3,9,3.72,0.41333333333333333
48,88,4,18,1.72,0.09555555555555556
48,90,0,9,43.66,4.851111111111111
48,90,1,16,44.33,2.770625
48,90,2,8,19.78,2.4725
48,90,3,15,30.03,2.0020000000000002
48,90,4,9,4.81,0.5344444444444444
48,92,0,4,9.92,2.48
48,92,1,5,8.6,1.72
48,92,2,14,18.31,1.3078571428571428
48,92,3,20,16.43,0.8215
48,92,4,7,4.39,0.6271428571428571
48,95,0,16,79.17,4.948125
48,95,1,13,41.79,3.2146153846153847
48,95,2,6,16.37,2.7283333333333335
48,95,3,16,28.43,1.776875
48,95,4,13,12.36,0.9507692307692307
48,96,0,6,27.89,4.648333333333333
48,96,1,10,26.31,2.631
48,96,2,15,22.3,1.4866666666666668
48,96,3,18,12.59,0.6994444444444444
48,96,4,20,4.79,0.2395
48,98,0,7,5.51,0.7871428571428571
48,98,1,6,3.99,0.665
48,98,2,12,7.66,0.6383333333333333
48,98,3,14,7.69,0.5492857142857143
48,98,4,16,7.09,0.443125
48,99,0,15,52.96,3.530666666666667
48,99,1,14,40.45,2.8892857142857147
48,99,2,13,20.27,1.5592307692307692
48,99,3,20,19.36,0.968
48,99,4,2,1.58,0.79
49,0,0,11,18.79,1.708181818181818
49,0,1,5,4.85,0.97
49,0,2,1,0.74,0.74
49,0,3,15,6.35,0.4233333333333333
49,0,4,12,3.6,0.3
49,2,0,19,100.09,5.267894736842106
49,2,1,14,68.64,4.902857142857143
49,2,2,6,13.26,2.21
49,2,3,9,12.1,1.3444444444444443
49,2,4,4,2.78,0.695
49,3,0,7,19.14,2.7342857142857144
49,3,1,16,41.94,2.62125
49,3,2,11,17.36,1.5781818181818181
49,3,3,14,17.29,1.2349999999999999
49,3,4,6,3.79,0.6316666666666667
49,5,0,2,1.99,0.995
49,5,1,19,17.16,0.9031578947368422
49,5,2,10,8.4,0.8400000000000001
49,5,3,18,7.81,0.4338888888888889
49,5,4,14,3.0,0.21428571428571427
49,6,0,14,27.93,1.9949999999999999
49,6,1,17,28.74,1.6905882352941175
49,6,2,19,27.28,1.4357894736842105
49,6,3,20,27.92,1.3960000000000001
49,6,4,14,8.28,0.5914285714285714
49,8,0,18,37.9,2.1055555555555556
49,8,1,3,5.64,1.88
49,8,2,15,15.83,1.0553333333333332
49,8,3,9,7.31,0.8122222222222222
49,8,4,3,2.15,0.7166666666666667
49,10,0,6,20.59,3.4316666666666666
49,10,1,20,36.66,1.8329999999999997
49,10,2,5,7.64,1.528
49,10,3,18,26.43,1.4683333333333333
49,10,4,10,10.72,1.072
49,11,0,16,33.84,2.115
49,11,1,19,16.9,0.8894736842105262
49,11,2,5,3.67,0.734
49,11,3,17,8.5,0.5
49,11,4,19,6.92,0.3642105263157895
49,12,0,5,4.16,0.8320000000000001
49,12,1,3,2.4,0.7999999999999999
49,12,2,15,8.89,0.5926666666666667
49,12,3,17,4.87,0.28647058823529414
49,12,4,10,0.67,0.067
49,13,0,14,55.56,3.968571428571429
49,13,1,17,67.33,3.9605882352941175
49,13,2,9,31.68,3.52
49,13,3,7,24.4,3.4857142857142853
49,13,4,3,7.53,2.5100000000000002
49,14,0,19,54.62,2.874736842105263
49,14,1,4,9.19,2.2975
49,14,2,10,8.32,0.8320000000000001
49,14,3,8,4.48,0.56
49,14,4,12,6.05,0.5041666666666667
49,16,0,7,6.21,0.8871428571428571
49,16,1,7,6.16,0.88
49,16,2,14,9.88,0.7057142857142857
49,16,3,7,3.62,0.5171428571428571
49,16,4,4,1.71,0.4275
49,17,0,7,5.16,0.7371428571428572
49,17,1,20,14.05,0.7025
49,17,2,7,4.8,0.6857142857142857
49,17,3,10,3.98,0.398
49,17,4,17,2.07,0.12176470588235293
49,20,0,20,44.52,2.226
49,20,1,14,30.52,2.18
49,20,2,5,10.56,2.112
49,20,3,7,14.24,2.0342857142857143
49,20,4,14,2.03,0.145
49,21,0,16,13.94,0.87125
49,21,1,18,13.3,0.7388888888888889
49,21,2,14,9.95,0.7107142857142856
49,21,3,6,3.91,0.6516666666666667
49,21,4,6,2.59,0.43166666666666664
49,23,0,4,21.3,5.325
49,23,1,16,85.18,5.32375
49,23,2,9,15.95,1.7722222222222221
49,23,3,4,4.41,1.1025
49,23,4,7,4.18,0.5971428571428571
49,24,0,16,13.86,0.86625
49,24,1,12,10.36,0.8633333333333333
49,24,2,11,3.97,0.3609090909090909
49,24,3,7,2.09,0.29857142857142854
49,24,4,18,1.85,0.10277777777777779
49,25,0,4,5.57,1.3925
49,25,1,10,12.83,1.283
49,25,2,4,3.76,0.94
49,25,3,2,1.55,0.775
49,25,4,15,2.44,0.16266666666666665
49,26,0,14,56.04,4.002857142857143
49,26,1,13,29.16,2.243076923076923
49,26,2,20,15.74,0.787
49,26,3,16,11.7,0.73125
49,26,4,15,8.68,0.5786666666666667
49,28,0,18,25.22,1.401111111111111
49,28,1,8,8.57,1.07125
49,28,2,4,3.81,0.9525
49,28,3,17,10.24,0.6023529411764706
49,28,4,8,1.77,0.22125
49,30,0,16,50.04,3.1275
49,30,1,12,19.12,1.5933333333333335
49,30,2,4,5.41,1.3525
49,30,3,18,21.8,1.2111111111111112
49,30,4,4,3.08,0.77
49,34,0,7,14.96,2.1371428571428575
49,34,1,14,22.23,1.5878571428571429
49,34,2,10,11.49,1.149
49,34,3,3,2.69,0.8966666666666666
49,34,4,15,9.85,0.6566666666666666
49,37,0,18,28.84,1.6022222222222222
49,37,1,6,7.88,1.3133333333333332
49,37,2,1,0.64,0.64
49,37,3,18,4.5,0.25
49,37,4,14,1.79,0.12785714285714286
49,42,0,16,29.88,1.8675
49,42,1,18,32.98,1.832222222222222
49,42,2,3,3.75,1.25
49,42,3,5,6.09,1.218
49,42,4,11,8.38,0.7618181818181818
49,43,0,11,33.73,3.066363636363636
49,43,1,5,8.9,1.78
49,43,2,3,5.24,1.7466666666666668
49,43,3,17,12.55,0.7382352941176471
49,43,4,3,1.63,0.5433333333333333
49,45,0,3,3.94,1.3133333333333332
49,45,1,18,20.93,1.1627777777777777
49,45,2,9,8.11,0.9011111111111111
49,45,3,3,1.14,0.37999999999999995
49,45,4,15,1.26,0.084
49,47,0,8,13.64,1.705
49,47,1,15,23.82,1.588
49,47,2,15,20.11,1.3406666666666667
49,47,3,10,7.83,0.783
49,47,4,16,11.08,0.6925
49,48,0,7,21.08,3.011428571428571
49,48,1,13,31.04,2.3876923076923076
49,48,2,8,17.95,2.24375
49,48,3,8,17.46,2.1825
49,48,4,7,13.83,1.9757142857142858
49,51,0,19,6.57,0.34578947368421054
49,51,1,2,0.59,0.295
49,51,2,9,2.29,0.2544444444444445
49,51,3,17,4.0,0.23529411764705882
49,51,4,15,3.44,0.22933333333333333
49,53,0,4,34.31,8.5775
49,53,1,20,157.41,7.8705
49,53,2,2,11.27,5.635
49,53,3,5,14.0,2.8
49,53,4,17,19.66,1.1564705882352941
49,54,0,6,5.56,0.9266666666666666
49,54,1,2,1.67,0.835
49,54,2,15,10.47,0.6980000000000001
49,54,3,11,7.36,0.6690909090909091
49,54,4,10,5.81,0.581
49,57,0,13,42.83,3.2946153846153843
49,57,1,2,5.81,2.905
49,57,2,9,25.67,2.852222222222222
49,57,3,6,9.14,1.5233333333333334
49,57,4,15,16.1,1.0733333333333335
49,58,0,18,43.01,2.3894444444444445
49,58,1,1,1.7,1.7
49,58,2,11,18.11,1.6463636363636363
49,58,3,5,2.13,0.426
49,58,4,15,6.22,0.41466666666666663
49,59,0,17,65.17,3.833529411764706
49,59,1,14,47.28,3.3771428571428572
49,59,2,11,31.14,2.830909090909091
49,59,3,17,33.64,1.9788235294117646
49,59,4,12,8.14,0.6783333333333333
49,64,0,10,20.58,2.058
49,64,1,3,6.16,2.0533333333333332
49,64,2,9,15.92,1.768888888888889
49,64,3,19,16.55,0.8710526315789474
49,64,4,7,1.7,0.24285714285714285
49,67,0,19,48.3,2.5421052631578944
49,67,1,20,43.54,2.177
49,67,2,1,1.63,1.63
49,67,3,4,6.05,1.5125
49,67,4,20,12.78,0.639
49,69,0,6,11.09,1.8483333333333334
49,69,1,5,8.32,1.6640000000000001
49,69,2,16,18.71,1.169375
49,69,3,2,1.35,0.675
49,69,4,15,2.3,0.15333333333333332
49,70,0,12,31.16,2.5966666666666667
49,70,1,18,46.39,2.5772222222222223
49,70,2,12,19.18,1.5983333333333334
49,70,3,5,7.36,1.472
49,70,4,18,20.92,1.1622222222222223
49,77,0,13,35.85,2.7576923076923077
49,77,1,9,21.59,2.398888888888889
49,77,2,7,14.14,2.02
49,77,3,8,8.09,1.01125
49,77,4,1,0.8,0.8
49,78,0,3,5.82,1.9400000000000002
49,78,1,1,0.83,0.83
49,78,2,6,4.24,0.7066666666666667
49,78,3,8,3.76,0.47
49,78,4,3,0.58,0.19333333333333333
49,81,0,19,170.93,8.996315789473684
49,81,1,9,78.41,8.712222222222222
49,81,2,15,108.87,7.258
49,81,3,14,68.5,4.892857142857143
49,81,4,11,46.55,4.2318181818181815
49,86,0,4,37.25,9.3125
49,86,1,11,72.27,6.569999999999999
49,86,2,17,93.44,5.496470588235294
49,86,3,8,38.54,4.8175
49,86,4,11,24.87,2.260909090909091
49,88,0,11,13.14,1.1945454545454546
49,88,1,9,7.8,0.8666666666666667
49,88,2,17,11.1,0.6529411764705882
49,88,3,19,9.52,0.5010526315789473
49,88,4,9,3.09,0.3433333333333333
49,90,0,5,15.99,3.198
49,90,1,10,23.38,2.338
49,90,2,20,26.18,1.309
49,90,3,1,0.35,0.35
49,90,4,12,2.86,0.2383333333333333
49,92,0,4,5.49,1.3725
49,92,1,6,5.96,0.9933333333333333
49,92,2,19,14.13,0.7436842105263158
49,92,3,11,2.05,0.18636363636363634
49,92,4,14,1.75,0.125
49,95,0,8,23.3,2.9125
49,95,1,17,34.08,2.004705882352941
49,95,2,2,3.73,1.865
49,95,3,12,12.38,1.0316666666666667
49,95,4,18,10.15,0.5638888888888889
49,96,0,18,29.63,1.646111111111111
49,96,1,20,28.45,1.4224999999999999
49,96,2,5,3.78,0.756
49,96,3,12,6.82,0.5683333333333334
49,96,4,6,2.67,0.445
49,98,0,11,40.83,3.7118181818181815
49,98,1,6,19.82,3.3033333333333332
49,98,2,9,29.23,3.247777777777778
49,98,3,15,18.71,1.2473333333333334
49,98,4,5,2.02,0.404
49,99,0,10,19.21,1.921
49,99,1,16,30.03,1.876875
49,99,2,12,20.3,1.6916666666666667
49,99,3,17,13.43,0.79
49,99,4,2,0.54,0.27
51,0,0,12,13.25,1.1041666666666667
51,0,1,12,13.06,1.0883333333333334
51,0,2,13,6.29,0.48384615384615387
51,0,3,18,3.62,0.20111111111111113
51,0,4,13,0.87,0.06692307692307692
51,2,0,11,47.05,4.277272727272727
51,2,1,17,70.99,4.175882352941176
51,2,2,7,24.08,3.44
51,2,3,8,22.95,2.86875
51,2,4,6,2.48,0.41333333333333333
51,3,0,3,6.37,2.1233333333333335
51,3,1,20,41.94,2.097
51,3,2,19,34.85,1.8342105263157895
51,3,3,13,20.67,1.59
51,3,4,8,12.19,1.52375
51,5,0,10,15.86,1.5859999999999999
51,5,1,6,7.9,1.3166666666666667
51,5,2,6,7.46,1.2433333333333334
51,5,3,14,17.36,1.24
51,5,4,8,8.78,1.0975
51,6,0,14,50.09,3.5778571428571433
51,6,1,13,40.06,3.081538461538462
51,6,2,2,5.9,2.95
51,6,3,7,19.3,2.757142857142857
51,6,4,18,23.66,1.3144444444444445
51,8,0,10,15.98,1.598
51,8,1,5,7.36,1.472
51,8,2,16,13.18,0.82375
51,8,3,9,5.44,0.6044444444444445
51,8,4,9,1.5,0.16666666666666666
51,10,0,17,42.27,2.4864705882352944
51,10,1,1,1.89,1.89
51,10,2,5,9.06,1.812
51,10,3,2,3.09,1.545
51,10,4,10,14.13,1.413
51,11,0,11,28.92,2.6290909090909094
51,11,1,13,22.12,1.7015384615384617
51,11,2,11,11.71,1.0645454545454547
51,11,3,17,7.12,0.4188235294117647
51,11,4,19,4.58,0.24105263157894738
51,12,0,8,12.73,1.59125
51,12,1,11,10.36,0.9418181818181818
51,12,2,14,11.56,0.8257142857142857
51,12,3,13,10.31,0.7930769230769231
51,12,4,17,12.05,0.7088235294117647
51,13,0,3,10.8,3.6
51,13,1,11,28.67,2.6063636363636364
51,13,2,17,17.01,1.0005882352941178
51,13,3,2,1.13,0.565
51,13,4,9,2.63,0.2922222222222222
51,14,0,5,11.17,2.234
51,14,1,15,29.94,1.996
51,14,2,14,21.23,1.5164285714285715
51,14,3,12,11.62,0.9683333333333333
51,14,4,18,13.05,0.7250000000000001
51,16,0,14,29.09,2.077857142857143
51,16,1,18,34.24,1.9022222222222223
51,16,2,1,1.79,1.79
51,16,3,17,29.46,1.7329411764705882
51,16,4,6,2.13,0.355
51,17,0,6,4.67,0.7783333333333333
51,17,1,8,4.59,0.57375
51,17,2,5,1.04,0.20800000000000002
51,17,3,11,2.22,0.20181818181818184
51,17,4,7,1.19,0.16999999999999998
51,20,0,5,4.68,0.9359999999999999
51,20,1,15,11.76,0.784
51,20,2,4,1.64,0.41
51,20,3,18,6.1,0.33888888888888885
51,20,4,16,3.22,0.20125
51,21,0,11,3.75,0.3409090909090909
51,21,1,9,1.92,0.21333333333333332
51,21,2,5,0.51,0.10200000000000001
51,21,3,12,0.83,0.06916666666666667
51,21,4,18,0.39,0.021666666666666667
51,23,0,14,61.87,4.4192857142857145
51,23,1,19,77.74,4.091578947368421
51,23,2,2,8.0,4.0
51,23,3,6,21.42,3.5700000000000003
51,23,4,13,42.97,3.3053846153846154
51,24,0,16,21.86,1.36625
51,24,1,12,14.17,1.1808333333333334
51,24,2,2,2.03,1.015
51,24,3,19,13.61,0.7163157894736841
51,24,4,18,9.17,0.5094444444444445
51,25,0,3,2.39,0.7966666666666667
51,25,1,16,12.72,0.795
51,25,2,17,12.45,0.7323529411764705
51,25,3,5,2.99,0.5980000000000001
51,25,4,18,8.85,0.49166666666666664
51,26,0,18,92.19,5.121666666666666
51,26,1,17,74.78,4.398823529411764
51,26,2,17,62.92,3.7011764705882353
51,26,3,16,50.24,3.14
51,26,4,14,5.99,0.4278571428571429
51,28,0,5,2.24,0.44800000000000006
51,28,1,7,2.64,0.37714285714285717
51,28,2,8,2.19,0.27375
51,28,3,3,0.58,0.19333333333333333
51,28,4,8,1.3,0.1625
51,30,0,4,10.39,2.5975
51,30,1,1,2.38,2.38
51,30,2,12,14.09,1.1741666666666666
51,30,3,18,17.7,0.9833333333333333
51,30,4,17,9.31,0.5476470588235295
51,34,0,7,9.78,1.397142857142857
51,34,1,16,19.8,1.2375
51,34,2,10,8.49,0.849
51,34,3,9,6.73,0.7477777777777779
51,34,4,15,2.79,0.186
51,37,0,19,18.8,0.9894736842105264
51,37,1,6,4.35,0.725
51,37,2,14,8.36,0.5971428571428571
51,37,3,20,11.68,0.584
51,37,4,18,2.54,0.1411111111111111
51,42,0,13,19.94,1.5338461538461539
51,42,1,13,17.23,1.3253846153846154
51,42,2,2,2.49,1.245
51,42,3,3,2.35,0.7833333333333333
51,42,4,4,1.83,0.4575
51,43,0,15,46.25,3.0833333333333335
51,43,1,15,41.17,2.744666666666667
51,43,2,8,21.39,2.67375
51,43,3,12,6.21,0.5175
51,43,4,6,1.04,0.17333333333333334
51,45,0,14,9.99,0.7135714285714286
51,45,1,16,10.96,0.685
51,45,2,3,1.53,0.51
51,45,3,5,1.47,0.294
51,45,4,1,0.26,0.26
51,47,0,14,33.29,2.3778571428571427
51,47,1,6,11.08,1.8466666666666667
51,47,2,9,15.2,1.6888888888888889
51,47,3,12,5.55,0.46249999999999997
51,47,4,18,7.15,0.39722222222222225
51,48,0,8,19.41,2.42625
51,48,1,20,45.51,2.2755
51,48,2,11,22.86,2.078181818181818
51,48,3,9,9.1,1.011111111111111
51,48,4,8,7.37,0.92125
51,49,0,16,9.84,0.615
51,49,1,18,6.02,0.33444444444444443
51,49,2,7,2.04,0.2914285714285714
51,49,3,2,0.54,0.27
51,49,4,3,0.64,0.21333333333333335
51,53,0,17,153.82,9.048235294117646
51,53,1,12,88.2,7.3500000000000005
51,53,2,15,60.28,4.018666666666666
51,53,3,20,66.2,3.31
51,53,4,19,11.96,0.6294736842105264
51,54,0,7,1.55,0.22142857142857145
51,54,1,15,1.92,0.128
51,54,2,13,1.5,0.11538461538461539
51,54,3,19,1.1,0.05789473684210527
51,54,4,15,0.73,0.048666666666666664
51,57,0,12,30.11,2.5091666666666668
51,57,1,16,32.76,2.0475
51,57,2,4,4.48,1.12
51,57,3,12,6.18,0.515
51,57,4,3,0.65,0.21666666666666667
51,58,0,16,22.33,1.395625
51,58,1,5,5.81,1.162
51,58,2,1,0.71,0.71
51,58,3,9,2.56,0.28444444444444444
51,58,4,20,5.2,0.26
51,59,0,1,3.21,3.21
51,59,1,2,5.62,2.81
51,59,2,4,10.68,2.67
51,59,3,2,4.82,2.41
51,59,4,17,30.56,1.7976470588235294
51,64,0,1,2.77,2.77
51,64,1,10,25.44,2.544
51,64,2,16,29.25,1.828125
51,64,3,7,8.07,1.1528571428571428
51,64,4,1,0.4,0.4
51,67,0,15,23.86,1.5906666666666667
51,67,1,6,8.44,1.4066666666666665
51,67,2,18,15.86,0.8811111111111111
51,67,3,16,12.02,0.75125
51,67,4,19,4.79,0.2521052631578947
51,69,0,8,15.39,1.92375
51,69,1,11,19.53,1.7754545454545456
51,69,2,10,11.3,1.1300000000000001
51,69,3,7,1.38,0.19714285714285712
51,69,4,10,1.46,0.146
51,70,0,14,15.88,1.1342857142857143
51,70,1,15,16.62,1.108
51,70,2,9,8.5,0.9444444444444444
51,70,3,17,6.98,0.4105882352941177
51,70,4,8,2.18,0.2725
51,77,0,10,24.98,2.498
51,77,1,3,4.55,1.5166666666666666
51,77,2,20,16.94,0.8470000000000001
51,77,3,16,11.46,0.71625
51,77,4,11,1.36,0.12363636363636364
51,78,0,10,17.3,1.73
51,78,1,12,19.58,1.6316666666666666
51,78,2,18,24.41,1.356111111111111
51,78,3,9,5.84,0.6488888888888888
51,78,4,5,3.18,0.636
51,81,0,7,57.1,8.157142857142857
51,81,1,7,48.42,6.917142857142857
51,81,2,20,32.21,1.6105
51,81,3,20,31.74,1.587
51,81,4,5,2.74,0.548
51,86,0,9,70.85,7.872222222222222
51,86,1,13,79.48,6.113846153846154
51,86,2,8,37.92,4.74
51,86,3,10,30.76,3.076
51,86,4,12,11.34,0.945
51,88,0,12,12.02,1.0016666666666667
51,88,1,10,9.84,0.984
51,88,2,9,6.32,0.7022222222222223
51,88,3,9,4.18,0.46444444444444444
51,88,4,16,5.71,0.356875
51,90,0,10,25.11,2.511
51,90,1,5,10.43,2.086
51,90,2,1,1.94,1.94
51,90,3,14,21.97,1.5692857142857142
51,90,4,13,16.71,1.2853846153846153
51,92,0,15,16.55,1.1033333333333333
51,92,1,13,11.03,0.8484615384615384
51,92,2,3,1.55,0.5166666666666667
51,92,3,8,3.66,0.4575
51,92,4,16,2.73,0.170625
51,95,0,4,9.62,2.405
51,95,1,18,18.21,1.0116666666666667
51,95,2,4,3.24,0.81
51,95,3,7,3.94,0.5628571428571428
51,95,4,17,9.4,0.5529411764705883
51,96,0,5,6.26,1.252
51,96,1,19,23.33,1.2278947368421052
51,96,2,17,20.0,1.1764705882352942
51,96,3,7,4.02,0.5742857142857142
51,96,4,19,5.9,0.3105263157894737
51,98,0,10,34.31,3.431
51,98,1,20,61.27,3.0635000000000003
51,98,2,7,12.16,1.737142857142857
51,98,3,7,10.33,1.4757142857142858
51,98,4,1,0.27,0.27
51,99,0,7,10.34,1.477142857142857
51,99,1,5,6.34,1.268
51,99,2,14,16.13,1.1521428571428571
51,99,3,17,6.16,0.3623529411764706
51,99,4,2,0.33,0.165
53,0,0,9,87.01,9.66777777777778
53,0,1,3,19.55,6.516666666666667
53,0,2,7,43.41,6.201428571428571
53,0,3,11,62.56,5.6872727272727275
53,0,4,7,32.63,4.661428571428572
53,2,0,20,62.86,3.143
53,2,1,19,55.49,2.920526315789474
53,2,2,7,18.87,2.6957142857142857
53,2,3,2,5.28,2.64
53,2,4,2,0.65,0.325
53,3,0,3,34.26,11.42
53,3,1,15,134.98,8.998666666666667
53,3,2,1,5.2,5.2
53,3,3,17,64.3,3.7823529411764705
53,3,4,19,55.51,2.921578947368421
53,5,0,14,117.37,8.383571428571429
53,5,1,20,160.24,8.012
53,5,2,6,21.17,3.5283333333333338
53,5,3,20,65.94,3.2969999999999997
53,5,4,5,9.32,1.864
53,6,0,8,25.37,3.17125
53,6,1,16,28.71,1.794375
53,6,2,13,20.21,1.5546153846153847
53,6,3,2,1.59,0.795
53,6,4,19,6.49,0.34157894736842104
53,8,0,20,163.46,8.173
53,8,1,3,22.12,7.373333333333334
53,8,2,18,117.97,6.553888888888888
53,8,3,4,9.47,2.3675
53,8,4,16,10.8,0.675
53,10,0,14,83.66,5.975714285714285
53,10,1,19,104.14,5.481052631578947
53,10,2,13,55.64,4.28
53,10,3,4,13.37,3.3425
53,10,4,9,19.27,2.141111111111111
53,11,0,10,98.15,9.815000000000001
53,11,1,16,151.08,9.4425
53,11,2,7,59.04,8.434285714285714
53,11,3,17,130.96,7.703529411764706
53,11,4,5,25.01,5.002000000000001
53,12,0,19,164.9,8.678947368421053
53,12,1,2,17.19,8.595
53,12,2,14,100.31,7.165
53,12,3,11,25.19,2.29
53,12,4,5,11.31,2.262
53,13,0,9,88.77,9.863333333333333
53,13,1,4,27.67,6.9175
53,13,2,16,59.74,3.73375
53,13,3,1,1.98,1.98
53,13,4,16,8.84,0.5525
53,14,0,19,235.03,12.37
53,14,1,10,100.39,10.039
53,14,2,13,82.5,6.346153846153846
53,14,3,12,63.97,5.3308333333333335
53,14,4,18,77.5,4.305555555555555
53,16,0,10,78.89,7.889
53,16,1,6,38.75,6.458333333333333
53,16,2,1,3.98,3.98
53,16,3,11,31.99,2.908181818181818
53,16,4,10,19.34,1.934
53,17,0,8,70.98,8.8725
53,17,1,1,7.18,7.18
53,17,2,6,30.31,5.051666666666667
53,17,3,9,42.69,4.743333333333333
53,17,4,10,42.28,4.228
53,20,0,1,7.39,7.39
53,20,1,10,61.17,6.117
53,20,2,12,41.25,3.4375
53,20,3,1,1.65,1.65
53,20,4,18,12.29,0.6827777777777777
53,21,0,13,80.62,6.201538461538462
53,21,1,3,9.56,3.186666666666667
53,21,2,4,9.44,2.36
53,21,3,19,24.08,1.2673684210526315
53,21,4,3,2.93,0.9766666666666667
53,23,0,10,33.15,3.315
53,23,1,1,2.67,2.67
53,23,2,5,6.6,1.3199999999999998
53,23,3,17,21.18,1.2458823529411764
53,23,4,17,16.5,0.9705882352941176
53,24,0,1,10.29,10.29
53,24,1,1,5.53,5.53
53,24,2,19,70.82,3.727368421052631
53,24,3,14,18.77,1.3407142857142857
53,24,4,13,6.09,0.46846153846153843
53,25,0,3,22.61,7.536666666666666
53,25,1,5,36.58,7.316
53,25,2,7,50.97,7.281428571428571
53,25,3,19,116.36,6.12421052631579
53,25,4,4,1.81,0.4525
53,26,0,14,57.05,4.075
53,26,1,7,22.38,3.197142857142857
53,26,2,13,36.14,2.7800000000000002
53,26,3,1,1.03,1.03
53,26,4,14,12.68,0.9057142857142857
53,28,0,3,27.68,9.226666666666667
53,28,1,7,38.77,5.538571428571429
53,28,2,5,15.0,3.0
53,28,3,20,37.11,1.8555
53,28,4,17,22.63,1.3311764705882352
53,30,0,9,35.44,3.9377777777777774
53,30,1,12,45.05,3.7541666666666664
53,30,2,10,35.79,3.5789999999999997
53,30,3,13,42.03,3.233076923076923
53,30,4,12,28.65,2.3874999999999997
53,34,0,10,102.23,10.223
53,34,1,4,34.82,8.705
53,34,2,19,120.15,6.3236842105263165
53,34,3,12,74.76,6.23
53,34,4,13,34.06,2.62
53,37,0,10,82.11,8.211
53,37,1,18,134.38,7.4655555555555555
53,37,2,4,26.19,6.5475
53,37,3,15,20.23,1.3486666666666667
53,37,4,4,1.96,0.49
53,42,0,19,145.52,7.658947368421053
53,42,1,13,99.32,7.64
53,42,2,10,33.33,3.3329999999999997
53,42,3,2,4.33,2.165
53,42,4,19,23.84,1.2547368421052632
53,43,0,19,225.3,11.857894736842105
53,43,1,17,188.74,11.102352941176472
53,43,2,4,42.92,10.73
53,43,3,14,76.41,5.457857142857143
53,43,4,20,59.64,2.982
53,45,0,11,98.87,8.988181818181818
53,45,1,3,17.93,5.976666666666667
53,45,2,9,51.8,5.7555555555555555
53,45,3,6,23.26,3.876666666666667
53,45,4,7,17.69,2.527142857142857
53,47,0,4,28.37,7.0925
53,47,1,5,27.95,5.59
53,47,2,20,93.67,4.6835
53,47,3,17,75.03,4.413529411764706
53,47,4,20,58.73,2.9364999999999997
53,48,0,7,35.08,5.011428571428572
53,48,1,19,50.28,2.646315789473684
53,48,2,9,18.83,2.092222222222222
53,48,3,16,16.15,1.009375
53,48,4,3,2.55,0.85
53,49,0,16,142.63,8.914375
53,49,1,14,57.45,4.103571428571429
53,49,2,18,64.34,3.5744444444444445
53,49,3,2,6.51,3.255
53,49,4,16,20.19,1.261875
53,51,0,2,18.72,9.36
53,51,1,17,153.56,9.032941176470588
53,51,2,8,53.92,6.74
53,51,3,9,36.26,4.028888888888889
53,51,4,6,18.04,3.0066666666666664
53,54,0,20,157.32,7.866
53,54,1,17,121.49,7.146470588235294
53,54,2,19,93.57,4.924736842105263
53,54,3,3,4.42,1.4733333333333334
53,54,4,5,5.01,1.002
53,57,0,7,51.47,7.352857142857142
53,57,1,7,49.51,7.072857142857143
53,57,2,11,71.05,6.459090909090909
53,57,3,18,99.66,5.536666666666666
53,57,4,12,15.76,1.3133333333333332
53,58,0,8,47.07,5.88375
53,58,1,9,42.16,4.684444444444444
53,58,2,15,65.46,4.364
53,58,3,6,21.09,3.515
53,58,4,14,25.11,1.7935714285714286
53,59,0,10,65.58,6.558
53,59,1,8,51.11,6.38875
53,59,2,8,50.03,6.25375
53,59,3,15,63.67,4.244666666666666
53,59,4,11,5.32,0.48363636363636364
53,64,0,7,80.8,11.542857142857143
53,64,1,5,57.45,11.49
53,64,2,11,61.84,5.621818181818182
53,64,3,7,25.61,3.6585714285714284
53,64,4,1,2.43,2.43
53,67,0,4,25.77,6.4425
53,67,1,12,68.19,5.6825
53,67,2,2,9.96,4.98
53,67,3,14,58.19,4.156428571428571
53,67,4,9,25.32,2.8133333333333335
53,69,0,6,46.8,7.8
53,69,1,16,61.1,3.81875
53,69,2,10,37.2,3.72
53,69,3,9,29.29,3.2544444444444443
53,69,4,2,1.16,0.58
53,70,0,7,36.86,5.265714285714286
53,70,1,20,73.65,3.6825
53,70,2,2,6.27,3.135
53,70,3,17,41.13,2.4194117647058824
53,70,4,17,12.62,0.7423529411764705
53,77,0,10,82.14,8.214
53,77,1,14,113.28,8.09142857142857
53,77,2,5,34.21,6.8420000000000005
53,77,3,7,33.73,4.8185714285714285
53,77,4,4,8.65,2.1625
53,78,0,1,8.11,8.11
53,78,1,10,50.49,5.049
53,78,2,16,78.74,4.92125
53,78,3,8,18.57,2.32125
53,78,4,7,8.05,1.1500000000000001
53,81,0,7,9.16,1.3085714285714285
53,81,1,5,5.6,1.1199999999999999
53,81,2,13,13.14,1.0107692307692309
53,81,3,5,4.13,0.826
53,81,4,6,2.12,0.35333333333333333
53,86,0,18,81.5,4.527777777777778
53,86,1,2,4.56,2.28
53,86,2,13,29.06,2.235384615384615
53,86,3,11,20.41,1.8554545454545455
53,86,4,17,29.76,1.7505882352941178
53,88,0,11,78.84,7.167272727272728
53,88,1,8,18.26,2.2825
53,88,2,15,25.49,1.6993333333333331
53,88,3,5,7.97,1.5939999999999999
53,88,4,5,2.63,0.526
53,90,0,18,89.41,4.967222222222222
53,90,1,1,4.25,4.25
53,90,2,10,25.22,2.522
53,90,3,9,11.95,1.3277777777777777
53,90,4,6,5.49,0.915
53,92,0,2,19.0,9.5
53,92,1,7,42.97,6.138571428571429
53,92,2,19,98.06,5.161052631578947
53,92,3,5,18.21,3.6420000000000003
53,92,4,5,17.03,3.406
53,95,0,8,86.95,10.86875
53,95,1,19,194.49,10.236315789473684
53,95,2,7,53.65,7.664285714285714
53,95,3,18,136.46,7.581111111111111
53,95,4,16,50.58,3.16125
53,96,0,9,99.98,11.10888888888889
53,96,1,11,111.1,10.1
53,96,2,7,59.56,8.508571428571429
53,96,3,2,16.6,8.3
53,96,4,18,80.51,4.472777777777778
53,98,0,11,55.07,5.006363636363637
53,98,1,5,19.03,3.806
53,98,2,5,18.88,3.776
53,98,3,15,15.8,1.0533333333333335
53,98,4,14,5.12,0.3657142857142857
53,99,0,12,108.15,9.012500000000001
53,99,1,3,26.06,8.686666666666666
53,99,2,14,91.63,6.545
53,99,3,18,68.95,3.8305555555555557
53,99,4,9,12.1,1.3444444444444443
54,0,0,14,19.81,1.4149999999999998
54,0,1,20,14.95,0.7474999999999999
54,0,2,19,11.79,0.6205263157894736
54,0,3,2,1.18,0.59
54,0,4,13,1.27,0.09769230769230769
54,2,0,7,39.51,5.644285714285714
54,2,1,19,55.97,2.9457894736842105
54,2,2,5,13.76,2.752
54,2,3,20,14.17,0.7085
54,2,4,10,5.2,0.52
54,3,0,5,14.42,2.884
54,3,1,11,25.79,2.3445454545454543
54,3,2,16,35.85,2.240625
54,3,3,2,1.92,0.96
54,3,4,13,4.99,0.38384615384615384
54,5,0,3,4.29,1.43
54,5,1,20,22.38,1.119
54,5,2,10,6.24,0.624
54,5,3,8,4.5,0.5625
54,5,4,20,3.4,0.16999999999999998
54,6,0,1,3.32,3.32
54,6,1,13,22.2,1.7076923076923076
54,6,2,20,27.83,1.3915
54,6,3,6,6.98,1.1633333333333333
54,6,4,10,8.5,0.85
54,8,0,6,9.49,1.5816666666666668
54,8,1,2,2.64,1.32
54,8,2,17,18.94,1.1141176470588237
54,8,3,1,0.62,0.62
54,8,4,19,3.71,0.19526315789473683
54,10,0,4,11.06,2.765
54,10,1,6,15.32,2.5533333333333332
54,10,2,18,38.74,2.1522222222222225
54,10,3,4,2.76,0.69
54,10,4,11,4.76,0.4327272727272727
54,11,0,19,44.3,2.331578947368421
54,11,1,16,27.44,1.715
54,11,2,13,17.51,1.3469230769230771
54,11,3,1,0.67,0.67
54,11,4,12,4.78,0.3983333333333334
54,12,0,19,14.06,0.74
54,12,1,4,2.76,0.69
54,12,2,18,10.05,0.5583333333333333
54,12,3,5,1.51,0.302
54,12,4,20,2.66,0.133
54,13,0,18,56.26,3.1255555555555556
54,13,1,3,8.01,2.67
54,13,2,18,46.93,2.607222222222222
54,13,3,2,5.06,2.53
54,13,4,8,1.62,0.2025
54,14,0,19,54.17,2.8510526315789475
54,14,1,3,7.8,2.6
54,14,2,19,46.56,2.4505263157894737
54,14,3,13,31.33,2.4099999999999997
54,14,4,10,20.36,2.036
54,16,0,8,18.68,2.335
54,16,1,15,33.2,2.2133333333333334
54,16,2,8,12.0,1.5
54,16,3,16,21.56,1.3475
54,16,4,16,15.55,0.971875
54,17,0,7,7.72,1.1028571428571428
54,17,1,18,19.6,1.088888888888889
54,17,2,6,6.37,1.0616666666666668
54,17,3,4,1.8,0.45
54,17,4,5,1.57,0.314
54,20,0,13,17.88,1.3753846153846152
54,20,1,15,19.59,1.306
54,20,2,6,6.47,1.0783333333333334
54,20,3,7,4.64,0.6628571428571428
54,20,4,16,4.37,0.273125
54,21,0,12,4.57,0.38083333333333336
54,21,1,2,0.75,0.375
54,21,2,14,4.64,0.3314285714285714
54,21,3,3,0.56,0.18666666666666668
54,21,4,20,3.07,0.1535
54,23,0,6,26.01,4.335
54,23,1,19,73.32,3.8589473684210525
54,23,2,7,21.23,3.032857142857143
54,23,3,9,19.28,2.1422222222222222
54,23,4,18,22.93,1.2738888888888888
54,24,0,9,17.46,1.9400000000000002
54,24,1,10,18.95,1.895
54,24,2,9,14.18,1.5755555555555556
54,24,3,17,7.58,0.44588235294117645
54,24,4,14,5.88,0.42
54,25,0,11,10.01,0.91
54,25,1,1,0.86,0.86
54,25,2,14,9.89,0.7064285714285715
54,25,3,10,4.23,0.42300000000000004
54,25,4,3,0.59,0.19666666666666666
54,26,0,2,9.3,4.65
54,26,1,3,13.67,4.556666666666667
54,26,2,13,42.95,3.303846153846154
54,26,3,2,3.87,1.935
54,26,4,6,5.98,0.9966666666666667
54,28,0,4,2.11,0.5275
54,28,1,20,8.33,0.4165
54,28,2,11,3.97,0.3609090909090909
54,28,3,3,0.65,0.21666666666666667
54,28,4,1,0.14,0.14
54,30,0,20,40.43,2.0215
54,30,1,2,2.77,1.385
54,30,2,12,10.44,0.87
54,30,3,10,6.17,0.617
54,30,4,14,2.62,0.18714285714285714
54,34,0,6,8.94,1.49
54,34,1,17,20.11,1.1829411764705882
54,34,2,14,15.03,1.0735714285714286
54,34,3,11,7.34,0.6672727272727272
54,34,4,3,1.84,0.6133333333333334
54,37,0,15,14.5,0.9666666666666667
54,37,1,19,16.41,0.8636842105263158
54,37,2,4,2.65,0.6625
54,37,3,3,0.91,0.30333333333333334
54,37,4,17,2.43,0.14294117647058824
54,42,0,19,44.14,2.323157894736842
54,42,1,6,12.61,2.1016666666666666
54,42,2,19,39.35,2.0710526315789473
54,42,3,10,14.36,1.436
54,42,4,15,9.8,0.6533333333333334
54,43,0,15,39.78,2.652
54,43,1,13,29.64,2.2800000000000002
54,43,2,5,8.68,1.736
54,43,3,13,15.17,1.166923076923077
54,43,4,18,20.13,1.1183333333333332
54,45,0,10,4.16,0.41600000000000004
54,45,1,15,6.0,0.4
54,45,2,10,3.8,0.38
54,45,3,16,5.01,0.313125
54,45,4,18,0.41,0.022777777777777775
54,47,0,3,6.6,2.1999999999999997
54,47,1,20,38.69,1.9344999999999999
54,47,2,4,6.77,1.6925
54,47,3,13,12.74,0.98
54,47,4,3,0.59,0.19666666666666666
54,48,0,7,14.91,2.13
54,48,1,19,33.68,1.7726315789473683
54,48,2,13,17.54,1.3492307692307692
54,48,3,14,7.12,0.5085714285714286
54,48,4,11,4.62,0.42
54,49,0,16,13.17,0.823125
54,49,1,17,4.38,0.2576470588235294
54,49,2,11,1.95,0.17727272727272728
54,49,3,5,0.79,0.158
54,49,4,11,0.97,0.08818181818181818
54,51,0,16,3.69,0.230625
54,51,1,17,3.44,0.2023529411764706
54,51,2,8,1.15,0.14375
54,51,3,12,1.54,0.12833333333333333
54,51,4,5,0.62,0.124
54,53,0,13,119.0,9.153846153846153
54,53,1,17,126.7,7.452941176470588
54,53,2,17,95.58,5.62235294117647
54,53,3,19,87.31,4.595263157894737
54,53,4,18,66.35,3.686111111111111
54,57,0,7,25.13,3.59
54,57,1,6,20.12,3.3533333333333335
54,57,2,3,7.21,2.4033333333333333
54,57,3,14,12.18,0.87
54,57,4,20,15.98,0.799
54,58,0,6,8.77,1.4616666666666667
54,58,1,16,20.67,1.291875
54,58,2,10,11.23,1.123
54,58,3,4,0.83,0.2075
54,58,4,15,1.32,0.08800000000000001
54,59,0,8,23.95,2.99375
54,59,1,8,22.04,2.755
54,59,2,4,6.62,1.655
54,59,3,12,13.0,1.0833333333333333
54,59,4,2,0.67,0.335
54,64,0,6,19.13,3.188333333333333
54,64,1,19,47.94,2.523157894736842
54,64,2,3,5.26,1.7533333333333332
54,64,3,20,12.38,0.619
54,64,4,8,3.59,0.44875
54,67,0,1,2.7,2.7
54,67,1,11,28.51,2.591818181818182
54,67,2,10,17.41,1.741
54,67,3,5,7.69,1.538
54,67,4,6,2.7,0.45
54,69,0,18,34.89,1.9383333333333335
54,69,1,11,19.96,1.8145454545454547
54,69,2,10,14.33,1.433
54,69,3,3,3.45,1.1500000000000001
54,69,4,3,2.63,0.8766666666666666
54,70,0,11,28.8,2.618181818181818
54,70,1,6,15.32,2.5533333333333332
54,70,2,11,23.71,2.1554545454545457
54,70,3,11,14.71,1.3372727272727274
54,70,4,12,3.54,0.295
54,77,0,3,6.4,2.1333333333333333
54,77,1,16,30.57,1.910625
54,77,2,15,25.47,1.698
54,77,3,2,2.3,1.15
54,77,4,3,2.39,0.7966666666666667
54,78,0,6,8.0,1.3333333333333333
54,78,1,5,6.2,1.24
54,78,2,3,1.43,0.4766666666666666
54,78,3,13,4.02,0.3092307692307692
54,78,4,14,2.37,0.1692857142857143
54,81,0,20,171.94,8.597
54,81,1,7,36.05,5.1499999999999995
54,81,2,8,35.75,4.46875
54,81,3,3,9.26,3.0866666666666664
54,81,4,6,8.75,1.4583333333333333
54,86,0,2,19.14,9.57
54,86,1,20,166.27,8.313500000000001
54,86,2,15,110.9,7.3933333333333335
54,86,3,19,50.1,2.636842105263158
54,86,4,16,13.71,0.856875
54,88,0,13,13.83,1.0638461538461539
54,88,1,6,5.77,0.9616666666666666
54,88,2,16,4.0,0.25
54,88,3,16,3.97,0.248125
54,88,4,9,0.58,0.06444444444444444
54,90,0,11,20.17,1.8336363636363637
54,90,1,12,14.97,1.2475
54,90,2,1,1.22,1.22
54,90,3,20,13.38,0.669
54,90,4,8,1.03,0.12875
54,92,0,8,10.21,1.27625
54,92,1,7,7.98,1.1400000000000001
54,92,2,2,1.74,0.87
54,92,3,7,4.84,0.6914285714285714
54,92,4,12,4.8,0.39999999999999997
54,95,0,4,10.15,2.5375
54,95,1,13,20.72,1.5938461538461537
54,95,2,18,21.47,1.1927777777777777
54,95,3,5,5.51,1.1019999999999999
54,95,4,14,6.31,0.4507142857142857
54,96,0,19,38.99,2.0521052631578947
54,96,1,20,26.25,1.3125
54,96,2,12,14.93,1.2441666666666666
54,96,3,4,2.17,0.5425
54,96,4,20,8.79,0.43949999999999995
54,98,0,18,38.63,2.1461111111111113
54,98,1,10,20.82,2.082
54,98,2,5,10.12,2.024
54,98,3,2,2.02,1.01
54,98,4,4,1.27,0.3175
54,99,0,9,12.88,1.4311111111111112
54,99,1,19,24.38,1.283157894736842
54,99,2,11,9.3,0.8454545454545456
54,99,3,8,3.58,0.4475
54,99,4,5,0.7,0.13999999999999999
57,0,0,15,66.93,4.462000000000001
57,0,1,16,53.29,3.330625
57,0,2,2,6.19,3.095
57,0,3,7,10.2,1.457142857142857
57,0,4,20,16.96,0.8480000000000001
57,2,0,16,115.51,7.219375
57,2,1,18,120.63,6.701666666666666
57,2,2,19,116.24,6.117894736842105
57,2,3,8,19.87,2.48375
57,2,4,6,13.17,2.195
57,3,0,19,78.01,4.105789473684211
57,3,1,20,46.48,2.324
57,3,2,8,16.53,2.06625
57,3,3,16,32.39,2.024375
57,3,4,17,28.21,1.6594117647058824
57,5,0,10,22.16,2.216
57,5,1,13,28.72,2.209230769230769
57,5,2,10,20.02,2.002
57,5,3,1,1.95,1.95
57,5,4,15,27.72,1.8479999999999999
57,6,0,15,64.19,4.279333333333333
57,6,1,3,8.13,2.7100000000000004
57,6,2,16,41.39,2.586875
57,6,3,12,30.73,2.5608333333333335
57,6,4,18,9.78,0.5433333333333333
57,8,0,18,68.77,3.8205555555555555
57,8,1,8,29.3,3.6625
57,8,2,12,43.33,3.6108333333333333
57,8,3,11,39.29,3.571818181818182
57,8,4,2,2.27,1.135
57,10,0,4,16.88,4.22
57,10,1,6,22.7,3.783333333333333
57,10,2,5,18.46,3.692
57,10,3,7,17.11,2.4442857142857144
57,10,4,6,1.82,0.30333333333333334
57,11,0,6,26.38,4.3966666666666665
57,11,1,18,70.03,3.8905555555555558
57,11,2,6,14.57,2.4283333333333332
57,11,3,3,3.16,1.0533333333333335
57,11,4,17,9.47,0.5570588235294118
57,12,0,16,38.6,2.4125
57,12,1,20,46.75,2.3375
57,12,2,17,25.24,1.484705882352941
57,12,3,18,24.11,1.3394444444444444
57,12,4,13,10.32,0.7938461538461539
57,13,0,3,14.32,4.773333333333333
57,13,1,2,7.72,3.86
57,13,2,6,13.43,2.2383333333333333
57,13,3,11,23.64,2.149090909090909
57,13,4,10,6.18,0.618
57,14,0,4,17.96,4.49
57,14,1,20,75.03,3.7515
57,14,2,5,16.02,3.2039999999999997
57,14,3,1,0.84,0.84
57,14,4,18,9.31,0.5172222222222222
57,16,0,19,45.69,2.404736842105263
57,16,1,15,34.55,2.3033333333333332
57,16,2,11,16.26,1.4781818181818183
57,16,3,16,13.66,0.85375
57,16,4,16,7.92,0.495
57,17,0,13,55.4,4.2615384615384615
57,17,1,19,64.17,3.3773684210526316
57,17,2,16,36.18,2.26125
57,17,3,2,4.41,2.205
57,17,4,15,21.38,1.4253333333333333
57,20,0,2,11.32,5.66
57,20,1,17,74.6,4.388235294117647
57,20,2,15,35.35,2.356666666666667
57,20,3,19,25.72,1.3536842105263158
57,20,4,4,2.41,0.6025
57,21,0,7,23.68,3.382857142857143
57,21,1,5,12.2,2.44
57,21,2,5,9.09,1.818
57,21,3,3,3.4,1.1333333333333333
57,21,4,6,5.69,0.9483333333333334
57,23,0,15,125.31,8.354000000000001
57,23,1,4,23.77,5.9425
57,23,2,15,67.23,4.482
57,23,3,2,6.78,3.39
57,23,4,13,43.18,3.3215384615384616
57,24,0,12,30.94,2.5783333333333336
57,24,1,10,22.75,2.275
57,24,2,13,28.42,2.186153846153846
57,24,3,16,23.52,1.47
57,24,4,17,18.73,1.101764705882353
57,25,0,5,18.4,3.6799999999999997
57,25,1,15,46.9,3.1266666666666665
57,25,2,15,39.58,2.6386666666666665
57,25,3,10,20.34,2.034
57,25,4,4,6.07,1.5175
57,26,0,14,64.14,4.581428571428572
57,26,1,5,20.44,4.088
57,26,2,14,56.34,4.024285714285715
57,26,3,10,20.34,2.034
57,26,4,17,18.26,1.0741176470588236
57,28,0,8,35.72,4.465
57,28,1,16,69.31,4.331875
57,28,2,7,21.19,3.027142857142857
57,28,3,12,9.48,0.79
57,28,4,19,10.65,0.5605263157894737
57,30,0,19,116.99,6.157368421052631
57,30,1,20,71.97,3.5985
57,30,2,14,17.24,1.2314285714285713
57,30,3,10,7.12,0.712
57,30,4,20,13.54,0.6769999999999999
57,34,0,19,86.88,4.572631578947369
57,34,1,19,79.88,4.204210526315789
57,34,2,7,17.7,2.5285714285714285
57,34,3,15,23.15,1.5433333333333332
57,34,4,19,21.42,1.1273684210526316
57,37,0,18,68.32,3.795555555555555
57,37,1,12,41.63,3.4691666666666667
57,37,2,13,35.03,2.6946153846153846
57,37,3,6,11.73,1.955
57,37,4,7,7.28,1.04
57,42,0,17,84.75,4.985294117647059
57,42,1,12,51.89,4.324166666666667
57,42,2,11,46.92,4.265454545454546
57,42,3,12,24.18,2.015
57,42,4,8,14.39,1.79875
57,43,0,3,16.83,5.609999999999999
57,43,1,4,19.48,4.87
57,43,2,15,70.59,4.706
57,43,3,13,34.16,2.6276923076923073
57,43,4,1,1.46,1.46
57,45,0,19,80.63,4.2436842105263155
57,45,1,8,22.28,2.785
57,45,2,13,28.05,2.1576923076923076
57,45,3,4,1.71,0.4275
57,45,4,13,4.24,0.3261538461538462
57,47,0,16,23.08,1.4425
57,47,1,11,15.28,1.389090909090909
57,47,2,12,15.97,1.3308333333333333
57,47,3,10,11.91,1.191
57,47,4,11,12.71,1.1554545454545455
57,48,0,3,13.79,4.596666666666667
57,48,1,15,68.36,4.557333333333333
57,48,2,9,28.96,3.217777777777778
57,48,3,18,57.36,3.1866666666666665
57,48,4,11,6.4,0.5818181818181819
57,49,0,10,33.64,3.364
57,49,1,20,55.07,2.7535
57,49,2,6,16.31,2.7183333333333333
57,49,3,2,1.08,0.54
57,49,4,14,3.01,0.215
57,51,0,20,76.43,3.8215000000000003
57,51,1,20,74.65,3.7325000000000004
57,51,2,17,36.82,2.1658823529411766
57,51,3,19,34.53,1.8173684210526317
57,51,4,13,16.76,1.2892307692307694
57,53,0,8,62.57,7.82125
57,53,1,9,70.16,7.795555555555556
57,53,2,1,6.8,6.8
57,53,3,1,5.3,5.3
57,53,4,6,27.38,4.5633333333333335
57,54,0,12,48.05,4.004166666666666
57,54,1,4,13.83,3.4575
57,54,2,5,13.41,2.682
57,54,3,16,42.19,2.636875
57,54,4,4,7.61,1.9025
57,58,0,18,95.08,5.282222222222222
57,58,1,12,54.49,4.5408333333333335
57,58,2,17,49.08,2.8870588235294115
57,58,3,15,33.9,2.26
57,58,4,12,5.12,0.4266666666666667
57,59,0,12,74.56,6.213333333333334
57,59,1,12,57.17,4.764166666666667
57,59,2,4,16.21,4.0525
57,59,3,6,20.51,3.4183333333333334
57,59,4,4,9.7,2.425
57,64,0,19,95.18,5.009473684210526
57,64,1,3,8.45,2.8166666666666664
57,64,2,1,1.88,1.88
57,64,3,3,5.13,1.71
57,64,4,20,25.23,1.2615
57,67,0,17,117.67,6.921764705882353
57,67,1,20,98.99,4.9495
57,67,2,17,73.79,4.340588235294118
57,67,3,3,5.54,1.8466666666666667
57,67,4,8,11.55,1.44375
57,69,0,6,15.02,2.5033333333333334
57,69,1,15,29.62,1.9746666666666668
57,69,2,8,12.3,1.5375
57,69,3,7,10.49,1.4985714285714287
57,69,4,10,4.69,0.46900000000000003
57,70,0,20,82.9,4.1450000000000005
57,70,1,4,14.1,3.525
57,70,2,10,31.44,3.144
57,70,3,18,52.14,2.8966666666666665
57,70,4,19,39.71,2.09
57,77,0,18,106.48,5.915555555555556
57,77,1,3,9.64,3.2133333333333334
57,77,2,15,30.8,2.0533333333333332
57,77,3,10,12.53,1.253
57,77,4,17,6.67,0.39235294117647057
57,78,0,6,36.61,6.101666666666667
57,78,1,8,41.73,5.21625
57,78,2,11,53.64,4.876363636363636
57,78,3,12,54.65,4.554166666666666
57,78,4,2,4.27,2.135
57,81,0,18,224.29,12.460555555555555
57,81,1,6,44.54,7.423333333333333
57,81,2,19,59.1,3.110526315789474
57,81,3,2,4.52,2.26
57,81,4,8,6.25,0.78125
57,86,0,20,117.46,5.872999999999999
57,86,1,10,47.11,4.711
57,86,2,5,18.47,3.694
57,86,3,6,17.0,2.8333333333333335
57,86,4,11,29.4,2.6727272727272724
57,88,0,2,10.89,5.445
57,88,1,3,14.49,4.83
57,88,2,19,78.99,4.157368421052631
57,88,3,3,10.67,3.5566666666666666
57,88,4,16,23.69,1.480625
57,90,0,6,27.47,4.578333333333333
57,90,1,20,67.42,3.371
57,90,2,6,15.13,2.521666666666667
57,90,3,3,3.54,1.18
57,90,4,5,4.23,0.8460000000000001
57,92,0,9,42.8,4.7555555555555555
57,92,1,6,21.93,3.655
57,92,2,2,5.81,2.905
57,92,3,9,6.78,0.7533333333333334
57,92,4,3,1.53,0.51
57,95,0,10,54.36,5.436
57,95,1,16,67.6,4.225
57,95,2,12,46.39,3.8658333333333332
57,95,3,17,40.87,2.4041176470588232
57,95,4,4,4.51,1.1275
57,96,0,9,31.14,3.46
57,96,1,14,42.35,3.025
57,96,2,10,25.05,2.505
57,96,3,3,5.82,1.9400000000000002
57,96,4,11,19.14,1.74
57,98,0,10,61.8,6.18
57,98,1,2,10.25,5.125
57,98,2,2,9.67,4.835
57,98,3,12,31.26,2.605
57,98,4,15,4.13,0.2753333333333333
57,99,0,3,13.3,4.433333333333334
57,99,1,8,30.18,3.7725
57,99,2,17,53.23,3.131176470588235
57,99,3,20,52.26,2.613
57,99,4,4,5.15,1.2875
58,0,0,12,18.72,1.5599999999999998
58,0,1,1,1.42,1.42
58,0,2,5,2.82,0.564
58,0,3,2,0.67,0.335
58,0,4,4,0.51,0.1275
58,2,0,6,34.2,5.7
58,2,1,8,38.83,4.85375
58,2,2,10,31.8,3.18
58,2,3,8,22.64,2.83
58,2,4,5,11.16,2.232
58,3,0,2,5.19,2.595
58,3,1,20,44.12,2.206
58,3,2,20,33.43,1.6715
58,3,3,3,3.47,1.1566666666666667
58,3,4,9,5.21,0.5788888888888889
58,5,0,17,54.38,3.198823529411765
58,5,1,9,22.73,2.5255555555555556
58,5,2,19,45.06,2.371578947368421
58,5,3,1,1.97,1.97
58,5,4,9,11.16,1.24
58,6,0,8,40.25,5.03125
58,6,1,11,48.61,4.419090909090909
58,6,2,11,32.03,2.911818181818182
58,6,3,15,33.22,2.2146666666666666
58,6,4,17,28.46,1.6741176470588235
58,8,0,16,37.81,2.363125
58,8,1,2,3.25,1.625
58,8,2,10,13.64,1.364
58,8,3,10,5.33,0.533
58,8,4,7,2.96,0.4228571428571429
58,10,0,15,68.44,4.562666666666667
58,10,1,11,35.86,3.26
58,10,2,18,33.94,1.8855555555555554
58,10,3,7,6.81,0.9728571428571428
58,10,4,5,1.37,0.274
58,11,0,17,47.86,2.815294117647059
58,11,1,16,41.61,2.600625
58,11,2,17,32.85,1.9323529411764706
58,11,3,20,9.21,0.4605
58,11,4,16,6.05,0.378125
58,12,0,12,33.39,2.7825
58,12,1,18,37.92,2.106666666666667
58,12,2,18,10.44,0.58
58,12,3,9,2.76,0.30666666666666664
58,12,4,6,1.47,0.245
58,13,0,12,40.83,3.4025
58,13,1,19,44.34,2.333684210526316
58,13,2,18,38.35,2.1305555555555555
58,13,3,7,6.61,0.9442857142857143
58,13,4,9,3.45,0.38333333333333336
58,14,0,20,52.39,2.6195
58,14,1,15,37.41,2.4939999999999998
58,14,2,16,28.8,1.8
58,14,3,20,12.8,0.64
58,14,4,18,7.11,0.395
58,16,0,12,44.81,3.734166666666667
58,16,1,10,31.53,3.153
58,16,2,18,22.0,1.2222222222222223
58,16,3,8,7.73,0.96625
58,16,4,7,4.87,0.6957142857142857
58,17,0,1,2.1,2.1
58,17,1,14,16.09,1.1492857142857142
58,17,2,3,1.7,0.5666666666666667
58,17,3,14,3.57,0.255
58,17,4,10,1.22,0.122
58,20,0,20,7.09,0.3545
58,20,1,16,5.55,0.346875
58,20,2,8,2.7,0.3375
58,20,3,4,1.08,0.27
58,20,4,9,2.21,0.24555555555555555
58,21,0,2,2.26,1.13
58,21,1,4,2.63,0.6575
58,21,2,3,1.26,0.42
58,21,3,14,3.44,0.24571428571428572
58,21,4,8,1.19,0.14875
58,23,0,19,85.2,4.484210526315789
58,23,1,9,38.38,4.264444444444445
58,23,2,17,58.28,3.428235294117647
58,23,3,20,64.99,3.2495
58,23,4,15,9.01,0.6006666666666667
58,24,0,15,35.94,2.396
58,24,1,2,4.26,2.13
58,24,2,10,14.5,1.45
58,24,3,7,8.48,1.2114285714285715
58,24,4,10,7.69,0.769
58,25,0,9,14.37,1.5966666666666667
58,25,1,9,13.86,1.54
58,25,2,3,3.98,1.3266666666666667
58,25,3,15,15.38,1.0253333333333334
58,25,4,13,3.62,0.2784615384615385
58,26,0,20,89.18,4.4590000000000005
58,26,1,9,33.3,3.6999999999999997
58,26,2,18,37.18,2.0655555555555556
58,26,3,15,26.74,1.7826666666666666
58,26,4,19,20.29,1.0678947368421052
58,28,0,6,8.26,1.3766666666666667
58,28,1,19,15.33,0.8068421052631579
58,28,2,4,1.88,0.47
58,28,3,6,2.32,0.38666666666666666
58,28,4,19,2.43,0.12789473684210528
58,30,0,12,17.91,1.4925
58,30,1,2,2.13,1.065
58,30,2,5,3.7,0.74
58,30,3,7,4.93,0.7042857142857143
58,30,4,12,1.88,0.15666666666666665
58,34,0,12,18.76,1.5633333333333335
58,34,1,2,3.07,1.535
58,34,2,10,13.19,1.319
58,34,3,7,5.83,0.8328571428571429
58,34,4,20,8.69,0.4345
58,37,0,13,8.87,0.6823076923076923
58,37,1,1,0.55,0.55
58,37,2,20,7.46,0.373
58,37,3,5,1.2,0.24
58,37,4,3,0.62,0.20666666666666667
58,42,0,10,24.77,2.477
58,42,1,2,4.39,2.195
58,42,2,13,19.33,1.4869230769230768
58,42,3,18,8.87,0.49277777777777776
58,42,4,17,2.14,0.12588235294117647
58,43,0,16,62.12,3.8825
58,43,1,17,46.01,2.706470588235294
58,43,2,11,19.45,1.768181818181818
58,43,3,2,3.03,1.515
58,43,4,2,2.12,1.06
58,45,0,8,8.66,1.0825
58,45,1,19,17.31,0.9110526315789473
58,45,2,14,8.16,0.5828571428571429
58,45,3,1,0.17,0.17
58,45,4,12,1.75,0.14583333333333334
58,47,0,12,46.74,3.895
58,47,1,10,33.86,3.386
58,47,2,11,27.44,2.4945454545454546
58,47,3,19,36.16,1.903157894736842
58,47,4,12,15.33,1.2775
58,48,0,4,8.47,2.1175
58,48,1,2,3.99,1.995
58,48,2,18,35.05,1.947222222222222
58,48,3,5,5.12,1.024
58,48,4,17,5.48,0.3223529411764706
58,49,0,5,8.96,1.7920000000000003
58,49,1,8,13.96,1.745
58,49,2,15,19.47,1.2979999999999998
58,49,3,7,2.92,0.41714285714285715
58,49,4,6,1.61,0.26833333333333337
58,51,0,11,14.47,1.3154545454545454
58,51,1,8,10.49,1.31125
58,51,2,7,9.01,1.2871428571428571
58,51,3,3,3.1,1.0333333333333334
58,51,4,13,7.81,0.6007692307692307
58,53,0,7,58.6,8.371428571428572
58,53,1,10,49.26,4.926
58,53,2,17,75.47,4.439411764705882
58,53,3,10,35.41,3.5409999999999995
58,53,4,1,2.13,2.13
58,54,0,14,20.52,1.4657142857142857
58,54,1,15,18.57,1.238
58,54,2,19,20.39,1.073157894736842
58,54,3,19,13.49,0.71
58,54,4,7,2.45,0.35000000000000003
58,57,0,11,67.86,6.169090909090909
58,57,1,1,5.38,5.38
58,57,2,4,14.14,3.535
58,57,3,15,27.28,1.8186666666666667
58,57,4,17,15.72,0.9247058823529413
58,59,0,15,11.85,0.7899999999999999
58,59,1,1,0.55,0.55
58,59,2,20,10.05,0.5025000000000001
58,59,3,5,2.29,0.458
58,59,4,8,3.53,0.44125
58,64,0,6,17.35,2.891666666666667
58,64,1,16,42.16,2.635
58,64,2,9,22.44,2.4933333333333336
58,64,3,17,37.87,2.2276470588235293
58,64,4,6,6.89,1.1483333333333332
58,67,0,6,10.02,1.67
58,67,1,20,21.52,1.076
58,67,2,5,5.23,1.046
58,67,3,4,3.4,0.85
58,67,4,9,1.01,0.11222222222222222
58,69,0,16,60.39,3.774375
58,69,1,12,41.16,3.4299999999999997
58,69,2,17,25.47,1.4982352941176469
58,69,3,11,10.28,0.9345454545454545
58,69,4,1,0.37,0.37
58,70,0,14,46.43,3.3164285714285713
58,70,1,9,21.82,2.4244444444444446
58,70,2,18,38.6,2.1444444444444444
58,70,3,10,18.14,1.814
58,70,4,9,15.56,1.728888888888889
58,77,0,9,22.76,2.528888888888889
58,77,1,4,10.11,2.5275
58,77,2,9,11.0,1.2222222222222223
58,77,3,1,1.13,1.13
58,77,4,16,17.22,1.07625
58,78,0,13,3.83,0.2946153846153846
58,78,1,8,2.32,0.29
58,78,2,13,2.45,0.18846153846153849
58,78,3,17,1.9,0.11176470588235293
58,78,4,15,0.85,0.056666666666666664
58,81,0,6,37.68,6.28
58,81,1,17,84.09,4.946470588235294
58,81,2,9,29.36,3.2622222222222224
58,81,3,17,35.86,2.1094117647058823
58,81,4,8,14.26,1.7825
58,86,0,18,131.69,7.316111111111111
58,86,1,5,19.72,3.944
58,86,2,4,15.68,3.92
58,86,3,11,40.36,3.669090909090909
58,86,4,17,38.2,2.2470588235294118
58,88,0,19,10.94,0.5757894736842105
58,88,1,6,2.01,0.33499999999999996
58,88,2,11,3.4,0.3090909090909091
58,88,3,12,1.73,0.14416666666666667
58,88,4,12,0.32,0.02666666666666667
58,90,0,8,15.9,1.9875
58,90,1,14,15.55,1.1107142857142858
58,90,2,4,3.37,0.8425
58,90,3,11,3.48,0.31636363636363635
58,90,4,20,4.87,0.2435
58,92,0,15,15.44,1.0293333333333332
58,92,1,14,12.64,0.9028571428571429
58,92,2,16,9.29,0.580625
58,92,3,1,0.15,0.15
58,92,4,10,0.53,0.053000000000000005
58,95,0,17,51.05,3.0029411764705882
58,95,1,9,23.45,2.6055555555555556
58,95,2,12,30.54,2.545
58,95,3,7,9.5,1.3571428571428572
58,95,4,19,24.95,1.313157894736842
58,96,0,6,18.54,3.09
58,96,1,12,15.07,1.2558333333333334
58,96,2,15,14.43,0.962
58,96,3,14,7.44,0.5314285714285715
58,96,4,9,1.34,0.1488888888888889
58,98,0,5,10.88,2.176
58,98,1,11,22.19,2.0172727272727276
58,98,2,10,19.1,1.9100000000000001
58,98,3,11,16.66,1.5145454545454546
58,98,4,17,5.11,0.30058823529411766
58,99,0,7,11.92,1.7028571428571428
58,99,1,3,2.56,0.8533333333333334
58,99,2,2,1.37,0.685
58,99,3,17,10.15,0.5970588235294118
58,99,4,17,4.77,0.28058823529411764
59,0,0,4,12.58,3.145
59,0,1,6,8.44,1.4066666666666665
59,0,2,1,1.16,1.16
59,0,3,17,15.22,0.8952941176470589
59,0,4,18,13.21,0.7338888888888889
59,2,0,20,92.68,4.634
59,2,1,4,14.72,3.68
59,2,2,10,30.07,3.007
59,2,3,5,14.23,2.846
59,2,4,6,2.27,0.37833333333333335
59,3,0,19,72.56,3.818947368421053
59,3,1,12,38.48,3.2066666666666666
59,3,2,7,21.38,3.0542857142857143
59,3,3,11,32.72,2.9745454545454546
59,3,4,12,24.23,2.0191666666666666
59,5,0,1,4.18,4.18
59,5,1,10,26.07,2.607
59,5,2,2,3.95,1.975
59,5,3,7,13.79,1.97
59,5,4,5,4.76,0.952
59,6,0,4,19.7,4.925
59,6,1,8,36.86,4.6075
59,6,2,1,4.58,4.58
59,6,3,20,10.89,0.5445
59,6,4,14,3.45,0.24642857142857144
59,8,0,20,92.14,4.607
59,8,1,9,41.21,4.578888888888889
59,8,2,5,18.83,3.7659999999999996
59,8,3,7,17.87,2.552857142857143
59,8,4,17,36.15,2.126470588235294
59,10,0,7,34.7,4.957142857142857
59,10,1,11,52.98,4.816363636363636
59,10,2,10,35.95,3.595
59,10,3,8,20.91,2.61375
59,10,4,8,11.51,1.43875
59,11,0,13,51.31,3.946923076923077
59,11,1,8,19.38,2.4225
59,11,2,2,2.59,1.295
59,11,3,13,8.32,0.64
59,11,4,6,3.04,0.5066666666666667
59,12,0,13,55.5,4.269230769230769
59,12,1,11,28.36,2.578181818181818
59,12,2,19,39.33,2.07
59,12,3,20,28.5,1.425
59,12,4,1,0.73,0.73
59,13,0,20,77.31,3.8655
59,13,1,10,38.2,3.8200000000000003
59,13,2,20,57.8,2.8899999999999997
59,13,3,20,29.64,1.482
59,13,4,16,3.72,0.2325
59,14,0,20,66.79,3.3395
59,14,1,15,46.77,3.1180000000000003
59,14,2,5,12.44,2.488
59,14,3,14,30.37,2.1692857142857145
59,14,4,8,11.32,1.415
59,16,0,2,10.28,5.14
59,16,1,11,45.66,4.15090909090909
59,16,2,11,23.3,2.118181818181818
59,16,3,13,24.86,1.9123076923076923
59,16,4,6,10.17,1.695
59,17,0,3,9.72,3.24
59,17,1,7,18.84,2.6914285714285713
59,17,2,8,14.04,1.755
59,17,3,11,8.14,0.7400000000000001
59,17,4,9,5.31,0.59
59,20,0,18,27.57,1.5316666666666667
59,20,1,15,22.04,1.4693333333333334
59,20,2,8,9.03,1.12875
59,20,3,7,4.23,0.6042857142857143
59,20,4,1,0.47,0.47
59,21,0,3,8.55,2.85
59,21,1,17,37.91,2.23
59,21,2,2,2.95,1.475
59,21,3,9,5.41,0.6011111111111112
59,21,4,6,0.91,0.15166666666666667
59,23,0,12,38.55,3.2125
59,23,1,7,20.93,2.9899999999999998
59,23,2,17,49.89,2.934705882352941
59,23,3,15,25.05,1.6700000000000002
59,23,4,16,19.82,1.23875
59,24,0,8,24.22,3.0275
59,24,1,5,13.54,2.7079999999999997
59,24,2,14,36.74,2.6242857142857146
59,24,3,2,3.86,1.93
59,24,4,7,7.98,1.1400000000000001
59,25,0,8,19.12,2.39
59,25,1,13,26.91,2.07
59,25,2,20,37.5,1.875
59,25,3,1,1.61,1.61
59,25,4,14,19.77,1.4121428571428571
59,26,0,16,89.2,5.575
59,26,1,12,63.91,5.325833333333333
59,26,2,16,46.75,2.921875
59,26,3,11,23.51,2.137272727272727
59,26,4,16,4.15,0.259375
59,28,0,7,12.1,1.7285714285714284
59,28,1,15,25.61,1.7073333333333334
59,28,2,16,20.47,1.279375
59,28,3,4,4.5,1.125
59,28,4,10,2.9,0.29
59,30,0,19,19.45,1.0236842105263158
59,30,1,4,3.02,0.755
59,30,2,9,6.69,0.7433333333333334
59,30,3,2,1.06,0.53
59,30,4,7,3.57,0.51
59,34,0,3,9.32,3.106666666666667
59,34,1,3,4.49,1.4966666666666668
59,34,2,7,6.04,0.8628571428571429
59,34,3,20,15.73,0.7865
59,34,4,5,3.15,0.63
59,37,0,10,18.21,1.8210000000000002
59,37,1,9,11.36,1.2622222222222221
59,37,2,4,2.18,0.545
59,37,3,15,6.97,0.4646666666666667
59,37,4,9,3.62,0.40222222222222226
59,42,0,9,27.7,3.0777777777777775
59,42,1,15,41.78,2.7853333333333334
59,42,2,9,13.63,1.5144444444444445
59,42,3,7,7.88,1.1257142857142857
59,42,4,8,4.7,0.5875
59,43,0,8,33.95,4.24375
59,43,1,4,15.5,3.875
59,43,2,9,20.1,2.2333333333333334
59,43,3,10,4.92,0.492
59,43,4,7,2.7,0.38571428571428573
59,45,0,4,8.91,2.2275
59,45,1,20,37.53,1.8765
59,45,2,6,4.09,0.6816666666666666
59,45,3,19,11.73,0.6173684210526316
59,45,4,18,10.67,0.5927777777777777
59,47,0,20,97.78,4.889
59,47,1,2,6.9,3.45
59,47,2,18,55.27,3.070555555555556
59,47,3,8,22.91,2.86375
59,47,4,5,13.77,2.754
59,48,0,8,13.16,1.645
59,48,1,8,10.23,1.27875
59,48,2,20,24.04,1.202
59,48,3,15,16.4,1.0933333333333333
59,48,4,3,1.97,0.6566666666666666
59,49,0,3,10.92,3.64
59,49,1,20,57.51,2.8754999999999997
59,49,2,15,41.62,2.7746666666666666
59,49,3,17,18.45,1.0852941176470587
59,49,4,13,11.14,0.856923076923077
59,51,0,17,54.45,3.2029411764705884
59,51,1,6,17.97,2.9949999999999997
59,51,2,18,33.21,1.845
59,51,3,15,7.18,0.47866666666666663
59,51,4,18,4.69,0.2605555555555556
59,53,0,6,43.65,7.2749999999999995
59,53,1,16,115.0,7.1875
59,53,2,12,72.78,6.065
59,53,3,5,30.11,6.022
59,53,4,3,1.53,0.51
59,54,0,18,42.58,2.3655555555555554
59,54,1,18,38.17,2.1205555555555557
59,54,2,7,12.58,1.7971428571428572
59,54,3,13,10.21,0.7853846153846155
59,54,4,12,7.32,0.61
59,57,0,8,52.82,6.6025
59,57,1,13,71.49,5.499230769230769
59,57,2,3,14.2,4.733333333333333
59,57,3,9,31.48,3.497777777777778
59,57,4,10,23.18,2.318
59,58,0,15,17.44,1.1626666666666667
59,58,1,7,7.06,1.0085714285714285
59,58,2,20,20.15,1.0074999999999998
59,58,3,3,2.2,0.7333333333333334
59,58,4,20,8.33,0.4165
59,64,0,20,79.4,3.97
59,64,1,2,7.67,3.835
59,64,2,18,64.58,3.5877777777777777
59,64,3,13,32.41,2.4930769230769227
59,64,4,6,9.64,1.6066666666666667
59,67,0,17,15.22,0.8952941176470589
59,67,1,12,10.52,0.8766666666666666
59,67,2,4,1.82,0.455
59,67,3,3,1.13,0.37666666666666665
59,67,4,14,2.68,0.19142857142857145
59,69,0,20,86.25,4.3125
59,69,1,9,34.55,3.8388888888888886
59,69,2,8,12.79,1.59875
59,69,3,20,28.24,1.412
59,69,4,12,13.97,1.1641666666666668
59,70,0,8,34.84,4.355
59,70,1,11,45.92,4.174545454545455
59,70,2,9,30.87,3.43
59,70,3,9,23.27,2.5855555555555556
59,70,4,8,12.09,1.51125
59,77,0,17,65.72,3.8658823529411763
59,77,1,7,26.87,3.8385714285714285
59,77,2,6,18.55,3.091666666666667
59,77,3,12,32.21,2.6841666666666666
59,77,4,16,9.28,0.58
59,78,0,19,23.35,1.2289473684210528
59,78,1,12,13.81,1.1508333333333334
59,78,2,16,11.51,0.719375
59,78,3,12,6.22,0.5183333333333333
59,78,4,1,0.1,0.1
59,81,0,19,144.44,7.6021052631578945
59,81,1,18,132.36,7.353333333333334
59,81,2,19,136.0,7.157894736842105
59,81,3,17,43.49,2.5582352941176474
59,81,4,7,17.8,2.542857142857143
59,86,0,17,88.28,5.192941176470589
59,86,1,8,38.98,4.8725
59,86,2,5,22.04,4.4079999999999995
59,86,3,17,66.15,3.8911764705882357
59,86,4,4,3.56,0.89
59,88,0,11,21.41,1.9463636363636363
59,88,1,15,16.67,1.1113333333333335
59,88,2,12,10.92,0.91
59,88,3,17,13.59,0.7994117647058824
59,88,4,2,1.15,0.575
59,90,0,19,73.55,3.871052631578947
59,90,1,14,48.9,3.492857142857143
59,90,2,5,10.94,2.1879999999999997
59,90,3,9,7.45,0.8277777777777778
59,90,4,12,9.85,0.8208333333333333
59,92,0,14,35.92,2.565714285714286
59,92,1,15,23.02,1.5346666666666666
59,92,2,18,24.05,1.3361111111111112
59,92,3,5,3.85,0.77
59,92,4,17,6.54,0.3847058823529412
59,95,0,18,72.21,4.011666666666667
59,95,1,1,3.12,3.12
59,95,2,15,41.67,2.778
59,95,3,9,14.51,1.6122222222222222
59,95,4,14,14.67,1.0478571428571428
59,96,0,14,64.05,4.575
59,96,1,8,27.48,3.435
59,96,2,16,47.36,2.96
59,96,3,11,19.89,1.8081818181818183
59,96,4,11,14.67,1.3336363636363637
59,98,0,6,11.03,1.8383333333333332
59,98,1,7,10.12,1.4457142857142855
59,98,2,3,3.78,1.26
59,98,3,4,2.55,0.6375
59,98,4,10,2.9,0.29
59,99,0,5,14.7,2.94
59,99,1,11,31.24,2.84
59,99,2,15,38.99,2.5993333333333335
59,99,3,11,19.2,1.7454545454545454
59,99,4,12,9.25,0.7708333333333334
64,0,0,19,18.52,0.9747368421052631
64,0,1,18,17.14,0.9522222222222223
64,0,2,17,9.56,0.5623529411764706
64,0,3,2,0.92,0.46
64,0,4,5,1.24,0.248
64,2,0,19,149.77,7.882631578947369
64,2,1,19,130.97,6.893157894736842
64,2,2,5,30.77,6.154
64,2,3,6,27.93,4.655
64,2,4,10,14.21,1.421
64,3,0,4,1.52,0.38
64,3,1,10,3.68,0.368
64,3,2,11,3.97,0.3609090909090909
64,3,3,3,0.37,0.12333333333333334
64,3,4,11,0.98,0.0890909090909091
64,5,0,7,19.77,2.8242857142857143
64,5,1,20,46.49,2.3245
64,5,2,5,6.89,1.378
64,5,3,19,26.1,1.3736842105263158
64,5,4,19,14.87,0.7826315789473683
64,6,0,5,22.17,4.434
64,6,1,9,25.32,2.8133333333333335
64,6,2,15,35.62,2.3746666666666667
64,6,3,11,18.18,1.6527272727272726
64,6,4,6,2.72,0.45333333333333337
64,8,0,7,5.53,0.79
64,8,1,2,1.3,0.65
64,8,2,14,8.49,0.6064285714285714
64,8,3,5,2.22,0.44400000000000006
64,8,4,20,1.87,0.0935
64,10,0,19,109.05,5.739473684210526
64,10,1,19,98.61,5.19
64,10,2,16,48.29,3.018125
64,10,3,14,23.65,1.6892857142857143
64,10,4,19,30.89,1.6257894736842105
64,11,0,12,8.6,0.7166666666666667
64,11,1,11,4.02,0.3654545454545454
64,11,2,13,3.44,0.2646153846153846
64,11,3,18,3.48,0.19333333333333333
64,11,4,5,0.51,0.10200000000000001
64,12,0,8,32.45,4.05625
64,12,1,18,51.06,2.836666666666667
64,12,2,10,8.48,0.8480000000000001
64,12,3,5,1.85,0.37
64,12,4,10,3.45,0.34500000000000003
64,13,0,7,5.91,0.8442857142857143
64,13,1,8,6.58,0.8225
64,13,2,13,6.91,0.5315384615384615
64,13,3,17,5.55,0.3264705882352941
64,13,4,2,0.1,0.05
64,14,0,13,3.41,0.2623076923076923
64,14,1,18,3.61,0.20055555555555554
64,14,2,7,1.35,0.19285714285714287
64,14,3,18,2.08,0.11555555555555556
64,14,4,13,0.72,0.05538461538461538
64,16,0,1,2.82,2.82
64,16,1,18,40.34,2.2411111111111115
64,16,2,2,1.95,0.975
64,16,3,12,4.07,0.33916666666666667
64,16,4,5,0.77,0.154
64,17,0,15,26.13,1.742
64,17,1,11,16.81,1.528181818181818
64,17,2,8,6.87,0.85875
64,17,3,4,2.99,0.7475
64,17,4,20,11.41,0.5705
64,20,0,5,15.96,3.192
64,20,1,10,26.72,2.6719999999999997
64,20,2,1,1.6,1.6
64,20,3,11,9.44,0.8581818181818182
64,20,4,3,0.63,0.21
64,21,0,12,33.99,2.8325
64,21,1,14,36.09,2.5778571428571433
64,21,2,5,8.66,1.732
64,21,3,3,4.52,1.5066666666666666
64,21,4,9,4.59,0.51
64,23,0,11,84.83,7.711818181818182
64,23,1,13,89.26,6.866153846153846
64,23,2,15,92.92,6.1946666666666665
64,23,3,15,80.35,5.3566666666666665
64,23,4,15,27.26,1.8173333333333335
64,24,0,1,2.91,2.91
64,24,1,16,32.38,2.02375
64,24,2,9,18.01,2.0011111111111113
64,24,3,13,23.06,1.7738461538461539
64,24,4,6,8.32,1.3866666666666667
64,25,0,7,11.17,1.5957142857142856
64,25,1,10,14.4,1.44
64,25,2,14,15.13,1.0807142857142857
64,25,3,18,8.65,0.48055555555555557
64,25,4,9,2.29,0.2544444444444445
64,26,0,2,13.72,6.86
64,26,1,7,45.94,6.562857142857142
64,26,2,18,94.56,5.253333333333334
64,26,3,1,3.21,3.21
64,26,4,12,22.81,1.9008333333333332
64,28,0,19,30.04,1.5810526315789473
64,28,1,5,7.28,1.456
64,28,2,10,13.04,1.3039999999999998
64,28,3,15,18.91,1.2606666666666666
64,28,4,19,4.13,0.21736842105263157
64,30,0,12,55.51,4.6258333333333335
64,30,1,5,21.89,4.378
64,30,2,19,76.9,4.0473684210526315
64,30,3,9,12.94,1.4377777777777778
64,30,4,7,3.32,0.47428571428571425
64,34,0,17,27.93,1.6429411764705881
64,34,1,6,6.44,1.0733333333333335
64,34,2,7,6.36,0.9085714285714286
64,34,3,5,3.87,0.774
64,34,4,2,1.16,0.58
64,37,0,16,39.77,2.485625
64,37,1,19,39.49,2.078421052631579
64,37,2,7,7.29,1.0414285714285714
64,37,3,13,6.59,0.5069230769230769
64,37,4,14,1.8,0.1285714285714286
64,42,0,19,12.54,0.6599999999999999
64,42,1,14,9.16,0.6542857142857142
64,42,2,5,3.11,0.622
64,42,3,14,5.37,0.38357142857142856
64,42,4,16,1.94,0.12125
64,43,0,17,4.34,0.25529411764705884
64,43,1,6,1.02,0.17
64,43,2,1,0.11,0.11
64,43,3,4,0.34,0.085
64,43,4,4,0.31,0.0775
64,45,0,16,41.71,2.606875
64,45,1,18,43.79,2.432777777777778
64,45,2,10,19.12,1.9120000000000001
64,45,3,7,8.34,1.1914285714285715
64,45,4,14,3.45,0.24642857142857144
64,47,0,7,24.21,3.4585714285714286
64,47,1,17,44.9,2.6411764705882352
64,47,2,6,10.96,1.8266666666666669
64,47,3,20,26.05,1.3025
64,47,4,16,20.34,1.27125
64,48,0,13,55.44,4.264615384615384
64,48,1,20,67.04,3.3520000000000003
64,48,2,19,59.55,3.134210526315789
64,48,3,3,3.92,1.3066666666666666
64,48,4,10,2.21,0.221
64,49,0,10,29.76,2.976
64,49,1,16,38.96,2.435
64,49,2,4,3.96,0.99
64,49,3,15,12.68,0.8453333333333333
64,49,4,19,6.64,0.3494736842105263
64,51,0,18,37.3,2.072222222222222
64,51,1,11,18.47,1.679090909090909
64,51,2,2,2.69,1.345
64,51,3,18,24.14,1.3411111111111111
64,51,4,1,0.18,0.18
64,53,0,19,132.57,6.977368421052631
64,53,1,9,43.07,4.785555555555556
64,53,2,3,14.24,4.746666666666667
64,53,3,17,39.75,2.338235294117647
64,53,4,15,12.31,0.8206666666666667
64,54,0,6,16.35,2.725
64,54,1,8,17.91,2.23875
64,54,2,8,11.94,1.4925
64,54,3,14,11.59,0.8278571428571428
64,54,4,17,7.92,0.46588235294117647
64,57,0,19,68.15,3.586842105263158
64,57,1,7,23.49,3.3557142857142854
64,57,2,9,23.85,2.6500000000000004
64,57,3,14,13.04,0.9314285714285714
64,57,4,12,5.19,0.43250000000000005
64,58,0,20,65.47,3.2735
64,58,1,14,38.3,2.7357142857142853
64,58,2,4,7.97,1.9925
64,58,3,8,10.4,1.3
64,58,4,14,10.45,0.7464285714285713
64,59,0,13,55.24,4.24923076923077
64,59,1,9,32.72,3.6355555555555554
64,59,2,3,10.74,3.58
64,59,3,17,17.13,1.0076470588235293
64,59,4,2,1.45,0.725
64,67,0,12,65.64,5.47
64,67,1,19,84.91,4.468947368421053
64,67,2,12,27.61,2.3008333333333333
64,67,3,1,2.28,2.28
64,67,4,16,4.12,0.2575
64,69,0,11,35.3,3.209090909090909
64,69,1,2,6.21,3.105
64,69,2,7,17.38,2.4828571428571427
64,69,3,4,7.9,1.975
64,69,4,3,3.98,1.3266666666666667
64,70,0,17,5.66,0.33294117647058824
64,70,1,3,0.79,0.26333333333333336
64,70,2,10,1.27,0.127
64,70,3,4,0.4,0.1
64,70,4,3,0.2,0.06666666666666667
64,77,0,20,24.28,1.214
64,77,1,15,15.53,1.0353333333333332
64,77,2,5,4.06,0.8119999999999999
64,77,3,2,0.85,0.425
64,77,4,7,0.67,0.09571428571428572
64,78,0,2,6.64,3.32
64,78,1,8,12.14,1.5175
64,78,2,9,9.75,1.0833333333333333
64,78,3,6,5.98,0.9966666666666667
64,78,4,3,2.24,0.7466666666666667
64,81,0,2,20.5,10.25
64,81,1,7,64.35,9.192857142857141
64,81,2,20,141.23,7.0615
64,81,3,9,41.88,4.653333333333333
64,81,4,8,8.97,1.12125
64,86,0,11,130.37,11.851818181818182
64,86,1,19,192.04,10.107368421052632
64,86,2,16,153.88,9.6175
64,86,3,20,172.8,8.64
64,86,4,11,67.68,6.152727272727273
64,88,0,1,3.21,3.21
64,88,1,11,28.54,2.5945454545454543
64,88,2,12,9.68,0.8066666666666666
64,88,3,10,7.32,0.732
64,88,4,7,2.79,0.3985714285714286
64,90,0,4,3.38,0.845
64,90,1,20,14.8,0.74
64,90,2,3,2.06,0.6866666666666666
64,90,3,7,2.96,0.4228571428571429
64,90,4,19,3.02,0.15894736842105264
64,92,0,7,17.92,2.56
64,92,1,1,1.91,1.91
64,92,2,7,9.16,1.3085714285714285
64,92,3,5,4.15,0.8300000000000001
64,92,4,19,15.51,0.8163157894736842
64,95,0,14,10.04,0.7171428571428571
64,95,1,3,2.03,0.6766666666666666
64,95,2,4,2.45,0.6125
64,95,3,20,8.75,0.4375
64,95,4,8,0.7,0.0875
64,96,0,17,18.11,1.0652941176470587
64,96,1,19,15.28,0.8042105263157895
64,96,2,13,7.66,0.5892307692307692
64,96,3,12,6.43,0.5358333333333333
64,96,4,17,7.98,0.46941176470588236
64,98,0,14,58.96,4.211428571428572
64,98,1,12,34.94,2.9116666666666666
64,98,2,12,27.17,2.2641666666666667
64,98,3,1,1.74,1.74
64,98,4,6,9.94,1.6566666666666665
64,99,0,16,27.87,1.741875
64,99,1,8,11.9,1.4875
64,99,2,8,10.39,1.29875
64,99,3,12,11.7,0.975
64,99,4,17,3.34,0.19647058823529412
67,0,0,2,6.81,3.405
67,0,1,4,12.62,3.155
67,0,2,6,17.4,2.9
67,0,3,13,14.7,1.1307692307692307
67,0,4,3,1.08,0.36000000000000004
67,2,0,8,28.12,3.515
67,2,1,14,43.03,3.073571428571429
67,2,2,18,44.24,2.457777777777778
67,2,3,6,12.88,2.146666666666667
67,2,4,2,3.08,1.54
67,3,0,10,46.11,4.611
67,3,1,7,28.67,4.095714285714286
67,3,2,18,28.37,1.5761111111111112
67,3,3,16,18.4,1.15
67,3,4,19,12.19,0.641578947368421
67,5,0,18,80.88,4.493333333333333
67,5,1,9,36.43,4.047777777777778
67,5,2,10,32.97,3.2969999999999997
67,5,3,7,22.83,3.261428571428571
67,5,4,5,7.01,1.402
67,6,0,16,59.34,3.70875
67,6,1,10,33.31,3.3310000000000004
67,6,2,10,22.82,2.282
67,6,3,4,7.44,1.86
67,6,4,15,25.85,1.7233333333333334
67,8,0,10,49.19,4.919
67,8,1,11,42.36,3.850909090909091
67,8,2,11,32.13,2.9209090909090913
67,8,3,12,33.11,2.7591666666666668
67,8,4,10,15.62,1.5619999999999998
67,10,0,10,36.65,3.665
67,10,1,4,11.6,2.9
67,10,2,2,4.33,2.165
67,10,3,14,27.76,1.9828571428571429
67,10,4,11,15.4,1.4000000000000001
67,11,0,8,35.25,4.40625
67,11,1,8,32.92,4.115
67,11,2,7,13.46,1.922857142857143
67,11,3,4,6.59,1.6475
67,11,4,11,13.86,1.26
67,12,0,14,40.85,2.917857142857143
67,12,1,14,38.18,2.7271428571428573
67,12,2,8,16.05,2.00625
67,12,3,8,16.03,2.00375
67,12,4,3,4.65,1.55
67,13,0,2,10.76,5.38
67,13,1,14,41.55,2.9678571428571425
67,13,2,1,2.61,2.61
67,13,3,2,1.25,0.625
67,13,4,19,10.97,0.5773684210526316
67,14,0,17,63.8,3.7529411764705882
67,14,1,4,11.86,2.965
67,14,2,3,6.45,2.15
67,14,3,4,8.49,2.1225
67,14,4,19,36.93,1.9436842105263157
67,16,0,16,67.47,4.216875
67,16,1,10,29.99,2.9989999999999997
67,16,2,3,7.83,2.61
67,16,3,8,20.2,2.525
67,16,4,4,7.06,1.765
67,17,0,13,36.07,2.7746153846153847
67,17,1,15,21.14,1.4093333333333333
67,17,2,1,1.37,1.37
67,17,3,5,5.36,1.072
67,17,4,2,0.59,0.295
67,20,0,4,8.0,2.0
67,20,1,2,3.94,1.97
67,20,2,11,15.96,1.450909090909091
67,20,3,15,20.34,1.356
67,20,4,2,2.16,1.08
67,21,0,20,48.85,2.4425
67,21,1,4,7.18,1.795
67,21,2,16,27.9,1.74375
67,21,3,6,3.28,0.5466666666666666
67,21,4,1,0.3,0.3
67,23,0,11,23.5,2.1363636363636362
67,23,1,10,18.07,1.807
67,23,2,14,22.76,1.625714285714286
67,23,3,18,18.02,1.001111111111111
67,23,4,7,6.01,0.8585714285714285
67,24,0,8,33.33,4.16625
67,24,1,14,41.17,2.940714285714286
67,24,2,6,13.17,2.195
67,24,3,13,28.53,2.1946153846153846
67,24,4,15,14.9,0.9933333333333334
67,25,0,12,33.27,2.7725000000000004
67,25,1,1,1.45,1.45
67,25,2,20,25.57,1.2785
67,25,3,7,4.88,0.6971428571428572
67,25,4,7,2.15,0.3071428571428571
67,26,0,17,72.87,4.286470588235295
67,26,1,8,33.89,4.23625
67,26,2,20,53.97,2.6985
67,26,3,14,19.93,1.4235714285714285
67,26,4,9,2.47,0.2744444444444445
67,28,0,2,5.84,2.92
67,28,1,18,32.0,1.7777777777777777
67,28,2,20,33.22,1.661
67,28,3,9,10.51,1.1677777777777778
67,28,4,13,7.97,0.6130769230769231
67,30,0,20,9.82,0.491
67,30,1,18,7.08,0.3933333333333333
67,30,2,1,0.32,0.32
67,30,3,12,3.26,0.27166666666666667
67,30,4,20,3.02,0.151
67,34,0,10,34.63,3.463
67,34,1,1,2.52,2.52
67,34,2,8,14.06,1.7575
67,34,3,1,0.47,0.47
67,34,4,7,1.85,0.2642857142857143
67,37,0,15,39.67,2.6446666666666667
67,37,1,9,22.54,2.5044444444444443
67,37,2,15,26.46,1.764
67,37,3,3,1.52,0.5066666666666667
67,37,4,16,3.58,0.22375
67,42,0,20,90.69,4.5344999999999995
67,42,1,5,20.73,4.146
67,42,2,7,27.62,3.9457142857142857
67,42,3,12,27.75,2.3125
67,42,4,1,1.28,1.28
67,43,0,2,7.32,3.66
67,43,1,17,45.52,2.6776470588235295
67,43,2,5,12.67,2.534
67,43,3,1,1.09,1.09
67,43,4,10,9.84,0.984
67,45,0,17,32.04,1.8847058823529412
67,45,1,15,28.16,1.8773333333333333
67,45,2,17,18.13,1.066470588235294
67,45,3,18,18.77,1.0427777777777778
67,45,4,8,2.72,0.34
67,47,0,10,44.71,4.471
67,47,1,3,10.28,3.4266666666666663
67,47,2,4,11.34,2.835
67,47,3,3,7.32,2.44
67,47,4,8,19.43,2.42875
67,48,0,13,9.99,0.7684615384615385
67,48,1,6,2.84,0.47333333333333333
67,48,2,14,5.96,0.4257142857142857
67,48,3,2,0.32,0.16
67,48,4,1,0.07,0.07
67,49,0,11,40.01,3.637272727272727
67,49,1,5,17.9,3.5799999999999996
67,49,2,18,59.91,3.328333333333333
67,49,3,8,22.47,2.80875
67,49,4,2,0.55,0.275
67,51,0,20,55.0,2.75
67,51,1,12,18.28,1.5233333333333334
67,51,2,11,15.86,1.4418181818181817
67,51,3,12,4.55,0.37916666666666665
67,51,4,19,2.64,0.13894736842105262
67,53,0,17,106.3,6.252941176470588
67,53,1,5,30.12,6.024
67,53,2,16,59.32,3.7075
67,53,3,19,27.3,1.436842105263158
67,53,4,12,10.31,0.8591666666666667
67,54,0,4,7.1,1.775
67,54,1,12,11.67,0.9725
67,54,2,10,6.33,0.633
67,54,3,13,6.74,0.5184615384615385
67,54,4,5,1.16,0.23199999999999998
67,57,0,18,121.1,6.727777777777778
67,57,1,7,43.33,6.1899999999999995
67,57,2,17,48.1,2.8294117647058825
67,57,3,3,5.7,1.9000000000000001
67,57,4,3,2.62,0.8733333333333334
67,58,0,3,5.63,1.8766666666666667
67,58,1,7,10.4,1.4857142857142858
67,58,2,14,17.88,1.2771428571428571
67,58,3,15,17.7,1.18
67,58,4,2,0.42,0.21
67,59,0,20,25.26,1.2630000000000001
67,59,1,1,1.17,1.17
67,59,2,4,2.25,0.5625
67,59,3,1,0.4,0.4
67,59,4,1,0.17,0.17
67,64,0,3,12.52,4.173333333333333
67,64,1,9,37.11,4.123333333333333
67,64,2,10,14.35,1.435
67,64,3,7,7.73,1.1042857142857143
67,64,4,7,4.78,0.6828571428571429
67,69,0,7,31.04,4.434285714285714
67,69,1,10,41.32,4.132
67,69,2,18,66.76,3.708888888888889
67,69,3,13,34.86,2.6815384615384614
67,69,4,9,10.75,1.1944444444444444
67,70,0,6,31.56,5.26
67,70,1,9,44.9,4.988888888888889
67,70,2,15,62.5,4.166666666666667
67,70,3,4,9.01,2.2525
67,70,4,13,12.38,0.9523076923076924
67,77,0,20,89.76,4.488
67,77,1,9,34.44,3.826666666666666
67,77,2,4,13.52,3.38
67,77,3,7,15.28,2.182857142857143
67,77,4,20,35.58,1.779
67,78,0,5,7.2,1.44
67,78,1,12,15.53,1.2941666666666667
67,78,2,9,11.01,1.2233333333333334
67,78,3,19,18.42,0.9694736842105264
67,78,4,16,13.93,0.870625
67,81,0,1,6.2,6.2
67,81,1,14,82.93,5.923571428571429
67,81,2,15,47.58,3.1719999999999997
67,81,3,7,14.23,2.032857142857143
67,81,4,12,20.14,1.6783333333333335
67,86,0,14,93.55,6.682142857142857
67,86,1,20,130.24,6.5120000000000005
67,86,2,7,32.41,4.63
67,86,3,20,70.95,3.5475000000000003
67,86,4,5,16.91,3.382
67,88,0,6,14.62,2.4366666666666665
67,88,1,11,20.45,1.8590909090909091
67,88,2,4,6.18,1.545
67,88,3,19,13.14,0.6915789473684211
67,88,4,5,3.31,0.662
67,90,0,9,37.61,4.178888888888888
67,90,1,11,42.57,3.87
67,90,2,1,3.13,3.13
67,90,3,5,3.94,0.788
67,90,4,1,0.47,0.47
67,92,0,12,22.63,1.8858333333333333
67,92,1,2,1.44,0.72
67,92,2,20,10.58,0.529
67,92,3,15,7.49,0.49933333333333335
67,92,4,5,1.86,0.372
67,95,0,17,63.94,3.7611764705882353
67,95,1,12,38.07,3.1725
67,95,2,15,46.88,3.1253333333333333
67,95,3,17,42.38,2.4929411764705884
67,95,4,15,9.42,0.628
67,96,0,2,8.0,4.0
67,96,1,20,65.28,3.2640000000000002
67,96,2,8,25.02,3.1275
67,96,3,4,6.37,1.5925
67,96,4,6,1.71,0.285
67,98,0,19,25.09,1.3205263157894738
67,98,1,7,9.06,1.2942857142857143
67,98,2,3,2.89,0.9633333333333334
67,98,3,4,3.42,0.855
67,98,4,3,0.62,0.20666666666666667
67,99,0,13,43.42,3.3400000000000003
67,99,1,17,54.6,3.211764705882353
67,99,2,18,53.18,2.9544444444444444
67,99,3,6,15.32,2.5533333333333332
67,99,4,1,2.26,2.26
69,0,0,5,17.95,3.59
69,0,1,8,25.79,3.22375
69,0,2,5,13.14,2.628
69,0,3,11,25.0,2.272727272727273
69,0,4,14,8.65,0.6178571428571429
69,2,0,13,63.75,4.903846153846154
69,2,1,14,33.05,2.3607142857142853
69,2,2,20,34.54,1.7269999999999999
69,2,3,15,18.55,1.2366666666666668
69,2,4,2,1.07,0.535
69,3,0,14,62.35,4.453571428571428
69,3,1,6,12.37,2.0616666666666665
69,3,2,6,8.34,1.39
69,3,3,2,2.32,1.16
69,3,4,19,17.14,0.9021052631578947
69,5,0,18,27.9,1.5499999999999998
69,5,1,9,11.43,1.27
69,5,2,2,1.9,0.95
69,5,3,16,11.14,0.69625
69,5,4,16,2.98,0.18625
69,6,0,14,40.33,2.880714285714286
69,6,1,20,53.56,2.678
69,6,2,15,36.04,2.4026666666666667
69,6,3,7,10.97,1.5671428571428572
69,6,4,1,0.53,0.53
69,8,0,6,21.18,3.53
69,8,1,10,21.91,2.191
69,8,2,7,10.3,1.4714285714285715
69,8,3,15,14.83,0.9886666666666667
69,8,4,14,12.55,0.8964285714285715
69,10,0,5,10.13,2.0260000000000002
69,10,1,14,27.59,1.9707142857142856
69,10,2,14,17.51,1.250714285714286
69,10,3,11,11.11,1.01
69,10,4,11,10.77,0.979090909090909
69,11,0,6,27.43,4.571666666666666
69,11,1,16,58.68,3.6675
69,11,2,13,30.72,2.363076923076923
69,11,3,4,4.42,1.105
69,11,4,5,5.49,1.098
69,12,0,9,9.07,1.0077777777777779
69,12,1,8,7.85,0.98125
69,12,2,9,3.25,0.3611111111111111
69,12,3,5,0.88,0.176
69,12,4,8,0.73,0.09125
69,13,0,18,100.85,5.602777777777778
69,13,1,2,4.52,2.26
69,13,2,1,0.74,0.74
69,13,3,10,5.07,0.507
69,13,4,4,1.66,0.415
69,14,0,2,8.13,4.065
69,14,1,11,36.14,3.2854545454545456
69,14,2,8,26.22,3.2775
69,14,3,13,24.05,1.85
69,14,4,4,6.82,1.705
69,16,0,16,26.89,1.680625
69,16,1,20,31.24,1.5619999999999998
69,16,2,17,23.86,1.403529411764706
69,16,3,7,3.52,0.5028571428571429
69,16,4,14,4.17,0.2978571428571429
69,17,0,16,39.5,2.46875
69,17,1,1,2.15,2.15
69,17,2,3,5.07,1.6900000000000002
69,17,3,9,13.98,1.5533333333333335
69,17,4,13,13.83,1.0638461538461539
69,20,0,4,13.97,3.4925
69,20,1,12,23.79,1.9825
69,20,2,20,35.88,1.794
69,20,3,3,3.91,1.3033333333333335
69,20,4,20,25.4,1.27
69,21,0,11,33.12,3.0109090909090908
69,21,1,8,19.0,2.375
69,21,2,15,27.56,1.8373333333333333
69,21,3,14,23.95,1.7107142857142856
69,21,4,13,12.22,0.9400000000000001
69,23,0,9,47.53,5.2811111111111115
69,23,1,17,55.16,3.244705882352941
69,23,2,2,4.42,2.21
69,23,3,10,15.36,1.536
69,23,4,10,8.55,0.8550000000000001
69,24,0,7,11.84,1.6914285714285715
69,24,1,12,14.12,1.1766666666666665
69,24,2,10,8.97,0.897
69,24,3,17,3.39,0.19941176470588237
69,24,4,6,0.68,0.11333333333333334
69,25,0,20,53.54,2.677
69,25,1,9,20.62,2.2911111111111113
69,25,2,8,7.09,0.88625
69,25,3,4,3.54,0.885
69,25,4,16,9.36,0.585
69,26,0,20,50.79,2.5395
69,26,1,16,39.33,2.458125
69,26,2,7,14.12,2.017142857142857
69,26,3,19,34.66,1.8242105263157893
69,26,4,11,11.93,1.0845454545454545
69,28,0,19,62.63,3.2963157894736845
69,28,1,1,2.55,2.55
69,28,2,2,4.65,2.325
69,28,3,1,2.21,2.21
69,28,4,11,23.56,2.1418181818181816
69,30,0,9,32.67,3.6300000000000003
69,30,1,19,59.23,3.1173684210526313
69,30,2,20,47.75,2.3875
69,30,3,20,25.18,1.259
69,30,4,3,3.5,1.1666666666666667
69,34,0,6,22.87,3.811666666666667
69,34,1,17,21.95,1.2911764705882351
69,34,2,3,2.68,0.8933333333333334
69,34,3,19,15.76,0.8294736842105263
69,34,4,8,3.29,0.41125
69,37,0,14,49.92,3.565714285714286
69,37,1,13,30.22,2.3246153846153845
69,37,2,11,21.85,1.9863636363636366
69,37,3,7,11.58,1.6542857142857144
69,37,4,5,6.61,1.322
69,42,0,16,59.66,3.72875
69,42,1,16,56.6,3.5375
69,42,2,19,60.36,3.176842105263158
69,42,3,11,24.43,2.2209090909090907
69,42,4,13,17.74,1.3646153846153846
69,43,0,15,52.97,3.5313333333333334
69,43,1,18,45.18,2.51
69,43,2,5,7.29,1.458
69,43,3,18,21.03,1.1683333333333334
69,43,4,15,10.09,0.6726666666666666
69,45,0,1,2.73,2.73
69,45,1,9,24.08,2.6755555555555555
69,45,2,3,6.31,2.103333333333333
69,45,3,18,25.67,1.426111111111111
69,45,4,20,12.76,0.638
69,47,0,1,1.43,1.43
69,47,1,15,12.77,0.8513333333333333
69,47,2,7,3.11,0.4442857142857143
69,47,3,7,2.05,0.2928571428571428
69,47,4,8,1.9,0.2375
69,48,0,7,20.12,2.8742857142857146
69,48,1,7,17.66,2.5228571428571427
69,48,2,6,6.44,1.0733333333333335
69,48,3,7,5.02,0.7171428571428571
69,48,4,10,3.02,0.302
69,49,0,9,18.04,2.0044444444444443
69,49,1,17,27.38,1.6105882352941177
69,49,2,15,23.35,1.5566666666666669
69,49,3,10,5.07,0.507
69,49,4,15,6.02,0.4013333333333333
69,51,0,12,28.07,2.339166666666667
69,51,1,12,27.96,2.33
69,51,2,13,27.36,2.1046153846153848
69,51,3,14,24.98,1.7842857142857143
69,51,4,13,9.6,0.7384615384615384
69,53,0,3,26.88,8.959999999999999
69,53,1,2,16.54,8.27
69,53,2,18,116.21,6.4561111111111105
69,53,3,5,21.25,4.25
69,53,4,15,15.76,1.0506666666666666
69,54,0,7,18.27,2.61
69,54,1,12,23.61,1.9675
69,54,2,14,25.75,1.8392857142857142
69,54,3,13,20.48,1.5753846153846154
69,54,4,1,0.22,0.22
69,57,0,3,5.51,1.8366666666666667
69,57,1,4,7.31,1.8275
69,57,2,13,15.86,1.22
69,57,3,18,17.28,0.9600000000000001
69,57,4,20,18.69,0.9345000000000001
69,58,0,2,7.73,3.865
69,58,1,18,54.78,3.0433333333333334
69,58,2,18,47.78,2.6544444444444446
69,58,3,11,12.51,1.1372727272727272
69,58,4,20,21.62,1.081
69,59,0,14,72.34,5.167142857142857
69,59,1,16,73.24,4.5775
69,59,2,19,66.34,3.491578947368421
69,59,3,17,23.02,1.3541176470588234
69,59,4,2,2.11,1.055
69,64,0,4,18.67,4.6675
69,64,1,4,16.94,4.235
69,64,2,17,47.49,2.793529411764706
69,64,3,13,29.56,2.273846153846154
69,64,4,11,8.52,0.7745454545454545
69,67,0,17,72.2,4.247058823529412
69,67,1,10,34.31,3.431
69,67,2,12,24.13,2.0108333333333333
69,67,3,2,2.29,1.145
69,67,4,11,11.33,1.03
69,70,0,16,67.37,4.210625
69,70,1,20,66.0,3.3
69,70,2,11,34.28,3.1163636363636367
69,70,3,13,31.8,2.4461538461538463
69,70,4,16,17.45,1.090625
69,77,0,6,22.88,3.813333333333333
69,77,1,7,20.11,2.8728571428571428
69,77,2,6,14.48,2.4133333333333336
69,77,3,17,25.44,1.4964705882352942
69,77,4,12,7.65,0.6375000000000001
69,78,0,18,39.99,2.2216666666666667
69,78,1,4,6.93,1.7325
69,78,2,7,10.47,1.4957142857142858
69,78,3,18,16.04,0.8911111111111111
69,78,4,20,4.48,0.22400000000000003
69,81,0,4,22.98,5.745
69,81,1,3,8.93,2.9766666666666666
69,81,2,4,11.01,2.7525
69,81,3,6,9.32,1.5533333333333335
69,81,4,5,6.79,1.358
69,86,0,2,17.12,8.56
69,86,1,16,130.46,8.15375
69,86,2,2,14.92,7.46
69,86,3,3,7.24,2.4133333333333336
69,86,4,13,12.07,0.9284615384615384
69,88,0,14,47.85,3.417857142857143
69,88,1,18,56.37,3.1316666666666664
69,88,2,10,21.04,2.104
69,88,3,9,11.47,1.2744444444444445
69,88,4,1,0.21,0.21
69,90,0,4,20.54,5.135
69,90,1,2,10.17,5.085
69,90,2,9,42.07,4.674444444444444
69,90,3,6,25.22,4.203333333333333
69,90,4,13,25.95,1.9961538461538462
69,92,0,12,30.67,2.5558333333333336
69,92,1,4,8.23,2.0575
69,92,2,1,1.62,1.62
69,92,3,18,27.98,1.5544444444444445
69,92,4,13,16.0,1.2307692307692308
69,95,0,7,29.99,4.284285714285714
69,95,1,4,16.94,4.235
69,95,2,17,56.34,3.314117647058824
69,95,3,3,8.84,2.9466666666666668
69,95,4,6,15.77,2.6283333333333334
69,96,0,11,25.69,2.3354545454545454
69,96,1,9,12.51,1.39
69,96,2,7,8.67,1.2385714285714287
69,96,3,2,2.1,1.05
69,96,4,14,4.01,0.2864285714285714
69,98,0,5,18.23,3.646
69,98,1,4,13.44,3.36
69,98,2,19,47.71,2.511052631578947
69,98,3,11,24.05,2.1863636363636365
69,98,4,17,4.31,0.25352941176470584
69,99,0,20,61.13,3.0565
69,99,1,12,29.04,2.42
69,99,2,11,21.24,1.9309090909090907
69,99,3,8,7.36,0.92
69,99,4,6,2.11,0.3516666666666666
70,0,0,16,19.04,1.19
70,0,1,5,4.26,0.852
70,0,2,11,6.9,0.6272727272727273
70,0,3,11,6.29,0.5718181818181818
70,0,4,8,2.47,0.30875
70,2,0,16,134.86,8.42875
70,2,1,10,82.46,8.245999999999999
70,2,2,12,79.58,6.631666666666667
70,2,3,7,16.25,2.3214285714285716
70,2,4,5,8.01,1.6019999999999999
70,3,0,6,1.49,0.24833333333333332
70,3,1,12,1.1,0.09166666666666667
70,3,2,19,0.75,0.039473684210526314
70,3,3,4,0.07,0.0175
70,3,4,17,0.2,0.011764705882352941
70,5,0,6,9.45,1.575
70,5,1,18,28.26,1.57
70,5,2,13,16.29,1.253076923076923
70,5,3,4,3.45,0.8625
70,5,4,17,13.77,0.8099999999999999
70,6,0,4,24.52,6.13
70,6,1,15,67.67,4.511333333333334
70,6,2,3,11.25,3.75
70,6,3,2,6.82,3.41
70,6,4,6,16.66,2.776666666666667
70,8,0,11,5.09,0.4627272727272727
70,8,1,5,2.29,0.458
70,8,2,4,1.19,0.2975
70,8,3,17,4.85,0.2852941176470588
70,8,4,9,0.99,0.11
70,10,0,20,125.88,6.294
70,10,1,7,18.79,2.684285714285714
70,10,2,12,22.74,1.8949999999999998
70,10,3,20,12.03,0.6014999999999999
70,10,4,20,11.55,0.5775
70,11,0,4,2.91,0.7275
70,11,1,13,7.24,0.556923076923077
70,11,2,16,7.88,0.4925
70,11,3,18,6.01,0.3338888888888889
70,11,4,16,0.84,0.0525
70,12,0,9,27.44,3.048888888888889
70,12,1,10,25.14,2.5140000000000002
70,12,2,3,6.18,2.06
70,12,3,17,12.25,0.7205882352941176
70,12,4,5,2.46,0.492
70,13,0,3,3.27,1.09
70,13,1,2,2.16,1.08
70,13,2,14,5.66,0.4042857142857143
70,13,3,2,0.54,0.27
70,13,4,10,1.92,0.192
70,14,0,18,10.51,0.5838888888888889
70,14,1,17,7.92,0.46588235294117647
70,14,2,19,8.33,0.43842105263157893
70,14,3,2,0.58,0.29
70,14,4,7,0.42,0.06
70,16,0,8,18.83,2.35375
70,16,1,7,15.28,2.182857142857143
70,16,2,14,22.9,1.6357142857142857
70,16,3,17,25.93,1.525294117647059
70,16,4,8,7.95,0.99375
70,17,0,17,24.62,1.448235294117647
70,17,1,1,1.21,1.21
70,17,2,1,0.7,0.7
70,17,3,2,0.87,0.435
70,17,4,7,1.37,0.19571428571428573
70,20,0,14,34.96,2.4971428571428573
70,20,1,19,28.98,1.5252631578947369
70,20,2,13,16.19,1.2453846153846155
70,20,3,16,16.86,1.05375
70,20,4,14,1.97,0.1407142857142857
70,21,0,10,22.55,2.255
70,21,1,1,1.82,1.82
70,21,2,8,11.37,1.42125
70,21,3,3,3.14,1.0466666666666666
70,21,4,9,9.09,1.01
70,23,0,19,147.76,7.776842105263158
70,23,1,8,49.59,6.19875
70,23,2,14,56.71,4.050714285714286
70,23,3,9,34.97,3.8855555555555554
70,23,4,8,14.01,1.75125
70,24,0,16,27.28,1.705
70,24,1,7,11.64,1.662857142857143
70,24,2,18,17.76,0.9866666666666668
70,24,3,18,10.07,0.5594444444444444
70,24,4,18,2.92,0.1622222222222222
70,25,0,20,35.71,1.7855
70,25,1,5,7.34,1.468
70,25,2,20,25.92,1.296
70,25,3,13,15.98,1.2292307692307693
70,25,4,13,7.1,0.5461538461538461
70,26,0,12,66.8,5.566666666666666
70,26,1,7,30.37,4.338571428571429
70,26,2,17,51.64,3.0376470588235294
70,26,3,2,5.12,2.56
70,26,4,1,1.35,1.35
70,28,0,8,13.5,1.6875
70,28,1,2,1.67,0.835
70,28,2,13,8.43,0.6484615384615384
70,28,3,16,6.6,0.4125
70,28,4,8,1.82,0.2275
70,30,0,14,53.52,3.822857142857143
70,30,1,10,28.34,2.834
70,30,2,11,30.69,2.79
70,30,3,16,38.52,2.4075
70,30,4,5,2.36,0.472
70,34,0,4,3.32,0.83
70,34,1,8,6.26,0.7825
70,34,2,5,3.8,0.76
70,34,3,9,1.82,0.20222222222222222
70,34,4,11,1.23,0.11181818181818182
70,37,0,4,6.49,1.6225
70,37,1,15,17.9,1.1933333333333331
70,37,2,11,12.91,1.1736363636363636
70,37,3,1,0.43,0.43
70,37,4,3,1.04,0.3466666666666667
70,42,0,5,1.97,0.394
70,42,1,5,1.72,0.344
70,42,2,4,0.73,0.1825
70,42,3,3,0.3,0.09999999999999999
70,42,4,3,0.06,0.02
70,43,0,2,1.52,0.76
70,43,1,14,10.16,0.7257142857142858
70,43,2,14,7.42,0.53
70,43,3,14,6.99,0.4992857142857143
70,43,4,7,2.76,0.39428571428571424
70,45,0,13,34.66,2.666153846153846
70,45,1,9,14.67,1.63
70,45,2,10,14.22,1.4220000000000002
70,45,3,10,13.83,1.383
70,45,4,6,4.27,0.7116666666666666
70,47,0,8,25.73,3.21625
70,47,1,10,25.92,2.592
70,47,2,2,4.2,2.1
70,47,3,19,18.56,0.9768421052631578
70,47,4,2,0.73,0.365
70,48,0,10,51.89,5.189
70,48,1,14,44.22,3.1585714285714284
70,48,2,15,46.35,3.0900000000000003
70,48,3,16,43.33,2.708125
70,48,4,4,3.85,0.9625
70,49,0,2,2.89,1.445
70,49,1,15,18.82,1.2546666666666666
70,49,2,9,9.0,1.0
70,49,3,12,5.47,0.4558333333333333
70,49,4,16,4.43,0.276875
70,51,0,1,2.11,2.11
70,51,1,18,35.13,1.9516666666666669
70,51,2,6,7.43,1.2383333333333333
70,51,3,3,1.59,0.53
70,51,4,4,0.61,0.1525
70,53,0,13,120.88,9.298461538461538
70,53,1,6,39.32,6.553333333333334
70,53,2,12,78.31,6.525833333333334
70,53,3,18,84.72,4.706666666666667
70,53,4,15,25.02,1.668
70,54,0,2,5.03,2.515
70,54,1,20,48.18,2.409
70,54,2,9,17.8,1.9777777777777779
70,54,3,1,0.59,0.59
70,54,4,14,2.76,0.19714285714285712
70,57,0,13,63.79,4.906923076923077
70,57,1,12,45.67,3.8058333333333336
70,57,2,18,53.63,2.979444444444445
70,57,3,18,25.43,1.4127777777777777
70,57,4,3,1.1,0.3666666666666667
70,58,0,16,50.96,3.185
70,58,1,9,26.17,2.907777777777778
70,58,2,8,17.01,2.12625
70,58,3,14,24.19,1.727857142857143
70,58,4,3,2.38,0.7933333333333333
70,59,0,2,8.49,4.245
70,59,1,3,11.66,3.8866666666666667
70,59,2,1,3.51,3.51
70,59,3,18,57.41,3.1894444444444443
70,59,4,16,42.29,2.643125
70,64,0,8,2.95,0.36875
70,64,1,18,6.54,0.36333333333333334
70,64,2,14,3.25,0.23214285714285715
70,64,3,9,1.53,0.17
70,64,4,7,1.11,0.15857142857142859
70,67,0,18,38.38,2.1322222222222225
70,67,1,19,24.14,1.2705263157894737
70,67,2,10,8.25,0.825
70,67,3,1,0.54,0.54
70,67,4,17,4.32,0.25411764705882356
70,69,0,7,24.59,3.512857142857143
70,69,1,14,44.29,3.1635714285714287
70,69,2,9,7.97,0.8855555555555555
70,69,3,6,3.92,0.6533333333333333
70,69,4,7,2.65,0.37857142857142856
70,77,0,7,8.57,1.2242857142857144
70,77,1,15,12.7,0.8466666666666666
70,77,2,11,3.2,0.29090909090909095
70,77,3,2,0.41,0.205
70,77,4,10,2.03,0.20299999999999999
70,78,0,12,39.61,3.3008333333333333
70,78,1,16,50.08,3.13
70,78,2,19,57.31,3.0163157894736843
70,78,3,12,17.25,1.4375
70,78,4,1,1.23,1.23
70,81,0,18,215.82,11.99
70,81,1,5,47.69,9.538
70,81,2,7,59.71,8.53
70,81,3,13,75.05,5.773076923076923
70,81,4,12,51.96,4.33
70,86,0,11,129.45,11.768181818181818
70,86,1,18,169.56,9.42
70,86,2,13,98.68,7.590769230769231
70,86,3,14,71.98,5.1414285714285715
70,86,4,11,19.19,1.7445454545454546
70,88,0,20,44.03,2.2015000000000002
70,88,1,8,5.59,0.69875
70,88,2,5,3.46,0.692
70,88,3,9,2.67,0.29666666666666663
70,88,4,10,1.88,0.188
70,90,0,3,2.85,0.9500000000000001
70,90,1,8,7.36,0.92
70,90,2,15,6.37,0.4246666666666667
70,90,3,17,6.42,0.3776470588235294
70,90,4,2,0.74,0.37
70,92,0,12,25.77,2.1475
70,92,1,20,26.39,1.3195000000000001
70,92,2,11,13.65,1.240909090909091
70,92,3,20,19.35,0.9675
70,92,4,5,3.47,0.6940000000000001
70,95,0,13,8.95,0.6884615384615385
70,95,1,14,5.42,0.3871428571428571
70,95,2,10,3.49,0.34900000000000003
70,95,3,10,3.25,0.325
70,95,4,5,0.29,0.057999999999999996
70,96,0,18,9.51,0.5283333333333333
70,96,1,17,7.0,0.4117647058823529
70,96,2,8,2.82,0.3525
70,96,3,16,3.78,0.23625
70,96,4,5,0.6,0.12
70,98,0,19,89.84,4.728421052631579
70,98,1,15,60.65,4.043333333333333
70,98,2,16,38.51,2.406875
70,98,3,3,7.03,2.3433333333333333
70,98,4,4,3.9,0.975
70,99,0,11,16.39,1.49
70,99,1,18,7.13,0.3961111111111111
70,99,2,11,3.66,0.33272727272727276
70,99,3,12,2.35,0.19583333333333333
70,99,4,19,2.11,0.11105263157894736
77,0,0,3,2.13,0.71
77,0,1,15,9.42,0.628
77,0,2,10,5.77,0.577
77,0,3,5,1.66,0.33199999999999996
77,0,4,6,1.32,0.22
77,2,0,19,110.96,5.84
77,2,1,20,74.14,3.707
77,2,2,6,20.18,3.3633333333333333
77,2,3,5,15.7,3.1399999999999997
77,2,4,19,45.37,2.3878947368421053
77,3,0,8,7.44,0.93
77,3,1,20,15.79,0.7895
77,3,2,11,6.34,0.5763636363636363
77,3,3,10,4.22,0.422
77,3,4,19,7.15,0.3763157894736842
77,5,0,14,34.35,2.4535714285714287
77,5,1,5,11.68,2.336
77,5,2,10,18.47,1.847
77,5,3,15,19.91,1.3273333333333333
77,5,4,10,6.0,0.6
77,6,0,16,96.85,6.053125
77,6,1,7,27.79,3.9699999999999998
77,6,2,8,23.07,2.88375
77,6,3,20,57.23,2.8615
77,6,4,8,3.42,0.4275
77,8,0,18,16.53,0.9183333333333334
77,8,1,12,7.06,0.5883333333333333
77,8,2,12,6.85,0.5708333333333333
77,8,3,14,7.87,0.5621428571428572
77,8,4,8,1.17,0.14625
77,10,0,19,114.56,6.029473684210527
77,10,1,8,42.83,5.35375
77,10,2,16,64.09,4.005625
77,10,3,20,23.08,1.154
77,10,4,18,17.04,0.9466666666666667
77,11,0,14,6.79,0.485
77,11,1,14,5.95,0.425
77,11,2,14,5.84,0.41714285714285715
77,11,3,7,2.86,0.40857142857142853
77,11,4,17,3.95,0.2323529411764706
77,12,0,9,35.36,3.928888888888889
77,12,1,11,40.85,3.713636363636364
77,12,2,7,25.58,3.654285714285714
77,12,3,17,56.03,3.2958823529411765
77,12,4,14,35.01,2.5007142857142854
77,13,0,16,19.45,1.215625
77,13,1,8,5.48,0.685
77,13,2,18,10.69,0.5938888888888889
77,13,3,18,8.89,0.49388888888888893
77,13,4,18,4.23,0.23500000000000001
77,14,0,19,20.14,1.06
77,14,1,2,1.39,0.695
77,14,2,19,10.48,0.5515789473684211
77,14,3,10,3.12,0.312
77,14,4,4,0.26,0.065
77,16,0,19,61.02,3.2115789473684213
77,16,1,10,10.69,1.069
77,16,2,13,11.8,0.9076923076923078
77,16,3,14,11.79,0.8421428571428571
77,16,4,17,12.95,0.7617647058823529
77,17,0,7,13.5,1.9285714285714286
77,17,1,11,20.6,1.8727272727272728
77,17,2,11,13.3,1.2090909090909092
77,17,3,9,5.11,0.5677777777777778
77,17,4,12,3.25,0.2708333333333333
77,20,0,8,19.53,2.44125
77,20,1,18,37.06,2.058888888888889
77,20,2,12,22.48,1.8733333333333333
77,20,3,2,2.61,1.305
77,20,4,18,3.57,0.19833333333333333
77,21,0,3,2.61,0.87
77,21,1,13,10.88,0.836923076923077
77,21,2,18,12.88,0.7155555555555556
77,21,3,8,4.89,0.61125
77,21,4,20,4.74,0.23700000000000002
77,23,0,5,32.53,6.506
77,23,1,7,40.29,5.755714285714285
77,23,2,2,9.31,4.655
77,23,3,4,11.68,2.92
77,23,4,13,11.27,0.8669230769230769
77,24,0,5,13.74,2.748
77,24,1,16,37.1,2.31875
77,24,2,15,26.75,1.7833333333333334
77,24,3,7,10.76,1.5371428571428571
77,24,4,8,7.84,0.98
77,25,0,17,19.0,1.1176470588235294
77,25,1,9,8.53,0.9477777777777777
77,25,2,4,3.19,0.7975
77,25,3,16,6.19,0.386875
77,25,4,13,2.52,0.19384615384615383
77,26,0,15,105.78,7.0520000000000005
77,26,1,1,6.58,6.58
77,26,2,2,11.97,5.985
77,26,3,1,5.33,5.33
77,26,4,3,13.56,4.5200000000000005
77,28,0,18,36.29,2.016111111111111
77,28,1,2,3.92,1.96
77,28,2,7,13.24,1.8914285714285715
77,28,3,16,19.95,1.246875
77,28,4,18,4.69,0.2605555555555556
77,30,0,2,8.06,4.03
77,30,1,14,53.16,3.7971428571428567
77,30,2,12,30.86,2.5716666666666668
77,30,3,15,12.4,0.8266666666666667
77,30,4,8,1.42,0.1775
77,34,0,11,7.53,0.6845454545454546
77,34,1,6,4.1,0.6833333333333332
77,34,2,16,10.46,0.65375
77,34,3,1,0.53,0.53
77,34,4,19,7.89,0.41526315789473683
77,37,0,20,27.32,1.366
77,37,1,3,3.9,1.3
77,37,2,14,11.95,0.8535714285714285
77,37,3,17,14.48,0.851764705882353
77,37,4,15,3.45,0.23
77,42,0,1,0.96,0.96
77,42,1,5,4.67,0.9339999999999999
77,42,2,7,3.9,0.5571428571428572
77,42,3,12,4.53,0.3775
77,42,4,15,5.49,0.366
77,43,0,7,8.71,1.2442857142857144
77,43,1,19,20.8,1.0947368421052632
77,43,2,9,9.4,1.0444444444444445
77,43,3,12,3.25,0.2708333333333333
77,43,4,6,1.27,0.21166666666666667
77,45,0,16,33.52,2.095
77,45,1,6,8.58,1.43
77,45,2,4,2.86,0.715
77,45,3,13,3.9,0.3
77,45,4,8,1.23,0.15375
77,47,0,1,2.24,2.24
77,47,1,2,3.77,1.885
77,47,2,2,1.67,0.835
77,47,3,3,0.73,0.24333333333333332
77,47,4,11,2.26,0.20545454545454545
77,48,0,12,35.92,2.9933333333333336
77,48,1,10,25.54,2.554
77,48,2,10,21.44,2.144
77,48,3,12,22.54,1.8783333333333332
77,48,4,7,10.03,1.4328571428571428
77,49,0,16,45.14,2.82125
77,49,1,9,24.6,2.7333333333333334
77,49,2,17,44.42,2.6129411764705885
77,49,3,13,19.33,1.4869230769230768
77,49,4,11,12.6,1.1454545454545455
77,51,0,7,13.57,1.9385714285714286
77,51,1,2,3.77,1.885
77,51,2,9,12.59,1.3988888888888888
77,51,3,20,24.38,1.2189999999999999
77,51,4,20,18.64,0.932
77,53,0,3,18.08,6.026666666666666
77,53,1,6,30.78,5.13
77,53,2,10,24.36,2.436
77,53,3,13,26.84,2.0646153846153847
77,53,4,18,8.43,0.4683333333333333
77,54,0,14,29.29,2.092142857142857
77,54,1,1,1.67,1.67
77,54,2,11,16.47,1.497272727272727
77,54,3,5,4.43,0.8859999999999999
77,54,4,19,14.55,0.7657894736842106
77,57,0,10,52.26,5.226
77,57,1,11,52.29,4.753636363636364
77,57,2,19,83.83,4.412105263157895
77,57,3,15,33.21,2.214
77,57,4,4,5.19,1.2975
77,58,0,18,40.03,2.223888888888889
77,58,1,18,23.2,1.2888888888888888
77,58,2,10,11.33,1.133
77,58,3,18,8.18,0.45444444444444443
77,58,4,8,3.44,0.43
77,59,0,2,6.9,3.45
77,59,1,12,28.22,2.3516666666666666
77,59,2,5,11.41,2.282
77,59,3,6,10.74,1.79
77,59,4,17,24.68,1.4517647058823528
77,64,0,3,3.16,1.0533333333333335
77,64,1,2,1.48,0.74
77,64,2,3,1.33,0.44333333333333336
77,64,3,2,0.83,0.415
77,64,4,12,3.94,0.3283333333333333
77,67,0,3,12.23,4.076666666666667
77,67,1,15,21.55,1.4366666666666668
77,67,2,6,5.68,0.9466666666666667
77,67,3,12,10.43,0.8691666666666666
77,67,4,19,9.16,0.48210526315789476
77,69,0,5,25.44,5.088
77,69,1,14,61.34,4.381428571428572
77,69,2,5,20.93,4.186
77,69,3,17,55.71,3.277058823529412
77,69,4,18,45.11,2.506111111111111
77,70,0,1,1.04,1.04
77,70,1,7,7.21,1.03
77,70,2,3,2.42,0.8066666666666666
77,70,3,17,6.88,0.4047058823529412
77,70,4,14,4.75,0.3392857142857143
77,78,0,7,20.18,2.882857142857143
77,78,1,4,9.57,2.3925
77,78,2,13,30.97,2.382307692307692
77,78,3,17,36.47,2.1452941176470586
77,78,4,6,1.71,0.285
77,81,0,19,191.19,10.062631578947368
77,81,1,13,126.38,9.721538461538461
77,81,2,5,33.82,6.764
77,81,3,1,6.53,6.53
77,81,4,9,9.39,1.0433333333333334
77,86,0,8,69.97,8.74625
77,86,1,16,117.25,7.328125
77,86,2,4,23.7,5.925
77,86,3,16,84.62,5.28875
77,86,4,12,39.36,3.28
77,88,0,15,33.68,2.2453333333333334
77,88,1,16,29.33,1.833125
77,88,2,20,34.53,1.7265000000000001
77,88,3,2,2.31,1.155
77,88,4,11,7.01,0.6372727272727272
77,90,0,1,0.34,0.34
77,90,1,13,3.83,0.2946153846153846
77,90,2,10,2.15,0.215
77,90,3,8,0.89,0.11125
77,90,4,15,0.56,0.037333333333333336
77,92,0,12,19.69,1.6408333333333334
77,92,1,14,21.74,1.5528571428571427
77,92,2,10,12.67,1.267
77,92,3,14,16.67,1.1907142857142858
77,92,4,7,1.81,0.25857142857142856
77,95,0,1,0.42,0.42
77,95,1,5,2.0,0.4
77,95,2,8,1.69,0.21125
77,95,3,2,0.35,0.175
77,95,4,9,1.39,0.15444444444444444
77,96,0,14,15.38,1.0985714285714285
77,96,1,16,14.71,0.919375
77,96,2,1,0.78,0.78
77,96,3,14,9.82,0.7014285714285714
77,96,4,9,3.33,0.37
77,98,0,16,68.74,4.29625
77,98,1,2,7.64,3.82
77,98,2,11,27.42,2.4927272727272727
77,98,3,7,14.5,2.0714285714285716
77,98,4,14,3.36,0.24
77,99,0,15,14.91,0.994
77,99,1,1,0.94,0.94
77,99,2,11,7.37,0.67
77,99,3,2,1.22,0.61
77,99,4,1,0.34,0.34
78,0,0,5,9.82,1.964
78,0,1,19,27.29,1.4363157894736842
78,0,2,1,1.19,1.19
78,0,3,18,11.15,0.6194444444444445
78,0,4,2,0.75,0.375
78,2,0,12,49.98,4.165
78,2,1,6,18.92,3.1533333333333338
78,2,2,5,14.56,2.912
78,2,3,13,30.91,2.3776923076923078
78,2,4,7,15.87,2.267142857142857
78,3,0,17,58.0,3.411764705882353
78,3,1,4,9.73,2.4325
78,3,2,17,25.37,1.4923529411764707
78,3,3,9,10.4,1.1555555555555557
78,3,4,9,5.47,0.6077777777777778
78,5,0,12,40.38,3.365
78,5,1,5,12.86,2.572
78,5,2,13,25.51,1.9623076923076925
78,5,3,14,20.36,1.4542857142857142
78,5,4,3,2.04,0.68
78,6,0,8,36.69,4.58625
78,6,1,13,51.98,3.9984615384615383
78,6,2,19,73.76,3.882105263157895
78,6,3,9,29.81,3.312222222222222
78,6,4,13,9.91,0.7623076923076924
78,8,0,10,29.36,2.936
78,8,1,4,6.31,1.5775
78,8,2,8,9.83,1.22875
78,8,3,14,14.65,1.0464285714285715
78,8,4,17,10.89,0.6405882352941177
78,10,0,10,23.75,2.375
78,10,1,3,6.95,2.316666666666667
78,10,2,18,27.98,1.5544444444444445
78,10,3,7,4.3,0.6142857142857142
78,10,4,18,6.87,0.38166666666666665
78,11,0,19,58.56,3.082105263157895
78,11,1,2,3.78,1.89
78,11,2,16,29.42,1.83875
78,11,3,3,3.7,1.2333333333333334
78,11,4,17,5.0,0.29411764705882354
78,12,0,8,24.34,3.0425
78,12,1,5,12.69,2.538
78,12,2,9,18.42,2.046666666666667
78,12,3,10,20.04,2.004
78,12,4,19,31.58,1.6621052631578948
78,13,0,3,9.06,3.02
78,13,1,20,45.89,2.2945
78,13,2,11,11.38,1.0345454545454547
78,13,3,2,1.81,0.905
78,13,4,10,3.24,0.324
78,14,0,12,42.16,3.513333333333333
78,14,1,1,3.08,3.08
78,14,2,9,22.35,2.4833333333333334
78,14,3,7,15.6,2.2285714285714286
78,14,4,18,35.1,1.9500000000000002
78,16,0,10,34.63,3.463
78,16,1,19,28.89,1.5205263157894737
78,16,2,19,23.57,1.2405263157894737
78,16,3,6,2.5,0.4166666666666667
78,16,4,3,0.59,0.19666666666666666
78,17,0,16,32.7,2.04375
78,17,1,4,5.14,1.285
78,17,2,7,8.2,1.1714285714285713
78,17,3,16,13.66,0.85375
78,17,4,7,3.92,0.5599999999999999
78,20,0,19,5.45,0.2868421052631579
78,20,1,10,2.47,0.24700000000000003
78,20,2,18,3.9,0.21666666666666667
78,20,3,5,1.07,0.21400000000000002
78,20,4,6,0.66,0.11
78,21,0,7,10.97,1.5671428571428572
78,21,1,18,21.28,1.1822222222222223
78,21,2,2,1.79,0.895
78,21,3,14,8.27,0.5907142857142856
78,21,4,12,2.65,0.22083333333333333
78,23,0,4,13.55,3.3875
78,23,1,16,46.19,2.886875
78,23,2,6,14.13,2.355
78,23,3,19,36.95,1.9447368421052633
78,23,4,14,24.36,1.74
78,24,0,5,15.95,3.19
78,24,1,18,22.37,1.2427777777777778
78,24,2,11,12.4,1.1272727272727272
78,24,3,14,10.97,0.7835714285714286
78,24,4,15,9.95,0.6633333333333333
78,25,0,13,18.68,1.436923076923077
78,25,1,6,7.21,1.2016666666666667
78,25,2,13,3.81,0.29307692307692307
78,25,3,6,1.39,0.23166666666666666
78,25,4,5,0.97,0.194
78,26,0,2,9.74,4.87
78,26,1,12,39.82,3.3183333333333334
78,26,2,2,5.35,2.675
78,26,3,20,47.8,2.3899999999999997
78,26,4,18,20.0,1.1111111111111112
78,28,0,5,7.23,1.4460000000000002
78,28,1,12,16.23,1.3525
78,28,2,14,13.35,0.9535714285714285
78,28,3,7,6.67,0.9528571428571428
78,28,4,19,2.4,0.12631578947368421
78,30,0,8,9.19,1.14875
78,30,1,11,12.33,1.1209090909090909
78,30,2,14,12.94,0.9242857142857143
78,30,3,1,0.76,0.76
78,30,4,1,0.39,0.39
78,34,0,16,33.68,2.105
78,34,1,11,11.38,1.0345454545454547
78,34,2,6,5.53,0.9216666666666667
78,34,3,16,13.02,0.81375
78,34,4,13,5.39,0.4146153846153846
78,37,0,2,1.79,0.895
78,37,1,9,6.96,0.7733333333333333
78,37,2,7,4.82,0.6885714285714286
78,37,3,5,1.77,0.354
78,37,4,8,1.58,0.1975
78,42,0,12,38.47,3.205833333333333
78,42,1,2,4.67,2.335
78,42,2,9,18.69,2.0766666666666667
78,42,3,9,13.76,1.528888888888889
78,42,4,4,5.41,1.3525
78,43,0,8,25.71,3.21375
78,43,1,4,6.73,1.6825
78,43,2,1,1.56,1.56
78,43,3,12,5.71,0.47583333333333333
78,43,4,10,2.93,0.29300000000000004
78,45,0,17,18.85,1.1088235294117648
78,45,1,12,10.6,0.8833333333333333
78,45,2,8,7.01,0.87625
78,45,3,19,8.85,0.46578947368421053
78,45,4,3,0.92,0.3066666666666667
78,47,0,5,16.47,3.2939999999999996
78,47,1,15,35.1,2.3400000000000003
78,47,2,5,11.45,2.29
78,47,3,17,35.8,2.105882352941176
78,47,4,17,17.04,1.0023529411764704
78,48,0,9,14.53,1.6144444444444443
78,48,1,17,16.97,0.998235294117647
78,48,2,5,4.63,0.9259999999999999
78,48,3,17,3.02,0.1776470588235294
78,48,4,10,1.63,0.16299999999999998
78,49,0,4,10.49,2.6225
78,49,1,7,13.89,1.9842857142857144
78,49,2,18,19.41,1.0783333333333334
78,49,3,3,1.95,0.65
78,49,4,15,2.94,0.196
78,51,0,18,33.44,1.8577777777777778
78,51,1,13,21.71,1.6700000000000002
78,51,2,20,29.74,1.4869999999999999
78,51,3,14,10.23,0.7307142857142858
78,51,4,8,4.6,0.575
78,53,0,10,73.79,7.3790000000000004
78,53,1,5,25.78,5.156000000000001
78,53,2,3,12.71,4.236666666666667
78,53,3,18,57.43,3.1905555555555556
78,53,4,16,26.13,1.633125
78,54,0,12,19.26,1.6050000000000002
78,54,1,6,6.48,1.08
78,54,2,1,0.94,0.94
78,54,3,17,8.07,0.4747058823529412
78,54,4,15,2.56,0.17066666666666666
78,57,0,16,66.66,4.16625
78,57,1,2,6.76,3.38
78,57,2,4,4.76,1.19
78,57,3,16,9.99,0.624375
78,57,4,2,0.77,0.385
78,58,0,7,2.67,0.3814285714285714
78,58,1,9,2.28,0.2533333333333333
78,58,2,14,3.53,0.2521428571428571
78,58,3,12,2.64,0.22
78,58,4,16,2.51,0.156875
78,59,0,4,3.28,0.82
78,59,1,10,7.54,0.754
78,59,2,12,9.01,0.7508333333333334
78,59,3,17,2.43,0.14294117647058824
78,59,4,15,1.8,0.12000000000000001
78,64,0,7,22.86,3.2657142857142856
78,64,1,13,41.26,3.1738461538461538
78,64,2,1,1.96,1.96
78,64,3,20,34.86,1.7429999999999999
78,64,4,18,3.36,0.18666666666666665
78,67,0,15,20.97,1.398
78,67,1,9,12.23,1.358888888888889
78,67,2,16,19.81,1.238125
78,67,3,10,7.01,0.701
78,67,4,9,5.26,0.5844444444444444
78,69,0,4,12.19,3.0475
78,69,1,9,25.18,2.7977777777777777
78,69,2,3,8.17,2.723333333333333
78,69,3,14,32.2,2.3000000000000003
78,69,4,6,8.41,1.4016666666666666
78,70,0,4,12.85,3.2125
78,70,1,4,12.74,3.185
78,70,2,20,45.12,2.256
78,70,3,19,36.44,1.917894736842105
78,70,4,7,6.52,0.9314285714285714
78,77,0,4,11.54,2.885
78,77,1,5,13.4,2.68
78,77,2,2,3.75,1.875
78,77,3,9,16.58,1.842222222222222
78,77,4,3,4.15,1.3833333333333335
78,81,0,15,136.53,9.102
78,81,1,15,131.38,8.758666666666667
78,81,2,20,135.14,6.757
78,81,3,12,33.11,2.7591666666666668
78,81,4,3,6.25,2.0833333333333335
78,86,0,6,49.24,8.206666666666667
78,86,1,7,53.81,7.687142857142858
78,86,2,11,72.43,6.584545454545455
78,86,3,7,34.09,4.87
78,86,4,16,11.67,0.729375
78,88,0,4,2.57,0.6425
78,88,1,6,3.48,0.58
78,88,2,13,3.57,0.2746153846153846
78,88,3,3,0.61,0.20333333333333334
78,88,4,17,1.71,0.10058823529411764
78,90,0,18,56.9,3.161111111111111
78,90,1,11,27.57,2.5063636363636363
78,90,2,6,14.19,2.3649999999999998
78,90,3,9,18.72,2.08
78,90,4,8,6.59,0.82375
78,92,0,16,9.45,0.590625
78,92,1,10,5.26,0.526
78,92,2,14,7.34,0.5242857142857142
78,92,3,4,1.44,0.36
78,92,4,1,0.22,0.22
78,95,0,6,17.61,2.935
78,95,1,8,23.27,2.90875
78,95,2,7,19.96,2.8514285714285714
78,95,3,14,32.18,2.2985714285714285
78,95,4,9,9.12,1.0133333333333332
78,96,0,6,19.65,3.275
78,96,1,10,25.67,2.567
78,96,2,10,21.41,2.141
78,96,3,12,22.66,1.8883333333333334
78,96,4,3,1.58,0.5266666666666667
78,98,0,13,32.59,2.5069230769230773
78,98,1,7,13.17,1.8814285714285715
78,98,2,20,29.42,1.471
78,98,3,5,7.14,1.428
78,98,4,10,6.59,0.659
78,99,0,10,13.39,1.339
78,99,1,12,13.31,1.1091666666666666
78,99,2,17,16.21,0.953529411764706
78,99,3,14,12.04,0.86
78,99,4,10,5.2,0.52
81,0,0,16,148.26,9.26625
81,0,1,16,95.01,5.938125
81,0,2,11,57.52,5.2290909090909095
81,0,3,5,17.32,3.464
81,0,4,6,10.99,1.8316666666666668
81,2,0,16,68.29,4.268125
81,2,1,6,20.14,3.356666666666667
81,2,2,4,11.5,2.875
81,2,3,4,7.75,1.9375
81,2,4,12,17.4,1.45
81,3,0,12,138.4,11.533333333333333
81,3,1,3,11.64,3.8800000000000003
81,3,2,11,38.83,3.53
81,3,3,17,39.29,2.311176470588235
81,3,4,10,17.62,1.762
81,5,0,11,93.82,8.52909090909091
81,5,1,2,14.59,7.295
81,5,2,16,65.73,4.108125
81,5,3,20,76.65,3.8325000000000005
81,5,4,8,14.83,1.85375
81,6,0,13,72.11,5.546923076923077
81,6,1,18,86.02,4.778888888888889
81,6,2,2,9.22,4.61
81,6,3,19,78.65,4.139473684210526
81,6,4,4,4.78,1.195
81,8,0,6,59.02,9.836666666666668
81,8,1,17,163.03,9.59
81,8,2,11,90.63,8.239090909090908
81,8,3,8,53.18,6.6475
81,8,4,9,32.93,3.658888888888889
81,10,0,9,29.2,3.2444444444444445
81,10,1,15,15.41,1.0273333333333334
81,10,2,1,0.72,0.72
81,10,3,2,1.26,0.63
81,10,4,4,1.35,0.3375
81,11,0,11,118.78,10.798181818181819
81,11,1,2,19.17,9.585
81,11,2,2,12.35,6.175
81,11,3,7,38.94,5.562857142857142
81,11,4,5,20.53,4.106
81,12,0,7,55.94,7.991428571428571
81,12,1,19,64.96,3.4189473684210525
81,12,2,20,35.97,1.7985
81,12,3,19,21.03,1.1068421052631578
81,12,4,6,4.08,0.68
81,13,0,8,96.14,12.0175
81,13,1,18,174.1,9.672222222222222
81,13,2,14,101.61,7.257857142857143
81,13,3,20,106.41,5.3205
81,13,4,9,24.99,2.7766666666666664
81,14,0,15,194.02,12.934666666666667
81,14,1,10,110.09,11.009
81,14,2,19,184.1,9.689473684210526
81,14,3,11,61.35,5.577272727272727
81,14,4,15,59.14,3.9426666666666668
81,16,0,1,9.85,9.85
81,16,1,1,9.46,9.46
81,16,2,11,100.65,9.15
81,16,3,12,93.33,7.7775
81,16,4,3,12.01,4.003333333333333
81,17,0,9,97.68,10.853333333333333
81,17,1,6,54.42,9.07
81,17,2,13,90.92,6.993846153846154
81,17,3,19,48.63,2.5594736842105266
81,17,4,2,2.45,1.225
81,20,0,6,49.89,8.315
81,20,1,12,95.09,7.924166666666667
81,20,2,9,68.55,7.616666666666666
81,20,3,2,4.26,2.13
81,20,4,18,35.76,1.9866666666666666
81,21,0,13,79.98,6.1523076923076925
81,21,1,15,91.06,6.070666666666667
81,21,2,10,49.73,4.973
81,21,3,17,74.56,4.385882352941176
81,21,4,10,28.18,2.818
81,23,0,9,23.13,2.57
81,23,1,16,36.6,2.2875
81,23,2,13,9.27,0.713076923076923
81,23,3,17,11.64,0.6847058823529412
81,23,4,2,1.09,0.545
81,24,0,17,170.16,10.009411764705883
81,24,1,14,111.93,7.995
81,24,2,1,4.48,4.48
81,24,3,14,39.67,2.8335714285714286
81,24,4,19,51.31,2.7005263157894737
81,25,0,15,153.64,10.242666666666667
81,25,1,20,177.52,8.876000000000001
81,25,2,17,47.94,2.82
81,25,3,7,16.0,2.2857142857142856
81,25,4,7,6.28,0.8971428571428571
81,26,0,14,99.51,7.107857142857143
81,26,1,2,13.01,6.505
81,26,2,2,5.29,2.645
81,26,3,18,31.48,1.748888888888889
81,26,4,3,4.33,1.4433333333333334
81,28,0,16,137.22,8.57625
81,28,1,5,40.11,8.022
81,28,2,15,113.36,7.557333333333333
81,28,3,12,26.93,2.2441666666666666
81,28,4,3,2.75,0.9166666666666666
81,30,0,16,68.94,4.30875
81,30,1,20,79.91,3.9955
81,30,2,14,45.57,3.255
81,30,3,16,14.94,0.93375
81,30,4,19,11.62,0.611578947368421
81,34,0,15,111.83,7.455333333333333
81,34,1,11,53.27,4.842727272727273
81,34,2,7,25.56,3.6514285714285712
81,34,3,13,30.43,2.3407692307692307
81,34,4,6,6.22,1.0366666666666666
81,37,0,13,77.17,5.936153846153847
81,37,1,1,5.36,5.36
81,37,2,6,22.68,3.78
81,37,3,3,5.08,1.6933333333333334
81,37,4,7,6.5,0.9285714285714286
81,42,0,18,166.28,9.237777777777778
81,42,1,8,72.34,9.0425
81,42,2,12,90.17,7.514166666666667
81,42,3,17,118.74,6.984705882352941
81,42,4,7,26.03,3.718571428571429
81,43,0,6,75.41,12.568333333333333
81,43,1,16,198.2,12.3875
81,43,2,14,154.51,11.036428571428571
81,43,3,7,41.45,5.921428571428572
81,43,4,8,5.52,0.69
81,45,0,3,25.61,8.536666666666667
81,45,1,7,38.32,5.474285714285714
81,45,2,17,76.88,4.522352941176471
81,45,3,18,80.23,4.457222222222223
81,45,4,7,23.13,3.3042857142857143
81,47,0,2,21.5,10.75
81,47,1,9,57.54,6.3933333333333335
81,47,2,14,80.27,5.7335714285714285
81,47,3,12,65.23,5.435833333333334
81,47,4,3,4.81,1.6033333333333333
81,48,0,20,124.34,6.2170000000000005
81,48,1,11,65.46,5.95090909090909
81,48,2,15,75.16,5.010666666666666
81,48,3,6,21.48,3.58
81,48,4,13,24.58,1.8907692307692305
81,49,0,14,142.98,10.212857142857143
81,49,1,11,109.77,9.979090909090909
81,49,2,13,111.57,8.582307692307692
81,49,3,20,135.62,6.781000000000001
81,49,4,7,28.66,4.094285714285714
81,51,0,8,73.28,9.16
81,51,1,13,104.84,8.064615384615385
81,51,2,16,79.18,4.94875
81,51,3,2,6.89,3.445
81,51,4,13,33.52,2.578461538461539
81,53,0,18,23.81,1.3227777777777776
81,53,1,1,0.77,0.77
81,53,2,7,4.09,0.5842857142857143
81,53,3,11,0.93,0.08454545454545455
81,53,4,2,0.15,0.075
81,54,0,16,155.01,9.688125
81,54,1,11,77.15,7.013636363636365
81,54,2,12,76.43,6.3691666666666675
81,54,3,4,20.16,5.04
81,54,4,3,14.5,4.833333333333333
81,57,0,5,61.15,12.23
81,57,1,16,194.25,12.140625
81,57,2,1,11.98,11.98
81,57,3,18,125.98,6.998888888888889
81,57,4,2,2.14,1.07
81,58,0,15,125.27,8.351333333333333
81,58,1,13,85.56,6.581538461538462
81,58,2,18,25.76,1.4311111111111112
81,58,3,19,18.04,0.9494736842105262
81,58,4,8,4.85,0.60625
81,59,0,16,124.29,7.768125
81,59,1,12,87.47,7.289166666666667
81,59,2,1,4.38,4.38
81,59,3,12,35.14,2.9283333333333332
81,59,4,16,44.89,2.805625
81,64,0,1,12.18,12.18
81,64,1,14,138.25,9.875
81,64,2,15,124.17,8.278
81,64,3,5,40.71,8.142
81,64,4,19,59.82,3.148421052631579
81,67,0,17,110.86,6.521176470588236
81,67,1,15,77.28,5.152
81,67,2,11,21.51,1.9554545454545456
81,67,3,4,7.45,1.8625
81,67,4,12,10.41,0.8675
81,69,0,3,15.59,5.196666666666666
81,69,1,3,12.81,4.2700000000000005
81,69,2,16,59.27,3.704375
81,69,3,3,10.36,3.453333333333333
81,69,4,17,17.26,1.015294117647059
81,70,0,12,132.65,11.054166666666667
81,70,1,1,10.27,10.27
81,70,2,16,152.02,9.50125
81,70,3,8,31.46,3.9325
81,70,4,16,53.4,3.3375
81,77,0,5,25.86,5.172
81,77,1,14,68.68,4.905714285714287
81,77,2,11,48.61,4.419090909090909
81,77,3,8,35.25,4.40625
81,77,4,4,11.31,2.8275
81,78,0,8,50.29,6.28625
81,78,1,20,105.82,5.2909999999999995
81,78,2,20,88.37,4.4185
81,78,3,7,29.53,4.218571428571429
81,78,4,18,71.75,3.986111111111111
81,86,0,15,38.91,2.594
81,86,1,12,31.12,2.5933333333333333
81,86,2,10,24.72,2.472
81,86,3,18,28.98,1.61
81,86,4,19,16.09,0.8468421052631578
81,88,0,18,142.59,7.921666666666667
81,88,1,10,66.47,6.647
81,88,2,2,11.78,5.89
81,88,3,9,8.91,0.99
81,88,4,4,3.95,0.9875
81,90,0,16,150.86,9.42875
81,90,1,13,111.59,8.583846153846155
81,90,2,1,5.72,5.72
81,90,3,14,74.08,5.291428571428571
81,90,4,17,29.37,1.7276470588235295
81,92,0,3,27.25,9.083333333333334
81,92,1,19,128.27,6.751052631578948
81,92,2,7,40.38,5.768571428571429
81,92,3,18,81.67,4.537222222222223
81,92,4,16,33.51,2.094375
81,95,0,13,130.72,10.055384615384614
81,95,1,8,80.06,10.0075
81,95,2,7,64.88,9.268571428571429
81,95,3,16,111.82,6.98875
81,95,4,18,93.87,5.215
81,96,0,10,118.94,11.894
81,96,1,14,161.58,11.541428571428572
81,96,2,5,45.6,9.120000000000001
81,96,3,13,106.07,8.159230769230769
81,96,4,13,15.58,1.1984615384615385
81,98,0,6,33.45,5.575
81,98,1,13,70.38,5.413846153846153
81,98,2,9,33.02,3.668888888888889
81,98,3,4,11.47,2.8675
81,98,4,17,45.93,2.701764705882353
81,99,0,4,31.03,7.7575
81,99,1,11,82.06,7.46
81,99,2,3,16.1,5.366666666666667
81,99,3,3,8.26,2.7533333333333334
81,99,4,6,13.77,2.295
86,0,0,7,71.33,10.19
86,0,1,12,121.65,10.137500000000001
86,0,2,17,41.27,2.4276470588235295
86,0,3,15,31.73,2.1153333333333335
86,0,4,9,14.18,1.5755555555555556
86,2,0,10,57.64,5.764
86,2,1,5,23.41,4.682
86,2,2,8,19.45,2.43125
86,2,3,12,18.43,1.5358333333333334
86,2,4,3,2.99,0.9966666666666667
86,3,0,14,83.1,5.935714285714285
86,3,1,7,37.1,5.3
86,3,2,11,28.73,2.611818181818182
86,3,3,20,17.27,0.8634999999999999
86,3,4,9,7.43,0.8255555555555555
86,5,0,4,45.45,11.3625
86,5,1,7,58.78,8.397142857142857
86,5,2,1,6.48,6.48
86,5,3,12,46.92,3.91
86,5,4,1,1.09,1.09
86,6,0,13,97.98,7.5369230769230775
86,6,1,3,22.06,7.353333333333333
86,6,2,10,55.78,5.578
86,6,3,16,50.15,3.134375
86,6,4,1,1.76,1.76
86,8,0,2,14.93,7.465
86,8,1,3,21.97,7.323333333333333
86,8,2,7,47.42,6.774285714285715
86,8,3,4,21.75,5.4375
86,8,4,1,3.39,3.39
86,10,0,11,104.42,9.492727272727272
86,10,1,19,151.84,7.991578947368422
86,10,2,19,119.73,6.301578947368421
86,10,3,19,36.2,1.905263157894737
86,10,4,15,27.91,1.8606666666666667
86,11,0,12,132.68,11.056666666666667
86,11,1,4,40.44,10.11
86,11,2,5,44.78,8.956
86,11,3,6,48.97,8.161666666666667
86,11,4,12,76.41,6.3675
86,12,0,10,82.01,8.201
86,12,1,12,92.52,7.71
86,12,2,8,54.99,6.87375
86,12,3,19,43.71,2.3005263157894738
86,12,4,6,10.37,1.7283333333333333
86,13,0,17,199.7,11.74705882352941
86,13,1,18,178.05,9.891666666666667
86,13,2,3,24.81,8.27
86,13,3,10,72.61,7.261
86,13,4,18,31.9,1.7722222222222221
86,14,0,10,64.04,6.404000000000001
86,14,1,4,13.86,3.465
86,14,2,9,26.56,2.951111111111111
86,14,3,12,20.26,1.6883333333333335
86,14,4,12,12.99,1.0825
86,16,0,15,162.98,10.865333333333332
86,16,1,18,188.51,10.472777777777777
86,16,2,5,37.41,7.481999999999999
86,16,3,3,18.99,6.329999999999999
86,16,4,11,40.1,3.6454545454545455
86,17,0,8,67.89,8.48625
86,17,1,7,50.36,7.194285714285714
86,17,2,14,97.38,6.9557142857142855
86,17,3,9,60.12,6.68
86,17,4,12,22.57,1.8808333333333334
86,20,0,18,125.55,6.975
86,20,1,12,83.05,6.920833333333333
86,20,2,8,46.37,5.79625
86,20,3,20,38.8,1.94
86,20,4,17,15.93,0.9370588235294117
86,21,0,18,115.58,6.421111111111111
86,21,1,7,44.55,6.364285714285714
86,21,2,14,39.17,2.797857142857143
86,21,3,19,51.18,2.6936842105263157
86,21,4,13,34.77,2.674615384615385
86,23,0,16,75.41,4.713125
86,23,1,5,19.27,3.854
86,23,2,13,20.05,1.5423076923076924
86,23,3,9,11.72,1.3022222222222224
86,23,4,10,6.06,0.606
86,24,0,12,130.78,10.898333333333333
86,24,1,14,127.85,9.132142857142856
86,24,2,10,88.82,8.882
86,24,3,16,92.31,5.769375
86,24,4,7,10.29,1.47
86,25,0,9,62.81,6.978888888888889
86,25,1,16,53.69,3.355625
86,25,2,20,62.96,3.148
86,25,3,6,7.59,1.265
86,25,4,1,1.13,1.13
86,26,0,8,69.89,8.73625
86,26,1,15,125.38,8.358666666666666
86,26,2,18,147.68,8.204444444444444
86,26,3,4,15.03,3.7575
86,26,4,7,21.99,3.141428571428571
86,28,0,2,14.9,7.45
86,28,1,12,85.17,7.0975
86,28,2,4,25.61,6.4025
86,28,3,9,50.57,5.618888888888889
86,28,4,16,28.2,1.7625
86,30,0,11,79.91,7.264545454545455
86,30,1,4,20.69,5.1725
86,30,2,5,15.4,3.08
86,30,3,3,5.32,1.7733333333333334
86,30,4,9,9.03,1.0033333333333332
86,34,0,15,129.24,8.616000000000001
86,34,1,20,140.31,7.0155
86,34,2,14,82.67,5.905
86,34,3,17,68.65,4.038235294117648
86,34,4,17,40.94,2.408235294117647
86,37,0,17,88.56,5.209411764705883
86,37,1,12,58.08,4.84
86,37,2,14,57.58,4.112857142857143
86,37,3,4,16.05,4.0125
86,37,4,10,18.25,1.825
86,42,0,19,200.6,10.557894736842105
86,42,1,5,48.87,9.774
86,42,2,9,66.56,7.395555555555556
86,42,3,17,55.85,3.2852941176470587
86,42,4,11,34.47,3.1336363636363633
86,43,0,6,51.69,8.615
86,43,1,10,66.36,6.636
86,43,2,10,60.27,6.027
86,43,3,9,37.71,4.19
86,43,4,12,17.76,1.4800000000000002
86,45,0,13,117.89,9.068461538461538
86,45,1,10,90.04,9.004000000000001
86,45,2,20,100.76,5.038
86,45,3,9,27.38,3.042222222222222
86,45,4,9,24.93,2.77
86,47,0,5,59.02,11.804
86,47,1,4,21.88,5.47
86,47,2,20,97.49,4.874499999999999
86,47,3,18,47.65,2.647222222222222
86,47,4,19,31.89,1.678421052631579
86,48,0,12,84.18,7.015000000000001
86,48,1,6,39.48,6.579999999999999
86,48,2,20,85.02,4.2509999999999994
86,48,3,16,34.54,2.15875
86,48,4,4,8.06,2.015
86,49,0,11,111.56,10.141818181818183
86,49,1,9,67.44,7.493333333333333
86,49,2,13,66.8,5.138461538461538
86,49,3,16,38.46,2.40375
86,49,4,13,25.22,1.94
86,51,0,9,60.85,6.761111111111111
86,51,1,2,10.08,5.04
86,51,2,20,38.04,1.902
86,51,3,17,29.65,1.7441176470588236
86,51,4,6,8.08,1.3466666666666667
86,53,0,1,3.29,3.29
86,53,1,16,44.09,2.755625
86,53,2,5,6.77,1.3539999999999999
86,53,3,10,12.86,1.286
86,53,4,3,2.74,0.9133333333333334
86,54,0,10,96.27,9.626999999999999
86,54,1,2,12.73,6.365
86,54,2,10,46.64,4.664
86,54,3,2,8.63,4.315
86,54,4,12,29.46,2.455
86,57,0,11,138.72,12.610909090909091
86,57,1,16,197.55,12.346875
86,57,2,18,159.34,8.852222222222222
86,57,3,8,52.43,6.55375
86,57,4,10,52.16,5.215999999999999
86,58,0,18,136.98,7.609999999999999
86,58,1,17,119.32,7.0188235294117645
86,58,2,13,35.12,2.7015384615384614
86,58,3,16,30.95,1.934375
86,58,4,6,5.73,0.9550000000000001
86,59,0,1,5.8,5.8
86,59,1,10,46.66,4.6659999999999995
86,59,2,9,38.72,4.302222222222222
86,59,3,9,13.26,1.4733333333333334
86,59,4,17,9.55,0.5617647058823529
86,64,0,19,218.52,11.501052631578949
86,64,1,17,186.1,10.947058823529412
86,64,2,7,58.68,8.382857142857143
86,64,3,16,38.49,2.405625
86,64,4,15,35.7,2.3800000000000003
86,67,0,14,84.9,6.064285714285715
86,67,1,20,102.3,5.115
86,67,2,12,60.54,5.045
86,67,3,15,8.32,0.5546666666666666
86,67,4,14,5.75,0.4107142857142857
86,69,0,10,81.67,8.167
86,69,1,17,118.86,6.991764705882353
86,69,2,3,13.35,4.45
86,69,3,15,37.09,2.472666666666667
86,69,4,2,3.13,1.565
86,70,0,19,164.52,8.658947368421053
86,70,1,14,88.11,6.293571428571428
86,70,2,12,62.03,5.1691666666666665
86,70,3,10,42.49,4.2490000000000006
86,70,4,13,47.76,3.6738461538461538
86,77,0,1,10.57,10.57
86,77,1,19,188.25,9.907894736842104
86,77,2,11,96.55,8.777272727272727
86,77,3,15,69.08,4.605333333333333
86,77,4,10,8.29,0.829
86,78,0,13,106.99,8.23
86,78,1,19,137.77,7.251052631578948
86,78,2,6,34.33,5.721666666666667
86,78,3,16,26.81,1.675625
86,78,4,18,16.73,0.9294444444444445
86,81,0,11,41.05,3.7318181818181815
86,81,1,18,63.82,3.5455555555555556
86,81,2,15,39.87,2.658
86,81,3,13,17.66,1.3584615384615384
86,81,4,15,17.68,1.1786666666666668
86,88,0,3,26.17,8.723333333333334
86,88,1,3,26.09,8.696666666666667
86,88,2,4,24.93,6.2325
86,88,3,5,10.07,2.0140000000000002
86,88,4,12,15.01,1.2508333333333332
86,90,0,3,26.89,8.963333333333333
86,90,1,11,73.12,6.647272727272727
86,90,2,17,96.15,5.655882352941177
86,90,3,17,63.98,3.7635294117647056
86,90,4,13,7.01,0.5392307692307692
86,92,0,2,15.32,7.66
86,92,1,18,121.28,6.737777777777778
86,92,2,13,52.67,4.0515384615384615
86,92,3,12,22.59,1.8825
86,92,4,19,24.25,1.2763157894736843
86,95,0,15,167.8,11.186666666666667
86,95,1,12,45.99,3.8325
86,95,2,1,1.38,1.38
86,95,3,18,24.12,1.34
86,95,4,8,5.85,0.73125
86,96,0,8,71.66,8.9575
86,96,1,1,8.81,8.81
86,96,2,10,26.91,2.691
86,96,3,18,25.37,1.4094444444444445
86,96,4,3,2.37,0.79
86,98,0,15,103.62,6.908
86,98,1,20,137.64,6.882
86,98,2,3,14.78,4.926666666666667
86,98,3,15,52.91,3.527333333333333
86,98,4,4,9.14,2.285
86,99,0,10,103.35,10.334999999999999
86,99,1,19,187.39,9.862631578947367
86,99,2,15,146.35,9.756666666666666
86,99,3,14,131.62,9.401428571428571
86,99,4,15,104.08,6.938666666666666
88,0,0,7,7.93,1.1328571428571428
88,0,1,18,20.16,1.12
88,0,2,4,2.46,0.615
88,0,3,1,0.23,0.23
88,0,4,7,1.34,0.19142857142857145
88,2,0,2,8.3,4.15
88,2,1,18,32.04,1.78
88,2,2,4,3.3,0.825
88,2,3,17,11.28,0.6635294117647058
88,2,4,11,3.23,0.29363636363636364
88,3,0,16,40.76,2.5475
88,3,1,15,19.06,1.2706666666666666
88,3,2,11,13.3,1.2090909090909092
88,3,3,1,0.55,0.55
88,3,4,17,8.29,0.4876470588235294
88,5,0,8,18.3,2.2875
88,5,1,1,1.67,1.67
88,5,2,11,13.62,1.238181818181818
88,5,3,16,14.6,0.9125
88,5,4,17,4.03,0.23705882352941177
88,6,0,18,86.93,4.829444444444444
88,6,1,17,80.6,4.741176470588235
88,6,2,18,71.18,3.954444444444445
88,6,3,10,20.23,2.023
88,6,4,13,23.45,1.8038461538461539
88,8,0,20,43.13,2.1565000000000003
88,8,1,16,22.84,1.4275
88,8,2,2,1.43,0.715
88,8,3,7,2.47,0.35285714285714287
88,8,4,6,1.26,0.21
88,10,0,20,70.63,3.5315
88,10,1,18,56.06,3.1144444444444446
88,10,2,5,12.2,2.44
88,10,3,5,11.97,2.394
88,10,4,13,11.1,0.8538461538461538
88,11,0,4,8.21,2.0525
88,11,1,19,38.55,2.0289473684210524
88,11,2,11,16.44,1.4945454545454546
88,11,3,12,8.14,0.6783333333333333
88,11,4,10,5.49,0.549
88,12,0,18,43.26,2.4033333333333333
88,12,1,11,24.24,2.2036363636363636
88,12,2,12,9.82,0.8183333333333334
88,12,3,9,5.47,0.6077777777777778
88,12,4,20,4.8,0.24
88,13,0,6,11.67,1.945
88,13,1,5,8.42,1.684
88,13,2,9,9.92,1.1022222222222222
88,13,3,18,16.87,0.9372222222222223
88,13,4,12,2.45,0.2041666666666667
88,14,0,10,33.31,3.3310000000000004
88,14,1,16,37.47,2.341875
88,14,2,16,33.99,2.124375
88,14,3,6,11.94,1.99
88,14,4,13,20.84,1.603076923076923
88,16,0,5,16.78,3.3560000000000003
88,16,1,7,7.96,1.1371428571428572
88,16,2,9,5.54,0.6155555555555555
88,16,3,1,0.47,0.47
88,16,4,14,5.89,0.4207142857142857
88,17,0,17,24.49,1.4405882352941175
88,17,1,4,5.68,1.42
88,17,2,7,2.61,0.37285714285714283
88,17,3,3,1.09,0.36333333333333334
88,17,4,16,3.39,0.211875
88,20,0,17,5.56,0.32705882352941174
88,20,1,6,1.61,0.26833333333333337
88,20,2,20,4.24,0.21200000000000002
88,20,3,9,1.48,0.16444444444444445
88,20,4,13,0.3,0.023076923076923075
88,21,0,18,11.21,0.6227777777777779
88,21,1,16,9.18,0.57375
88,21,2,4,2.17,0.5425
88,21,3,15,7.66,0.5106666666666667
88,21,4,12,3.62,0.3016666666666667
88,23,0,13,53.13,4.086923076923077
88,23,1,19,48.3,2.5421052631578944
88,23,2,1,2.44,2.44
88,23,3,2,3.92,1.96
88,23,4,15,7.6,0.5066666666666666
88,24,0,20,52.43,2.6215
88,24,1,4,7.18,1.795
88,24,2,12,14.7,1.2249999999999999
88,24,3,6,6.95,1.1583333333333334
88,24,4,6,4.38,0.73
88,25,0,3,3.13,1.0433333333333332
88,25,1,15,14.39,0.9593333333333334
88,25,2,12,7.31,0.6091666666666666
88,25,3,10,4.03,0.403
88,25,4,10,3.18,0.318
88,26,0,18,101.78,5.654444444444445
88,26,1,20,111.33,5.5665
88,26,2,3,6.95,2.316666666666667
88,26,3,19,36.18,1.9042105263157894
88,26,4,9,10.38,1.1533333333333333
88,28,0,12,6.46,0.5383333333333333
88,28,1,8,2.87,0.35875
88,28,2,16,5.44,0.34
88,28,3,1,0.25,0.25
88,28,4,6,1.08,0.18000000000000002
88,30,0,3,4.51,1.5033333333333332
88,30,1,16,23.09,1.443125
88,30,2,2,1.67,0.835
88,30,3,16,3.71,0.231875
88,30,4,10,2.23,0.223
88,34,0,8,9.85,1.23125
88,34,1,15,15.78,1.052
88,34,2,8,5.91,0.73875
88,34,3,9,4.64,0.5155555555555555
88,34,4,8,3.31,0.41375
88,37,0,8,2.02,0.2525
88,37,1,17,3.51,0.2064705882352941
88,37,2,15,1.85,0.12333333333333334
88,37,3,9,0.95,0.10555555555555556
88,37,4,4,0.3,0.075
88,42,0,11,19.75,1.7954545454545454
88,42,1,2,3.47,1.735
88,42,2,14,22.75,1.625
88,42,3,13,12.59,0.9684615384615385
88,42,4,18,11.92,0.6622222222222223
88,43,0,8,21.88,2.735
88,43,1,17,43.25,2.5441176470588234
88,43,2,9,19.95,2.216666666666667
88,43,3,16,14.39,0.899375
88,43,4,12,1.93,0.16083333333333333
88,45,0,3,1.65,0.5499999999999999
88,45,1,19,10.43,0.5489473684210526
88,45,2,10,3.37,0.337
88,45,3,10,2.83,0.28300000000000003
88,45,4,20,1.59,0.0795
88,47,0,19,60.6,3.1894736842105265
88,47,1,12,37.33,3.1108333333333333
88,47,2,6,12.54,2.09
88,47,3,14,23.71,1.6935714285714287
88,47,4,17,16.28,0.9576470588235295
88,48,0,14,22.05,1.575
88,48,1,16,17.37,1.085625
88,48,2,16,12.43,0.776875
88,48,3,5,3.1,0.62
88,48,4,10,5.51,0.5509999999999999
88,49,0,12,24.24,2.02
88,49,1,4,7.23,1.8075
88,49,2,6,9.26,1.5433333333333332
88,49,3,3,2.39,0.7966666666666667
88,49,4,16,9.62,0.60125
88,51,0,1,1.25,1.25
88,51,1,18,18.75,1.0416666666666667
88,51,2,19,12.86,0.6768421052631579
88,51,3,2,0.33,0.165
88,51,4,16,2.12,0.1325
88,53,0,11,94.49,8.59
88,53,1,7,57.09,8.155714285714286
88,53,2,2,7.95,3.975
88,53,3,4,11.04,2.76
88,53,4,10,9.71,0.9710000000000001
88,54,0,13,15.74,1.2107692307692308
88,54,1,4,4.74,1.185
88,54,2,12,11.89,0.9908333333333333
88,54,3,3,0.76,0.25333333333333335
88,54,4,8,0.82,0.1025
88,57,0,9,37.29,4.1433333333333335
88,57,1,4,14.76,3.69
88,57,2,8,24.29,3.03625
88,57,3,12,33.89,2.8241666666666667
88,57,4,18,45.08,2.5044444444444443
88,58,0,18,10.62,0.59
88,58,1,7,3.34,0.47714285714285715
88,58,2,14,5.56,0.39714285714285713
88,58,3,17,6.4,0.3764705882352941
88,58,4,12,0.77,0.06416666666666666
88,59,0,19,34.97,1.8405263157894736
88,59,1,10,17.11,1.7109999999999999
88,59,2,18,18.97,1.0538888888888889
88,59,3,9,5.01,0.5566666666666666
88,59,4,1,0.09,0.09
88,64,0,18,51.46,2.858888888888889
88,64,1,19,53.07,2.7931578947368423
88,64,2,1,0.6,0.6
88,64,3,18,10.42,0.5788888888888889
88,64,4,16,5.43,0.339375
88,67,0,2,4.78,2.39
88,67,1,7,12.15,1.7357142857142858
88,67,2,17,22.98,1.351764705882353
88,67,3,7,2.49,0.35571428571428576
88,67,4,19,4.21,0.22157894736842104
88,69,0,14,36.17,2.5835714285714286
88,69,1,9,21.44,2.3822222222222225
88,69,2,16,12.68,0.7925
88,69,3,16,12.53,0.783125
88,69,4,19,7.14,0.3757894736842105
88,70,0,2,5.72,2.86
88,70,1,20,38.26,1.9129999999999998
88,70,2,10,18.82,1.8820000000000001
88,70,3,6,8.32,1.3866666666666667
88,70,4,9,3.13,0.34777777777777774
88,77,0,17,36.77,2.1629411764705884
88,77,1,3,5.77,1.9233333333333331
88,77,2,20,32.74,1.637
88,77,3,17,27.69,1.6288235294117648
88,77,4,7,9.84,1.4057142857142857
88,78,0,7,3.73,0.5328571428571428
88,78,1,10,4.68,0.46799999999999997
88,78,2,4,1.02,0.255
88,78,3,1,0.22,0.22
88,78,4,6,0.35,0.05833333333333333
88,81,0,5,35.95,7.19
88,81,1,12,84.55,7.045833333333333
88,81,2,5,28.84,5.768
88,81,3,16,86.87,5.429375
88,81,4,10,43.38,4.338
88,86,0,16,127.46,7.96625
88,86,1,12,90.72,7.56
88,86,2,5,31.29,6.258
88,86,3,15,74.11,4.940666666666667
88,86,4,18,64.1,3.561111111111111
88,90,0,2,4.3,2.15
88,90,1,5,6.73,1.346
88,90,2,9,7.49,0.8322222222222222
88,90,3,8,2.16,0.27
88,90,4,14,3.53,0.2521428571428571
88,92,0,7,3.35,0.4785714285714286
88,92,1,10,3.3,0.32999999999999996
88,92,2,6,1.84,0.3066666666666667
88,92,3,11,3.05,0.2772727272727273
88,92,4,2,0.17,0.085
88,95,0,4,10.65,2.6625
88,95,1,7,17.22,2.46
88,95,2,12,25.61,2.1341666666666668
88,95,3,4,7.73,1.9325
88,95,4,15,3.37,0.22466666666666668
88,96,0,6,14.68,2.4466666666666668
88,96,1,5,10.08,2.016
88,96,2,2,3.51,1.755
88,96,3,2,3.32,1.66
88,96,4,20,17.28,0.8640000000000001
88,98,0,7,20.64,2.948571428571429
88,98,1,16,39.37,2.460625
88,98,2,19,25.72,1.3536842105263158
88,98,3,11,9.3,0.8454545454545456
88,98,4,5,1.5,0.3
88,99,0,16,16.1,1.00625
88,99,1,1,0.92,0.92
88,99,2,20,16.33,0.8164999999999999
88,99,3,18,13.45,0.7472222222222222
88,99,4,17,2.64,0.15529411764705883
90,0,0,13,17.04,1.3107692307692307
90,0,1,17,13.41,0.7888235294117647
90,0,2,18,12.9,0.7166666666666667
90,0,3,10,6.19,0.619
90,0,4,2,0.37,0.185
90,2,0,6,45.35,7.558333333333334
90,2,1,5,33.43,6.686
90,2,2,10,56.15,5.615
90,2,3,19,43.97,2.3142105263157893
90,2,4,10,14.93,1.4929999999999999
90,3,0,3,2.48,0.8266666666666667
90,3,1,9,7.28,0.8088888888888889
90,3,2,5,3.58,0.716
90,3,3,13,6.15,0.4730769230769231
90,3,4,20,2.87,0.14350000000000002
90,5,0,5,17.45,3.4899999999999998
90,5,1,16,49.18,3.07375
90,5,2,1,2.57,2.57
90,5,3,15,29.55,1.97
90,5,4,18,14.59,0.8105555555555556
90,6,0,1,7.37,7.37
90,6,1,11,62.14,5.649090909090909
90,6,2,8,39.39,4.92375
90,6,3,12,50.04,4.17
90,6,4,18,68.36,3.7977777777777777
90,8,0,3,2.8,0.9333333333333332
90,8,1,4,2.82,0.705
90,8,2,3,2.01,0.6699999999999999
90,8,3,14,6.23,0.445
90,8,4,3,0.26,0.08666666666666667
90,10,0,4,18.03,4.5075
90,10,1,19,64.68,3.40421052631579
90,10,2,10,34.02,3.402
90,10,3,7,8.54,1.22
90,10,4,20,20.04,1.002
90,11,0,4,1.14,0.285
90,11,1,2,0.56,0.28
90,11,2,17,2.83,0.16647058823529412
90,11,3,20,3.32,0.16599999999999998
90,11,4,10,0.84,0.08399999999999999
90,12,0,16,36.89,2.305625
90,12,1,3,6.64,2.2133333333333334
90,12,2,12,16.0,1.3333333333333333
90,12,3,13,9.9,0.7615384615384616
90,12,4,7,2.51,0.35857142857142854
90,13,0,6,6.82,1.1366666666666667
90,13,1,5,3.59,0.718
90,13,2,17,9.63,0.5664705882352942
90,13,3,1,0.49,0.49
90,13,4,2,0.27,0.135
90,14,0,2,1.6,0.8
90,14,1,1,0.78,0.78
90,14,2,19,13.78,0.7252631578947368
90,14,3,18,12.89,0.7161111111111111
90,14,4,10,2.27,0.227
90,16,0,12,40.26,3.355
90,16,1,13,37.15,2.8576923076923078
90,16,2,16,32.0,2.0
90,16,3,8,15.35,1.91875
90,16,4,17,12.49,0.7347058823529412
90,17,0,7,15.21,2.172857142857143
90,17,1,9,10.73,1.1922222222222223
90,17,2,20,11.85,0.5925
90,17,3,13,6.92,0.5323076923076923
90,17,4,7,2.01,0.2871428571428571
90,20,0,17,41.19,2.422941176470588
90,20,1,10,24.02,2.402
90,20,2,4,6.82,1.705
90,20,3,7,8.66,1.237142857142857
90,20,4,12,13.13,1.0941666666666667
90,21,0,5,11.9,2.38
90,21,1,16,36.67,2.291875
90,21,2,5,10.94,2.1879999999999997
90,21,3,2,2.48,1.24
90,21,4,5,4.91,0.982
90,23,0,7,52.98,7.5685714285714285
90,23,1,16,119.38,7.46125
90,23,2,13,56.11,4.3161538461538465
90,23,3,16,40.67,2.541875
90,23,4,6,9.27,1.545
90,24,0,7,22.97,3.281428571428571
90,24,1,18,45.41,2.522777777777778
90,24,2,19,34.91,1.8373684210526313
90,24,3,17,29.33,1.7252941176470586
90,24,4,7,3.32,0.47428571428571425
90,25,0,4,6.28,1.57
90,25,1,9,13.54,1.5044444444444443
90,25,2,8,10.83,1.35375
90,25,3,12,15.17,1.2641666666666667
90,25,4,12,14.88,1.24
90,26,0,16,114.03,7.126875
90,26,1,17,101.03,5.942941176470589
90,26,2,12,42.3,3.525
90,26,3,18,58.48,3.2488888888888887
90,26,4,18,58.18,3.232222222222222
90,28,0,3,6.98,2.3266666666666667
90,28,1,7,8.99,1.2842857142857143
90,28,2,4,2.82,0.705
90,28,3,4,2.23,0.5575
90,28,4,13,6.38,0.49076923076923074
90,30,0,11,33.08,3.0072727272727273
90,30,1,2,2.54,1.27
90,30,2,2,2.47,1.235
90,30,3,12,4.03,0.3358333333333334
90,30,4,12,3.8,0.31666666666666665
90,34,0,14,14.97,1.0692857142857144
90,34,1,13,10.91,0.8392307692307692
90,34,2,10,5.48,0.548
90,34,3,14,5.3,0.37857142857142856
90,34,4,18,0.88,0.04888888888888889
90,37,0,2,4.02,2.01
90,37,1,4,3.65,0.9125
90,37,2,5,3.72,0.744
90,37,3,1,0.46,0.46
90,37,4,20,5.11,0.2555
90,42,0,19,7.41,0.39
90,42,1,5,1.71,0.34199999999999997
90,42,2,5,1.35,0.27
90,42,3,17,4.38,0.2576470588235294
90,42,4,4,0.33,0.0825
90,43,0,4,3.83,0.9575
90,43,1,5,3.65,0.73
90,43,2,18,11.19,0.6216666666666666
90,43,3,3,1.2,0.39999999999999997
90,43,4,17,2.67,0.15705882352941175
90,45,0,2,4.19,2.095
90,45,1,17,14.93,0.878235294117647
90,45,2,13,10.01,0.77
90,45,3,3,2.21,0.7366666666666667
90,45,4,18,7.31,0.4061111111111111
90,47,0,5,21.67,4.3340000000000005
90,47,1,2,8.01,4.005
90,47,2,8,24.91,3.11375
90,47,3,2,4.42,2.21
90,47,4,17,23.79,1.3994117647058824
90,48,0,17,69.74,4.10235294117647
90,48,1,6,24.04,4.006666666666667
90,48,2,15,45.97,3.0646666666666667
90,48,3,13,24.43,1.8792307692307693
90,48,4,3,1.59,0.53
90,49,0,6,18.79,3.1316666666666664
90,49,1,11,16.27,1.479090909090909
90,49,2,11,12.11,1.1009090909090908
90,49,3,14,8.6,0.6142857142857142
90,49,4,18,4.82,0.2677777777777778
90,51,0,8,16.69,2.08625
90,51,1,16,29.59,1.849375
90,51,2,16,25.03,1.564375
90,51,3,13,12.85,0.9884615384615384
90,51,4,3,0.98,0.32666666666666666
90,53,0,3,32.55,10.85
90,53,1,4,36.66,9.165
90,53,2,17,140.98,8.292941176470588
90,53,3,19,120.17,6.324736842105263
90,53,4,3,16.25,5.416666666666667
90,54,0,12,21.35,1.7791666666666668
90,54,1,20,20.16,1.008
90,54,2,19,18.85,0.9921052631578948
90,54,3,15,11.85,0.7899999999999999
90,54,4,16,7.72,0.4825
90,57,0,11,64.5,5.863636363636363
90,57,1,20,115.62,5.781000000000001
90,57,2,1,5.69,5.69
90,57,3,8,39.89,4.98625
90,57,4,17,18.44,1.0847058823529412
90,58,0,1,2.46,2.46
90,58,1,15,26.18,1.7453333333333334
90,58,2,15,18.21,1.214
90,58,3,8,3.87,0.48375
90,58,4,13,2.06,0.15846153846153846
90,59,0,1,3.94,3.94
90,59,1,12,44.47,3.705833333333333
90,59,2,18,34.71,1.9283333333333335
90,59,3,17,17.2,1.011764705882353
90,59,4,6,3.45,0.5750000000000001
90,64,0,9,8.73,0.9700000000000001
90,64,1,6,4.36,0.7266666666666667
90,64,2,11,6.58,0.5981818181818181
90,64,3,8,2.34,0.2925
90,64,4,10,1.05,0.10500000000000001
90,67,0,7,35.55,5.078571428571428
90,67,1,8,35.56,4.445
90,67,2,12,42.76,3.563333333333333
90,67,3,4,12.53,3.1325
90,67,4,2,3.78,1.89
90,69,0,11,54.32,4.9381818181818184
90,69,1,2,9.57,4.785
90,69,2,7,32.7,4.671428571428572
90,69,3,16,28.58,1.78625
90,69,4,10,17.32,1.732
90,70,0,6,6.3,1.05
90,70,1,7,6.31,0.9014285714285714
90,70,2,18,15.55,0.8638888888888889
90,70,3,1,0.78,0.78
90,70,4,8,2.49,0.31125
90,77,0,8,2.93,0.36625
90,77,1,5,1.07,0.21400000000000002
90,77,2,15,2.58,0.17200000000000001
90,77,3,13,1.71,0.13153846153846155
90,77,4,20,2.22,0.11100000000000002
90,78,0,4,12.34,3.085
90,78,1,6,14.0,2.3333333333333335
90,78,2,10,16.37,1.637
90,78,3,20,14.94,0.747
90,78,4,20,14.53,0.7264999999999999
90,81,0,8,80.46,10.0575
90,81,1,18,119.43,6.635000000000001
90,81,2,4,22.04,5.51
90,81,3,5,19.1,3.8200000000000003
90,81,4,2,5.56,2.78
90,86,0,19,98.07,5.161578947368421
90,86,1,13,58.25,4.480769230769231
90,86,2,8,33.53,4.19125
90,86,3,11,44.8,4.072727272727272
90,86,4,13,11.51,0.8853846153846153
90,88,0,16,37.65,2.353125
90,88,1,15,16.7,1.1133333333333333
90,88,2,17,15.55,0.9147058823529413
90,88,3,1,0.15,0.15
90,88,4,7,1.04,0.14857142857142858
90,92,0,16,27.58,1.72375
90,92,1,15,20.48,1.3653333333333333
90,92,2,4,3.97,0.9925
90,92,3,18,13.59,0.755
90,92,4,1,0.54,0.54
90,95,0,9,0.78,0.08666666666666667
90,95,1,14,1.03,0.07357142857142858
90,95,2,19,1.28,0.06736842105263158
90,95,3,11,0.1,0.009090909090909092
90,95,4,10,0.08,0.008
90,96,0,15,20.67,1.3780000000000001
90,96,1,9,11.86,1.3177777777777777
90,96,2,15,19.04,1.2693333333333332
90,96,3,18,9.93,0.5516666666666666
90,96,4,5,1.62,0.324
90,98,0,4,21.01,5.2525
90,98,1,10,31.48,3.148
90,98,2,1,1.03,1.03
90,98,3,14,5.08,0.3628571428571429
90,98,4,14,5.03,0.3592857142857143
90,99,0,3,3.89,1.2966666666666666
90,99,1,8,7.43,0.92875
90,99,2,3,2.14,0.7133333333333334
90,99,3,12,6.81,0.5675
90,99,4,8,1.93,0.24125
92,0,0,5,3.23,0.646
92,0,1,20,6.28,0.314
92,0,2,13,4.03,0.31
92,0,3,3,0.93,0.31
92,0,4,20,1.24,0.062
92,2,0,9,54.5,6.055555555555555
92,2,1,19,92.67,4.877368421052632
92,2,2,3,7.28,2.4266666666666667
92,2,3,10,5.44,0.544
92,2,4,17,5.81,0.3417647058823529
92,3,0,16,33.48,2.0925
92,3,1,12,23.59,1.9658333333333333
92,3,2,9,10.34,1.1488888888888888
92,3,3,4,3.67,0.9175
92,3,4,10,7.52,0.752
92,5,0,2,5.2,2.6
92,5,1,20,36.91,1.8455
92,5,2,4,6.38,1.595
92,5,3,14,15.51,1.1078571428571429
92,5,4,10,10.36,1.036
92,6,0,16,82.29,5.143125
92,6,1,8,24.06,3.0075
92,6,2,19,54.48,2.8673684210526313
92,6,3,9,11.46,1.2733333333333334
92,6,4,2,0.56,0.28
92,8,0,6,9.78,1.63
92,8,1,17,22.64,1.331764705882353
92,8,2,8,8.97,1.12125
92,8,3,1,1.07,1.07
92,8,4,14,14.11,1.0078571428571428
92,10,0,6,21.67,3.611666666666667
92,10,1,5,15.77,3.154
92,10,2,19,52.1,2.7421052631578946
92,10,3,15,31.94,2.1293333333333333
92,10,4,10,2.84,0.284
92,11,0,17,28.32,1.6658823529411766
92,11,1,13,19.5,1.5
92,11,2,17,22.8,1.3411764705882354
92,11,3,9,10.59,1.1766666666666667
92,11,4,5,3.06,0.612
92,12,0,16,42.76,2.6725
92,12,1,11,22.73,2.0663636363636364
92,12,2,5,6.55,1.31
92,12,3,9,11.72,1.3022222222222224
92,12,4,5,4.95,0.99
92,13,0,1,3.24,3.24
92,13,1,10,19.29,1.9289999999999998
92,13,2,1,1.87,1.87
92,13,3,2,2.09,1.045
92,13,4,1,0.39,0.39
92,14,0,17,33.19,1.9523529411764704
92,14,1,6,8.82,1.47
92,14,2,4,4.2,1.05
92,14,3,13,12.44,0.9569230769230769
92,14,4,8,2.98,0.3725
92,16,0,8,22.82,2.8525
92,16,1,10,23.2,2.32
92,16,2,14,16.08,1.1485714285714284
92,16,3,18,20.36,1.1311111111111112
92,16,4,14,13.73,0.9807142857142858
92,17,0,4,2.45,0.6125
92,17,1,17,9.99,0.5876470588235294
92,17,2,2,1.16,0.58
92,17,3,20,6.88,0.344
92,17,4,12,3.54,0.295
92,20,0,6,2.46,0.41
92,20,1,16,5.73,0.358125
92,20,2,5,1.65,0.32999999999999996
92,20,3,17,4.32,0.25411764705882356
92,20,4,7,1.71,0.24428571428571427
92,21,0,5,4.49,0.898
92,21,1,8,6.8,0.85
92,21,2,3,1.65,0.5499999999999999
92,21,3,4,1.91,0.4775
92,21,4,12,4.73,0.3941666666666667
92,23,0,19,99.52,5.237894736842105
92,23,1,15,66.2,4.413333333333333
92,23,2,4,12.69,3.1725
92,23,3,7,17.11,2.4442857142857144
92,23,4,3,7.09,2.3633333333333333
92,24,0,16,40.22,2.51375
92,24,1,17,40.03,2.3547058823529414
92,24,2,10,18.13,1.813
92,24,3,20,33.23,1.6614999999999998
92,24,4,10,15.99,1.599
92,25,0,8,3.74,0.4675
92,25,1,20,8.8,0.44000000000000006
92,25,2,6,2.18,0.36333333333333334
92,25,3,6,1.16,0.19333333333333333
92,25,4,6,0.73,0.12166666666666666
92,26,0,15,83.86,5.5906666666666665
92,26,1,11,58.75,5.340909090909091
92,26,2,18,89.29,4.960555555555556
92,26,3,15,53.53,3.5686666666666667
92,26,4,16,31.53,1.970625
92,28,0,4,2.22,0.555
92,28,1,11,5.04,0.4581818181818182
92,28,2,20,9.08,0.454
92,28,3,18,6.44,0.3577777777777778
92,28,4,12,2.31,0.1925
92,30,0,14,32.32,2.3085714285714287
92,30,1,10,19.11,1.911
92,30,2,11,13.72,1.2472727272727273
92,30,3,2,2.21,1.105
92,30,4,12,9.13,0.7608333333333334
92,34,0,13,9.74,0.7492307692307693
92,34,1,11,4.05,0.36818181818181817
92,34,2,15,2.45,0.16333333333333336
92,34,3,11,1.78,0.16181818181818183
92,34,4,14,2.04,0.1457142857142857
92,37,0,10,4.04,0.404
92,37,1,4,1.52,0.38
92,37,2,6,1.93,0.32166666666666666
92,37,3,2,0.51,0.255
92,37,4,5,0.61,0.122
92,42,0,12,12.38,1.0316666666666667
92,42,1,1,0.98,0.98
92,42,2,20,13.21,0.6605000000000001
92,42,3,20,5.56,0.27799999999999997
92,42,4,9,1.49,0.16555555555555557
92,43,0,6,16.0,2.6666666666666665
92,43,1,20,39.43,1.9715
92,43,2,4,7.74,1.935
92,43,3,4,3.21,0.8025
92,43,4,11,4.88,0.4436363636363636
92,45,0,18,15.29,0.8494444444444444
92,45,1,11,6.09,0.5536363636363636
92,45,2,3,1.42,0.47333333333333333
92,45,3,3,1.09,0.36333333333333334
92,45,4,11,1.87,0.17
92,47,0,10,37.05,3.7049999999999996
92,47,1,4,11.72,2.93
92,47,2,14,40.71,2.907857142857143
92,47,3,15,31.35,2.0900000000000003
92,47,4,3,3.71,1.2366666666666666
92,48,0,6,11.27,1.8783333333333332
92,48,1,15,26.04,1.736
92,48,2,2,2.78,1.39
92,48,3,11,7.98,0.7254545454545455
92,48,4,1,0.51,0.51
92,49,0,7,12.52,1.7885714285714285
92,49,1,8,13.88,1.735
92,49,2,2,3.12,1.56
92,49,3,4,4.69,1.1725
92,49,4,5,1.26,0.252
92,51,0,2,2.34,1.17
92,51,1,2,1.21,0.605
92,51,2,5,2.95,0.5900000000000001
92,51,3,1,0.32,0.32
92,51,4,19,5.69,0.29947368421052634
92,53,0,16,137.36,8.585
92,53,1,5,39.2,7.840000000000001
92,53,2,18,116.18,6.454444444444444
92,53,3,18,107.2,5.955555555555556
92,53,4,5,17.69,3.5380000000000003
92,54,0,3,2.32,0.7733333333333333
92,54,1,13,9.57,0.7361538461538462
92,54,2,15,9.16,0.6106666666666667
92,54,3,12,5.98,0.49833333333333335
92,54,4,18,6.3,0.35
92,57,0,19,63.23,3.3278947368421052
92,57,1,8,17.76,2.22
92,57,2,6,10.82,1.8033333333333335
92,57,3,11,6.9,0.6272727272727273
92,57,4,16,7.72,0.4825
92,58,0,17,16.5,0.9705882352941176
92,58,1,11,10.01,0.91
92,58,2,9,4.86,0.54
92,58,3,3,1.18,0.3933333333333333
92,58,4,9,0.85,0.09444444444444444
92,59,0,6,13.23,2.205
92,59,1,6,12.32,2.0533333333333332
92,59,2,8,13.66,1.7075
92,59,3,18,23.3,1.2944444444444445
92,59,4,11,2.35,0.21363636363636365
92,64,0,14,26.99,1.9278571428571427
92,64,1,13,22.67,1.743846153846154
92,64,2,16,27.44,1.715
92,64,3,2,1.04,0.52
92,64,4,1,0.29,0.29
92,67,0,9,25.17,2.796666666666667
92,67,1,6,16.25,2.7083333333333335
92,67,2,6,12.32,2.0533333333333332
92,67,3,15,23.61,1.574
92,67,4,1,0.43,0.43
92,69,0,5,12.25,2.45
92,69,1,9,17.26,1.917777777777778
92,69,2,15,20.84,1.3893333333333333
92,69,3,20,17.2,0.86
92,69,4,10,2.57,0.257
92,70,0,10,19.32,1.932
92,70,1,17,31.3,1.8411764705882354
92,70,2,7,7.24,1.0342857142857143
92,70,3,8,4.49,0.56125
92,70,4,4,1.77,0.4425
92,77,0,19,30.54,1.6073684210526316
92,77,1,8,8.68,1.085
92,77,2,18,16.24,0.9022222222222221
92,77,3,20,16.39,0.8195
92,77,4,19,4.22,0.22210526315789472
92,78,0,13,14.0,1.0769230769230769
92,78,1,16,16.06,1.00375
92,78,2,3,2.01,0.6699999999999999
92,78,3,10,6.03,0.603
92,78,4,19,4.98,0.2621052631578948
92,81,0,2,17.18,8.59
92,81,1,1,8.34,8.34
92,81,2,6,45.34,7.5566666666666675
92,81,3,4,24.78,6.195
92,81,4,20,74.97,3.7485
92,86,0,9,67.84,7.537777777777778
92,86,1,8,34.56,4.32
92,86,2,2,6.93,3.465
92,86,3,6,14.15,2.3583333333333334
92,86,4,5,10.27,2.054
92,88,0,9,5.36,0.5955555555555556
92,88,1,20,11.03,0.5515
92,88,2,14,6.68,0.47714285714285715
92,88,3,11,5.16,0.4690909090909091
92,88,4,1,0.42,0.42
92,90,0,3,5.68,1.8933333333333333
92,90,1,4,7.02,1.755
92,90,2,18,16.67,0.9261111111111112
92,90,3,18,9.03,0.5016666666666666
92,90,4,15,1.35,0.09000000000000001
92,95,0,5,8.54,1.7079999999999997
92,95,1,8,7.34,0.9175
92,95,2,6,5.07,0.8450000000000001
92,95,3,1,0.65,0.65
92,95,4,19,11.0,0.5789473684210527
92,96,0,16,25.22,1.57625
92,96,1,17,21.41,1.2594117647058825
92,96,2,11,13.59,1.2354545454545454
92,96,3,4,3.91,0.9775
92,96,4,11,9.03,0.8209090909090908
92,98,0,8,30.3,3.7875
92,98,1,4,13.65,3.4125
92,98,2,4,12.22,3.055
92,98,3,17,9.29,0.546470588235294
92,98,4,16,8.2,0.5125
92,99,0,5,3.06,0.612
92,99,1,9,5.42,0.6022222222222222
92,99,2,6,2.73,0.455
92,99,3,1,0.28,0.28
92,99,4,18,3.34,0.18555555555555556
95,0,0,17,9.94,0.5847058823529412
95,0,1,1,0.53,0.53
95,0,2,7,3.28,0.4685714285714285
95,0,3,17,3.94,0.23176470588235293
95,0,4,8,1.06,0.1325
95,2,0,13,101.87,7.836153846153847
95,2,1,10,75.93,7.593000000000001
95,2,2,13,86.2,6.630769230769231
95,2,3,7,35.8,5.114285714285714
95,2,4,1,3.94,3.94
95,3,0,4,3.01,0.7525
95,3,1,8,5.88,0.735
95,3,2,12,4.56,0.37999999999999995
95,3,3,13,4.67,0.35923076923076924
95,3,4,18,5.82,0.32333333333333336
95,5,0,9,32.35,3.5944444444444446
95,5,1,19,38.67,2.035263157894737
95,5,2,10,12.19,1.2189999999999999
95,5,3,1,0.53,0.53
95,5,4,15,3.73,0.24866666666666667
95,6,0,4,25.54,6.385
95,6,1,16,101.77,6.360625
95,6,2,11,66.26,6.023636363636364
95,6,3,14,83.89,5.992142857142857
95,6,4,16,59.33,3.708125
95,8,0,6,6.0,1.0
95,8,1,20,16.52,0.826
95,8,2,11,7.16,0.6509090909090909
95,8,3,8,1.68,0.21
95,8,4,16,3.2,0.2
95,10,0,6,39.94,6.656666666666666
95,10,1,16,90.21,5.638125
95,10,2,2,6.0,3.0
95,10,3,2,3.67,1.835
95,10,4,9,11.45,1.2722222222222221
95,11,0,8,2.41,0.30125
95,11,1,11,2.88,0.2618181818181818
95,11,2,13,3.29,0.2530769230769231
95,11,3,6,1.08,0.18000000000000002
95,11,4,17,1.41,0.08294117647058823
95,12,0,20,81.46,4.0729999999999995
95,12,1,11,25.57,2.3245454545454547
95,12,2,13,27.96,2.1507692307692308
95,12,3,7,13.11,1.8728571428571428
95,12,4,4,2.8,0.7
95,13,0,10,11.16,1.116
95,13,1,4,4.05,1.0125
95,13,2,20,19.86,0.993
95,13,3,15,4.1,0.2733333333333333
95,13,4,12,1.21,0.10083333333333333
95,14,0,19,16.49,0.8678947368421052
95,14,1,20,16.09,0.8045
95,14,2,7,4.16,0.5942857142857143
95,14,3,5,1.36,0.272
95,14,4,3,0.73,0.24333333333333332
95,16,0,2,5.55,2.775
95,16,1,20,37.93,1.8965
95,16,2,1,1.87,1.87
95,16,3,9,7.78,0.8644444444444445
95,16,4,6,4.37,0.7283333333333334
95,17,0,11,16.65,1.5136363636363634
95,17,1,6,8.04,1.3399999999999999
95,17,2,9,10.76,1.1955555555555555
95,17,3,8,8.36,1.045
95,17,4,2,1.37,0.685
95,20,0,18,52.92,2.94
95,20,1,11,28.51,2.591818181818182
95,20,2,16,39.31,2.456875
95,20,3,8,12.87,1.60875
95,20,4,6,3.07,0.5116666666666666
95,21,0,10,21.22,2.122
95,21,1,16,19.88,1.2425
95,21,2,17,18.33,1.078235294117647
95,21,3,15,6.57,0.438
95,21,4,17,5.15,0.30294117647058827
95,23,0,8,53.45,6.68125
95,23,1,4,19.51,4.8775
95,23,2,4,16.2,4.05
95,23,3,13,33.04,2.5415384615384613
95,23,4,17,29.37,1.7276470588235295
95,24,0,5,10.51,2.102
95,24,1,15,31.2,2.08
95,24,2,19,28.17,1.4826315789473685
95,24,3,6,5.96,0.9933333333333333
95,24,4,14,12.52,0.8942857142857142
95,25,0,13,24.45,1.8807692307692307
95,25,1,1,0.74,0.74
95,25,2,13,6.75,0.5192307692307693
95,25,3,2,0.71,0.355
95,25,4,5,0.75,0.15
95,26,0,10,52.63,5.263
95,26,1,9,45.23,5.025555555555555
95,26,2,15,72.91,4.860666666666666
95,26,3,11,19.76,1.7963636363636366
95,26,4,5,6.19,1.238
95,28,0,2,4.06,2.03
95,28,1,5,9.67,1.934
95,28,2,17,30.65,1.802941176470588
95,28,3,1,1.47,1.47
95,28,4,10,8.76,0.876
95,30,0,7,31.98,4.5685714285714285
95,30,1,4,14.44,3.61
95,30,2,5,12.99,2.598
95,30,3,3,3.23,1.0766666666666667
95,30,4,3,1.17,0.38999999999999996
95,34,0,11,9.58,0.870909090909091
95,34,1,20,11.74,0.587
95,34,2,11,6.39,0.5809090909090909
95,34,3,17,7.08,0.41647058823529415
95,34,4,20,5.01,0.2505
95,37,0,12,30.06,2.505
95,37,1,5,8.18,1.636
95,37,2,16,24.98,1.56125
95,37,3,10,14.53,1.4529999999999998
95,37,4,5,1.24,0.248
95,42,0,15,11.9,0.7933333333333333
95,42,1,5,3.8,0.76
95,42,2,16,11.96,0.7475
95,42,3,20,11.63,0.5815
95,42,4,11,1.34,0.12181818181818183
95,43,0,2,1.41,0.705
95,43,1,16,9.44,0.59
95,43,2,14,7.23,0.5164285714285715
95,43,3,13,2.52,0.19384615384615383
95,43,4,9,0.45,0.05
95,45,0,6,17.5,2.9166666666666665
95,45,1,12,32.96,2.7466666666666666
95,45,2,15,41.01,2.734
95,45,3,4,5.44,1.36
95,45,4,9,11.43,1.27
95,47,0,4,18.52,4.63
95,47,1,11,50.13,4.557272727272728
95,47,2,14,60.0,4.285714285714286
95,47,3,4,15.69,3.9225
95,47,4,20,61.13,3.0565
95,48,0,18,86.18,4.787777777777778
95,48,1,10,47.43,4.743
95,48,2,2,7.16,3.58
95,48,3,13,39.24,3.0184615384615388
95,48,4,1,2.49,2.49
95,49,0,5,15.41,3.082
95,49,1,5,9.1,1.8199999999999998
95,49,2,1,1.66,1.66
95,49,3,1,0.74,0.74
95,49,4,12,3.06,0.255
95,51,0,20,47.49,2.3745000000000003
95,51,1,6,11.71,1.9516666666666669
95,51,2,19,20.26,1.0663157894736843
95,51,3,1,0.94,0.94
95,51,4,9,7.49,0.8322222222222222
95,53,0,7,54.02,7.717142857142858
95,53,1,13,97.61,7.508461538461538
95,53,2,6,20.18,3.3633333333333333
95,53,3,11,23.1,2.1
95,53,4,10,6.72,0.6719999999999999
95,54,0,9,28.76,3.195555555555556
95,54,1,11,32.86,2.9872727272727273
95,54,2,13,25.7,1.9769230769230768
95,54,3,3,4.48,1.4933333333333334
95,54,4,11,1.9,0.17272727272727273
95,57,0,10,55.5,5.55
95,57,1,4,15.01,3.7525
95,57,2,10,19.93,1.9929999999999999
95,57,3,1,0.91,0.91
95,57,4,14,6.26,0.4471428571428571
95,58,0,18,56.5,3.138888888888889
95,58,1,1,2.14,2.14
95,58,2,8,8.54,1.0675
95,58,3,11,4.54,0.4127272727272727
95,58,4,9,1.45,0.1611111111111111
95,59,0,18,79.66,4.4255555555555555
95,59,1,12,25.93,2.160833333333333
95,59,2,2,3.42,1.71
95,59,3,9,15.33,1.7033333333333334
95,59,4,12,11.6,0.9666666666666667
95,64,0,6,5.27,0.8783333333333333
95,64,1,15,11.2,0.7466666666666666
95,64,2,18,6.04,0.33555555555555555
95,64,3,3,0.98,0.32666666666666666
95,64,4,6,1.08,0.18000000000000002
95,67,0,7,36.55,5.221428571428571
95,67,1,4,19.89,4.9725
95,67,2,9,39.3,4.366666666666666
95,67,3,2,6.94,3.47
95,67,4,9,6.01,0.6677777777777778
95,69,0,16,80.54,5.03375
95,69,1,4,9.44,2.36
95,69,2,6,14.13,2.355
95,69,3,12,25.98,2.165
95,69,4,5,1.78,0.356
95,70,0,10,6.22,0.622
95,70,1,3,1.52,0.5066666666666667
95,70,2,9,4.31,0.47888888888888886
95,70,3,9,4.21,0.4677777777777778
95,70,4,1,0.38,0.38
95,77,0,10,5.21,0.521
95,77,1,10,4.46,0.446
95,77,2,7,2.84,0.4057142857142857
95,77,3,17,4.13,0.24294117647058822
95,77,4,9,0.25,0.027777777777777776
95,78,0,3,7.79,2.5966666666666667
95,78,1,6,11.96,1.9933333333333334
95,78,2,8,14.5,1.8125
95,78,3,1,1.64,1.64
95,78,4,8,11.91,1.48875
95,81,0,18,153.9,8.55
95,81,1,14,77.05,5.503571428571428
95,81,2,5,15.35,3.07
95,81,3,12,28.55,2.379166666666667
95,81,4,3,2.48,0.8266666666666667
95,86,0,8,73.0,9.125
95,86,1,5,35.43,7.086
95,86,2,7,41.79,5.97
95,86,3,3,10.24,3.4133333333333336
95,86,4,5,15.87,3.174
95,88,0,19,50.26,2.6452631578947368
95,88,1,4,10.26,2.565
95,88,2,1,2.17,2.17
95,88,3,18,36.41,2.022777777777778
95,88,4,4,6.97,1.7425
95,90,0,11,1.3,0.11818181818181818
95,90,1,12,1.23,0.1025
95,90,2,20,1.8,0.09
95,90,3,8,0.39,0.04875
95,90,4,17,0.42,0.024705882352941175
95,92,0,18,38.79,2.155
95,92,1,7,14.03,2.004285714285714
95,92,2,14,11.64,0.8314285714285715
95,92,3,1,0.37,0.37
95,92,4,18,2.29,0.12722222222222224
95,96,0,19,28.55,1.5026315789473685
95,96,1,16,22.22,1.38875
95,96,2,7,9.58,1.3685714285714285
95,96,3,4,2.01,0.5025
95,96,4,11,1.27,0.11545454545454546
95,98,0,12,65.77,5.480833333333333
95,98,1,1,5.1,5.1
95,98,2,13,64.72,4.978461538461539
95,98,3,6,23.5,3.9166666666666665
95,98,4,16,12.75,0.796875
95,99,0,16,21.91,1.369375
95,99,1,4,4.35,1.0875
95,99,2,7,7.01,1.0014285714285713
95,99,3,2,1.79,0.895
95,99,4,12,8.98,0.7483333333333334
96,0,0,6,5.96,0.9933333333333333
96,0,1,12,10.08,0.84
96,0,2,10,5.62,0.562
96,0,3,15,7.79,0.5193333333333333
96,0,4,13,5.37,0.41307692307692306
96,2,0,4,28.21,7.0525
96,2,1,5,27.14,5.428
96,2,2,2,9.13,4.565
96,2,3,1,1.79,1.79
96,2,4,13,23.06,1.7738461538461539
96,3,0,5,3.71,0.742
96,3,1,12,8.6,0.7166666666666667
96,3,2,10,5.66,0.5660000000000001
96,3,3,6,3.38,0.5633333333333334
96,3,4,5,0.62,0.124
96,5,0,15,22.37,1.4913333333333334
96,5,1,14,18.06,1.2899999999999998
96,5,2,10,6.02,0.602
96,5,3,2,0.94,0.47
96,5,4,16,1.57,0.098125
96,6,0,3,18.92,6.3066666666666675
96,6,1,7,42.45,6.064285714285715
96,6,2,4,22.37,5.5925
96,6,3,2,8.14,4.07
96,6,4,20,14.51,0.7255
96,8,0,13,2.34,0.18
96,8,1,7,1.16,0.1657142857142857
96,8,2,11,1.46,0.13272727272727272
96,8,3,18,1.45,0.08055555555555555
96,8,4,15,1.0,0.06666666666666667
96,10,0,2,10.11,5.055
96,10,1,4,15.71,3.9275
96,10,2,12,33.7,2.8083333333333336
96,10,3,20,28.62,1.431
96,10,4,15,9.6,0.64
96,11,0,10,11.24,1.124
96,11,1,8,8.09,1.01125
96,11,2,7,3.26,0.4657142857142857
96,11,3,14,5.69,0.4064285714285715
96,11,4,13,0.91,0.07
96,12,0,19,58.7,3.0894736842105264
96,12,1,14,29.35,2.0964285714285715
96,12,2,1,1.9,1.9
96,12,3,3,5.51,1.8366666666666667
96,12,4,2,2.67,1.335
96,13,0,11,22.27,2.0245454545454544
96,13,1,11,20.93,1.9027272727272726
96,13,2,18,29.68,1.6488888888888888
96,13,3,3,3.78,1.26
96,13,4,13,11.14,0.856923076923077
96,14,0,15,19.73,1.3153333333333335
96,14,1,3,3.66,1.22
96,14,2,5,5.27,1.0539999999999998
96,14,3,15,11.76,0.784
96,14,4,8,3.89,0.48625
96,16,0,12,25.94,2.1616666666666666
96,16,1,12,9.89,0.8241666666666667
96,16,2,1,0.48,0.48
96,16,3,17,6.88,0.4047058823529412
96,16,4,1,0.26,0.26
96,17,0,8,7.9,0.9875
96,17,1,9,7.23,0.8033333333333333
96,17,2,18,11.54,0.6411111111111111
96,17,3,10,2.91,0.29100000000000004
96,17,4,13,2.6,0.2
96,20,0,8,16.43,2.05375
96,20,1,5,8.31,1.6620000000000001
96,20,2,15,23.22,1.5479999999999998
96,20,3,8,8.77,1.09625
96,20,4,19,13.91,0.7321052631578947
96,21,0,2,3.94,1.97
96,21,1,17,32.74,1.9258823529411766
96,21,2,13,22.04,1.6953846153846153
96,21,3,5,3.84,0.768
96,21,4,14,10.59,0.7564285714285715
96,23,0,18,88.11,4.895
96,23,1,17,71.67,4.215882352941176
96,23,2,8,7.55,0.94375
96,23,3,20,15.1,0.755
96,23,4,16,11.65,0.728125
96,24,0,12,20.45,1.7041666666666666
96,24,1,13,18.19,1.3992307692307693
96,24,2,7,4.39,0.6271428571428571
96,24,3,15,5.25,0.35
96,24,4,16,1.88,0.1175
96,25,0,3,3.92,1.3066666666666666
96,25,1,19,15.84,0.8336842105263158
96,25,2,1,0.6,0.6
96,25,3,17,4.66,0.2741176470588235
96,25,4,1,0.27,0.27
96,26,0,11,54.99,4.999090909090909
96,26,1,18,84.82,4.712222222222222
96,26,2,3,12.94,4.3133333333333335
96,26,3,14,55.4,3.957142857142857
96,26,4,16,32.26,2.01625
96,28,0,3,5.13,1.71
96,28,1,4,6.34,1.585
96,28,2,17,15.77,0.9276470588235294
96,28,3,11,7.38,0.6709090909090909
96,28,4,16,10.43,0.651875
96,30,0,2,8.84,4.42
96,30,1,5,13.23,2.646
96,30,2,10,25.92,2.592
96,30,3,17,43.07,2.533529411764706
96,30,4,13,13.83,1.0638461538461539
96,34,0,3,3.02,1.0066666666666666
96,34,1,6,5.83,0.9716666666666667
96,34,2,15,10.77,0.718
96,34,3,8,2.66,0.3325
96,34,4,14,3.44,0.24571428571428572
96,37,0,7,15.41,2.2014285714285715
96,37,1,2,3.43,1.715
96,37,2,11,8.24,0.7490909090909091
96,37,3,20,9.43,0.4715
96,37,4,1,0.37,0.37
96,42,0,10,4.42,0.442
96,42,1,14,5.82,0.41571428571428576
96,42,2,9,2.4,0.26666666666666666
96,42,3,13,3.04,0.23384615384615384
96,42,4,11,1.74,0.15818181818181817
96,43,0,4,5.26,1.315
96,43,1,1,1.03,1.03
96,43,2,15,5.56,0.37066666666666664
96,43,3,15,4.58,0.30533333333333335
96,43,4,9,1.84,0.20444444444444446
96,45,0,12,26.62,2.2183333333333333
96,45,1,19,32.59,1.715263157894737
96,45,2,18,27.46,1.5255555555555556
96,45,3,13,11.84,0.9107692307692308
96,45,4,17,12.26,0.7211764705882353
96,47,0,4,9.81,2.4525
96,47,1,5,11.75,2.35
96,47,2,20,41.23,2.0614999999999997
96,47,3,13,21.37,1.643846153846154
96,47,4,17,2.22,0.13058823529411767
96,48,0,17,67.27,3.9570588235294117
96,48,1,13,42.9,3.3
96,48,2,12,39.48,3.2899999999999996
96,48,3,14,29.96,2.14
96,48,4,13,7.99,0.6146153846153847
96,49,0,16,30.12,1.8825
96,49,1,16,22.35,1.396875
96,49,2,6,2.34,0.38999999999999996
96,49,3,4,0.89,0.2225
96,49,4,11,1.1,0.1
96,51,0,17,33.16,1.9505882352941175
96,51,1,9,7.62,0.8466666666666667
96,51,2,3,1.58,0.5266666666666667
96,51,3,19,6.12,0.32210526315789473
96,51,4,20,3.85,0.1925
96,53,0,10,84.76,8.476
96,53,1,1,8.23,8.23
96,53,2,4,31.94,7.985
96,53,3,5,38.49,7.698
96,53,4,17,71.95,4.232352941176471
96,54,0,15,30.71,2.0473333333333334
96,54,1,4,6.57,1.6425
96,54,2,14,16.52,1.18
96,54,3,12,12.69,1.0574999999999999
96,54,4,4,3.59,0.8975
96,57,0,13,55.84,4.295384615384616
96,57,1,1,4.12,4.12
96,57,2,14,40.7,2.9071428571428575
96,57,3,11,12.12,1.1018181818181818
96,57,4,18,19.59,1.0883333333333334
96,58,0,13,36.83,2.833076923076923
96,58,1,16,35.32,2.2075
96,58,2,7,15.22,2.1742857142857144
96,58,3,2,3.04,1.52
96,58,4,14,17.36,1.24
96,59,0,11,48.82,4.4381818181818184
96,59,1,9,34.03,3.781111111111111
96,59,2,3,9.84,3.28
96,59,3,1,2.22,2.22
96,59,4,16,22.97,1.435625
96,64,0,6,6.36,1.06
96,64,1,19,17.41,0.9163157894736842
96,64,2,16,14.22,0.88875
96,64,3,5,3.07,0.614
96,64,4,18,5.85,0.32499999999999996
96,67,0,7,23.27,3.3242857142857143
96,67,1,6,18.92,3.1533333333333338
96,67,2,9,26.65,2.961111111111111
96,67,3,18,30.18,1.6766666666666667
96,67,4,2,2.75,1.375
96,69,0,6,23.6,3.9333333333333336
96,69,1,11,41.46,3.769090909090909
96,69,2,20,32.05,1.6024999999999998
96,69,3,13,13.68,1.0523076923076924
96,69,4,7,1.71,0.24428571428571427
96,70,0,2,1.16,0.58
96,70,1,16,9.14,0.57125
96,70,2,16,4.92,0.3075
96,70,3,13,2.88,0.22153846153846152
96,70,4,16,0.96,0.06
96,77,0,18,24.17,1.3427777777777778
96,77,1,10,13.39,1.339
96,77,2,17,17.41,1.0241176470588236
96,77,3,16,8.14,0.50875
96,77,4,9,1.93,0.21444444444444444
96,78,0,3,7.93,2.643333333333333
96,78,1,4,7.95,1.9875
96,78,2,11,16.5,1.5
96,78,3,13,8.88,0.6830769230769231
96,78,4,10,5.48,0.548
96,81,0,8,73.51,9.18875
96,81,1,17,148.98,8.763529411764706
96,81,2,3,21.75,7.25
96,81,3,12,86.13,7.177499999999999
96,81,4,14,44.81,3.200714285714286
96,86,0,13,143.32,11.024615384615384
96,86,1,5,35.92,7.184
96,86,2,2,8.27,4.135
96,86,3,14,53.99,3.8564285714285718
96,86,4,9,10.23,1.1366666666666667
96,88,0,20,51.44,2.572
96,88,1,9,22.49,2.4988888888888887
96,88,2,14,28.24,2.017142857142857
96,88,3,20,18.53,0.9265000000000001
96,88,4,3,2.29,0.7633333333333333
96,90,0,4,4.77,1.1925
96,90,1,11,10.74,0.9763636363636364
96,90,2,19,4.71,0.24789473684210525
96,90,3,3,0.52,0.17333333333333334
96,90,4,19,2.77,0.14578947368421052
96,92,0,3,4.28,1.4266666666666667
96,92,1,11,8.49,0.7718181818181818
96,92,2,8,5.34,0.6675
96,92,3,9,1.87,0.20777777777777778
96,92,4,1,0.2,0.2
96,95,0,16,23.56,1.4725
96,95,1,18,25.64,1.4244444444444444
96,95,2,7,5.93,0.8471428571428571
96,95,3,3,1.73,0.5766666666666667
96,95,4,19,6.99,0.3678947368421053
96,98,0,1,4.3,4.3
96,98,1,17,64.01,3.765294117647059
96,98,2,3,8.71,2.9033333333333338
96,98,3,14,33.08,2.3628571428571425
96,98,4,11,5.06,0.45999999999999996
96,99,0,16,18.82,1.17625
96,99,1,8,8.2,1.025
96,99,2,7,5.55,0.7928571428571428
96,99,3,7,5.5,0.7857142857142857
96,99,4,4,1.41,0.3525
98,0,0,12,25.36,2.1133333333333333
98,0,1,16,13.22,0.82625
98,0,2,5,2.18,0.43600000000000005
98,0,3,1,0.35,0.35
98,0,4,13,2.33,0.17923076923076925
98,2,0,18,45.11,2.506111111111111
98,2,1,15,25.58,1.7053333333333331
98,2,2,3,4.95,1.6500000000000001
98,2,3,20,32.39,1.6195
98,2,4,1,0.65,0.65
98,3,0,3,13.48,4.493333333333333
98,3,1,8,35.82,4.4775
98,3,2,18,54.47,3.026111111111111
98,3,3,8,22.69,2.83625
98,3,4,19,17.49,0.9205263157894736
98,5,0,18,72.14,4.007777777777778
98,5,1,17,50.94,2.9964705882352938
98,5,2,10,16.11,1.611
98,5,3,16,24.18,1.51125
98,5,4,4,1.93,0.4825
98,6,0,14,15.14,1.0814285714285714
98,6,1,12,9.26,0.7716666666666666
98,6,2,12,9.03,0.7525
98,6,3,18,11.52,0.64
98,6,4,2,0.4,0.2
98,8,0,19,88.32,4.648421052631579
98,8,1,10,39.64,3.964
98,8,2,12,32.48,2.7066666666666666
98,8,3,4,9.32,2.33
98,8,4,20,23.96,1.198
98,10,0,3,8.44,2.813333333333333
98,10,1,17,37.16,2.185882352941176
98,10,2,12,19.85,1.6541666666666668
98,10,3,15,2.24,0.14933333333333335
98,10,4,16,2.2,0.1375
98,11,0,6,28.17,4.695
98,11,1,14,53.03,3.787857142857143
98,11,2,3,6.43,2.143333333333333
98,11,3,18,33.58,1.8655555555555554
98,11,4,2,2.0,1.0
98,12,0,3,5.72,1.9066666666666665
98,12,1,14,21.56,1.5399999999999998
98,12,2,2,2.79,1.395
98,12,3,1,0.95,0.95
98,12,4,15,6.85,0.45666666666666667
98,13,0,16,108.78,6.79875
98,13,1,4,27.07,6.7675
98,13,2,18,117.55,6.530555555555555
98,13,3,12,40.81,3.4008333333333334
98,13,4,17,35.53,2.09
98,14,0,14,90.48,6.4628571428571435
98,14,1,15,79.6,5.306666666666667
98,14,2,10,25.47,2.5469999999999997
98,14,3,20,46.45,2.3225000000000002
98,14,4,18,13.13,0.7294444444444445
98,16,0,20,100.6,5.029999999999999
98,16,1,5,15.64,3.128
98,16,2,16,31.61,1.975625
98,16,3,3,5.66,1.8866666666666667
98,16,4,12,3.48,0.29
98,17,0,10,37.97,3.7969999999999997
98,17,1,9,18.05,2.0055555555555555
98,17,2,8,15.8,1.975
98,17,3,6,11.74,1.9566666666666668
98,17,4,3,2.49,0.8300000000000001
98,20,0,16,34.62,2.16375
98,20,1,15,30.01,2.0006666666666666
98,20,2,18,19.35,1.0750000000000002
98,20,3,2,1.33,0.665
98,20,4,1,0.27,0.27
98,21,0,4,12.57,3.1425
98,21,1,12,30.78,2.565
98,21,2,20,24.4,1.22
98,21,3,11,5.84,0.5309090909090909
98,21,4,10,4.92,0.492
98,23,0,17,30.82,1.8129411764705883
98,23,1,19,30.9,1.6263157894736842
98,23,2,5,6.62,1.324
98,23,3,10,8.73,0.873
98,23,4,7,5.21,0.7442857142857143
98,24,0,16,62.95,3.934375
98,24,1,15,56.03,3.7353333333333336
98,24,2,6,5.79,0.965
98,24,3,17,14.88,0.8752941176470589
98,24,4,15,6.06,0.40399999999999997
98,25,0,3,11.74,3.9133333333333336
98,25,1,14,47.35,3.382142857142857
98,25,2,6,16.31,2.7183333333333333
98,25,3,5,10.83,2.166
98,25,4,7,6.71,0.9585714285714285
98,26,0,15,37.76,2.517333333333333
98,26,1,16,28.04,1.7525
98,26,2,8,10.23,1.27875
98,26,3,16,18.02,1.12625
98,26,4,20,7.09,0.3545
98,28,0,12,36.86,3.0716666666666668
98,28,1,10,24.82,2.482
98,28,2,3,3.2,1.0666666666666667
98,28,3,17,17.16,1.0094117647058825
98,28,4,6,2.11,0.3516666666666666
98,30,0,10,14.36,1.436
98,30,1,5,6.79,1.358
98,30,2,16,21.32,1.3325
98,30,3,2,2.44,1.22
98,30,4,13,12.3,0.9461538461538462
98,34,0,9,37.71,4.19
98,34,1,2,5.1,2.55
98,34,2,10,19.07,1.907
98,34,3,6,5.44,0.9066666666666667
98,34,4,10,4.21,0.421
98,37,0,12,33.09,2.7575000000000003
98,37,1,20,49.85,2.4925
98,37,2,17,24.42,1.4364705882352942
98,37,3,4,4.18,1.045
98,37,4,11,10.97,0.9972727272727273
98,42,0,13,56.06,4.312307692307693
98,42,1,2,8.37,4.185
98,42,2,1,2.93,2.93
98,42,3,7,6.6,0.9428571428571428
98,42,4,16,13.27,0.829375
98,43,0,10,53.98,5.398
98,43,1,15,80.24,5.349333333333333
98,43,2,6,25.08,4.18
98,43,3,10,13.86,1.386
98,43,4,12,8.1,0.6749999999999999
98,45,0,16,48.36,3.0225
98,45,1,15,41.13,2.742
98,45,2,19,47.02,2.4747368421052633
98,45,3,17,28.24,1.6611764705882353
98,45,4,20,9.38,0.46900000000000003
98,47,0,9,42.46,4.717777777777778
98,47,1,6,26.92,4.486666666666667
98,47,2,3,9.23,3.0766666666666667
98,47,3,6,16.45,2.7416666666666667
98,47,4,16,41.0,2.5625
98,48,0,5,3.76,0.752
98,48,1,19,13.82,0.7273684210526316
98,48,2,17,9.32,0.548235294117647
98,48,3,17,7.76,0.45647058823529413
98,48,4,6,1.33,0.22166666666666668
98,49,0,14,47.73,3.4092857142857143
98,49,1,13,41.77,3.2130769230769234
98,49,2,5,15.31,3.0620000000000003
98,49,3,12,26.03,2.169166666666667
98,49,4,10,7.92,0.792
98,51,0,18,55.92,3.106666666666667
98,51,1,4,12.38,3.095
98,51,2,17,45.27,2.6629411764705884
98,51,3,4,8.46,2.115
98,51,4,12,16.84,1.4033333333333333
98,53,0,6,34.21,5.701666666666667
98,53,1,20,62.71,3.1355
98,53,2,10,24.73,2.473
98,53,3,20,43.38,2.169
98,53,4,19,5.13,0.27
98,54,0,19,39.27,2.066842105263158
98,54,1,3,3.39,1.1300000000000001
98,54,2,12,9.39,0.7825000000000001
98,54,3,8,5.72,0.715
98,54,4,1,0.35,0.35
98,57,0,14,73.83,5.273571428571429
98,57,1,19,93.69,4.931052631578948
98,57,2,2,9.31,4.655
98,57,3,19,41.21,2.1689473684210525
98,57,4,10,17.76,1.7760000000000002
98,58,0,16,33.0,2.0625
98,58,1,7,8.28,1.1828571428571428
98,58,2,7,6.76,0.9657142857142856
98,58,3,17,13.28,0.7811764705882352
98,58,4,2,0.75,0.375
98,59,0,13,31.86,2.4507692307692306
98,59,1,11,11.3,1.0272727272727273
98,59,2,7,6.88,0.9828571428571429
98,59,3,12,7.91,0.6591666666666667
98,59,4,15,8.04,0.5359999999999999
98,64,0,12,75.57,6.297499999999999
98,64,1,9,33.58,3.731111111111111
98,64,2,3,10.88,3.626666666666667
98,64,3,5,12.31,2.462
98,64,4,20,18.66,0.933
98,67,0,14,17.98,1.2842857142857143
98,67,1,3,3.22,1.0733333333333335
98,67,2,18,14.19,0.7883333333333333
98,67,3,13,10.13,0.7792307692307693
98,67,4,2,0.37,0.185
98,69,0,13,41.55,3.196153846153846
98,69,1,12,38.15,3.1791666666666667
98,69,2,17,50.17,2.9511764705882353
98,69,3,10,19.87,1.987
98,69,4,18,20.46,1.1366666666666667
98,70,0,2,10.28,5.14
98,70,1,16,68.46,4.27875
98,70,2,3,9.71,3.236666666666667
98,70,3,14,33.72,2.4085714285714284
98,70,4,13,30.72,2.363076923076923
98,77,0,20,108.31,5.4155
98,77,1,12,60.55,5.045833333333333
98,77,2,19,94.0,4.947368421052632
98,77,3,10,9.91,0.991
98,77,4,9,7.88,0.8755555555555555
98,78,0,10,24.26,2.426
98,78,1,10,17.17,1.717
98,78,2,1,1.17,1.17
98,78,3,8,7.37,0.92125
98,78,4,20,4.33,0.2165
98,81,0,7,46.06,6.58
98,81,1,16,81.83,5.114375
98,81,2,13,54.22,4.17076923076923
98,81,3,10,29.49,2.949
98,81,4,16,37.37,2.335625
98,86,0,3,16.32,5.44
98,86,1,10,23.26,2.326
98,86,2,11,16.32,1.4836363636363636
98,86,3,10,14.37,1.4369999999999998
98,86,4,17,4.95,0.2911764705882353
98,88,0,18,40.26,2.2366666666666664
98,88,1,16,33.11,2.069375
98,88,2,18,26.7,1.4833333333333334
98,88,3,16,14.49,0.905625
98,88,4,18,14.22,0.79
98,90,0,18,103.33,5.740555555555556
98,90,1,7,26.68,3.8114285714285714
98,90,2,17,53.18,3.1282352941176472
98,90,3,6,17.65,2.9416666666666664
98,90,4,17,21.95,1.2911764705882351
98,92,0,13,44.54,3.426153846153846
98,92,1,6,20.45,3.408333333333333
98,92,2,12,39.52,3.2933333333333334
98,92,3,19,61.74,3.2494736842105265
98,92,4,10,3.29,0.329
98,95,0,18,106.5,5.916666666666667
98,95,1,20,117.53,5.8765
98,95,2,13,63.53,4.886923076923077
98,95,3,2,7.75,3.875
98,95,4,15,44.13,2.942
98,96,0,8,42.12,5.265
98,96,1,9,35.97,3.9966666666666666
98,96,2,8,21.82,2.7275
98,96,3,4,9.13,2.2825
98,96,4,5,1.71,0.34199999999999997
98,99,0,12,52.76,4.3966666666666665
98,99,1,6,12.35,2.058333333333333
98,99,2,5,9.6,1.92
98,99,3,17,26.8,1.576470588235294
98,99,4,10,3.19,0.319
99,0,0,18,2.37,0.13166666666666668
99,0,1,7,0.71,0.10142857142857142
99,0,2,1,0.1,0.1
99,0,3,12,1.1,0.09166666666666667
99,0,4,13,0.94,0.07230769230769231
99,2,0,8,58.37,7.29625
99,2,1,7,49.79,7.112857142857143
99,2,2,16,103.96,6.4975
99,2,3,8,11.46,1.4325
99,2,4,15,9.71,0.6473333333333334
99,3,0,18,21.62,1.2011111111111112
99,3,1,4,4.71,1.1775
99,3,2,20,18.76,0.9380000000000001
99,3,3,8,6.88,0.86
99,3,4,4,2.78,0.695
99,5,0,1,2.62,2.62
99,5,1,12,17.48,1.4566666666666668
99,5,2,14,17.94,1.2814285714285716
99,5,3,16,10.85,0.678125
99,5,4,11,7.34,0.6672727272727272
99,6,0,13,77.64,5.972307692307693
99,6,1,10,44.56,4.456
99,6,2,6,23.44,3.9066666666666667
99,6,3,18,24.0,1.3333333333333333
99,6,4,17,9.09,0.5347058823529411
99,8,0,19,17.9,0.9421052631578947
99,8,1,13,10.62,0.8169230769230769
99,8,2,15,11.99,0.7993333333333333
99,8,3,4,1.51,0.3775
99,8,4,8,0.8,0.1
99,10,0,6,31.79,5.298333333333333
99,10,1,5,23.31,4.662
99,10,2,4,14.93,3.7325
99,10,3,7,13.87,1.9814285714285713
99,10,4,18,28.72,1.5955555555555554
99,11,0,1,1.16,1.16
99,11,1,7,4.7,0.6714285714285715
99,11,2,14,8.15,0.5821428571428572
99,11,3,16,7.32,0.4575
99,11,4,12,2.25,0.1875
99,12,0,14,41.5,2.9642857142857144
99,12,1,17,45.97,2.7041176470588235
99,12,2,7,10.9,1.5571428571428572
99,12,3,3,3.86,1.2866666666666666
99,12,4,9,2.26,0.25111111111111106
99,13,0,2,4.51,2.255
99,13,1,2,4.2,2.1
99,13,2,1,1.89,1.89
99,13,3,6,1.95,0.325
99,13,4,18,4.95,0.275
99,14,0,9,15.61,1.7344444444444445
99,14,1,14,10.55,0.7535714285714287
99,14,2,11,4.71,0.42818181818181816
99,14,3,3,0.92,0.3066666666666667
99,14,4,17,3.66,0.21529411764705883
99,16,0,11,29.68,2.6981818181818182
99,16,1,6,15.28,2.5466666666666664
99,16,2,4,10.13,2.5325
99,16,3,18,44.77,2.4872222222222224
99,16,4,9,15.06,1.6733333333333333
99,17,0,14,10.9,0.7785714285714286
99,17,1,19,14.52,0.7642105263157895
99,17,2,3,1.83,0.61
99,17,3,3,0.82,0.2733333333333333
99,17,4,20,1.94,0.097
99,20,0,4,4.39,1.0975
99,20,1,19,18.1,0.9526315789473685
99,20,2,14,8.52,0.6085714285714285
99,20,3,15,2.36,0.15733333333333333
99,20,4,6,0.76,0.12666666666666668
99,21,0,6,6.88,1.1466666666666667
99,21,1,11,12.53,1.139090909090909
99,21,2,16,7.52,0.47
99,21,3,3,1.19,0.39666666666666667
99,21,4,8,2.96,0.37
99,23,0,15,88.0,5.866666666666666
99,23,1,17,88.33,5.195882352941176
99,23,2,5,22.07,4.414
99,23,3,17,64.05,3.7676470588235293
99,23,4,1,0.73,0.73
99,24,0,14,33.84,2.4171428571428573
99,24,1,7,11.66,1.6657142857142857
99,24,2,15,16.62,1.108
99,24,3,6,5.61,0.935
99,24,4,20,9.39,0.46950000000000003
99,25,0,9,6.29,0.6988888888888889
99,25,1,5,2.19,0.438
99,25,2,5,1.52,0.304
99,25,3,6,1.75,0.2916666666666667
99,25,4,9,0.31,0.034444444444444444
99,26,0,13,60.39,4.645384615384615
99,26,1,3,12.86,4.286666666666666
99,26,2,9,28.17,3.1300000000000003
99,26,3,3,7.46,2.486666666666667
99,26,4,3,7.02,2.34
99,28,0,14,10.62,0.7585714285714286
99,28,1,2,1.49,0.745
99,28,2,6,4.06,0.6766666666666666
99,28,3,4,1.94,0.485
99,28,4,17,6.41,0.3770588235294118
99,30,0,10,31.29,3.129
99,30,1,8,24.08,3.01
99,30,2,3,6.11,2.0366666666666666
99,30,3,3,4.46,1.4866666666666666
99,30,4,3,2.85,0.9500000000000001
99,34,0,6,0.99,0.165
99,34,1,18,2.86,0.15888888888888889
99,34,2,20,3.16,0.158
99,34,3,3,0.26,0.08666666666666667
99,34,4,19,0.95,0.049999999999999996
99,37,0,12,14.01,1.1675
99,37,1,5,5.78,1.1560000000000001
99,37,2,14,16.12,1.1514285714285715
99,37,3,10,7.36,0.736
99,37,4,2,1.13,0.565
99,42,0,1,0.95,0.95
99,42,1,16,11.47,0.716875
99,42,2,5,3.28,0.6559999999999999
99,42,3,3,1.3,0.43333333333333335
99,42,4,3,0.99,0.33
99,43,0,15,26.31,1.754
99,43,1,2,3.3,1.65
99,43,2,20,19.22,0.961
99,43,3,19,6.86,0.3610526315789474
99,43,4,11,3.77,0.3427272727272727
99,45,0,10,14.72,1.472
99,45,1,20,14.94,0.747
99,45,2,2,0.69,0.345
99,45,3,15,4.64,0.3093333333333333
99,45,4,7,1.59,0.22714285714285715
99,47,0,10,28.69,2.869
99,47,1,9,25.44,2.8266666666666667
99,47,2,19,40.15,2.113157894736842
99,47,3,9,18.3,2.033333333333333
99,47,4,3,0.8,0.26666666666666666
99,48,0,16,42.61,2.663125
99,48,1,2,4.11,2.055
99,48,2,4,7.37,1.8425
99,48,3,15,18.94,1.2626666666666668
99,48,4,4,3.62,0.905
99,49,0,19,36.12,1.9010526315789473
99,49,1,20,21.86,1.093
99,49,2,14,15.14,1.0814285714285714
99,49,3,2,0.98,0.49
99,49,4,20,8.5,0.425
99,51,0,13,14.7,1.1307692307692307
99,51,1,6,4.77,0.7949999999999999
99,51,2,20,11.87,0.5934999999999999
99,51,3,8,1.99,0.24875
99,51,4,8,1.71,0.21375
99,53,0,12,76.95,6.4125000000000005
99,53,1,12,68.3,5.691666666666666
99,53,2,16,87.84,5.49
99,53,3,20,107.98,5.399
99,53,4,11,40.71,3.700909090909091
99,54,0,14,17.19,1.227857142857143
99,54,1,15,16.95,1.13
99,54,2,6,3.86,0.6433333333333333
99,54,3,3,1.91,0.6366666666666666
99,54,4,2,0.19,0.095
99,57,0,1,3.84,3.84
99,57,1,4,15.08,3.77
99,57,2,4,14.02,3.505
99,57,3,13,33.4,2.569230769230769
99,57,4,1,2.5,2.5
99,58,0,19,26.74,1.4073684210526316
99,58,1,19,15.7,0.8263157894736842
99,58,2,5,2.58,0.516
99,58,3,1,0.45,0.45
99,58,4,8,1.28,0.16
99,59,0,9,28.21,3.1344444444444446
99,59,1,6,16.45,2.7416666666666667
99,59,2,7,17.32,2.474285714285714
99,59,3,16,23.04,1.44
99,59,4,4,4.29,1.0725
99,64,0,8,12.87,1.60875
99,64,1,7,9.55,1.3642857142857143
99,64,2,8,10.74,1.3425
99,64,3,11,11.12,1.0109090909090908
99,64,4,7,1.48,0.21142857142857144
99,67,0,9,26.64,2.96
99,67,1,3,8.24,2.7466666666666666
99,67,2,15,32.2,2.146666666666667
99,67,3,10,8.77,0.877
99,67,4,19,7.0,0.3684210526315789
99,69,0,4,12.47,3.1175
99,69,1,11,17.08,1.5527272727272725
99,69,2,11,16.58,1.507272727272727
99,69,3,11,15.05,1.3681818181818182
99,69,4,17,22.72,1.336470588235294
99,70,0,14,21.08,1.5057142857142856
99,70,1,7,9.82,1.4028571428571428
99,70,2,18,18.85,1.0472222222222223
99,70,3,20,20.19,1.0095
99,70,4,19,11.42,0.6010526315789474
99,77,0,15,15.03,1.002
99,77,1,13,10.34,0.7953846153846154
99,77,2,5,3.93,0.786
99,77,3,8,2.26,0.2825
99,77,4,7,0.48,0.06857142857142857
99,78,0,3,5.59,1.8633333333333333
99,78,1,4,7.09,1.7725
99,78,2,5,5.43,1.0859999999999999
99,78,3,6,4.83,0.805
99,78,4,16,12.09,0.755625
99,81,0,17,186.51,10.971176470588235
99,81,1,2,20.83,10.415
99,81,2,4,35.86,8.965
99,81,3,14,46.55,3.3249999999999997
99,81,4,20,66.12,3.306
99,86,0,16,153.08,9.5675
99,86,1,13,83.5,6.423076923076923
99,86,2,18,115.38,6.41
99,86,3,20,79.56,3.978
99,86,4,19,73.93,3.8910526315789475
99,88,0,3,3.0,1.0
99,88,1,16,13.02,0.81375
99,88,2,12,7.64,0.6366666666666666
99,88,3,2,1.17,0.585
99,88,4,6,0.47,0.07833333333333332
99,90,0,10,12.85,1.285
99,90,1,1,1.16,1.16
99,90,2,1,0.79,0.79
99,90,3,17,4.78,0.2811764705882353
99,90,4,20,2.77,0.1385
99,92,0,9,5.26,0.5844444444444444
99,92,1,19,9.33,0.49105263157894735
99,92,2,10,2.95,0.29500000000000004
99,92,3,2,0.28,0.14
99,92,4,11,0.46,0.04181818181818182
99,95,0,15,22.07,1.4713333333333334
99,95,1,13,16.01,1.2315384615384617
99,95,2,15,16.96,1.1306666666666667
99,95,3,1,0.99,0.99
99,95,4,10,3.63,0.363
99,96,0,13,10.54,0.8107692307692307
99,96,1,2,1.44,0.72
99,96,2,9,5.86,0.6511111111111112
99,96,3,13,6.19,0.4761538461538462
99,96,4,13,1.0,0.07692307692307693
99,98,0,3,12.37,4.123333333333333
99,98,1,20,80.29,4.0145
99,98,2,12,33.58,2.7983333333333333
99,98,3,3,8.02,2.6733333333333333
99,98,4,17,40.55,2.385294117647059
