fromnode,tonode,clientID,a,budget,clientRatio
0,2,0,19,112.31,5.911052631578947
0,2,1,16,88.04,5.5025
0,2,2,19,66.58,3.504210526315789
0,2,3,12,29.66,2.4716666666666667
0,2,4,2,0.58,0.29
0,4,0,14,33.79,2.4135714285714287
0,4,1,7,13.69,1.9557142857142857
0,4,2,18,33.02,1.8344444444444445
0,4,3,7,10.73,1.532857142857143
0,4,4,1,0.8,0.8
0,10,0,14,58.87,4.205
0,10,1,20,72.27,3.6134999999999997
0,10,2,9,31.5,3.5
0,10,3,3,6.02,2.0066666666666664
0,10,4,14,26.24,1.874285714285714
0,11,0,7,8.68,1.24
0,11,1,7,7.41,1.0585714285714285
0,11,2,15,15.85,1.0566666666666666
0,11,3,2,1.8,0.9
0,11,4,10,1.98,0.198
0,12,0,17,48.6,2.8588235294117648
0,12,1,1,1.9,1.9
0,12,2,8,14.45,1.80625
0,12,3,7,10.93,1.5614285714285714
0,12,4,12,17.8,1.4833333333333334
0,18,0,10,14.39,1.439
0,18,1,20,26.64,1.332
0,18,2,10,7.55,0.755
0,18,3,17,7.74,0.45529411764705885
0,18,4,4,0.99,0.2475
0,24,0,5,7.39,1.478
0,24,1,11,15.25,1.3863636363636365
0,24,2,13,15.8,1.2153846153846155
0,24,3,6,0.82,0.13666666666666666
0,24,4,17,2.13,0.1252941176470588
0,25,0,20,6.28,0.314
0,25,1,14,4.23,0.30214285714285716
0,25,2,12,2.39,0.1991666666666667
0,25,3,13,2.04,0.15692307692307692
0,25,4,16,0.73,0.045625
0,32,0,3,9.06,3.02
0,32,1,13,35.23,2.71
0,32,2,15,23.72,1.5813333333333333
0,32,3,15,13.93,0.9286666666666666
0,32,4,13,5.79,0.4453846153846154
0,33,0,14,100.28,7.162857142857143
0,33,1,7,40.23,5.747142857142856
0,33,2,10,54.49,5.449
0,33,3,9,32.35,3.5944444444444446
0,33,4,17,58.02,3.4129411764705884
0,34,0,19,8.0,0.42105263157894735
0,34,1,15,2.78,0.18533333333333332
0,34,2,7,1.04,0.14857142857142858
0,34,3,18,1.48,0.08222222222222222
0,34,4,6,0.18,0.03
0,37,0,14,12.76,0.9114285714285714
0,37,1,14,8.61,0.615
0,37,2,9,5.45,0.6055555555555556
0,37,3,16,8.03,0.501875
0,37,4,17,4.74,0.2788235294117647
0,40,0,6,10.0,1.6666666666666667
0,40,1,13,11.52,0.8861538461538461
0,40,2,20,13.75,0.6875
0,40,3,15,9.02,0.6013333333333333
0,40,4,20,10.12,0.506
0,42,0,13,15.8,1.2153846153846155
0,42,1,6,7.02,1.17
0,42,2,10,7.19,0.7190000000000001
0,42,3,20,11.74,0.587
0,42,4,2,0.54,0.27
0,46,0,2,7.03,3.515
0,46,1,16,52.39,3.274375
0,46,2,20,59.64,2.982
0,46,3,4,10.59,2.6475
0,46,4,12,17.72,1.4766666666666666
0,47,0,5,17.19,3.438
0,47,1,17,31.51,1.8535294117647059
0,47,2,12,16.83,1.4024999999999999
0,47,3,16,15.22,0.95125
0,47,4,20,3.93,0.1965
0,52,0,4,10.56,2.64
0,52,1,5,12.62,2.524
0,52,2,2,4.8,2.4
0,52,3,8,18.12,2.265
0,52,4,5,1.39,0.27799999999999997
0,54,0,9,12.18,1.3533333333333333
0,54,1,15,16.38,1.0919999999999999
0,54,2,3,2.87,0.9566666666666667
0,54,3,3,0.87,0.29
0,54,4,18,4.33,0.24055555555555555
0,56,0,7,19.67,2.81
0,56,1,5,12.71,2.5420000000000003
0,56,2,1,2.46,2.46
0,56,3,15,24.01,1.6006666666666667
0,56,4,15,23.1,1.54
0,60,0,10,39.21,3.9210000000000003
0,60,1,9,17.96,1.9955555555555557
0,60,2,15,28.19,1.8793333333333335
0,60,3,10,15.45,1.545
0,60,4,19,7.69,0.4047368421052632
0,62,0,16,15.78,0.98625
0,62,1,9,6.04,0.6711111111111111
0,62,2,3,1.82,0.6066666666666667
0,62,3,2,0.52,0.26
0,62,4,12,1.84,0.15333333333333335
0,68,0,18,58.28,3.2377777777777776
0,68,1,7,21.38,3.0542857142857143
0,68,2,20,55.96,2.798
0,68,3,6,9.33,1.555
0,68,4,2,0.77,0.385
0,69,0,11,38.61,3.51
0,69,1,6,17.57,2.9283333333333332
0,69,2,16,41.27,2.579375
0,69,3,5,9.58,1.916
0,69,4,4,6.69,1.6725
0,70,0,17,28.39,1.67
0,70,1,6,5.57,0.9283333333333333
0,70,2,5,4.49,0.898
0,70,3,5,1.84,0.368
0,70,4,5,0.95,0.19
0,72,0,13,3.66,0.28153846153846157
0,72,1,6,1.61,0.26833333333333337
0,72,2,8,1.98,0.2475
0,72,3,8,1.62,0.2025
0,72,4,5,0.77,0.154
0,73,0,11,98.37,8.942727272727273
0,73,1,13,114.95,8.842307692307692
0,73,2,1,8.26,8.26
0,73,3,17,81.83,4.813529411764706
0,73,4,19,81.18,4.272631578947369
0,75,0,6,10.98,1.83
0,75,1,18,27.51,1.5283333333333333
0,75,2,5,6.84,1.3679999999999999
0,75,3,17,18.19,1.07
0,75,4,12,6.79,0.5658333333333333
0,80,0,16,30.56,1.91
0,80,1,6,10.48,1.7466666666666668
0,80,2,4,6.61,1.6525
0,80,3,5,5.09,1.018
0,80,4,2,0.26,0.13
0,83,0,19,82.41,4.3373684210526315
0,83,1,12,45.48,3.7899999999999996
0,83,2,2,6.95,3.475
0,83,3,14,22.25,1.5892857142857142
0,83,4,18,15.18,0.8433333333333333
0,84,0,3,22.55,7.516666666666667
0,84,1,4,29.2,7.3
0,84,2,2,4.13,2.065
0,84,3,15,23.81,1.5873333333333333
0,84,4,10,13.19,1.319
0,91,0,1,3.4,3.4
0,91,1,14,41.66,2.9757142857142855
0,91,2,10,12.77,1.277
0,91,3,8,8.38,1.0475
0,91,4,6,2.36,0.3933333333333333
0,92,0,18,9.39,0.5216666666666667
0,92,1,11,5.66,0.5145454545454545
0,92,2,3,1.18,0.3933333333333333
0,92,3,7,1.41,0.20142857142857143
0,92,4,1,0.19,0.19
0,96,0,11,6.63,0.6027272727272727
0,96,1,2,1.02,0.51
0,96,2,1,0.51,0.51
0,96,3,2,0.97,0.485
0,96,4,4,1.35,0.3375
0,97,0,15,61.64,4.109333333333334
0,97,1,3,10.18,3.393333333333333
0,97,2,3,7.46,2.486666666666667
0,97,3,20,29.75,1.4875
0,97,4,1,0.24,0.24
2,0,0,13,91.09,7.006923076923077
2,0,1,16,106.25,6.640625
2,0,2,14,58.0,4.142857142857143
2,0,3,18,27.54,1.53
2,0,4,5,5.74,1.1480000000000001
2,4,0,6,22.58,3.763333333333333
2,4,1,1,3.38,3.38
2,4,2,2,2.85,1.425
2,4,3,9,9.78,1.0866666666666667
2,4,4,15,13.38,0.892
2,10,0,18,59.94,3.33
2,10,1,17,53.66,3.156470588235294
2,10,2,13,26.14,2.0107692307692306
2,10,3,16,16.05,1.003125
2,10,4,4,3.02,0.755
2,11,0,15,112.8,7.52
2,11,1,10,34.05,3.405
2,11,2,1,3.13,3.13
2,11,3,9,26.81,2.9788888888888887
2,11,4,13,21.03,1.6176923076923078
2,12,0,8,42.31,5.28875
2,12,1,14,50.79,3.6278571428571427
2,12,2,12,17.37,1.4475
2,12,3,3,3.87,1.29
2,12,4,10,11.93,1.193
2,18,0,16,107.14,6.69625
2,18,1,11,67.58,6.143636363636364
2,18,2,2,7.82,3.91
2,18,3,5,19.53,3.906
2,18,4,14,16.31,1.1649999999999998
2,24,0,9,43.38,4.82
2,24,1,20,91.1,4.555
2,24,2,19,57.16,3.008421052631579
2,24,3,3,6.34,2.1133333333333333
2,24,4,2,2.11,1.055
2,25,0,5,27.77,5.554
2,25,1,4,6.65,1.6625
2,25,2,11,14.18,1.289090909090909
2,25,3,17,17.02,1.0011764705882353
2,25,4,3,2.48,0.8266666666666667
2,32,0,5,23.92,4.784000000000001
2,32,1,15,52.88,3.5253333333333337
2,32,2,6,8.51,1.4183333333333332
2,32,3,8,9.21,1.15125
2,32,4,20,18.94,0.9470000000000001
2,33,0,5,5.42,1.084
2,33,1,9,9.18,1.02
2,33,2,2,1.98,0.99
2,33,3,9,7.65,0.8500000000000001
2,33,4,7,4.6,0.6571428571428571
2,34,0,1,3.76,3.76
2,34,1,4,12.29,3.0725
2,34,2,20,54.52,2.726
2,34,3,15,38.96,2.5973333333333333
2,34,4,1,2.28,2.28
2,37,0,1,5.85,5.85
2,37,1,16,74.45,4.653125
2,37,2,5,12.2,2.44
2,37,3,12,13.05,1.0875000000000001
2,37,4,5,4.31,0.8619999999999999
2,40,0,7,42.11,6.015714285714286
2,40,1,5,25.91,5.182
2,40,2,15,44.81,2.9873333333333334
2,40,3,16,35.34,2.20875
2,40,4,16,18.73,1.170625
2,42,0,9,60.61,6.734444444444445
2,42,1,2,8.66,4.33
2,42,2,9,35.56,3.9511111111111115
2,42,3,6,22.98,3.83
2,42,4,12,32.2,2.6833333333333336
2,46,0,20,94.21,4.7105
2,46,1,17,72.79,4.281764705882353
2,46,2,8,26.17,3.27125
2,46,3,16,44.55,2.784375
2,46,4,9,8.87,0.9855555555555555
2,47,0,10,53.01,5.301
2,47,1,7,30.53,4.361428571428571
2,47,2,2,5.16,2.58
2,47,3,2,4.48,2.24
2,47,4,7,9.76,1.3942857142857144
2,52,0,3,10.07,3.356666666666667
2,52,1,6,14.95,2.4916666666666667
2,52,2,12,29.08,2.4233333333333333
2,52,3,12,12.19,1.0158333333333334
2,52,4,12,10.57,0.8808333333333334
2,54,0,3,17.17,5.723333333333334
2,54,1,4,15.77,3.9425
2,54,2,18,67.52,3.751111111111111
2,54,3,2,7.08,3.54
2,54,4,8,23.38,2.9225
2,56,0,17,67.47,3.9688235294117646
2,56,1,9,22.88,2.542222222222222
2,56,2,2,4.73,2.365
2,56,3,15,21.07,1.4046666666666667
2,56,4,20,22.17,1.1085
2,60,0,4,21.99,5.4975
2,60,1,6,31.22,5.203333333333333
2,60,2,14,58.82,4.201428571428571
2,60,3,18,43.6,2.4222222222222225
2,60,4,12,21.83,1.8191666666666666
2,62,0,11,50.89,4.626363636363636
2,62,1,2,7.45,3.725
2,62,2,14,43.38,3.0985714285714288
2,62,3,4,2.21,0.5525
2,62,4,17,9.07,0.5335294117647059
2,68,0,9,50.66,5.628888888888889
2,68,1,19,105.38,5.546315789473684
2,68,2,6,32.49,5.415
2,68,3,12,38.39,3.1991666666666667
2,68,4,12,3.83,0.31916666666666665
2,69,0,1,5.41,5.41
2,69,1,10,47.41,4.741
2,69,2,3,13.19,4.3966666666666665
2,69,3,15,64.79,4.319333333333334
2,69,4,10,15.86,1.5859999999999999
2,70,0,10,57.45,5.745
2,70,1,5,25.26,5.0520000000000005
2,70,2,17,83.49,4.911176470588235
2,70,3,13,21.33,1.6407692307692305
2,70,4,1,1.25,1.25
2,72,0,1,5.95,5.95
2,72,1,9,51.69,5.743333333333333
2,72,2,1,3.14,3.14
2,72,3,16,29.0,1.8125
2,72,4,5,6.97,1.394
2,73,0,14,70.21,5.015
2,73,1,16,55.77,3.485625
2,73,2,20,52.87,2.6435
2,73,3,16,42.07,2.629375
2,73,4,20,39.35,1.9675
2,75,0,19,115.83,6.096315789473684
2,75,1,8,42.72,5.34
2,75,2,6,25.85,4.308333333333334
2,75,3,5,16.26,3.2520000000000002
2,75,4,19,56.13,2.9542105263157894
2,80,0,13,59.65,4.588461538461538
2,80,1,19,81.2,4.273684210526316
2,80,2,20,80.27,4.0135
2,80,3,9,25.55,2.838888888888889
2,80,4,1,2.01,2.01
2,83,0,9,27.3,3.033333333333333
2,83,1,4,11.21,2.8025
2,83,2,2,5.51,2.755
2,83,3,12,29.61,2.4675
2,83,4,14,17.09,1.2207142857142856
2,84,0,10,19.05,1.905
2,84,1,12,20.51,1.7091666666666667
2,84,2,2,2.73,1.365
2,84,3,19,23.76,1.2505263157894737
2,84,4,19,12.7,0.6684210526315789
2,91,0,15,100.78,6.718666666666667
2,91,1,15,91.21,6.080666666666667
2,91,2,14,72.65,5.189285714285715
2,91,3,6,17.68,2.9466666666666668
2,91,4,16,32.6,2.0375
2,92,0,2,8.6,4.3
2,92,1,4,16.37,4.0925
2,92,2,3,9.37,3.123333333333333
2,92,3,16,48.0,3.0
2,92,4,16,5.41,0.338125
2,96,0,17,76.03,4.472352941176471
2,96,1,6,24.61,4.101666666666667
2,96,2,3,10.56,3.52
2,96,3,12,19.08,1.5899999999999999
2,96,4,20,24.62,1.231
2,97,0,9,63.06,7.006666666666667
2,97,1,12,82.6,6.883333333333333
2,97,2,8,41.98,5.2475
2,97,3,20,90.41,4.5205
2,97,4,18,42.39,2.355
4,0,0,16,36.07,2.254375
4,0,1,1,1.67,1.67
4,0,2,13,13.27,1.0207692307692307
4,0,3,14,12.12,0.8657142857142857
4,0,4,12,2.42,0.20166666666666666
4,2,0,18,92.63,5.146111111111111
4,2,1,1,4.97,4.97
4,2,2,4,14.71,3.6775
4,2,3,1,3.15,3.15
4,2,4,16,35.89,2.243125
4,10,0,12,37.01,3.0841666666666665
4,10,1,8,21.61,2.70125
4,10,2,9,12.28,1.3644444444444443
4,10,3,4,3.01,0.7525
4,10,4,16,11.6,0.725
4,11,0,9,28.55,3.1722222222222225
4,11,1,12,22.3,1.8583333333333334
4,11,2,5,7.41,1.482
4,11,3,7,6.1,0.8714285714285713
4,11,4,18,6.28,0.3488888888888889
4,12,0,17,10.64,0.6258823529411766
4,12,1,1,0.62,0.62
4,12,2,3,1.49,0.49666666666666665
4,12,3,2,0.92,0.46
4,12,4,4,1.84,0.46
4,18,0,11,11.1,1.009090909090909
4,18,1,4,2.44,0.61
4,18,2,7,4.17,0.5957142857142858
4,18,3,19,10.84,0.5705263157894737
4,18,4,6,3.15,0.525
4,24,0,7,3.77,0.5385714285714286
4,24,1,4,1.65,0.4125
4,24,2,1,0.24,0.24
4,24,3,10,1.77,0.177
4,24,4,1,0.07,0.07
4,25,0,20,41.35,2.0675
4,25,1,7,10.59,1.512857142857143
4,25,2,18,26.81,1.4894444444444443
4,25,3,14,17.94,1.2814285714285716
4,25,4,3,3.05,1.0166666666666666
4,32,0,6,28.31,4.718333333333333
4,32,1,20,86.72,4.336
4,32,2,13,43.62,3.355384615384615
4,32,3,10,22.18,2.218
4,32,4,20,23.1,1.155
4,33,0,2,8.55,4.275
4,33,1,14,34.9,2.492857142857143
4,33,2,11,27.39,2.49
4,33,3,10,16.9,1.69
4,33,4,15,23.71,1.5806666666666667
4,34,0,20,60.68,3.034
4,34,1,10,24.77,2.477
4,34,2,12,20.59,1.7158333333333333
4,34,3,12,16.15,1.3458333333333332
4,34,4,20,17.99,0.8995
4,37,0,7,11.12,1.5885714285714285
4,37,1,9,11.11,1.2344444444444445
4,37,2,3,1.94,0.6466666666666666
4,37,3,17,8.91,0.5241176470588236
4,37,4,18,2.16,0.12000000000000001
4,40,0,1,1.48,1.48
4,40,1,18,9.17,0.5094444444444445
4,40,2,11,2.89,0.26272727272727275
4,40,3,13,3.17,0.24384615384615385
4,40,4,18,2.16,0.12000000000000001
4,42,0,1,2.84,2.84
4,42,1,9,22.32,2.48
4,42,2,10,17.24,1.7239999999999998
4,42,3,5,4.61,0.922
4,42,4,11,4.18,0.37999999999999995
4,46,0,20,33.64,1.682
4,46,1,17,17.8,1.0470588235294118
4,46,2,4,4.06,1.015
4,46,3,1,0.46,0.46
4,46,4,7,1.27,0.18142857142857144
4,47,0,11,13.85,1.259090909090909
4,47,1,13,14.33,1.1023076923076922
4,47,2,19,20.03,1.0542105263157895
4,47,3,1,0.87,0.87
4,47,4,2,0.27,0.135
4,52,0,18,35.0,1.9444444444444444
4,52,1,12,10.31,0.8591666666666667
4,52,2,8,5.8,0.725
4,52,3,20,12.03,0.6014999999999999
4,52,4,9,4.27,0.4744444444444444
4,54,0,3,3.96,1.32
4,54,1,19,24.58,1.2936842105263158
4,54,2,19,24.05,1.2657894736842106
4,54,3,6,1.05,0.17500000000000002
4,54,4,15,2.23,0.14866666666666667
4,56,0,14,21.62,1.5442857142857143
4,56,1,17,21.7,1.276470588235294
4,56,2,19,14.07,0.7405263157894737
4,56,3,15,10.69,0.7126666666666667
4,56,4,2,1.27,0.635
4,60,0,3,3.94,1.3133333333333332
4,60,1,14,14.27,1.0192857142857144
4,60,2,18,15.16,0.8422222222222222
4,60,3,15,9.19,0.6126666666666666
4,60,4,8,1.06,0.1325
4,62,0,19,12.77,0.6721052631578948
4,62,1,17,8.57,0.5041176470588236
4,62,2,13,1.99,0.15307692307692308
4,62,3,6,0.88,0.14666666666666667
4,62,4,3,0.43,0.14333333333333334
4,68,0,6,10.18,1.6966666666666665
4,68,1,8,12.65,1.58125
4,68,2,2,1.67,0.835
4,68,3,1,0.77,0.77
4,68,4,7,3.32,0.47428571428571425
4,69,0,10,12.09,1.209
4,69,1,1,0.67,0.67
4,69,2,12,4.49,0.3741666666666667
4,69,3,16,4.2,0.2625
4,69,4,20,4.16,0.20800000000000002
4,70,0,14,44.36,3.1685714285714286
4,70,1,4,12.49,3.1225
4,70,2,7,18.28,2.6114285714285717
4,70,3,5,7.81,1.5619999999999998
4,70,4,8,9.53,1.19125
4,72,0,9,20.01,2.2233333333333336
4,72,1,4,6.15,1.5375
4,72,2,19,29.15,1.5342105263157895
4,72,3,13,16.6,1.276923076923077
4,72,4,2,1.3,0.65
4,73,0,11,93.29,8.480909090909092
4,73,1,14,99.18,7.0842857142857145
4,73,2,8,56.36,7.045
4,73,3,20,84.96,4.247999999999999
4,73,4,10,32.97,3.2969999999999997
4,75,0,12,11.34,0.945
4,75,1,11,9.21,0.8372727272727274
4,75,2,19,14.82,0.78
4,75,3,12,4.96,0.41333333333333333
4,75,4,9,1.9,0.2111111111111111
4,80,0,1,2.0,2.0
4,80,1,4,1.85,0.4625
4,80,2,2,0.78,0.39
4,80,3,2,0.56,0.28
4,80,4,11,1.51,0.13727272727272727
4,83,0,1,4.3,4.3
4,83,1,1,3.08,3.08
4,83,2,4,10.57,2.6425
4,83,3,7,7.76,1.1085714285714285
4,83,4,9,8.04,0.8933333333333332
4,84,0,15,129.25,8.616666666666667
4,84,1,1,6.96,6.96
4,84,2,18,114.49,6.360555555555555
4,84,3,11,69.19,6.29
4,84,4,13,13.32,1.0246153846153847
4,91,0,10,16.32,1.6320000000000001
4,91,1,20,31.99,1.5995
4,91,2,16,21.26,1.32875
4,91,3,19,15.91,0.8373684210526315
4,91,4,9,1.66,0.18444444444444444
4,92,0,20,42.81,2.1405000000000003
4,92,1,1,1.79,1.79
4,92,2,19,32.4,1.7052631578947368
4,92,3,10,8.81,0.881
4,92,4,1,0.67,0.67
4,96,0,12,21.08,1.7566666666666666
4,96,1,1,1.58,1.58
4,96,2,12,12.38,1.0316666666666667
4,96,3,18,11.32,0.6288888888888889
4,96,4,4,1.77,0.4425
4,97,0,12,30.13,2.5108333333333333
4,97,1,11,23.25,2.1136363636363638
4,97,2,4,5.23,1.3075
4,97,3,4,2.44,0.61
4,97,4,14,5.83,0.4164285714285714
10,0,0,1,4.25,4.25
10,0,1,9,33.3,3.6999999999999997
10,0,2,11,6.38,0.58
10,0,3,6,1.89,0.315
10,0,4,8,2.18,0.2725
10,2,0,9,35.16,3.9066666666666663
10,2,1,9,27.3,3.033333333333333
10,2,2,11,24.53,2.23
10,2,3,8,8.19,1.02375
10,2,4,2,1.52,0.76
10,4,0,4,12.06,3.015
10,4,1,2,4.82,2.41
10,4,2,13,22.38,1.7215384615384615
10,4,3,13,14.45,1.1115384615384616
10,4,4,3,2.52,0.84
10,11,0,11,69.7,6.336363636363637
10,11,1,17,95.11,5.594705882352941
10,11,2,13,31.96,2.4584615384615387
10,11,3,5,9.97,1.9940000000000002
10,11,4,2,3.29,1.645
10,12,0,11,19.49,1.7718181818181817
10,12,1,6,10.55,1.7583333333333335
10,12,2,4,3.39,0.8475
10,12,3,15,9.04,0.6026666666666666
10,12,4,7,3.28,0.4685714285714285
10,18,0,2,7.19,3.595
10,18,1,15,47.84,3.1893333333333334
10,18,2,6,12.7,2.1166666666666667
10,18,3,19,22.13,1.164736842105263
10,18,4,17,3.79,0.22294117647058823
10,24,0,4,14.74,3.685
10,24,1,11,38.45,3.4954545454545456
10,24,2,16,31.57,1.973125
10,24,3,8,3.39,0.42375
10,24,4,11,2.14,0.19454545454545455
10,25,0,7,7.65,1.092857142857143
10,25,1,3,1.51,0.5033333333333333
10,25,2,5,1.32,0.264
10,25,3,13,3.43,0.26384615384615384
10,25,4,2,0.39,0.195
10,32,0,17,76.22,4.483529411764706
10,32,1,19,70.24,3.6968421052631575
10,32,2,4,14.26,3.565
10,32,3,7,21.02,3.0028571428571427
10,32,4,8,5.99,0.74875
10,33,0,1,3.26,3.26
10,33,1,4,11.65,2.9125
10,33,2,8,21.17,2.64625
10,33,3,4,9.49,2.3725
10,33,4,12,7.05,0.5875
10,34,0,11,53.43,4.857272727272727
10,34,1,8,27.83,3.47875
10,34,2,11,35.45,3.222727272727273
10,34,3,7,18.08,2.5828571428571427
10,34,4,16,26.05,1.628125
10,37,0,3,11.82,3.94
10,37,1,13,37.54,2.8876923076923076
10,37,2,3,5.79,1.93
10,37,3,4,2.81,0.7025
10,37,4,4,2.51,0.6275
10,40,0,15,44.67,2.978
10,40,1,5,7.37,1.474
10,40,2,1,0.97,0.97
10,40,3,4,3.18,0.795
10,40,4,6,1.79,0.29833333333333334
10,42,0,12,69.24,5.77
10,42,1,10,38.95,3.8950000000000005
10,42,2,19,64.79,3.41
10,42,3,9,30.5,3.388888888888889
10,42,4,14,10.14,0.7242857142857143
10,46,0,9,11.46,1.2733333333333334
10,46,1,11,12.31,1.1190909090909091
10,46,2,4,4.33,1.0825
10,46,3,9,5.75,0.6388888888888888
10,46,4,12,4.24,0.35333333333333333
10,47,0,20,71.33,3.5665
10,47,1,6,18.1,3.016666666666667
10,47,2,9,14.42,1.6022222222222222
10,47,3,6,7.94,1.3233333333333335
10,47,4,10,1.96,0.196
10,52,0,1,1.45,1.45
10,52,1,10,12.26,1.226
10,52,2,8,6.91,0.86375
10,52,3,20,10.75,0.5375
10,52,4,14,5.22,0.37285714285714283
10,54,0,5,9.76,1.952
10,54,1,12,22.44,1.87
10,54,2,8,13.21,1.65125
10,54,3,7,6.22,0.8885714285714286
10,54,4,18,4.37,0.2427777777777778
10,56,0,5,9.54,1.908
10,56,1,12,22.25,1.8541666666666667
10,56,2,15,22.18,1.4786666666666666
10,56,3,8,10.58,1.3225
10,56,4,16,6.34,0.39625
10,60,0,10,17.09,1.709
10,60,1,10,14.66,1.466
10,60,2,2,1.11,0.555
10,60,3,3,1.2,0.39999999999999997
10,60,4,7,2.62,0.3742857142857143
10,62,0,16,46.18,2.88625
10,62,1,9,16.72,1.8577777777777778
10,62,2,4,6.76,1.69
10,62,3,2,3.21,1.605
10,62,4,7,10.87,1.5528571428571427
10,68,0,3,10.53,3.51
10,68,1,9,19.64,2.1822222222222223
10,68,2,2,3.47,1.735
10,68,3,14,16.56,1.1828571428571428
10,68,4,17,15.63,0.9194117647058824
10,69,0,20,36.24,1.812
10,69,1,20,19.87,0.9935
10,69,2,17,16.5,0.9705882352941176
10,69,3,15,8.15,0.5433333333333333
10,69,4,18,3.07,0.17055555555555554
10,70,0,7,41.6,5.942857142857143
10,70,1,10,37.13,3.713
10,70,2,14,33.74,2.41
10,70,3,6,11.93,1.9883333333333333
10,70,4,7,13.9,1.9857142857142858
10,72,0,11,54.2,4.927272727272728
10,72,1,15,48.21,3.214
10,72,2,18,50.74,2.818888888888889
10,72,3,2,3.84,1.92
10,72,4,20,29.63,1.4815
10,73,0,5,40.24,8.048
10,73,1,3,19.27,6.423333333333333
10,73,2,10,48.22,4.822
10,73,3,13,46.98,3.6138461538461537
10,73,4,18,26.18,1.4544444444444444
10,75,0,16,77.82,4.86375
10,75,1,6,23.02,3.8366666666666664
10,75,2,10,34.05,3.405
10,75,3,14,47.4,3.3857142857142857
10,75,4,8,25.99,3.24875
10,80,0,1,3.04,3.04
10,80,1,2,5.28,2.64
10,80,2,17,41.52,2.4423529411764706
10,80,3,15,15.35,1.0233333333333332
10,80,4,11,2.92,0.26545454545454544
10,83,0,9,8.82,0.98
10,83,1,6,5.07,0.8450000000000001
10,83,2,1,0.78,0.78
10,83,3,1,0.65,0.65
10,83,4,9,0.73,0.0811111111111111
10,84,0,6,36.47,6.078333333333333
10,84,1,5,23.77,4.754
10,84,2,20,89.61,4.4805
10,84,3,16,57.36,3.585
10,84,4,7,10.54,1.5057142857142856
10,91,0,8,17.39,2.17375
10,91,1,7,10.43,1.49
10,91,2,1,0.9,0.9
10,91,3,14,9.69,0.6921428571428571
10,91,4,4,1.17,0.2925
10,92,0,9,42.63,4.736666666666667
10,92,1,20,86.71,4.3355
10,92,2,19,75.9,3.9947368421052634
10,92,3,4,12.22,3.055
10,92,4,6,15.08,2.513333333333333
10,96,0,9,47.13,5.236666666666667
10,96,1,12,62.0,5.166666666666667
10,96,2,18,77.17,4.287222222222223
10,96,3,17,59.06,3.4741176470588235
10,96,4,17,31.43,1.8488235294117648
10,97,0,4,16.01,4.0025
10,97,1,10,33.17,3.317
10,97,2,1,1.84,1.84
10,97,3,10,16.18,1.6179999999999999
10,97,4,8,7.9,0.9875
11,0,0,15,18.85,1.2566666666666668
11,0,1,14,13.75,0.9821428571428571
11,0,2,1,0.82,0.82
11,0,3,8,5.46,0.6825
11,0,4,6,3.62,0.6033333333333334
11,2,0,4,21.02,5.255
11,2,1,15,64.92,4.328
11,2,2,17,72.59,4.2700000000000005
11,2,3,15,26.16,1.744
11,2,4,12,8.6,0.7166666666666667
11,4,0,18,63.78,3.5433333333333334
11,4,1,14,45.5,3.25
11,4,2,19,35.49,1.8678947368421053
11,4,3,15,26.96,1.7973333333333334
11,4,4,11,15.77,1.4336363636363636
11,10,0,5,30.99,6.1979999999999995
11,10,1,7,38.19,5.4557142857142855
11,10,2,11,52.19,4.744545454545454
11,10,3,13,60.93,4.686923076923077
11,10,4,20,64.34,3.217
11,12,0,1,2.85,2.85
11,12,1,9,24.53,2.7255555555555557
11,12,2,5,10.35,2.07
11,12,3,7,5.52,0.7885714285714285
11,12,4,7,2.88,0.4114285714285714
11,18,0,12,27.64,2.3033333333333332
11,18,1,13,27.8,2.1384615384615384
11,18,2,3,4.92,1.64
11,18,3,5,4.56,0.9119999999999999
11,18,4,11,1.26,0.11454545454545455
11,24,0,7,21.12,3.0171428571428573
11,24,1,7,20.78,2.968571428571429
11,24,2,14,33.4,2.3857142857142857
11,24,3,7,15.35,2.1928571428571426
11,24,4,3,1.69,0.5633333333333334
11,25,0,3,3.26,1.0866666666666667
11,25,1,15,8.41,0.5606666666666666
11,25,2,18,7.88,0.43777777777777777
11,25,3,12,2.48,0.20666666666666667
11,25,4,1,0.11,0.11
11,32,0,6,16.28,2.7133333333333334
11,32,1,1,2.29,2.29
11,32,2,13,14.43,1.1099999999999999
11,32,3,7,3.84,0.5485714285714286
11,32,4,15,6.25,0.4166666666666667
11,33,0,15,94.35,6.29
11,33,1,7,42.35,6.05
11,33,2,14,25.41,1.815
11,33,3,6,7.98,1.33
11,33,4,10,11.24,1.124
11,34,0,7,7.09,1.012857142857143
11,34,1,15,14.26,0.9506666666666667
11,34,2,4,3.29,0.8225
11,34,3,4,2.32,0.58
11,34,4,13,3.19,0.24538461538461537
11,37,0,15,19.21,1.2806666666666666
11,37,1,5,4.79,0.958
11,37,2,15,12.37,0.8246666666666667
11,37,3,12,5.82,0.48500000000000004
11,37,4,14,3.71,0.265
11,40,0,10,17.99,1.799
11,40,1,3,4.37,1.4566666666666668
11,40,2,4,4.77,1.1925
11,40,3,10,8.2,0.82
11,40,4,12,3.17,0.26416666666666666
11,42,0,13,6.4,0.49230769230769234
11,42,1,12,4.01,0.33416666666666667
11,42,2,8,2.38,0.2975
11,42,3,4,0.68,0.17
11,42,4,14,2.09,0.14928571428571427
11,46,0,1,5.13,5.13
11,46,1,11,49.82,4.529090909090909
11,46,2,2,7.49,3.745
11,46,3,2,6.65,3.325
11,46,4,19,24.11,1.2689473684210526
11,47,0,19,64.32,3.3852631578947365
11,47,1,3,8.66,2.8866666666666667
11,47,2,4,5.66,1.415
11,47,3,5,1.7,0.33999999999999997
11,47,4,1,0.18,0.18
11,52,0,2,10.17,5.085
11,52,1,1,3.52,3.52
11,52,2,6,18.62,3.1033333333333335
11,52,3,6,15.89,2.6483333333333334
11,52,4,17,19.59,1.1523529411764706
11,54,0,1,2.15,2.15
11,54,1,15,24.24,1.6159999999999999
11,54,2,1,1.4,1.4
11,54,3,3,3.28,1.0933333333333333
11,54,4,8,6.09,0.76125
11,56,0,12,48.6,4.05
11,56,1,15,50.35,3.356666666666667
11,56,2,10,23.72,2.372
11,56,3,12,23.24,1.9366666666666665
11,56,4,20,14.12,0.706
11,60,0,8,35.33,4.41625
11,60,1,20,85.54,4.277
11,60,2,9,32.57,3.618888888888889
11,60,3,19,66.32,3.4905263157894733
11,60,4,8,22.91,2.86375
11,62,0,3,8.38,2.7933333333333334
11,62,1,16,43.24,2.7025
11,62,2,4,10.07,2.5175
11,62,3,9,9.17,1.018888888888889
11,62,4,17,13.8,0.8117647058823529
11,68,0,16,66.2,4.1375
11,68,1,8,31.17,3.89625
11,68,2,3,10.56,3.52
11,68,3,16,26.98,1.68625
11,68,4,18,15.4,0.8555555555555556
11,69,0,6,29.46,4.91
11,69,1,16,57.38,3.58625
11,69,2,17,48.53,2.8547058823529414
11,69,3,11,29.85,2.713636363636364
11,69,4,19,5.81,0.3057894736842105
11,70,0,13,10.66,0.8200000000000001
11,70,1,1,0.78,0.78
11,70,2,11,6.51,0.5918181818181818
11,70,3,17,8.1,0.4764705882352941
11,70,4,14,5.63,0.40214285714285714
11,72,0,4,4.97,1.2425
11,72,1,17,21.11,1.2417647058823529
11,72,2,8,5.16,0.645
11,72,3,19,8.42,0.4431578947368421
11,72,4,17,0.88,0.05176470588235294
11,73,0,11,102.78,9.343636363636364
11,73,1,3,26.64,8.88
11,73,2,5,44.27,8.854000000000001
11,73,3,10,40.35,4.035
11,73,4,4,3.94,0.985
11,75,0,20,42.86,2.143
11,75,1,13,23.76,1.8276923076923077
11,75,2,7,7.77,1.1099999999999999
11,75,3,17,17.09,1.005294117647059
11,75,4,12,2.14,0.17833333333333334
11,80,0,7,25.46,3.6371428571428575
11,80,1,1,3.6,3.6
11,80,2,12,35.44,2.953333333333333
11,80,3,4,6.54,1.635
11,80,4,9,2.91,0.32333333333333336
11,83,0,18,129.68,7.204444444444444
11,83,1,8,52.03,6.50375
11,83,2,11,69.46,6.314545454545454
11,83,3,7,23.57,3.367142857142857
11,83,4,13,5.04,0.38769230769230767
11,84,0,19,203.81,10.726842105263158
11,84,1,2,10.34,5.17
11,84,2,4,9.08,2.27
11,84,3,18,32.82,1.8233333333333333
11,84,4,14,18.89,1.3492857142857144
11,91,0,13,65.19,5.014615384615384
11,91,1,3,12.83,4.276666666666666
11,91,2,6,24.83,4.138333333333333
11,91,3,7,28.92,4.131428571428572
11,91,4,11,37.76,3.4327272727272726
11,92,0,9,15.27,1.6966666666666665
11,92,1,15,24.12,1.608
11,92,2,10,11.86,1.186
11,92,3,12,10.57,0.8808333333333334
11,92,4,7,5.16,0.7371428571428572
11,96,0,15,12.83,0.8553333333333334
11,96,1,7,3.88,0.5542857142857143
11,96,2,18,7.17,0.3983333333333333
11,96,3,11,3.93,0.3572727272727273
11,96,4,18,4.85,0.26944444444444443
11,97,0,16,82.14,5.13375
11,97,1,16,65.37,4.085625
11,97,2,16,63.9,3.99375
11,97,3,3,7.55,2.5166666666666666
11,97,4,17,33.41,1.9652941176470586
12,0,0,10,27.98,2.798
12,0,1,10,25.49,2.549
12,0,2,2,4.92,2.46
12,0,3,19,37.6,1.9789473684210528
12,0,4,9,12.61,1.401111111111111
12,2,0,3,15.73,5.243333333333333
12,2,1,20,78.05,3.9025
12,2,2,4,13.16,3.29
12,2,3,20,30.39,1.5195
12,2,4,10,5.05,0.505
12,4,0,3,1.95,0.65
12,4,1,15,6.64,0.44266666666666665
12,4,2,8,2.11,0.26375
12,4,3,12,2.97,0.24750000000000003
12,4,4,6,1.45,0.24166666666666667
12,10,0,6,12.16,2.026666666666667
12,10,1,13,12.62,0.9707692307692307
12,10,2,11,10.65,0.9681818181818183
12,10,3,9,4.46,0.4955555555555555
12,10,4,14,5.57,0.39785714285714285
12,11,0,2,6.2,3.1
12,11,1,17,42.48,2.4988235294117644
12,11,2,8,14.94,1.8675
12,11,3,5,7.37,1.474
12,11,4,17,11.11,0.6535294117647058
12,18,0,20,29.92,1.496
12,18,1,18,17.16,0.9533333333333334
12,18,2,6,3.78,0.63
12,18,3,6,2.58,0.43
12,18,4,9,3.66,0.4066666666666667
12,24,0,20,27.03,1.3515000000000001
12,24,1,16,10.58,0.66125
12,24,2,18,8.16,0.45333333333333337
12,24,3,16,5.76,0.36
12,24,4,19,3.8,0.19999999999999998
12,25,0,8,17.41,2.17625
12,25,1,16,30.81,1.925625
12,25,2,5,8.6,1.72
12,25,3,9,4.67,0.5188888888888888
12,25,4,13,4.25,0.3269230769230769
12,32,0,12,56.22,4.685
12,32,1,5,21.8,4.36
12,32,2,11,45.98,4.18
12,32,3,10,35.5,3.55
12,32,4,3,6.69,2.23
12,33,0,8,39.06,4.8825
12,33,1,16,55.67,3.479375
12,33,2,10,30.17,3.0170000000000003
12,33,3,9,11.15,1.238888888888889
12,33,4,6,7.06,1.1766666666666665
12,34,0,8,21.85,2.73125
12,34,1,2,4.83,2.415
12,34,2,9,14.19,1.5766666666666667
12,34,3,10,6.47,0.647
12,34,4,2,1.11,0.555
12,37,0,8,18.67,2.33375
12,37,1,2,3.85,1.925
12,37,2,20,26.0,1.3
12,37,3,8,3.8,0.475
12,37,4,5,1.03,0.20600000000000002
12,40,0,16,28.5,1.78125
12,40,1,17,24.73,1.4547058823529413
12,40,2,5,2.88,0.576
12,40,3,18,8.24,0.4577777777777778
12,40,4,19,3.28,0.1726315789473684
12,42,0,9,25.45,2.8277777777777775
12,42,1,11,30.4,2.7636363636363637
12,42,2,20,54.95,2.7475
12,42,3,5,7.61,1.522
12,42,4,12,10.81,0.9008333333333334
12,46,0,3,2.73,0.91
12,46,1,7,5.92,0.8457142857142858
12,46,2,4,3.03,0.7575
12,46,3,5,1.81,0.362
12,46,4,8,2.76,0.345
12,47,0,2,3.54,1.77
12,47,1,11,14.76,1.3418181818181818
12,47,2,6,7.22,1.2033333333333334
12,47,3,14,12.56,0.8971428571428571
12,47,4,9,3.11,0.34555555555555556
12,52,0,16,19.46,1.21625
12,52,1,1,0.98,0.98
12,52,2,4,1.01,0.2525
12,52,3,16,3.71,0.231875
12,52,4,8,0.74,0.0925
12,54,0,9,13.72,1.5244444444444445
12,54,1,10,12.08,1.208
12,54,2,12,10.0,0.8333333333333334
12,54,3,4,2.78,0.695
12,54,4,9,2.39,0.26555555555555554
12,56,0,9,4.28,0.47555555555555556
12,56,1,5,1.29,0.258
12,56,2,8,1.89,0.23625
12,56,3,13,1.29,0.09923076923076923
12,56,4,3,0.16,0.05333333333333334
12,60,0,5,4.59,0.9179999999999999
12,60,1,19,15.11,0.7952631578947368
12,60,2,3,2.02,0.6733333333333333
12,60,3,2,0.78,0.39
12,60,4,11,1.85,0.16818181818181818
12,62,0,19,16.8,0.8842105263157896
12,62,1,10,8.56,0.8560000000000001
12,62,2,19,15.72,0.8273684210526316
12,62,3,8,6.55,0.81875
12,62,4,2,0.11,0.055
12,68,0,18,37.7,2.0944444444444446
12,68,1,14,22.79,1.627857142857143
12,68,2,10,12.78,1.278
12,68,3,13,13.83,1.0638461538461539
12,68,4,15,14.79,0.986
12,69,0,6,1.68,0.27999999999999997
12,69,1,2,0.55,0.275
12,69,2,11,2.62,0.2381818181818182
12,69,3,12,1.68,0.13999999999999999
12,69,4,16,1.35,0.084375
12,70,0,1,3.63,3.63
12,70,1,8,17.43,2.17875
12,70,2,20,25.22,1.261
12,70,3,20,22.25,1.1125
12,70,4,4,3.49,0.8725
12,72,0,2,4.9,2.45
12,72,1,5,11.21,2.242
12,72,2,17,22.22,1.3070588235294116
12,72,3,20,15.76,0.788
12,72,4,17,2.69,0.15823529411764706
12,73,0,2,20.63,10.315
12,73,1,14,135.6,9.685714285714285
12,73,2,16,125.09,7.818125
12,73,3,2,12.27,6.135
12,73,4,20,96.27,4.8134999999999994
12,75,0,20,38.54,1.927
12,75,1,4,6.45,1.6125
12,75,2,4,6.4,1.6
12,75,3,13,19.1,1.4692307692307693
12,75,4,9,7.16,0.7955555555555556
12,80,0,1,1.92,1.92
12,80,1,3,5.67,1.89
12,80,2,10,15.81,1.581
12,80,3,5,7.12,1.424
12,80,4,12,6.75,0.5625
12,83,0,18,29.88,1.66
12,83,1,20,24.56,1.228
12,83,2,11,12.5,1.1363636363636365
12,83,3,5,4.82,0.9640000000000001
12,83,4,9,2.97,0.33
12,84,0,4,33.58,8.395
12,84,1,11,41.93,3.811818181818182
12,84,2,3,11.22,3.74
12,84,3,3,8.81,2.936666666666667
12,84,4,15,38.28,2.552
12,91,0,4,5.72,1.43
12,91,1,3,4.04,1.3466666666666667
12,91,2,11,8.56,0.7781818181818182
12,91,3,8,4.93,0.61625
12,91,4,5,2.55,0.51
12,92,0,18,35.15,1.9527777777777777
12,92,1,12,17.37,1.4475
12,92,2,1,1.24,1.24
12,92,3,2,0.35,0.175
12,92,4,18,2.26,0.12555555555555553
12,96,0,8,14.57,1.82125
12,96,1,10,8.25,0.825
12,96,2,3,2.04,0.68
12,96,3,9,5.19,0.5766666666666667
12,96,4,13,5.95,0.45769230769230773
12,97,0,13,28.95,2.226923076923077
12,97,1,14,17.38,1.2414285714285713
12,97,2,14,16.21,1.157857142857143
12,97,3,1,0.99,0.99
12,97,4,10,8.48,0.8480000000000001
18,0,0,12,21.83,1.8191666666666666
18,0,1,11,13.26,1.2054545454545453
18,0,2,15,17.87,1.1913333333333334
18,0,3,17,9.2,0.5411764705882353
18,0,4,20,9.14,0.457
18,2,0,3,20.49,6.829999999999999
18,2,1,19,105.41,5.547894736842105
18,2,2,20,74.17,3.7085
18,2,3,13,21.37,1.643846153846154
18,2,4,12,18.52,1.5433333333333332
18,4,0,7,7.53,1.0757142857142858
18,4,1,3,3.21,1.07
18,4,2,14,13.73,0.9807142857142858
18,4,3,7,6.46,0.9228571428571428
18,4,4,5,1.64,0.32799999999999996
18,10,0,13,53.07,4.082307692307692
18,10,1,11,39.32,3.5745454545454547
18,10,2,11,31.64,2.8763636363636365
18,10,3,1,2.05,2.05
18,10,4,13,12.51,0.9623076923076923
18,11,0,19,48.11,2.5321052631578946
18,11,1,3,6.75,2.25
18,11,2,7,15.74,2.2485714285714287
18,11,3,15,22.34,1.4893333333333334
18,11,4,1,0.42,0.42
18,12,0,11,18.7,1.7
18,12,1,3,3.2,1.0666666666666667
18,12,2,20,17.75,0.8875
18,12,3,15,12.2,0.8133333333333332
18,12,4,13,1.98,0.1523076923076923
18,24,0,8,2.42,0.3025
18,24,1,13,2.45,0.18846153846153849
18,24,2,17,3.02,0.1776470588235294
18,24,3,11,1.64,0.14909090909090908
18,24,4,9,0.54,0.060000000000000005
18,25,0,20,20.04,1.002
18,25,1,17,16.42,0.9658823529411765
18,25,2,1,0.96,0.96
18,25,3,15,11.17,0.7446666666666667
18,25,4,5,1.28,0.256
18,32,0,4,17.64,4.41
18,32,1,18,47.02,2.6122222222222224
18,32,2,19,40.19,2.1152631578947365
18,32,3,5,8.27,1.654
18,32,4,17,12.49,0.7347058823529412
18,33,0,19,140.74,7.407368421052632
18,33,1,15,104.21,6.947333333333333
18,33,2,12,57.32,4.776666666666666
18,33,3,14,44.28,3.162857142857143
18,33,4,13,7.96,0.6123076923076923
18,34,0,14,27.59,1.9707142857142856
18,34,1,1,1.43,1.43
18,34,2,20,17.92,0.8960000000000001
18,34,3,7,5.19,0.7414285714285714
18,34,4,14,3.18,0.22714285714285715
18,37,0,4,8.83,2.2075
18,37,1,9,13.7,1.5222222222222221
18,37,2,19,22.95,1.2078947368421051
18,37,3,10,10.8,1.08
18,37,4,1,0.92,0.92
18,40,0,8,3.09,0.38625
18,40,1,8,3.07,0.38375
18,40,2,3,1.1,0.3666666666666667
18,40,3,11,3.64,0.33090909090909093
18,40,4,15,3.28,0.21866666666666665
18,42,0,8,13.48,1.685
18,42,1,1,1.16,1.16
18,42,2,7,5.85,0.8357142857142856
18,42,3,12,8.19,0.6825
18,42,4,7,1.15,0.16428571428571428
18,46,0,19,40.15,2.113157894736842
18,46,1,10,17.62,1.762
18,46,2,8,14.06,1.7575
18,46,3,8,7.54,0.9425
18,46,4,15,7.88,0.5253333333333333
18,47,0,8,9.57,1.19625
18,47,1,1,1.16,1.16
18,47,2,5,4.74,0.9480000000000001
18,47,3,2,1.16,0.58
18,47,4,19,4.08,0.21473684210526317
18,52,0,7,21.84,3.12
18,52,1,6,13.63,2.271666666666667
18,52,2,8,8.04,1.005
18,52,3,19,8.89,0.4678947368421053
18,52,4,19,8.33,0.43842105263157893
18,54,0,17,27.44,1.6141176470588237
18,54,1,11,15.74,1.430909090909091
18,54,2,10,11.76,1.176
18,54,3,14,13.2,0.9428571428571428
18,54,4,7,3.46,0.4942857142857143
18,56,0,12,17.1,1.425
18,56,1,15,15.89,1.0593333333333335
18,56,2,18,16.55,0.9194444444444445
18,56,3,14,11.47,0.8192857142857143
18,56,4,16,4.06,0.25375
18,60,0,1,2.42,2.42
18,60,1,14,33.25,2.375
18,60,2,17,32.77,1.9276470588235295
18,60,3,15,23.71,1.5806666666666667
18,60,4,19,22.98,1.2094736842105263
18,62,0,1,1.61,1.61
18,62,1,18,23.9,1.3277777777777777
18,62,2,13,4.76,0.36615384615384616
18,62,3,16,2.08,0.13
18,62,4,15,1.72,0.11466666666666667
18,68,0,7,16.05,2.292857142857143
18,68,1,2,3.85,1.925
18,68,2,18,32.87,1.826111111111111
18,68,3,16,27.27,1.704375
18,68,4,12,13.4,1.1166666666666667
18,69,0,19,40.43,2.127894736842105
18,69,1,14,28.24,2.017142857142857
18,69,2,8,15.27,1.90875
18,69,3,3,4.98,1.6600000000000001
18,69,4,2,0.73,0.365
18,70,0,2,4.0,2.0
18,70,1,12,12.82,1.0683333333333334
18,70,2,17,15.78,0.928235294117647
18,70,3,14,9.78,0.6985714285714285
18,70,4,6,4.02,0.6699999999999999
18,72,0,4,6.29,1.5725
18,72,1,4,6.22,1.555
18,72,2,12,6.39,0.5325
18,72,3,1,0.45,0.45
18,72,4,18,4.02,0.2233333333333333
18,73,0,11,122.83,11.166363636363636
18,73,1,13,126.46,9.727692307692307
18,73,2,6,37.39,6.2316666666666665
18,73,3,15,85.51,5.700666666666667
18,73,4,20,93.87,4.6935
18,75,0,4,1.92,0.48
18,75,1,17,7.42,0.4364705882352941
18,75,2,3,1.08,0.36000000000000004
18,75,3,3,0.93,0.31
18,75,4,4,1.06,0.265
18,80,0,20,54.46,2.723
18,80,1,4,8.34,2.085
18,80,2,18,32.19,1.788333333333333
18,80,3,14,14.57,1.0407142857142857
18,80,4,12,7.43,0.6191666666666666
18,83,0,3,11.3,3.766666666666667
18,83,1,5,16.81,3.3619999999999997
18,83,2,1,3.28,3.28
18,83,3,12,25.04,2.0866666666666664
18,83,4,7,6.78,0.9685714285714286
18,84,0,10,78.39,7.839
18,84,1,14,78.69,5.6207142857142856
18,84,2,5,27.67,5.534000000000001
18,84,3,19,95.45,5.023684210526316
18,84,4,16,47.12,2.945
18,91,0,15,33.17,2.2113333333333336
18,91,1,6,8.44,1.4066666666666665
18,91,2,13,15.91,1.2238461538461538
18,91,3,16,16.37,1.023125
18,91,4,6,5.8,0.9666666666666667
18,92,0,9,18.68,2.0755555555555554
18,92,1,17,25.61,1.506470588235294
18,92,2,18,23.81,1.3227777777777776
18,92,3,18,18.76,1.0422222222222224
18,92,4,19,8.0,0.42105263157894735
18,96,0,12,17.85,1.4875
18,96,1,14,14.85,1.0607142857142857
18,96,2,9,7.25,0.8055555555555556
18,96,3,18,12.96,0.7200000000000001
18,96,4,11,7.03,0.6390909090909092
18,97,0,3,8.56,2.8533333333333335
18,97,1,20,56.24,2.8120000000000003
18,97,2,17,40.79,2.3994117647058824
18,97,3,4,9.16,2.29
18,97,4,18,40.75,2.263888888888889
24,0,0,2,3.11,1.555
24,0,1,10,11.17,1.117
24,0,2,12,12.58,1.0483333333333333
24,0,3,14,14.17,1.0121428571428572
24,0,4,4,1.01,0.2525
24,2,0,18,119.79,6.655
24,2,1,18,109.26,6.07
24,2,2,5,10.76,2.152
24,2,3,11,12.29,1.1172727272727272
24,2,4,14,10.0,0.7142857142857143
24,4,0,4,2.81,0.7025
24,4,1,10,6.0,0.6
24,4,2,8,3.13,0.39125
24,4,3,11,3.4,0.3090909090909091
24,4,4,4,0.17,0.0425
24,10,0,20,59.43,2.9715
24,10,1,16,46.64,2.915
24,10,2,18,7.77,0.43166666666666664
24,10,3,14,3.5,0.25
24,10,4,16,2.91,0.181875
24,11,0,3,7.61,2.5366666666666666
24,11,1,9,19.6,2.177777777777778
24,11,2,9,18.67,2.0744444444444445
24,11,3,2,3.48,1.74
24,11,4,3,3.03,1.01
24,12,0,9,12.19,1.3544444444444443
24,12,1,18,16.93,0.9405555555555556
24,12,2,4,3.6,0.9
24,12,3,5,4.08,0.8160000000000001
24,12,4,1,0.35,0.35
24,18,0,7,2.96,0.4228571428571429
24,18,1,20,5.7,0.28500000000000003
24,18,2,15,3.48,0.232
24,18,3,19,3.33,0.17526315789473684
24,18,4,13,2.06,0.15846153846153846
24,25,0,8,9.52,1.19
24,25,1,10,10.62,1.0619999999999998
24,25,2,11,11.38,1.0345454545454547
24,25,3,20,19.96,0.998
24,25,4,3,0.82,0.2733333333333333
24,32,0,5,21.29,4.258
24,32,1,6,25.43,4.238333333333333
24,32,2,3,6.74,2.2466666666666666
24,32,3,6,3.7,0.6166666666666667
24,32,4,12,6.85,0.5708333333333333
24,33,0,9,61.59,6.843333333333334
24,33,1,5,31.74,6.348
24,33,2,2,7.36,3.68
24,33,3,12,37.97,3.1641666666666666
24,33,4,2,4.27,2.135
24,34,0,17,47.1,2.7705882352941176
24,34,1,7,13.1,1.8714285714285714
24,34,2,12,15.95,1.3291666666666666
24,34,3,8,10.02,1.2525
24,34,4,3,1.93,0.6433333333333333
24,37,0,15,28.11,1.8739999999999999
24,37,1,14,21.23,1.5164285714285715
24,37,2,15,22.07,1.4713333333333334
24,37,3,16,19.47,1.216875
24,37,4,5,5.29,1.058
24,40,0,16,11.18,0.69875
24,40,1,13,6.29,0.48384615384615387
24,40,2,14,5.89,0.4207142857142857
24,40,3,12,4.75,0.3958333333333333
24,40,4,5,0.87,0.174
24,42,0,11,26.37,2.3972727272727274
24,42,1,18,43.06,2.3922222222222222
24,42,2,1,1.66,1.66
24,42,3,2,3.13,1.565
24,42,4,4,4.88,1.22
24,46,0,7,17.04,2.434285714285714
24,46,1,1,2.04,2.04
24,46,2,4,5.4,1.35
24,46,3,4,1.78,0.445
24,46,4,8,2.36,0.295
24,47,0,5,5.74,1.1480000000000001
24,47,1,16,17.3,1.08125
24,47,2,3,2.53,0.8433333333333333
24,47,3,2,1.32,0.66
24,47,4,3,0.63,0.21
24,52,0,17,46.13,2.713529411764706
24,52,1,8,20.42,2.5525
24,52,2,14,29.35,2.0964285714285715
24,52,3,16,3.92,0.245
24,52,4,17,2.78,0.16352941176470587
24,54,0,16,26.33,1.645625
24,54,1,7,7.8,1.1142857142857143
24,54,2,14,15.4,1.1
24,54,3,5,2.87,0.5740000000000001
24,54,4,1,0.32,0.32
24,56,0,16,35.94,2.24625
24,56,1,16,32.53,2.033125
24,56,2,10,19.72,1.972
24,56,3,11,12.26,1.1145454545454545
24,56,4,19,7.64,0.40210526315789474
24,60,0,8,17.33,2.16625
24,60,1,12,19.45,1.6208333333333333
24,60,2,10,6.14,0.614
24,60,3,4,1.65,0.4125
24,60,4,19,3.39,0.17842105263157895
24,62,0,13,12.71,0.9776923076923077
24,62,1,5,3.6,0.72
24,62,2,2,1.12,0.56
24,62,3,9,1.03,0.11444444444444445
24,62,4,18,2.03,0.11277777777777777
24,68,0,13,16.5,1.2692307692307692
24,68,1,3,3.77,1.2566666666666666
24,68,2,2,1.99,0.995
24,68,3,15,14.65,0.9766666666666667
24,68,4,15,3.76,0.25066666666666665
24,69,0,10,15.16,1.516
24,69,1,10,14.25,1.425
24,69,2,16,22.77,1.423125
24,69,3,4,3.86,0.965
24,69,4,3,1.77,0.59
24,70,0,4,7.21,1.8025
24,70,1,19,29.98,1.5778947368421052
24,70,2,12,10.82,0.9016666666666667
24,70,3,11,3.73,0.3390909090909091
24,70,4,12,3.06,0.255
24,72,0,17,31.68,1.8635294117647059
24,72,1,10,17.69,1.7690000000000001
24,72,2,1,1.15,1.15
24,72,3,17,12.08,0.7105882352941176
24,72,4,2,1.03,0.515
24,73,0,4,38.24,9.56
24,73,1,12,87.99,7.3325
24,73,2,1,6.48,6.48
24,73,3,17,95.79,5.634705882352941
24,73,4,6,14.37,2.395
24,75,0,13,10.39,0.7992307692307693
24,75,1,18,14.14,0.7855555555555556
24,75,2,8,4.98,0.6225
24,75,3,20,6.41,0.3205
24,75,4,16,2.9,0.18125
24,80,0,5,14.51,2.902
24,80,1,17,42.51,2.5005882352941176
24,80,2,4,5.33,1.3325
24,80,3,15,18.25,1.2166666666666666
24,80,4,10,8.45,0.845
24,83,0,4,18.62,4.655
24,83,1,16,72.37,4.523125
24,83,2,16,63.06,3.94125
24,83,3,3,11.49,3.83
24,83,4,16,43.76,2.735
24,84,0,2,20.77,10.385
24,84,1,16,143.12,8.945
24,84,2,15,116.58,7.772
24,84,3,9,52.09,5.787777777777778
24,84,4,10,17.23,1.723
24,91,0,11,11.08,1.0072727272727273
24,91,1,8,6.48,0.81
24,91,2,6,1.99,0.33166666666666667
24,91,3,20,5.08,0.254
24,91,4,6,0.75,0.125
24,92,0,6,14.18,2.3633333333333333
24,92,1,19,44.03,2.3173684210526315
24,92,2,2,4.62,2.31
24,92,3,7,4.48,0.64
24,92,4,3,0.93,0.31
24,96,0,7,13.65,1.95
24,96,1,3,5.22,1.74
24,96,2,9,7.12,0.7911111111111111
24,96,3,4,2.7,0.675
24,96,4,1,0.25,0.25
24,97,0,1,2.39,2.39
24,97,1,15,33.31,2.220666666666667
24,97,2,7,11.55,1.6500000000000001
24,97,3,10,10.57,1.057
24,97,4,20,17.51,0.8755000000000001
25,0,0,19,5.63,0.2963157894736842
25,0,1,15,4.19,0.2793333333333334
25,0,2,20,4.54,0.227
25,0,3,6,1.33,0.22166666666666668
25,0,4,4,0.78,0.195
25,2,0,10,51.84,5.184
25,2,1,2,9.17,4.585
25,2,2,13,54.48,4.190769230769231
25,2,3,10,36.92,3.692
25,2,4,8,12.86,1.6075
25,4,0,14,22.92,1.6371428571428572
25,4,1,5,7.69,1.538
25,4,2,18,17.08,0.9488888888888888
25,4,3,11,8.16,0.7418181818181818
25,4,4,10,5.75,0.575
25,10,0,16,74.22,4.63875
25,10,1,6,25.61,4.2683333333333335
25,10,2,13,20.29,1.5607692307692307
25,10,3,20,17.34,0.867
25,10,4,3,0.75,0.25
25,11,0,15,23.13,1.542
25,11,1,19,24.82,1.3063157894736843
25,11,2,11,12.75,1.1590909090909092
25,11,3,4,3.72,0.93
25,11,4,10,6.93,0.693
25,12,0,7,16.71,2.3871428571428575
25,12,1,2,4.1,2.05
25,12,2,3,5.98,1.9933333333333334
25,12,3,7,3.21,0.4585714285714286
25,12,4,12,4.24,0.35333333333333333
25,18,0,10,16.15,1.6149999999999998
25,18,1,16,23.87,1.491875
25,18,2,12,12.72,1.06
25,18,3,16,15.66,0.97875
25,18,4,7,4.97,0.71
25,24,0,11,16.52,1.5018181818181817
25,24,1,15,12.84,0.856
25,24,2,4,3.11,0.7775
25,24,3,15,10.42,0.6946666666666667
25,24,4,13,8.71,0.67
25,32,0,16,48.74,3.04625
25,32,1,2,5.84,2.92
25,32,2,8,17.7,2.2125
25,32,3,3,4.14,1.38
25,32,4,17,7.37,0.4335294117647059
25,33,0,14,78.99,5.642142857142857
25,33,1,19,102.53,5.396315789473684
25,33,2,18,43.82,2.4344444444444444
25,33,3,12,25.96,2.1633333333333336
25,33,4,2,1.06,0.53
25,34,0,10,5.37,0.537
25,34,1,2,0.94,0.47
25,34,2,18,2.91,0.16166666666666668
25,34,3,4,0.36,0.09
25,34,4,3,0.15,0.049999999999999996
25,37,0,7,4.46,0.6371428571428571
25,37,1,13,8.16,0.6276923076923077
25,37,2,9,4.75,0.5277777777777778
25,37,3,16,5.98,0.37375
25,37,4,7,0.42,0.06
25,40,0,17,20.03,1.178235294117647
25,40,1,9,10.34,1.1488888888888888
25,40,2,8,8.45,1.05625
25,40,3,17,14.46,0.8505882352941176
25,40,4,8,1.9,0.2375
25,42,0,12,17.86,1.4883333333333333
25,42,1,1,1.31,1.31
25,42,2,13,15.72,1.2092307692307693
25,42,3,8,5.11,0.63875
25,42,4,5,0.45,0.09
25,46,0,14,45.96,3.282857142857143
25,46,1,1,2.88,2.88
25,46,2,9,10.18,1.1311111111111112
25,46,3,9,8.51,0.9455555555555555
25,46,4,13,9.3,0.7153846153846154
25,47,0,2,2.69,1.345
25,47,1,18,19.77,1.0983333333333334
25,47,2,13,9.75,0.75
25,47,3,19,11.61,0.6110526315789473
25,47,4,12,5.66,0.4716666666666667
25,52,0,20,61.2,3.06
25,52,1,3,6.41,2.1366666666666667
25,52,2,9,9.73,1.0811111111111111
25,52,3,19,13.5,0.7105263157894737
25,52,4,2,0.38,0.19
25,54,0,8,6.98,0.8725
25,54,1,3,1.94,0.6466666666666666
25,54,2,11,5.89,0.5354545454545454
25,54,3,11,4.62,0.42
25,54,4,9,0.69,0.07666666666666666
25,56,0,8,18.3,2.2875
25,56,1,1,1.97,1.97
25,56,2,12,22.32,1.86
25,56,3,13,18.74,1.4415384615384614
25,56,4,5,2.84,0.568
25,60,0,6,19.63,3.2716666666666665
25,60,1,15,47.7,3.18
25,60,2,10,23.64,2.364
25,60,3,12,27.96,2.33
25,60,4,16,27.95,1.746875
25,62,0,10,15.47,1.5470000000000002
25,62,1,13,14.58,1.1215384615384616
25,62,2,17,15.06,0.8858823529411765
25,62,3,2,1.66,0.83
25,62,4,12,1.0,0.08333333333333333
25,68,0,17,64.43,3.7900000000000005
25,68,1,10,23.35,2.335
25,68,2,9,10.86,1.2066666666666666
25,68,3,9,8.24,0.9155555555555556
25,68,4,17,2.99,0.1758823529411765
25,69,0,17,54.07,3.1805882352941177
25,69,1,7,21.36,3.051428571428571
25,69,2,15,37.81,2.5206666666666666
25,69,3,13,14.13,1.0869230769230769
25,69,4,16,4.56,0.285
25,70,0,11,16.27,1.479090909090909
25,70,1,1,1.32,1.32
25,70,2,18,17.67,0.9816666666666668
25,70,3,15,13.38,0.892
25,70,4,7,5.52,0.7885714285714285
25,72,0,18,12.2,0.6777777777777777
25,72,1,4,2.59,0.6475
25,72,2,16,8.03,0.501875
25,72,3,17,7.93,0.4664705882352941
25,72,4,13,3.32,0.2553846153846154
25,73,0,20,156.4,7.82
25,73,1,2,10.91,5.455
25,73,2,18,92.78,5.154444444444445
25,73,3,9,5.9,0.6555555555555556
25,73,4,1,0.53,0.53
25,75,0,13,21.62,1.6630769230769231
25,75,1,11,17.77,1.6154545454545455
25,75,2,5,5.94,1.1880000000000002
25,75,3,2,1.71,0.855
25,75,4,11,2.83,0.25727272727272726
25,80,0,8,9.13,1.14125
25,80,1,6,3.86,0.6433333333333333
25,80,2,2,0.64,0.32
25,80,3,14,3.77,0.2692857142857143
25,80,4,14,1.15,0.08214285714285714
25,83,0,19,80.47,4.235263157894737
25,83,1,11,21.23,1.93
25,83,2,6,9.33,1.555
25,83,3,5,4.67,0.9339999999999999
25,83,4,14,8.08,0.5771428571428572
25,84,0,8,56.51,7.06375
25,84,1,10,66.18,6.618
25,84,2,3,15.33,5.11
25,84,3,4,15.64,3.91
25,84,4,15,49.77,3.318
25,91,0,14,50.88,3.6342857142857143
25,91,1,15,45.89,3.0593333333333335
25,91,2,1,1.93,1.93
25,91,3,10,11.21,1.121
25,91,4,16,8.98,0.56125
25,92,0,20,11.07,0.5535
25,92,1,7,3.41,0.48714285714285716
25,92,2,11,3.47,0.3154545454545455
25,92,3,5,0.46,0.092
25,92,4,2,0.14,0.07
25,96,0,16,21.37,1.335625
25,96,1,1,1.25,1.25
25,96,2,5,4.39,0.8779999999999999
25,96,3,18,15.5,0.8611111111111112
25,96,4,3,0.27,0.09000000000000001
25,97,0,18,79.48,4.415555555555556
25,97,1,3,11.82,3.94
25,97,2,4,12.55,3.1375
25,97,3,13,28.63,2.2023076923076923
25,97,4,7,8.06,1.1514285714285715
32,0,0,16,40.39,2.524375
32,0,1,11,23.28,2.1163636363636367
32,0,2,7,13.94,1.9914285714285713
32,0,3,13,10.95,0.8423076923076922
32,0,4,3,2.47,0.8233333333333334
32,2,0,5,26.44,5.288
32,2,1,1,5.27,5.27
32,2,2,14,54.83,3.9164285714285714
32,2,3,18,63.53,3.5294444444444446
32,2,4,9,16.74,1.8599999999999999
32,4,0,8,37.53,4.69125
32,4,1,17,76.02,4.471764705882353
32,4,2,13,50.85,3.911538461538462
32,4,3,1,3.57,3.57
32,4,4,19,41.32,2.174736842105263
32,10,0,1,5.66,5.66
32,10,1,20,45.36,2.268
32,10,2,2,1.58,0.79
32,10,3,16,8.16,0.51
32,10,4,7,2.06,0.2942857142857143
32,11,0,18,71.59,3.977222222222222
32,11,1,3,11.42,3.8066666666666666
32,11,2,5,14.14,2.8280000000000003
32,11,3,12,8.88,0.7400000000000001
32,11,4,20,14.44,0.722
32,12,0,11,36.77,3.342727272727273
32,12,1,8,21.44,2.68
32,12,2,8,7.98,0.9975
32,12,3,4,2.97,0.7425
32,12,4,14,6.93,0.495
32,18,0,3,13.87,4.623333333333333
32,18,1,3,13.3,4.433333333333334
32,18,2,7,27.96,3.994285714285714
32,18,3,7,17.37,2.4814285714285718
32,18,4,5,6.78,1.356
32,24,0,12,61.89,5.1575
32,24,1,9,46.09,5.121111111111111
32,24,2,14,71.52,5.1085714285714285
32,24,3,4,20.3,5.075
32,24,4,9,8.46,0.9400000000000001
32,25,0,11,32.81,2.982727272727273
32,25,1,7,18.26,2.608571428571429
32,25,2,15,35.05,2.3366666666666664
32,25,3,5,6.74,1.348
32,25,4,11,2.66,0.24181818181818182
32,33,0,7,40.56,5.7942857142857145
32,33,1,20,80.15,4.0075
32,33,2,9,28.64,3.1822222222222223
32,33,3,5,10.17,2.034
32,33,4,10,17.22,1.722
32,34,0,9,29.96,3.328888888888889
32,34,1,1,2.75,2.75
32,34,2,1,2.56,2.56
32,34,3,17,40.2,2.364705882352941
32,34,4,4,4.09,1.0225
32,37,0,19,47.64,2.5073684210526315
32,37,1,15,34.11,2.274
32,37,2,7,12.56,1.7942857142857143
32,37,3,1,0.45,0.45
32,37,4,18,3.24,0.18000000000000002
32,40,0,18,50.13,2.785
32,40,1,15,35.9,2.393333333333333
32,40,2,1,1.79,1.79
32,40,3,19,16.1,0.8473684210526317
32,40,4,14,10.59,0.7564285714285715
32,42,0,1,3.34,3.34
32,42,1,16,45.33,2.833125
32,42,2,12,16.37,1.3641666666666667
32,42,3,3,3.56,1.1866666666666668
32,42,4,1,1.01,1.01
32,46,0,6,29.85,4.9750000000000005
32,46,1,6,28.32,4.72
32,46,2,19,87.89,4.62578947368421
32,46,3,16,54.82,3.42625
32,46,4,18,6.98,0.3877777777777778
32,47,0,17,103.85,6.108823529411764
32,47,1,9,51.86,5.762222222222222
32,47,2,6,33.03,5.505
32,47,3,6,22.81,3.8016666666666663
32,47,4,19,56.33,2.964736842105263
32,52,0,18,66.33,3.685
32,52,1,5,18.05,3.6100000000000003
32,52,2,5,14.39,2.878
32,52,3,15,37.55,2.503333333333333
32,52,4,5,3.91,0.782
32,54,0,3,8.98,2.9933333333333336
32,54,1,1,2.63,2.63
32,54,2,14,23.74,1.6957142857142855
32,54,3,18,20.47,1.1372222222222221
32,54,4,18,7.62,0.42333333333333334
32,56,0,2,7.36,3.68
32,56,1,8,27.13,3.39125
32,56,2,18,14.88,0.8266666666666667
32,56,3,20,10.47,0.5235000000000001
32,56,4,8,2.2,0.275
32,60,0,16,86.12,5.3825
32,60,1,15,51.43,3.4286666666666665
32,60,2,16,37.06,2.31625
32,60,3,9,9.08,1.008888888888889
32,60,4,3,2.77,0.9233333333333333
32,62,0,7,13.69,1.9557142857142857
32,62,1,10,18.12,1.812
32,62,2,11,13.5,1.2272727272727273
32,62,3,14,9.86,0.7042857142857143
32,62,4,5,2.25,0.45
32,68,0,2,13.78,6.89
32,68,1,14,78.87,5.633571428571429
32,68,2,11,56.98,5.18
32,68,3,16,82.64,5.165
32,68,4,15,52.53,3.5020000000000002
32,69,0,3,15.82,5.273333333333333
32,69,1,5,24.66,4.932
32,69,2,4,5.13,1.2825
32,69,3,8,9.98,1.2475
32,69,4,9,6.81,0.7566666666666666
32,70,0,20,87.2,4.36
32,70,1,7,28.94,4.134285714285714
32,70,2,12,36.36,3.03
32,70,3,6,3.15,0.525
32,70,4,8,1.6,0.2
32,72,0,3,8.94,2.98
32,72,1,14,34.99,2.4992857142857146
32,72,2,11,11.57,1.0518181818181818
32,72,3,20,19.71,0.9855
32,72,4,11,4.06,0.3690909090909091
32,73,0,19,96.3,5.068421052631579
32,73,1,1,3.28,3.28
32,73,2,4,12.43,3.1075
32,73,3,18,38.94,2.163333333333333
32,73,4,8,10.65,1.33125
32,75,0,8,35.56,4.445
32,75,1,12,39.57,3.2975
32,75,2,3,8.24,2.7466666666666666
32,75,3,9,11.42,1.268888888888889
32,75,4,7,3.59,0.5128571428571428
32,80,0,5,12.94,2.588
32,80,1,1,2.29,2.29
32,80,2,3,5.24,1.7466666666666668
32,80,3,5,8.28,1.656
32,80,4,15,8.97,0.5980000000000001
32,83,0,15,91.9,6.126666666666667
32,83,1,20,108.72,5.436
32,83,2,18,96.36,5.3533333333333335
32,83,3,17,70.96,4.174117647058823
32,83,4,14,5.91,0.42214285714285715
32,84,0,13,103.99,7.999230769230769
32,84,1,11,62.76,5.705454545454545
32,84,2,6,19.25,3.2083333333333335
32,84,3,4,5.0,1.25
32,84,4,18,8.45,0.4694444444444444
32,91,0,11,45.34,4.121818181818182
32,91,1,20,67.71,3.3854999999999995
32,91,2,12,26.73,2.2275
32,91,3,19,41.16,2.166315789473684
32,91,4,18,38.88,2.16
32,92,0,7,18.39,2.6271428571428572
32,92,1,12,30.89,2.5741666666666667
32,92,2,8,16.77,2.09625
32,92,3,15,4.87,0.32466666666666666
32,92,4,15,2.31,0.154
32,96,0,15,52.58,3.505333333333333
32,96,1,13,23.76,1.8276923076923077
32,96,2,5,6.27,1.254
32,96,3,17,16.64,0.9788235294117648
32,96,4,3,0.77,0.25666666666666665
32,97,0,12,77.76,6.48
32,97,1,12,19.33,1.6108333333333331
32,97,2,6,6.71,1.1183333333333334
32,97,3,6,4.6,0.7666666666666666
32,97,4,16,10.18,0.63625
33,0,0,16,100.57,6.285625
33,0,1,4,24.11,6.0275
33,0,2,18,84.18,4.676666666666667
33,0,3,6,2.38,0.39666666666666667
33,0,4,20,7.04,0.352
33,2,0,1,0.87,0.87
33,2,1,13,10.75,0.8269230769230769
33,2,2,19,12.91,0.6794736842105263
33,2,3,8,2.9,0.3625
33,2,4,4,0.61,0.1525
33,4,0,10,42.67,4.267
33,4,1,18,58.28,3.2377777777777776
33,4,2,5,10.03,2.006
33,4,3,2,3.47,1.735
33,4,4,12,6.22,0.5183333333333333
33,10,0,18,44.65,2.4805555555555556
33,10,1,7,14.04,2.005714285714286
33,10,2,17,31.39,1.846470588235294
33,10,3,8,11.97,1.49625
33,10,4,11,8.56,0.7781818181818182
33,11,0,3,17.69,5.896666666666667
33,11,1,1,5.8,5.8
33,11,2,11,51.92,4.72
33,11,3,18,32.82,1.8233333333333333
33,11,4,5,8.77,1.754
33,12,0,18,82.27,4.570555555555555
33,12,1,10,29.6,2.96
33,12,2,13,37.55,2.8884615384615384
33,12,3,1,1.63,1.63
33,12,4,9,8.85,0.9833333333333333
33,18,0,20,112.37,5.6185
33,18,1,13,64.64,4.972307692307693
33,18,2,14,67.07,4.7907142857142855
33,18,3,18,78.7,4.372222222222223
33,18,4,5,3.16,0.632
33,24,0,3,19.16,6.386666666666667
33,24,1,17,108.22,6.365882352941177
33,24,2,12,64.49,5.3741666666666665
33,24,3,12,48.01,4.0008333333333335
33,24,4,6,2.07,0.345
33,25,0,11,49.12,4.465454545454545
33,25,1,2,7.87,3.935
33,25,2,3,10.06,3.3533333333333335
33,25,3,13,27.98,2.1523076923076925
33,25,4,12,9.98,0.8316666666666667
33,32,0,2,7.06,3.53
33,32,1,3,6.08,2.026666666666667
33,32,2,7,6.82,0.9742857142857143
33,32,3,11,8.72,0.7927272727272728
33,32,4,10,6.36,0.636
33,34,0,18,97.48,5.415555555555556
33,34,1,9,47.14,5.237777777777778
33,34,2,3,11.54,3.8466666666666662
33,34,3,7,16.07,2.295714285714286
33,34,4,13,18.46,1.4200000000000002
33,37,0,15,95.03,6.335333333333334
33,37,1,17,67.99,3.999411764705882
33,37,2,5,14.02,2.804
33,37,3,11,16.45,1.4954545454545454
33,37,4,15,13.78,0.9186666666666666
33,40,0,1,7.19,7.19
33,40,1,3,17.17,5.723333333333334
33,40,2,10,41.14,4.114
33,40,3,9,34.31,3.8122222222222226
33,40,4,16,31.2,1.95
33,42,0,8,69.54,8.6925
33,42,1,15,112.02,7.468
33,42,2,6,34.55,5.758333333333333
33,42,3,4,18.67,4.6675
33,42,4,19,16.56,0.871578947368421
33,46,0,13,50.36,3.873846153846154
33,46,1,13,46.81,3.600769230769231
33,46,2,7,10.13,1.4471428571428573
33,46,3,6,7.97,1.3283333333333334
33,46,4,14,4.25,0.30357142857142855
33,47,0,7,49.71,7.101428571428571
33,47,1,9,58.81,6.5344444444444445
33,47,2,5,27.76,5.5520000000000005
33,47,3,20,108.85,5.4425
33,47,4,18,6.63,0.36833333333333335
33,52,0,19,79.45,4.181578947368421
33,52,1,4,14.47,3.6175
33,52,2,17,52.99,3.117058823529412
33,52,3,11,4.83,0.4390909090909091
33,52,4,8,2.47,0.30875
33,54,0,10,59.62,5.962
33,54,1,20,71.65,3.5825000000000005
33,54,2,19,60.73,3.196315789473684
33,54,3,18,32.6,1.8111111111111111
33,54,4,11,16.42,1.492727272727273
33,56,0,3,12.66,4.22
33,56,1,2,7.39,3.695
33,56,2,12,37.94,3.1616666666666666
33,56,3,13,17.98,1.383076923076923
33,56,4,5,6.3,1.26
33,60,0,1,4.47,4.47
33,60,1,3,13.31,4.4366666666666665
33,60,2,6,23.47,3.9116666666666666
33,60,3,14,52.58,3.755714285714286
33,60,4,5,4.97,0.994
33,62,0,12,67.63,5.635833333333333
33,62,1,18,91.72,5.095555555555555
33,62,2,18,88.83,4.935
33,62,3,14,36.67,2.619285714285714
33,62,4,20,39.49,1.9745000000000001
33,68,0,2,14.93,7.465
33,68,1,14,77.67,5.547857142857143
33,68,2,15,33.23,2.215333333333333
33,68,3,15,19.14,1.276
33,68,4,12,6.58,0.5483333333333333
33,69,0,15,84.98,5.665333333333334
33,69,1,5,21.44,4.288
33,69,2,15,48.26,3.2173333333333334
33,69,3,13,21.68,1.6676923076923076
33,69,4,15,12.58,0.8386666666666667
33,70,0,4,33.79,8.4475
33,70,1,12,100.18,8.348333333333334
33,70,2,16,70.21,4.388125
33,70,3,12,33.79,2.8158333333333334
33,70,4,2,3.28,1.64
33,72,0,20,142.15,7.1075
33,72,1,17,99.53,5.854705882352941
33,72,2,19,51.26,2.6978947368421053
33,72,3,4,6.13,1.5325
33,72,4,1,1.51,1.51
33,73,0,7,44.31,6.33
33,73,1,12,37.13,3.0941666666666667
33,73,2,17,52.38,3.0811764705882356
33,73,3,10,26.95,2.695
33,73,4,19,8.01,0.42157894736842105
33,75,0,6,39.55,6.591666666666666
33,75,1,18,114.54,6.363333333333333
33,75,2,16,80.85,5.053125
33,75,3,6,15.67,2.611666666666667
33,75,4,4,8.87,2.2175
33,80,0,14,60.48,4.319999999999999
33,80,1,17,63.91,3.7594117647058822
33,80,2,4,7.98,1.995
33,80,3,17,21.92,1.2894117647058825
33,80,4,11,6.98,0.6345454545454546
33,83,0,19,47.02,2.4747368421052633
33,83,1,12,29.38,2.4483333333333333
33,83,2,8,19.43,2.42875
33,83,3,9,11.48,1.2755555555555556
33,83,4,15,11.2,0.7466666666666666
33,84,0,10,17.12,1.7120000000000002
33,84,1,18,27.41,1.5227777777777778
33,84,2,19,22.45,1.181578947368421
33,84,3,1,1.14,1.14
33,84,4,14,8.76,0.6257142857142857
33,91,0,17,114.15,6.714705882352941
33,91,1,12,54.27,4.5225
33,91,2,3,3.54,1.18
33,91,3,7,5.56,0.7942857142857143
33,91,4,1,0.38,0.38
33,92,0,7,47.66,6.808571428571428
33,92,1,10,67.63,6.763
33,92,2,4,24.03,6.0075
33,92,3,8,40.18,5.0225
33,92,4,10,3.08,0.308
33,96,0,11,92.36,8.396363636363636
33,96,1,2,14.07,7.035
33,96,2,8,49.61,6.20125
33,96,3,11,20.36,1.8509090909090908
33,96,4,14,13.22,0.9442857142857143
33,97,0,13,93.55,7.196153846153846
33,97,1,7,34.82,4.974285714285714
33,97,2,16,66.29,4.143125
33,97,3,8,20.82,2.6025
33,97,4,11,13.48,1.2254545454545456
34,0,0,15,7.08,0.47200000000000003
34,0,1,19,8.91,0.4689473684210526
34,0,2,19,8.53,0.4489473684210526
34,0,3,15,4.37,0.29133333333333333
34,0,4,14,2.86,0.20428571428571426
34,2,0,1,6.53,6.53
34,2,1,19,117.05,6.160526315789474
34,2,2,5,26.56,5.311999999999999
34,2,3,9,40.42,4.4911111111111115
34,2,4,5,21.89,4.378
34,4,0,9,17.82,1.98
34,4,1,11,19.21,1.7463636363636363
34,4,2,12,20.68,1.7233333333333334
34,4,3,10,11.09,1.109
34,4,4,14,6.76,0.4828571428571428
34,10,0,9,49.68,5.52
34,10,1,4,12.83,3.2075
34,10,2,14,42.71,3.0507142857142857
34,10,3,14,22.21,1.5864285714285715
34,10,4,9,11.17,1.241111111111111
34,11,0,4,4.19,1.0475
34,11,1,7,6.67,0.9528571428571428
34,11,2,7,6.41,0.9157142857142857
34,11,3,1,0.84,0.84
34,11,4,4,3.32,0.83
34,12,0,7,22.63,3.2328571428571427
34,12,1,9,23.33,2.592222222222222
34,12,2,14,28.72,2.051428571428571
34,12,3,6,10.18,1.6966666666666665
34,12,4,7,6.5,0.9285714285714286
34,18,0,8,18.07,2.25875
34,18,1,7,12.34,1.762857142857143
34,18,2,20,15.2,0.76
34,18,3,16,10.1,0.63125
34,18,4,7,2.79,0.3985714285714286
34,24,0,10,17.15,1.7149999999999999
34,24,1,6,6.35,1.0583333333333333
34,24,2,16,13.65,0.853125
34,24,3,4,2.88,0.72
34,24,4,13,7.62,0.5861538461538461
34,25,0,14,13.93,0.995
34,25,1,3,2.85,0.9500000000000001
34,25,2,15,13.46,0.8973333333333334
34,25,3,19,7.82,0.41157894736842104
34,25,4,4,0.47,0.1175
34,32,0,4,7.94,1.985
34,32,1,7,9.87,1.41
34,32,2,13,13.1,1.0076923076923077
34,32,3,15,7.25,0.48333333333333334
34,32,4,15,7.2,0.48000000000000004
34,33,0,16,114.07,7.129375
34,33,1,13,70.99,5.46076923076923
34,33,2,4,20.96,5.24
34,33,3,16,35.67,2.229375
34,33,4,5,4.61,0.922
34,37,0,20,20.61,1.0305
34,37,1,16,12.78,0.79875
34,37,2,10,4.45,0.445
34,37,3,15,1.36,0.09066666666666667
34,37,4,10,0.57,0.056999999999999995
34,40,0,16,30.62,1.91375
34,40,1,1,1.77,1.77
34,40,2,6,8.86,1.4766666666666666
34,40,3,6,7.51,1.2516666666666667
34,40,4,8,3.45,0.43125
34,42,0,15,14.6,0.9733333333333333
34,42,1,5,4.29,0.858
34,42,2,19,9.03,0.47526315789473683
34,42,3,7,2.24,0.32
34,42,4,2,0.63,0.315
34,46,0,11,46.25,4.204545454545454
34,46,1,1,3.47,3.47
34,46,2,11,32.4,2.9454545454545453
34,46,3,11,26.43,2.402727272727273
34,46,4,1,2.37,2.37
34,47,0,20,75.42,3.771
34,47,1,12,30.06,2.505
34,47,2,14,26.09,1.8635714285714287
34,47,3,11,13.73,1.2481818181818183
34,47,4,13,15.62,1.2015384615384614
34,52,0,1,3.48,3.48
34,52,1,3,9.54,3.1799999999999997
34,52,2,8,22.38,2.7975
34,52,3,1,2.21,2.21
34,52,4,18,8.49,0.4716666666666667
34,54,0,13,22.14,1.7030769230769232
34,54,1,17,18.55,1.0911764705882354
34,54,2,13,12.47,0.9592307692307693
34,54,3,20,13.63,0.6815
34,54,4,5,1.8,0.36
34,56,0,11,38.67,3.5154545454545456
34,56,1,6,13.85,2.308333333333333
34,56,2,2,4.14,2.07
34,56,3,18,31.45,1.7472222222222222
34,56,4,2,2.83,1.415
34,60,0,17,32.01,1.8829411764705881
34,60,1,13,22.51,1.7315384615384617
34,60,2,3,4.76,1.5866666666666667
34,60,3,7,5.5,0.7857142857142857
34,60,4,12,4.44,0.37000000000000005
34,62,0,12,30.17,2.5141666666666667
34,62,1,16,38.26,2.39125
34,62,2,3,3.28,1.0933333333333333
34,62,3,8,7.74,0.9675
34,62,4,5,4.46,0.892
34,68,0,4,16.82,4.205
34,68,1,9,32.2,3.577777777777778
34,68,2,17,52.37,3.0805882352941176
34,68,3,4,3.38,0.845
34,68,4,20,5.85,0.2925
34,69,0,16,61.78,3.86125
34,69,1,10,15.14,1.514
34,69,2,20,28.81,1.4405
34,69,3,2,2.76,1.38
34,69,4,19,25.15,1.3236842105263158
34,70,0,15,12.56,0.8373333333333334
34,70,1,1,0.78,0.78
34,70,2,16,10.61,0.663125
34,70,3,19,10.73,0.5647368421052632
34,70,4,8,1.65,0.20625
34,72,0,16,7.17,0.448125
34,72,1,14,5.22,0.37285714285714283
34,72,2,4,1.47,0.3675
34,72,3,20,3.78,0.189
34,72,4,20,2.56,0.128
34,73,0,13,120.69,9.283846153846154
34,73,1,11,85.49,7.7718181818181815
34,73,2,20,105.81,5.2905
34,73,3,18,46.23,2.5683333333333334
34,73,4,13,24.28,1.8676923076923078
34,75,0,5,8.28,1.656
34,75,1,12,16.38,1.365
34,75,2,1,1.09,1.09
34,75,3,3,1.72,0.5733333333333334
34,75,4,6,2.89,0.4816666666666667
34,80,0,18,29.19,1.6216666666666668
34,80,1,1,1.37,1.37
34,80,2,6,6.5,1.0833333333333333
34,80,3,17,12.87,0.7570588235294117
34,80,4,13,7.56,0.5815384615384616
34,83,0,7,41.88,5.982857142857143
34,83,1,14,67.02,4.7871428571428565
34,83,2,18,27.72,1.54
34,83,3,18,20.03,1.1127777777777779
34,83,4,11,7.34,0.6672727272727272
34,84,0,14,132.91,9.493571428571428
34,84,1,5,34.65,6.93
34,84,2,4,19.08,4.77
34,84,3,20,85.65,4.282500000000001
34,84,4,7,4.14,0.5914285714285714
34,91,0,16,74.26,4.64125
34,91,1,5,14.43,2.886
34,91,2,11,23.95,2.1772727272727272
34,91,3,2,3.63,1.815
34,91,4,19,32.02,1.685263157894737
34,92,0,1,0.9,0.9
34,92,1,8,6.99,0.87375
34,92,2,9,6.09,0.6766666666666666
34,92,3,15,9.91,0.6606666666666666
34,92,4,5,1.99,0.398
34,96,0,1,0.97,0.97
34,96,1,12,10.87,0.9058333333333333
34,96,2,19,15.13,0.7963157894736842
34,96,3,20,12.67,0.6335
34,96,4,18,3.84,0.21333333333333332
34,97,0,11,32.48,2.9527272727272726
34,97,1,11,26.52,2.4109090909090907
34,97,2,1,1.9,1.9
34,97,3,7,4.35,0.6214285714285713
34,97,4,17,6.23,0.36647058823529416
37,0,0,6,5.43,0.9049999999999999
37,0,1,4,3.37,0.8425
37,0,2,3,2.29,0.7633333333333333
37,0,3,11,7.1,0.6454545454545454
37,0,4,13,5.26,0.4046153846153846
37,2,0,15,71.8,4.786666666666666
37,2,1,8,37.23,4.65375
37,2,2,6,17.44,2.9066666666666667
37,2,3,8,22.06,2.7575
37,2,4,1,0.76,0.76
37,4,0,3,6.92,2.3066666666666666
37,4,1,7,9.74,1.3914285714285715
37,4,2,10,11.82,1.182
37,4,3,1,0.4,0.4
37,4,4,8,2.39,0.29875
37,10,0,16,68.48,4.28
37,10,1,14,35.57,2.540714285714286
37,10,2,16,36.72,2.295
37,10,3,10,22.28,2.228
37,10,4,10,8.28,0.828
37,11,0,2,2.78,1.39
37,11,1,2,2.71,1.355
37,11,2,8,3.7,0.4625
37,11,3,5,1.14,0.22799999999999998
37,11,4,19,3.96,0.20842105263157895
37,12,0,14,32.31,2.307857142857143
37,12,1,19,29.17,1.5352631578947369
37,12,2,14,21.42,1.53
37,12,3,5,6.37,1.274
37,12,4,10,7.0,0.7
37,18,0,19,43.49,2.2889473684210526
37,18,1,11,24.81,2.2554545454545454
37,18,2,9,14.31,1.59
37,18,3,10,13.31,1.331
37,18,4,5,1.87,0.374
37,24,0,10,25.9,2.59
37,24,1,7,15.37,2.1957142857142857
37,24,2,13,15.98,1.2292307692307693
37,24,3,14,7.67,0.5478571428571428
37,24,4,6,2.83,0.4716666666666667
37,25,0,9,3.08,0.3422222222222222
37,25,1,5,1.51,0.302
37,25,2,9,1.92,0.21333333333333332
37,25,3,7,1.18,0.16857142857142857
37,25,4,4,0.38,0.095
37,32,0,2,5.21,2.605
37,32,1,17,34.13,2.0076470588235296
37,32,2,18,28.61,1.5894444444444444
37,32,3,10,10.91,1.091
37,32,4,2,0.54,0.27
37,33,0,2,12.69,6.345
37,33,1,8,32.44,4.055
37,33,2,3,10.01,3.3366666666666664
37,33,3,11,29.94,2.721818181818182
37,33,4,16,13.94,0.87125
37,34,0,3,3.91,1.3033333333333335
37,34,1,8,5.7,0.7125
37,34,2,14,9.62,0.687142857142857
37,34,3,17,5.54,0.32588235294117646
37,34,4,1,0.25,0.25
37,40,0,4,5.01,1.2525
37,40,1,15,13.61,0.9073333333333333
37,40,2,6,4.24,0.7066666666666667
37,40,3,5,3.11,0.622
37,40,4,14,3.41,0.24357142857142858
37,42,0,16,29.12,1.82
37,42,1,6,10.46,1.7433333333333334
37,42,2,9,7.38,0.82
37,42,3,3,1.37,0.4566666666666667
37,42,4,10,1.07,0.10700000000000001
37,46,0,11,35.87,3.2609090909090908
37,46,1,3,7.9,2.6333333333333333
37,46,2,4,6.43,1.6075
37,46,3,1,1.34,1.34
37,46,4,1,1.25,1.25
37,47,0,8,28.25,3.53125
37,47,1,1,3.34,3.34
37,47,2,5,16.33,3.2659999999999996
37,47,3,13,13.77,1.0592307692307692
37,47,4,4,1.84,0.46
37,52,0,10,25.74,2.574
37,52,1,3,6.01,2.0033333333333334
37,52,2,7,1.98,0.28285714285714286
37,52,3,20,4.22,0.211
37,52,4,9,1.68,0.18666666666666665
37,54,0,3,1.35,0.45
37,54,1,9,2.21,0.24555555555555555
37,54,2,3,0.56,0.18666666666666668
37,54,3,11,0.86,0.07818181818181819
37,54,4,13,0.78,0.060000000000000005
37,56,0,16,36.68,2.2925
37,56,1,14,23.08,1.6485714285714284
37,56,2,13,20.66,1.5892307692307692
37,56,3,2,0.74,0.37
37,56,4,2,0.39,0.195
37,60,0,9,26.77,2.9744444444444444
37,60,1,4,11.47,2.8675
37,60,2,3,5.85,1.95
37,60,3,15,27.69,1.846
37,60,4,5,6.67,1.334
37,62,0,17,28.31,1.6652941176470588
37,62,1,19,26.74,1.4073684210526316
37,62,2,8,10.13,1.26625
37,62,3,18,22.02,1.2233333333333334
37,62,4,4,0.85,0.2125
37,68,0,7,21.91,3.13
37,68,1,14,42.23,3.016428571428571
37,68,2,3,7.02,2.34
37,68,3,12,21.2,1.7666666666666666
37,68,4,11,16.31,1.4827272727272727
37,69,0,17,36.88,2.1694117647058824
37,69,1,15,27.18,1.812
37,69,2,14,21.72,1.5514285714285714
37,69,3,13,18.7,1.4384615384615385
37,69,4,4,2.58,0.645
37,70,0,15,29.02,1.9346666666666665
37,70,1,9,14.39,1.598888888888889
37,70,2,10,8.38,0.8380000000000001
37,70,3,16,5.17,0.323125
37,70,4,10,2.04,0.20400000000000001
37,72,0,3,3.37,1.1233333333333333
37,72,1,3,2.57,0.8566666666666666
37,72,2,10,4.38,0.438
37,72,3,20,8.56,0.42800000000000005
37,72,4,12,1.57,0.13083333333333333
37,73,0,19,161.65,8.507894736842106
37,73,1,14,70.23,5.0164285714285715
37,73,2,11,46.46,4.223636363636364
37,73,3,10,23.86,2.386
37,73,4,1,1.09,1.09
37,75,0,12,28.17,2.3475
37,75,1,13,28.04,2.1569230769230767
37,75,2,6,11.16,1.86
37,75,3,4,3.04,0.76
37,75,4,3,0.58,0.19333333333333333
37,80,0,3,4.47,1.49
37,80,1,6,8.09,1.3483333333333334
37,80,2,1,0.59,0.59
37,80,3,2,1.06,0.53
37,80,4,1,0.29,0.29
37,83,0,2,8.4,4.2
37,83,1,3,10.8,3.6
37,83,2,2,5.63,2.815
37,83,3,10,26.36,2.636
37,83,4,5,5.13,1.026
37,84,0,7,61.11,8.73
37,84,1,2,15.75,7.875
37,84,2,10,54.97,5.497
37,84,3,14,39.69,2.835
37,84,4,12,28.31,2.3591666666666664
37,91,0,6,22.3,3.716666666666667
37,91,1,2,5.2,2.6
37,91,2,4,7.53,1.8825
37,91,3,16,29.0,1.8125
37,91,4,11,10.41,0.9463636363636364
37,92,0,2,0.73,0.365
37,92,1,4,0.56,0.14
37,92,2,5,0.67,0.134
37,92,3,1,0.11,0.11
37,92,4,1,0.05,0.05
37,96,0,20,34.49,1.7245000000000001
37,96,1,13,20.62,1.5861538461538462
37,96,2,7,10.32,1.4742857142857144
37,96,3,19,22.98,1.2094736842105263
37,96,4,7,3.28,0.4685714285714285
37,97,0,20,87.5,4.375
37,97,1,2,6.32,3.16
37,97,2,20,46.55,2.3274999999999997
37,97,3,10,5.11,0.511
37,97,4,12,3.1,0.25833333333333336
40,0,0,14,21.74,1.5528571428571427
40,0,1,8,7.36,0.92
40,0,2,19,16.35,0.8605263157894738
40,0,3,6,4.11,0.685
40,0,4,11,4.44,0.4036363636363637
40,2,0,13,52.37,4.0284615384615385
40,2,1,17,44.92,2.642352941176471
40,2,2,6,15.16,2.526666666666667
40,2,3,11,27.45,2.4954545454545456
40,2,4,17,10.86,0.6388235294117647
40,4,0,12,11.2,0.9333333333333332
40,4,1,18,14.22,0.79
40,4,2,17,12.04,0.708235294117647
40,4,3,3,1.62,0.54
40,4,4,6,0.57,0.09499999999999999
40,10,0,9,31.46,3.4955555555555557
40,10,1,10,31.78,3.178
40,10,2,1,2.33,2.33
40,10,3,14,23.98,1.7128571428571429
40,10,4,20,32.64,1.6320000000000001
40,11,0,1,2.16,2.16
40,11,1,2,3.06,1.53
40,11,2,20,23.34,1.167
40,11,3,20,17.94,0.897
40,11,4,9,2.79,0.31
40,12,0,15,23.31,1.5539999999999998
40,12,1,18,21.84,1.2133333333333334
40,12,2,15,17.87,1.1913333333333334
40,12,3,4,4.61,1.1525
40,12,4,19,11.75,0.618421052631579
40,18,0,18,4.56,0.2533333333333333
40,18,1,10,1.48,0.148
40,18,2,19,2.59,0.1363157894736842
40,18,3,7,0.46,0.06571428571428571
40,18,4,17,0.96,0.05647058823529411
40,24,0,6,4.64,0.7733333333333333
40,24,1,11,7.78,0.7072727272727273
40,24,2,20,10.13,0.5065000000000001
40,24,3,6,2.87,0.47833333333333333
40,24,4,19,4.15,0.21842105263157896
40,25,0,4,4.11,1.0275
40,25,1,17,15.2,0.8941176470588235
40,25,2,8,2.67,0.33375
40,25,3,7,1.44,0.2057142857142857
40,25,4,5,1.0,0.2
40,32,0,16,77.62,4.85125
40,32,1,1,3.76,3.76
40,32,2,16,52.95,3.309375
40,32,3,14,41.6,2.9714285714285715
40,32,4,3,5.79,1.93
40,33,0,18,93.86,5.214444444444444
40,33,1,15,72.19,4.812666666666667
40,33,2,15,29.81,1.9873333333333332
40,33,3,16,28.56,1.785
40,33,4,19,20.0,1.0526315789473684
40,34,0,19,35.99,1.8942105263157896
40,34,1,20,35.34,1.7670000000000001
40,34,2,16,26.99,1.686875
40,34,3,3,4.54,1.5133333333333334
40,34,4,10,12.26,1.226
40,37,0,7,14.37,2.052857142857143
40,37,1,12,23.53,1.9608333333333334
40,37,2,10,8.24,0.8240000000000001
40,37,3,1,0.55,0.55
40,37,4,1,0.19,0.19
40,42,0,5,6.75,1.35
40,42,1,17,20.12,1.183529411764706
40,42,2,5,5.65,1.1300000000000001
40,42,3,11,12.31,1.1190909090909091
40,42,4,10,9.59,0.959
40,46,0,2,6.19,3.095
40,46,1,15,36.7,2.4466666666666668
40,46,2,19,15.31,0.8057894736842105
40,46,3,4,2.49,0.6225
40,46,4,11,4.76,0.4327272727272727
40,47,0,5,7.28,1.456
40,47,1,19,18.27,0.961578947368421
40,47,2,2,1.82,0.91
40,47,3,17,12.28,0.7223529411764705
40,47,4,9,2.28,0.2533333333333333
40,52,0,14,39.43,2.8164285714285713
40,52,1,18,37.32,2.0733333333333333
40,52,2,15,26.32,1.7546666666666666
40,52,3,6,8.71,1.4516666666666669
40,52,4,11,6.34,0.5763636363636363
40,54,0,16,24.07,1.504375
40,54,1,16,23.25,1.453125
40,54,2,13,11.94,0.9184615384615384
40,54,3,11,4.48,0.4072727272727273
40,54,4,2,0.38,0.19
40,56,0,14,39.05,2.789285714285714
40,56,1,13,32.46,2.496923076923077
40,56,2,2,3.44,1.72
40,56,3,8,11.17,1.39625
40,56,4,20,4.53,0.2265
40,60,0,7,15.55,2.2214285714285715
40,60,1,16,33.13,2.070625
40,60,2,12,24.09,2.0075
40,60,3,20,11.19,0.5595
40,60,4,14,3.01,0.215
40,62,0,2,2.28,1.14
40,62,1,16,11.69,0.730625
40,62,2,19,7.42,0.39052631578947367
40,62,3,18,2.49,0.13833333333333334
40,62,4,4,0.52,0.13
40,68,0,7,17.03,2.432857142857143
40,68,1,18,15.3,0.8500000000000001
40,68,2,12,7.24,0.6033333333333334
40,68,3,16,7.24,0.4525
40,68,4,12,1.86,0.155
40,69,0,20,47.78,2.3890000000000002
40,69,1,13,26.56,2.043076923076923
40,69,2,13,24.61,1.893076923076923
40,69,3,14,20.51,1.465
40,69,4,1,1.27,1.27
40,70,0,11,20.12,1.829090909090909
40,70,1,17,24.45,1.438235294117647
40,70,2,19,26.73,1.406842105263158
40,70,3,2,1.2,0.6
40,70,4,6,2.5,0.4166666666666667
40,72,0,20,26.89,1.3445
40,72,1,11,10.74,0.9763636363636364
40,72,2,3,2.01,0.6699999999999999
40,72,3,1,0.48,0.48
40,72,4,8,1.12,0.14
40,73,0,12,85.02,7.085
40,73,1,3,20.86,6.953333333333333
40,73,2,2,9.05,4.525
40,73,3,3,6.65,2.216666666666667
40,73,4,6,3.5,0.5833333333333334
40,75,0,2,0.44,0.22
40,75,1,5,0.64,0.128
40,75,2,20,1.51,0.0755
40,75,3,6,0.23,0.03833333333333334
40,75,4,8,0.13,0.01625
40,80,0,18,47.55,2.6416666666666666
40,80,1,5,11.5,2.3
40,80,2,14,26.51,1.8935714285714287
40,80,3,16,28.36,1.7725
40,80,4,6,5.68,0.9466666666666667
40,83,0,4,20.94,5.235
40,83,1,12,62.49,5.2075000000000005
40,83,2,19,24.06,1.266315789473684
40,83,3,11,11.02,1.0018181818181817
40,83,4,5,3.63,0.726
40,84,0,8,70.89,8.86125
40,84,1,14,99.55,7.110714285714286
40,84,2,8,56.28,7.035
40,84,3,8,19.68,2.46
40,84,4,13,7.53,0.5792307692307692
40,91,0,9,26.05,2.8944444444444444
40,91,1,10,28.54,2.854
40,91,2,4,6.94,1.735
40,91,3,17,21.84,1.2847058823529411
40,91,4,18,2.63,0.1461111111111111
40,92,0,11,12.49,1.1354545454545455
40,92,1,3,3.05,1.0166666666666666
40,92,2,18,17.25,0.9583333333333334
40,92,3,4,2.54,0.635
40,92,4,3,0.33,0.11
40,96,0,7,7.89,1.127142857142857
40,96,1,6,6.21,1.035
40,96,2,5,2.26,0.45199999999999996
40,96,3,18,5.24,0.2911111111111111
40,96,4,6,0.64,0.10666666666666667
40,97,0,15,47.74,3.182666666666667
40,97,1,6,9.49,1.5816666666666668
40,97,2,12,14.31,1.1925000000000001
40,97,3,13,10.27,0.7899999999999999
40,97,4,13,2.03,0.15615384615384614
42,0,0,18,15.36,0.8533333333333333
42,0,1,7,5.56,0.7942857142857143
42,0,2,20,14.24,0.712
42,0,3,12,2.61,0.2175
42,0,4,11,1.14,0.10363636363636362
42,2,0,2,11.44,5.72
42,2,1,15,62.75,4.183333333333334
42,2,2,5,16.5,3.3
42,2,3,18,44.63,2.479444444444445
42,2,4,5,7.85,1.5699999999999998
42,4,0,15,44.17,2.944666666666667
42,4,1,9,22.99,2.554444444444444
42,4,2,3,2.57,0.8566666666666666
42,4,3,9,7.05,0.7833333333333333
42,4,4,12,4.67,0.38916666666666666
42,10,0,6,27.58,4.596666666666667
42,10,1,9,28.2,3.1333333333333333
42,10,2,3,9.34,3.1133333333333333
42,10,3,9,16.21,1.801111111111111
42,10,4,14,19.6,1.4000000000000001
42,11,0,13,8.87,0.6823076923076923
42,11,1,18,11.37,0.6316666666666666
42,11,2,2,1.14,0.57
42,11,3,2,1.11,0.555
42,11,4,9,2.21,0.24555555555555555
42,12,0,6,19.58,3.263333333333333
42,12,1,18,44.95,2.4972222222222222
42,12,2,14,30.3,2.164285714285714
42,12,3,20,33.69,1.6844999999999999
42,12,4,19,15.7,0.8263157894736842
42,18,0,11,21.66,1.969090909090909
42,18,1,20,34.56,1.7280000000000002
42,18,2,15,22.87,1.5246666666666668
42,18,3,4,3.88,0.97
42,18,4,8,6.04,0.755
42,24,0,1,2.35,2.35
42,24,1,20,43.19,2.1595
42,24,2,5,5.81,1.162
42,24,3,1,1.08,1.08
42,24,4,2,2.16,1.08
42,25,0,7,10.27,1.467142857142857
42,25,1,20,21.35,1.0675000000000001
42,25,2,13,9.98,0.7676923076923077
42,25,3,13,9.0,0.6923076923076923
42,25,4,7,1.24,0.17714285714285713
42,32,0,13,36.11,2.7776923076923077
42,32,1,5,6.21,1.242
42,32,2,17,21.04,1.2376470588235293
42,32,3,6,4.55,0.7583333333333333
42,32,4,5,1.47,0.294
42,33,0,9,67.72,7.524444444444445
42,33,1,13,92.31,7.100769230769231
42,33,2,4,19.55,4.8875
42,33,3,9,30.09,3.3433333333333333
42,33,4,3,1.33,0.44333333333333336
42,34,0,20,20.32,1.016
42,34,1,3,2.45,0.8166666666666668
42,34,2,10,4.14,0.414
42,34,3,13,4.19,0.32230769230769235
42,34,4,20,6.11,0.3055
42,37,0,18,38.71,2.1505555555555556
42,37,1,1,1.7,1.7
42,37,2,1,1.53,1.53
42,37,3,4,4.5,1.125
42,37,4,8,4.49,0.56125
42,40,0,16,24.87,1.554375
42,40,1,20,28.49,1.4244999999999999
42,40,2,13,17.77,1.366923076923077
42,40,3,7,5.76,0.8228571428571428
42,40,4,8,4.0,0.5
42,46,0,1,4.06,4.06
42,46,1,2,7.98,3.99
42,46,2,16,45.99,2.874375
42,46,3,6,5.14,0.8566666666666666
42,46,4,19,5.84,0.30736842105263157
42,47,0,15,36.57,2.438
42,47,1,18,21.99,1.2216666666666667
42,47,2,1,1.17,1.17
42,47,3,12,13.72,1.1433333333333333
42,47,4,20,11.18,0.5589999999999999
42,52,0,9,41.04,4.56
42,52,1,5,22.62,4.524
42,52,2,15,66.74,4.449333333333333
42,52,3,4,14.87,3.7175
42,52,4,6,19.49,3.248333333333333
42,54,0,9,15.99,1.7766666666666666
42,54,1,19,28.19,1.483684210526316
42,54,2,2,2.66,1.33
42,54,3,12,12.9,1.075
42,54,4,14,6.95,0.49642857142857144
42,56,0,16,48.48,3.03
42,56,1,13,32.36,2.4892307692307694
42,56,2,6,13.39,2.231666666666667
42,56,3,5,9.42,1.884
42,56,4,19,29.44,1.5494736842105263
42,60,0,3,10.27,3.4233333333333333
42,60,1,9,24.48,2.72
42,60,2,6,13.51,2.2516666666666665
42,60,3,7,13.59,1.9414285714285715
42,60,4,12,3.92,0.32666666666666666
42,62,0,10,27.95,2.795
42,62,1,13,27.11,2.085384615384615
42,62,2,8,12.73,1.59125
42,62,3,14,18.0,1.2857142857142858
42,62,4,1,0.94,0.94
42,68,0,17,61.61,3.6241176470588234
42,68,1,6,18.83,3.138333333333333
42,68,2,19,51.25,2.6973684210526314
42,68,3,9,20.37,2.2633333333333336
42,68,4,5,3.71,0.742
42,69,0,7,19.57,2.795714285714286
42,69,1,6,14.51,2.4183333333333334
42,69,2,3,5.91,1.97
42,69,3,8,15.28,1.91
42,69,4,11,19.11,1.7372727272727273
42,70,0,18,5.33,0.2961111111111111
42,70,1,9,2.37,0.26333333333333336
42,70,2,11,2.07,0.18818181818181817
42,70,3,16,2.77,0.173125
42,70,4,1,0.15,0.15
42,72,0,10,8.29,0.829
42,72,1,14,10.09,0.7207142857142858
42,72,2,13,5.98,0.46
42,72,3,10,4.03,0.403
42,72,4,5,1.38,0.27599999999999997
42,73,0,16,180.03,11.251875
42,73,1,5,56.2,11.24
42,73,2,19,124.63,6.559473684210526
42,73,3,6,6.69,1.115
42,73,4,1,0.8,0.8
42,75,0,14,21.29,1.5207142857142857
42,75,1,2,2.63,1.315
42,75,2,17,19.77,1.1629411764705881
42,75,3,6,6.07,1.0116666666666667
42,75,4,11,1.71,0.15545454545454546
42,80,0,10,35.31,3.531
42,80,1,19,44.48,2.3410526315789473
42,80,2,7,8.39,1.1985714285714286
42,80,3,4,4.49,1.1225
42,80,4,17,10.72,0.6305882352941177
42,83,0,3,9.74,3.2466666666666666
42,83,1,14,37.91,2.7078571428571427
42,83,2,1,2.62,2.62
42,83,3,11,25.22,2.2927272727272725
42,83,4,17,29.25,1.7205882352941178
42,84,0,2,17.54,8.77
42,84,1,17,136.94,8.055294117647058
42,84,2,20,152.39,7.6194999999999995
42,84,3,13,63.19,4.860769230769231
42,84,4,9,22.72,2.5244444444444443
42,91,0,1,2.48,2.48
42,91,1,20,24.85,1.2425000000000002
42,91,2,11,7.34,0.6672727272727272
42,91,3,20,9.69,0.4845
42,91,4,4,1.07,0.2675
42,92,0,16,25.14,1.57125
42,92,1,6,8.29,1.3816666666666666
42,92,2,2,1.55,0.775
42,92,3,13,5.05,0.38846153846153847
42,92,4,18,5.94,0.33
42,96,0,3,1.37,0.4566666666666667
42,96,1,6,2.27,0.37833333333333335
42,96,2,9,3.08,0.3422222222222222
42,96,3,12,2.59,0.21583333333333332
42,96,4,7,0.79,0.11285714285714286
42,97,0,1,3.21,3.21
42,97,1,18,49.5,2.75
42,97,2,12,21.77,1.8141666666666667
42,97,3,4,5.44,1.36
42,97,4,13,5.88,0.4523076923076923
46,0,0,3,4.05,1.3499999999999999
46,0,1,17,18.87,1.11
46,0,2,20,13.32,0.666
46,0,3,13,4.12,0.3169230769230769
46,0,4,5,1.45,0.29
46,2,0,17,81.02,4.765882352941176
46,2,1,14,64.61,4.615
46,2,2,10,32.68,3.268
46,2,3,1,3.11,3.11
46,2,4,10,21.49,2.149
46,4,0,19,25.2,1.3263157894736841
46,4,1,6,5.76,0.96
46,4,2,6,4.22,0.7033333333333333
46,4,3,3,1.92,0.64
46,4,4,12,5.43,0.45249999999999996
46,10,0,12,15.91,1.3258333333333334
46,10,1,19,11.38,0.5989473684210527
46,10,2,14,6.51,0.46499999999999997
46,10,3,10,4.11,0.41100000000000003
46,10,4,9,1.56,0.17333333333333334
46,11,0,12,35.29,2.9408333333333334
46,11,1,8,23.16,2.895
46,11,2,19,25.81,1.358421052631579
46,11,3,17,19.77,1.1629411764705881
46,11,4,19,4.58,0.24105263157894738
46,12,0,8,7.83,0.97875
46,12,1,6,5.77,0.9616666666666666
46,12,2,8,6.64,0.83
46,12,3,18,10.56,0.5866666666666667
46,12,4,11,5.68,0.5163636363636364
46,18,0,9,24.91,2.767777777777778
46,18,1,5,7.82,1.564
46,18,2,8,11.7,1.4625
46,18,3,14,16.04,1.1457142857142857
46,18,4,11,11.9,1.0818181818181818
46,24,0,6,15.21,2.535
46,24,1,11,25.23,2.2936363636363635
46,24,2,18,40.19,2.2327777777777778
46,24,3,5,5.38,1.076
46,24,4,11,3.29,0.2990909090909091
46,25,0,2,4.46,2.23
46,25,1,13,27.33,2.102307692307692
46,25,2,14,17.61,1.2578571428571428
46,25,3,19,20.79,1.0942105263157895
46,25,4,7,7.42,1.06
46,32,0,10,41.51,4.151
46,32,1,10,38.05,3.8049999999999997
46,32,2,10,26.32,2.632
46,32,3,11,18.72,1.7018181818181817
46,32,4,10,7.57,0.757
46,33,0,14,66.25,4.732142857142857
46,33,1,15,66.35,4.423333333333333
46,33,2,13,50.08,3.852307692307692
46,33,3,5,18.04,3.6079999999999997
46,33,4,18,64.09,3.5605555555555557
46,34,0,14,56.61,4.043571428571428
46,34,1,7,14.0,2.0
46,34,2,6,9.96,1.6600000000000001
46,34,3,16,22.02,1.37625
46,34,4,6,7.8,1.3
46,37,0,9,20.85,2.316666666666667
46,37,1,6,6.68,1.1133333333333333
46,37,2,6,6.67,1.1116666666666666
46,37,3,10,6.98,0.6980000000000001
46,37,4,4,2.53,0.6325
46,40,0,13,31.33,2.4099999999999997
46,40,1,5,8.18,1.636
46,40,2,11,4.94,0.44909090909090915
46,40,3,15,3.03,0.20199999999999999
46,40,4,16,2.87,0.179375
46,42,0,20,61.56,3.0780000000000003
46,42,1,12,29.54,2.4616666666666664
46,42,2,8,15.41,1.92625
46,42,3,16,25.22,1.57625
46,42,4,8,2.96,0.37
46,47,0,8,13.8,1.725
46,47,1,12,17.93,1.4941666666666666
46,47,2,6,5.75,0.9583333333333334
46,47,3,3,2.39,0.7966666666666667
46,47,4,1,0.37,0.37
46,52,0,11,7.92,0.72
46,52,1,10,6.05,0.605
46,52,2,16,9.12,0.57
46,52,3,1,0.53,0.53
46,52,4,18,8.88,0.4933333333333334
46,54,0,7,11.37,1.624285714285714
46,54,1,17,23.33,1.3723529411764706
46,54,2,13,16.9,1.2999999999999998
46,54,3,5,4.39,0.8779999999999999
46,54,4,14,8.2,0.5857142857142856
46,56,0,20,18.03,0.9015000000000001
46,56,1,15,13.12,0.8746666666666666
46,56,2,10,8.73,0.873
46,56,3,5,4.27,0.8539999999999999
46,56,4,4,2.89,0.7225
46,60,0,20,13.45,0.6725
46,60,1,1,0.6,0.6
46,60,2,10,4.1,0.41
46,60,3,7,1.73,0.24714285714285714
46,60,4,17,2.96,0.17411764705882352
46,62,0,8,12.28,1.535
46,62,1,10,14.13,1.413
46,62,2,15,17.95,1.1966666666666665
46,62,3,9,7.83,0.87
46,62,4,13,5.53,0.4253846153846154
46,68,0,16,42.82,2.67625
46,68,1,19,38.44,2.023157894736842
46,68,2,15,30.31,2.0206666666666666
46,68,3,10,15.55,1.5550000000000002
46,68,4,18,11.34,0.63
46,69,0,4,4.15,1.0375
46,69,1,18,18.03,1.0016666666666667
46,69,2,13,11.6,0.8923076923076922
46,69,3,3,2.37,0.79
46,69,4,10,3.47,0.34700000000000003
46,70,0,4,15.76,3.94
46,70,1,8,29.27,3.65875
46,70,2,16,52.84,3.3025
46,70,3,12,36.5,3.0416666666666665
46,70,4,4,3.99,0.9975
46,72,0,1,3.8,3.8
46,72,1,19,66.73,3.512105263157895
46,72,2,9,31.12,3.457777777777778
46,72,3,11,20.69,1.880909090909091
46,72,4,18,29.53,1.6405555555555555
46,73,0,20,181.07,9.0535
46,73,1,18,100.28,5.571111111111112
46,73,2,15,68.22,4.548
46,73,3,7,18.48,2.64
46,73,4,20,42.83,2.1414999999999997
46,75,0,15,41.26,2.7506666666666666
46,75,1,3,8.16,2.72
46,75,2,1,1.78,1.78
46,75,3,5,4.5,0.9
46,75,4,15,11.95,0.7966666666666666
46,80,0,1,2.08,2.08
46,80,1,10,17.03,1.703
46,80,2,15,17.98,1.1986666666666668
46,80,3,12,12.06,1.0050000000000001
46,80,4,2,0.6,0.3
46,83,0,14,29.41,2.1007142857142855
46,83,1,13,12.87,0.99
46,83,2,6,3.78,0.63
46,83,3,15,6.72,0.448
46,83,4,6,1.8,0.3
46,84,0,3,18.36,6.12
46,84,1,19,106.19,5.588947368421053
46,84,2,2,7.62,3.81
46,84,3,7,22.82,3.2600000000000002
46,84,4,10,26.1,2.6100000000000003
46,91,0,3,5.84,1.9466666666666665
46,91,1,12,13.14,1.095
46,91,2,17,15.27,0.898235294117647
46,91,3,11,4.41,0.40090909090909094
46,91,4,2,0.24,0.12
46,92,0,14,46.81,3.343571428571429
46,92,1,17,45.02,2.6482352941176472
46,92,2,6,13.62,2.27
46,92,3,4,7.6,1.9
46,92,4,17,13.01,0.7652941176470588
46,96,0,1,3.32,3.32
46,96,1,13,38.97,2.9976923076923074
46,96,2,15,31.25,2.0833333333333335
46,96,3,16,25.89,1.618125
46,96,4,4,2.7,0.675
46,97,0,16,52.74,3.29625
46,97,1,11,30.16,2.7418181818181817
46,97,2,13,35.46,2.727692307692308
46,97,3,19,49.7,2.615789473684211
46,97,4,12,26.89,2.2408333333333332
47,0,0,18,52.02,2.89
47,0,1,4,10.14,2.535
47,0,2,19,45.6,2.4
47,0,3,1,2.26,2.26
47,0,4,10,6.54,0.654
47,2,0,14,78.8,5.628571428571428
47,2,1,13,63.39,4.876153846153846
47,2,2,3,12.34,4.113333333333333
47,2,3,1,3.64,3.64
47,2,4,6,16.86,2.81
47,4,0,18,23.03,1.2794444444444446
47,4,1,13,16.34,1.2569230769230768
47,4,2,9,10.78,1.1977777777777776
47,4,3,2,1.81,0.905
47,4,4,15,4.41,0.294
47,10,0,5,18.39,3.678
47,10,1,13,46.17,3.5515384615384615
47,10,2,6,20.78,3.4633333333333334
47,10,3,10,11.01,1.101
47,10,4,5,3.42,0.6839999999999999
47,11,0,11,44.86,4.078181818181818
47,11,1,7,25.99,3.7128571428571426
47,11,2,13,33.93,2.61
47,11,3,5,10.66,2.132
47,11,4,7,12.38,1.7685714285714287
47,12,0,18,24.35,1.3527777777777779
47,12,1,18,23.58,1.3099999999999998
47,12,2,12,10.01,0.8341666666666666
47,12,3,8,4.99,0.62375
47,12,4,4,1.67,0.4175
47,18,0,19,29.53,1.5542105263157895
47,18,1,16,18.68,1.1675
47,18,2,2,2.09,1.045
47,18,3,17,15.58,0.9164705882352941
47,18,4,18,2.78,0.15444444444444444
47,24,0,5,5.51,1.1019999999999999
47,24,1,15,12.68,0.8453333333333333
47,24,2,7,4.1,0.5857142857142856
47,24,3,9,3.01,0.33444444444444443
47,24,4,5,1.52,0.304
47,25,0,3,8.91,2.97
47,25,1,7,15.17,2.1671428571428573
47,25,2,10,21.41,2.141
47,25,3,13,24.68,1.8984615384615384
47,25,4,14,26.28,1.8771428571428572
47,32,0,9,51.17,5.685555555555556
47,32,1,7,25.45,3.6357142857142857
47,32,2,19,68.57,3.6089473684210525
47,32,3,2,6.24,3.12
47,32,4,3,7.16,2.3866666666666667
47,33,0,9,46.87,5.207777777777777
47,33,1,6,27.68,4.613333333333333
47,33,2,10,21.84,2.184
47,33,3,11,12.02,1.0927272727272728
47,33,4,10,9.61,0.961
47,34,0,17,64.92,3.8188235294117647
47,34,1,16,39.63,2.476875
47,34,2,11,23.85,2.1681818181818184
47,34,3,4,7.49,1.8725
47,34,4,14,2.65,0.18928571428571428
47,37,0,18,65.75,3.6527777777777777
47,37,1,20,69.66,3.4829999999999997
47,37,2,20,66.08,3.304
47,37,3,16,40.36,2.5225
47,37,4,13,7.05,0.5423076923076923
47,40,0,17,22.77,1.3394117647058823
47,40,1,17,15.54,0.9141176470588235
47,40,2,7,2.62,0.3742857142857143
47,40,3,20,6.5,0.325
47,40,4,2,0.17,0.085
47,42,0,5,14.81,2.962
47,42,1,20,47.75,2.3875
47,42,2,13,23.47,1.8053846153846154
47,42,3,8,10.45,1.30625
47,42,4,1,0.44,0.44
47,46,0,8,18.42,2.3025
47,46,1,10,20.36,2.036
47,46,2,8,16.03,2.00375
47,46,3,9,17.05,1.8944444444444446
47,46,4,15,9.36,0.624
47,52,0,15,47.76,3.1839999999999997
47,52,1,2,4.67,2.335
47,52,2,19,40.02,2.1063157894736846
47,52,3,17,18.28,1.075294117647059
47,52,4,9,4.55,0.5055555555555555
47,54,0,4,9.69,2.4225
47,54,1,20,45.22,2.261
47,54,2,19,22.61,1.19
47,54,3,4,2.63,0.6575
47,54,4,10,2.17,0.217
47,56,0,7,19.96,2.8514285714285714
47,56,1,1,2.7,2.7
47,56,2,11,28.07,2.5518181818181818
47,56,3,18,23.64,1.3133333333333335
47,56,4,9,5.54,0.6155555555555555
47,60,0,14,19.95,1.425
47,60,1,19,24.09,1.2678947368421052
47,60,2,10,8.78,0.8779999999999999
47,60,3,13,10.02,0.7707692307692308
47,60,4,6,2.2,0.3666666666666667
47,62,0,3,5.09,1.6966666666666665
47,62,1,5,7.71,1.542
47,62,2,14,8.67,0.6192857142857143
47,62,3,10,1.81,0.181
47,62,4,5,0.87,0.174
47,68,0,2,0.93,0.465
47,68,1,16,6.89,0.430625
47,68,2,2,0.72,0.36
47,68,3,10,3.35,0.335
47,68,4,18,2.29,0.12722222222222224
47,69,0,15,24.64,1.6426666666666667
47,69,1,10,13.4,1.34
47,69,2,20,18.57,0.9285
47,69,3,5,3.56,0.712
47,69,4,20,10.34,0.517
47,70,0,20,54.81,2.7405
47,70,1,5,10.51,2.102
47,70,2,6,10.23,1.705
47,70,3,1,1.18,1.18
47,70,4,18,12.38,0.6877777777777778
47,72,0,4,12.22,3.055
47,72,1,11,25.94,2.3581818181818184
47,72,2,6,9.45,1.575
47,72,3,2,2.05,1.025
47,72,4,12,10.2,0.85
47,73,0,4,34.41,8.6025
47,73,1,2,16.62,8.31
47,73,2,12,72.3,6.0249999999999995
47,73,3,9,52.12,5.79111111111111
47,73,4,6,3.78,0.63
47,75,0,15,21.97,1.4646666666666666
47,75,1,2,1.41,0.705
47,75,2,14,9.44,0.6742857142857143
47,75,3,20,13.2,0.6599999999999999
47,75,4,16,7.98,0.49875
47,80,0,20,67.31,3.3655
47,80,1,19,31.37,1.6510526315789473
47,80,2,1,1.55,1.55
47,80,3,6,3.2,0.5333333333333333
47,80,4,15,2.92,0.19466666666666665
47,83,0,16,79.53,4.970625
47,83,1,2,8.55,4.275
47,83,2,6,19.35,3.225
47,83,3,1,3.16,3.16
47,83,4,16,48.93,3.058125
47,84,0,2,19.29,9.645
47,84,1,7,55.97,7.9957142857142856
47,84,2,16,103.39,6.461875
47,84,3,13,15.39,1.183846153846154
47,84,4,9,5.58,0.62
47,91,0,2,1.65,0.825
47,91,1,18,13.08,0.7266666666666667
47,91,2,2,1.37,0.685
47,91,3,16,10.74,0.67125
47,91,4,9,3.98,0.44222222222222224
47,92,0,1,3.89,3.89
47,92,1,3,11.22,3.74
47,92,2,15,44.02,2.9346666666666668
47,92,3,18,22.4,1.2444444444444445
47,92,4,14,8.45,0.6035714285714285
47,96,0,18,45.23,2.5127777777777776
47,96,1,9,19.27,2.141111111111111
47,96,2,19,39.67,2.0878947368421055
47,96,3,9,10.08,1.12
47,96,4,17,15.57,0.9158823529411765
47,97,0,20,11.22,0.561
47,97,1,6,2.72,0.45333333333333337
47,97,2,20,6.97,0.3485
47,97,3,15,1.88,0.12533333333333332
47,97,4,8,0.73,0.09125
52,0,0,15,48.81,3.254
52,0,1,6,16.59,2.765
52,0,2,1,1.25,1.25
52,0,3,13,6.9,0.5307692307692308
52,0,4,14,5.72,0.40857142857142853
52,2,0,3,11.69,3.8966666666666665
52,2,1,1,3.0,3.0
52,2,2,13,37.01,2.8469230769230767
52,2,3,11,26.39,2.399090909090909
52,2,4,15,16.54,1.1026666666666667
52,4,0,20,42.12,2.106
52,4,1,17,30.02,1.7658823529411765
52,4,2,16,21.07,1.316875
52,4,3,18,20.71,1.1505555555555556
52,4,4,12,5.68,0.47333333333333333
52,10,0,18,24.22,1.3455555555555554
52,10,1,2,1.76,0.88
52,10,2,19,10.14,0.5336842105263159
52,10,3,3,0.72,0.24
52,10,4,20,3.97,0.1985
52,11,0,3,13.93,4.6433333333333335
52,11,1,13,54.43,4.186923076923077
52,11,2,8,10.69,1.33625
52,11,3,13,7.26,0.5584615384615385
52,11,4,19,10.47,0.5510526315789473
52,12,0,14,21.16,1.5114285714285713
52,12,1,8,6.52,0.815
52,12,2,14,7.81,0.5578571428571428
52,12,3,3,1.24,0.41333333333333333
52,12,4,1,0.13,0.13
52,18,0,20,63.74,3.1870000000000003
52,18,1,7,21.57,3.0814285714285714
52,18,2,15,17.09,1.1393333333333333
52,18,3,12,9.35,0.7791666666666667
52,18,4,15,9.02,0.6013333333333333
52,24,0,10,25.67,2.567
52,24,1,6,9.51,1.585
52,24,2,16,25.0,1.5625
52,24,3,14,11.57,0.8264285714285714
52,24,4,6,1.4,0.2333333333333333
52,25,0,5,6.81,1.3619999999999999
52,25,1,19,15.06,0.7926315789473685
52,25,2,12,5.19,0.43250000000000005
52,25,3,15,5.38,0.35866666666666663
52,25,4,20,5.93,0.2965
52,32,0,4,14.55,3.6375
52,32,1,15,41.7,2.7800000000000002
52,32,2,16,43.8,2.7375
52,32,3,15,13.24,0.8826666666666667
52,32,4,12,10.44,0.87
52,33,0,18,70.56,3.92
52,33,1,2,5.37,2.685
52,33,2,9,19.88,2.2088888888888887
52,33,3,6,13.06,2.1766666666666667
52,33,4,8,14.29,1.78625
52,34,0,8,25.91,3.23875
52,34,1,6,12.68,2.1133333333333333
52,34,2,6,9.32,1.5533333333333335
52,34,3,20,6.79,0.3395
52,34,4,16,3.15,0.196875
52,37,0,12,33.97,2.830833333333333
52,37,1,4,10.4,2.6
52,37,2,5,7.23,1.4460000000000002
52,37,3,11,15.36,1.3963636363636363
52,37,4,11,11.74,1.0672727272727274
52,40,0,4,5.87,1.4675
52,40,1,6,7.92,1.32
52,40,2,5,4.18,0.836
52,40,3,6,3.68,0.6133333333333334
52,40,4,17,4.64,0.27294117647058824
52,42,0,20,71.11,3.5555
52,42,1,7,23.54,3.3628571428571425
52,42,2,2,5.28,2.64
52,42,3,13,31.67,2.436153846153846
52,42,4,18,41.56,2.308888888888889
52,46,0,9,8.08,0.8977777777777778
52,46,1,16,9.83,0.614375
52,46,2,9,4.97,0.5522222222222222
52,46,3,12,5.9,0.4916666666666667
52,46,4,9,2.3,0.25555555555555554
52,47,0,2,6.13,3.065
52,47,1,13,39.46,3.0353846153846153
52,47,2,9,19.68,2.1866666666666665
52,47,3,14,22.65,1.6178571428571427
52,47,4,16,10.5,0.65625
52,54,0,2,2.46,1.23
52,54,1,9,9.09,1.01
52,54,2,17,10.81,0.6358823529411765
52,54,3,16,8.38,0.52375
52,54,4,4,1.86,0.465
52,56,0,12,6.53,0.5441666666666667
52,56,1,15,7.75,0.5166666666666667
52,56,2,12,6.17,0.5141666666666667
52,56,3,2,0.82,0.41
52,56,4,15,2.58,0.17200000000000001
52,60,0,9,13.26,1.4733333333333334
52,60,1,18,26.47,1.4705555555555554
52,60,2,8,9.49,1.18625
52,60,3,5,3.91,0.782
52,60,4,18,1.59,0.08833333333333333
52,62,0,9,11.87,1.3188888888888888
52,62,1,17,21.7,1.276470588235294
52,62,2,20,20.07,1.0035
52,62,3,20,13.14,0.657
52,62,4,9,5.47,0.6077777777777778
52,68,0,9,24.9,2.7666666666666666
52,68,1,20,52.9,2.645
52,68,2,3,4.16,1.3866666666666667
52,68,3,16,11.4,0.7125
52,68,4,13,5.98,0.46
52,69,0,13,21.88,1.683076923076923
52,69,1,3,4.58,1.5266666666666666
52,69,2,14,15.39,1.0992857142857144
52,69,3,17,2.37,0.13941176470588235
52,69,4,14,1.48,0.10571428571428572
52,70,0,10,48.44,4.843999999999999
52,70,1,2,9.31,4.655
52,70,2,15,60.0,4.0
52,70,3,20,73.9,3.6950000000000003
52,70,4,19,30.76,1.6189473684210527
52,72,0,8,28.88,3.61
52,72,1,3,7.5,2.5
52,72,2,10,15.96,1.596
52,72,3,4,6.0,1.5
52,72,4,19,19.88,1.046315789473684
52,73,0,6,42.85,7.141666666666667
52,73,1,7,46.67,6.667142857142857
52,73,2,12,79.8,6.6499999999999995
52,73,3,15,83.09,5.539333333333333
52,73,4,4,21.25,5.3125
52,75,0,18,65.2,3.6222222222222222
52,75,1,15,51.35,3.4233333333333333
52,75,2,2,4.48,2.24
52,75,3,11,19.58,1.7799999999999998
52,75,4,13,3.17,0.24384615384615385
52,80,0,14,19.84,1.417142857142857
52,80,1,17,23.19,1.3641176470588237
52,80,2,2,2.58,1.29
52,80,3,14,10.8,0.7714285714285715
52,80,4,5,3.38,0.6759999999999999
52,83,0,8,18.83,2.35375
52,83,1,6,13.02,2.17
52,83,2,1,1.74,1.74
52,83,3,14,16.44,1.1742857142857144
52,83,4,5,5.55,1.1099999999999999
52,84,0,5,32.04,6.4079999999999995
52,84,1,18,110.22,6.123333333333333
52,84,2,16,65.9,4.11875
52,84,3,12,48.04,4.003333333333333
52,84,4,13,30.74,2.3646153846153846
52,91,0,10,25.47,2.5469999999999997
52,91,1,20,36.18,1.809
52,91,2,18,12.89,0.7161111111111111
52,91,3,18,4.34,0.2411111111111111
52,91,4,11,2.22,0.20181818181818184
52,92,0,15,49.36,3.2906666666666666
52,92,1,4,12.99,3.2475
52,92,2,6,6.69,1.115
52,92,3,19,15.03,0.7910526315789473
52,92,4,12,9.01,0.7508333333333334
52,96,0,10,41.72,4.172
52,96,1,4,14.97,3.7425
52,96,2,16,46.36,2.8975
52,96,3,13,32.06,2.4661538461538464
52,96,4,14,33.69,2.406428571428571
52,97,0,17,66.68,3.922352941176471
52,97,1,19,32.01,1.684736842105263
52,97,2,10,13.92,1.392
52,97,3,13,14.03,1.0792307692307692
52,97,4,3,2.79,0.93
54,0,0,16,20.03,1.251875
54,0,1,17,20.8,1.223529411764706
54,0,2,7,8.31,1.1871428571428573
54,0,3,10,7.11,0.7110000000000001
54,0,4,4,1.92,0.48
54,2,0,6,28.23,4.705
54,2,1,5,22.12,4.424
54,2,2,18,67.77,3.7649999999999997
54,2,3,6,22.52,3.7533333333333334
54,2,4,15,7.2,0.48000000000000004
54,4,0,4,5.71,1.4275
54,4,1,5,3.65,0.73
54,4,2,20,9.12,0.45599999999999996
54,4,3,4,1.19,0.2975
54,4,4,16,3.26,0.20375
54,10,0,6,18.76,3.126666666666667
54,10,1,6,10.26,1.71
54,10,2,10,14.43,1.443
54,10,3,16,18.43,1.151875
54,10,4,3,1.97,0.6566666666666666
54,11,0,9,25.61,2.8455555555555554
54,11,1,1,1.5,1.5
54,11,2,7,10.37,1.4814285714285713
54,11,3,17,24.13,1.4194117647058824
54,11,4,1,0.46,0.46
54,12,0,16,19.16,1.1975
54,12,1,17,19.43,1.1429411764705881
54,12,2,2,1.99,0.995
54,12,3,14,8.06,0.5757142857142857
54,12,4,7,2.24,0.32
54,18,0,3,3.83,1.2766666666666666
54,18,1,6,6.5,1.0833333333333333
54,18,2,11,10.98,0.9981818181818182
54,18,3,8,7.28,0.91
54,18,4,20,11.56,0.5780000000000001
54,24,0,2,3.7,1.85
54,24,1,19,31.59,1.6626315789473685
54,24,2,7,8.86,1.2657142857142856
54,24,3,10,12.07,1.207
54,24,4,20,22.39,1.1195
54,25,0,10,8.87,0.8869999999999999
54,25,1,10,5.63,0.563
54,25,2,1,0.28,0.28
54,25,3,19,3.24,0.1705263157894737
54,25,4,14,1.85,0.13214285714285715
54,32,0,2,6.48,3.24
54,32,1,16,39.81,2.488125
54,32,2,7,17.15,2.4499999999999997
54,32,3,2,2.99,1.495
54,32,4,1,1.23,1.23
54,33,0,15,56.19,3.746
54,33,1,14,38.17,2.7264285714285714
54,33,2,17,43.2,2.5411764705882356
54,33,3,2,2.88,1.44
54,33,4,4,2.37,0.5925
54,34,0,4,7.36,1.84
54,34,1,18,32.45,1.802777777777778
54,34,2,9,9.96,1.1066666666666667
54,34,3,1,1.03,1.03
54,34,4,1,0.47,0.47
54,37,0,1,0.81,0.81
54,37,1,16,7.1,0.44375
54,37,2,8,3.5,0.4375
54,37,3,14,5.16,0.3685714285714286
54,37,4,15,1.89,0.126
54,40,0,17,26.27,1.5452941176470587
54,40,1,9,11.97,1.33
54,40,2,19,24.52,1.2905263157894737
54,40,3,5,2.77,0.554
54,40,4,9,2.67,0.29666666666666663
54,42,0,20,37.81,1.8905
54,42,1,14,21.71,1.5507142857142857
54,42,2,2,2.31,1.155
54,42,3,10,6.99,0.6990000000000001
54,42,4,7,4.66,0.6657142857142857
54,46,0,14,28.03,2.0021428571428572
54,46,1,2,2.67,1.335
54,46,2,20,15.52,0.776
54,46,3,20,14.22,0.7110000000000001
54,46,4,4,1.39,0.3475
54,47,0,8,20.23,2.52875
54,47,1,14,34.81,2.4864285714285717
54,47,2,3,5.45,1.8166666666666667
54,47,3,20,22.83,1.1415
54,47,4,4,1.04,0.26
54,52,0,9,14.28,1.5866666666666667
54,52,1,11,15.59,1.4172727272727272
54,52,2,9,9.9,1.1
54,52,3,8,5.03,0.62875
54,52,4,11,6.85,0.6227272727272727
54,56,0,5,5.59,1.1179999999999999
54,56,1,10,10.6,1.06
54,56,2,11,10.73,0.9754545454545455
54,56,3,7,6.15,0.8785714285714287
54,56,4,4,2.31,0.5775
54,60,0,7,17.99,2.57
54,60,1,6,13.24,2.2066666666666666
54,60,2,11,22.41,2.037272727272727
54,60,3,5,1.6,0.32
54,60,4,14,3.23,0.2307142857142857
54,62,0,1,0.68,0.68
54,62,1,3,1.46,0.48666666666666664
54,62,2,9,2.29,0.2544444444444445
54,62,3,18,1.98,0.11
54,62,4,17,1.09,0.06411764705882353
54,68,0,2,4.49,2.245
54,68,1,4,7.42,1.855
54,68,2,7,7.94,1.1342857142857143
54,68,3,1,0.63,0.63
54,68,4,7,3.44,0.49142857142857144
54,69,0,19,44.42,2.3378947368421055
54,69,1,4,5.05,1.2625
54,69,2,20,19.03,0.9515
54,69,3,3,0.83,0.27666666666666667
54,69,4,10,1.48,0.148
54,70,0,8,22.48,2.81
54,70,1,17,40.07,2.3570588235294117
54,70,2,15,17.71,1.1806666666666668
54,70,3,12,12.48,1.04
54,70,4,7,1.79,0.2557142857142857
54,72,0,18,28.59,1.5883333333333334
54,72,1,20,30.98,1.549
54,72,2,8,9.98,1.2475
54,72,3,11,4.37,0.3972727272727273
54,72,4,8,1.37,0.17125
54,73,0,15,100.66,6.710666666666667
54,73,1,6,38.53,6.421666666666667
54,73,2,9,53.98,5.997777777777777
54,73,3,1,3.65,3.65
54,73,4,14,8.85,0.6321428571428571
54,75,0,5,10.32,2.064
54,75,1,20,22.16,1.108
54,75,2,3,3.04,1.0133333333333334
54,75,3,12,9.68,0.8066666666666666
54,75,4,18,8.85,0.49166666666666664
54,80,0,12,14.04,1.17
54,80,1,7,7.33,1.0471428571428572
54,80,2,20,16.46,0.8230000000000001
54,80,3,11,1.99,0.1809090909090909
54,80,4,20,1.71,0.08549999999999999
54,83,0,15,66.69,4.446
54,83,1,5,12.64,2.528
54,83,2,15,36.31,2.420666666666667
54,83,3,12,27.08,2.2566666666666664
54,83,4,19,17.7,0.9315789473684211
54,84,0,11,71.44,6.494545454545454
54,84,1,3,19.01,6.336666666666667
54,84,2,17,81.46,4.791764705882352
54,84,3,11,49.28,4.48
54,84,4,2,1.57,0.785
54,91,0,16,44.81,2.800625
54,91,1,16,44.4,2.775
54,91,2,20,36.55,1.8275
54,91,3,15,27.16,1.8106666666666666
54,91,4,10,16.23,1.623
54,92,0,20,25.11,1.2555
54,92,1,16,17.0,1.0625
54,92,2,16,16.64,1.04
54,92,3,19,13.86,0.7294736842105263
54,92,4,10,5.05,0.505
54,96,0,6,6.72,1.1199999999999999
54,96,1,17,14.87,0.8747058823529411
54,96,2,9,7.53,0.8366666666666667
54,96,3,14,2.51,0.17928571428571427
54,96,4,20,3.53,0.1765
54,97,0,14,31.05,2.217857142857143
54,97,1,18,34.94,1.941111111111111
54,97,2,4,6.33,1.5825
54,97,3,10,15.73,1.573
54,97,4,18,7.75,0.4305555555555556
56,0,0,6,18.28,3.046666666666667
56,0,1,15,27.63,1.8419999999999999
56,0,2,15,26.95,1.7966666666666666
56,0,3,19,16.88,0.8884210526315789
56,0,4,9,1.61,0.1788888888888889
56,2,0,19,73.65,3.8763157894736846
56,2,1,16,48.87,3.054375
56,2,2,17,51.36,3.021176470588235
56,2,3,7,15.38,2.197142857142857
56,2,4,10,4.81,0.481
56,4,0,7,11.29,1.6128571428571428
56,4,1,14,10.11,0.7221428571428571
56,4,2,12,7.48,0.6233333333333334
56,4,3,13,4.69,0.3607692307692308
56,4,4,16,4.45,0.278125
56,10,0,6,12.12,2.02
56,10,1,9,11.68,1.2977777777777777
56,10,2,1,1.14,1.14
56,10,3,4,4.33,1.0825
56,10,4,15,5.36,0.35733333333333334
56,11,0,9,29.15,3.238888888888889
56,11,1,3,9.32,3.106666666666667
56,11,2,9,23.66,2.628888888888889
56,11,3,9,18.06,2.0066666666666664
56,11,4,20,26.77,1.3385
56,12,0,10,10.53,1.053
56,12,1,14,14.14,1.01
56,12,2,15,8.57,0.5713333333333334
56,12,3,4,1.09,0.2725
56,12,4,10,1.58,0.158
56,18,0,17,35.93,2.1135294117647057
56,18,1,10,18.29,1.829
56,18,2,17,20.23,1.19
56,18,3,10,10.41,1.041
56,18,4,5,4.34,0.868
56,24,0,6,14.93,2.4883333333333333
56,24,1,9,14.79,1.6433333333333333
56,24,2,19,28.31,1.49
56,24,3,19,15.78,0.8305263157894737
56,24,4,4,2.39,0.5975
56,25,0,8,19.13,2.39125
56,25,1,5,9.43,1.886
56,25,2,2,3.3,1.65
56,25,3,14,12.45,0.8892857142857142
56,25,4,16,13.08,0.8175
56,32,0,13,43.42,3.3400000000000003
56,32,1,4,13.17,3.2925
56,32,2,12,39.45,3.2875
56,32,3,19,36.35,1.9131578947368422
56,32,4,4,5.75,1.4375
56,33,0,20,94.94,4.747
56,33,1,11,48.91,4.446363636363636
56,33,2,19,72.61,3.821578947368421
56,33,3,7,8.24,1.1771428571428573
56,33,4,10,6.72,0.6719999999999999
56,34,0,10,34.42,3.442
56,34,1,10,28.72,2.872
56,34,2,17,41.82,2.46
56,34,3,4,5.09,1.2725
56,34,4,18,13.74,0.7633333333333333
56,37,0,1,2.2,2.2
56,37,1,6,11.67,1.945
56,37,2,5,5.93,1.186
56,37,3,16,16.19,1.011875
56,37,4,16,9.06,0.56625
56,40,0,13,35.37,2.7207692307692306
56,40,1,19,51.25,2.6973684210526314
56,40,2,5,11.37,2.274
56,40,3,13,18.09,1.3915384615384616
56,40,4,10,6.65,0.665
56,42,0,16,27.45,1.715625
56,42,1,18,29.69,1.6494444444444445
56,42,2,15,10.86,0.724
56,42,3,11,6.79,0.6172727272727273
56,42,4,19,10.29,0.541578947368421
56,46,0,8,5.76,0.72
56,46,1,14,8.76,0.6257142857142857
56,46,2,6,3.36,0.5599999999999999
56,46,3,2,0.81,0.405
56,46,4,16,0.71,0.044375
56,47,0,1,2.61,2.61
56,47,1,12,30.02,2.5016666666666665
56,47,2,3,3.85,1.2833333333333334
56,47,3,19,18.32,0.9642105263157895
56,47,4,16,11.44,0.715
56,52,0,16,10.13,0.633125
56,52,1,5,1.77,0.354
56,52,2,7,2.2,0.31428571428571433
56,52,3,11,1.66,0.1509090909090909
56,52,4,4,0.6,0.15
56,54,0,11,15.7,1.4272727272727272
56,54,1,14,16.91,1.207857142857143
56,54,2,15,15.7,1.0466666666666666
56,54,3,10,3.79,0.379
56,54,4,4,1.46,0.365
56,60,0,11,12.67,1.1518181818181819
56,60,1,9,8.51,0.9455555555555555
56,60,2,3,1.67,0.5566666666666666
56,60,3,19,9.99,0.5257894736842106
56,60,4,3,1.56,0.52
56,62,0,14,13.51,0.965
56,62,1,6,5.76,0.96
56,62,2,2,1.73,0.865
56,62,3,8,2.49,0.31125
56,62,4,13,1.52,0.11692307692307692
56,68,0,7,19.98,2.8542857142857145
56,68,1,16,44.18,2.76125
56,68,2,1,2.49,2.49
56,68,3,11,14.83,1.3481818181818181
56,68,4,20,5.63,0.2815
56,69,0,2,3.34,1.67
56,69,1,11,15.84,1.44
56,69,2,18,17.55,0.9750000000000001
56,69,3,4,3.69,0.9225
56,69,4,7,2.65,0.37857142857142856
56,70,0,11,39.89,3.6263636363636365
56,70,1,1,1.78,1.78
56,70,2,16,25.45,1.590625
56,70,3,18,23.18,1.2877777777777777
56,70,4,4,0.96,0.24
56,72,0,12,36.33,3.0275
56,72,1,17,42.19,2.4817647058823527
56,72,2,3,3.91,1.3033333333333335
56,72,3,9,10.89,1.21
56,72,4,15,2.62,0.17466666666666666
56,73,0,9,76.24,8.47111111111111
56,73,1,8,63.96,7.995
56,73,2,7,47.29,6.755714285714285
56,73,3,1,3.39,3.39
56,73,4,7,22.84,3.262857142857143
56,75,0,11,34.25,3.1136363636363638
56,75,1,6,16.47,2.7449999999999997
56,75,2,18,38.22,2.123333333333333
56,75,3,17,17.24,1.0141176470588233
56,75,4,20,17.15,0.8574999999999999
56,80,0,18,16.12,0.8955555555555557
56,80,1,11,8.14,0.7400000000000001
56,80,2,14,8.11,0.5792857142857143
56,80,3,19,10.85,0.5710526315789474
56,80,4,15,1.17,0.078
56,83,0,17,50.33,2.9605882352941175
56,83,1,17,48.05,2.826470588235294
56,83,2,7,19.23,2.7471428571428573
56,83,3,19,49.04,2.5810526315789475
56,83,4,7,3.2,0.4571428571428572
56,84,0,15,84.99,5.6659999999999995
56,84,1,5,27.36,5.4719999999999995
56,84,2,8,36.25,4.53125
56,84,3,6,11.58,1.93
56,84,4,20,27.13,1.3565
56,91,0,4,10.8,2.7
56,91,1,7,14.04,2.005714285714286
56,91,2,14,9.18,0.6557142857142857
56,91,3,14,8.61,0.615
56,91,4,11,3.84,0.34909090909090906
56,92,0,4,10.7,2.675
56,92,1,9,16.68,1.8533333333333333
56,92,2,3,4.25,1.4166666666666667
56,92,3,7,2.91,0.41571428571428576
56,92,4,1,0.28,0.28
56,96,0,17,58.43,3.4370588235294117
56,96,1,14,41.24,2.9457142857142857
56,96,2,4,11.23,2.8075
56,96,3,10,8.41,0.841
56,96,4,8,4.97,0.62125
56,97,0,5,18.93,3.786
56,97,1,10,35.87,3.5869999999999997
56,97,2,12,42.34,3.5283333333333338
56,97,3,15,34.52,2.3013333333333335
56,97,4,16,25.17,1.573125
60,0,0,16,53.87,3.366875
60,0,1,4,9.86,2.465
60,0,2,5,8.75,1.75
60,0,3,19,21.62,1.1378947368421053
60,0,4,10,5.49,0.549
60,2,0,13,70.65,5.434615384615385
60,2,1,17,71.38,4.198823529411764
60,2,2,3,5.74,1.9133333333333333
60,2,3,6,3.5,0.5833333333333334
60,2,4,20,7.12,0.356
60,4,0,3,4.28,1.4266666666666667
60,4,1,10,14.18,1.418
60,4,2,14,19.09,1.3635714285714287
60,4,3,3,1.96,0.6533333333333333
60,4,4,12,1.89,0.1575
60,10,0,8,12.5,1.5625
60,10,1,11,12.0,1.0909090909090908
60,10,2,13,9.73,0.7484615384615385
60,10,3,8,2.49,0.31125
60,10,4,11,0.87,0.07909090909090909
60,11,0,5,24.87,4.974
60,11,1,4,19.09,4.7725
60,11,2,19,27.0,1.4210526315789473
60,11,3,20,25.39,1.2695
60,11,4,13,8.19,0.63
60,12,0,10,9.47,0.9470000000000001
60,12,1,4,3.69,0.9225
60,12,2,12,10.5,0.875
60,12,3,2,1.03,0.515
60,12,4,14,3.22,0.23
60,18,0,10,18.0,1.8
60,18,1,11,15.4,1.4000000000000001
60,18,2,16,13.05,0.815625
60,18,3,7,5.27,0.7528571428571428
60,18,4,4,1.92,0.48
60,24,0,15,29.57,1.9713333333333334
60,24,1,2,2.2,1.1
60,24,2,15,14.55,0.9700000000000001
60,24,3,6,5.43,0.9049999999999999
60,24,4,16,13.71,0.856875
60,25,0,12,26.25,2.1875
60,25,1,6,11.42,1.9033333333333333
60,25,2,9,16.06,1.7844444444444443
60,25,3,11,19.5,1.7727272727272727
60,25,4,10,14.8,1.48
60,32,0,16,87.28,5.455
60,32,1,18,97.8,5.433333333333334
60,32,2,5,26.06,5.212
60,32,3,16,59.1,3.69375
60,32,4,10,14.83,1.483
60,33,0,1,5.13,5.13
60,33,1,12,53.64,4.47
60,33,2,12,23.81,1.9841666666666666
60,33,3,19,26.07,1.3721052631578947
60,33,4,19,16.75,0.881578947368421
60,34,0,2,5.74,2.87
60,34,1,11,28.47,2.588181818181818
60,34,2,13,25.11,1.9315384615384614
60,34,3,13,20.68,1.5907692307692307
60,34,4,15,5.99,0.3993333333333334
60,37,0,19,62.08,3.2673684210526317
60,37,1,14,45.33,3.2378571428571425
60,37,2,3,6.38,2.1266666666666665
60,37,3,19,36.37,1.9142105263157894
60,37,4,1,1.83,1.83
60,40,0,20,60.54,3.027
60,40,1,8,18.0,2.25
60,40,2,8,12.55,1.56875
60,40,3,18,26.72,1.4844444444444445
60,40,4,12,14.72,1.2266666666666668
60,42,0,7,30.06,4.2942857142857145
60,42,1,9,27.47,3.052222222222222
60,42,2,15,44.1,2.94
60,42,3,6,6.2,1.0333333333333334
60,42,4,5,4.62,0.924
60,46,0,15,11.14,0.7426666666666667
60,46,1,19,12.87,0.6773684210526315
60,46,2,11,6.02,0.5472727272727272
60,46,3,20,10.41,0.5205
60,46,4,7,2.13,0.30428571428571427
60,47,0,14,26.69,1.9064285714285716
60,47,1,10,18.32,1.832
60,47,2,12,19.33,1.6108333333333331
60,47,3,10,6.95,0.6950000000000001
60,47,4,20,5.19,0.2595
60,52,0,6,6.87,1.145
60,52,1,15,10.86,0.724
60,52,2,13,8.18,0.6292307692307693
60,52,3,4,0.86,0.215
60,52,4,16,2.03,0.126875
60,54,0,19,49.97,2.63
60,54,1,12,29.23,2.4358333333333335
60,54,2,2,4.6,2.3
60,54,3,5,8.19,1.638
60,54,4,18,7.25,0.4027777777777778
60,56,0,18,24.33,1.3516666666666666
60,56,1,3,1.77,0.59
60,56,2,15,5.19,0.34600000000000003
60,56,3,11,3.52,0.32
60,56,4,2,0.27,0.135
60,62,0,17,16.31,0.9594117647058823
60,62,1,13,10.46,0.8046153846153847
60,62,2,20,13.82,0.6910000000000001
60,62,3,13,5.47,0.42076923076923073
60,62,4,10,2.21,0.221
60,68,0,5,9.32,1.864
60,68,1,12,17.58,1.4649999999999999
60,68,2,15,17.0,1.1333333333333333
60,68,3,4,4.34,1.085
60,68,4,8,7.49,0.93625
60,69,0,10,2.73,0.273
60,69,1,10,1.65,0.16499999999999998
60,69,2,15,2.3,0.15333333333333332
60,69,3,16,2.43,0.151875
60,69,4,13,1.95,0.15
60,70,0,9,35.87,3.985555555555555
60,70,1,10,30.22,3.022
60,70,2,10,24.12,2.412
60,70,3,11,21.37,1.9427272727272729
60,70,4,11,11.96,1.0872727272727274
60,72,0,10,34.99,3.499
60,72,1,20,45.86,2.293
60,72,2,13,21.39,1.6453846153846154
60,72,3,1,1.21,1.21
60,72,4,15,7.2,0.48000000000000004
60,73,0,3,27.66,9.22
60,73,1,1,8.82,8.82
60,73,2,9,69.73,7.747777777777778
60,73,3,11,72.95,6.631818181818182
60,73,4,19,41.68,2.1936842105263157
60,75,0,4,12.63,3.1575
60,75,1,2,5.44,2.72
60,75,2,15,30.78,2.052
60,75,3,20,40.03,2.0015
60,75,4,19,6.93,0.36473684210526314
60,80,0,16,41.56,2.5975
60,80,1,5,12.5,2.5
60,80,2,13,23.99,1.8453846153846152
60,80,3,18,27.11,1.5061111111111112
60,80,4,2,1.01,0.505
60,83,0,8,24.53,3.06625
60,83,1,4,8.72,2.18
60,83,2,12,23.92,1.9933333333333334
60,83,3,6,10.43,1.7383333333333333
60,83,4,1,1.23,1.23
60,84,0,10,81.28,8.128
60,84,1,19,140.09,7.373157894736842
60,84,2,5,30.08,6.016
60,84,3,20,100.27,5.0135
60,84,4,8,33.48,4.185
60,91,0,7,9.89,1.412857142857143
60,91,1,17,21.06,1.2388235294117647
60,91,2,1,1.17,1.17
60,91,3,6,6.29,1.0483333333333333
60,91,4,9,3.19,0.35444444444444445
60,92,0,3,7.96,2.6533333333333333
60,92,1,8,18.12,2.265
60,92,2,7,13.96,1.9942857142857144
60,92,3,2,2.93,1.465
60,92,4,7,7.46,1.0657142857142856
60,96,0,2,8.3,4.15
60,96,1,1,3.41,3.41
60,96,2,9,24.76,2.7511111111111113
60,96,3,13,28.6,2.2
60,96,4,15,28.11,1.8739999999999999
60,97,0,10,26.24,2.6239999999999997
60,97,1,12,31.06,2.5883333333333334
60,97,2,6,15.43,2.5716666666666668
60,97,3,10,25.32,2.532
60,97,4,13,25.9,1.9923076923076921
62,0,0,17,13.69,0.8052941176470588
62,0,1,15,10.7,0.7133333333333333
62,0,2,2,1.28,0.64
62,0,3,20,11.99,0.5995
62,0,4,14,6.94,0.4957142857142857
62,2,0,15,67.38,4.492
62,2,1,13,52.84,4.064615384615385
62,2,2,9,25.19,2.798888888888889
62,2,3,4,9.01,2.2525
62,2,4,16,26.9,1.68125
62,4,0,10,9.11,0.9109999999999999
62,4,1,3,2.54,0.8466666666666667
62,4,2,20,11.24,0.562
62,4,3,11,4.68,0.4254545454545454
62,4,4,3,0.49,0.16333333333333333
62,10,0,11,31.14,2.830909090909091
62,10,1,7,16.74,2.391428571428571
62,10,2,8,6.74,0.8425
62,10,3,8,5.68,0.71
62,10,4,6,3.01,0.5016666666666666
62,11,0,8,26.55,3.31875
62,11,1,11,30.39,2.7627272727272727
62,11,2,13,27.46,2.1123076923076924
62,11,3,8,15.06,1.8825
62,11,4,2,2.06,1.03
62,12,0,16,11.87,0.741875
62,12,1,8,4.81,0.60125
62,12,2,4,1.5,0.375
62,12,3,16,5.64,0.3525
62,12,4,3,0.4,0.13333333333333333
62,18,0,16,24.82,1.55125
62,18,1,16,24.31,1.519375
62,18,2,9,11.88,1.32
62,18,3,20,20.25,1.0125
62,18,4,8,3.85,0.48125
62,24,0,19,25.12,1.322105263157895
62,24,1,15,17.19,1.1460000000000001
62,24,2,20,20.76,1.038
62,24,3,16,14.12,0.8825
62,24,4,10,6.5,0.65
62,25,0,19,20.32,1.0694736842105264
62,25,1,7,6.43,0.9185714285714285
62,25,2,8,6.36,0.795
62,25,3,9,4.12,0.4577777777777778
62,25,4,8,2.46,0.3075
62,32,0,16,63.15,3.946875
62,32,1,12,39.53,3.294166666666667
62,32,2,2,3.8,1.9
62,32,3,15,22.01,1.4673333333333334
62,32,4,10,7.42,0.742
62,33,0,1,5.06,5.06
62,33,1,8,37.3,4.6625
62,33,2,1,3.35,3.35
62,33,3,13,23.56,1.8123076923076922
62,33,4,10,8.18,0.818
62,34,0,5,7.61,1.522
62,34,1,9,9.95,1.1055555555555554
62,34,2,14,7.29,0.5207142857142857
62,34,3,18,3.81,0.21166666666666667
62,34,4,5,0.98,0.196
62,37,0,17,23.15,1.3617647058823528
62,37,1,13,15.44,1.1876923076923076
62,37,2,16,16.52,1.0325
62,37,3,10,5.71,0.571
62,37,4,11,1.54,0.14
62,40,0,2,3.68,1.84
62,40,1,8,12.39,1.54875
62,40,2,18,21.86,1.2144444444444444
62,40,3,5,3.65,0.73
62,40,4,8,0.92,0.115
62,42,0,20,41.32,2.066
62,42,1,9,16.61,1.8455555555555554
62,42,2,17,26.61,1.5652941176470587
62,42,3,12,9.4,0.7833333333333333
62,42,4,15,9.39,0.626
62,46,0,13,20.79,1.5992307692307692
62,46,1,1,1.47,1.47
62,46,2,7,10.1,1.4428571428571428
62,46,3,12,9.26,0.7716666666666666
62,46,4,8,2.69,0.33625
62,47,0,9,18.97,2.1077777777777778
62,47,1,12,24.02,2.0016666666666665
62,47,2,5,5.57,1.114
62,47,3,8,4.5,0.5625
62,47,4,11,5.27,0.47909090909090907
62,52,0,16,17.56,1.0975
62,52,1,8,8.68,1.085
62,52,2,19,11.58,0.6094736842105263
62,52,3,7,4.07,0.5814285714285715
62,52,4,3,0.68,0.22666666666666668
62,54,0,6,2.49,0.41500000000000004
62,54,1,17,5.03,0.2958823529411765
62,54,2,17,4.05,0.23823529411764705
62,54,3,20,3.46,0.173
62,54,4,14,0.74,0.05285714285714286
62,56,0,6,5.81,0.9683333333333333
62,56,1,9,6.79,0.7544444444444445
62,56,2,15,8.46,0.5640000000000001
62,56,3,11,5.8,0.5272727272727272
62,56,4,12,2.24,0.18666666666666668
62,60,0,7,8.17,1.167142857142857
62,60,1,3,3.49,1.1633333333333333
62,60,2,11,10.96,0.9963636363636365
62,60,3,19,13.28,0.6989473684210527
62,60,4,3,1.61,0.5366666666666667
62,68,0,13,34.65,2.6653846153846152
62,68,1,19,46.63,2.4542105263157894
62,68,2,7,13.87,1.9814285714285713
62,68,3,9,7.57,0.8411111111111111
62,68,4,16,5.37,0.335625
62,69,0,18,34.5,1.9166666666666667
62,69,1,19,20.36,1.071578947368421
62,69,2,2,1.81,0.905
62,69,3,19,16.47,0.8668421052631579
62,69,4,12,5.93,0.49416666666666664
62,70,0,4,9.14,2.285
62,70,1,14,25.15,1.7964285714285713
62,70,2,12,5.23,0.43583333333333335
62,70,3,13,2.67,0.2053846153846154
62,70,4,3,0.47,0.15666666666666665
62,72,0,5,8.48,1.6960000000000002
62,72,1,17,26.27,1.5452941176470587
62,72,2,17,23.71,1.3947058823529412
62,72,3,12,12.91,1.0758333333333334
62,72,4,15,14.83,0.9886666666666667
62,73,0,12,97.49,8.124166666666666
62,73,1,19,140.88,7.414736842105263
62,73,2,19,140.84,7.4126315789473685
62,73,3,9,27.34,3.037777777777778
62,73,4,18,50.64,2.8133333333333335
62,75,0,18,28.72,1.5955555555555554
62,75,1,11,17.38,1.5799999999999998
62,75,2,5,6.47,1.294
62,75,3,10,11.41,1.141
62,75,4,17,4.9,0.2882352941176471
62,80,0,2,2.3,1.15
62,80,1,19,16.6,0.8736842105263158
62,80,2,7,3.63,0.5185714285714286
62,80,3,5,2.18,0.43600000000000005
62,80,4,15,2.17,0.14466666666666667
62,83,0,1,3.24,3.24
62,83,1,9,25.15,2.7944444444444443
62,83,2,4,10.45,2.6125
62,83,3,14,9.61,0.6864285714285714
62,83,4,11,3.01,0.2736363636363636
62,84,0,19,166.03,8.73842105263158
62,84,1,10,80.41,8.041
62,84,2,12,71.97,5.9975
62,84,3,1,4.32,4.32
62,84,4,5,13.73,2.746
62,91,0,17,50.24,2.955294117647059
62,91,1,4,10.98,2.745
62,91,2,10,27.18,2.718
62,91,3,5,8.45,1.69
62,91,4,17,8.21,0.48294117647058826
62,92,0,13,25.79,1.9838461538461538
62,92,1,20,33.41,1.6704999999999999
62,92,2,3,4.83,1.61
62,92,3,12,13.84,1.1533333333333333
62,92,4,15,16.52,1.1013333333333333
62,96,0,12,33.03,2.7525
62,96,1,9,24.12,2.68
62,96,2,16,33.48,2.0925
62,96,3,9,17.8,1.9777777777777779
62,96,4,7,1.89,0.26999999999999996
62,97,0,2,6.25,3.125
62,97,1,7,9.16,1.3085714285714285
62,97,2,10,10.85,1.085
62,97,3,10,7.35,0.735
62,97,4,2,0.79,0.395
68,0,0,1,3.72,3.72
68,0,1,19,64.89,3.415263157894737
68,0,2,16,54.22,3.38875
68,0,3,19,24.44,1.2863157894736843
68,0,4,10,8.41,0.841
68,2,0,3,21.82,7.273333333333333
68,2,1,18,94.96,5.275555555555555
68,2,2,4,19.84,4.96
68,2,3,20,94.4,4.720000000000001
68,2,4,12,53.37,4.4475
68,4,0,12,17.89,1.4908333333333335
68,4,1,3,3.61,1.2033333333333334
68,4,2,8,7.14,0.8925
68,4,3,3,2.37,0.79
68,4,4,8,5.36,0.67
68,10,0,8,27.33,3.41625
68,10,1,20,52.95,2.6475
68,10,2,2,4.79,2.395
68,10,3,5,3.41,0.682
68,10,4,5,1.43,0.286
68,11,0,11,43.69,3.9718181818181817
68,11,1,19,24.94,1.3126315789473686
68,11,2,19,23.72,1.2484210526315789
68,11,3,16,11.28,0.705
68,11,4,13,7.66,0.5892307692307692
68,12,0,20,38.13,1.9065
68,12,1,14,17.63,1.2592857142857141
68,12,2,19,22.52,1.1852631578947368
68,12,3,13,6.19,0.4761538461538462
68,12,4,16,3.51,0.219375
68,18,0,10,15.2,1.52
68,18,1,18,22.63,1.2572222222222222
68,18,2,10,11.6,1.16
68,18,3,17,11.61,0.6829411764705882
68,18,4,18,11.46,0.6366666666666667
68,24,0,19,30.49,1.604736842105263
68,24,1,8,6.65,0.83125
68,24,2,20,6.52,0.32599999999999996
68,24,3,7,1.86,0.26571428571428574
68,24,4,11,1.09,0.0990909090909091
68,25,0,18,56.87,3.1594444444444445
68,25,1,5,11.08,2.216
68,25,2,3,2.96,0.9866666666666667
68,25,3,6,3.93,0.655
68,25,4,6,1.86,0.31
68,32,0,11,68.92,6.265454545454546
68,32,1,16,91.37,5.710625
68,32,2,10,27.46,2.746
68,32,3,9,11.75,1.3055555555555556
68,32,4,3,1.36,0.45333333333333337
68,33,0,7,42.01,6.001428571428571
68,33,1,7,38.52,5.502857142857144
68,33,2,5,19.97,3.9939999999999998
68,33,3,3,8.85,2.9499999999999997
68,33,4,14,19.42,1.3871428571428572
68,34,0,16,74.13,4.633125
68,34,1,9,40.86,4.54
68,34,2,14,60.75,4.339285714285714
68,34,3,8,19.67,2.45875
68,34,4,18,21.27,1.1816666666666666
68,37,0,14,52.05,3.7178571428571425
68,37,1,5,16.68,3.336
68,37,2,15,46.49,3.0993333333333335
68,37,3,13,36.82,2.832307692307692
68,37,4,7,12.79,1.827142857142857
68,40,0,6,13.0,2.1666666666666665
68,40,1,14,17.05,1.217857142857143
68,40,2,16,14.71,0.919375
68,40,3,2,1.79,0.895
68,40,4,12,8.23,0.6858333333333334
68,42,0,9,33.38,3.708888888888889
68,42,1,20,56.5,2.825
68,42,2,3,5.32,1.7733333333333334
68,42,3,2,3.53,1.765
68,42,4,14,14.25,1.0178571428571428
68,46,0,10,22.8,2.2800000000000002
68,46,1,3,2.7,0.9
68,46,2,10,7.82,0.782
68,46,3,18,10.85,0.6027777777777777
68,46,4,16,8.39,0.524375
68,47,0,15,6.91,0.46066666666666667
68,47,1,5,2.09,0.418
68,47,2,19,6.56,0.3452631578947368
68,47,3,13,2.02,0.1553846153846154
68,47,4,6,0.65,0.10833333333333334
68,52,0,13,49.38,3.7984615384615386
68,52,1,12,22.81,1.9008333333333332
68,52,2,3,5.61,1.87
68,52,3,1,1.3,1.3
68,52,4,5,1.23,0.246
68,54,0,2,5.16,2.58
68,54,1,3,5.17,1.7233333333333334
68,54,2,2,3.29,1.645
68,54,3,4,6.56,1.64
68,54,4,1,0.31,0.31
68,56,0,5,14.35,2.87
68,56,1,16,45.13,2.820625
68,56,2,11,26.31,2.3918181818181816
68,56,3,2,0.49,0.245
68,56,4,1,0.2,0.2
68,60,0,8,17.63,2.20375
68,60,1,6,11.07,1.845
68,60,2,16,28.26,1.76625
68,60,3,20,31.23,1.5615
68,60,4,1,0.79,0.79
68,62,0,13,26.59,2.0453846153846156
68,62,1,14,28.24,2.017142857142857
68,62,2,3,4.51,1.5033333333333332
68,62,3,14,18.81,1.3435714285714284
68,62,4,10,8.14,0.8140000000000001
68,69,0,10,17.99,1.799
68,69,1,20,19.34,0.967
68,69,2,18,15.81,0.8783333333333334
68,69,3,3,0.71,0.23666666666666666
68,69,4,16,2.13,0.133125
68,70,0,2,6.59,3.295
68,70,1,16,46.09,2.880625
68,70,2,11,31.33,2.848181818181818
68,70,3,2,1.3,0.65
68,70,4,17,8.11,0.47705882352941176
68,72,0,13,51.07,3.9284615384615384
68,72,1,20,37.0,1.85
68,72,2,15,20.06,1.3373333333333333
68,72,3,19,23.5,1.236842105263158
68,72,4,9,1.89,0.21
68,73,0,12,120.48,10.040000000000001
68,73,1,19,186.29,9.804736842105262
68,73,2,20,113.58,5.679
68,73,3,18,68.04,3.7800000000000002
68,73,4,17,48.87,2.874705882352941
68,75,0,19,47.33,2.491052631578947
68,75,1,17,29.35,1.7264705882352942
68,75,2,15,24.02,1.6013333333333333
68,75,3,19,18.9,0.994736842105263
68,75,4,14,11.79,0.8421428571428571
68,80,0,14,55.79,3.985
68,80,1,9,33.93,3.77
68,80,2,6,16.91,2.8183333333333334
68,80,3,2,1.27,0.635
68,80,4,9,3.02,0.33555555555555555
68,83,0,18,92.0,5.111111111111111
68,83,1,18,80.02,4.445555555555555
68,83,2,13,52.14,4.010769230769231
68,83,3,11,30.74,2.7945454545454544
68,83,4,9,9.44,1.0488888888888888
68,84,0,19,172.15,9.060526315789474
68,84,1,1,7.69,7.69
68,84,2,6,39.8,6.633333333333333
68,84,3,2,5.44,2.72
68,84,4,4,4.9,1.225
68,91,0,12,3.78,0.315
68,91,1,18,4.47,0.24833333333333332
68,91,2,3,0.64,0.21333333333333335
68,91,3,7,0.87,0.12428571428571429
68,91,4,18,2.07,0.11499999999999999
68,92,0,13,50.39,3.876153846153846
68,92,1,1,3.58,3.58
68,92,2,10,18.78,1.8780000000000001
68,92,3,20,35.85,1.7925
68,92,4,7,9.67,1.3814285714285715
68,96,0,9,31.25,3.4722222222222223
68,96,1,10,29.6,2.96
68,96,2,2,5.63,2.815
68,96,3,4,5.97,1.4925
68,96,4,10,14.57,1.457
68,97,0,12,8.39,0.6991666666666667
68,97,1,14,8.41,0.6007142857142858
68,97,2,2,1.1,0.55
68,97,3,8,3.17,0.39625
68,97,4,17,6.41,0.3770588235294118
69,0,0,20,63.79,3.1895
69,0,1,9,20.81,2.312222222222222
69,0,2,4,7.87,1.9675
69,0,3,3,4.93,1.6433333333333333
69,0,4,16,23.73,1.483125
69,2,0,1,4.43,4.43
69,2,1,15,54.59,3.6393333333333335
69,2,2,7,23.28,3.325714285714286
69,2,3,18,24.49,1.3605555555555555
69,2,4,19,22.16,1.1663157894736842
69,4,0,1,1.06,1.06
69,4,1,6,3.35,0.5583333333333333
69,4,2,15,3.97,0.26466666666666666
69,4,3,11,1.43,0.13
69,4,4,16,1.08,0.0675
69,10,0,15,26.32,1.7546666666666666
69,10,1,14,22.74,1.624285714285714
69,10,2,3,4.67,1.5566666666666666
69,10,3,7,4.35,0.6214285714285713
69,10,4,1,0.3,0.3
69,11,0,5,22.98,4.596
69,11,1,2,6.84,3.42
69,11,2,15,46.96,3.130666666666667
69,11,3,19,27.57,1.4510526315789474
69,11,4,14,4.53,0.32357142857142857
69,12,0,2,1.86,0.93
69,12,1,13,10.78,0.8292307692307692
69,12,2,13,9.64,0.7415384615384616
69,12,3,18,11.48,0.6377777777777778
69,12,4,1,0.24,0.24
69,18,0,2,4.79,2.395
69,18,1,3,4.96,1.6533333333333333
69,18,2,15,21.31,1.4206666666666665
69,18,3,15,18.02,1.2013333333333334
69,18,4,5,4.58,0.916
69,24,0,10,14.65,1.465
69,24,1,13,16.98,1.3061538461538462
69,24,2,2,1.4,0.7
69,24,3,17,9.69,0.57
69,24,4,16,2.89,0.180625
69,25,0,2,5.72,2.86
69,25,1,7,12.76,1.8228571428571427
69,25,2,10,7.98,0.798
69,25,3,11,7.2,0.6545454545454545
69,25,4,18,3.67,0.2038888888888889
69,32,0,2,5.92,2.96
69,32,1,19,20.01,1.0531578947368423
69,32,2,11,10.93,0.9936363636363637
69,32,3,12,10.66,0.8883333333333333
69,32,4,19,11.95,0.6289473684210526
69,33,0,11,51.38,4.670909090909091
69,33,1,10,26.87,2.6870000000000003
69,33,2,14,30.26,2.1614285714285715
69,33,3,7,14.55,2.0785714285714287
69,33,4,14,13.85,0.9892857142857142
69,34,0,12,53.05,4.420833333333333
69,34,1,3,9.79,3.263333333333333
69,34,2,19,60.87,3.2036842105263155
69,34,3,14,14.98,1.07
69,34,4,11,6.65,0.6045454545454546
69,37,0,15,29.27,1.9513333333333334
69,37,1,14,25.6,1.8285714285714287
69,37,2,1,1.71,1.71
69,37,3,9,11.13,1.2366666666666668
69,37,4,20,10.73,0.5365
69,40,0,3,7.35,2.4499999999999997
69,40,1,13,27.48,2.1138461538461537
69,40,2,8,13.63,1.70375
69,40,3,18,26.76,1.4866666666666668
69,40,4,5,2.17,0.434
69,42,0,5,18.16,3.632
69,42,1,17,44.19,2.599411764705882
69,42,2,8,17.26,2.1575
69,42,3,3,5.51,1.8366666666666667
69,42,4,19,30.62,1.611578947368421
69,46,0,2,1.82,0.91
69,46,1,4,2.93,0.7325
69,46,2,3,1.45,0.48333333333333334
69,46,3,9,4.28,0.47555555555555556
69,46,4,3,1.38,0.45999999999999996
69,47,0,19,27.44,1.4442105263157896
69,47,1,10,9.27,0.9269999999999999
69,47,2,16,14.08,0.88
69,47,3,7,5.16,0.7371428571428572
69,47,4,9,1.88,0.20888888888888887
69,52,0,8,16.55,2.06875
69,52,1,8,13.19,1.64875
69,52,2,2,3.24,1.62
69,52,3,8,9.35,1.16875
69,52,4,17,16.11,0.9476470588235294
69,54,0,13,32.73,2.5176923076923075
69,54,1,15,33.1,2.2066666666666666
69,54,2,4,7.87,1.9675
69,54,3,8,4.84,0.605
69,54,4,2,0.6,0.3
69,56,0,9,15.89,1.7655555555555555
69,56,1,9,6.31,0.701111111111111
69,56,2,19,10.55,0.5552631578947369
69,56,3,11,5.22,0.47454545454545455
69,56,4,8,3.39,0.42375
69,60,0,19,5.3,0.2789473684210526
69,60,1,1,0.25,0.25
69,60,2,4,0.68,0.17
69,60,3,18,1.28,0.07111111111111111
69,60,4,5,0.15,0.03
69,62,0,10,14.97,1.497
69,62,1,20,26.69,1.3345
69,62,2,8,9.24,1.155
69,62,3,9,2.07,0.22999999999999998
69,62,4,6,1.11,0.18500000000000003
69,68,0,20,37.23,1.8615
69,68,1,4,5.13,1.2825
69,68,2,9,10.36,1.151111111111111
69,68,3,14,3.84,0.2742857142857143
69,68,4,20,1.82,0.091
69,70,0,6,25.45,4.241666666666666
69,70,1,7,25.37,3.6242857142857146
69,70,2,5,14.47,2.894
69,70,3,14,40.2,2.8714285714285714
69,70,4,12,17.82,1.485
69,72,0,14,39.59,2.8278571428571433
69,72,1,20,46.36,2.318
69,72,2,3,6.11,2.0366666666666666
69,72,3,20,17.43,0.8714999999999999
69,72,4,9,1.72,0.19111111111111112
69,73,0,7,36.64,5.234285714285714
69,73,1,6,25.88,4.3133333333333335
69,73,2,7,25.26,3.608571428571429
69,73,3,9,30.57,3.3966666666666665
69,73,4,2,1.32,0.66
69,75,0,5,11.63,2.326
69,75,1,11,20.4,1.8545454545454545
69,75,2,15,22.75,1.5166666666666666
69,75,3,14,15.12,1.0799999999999998
69,75,4,5,2.92,0.584
69,80,0,16,44.79,2.799375
69,80,1,3,6.65,2.216666666666667
69,80,2,13,19.25,1.4807692307692308
69,80,3,17,18.81,1.106470588235294
69,80,4,20,5.02,0.251
69,83,0,18,59.98,3.332222222222222
69,83,1,14,42.34,3.0242857142857145
69,83,2,13,35.32,2.7169230769230768
69,83,3,6,13.44,2.2399999999999998
69,83,4,5,8.16,1.6320000000000001
69,84,0,4,22.27,5.5675
69,84,1,13,53.32,4.101538461538461
69,84,2,3,6.77,2.2566666666666664
69,84,3,16,32.63,2.039375
69,84,4,20,8.71,0.43550000000000005
69,91,0,16,23.88,1.4925
69,91,1,6,8.88,1.4800000000000002
69,91,2,4,5.45,1.3625
69,91,3,17,10.33,0.6076470588235294
69,91,4,6,2.19,0.365
69,92,0,12,44.5,3.7083333333333335
69,92,1,19,47.24,2.4863157894736845
69,92,2,2,3.49,1.745
69,92,3,20,3.82,0.191
69,92,4,18,2.84,0.15777777777777777
69,96,0,9,26.66,2.962222222222222
69,96,1,4,10.05,2.5125
69,96,2,2,3.55,1.775
69,96,3,8,5.97,0.74625
69,96,4,6,2.15,0.35833333333333334
69,97,0,15,36.88,2.458666666666667
69,97,1,16,34.23,2.139375
69,97,2,12,23.91,1.9925
69,97,3,10,12.92,1.292
69,97,4,3,2.93,0.9766666666666667
70,0,0,12,18.0,1.5
70,0,1,2,1.92,0.96
70,0,2,13,8.89,0.6838461538461539
70,0,3,9,3.39,0.3766666666666667
70,0,4,5,1.42,0.284
70,2,0,2,11.12,5.56
70,2,1,5,12.34,2.468
70,2,2,2,4.74,2.37
70,2,3,15,29.84,1.9893333333333334
70,2,4,9,15.11,1.6788888888888889
70,4,0,12,26.59,2.2158333333333333
70,4,1,10,10.02,1.002
70,4,2,5,3.75,0.75
70,4,3,3,1.15,0.3833333333333333
70,4,4,3,0.53,0.17666666666666667
70,10,0,15,51.77,3.4513333333333334
70,10,1,9,26.35,2.927777777777778
70,10,2,4,8.17,2.0425
70,10,3,18,33.56,1.8644444444444446
70,10,4,4,1.13,0.2825
70,11,0,18,13.6,0.7555555555555555
70,11,1,20,9.78,0.489
70,11,2,16,3.56,0.2225
70,11,3,5,1.05,0.21000000000000002
70,11,4,9,0.42,0.04666666666666666
70,12,0,18,58.15,3.2305555555555556
70,12,1,16,45.64,2.8525
70,12,2,19,43.71,2.3005263157894738
70,12,3,16,11.85,0.740625
70,12,4,3,2.09,0.6966666666666667
70,18,0,9,17.8,1.9777777777777779
70,18,1,3,5.23,1.7433333333333334
70,18,2,3,3.56,1.1866666666666668
70,18,3,12,4.77,0.39749999999999996
70,18,4,20,2.11,0.1055
70,24,0,18,27.84,1.5466666666666666
70,24,1,17,25.46,1.4976470588235296
70,24,2,18,25.6,1.4222222222222223
70,24,3,11,6.97,0.6336363636363637
70,24,4,8,2.22,0.2775
70,25,0,10,19.98,1.998
70,25,1,6,10.32,1.72
70,25,2,6,8.94,1.49
70,25,3,15,13.21,0.8806666666666667
70,25,4,14,10.74,0.7671428571428571
70,32,0,5,23.77,4.754
70,32,1,8,29.44,3.68
70,32,2,5,15.68,3.136
70,32,3,6,12.74,2.1233333333333335
70,32,4,3,0.74,0.24666666666666667
70,33,0,5,41.65,8.33
70,33,1,14,85.1,6.078571428571428
70,33,2,7,27.62,3.9457142857142857
70,33,3,13,47.44,3.649230769230769
70,33,4,15,34.75,2.316666666666667
70,34,0,1,1.48,1.48
70,34,1,7,10.29,1.47
70,34,2,14,8.75,0.625
70,34,3,11,5.14,0.46727272727272723
70,34,4,3,0.89,0.2966666666666667
70,37,0,7,16.78,2.3971428571428572
70,37,1,1,2.21,2.21
70,37,2,10,18.94,1.8940000000000001
70,37,3,12,9.26,0.7716666666666666
70,37,4,14,7.49,0.535
70,40,0,2,2.51,1.255
70,40,1,14,15.3,1.092857142857143
70,40,2,18,11.4,0.6333333333333333
70,40,3,6,3.44,0.5733333333333334
70,40,4,1,0.24,0.24
70,42,0,18,7.87,0.43722222222222223
70,42,1,2,0.76,0.38
70,42,2,15,3.48,0.232
70,42,3,13,2.24,0.17230769230769233
70,42,4,14,1.0,0.07142857142857142
70,46,0,11,50.33,4.575454545454545
70,46,1,10,32.29,3.229
70,46,2,12,33.58,2.7983333333333333
70,46,3,16,41.59,2.599375
70,46,4,12,29.0,2.4166666666666665
70,47,0,20,40.23,2.0115
70,47,1,4,6.33,1.5825
70,47,2,1,1.07,1.07
70,47,3,12,11.63,0.9691666666666667
70,47,4,10,6.43,0.643
70,52,0,11,54.61,4.964545454545455
70,52,1,6,28.45,4.741666666666666
70,52,2,10,27.54,2.754
70,52,3,4,6.39,1.5975
70,52,4,19,20.83,1.0963157894736841
70,54,0,15,43.4,2.893333333333333
70,54,1,16,34.45,2.153125
70,54,2,8,11.87,1.48375
70,54,3,3,2.05,0.6833333333333332
70,54,4,3,1.38,0.45999999999999996
70,56,0,9,36.5,4.055555555555555
70,56,1,5,16.3,3.2600000000000002
70,56,2,14,26.02,1.8585714285714285
70,56,3,11,5.26,0.47818181818181815
70,56,4,11,2.18,0.1981818181818182
70,60,0,3,7.31,2.4366666666666665
70,60,1,3,6.38,2.1266666666666665
70,60,2,8,14.98,1.8725
70,60,3,8,12.84,1.605
70,60,4,1,1.33,1.33
70,62,0,2,6.41,3.205
70,62,1,10,30.33,3.033
70,62,2,9,17.51,1.9455555555555557
70,62,3,20,37.82,1.891
70,62,4,16,25.41,1.588125
70,68,0,10,25.81,2.581
70,68,1,1,2.58,2.58
70,68,2,6,11.67,1.945
70,68,3,5,7.18,1.436
70,68,4,15,18.36,1.224
70,69,0,16,46.64,2.915
70,69,1,4,5.63,1.4075
70,69,2,20,26.9,1.345
70,69,3,6,7.1,1.1833333333333333
70,69,4,9,3.34,0.3711111111111111
70,72,0,18,17.69,0.9827777777777779
70,72,1,16,13.16,0.8225
70,72,2,4,2.42,0.605
70,72,3,16,9.34,0.58375
70,72,4,5,1.04,0.20800000000000002
70,73,0,12,102.44,8.536666666666667
70,73,1,5,31.59,6.318
70,73,2,4,23.7,5.925
70,73,3,11,57.15,5.195454545454545
70,73,4,3,10.82,3.606666666666667
70,75,0,6,9.85,1.6416666666666666
70,75,1,15,14.18,0.9453333333333334
70,75,2,18,12.95,0.7194444444444444
70,75,3,2,1.21,0.605
70,75,4,12,5.43,0.45249999999999996
70,80,0,12,40.29,3.3575
70,80,1,13,38.17,2.936153846153846
70,80,2,1,2.69,2.69
70,80,3,11,24.81,2.2554545454545454
70,80,4,13,7.61,0.5853846153846154
70,83,0,13,64.33,4.9484615384615385
70,83,1,8,30.56,3.82
70,83,2,19,61.39,3.2310526315789474
70,83,3,19,49.92,2.6273684210526316
70,83,4,18,27.26,1.5144444444444445
70,84,0,15,144.52,9.634666666666668
70,84,1,15,86.87,5.791333333333333
70,84,2,12,51.4,4.283333333333333
70,84,3,4,7.19,1.7975
70,84,4,9,7.59,0.8433333333333333
70,91,0,18,79.58,4.421111111111111
70,91,1,2,4.6,2.3
70,91,2,19,12.26,0.6452631578947369
70,91,3,13,6.44,0.4953846153846154
70,91,4,12,5.14,0.4283333333333333
70,92,0,9,19.63,2.181111111111111
70,92,1,4,8.3,2.075
70,92,2,16,30.89,1.930625
70,92,3,15,8.72,0.5813333333333334
70,92,4,3,1.63,0.5433333333333333
70,96,0,14,6.62,0.47285714285714286
70,96,1,20,8.42,0.421
70,96,2,18,5.79,0.32166666666666666
70,96,3,19,2.49,0.1310526315789474
70,96,4,18,0.61,0.033888888888888885
70,97,0,12,44.55,3.7125
70,97,1,10,31.9,3.19
70,97,2,2,6.32,3.16
70,97,3,20,43.61,2.1805
70,97,4,1,0.69,0.69
72,0,0,7,2.19,0.31285714285714283
72,0,1,19,4.42,0.2326315789473684
72,0,2,1,0.23,0.23
72,0,3,19,2.16,0.11368421052631579
72,0,4,15,0.61,0.04066666666666666
72,2,0,6,32.38,5.396666666666667
72,2,1,14,72.94,5.21
72,2,2,12,48.15,4.0125
72,2,3,9,8.46,0.9400000000000001
72,2,4,3,1.89,0.63
72,4,0,2,4.28,2.14
72,4,1,1,2.04,2.04
72,4,2,1,1.78,1.78
72,4,3,14,11.18,0.7985714285714286
72,4,4,7,3.29,0.47000000000000003
72,10,0,13,61.8,4.753846153846154
72,10,1,4,14.66,3.665
72,10,2,10,28.69,2.869
72,10,3,12,23.15,1.9291666666666665
72,10,4,19,13.75,0.7236842105263158
72,11,0,7,7.63,1.09
72,11,1,20,21.22,1.061
72,11,2,19,19.26,1.013684210526316
72,11,3,13,6.58,0.5061538461538462
72,11,4,7,1.18,0.16857142857142857
72,12,0,6,17.74,2.9566666666666666
72,12,1,19,47.77,2.5142105263157895
72,12,2,8,16.21,2.02625
72,12,3,11,12.51,1.1372727272727272
72,12,4,17,10.36,0.6094117647058823
72,18,0,19,32.69,1.7205263157894735
72,18,1,9,10.64,1.1822222222222223
72,18,2,9,4.95,0.55
72,18,3,20,5.13,0.2565
72,18,4,2,0.49,0.245
72,24,0,20,38.88,1.9440000000000002
72,24,1,17,27.07,1.5923529411764705
72,24,2,10,15.35,1.535
72,24,3,10,11.57,1.157
72,24,4,7,6.76,0.9657142857142856
72,25,0,19,12.38,0.6515789473684211
72,25,1,6,3.56,0.5933333333333334
72,25,2,11,5.1,0.4636363636363636
72,25,3,7,1.72,0.24571428571428572
72,25,4,16,1.88,0.1175
72,32,0,12,40.54,3.3783333333333334
72,32,1,19,31.19,1.641578947368421
72,32,2,5,6.67,1.334
72,32,3,18,11.21,0.6227777777777779
72,32,4,8,1.37,0.17125
72,33,0,11,60.19,5.471818181818182
72,33,1,6,25.34,4.223333333333334
72,33,2,10,22.54,2.254
72,33,3,14,20.05,1.4321428571428572
72,33,4,11,10.43,0.9481818181818181
72,34,0,12,6.02,0.5016666666666666
72,34,1,1,0.5,0.5
72,34,2,17,8.13,0.4782352941176471
72,34,3,13,2.36,0.18153846153846154
72,34,4,16,0.68,0.0425
72,37,0,19,20.96,1.1031578947368421
72,37,1,9,7.73,0.8588888888888889
72,37,2,5,3.9,0.78
72,37,3,14,7.61,0.5435714285714286
72,37,4,5,0.87,0.174
72,40,0,11,12.84,1.1672727272727272
72,40,1,17,19.7,1.1588235294117646
72,40,2,16,13.3,0.83125
72,40,3,3,2.47,0.8233333333333334
72,40,4,18,5.61,0.3116666666666667
72,42,0,12,8.89,0.7408333333333333
72,42,1,3,1.62,0.54
72,42,2,9,4.66,0.5177777777777778
72,42,3,14,2.65,0.18928571428571428
72,42,4,6,0.96,0.16
72,46,0,10,37.44,3.7439999999999998
72,46,1,18,64.35,3.5749999999999997
72,46,2,7,22.24,3.177142857142857
72,46,3,6,7.2,1.2
72,46,4,12,14.25,1.1875
72,47,0,1,3.23,3.23
72,47,1,15,36.23,2.4153333333333333
72,47,2,1,2.15,2.15
72,47,3,12,11.35,0.9458333333333333
72,47,4,14,7.16,0.5114285714285715
72,52,0,14,53.12,3.794285714285714
72,52,1,14,42.73,3.052142857142857
72,52,2,4,7.53,1.8825
72,52,3,2,3.23,1.615
72,52,4,5,1.04,0.20800000000000002
72,54,0,2,2.77,1.385
72,54,1,6,7.77,1.295
72,54,2,15,18.94,1.2626666666666668
72,54,3,8,6.96,0.87
72,54,4,18,6.06,0.33666666666666667
72,56,0,7,10.03,1.4328571428571428
72,56,1,2,2.4,1.2
72,56,2,6,3.06,0.51
72,56,3,4,1.92,0.48
72,56,4,11,4.25,0.38636363636363635
72,60,0,5,19.75,3.95
72,60,1,2,5.29,2.645
72,60,2,6,9.68,1.6133333333333333
72,60,3,20,22.98,1.149
72,60,4,4,4.39,1.0975
72,62,0,4,7.52,1.88
72,62,1,7,12.59,1.7985714285714285
72,62,2,14,20.7,1.4785714285714284
72,62,3,15,11.2,0.7466666666666666
72,62,4,10,1.88,0.188
72,68,0,11,36.02,3.274545454545455
72,68,1,5,16.26,3.2520000000000002
72,68,2,11,34.5,3.1363636363636362
72,68,3,6,10.81,1.8016666666666667
72,68,4,18,12.57,0.6983333333333334
72,69,0,16,59.92,3.745
72,69,1,11,30.48,2.770909090909091
72,69,2,7,17.23,2.4614285714285713
72,69,3,2,0.63,0.315
72,69,4,7,1.48,0.21142857142857144
72,70,0,5,5.16,1.032
72,70,1,15,12.27,0.818
72,70,2,10,8.06,0.806
72,70,3,9,5.94,0.66
72,70,4,8,0.57,0.07125
72,73,0,5,46.26,9.251999999999999
72,73,1,5,45.11,9.022
72,73,2,15,105.37,7.024666666666667
72,73,3,3,13.08,4.36
72,73,4,2,6.15,3.075
72,75,0,4,5.56,1.39
72,75,1,12,13.62,1.135
72,75,2,6,6.2,1.0333333333333334
72,75,3,16,16.23,1.014375
72,75,4,5,4.31,0.8619999999999999
72,80,0,12,27.89,2.3241666666666667
72,80,1,17,31.55,1.8558823529411765
72,80,2,14,18.65,1.332142857142857
72,80,3,10,10.34,1.034
72,80,4,9,3.04,0.3377777777777778
72,83,0,15,89.31,5.954
72,83,1,4,19.12,4.78
72,83,2,4,11.6,2.9
72,83,3,17,43.39,2.5523529411764705
72,83,4,20,24.12,1.206
72,84,0,17,130.44,7.672941176470588
72,84,1,6,45.39,7.565
72,84,2,5,32.32,6.464
72,84,3,11,37.61,3.419090909090909
72,84,4,20,25.48,1.274
72,91,0,10,36.85,3.685
72,91,1,7,16.23,2.3185714285714285
72,91,2,11,12.77,1.160909090909091
72,91,3,20,19.73,0.9865
72,91,4,3,1.56,0.52
72,92,0,1,0.72,0.72
72,92,1,15,9.32,0.6213333333333334
72,92,2,12,3.53,0.29416666666666663
72,92,3,10,2.65,0.265
72,92,4,16,0.92,0.0575
72,96,0,18,13.22,0.7344444444444445
72,96,1,4,2.67,0.6675
72,96,2,7,4.2,0.6
72,96,3,13,7.64,0.5876923076923076
72,96,4,4,0.98,0.245
72,97,0,15,63.36,4.224
72,97,1,8,30.03,3.75375
72,97,2,15,49.95,3.33
72,97,3,8,10.21,1.27625
72,97,4,1,0.85,0.85
73,0,0,9,84.94,9.437777777777777
73,0,1,3,19.84,6.613333333333333
73,0,2,3,19.73,6.576666666666667
73,0,3,11,55.45,5.040909090909091
73,0,4,1,1.69,1.69
73,2,0,13,67.17,5.166923076923077
73,2,1,14,65.21,4.657857142857142
73,2,2,7,26.76,3.822857142857143
73,2,3,14,51.3,3.664285714285714
73,2,4,19,12.45,0.6552631578947368
73,4,0,15,148.85,9.923333333333334
73,4,1,7,31.99,4.569999999999999
73,4,2,9,36.28,4.0311111111111115
73,4,3,17,54.0,3.176470588235294
73,4,4,17,48.81,2.871176470588235
73,10,0,9,51.43,5.714444444444444
73,10,1,11,51.77,4.706363636363637
73,10,2,8,13.73,1.71625
73,10,3,10,6.75,0.675
73,10,4,10,4.48,0.44800000000000006
73,11,0,9,97.32,10.813333333333333
73,11,1,7,71.14,10.162857142857144
73,11,2,4,20.83,5.2075
73,11,3,2,9.08,4.54
73,11,4,11,31.42,2.8563636363636364
73,12,0,18,169.11,9.395000000000001
73,12,1,15,123.12,8.208
73,12,2,17,131.73,7.748823529411764
73,12,3,11,27.56,2.5054545454545454
73,12,4,8,15.91,1.98875
73,18,0,1,9.31,9.31
73,18,1,2,18.49,9.245
73,18,2,18,122.58,6.81
73,18,3,6,39.01,6.501666666666666
73,18,4,7,11.07,1.5814285714285714
73,24,0,3,25.14,8.38
73,24,1,18,145.33,8.07388888888889
73,24,2,15,80.22,5.348
73,24,3,18,74.17,4.120555555555556
73,24,4,15,23.23,1.5486666666666666
73,25,0,1,8.42,8.42
73,25,1,14,111.72,7.9799999999999995
73,25,2,20,101.86,5.093
73,25,3,15,41.37,2.758
73,25,4,19,45.69,2.404736842105263
73,32,0,15,105.07,7.004666666666666
73,32,1,10,66.78,6.678
73,32,2,9,29.27,3.252222222222222
73,32,3,7,5.07,0.7242857142857143
73,32,4,3,1.25,0.4166666666666667
73,33,0,1,6.24,6.24
73,33,1,1,4.37,4.37
73,33,2,7,27.69,3.955714285714286
73,33,3,20,47.5,2.375
73,33,4,18,22.87,1.2705555555555557
73,34,0,4,38.46,9.615
73,34,1,17,122.12,7.183529411764706
73,34,2,7,19.35,2.7642857142857147
73,34,3,18,37.39,2.0772222222222223
73,34,4,11,20.71,1.8827272727272728
73,37,0,4,34.81,8.7025
73,37,1,20,94.72,4.736
73,37,2,16,68.64,4.29
73,37,3,2,6.13,3.065
73,37,4,12,26.8,2.2333333333333334
73,40,0,12,107.11,8.925833333333333
73,40,1,8,68.54,8.5675
73,40,2,20,92.81,4.6405
73,40,3,7,30.29,4.327142857142857
73,40,4,1,3.01,3.01
73,42,0,6,67.45,11.241666666666667
73,42,1,2,17.16,8.58
73,42,2,14,111.64,7.974285714285714
73,42,3,4,23.96,5.99
73,42,4,7,23.1,3.3000000000000003
73,46,0,18,174.89,9.716111111111111
73,46,1,14,112.23,8.016428571428571
73,46,2,1,6.52,6.52
73,46,3,7,32.9,4.7
73,46,4,17,32.81,1.9300000000000002
73,47,0,5,59.49,11.898
73,47,1,7,59.93,8.561428571428571
73,47,2,5,35.44,7.087999999999999
73,47,3,11,65.05,5.913636363636363
73,47,4,10,48.27,4.827
73,52,0,14,114.57,8.183571428571428
73,52,1,4,26.48,6.62
73,52,2,12,74.3,6.191666666666666
73,52,3,10,42.33,4.233
73,52,4,7,8.1,1.157142857142857
73,54,0,18,115.66,6.4255555555555555
73,54,1,4,24.68,6.17
73,54,2,9,30.32,3.368888888888889
73,54,3,9,21.34,2.371111111111111
73,54,4,5,9.1,1.8199999999999998
73,56,0,17,140.57,8.268823529411764
73,56,1,12,95.34,7.945
73,56,2,19,87.5,4.605263157894737
73,56,3,9,37.7,4.188888888888889
73,56,4,7,29.26,4.180000000000001
73,60,0,15,112.72,7.514666666666667
73,60,1,20,115.11,5.7555
73,60,2,20,95.44,4.772
73,60,3,15,55.59,3.7060000000000004
73,60,4,5,2.71,0.542
73,62,0,4,31.59,7.8975
73,62,1,11,83.59,7.59909090909091
73,62,2,16,109.73,6.858125
73,62,3,6,27.34,4.556666666666667
73,62,4,14,32.69,2.335
73,68,0,13,124.26,9.55846153846154
73,68,1,12,107.4,8.950000000000001
73,68,2,7,28.74,4.105714285714286
73,68,3,19,47.22,2.4852631578947366
73,68,4,4,8.99,2.2475
73,69,0,17,163.88,9.64
73,69,1,19,105.49,5.552105263157895
73,69,2,8,42.75,5.34375
73,69,3,15,54.12,3.6079999999999997
73,69,4,6,16.8,2.8000000000000003
73,70,0,12,143.03,11.919166666666667
73,70,1,7,54.86,7.837142857142857
73,70,2,14,108.83,7.773571428571429
73,70,3,1,7.71,7.71
73,70,4,8,24.18,3.0225
73,72,0,2,18.92,9.46
73,72,1,18,136.51,7.583888888888889
73,72,2,4,20.68,5.17
73,72,3,19,46.65,2.455263157894737
73,72,4,15,10.2,0.6799999999999999
73,75,0,11,116.38,10.58
73,75,1,19,188.16,9.903157894736841
73,75,2,10,44.51,4.451
73,75,3,10,20.68,2.068
73,75,4,13,24.59,1.8915384615384616
73,80,0,9,68.37,7.596666666666668
73,80,1,18,105.43,5.857222222222223
73,80,2,16,76.93,4.808125
73,80,3,2,3.01,1.505
73,80,4,7,6.74,0.9628571428571429
73,83,0,19,149.44,7.865263157894737
73,83,1,4,18.16,4.54
73,83,2,13,27.61,2.123846153846154
73,83,3,14,25.04,1.7885714285714285
73,83,4,4,3.77,0.9425
73,84,0,17,72.33,4.254705882352941
73,84,1,4,16.93,4.2325
73,84,2,10,30.81,3.081
73,84,3,8,10.95,1.36875
73,84,4,4,2.17,0.5425
73,91,0,12,112.57,9.380833333333333
73,91,1,10,85.18,8.518
73,91,2,12,80.02,6.668333333333333
73,91,3,5,32.62,6.523999999999999
73,91,4,6,37.96,6.326666666666667
73,92,0,17,163.18,9.598823529411765
73,92,1,1,8.71,8.71
73,92,2,17,90.1,5.3
73,92,3,4,20.05,5.0125
73,92,4,19,41.98,2.209473684210526
73,96,0,4,26.44,6.61
73,96,1,7,40.59,5.798571428571429
73,96,2,4,17.54,4.385
73,96,3,13,14.29,1.0992307692307692
73,96,4,10,8.38,0.8380000000000001
73,97,0,12,142.13,11.844166666666666
73,97,1,10,93.15,9.315000000000001
73,97,2,2,12.89,6.445
73,97,3,5,22.75,4.55
73,97,4,13,25.87,1.99
75,0,0,7,8.13,1.1614285714285715
75,0,1,15,14.7,0.98
75,0,2,18,13.5,0.75
75,0,3,10,5.61,0.561
75,0,4,8,3.55,0.44375
75,2,0,6,46.11,7.685
75,2,1,16,111.33,6.958125
75,2,2,20,120.77,6.0385
75,2,3,12,44.0,3.6666666666666665
75,2,4,5,1.9,0.38
75,4,0,10,14.46,1.4460000000000002
75,4,1,16,22.28,1.3925
75,4,2,5,6.27,1.254
75,4,3,12,9.96,0.8300000000000001
75,4,4,12,7.93,0.6608333333333333
75,10,0,13,56.96,4.381538461538462
75,10,1,8,29.56,3.695
75,10,2,3,10.35,3.4499999999999997
75,10,3,1,2.04,2.04
75,10,4,16,27.73,1.733125
75,11,0,17,16.53,0.9723529411764706
75,11,1,9,5.06,0.5622222222222222
75,11,2,10,5.14,0.514
75,11,3,11,3.7,0.33636363636363636
75,11,4,5,0.94,0.188
75,12,0,4,8.41,2.1025
75,12,1,15,17.95,1.1966666666666665
75,12,2,17,9.47,0.5570588235294118
75,12,3,2,0.82,0.41
75,12,4,15,5.11,0.3406666666666667
75,18,0,1,0.62,0.62
75,18,1,8,4.17,0.52125
75,18,2,3,0.88,0.29333333333333333
75,18,3,16,0.79,0.049375
75,18,4,20,0.98,0.049
75,24,0,17,15.44,0.908235294117647
75,24,1,6,3.87,0.645
75,24,2,6,2.68,0.4466666666666667
75,24,3,1,0.24,0.24
75,24,4,13,2.1,0.16153846153846155
75,25,0,18,31.82,1.767777777777778
75,25,1,9,7.6,0.8444444444444444
75,25,2,16,6.81,0.425625
75,25,3,13,4.02,0.3092307692307692
75,25,4,10,2.48,0.248
75,32,0,2,8.2,4.1
75,32,1,19,68.67,3.6142105263157895
75,32,2,10,32.79,3.279
75,32,3,16,17.14,1.07125
75,32,4,13,7.16,0.5507692307692308
75,33,0,16,121.16,7.5725
75,33,1,2,8.19,4.095
75,33,2,5,11.77,2.354
75,33,3,5,11.2,2.2399999999999998
75,33,4,6,5.95,0.9916666666666667
75,34,0,20,42.68,2.134
75,34,1,14,24.9,1.7785714285714285
75,34,2,16,26.84,1.6775
75,34,3,2,3.35,1.675
75,34,4,16,8.52,0.5325
75,37,0,8,15.86,1.9825
75,37,1,16,29.09,1.818125
75,37,2,14,17.49,1.249285714285714
75,37,3,8,9.03,1.12875
75,37,4,13,13.98,1.0753846153846154
75,40,0,1,0.2,0.2
75,40,1,4,0.76,0.19
75,40,2,7,1.14,0.16285714285714284
75,40,3,18,2.72,0.1511111111111111
75,40,4,17,1.66,0.0976470588235294
75,42,0,1,1.58,1.58
75,42,1,15,18.99,1.2659999999999998
75,42,2,5,4.79,0.958
75,42,3,14,11.95,0.8535714285714285
75,42,4,8,0.95,0.11875
75,46,0,6,19.25,3.2083333333333335
75,46,1,4,9.26,2.315
75,46,2,6,13.39,2.231666666666667
75,46,3,12,20.84,1.7366666666666666
75,46,4,20,18.1,0.905
75,47,0,16,28.35,1.771875
75,47,1,7,8.9,1.2714285714285716
75,47,2,4,4.93,1.2325
75,47,3,19,21.19,1.115263157894737
75,47,4,10,4.55,0.45499999999999996
75,52,0,10,37.53,3.753
75,52,1,15,55.55,3.703333333333333
75,52,2,1,3.54,3.54
75,52,3,7,17.41,2.487142857142857
75,52,4,7,13.64,1.9485714285714286
75,54,0,3,5.65,1.8833333333333335
75,54,1,17,29.53,1.7370588235294118
75,54,2,1,1.24,1.24
75,54,3,6,5.79,0.965
75,54,4,9,4.08,0.45333333333333337
75,56,0,2,4.89,2.445
75,56,1,15,9.39,0.626
75,56,2,15,4.68,0.312
75,56,3,2,0.57,0.285
75,56,4,18,4.8,0.26666666666666666
75,60,0,15,40.65,2.71
75,60,1,16,23.66,1.47875
75,60,2,3,3.6,1.2
75,60,3,12,14.32,1.1933333333333334
75,60,4,14,2.05,0.1464285714285714
75,62,0,17,20.78,1.2223529411764706
75,62,1,1,1.03,1.03
75,62,2,14,12.41,0.8864285714285715
75,62,3,20,13.48,0.674
75,62,4,8,3.86,0.4825
75,68,0,6,15.86,2.643333333333333
75,68,1,15,37.04,2.469333333333333
75,68,2,6,6.35,1.0583333333333333
75,68,3,5,2.15,0.43
75,68,4,8,1.08,0.135
75,69,0,7,16.49,2.3557142857142854
75,69,1,8,10.89,1.36125
75,69,2,4,4.58,1.145
75,69,3,17,17.51,1.03
75,69,4,3,1.75,0.5833333333333334
75,70,0,3,4.57,1.5233333333333334
75,70,1,14,17.69,1.2635714285714286
75,70,2,5,2.71,0.542
75,70,3,9,3.21,0.3566666666666667
75,70,4,20,3.92,0.196
75,72,0,4,5.89,1.4725
75,72,1,3,4.1,1.3666666666666665
75,72,2,8,9.57,1.19625
75,72,3,16,8.39,0.524375
75,72,4,10,1.2,0.12
75,73,0,14,135.42,9.672857142857142
75,73,1,11,100.92,9.174545454545454
75,73,2,14,101.87,7.276428571428572
75,73,3,14,92.08,6.577142857142857
75,73,4,13,75.79,5.83
75,80,0,12,39.09,3.2575000000000003
75,80,1,13,34.06,2.62
75,80,2,19,21.06,1.108421052631579
75,80,3,2,1.82,0.91
75,80,4,10,8.24,0.8240000000000001
75,83,0,6,24.9,4.1499999999999995
75,83,1,7,21.74,3.1057142857142854
75,83,2,5,10.6,2.12
75,83,3,12,25.28,2.106666666666667
75,83,4,9,12.94,1.4377777777777778
75,84,0,10,108.77,10.876999999999999
75,84,1,16,138.2,8.6375
75,84,2,5,28.13,5.6259999999999994
75,84,3,18,80.25,4.458333333333333
75,84,4,18,75.3,4.183333333333334
75,91,0,10,27.42,2.742
75,91,1,8,15.33,1.91625
75,91,2,5,5.28,1.056
75,91,3,20,6.79,0.3395
75,91,4,15,4.0,0.26666666666666666
75,92,0,6,12.24,2.04
75,92,1,17,28.79,1.6935294117647057
75,92,2,8,6.74,0.8425
75,92,3,11,8.08,0.7345454545454545
75,92,4,14,4.03,0.28785714285714287
75,96,0,17,17.84,1.0494117647058823
75,96,1,10,7.51,0.751
75,96,2,4,1.36,0.34
75,96,3,19,6.38,0.3357894736842105
75,96,4,7,0.41,0.058571428571428566
75,97,0,9,23.36,2.5955555555555554
75,97,1,11,20.79,1.89
75,97,2,17,24.65,1.45
75,97,3,1,1.39,1.39
75,97,4,20,21.04,1.052
80,0,0,4,9.45,2.3625
80,0,1,10,14.65,1.465
80,0,2,11,10.66,0.9690909090909091
80,0,3,9,8.63,0.958888888888889
80,0,4,17,8.08,0.4752941176470588
80,2,0,4,10.09,2.5225
80,2,1,14,28.14,2.0100000000000002
80,2,2,1,2.0,2.0
80,2,3,13,19.62,1.5092307692307694
80,2,4,19,24.6,1.2947368421052632
80,4,0,9,21.65,2.4055555555555554
80,4,1,19,44.55,2.344736842105263
80,4,2,14,32.02,2.2871428571428574
80,4,3,3,6.38,2.1266666666666665
80,4,4,5,4.97,0.994
80,10,0,6,19.1,3.1833333333333336
80,10,1,9,24.99,2.7766666666666664
80,10,2,19,44.17,2.3247368421052634
80,10,3,6,13.17,2.195
80,10,4,8,12.86,1.6075
80,11,0,8,30.14,3.7675
80,11,1,2,6.77,3.385
80,11,2,5,12.03,2.4059999999999997
80,11,3,7,6.9,0.9857142857142858
80,11,4,2,0.32,0.16
80,12,0,20,34.2,1.7100000000000002
80,12,1,15,18.86,1.2573333333333332
80,12,2,18,10.87,0.6038888888888888
80,12,3,15,5.22,0.348
80,12,4,8,1.62,0.2025
80,18,0,13,27.63,2.125384615384615
80,18,1,8,15.0,1.875
80,18,2,20,18.76,0.9380000000000001
80,18,3,20,17.17,0.8585
80,18,4,6,0.84,0.13999999999999999
80,24,0,5,10.78,2.1559999999999997
80,24,1,15,21.21,1.4140000000000001
80,24,2,19,11.56,0.608421052631579
80,24,3,6,1.65,0.27499999999999997
80,24,4,1,0.24,0.24
80,25,0,15,28.49,1.8993333333333333
80,25,1,15,22.19,1.4793333333333334
80,25,2,15,19.82,1.3213333333333332
80,25,3,19,13.05,0.6868421052631579
80,25,4,12,4.52,0.37666666666666665
80,32,0,19,50.95,2.681578947368421
80,32,1,17,42.61,2.506470588235294
80,32,2,1,1.3,1.3
80,32,3,11,1.87,0.17
80,32,4,4,0.56,0.14
80,33,0,3,10.77,3.59
80,33,1,17,55.14,3.243529411764706
80,33,2,3,7.53,2.5100000000000002
80,33,3,19,31.17,1.6405263157894738
80,33,4,16,9.6,0.6
80,34,0,18,44.64,2.48
80,34,1,7,11.1,1.5857142857142856
80,34,2,7,10.72,1.5314285714285716
80,34,3,17,25.84,1.52
80,34,4,20,29.98,1.499
80,37,0,14,19.25,1.375
80,37,1,13,14.81,1.1392307692307693
80,37,2,10,5.09,0.509
80,37,3,16,6.78,0.42375
80,37,4,4,0.9,0.225
80,40,0,19,51.96,2.734736842105263
80,40,1,16,33.76,2.11
80,40,2,3,5.83,1.9433333333333334
80,40,3,10,4.32,0.43200000000000005
80,40,4,13,4.11,0.3161538461538462
80,42,0,9,26.95,2.9944444444444445
80,42,1,18,39.2,2.177777777777778
80,42,2,19,35.3,1.857894736842105
80,42,3,8,11.19,1.39875
80,42,4,4,2.66,0.665
80,46,0,4,8.21,2.0525
80,46,1,3,4.53,1.51
80,46,2,19,23.26,1.2242105263157896
80,46,3,9,7.08,0.7866666666666666
80,46,4,20,9.08,0.454
80,47,0,20,57.84,2.8920000000000003
80,47,1,19,46.94,2.4705263157894737
80,47,2,11,3.2,0.29090909090909095
80,47,3,17,4.29,0.2523529411764706
80,47,4,1,0.25,0.25
80,52,0,9,9.82,1.0911111111111111
80,52,1,4,3.0,0.75
80,52,2,17,12.38,0.7282352941176471
80,52,3,16,8.86,0.55375
80,52,4,5,0.93,0.186
80,54,0,10,11.87,1.1869999999999998
80,54,1,2,1.39,0.695
80,54,2,16,10.14,0.63375
80,54,3,2,1.14,0.57
80,54,4,4,0.38,0.095
80,56,0,13,15.13,1.163846153846154
80,56,1,7,7.81,1.1157142857142857
80,56,2,18,20.03,1.1127777777777779
80,56,3,11,8.24,0.7490909090909091
80,56,4,7,3.75,0.5357142857142857
80,60,0,11,28.3,2.5727272727272728
80,60,1,9,16.96,1.8844444444444446
80,60,2,18,26.94,1.4966666666666668
80,60,3,9,5.42,0.6022222222222222
80,60,4,6,2.71,0.45166666666666666
80,62,0,6,8.0,1.3333333333333333
80,62,1,18,23.18,1.2877777777777777
80,62,2,15,17.77,1.1846666666666665
80,62,3,9,3.67,0.4077777777777778
80,62,4,20,4.67,0.23349999999999999
80,68,0,20,70.19,3.5095
80,68,1,15,44.18,2.945333333333333
80,68,2,7,14.97,2.138571428571429
80,68,3,3,3.2,1.0666666666666667
80,68,4,8,4.05,0.50625
80,69,0,8,16.29,2.03625
80,69,1,9,15.9,1.7666666666666666
80,69,2,14,19.85,1.417857142857143
80,69,3,2,2.67,1.335
80,69,4,17,10.63,0.6252941176470589
80,70,0,20,50.83,2.5415
80,70,1,14,21.28,1.52
80,70,2,1,1.33,1.33
80,70,3,19,20.79,1.0942105263157895
80,70,4,2,0.8,0.4
80,72,0,11,27.78,2.5254545454545454
80,72,1,3,6.32,2.106666666666667
80,72,2,12,16.83,1.4024999999999999
80,72,3,4,4.79,1.1975
80,72,4,4,2.62,0.655
80,73,0,20,137.6,6.88
80,73,1,1,5.4,5.4
80,73,2,20,73.64,3.682
80,73,3,15,50.6,3.3733333333333335
80,73,4,8,3.28,0.41
80,75,0,19,61.56,3.24
80,75,1,9,28.18,3.131111111111111
80,75,2,13,36.61,2.816153846153846
80,75,3,9,23.26,2.5844444444444448
80,75,4,16,15.38,0.96125
80,83,0,14,46.45,3.317857142857143
80,83,1,6,12.34,2.0566666666666666
80,83,2,2,3.63,1.815
80,83,3,17,15.95,0.9382352941176471
80,83,4,2,1.77,0.885
80,84,0,17,81.4,4.788235294117648
80,84,1,7,21.79,3.1128571428571425
80,84,2,19,28.36,1.4926315789473683
80,84,3,1,0.87,0.87
80,84,4,20,12.24,0.612
80,91,0,18,78.57,4.364999999999999
80,91,1,14,50.2,3.585714285714286
80,91,2,11,31.46,2.86
80,91,3,6,14.83,2.4716666666666667
80,91,4,3,2.16,0.7200000000000001
80,92,0,16,24.77,1.548125
80,92,1,19,25.92,1.3642105263157895
80,92,2,1,1.34,1.34
80,92,3,12,6.52,0.5433333333333333
80,92,4,14,2.32,0.1657142857142857
80,96,0,15,52.72,3.5146666666666664
80,96,1,10,27.39,2.739
80,96,2,10,23.64,2.364
80,96,3,8,13.63,1.70375
80,96,4,8,3.46,0.4325
80,97,0,15,71.08,4.738666666666666
80,97,1,7,27.46,3.922857142857143
80,97,2,6,11.05,1.8416666666666668
80,97,3,3,4.67,1.5566666666666666
80,97,4,10,15.45,1.545
83,0,0,6,29.84,4.973333333333334
83,0,1,5,11.36,2.272
83,0,2,19,37.54,1.9757894736842105
83,0,3,3,5.28,1.76
83,0,4,9,15.68,1.7422222222222221
83,2,0,6,16.75,2.7916666666666665
83,2,1,1,2.42,2.42
83,2,2,1,2.36,2.36
83,2,3,13,14.97,1.1515384615384616
83,2,4,17,10.99,0.6464705882352941
83,4,0,6,25.53,4.255
83,4,1,7,23.99,3.427142857142857
83,4,2,11,23.49,2.1354545454545453
83,4,3,5,7.98,1.596
83,4,4,4,1.51,0.3775
83,10,0,7,9.08,1.2971428571428572
83,10,1,20,17.94,0.897
83,10,2,18,14.4,0.8
83,10,3,11,8.35,0.759090909090909
83,10,4,11,2.73,0.24818181818181817
83,11,0,5,30.44,6.088
83,11,1,8,41.29,5.16125
83,11,2,2,9.77,4.885
83,11,3,5,7.37,1.474
83,11,4,11,4.38,0.3981818181818182
83,12,0,20,73.01,3.6505
83,12,1,7,18.58,2.654285714285714
83,12,2,17,37.61,2.2123529411764706
83,12,3,16,34.52,2.1575
83,12,4,10,13.96,1.3960000000000001
83,18,0,4,18.42,4.605
83,18,1,3,6.35,2.1166666666666667
83,18,2,10,12.96,1.296
83,18,3,1,0.55,0.55
83,18,4,8,3.94,0.4925
83,24,0,13,66.01,5.077692307692308
83,24,1,13,42.04,3.233846153846154
83,24,2,10,15.67,1.567
83,24,3,7,8.79,1.2557142857142856
83,24,4,15,11.36,0.7573333333333333
83,25,0,14,70.1,5.007142857142857
83,25,1,13,50.16,3.858461538461538
83,25,2,10,37.51,3.751
83,25,3,5,7.06,1.412
83,25,4,19,15.38,0.8094736842105263
83,32,0,1,5.9,5.9
83,32,1,8,40.44,5.055
83,32,2,4,15.45,3.8625
83,32,3,19,65.76,3.461052631578948
83,32,4,18,49.83,2.768333333333333
83,33,0,6,10.8,1.8
83,33,1,4,5.91,1.4775
83,33,2,4,3.9,0.975
83,33,3,20,17.28,0.8640000000000001
83,33,4,14,6.96,0.49714285714285716
83,34,0,6,39.0,6.5
83,34,1,12,59.26,4.9383333333333335
83,34,2,3,5.49,1.83
83,34,3,14,23.74,1.6957142857142855
83,34,4,12,8.5,0.7083333333333334
83,37,0,12,64.22,5.351666666666667
83,37,1,14,42.58,3.0414285714285714
83,37,2,8,6.11,0.76375
83,37,3,8,4.86,0.6075
83,37,4,9,2.5,0.2777777777777778
83,40,0,18,104.7,5.816666666666666
83,40,1,10,57.48,5.747999999999999
83,40,2,4,21.97,5.4925
83,40,3,2,3.61,1.805
83,40,4,2,1.73,0.865
83,42,0,10,39.04,3.904
83,42,1,17,59.63,3.5076470588235296
83,42,2,1,3.35,3.35
83,42,3,7,21.07,3.0100000000000002
83,42,4,9,22.71,2.5233333333333334
83,46,0,20,44.05,2.2024999999999997
83,46,1,17,14.87,0.8747058823529411
83,46,2,12,4.34,0.36166666666666664
83,46,3,14,4.15,0.29642857142857143
83,46,4,7,1.37,0.19571428571428573
83,47,0,9,39.41,4.378888888888889
83,47,1,13,56.09,4.314615384615385
83,47,2,20,60.81,3.0405
83,47,3,15,26.67,1.778
83,47,4,6,6.38,1.0633333333333332
83,52,0,11,28.12,2.5563636363636366
83,52,1,4,8.75,2.1875
83,52,2,10,19.5,1.95
83,52,3,8,8.85,1.10625
83,52,4,12,5.57,0.46416666666666667
83,54,0,16,70.89,4.430625
83,54,1,16,44.16,2.76
83,54,2,10,27.47,2.747
83,54,3,9,21.2,2.3555555555555556
83,54,4,12,21.13,1.7608333333333333
83,56,0,17,45.84,2.6964705882352944
83,56,1,7,16.51,2.358571428571429
83,56,2,17,29.33,1.7252941176470586
83,56,3,1,1.28,1.28
83,56,4,11,11.69,1.0627272727272727
83,60,0,10,23.97,2.397
83,60,1,18,25.48,1.4155555555555557
83,60,2,7,8.21,1.172857142857143
83,60,3,2,1.13,0.565
83,60,4,10,3.93,0.393
83,62,0,15,49.74,3.3160000000000003
83,62,1,17,56.18,3.304705882352941
83,62,2,5,11.57,2.314
83,62,3,16,34.42,2.15125
83,62,4,6,4.64,0.7733333333333333
83,68,0,19,89.61,4.7163157894736845
83,68,1,19,59.45,3.128947368421053
83,68,2,7,15.67,2.2385714285714284
83,68,3,9,9.08,1.008888888888889
83,68,4,17,4.57,0.26882352941176474
83,69,0,14,43.79,3.1278571428571427
83,69,1,15,30.71,2.0473333333333334
83,69,2,8,14.4,1.8
83,69,3,2,3.15,1.575
83,69,4,3,3.23,1.0766666666666667
83,70,0,8,47.72,5.965
83,70,1,10,52.4,5.24
83,70,2,13,46.92,3.6092307692307695
83,70,3,3,6.5,2.1666666666666665
83,70,4,19,35.47,1.8668421052631579
83,72,0,10,58.15,5.8149999999999995
83,72,1,18,69.43,3.8572222222222226
83,72,2,1,3.65,3.65
83,72,3,3,9.23,3.0766666666666667
83,72,4,14,31.43,2.245
83,73,0,8,49.27,6.15875
83,73,1,13,59.06,4.5430769230769235
83,73,2,10,40.34,4.034000000000001
83,73,3,7,11.01,1.5728571428571427
83,73,4,17,18.39,1.081764705882353
83,75,0,20,121.29,6.064500000000001
83,75,1,7,21.54,3.077142857142857
83,75,2,1,2.71,2.71
83,75,3,9,21.01,2.3344444444444448
83,75,4,12,27.77,2.3141666666666665
83,80,0,20,78.13,3.9065
83,80,1,3,11.06,3.686666666666667
83,80,2,10,27.92,2.7920000000000003
83,80,3,12,27.29,2.2741666666666664
83,80,4,6,2.48,0.41333333333333333
83,84,0,13,49.7,3.8230769230769233
83,84,1,14,41.68,2.9771428571428573
83,84,2,6,12.86,2.143333333333333
83,84,3,4,5.93,1.4825
83,84,4,7,2.72,0.3885714285714286
83,91,0,15,72.4,4.826666666666667
83,91,1,5,22.33,4.465999999999999
83,91,2,6,26.36,4.3933333333333335
83,91,3,7,30.48,4.354285714285714
83,91,4,6,16.02,2.67
83,92,0,7,27.87,3.9814285714285718
83,92,1,20,71.73,3.5865
83,92,2,19,67.98,3.5778947368421057
83,92,3,6,13.39,2.231666666666667
83,92,4,3,3.58,1.1933333333333334
83,96,0,18,121.34,6.7411111111111115
83,96,1,18,118.22,6.567777777777778
83,96,2,13,43.02,3.3092307692307696
83,96,3,15,40.52,2.7013333333333334
83,96,4,4,4.31,1.0775
83,97,0,9,42.87,4.763333333333333
83,97,1,16,69.34,4.33375
83,97,2,7,14.53,2.0757142857142856
83,97,3,11,16.62,1.510909090909091
83,97,4,17,5.98,0.351764705882353
84,0,0,5,46.56,9.312000000000001
84,0,1,12,50.31,4.1925
84,0,2,20,75.26,3.7630000000000003
84,0,3,1,3.66,3.66
84,0,4,19,11.38,0.5989473684210527
84,2,0,2,4.94,2.47
84,2,1,13,30.12,2.316923076923077
84,2,2,19,30.77,1.6194736842105264
84,2,3,19,21.78,1.1463157894736842
84,2,4,10,6.05,0.605
84,4,0,10,90.85,9.084999999999999
84,4,1,17,146.39,8.611176470588234
84,4,2,5,22.43,4.486
84,4,3,9,30.02,3.3355555555555556
84,4,4,20,10.72,0.536
84,10,0,1,4.56,4.56
84,10,1,17,47.38,2.787058823529412
84,10,2,6,6.28,1.0466666666666666
84,10,3,2,2.03,1.015
84,10,4,10,7.01,0.701
84,11,0,1,10.2,10.2
84,11,1,6,53.2,8.866666666666667
84,11,2,2,15.82,7.91
84,11,3,3,23.56,7.853333333333333
84,11,4,17,44.18,2.5988235294117645
84,12,0,11,78.78,7.161818181818182
84,12,1,7,43.55,6.221428571428571
84,12,2,12,69.76,5.8133333333333335
84,12,3,2,4.09,2.045
84,12,4,13,21.25,1.6346153846153846
84,18,0,6,52.13,8.688333333333334
84,18,1,19,131.36,6.913684210526316
84,18,2,12,52.56,4.38
84,18,3,11,36.86,3.350909090909091
84,18,4,17,55.39,3.258235294117647
84,24,0,7,71.21,10.172857142857142
84,24,1,17,169.97,9.998235294117647
84,24,2,17,160.75,9.455882352941176
84,24,3,11,93.22,8.474545454545455
84,24,4,1,1.45,1.45
84,25,0,8,73.05,9.13125
84,25,1,12,77.76,6.48
84,25,2,1,3.8,3.8
84,25,3,9,22.74,2.5266666666666664
84,25,4,15,26.68,1.7786666666666666
84,32,0,11,88.04,8.003636363636364
84,32,1,20,143.65,7.1825
84,32,2,2,11.42,5.71
84,32,3,5,20.14,4.0280000000000005
84,32,4,5,15.39,3.0780000000000003
84,33,0,4,12.59,3.1475
84,33,1,17,44.68,2.6282352941176472
84,33,2,13,12.07,0.9284615384615384
84,33,3,7,4.22,0.6028571428571429
84,33,4,2,0.67,0.335
84,34,0,10,102.7,10.27
84,34,1,4,39.16,9.79
84,34,2,9,51.96,5.773333333333333
84,34,3,20,65.0,3.25
84,34,4,8,6.47,0.80875
84,37,0,12,103.13,8.594166666666666
84,37,1,13,110.68,8.513846153846155
84,37,2,17,136.82,8.048235294117646
84,37,3,12,95.19,7.9325
84,37,4,8,24.5,3.0625
84,40,0,15,139.05,9.270000000000001
84,40,1,3,25.64,8.546666666666667
84,40,2,1,6.36,6.36
84,40,3,16,71.36,4.46
84,40,4,16,65.9,4.11875
84,42,0,15,163.13,10.875333333333334
84,42,1,9,87.77,9.752222222222223
84,42,2,15,91.65,6.11
84,42,3,10,24.91,2.491
84,42,4,7,6.11,0.8728571428571429
84,46,0,15,98.43,6.562
84,46,1,15,72.28,4.818666666666667
84,46,2,12,48.8,4.066666666666666
84,46,3,17,16.79,0.9876470588235293
84,46,4,9,3.86,0.4288888888888889
84,47,0,7,72.48,10.354285714285714
84,47,1,4,34.0,8.5
84,47,2,4,16.48,4.12
84,47,3,6,18.24,3.0399999999999996
84,47,4,5,6.13,1.226
84,52,0,18,116.02,6.445555555555555
84,52,1,12,65.47,5.4558333333333335
84,52,2,19,99.39,5.231052631578947
84,52,3,20,48.43,2.4215
84,52,4,13,5.02,0.3861538461538461
84,54,0,6,51.8,8.633333333333333
84,54,1,5,36.7,7.340000000000001
84,54,2,20,123.04,6.152
84,54,3,18,103.64,5.757777777777778
84,54,4,2,4.58,2.29
84,56,0,17,106.67,6.274705882352941
84,56,1,18,89.68,4.982222222222223
84,56,2,10,45.62,4.561999999999999
84,56,3,9,28.37,3.1522222222222225
84,56,4,9,19.58,2.1755555555555555
84,60,0,15,108.49,7.232666666666666
84,60,1,15,104.83,6.988666666666666
84,60,2,19,128.61,6.7689473684210535
84,60,3,4,7.61,1.9025
84,60,4,18,21.15,1.1749999999999998
84,62,0,15,112.24,7.482666666666666
84,62,1,5,33.79,6.758
84,62,2,8,18.58,2.3225
84,62,3,20,43.82,2.191
84,62,4,8,14.22,1.7775
84,68,0,9,85.2,9.466666666666667
84,68,1,8,70.14,8.7675
84,68,2,11,75.61,6.873636363636364
84,68,3,1,6.57,6.57
84,68,4,4,20.99,5.2475
84,69,0,4,24.88,6.22
84,69,1,14,68.14,4.867142857142857
84,69,2,4,12.02,3.005
84,69,3,19,30.53,1.6068421052631578
84,69,4,18,25.98,1.4433333333333334
84,70,0,15,173.4,11.56
84,70,1,11,110.02,10.001818181818182
84,70,2,19,145.63,7.664736842105263
84,70,3,7,50.62,7.231428571428571
84,70,4,19,37.4,1.9684210526315788
84,72,0,20,190.89,9.5445
84,72,1,20,188.23,9.4115
84,72,2,11,92.22,8.383636363636363
84,72,3,17,120.99,7.117058823529412
84,72,4,18,65.5,3.638888888888889
84,73,0,7,30.98,4.425714285714286
84,73,1,11,40.5,3.6818181818181817
84,73,2,15,46.97,3.131333333333333
84,73,3,20,62.29,3.1145
84,73,4,9,21.63,2.4033333333333333
84,75,0,11,110.01,10.000909090909092
84,75,1,2,9.66,4.83
84,75,2,6,17.35,2.891666666666667
84,75,3,17,19.31,1.1358823529411763
84,75,4,19,18.57,0.9773684210526316
84,80,0,4,21.68,5.42
84,80,1,10,42.55,4.255
84,80,2,2,8.08,4.04
84,80,3,20,77.3,3.8649999999999998
84,80,4,12,16.71,1.3925
84,83,0,13,49.97,3.8438461538461537
84,83,1,14,49.0,3.5
84,83,2,14,48.22,3.4442857142857144
84,83,3,5,12.51,2.502
84,83,4,11,8.2,0.7454545454545454
84,91,0,18,172.03,9.557222222222222
84,91,1,15,93.96,6.263999999999999
84,91,2,4,17.11,4.2775
84,91,3,19,25.87,1.361578947368421
84,91,4,16,18.71,1.169375
84,92,0,19,124.4,6.5473684210526315
84,92,1,13,56.64,4.356923076923077
84,92,2,8,23.31,2.91375
84,92,3,20,29.58,1.4789999999999999
84,92,4,9,12.61,1.401111111111111
84,96,0,2,18.39,9.195
84,96,1,6,47.97,7.995
84,96,2,20,123.59,6.1795
84,96,3,6,21.56,3.5933333333333333
84,96,4,11,23.36,2.1236363636363635
84,97,0,11,101.19,9.19909090909091
84,97,1,1,6.69,6.69
84,97,2,10,64.08,6.4079999999999995
84,97,3,15,36.85,2.4566666666666666
84,97,4,19,23.64,1.2442105263157894
91,0,0,14,55.63,3.9735714285714288
91,0,1,14,40.58,2.8985714285714286
91,0,2,16,38.29,2.393125
91,0,3,15,22.53,1.502
91,0,4,14,10.48,0.7485714285714286
91,2,0,19,121.84,6.4126315789473685
91,2,1,14,75.66,5.404285714285714
91,2,2,17,84.62,4.977647058823529
91,2,3,2,6.97,3.485
91,2,4,19,27.37,1.4405263157894737
91,4,0,13,18.39,1.4146153846153846
91,4,1,18,17.43,0.9683333333333333
91,4,2,5,2.54,0.508
91,4,3,16,7.2,0.45
91,4,4,8,2.5,0.3125
91,10,0,14,48.01,3.4292857142857143
91,10,1,16,46.06,2.87875
91,10,2,11,13.89,1.2627272727272727
91,10,3,15,9.87,0.6579999999999999
91,10,4,10,5.87,0.587
91,11,0,6,30.63,5.1049999999999995
91,11,1,15,43.48,2.8986666666666663
91,11,2,20,49.93,2.4965
91,11,3,16,32.22,2.01375
91,11,4,15,7.63,0.5086666666666667
91,12,0,2,3.67,1.835
91,12,1,5,7.41,1.482
91,12,2,1,0.48,0.48
91,12,3,14,4.77,0.3407142857142857
91,12,4,16,2.15,0.134375
91,18,0,10,14.67,1.467
91,18,1,19,23.73,1.2489473684210526
91,18,2,1,1.11,1.11
91,18,3,3,3.05,1.0166666666666666
91,18,4,11,10.99,0.9990909090909091
91,24,0,18,32.37,1.7983333333333331
91,24,1,19,33.45,1.760526315789474
91,24,2,5,8.35,1.67
91,24,3,10,15.76,1.576
91,24,4,11,10.86,0.9872727272727272
91,25,0,9,22.0,2.4444444444444446
91,25,1,17,30.47,1.7923529411764705
91,25,2,16,21.06,1.31625
91,25,3,8,8.24,1.03
91,25,4,6,5.58,0.93
91,32,0,8,51.64,6.455
91,32,1,4,14.73,3.6825
91,32,2,7,16.86,2.4085714285714284
91,32,3,1,1.31,1.31
91,32,4,11,13.85,1.259090909090909
91,33,0,16,98.1,6.13125
91,33,1,8,46.43,5.80375
91,33,2,17,72.06,4.238823529411765
91,33,3,6,12.78,2.13
91,33,4,6,2.73,0.455
91,34,0,1,4.35,4.35
91,34,1,14,12.37,0.8835714285714286
91,34,2,7,5.1,0.7285714285714285
91,34,3,15,5.6,0.3733333333333333
91,34,4,5,1.39,0.27799999999999997
91,37,0,14,31.31,2.236428571428571
91,37,1,9,17.63,1.9588888888888887
91,37,2,20,27.86,1.393
91,37,3,12,16.01,1.3341666666666667
91,37,4,12,8.17,0.6808333333333333
91,40,0,1,2.65,2.65
91,40,1,9,20.07,2.23
91,40,2,4,8.51,2.1275
91,40,3,13,11.98,0.9215384615384615
91,40,4,9,2.26,0.25111111111111106
91,42,0,8,35.07,4.38375
91,42,1,2,7.94,3.97
91,42,2,18,20.62,1.1455555555555557
91,42,3,10,9.76,0.976
91,42,4,14,10.66,0.7614285714285715
91,46,0,4,8.97,2.2425
91,46,1,14,26.67,1.905
91,46,2,19,13.97,0.7352631578947368
91,46,3,12,7.7,0.6416666666666667
91,46,4,15,4.47,0.298
91,47,0,18,15.51,0.8616666666666667
91,47,1,19,13.72,0.7221052631578948
91,47,2,7,2.32,0.3314285714285714
91,47,3,17,4.02,0.2364705882352941
91,47,4,6,1.4,0.2333333333333333
91,52,0,18,58.68,3.26
91,52,1,6,17.77,2.9616666666666664
91,52,2,4,8.5,2.125
91,52,3,17,30.18,1.775294117647059
91,52,4,13,5.51,0.4238461538461538
91,54,0,15,52.24,3.482666666666667
91,54,1,8,21.44,2.68
91,54,2,13,25.45,1.9576923076923076
91,54,3,12,12.87,1.0725
91,54,4,10,8.24,0.8240000000000001
91,56,0,19,45.28,2.383157894736842
91,56,1,17,36.2,2.1294117647058823
91,56,2,8,10.16,1.27
91,56,3,7,6.72,0.96
91,56,4,1,0.39,0.39
91,60,0,2,2.63,1.315
91,60,1,15,19.46,1.2973333333333334
91,60,2,1,1.12,1.12
91,60,3,13,7.05,0.5423076923076923
91,60,4,16,2.96,0.185
91,62,0,16,42.79,2.674375
91,62,1,5,12.66,2.532
91,62,2,15,34.11,2.274
91,62,3,4,7.67,1.9175
91,62,4,8,8.08,1.01
91,68,0,16,5.27,0.329375
91,68,1,20,4.95,0.2475
91,68,2,14,2.2,0.15714285714285717
91,68,3,1,0.11,0.11
91,68,4,13,1.14,0.08769230769230768
91,69,0,16,11.99,0.749375
91,69,1,10,4.25,0.425
91,69,2,4,1.6,0.4
91,69,3,15,4.88,0.3253333333333333
91,69,4,11,1.35,0.12272727272727274
91,70,0,2,8.85,4.425
91,70,1,8,31.86,3.9825
91,70,2,15,43.86,2.924
91,70,3,18,50.43,2.8016666666666667
91,70,4,3,6.31,2.103333333333333
91,72,0,16,55.97,3.498125
91,72,1,7,16.5,2.357142857142857
91,72,2,14,14.53,1.0378571428571428
91,72,3,15,12.48,0.8320000000000001
91,72,4,15,10.53,0.702
91,73,0,17,197.17,11.598235294117647
91,73,1,10,91.19,9.119
91,73,2,20,97.03,4.8515
91,73,3,13,55.82,4.293846153846154
91,73,4,4,4.37,1.0925
91,75,0,3,7.95,2.65
91,75,1,4,5.75,1.4375
91,75,2,11,15.15,1.3772727272727272
91,75,3,13,15.69,1.206923076923077
91,75,4,15,12.88,0.8586666666666667
91,80,0,15,60.34,4.022666666666667
91,80,1,5,19.36,3.872
91,80,2,8,28.21,3.52625
91,80,3,13,21.43,1.6484615384615384
91,80,4,10,2.79,0.279
91,83,0,8,33.18,4.1475
91,83,1,20,54.55,2.7275
91,83,2,6,8.95,1.4916666666666665
91,83,3,4,4.59,1.1475
91,83,4,14,15.17,1.0835714285714286
91,84,0,3,28.81,9.603333333333333
91,84,1,12,107.28,8.94
91,84,2,9,78.22,8.69111111111111
91,84,3,14,87.17,6.226428571428571
91,84,4,10,41.04,4.104
91,92,0,17,51.28,3.0164705882352942
91,92,1,13,36.91,2.839230769230769
91,92,2,5,10.42,2.084
91,92,3,7,5.52,0.7885714285714285
91,92,4,10,5.74,0.5740000000000001
91,96,0,12,46.22,3.8516666666666666
91,96,1,14,37.73,2.695
91,96,2,8,14.84,1.855
91,96,3,1,1.29,1.29
91,96,4,18,21.27,1.1816666666666666
91,97,0,2,0.67,0.335
91,97,1,5,1.48,0.296
91,97,2,18,4.26,0.23666666666666666
91,97,3,1,0.08,0.08
91,97,4,17,0.94,0.05529411764705882
92,0,0,1,0.63,0.63
92,0,1,5,2.83,0.5660000000000001
92,0,2,1,0.24,0.24
92,0,3,6,1.14,0.18999999999999997
92,0,4,15,1.12,0.07466666666666667
92,2,0,19,84.6,4.4526315789473685
92,2,1,12,32.2,2.6833333333333336
92,2,2,9,15.31,1.7011111111111112
92,2,3,17,20.03,1.178235294117647
92,2,4,20,11.23,0.5615
92,4,0,10,25.21,2.521
92,4,1,6,7.75,1.2916666666666667
92,4,2,13,13.83,1.0638461538461539
92,4,3,7,5.47,0.7814285714285714
92,4,4,3,0.82,0.2733333333333333
92,10,0,10,38.09,3.809
92,10,1,11,26.3,2.390909090909091
92,10,2,9,17.94,1.9933333333333334
92,10,3,15,11.08,0.7386666666666667
92,10,4,2,0.72,0.36
92,11,0,10,18.43,1.843
92,11,1,20,30.12,1.506
92,11,2,10,13.02,1.302
92,11,3,7,3.02,0.43142857142857144
92,11,4,10,2.42,0.242
92,12,0,10,25.49,2.549
92,12,1,16,34.27,2.141875
92,12,2,8,16.26,2.0325
92,12,3,8,13.48,1.685
92,12,4,20,13.09,0.6545
92,18,0,6,13.09,2.1816666666666666
92,18,1,3,4.53,1.51
92,18,2,12,14.02,1.1683333333333332
92,18,3,4,3.96,0.99
92,18,4,13,6.93,0.533076923076923
92,24,0,20,51.41,2.5705
92,24,1,11,26.44,2.403636363636364
92,24,2,17,33.35,1.961764705882353
92,24,3,9,11.27,1.2522222222222221
92,24,4,8,5.64,0.705
92,25,0,11,6.16,0.56
92,25,1,16,7.52,0.47
92,25,2,13,4.6,0.3538461538461538
92,25,3,3,0.89,0.2966666666666667
92,25,4,13,1.88,0.14461538461538462
92,32,0,2,4.59,2.295
92,32,1,18,32.29,1.7938888888888889
92,32,2,4,3.24,0.81
92,32,3,9,2.02,0.22444444444444445
92,32,4,12,1.49,0.12416666666666666
92,33,0,17,113.14,6.655294117647059
92,33,1,1,6.39,6.39
92,33,2,19,97.94,5.154736842105263
92,33,3,1,4.79,4.79
92,33,4,4,8.12,2.03
92,34,0,5,4.65,0.93
92,34,1,15,10.63,0.7086666666666667
92,34,2,18,12.38,0.6877777777777778
92,34,3,13,7.91,0.6084615384615385
92,34,4,11,3.84,0.34909090909090906
92,37,0,9,3.54,0.3933333333333333
92,37,1,19,5.69,0.29947368421052634
92,37,2,17,5.03,0.2958823529411765
92,37,3,14,2.4,0.17142857142857143
92,37,4,17,2.9,0.17058823529411765
92,40,0,5,9.53,1.906
92,40,1,2,3.35,1.675
92,40,2,1,1.23,1.23
92,40,3,8,6.76,0.845
92,40,4,7,1.62,0.23142857142857146
92,42,0,11,19.12,1.7381818181818183
92,42,1,17,26.14,1.5376470588235294
92,42,2,14,20.8,1.4857142857142858
92,42,3,7,10.33,1.4757142857142858
92,42,4,10,5.41,0.541
92,46,0,17,61.59,3.6229411764705883
92,46,1,12,40.06,3.3383333333333334
92,46,2,12,25.36,2.1133333333333333
92,46,3,6,8.34,1.39
92,46,4,17,22.19,1.305294117647059
92,47,0,11,31.01,2.8190909090909093
92,47,1,6,15.07,2.5116666666666667
92,47,2,2,2.79,1.395
92,47,3,5,5.26,1.052
92,47,4,13,6.35,0.48846153846153845
92,52,0,10,29.59,2.959
92,52,1,1,2.23,2.23
92,52,2,20,41.98,2.0989999999999998
92,52,3,6,5.81,0.9683333333333333
92,52,4,20,5.72,0.286
92,54,0,16,18.29,1.143125
92,54,1,11,9.57,0.87
92,54,2,8,5.54,0.6925
92,54,3,8,3.38,0.4225
92,54,4,7,1.99,0.2842857142857143
92,56,0,11,25.17,2.2881818181818185
92,56,1,7,9.79,1.3985714285714284
92,56,2,16,20.61,1.288125
92,56,3,19,22.59,1.1889473684210525
92,56,4,11,11.87,1.079090909090909
92,60,0,6,19.04,3.1733333333333333
92,60,1,5,10.02,2.004
92,60,2,4,7.29,1.8225
92,60,3,15,15.28,1.0186666666666666
92,60,4,8,4.14,0.5175
92,62,0,20,38.6,1.9300000000000002
92,62,1,8,15.37,1.92125
92,62,2,7,12.65,1.8071428571428572
92,62,3,2,3.17,1.585
92,62,4,15,19.85,1.3233333333333335
92,68,0,2,8.17,4.085
92,68,1,6,22.72,3.7866666666666666
92,68,2,9,26.9,2.988888888888889
92,68,3,19,32.44,1.7073684210526314
92,68,4,16,21.07,1.316875
92,69,0,9,25.78,2.8644444444444446
92,69,1,12,20.56,1.7133333333333332
92,69,2,10,13.51,1.351
92,69,3,10,8.27,0.827
92,69,4,9,7.27,0.8077777777777777
92,70,0,16,33.7,2.10625
92,70,1,15,26.59,1.7726666666666666
92,70,2,10,16.42,1.6420000000000001
92,70,3,18,17.55,0.9750000000000001
92,70,4,8,6.93,0.86625
92,72,0,8,4.41,0.55125
92,72,1,8,3.89,0.48625
92,72,2,4,1.76,0.44
92,72,3,4,1.69,0.4225
92,72,4,9,2.92,0.3244444444444444
92,73,0,13,105.67,8.128461538461538
92,73,1,1,6.02,6.02
92,73,2,9,41.8,4.644444444444444
92,73,3,7,19.65,2.807142857142857
92,73,4,17,25.06,1.4741176470588235
92,75,0,3,4.64,1.5466666666666666
92,75,1,4,6.1,1.525
92,75,2,4,4.74,1.185
92,75,3,16,16.25,1.015625
92,75,4,16,8.83,0.551875
92,80,0,15,29.85,1.99
92,80,1,2,3.86,1.93
92,80,2,18,31.4,1.7444444444444445
92,80,3,4,4.99,1.2475
92,80,4,3,3.07,1.0233333333333332
92,83,0,9,51.97,5.774444444444445
92,83,1,9,29.17,3.2411111111111115
92,83,2,13,20.48,1.5753846153846154
92,83,3,19,17.29,0.9099999999999999
92,83,4,2,0.88,0.44
92,84,0,9,84.11,9.345555555555556
92,84,1,18,73.66,4.092222222222222
92,84,2,15,49.02,3.2680000000000002
92,84,3,14,40.7,2.9071428571428575
92,84,4,11,12.35,1.1227272727272728
92,91,0,4,16.82,4.205
92,91,1,6,23.6,3.9333333333333336
92,91,2,20,62.57,3.1285
92,91,3,5,15.47,3.0940000000000003
92,91,4,9,22.77,2.53
92,96,0,4,6.97,1.7425
92,96,1,16,22.8,1.425
92,96,2,1,1.42,1.42
92,96,3,11,13.62,1.238181818181818
92,96,4,2,1.96,0.98
92,97,0,19,80.02,4.21157894736842
92,97,1,13,42.19,3.2453846153846153
92,97,2,12,22.97,1.9141666666666666
92,97,3,7,7.63,1.09
92,97,4,7,5.28,0.7542857142857143
96,0,0,19,16.79,0.8836842105263157
96,0,1,3,2.55,0.85
96,0,2,8,6.27,0.78375
96,0,3,18,11.76,0.6533333333333333
96,0,4,17,2.38,0.13999999999999999
96,2,0,6,23.22,3.8699999999999997
96,2,1,18,69.61,3.8672222222222223
96,2,2,3,6.58,2.1933333333333334
96,2,3,20,35.93,1.7965
96,2,4,8,6.26,0.7825
96,4,0,14,36.45,2.6035714285714286
96,4,1,20,46.01,2.3005
96,4,2,15,32.61,2.174
96,4,3,14,23.81,1.7007142857142856
96,4,4,7,4.42,0.6314285714285715
96,10,0,20,75.52,3.776
96,10,1,9,24.95,2.772222222222222
96,10,2,16,34.23,2.139375
96,10,3,3,2.86,0.9533333333333333
96,10,4,5,4.54,0.908
96,11,0,11,10.97,0.9972727272727273
96,11,1,6,4.58,0.7633333333333333
96,11,2,13,8.67,0.666923076923077
96,11,3,14,8.89,0.635
96,11,4,4,1.23,0.3075
96,12,0,12,30.49,2.540833333333333
96,12,1,19,47.1,2.4789473684210526
96,12,2,1,2.35,2.35
96,12,3,7,12.22,1.7457142857142858
96,12,4,18,5.96,0.33111111111111113
96,18,0,18,20.16,1.12
96,18,1,6,5.81,0.9683333333333333
96,18,2,16,13.98,0.87375
96,18,3,12,9.33,0.7775
96,18,4,2,1.1,0.55
96,24,0,1,1.28,1.28
96,24,1,16,16.24,1.015
96,24,2,7,6.87,0.9814285714285714
96,24,3,3,2.92,0.9733333333333333
96,24,4,19,3.28,0.1726315789473684
96,25,0,11,16.43,1.4936363636363637
96,25,1,11,15.63,1.420909090909091
96,25,2,2,2.13,1.065
96,25,3,14,9.71,0.6935714285714286
96,25,4,6,1.13,0.18833333333333332
96,32,0,13,50.45,3.880769230769231
96,32,1,4,11.83,2.9575
96,32,2,8,4.51,0.56375
96,32,3,14,6.21,0.44357142857142856
96,32,4,17,4.46,0.26235294117647057
96,33,0,16,113.76,7.11
96,33,1,18,122.11,6.783888888888889
96,33,2,20,130.03,6.5015
96,33,3,7,36.98,5.282857142857142
96,33,4,2,4.52,2.26
96,34,0,5,4.99,0.998
96,34,1,4,3.95,0.9875
96,34,2,20,6.47,0.3235
96,34,3,10,2.65,0.265
96,34,4,20,4.75,0.2375
96,37,0,6,12.02,2.0033333333333334
96,37,1,16,12.04,0.7525
96,37,2,19,12.35,0.65
96,37,3,9,3.89,0.43222222222222223
96,37,4,8,3.44,0.43
96,40,0,20,24.39,1.2195
96,40,1,3,3.05,1.0166666666666666
96,40,2,18,2.94,0.16333333333333333
96,40,3,6,0.79,0.13166666666666668
96,40,4,19,1.58,0.08315789473684211
96,42,0,13,5.76,0.44307692307692303
96,42,1,3,1.2,0.39999999999999997
96,42,2,7,2.79,0.3985714285714286
96,42,3,10,2.53,0.253
96,42,4,14,2.97,0.21214285714285716
96,46,0,1,3.21,3.21
96,46,1,17,52.31,3.077058823529412
96,46,2,9,26.46,2.94
96,46,3,4,8.54,2.135
96,46,4,3,4.01,1.3366666666666667
96,47,0,3,8.05,2.6833333333333336
96,47,1,14,29.28,2.0914285714285716
96,47,2,9,15.48,1.72
96,47,3,10,11.49,1.149
96,47,4,20,5.97,0.2985
96,52,0,2,6.67,3.335
96,52,1,12,28.36,2.3633333333333333
96,52,2,4,7.21,1.8025
96,52,3,17,20.08,1.1811764705882353
96,52,4,6,6.08,1.0133333333333334
96,54,0,3,6.06,2.02
96,54,1,15,25.09,1.6726666666666667
96,54,2,13,12.25,0.9423076923076923
96,54,3,5,3.9,0.78
96,54,4,16,11.63,0.726875
96,56,0,18,56.37,3.1316666666666664
96,56,1,5,14.76,2.952
96,56,2,9,19.84,2.2044444444444444
96,56,3,7,12.25,1.75
96,56,4,7,12.15,1.7357142857142858
96,60,0,8,27.05,3.38125
96,60,1,9,22.43,2.4922222222222223
96,60,2,7,11.9,1.7
96,60,3,17,19.9,1.1705882352941175
96,60,4,8,8.02,1.0025
96,62,0,3,7.15,2.3833333333333333
96,62,1,2,2.05,1.025
96,62,2,4,3.69,0.9225
96,62,3,15,12.14,0.8093333333333333
96,62,4,17,11.03,0.6488235294117647
96,68,0,11,37.84,3.4400000000000004
96,68,1,3,4.8,1.5999999999999999
96,68,2,5,6.72,1.3439999999999999
96,68,3,6,4.47,0.745
96,68,4,20,13.34,0.667
96,69,0,3,12.12,4.04
96,69,1,3,10.65,3.5500000000000003
96,69,2,20,64.55,3.2275
96,69,3,12,29.37,2.4475000000000002
96,69,4,4,2.4,0.6
96,70,0,2,1.21,0.605
96,70,1,18,10.82,0.6011111111111112
96,70,2,14,5.62,0.4014285714285714
96,70,3,19,6.58,0.3463157894736842
96,70,4,17,1.0,0.058823529411764705
96,72,0,9,5.5,0.6111111111111112
96,72,1,11,3.92,0.3563636363636364
96,72,2,8,2.39,0.29875
96,72,3,6,1.65,0.27499999999999997
96,72,4,8,0.36,0.045
96,73,0,13,117.38,9.029230769230768
96,73,1,17,144.39,8.493529411764705
96,73,2,1,7.09,7.09
96,73,3,4,20.84,5.21
96,73,4,20,76.25,3.8125
96,75,0,13,10.17,0.7823076923076923
96,75,1,9,5.93,0.6588888888888889
96,75,2,3,1.69,0.5633333333333334
96,75,3,8,1.84,0.23
96,75,4,5,0.96,0.192
96,80,0,14,45.51,3.2507142857142854
96,80,1,2,5.44,2.72
96,80,2,4,7.11,1.7775
96,80,3,19,7.73,0.4068421052631579
96,80,4,9,2.79,0.31
96,83,0,17,104.23,6.131176470588236
96,83,1,13,65.28,5.021538461538461
96,83,2,4,19.9,4.975
96,83,3,2,9.59,4.795
96,83,4,4,17.19,4.2975
96,84,0,14,141.45,10.103571428571428
96,84,1,11,79.27,7.206363636363636
96,84,2,19,97.86,5.150526315789474
96,84,3,8,10.85,1.35625
96,84,4,12,6.49,0.5408333333333334
96,91,0,1,2.36,2.36
96,91,1,5,11.54,2.308
96,91,2,16,13.34,0.83375
96,91,3,9,3.65,0.40555555555555556
96,91,4,20,5.82,0.29100000000000004
96,92,0,1,1.93,1.93
96,92,1,11,14.63,1.33
96,92,2,13,16.12,1.24
96,92,3,17,17.65,1.038235294117647
96,92,4,11,11.08,1.0072727272727273
96,97,0,8,33.58,4.1975
96,97,1,17,71.08,4.181176470588235
96,97,2,10,25.69,2.569
96,97,3,13,8.37,0.6438461538461537
96,97,4,8,3.11,0.38875
97,0,0,19,42.29,2.2257894736842103
97,0,1,10,17.8,1.78
97,0,2,1,1.78,1.78
97,0,3,19,19.38,1.02
97,0,4,19,6.82,0.3589473684210526
97,2,0,3,23.39,7.796666666666667
97,2,1,11,78.43,7.130000000000001
97,2,2,13,45.6,3.5076923076923077
97,2,3,19,52.03,2.738421052631579
97,2,4,9,22.61,2.5122222222222224
97,4,0,4,10.67,2.6675
97,4,1,11,20.98,1.9072727272727272
97,4,2,10,17.64,1.764
97,4,3,14,19.13,1.3664285714285713
97,4,4,5,1.77,0.354
97,10,0,8,32.0,4.0
97,10,1,19,57.41,3.021578947368421
97,10,2,14,41.19,2.942142857142857
97,10,3,15,33.73,2.2486666666666664
97,10,4,18,15.51,0.8616666666666667
97,11,0,15,74.15,4.943333333333333
97,11,1,9,44.27,4.9188888888888895
97,11,2,17,42.42,2.495294117647059
97,11,3,7,16.51,2.358571428571429
97,11,4,7,13.81,1.9728571428571429
97,12,0,1,2.94,2.94
97,12,1,10,23.0,2.3
97,12,2,6,11.25,1.875
97,12,3,8,13.18,1.6475
97,12,4,17,16.57,0.9747058823529412
97,18,0,15,39.84,2.656
97,18,1,12,24.32,2.026666666666667
97,18,2,4,4.24,1.06
97,18,3,20,17.36,0.868
97,18,4,7,1.91,0.27285714285714285
97,24,0,7,14.73,2.1042857142857145
97,24,1,18,25.0,1.3888888888888888
97,24,2,5,6.55,1.31
97,24,3,2,1.09,0.545
97,24,4,4,0.62,0.155
97,25,0,5,17.64,3.528
97,25,1,3,9.84,3.28
97,25,2,3,5.43,1.8099999999999998
97,25,3,6,7.93,1.3216666666666665
97,25,4,2,1.2,0.6
97,32,0,16,93.27,5.829375
97,32,1,15,70.21,4.680666666666666
97,32,2,6,25.73,4.288333333333333
97,32,3,13,40.58,3.1215384615384614
97,32,4,17,30.57,1.7982352941176472
97,33,0,20,137.2,6.859999999999999
97,33,1,14,81.84,5.845714285714286
97,33,2,4,20.61,5.1525
97,33,3,13,8.57,0.6592307692307693
97,33,4,2,0.77,0.385
97,34,0,8,42.08,5.26
97,34,1,6,30.99,5.165
97,34,2,14,72.22,5.158571428571428
97,34,3,12,43.6,3.6333333333333333
97,34,4,13,24.96,1.9200000000000002
97,37,0,6,29.07,4.845
97,37,1,2,9.25,4.625
97,37,2,17,76.11,4.477058823529411
97,37,3,12,53.63,4.469166666666667
97,37,4,9,32.17,3.5744444444444445
97,40,0,1,2.15,2.15
97,40,1,14,28.68,2.0485714285714285
97,40,2,14,24.09,1.7207142857142856
97,40,3,18,24.59,1.366111111111111
97,40,4,8,9.21,1.15125
97,42,0,8,28.34,3.5425
97,42,1,9,27.75,3.0833333333333335
97,42,2,17,35.85,2.1088235294117648
97,42,3,11,22.89,2.080909090909091
97,42,4,3,3.58,1.1933333333333334
97,46,0,15,49.29,3.286
97,46,1,5,13.17,2.634
97,46,2,12,28.3,2.3583333333333334
97,46,3,2,4.51,2.255
97,46,4,5,2.67,0.534
97,47,0,8,10.32,1.29
97,47,1,7,7.77,1.1099999999999999
97,47,2,6,2.08,0.3466666666666667
97,47,3,6,1.88,0.3133333333333333
97,47,4,2,0.18,0.09
97,52,0,16,46.61,2.913125
97,52,1,2,3.57,1.785
97,52,2,13,19.07,1.466923076923077
97,52,3,4,5.25,1.3125
97,52,4,19,22.66,1.1926315789473685
97,54,0,11,41.74,3.794545454545455
97,54,1,13,34.87,2.6823076923076923
97,54,2,9,19.26,2.14
97,54,3,10,20.31,2.0309999999999997
97,54,4,15,28.79,1.9193333333333333
97,56,0,1,4.02,4.02
97,56,1,12,37.67,3.1391666666666667
97,56,2,14,28.74,2.052857142857143
97,56,3,1,1.66,1.66
97,56,4,7,11.28,1.6114285714285714
97,60,0,16,31.34,1.95875
97,60,1,13,23.7,1.823076923076923
97,60,2,4,7.18,1.795
97,60,3,1,1.59,1.59
97,60,4,3,3.37,1.1233333333333333
97,62,0,6,15.73,2.6216666666666666
97,62,1,13,29.55,2.273076923076923
97,62,2,17,29.97,1.7629411764705882
97,62,3,4,4.63,1.1575
97,62,4,4,2.76,0.69
97,68,0,8,5.37,0.67125
97,68,1,7,4.59,0.6557142857142857
97,68,2,20,8.69,0.4345
97,68,3,6,2.53,0.42166666666666663
97,68,4,16,5.0,0.3125
97,69,0,3,7.41,2.47
97,69,1,7,17.23,2.4614285714285713
97,69,2,8,14.94,1.8675
97,69,3,14,23.53,1.6807142857142858
97,69,4,6,5.6,0.9333333333333332
97,70,0,3,13.24,4.413333333333333
97,70,1,5,19.79,3.9579999999999997
97,70,2,7,22.48,3.2114285714285713
97,70,3,4,9.18,2.295
97,70,4,1,0.36,0.36
97,72,0,5,20.56,4.112
97,72,1,1,3.4,3.4
97,72,2,4,11.2,2.8
97,72,3,12,3.92,0.32666666666666666
97,72,4,19,5.68,0.29894736842105263
97,73,0,18,228.87,12.715
97,73,1,8,87.42,10.9275
97,73,2,19,184.91,9.732105263157894
97,73,3,11,101.27,9.206363636363635
97,73,4,3,2.71,0.9033333333333333
97,75,0,9,27.23,3.0255555555555556
97,75,1,11,32.97,2.997272727272727
97,75,2,5,7.88,1.576
97,75,3,9,9.23,1.0255555555555556
97,75,4,20,3.24,0.162
97,80,0,20,94.47,4.7235
97,80,1,8,34.16,4.27
97,80,2,1,3.23,3.23
97,80,3,2,1.87,0.935
97,80,4,18,13.63,0.7572222222222222
97,83,0,18,98.75,5.486111111111111
97,83,1,5,15.67,3.134
97,83,2,20,45.69,2.2845
97,83,3,11,10.06,0.9145454545454546
97,83,4,3,0.78,0.26
97,84,0,19,201.94,10.628421052631579
97,84,1,7,43.4,6.2
97,84,2,18,79.26,4.403333333333333
97,84,3,6,10.74,1.79
97,84,4,3,1.54,0.5133333333333333
97,91,0,15,12.39,0.8260000000000001
97,91,1,15,10.04,0.6693333333333332
97,91,2,3,1.44,0.48
97,91,3,14,1.83,0.13071428571428573
97,91,4,6,0.58,0.09666666666666666
97,92,0,11,56.71,5.155454545454545
97,92,1,13,52.43,4.033076923076923
97,92,2,18,54.36,3.02
97,92,3,18,31.43,1.7461111111111112
97,92,4,2,2.62,1.31
97,96,0,16,51.82,3.23875
97,96,1,17,41.49,2.440588235294118
97,96,2,14,25.63,1.8307142857142857
97,96,3,16,19.43,1.214375
97,96,4,12,13.73,1.1441666666666668
