fromnode,tonode,clientID,a,budget,clientRatio
1,3,0,1,0.76,0.76
1,3,1,8,4.07,0.50875
1,3,2,20,8.27,0.4135
1,3,3,5,1.65,0.32999999999999996
1,3,4,19,1.63,0.08578947368421053
1,5,0,16,35.08,2.1925
1,5,1,18,35.09,1.9494444444444445
1,5,2,16,18.12,1.1325
1,5,3,5,5.15,1.03
1,5,4,8,7.03,0.87875
1,8,0,5,6.29,1.258
1,8,1,1,0.99,0.99
1,8,2,17,10.14,0.5964705882352942
1,8,3,3,0.83,0.27666666666666667
1,8,4,19,2.22,0.1168421052631579
1,16,0,1,3.15,3.15
1,16,1,13,35.8,2.753846153846154
1,16,2,9,16.87,1.8744444444444446
1,16,3,19,33.66,1.771578947368421
1,16,4,14,22.27,1.5907142857142857
1,19,0,5,17.92,3.5840000000000005
1,19,1,14,44.72,3.1942857142857144
1,19,2,10,18.02,1.802
1,19,3,16,16.11,1.006875
1,19,4,4,1.21,0.3025
1,20,0,1,3.09,3.09
1,20,1,11,27.4,2.4909090909090907
1,20,2,18,38.83,2.157222222222222
1,20,3,13,27.55,2.1192307692307693
1,20,4,19,17.92,0.9431578947368422
1,23,0,11,86.82,7.892727272727272
1,23,1,6,34.84,5.8066666666666675
1,23,2,20,111.83,5.5915
1,23,3,7,37.04,5.291428571428571
1,23,4,19,91.02,4.7905263157894735
1,24,0,3,4.72,1.5733333333333333
1,24,1,19,20.41,1.0742105263157895
1,24,2,16,7.25,0.453125
1,24,3,4,1.46,0.365
1,24,4,5,1.08,0.21600000000000003
1,25,0,14,27.67,1.9764285714285716
1,25,1,20,39.18,1.959
1,25,2,13,24.09,1.853076923076923
1,25,3,11,15.89,1.4445454545454546
1,25,4,4,0.84,0.21
1,28,0,7,19.61,2.801428571428571
1,28,1,9,13.61,1.5122222222222221
1,28,2,2,1.94,0.97
1,28,3,3,1.24,0.41333333333333333
1,28,4,18,3.64,0.20222222222222222
1,29,0,5,36.53,7.306
1,29,1,5,28.47,5.694
1,29,2,10,50.77,5.077
1,29,3,13,42.35,3.2576923076923077
1,29,4,11,30.45,2.768181818181818
1,30,0,8,38.35,4.79375
1,30,1,20,70.83,3.5415
1,30,2,4,12.97,3.2425
1,30,3,17,35.65,2.097058823529412
1,30,4,17,26.07,1.5335294117647058
1,33,0,14,133.61,9.543571428571429
1,33,1,14,132.36,9.454285714285716
1,33,2,17,54.34,3.1964705882352944
1,33,3,11,6.3,0.5727272727272728
1,33,4,11,5.42,0.49272727272727274
1,34,0,9,11.08,1.231111111111111
1,34,1,12,12.33,1.0275
1,34,2,20,19.93,0.9964999999999999
1,34,3,11,8.82,0.8018181818181819
1,34,4,5,0.8,0.16
1,36,0,1,2.44,2.44
1,36,1,9,14.61,1.6233333333333333
1,36,2,10,15.38,1.538
1,36,3,1,1.53,1.53
1,36,4,11,5.84,0.5309090909090909
1,38,0,1,11.9,11.9
1,38,1,12,124.86,10.405
1,38,2,6,24.98,4.163333333333333
1,38,3,9,36.18,4.02
1,38,4,13,22.38,1.7215384615384615
1,46,0,6,23.71,3.9516666666666667
1,46,1,8,30.55,3.81875
1,46,2,5,9.66,1.932
1,46,3,9,13.86,1.54
1,46,4,4,3.15,0.7875
1,47,0,11,49.91,4.537272727272727
1,47,1,7,29.7,4.242857142857143
1,47,2,8,17.59,2.19875
1,47,3,15,21.45,1.43
1,47,4,6,3.34,0.5566666666666666
1,49,0,3,8.85,2.9499999999999997
1,49,1,9,11.96,1.328888888888889
1,49,2,7,8.69,1.2414285714285713
1,49,3,19,14.89,0.7836842105263159
1,49,4,4,1.05,0.2625
1,50,0,12,81.32,6.776666666666666
1,50,1,9,48.94,5.437777777777778
1,50,2,19,92.05,4.844736842105263
1,50,3,14,50.15,3.582142857142857
1,50,4,14,49.92,3.565714285714286
1,51,0,20,64.68,3.2340000000000004
1,51,1,14,26.43,1.887857142857143
1,51,2,1,1.63,1.63
1,51,3,14,8.7,0.6214285714285713
1,51,4,8,1.86,0.2325
1,54,0,19,64.83,3.4121052631578945
1,54,1,17,57.57,3.3864705882352943
1,54,2,8,24.35,3.04375
1,54,3,15,44.4,2.96
1,54,4,18,23.21,1.2894444444444444
1,56,0,17,80.2,4.7176470588235295
1,56,1,4,16.65,4.1625
1,56,2,14,42.32,3.0228571428571427
1,56,3,1,2.55,2.55
1,56,4,2,0.75,0.375
1,60,0,1,3.13,3.13
1,60,1,10,15.51,1.551
1,60,2,4,4.72,1.18
1,60,3,20,17.15,0.8574999999999999
1,60,4,14,7.34,0.5242857142857142
1,66,0,18,61.46,3.4144444444444444
1,66,1,2,5.18,2.59
1,66,2,5,9.68,1.936
1,66,3,4,5.61,1.4025
1,66,4,7,7.55,1.0785714285714285
1,69,0,9,46.78,5.197777777777778
1,69,1,19,92.69,4.8784210526315785
1,69,2,5,23.34,4.668
1,69,3,2,8.61,4.305
1,69,4,1,2.85,2.85
1,70,0,1,0.9,0.9
1,70,1,17,9.53,0.5605882352941176
1,70,2,2,1.03,0.515
1,70,3,8,2.48,0.31
1,70,4,5,0.44,0.088
1,71,0,2,18.57,9.285
1,71,1,3,17.32,5.773333333333333
1,71,2,16,59.29,3.705625
1,71,3,11,12.93,1.1754545454545455
1,71,4,2,2.28,1.14
1,73,0,13,102.91,7.916153846153846
1,73,1,5,34.33,6.866
1,73,2,11,59.48,5.407272727272727
1,73,3,19,75.53,3.975263157894737
1,73,4,9,24.08,2.6755555555555555
1,74,0,13,7.36,0.5661538461538462
1,74,1,2,0.9,0.45
1,74,2,12,4.08,0.34
1,74,3,18,5.14,0.28555555555555556
1,74,4,19,2.83,0.14894736842105263
1,75,0,16,33.43,2.089375
1,75,1,14,18.34,1.31
1,75,2,11,13.25,1.2045454545454546
1,75,3,8,5.43,0.67875
1,75,4,14,3.46,0.24714285714285714
1,77,0,12,11.52,0.96
1,77,1,1,0.93,0.93
1,77,2,3,2.41,0.8033333333333333
1,77,3,9,6.3,0.7
1,77,4,8,3.55,0.44375
1,79,0,4,46.91,11.7275
1,79,1,17,169.55,9.973529411764707
1,79,2,18,179.19,9.955
1,79,3,4,37.09,9.2725
1,79,4,9,17.55,1.9500000000000002
1,80,0,19,62.93,3.312105263157895
1,80,1,3,7.94,2.646666666666667
1,80,2,19,47.61,2.5057894736842106
1,80,3,16,12.94,0.80875
1,80,4,13,4.88,0.37538461538461537
1,82,0,4,26.91,6.7275
1,82,1,10,58.4,5.84
1,82,2,1,3.6,3.6
1,82,3,13,27.01,2.077692307692308
1,82,4,4,2.53,0.6325
1,84,0,4,45.83,11.4575
1,84,1,2,13.89,6.945
1,84,2,19,123.31,6.49
1,84,3,8,13.93,1.74125
1,84,4,3,2.74,0.9133333333333334
1,85,0,6,50.64,8.44
1,85,1,15,121.08,8.072
1,85,2,13,47.0,3.6153846153846154
1,85,3,3,10.45,3.483333333333333
1,85,4,19,51.79,2.7257894736842103
1,87,0,8,50.77,6.34625
1,87,1,14,77.52,5.5371428571428565
1,87,2,12,44.9,3.7416666666666667
1,87,3,20,54.83,2.7415
1,87,4,3,7.82,2.606666666666667
1,88,0,19,46.93,2.47
1,88,1,17,38.28,2.251764705882353
1,88,2,5,10.6,2.12
1,88,3,6,8.49,1.415
1,88,4,5,3.16,0.632
1,89,0,17,172.72,10.16
1,89,1,16,129.38,8.08625
1,89,2,19,147.95,7.786842105263157
1,89,3,7,13.49,1.9271428571428573
1,89,4,6,10.93,1.8216666666666665
1,90,0,18,10.23,0.5683333333333334
1,90,1,8,4.08,0.51
1,90,2,10,4.07,0.40700000000000003
1,90,3,14,5.09,0.36357142857142855
1,90,4,17,3.46,0.20352941176470588
1,93,0,9,86.48,9.60888888888889
1,93,1,16,139.65,8.728125
1,93,2,19,122.81,6.463684210526316
1,93,3,7,15.45,2.207142857142857
1,93,4,10,6.69,0.669
1,94,0,16,78.95,4.934375
1,94,1,16,71.91,4.494375
1,94,2,7,21.58,3.0828571428571427
1,94,3,5,13.91,2.782
1,94,4,12,20.36,1.6966666666666665
1,97,0,8,41.65,5.20625
1,97,1,3,15.04,5.013333333333333
1,97,2,13,59.86,4.604615384615385
1,97,3,2,5.68,2.84
1,97,4,18,6.98,0.3877777777777778
3,1,0,3,2.41,0.8033333333333333
3,1,1,2,1.51,0.755
3,1,2,7,4.59,0.6557142857142857
3,1,3,9,2.05,0.22777777777777775
3,1,4,5,0.92,0.184
3,5,0,9,23.38,2.5977777777777775
3,5,1,2,2.11,1.055
3,5,2,9,5.64,0.6266666666666666
3,5,3,3,1.42,0.47333333333333333
3,5,4,14,5.51,0.39357142857142857
3,8,0,15,5.42,0.36133333333333334
3,8,1,13,3.98,0.30615384615384617
3,8,2,11,2.38,0.21636363636363634
3,8,3,10,0.45,0.045
3,8,4,11,0.31,0.028181818181818183
3,16,0,7,13.64,1.9485714285714286
3,16,1,16,19.67,1.229375
3,16,2,18,18.44,1.0244444444444445
3,16,3,14,6.13,0.43785714285714283
3,16,4,9,3.02,0.33555555555555555
3,19,0,17,51.11,3.006470588235294
3,19,1,12,30.33,2.5275
3,19,2,12,27.33,2.2775
3,19,3,10,22.29,2.229
3,19,4,4,7.2,1.8
3,20,0,2,4.72,2.36
3,20,1,11,24.41,2.2190909090909092
3,20,2,18,31.72,1.7622222222222221
3,20,3,16,27.35,1.709375
3,20,4,9,4.16,0.46222222222222226
3,23,0,19,111.32,5.8589473684210525
3,23,1,11,56.45,5.131818181818182
3,23,2,5,8.25,1.65
3,23,3,18,24.62,1.3677777777777778
3,23,4,15,18.47,1.2313333333333332
3,24,0,4,8.13,2.0325
3,24,1,6,12.03,2.005
3,24,2,10,18.49,1.8489999999999998
3,24,3,15,21.09,1.406
3,24,4,20,24.78,1.239
3,25,0,2,3.47,1.735
3,25,1,18,19.96,1.108888888888889
3,25,2,2,1.97,0.985
3,25,3,13,9.88,0.76
3,25,4,9,5.33,0.5922222222222222
3,28,0,11,24.28,2.2072727272727275
3,28,1,15,19.57,1.3046666666666666
3,28,2,17,15.05,0.8852941176470589
3,28,3,3,2.65,0.8833333333333333
3,28,4,9,5.82,0.6466666666666667
3,29,0,7,31.72,4.531428571428571
3,29,1,4,18.05,4.5125
3,29,2,4,6.75,1.6875
3,29,3,4,5.75,1.4375
3,29,4,19,19.99,1.0521052631578947
3,30,0,5,20.59,4.118
3,30,1,13,50.93,3.917692307692308
3,30,2,5,14.48,2.896
3,30,3,6,16.73,2.7883333333333336
3,30,4,7,18.76,2.68
3,33,0,15,122.38,8.158666666666667
3,33,1,7,55.72,7.96
3,33,2,1,7.73,7.73
3,33,3,12,86.41,7.200833333333333
3,33,4,13,40.66,3.1276923076923073
3,34,0,16,20.73,1.295625
3,34,1,10,11.92,1.192
3,34,2,7,6.84,0.9771428571428571
3,34,3,19,8.49,0.44684210526315793
3,34,4,16,1.46,0.09125
3,36,0,17,24.86,1.4623529411764706
3,36,1,8,9.36,1.17
3,36,2,17,9.46,0.5564705882352942
3,36,3,7,3.61,0.5157142857142857
3,36,4,1,0.33,0.33
3,38,0,10,114.46,11.446
3,38,1,17,188.17,11.068823529411764
3,38,2,3,22.82,7.6066666666666665
3,38,3,5,10.14,2.028
3,38,4,15,26.29,1.7526666666666666
3,46,0,1,4.64,4.64
3,46,1,3,7.74,2.58
3,46,2,11,19.44,1.7672727272727273
3,46,3,20,26.28,1.314
3,46,4,2,0.64,0.32
3,47,0,11,43.2,3.9272727272727277
3,47,1,20,61.73,3.0865
3,47,2,2,5.72,2.86
3,47,3,12,33.38,2.7816666666666667
3,47,4,5,2.31,0.462
3,49,0,7,18.71,2.672857142857143
3,49,1,4,9.1,2.275
3,49,2,8,11.57,1.44625
3,49,3,7,9.2,1.3142857142857143
3,49,4,14,4.6,0.32857142857142857
3,50,0,7,54.28,7.7542857142857144
3,50,1,3,18.02,6.006666666666667
3,50,2,13,72.66,5.589230769230769
3,50,3,16,57.48,3.5925
3,50,4,14,36.31,2.593571428571429
3,51,0,15,35.44,2.3626666666666667
3,51,1,15,18.8,1.2533333333333334
3,51,2,12,14.74,1.2283333333333333
3,51,3,13,15.67,1.2053846153846153
3,51,4,9,9.23,1.0255555555555556
3,54,0,8,22.41,2.80125
3,54,1,12,21.21,1.7675
3,54,2,15,23.91,1.594
3,54,3,7,5.82,0.8314285714285715
3,54,4,12,6.15,0.5125000000000001
3,56,0,6,15.91,2.651666666666667
3,56,1,6,6.37,1.0616666666666668
3,56,2,17,15.11,0.8888235294117647
3,56,3,20,17.77,0.8885
3,56,4,1,0.77,0.77
3,60,0,11,23.56,2.1418181818181816
3,60,1,1,2.12,2.12
3,60,2,2,4.18,2.09
3,60,3,2,2.68,1.34
3,60,4,16,17.27,1.079375
3,66,0,1,5.74,5.74
3,66,1,13,40.56,3.12
3,66,2,4,9.38,2.345
3,66,3,6,13.58,2.263333333333333
3,66,4,8,13.69,1.71125
3,69,0,15,57.61,3.8406666666666665
3,69,1,4,11.76,2.94
3,69,2,10,24.51,2.451
3,69,3,10,14.64,1.464
3,69,4,18,25.58,1.421111111111111
3,70,0,2,0.38,0.19
3,70,1,11,1.95,0.17727272727272728
3,70,2,3,0.5,0.16666666666666666
3,70,3,12,1.14,0.09499999999999999
3,70,4,1,0.04,0.04
3,71,0,17,158.8,9.341176470588236
3,71,1,7,65.36,9.337142857142856
3,71,2,2,4.58,2.29
3,71,3,17,13.2,0.776470588235294
3,71,4,3,1.81,0.6033333333333334
3,73,0,16,174.86,10.92875
3,73,1,20,153.42,7.670999999999999
3,73,2,2,9.66,4.83
3,73,3,16,69.58,4.34875
3,73,4,13,19.18,1.4753846153846153
3,74,0,18,13.84,0.7688888888888888
3,74,1,13,8.16,0.6276923076923077
3,74,2,10,2.41,0.24100000000000002
3,74,3,13,3.0,0.23076923076923078
3,74,4,14,2.33,0.16642857142857143
3,75,0,13,20.58,1.583076923076923
3,75,1,15,22.23,1.482
3,75,2,14,12.13,0.8664285714285714
3,75,3,6,4.38,0.73
3,75,4,18,13.02,0.7233333333333333
3,77,0,13,12.74,0.98
3,77,1,20,18.92,0.9460000000000001
3,77,2,6,3.26,0.5433333333333333
3,77,3,16,6.12,0.3825
3,77,4,2,0.39,0.195
3,79,0,2,21.52,10.76
3,79,1,20,207.04,10.352
3,79,2,1,10.11,10.11
3,79,3,3,28.07,9.356666666666667
3,79,4,4,16.92,4.23
3,80,0,11,44.15,4.013636363636364
3,80,1,13,41.62,3.2015384615384614
3,80,2,2,3.8,1.9
3,80,3,4,5.88,1.47
3,80,4,1,0.44,0.44
3,82,0,2,18.63,9.315
3,82,1,3,23.68,7.8933333333333335
3,82,2,5,28.66,5.732
3,82,3,7,18.06,2.5799999999999996
3,82,4,10,13.87,1.387
3,84,0,10,114.24,11.424
3,84,1,8,80.84,10.105
3,84,2,17,88.8,5.223529411764706
3,84,3,20,81.66,4.083
3,84,4,1,1.74,1.74
3,85,0,18,177.88,9.882222222222222
3,85,1,4,30.7,7.675
3,85,2,4,11.56,2.89
3,85,3,15,39.45,2.6300000000000003
3,85,4,3,2.99,0.9966666666666667
3,87,0,16,71.91,4.494375
3,87,1,12,29.86,2.4883333333333333
3,87,2,15,37.01,2.4673333333333334
3,87,3,20,16.85,0.8425
3,87,4,9,6.42,0.7133333333333334
3,88,0,10,24.04,2.404
3,88,1,15,33.69,2.246
3,88,2,20,26.61,1.3305
3,88,3,13,8.82,0.6784615384615384
3,88,4,18,2.43,0.135
3,89,0,3,29.48,9.826666666666666
3,89,1,10,78.32,7.831999999999999
3,89,2,7,37.48,5.354285714285714
3,89,3,12,56.72,4.726666666666667
3,89,4,3,11.7,3.9
3,90,0,3,1.61,0.5366666666666667
3,90,1,14,5.59,0.3992857142857143
3,90,2,2,0.63,0.315
3,90,3,7,1.69,0.2414285714285714
3,90,4,9,1.94,0.21555555555555556
3,93,0,12,116.87,9.739166666666668
3,93,1,18,158.39,8.799444444444443
3,93,2,6,46.71,7.785
3,93,3,7,52.9,7.557142857142857
3,93,4,20,99.43,4.971500000000001
3,94,0,10,55.1,5.51
3,94,1,20,109.34,5.4670000000000005
3,94,2,19,100.8,5.3052631578947365
3,94,3,16,82.54,5.15875
3,94,4,14,39.46,2.8185714285714285
3,97,0,5,8.06,1.612
3,97,1,1,1.08,1.08
3,97,2,17,8.4,0.49411764705882355
3,97,3,16,6.31,0.394375
3,97,4,4,1.34,0.335
5,1,0,15,44.24,2.9493333333333336
5,1,1,15,19.25,1.2833333333333334
5,1,2,7,8.37,1.1957142857142855
5,1,3,10,6.95,0.6950000000000001
5,1,4,14,4.18,0.29857142857142854
5,3,0,10,30.2,3.02
5,3,1,12,35.04,2.92
5,3,2,14,20.16,1.44
5,3,3,14,14.69,1.0492857142857142
5,3,4,7,4.05,0.5785714285714285
5,8,0,12,24.35,2.029166666666667
5,8,1,15,18.49,1.2326666666666666
5,8,2,15,14.89,0.9926666666666667
5,8,3,10,7.81,0.7809999999999999
5,8,4,18,11.37,0.6316666666666666
5,16,0,6,3.31,0.5516666666666666
5,16,1,10,4.39,0.43899999999999995
5,16,2,5,1.87,0.374
5,16,3,5,1.61,0.322
5,16,4,17,0.49,0.028823529411764706
5,19,0,12,12.82,1.0683333333333334
5,19,1,2,1.11,0.555
5,19,2,15,6.22,0.41466666666666663
5,19,3,1,0.26,0.26
5,19,4,8,0.46,0.0575
5,20,0,14,42.41,3.029285714285714
5,20,1,2,4.13,2.065
5,20,2,4,6.3,1.575
5,20,3,16,23.56,1.4725
5,20,4,9,8.32,0.9244444444444445
5,23,0,6,36.36,6.06
5,23,1,5,24.94,4.988
5,23,2,1,2.99,2.99
5,23,3,9,21.79,2.421111111111111
5,23,4,19,34.87,1.8352631578947367
5,24,0,2,0.57,0.285
5,24,1,11,1.97,0.17909090909090908
5,24,2,14,2.33,0.16642857142857143
5,24,3,2,0.04,0.02
5,24,4,9,0.16,0.017777777777777778
5,25,0,3,4.81,1.6033333333333333
5,25,1,12,14.84,1.2366666666666666
5,25,2,20,24.59,1.2295
5,25,3,15,16.86,1.1239999999999999
5,25,4,6,4.44,0.7400000000000001
5,28,0,9,17.04,1.8933333333333333
5,28,1,12,13.07,1.0891666666666666
5,28,2,15,10.92,0.728
5,28,3,17,7.51,0.44176470588235295
5,28,4,18,5.78,0.3211111111111111
5,29,0,8,44.86,5.6075
5,29,1,19,80.18,4.220000000000001
5,29,2,2,5.85,2.925
5,29,3,1,2.31,2.31
5,29,4,11,12.87,1.17
5,30,0,20,48.49,2.4245
5,30,1,17,36.84,2.167058823529412
5,30,2,3,5.08,1.6933333333333334
5,30,3,16,10.95,0.684375
5,30,4,9,5.32,0.5911111111111111
5,33,0,13,87.43,6.725384615384616
5,33,1,13,31.82,2.4476923076923076
5,33,2,9,15.75,1.75
5,33,3,15,24.29,1.6193333333333333
5,33,4,12,18.29,1.5241666666666667
5,34,0,14,41.82,2.987142857142857
5,34,1,2,5.76,2.88
5,34,2,11,20.97,1.9063636363636363
5,34,3,5,6.71,1.342
5,34,4,18,17.03,0.9461111111111111
5,36,0,1,3.16,3.16
5,36,1,7,17.51,2.501428571428572
5,36,2,4,8.64,2.16
5,36,3,3,5.17,1.7233333333333334
5,36,4,17,8.56,0.5035294117647059
5,38,0,16,164.07,10.254375
5,38,1,10,60.32,6.032
5,38,2,16,82.66,5.16625
5,38,3,3,14.56,4.8533333333333335
5,38,4,2,4.44,2.22
5,46,0,6,10.05,1.675
5,46,1,15,24.6,1.6400000000000001
5,46,2,2,1.02,0.51
5,46,3,5,2.19,0.438
5,46,4,1,0.42,0.42
5,47,0,5,4.49,0.898
5,47,1,13,10.44,0.803076923076923
5,47,2,5,2.82,0.564
5,47,3,2,1.11,0.555
5,47,4,6,2.07,0.345
5,49,0,12,11.51,0.9591666666666666
5,49,1,14,5.92,0.4228571428571429
5,49,2,1,0.32,0.32
5,49,3,10,1.65,0.16499999999999998
5,49,4,5,0.77,0.154
5,50,0,12,113.0,9.416666666666666
5,50,1,12,63.95,5.329166666666667
5,50,2,16,41.73,2.608125
5,50,3,20,21.51,1.0755000000000001
5,50,4,7,3.12,0.44571428571428573
5,51,0,15,15.61,1.0406666666666666
5,51,1,15,14.82,0.988
5,51,2,12,11.71,0.9758333333333334
5,51,3,11,9.64,0.8763636363636365
5,51,4,16,3.97,0.248125
5,54,0,18,16.95,0.9416666666666667
5,54,1,10,9.15,0.915
5,54,2,6,3.89,0.6483333333333333
5,54,3,20,12.76,0.638
5,54,4,13,5.95,0.45769230769230773
5,56,0,20,46.32,2.316
5,56,1,14,20.85,1.4892857142857143
5,56,2,6,4.88,0.8133333333333334
5,56,3,7,2.73,0.39
5,56,4,6,2.13,0.355
5,60,0,4,6.61,1.6525
5,60,1,17,24.83,1.4605882352941175
5,60,2,19,27.32,1.4378947368421053
5,60,3,1,0.39,0.39
5,60,4,9,2.39,0.26555555555555554
5,66,0,12,35.28,2.94
5,66,1,18,48.57,2.6983333333333333
5,66,2,15,35.63,2.3753333333333333
5,66,3,20,22.56,1.128
5,66,4,11,8.96,0.8145454545454546
5,69,0,12,19.05,1.5875000000000001
5,69,1,20,28.55,1.4275
5,69,2,19,13.36,0.7031578947368421
5,69,3,11,6.35,0.5772727272727273
5,69,4,10,5.47,0.5469999999999999
5,70,0,8,17.5,2.1875
5,70,1,11,23.96,2.178181818181818
5,70,2,4,7.28,1.82
5,70,3,9,12.58,1.3977777777777778
5,70,4,8,7.33,0.91625
5,71,0,6,51.26,8.543333333333333
5,71,1,17,79.5,4.676470588235294
5,71,2,14,54.34,3.8814285714285717
5,71,3,16,50.01,3.125625
5,71,4,20,15.49,0.7745
5,73,0,20,180.93,9.0465
5,73,1,13,61.12,4.701538461538461
5,73,2,3,13.53,4.51
5,73,3,2,6.14,3.07
5,73,4,7,7.5,1.0714285714285714
5,74,0,16,58.0,3.625
5,74,1,14,42.44,3.031428571428571
5,74,2,13,38.34,2.9492307692307693
5,74,3,12,25.71,2.1425
5,74,4,12,2.52,0.21
5,75,0,4,3.02,0.755
5,75,1,13,7.53,0.5792307692307692
5,75,2,1,0.5,0.5
5,75,3,5,2.2,0.44000000000000006
5,75,4,20,1.01,0.0505
5,77,0,12,35.68,2.973333333333333
5,77,1,11,21.65,1.968181818181818
5,77,2,14,15.53,1.1092857142857142
5,77,3,3,2.57,0.8566666666666666
5,77,4,1,0.24,0.24
5,79,0,5,49.92,9.984
5,79,1,10,63.68,6.368
5,79,2,7,36.23,5.175714285714285
5,79,3,13,37.12,2.855384615384615
5,79,4,19,33.06,1.7400000000000002
5,80,0,20,53.06,2.653
5,80,1,16,40.14,2.50875
5,80,2,4,9.93,2.4825
5,80,3,12,14.62,1.2183333333333333
5,80,4,14,2.8,0.19999999999999998
5,82,0,17,95.36,5.609411764705882
5,82,1,19,105.46,5.550526315789473
5,82,2,6,25.55,4.258333333333334
5,82,3,10,39.57,3.957
5,82,4,5,17.82,3.564
5,84,0,4,26.65,6.6625
5,84,1,14,92.04,6.574285714285715
5,84,2,1,3.58,3.58
5,84,3,11,11.57,1.0518181818181818
5,84,4,3,3.11,1.0366666666666666
5,85,0,13,142.29,10.945384615384615
5,85,1,4,38.02,9.505
5,85,2,11,82.6,7.509090909090909
5,85,3,19,55.68,2.9305263157894736
5,85,4,11,29.34,2.6672727272727275
5,87,0,1,3.14,3.14
5,87,1,19,54.95,2.892105263157895
5,87,2,2,4.54,2.27
5,87,3,17,31.93,1.878235294117647
5,87,4,6,5.46,0.91
5,88,0,12,36.68,3.0566666666666666
5,88,1,16,41.37,2.585625
5,88,2,18,23.52,1.3066666666666666
5,88,3,19,19.3,1.0157894736842106
5,88,4,17,13.62,0.8011764705882353
5,89,0,19,171.48,9.025263157894736
5,89,1,18,73.37,4.0761111111111115
5,89,2,17,67.66,3.98
5,89,3,17,41.85,2.461764705882353
5,89,4,19,33.29,1.7521052631578946
5,90,0,4,13.97,3.4925
5,90,1,16,52.1,3.25625
5,90,2,2,5.44,2.72
5,90,3,10,23.94,2.394
5,90,4,7,5.63,0.8042857142857143
5,93,0,4,31.38,7.845
5,93,1,17,60.34,3.5494117647058827
5,93,2,8,27.56,3.445
5,93,3,2,5.96,2.98
5,93,4,7,20.22,2.8885714285714283
5,94,0,11,33.3,3.027272727272727
5,94,1,12,20.23,1.6858333333333333
5,94,2,6,7.67,1.2783333333333333
5,94,3,12,14.32,1.1933333333333334
5,94,4,2,2.18,1.09
5,97,0,12,17.77,1.4808333333333332
5,97,1,6,3.92,0.6533333333333333
5,97,2,7,4.17,0.5957142857142858
5,97,3,7,4.09,0.5842857142857143
5,97,4,15,7.32,0.48800000000000004
8,1,0,6,6.02,1.0033333333333332
8,1,1,6,5.56,0.9266666666666666
8,1,2,18,11.6,0.6444444444444444
8,1,3,17,10.24,0.6023529411764706
8,1,4,15,8.63,0.5753333333333334
8,3,0,17,9.28,0.5458823529411765
8,3,1,3,1.44,0.48
8,3,2,15,4.63,0.30866666666666664
8,3,3,16,2.45,0.153125
8,3,4,19,2.41,0.1268421052631579
8,5,0,17,41.77,2.4570588235294117
8,5,1,20,25.09,1.2545
8,5,2,12,12.85,1.0708333333333333
8,5,3,14,12.73,0.9092857142857144
8,5,4,6,2.24,0.37333333333333335
8,16,0,5,10.25,2.05
8,16,1,5,10.11,2.022
8,16,2,16,24.32,1.52
8,16,3,5,7.08,1.416
8,16,4,4,3.54,0.885
8,19,0,19,46.93,2.47
8,19,1,7,12.31,1.7585714285714287
8,19,2,18,30.21,1.6783333333333335
8,19,3,2,3.3,1.65
8,19,4,15,16.52,1.1013333333333333
8,20,0,10,28.41,2.841
8,20,1,14,36.15,2.582142857142857
8,20,2,14,29.67,2.119285714285714
8,20,3,10,17.16,1.716
8,20,4,12,16.4,1.3666666666666665
8,23,0,13,70.83,5.4484615384615385
8,23,1,12,52.74,4.3950000000000005
8,23,2,7,30.53,4.361428571428571
8,23,3,11,47.3,4.3
8,23,4,8,19.46,2.4325
8,24,0,11,22.13,2.0118181818181817
8,24,1,14,17.5,1.25
8,24,2,13,13.86,1.066153846153846
8,24,3,16,7.21,0.450625
8,24,4,12,3.75,0.3125
8,25,0,13,19.08,1.4676923076923076
8,25,1,2,2.09,1.045
8,25,2,18,16.81,0.9338888888888888
8,25,3,7,2.34,0.33428571428571424
8,25,4,6,1.56,0.26
8,28,0,8,15.33,1.91625
8,28,1,9,12.73,1.4144444444444444
8,28,2,17,11.83,0.6958823529411765
8,28,3,4,1.98,0.495
8,28,4,9,1.89,0.21
8,29,0,12,86.94,7.245
8,29,1,17,121.29,7.134705882352941
8,29,2,4,14.96,3.74
8,29,3,6,13.26,2.21
8,29,4,14,19.1,1.3642857142857143
8,30,0,11,45.38,4.125454545454546
8,30,1,4,15.9,3.975
8,30,2,9,32.73,3.6366666666666663
8,30,3,5,17.3,3.46
8,30,4,8,10.09,1.26125
8,33,0,8,68.63,8.57875
8,33,1,11,93.46,8.496363636363636
8,33,2,11,80.04,7.276363636363637
8,33,3,16,41.62,2.60125
8,33,4,5,8.65,1.73
8,34,0,15,15.4,1.0266666666666666
8,34,1,17,13.48,0.7929411764705883
8,34,2,19,11.64,0.6126315789473684
8,34,3,14,5.47,0.3907142857142857
8,34,4,17,3.88,0.22823529411764706
8,36,0,5,5.93,1.186
8,36,1,18,12.26,0.6811111111111111
8,36,2,1,0.55,0.55
8,36,3,2,0.92,0.46
8,36,4,13,5.51,0.4238461538461538
8,38,0,7,69.76,9.965714285714286
8,38,1,18,122.07,6.781666666666666
8,38,2,12,40.16,3.3466666666666662
8,38,3,6,17.42,2.9033333333333338
8,38,4,12,32.85,2.7375000000000003
8,46,0,20,65.85,3.2924999999999995
8,46,1,3,6.73,2.2433333333333336
8,46,2,18,29.04,1.6133333333333333
8,46,3,10,8.15,0.8150000000000001
8,46,4,9,6.85,0.7611111111111111
8,47,0,3,6.43,2.143333333333333
8,47,1,15,28.51,1.9006666666666667
8,47,2,17,23.5,1.3823529411764706
8,47,3,5,2.19,0.438
8,47,4,20,7.77,0.38849999999999996
8,49,0,6,9.92,1.6533333333333333
8,49,1,20,21.58,1.079
8,49,2,2,1.68,0.84
8,49,3,14,6.63,0.4735714285714286
8,49,4,1,0.25,0.25
8,50,0,11,97.4,8.854545454545455
8,50,1,11,74.38,6.761818181818182
8,50,2,18,88.57,4.920555555555556
8,50,3,7,30.44,4.348571428571429
8,50,4,12,17.38,1.4483333333333333
8,51,0,11,23.55,2.140909090909091
8,51,1,15,15.51,1.034
8,51,2,1,0.81,0.81
8,51,3,8,3.34,0.4175
8,51,4,13,3.74,0.2876923076923077
8,54,0,1,1.5,1.5
8,54,1,4,5.58,1.395
8,54,2,20,13.56,0.678
8,54,3,8,4.53,0.56625
8,54,4,4,0.63,0.1575
8,56,0,14,35.88,2.562857142857143
8,56,1,7,14.89,2.1271428571428572
8,56,2,19,39.64,2.086315789473684
8,56,3,20,31.96,1.598
8,56,4,3,2.49,0.8300000000000001
8,60,0,19,78.5,4.131578947368421
8,60,1,15,34.25,2.283333333333333
8,60,2,5,10.12,2.024
8,60,3,5,7.38,1.476
8,60,4,4,5.49,1.3725
8,66,0,8,35.44,4.43
8,66,1,12,38.59,3.2158333333333338
8,66,2,17,20.21,1.1888235294117648
8,66,3,10,9.28,0.9279999999999999
8,66,4,16,9.95,0.621875
8,69,0,17,62.87,3.698235294117647
8,69,1,1,2.09,2.09
8,69,2,1,0.41,0.41
8,69,3,1,0.36,0.36
8,69,4,14,3.53,0.2521428571428571
8,70,0,10,3.89,0.389
8,70,1,10,3.08,0.308
8,70,2,16,3.93,0.245625
8,70,3,3,0.62,0.20666666666666667
8,70,4,10,1.6,0.16
8,71,0,17,128.88,7.581176470588235
8,71,1,6,45.28,7.546666666666667
8,71,2,7,18.75,2.6785714285714284
8,71,3,17,29.45,1.7323529411764707
8,71,4,2,2.98,1.49
8,73,0,16,175.27,10.954375
8,73,1,10,62.72,6.272
8,73,2,3,13.72,4.573333333333333
8,73,3,6,8.44,1.4066666666666665
8,73,4,17,9.21,0.541764705882353
8,74,0,14,15.62,1.1157142857142857
8,74,1,11,11.14,1.0127272727272727
8,74,2,11,10.43,0.9481818181818181
8,74,3,13,9.73,0.7484615384615385
8,74,4,1,0.57,0.57
8,75,0,16,19.55,1.221875
8,75,1,9,9.13,1.0144444444444445
8,75,2,16,15.27,0.954375
8,75,3,4,3.39,0.8475
8,75,4,9,2.72,0.3022222222222222
8,77,0,8,11.06,1.3825
8,77,1,16,16.91,1.056875
8,77,2,2,1.74,0.87
8,77,3,11,9.38,0.8527272727272728
8,77,4,8,4.54,0.5675
8,79,0,6,65.89,10.981666666666667
8,79,1,14,97.62,6.972857142857143
8,79,2,11,52.96,4.8145454545454545
8,79,3,15,51.19,3.4126666666666665
8,79,4,11,17.67,1.6063636363636364
8,80,0,7,19.99,2.8557142857142854
8,80,1,2,2.87,1.435
8,80,2,13,18.64,1.433846153846154
8,80,3,13,14.45,1.1115384615384616
8,80,4,8,5.09,0.63625
8,82,0,1,6.12,6.12
8,82,1,4,23.12,5.78
8,82,2,13,63.33,4.871538461538462
8,82,3,13,60.48,4.6523076923076925
8,82,4,18,76.41,4.245
8,84,0,4,45.0,11.25
8,84,1,6,63.23,10.538333333333332
8,84,2,2,15.15,7.575
8,84,3,7,46.89,6.698571428571428
8,84,4,7,39.79,5.684285714285714
8,85,0,7,81.59,11.655714285714286
8,85,1,17,188.6,11.094117647058823
8,85,2,10,69.67,6.9670000000000005
8,85,3,5,25.81,5.162
8,85,4,4,6.88,1.72
8,87,0,14,74.11,5.293571428571428
8,87,1,5,24.28,4.856
8,87,2,15,42.69,2.8459999999999996
8,87,3,14,38.68,2.762857142857143
8,87,4,6,7.9,1.3166666666666667
8,88,0,1,1.63,1.63
8,88,1,11,10.17,0.9245454545454546
8,88,2,4,3.34,0.835
8,88,3,1,0.76,0.76
8,88,4,13,8.58,0.66
8,89,0,8,74.06,9.2575
8,89,1,3,11.39,3.796666666666667
8,89,2,13,37.61,2.893076923076923
8,89,3,11,30.21,2.7463636363636366
8,89,4,3,7.55,2.5166666666666666
8,90,0,8,10.23,1.27875
8,90,1,10,11.24,1.124
8,90,2,10,10.69,1.069
8,90,3,18,5.88,0.32666666666666666
8,90,4,13,0.74,0.05692307692307692
8,93,0,7,62.9,8.985714285714286
8,93,1,9,73.57,8.174444444444443
8,93,2,3,23.71,7.903333333333333
8,93,3,5,18.32,3.664
8,93,4,12,27.94,2.3283333333333336
8,94,0,10,44.72,4.4719999999999995
8,94,1,18,76.15,4.230555555555556
8,94,2,2,5.91,2.955
8,94,3,15,36.14,2.4093333333333335
8,94,4,13,20.53,1.5792307692307692
8,97,0,13,41.72,3.209230769230769
8,97,1,7,10.47,1.4957142857142858
8,97,2,19,22.51,1.1847368421052633
8,97,3,17,17.45,1.026470588235294
8,97,4,3,1.89,0.63
16,1,0,4,9.47,2.3675
16,1,1,11,15.45,1.4045454545454545
16,1,2,6,5.8,0.9666666666666667
16,1,3,2,1.13,0.565
16,1,4,4,0.97,0.2425
16,3,0,15,44.33,2.9553333333333334
16,3,1,11,20.29,1.8445454545454545
16,3,2,11,18.68,1.6981818181818182
16,3,3,1,1.5,1.5
16,3,4,3,3.82,1.2733333333333332
16,5,0,12,5.94,0.49500000000000005
16,5,1,4,1.84,0.46
16,5,2,6,1.75,0.2916666666666667
16,5,3,16,2.85,0.178125
16,5,4,17,2.27,0.1335294117647059
16,8,0,1,2.21,2.21
16,8,1,12,20.08,1.6733333333333331
16,8,2,16,20.92,1.3075
16,8,3,11,12.98,1.18
16,8,4,15,14.17,0.9446666666666667
16,19,0,1,0.82,0.82
16,19,1,9,5.08,0.5644444444444444
16,19,2,10,3.62,0.362
16,19,3,6,2.07,0.345
16,19,4,18,4.47,0.24833333333333332
16,20,0,2,7.38,3.69
16,20,1,1,3.68,3.68
16,20,2,8,25.55,3.19375
16,20,3,12,25.16,2.0966666666666667
16,20,4,6,3.21,0.535
16,23,0,4,25.75,6.4375
16,23,1,16,92.48,5.78
16,23,2,18,97.25,5.402777777777778
16,23,3,15,74.39,4.959333333333333
16,23,4,17,57.87,3.4041176470588232
16,24,0,7,2.78,0.39714285714285713
16,24,1,3,0.97,0.3233333333333333
16,24,2,9,0.51,0.05666666666666667
16,24,3,7,0.29,0.041428571428571426
16,24,4,11,0.35,0.031818181818181815
16,25,0,17,39.04,2.296470588235294
16,25,1,15,29.07,1.938
16,25,2,7,6.35,0.9071428571428571
16,25,3,20,17.04,0.852
16,25,4,15,2.94,0.196
16,28,0,1,2.32,2.32
16,28,1,11,20.9,1.9
16,28,2,18,31.78,1.7655555555555555
16,28,3,19,23.26,1.2242105263157896
16,28,4,1,0.66,0.66
16,29,0,10,63.12,6.311999999999999
16,29,1,12,40.91,3.4091666666666662
16,29,2,17,53.8,3.164705882352941
16,29,3,16,19.97,1.248125
16,29,4,10,8.38,0.8380000000000001
16,30,0,6,16.16,2.6933333333333334
16,30,1,11,24.24,2.2036363636363636
16,30,2,11,19.53,1.7754545454545456
16,30,3,18,29.75,1.6527777777777777
16,30,4,13,16.9,1.2999999999999998
16,33,0,13,74.08,5.6984615384615385
16,33,1,20,73.46,3.6729999999999996
16,33,2,17,59.31,3.4888235294117647
16,33,3,6,14.96,2.4933333333333336
16,33,4,3,5.01,1.67
16,34,0,7,20.48,2.9257142857142857
16,34,1,2,4.2,2.1
16,34,2,15,26.04,1.736
16,34,3,12,17.59,1.4658333333333333
16,34,4,12,1.8,0.15
16,36,0,7,21.6,3.085714285714286
16,36,1,16,45.46,2.84125
16,36,2,16,32.02,2.00125
16,36,3,20,20.37,1.0185
16,36,4,10,4.47,0.44699999999999995
16,38,0,18,184.86,10.270000000000001
16,38,1,3,27.75,9.25
16,38,2,9,73.67,8.185555555555556
16,38,3,15,71.02,4.734666666666667
16,38,4,6,15.85,2.6416666666666666
16,46,0,6,16.54,2.7566666666666664
16,46,1,12,23.71,1.9758333333333333
16,46,2,8,11.2,1.4
16,46,3,19,8.58,0.4515789473684211
16,46,4,9,1.07,0.11888888888888889
16,47,0,2,1.79,0.895
16,47,1,11,8.49,0.7718181818181818
16,47,2,17,11.34,0.6670588235294117
16,47,3,10,4.97,0.497
16,47,4,1,0.34,0.34
16,49,0,10,13.06,1.306
16,49,1,6,5.8,0.9666666666666667
16,49,2,19,16.7,0.8789473684210526
16,49,3,17,12.76,0.7505882352941177
16,49,4,8,1.23,0.15375
16,50,0,1,2.12,2.12
16,50,1,4,8.18,2.045
16,50,2,16,30.73,1.920625
16,50,3,18,20.06,1.1144444444444443
16,50,4,18,13.32,0.74
16,51,0,17,24.17,1.421764705882353
16,51,1,12,15.7,1.3083333333333333
16,51,2,8,8.72,1.09
16,51,3,18,10.24,0.5688888888888889
16,51,4,2,0.22,0.11
16,54,0,12,25.25,2.1041666666666665
16,54,1,12,17.35,1.4458333333333335
16,54,2,10,14.0,1.4
16,54,3,5,5.77,1.154
16,54,4,11,4.7,0.4272727272727273
16,56,0,13,32.51,2.5007692307692304
16,56,1,9,11.74,1.3044444444444445
16,56,2,12,5.6,0.4666666666666666
16,56,3,20,6.93,0.3465
16,56,4,13,3.67,0.2823076923076923
16,60,0,6,14.64,2.44
16,60,1,3,6.46,2.1533333333333333
16,60,2,14,27.25,1.9464285714285714
16,60,3,4,4.36,1.09
16,60,4,2,2.13,1.065
16,66,0,2,9.69,4.845
16,66,1,1,4.75,4.75
16,66,2,12,54.1,4.508333333333334
16,66,3,20,38.99,1.9495
16,66,4,12,13.24,1.1033333333333333
16,69,0,13,11.63,0.8946153846153847
16,69,1,12,8.6,0.7166666666666667
16,69,2,1,0.62,0.62
16,69,3,17,10.14,0.5964705882352942
16,69,4,6,3.52,0.5866666666666667
16,70,0,16,43.54,2.72125
16,70,1,15,36.98,2.465333333333333
16,70,2,17,28.45,1.673529411764706
16,70,3,6,8.43,1.405
16,70,4,7,3.34,0.47714285714285715
16,71,0,13,100.79,7.753076923076923
16,71,1,13,92.3,7.1
16,71,2,6,42.15,7.0249999999999995
16,71,3,13,80.0,6.153846153846154
16,71,4,13,15.43,1.186923076923077
16,73,0,7,74.07,10.581428571428571
16,73,1,13,103.37,7.951538461538462
16,73,2,19,88.77,4.672105263157895
16,73,3,12,41.8,3.483333333333333
16,73,4,14,31.68,2.262857142857143
16,74,0,10,38.02,3.8020000000000005
16,74,1,11,37.73,3.4299999999999997
16,74,2,7,20.02,2.86
16,74,3,9,25.61,2.8455555555555554
16,74,4,12,24.8,2.066666666666667
16,75,0,12,11.4,0.9500000000000001
16,75,1,13,9.4,0.7230769230769231
16,75,2,7,5.06,0.7228571428571428
16,75,3,7,4.12,0.5885714285714286
16,75,4,9,4.6,0.5111111111111111
16,77,0,4,14.1,3.525
16,77,1,2,6.85,3.425
16,77,2,1,2.4,2.4
16,77,3,4,7.64,1.91
16,77,4,19,29.73,1.5647368421052632
16,79,0,6,57.23,9.538333333333332
16,79,1,20,132.63,6.6315
16,79,2,10,39.84,3.9840000000000004
16,79,3,17,33.27,1.957058823529412
16,79,4,12,22.59,1.8825
16,80,0,16,43.9,2.74375
16,80,1,19,51.8,2.7263157894736842
16,80,2,13,13.32,1.0246153846153847
16,80,3,8,5.5,0.6875
16,80,4,16,6.76,0.4225
16,82,0,14,114.84,8.202857142857143
16,82,1,19,119.81,6.305789473684211
16,82,2,2,10.6,5.3
16,82,3,20,76.51,3.8255000000000003
16,82,4,12,5.69,0.4741666666666667
16,84,0,14,123.68,8.834285714285715
16,84,1,12,83.93,6.9941666666666675
16,84,2,3,15.66,5.22
16,84,3,19,86.77,4.566842105263158
16,84,4,7,8.14,1.162857142857143
16,85,0,3,31.09,10.363333333333333
16,85,1,9,82.81,9.20111111111111
16,85,2,19,127.16,6.692631578947368
16,85,3,9,49.65,5.516666666666667
16,85,4,4,14.12,3.53
16,87,0,2,7.98,3.99
16,87,1,11,38.48,3.498181818181818
16,87,2,7,18.0,2.5714285714285716
16,87,3,8,19.17,2.39625
16,87,4,19,3.18,0.16736842105263158
16,88,0,4,11.54,2.885
16,88,1,6,11.56,1.9266666666666667
16,88,2,17,28.31,1.6652941176470588
16,88,3,4,3.25,0.8125
16,88,4,3,2.12,0.7066666666666667
16,89,0,14,121.42,8.672857142857143
16,89,1,10,75.44,7.544
16,89,2,3,19.08,6.359999999999999
16,89,3,7,31.29,4.47
16,89,4,4,3.7,0.925
16,90,0,16,30.62,1.91375
16,90,1,7,5.56,0.7942857142857143
16,90,2,5,3.24,0.648
16,90,3,6,2.73,0.455
16,90,4,12,4.84,0.4033333333333333
16,93,0,2,15.99,7.995
16,93,1,12,95.49,7.9575
16,93,2,8,47.39,5.92375
16,93,3,8,45.84,5.73
16,93,4,9,34.67,3.852222222222222
16,94,0,8,32.88,4.11
16,94,1,6,23.57,3.9283333333333332
16,94,2,4,14.51,3.6275
16,94,3,6,5.39,0.8983333333333333
16,94,4,20,6.04,0.302
16,97,0,18,36.89,2.0494444444444446
16,97,1,18,30.23,1.6794444444444445
16,97,2,11,16.71,1.5190909090909093
16,97,3,1,0.69,0.69
16,97,4,15,8.98,0.5986666666666667
19,1,0,13,51.22,3.94
19,1,1,20,72.75,3.6375
19,1,2,8,21.89,2.73625
19,1,3,19,49.36,2.5978947368421053
19,1,4,15,16.23,1.082
19,3,0,8,14.82,1.8525
19,3,1,5,8.07,1.614
19,3,2,17,16.62,0.9776470588235294
19,3,3,13,6.4,0.49230769230769234
19,3,4,14,3.03,0.21642857142857141
19,5,0,20,17.99,0.8995
19,5,1,11,5.89,0.5354545454545454
19,5,2,6,1.75,0.2916666666666667
19,5,3,6,0.82,0.13666666666666666
19,5,4,16,1.2,0.075
19,8,0,4,8.91,2.2275
19,8,1,12,20.12,1.6766666666666667
19,8,2,12,11.35,0.9458333333333333
19,8,3,15,13.24,0.8826666666666667
19,8,4,2,0.33,0.165
19,16,0,20,32.74,1.637
19,16,1,1,1.42,1.42
19,16,2,10,11.58,1.158
19,16,3,3,1.05,0.35000000000000003
19,16,4,4,0.44,0.11
19,20,0,14,25.01,1.7864285714285715
19,20,1,18,16.74,0.9299999999999999
19,20,2,3,2.57,0.8566666666666666
19,20,3,11,5.14,0.46727272727272723
19,20,4,13,2.82,0.2169230769230769
19,23,0,17,91.1,5.358823529411764
19,23,1,19,34.5,1.8157894736842106
19,23,2,19,25.77,1.3563157894736841
19,23,3,13,13.63,1.0484615384615386
19,23,4,9,5.95,0.6611111111111111
19,24,0,11,9.37,0.8518181818181817
19,24,1,3,2.31,0.77
19,24,2,17,11.77,0.6923529411764706
19,24,3,13,5.32,0.40923076923076923
19,24,4,7,2.16,0.3085714285714286
19,25,0,10,14.66,1.466
19,25,1,6,5.76,0.96
19,25,2,19,14.49,0.7626315789473684
19,25,3,5,1.71,0.34199999999999997
19,25,4,19,1.47,0.07736842105263157
19,28,0,13,16.6,1.276923076923077
19,28,1,14,14.43,1.0307142857142857
19,28,2,17,16.7,0.9823529411764705
19,28,3,13,12.16,0.9353846153846154
19,28,4,15,10.11,0.6739999999999999
19,29,0,3,15.56,5.1866666666666665
19,29,1,11,54.86,4.987272727272727
19,29,2,20,71.31,3.5655
19,29,3,13,45.88,3.5292307692307694
19,29,4,10,6.5,0.65
19,30,0,19,44.08,2.32
19,30,1,9,20.77,2.307777777777778
19,30,2,8,12.22,1.5275
19,30,3,16,10.06,0.62875
19,30,4,10,4.27,0.42699999999999994
19,33,0,19,116.13,6.112105263157894
19,33,1,4,14.92,3.73
19,33,2,15,30.4,2.0266666666666664
19,33,3,16,24.15,1.509375
19,33,4,10,6.88,0.688
19,34,0,19,47.22,2.4852631578947366
19,34,1,20,45.12,2.256
19,34,2,14,30.86,2.204285714285714
19,34,3,14,20.98,1.4985714285714287
19,34,4,2,0.45,0.225
19,36,0,13,34.58,2.6599999999999997
19,36,1,5,10.57,2.114
19,36,2,6,10.92,1.82
19,36,3,14,18.28,1.3057142857142858
19,36,4,8,4.66,0.5825
19,38,0,12,105.56,8.796666666666667
19,38,1,4,26.61,6.6525
19,38,2,2,12.79,6.395
19,38,3,12,74.14,6.178333333333334
19,38,4,10,37.48,3.7479999999999998
19,46,0,2,2.99,1.495
19,46,1,11,14.16,1.2872727272727273
19,46,2,7,4.77,0.6814285714285714
19,46,3,19,9.89,0.5205263157894737
19,46,4,1,0.2,0.2
19,47,0,11,12.49,1.1354545454545455
19,47,1,3,2.85,0.9500000000000001
19,47,2,1,0.63,0.63
19,47,3,18,5.85,0.32499999999999996
19,47,4,13,1.17,0.09
19,49,0,14,4.67,0.3335714285714286
19,49,1,13,1.57,0.12076923076923077
19,49,2,4,0.48,0.12
19,49,3,1,0.12,0.12
19,49,4,4,0.18,0.045
19,50,0,8,63.86,7.9825
19,50,1,8,27.33,3.41625
19,50,2,11,31.49,2.862727272727273
19,50,3,11,13.6,1.2363636363636363
19,50,4,18,12.81,0.7116666666666667
19,51,0,11,10.43,0.9481818181818181
19,51,1,11,9.75,0.8863636363636364
19,51,2,6,2.93,0.48833333333333334
19,51,3,12,5.01,0.4175
19,51,4,11,2.36,0.21454545454545454
19,54,0,10,7.0,0.7
19,54,1,5,2.69,0.538
19,54,2,4,1.85,0.4625
19,54,3,17,5.93,0.3488235294117647
19,54,4,12,3.38,0.2816666666666667
19,56,0,11,13.65,1.240909090909091
19,56,1,3,3.66,1.22
19,56,2,19,6.99,0.3678947368421053
19,56,3,7,1.96,0.27999999999999997
19,56,4,7,1.32,0.18857142857142858
19,60,0,11,15.32,1.3927272727272728
19,60,1,19,18.0,0.9473684210526315
19,60,2,6,4.43,0.7383333333333333
19,60,3,5,1.99,0.398
19,60,4,8,1.57,0.19625
19,66,0,9,29.48,3.2755555555555556
19,66,1,2,2.79,1.395
19,66,2,10,12.75,1.275
19,66,3,12,15.13,1.2608333333333335
19,66,4,1,0.97,0.97
19,69,0,4,5.79,1.4475
19,69,1,7,8.33,1.19
19,69,2,9,8.98,0.9977777777777779
19,69,3,19,14.75,0.7763157894736842
19,69,4,16,6.89,0.430625
19,70,0,16,50.59,3.161875
19,70,1,12,31.77,2.6475
19,70,2,7,15.96,2.2800000000000002
19,70,3,17,28.47,1.674705882352941
19,70,4,15,16.16,1.0773333333333333
19,71,0,2,12.89,6.445
19,71,1,6,16.83,2.8049999999999997
19,71,2,8,20.39,2.54875
19,71,3,5,3.39,0.678
19,71,4,9,2.96,0.3288888888888889
19,73,0,15,107.76,7.184
19,73,1,12,76.38,6.364999999999999
19,73,2,5,17.83,3.566
19,73,3,17,43.85,2.5794117647058825
19,73,4,9,19.85,2.2055555555555557
19,74,0,14,55.4,3.957142857142857
19,74,1,10,38.64,3.864
19,74,2,8,30.18,3.7725
19,74,3,3,10.51,3.5033333333333334
19,74,4,19,13.27,0.6984210526315789
19,75,0,19,34.77,1.83
19,75,1,4,6.25,1.5625
19,75,2,11,6.28,0.5709090909090909
19,75,3,15,7.94,0.5293333333333333
19,75,4,17,1.76,0.10352941176470588
19,77,0,3,9.33,3.11
19,77,1,3,8.23,2.7433333333333336
19,77,2,5,12.61,2.522
19,77,3,4,9.31,2.3275
19,77,4,10,14.56,1.456
19,79,0,6,51.92,8.653333333333334
19,79,1,11,70.89,6.444545454545454
19,79,2,2,8.44,4.22
19,79,3,1,4.05,4.05
19,79,4,15,41.05,2.7366666666666664
19,80,0,10,12.9,1.29
19,80,1,17,18.7,1.0999999999999999
19,80,2,3,1.19,0.39666666666666667
19,80,3,9,3.3,0.36666666666666664
19,80,4,12,1.32,0.11
19,82,0,17,99.41,5.847647058823529
19,82,1,7,32.93,4.704285714285715
19,82,2,3,9.96,3.3200000000000003
19,82,3,15,49.0,3.2666666666666666
19,82,4,8,7.75,0.96875
19,84,0,18,125.64,6.98
19,84,1,17,101.97,5.998235294117647
19,84,2,20,112.07,5.6034999999999995
19,84,3,7,38.72,5.531428571428571
19,84,4,17,58.31,3.43
19,85,0,1,7.82,7.82
19,85,1,20,135.12,6.756
19,85,2,20,102.01,5.1005
19,85,3,16,80.17,5.010625
19,85,4,11,22.84,2.076363636363636
19,87,0,12,26.33,2.1941666666666664
19,87,1,11,22.26,2.023636363636364
19,87,2,9,10.92,1.2133333333333334
19,87,3,15,13.48,0.8986666666666667
19,87,4,20,7.07,0.35350000000000004
19,88,0,15,28.99,1.9326666666666665
19,88,1,5,8.95,1.7899999999999998
19,88,2,19,25.02,1.3168421052631578
19,88,3,15,17.72,1.1813333333333333
19,88,4,17,5.18,0.30470588235294116
19,89,0,9,76.94,8.54888888888889
19,89,1,8,37.27,4.65875
19,89,2,2,7.18,3.59
19,89,3,17,49.17,2.892352941176471
19,89,4,11,19.39,1.7627272727272727
19,90,0,13,34.18,2.629230769230769
19,90,1,10,24.97,2.497
19,90,2,16,36.34,2.27125
19,90,3,18,26.5,1.4722222222222223
19,90,4,1,0.23,0.23
19,93,0,15,81.0,5.4
19,93,1,17,56.8,3.341176470588235
19,93,2,13,29.26,2.250769230769231
19,93,3,4,6.46,1.615
19,93,4,19,12.81,0.6742105263157895
19,94,0,7,21.2,3.0285714285714285
19,94,1,17,27.88,1.64
19,94,2,11,12.53,1.139090909090909
19,94,3,13,11.37,0.8746153846153846
19,94,4,8,4.51,0.56375
19,97,0,10,27.2,2.7199999999999998
19,97,1,11,25.59,2.326363636363636
19,97,2,11,21.7,1.9727272727272727
19,97,3,1,1.7,1.7
19,97,4,20,30.74,1.537
20,1,0,14,47.2,3.3714285714285714
20,1,1,5,16.35,3.2700000000000005
20,1,2,5,10.7,2.1399999999999997
20,1,3,4,5.33,1.3325
20,1,4,4,2.99,0.7475
20,3,0,19,60.17,3.166842105263158
20,3,1,7,15.44,2.2057142857142855
20,3,2,15,32.35,2.1566666666666667
20,3,3,16,17.19,1.074375
20,3,4,18,12.88,0.7155555555555556
20,5,0,12,27.99,2.3325
20,5,1,18,39.33,2.185
20,5,2,12,26.05,2.1708333333333334
20,5,3,11,22.24,2.0218181818181815
20,5,4,7,9.32,1.3314285714285714
20,8,0,15,40.71,2.714
20,8,1,9,20.51,2.278888888888889
20,8,2,14,26.42,1.8871428571428572
20,8,3,12,5.96,0.49666666666666665
20,8,4,15,6.16,0.4106666666666667
20,16,0,20,40.82,2.041
20,16,1,15,26.67,1.778
20,16,2,1,1.69,1.69
20,16,3,15,21.65,1.4433333333333331
20,16,4,12,14.45,1.2041666666666666
20,19,0,2,4.2,2.1
20,19,1,15,22.29,1.486
20,19,2,12,13.96,1.1633333333333333
20,19,3,9,4.26,0.47333333333333333
20,19,4,4,0.87,0.2175
20,23,0,1,3.97,3.97
20,23,1,19,34.99,1.8415789473684212
20,23,2,7,10.84,1.5485714285714285
20,23,3,15,22.82,1.5213333333333334
20,23,4,11,2.23,0.20272727272727273
20,24,0,16,49.66,3.10375
20,24,1,8,22.56,2.82
20,24,2,13,35.84,2.7569230769230773
20,24,3,20,53.26,2.663
20,24,4,7,15.01,2.144285714285714
20,25,0,17,22.78,1.34
20,25,1,3,4.02,1.3399999999999999
20,25,2,9,9.61,1.0677777777777777
20,25,3,15,7.0,0.4666666666666667
20,25,4,7,1.65,0.2357142857142857
20,28,0,16,16.63,1.039375
20,28,1,14,10.78,0.7699999999999999
20,28,2,5,3.05,0.61
20,28,3,2,1.17,0.585
20,28,4,15,5.53,0.3686666666666667
20,29,0,5,18.96,3.7920000000000003
20,29,1,2,7.5,3.75
20,29,2,1,3.45,3.45
20,29,3,8,27.36,3.42
20,29,4,9,4.56,0.5066666666666666
20,30,0,16,18.92,1.1825
20,30,1,1,0.95,0.95
20,30,2,19,11.15,0.5868421052631579
20,30,3,14,7.69,0.5492857142857143
20,30,4,20,10.4,0.52
20,33,0,17,76.06,4.474117647058824
20,33,1,8,34.39,4.29875
20,33,2,3,9.23,3.0766666666666667
20,33,3,18,42.84,2.3800000000000003
20,33,4,18,12.7,0.7055555555555555
20,34,0,3,4.82,1.6066666666666667
20,34,1,18,22.76,1.2644444444444445
20,34,2,11,9.2,0.8363636363636363
20,34,3,11,7.72,0.7018181818181818
20,34,4,1,0.66,0.66
20,36,0,9,6.16,0.6844444444444444
20,36,1,5,2.9,0.58
20,36,2,17,8.89,0.5229411764705882
20,36,3,5,1.81,0.362
20,36,4,19,5.77,0.3036842105263158
20,38,0,1,8.24,8.24
20,38,1,19,108.01,5.684736842105264
20,38,2,7,33.35,4.764285714285714
20,38,3,7,20.14,2.8771428571428572
20,38,4,19,20.15,1.0605263157894735
20,46,0,17,49.85,2.932352941176471
20,46,1,18,37.72,2.0955555555555554
20,46,2,7,13.49,1.9271428571428573
20,46,3,18,31.91,1.7727777777777778
20,46,4,20,6.25,0.3125
20,47,0,16,58.94,3.68375
20,47,1,8,25.58,3.1975
20,47,2,19,34.7,1.8263157894736843
20,47,3,14,24.1,1.7214285714285715
20,47,4,20,32.39,1.6195
20,49,0,2,3.67,1.835
20,49,1,7,12.5,1.7857142857142858
20,49,2,12,20.52,1.71
20,49,3,7,6.68,0.9542857142857143
20,49,4,11,8.85,0.8045454545454546
20,50,0,14,72.12,5.151428571428572
20,50,1,7,28.92,4.131428571428572
20,50,2,12,34.21,2.8508333333333336
20,50,3,19,50.51,2.658421052631579
20,50,4,15,25.36,1.6906666666666665
20,51,0,20,28.71,1.4355
20,51,1,9,10.76,1.1955555555555555
20,51,2,20,13.45,0.6725
20,51,3,18,11.84,0.6577777777777778
20,51,4,6,3.77,0.6283333333333333
20,54,0,9,9.71,1.078888888888889
20,54,1,18,14.07,0.7816666666666667
20,54,2,12,8.49,0.7075
20,54,3,4,0.75,0.1875
20,54,4,1,0.15,0.15
20,56,0,19,41.13,2.1647368421052633
20,56,1,17,34.67,2.0394117647058825
20,56,2,9,17.86,1.9844444444444445
20,56,3,16,31.54,1.97125
20,56,4,19,23.17,1.2194736842105265
20,60,0,16,59.01,3.688125
20,60,1,10,28.08,2.808
20,60,2,14,21.13,1.5092857142857141
20,60,3,7,7.3,1.042857142857143
20,60,4,19,4.46,0.23473684210526316
20,66,0,7,22.0,3.142857142857143
20,66,1,10,25.05,2.505
20,66,2,15,37.03,2.4686666666666666
20,66,3,5,5.94,1.1880000000000002
20,66,4,9,1.26,0.14
20,69,0,14,53.97,3.855
20,69,1,3,9.93,3.31
20,69,2,13,41.74,3.210769230769231
20,69,3,11,11.09,1.008181818181818
20,69,4,20,16.87,0.8435
20,70,0,20,55.69,2.7845
20,70,1,8,19.29,2.41125
20,70,2,19,36.09,1.8994736842105264
20,70,3,20,24.32,1.216
20,70,4,2,1.95,0.975
20,71,0,20,135.15,6.7575
20,71,1,4,23.09,5.7725
20,71,2,16,34.54,2.15875
20,71,3,11,19.42,1.7654545454545456
20,71,4,4,3.24,0.81
20,73,0,3,22.26,7.420000000000001
20,73,1,18,97.16,5.397777777777778
20,73,2,2,3.36,1.68
20,73,3,13,12.42,0.9553846153846154
20,73,4,4,2.43,0.6075
20,74,0,15,53.51,3.567333333333333
20,74,1,15,43.38,2.8920000000000003
20,74,2,12,34.34,2.861666666666667
20,74,3,16,17.23,1.076875
20,74,4,15,4.14,0.27599999999999997
20,75,0,12,38.0,3.1666666666666665
20,75,1,4,10.96,2.74
20,75,2,9,23.47,2.6077777777777778
20,75,3,15,28.04,1.8693333333333333
20,75,4,13,3.7,0.2846153846153846
20,77,0,9,22.67,2.518888888888889
20,77,1,12,29.93,2.4941666666666666
20,77,2,5,9.21,1.842
20,77,3,1,0.78,0.78
20,77,4,7,3.9,0.5571428571428572
20,79,0,8,70.42,8.8025
20,79,1,6,51.48,8.58
20,79,2,19,109.32,5.753684210526315
20,79,3,10,56.4,5.64
20,79,4,9,12.85,1.4277777777777778
20,80,0,10,6.5,0.65
20,80,1,7,2.59,0.37
20,80,2,18,5.38,0.29888888888888887
20,80,3,17,1.31,0.07705882352941176
20,80,4,17,1.3,0.07647058823529412
20,82,0,11,68.23,6.202727272727273
20,82,1,3,8.95,2.983333333333333
20,82,2,13,26.49,2.0376923076923075
20,82,3,17,26.65,1.5676470588235294
20,82,4,12,11.5,0.9583333333333334
20,84,0,7,58.19,8.312857142857142
20,84,1,17,91.02,5.354117647058823
20,84,2,3,13.8,4.6000000000000005
20,84,3,4,8.52,2.13
20,84,4,8,8.28,1.035
20,85,0,8,73.62,9.2025
20,85,1,10,89.21,8.921
20,85,2,6,50.91,8.485
20,85,3,3,5.9,1.9666666666666668
20,85,4,19,35.59,1.8731578947368424
20,87,0,2,7.21,3.605
20,87,1,7,23.06,3.294285714285714
20,87,2,15,21.58,1.4386666666666665
20,87,3,20,27.62,1.381
20,87,4,15,19.88,1.3253333333333333
20,88,0,1,0.16,0.16
20,88,1,1,0.14,0.14
20,88,2,20,2.52,0.126
20,88,3,3,0.24,0.08
20,88,4,17,0.49,0.028823529411764706
20,89,0,8,36.37,4.54625
20,89,1,4,6.28,1.57
20,89,2,5,6.3,1.26
20,89,3,13,13.52,1.04
20,89,4,9,7.95,0.8833333333333333
20,90,0,20,45.09,2.2545
20,90,1,15,27.59,1.8393333333333333
20,90,2,19,18.68,0.9831578947368421
20,90,3,2,1.85,0.925
20,90,4,8,7.22,0.9025
20,93,0,7,31.23,4.461428571428572
20,93,1,15,52.29,3.4859999999999998
20,93,2,6,19.46,3.2433333333333336
20,93,3,6,14.78,2.4633333333333334
20,93,4,18,27.39,1.5216666666666667
20,94,0,16,43.84,2.74
20,94,1,6,15.21,2.535
20,94,2,4,6.15,1.5375
20,94,3,17,23.6,1.3882352941176472
20,94,4,8,6.12,0.765
20,97,0,9,18.18,2.02
20,97,1,10,15.01,1.501
20,97,2,6,8.82,1.47
20,97,3,10,13.05,1.3050000000000002
20,97,4,7,3.14,0.44857142857142857
23,1,0,18,120.92,6.717777777777778
23,1,1,17,106.42,6.26
23,1,2,11,66.79,6.071818181818182
23,1,3,15,51.87,3.4579999999999997
23,1,4,14,45.78,3.27
23,3,0,15,113.46,7.563999999999999
23,3,1,7,20.98,2.9971428571428573
23,3,2,5,14.69,2.9379999999999997
23,3,3,4,4.6,1.15
23,3,4,10,8.13,0.8130000000000001
23,5,0,7,34.0,4.857142857142857
23,5,1,20,48.18,2.409
23,5,2,9,19.95,2.216666666666667
23,5,3,19,30.32,1.5957894736842106
23,5,4,7,8.13,1.1614285714285715
23,8,0,1,7.31,7.31
23,8,1,6,34.17,5.695
23,8,2,12,47.45,3.954166666666667
23,8,3,10,27.11,2.711
23,8,4,5,3.19,0.638
23,16,0,12,77.74,6.478333333333333
23,16,1,19,92.74,4.881052631578947
23,16,2,8,37.37,4.67125
23,16,3,16,43.85,2.740625
23,16,4,9,10.35,1.15
23,19,0,11,55.52,5.047272727272728
23,19,1,13,48.89,3.7607692307692306
23,19,2,14,36.06,2.575714285714286
23,19,3,10,22.81,2.2809999999999997
23,19,4,2,4.46,2.23
23,20,0,15,51.41,3.427333333333333
23,20,1,10,11.61,1.161
23,20,2,3,2.82,0.94
23,20,3,3,2.79,0.93
23,20,4,18,7.47,0.415
23,24,0,20,131.01,6.5504999999999995
23,24,1,10,61.87,6.186999999999999
23,24,2,12,65.72,5.476666666666667
23,24,3,10,52.13,5.213
23,24,4,12,8.31,0.6925
23,25,0,14,67.29,4.8064285714285715
23,25,1,11,46.71,4.246363636363636
23,25,2,2,5.74,2.87
23,25,3,6,15.73,2.6216666666666666
23,25,4,19,34.15,1.7973684210526315
23,28,0,4,19.32,4.83
23,28,1,13,59.14,4.549230769230769
23,28,2,2,8.3,4.15
23,28,3,6,20.28,3.3800000000000003
23,28,4,19,50.32,2.648421052631579
23,29,0,8,2.58,0.3225
23,29,1,4,0.75,0.1875
23,29,2,13,1.91,0.1469230769230769
23,29,3,10,0.51,0.051000000000000004
23,29,4,11,0.43,0.03909090909090909
23,30,0,9,24.52,2.7244444444444444
23,30,1,20,38.59,1.9295000000000002
23,30,2,16,27.83,1.739375
23,30,3,16,27.07,1.691875
23,30,4,17,11.79,0.6935294117647058
23,33,0,3,6.9,2.3000000000000003
23,33,1,2,4.24,2.12
23,33,2,19,39.2,2.0631578947368423
23,33,3,14,19.13,1.3664285714285713
23,33,4,18,11.08,0.6155555555555555
23,34,0,11,49.87,4.533636363636363
23,34,1,16,55.32,3.4575
23,34,2,10,18.89,1.889
23,34,3,10,11.39,1.139
23,34,4,8,8.9,1.1125
23,36,0,14,55.67,3.9764285714285714
23,36,1,2,6.38,3.19
23,36,2,19,51.86,2.7294736842105265
23,36,3,4,10.79,2.6975
23,36,4,5,10.71,2.1420000000000003
23,38,0,7,16.77,2.3957142857142855
23,38,1,8,8.79,1.09875
23,38,2,1,0.82,0.82
23,38,3,15,8.34,0.5559999999999999
23,38,4,3,0.52,0.17333333333333334
23,46,0,10,41.11,4.111
23,46,1,19,51.45,2.7078947368421056
23,46,2,13,19.01,1.4623076923076925
23,46,3,5,6.43,1.286
23,46,4,17,18.68,1.0988235294117648
23,47,0,2,13.68,6.84
23,47,1,8,44.94,5.6175
23,47,2,8,32.25,4.03125
23,47,3,3,11.08,3.6933333333333334
23,47,4,4,12.48,3.12
23,49,0,18,85.2,4.733333333333333
23,49,1,2,9.36,4.68
23,49,2,5,22.36,4.4719999999999995
23,49,3,1,3.38,3.38
23,49,4,10,26.42,2.6420000000000003
23,50,0,4,11.83,2.9575
23,50,1,16,42.94,2.68375
23,50,2,9,22.17,2.4633333333333334
23,50,3,1,1.91,1.91
23,50,4,8,9.63,1.20375
23,51,0,15,74.21,4.947333333333333
23,51,1,6,22.98,3.83
23,51,2,13,48.44,3.726153846153846
23,51,3,8,29.37,3.67125
23,51,4,20,16.3,0.8150000000000001
23,54,0,10,50.81,5.081
23,54,1,3,7.59,2.53
23,54,2,16,32.36,2.0225
23,54,3,9,13.67,1.518888888888889
23,54,4,2,2.26,1.13
23,56,0,18,64.48,3.5822222222222226
23,56,1,11,37.96,3.450909090909091
23,56,2,15,37.36,2.490666666666667
23,56,3,14,29.51,2.107857142857143
23,56,4,19,38.47,2.024736842105263
23,60,0,20,103.05,5.1525
23,60,1,19,88.4,4.652631578947369
23,60,2,12,40.88,3.4066666666666667
23,60,3,14,17.22,1.23
23,60,4,10,5.95,0.595
23,66,0,16,34.37,2.148125
23,66,1,9,11.96,1.328888888888889
23,66,2,15,18.2,1.2133333333333334
23,66,3,16,16.51,1.031875
23,66,4,1,0.23,0.23
23,69,0,12,39.35,3.279166666666667
23,69,1,1,3.19,3.19
23,69,2,20,46.71,2.3355
23,69,3,4,5.95,1.4875
23,69,4,6,7.84,1.3066666666666666
23,70,0,18,129.63,7.201666666666666
23,70,1,17,118.81,6.988823529411765
23,70,2,1,6.78,6.78
23,70,3,8,43.07,5.38375
23,70,4,10,47.63,4.763
23,71,0,1,2.61,2.61
23,71,1,19,44.59,2.3468421052631583
23,71,2,11,16.03,1.4572727272727273
23,71,3,17,13.02,0.7658823529411765
23,71,4,8,4.32,0.54
23,73,0,17,63.55,3.738235294117647
23,73,1,17,63.0,3.7058823529411766
23,73,2,8,18.19,2.27375
23,73,3,5,7.39,1.478
23,73,4,3,2.39,0.7966666666666667
23,74,0,8,69.22,8.6525
23,74,1,5,22.1,4.42
23,74,2,11,40.63,3.693636363636364
23,74,3,1,1.84,1.84
23,74,4,15,20.08,1.3386666666666664
23,75,0,3,15.87,5.29
23,75,1,4,16.13,4.0325
23,75,2,4,15.08,3.77
23,75,3,16,14.31,0.894375
23,75,4,16,9.14,0.57125
23,77,0,6,36.79,6.131666666666667
23,77,1,13,79.21,6.093076923076922
23,77,2,12,65.61,5.4675
23,77,3,6,4.98,0.8300000000000001
23,77,4,14,7.1,0.5071428571428571
23,79,0,3,9.95,3.3166666666666664
23,79,1,12,33.96,2.83
23,79,2,12,24.62,2.0516666666666667
23,79,3,11,18.05,1.6409090909090909
23,79,4,12,13.28,1.1066666666666667
23,80,0,12,41.24,3.436666666666667
23,80,1,3,5.59,1.8633333333333333
23,80,2,15,27.12,1.808
23,80,3,6,10.4,1.7333333333333334
23,80,4,13,9.01,0.693076923076923
23,82,0,9,16.37,1.818888888888889
23,82,1,10,16.14,1.614
23,82,2,15,9.99,0.666
23,82,3,10,6.06,0.606
23,82,4,11,2.75,0.25
23,84,0,1,3.25,3.25
23,84,1,8,16.98,2.1225
23,84,2,7,13.43,1.9185714285714286
23,84,3,4,7.26,1.815
23,84,4,7,12.41,1.772857142857143
23,85,0,19,83.27,4.382631578947368
23,85,1,9,38.76,4.306666666666667
23,85,2,4,12.62,3.155
23,85,3,1,1.67,1.67
23,85,4,15,21.16,1.4106666666666667
23,87,0,10,33.69,3.3689999999999998
23,87,1,10,33.54,3.354
23,87,2,5,7.42,1.484
23,87,3,6,4.84,0.8066666666666666
23,87,4,17,9.9,0.5823529411764706
23,88,0,2,5.48,2.74
23,88,1,19,37.79,1.9889473684210526
23,88,2,3,5.32,1.7733333333333334
23,88,3,4,1.67,0.4175
23,88,4,7,2.35,0.33571428571428574
23,89,0,6,22.63,3.7716666666666665
23,89,1,7,22.39,3.198571428571429
23,89,2,9,19.59,2.1766666666666667
23,89,3,16,33.24,2.0775
23,89,4,2,3.08,1.54
23,90,0,9,56.7,6.300000000000001
23,90,1,16,84.62,5.28875
23,90,2,15,76.01,5.067333333333334
23,90,3,3,13.32,4.44
23,90,4,7,9.68,1.3828571428571428
23,93,0,5,11.51,2.302
23,93,1,15,26.61,1.774
23,93,2,18,29.93,1.6627777777777777
23,93,3,15,20.98,1.3986666666666667
23,93,4,15,17.14,1.1426666666666667
23,94,0,12,30.09,2.5075
23,94,1,8,8.1,1.0125
23,94,2,12,9.33,0.7775
23,94,3,7,4.37,0.6242857142857143
23,94,4,16,1.87,0.116875
23,97,0,10,81.08,8.108
23,97,1,8,63.99,7.99875
23,97,2,17,115.99,6.822941176470588
23,97,3,12,52.6,4.383333333333334
23,97,4,1,1.05,1.05
24,1,0,13,35.52,2.7323076923076925
24,1,1,12,26.79,2.2325
24,1,2,6,11.59,1.9316666666666666
24,1,3,10,11.37,1.137
24,1,4,20,22.15,1.1075
24,3,0,1,2.56,2.56
24,3,1,16,21.7,1.35625
24,3,2,8,10.14,1.2675
24,3,3,3,3.52,1.1733333333333333
24,3,4,20,17.52,0.876
24,5,0,14,2.53,0.1807142857142857
24,5,1,18,2.89,0.16055555555555556
24,5,2,2,0.14,0.07
24,5,3,20,1.28,0.064
24,5,4,15,0.87,0.058
24,8,0,14,28.21,2.015
24,8,1,8,15.92,1.99
24,8,2,12,20.87,1.7391666666666667
24,8,3,19,25.39,1.3363157894736843
24,8,4,18,13.92,0.7733333333333333
24,16,0,13,4.8,0.3692307692307692
24,16,1,1,0.35,0.35
24,16,2,7,1.82,0.26
24,16,3,9,1.85,0.20555555555555557
24,16,4,4,0.09,0.0225
24,19,0,14,14.35,1.025
24,19,1,7,5.39,0.7699999999999999
24,19,2,2,1.3,0.65
24,19,3,6,3.33,0.555
24,19,4,8,1.93,0.24125
24,20,0,8,24.19,3.02375
24,20,1,19,32.55,1.713157894736842
24,20,2,18,20.42,1.1344444444444446
24,20,3,9,8.16,0.9066666666666667
24,20,4,3,0.41,0.13666666666666666
24,23,0,1,5.92,5.92
24,23,1,2,6.09,3.045
24,23,2,7,12.52,1.7885714285714285
24,23,3,14,8.94,0.6385714285714286
24,23,4,8,4.07,0.50875
24,25,0,5,8.75,1.75
24,25,1,16,19.84,1.24
24,25,2,3,3.7,1.2333333333333334
24,25,3,9,3.05,0.33888888888888885
24,25,4,16,2.39,0.149375
24,28,0,19,34.46,1.8136842105263158
24,28,1,4,6.25,1.5625
24,28,2,3,4.17,1.39
24,28,3,1,0.77,0.77
24,28,4,4,3.07,0.7675
24,29,0,16,87.64,5.4775
24,29,1,14,34.15,2.439285714285714
24,29,2,11,26.4,2.4
24,29,3,10,22.59,2.259
24,29,4,5,8.29,1.658
24,30,0,8,32.93,4.11625
24,30,1,2,6.17,3.085
24,30,2,3,8.95,2.983333333333333
24,30,3,5,9.28,1.8559999999999999
24,30,4,7,11.93,1.7042857142857142
24,33,0,8,58.11,7.26375
24,33,1,9,47.12,5.235555555555555
24,33,2,4,17.59,4.3975
24,33,3,6,16.99,2.8316666666666666
24,33,4,6,10.65,1.7750000000000001
24,34,0,10,27.81,2.7809999999999997
24,34,1,13,33.47,2.5746153846153845
24,34,2,12,28.19,2.3491666666666666
24,34,3,4,4.59,1.1475
24,34,4,15,11.93,0.7953333333333333
24,36,0,3,9.23,3.0766666666666667
24,36,1,4,11.33,2.8325
24,36,2,20,33.7,1.685
24,36,3,5,7.3,1.46
24,36,4,13,14.92,1.1476923076923078
24,38,0,16,173.7,10.85625
24,38,1,7,63.13,9.018571428571429
24,38,2,19,140.24,7.381052631578948
24,38,3,1,2.3,2.3
24,38,4,3,2.85,0.9500000000000001
24,46,0,10,22.15,2.215
24,46,1,3,6.53,2.1766666666666667
24,46,2,14,21.77,1.555
24,46,3,10,14.03,1.403
24,46,4,3,3.57,1.19
24,47,0,15,11.05,0.7366666666666667
24,47,1,16,10.93,0.683125
24,47,2,2,0.32,0.16
24,47,3,18,1.78,0.09888888888888889
24,47,4,6,0.47,0.07833333333333332
24,49,0,12,10.67,0.8891666666666667
24,49,1,14,5.53,0.395
24,49,2,6,2.24,0.37333333333333335
24,49,3,11,3.68,0.33454545454545453
24,49,4,14,3.04,0.21714285714285714
24,50,0,19,177.82,9.358947368421052
24,50,1,7,46.63,6.661428571428572
24,50,2,4,20.44,5.11
24,50,3,1,3.64,3.64
24,50,4,5,17.49,3.4979999999999998
24,51,0,4,5.55,1.3875
24,51,1,5,6.21,1.242
24,51,2,10,8.98,0.898
24,51,3,14,6.33,0.4521428571428571
24,51,4,6,1.36,0.22666666666666668
24,54,0,2,3.28,1.64
24,54,1,4,3.76,0.94
24,54,2,3,2.07,0.69
24,54,3,2,0.69,0.345
24,54,4,3,0.24,0.08
24,56,0,7,17.65,2.5214285714285714
24,56,1,14,20.04,1.4314285714285713
24,56,2,12,12.32,1.0266666666666666
24,56,3,10,4.29,0.429
24,56,4,4,0.81,0.2025
24,60,0,1,2.16,2.16
24,60,1,1,2.02,2.02
24,60,2,14,10.62,0.7585714285714286
24,60,3,11,5.47,0.49727272727272726
24,60,4,5,1.21,0.242
24,66,0,11,43.57,3.960909090909091
24,66,1,9,26.68,2.964444444444444
24,66,2,8,13.28,1.66
24,66,3,9,9.05,1.0055555555555555
24,66,4,19,14.08,0.7410526315789474
24,69,0,13,19.95,1.5346153846153845
24,69,1,10,9.07,0.907
24,69,2,16,14.47,0.904375
24,69,3,18,4.43,0.24611111111111109
24,69,4,17,3.66,0.21529411764705883
24,70,0,13,31.57,2.4284615384615384
24,70,1,5,6.53,1.306
24,70,2,10,10.53,1.053
24,70,3,2,1.7,0.85
24,70,4,12,9.65,0.8041666666666667
24,71,0,1,6.81,6.81
24,71,1,9,52.83,5.87
24,71,2,17,87.9,5.170588235294118
24,71,3,9,22.26,2.4733333333333336
24,71,4,14,14.05,1.0035714285714286
24,73,0,18,200.38,11.132222222222222
24,73,1,13,121.09,9.314615384615385
24,73,2,17,122.0,7.176470588235294
24,73,3,10,26.73,2.673
24,73,4,9,5.15,0.5722222222222223
24,74,0,15,44.15,2.9433333333333334
24,74,1,20,47.33,2.3665
24,74,2,14,24.98,1.7842857142857143
24,74,3,12,19.45,1.6208333333333333
24,74,4,13,14.94,1.1492307692307693
24,75,0,18,14.26,0.7922222222222222
24,75,1,8,6.13,0.76625
24,75,2,15,9.31,0.6206666666666667
24,75,3,14,3.37,0.24071428571428571
24,75,4,13,2.65,0.20384615384615384
24,77,0,13,25.39,1.9530769230769232
24,77,1,5,8.5,1.7
24,77,2,3,5.07,1.6900000000000002
24,77,3,17,17.37,1.021764705882353
24,77,4,17,14.53,0.8547058823529411
24,79,0,5,55.51,11.102
24,79,1,20,209.11,10.4555
24,79,2,14,47.96,3.4257142857142857
24,79,3,11,23.8,2.1636363636363636
24,79,4,5,3.43,0.686
24,80,0,10,27.98,2.798
24,80,1,9,18.6,2.066666666666667
24,80,2,7,8.88,1.2685714285714287
24,80,3,8,8.52,1.065
24,80,4,16,13.07,0.816875
24,82,0,3,26.17,8.723333333333334
24,82,1,11,94.5,8.590909090909092
24,82,2,5,36.84,7.368
24,82,3,16,71.33,4.458125
24,82,4,13,47.29,3.6376923076923076
24,84,0,16,109.9,6.86875
24,84,1,7,44.22,6.317142857142857
24,84,2,12,44.46,3.705
24,84,3,12,31.45,2.620833333333333
24,84,4,8,15.05,1.88125
24,85,0,9,90.38,10.042222222222222
24,85,1,5,39.28,7.856
24,85,2,10,72.78,7.2780000000000005
24,85,3,9,22.49,2.4988888888888887
24,85,4,2,1.11,0.555
24,87,0,14,46.86,3.347142857142857
24,87,1,11,36.68,3.3345454545454545
24,87,2,11,14.1,1.2818181818181817
24,87,3,8,7.45,0.93125
24,87,4,20,8.32,0.41600000000000004
24,88,0,13,12.8,0.9846153846153847
24,88,1,10,4.96,0.496
24,88,2,12,2.78,0.23166666666666666
24,88,3,18,3.08,0.1711111111111111
24,88,4,10,1.52,0.152
24,89,0,14,142.81,10.200714285714286
24,89,1,8,55.91,6.98875
24,89,2,12,78.69,6.5575
24,89,3,8,52.08,6.51
24,89,4,13,35.85,2.7576923076923077
24,90,0,17,37.41,2.2005882352941173
24,90,1,8,16.22,2.0275
24,90,2,10,14.19,1.419
24,90,3,19,23.45,1.2342105263157894
24,90,4,3,2.56,0.8533333333333334
24,93,0,8,65.09,8.13625
24,93,1,16,118.67,7.416875
24,93,2,20,99.19,4.9595
24,93,3,2,6.78,3.39
24,93,4,20,54.58,2.729
24,94,0,7,28.8,4.114285714285715
24,94,1,16,64.33,4.020625
24,94,2,19,62.83,3.306842105263158
24,94,3,8,11.34,1.4175
24,94,4,5,2.89,0.5780000000000001
24,97,0,15,26.83,1.7886666666666666
24,97,1,6,8.81,1.4683333333333335
24,97,2,8,11.33,1.41625
24,97,3,13,12.87,0.99
24,97,4,1,0.79,0.79
25,1,0,18,40.74,2.2633333333333336
25,1,1,4,8.26,2.065
25,1,2,7,4.81,0.687142857142857
25,1,3,3,1.97,0.6566666666666666
25,1,4,13,7.68,0.5907692307692307
25,3,0,15,25.09,1.6726666666666667
25,3,1,19,29.44,1.5494736842105263
25,3,2,20,21.04,1.052
25,3,3,7,1.59,0.22714285714285715
25,3,4,2,0.2,0.1
25,5,0,13,23.61,1.816153846153846
25,5,1,10,17.57,1.7570000000000001
25,5,2,18,31.23,1.735
25,5,3,3,2.35,0.7833333333333333
25,5,4,7,3.75,0.5357142857142857
25,8,0,14,17.23,1.2307142857142856
25,8,1,16,15.28,0.955
25,8,2,13,5.71,0.4392307692307692
25,8,3,3,0.9,0.3
25,8,4,15,1.72,0.11466666666666667
25,16,0,2,3.61,1.805
25,16,1,5,6.4,1.28
25,16,2,20,22.38,1.119
25,16,3,7,6.23,0.89
25,16,4,5,1.73,0.346
25,19,0,11,17.76,1.6145454545454547
25,19,1,11,14.2,1.2909090909090908
25,19,2,19,17.62,0.9273684210526316
25,19,3,3,1.58,0.5266666666666667
25,19,4,6,2.82,0.47
25,20,0,20,19.02,0.951
25,20,1,4,2.63,0.6575
25,20,2,17,10.99,0.6464705882352941
25,20,3,16,7.63,0.476875
25,20,4,8,2.53,0.31625
25,23,0,10,44.16,4.4159999999999995
25,23,1,14,61.18,4.37
25,23,2,5,19.06,3.812
25,23,3,15,42.55,2.8366666666666664
25,23,4,4,5.18,1.295
25,24,0,11,8.05,0.7318181818181819
25,24,1,18,9.69,0.5383333333333333
25,24,2,9,3.91,0.43444444444444447
25,24,3,4,1.58,0.395
25,24,4,5,1.37,0.274
25,28,0,17,6.02,0.3541176470588235
25,28,1,2,0.69,0.345
25,28,2,20,5.41,0.2705
25,28,3,17,4.06,0.23882352941176468
25,28,4,12,0.23,0.01916666666666667
25,29,0,20,106.12,5.306
25,29,1,18,74.16,4.12
25,29,2,10,19.05,1.905
25,29,3,6,8.12,1.3533333333333333
25,29,4,14,6.04,0.43142857142857144
25,30,0,8,20.34,2.5425
25,30,1,12,24.48,2.04
25,30,2,4,6.68,1.67
25,30,3,8,9.99,1.24875
25,30,4,3,2.92,0.9733333333333333
25,33,0,15,90.76,6.050666666666667
25,33,1,18,96.75,5.375
25,33,2,11,49.19,4.471818181818182
25,33,3,12,10.0,0.8333333333333334
25,33,4,11,4.69,0.4263636363636364
25,34,0,6,5.31,0.8849999999999999
25,34,1,6,5.17,0.8616666666666667
25,34,2,4,1.41,0.3525
25,34,3,16,5.19,0.324375
25,34,4,5,0.8,0.16
25,36,0,2,2.05,1.025
25,36,1,16,14.12,0.8825
25,36,2,8,6.82,0.8525
25,36,3,14,9.74,0.6957142857142857
25,36,4,6,2.19,0.365
25,38,0,2,19.32,9.66
25,38,1,5,43.0,8.6
25,38,2,1,5.99,5.99
25,38,3,12,51.4,4.283333333333333
25,38,4,13,24.07,1.8515384615384616
25,46,0,1,3.14,3.14
25,46,1,8,19.86,2.4825
25,46,2,18,39.67,2.203888888888889
25,46,3,3,6.61,2.2033333333333336
25,46,4,15,23.85,1.59
25,47,0,3,8.69,2.8966666666666665
25,47,1,20,26.29,1.3145
25,47,2,19,24.64,1.296842105263158
25,47,3,10,8.59,0.859
25,47,4,7,4.6,0.6571428571428571
25,49,0,14,17.73,1.2664285714285715
25,49,1,8,8.69,1.08625
25,49,2,1,1.02,1.02
25,49,3,19,8.25,0.4342105263157895
25,49,4,14,1.31,0.09357142857142857
25,50,0,10,86.95,8.695
25,50,1,19,105.07,5.529999999999999
25,50,2,11,16.56,1.5054545454545454
25,50,3,12,13.58,1.1316666666666666
25,50,4,1,0.83,0.83
25,51,0,11,7.93,0.7209090909090908
25,51,1,5,2.84,0.568
25,51,2,8,3.69,0.46125
25,51,3,19,4.79,0.2521052631578947
25,51,4,12,1.6,0.13333333333333333
25,54,0,6,5.17,0.8616666666666667
25,54,1,7,5.54,0.7914285714285715
25,54,2,18,5.59,0.31055555555555553
25,54,3,1,0.22,0.22
25,54,4,10,0.42,0.041999999999999996
25,56,0,17,43.37,2.551176470588235
25,56,1,5,11.54,2.308
25,56,2,15,17.73,1.182
25,56,3,5,5.78,1.1560000000000001
25,56,4,7,6.96,0.9942857142857143
25,60,0,14,38.98,2.7842857142857143
25,60,1,10,27.64,2.7640000000000002
25,60,2,20,42.19,2.1094999999999997
25,60,3,18,23.47,1.3038888888888889
25,60,4,17,17.12,1.0070588235294118
25,66,0,5,18.86,3.772
25,66,1,7,11.71,1.672857142857143
25,66,2,19,28.72,1.511578947368421
25,66,3,10,5.18,0.518
25,66,4,20,7.59,0.3795
25,69,0,8,17.8,2.225
25,69,1,7,14.23,2.032857142857143
25,69,2,4,4.61,1.1525
25,69,3,11,12.38,1.1254545454545455
25,69,4,8,5.63,0.70375
25,70,0,1,1.2,1.2
25,70,1,12,13.77,1.1475
25,70,2,1,1.14,1.14
25,70,3,3,2.82,0.94
25,70,4,17,14.27,0.8394117647058823
25,71,0,14,109.57,7.826428571428571
25,71,1,7,51.13,7.304285714285714
25,71,2,9,53.96,5.995555555555556
25,71,3,17,29.41,1.73
25,71,4,17,13.74,0.808235294117647
25,73,0,16,138.01,8.625625
25,73,1,4,33.34,8.335
25,73,2,13,104.49,8.037692307692307
25,73,3,11,70.94,6.449090909090909
25,73,4,1,1.76,1.76
25,74,0,16,31.53,1.970625
25,74,1,2,3.04,1.52
25,74,2,7,5.85,0.8357142857142856
25,74,3,16,8.32,0.52
25,74,4,20,5.69,0.28450000000000003
25,75,0,3,5.16,1.72
25,75,1,14,23.81,1.7007142857142856
25,75,2,9,14.84,1.6488888888888888
25,75,3,13,20.01,1.5392307692307694
25,75,4,14,2.5,0.17857142857142858
25,77,0,6,8.97,1.495
25,77,1,13,15.4,1.1846153846153846
25,77,2,7,5.01,0.7157142857142856
25,77,3,13,7.21,0.5546153846153846
25,77,4,11,1.22,0.1109090909090909
25,79,0,3,27.34,9.113333333333333
25,79,1,14,70.99,5.070714285714286
25,79,2,18,73.4,4.077777777777778
25,79,3,9,31.24,3.471111111111111
25,79,4,14,18.17,1.297857142857143
25,80,0,3,5.2,1.7333333333333334
25,80,1,5,8.43,1.686
25,80,2,4,3.99,0.9975
25,80,3,14,12.1,0.8642857142857142
25,80,4,7,0.78,0.11142857142857143
25,82,0,2,9.19,4.595
25,82,1,13,50.21,3.8623076923076924
25,82,2,11,26.7,2.4272727272727272
25,82,3,1,1.47,1.47
25,82,4,20,15.94,0.7969999999999999
25,84,0,19,159.6,8.4
25,84,1,6,38.38,6.396666666666667
25,84,2,8,43.06,5.3825
25,84,3,16,62.75,3.921875
25,84,4,7,22.37,3.1957142857142857
25,85,0,13,108.82,8.37076923076923
25,85,1,5,38.37,7.6739999999999995
25,85,2,1,3.72,3.72
25,85,3,19,50.95,2.681578947368421
25,85,4,6,3.36,0.5599999999999999
25,87,0,2,6.28,3.14
25,87,1,4,11.68,2.92
25,87,2,4,8.93,2.2325
25,87,3,8,17.24,2.155
25,87,4,15,27.07,1.8046666666666666
25,88,0,17,17.46,1.0270588235294118
25,88,1,13,10.99,0.8453846153846154
25,88,2,9,6.6,0.7333333333333333
25,88,3,8,1.6,0.2
25,88,4,19,2.01,0.10578947368421052
25,89,0,1,8.8,8.8
25,89,1,8,46.27,5.78375
25,89,2,12,62.96,5.246666666666667
25,89,3,4,12.91,3.2275
25,89,4,7,17.92,2.56
25,90,0,19,39.04,2.054736842105263
25,90,1,5,5.65,1.1300000000000001
25,90,2,5,1.47,0.294
25,90,3,7,1.43,0.20428571428571426
25,90,4,7,1.22,0.1742857142857143
25,93,0,14,114.39,8.170714285714286
25,93,1,2,15.62,7.81
25,93,2,14,99.34,7.095714285714286
25,93,3,10,59.41,5.941
25,93,4,9,42.01,4.667777777777777
25,94,0,9,25.87,2.8744444444444444
25,94,1,5,7.93,1.5859999999999999
25,94,2,19,27.37,1.4405263157894737
25,94,3,15,13.61,0.9073333333333333
25,94,4,6,1.73,0.28833333333333333
25,97,0,12,31.68,2.64
25,97,1,3,7.32,2.44
25,97,2,18,41.82,2.3233333333333333
25,97,3,18,26.43,1.4683333333333333
25,97,4,4,0.81,0.2025
28,1,0,1,2.69,2.69
28,1,1,8,16.25,2.03125
28,1,2,10,16.5,1.65
28,1,3,6,9.67,1.6116666666666666
28,1,4,10,14.64,1.464
28,3,0,18,32.15,1.786111111111111
28,3,1,15,23.05,1.5366666666666666
28,3,2,2,1.25,0.625
28,3,3,2,1.14,0.57
28,3,4,1,0.48,0.48
28,5,0,16,34.75,2.171875
28,5,1,4,8.27,2.0675
28,5,2,16,25.57,1.598125
28,5,3,17,25.54,1.5023529411764704
28,5,4,13,15.13,1.163846153846154
28,8,0,13,24.11,1.8546153846153846
28,8,1,13,23.83,1.833076923076923
28,8,2,17,12.92,0.76
28,8,3,14,9.36,0.6685714285714285
28,8,4,2,0.42,0.21
28,16,0,3,6.88,2.2933333333333334
28,16,1,12,27.22,2.268333333333333
28,16,2,18,27.93,1.5516666666666667
28,16,3,3,2.77,0.9233333333333333
28,16,4,17,14.84,0.8729411764705882
28,19,0,8,13.46,1.6825
28,19,1,11,15.93,1.4481818181818182
28,19,2,18,13.87,0.7705555555555555
28,19,3,16,7.09,0.443125
28,19,4,16,5.38,0.33625
28,20,0,17,15.44,0.908235294117647
28,20,1,3,2.2,0.7333333333333334
28,20,2,6,2.3,0.3833333333333333
28,20,3,18,4.64,0.2577777777777778
28,20,4,11,1.94,0.17636363636363636
28,23,0,13,32.91,2.531538461538461
28,23,1,20,34.82,1.741
28,23,2,7,11.29,1.6128571428571428
28,23,3,7,6.31,0.9014285714285714
28,23,4,8,3.81,0.47625
28,24,0,18,25.09,1.393888888888889
28,24,1,15,19.9,1.3266666666666667
28,24,2,20,12.89,0.6445000000000001
28,24,3,11,3.14,0.28545454545454546
28,24,4,9,1.06,0.11777777777777779
28,25,0,13,4.54,0.34923076923076923
28,25,1,18,5.87,0.32611111111111113
28,25,2,4,0.75,0.1875
28,25,3,14,0.73,0.052142857142857144
28,25,4,5,0.12,0.024
28,29,0,3,12.16,4.053333333333334
28,29,1,5,14.5,2.9
28,29,2,12,22.82,1.9016666666666666
28,29,3,1,1.6,1.6
28,29,4,8,5.65,0.70625
28,30,0,5,11.78,2.356
28,30,1,9,16.61,1.8455555555555554
28,30,2,12,15.93,1.3275
28,30,3,16,20.8,1.3
28,30,4,18,16.89,0.9383333333333334
28,33,0,14,83.26,5.9471428571428575
28,33,1,19,94.29,4.962631578947369
28,33,2,10,41.37,4.137
28,33,3,7,19.26,2.751428571428572
28,33,4,18,31.22,1.7344444444444445
28,34,0,16,13.71,0.856875
28,34,1,20,15.18,0.759
28,34,2,8,5.6,0.7
28,34,3,6,4.17,0.695
28,34,4,19,8.83,0.46473684210526317
28,36,0,8,7.25,0.90625
28,36,1,5,4.23,0.8460000000000001
28,36,2,8,5.37,0.67125
28,36,3,3,1.03,0.3433333333333333
28,36,4,8,2.19,0.27375
28,38,0,18,148.56,8.253333333333334
28,38,1,7,54.18,7.74
28,38,2,19,71.01,3.737368421052632
28,38,3,13,35.74,2.7492307692307696
28,38,4,1,1.02,1.02
28,46,0,6,17.81,2.9683333333333333
28,46,1,13,36.62,2.816923076923077
28,46,2,14,31.91,2.2792857142857144
28,46,3,12,25.07,2.089166666666667
28,46,4,9,17.0,1.8888888888888888
28,47,0,12,31.5,2.625
28,47,1,7,14.93,2.132857142857143
28,47,2,6,9.38,1.5633333333333335
28,47,3,12,13.8,1.1500000000000001
28,47,4,8,4.03,0.50375
28,49,0,19,14.78,0.7778947368421052
28,49,1,16,8.85,0.553125
28,49,2,17,8.73,0.5135294117647059
28,49,3,20,5.45,0.2725
28,49,4,10,1.07,0.10700000000000001
28,50,0,7,47.08,6.725714285714285
28,50,1,19,56.43,2.97
28,50,2,16,44.19,2.761875
28,50,3,11,10.54,0.9581818181818181
28,50,4,12,4.53,0.3775
28,51,0,20,11.98,0.599
28,51,1,18,9.92,0.5511111111111111
28,51,2,17,6.19,0.36411764705882355
28,51,3,4,1.38,0.345
28,51,4,3,0.38,0.12666666666666668
28,54,0,8,5.26,0.6575
28,54,1,17,9.0,0.5294117647058824
28,54,2,8,3.26,0.4075
28,54,3,3,0.62,0.20666666666666667
28,54,4,14,2.1,0.15
28,56,0,8,16.56,2.07
28,56,1,10,19.98,1.998
28,56,2,15,26.9,1.7933333333333332
28,56,3,10,10.14,1.014
28,56,4,15,10.12,0.6746666666666666
28,60,0,2,6.67,3.335
28,60,1,1,2.13,2.13
28,60,2,16,29.71,1.856875
28,60,3,19,8.25,0.4342105263157895
28,60,4,16,3.55,0.221875
28,66,0,4,13.9,3.475
28,66,1,9,30.08,3.342222222222222
28,66,2,11,35.06,3.1872727272727275
28,66,3,4,7.86,1.965
28,66,4,3,3.44,1.1466666666666667
28,69,0,12,28.56,2.38
28,69,1,10,15.25,1.525
28,69,2,1,1.35,1.35
28,69,3,7,7.76,1.1085714285714285
28,69,4,2,1.23,0.615
28,70,0,17,17.98,1.0576470588235294
28,70,1,16,14.0,0.875
28,70,2,6,3.24,0.54
28,70,3,14,7.48,0.5342857142857144
28,70,4,15,7.21,0.4806666666666667
28,71,0,8,60.15,7.51875
28,71,1,18,96.83,5.379444444444444
28,71,2,4,14.76,3.69
28,71,3,11,22.2,2.018181818181818
28,71,4,14,23.06,1.647142857142857
28,73,0,4,37.23,9.3075
28,73,1,1,9.12,9.12
28,73,2,5,41.29,8.258
28,73,3,12,76.39,6.365833333333334
28,73,4,17,39.15,2.302941176470588
28,74,0,5,15.57,3.114
28,74,1,16,33.88,2.1175
28,74,2,18,27.21,1.5116666666666667
28,74,3,17,23.62,1.3894117647058823
28,74,4,6,8.07,1.345
28,75,0,4,6.16,1.54
28,75,1,18,19.82,1.1011111111111112
28,75,2,5,5.03,1.006
28,75,3,4,3.88,0.97
28,75,4,5,4.39,0.8779999999999999
28,77,0,13,17.14,1.3184615384615386
28,77,1,19,24.09,1.2678947368421052
28,77,2,6,4.92,0.82
28,77,3,7,2.55,0.36428571428571427
28,77,4,19,3.79,0.19947368421052633
28,79,0,17,114.89,6.758235294117647
28,79,1,4,26.92,6.73
28,79,2,11,47.4,4.309090909090909
28,79,3,1,2.96,2.96
28,79,4,4,6.79,1.6975
28,80,0,13,16.34,1.2569230769230768
28,80,1,19,18.13,0.9542105263157894
28,80,2,11,5.26,0.47818181818181815
28,80,3,7,3.13,0.4471428571428571
28,80,4,20,2.2,0.11000000000000001
28,82,0,17,102.08,6.004705882352941
28,82,1,4,23.53,5.8825
28,82,2,13,64.99,4.999230769230769
28,82,3,15,61.01,4.067333333333333
28,82,4,3,3.14,1.0466666666666666
28,84,0,12,111.86,9.321666666666667
28,84,1,4,23.48,5.87
28,84,2,15,39.13,2.6086666666666667
28,84,3,20,46.58,2.3289999999999997
28,84,4,13,13.32,1.0246153846153847
28,85,0,12,69.04,5.753333333333334
28,85,1,11,57.22,5.201818181818182
28,85,2,1,4.24,4.24
28,85,3,6,21.08,3.513333333333333
28,85,4,7,11.36,1.6228571428571428
28,87,0,2,7.42,3.71
28,87,1,16,57.57,3.598125
28,87,2,15,49.45,3.296666666666667
28,87,3,10,18.46,1.846
28,87,4,4,3.55,0.8875
28,88,0,12,8.13,0.6775000000000001
28,88,1,8,2.1,0.2625
28,88,2,4,0.95,0.2375
28,88,3,3,0.57,0.18999999999999997
28,88,4,12,1.83,0.1525
28,89,0,2,15.77,7.885
28,89,1,7,53.43,7.632857142857143
28,89,2,12,75.87,6.322500000000001
28,89,3,15,20.38,1.3586666666666667
28,89,4,9,8.98,0.9977777777777779
28,90,0,16,35.26,2.20375
28,90,1,9,13.79,1.5322222222222222
28,90,2,11,12.11,1.1009090909090908
28,90,3,12,12.98,1.0816666666666668
28,90,4,15,5.49,0.366
28,93,0,10,76.39,7.639
28,93,1,4,21.32,5.33
28,93,2,5,18.44,3.688
28,93,3,13,39.85,3.0653846153846156
28,93,4,6,12.06,2.0100000000000002
28,94,0,4,11.14,2.785
28,94,1,14,23.97,1.712142857142857
28,94,2,11,17.25,1.5681818181818181
28,94,3,3,2.8,0.9333333333333332
28,94,4,16,10.86,0.67875
28,97,0,8,37.58,4.6975
28,97,1,14,35.27,2.5192857142857146
28,97,2,8,19.78,2.4725
28,97,3,20,39.72,1.986
28,97,4,4,6.23,1.5575
29,1,0,2,15.13,7.565
29,1,1,2,12.51,6.255
29,1,2,11,42.08,3.825454545454545
29,1,3,9,31.78,3.531111111111111
29,1,4,8,17.41,2.17625
29,3,0,11,72.82,6.619999999999999
29,3,1,6,37.46,6.243333333333333
29,3,2,10,57.03,5.703
29,3,3,8,28.76,3.595
29,3,4,19,67.98,3.5778947368421057
29,5,0,6,38.98,6.496666666666666
29,5,1,6,36.73,6.121666666666666
29,5,2,20,91.74,4.587
29,5,3,11,20.31,1.8463636363636362
29,5,4,9,16.03,1.7811111111111113
29,8,0,6,43.7,7.283333333333334
29,8,1,1,6.63,6.63
29,8,2,6,18.35,3.0583333333333336
29,8,3,2,3.04,1.52
29,8,4,19,15.34,0.8073684210526316
29,16,0,13,47.48,3.652307692307692
29,16,1,11,39.34,3.5763636363636366
29,16,2,2,6.87,3.435
29,16,3,16,34.09,2.130625
29,16,4,17,9.47,0.5570588235294118
29,19,0,13,55.28,4.252307692307692
29,19,1,5,6.93,1.386
29,19,2,2,2.13,1.065
29,19,3,18,6.33,0.3516666666666667
29,19,4,18,5.18,0.28777777777777774
29,20,0,6,19.39,3.231666666666667
29,20,1,17,53.35,3.138235294117647
29,20,2,20,18.21,0.9105000000000001
29,20,3,18,16.36,0.9088888888888889
29,20,4,9,2.65,0.29444444444444445
29,23,0,2,0.63,0.315
29,23,1,7,1.55,0.22142857142857145
29,23,2,2,0.33,0.165
29,23,3,3,0.4,0.13333333333333333
29,23,4,16,1.19,0.074375
29,24,0,15,101.8,6.786666666666666
29,24,1,4,23.71,5.9275
29,24,2,9,29.14,3.2377777777777776
29,24,3,19,43.29,2.278421052631579
29,24,4,11,10.13,0.920909090909091
29,25,0,6,15.59,2.598333333333333
29,25,1,14,34.43,2.459285714285714
29,25,2,5,10.91,2.182
29,25,3,14,11.41,0.8150000000000001
29,25,4,11,5.76,0.5236363636363636
29,28,0,9,21.94,2.437777777777778
29,28,1,19,34.5,1.8157894736842106
29,28,2,19,28.09,1.4784210526315789
29,28,3,2,2.15,1.075
29,28,4,3,1.32,0.44
29,30,0,1,2.5,2.5
29,30,1,7,16.38,2.34
29,30,2,9,20.29,2.2544444444444443
29,30,3,5,7.35,1.47
29,30,4,13,13.39,1.03
29,33,0,16,40.9,2.55625
29,33,1,16,34.32,2.145
29,33,2,10,9.61,0.961
29,33,3,5,4.62,0.924
29,33,4,8,0.9,0.1125
29,34,0,19,116.26,6.118947368421053
29,34,1,16,90.45,5.653125
29,34,2,5,19.92,3.9840000000000004
29,34,3,14,25.17,1.797857142857143
29,34,4,13,14.69,1.13
29,36,0,2,7.43,3.715
29,36,1,18,58.47,3.248333333333333
29,36,2,16,51.84,3.24
29,36,3,19,14.63,0.77
29,36,4,6,2.47,0.4116666666666667
29,38,0,18,67.59,3.7550000000000003
29,38,1,6,12.7,2.1166666666666667
29,38,2,9,14.43,1.6033333333333333
29,38,3,12,17.95,1.4958333333333333
29,38,4,6,2.44,0.4066666666666667
29,46,0,12,54.26,4.5216666666666665
29,46,1,16,69.9,4.36875
29,46,2,2,5.79,2.895
29,46,3,19,51.35,2.7026315789473685
29,46,4,12,8.57,0.7141666666666667
29,47,0,6,38.12,6.353333333333333
29,47,1,11,58.19,5.29
29,47,2,7,36.52,5.217142857142858
29,47,3,9,45.82,5.091111111111111
29,47,4,14,64.35,4.596428571428571
29,49,0,12,61.23,5.1025
29,49,1,3,14.84,4.946666666666666
29,49,2,17,37.22,2.1894117647058824
29,49,3,10,14.0,1.4
29,49,4,1,1.3,1.3
29,50,0,8,21.23,2.65375
29,50,1,2,5.15,2.575
29,50,2,2,2.64,1.32
29,50,3,3,2.78,0.9266666666666666
29,50,4,14,7.3,0.5214285714285715
29,51,0,17,81.44,4.790588235294117
29,51,1,16,65.58,4.09875
29,51,2,17,35.18,2.0694117647058823
29,51,3,3,4.81,1.6033333333333333
29,51,4,6,3.45,0.5750000000000001
29,54,0,17,69.69,4.0994117647058825
29,54,1,15,42.93,2.862
29,54,2,8,20.1,2.5125
29,54,3,6,14.74,2.4566666666666666
29,54,4,10,19.39,1.939
29,56,0,2,8.24,4.12
29,56,1,19,70.76,3.72421052631579
29,56,2,19,47.37,2.493157894736842
29,56,3,16,21.19,1.324375
29,56,4,14,5.83,0.4164285714285714
29,60,0,11,57.97,5.27
29,60,1,7,32.34,4.62
29,60,2,4,15.08,3.77
29,60,3,13,43.32,3.332307692307692
29,60,4,10,27.77,2.777
29,66,0,8,14.15,1.76875
29,66,1,4,6.83,1.7075
29,66,2,18,16.83,0.9349999999999999
29,66,3,13,8.4,0.6461538461538462
29,66,4,14,6.63,0.4735714285714286
29,69,0,6,30.9,5.1499999999999995
29,69,1,5,22.58,4.516
29,69,2,17,76.2,4.482352941176471
29,69,3,1,4.11,4.11
29,69,4,5,3.7,0.74
29,70,0,1,5.67,5.67
29,70,1,18,68.68,3.815555555555556
29,70,2,9,28.32,3.1466666666666665
29,70,3,6,2.28,0.37999999999999995
29,70,4,4,1.43,0.3575
29,71,0,12,32.99,2.749166666666667
29,71,1,10,25.88,2.588
29,71,2,3,2.93,0.9766666666666667
29,71,3,14,11.84,0.8457142857142858
29,71,4,18,14.79,0.8216666666666667
29,73,0,14,59.86,4.275714285714286
29,73,1,10,41.67,4.167
29,73,2,6,17.14,2.856666666666667
29,73,3,15,11.87,0.7913333333333333
29,73,4,12,3.24,0.27
29,74,0,7,59.51,8.501428571428571
29,74,1,12,93.29,7.774166666666667
29,74,2,9,37.77,4.196666666666667
29,74,3,1,4.05,4.05
29,74,4,13,25.82,1.9861538461538462
29,75,0,11,70.44,6.403636363636363
29,75,1,18,73.77,4.098333333333333
29,75,2,13,49.32,3.793846153846154
29,75,3,11,28.14,2.558181818181818
29,75,4,11,6.69,0.6081818181818183
29,77,0,15,104.95,6.996666666666667
29,77,1,8,44.09,5.51125
29,77,2,11,48.72,4.429090909090909
29,77,3,6,26.29,4.381666666666667
29,77,4,4,6.8,1.7
29,79,0,18,77.83,4.323888888888889
29,79,1,13,51.62,3.9707692307692306
29,79,2,1,1.18,1.18
29,79,3,10,7.85,0.7849999999999999
29,79,4,9,3.05,0.33888888888888885
29,80,0,1,3.89,3.89
29,80,1,6,16.44,2.74
29,80,2,4,9.15,2.2875
29,80,3,18,21.52,1.1955555555555555
29,80,4,6,3.11,0.5183333333333333
29,82,0,9,16.87,1.8744444444444446
29,82,1,17,28.41,1.6711764705882353
29,82,2,6,8.5,1.4166666666666667
29,82,3,12,16.9,1.4083333333333332
29,82,4,1,0.41,0.41
29,84,0,8,28.6,3.575
29,84,1,15,45.1,3.006666666666667
29,84,2,17,50.19,2.9523529411764704
29,84,3,14,23.34,1.667142857142857
29,84,4,2,2.72,1.36
29,85,0,2,6.99,3.495
29,85,1,6,18.11,3.018333333333333
29,85,2,8,17.87,2.23375
29,85,3,13,22.07,1.6976923076923076
29,85,4,18,18.13,1.0072222222222222
29,87,0,17,58.28,3.428235294117647
29,87,1,2,4.21,2.105
29,87,2,13,16.69,1.2838461538461539
29,87,3,13,15.34,1.18
29,87,4,19,14.32,0.7536842105263158
29,88,0,8,29.0,3.625
29,88,1,6,21.71,3.6183333333333336
29,88,2,6,16.92,2.8200000000000003
29,88,3,13,15.08,1.16
29,88,4,7,6.33,0.9042857142857142
29,89,0,15,56.27,3.7513333333333336
29,89,1,5,18.12,3.624
29,89,2,7,24.08,3.44
29,89,3,19,52.12,2.743157894736842
29,89,4,3,5.71,1.9033333333333333
29,90,0,5,37.55,7.51
29,90,1,14,84.73,6.052142857142857
29,90,2,1,5.03,5.03
29,90,3,10,37.85,3.785
29,90,4,12,8.27,0.6891666666666666
29,93,0,1,2.87,2.87
29,93,1,19,46.14,2.428421052631579
29,93,2,19,41.58,2.188421052631579
29,93,3,20,19.26,0.9630000000000001
29,93,4,15,3.85,0.25666666666666665
29,94,0,2,5.16,2.58
29,94,1,16,39.58,2.47375
29,94,2,20,16.36,0.818
29,94,3,11,8.95,0.8136363636363636
29,94,4,4,2.83,0.7075
29,97,0,9,64.8,7.199999999999999
29,97,1,7,38.99,5.57
29,97,2,9,15.05,1.6722222222222223
29,97,3,8,10.2,1.275
29,97,4,5,4.73,0.9460000000000001
30,1,0,7,32.28,4.611428571428571
30,1,1,1,3.63,3.63
30,1,2,2,2.34,1.17
30,1,3,12,13.81,1.1508333333333334
30,1,4,15,6.67,0.44466666666666665
30,3,0,2,8.03,4.015
30,3,1,6,22.86,3.81
30,3,2,4,9.01,2.2525
30,3,3,14,29.05,2.075
30,3,4,5,4.11,0.8220000000000001
30,5,0,1,3.88,3.88
30,5,1,15,51.66,3.444
30,5,2,12,33.4,2.783333333333333
30,5,3,7,19.11,2.73
30,5,4,19,19.92,1.0484210526315791
30,8,0,18,64.62,3.5900000000000003
30,8,1,10,21.51,2.1510000000000002
30,8,2,3,6.01,2.0033333333333334
30,8,3,3,2.57,0.8566666666666666
30,8,4,17,11.64,0.6847058823529412
30,16,0,5,22.98,4.596
30,16,1,1,4.2,4.2
30,16,2,10,34.3,3.4299999999999997
30,16,3,1,3.24,3.24
30,16,4,16,35.18,2.19875
30,19,0,6,15.82,2.6366666666666667
30,19,1,12,28.04,2.3366666666666664
30,19,2,1,2.33,2.33
30,19,3,8,13.43,1.67875
30,19,4,13,13.91,1.07
30,20,0,17,22.54,1.3258823529411765
30,20,1,6,6.71,1.1183333333333334
30,20,2,1,1.11,1.11
30,20,3,17,13.97,0.821764705882353
30,20,4,5,2.91,0.5820000000000001
30,23,0,4,7.42,1.855
30,23,1,1,1.74,1.74
30,23,2,6,9.42,1.57
30,23,3,15,22.92,1.528
30,23,4,2,1.47,0.735
30,24,0,15,59.69,3.9793333333333334
30,24,1,10,32.79,3.279
30,24,2,18,41.56,2.308888888888889
30,24,3,3,5.43,1.8099999999999998
30,24,4,20,30.19,1.5095
30,25,0,9,22.49,2.4988888888888887
30,25,1,11,19.61,1.7827272727272727
30,25,2,14,18.39,1.3135714285714286
30,25,3,8,9.35,1.16875
30,25,4,14,2.69,0.19214285714285714
30,28,0,9,14.66,1.6288888888888888
30,28,1,19,21.36,1.1242105263157895
30,28,2,11,11.35,1.0318181818181817
30,28,3,10,7.08,0.708
30,28,4,16,7.45,0.465625
30,29,0,7,19.15,2.7357142857142853
30,29,1,16,36.81,2.300625
30,29,2,2,2.39,1.195
30,29,3,1,1.09,1.09
30,29,4,13,11.62,0.8938461538461537
30,33,0,14,60.32,4.308571428571429
30,33,1,15,64.03,4.268666666666666
30,33,2,7,18.87,2.6957142857142857
30,33,3,13,16.05,1.2346153846153847
30,33,4,17,5.37,0.3158823529411765
30,34,0,15,38.58,2.572
30,34,1,17,14.25,0.8382352941176471
30,34,2,4,3.03,0.7575
30,34,3,10,6.53,0.653
30,34,4,18,10.89,0.605
30,36,0,4,10.0,2.5
30,36,1,3,5.8,1.9333333333333333
30,36,2,3,4.39,1.4633333333333332
30,36,3,13,12.61,0.97
30,36,4,16,12.83,0.801875
30,38,0,16,105.93,6.620625
30,38,1,1,5.06,5.06
30,38,2,9,44.95,4.9944444444444445
30,38,3,9,27.02,3.002222222222222
30,38,4,4,5.43,1.3575
30,46,0,19,56.83,2.991052631578947
30,46,1,19,43.44,2.2863157894736843
30,46,2,1,2.14,2.14
30,46,3,20,27.93,1.3965
30,46,4,18,18.07,1.0038888888888888
30,47,0,15,72.53,4.835333333333334
30,47,1,7,25.02,3.5742857142857143
30,47,2,3,7.82,2.606666666666667
30,47,3,15,37.17,2.478
30,47,4,2,1.02,0.51
30,49,0,12,31.51,2.6258333333333335
30,49,1,14,34.67,2.4764285714285714
30,49,2,14,25.58,1.827142857142857
30,49,3,9,15.18,1.6866666666666665
30,49,4,19,27.63,1.4542105263157894
30,50,0,15,77.95,5.196666666666667
30,50,1,2,8.77,4.385
30,50,2,5,6.92,1.384
30,50,3,2,1.89,0.945
30,50,4,14,4.23,0.30214285714285716
30,51,0,16,39.39,2.461875
30,51,1,15,30.9,2.06
30,51,2,17,22.92,1.3482352941176472
30,51,3,9,12.01,1.3344444444444443
30,51,4,6,6.9,1.1500000000000001
30,54,0,18,35.33,1.9627777777777777
30,54,1,2,3.12,1.56
30,54,2,17,26.11,1.5358823529411765
30,54,3,8,8.06,1.0075
30,54,4,16,5.65,0.353125
30,56,0,5,8.99,1.798
30,56,1,5,8.87,1.7739999999999998
30,56,2,6,4.47,0.745
30,56,3,16,7.4,0.4625
30,56,4,5,2.25,0.45
30,60,0,17,67.96,3.997647058823529
30,60,1,17,43.4,2.552941176470588
30,60,2,12,15.32,1.2766666666666666
30,60,3,2,1.03,0.515
30,60,4,7,1.28,0.18285714285714286
30,66,0,17,29.28,1.7223529411764706
30,66,1,16,26.8,1.675
30,66,2,9,9.12,1.0133333333333332
30,66,3,3,1.81,0.6033333333333334
30,66,4,13,2.78,0.21384615384615382
30,69,0,6,23.47,3.9116666666666666
30,69,1,5,18.32,3.664
30,69,2,7,6.37,0.91
30,69,3,19,8.96,0.4715789473684211
30,69,4,19,4.82,0.2536842105263158
30,70,0,18,72.81,4.045
30,70,1,10,33.46,3.346
30,70,2,2,6.63,3.315
30,70,3,15,49.29,3.286
30,70,4,1,2.24,2.24
30,71,0,2,7.74,3.87
30,71,1,5,17.99,3.598
30,71,2,18,40.3,2.238888888888889
30,71,3,19,22.04,1.16
30,71,4,12,7.39,0.6158333333333333
30,73,0,4,28.72,7.18
30,73,1,2,14.26,7.13
30,73,2,8,51.23,6.40375
30,73,3,20,98.89,4.9445
30,73,4,12,31.19,2.5991666666666666
30,74,0,18,75.23,4.179444444444445
30,74,1,10,39.18,3.918
30,74,2,18,45.2,2.511111111111111
30,74,3,5,5.67,1.134
30,74,4,19,14.47,0.7615789473684211
30,75,0,8,33.47,4.18375
30,75,1,15,61.26,4.084
30,75,2,4,14.6,3.65
30,75,3,16,21.66,1.35375
30,75,4,10,11.54,1.154
30,77,0,3,12.28,4.093333333333333
30,77,1,2,6.5,3.25
30,77,2,18,54.24,3.0133333333333336
30,77,3,9,23.37,2.5966666666666667
30,77,4,9,13.38,1.4866666666666668
30,79,0,3,19.4,6.466666666666666
30,79,1,9,55.94,6.2155555555555555
30,79,2,8,37.73,4.71625
30,79,3,15,44.32,2.9546666666666668
30,79,4,4,1.64,0.41
30,80,0,11,14.12,1.2836363636363635
30,80,1,13,15.31,1.1776923076923078
30,80,2,11,12.09,1.0990909090909091
30,80,3,5,3.04,0.608
30,80,4,4,2.06,0.515
30,82,0,5,19.8,3.96
30,82,1,6,19.57,3.2616666666666667
30,82,2,5,15.71,3.1420000000000003
30,82,3,6,15.91,2.651666666666667
30,82,4,19,47.2,2.4842105263157896
30,84,0,12,60.33,5.0275
30,84,1,2,6.16,3.08
30,84,2,13,38.94,2.9953846153846153
30,84,3,4,7.44,1.86
30,84,4,9,3.83,0.4255555555555556
30,85,0,11,76.48,6.952727272727273
30,85,1,11,42.76,3.887272727272727
30,85,2,2,5.45,2.725
30,85,3,9,18.6,2.066666666666667
30,85,4,2,1.03,0.515
30,87,0,4,8.56,2.14
30,87,1,8,13.08,1.635
30,87,2,18,20.45,1.136111111111111
30,87,3,5,2.81,0.562
30,87,4,18,4.29,0.23833333333333334
30,88,0,1,0.83,0.83
30,88,1,2,1.4,0.7
30,88,2,4,1.44,0.36
30,88,3,4,0.7,0.175
30,88,4,2,0.15,0.075
30,89,0,4,10.6,2.65
30,89,1,20,46.28,2.314
30,89,2,6,8.4,1.4000000000000001
30,89,3,16,15.31,0.956875
30,89,4,17,13.12,0.7717647058823529
30,90,0,15,67.23,4.482
30,90,1,19,80.5,4.2368421052631575
30,90,2,9,34.69,3.8544444444444443
30,90,3,14,39.45,2.817857142857143
30,90,4,14,5.98,0.42714285714285716
30,93,0,15,82.47,5.498
30,93,1,6,31.86,5.31
30,93,2,17,83.72,4.924705882352941
30,93,3,3,10.2,3.4
30,93,4,17,31.74,1.8670588235294117
30,94,0,15,25.53,1.7020000000000002
30,94,1,9,13.52,1.5022222222222221
30,94,2,10,4.83,0.483
30,94,3,5,2.15,0.43
30,94,4,19,5.13,0.27
30,97,0,1,6.28,6.28
30,97,1,14,84.79,6.0564285714285715
30,97,2,6,33.85,5.641666666666667
30,97,3,13,42.7,3.284615384615385
30,97,4,7,6.6,0.9428571428571428
33,1,0,3,21.35,7.116666666666667
33,1,1,12,77.36,6.446666666666666
33,1,2,2,9.93,4.965
33,1,3,12,48.71,4.059166666666667
33,1,4,18,32.24,1.7911111111111113
33,3,0,16,139.7,8.73125
33,3,1,6,32.33,5.388333333333333
33,3,2,5,24.78,4.956
33,3,3,16,39.29,2.455625
33,3,4,10,17.16,1.716
33,5,0,19,112.2,5.905263157894737
33,5,1,4,21.33,5.3325
33,5,2,17,54.26,3.1917647058823526
33,5,3,19,16.54,0.8705263157894736
33,5,4,12,8.55,0.7125
33,8,0,2,14.33,7.165
33,8,1,11,71.45,6.495454545454546
33,8,2,10,61.23,6.122999999999999
33,8,3,20,96.45,4.8225
33,8,4,15,24.99,1.666
33,16,0,10,76.65,7.665000000000001
33,16,1,8,45.05,5.63125
33,16,2,11,56.07,5.097272727272728
33,16,3,18,28.94,1.6077777777777778
33,16,4,19,13.33,0.7015789473684211
33,19,0,11,60.48,5.498181818181818
33,19,1,3,15.93,5.31
33,19,2,10,43.32,4.332
33,19,3,14,60.59,4.327857142857143
33,19,4,14,6.19,0.44214285714285717
33,20,0,8,45.64,5.705
33,20,1,15,72.47,4.831333333333333
33,20,2,9,35.24,3.9155555555555557
33,20,3,9,25.38,2.82
33,20,4,17,12.54,0.7376470588235293
33,23,0,2,3.84,1.92
33,23,1,19,29.23,1.538421052631579
33,23,2,18,22.33,1.2405555555555554
33,23,3,19,19.62,1.0326315789473686
33,23,4,12,12.39,1.0325
33,24,0,16,65.6,4.1
33,24,1,17,65.5,3.8529411764705883
33,24,2,11,17.72,1.6109090909090908
33,24,3,19,29.72,1.5642105263157895
33,24,4,19,14.42,0.7589473684210526
33,25,0,16,96.31,6.019375
33,25,1,12,70.41,5.8675
33,25,2,13,58.6,4.507692307692308
33,25,3,12,43.17,3.5975
33,25,4,17,30.82,1.8129411764705883
33,28,0,14,74.49,5.320714285714286
33,28,1,15,62.84,4.189333333333334
33,28,2,12,44.77,3.7308333333333334
33,28,3,6,11.62,1.9366666666666665
33,28,4,17,19.26,1.1329411764705883
33,29,0,9,24.93,2.77
33,29,1,19,48.79,2.567894736842105
33,29,2,14,25.13,1.795
33,29,3,1,1.47,1.47
33,29,4,12,3.04,0.25333333333333335
33,30,0,3,12.61,4.203333333333333
33,30,1,6,23.62,3.936666666666667
33,30,2,3,3.07,1.0233333333333332
33,30,3,14,9.01,0.6435714285714286
33,30,4,11,3.51,0.3190909090909091
33,34,0,8,58.21,7.27625
33,34,1,18,52.98,2.9433333333333334
33,34,2,15,42.77,2.8513333333333337
33,34,3,17,32.53,1.913529411764706
33,34,4,8,6.12,0.765
33,36,0,1,4.58,4.58
33,36,1,14,62.22,4.444285714285714
33,36,2,7,11.87,1.6957142857142855
33,36,3,9,11.66,1.2955555555555556
33,36,4,16,11.63,0.726875
33,38,0,9,34.87,3.8744444444444444
33,38,1,1,3.31,3.31
33,38,2,3,9.62,3.2066666666666666
33,38,3,20,62.66,3.133
33,38,4,10,2.79,0.279
33,46,0,17,73.75,4.338235294117647
33,46,1,7,27.39,3.912857142857143
33,46,2,13,44.12,3.3938461538461535
33,46,3,8,24.96,3.12
33,46,4,5,1.62,0.324
33,47,0,1,5.04,5.04
33,47,1,7,24.28,3.468571428571429
33,47,2,16,53.06,3.31625
33,47,3,2,1.37,0.685
33,47,4,12,5.4,0.45
33,49,0,8,41.41,5.17625
33,49,1,16,69.83,4.364375
33,49,2,18,76.11,4.2283333333333335
33,49,3,8,25.8,3.225
33,49,4,6,16.19,2.6983333333333337
33,50,0,10,27.77,2.777
33,50,1,2,4.49,2.245
33,50,2,12,26.79,2.2325
33,50,3,6,10.98,1.83
33,50,4,3,2.7,0.9
33,51,0,16,83.36,5.21
33,51,1,5,17.16,3.432
33,51,2,11,32.4,2.9454545454545453
33,51,3,15,38.89,2.5926666666666667
33,51,4,17,10.94,0.6435294117647059
33,54,0,1,6.07,6.07
33,54,1,10,55.1,5.51
33,54,2,6,13.54,2.2566666666666664
33,54,3,18,36.16,2.0088888888888885
33,54,4,8,5.43,0.67875
33,56,0,12,41.39,3.4491666666666667
33,56,1,11,31.67,2.8790909090909094
33,56,2,5,9.5,1.9
33,56,3,6,3.12,0.52
33,56,4,19,4.29,0.22578947368421054
33,60,0,12,62.6,5.216666666666667
33,60,1,13,36.39,2.7992307692307694
33,60,2,8,22.09,2.76125
33,60,3,15,29.36,1.9573333333333334
33,60,4,12,8.33,0.6941666666666667
33,66,0,18,47.12,2.6177777777777775
33,66,1,13,28.83,2.2176923076923076
33,66,2,8,9.94,1.2425
33,66,3,20,21.48,1.074
33,66,4,16,16.05,1.003125
33,69,0,8,44.58,5.5725
33,69,1,16,73.45,4.590625
33,69,2,6,24.68,4.113333333333333
33,69,3,14,47.24,3.3742857142857146
33,69,4,14,28.65,2.0464285714285713
33,70,0,20,178.13,8.9065
33,70,1,15,125.14,8.342666666666666
33,70,2,17,105.74,6.22
33,70,3,10,47.61,4.761
33,70,4,10,29.4,2.94
33,71,0,18,29.27,1.626111111111111
33,71,1,2,2.04,1.02
33,71,2,15,12.06,0.804
33,71,3,14,9.02,0.6442857142857142
33,71,4,12,5.08,0.42333333333333334
33,73,0,18,105.97,5.887222222222222
33,73,1,15,85.05,5.67
33,73,2,4,22.22,5.555
33,73,3,3,5.83,1.9433333333333334
33,73,4,4,6.33,1.5825
33,74,0,12,118.19,9.849166666666667
33,74,1,14,130.52,9.322857142857144
33,74,2,3,17.02,5.673333333333333
33,74,3,7,37.51,5.3585714285714285
33,74,4,2,9.67,4.835
33,75,0,18,50.63,2.812777777777778
33,75,1,16,39.2,2.45
33,75,2,6,8.91,1.485
33,75,3,19,9.1,0.4789473684210526
33,75,4,8,3.12,0.39
33,77,0,15,129.44,8.629333333333333
33,77,1,17,71.07,4.180588235294117
33,77,2,6,24.32,4.053333333333334
33,77,3,9,31.02,3.4466666666666668
33,77,4,7,16.93,2.4185714285714286
33,79,0,16,76.96,4.81
33,79,1,10,34.44,3.444
33,79,2,3,8.43,2.81
33,79,3,20,32.33,1.6164999999999998
33,79,4,16,25.37,1.585625
33,80,0,11,53.26,4.841818181818182
33,80,1,12,38.17,3.1808333333333336
33,80,2,20,56.74,2.837
33,80,3,10,19.52,1.952
33,80,4,3,1.41,0.47
33,82,0,4,6.45,1.6125
33,82,1,13,17.97,1.3823076923076922
33,82,2,9,6.97,0.7744444444444444
33,82,3,13,7.79,0.5992307692307692
33,82,4,12,5.89,0.4908333333333333
33,84,0,5,15.29,3.058
33,84,1,1,2.52,2.52
33,84,2,20,30.6,1.53
33,84,3,2,1.98,0.99
33,84,4,16,14.83,0.926875
33,85,0,3,9.56,3.186666666666667
33,85,1,5,15.55,3.1100000000000003
33,85,2,13,36.98,2.8446153846153845
33,85,3,18,36.53,2.0294444444444446
33,85,4,16,10.54,0.65875
33,87,0,18,58.88,3.2711111111111113
33,87,1,13,39.73,3.0561538461538458
33,87,2,18,46.58,2.5877777777777777
33,87,3,4,6.59,1.6475
33,87,4,5,6.22,1.244
33,88,0,20,96.67,4.8335
33,88,1,4,13.77,3.4425
33,88,2,7,23.83,3.404285714285714
33,88,3,2,4.32,2.16
33,88,4,8,6.31,0.78875
33,89,0,14,58.97,4.212142857142857
33,89,1,9,35.98,3.9977777777777774
33,89,2,16,49.02,3.06375
33,89,3,12,27.62,2.3016666666666667
33,89,4,9,6.08,0.6755555555555556
33,90,0,15,107.34,7.156000000000001
33,90,1,1,6.27,6.27
33,90,2,16,80.98,5.06125
33,90,3,2,7.33,3.665
33,90,4,3,1.56,0.52
33,93,0,4,4.97,1.2425
33,93,1,9,9.33,1.0366666666666666
33,93,2,13,12.41,0.9546153846153846
33,93,3,2,1.23,0.615
33,93,4,5,0.42,0.08399999999999999
33,94,0,20,39.98,1.9989999999999999
33,94,1,10,16.43,1.643
33,94,2,8,13.0,1.625
33,94,3,11,10.05,0.9136363636363637
33,94,4,18,11.46,0.6366666666666667
33,97,0,12,66.55,5.545833333333333
33,97,1,6,28.93,4.821666666666666
33,97,2,12,43.55,3.6291666666666664
33,97,3,14,7.02,0.5014285714285714
33,97,4,2,0.7,0.35
34,1,0,19,21.09,1.11
34,1,1,6,5.27,0.8783333333333333
34,1,2,15,11.64,0.776
34,1,3,6,4.46,0.7433333333333333
34,1,4,6,1.45,0.24166666666666667
34,3,0,12,14.09,1.1741666666666666
34,3,1,10,7.09,0.709
34,3,2,8,3.88,0.485
34,3,3,13,3.15,0.2423076923076923
34,3,4,1,0.16,0.16
34,5,0,3,7.5,2.5
34,5,1,6,11.54,1.9233333333333331
34,5,2,1,0.89,0.89
34,5,3,9,3.95,0.4388888888888889
34,5,4,13,2.86,0.22
34,8,0,16,20.97,1.310625
34,8,1,16,9.3,0.58125
34,8,2,10,4.41,0.441
34,8,3,17,7.15,0.42058823529411765
34,8,4,18,4.47,0.24833333333333332
34,16,0,15,30.65,2.0433333333333334
34,16,1,6,8.84,1.4733333333333334
34,16,2,7,8.68,1.24
34,16,3,5,6.07,1.214
34,16,4,19,10.71,0.5636842105263158
34,19,0,1,1.99,1.99
34,19,1,18,30.3,1.6833333333333333
34,19,2,15,24.84,1.656
34,19,3,18,19.35,1.0750000000000002
34,19,4,11,10.51,0.9554545454545454
34,20,0,11,20.33,1.848181818181818
34,20,1,16,28.44,1.7775
34,20,2,9,7.47,0.83
34,20,3,2,1.07,0.535
34,20,4,1,0.39,0.39
34,23,0,7,42.87,6.124285714285714
34,23,1,13,63.28,4.867692307692308
34,23,2,1,2.82,2.82
34,23,3,15,38.39,2.5593333333333335
34,23,4,6,3.68,0.6133333333333334
34,24,0,20,55.34,2.7670000000000003
34,24,1,1,2.32,2.32
34,24,2,10,8.94,0.8939999999999999
34,24,3,17,11.48,0.6752941176470588
34,24,4,20,9.59,0.4795
34,25,0,1,0.91,0.91
34,25,1,2,1.79,0.895
34,25,2,16,12.88,0.805
34,25,3,2,1.53,0.765
34,25,4,5,2.55,0.51
34,28,0,13,16.35,1.2576923076923079
34,28,1,10,1.81,0.181
34,28,2,13,2.09,0.16076923076923075
34,28,3,14,1.66,0.11857142857142856
34,28,4,10,0.94,0.094
34,29,0,12,68.02,5.668333333333333
34,29,1,11,41.41,3.764545454545454
34,29,2,14,23.62,1.6871428571428573
34,29,3,13,12.01,0.9238461538461539
34,29,4,11,3.65,0.3318181818181818
34,30,0,11,29.69,2.699090909090909
34,30,1,20,53.9,2.695
34,30,2,7,15.66,2.237142857142857
34,30,3,5,6.24,1.248
34,30,4,5,2.44,0.488
34,33,0,9,63.51,7.056666666666667
34,33,1,12,78.8,6.566666666666666
34,33,2,9,45.01,5.001111111111111
34,33,3,10,48.17,4.817
34,33,4,18,39.29,2.182777777777778
34,36,0,14,11.83,0.845
34,36,1,20,10.06,0.503
34,36,2,14,5.18,0.37
34,36,3,17,4.3,0.2529411764705882
34,36,4,18,2.66,0.14777777777777779
34,38,0,15,142.73,9.515333333333333
34,38,1,1,6.56,6.56
34,38,2,18,93.91,5.217222222222222
34,38,3,3,15.34,5.113333333333333
34,38,4,7,29.25,4.178571428571429
34,46,0,16,49.63,3.101875
34,46,1,5,14.25,2.85
34,46,2,17,31.81,1.8711764705882352
34,46,3,14,21.41,1.5292857142857144
34,46,4,14,6.82,0.48714285714285716
34,47,0,9,28.43,3.158888888888889
34,47,1,15,42.65,2.8433333333333333
34,47,2,6,16.14,2.69
34,47,3,10,20.43,2.043
34,47,4,18,18.32,1.017777777777778
34,49,0,20,43.15,2.1574999999999998
34,49,1,11,22.27,2.0245454545454544
34,49,2,16,28.62,1.78875
34,49,3,20,5.15,0.2575
34,49,4,16,3.87,0.241875
34,50,0,1,5.8,5.8
34,50,1,1,4.54,4.54
34,50,2,2,8.02,4.01
34,50,3,8,26.41,3.30125
34,50,4,2,6.48,3.24
34,51,0,14,21.68,1.5485714285714285
34,51,1,9,12.91,1.4344444444444444
34,51,2,14,12.0,0.8571428571428571
34,51,3,19,11.86,0.6242105263157894
34,51,4,17,7.64,0.44941176470588234
34,54,0,5,9.34,1.8679999999999999
34,54,1,5,6.99,1.3980000000000001
34,54,2,6,6.93,1.155
34,54,3,7,5.72,0.8171428571428571
34,54,4,1,0.49,0.49
34,56,0,8,15.92,1.99
34,56,1,4,6.36,1.59
34,56,2,1,0.72,0.72
34,56,3,7,3.28,0.4685714285714285
34,56,4,6,1.78,0.2966666666666667
34,60,0,5,20.03,4.006
34,60,1,2,8.0,4.0
34,60,2,14,55.52,3.9657142857142857
34,60,3,14,44.12,3.1514285714285712
34,60,4,11,7.83,0.7118181818181818
34,66,0,15,72.15,4.8100000000000005
34,66,1,7,22.1,3.1571428571428575
34,66,2,18,47.73,2.6516666666666664
34,66,3,7,7.55,1.0785714285714285
34,66,4,20,8.41,0.4205
34,69,0,6,20.96,3.4933333333333336
34,69,1,15,42.59,2.8393333333333337
34,69,2,16,41.97,2.623125
34,69,3,20,18.45,0.9225
34,69,4,18,14.15,0.7861111111111111
34,70,0,19,27.39,1.441578947368421
34,70,1,15,19.0,1.2666666666666666
34,70,2,20,24.14,1.207
34,70,3,1,0.52,0.52
34,70,4,2,0.92,0.46
34,71,0,17,143.75,8.455882352941176
34,71,1,1,4.87,4.87
34,71,2,9,38.4,4.266666666666667
34,71,3,5,5.66,1.1320000000000001
34,71,4,8,6.09,0.76125
34,73,0,13,133.07,10.236153846153845
34,73,1,7,69.24,9.891428571428571
34,73,2,17,89.08,5.24
34,73,3,10,47.21,4.721
34,73,4,3,8.52,2.84
34,74,0,14,12.18,0.87
34,74,1,6,4.64,0.7733333333333333
34,74,2,18,8.92,0.4955555555555555
34,74,3,8,3.06,0.3825
34,74,4,17,5.67,0.33352941176470585
34,75,0,18,25.57,1.4205555555555556
34,75,1,2,2.47,1.235
34,75,2,4,4.02,1.005
34,75,3,1,0.96,0.96
34,75,4,20,9.65,0.48250000000000004
34,77,0,10,4.97,0.497
34,77,1,19,8.42,0.4431578947368421
34,77,2,11,4.53,0.41181818181818186
34,77,3,5,1.9,0.38
34,77,4,17,5.39,0.3170588235294117
34,79,0,18,77.06,4.2811111111111115
34,79,1,16,54.02,3.37625
34,79,2,1,2.72,2.72
34,79,3,17,29.81,1.7535294117647058
34,79,4,13,21.09,1.6223076923076922
34,80,0,15,35.41,2.3606666666666665
34,80,1,10,21.38,2.138
34,80,2,20,41.01,2.0505
34,80,3,5,5.79,1.158
34,80,4,20,13.26,0.663
34,82,0,19,115.35,6.071052631578947
34,82,1,10,54.11,5.411
34,82,2,18,89.59,4.977222222222222
34,82,3,20,98.87,4.9435
34,82,4,10,38.32,3.832
34,84,0,9,64.51,7.167777777777778
34,84,1,1,6.07,6.07
34,84,2,8,34.44,4.305
34,84,3,8,21.33,2.66625
34,84,4,19,21.61,1.1373684210526316
34,85,0,10,104.61,10.461
34,85,1,3,25.34,8.446666666666667
34,85,2,17,127.3,7.488235294117647
34,85,3,20,135.12,6.756
34,85,4,16,28.43,1.776875
34,87,0,18,81.42,4.523333333333333
34,87,1,12,47.46,3.955
34,87,2,18,24.94,1.3855555555555557
34,87,3,14,18.81,1.3435714285714284
34,87,4,4,3.48,0.87
34,88,0,4,4.99,1.2475
34,88,1,16,19.44,1.215
34,88,2,13,15.68,1.2061538461538461
34,88,3,14,14.39,1.0278571428571428
34,88,4,11,7.12,0.6472727272727273
34,89,0,1,7.13,7.13
34,89,1,5,31.95,6.39
34,89,2,14,81.97,5.8549999999999995
34,89,3,7,27.14,3.8771428571428572
34,89,4,11,14.7,1.3363636363636362
34,90,0,13,13.44,1.0338461538461539
34,90,1,8,4.53,0.56625
34,90,2,16,5.3,0.33125
34,90,3,19,5.0,0.2631578947368421
34,90,4,10,1.59,0.159
34,93,0,11,99.21,9.019090909090908
34,93,1,5,34.56,6.912000000000001
34,93,2,13,69.43,5.340769230769231
34,93,3,10,49.05,4.904999999999999
34,93,4,20,83.34,4.167
34,94,0,16,57.18,3.57375
34,94,1,14,20.35,1.4535714285714287
34,94,2,10,8.88,0.8880000000000001
34,94,3,5,3.59,0.718
34,94,4,10,2.45,0.24500000000000002
34,97,0,18,74.28,4.126666666666667
34,97,1,2,2.94,1.47
34,97,2,9,10.53,1.17
34,97,3,12,10.95,0.9125
34,97,4,11,9.41,0.8554545454545455
36,1,0,18,32.97,1.8316666666666666
36,1,1,19,30.65,1.6131578947368421
36,1,2,9,9.52,1.0577777777777777
36,1,3,10,4.05,0.40499999999999997
36,1,4,18,5.76,0.32
36,3,0,15,34.23,2.2819999999999996
36,3,1,6,11.09,1.8483333333333334
36,3,2,18,24.15,1.3416666666666666
36,3,3,10,9.75,0.975
36,3,4,12,4.16,0.3466666666666667
36,5,0,1,3.14,3.14
36,5,1,17,42.08,2.4752941176470586
36,5,2,1,1.81,1.81
36,5,3,14,14.37,1.0264285714285715
36,5,4,10,3.41,0.341
36,8,0,11,15.69,1.4263636363636363
36,8,1,12,16.52,1.3766666666666667
36,8,2,12,11.34,0.945
36,8,3,5,4.42,0.884
36,8,4,15,2.6,0.17333333333333334
36,16,0,10,35.57,3.557
36,16,1,3,9.99,3.33
36,16,2,2,6.37,3.185
36,16,3,19,43.49,2.2889473684210526
36,16,4,18,7.79,0.43277777777777776
36,19,0,3,5.03,1.6766666666666667
36,19,1,13,18.43,1.4176923076923076
36,19,2,11,8.75,0.7954545454545454
36,19,3,4,0.97,0.2425
36,19,4,14,2.66,0.19
36,20,0,18,19.02,1.0566666666666666
36,20,1,8,3.58,0.4475
36,20,2,2,0.65,0.325
36,20,3,14,3.51,0.2507142857142857
36,20,4,16,1.8,0.1125
36,23,0,9,40.25,4.472222222222222
36,23,1,8,22.56,2.82
36,23,2,17,47.75,2.8088235294117645
36,23,3,16,42.6,2.6625
36,23,4,20,17.55,0.8775000000000001
36,24,0,14,42.41,3.029285714285714
36,24,1,1,2.13,2.13
36,24,2,12,22.26,1.8550000000000002
36,24,3,17,21.66,1.2741176470588236
36,24,4,1,1.2,1.2
36,25,0,4,3.62,0.905
36,25,1,19,17.01,0.8952631578947369
36,25,2,10,7.95,0.795
36,25,3,20,15.36,0.768
36,25,4,3,0.46,0.15333333333333335
36,28,0,15,15.7,1.0466666666666666
36,28,1,19,18.27,0.961578947368421
36,28,2,8,7.44,0.93
36,28,3,1,0.85,0.85
36,28,4,6,4.61,0.7683333333333334
36,29,0,13,66.98,5.1523076923076925
36,29,1,19,95.55,5.028947368421052
36,29,2,13,31.88,2.4523076923076923
36,29,3,16,21.15,1.321875
36,29,4,10,8.35,0.835
36,30,0,7,17.41,2.487142857142857
36,30,1,8,19.89,2.48625
36,30,2,3,6.55,2.183333333333333
36,30,3,13,10.98,0.8446153846153847
36,30,4,10,7.63,0.763
36,33,0,3,21.14,7.046666666666667
36,33,1,14,90.77,6.4835714285714285
36,33,2,17,75.98,4.469411764705883
36,33,3,3,12.58,4.193333333333333
36,33,4,14,38.19,2.7278571428571428
36,34,0,1,0.76,0.76
36,34,1,8,3.53,0.44125
36,34,2,10,1.15,0.11499999999999999
36,34,3,17,1.16,0.06823529411764706
36,34,4,14,0.62,0.04428571428571428
36,38,0,4,36.05,9.0125
36,38,1,11,84.37,7.670000000000001
36,38,2,2,13.11,6.555
36,38,3,13,76.97,5.92076923076923
36,38,4,15,69.94,4.6626666666666665
36,46,0,1,3.76,3.76
36,46,1,10,19.62,1.9620000000000002
36,46,2,6,7.87,1.3116666666666668
36,46,3,12,7.72,0.6433333333333333
36,46,4,20,3.71,0.1855
36,47,0,17,69.77,4.104117647058823
36,47,1,20,81.06,4.053
36,47,2,3,10.48,3.4933333333333336
36,47,3,11,13.46,1.2236363636363636
36,47,4,17,11.77,0.6923529411764706
36,49,0,9,20.82,2.3133333333333335
36,49,1,7,8.01,1.1442857142857144
36,49,2,13,6.21,0.4776923076923077
36,49,3,10,2.28,0.22799999999999998
36,49,4,16,1.66,0.10375
36,50,0,13,72.44,5.572307692307692
36,50,1,6,23.14,3.856666666666667
36,50,2,9,17.87,1.9855555555555557
36,50,3,2,2.45,1.225
36,50,4,3,2.92,0.9733333333333333
36,51,0,10,15.98,1.598
36,51,1,2,2.97,1.485
36,51,2,7,7.83,1.1185714285714285
36,51,3,12,6.8,0.5666666666666667
36,51,4,16,4.08,0.255
36,54,0,3,4.5,1.5
36,54,1,14,13.7,0.9785714285714285
36,54,2,4,3.8,0.95
36,54,3,19,6.94,0.36526315789473685
36,54,4,17,3.11,0.18294117647058822
36,56,0,8,25.17,3.14625
36,56,1,6,12.29,2.0483333333333333
36,56,2,15,15.92,1.0613333333333332
36,56,3,18,14.24,0.7911111111111111
36,56,4,12,5.94,0.49500000000000005
36,60,0,18,76.99,4.277222222222222
36,60,1,9,25.6,2.8444444444444446
36,60,2,15,25.15,1.6766666666666665
36,60,3,20,31.58,1.579
36,60,4,6,8.38,1.3966666666666667
36,66,0,15,32.48,2.1653333333333333
36,66,1,4,6.76,1.69
36,66,2,18,17.54,0.9744444444444444
36,66,3,18,9.83,0.5461111111111111
36,66,4,19,9.14,0.4810526315789474
36,69,0,12,52.01,4.3341666666666665
36,69,1,11,45.34,4.121818181818182
36,69,2,17,56.41,3.3182352941176467
36,69,3,10,20.77,2.077
36,69,4,13,14.58,1.1215384615384616
36,70,0,6,14.83,2.4716666666666667
36,70,1,6,8.99,1.4983333333333333
36,70,2,5,5.44,1.088
36,70,3,20,20.82,1.041
36,70,4,14,5.02,0.35857142857142854
36,71,0,4,31.29,7.8225
36,71,1,16,100.28,6.2675
36,71,2,1,4.03,4.03
36,71,3,8,24.38,3.0475
36,71,4,16,11.96,0.7475
36,73,0,5,42.78,8.556000000000001
36,73,1,10,77.44,7.744
36,73,2,7,46.44,6.634285714285714
36,73,3,6,12.49,2.0816666666666666
36,73,4,17,28.31,1.6652941176470588
36,74,0,3,8.87,2.9566666666666666
36,74,1,15,42.16,2.8106666666666666
36,74,2,12,31.23,2.6025
36,74,3,14,27.9,1.9928571428571427
36,74,4,6,2.1,0.35000000000000003
36,75,0,17,37.27,2.1923529411764706
36,75,1,3,5.99,1.9966666666666668
36,75,2,14,20.61,1.4721428571428572
36,75,3,10,13.59,1.359
36,75,4,12,7.42,0.6183333333333333
36,77,0,8,9.43,1.17875
36,77,1,5,3.86,0.772
36,77,2,13,8.51,0.6546153846153846
36,77,3,17,4.4,0.25882352941176473
36,77,4,8,1.95,0.24375
36,79,0,20,81.29,4.064500000000001
36,79,1,2,5.24,2.62
36,79,2,20,49.3,2.465
36,79,3,19,42.93,2.2594736842105263
36,79,4,19,31.03,1.6331578947368421
36,80,0,4,6.43,1.6075
36,80,1,1,1.12,1.12
36,80,2,6,6.6,1.0999999999999999
36,80,3,8,7.2,0.9
36,80,4,8,6.08,0.76
36,82,0,2,8.46,4.23
36,82,1,13,44.97,3.459230769230769
36,82,2,17,58.74,3.455294117647059
36,82,3,4,8.72,2.18
36,82,4,1,0.42,0.42
36,84,0,16,146.05,9.128125
36,84,1,17,127.52,7.501176470588235
36,84,2,17,64.25,3.7794117647058822
36,84,3,3,8.03,2.6766666666666663
36,84,4,10,18.99,1.8989999999999998
36,85,0,17,151.17,8.892352941176469
36,85,1,17,140.93,8.290000000000001
36,85,2,14,89.27,6.376428571428571
36,85,3,4,23.97,5.9925
36,85,4,18,64.1,3.561111111111111
36,87,0,1,3.33,3.33
36,87,1,2,5.94,2.97
36,87,2,17,45.66,2.685882352941176
36,87,3,19,38.21,2.011052631578947
36,87,4,4,1.06,0.265
36,88,0,9,2.97,0.33
36,88,1,8,1.58,0.1975
36,88,2,20,3.27,0.1635
36,88,3,10,1.05,0.10500000000000001
36,88,4,17,1.18,0.06941176470588235
36,89,0,9,49.21,5.467777777777778
36,89,1,3,13.55,4.516666666666667
36,89,2,5,14.15,2.83
36,89,3,19,31.47,1.6563157894736842
36,89,4,1,1.16,1.16
36,90,0,10,13.27,1.327
36,90,1,13,11.56,0.8892307692307693
36,90,2,15,2.64,0.17600000000000002
36,90,3,12,2.06,0.17166666666666666
36,90,4,19,1.56,0.08210526315789474
36,93,0,4,29.02,7.255
36,93,1,15,26.26,1.7506666666666668
36,93,2,7,4.58,0.6542857142857142
36,93,3,20,11.54,0.577
36,93,4,18,7.28,0.40444444444444444
36,94,0,5,15.45,3.09
36,94,1,13,31.59,2.43
36,94,2,6,11.08,1.8466666666666667
36,94,3,10,10.86,1.0859999999999999
36,94,4,11,10.52,0.9563636363636363
36,97,0,3,16.97,5.656666666666666
36,97,1,14,58.5,4.178571428571429
36,97,2,7,28.38,4.054285714285714
36,97,3,15,58.92,3.928
36,97,4,12,16.79,1.3991666666666667
38,1,0,11,123.9,11.263636363636364
38,1,1,18,141.36,7.853333333333334
38,1,2,5,22.97,4.593999999999999
38,1,3,9,39.68,4.408888888888889
38,1,4,10,15.0,1.5
38,3,0,2,18.55,9.275
38,3,1,7,52.85,7.55
38,3,2,19,116.62,6.137894736842106
38,3,3,2,10.86,5.43
38,3,4,11,42.08,3.825454545454545
38,5,0,7,73.68,10.525714285714287
38,5,1,16,153.36,9.585
38,5,2,8,70.39,8.79875
38,5,3,16,131.53,8.220625
38,5,4,13,51.49,3.960769230769231
38,8,0,10,90.29,9.029
38,8,1,9,74.29,8.254444444444445
38,8,2,13,102.6,7.892307692307692
38,8,3,14,60.98,4.355714285714286
38,8,4,15,60.45,4.03
38,16,0,15,143.87,9.591333333333333
38,16,1,20,135.0,6.75
38,16,2,14,84.86,6.061428571428571
38,16,3,14,48.15,3.439285714285714
38,16,4,13,27.29,2.0992307692307692
38,19,0,15,99.62,6.641333333333334
38,19,1,6,30.5,5.083333333333333
38,19,2,14,45.77,3.2692857142857146
38,19,3,5,7.34,1.468
38,19,4,19,21.19,1.115263157894737
38,20,0,8,49.53,6.19125
38,20,1,3,16.32,5.44
38,20,2,7,37.01,5.2871428571428565
38,20,3,16,75.26,4.70375
38,20,4,7,29.26,4.180000000000001
38,23,0,9,33.22,3.691111111111111
38,23,1,6,16.8,2.8000000000000003
38,23,2,11,23.36,2.1236363636363635
38,23,3,8,5.38,0.6725
38,23,4,20,5.82,0.29100000000000004
38,24,0,12,128.43,10.7025
38,24,1,13,84.53,6.502307692307692
38,24,2,4,22.88,5.72
38,24,3,8,15.5,1.9375
38,24,4,4,2.79,0.6975
38,25,0,19,148.24,7.8021052631578955
38,25,1,11,79.1,7.1909090909090905
38,25,2,15,71.63,4.775333333333333
38,25,3,15,54.13,3.6086666666666667
38,25,4,4,9.83,2.4575
38,28,0,2,16.82,8.41
38,28,1,7,47.87,6.838571428571428
38,28,2,2,10.35,5.175
38,28,3,12,50.07,4.1725
38,28,4,4,9.8,2.45
38,29,0,6,21.46,3.5766666666666667
38,29,1,9,30.96,3.44
38,29,2,8,18.9,2.3625
38,29,3,10,22.04,2.2039999999999997
38,29,4,6,11.3,1.8833333333333335
38,30,0,4,25.37,6.3425
38,30,1,18,100.22,5.567777777777778
38,30,2,20,79.98,3.999
38,30,3,11,28.89,2.6263636363636365
38,30,4,2,3.44,1.72
38,33,0,2,7.43,3.715
38,33,1,8,26.22,3.2775
38,33,2,20,34.68,1.734
38,33,3,19,19.18,1.0094736842105263
38,33,4,14,8.92,0.6371428571428571
38,34,0,1,9.53,9.53
38,34,1,7,61.16,8.737142857142857
38,34,2,13,56.58,4.352307692307692
38,34,3,11,37.01,3.3645454545454543
38,34,4,3,4.17,1.39
38,36,0,8,76.42,9.5525
38,36,1,7,18.27,2.61
38,36,2,3,6.02,2.0066666666666664
38,36,3,1,0.92,0.92
38,36,4,13,5.15,0.3961538461538462
38,46,0,9,44.09,4.898888888888889
38,46,1,7,27.47,3.924285714285714
38,46,2,10,23.57,2.357
38,46,3,19,29.07,1.53
38,46,4,19,25.77,1.3563157894736841
38,47,0,14,140.24,10.017142857142858
38,47,1,18,128.16,7.12
38,47,2,3,20.78,6.926666666666667
38,47,3,11,51.22,4.656363636363636
38,47,4,17,50.9,2.9941176470588236
38,49,0,14,100.05,7.146428571428571
38,49,1,7,49.53,7.075714285714286
38,49,2,8,54.07,6.75875
38,49,3,6,38.97,6.495
38,49,4,17,47.89,2.8170588235294116
38,50,0,16,13.45,0.840625
38,50,1,1,0.82,0.82
38,50,2,18,11.83,0.6572222222222223
38,50,3,18,7.71,0.42833333333333334
38,50,4,19,4.66,0.24526315789473685
38,51,0,9,69.73,7.747777777777778
38,51,1,8,57.21,7.15125
38,51,2,15,77.24,5.149333333333333
38,51,3,18,39.38,2.187777777777778
38,51,4,1,1.83,1.83
38,54,0,2,9.87,4.935
38,54,1,9,34.5,3.8333333333333335
38,54,2,12,38.61,3.2175
38,54,3,17,27.58,1.6223529411764706
38,54,4,2,2.81,1.405
38,56,0,12,94.75,7.895833333333333
38,56,1,19,103.76,5.461052631578948
38,56,2,20,78.44,3.9219999999999997
38,56,3,13,28.74,2.210769230769231
38,56,4,15,32.27,2.1513333333333335
38,60,0,11,88.26,8.023636363636363
38,60,1,5,39.46,7.892
38,60,2,16,66.77,4.173125
38,60,3,17,63.09,3.7111764705882355
38,60,4,10,29.27,2.927
38,66,0,11,58.83,5.348181818181818
38,66,1,14,73.25,5.232142857142857
38,66,2,12,58.93,4.910833333333334
38,66,3,10,37.17,3.717
38,66,4,16,22.7,1.41875
38,69,0,16,143.27,8.954375
38,69,1,14,75.03,5.359285714285714
38,69,2,19,27.83,1.4647368421052631
38,69,3,10,14.15,1.415
38,69,4,3,2.3,0.7666666666666666
38,70,0,6,64.04,10.673333333333334
38,70,1,6,62.32,10.386666666666667
38,70,2,15,96.15,6.41
38,70,3,17,30.97,1.821764705882353
38,70,4,2,1.87,0.935
38,71,0,12,28.18,2.348333333333333
38,71,1,2,3.39,1.695
38,71,2,15,21.57,1.438
38,71,3,4,5.02,1.255
38,71,4,9,10.01,1.1122222222222222
38,73,0,17,38.75,2.2794117647058822
38,73,1,19,37.38,1.9673684210526317
38,73,2,4,7.49,1.8725
38,73,3,6,7.71,1.285
38,73,4,9,3.29,0.3655555555555556
38,74,0,5,36.48,7.295999999999999
38,74,1,20,132.5,6.625
38,74,2,16,92.25,5.765625
38,74,3,18,90.62,5.0344444444444445
38,74,4,19,74.65,3.9289473684210527
38,75,0,10,112.23,11.223
38,75,1,3,30.66,10.22
38,75,2,12,107.71,8.975833333333332
38,75,3,4,10.65,2.6625
38,75,4,16,7.81,0.488125
38,77,0,6,41.99,6.998333333333334
38,77,1,1,3.73,3.73
38,77,2,19,66.97,3.524736842105263
38,77,3,10,22.98,2.298
38,77,4,10,8.84,0.884
38,79,0,4,2.2,0.55
38,79,1,10,3.92,0.392
38,79,2,16,5.75,0.359375
38,79,3,20,4.67,0.23349999999999999
38,79,4,2,0.44,0.22
38,80,0,7,48.31,6.901428571428572
38,80,1,14,90.37,6.455
38,80,2,20,108.27,5.4135
38,80,3,11,56.25,5.113636363636363
38,80,4,5,25.43,5.086
38,82,0,6,14.15,2.3583333333333334
38,82,1,6,10.69,1.7816666666666665
38,82,2,6,10.36,1.7266666666666666
38,82,3,11,15.2,1.3818181818181818
38,82,4,2,1.29,0.645
38,84,0,14,8.85,0.6321428571428571
38,84,1,4,2.52,0.63
38,84,2,1,0.55,0.55
38,84,3,8,2.31,0.28875
38,84,4,3,0.79,0.26333333333333336
38,85,0,3,1.32,0.44
38,85,1,1,0.35,0.35
38,85,2,17,3.86,0.22705882352941176
38,85,3,2,0.38,0.19
38,85,4,5,0.38,0.076
38,87,0,18,113.73,6.318333333333333
38,87,1,11,27.49,2.499090909090909
38,87,2,8,19.12,2.39
38,87,3,7,12.72,1.8171428571428572
38,87,4,19,11.96,0.6294736842105264
38,88,0,7,52.82,7.545714285714285
38,88,1,16,103.48,6.4675
38,88,2,15,50.23,3.3486666666666665
38,88,3,12,13.66,1.1383333333333334
38,88,4,11,8.22,0.7472727272727273
38,89,0,13,43.86,3.373846153846154
38,89,1,2,4.82,2.41
38,89,2,20,25.43,1.2715
38,89,3,6,7.36,1.2266666666666668
38,89,4,3,2.84,0.9466666666666667
38,90,0,17,185.57,10.915882352941177
38,90,1,14,119.38,8.527142857142858
38,90,2,16,135.64,8.4775
38,90,3,15,48.03,3.202
38,90,4,9,6.11,0.6788888888888889
38,93,0,11,22.58,2.0527272727272727
38,93,1,11,20.38,1.8527272727272726
38,93,2,6,8.66,1.4433333333333334
38,93,3,15,18.71,1.2473333333333334
38,93,4,12,13.98,1.165
38,94,0,8,50.0,6.25
38,94,1,17,53.64,3.155294117647059
38,94,2,19,49.74,2.6178947368421053
38,94,3,19,46.31,2.4373684210526316
38,94,4,7,12.01,1.7157142857142857
38,97,0,12,82.43,6.8691666666666675
38,97,1,12,68.86,5.738333333333333
38,97,2,13,49.28,3.790769230769231
38,97,3,2,3.85,1.925
38,97,4,15,19.92,1.328
46,1,0,18,101.66,5.647777777777778
46,1,1,14,57.67,4.119285714285715
46,1,2,15,34.82,2.3213333333333335
46,1,3,4,2.46,0.615
46,1,4,4,2.44,0.61
46,3,0,7,32.05,4.578571428571428
46,3,1,18,71.17,3.953888888888889
46,3,2,5,9.15,1.83
46,3,3,20,17.61,0.8805
46,3,4,8,5.64,0.705
46,5,0,1,1.81,1.81
46,5,1,5,7.92,1.584
46,5,2,16,22.31,1.394375
46,5,3,7,7.8,1.1142857142857143
46,5,4,10,6.28,0.628
46,8,0,6,25.13,4.1883333333333335
46,8,1,1,4.08,4.08
46,8,2,2,5.79,2.895
46,8,3,15,41.89,2.792666666666667
46,8,4,17,44.92,2.642352941176471
46,16,0,9,21.34,2.371111111111111
46,16,1,17,24.14,1.42
46,16,2,18,21.58,1.198888888888889
46,16,3,17,18.51,1.0888235294117647
46,16,4,3,3.08,1.0266666666666666
46,19,0,14,19.61,1.4007142857142856
46,19,1,7,6.67,0.9528571428571428
46,19,2,16,7.27,0.454375
46,19,3,2,0.77,0.385
46,19,4,3,0.39,0.13
46,20,0,17,55.68,3.275294117647059
46,20,1,9,17.75,1.9722222222222223
46,20,2,1,1.05,1.05
46,20,3,14,12.71,0.9078571428571429
46,20,4,20,2.76,0.13799999999999998
46,23,0,15,67.47,4.498
46,23,1,2,8.6,4.3
46,23,2,1,3.9,3.9
46,23,3,10,28.05,2.805
46,23,4,3,2.35,0.7833333333333333
46,24,0,20,44.83,2.2415
46,24,1,5,9.81,1.9620000000000002
46,24,2,15,22.39,1.4926666666666668
46,24,3,5,4.38,0.876
46,24,4,7,2.62,0.3742857142857143
46,25,0,1,2.82,2.82
46,25,1,14,33.79,2.4135714285714287
46,25,2,18,37.38,2.0766666666666667
46,25,3,7,7.49,1.07
46,25,4,10,8.09,0.8089999999999999
46,28,0,20,49.56,2.478
46,28,1,3,5.17,1.7233333333333334
46,28,2,18,29.33,1.6294444444444443
46,28,3,6,4.84,0.8066666666666666
46,28,4,6,3.67,0.6116666666666667
46,29,0,7,30.43,4.347142857142857
46,29,1,20,61.16,3.058
46,29,2,11,19.78,1.7981818181818183
46,29,3,13,23.11,1.7776923076923077
46,29,4,19,8.24,0.4336842105263158
46,30,0,12,37.72,3.143333333333333
46,30,1,2,5.42,2.71
46,30,2,8,13.07,1.63375
46,30,3,5,4.73,0.9460000000000001
46,30,4,6,3.65,0.6083333333333333
46,33,0,19,81.73,4.301578947368421
46,33,1,10,32.8,3.28
46,33,2,1,2.21,2.21
46,33,3,6,12.14,2.0233333333333334
46,33,4,19,14.64,0.7705263157894737
46,34,0,15,58.33,3.8886666666666665
46,34,1,12,42.09,3.5075000000000003
46,34,2,12,34.23,2.8524999999999996
46,34,3,20,51.31,2.5655
46,34,4,16,40.7,2.54375
46,36,0,1,3.7,3.7
46,36,1,11,36.79,3.3445454545454543
46,36,2,15,49.34,3.2893333333333334
46,36,3,16,25.39,1.586875
46,36,4,18,11.87,0.6594444444444444
46,38,0,13,66.29,5.09923076923077
46,38,1,9,35.42,3.9355555555555557
46,38,2,10,28.63,2.863
46,38,3,5,12.72,2.544
46,38,4,13,4.66,0.3584615384615385
46,47,0,1,2.21,2.21
46,47,1,7,13.13,1.875714285714286
46,47,2,4,6.51,1.6275
46,47,3,14,16.23,1.1592857142857143
46,47,4,3,0.44,0.14666666666666667
46,49,0,7,13.07,1.8671428571428572
46,49,1,1,1.72,1.72
46,49,2,15,17.21,1.1473333333333333
46,49,3,4,1.79,0.4475
46,49,4,19,5.31,0.2794736842105263
46,50,0,4,26.35,6.5875
46,50,1,7,45.51,6.501428571428571
46,50,2,18,114.41,6.356111111111111
46,50,3,17,72.85,4.285294117647059
46,50,4,10,37.38,3.7380000000000004
46,51,0,4,3.91,0.9775
46,51,1,6,5.04,0.84
46,51,2,16,12.76,0.7975
46,51,3,11,8.11,0.7372727272727272
46,51,4,11,4.67,0.42454545454545456
46,54,0,3,6.96,2.32
46,54,1,20,40.89,2.0445
46,54,2,20,37.01,1.8504999999999998
46,54,3,5,8.84,1.768
46,54,4,12,4.76,0.39666666666666667
46,56,0,20,14.95,0.7474999999999999
46,56,1,4,2.64,0.66
46,56,2,14,6.06,0.43285714285714283
46,56,3,12,2.66,0.22166666666666668
46,56,4,1,0.21,0.21
46,60,0,17,11.62,0.6835294117647058
46,60,1,13,8.61,0.6623076923076923
46,60,2,8,2.57,0.32125
46,60,3,11,2.16,0.19636363636363638
46,60,4,13,1.57,0.12076923076923077
46,66,0,17,34.03,2.001764705882353
46,66,1,2,2.79,1.395
46,66,2,8,10.21,1.27625
46,66,3,20,22.6,1.1300000000000001
46,66,4,15,2.16,0.14400000000000002
46,69,0,7,7.4,1.0571428571428572
46,69,1,12,8.7,0.725
46,69,2,11,5.71,0.519090909090909
46,69,3,20,10.29,0.5145
46,69,4,1,0.31,0.31
46,70,0,11,53.25,4.840909090909091
46,70,1,6,18.08,3.013333333333333
46,70,2,15,30.46,2.030666666666667
46,70,3,3,3.22,1.0733333333333335
46,70,4,2,0.74,0.37
46,71,0,1,5.3,5.3
46,71,1,14,65.78,4.698571428571428
46,71,2,16,68.17,4.260625
46,71,3,14,56.14,4.01
46,71,4,7,18.78,2.682857142857143
46,73,0,1,9.29,9.29
46,73,1,5,44.55,8.91
46,73,2,20,175.34,8.767
46,73,3,15,55.76,3.7173333333333334
46,73,4,10,35.63,3.563
46,74,0,13,62.31,4.7930769230769235
46,74,1,13,45.86,3.5276923076923077
46,74,2,11,30.55,2.7772727272727273
46,74,3,16,36.8,2.3
46,74,4,14,19.57,1.397857142857143
46,75,0,18,61.27,3.403888888888889
46,75,1,18,59.57,3.3094444444444444
46,75,2,9,24.23,2.692222222222222
46,75,3,8,20.35,2.54375
46,75,4,16,19.47,1.216875
46,77,0,2,9.02,4.51
46,77,1,20,76.84,3.842
46,77,2,18,40.4,2.2444444444444445
46,77,3,9,18.31,2.0344444444444445
46,77,4,4,2.0,0.5
46,79,0,14,123.64,8.831428571428571
46,79,1,14,105.9,7.564285714285715
46,79,2,3,21.21,7.07
46,79,3,20,113.86,5.693
46,79,4,19,67.25,3.539473684210526
46,80,0,1,2.11,2.11
46,80,1,12,20.87,1.7391666666666667
46,80,2,12,13.22,1.1016666666666668
46,80,3,11,8.89,0.8081818181818182
46,80,4,14,9.09,0.6492857142857142
46,82,0,4,26.54,6.635
46,82,1,18,86.85,4.824999999999999
46,82,2,12,49.68,4.14
46,82,3,10,40.81,4.081
46,82,4,3,9.67,3.223333333333333
46,84,0,7,41.84,5.977142857142858
46,84,1,13,75.36,5.796923076923077
46,84,2,4,16.64,4.16
46,84,3,6,15.57,2.595
46,84,4,3,3.15,1.05
46,85,0,4,35.34,8.835
46,85,1,14,85.19,6.085
46,85,2,4,9.93,2.4825
46,85,3,19,36.36,1.9136842105263157
46,85,4,18,14.34,0.7966666666666666
46,87,0,2,1.97,0.985
46,87,1,10,6.49,0.649
46,87,2,3,1.82,0.6066666666666667
46,87,3,2,1.12,0.56
46,87,4,15,5.15,0.3433333333333334
46,88,0,7,18.82,2.6885714285714286
46,88,1,14,37.25,2.6607142857142856
46,88,2,18,35.45,1.9694444444444446
46,88,3,10,7.29,0.729
46,88,4,13,3.17,0.24384615384615385
46,89,0,5,44.32,8.864
46,89,1,7,44.9,6.414285714285714
46,89,2,12,71.41,5.950833333333333
46,89,3,2,10.64,5.32
46,89,4,19,25.26,1.3294736842105264
46,90,0,19,93.19,4.904736842105263
46,90,1,2,9.15,4.575
46,90,2,1,3.66,3.66
46,90,3,13,39.67,3.0515384615384615
46,90,4,14,23.28,1.662857142857143
46,93,0,10,34.61,3.461
46,93,1,6,16.78,2.796666666666667
46,93,2,8,14.84,1.855
46,93,3,13,18.48,1.4215384615384616
46,93,4,20,19.83,0.9914999999999999
46,94,0,6,12.39,2.065
46,94,1,2,3.43,1.715
46,94,2,16,21.72,1.3575
46,94,3,3,2.67,0.89
46,94,4,13,2.23,0.17153846153846153
46,97,0,13,44.84,3.4492307692307693
46,97,1,8,24.39,3.04875
46,97,2,11,21.82,1.9836363636363636
46,97,3,15,17.08,1.1386666666666665
46,97,4,17,10.22,0.6011764705882353
47,1,0,5,22.43,4.486
47,1,1,6,19.01,3.1683333333333334
47,1,2,17,40.86,2.4035294117647057
47,1,3,1,1.45,1.45
47,1,4,20,7.98,0.399
47,3,0,15,54.93,3.662
47,3,1,13,41.37,3.1823076923076923
47,3,2,20,36.22,1.811
47,3,3,15,7.13,0.47533333333333333
47,3,4,7,2.81,0.4014285714285714
47,5,0,13,12.7,0.9769230769230769
47,5,1,5,4.03,0.806
47,5,2,16,11.02,0.68875
47,5,3,5,2.44,0.488
47,5,4,6,2.49,0.41500000000000004
47,8,0,10,33.07,3.307
47,8,1,3,5.98,1.9933333333333334
47,8,2,8,11.97,1.49625
47,8,3,8,4.96,0.62
47,8,4,13,3.35,0.2576923076923077
47,16,0,7,3.76,0.5371428571428571
47,16,1,2,0.65,0.325
47,16,2,3,0.86,0.2866666666666667
47,16,3,12,1.72,0.14333333333333334
47,16,4,19,2.22,0.1168421052631579
47,19,0,9,16.31,1.8122222222222222
47,19,1,9,13.93,1.5477777777777777
47,19,2,3,2.31,0.77
47,19,3,6,4.62,0.77
47,19,4,5,2.64,0.528
47,20,0,17,68.67,4.039411764705882
47,20,1,12,42.16,3.513333333333333
47,20,2,7,16.12,2.302857142857143
47,20,3,12,14.02,1.1683333333333332
47,20,4,11,12.43,1.13
47,23,0,7,43.11,6.158571428571428
47,23,1,3,15.76,5.253333333333333
47,23,2,5,25.39,5.078
47,23,3,19,77.77,4.093157894736842
47,23,4,8,29.62,3.7025
47,24,0,10,11.09,1.109
47,24,1,9,9.32,1.0355555555555556
47,24,2,15,14.77,0.9846666666666667
47,24,3,1,0.67,0.67
47,24,4,5,1.79,0.358
47,25,0,10,25.97,2.597
47,25,1,16,32.23,2.014375
47,25,2,7,13.35,1.907142857142857
47,25,3,6,8.99,1.4983333333333333
47,25,4,10,12.44,1.244
47,28,0,20,66.36,3.318
47,28,1,12,35.39,2.9491666666666667
47,28,2,9,19.59,2.1766666666666667
47,28,3,19,29.73,1.5647368421052632
47,28,4,12,1.95,0.1625
47,29,0,3,20.95,6.983333333333333
47,29,1,5,34.46,6.892
47,29,2,12,75.65,6.304166666666667
47,29,3,1,5.78,5.78
47,29,4,12,10.66,0.8883333333333333
47,30,0,8,36.04,4.505
47,30,1,2,8.33,4.165
47,30,2,6,22.89,3.815
47,30,3,6,22.54,3.7566666666666664
47,30,4,4,12.33,3.0825
47,33,0,1,6.62,6.62
47,33,1,11,71.62,6.510909090909092
47,33,2,11,54.04,4.912727272727273
47,33,3,9,40.88,4.542222222222223
47,33,4,19,74.1,3.9
47,34,0,17,61.56,3.621176470588235
47,34,1,16,57.76,3.61
47,34,2,12,26.99,2.2491666666666665
47,34,3,16,29.81,1.863125
47,34,4,7,4.77,0.6814285714285714
47,36,0,2,8.09,4.045
47,36,1,20,67.4,3.37
47,36,2,12,29.05,2.4208333333333334
47,36,3,11,20.81,1.8918181818181816
47,36,4,11,15.04,1.3672727272727272
47,38,0,13,121.09,9.314615384615385
47,38,1,18,84.54,4.696666666666667
47,38,2,1,1.24,1.24
47,38,3,10,9.69,0.969
47,38,4,6,3.79,0.6316666666666667
47,46,0,13,27.29,2.0992307692307692
47,46,1,17,28.56,1.68
47,46,2,20,29.78,1.489
47,46,3,2,1.67,0.835
47,46,4,15,10.39,0.6926666666666667
47,49,0,14,24.63,1.7592857142857141
47,49,1,9,15.83,1.758888888888889
47,49,2,16,12.27,0.766875
47,49,3,5,2.63,0.526
47,49,4,14,5.02,0.35857142857142854
47,50,0,16,97.52,6.095
47,50,1,19,115.25,6.065789473684211
47,50,2,13,61.66,4.743076923076923
47,50,3,2,4.01,2.005
47,50,4,7,11.08,1.582857142857143
47,51,0,7,18.87,2.6957142857142857
47,51,1,12,19.3,1.6083333333333334
47,51,2,13,20.22,1.5553846153846154
47,51,3,1,1.17,1.17
47,51,4,1,0.51,0.51
47,54,0,10,27.32,2.732
47,54,1,13,23.6,1.8153846153846156
47,54,2,18,31.86,1.77
47,54,3,4,5.53,1.3825
47,54,4,18,4.52,0.25111111111111106
47,56,0,16,38.26,2.39125
47,56,1,5,9.08,1.816
47,56,2,8,12.67,1.58375
47,56,3,10,6.2,0.62
47,56,4,13,3.77,0.29
47,60,0,11,17.98,1.6345454545454545
47,60,1,10,15.91,1.591
47,60,2,8,6.67,0.83375
47,60,3,4,1.66,0.415
47,60,4,12,2.93,0.24416666666666667
47,66,0,12,56.5,4.708333333333333
47,66,1,8,36.45,4.55625
47,66,2,20,81.39,4.0695
47,66,3,11,36.4,3.309090909090909
47,66,4,4,9.79,2.4475
47,69,0,14,22.07,1.5764285714285715
47,69,1,8,10.31,1.28875
47,69,2,9,6.87,0.7633333333333333
47,69,3,1,0.35,0.35
47,69,4,19,5.01,0.2636842105263158
47,70,0,10,17.75,1.775
47,70,1,17,26.47,1.5570588235294116
47,70,2,18,24.71,1.3727777777777779
47,70,3,9,9.29,1.0322222222222222
47,70,4,9,7.45,0.8277777777777778
47,71,0,1,8.58,8.58
47,71,1,5,24.89,4.978
47,71,2,4,18.75,4.6875
47,71,3,9,26.2,2.911111111111111
47,71,4,7,10.03,1.4328571428571428
47,73,0,6,55.03,9.171666666666667
47,73,1,3,22.76,7.586666666666667
47,73,2,15,94.07,6.271333333333333
47,73,3,14,37.07,2.6478571428571427
47,73,4,9,14.19,1.5766666666666667
47,74,0,4,17.31,4.3275
47,74,1,2,7.13,3.565
47,74,2,20,35.92,1.796
47,74,3,12,11.72,0.9766666666666667
47,74,4,2,1.57,0.785
47,75,0,13,18.22,1.4015384615384614
47,75,1,3,3.26,1.0866666666666667
47,75,2,20,18.53,0.9265000000000001
47,75,3,20,17.87,0.8935000000000001
47,75,4,5,0.72,0.144
47,77,0,12,37.9,3.158333333333333
47,77,1,17,25.6,1.5058823529411764
47,77,2,11,15.42,1.4018181818181819
47,77,3,18,14.29,0.7938888888888889
47,77,4,14,8.43,0.6021428571428571
47,79,0,16,170.41,10.650625
47,79,1,16,104.99,6.561875
47,79,2,5,26.13,5.226
47,79,3,1,1.45,1.45
47,79,4,15,10.06,0.6706666666666667
47,80,0,19,59.06,3.108421052631579
47,80,1,4,9.88,2.47
47,80,2,14,16.7,1.1928571428571428
47,80,3,10,9.3,0.93
47,80,4,16,3.57,0.223125
47,82,0,16,140.29,8.768125
47,82,1,4,23.53,5.8825
47,82,2,14,59.23,4.230714285714286
47,82,3,15,52.66,3.5106666666666664
47,82,4,11,35.49,3.2263636363636365
47,84,0,1,8.46,8.46
47,84,1,12,95.95,7.995833333333334
47,84,2,20,151.77,7.588500000000001
47,84,3,15,51.11,3.4073333333333333
47,84,4,17,21.25,1.25
47,85,0,1,10.66,10.66
47,85,1,14,114.8,8.2
47,85,2,13,87.72,6.747692307692308
47,85,3,10,48.7,4.87
47,85,4,15,38.06,2.5373333333333337
47,87,0,10,34.35,3.435
47,87,1,2,2.8,1.4
47,87,2,9,5.22,0.58
47,87,3,13,6.74,0.5184615384615385
47,87,4,3,0.87,0.29
47,88,0,8,31.96,3.995
47,88,1,8,13.79,1.72375
47,88,2,14,23.64,1.6885714285714286
47,88,3,3,1.3,0.43333333333333335
47,88,4,9,1.88,0.20888888888888887
47,89,0,15,154.69,10.312666666666667
47,89,1,19,188.77,9.935263157894738
47,89,2,19,185.76,9.776842105263157
47,89,3,20,164.92,8.245999999999999
47,89,4,7,50.68,7.24
47,90,0,11,47.97,4.36090909090909
47,90,1,15,52.5,3.5
47,90,2,6,19.38,3.23
47,90,3,1,1.93,1.93
47,90,4,16,30.75,1.921875
47,93,0,7,56.61,8.087142857142856
47,93,1,6,45.69,7.614999999999999
47,93,2,8,43.38,5.4225
47,93,3,3,14.19,4.7299999999999995
47,93,4,15,51.1,3.4066666666666667
47,94,0,1,4.38,4.38
47,94,1,19,70.55,3.7131578947368418
47,94,2,4,7.34,1.835
47,94,3,1,1.77,1.77
47,94,4,19,23.67,1.2457894736842106
47,97,0,2,2.21,1.105
47,97,1,6,3.67,0.6116666666666667
47,97,2,4,2.28,0.57
47,97,3,18,8.7,0.4833333333333333
47,97,4,3,0.77,0.25666666666666665
49,1,0,5,16.62,3.3240000000000003
49,1,1,8,19.21,2.40125
49,1,2,16,30.57,1.910625
49,1,3,9,5.87,0.6522222222222223
49,1,4,14,4.1,0.2928571428571428
49,3,0,4,9.42,2.355
49,3,1,11,24.79,2.2536363636363634
49,3,2,13,19.66,1.5123076923076924
49,3,3,11,6.37,0.5790909090909091
49,3,4,13,3.52,0.27076923076923076
49,5,0,12,9.75,0.8125
49,5,1,11,4.82,0.43818181818181823
49,5,2,1,0.4,0.4
49,5,3,16,2.39,0.149375
49,5,4,11,0.47,0.042727272727272725
49,8,0,10,20.92,2.092
49,8,1,17,30.95,1.8205882352941176
49,8,2,18,25.23,1.4016666666666666
49,8,3,19,15.57,0.8194736842105264
49,8,4,4,2.84,0.71
49,16,0,9,9.5,1.0555555555555556
49,16,1,9,9.41,1.0455555555555556
49,16,2,13,13.39,1.03
49,16,3,9,7.32,0.8133333333333334
49,16,4,19,2.59,0.1363157894736842
49,19,0,11,3.66,0.33272727272727276
49,19,1,11,3.21,0.2918181818181818
49,19,2,6,1.49,0.24833333333333332
49,19,3,5,1.17,0.23399999999999999
49,19,4,8,0.92,0.115
49,20,0,1,1.33,1.33
49,20,1,16,18.61,1.163125
49,20,2,3,3.34,1.1133333333333333
49,20,3,2,1.87,0.935
49,20,4,7,6.21,0.8871428571428571
49,23,0,9,46.67,5.185555555555556
49,23,1,17,59.42,3.495294117647059
49,23,2,20,65.41,3.2704999999999997
49,23,3,12,20.8,1.7333333333333334
49,23,4,19,13.84,0.728421052631579
49,24,0,17,10.04,0.5905882352941176
49,24,1,14,5.84,0.41714285714285715
49,24,2,8,3.31,0.41375
49,24,3,4,1.38,0.345
49,24,4,10,2.72,0.272
49,25,0,2,2.09,1.045
49,25,1,1,0.9,0.9
49,25,2,17,12.37,0.7276470588235293
49,25,3,15,10.74,0.716
49,25,4,19,8.47,0.44578947368421057
49,28,0,11,15.45,1.4045454545454545
49,28,1,10,12.82,1.282
49,28,2,17,21.03,1.2370588235294118
49,28,3,16,8.27,0.516875
49,28,4,3,1.13,0.37666666666666665
49,29,0,5,24.65,4.93
49,29,1,9,42.67,4.7411111111111115
49,29,2,15,37.54,2.502666666666667
49,29,3,2,4.29,2.145
49,29,4,13,7.0,0.5384615384615384
49,30,0,14,42.44,3.031428571428571
49,30,1,8,18.52,2.315
49,30,2,4,6.56,1.64
49,30,3,13,19.14,1.4723076923076923
49,30,4,11,4.08,0.3709090909090909
49,33,0,5,28.16,5.632
49,33,1,9,50.28,5.586666666666667
49,33,2,14,75.45,5.389285714285714
49,33,3,8,30.1,3.7625
49,33,4,11,24.43,2.2209090909090907
49,34,0,5,8.75,1.75
49,34,1,1,1.71,1.71
49,34,2,2,3.41,1.705
49,34,3,13,17.76,1.3661538461538463
49,34,4,7,8.89,1.27
49,36,0,7,17.26,2.4657142857142857
49,36,1,11,22.94,2.0854545454545454
49,36,2,5,10.25,2.05
49,36,3,17,26.86,1.58
49,36,4,8,4.09,0.51125
49,38,0,12,65.65,5.470833333333334
49,38,1,10,43.07,4.307
49,38,2,6,19.51,3.251666666666667
49,38,3,8,9.27,1.15875
49,38,4,11,10.18,0.9254545454545454
49,46,0,5,9.06,1.812
49,46,1,15,21.34,1.4226666666666667
49,46,2,15,20.14,1.3426666666666667
49,46,3,5,5.89,1.178
49,46,4,7,2.61,0.37285714285714283
49,47,0,8,12.64,1.58
49,47,1,3,4.2,1.4000000000000001
49,47,2,7,9.11,1.3014285714285714
49,47,3,11,7.44,0.6763636363636364
49,47,4,7,1.44,0.2057142857142857
49,50,0,20,120.02,6.0009999999999994
49,50,1,9,43.56,4.84
49,50,2,5,4.71,0.942
49,50,3,14,11.47,0.8192857142857143
49,50,4,19,13.35,0.7026315789473684
49,51,0,16,12.16,0.76
49,51,1,12,8.68,0.7233333333333333
49,51,2,12,8.66,0.7216666666666667
49,51,3,12,4.36,0.36333333333333334
49,51,4,15,3.28,0.21866666666666665
49,54,0,18,17.09,0.9494444444444444
49,54,1,15,6.64,0.44266666666666665
49,54,2,5,1.86,0.372
49,54,3,7,2.58,0.3685714285714286
49,54,4,4,0.54,0.135
49,56,0,10,15.41,1.541
49,56,1,18,25.18,1.3988888888888888
49,56,2,14,10.83,0.7735714285714286
49,56,3,4,2.09,0.5225
49,56,4,18,7.57,0.42055555555555557
49,60,0,9,16.74,1.8599999999999999
49,60,1,9,11.48,1.2755555555555556
49,60,2,16,19.98,1.24875
49,60,3,10,7.56,0.756
49,60,4,7,2.19,0.31285714285714283
49,66,0,18,54.97,3.053888888888889
49,66,1,11,31.91,2.900909090909091
49,66,2,13,26.85,2.0653846153846156
49,66,3,20,14.09,0.7045
49,66,4,20,13.64,0.682
49,69,0,16,27.08,1.6925
49,69,1,2,2.54,1.27
49,69,2,10,4.25,0.425
49,69,3,10,1.77,0.177
49,69,4,18,1.88,0.10444444444444444
49,70,0,2,4.06,2.03
49,70,1,17,22.62,1.3305882352941176
49,70,2,19,20.79,1.0942105263157895
49,70,3,2,2.1,1.05
49,70,4,6,2.38,0.39666666666666667
49,71,0,13,65.8,5.061538461538461
49,71,1,5,23.72,4.744
49,71,2,7,25.93,3.704285714285714
49,71,3,5,12.56,2.512
49,71,4,9,20.69,2.298888888888889
49,73,0,14,146.32,10.45142857142857
49,73,1,1,8.24,8.24
49,73,2,14,114.22,8.15857142857143
49,73,3,18,104.43,5.801666666666667
49,73,4,20,76.65,3.8325000000000005
49,74,0,15,58.59,3.906
49,74,1,13,35.29,2.7146153846153847
49,74,2,15,32.51,2.167333333333333
49,74,3,11,22.89,2.080909090909091
49,74,4,12,3.49,0.29083333333333333
49,75,0,2,2.33,1.165
49,75,1,11,12.55,1.1409090909090909
49,75,2,3,2.24,0.7466666666666667
49,75,3,1,0.49,0.49
49,75,4,7,1.51,0.21571428571428572
49,77,0,13,33.61,2.585384615384615
49,77,1,17,43.48,2.5576470588235294
49,77,2,8,18.24,2.28
49,77,3,16,17.26,1.07875
49,77,4,2,1.3,0.65
49,79,0,7,52.43,7.49
49,79,1,17,119.77,7.0452941176470585
49,79,2,15,57.85,3.856666666666667
49,79,3,9,27.94,3.104444444444445
49,79,4,20,30.06,1.503
49,80,0,12,21.37,1.7808333333333335
49,80,1,18,29.05,1.613888888888889
49,80,2,4,6.13,1.5325
49,80,3,3,3.19,1.0633333333333332
49,80,4,15,10.74,0.716
49,82,0,20,150.92,7.545999999999999
49,82,1,18,127.74,7.096666666666667
49,82,2,1,4.5,4.5
49,82,3,14,27.28,1.9485714285714286
49,82,4,15,23.43,1.562
49,84,0,14,91.78,6.555714285714286
49,84,1,15,40.62,2.7079999999999997
49,84,2,12,27.27,2.2725
49,84,3,14,20.76,1.4828571428571429
49,84,4,10,5.99,0.599
49,85,0,8,67.6,8.45
49,85,1,5,37.3,7.459999999999999
49,85,2,2,8.78,4.39
49,85,3,20,71.19,3.5595
49,85,4,9,13.25,1.4722222222222223
49,87,0,1,2.47,2.47
49,87,1,5,10.18,2.036
49,87,2,6,10.83,1.805
49,87,3,5,6.03,1.206
49,87,4,11,5.67,0.5154545454545455
49,88,0,8,15.22,1.9025
49,88,1,13,18.03,1.386923076923077
49,88,2,16,18.8,1.175
49,88,3,13,4.46,0.34307692307692306
49,88,4,7,2.3,0.32857142857142857
49,89,0,5,42.21,8.442
49,89,1,16,103.95,6.496875
49,89,2,10,62.57,6.257
49,89,3,7,21.17,3.0242857142857145
49,89,4,12,10.81,0.9008333333333334
49,90,0,1,3.2,3.2
49,90,1,17,45.75,2.6911764705882355
49,90,2,3,4.64,1.5466666666666666
49,90,3,16,18.92,1.1825
49,90,4,18,7.43,0.41277777777777774
49,93,0,4,23.32,5.83
49,93,1,2,10.03,5.015
49,93,2,6,21.25,3.5416666666666665
49,93,3,16,40.25,2.515625
49,93,4,19,17.92,0.9431578947368422
49,94,0,13,25.99,1.9992307692307691
49,94,1,11,13.14,1.1945454545454546
49,94,2,19,20.5,1.0789473684210527
49,94,3,17,14.91,0.8770588235294118
49,94,4,18,3.41,0.18944444444444444
49,97,0,5,16.3,3.2600000000000002
49,97,1,16,49.2,3.075
49,97,2,15,21.49,1.4326666666666665
49,97,3,16,18.59,1.161875
49,97,4,13,10.17,0.7823076923076923
50,1,0,20,211.78,10.589
50,1,1,10,91.69,9.169
50,1,2,14,93.0,6.642857142857143
50,1,3,8,29.02,3.6275
50,1,4,2,3.15,1.575
50,3,0,20,102.63,5.1315
50,3,1,18,85.12,4.728888888888889
50,3,2,13,52.49,4.037692307692308
50,3,3,1,1.54,1.54
50,3,4,2,1.41,0.705
50,5,0,20,180.19,9.0095
50,5,1,8,68.64,8.58
50,5,2,7,44.28,6.325714285714286
50,5,3,14,82.44,5.888571428571429
50,5,4,3,7.94,2.646666666666667
50,8,0,1,7.11,7.11
50,8,1,6,38.63,6.4383333333333335
50,8,2,9,46.02,5.113333333333333
50,8,3,7,7.67,1.0957142857142856
50,8,4,18,19.65,1.0916666666666666
50,16,0,15,129.13,8.608666666666666
50,16,1,19,160.15,8.428947368421053
50,16,2,20,113.38,5.669
50,16,3,20,69.35,3.4675
50,16,4,10,13.09,1.309
50,19,0,6,49.38,8.23
50,19,1,2,14.42,7.21
50,19,2,2,13.43,6.715
50,19,3,17,99.54,5.855294117647059
50,19,4,11,57.08,5.1890909090909085
50,20,0,14,55.53,3.9664285714285716
50,20,1,1,3.61,3.61
50,20,2,16,52.77,3.298125
50,20,3,8,21.67,2.70875
50,20,4,3,4.22,1.4066666666666665
50,23,0,20,56.54,2.827
50,23,1,14,34.27,2.447857142857143
50,23,2,15,30.86,2.0573333333333332
50,23,3,9,12.96,1.4400000000000002
50,23,4,2,0.45,0.225
50,24,0,7,56.44,8.062857142857142
50,24,1,4,16.77,4.1925
50,24,2,13,39.82,3.063076923076923
50,24,3,18,36.92,2.051111111111111
50,24,4,7,10.7,1.5285714285714285
50,25,0,20,141.09,7.0545
50,25,1,7,33.18,4.74
50,25,2,19,32.35,1.7026315789473685
50,25,3,7,7.3,1.042857142857143
50,25,4,20,8.64,0.43200000000000005
50,28,0,20,127.67,6.3835
50,28,1,6,33.22,5.536666666666666
50,28,2,17,66.82,3.9305882352941173
50,28,3,1,2.52,2.52
50,28,4,11,13.37,1.2154545454545453
50,29,0,12,34.16,2.8466666666666662
50,29,1,4,5.07,1.2675
50,29,2,11,12.34,1.1218181818181818
50,29,3,8,3.86,0.4825
50,29,4,19,3.64,0.19157894736842107
50,30,0,1,5.93,5.93
50,30,1,8,41.8,5.225
50,30,2,4,19.13,4.7825
50,30,3,14,52.59,3.7564285714285717
50,30,4,2,0.72,0.36
50,33,0,12,30.55,2.5458333333333334
50,33,1,10,19.64,1.964
50,33,2,11,20.83,1.8936363636363636
50,33,3,20,13.3,0.665
50,33,4,4,1.22,0.305
50,34,0,15,112.32,7.4879999999999995
50,34,1,7,49.32,7.045714285714285
50,34,2,19,123.18,6.483157894736842
50,34,3,14,79.75,5.696428571428571
50,34,4,9,27.48,3.0533333333333332
50,36,0,9,76.69,8.52111111111111
50,36,1,8,44.77,5.59625
50,36,2,13,60.1,4.6230769230769235
50,36,3,10,37.76,3.776
50,36,4,1,1.03,1.03
50,38,0,11,11.16,1.0145454545454546
50,38,1,18,6.55,0.3638888888888889
50,38,2,8,2.43,0.30375
50,38,3,1,0.07,0.07
50,38,4,4,0.23,0.0575
50,46,0,6,40.67,6.778333333333333
50,46,1,2,10.8,5.4
50,46,2,10,41.65,4.165
50,46,3,9,29.52,3.28
50,46,4,19,52.15,2.744736842105263
50,47,0,5,47.71,9.542
50,47,1,15,113.45,7.5633333333333335
50,47,2,16,85.16,5.3225
50,47,3,19,93.22,4.906315789473684
50,47,4,20,29.87,1.4935
50,49,0,9,63.14,7.015555555555555
50,49,1,17,102.61,6.035882352941177
50,49,2,1,2.42,2.42
50,49,3,18,34.32,1.9066666666666667
50,49,4,10,17.39,1.739
50,51,0,3,20.83,6.9433333333333325
50,51,1,8,52.7,6.5875
50,51,2,19,42.02,2.2115789473684213
50,51,3,3,3.42,1.14
50,51,4,2,1.87,0.935
50,54,0,14,93.19,6.656428571428571
50,54,1,3,16.8,5.6000000000000005
50,54,2,11,36.56,3.3236363636363637
50,54,3,17,27.71,1.6300000000000001
50,54,4,1,1.35,1.35
50,56,0,15,99.07,6.604666666666666
50,56,1,16,76.33,4.770625
50,56,2,3,12.69,4.2299999999999995
50,56,3,19,73.58,3.8726315789473684
50,56,4,9,10.13,1.1255555555555556
50,60,0,12,30.74,2.5616666666666665
50,60,1,1,2.56,2.56
50,60,2,2,3.23,1.615
50,60,3,13,14.76,1.1353846153846154
50,60,4,1,0.8,0.8
50,66,0,20,96.56,4.828
50,66,1,12,10.35,0.8624999999999999
50,66,2,11,8.94,0.8127272727272726
50,66,3,9,7.02,0.7799999999999999
50,66,4,3,1.92,0.64
50,69,0,9,72.39,8.043333333333333
50,69,1,17,124.16,7.303529411764706
50,69,2,20,125.87,6.2935
50,69,3,6,19.81,3.3016666666666663
50,69,4,13,40.65,3.126923076923077
50,70,0,1,10.49,10.49
50,70,1,7,66.74,9.534285714285714
50,70,2,11,93.19,8.47181818181818
50,70,3,19,160.22,8.432631578947369
50,70,4,11,20.27,1.8427272727272728
50,71,0,9,4.9,0.5444444444444445
50,71,1,9,3.86,0.4288888888888889
50,71,2,4,1.17,0.2925
50,71,3,16,4.5,0.28125
50,71,4,18,4.35,0.24166666666666664
50,73,0,5,18.61,3.722
50,73,1,16,52.81,3.300625
50,73,2,9,19.25,2.138888888888889
50,73,3,11,20.16,1.8327272727272728
50,73,4,19,12.42,0.6536842105263158
50,74,0,18,172.72,9.595555555555556
50,74,1,4,35.76,8.94
50,74,2,16,67.84,4.24
50,74,3,4,16.43,4.1075
50,74,4,11,11.72,1.0654545454545454
50,75,0,7,42.61,6.087142857142857
50,75,1,3,17.6,5.866666666666667
50,75,2,4,19.91,4.9775
50,75,3,8,29.38,3.6725
50,75,4,11,22.9,2.0818181818181816
50,77,0,14,140.57,10.040714285714285
50,77,1,13,118.71,9.131538461538462
50,77,2,8,36.91,4.61375
50,77,3,19,80.23,4.222631578947369
50,77,4,8,18.97,2.37125
50,79,0,19,31.71,1.6689473684210527
50,79,1,8,9.81,1.22625
50,79,2,19,9.81,0.5163157894736843
50,79,3,4,1.65,0.4125
50,79,4,5,1.81,0.362
50,80,0,4,18.02,4.505
50,80,1,4,16.52,4.13
50,80,2,20,78.42,3.9210000000000003
50,80,3,6,9.22,1.5366666666666668
50,80,4,9,3.25,0.3611111111111111
50,82,0,11,19.56,1.778181818181818
50,82,1,10,16.17,1.6170000000000002
50,82,2,4,4.15,1.0375
50,82,3,5,4.49,0.898
50,82,4,15,4.53,0.302
50,84,0,12,14.73,1.2275
50,84,1,18,20.16,1.12
50,84,2,2,2.22,1.11
50,84,3,8,5.54,0.6925
50,84,4,9,3.58,0.3977777777777778
50,85,0,7,9.85,1.407142857142857
50,85,1,15,18.26,1.2173333333333334
50,85,2,1,1.09,1.09
50,85,3,20,18.94,0.9470000000000001
50,85,4,4,1.86,0.465
50,87,0,13,75.8,5.8307692307692305
50,87,1,14,78.15,5.582142857142857
50,87,2,9,39.9,4.433333333333334
50,87,3,17,20.63,1.2135294117647057
50,87,4,20,23.58,1.1789999999999998
50,88,0,17,118.17,6.951176470588235
50,88,1,2,13.85,6.925
50,88,2,17,83.68,4.922352941176471
50,88,3,9,41.69,4.632222222222222
50,88,4,17,24.85,1.461764705882353
50,89,0,13,52.39,4.03
50,89,1,8,20.41,2.55125
50,89,2,13,27.49,2.1146153846153846
50,89,3,6,7.47,1.2449999999999999
50,89,4,1,0.27,0.27
50,90,0,12,75.88,6.323333333333333
50,90,1,17,103.58,6.092941176470588
50,90,2,3,12.36,4.12
50,90,3,15,50.2,3.3466666666666667
50,90,4,20,23.02,1.151
50,93,0,17,23.64,1.3905882352941177
50,93,1,8,10.49,1.31125
50,93,2,2,2.39,1.195
50,93,3,16,9.85,0.615625
50,93,4,6,1.78,0.2966666666666667
50,94,0,6,21.34,3.5566666666666666
50,94,1,11,35.85,3.2590909090909093
50,94,2,17,39.87,2.3452941176470588
50,94,3,9,19.82,2.2022222222222223
50,94,4,14,14.41,1.0292857142857144
50,97,0,16,166.25,10.390625
50,97,1,10,72.13,7.212999999999999
50,97,2,8,33.34,4.1675
50,97,3,7,19.38,2.7685714285714282
50,97,4,18,19.45,1.0805555555555555
51,1,0,2,5.16,2.58
51,1,1,9,22.79,2.532222222222222
51,1,2,15,12.51,0.834
51,1,3,12,8.95,0.7458333333333332
51,1,4,11,4.9,0.4454545454545455
51,3,0,10,25.39,2.539
51,3,1,4,7.14,1.785
51,3,2,13,17.21,1.323846153846154
51,3,3,12,15.6,1.3
51,3,4,4,4.88,1.22
51,5,0,14,24.57,1.7550000000000001
51,5,1,2,3.44,1.72
51,5,2,12,19.52,1.6266666666666667
51,5,3,14,22.43,1.602142857142857
51,5,4,5,5.85,1.17
51,8,0,15,32.57,2.1713333333333336
51,8,1,3,5.22,1.74
51,8,2,18,24.32,1.3511111111111112
51,8,3,20,24.97,1.2485
51,8,4,19,8.58,0.4515789473684211
51,16,0,20,43.54,2.177
51,16,1,19,32.71,1.721578947368421
51,16,2,8,11.22,1.4025
51,16,3,6,6.4,1.0666666666666667
51,16,4,17,6.07,0.35705882352941176
51,19,0,10,9.99,0.999
51,19,1,3,2.77,0.9233333333333333
51,19,2,18,14.56,0.8088888888888889
51,19,3,8,6.37,0.79625
51,19,4,9,1.72,0.19111111111111112
51,20,0,5,5.73,1.1460000000000001
51,20,1,7,6.61,0.9442857142857143
51,20,2,8,4.44,0.555
51,20,3,1,0.38,0.38
51,20,4,13,3.45,0.2653846153846154
51,23,0,3,12.77,4.256666666666667
51,23,1,7,25.36,3.6228571428571428
51,23,2,4,9.2,2.3
51,23,3,9,9.0,1.0
51,23,4,18,14.42,0.8011111111111111
51,24,0,14,13.68,0.9771428571428571
51,24,1,10,9.08,0.908
51,24,2,16,11.42,0.71375
51,24,3,14,8.97,0.6407142857142858
51,24,4,12,6.24,0.52
51,25,0,3,1.99,0.6633333333333333
51,25,1,9,3.06,0.34
51,25,2,17,5.23,0.30764705882352944
51,25,3,8,1.53,0.19125
51,25,4,17,2.9,0.17058823529411765
51,28,0,19,12.24,0.6442105263157895
51,28,1,1,0.34,0.34
51,28,2,4,1.32,0.33
51,28,3,8,0.49,0.06125
51,28,4,17,0.91,0.05352941176470588
51,29,0,11,59.6,5.418181818181818
51,29,1,17,52.43,3.0841176470588234
51,29,2,13,34.07,2.620769230769231
51,29,3,3,7.42,2.473333333333333
51,29,4,6,7.09,1.1816666666666666
51,30,0,1,2.03,2.03
51,30,1,12,23.96,1.9966666666666668
51,30,2,18,23.11,1.2838888888888889
51,30,3,12,11.11,0.9258333333333333
51,30,4,16,5.36,0.335
51,33,0,20,69.31,3.4655
51,33,1,14,41.43,2.959285714285714
51,33,2,14,41.24,2.9457142857142857
51,33,3,12,22.77,1.8975
51,33,4,11,10.39,0.9445454545454546
51,34,0,14,23.46,1.6757142857142857
51,34,1,15,17.62,1.1746666666666667
51,34,2,3,1.76,0.5866666666666667
51,34,3,9,4.3,0.47777777777777775
51,34,4,17,6.15,0.361764705882353
51,36,0,6,8.59,1.4316666666666666
51,36,1,4,4.63,1.1575
51,36,2,17,12.12,0.7129411764705882
51,36,3,11,3.32,0.3018181818181818
51,36,4,2,0.16,0.08
51,38,0,16,150.8,9.425
51,38,1,2,18.8,9.4
51,38,2,11,79.87,7.260909090909092
51,38,3,6,36.96,6.16
51,38,4,18,57.79,3.2105555555555556
51,46,0,7,15.81,2.2585714285714285
51,46,1,2,4.47,2.235
51,46,2,9,15.68,1.7422222222222221
51,46,3,16,26.41,1.650625
51,46,4,7,6.62,0.9457142857142857
51,47,0,1,2.76,2.76
51,47,1,8,20.49,2.56125
51,47,2,16,31.21,1.950625
51,47,3,10,11.64,1.1640000000000001
51,47,4,16,2.27,0.141875
51,49,0,17,12.98,0.7635294117647059
51,49,1,4,2.09,0.5225
51,49,2,14,6.12,0.43714285714285717
51,49,3,2,0.43,0.215
51,49,4,4,0.83,0.2075
51,50,0,19,131.62,6.927368421052631
51,50,1,3,19.01,6.336666666666667
51,50,2,4,12.21,3.0525
51,50,3,15,36.17,2.4113333333333333
51,50,4,1,0.88,0.88
51,54,0,7,2.1,0.3
51,54,1,13,3.34,0.2569230769230769
51,54,2,20,4.91,0.2455
51,54,3,15,3.06,0.20400000000000001
51,54,4,18,1.2,0.06666666666666667
51,56,0,18,24.68,1.3711111111111112
51,56,1,15,7.8,0.52
51,56,2,2,0.76,0.38
51,56,3,15,5.28,0.35200000000000004
51,56,4,19,6.44,0.33894736842105266
51,60,0,18,34.96,1.9422222222222223
51,60,1,15,16.55,1.1033333333333333
51,60,2,18,13.59,0.755
51,60,3,15,8.11,0.5406666666666666
51,60,4,13,2.29,0.17615384615384616
51,66,0,19,59.65,3.139473684210526
51,66,1,13,30.46,2.3430769230769233
51,66,2,2,2.3,1.15
51,66,3,16,15.83,0.989375
51,66,4,14,4.69,0.335
51,69,0,2,4.81,2.405
51,69,1,1,1.87,1.87
51,69,2,20,27.9,1.395
51,69,3,16,13.1,0.81875
51,69,4,17,4.29,0.2523529411764706
51,70,0,9,19.82,2.2022222222222223
51,70,1,16,25.24,1.5775
51,70,2,2,3.07,1.535
51,70,3,13,6.13,0.4715384615384615
51,70,4,15,5.18,0.3453333333333333
51,71,0,12,83.41,6.950833333333333
51,71,1,9,55.46,6.162222222222223
51,71,2,6,19.88,3.313333333333333
51,71,3,6,18.2,3.033333333333333
51,71,4,6,3.43,0.5716666666666667
51,73,0,6,50.12,8.353333333333333
51,73,1,17,89.94,5.290588235294117
51,73,2,19,42.66,2.245263157894737
51,73,3,3,3.48,1.16
51,73,4,9,4.81,0.5344444444444444
51,74,0,14,41.72,2.98
51,74,1,9,20.0,2.2222222222222223
51,74,2,1,1.49,1.49
51,74,3,20,27.69,1.3845
51,74,4,11,2.4,0.21818181818181817
51,75,0,18,29.71,1.6505555555555556
51,75,1,12,16.91,1.4091666666666667
51,75,2,2,2.77,1.385
51,75,3,3,3.59,1.1966666666666665
51,75,4,3,1.97,0.6566666666666666
51,77,0,10,25.14,2.5140000000000002
51,77,1,8,16.07,2.00875
51,77,2,17,31.47,1.8511764705882352
51,77,3,6,8.98,1.4966666666666668
51,77,4,10,1.18,0.118
51,79,0,8,77.1,9.6375
51,79,1,15,142.34,9.489333333333333
51,79,2,13,118.88,9.144615384615385
51,79,3,12,92.22,7.685
51,79,4,14,11.46,0.8185714285714286
51,80,0,20,29.9,1.4949999999999999
51,80,1,4,5.63,1.4075
51,80,2,6,7.25,1.2083333333333333
51,80,3,2,2.35,1.175
51,80,4,7,6.89,0.9842857142857142
51,82,0,19,119.57,6.293157894736842
51,82,1,12,62.16,5.18
51,82,2,9,41.43,4.6033333333333335
51,82,3,8,20.05,2.50625
51,82,4,8,7.41,0.92625
51,84,0,20,182.56,9.128
51,84,1,4,33.15,8.2875
51,84,2,10,71.09,7.109
51,84,3,7,32.8,4.685714285714285
51,84,4,4,5.87,1.4675
51,85,0,6,37.76,6.293333333333333
51,85,1,16,80.71,5.044375
51,85,2,18,70.65,3.9250000000000003
51,85,3,15,20.28,1.352
51,85,4,19,9.96,0.5242105263157896
51,87,0,16,51.12,3.195
51,87,1,16,32.63,2.039375
51,87,2,8,13.62,1.7025
51,87,3,10,11.52,1.152
51,87,4,14,11.59,0.8278571428571428
51,88,0,8,8.16,1.02
51,88,1,13,12.23,0.9407692307692308
51,88,2,13,9.91,0.7623076923076924
51,88,3,12,8.52,0.71
51,88,4,14,7.11,0.5078571428571429
51,89,0,4,32.19,8.0475
51,89,1,11,86.11,7.828181818181818
51,89,2,4,30.94,7.735
51,89,3,8,42.49,5.31125
51,89,4,3,10.1,3.3666666666666667
51,90,0,5,10.19,2.038
51,90,1,14,15.11,1.0792857142857142
51,90,2,14,7.98,0.5700000000000001
51,90,3,3,1.29,0.43
51,90,4,5,1.79,0.358
51,93,0,8,47.31,5.91375
51,93,1,13,73.55,5.657692307692307
51,93,2,4,22.48,5.62
51,93,3,7,36.48,5.211428571428571
51,93,4,19,74.34,3.9126315789473685
51,94,0,17,49.37,2.9041176470588232
51,94,1,7,9.29,1.327142857142857
51,94,2,18,17.3,0.9611111111111111
51,94,3,5,2.39,0.47800000000000004
51,94,4,13,2.85,0.21923076923076923
51,97,0,5,14.02,2.804
51,97,1,8,13.54,1.6925
51,97,2,12,8.12,0.6766666666666666
51,97,3,15,9.49,0.6326666666666667
51,97,4,9,1.54,0.1711111111111111
54,1,0,19,40.2,2.115789473684211
54,1,1,19,34.53,1.8173684210526317
54,1,2,18,14.29,0.7938888888888889
54,1,3,17,12.27,0.7217647058823529
54,1,4,12,5.89,0.4908333333333333
54,3,0,2,5.2,2.6
54,3,1,17,31.32,1.8423529411764705
54,3,2,16,26.21,1.638125
54,3,3,14,15.73,1.1235714285714287
54,3,4,9,4.6,0.5111111111111111
54,5,0,8,11.85,1.48125
54,5,1,14,17.33,1.2378571428571428
54,5,2,8,9.13,1.14125
54,5,3,17,13.84,0.8141176470588235
54,5,4,5,2.04,0.40800000000000003
54,8,0,1,2.32,2.32
54,8,1,6,10.34,1.7233333333333334
54,8,2,12,18.45,1.5374999999999999
54,8,3,3,1.86,0.62
54,8,4,5,1.69,0.33799999999999997
54,16,0,10,21.93,2.193
54,16,1,6,12.54,2.09
54,16,2,14,25.25,1.8035714285714286
54,16,3,10,9.42,0.942
54,16,4,1,0.32,0.32
54,19,0,19,18.4,0.9684210526315788
54,19,1,11,10.34,0.94
54,19,2,13,5.99,0.46076923076923076
54,19,3,5,1.59,0.318
54,19,4,15,1.04,0.06933333333333333
54,20,0,13,17.13,1.3176923076923077
54,20,1,7,6.15,0.8785714285714287
54,20,2,10,8.37,0.837
54,20,3,5,3.28,0.6559999999999999
54,20,4,5,2.28,0.45599999999999996
54,23,0,7,33.93,4.847142857142857
54,23,1,3,13.9,4.633333333333334
54,23,2,8,22.41,2.80125
54,23,3,9,11.26,1.251111111111111
54,23,4,6,6.33,1.055
54,24,0,6,6.95,1.1583333333333334
54,24,1,6,5.84,0.9733333333333333
54,24,2,18,9.63,0.535
54,24,3,16,6.57,0.410625
54,24,4,8,0.63,0.07875
54,25,0,6,3.98,0.6633333333333333
54,25,1,9,4.68,0.52
54,25,2,2,0.87,0.435
54,25,3,11,4.4,0.4
54,25,4,14,5.46,0.39
54,28,0,6,2.95,0.4916666666666667
54,28,1,8,2.78,0.3475
54,28,2,18,4.46,0.24777777777777776
54,28,3,5,0.75,0.15
54,28,4,18,2.3,0.12777777777777777
54,29,0,13,52.37,4.0284615384615385
54,29,1,14,53.45,3.817857142857143
54,29,2,11,36.85,3.35
54,29,3,19,31.71,1.6689473684210527
54,29,4,2,1.89,0.945
54,30,0,3,6.95,2.316666666666667
54,30,1,18,40.95,2.2750000000000004
54,30,2,8,8.23,1.02875
54,30,3,4,1.64,0.41
54,30,4,19,4.08,0.21473684210526317
54,33,0,9,29.33,3.2588888888888885
54,33,1,5,15.79,3.158
54,33,2,17,39.66,2.332941176470588
54,33,3,7,13.39,1.912857142857143
54,33,4,16,27.14,1.69625
54,34,0,15,27.26,1.8173333333333335
54,34,1,3,3.83,1.2766666666666666
54,34,2,12,13.68,1.14
54,34,3,5,3.82,0.764
54,34,4,16,9.66,0.60375
54,36,0,20,25.37,1.2685
54,36,1,13,15.9,1.2230769230769232
54,36,2,9,5.48,0.6088888888888889
54,36,3,18,6.92,0.3844444444444444
54,36,4,20,5.06,0.253
54,38,0,3,21.19,7.0633333333333335
54,38,1,18,123.49,6.860555555555555
54,38,2,12,70.91,5.909166666666667
54,38,3,9,32.57,3.618888888888889
54,38,4,16,21.02,1.31375
54,46,0,13,14.96,1.1507692307692308
54,46,1,3,2.99,0.9966666666666667
54,46,2,6,1.78,0.2966666666666667
54,46,3,11,2.85,0.2590909090909091
54,46,4,3,0.74,0.24666666666666667
54,47,0,16,41.02,2.56375
54,47,1,1,1.69,1.69
54,47,2,6,9.66,1.61
54,47,3,5,3.69,0.738
54,47,4,2,1.21,0.605
54,49,0,19,16.73,0.8805263157894737
54,49,1,11,9.44,0.8581818181818182
54,49,2,17,5.35,0.31470588235294117
54,49,3,20,1.86,0.093
54,49,4,8,0.7,0.0875
54,50,0,8,58.36,7.295
54,50,1,15,101.96,6.797333333333333
54,50,2,2,7.36,3.68
54,50,3,19,54.47,2.866842105263158
54,50,4,13,14.85,1.1423076923076922
54,51,0,7,2.17,0.31
54,51,1,9,2.39,0.26555555555555554
54,51,2,4,0.39,0.0975
54,51,3,3,0.22,0.07333333333333333
54,51,4,15,0.75,0.05
54,56,0,20,23.54,1.177
54,56,1,10,9.27,0.9269999999999999
54,56,2,2,1.36,0.68
54,56,3,3,0.63,0.21
54,56,4,9,1.66,0.18444444444444444
54,60,0,9,20.98,2.3311111111111114
54,60,1,13,25.58,1.9676923076923076
54,60,2,11,19.41,1.7645454545454546
54,60,3,12,16.0,1.3333333333333333
54,60,4,2,0.84,0.42
54,66,0,11,30.04,2.730909090909091
54,66,1,17,46.16,2.7152941176470584
54,66,2,18,33.96,1.8866666666666667
54,66,3,15,17.01,1.1340000000000001
54,66,4,12,9.91,0.8258333333333333
54,69,0,16,33.48,2.0925
54,69,1,1,2.05,2.05
54,69,2,17,11.85,0.6970588235294117
54,69,3,6,3.64,0.6066666666666667
54,69,4,8,4.73,0.59125
54,70,0,20,52.65,2.6325
54,70,1,12,15.54,1.295
54,70,2,6,6.04,1.0066666666666666
54,70,3,9,4.37,0.4855555555555556
54,70,4,1,0.29,0.29
54,71,0,2,10.53,5.265
54,71,1,15,38.94,2.5959999999999996
54,71,2,18,44.31,2.461666666666667
54,71,3,12,19.4,1.6166666666666665
54,71,4,20,7.88,0.394
54,73,0,3,21.7,7.233333333333333
54,73,1,19,102.25,5.381578947368421
54,73,2,6,28.23,4.705
54,73,3,10,35.11,3.511
54,73,4,8,22.88,2.86
54,74,0,17,67.45,3.9676470588235295
54,74,1,7,20.31,2.9014285714285712
54,74,2,4,7.11,1.7775
54,74,3,16,12.42,0.77625
54,74,4,4,2.57,0.6425
54,75,0,9,16.74,1.8599999999999999
54,75,1,18,26.9,1.4944444444444445
54,75,2,3,4.01,1.3366666666666667
54,75,3,13,13.12,1.0092307692307692
54,75,4,12,1.33,0.11083333333333334
54,77,0,9,19.67,2.1855555555555557
54,77,1,8,16.24,2.03
54,77,2,13,11.09,0.8530769230769231
54,77,3,1,0.58,0.58
54,77,4,5,2.71,0.542
54,79,0,9,78.4,8.711111111111112
54,79,1,4,31.24,7.81
54,79,2,8,36.96,4.62
54,79,3,4,9.72,2.43
54,79,4,8,5.16,0.645
54,80,0,7,6.99,0.9985714285714286
54,80,1,1,0.9,0.9
54,80,2,18,14.16,0.7866666666666666
54,80,3,13,5.31,0.40846153846153843
54,80,4,16,1.02,0.06375
54,82,0,18,124.07,6.892777777777777
54,82,1,2,10.47,5.235
54,82,2,1,4.55,4.55
54,82,3,12,44.41,3.700833333333333
54,82,4,8,10.24,1.28
54,84,0,10,88.45,8.845
54,84,1,12,93.99,7.8325
54,84,2,3,13.17,4.39
54,84,3,7,29.86,4.265714285714286
54,84,4,17,16.22,0.9541176470588235
54,85,0,14,135.88,9.705714285714285
54,85,1,20,185.27,9.2635
54,85,2,19,116.56,6.134736842105263
54,85,3,14,24.62,1.7585714285714287
54,85,4,16,9.04,0.565
54,87,0,16,43.89,2.743125
54,87,1,14,37.28,2.662857142857143
54,87,2,13,17.36,1.3353846153846154
54,87,3,16,13.84,0.865
54,87,4,12,6.22,0.5183333333333333
54,88,0,4,4.89,1.2225
54,88,1,16,17.38,1.08625
54,88,2,3,2.94,0.98
54,88,3,4,3.59,0.8975
54,88,4,11,0.8,0.07272727272727274
54,89,0,12,85.83,7.1525
54,89,1,12,75.55,6.295833333333333
54,89,2,11,49.45,4.495454545454546
54,89,3,13,47.98,3.6907692307692304
54,89,4,17,36.43,2.1429411764705883
54,90,0,1,2.31,2.31
54,90,1,1,2.18,2.18
54,90,2,18,34.75,1.9305555555555556
54,90,3,7,5.93,0.8471428571428571
54,90,4,4,0.73,0.1825
54,93,0,17,123.44,7.261176470588235
54,93,1,14,39.78,2.8414285714285716
54,93,2,7,11.23,1.6042857142857143
54,93,3,19,21.27,1.1194736842105264
54,93,4,5,1.7,0.33999999999999997
54,94,0,8,22.78,2.8475
54,94,1,11,24.73,2.248181818181818
54,94,2,5,7.36,1.472
54,94,3,13,18.22,1.4015384615384614
54,94,4,7,9.7,1.3857142857142857
54,97,0,10,28.77,2.877
54,97,1,4,7.33,1.8325
54,97,2,17,30.64,1.8023529411764707
54,97,3,14,20.3,1.45
54,97,4,14,3.47,0.24785714285714286
56,1,0,19,90.22,4.748421052631579
56,1,1,13,42.71,3.2853846153846153
56,1,2,3,6.51,2.17
56,1,3,14,8.14,0.5814285714285715
56,1,4,2,0.98,0.49
56,3,0,6,23.73,3.955
56,3,1,7,25.2,3.6
56,3,2,5,13.23,2.646
56,3,3,18,26.36,1.4644444444444444
56,3,4,15,12.85,0.8566666666666667
56,5,0,8,16.16,2.02
56,5,1,18,28.99,1.6105555555555555
56,5,2,7,10.78,1.5399999999999998
56,5,3,19,26.39,1.3889473684210527
56,5,4,8,5.3,0.6625
56,8,0,8,30.71,3.83875
56,8,1,17,62.39,3.67
56,8,2,3,9.55,3.1833333333333336
56,8,3,19,44.68,2.351578947368421
56,8,4,6,1.32,0.22
56,16,0,13,32.75,2.519230769230769
56,16,1,15,29.34,1.956
56,16,2,4,7.44,1.86
56,16,3,4,5.41,1.3525
56,16,4,9,11.09,1.232222222222222
56,19,0,11,14.46,1.3145454545454547
56,19,1,20,17.89,0.8945000000000001
56,19,2,1,0.47,0.47
56,19,3,9,2.61,0.29
56,19,4,2,0.52,0.26
56,20,0,1,1.92,1.92
56,20,1,12,21.09,1.7575
56,20,2,12,6.28,0.5233333333333333
56,20,3,11,5.21,0.47363636363636363
56,20,4,1,0.45,0.45
56,23,0,4,16.72,4.18
56,23,1,19,72.14,3.796842105263158
56,23,2,13,15.31,1.1776923076923078
56,23,3,14,14.19,1.0135714285714286
56,23,4,19,9.52,0.5010526315789473
56,24,0,11,22.73,2.0663636363636364
56,24,1,1,2.04,2.04
56,24,2,5,7.61,1.522
56,24,3,12,16.22,1.3516666666666666
56,24,4,16,2.33,0.145625
56,25,0,8,5.46,0.6825
56,25,1,13,7.01,0.5392307692307692
56,25,2,8,4.3,0.5375
56,25,3,7,3.22,0.46
56,25,4,6,1.95,0.325
56,28,0,14,30.07,2.1478571428571427
56,28,1,2,3.75,1.875
56,28,2,14,18.99,1.3564285714285713
56,28,3,15,17.36,1.1573333333333333
56,28,4,5,1.26,0.252
56,29,0,4,15.93,3.9825
56,29,1,15,56.45,3.7633333333333336
56,29,2,8,13.5,1.6875
56,29,3,2,1.5,0.75
56,29,4,10,5.99,0.599
56,30,0,7,15.09,2.1557142857142857
56,30,1,19,31.05,1.6342105263157896
56,30,2,12,12.81,1.0675000000000001
56,30,3,9,9.03,1.0033333333333332
56,30,4,10,1.49,0.149
56,33,0,12,38.68,3.223333333333333
56,33,1,20,62.78,3.1390000000000002
56,33,2,6,16.21,2.7016666666666667
56,33,3,17,14.41,0.8476470588235294
56,33,4,14,7.05,0.5035714285714286
56,34,0,5,15.62,3.1239999999999997
56,34,1,15,46.47,3.098
56,34,2,16,47.82,2.98875
56,34,3,16,41.98,2.62375
56,34,4,14,20.18,1.4414285714285715
56,36,0,13,39.68,3.0523076923076924
56,36,1,11,20.9,1.9
56,36,2,18,23.57,1.3094444444444444
56,36,3,8,10.04,1.255
56,36,4,14,16.69,1.1921428571428572
56,38,0,4,30.79,7.6975
56,38,1,17,127.54,7.502352941176471
56,38,2,18,131.27,7.292777777777778
56,38,3,10,47.55,4.755
56,38,4,6,18.6,3.1
56,46,0,3,2.36,0.7866666666666666
56,46,1,18,13.41,0.745
56,46,2,15,5.3,0.35333333333333333
56,46,3,9,3.05,0.33888888888888885
56,46,4,8,0.56,0.07
56,47,0,14,27.17,1.9407142857142858
56,47,1,11,19.83,1.8027272727272725
56,47,2,10,15.93,1.593
56,47,3,12,9.7,0.8083333333333332
56,47,4,7,3.27,0.46714285714285714
56,49,0,3,4.22,1.4066666666666665
56,49,1,15,17.87,1.1913333333333334
56,49,2,6,4.67,0.7783333333333333
56,49,3,6,1.9,0.31666666666666665
56,49,4,10,1.04,0.10400000000000001
56,50,0,16,110.88,6.93
56,50,1,1,5.12,5.12
56,50,2,13,57.32,4.409230769230769
56,50,3,6,8.29,1.3816666666666666
56,50,4,14,13.19,0.9421428571428571
56,51,0,15,25.56,1.704
56,51,1,15,23.46,1.564
56,51,2,6,2.82,0.47
56,51,3,11,4.2,0.38181818181818183
56,51,4,4,0.97,0.2425
56,54,0,17,22.02,1.2952941176470587
56,54,1,14,15.92,1.1371428571428572
56,54,2,3,2.26,0.7533333333333333
56,54,3,8,5.05,0.63125
56,54,4,8,4.91,0.61375
56,60,0,1,1.37,1.37
56,60,1,20,9.56,0.47800000000000004
56,60,2,20,8.87,0.44349999999999995
56,60,3,17,4.02,0.2364705882352941
56,60,4,14,2.24,0.16
56,66,0,10,11.12,1.1119999999999999
56,66,1,9,9.33,1.0366666666666666
56,66,2,14,7.39,0.5278571428571428
56,66,3,9,2.73,0.30333333333333334
56,66,4,4,1.03,0.2575
56,69,0,5,7.2,1.44
56,69,1,17,22.04,1.296470588235294
56,69,2,11,11.47,1.0427272727272727
56,69,3,9,8.35,0.9277777777777777
56,69,4,3,0.52,0.17333333333333334
56,70,0,20,38.88,1.9440000000000002
56,70,1,10,17.2,1.72
56,70,2,19,18.59,0.978421052631579
56,70,3,2,0.62,0.31
56,70,4,5,1.19,0.238
56,71,0,20,112.12,5.606
56,71,1,6,33.09,5.515000000000001
56,71,2,20,106.38,5.319
56,71,3,1,4.14,4.14
56,71,4,1,0.28,0.28
56,73,0,15,107.51,7.167333333333334
56,73,1,20,133.9,6.695
56,73,2,15,87.3,5.819999999999999
56,73,3,10,50.39,5.039
56,73,4,5,24.21,4.8420000000000005
56,74,0,13,63.56,4.889230769230769
56,74,1,17,58.34,3.4317647058823533
56,74,2,5,14.22,2.8440000000000003
56,74,3,19,34.97,1.8405263157894736
56,74,4,4,5.76,1.44
56,75,0,13,36.29,2.7915384615384613
56,75,1,2,4.67,2.335
56,75,2,13,27.12,2.086153846153846
56,75,3,2,1.85,0.925
56,75,4,3,2.76,0.9199999999999999
56,77,0,8,32.54,4.0675
56,77,1,1,2.4,2.4
56,77,2,3,6.78,2.2600000000000002
56,77,3,9,16.69,1.8544444444444446
56,77,4,16,23.96,1.4975
56,79,0,10,85.03,8.503
56,79,1,5,30.62,6.1240000000000006
56,79,2,8,44.49,5.56125
56,79,3,8,28.31,3.53875
56,79,4,19,57.55,3.0289473684210524
56,80,0,16,17.51,1.094375
56,80,1,7,6.1,0.8714285714285713
56,80,2,2,1.63,0.815
56,80,3,1,0.57,0.57
56,80,4,1,0.52,0.52
56,82,0,11,56.59,5.1445454545454545
56,82,1,10,33.07,3.307
56,82,2,6,15.39,2.565
56,82,3,9,9.66,1.0733333333333333
56,82,4,16,5.86,0.36625
56,84,0,12,85.7,7.141666666666667
56,84,1,18,113.07,6.281666666666666
56,84,2,5,22.14,4.428
56,84,3,15,57.79,3.8526666666666665
56,84,4,5,10.7,2.1399999999999997
56,85,0,1,8.36,8.36
56,85,1,14,106.67,7.619285714285715
56,85,2,16,120.49,7.530625
56,85,3,13,39.38,3.0292307692307694
56,85,4,16,27.34,1.70875
56,87,0,2,2.77,1.385
56,87,1,17,12.32,0.7247058823529412
56,87,2,3,0.39,0.13
56,87,3,4,0.33,0.0825
56,87,4,6,0.36,0.06
56,88,0,2,3.4,1.7
56,88,1,1,0.96,0.96
56,88,2,10,5.67,0.567
56,88,3,13,1.68,0.12923076923076923
56,88,4,2,0.21,0.105
56,89,0,8,63.52,7.94
56,89,1,1,7.67,7.67
56,89,2,4,12.5,3.125
56,89,3,12,25.47,2.1225
56,89,4,11,16.44,1.4945454545454546
56,90,0,14,53.23,3.802142857142857
56,90,1,15,41.55,2.77
56,90,2,14,34.09,2.435
56,90,3,10,5.78,0.5780000000000001
56,90,4,9,2.07,0.22999999999999998
56,93,0,4,22.59,5.6475
56,93,1,6,31.87,5.3116666666666665
56,93,2,6,27.61,4.601666666666667
56,93,3,3,11.39,3.796666666666667
56,93,4,6,1.58,0.26333333333333336
56,94,0,1,1.69,1.69
56,94,1,13,20.67,1.59
56,94,2,19,26.26,1.3821052631578947
56,94,3,7,8.03,1.147142857142857
56,94,4,6,0.43,0.07166666666666667
56,97,0,20,72.27,3.6134999999999997
56,97,1,12,19.53,1.6275000000000002
56,97,2,3,3.54,1.18
56,97,3,18,12.56,0.6977777777777778
56,97,4,5,3.23,0.646
60,1,0,16,87.28,5.455
60,1,1,7,36.9,5.271428571428571
60,1,2,5,24.05,4.8100000000000005
60,1,3,20,75.49,3.7744999999999997
60,1,4,11,23.69,2.153636363636364
60,3,0,1,3.64,3.64
60,3,1,12,43.07,3.589166666666667
60,3,2,11,15.65,1.4227272727272728
60,3,3,6,7.56,1.26
60,3,4,11,7.5,0.6818181818181818
60,5,0,7,13.71,1.9585714285714286
60,5,1,9,14.81,1.6455555555555557
60,5,2,13,18.94,1.456923076923077
60,5,3,19,15.17,0.7984210526315789
60,5,4,11,6.11,0.5554545454545455
60,8,0,7,29.99,4.284285714285714
60,8,1,5,13.94,2.788
60,8,2,3,6.82,2.2733333333333334
60,8,3,11,10.87,0.9881818181818182
60,8,4,17,16.7,0.9823529411764705
60,16,0,17,39.71,2.3358823529411765
60,16,1,7,12.27,1.752857142857143
60,16,2,1,1.28,1.28
60,16,3,6,5.97,0.995
60,16,4,1,0.87,0.87
60,19,0,17,22.81,1.341764705882353
60,19,1,5,6.51,1.302
60,19,2,1,0.73,0.73
60,19,3,1,0.7,0.7
60,19,4,15,7.4,0.49333333333333335
60,20,0,4,15.21,3.8025
60,20,1,9,22.51,2.5011111111111113
60,20,2,15,37.36,2.490666666666667
60,20,3,18,26.06,1.4477777777777776
60,20,4,19,17.26,0.908421052631579
60,23,0,12,52.18,4.348333333333334
60,23,1,16,68.48,4.28
60,23,2,3,12.16,4.053333333333334
60,23,3,10,26.3,2.63
60,23,4,2,0.48,0.24
60,24,0,9,15.16,1.6844444444444444
60,24,1,12,20.21,1.6841666666666668
60,24,2,12,14.45,1.2041666666666666
60,24,3,8,8.03,1.00375
60,24,4,10,8.2,0.82
60,25,0,13,36.71,2.823846153846154
60,25,1,8,21.0,2.625
60,25,2,12,23.51,1.9591666666666667
60,25,3,20,23.93,1.1965
60,25,4,5,2.93,0.5860000000000001
60,28,0,9,29.87,3.318888888888889
60,28,1,17,56.16,3.3035294117647056
60,28,2,17,54.71,3.218235294117647
60,28,3,5,3.6,0.72
60,28,4,6,2.8,0.4666666666666666
60,29,0,3,13.07,4.3566666666666665
60,29,1,1,3.01,3.01
60,29,2,18,41.77,2.320555555555556
60,29,3,16,20.56,1.285
60,29,4,20,10.78,0.5389999999999999
60,30,0,14,55.58,3.9699999999999998
60,30,1,12,46.03,3.8358333333333334
60,30,2,8,17.83,2.22875
60,30,3,6,7.95,1.325
60,30,4,17,9.54,0.5611764705882353
60,33,0,8,36.49,4.56125
60,33,1,13,47.76,3.6738461538461538
60,33,2,12,39.03,3.2525
60,33,3,12,27.56,2.2966666666666664
60,33,4,12,3.96,0.33
60,34,0,5,16.0,3.2
60,34,1,11,32.91,2.9918181818181817
60,34,2,8,14.79,1.84875
60,34,3,13,18.76,1.4430769230769231
60,34,4,7,2.46,0.3514285714285714
60,36,0,1,3.58,3.58
60,36,1,13,34.22,2.632307692307692
60,36,2,4,9.68,2.42
60,36,3,9,21.37,2.3744444444444444
60,36,4,20,29.67,1.4835
60,38,0,20,177.94,8.897
60,38,1,12,82.63,6.885833333333333
60,38,2,6,34.71,5.785
60,38,3,4,21.24,5.31
60,38,4,6,7.39,1.2316666666666667
60,46,0,6,4.18,0.6966666666666667
60,46,1,13,7.79,0.5992307692307692
60,46,2,19,11.02,0.58
60,46,3,19,10.47,0.5510526315789473
60,46,4,3,0.17,0.05666666666666667
60,47,0,7,10.86,1.5514285714285714
60,47,1,19,24.17,1.2721052631578948
60,47,2,15,13.18,0.8786666666666666
60,47,3,19,11.17,0.5878947368421052
60,47,4,16,7.8,0.4875
60,49,0,20,39.77,1.9885000000000002
60,49,1,16,29.68,1.855
60,49,2,10,15.1,1.51
60,49,3,11,7.36,0.6690909090909091
60,49,4,4,0.58,0.145
60,50,0,13,103.52,7.9630769230769225
60,50,1,11,52.91,4.81
60,50,2,16,54.02,3.37625
60,50,3,9,29.99,3.332222222222222
60,50,4,11,4.16,0.3781818181818182
60,51,0,3,8.18,2.7266666666666666
60,51,1,15,18.42,1.2280000000000002
60,51,2,4,4.59,1.1475
60,51,3,18,18.58,1.0322222222222222
60,51,4,8,3.37,0.42125
60,54,0,18,38.71,2.1505555555555556
60,54,1,12,25.22,2.1016666666666666
60,54,2,4,6.12,1.53
60,54,3,17,21.28,1.2517647058823531
60,54,4,17,15.75,0.9264705882352942
60,56,0,9,13.3,1.4777777777777779
60,56,1,15,16.4,1.0933333333333333
60,56,2,8,7.54,0.9425
60,56,3,11,5.02,0.4563636363636363
60,56,4,13,3.19,0.24538461538461537
60,66,0,5,13.34,2.668
60,66,1,5,10.35,2.07
60,66,2,1,1.99,1.99
60,66,3,14,25.62,1.83
60,66,4,14,3.45,0.24642857142857144
60,69,0,18,5.63,0.31277777777777777
60,69,1,4,0.69,0.1725
60,69,2,12,1.85,0.15416666666666667
60,69,3,12,1.63,0.13583333333333333
60,69,4,3,0.25,0.08333333333333333
60,70,0,9,35.2,3.9111111111111114
60,70,1,6,22.72,3.7866666666666666
60,70,2,2,6.65,3.325
60,70,3,8,21.1,2.6375
60,70,4,8,13.32,1.665
60,71,0,2,13.03,6.515
60,71,1,10,29.13,2.913
60,71,2,4,9.47,2.3675
60,71,3,1,0.92,0.92
60,71,4,10,5.52,0.5519999999999999
60,73,0,4,36.69,9.1725
60,73,1,2,15.92,7.96
60,73,2,11,68.17,6.197272727272727
60,73,3,7,42.91,6.13
60,73,4,1,0.96,0.96
60,74,0,6,29.62,4.9366666666666665
60,74,1,19,78.24,4.117894736842105
60,74,2,10,26.41,2.641
60,74,3,4,5.95,1.4875
60,74,4,12,8.16,0.68
60,75,0,3,8.27,2.7566666666666664
60,75,1,16,22.86,1.42875
60,75,2,10,11.13,1.113
60,75,3,1,0.62,0.62
60,75,4,18,10.73,0.5961111111111111
60,77,0,20,86.19,4.3095
60,77,1,20,85.81,4.2905
60,77,2,3,11.22,3.74
60,77,3,18,41.45,2.302777777777778
60,77,4,18,26.82,1.49
60,79,0,12,112.38,9.365
60,79,1,19,133.27,7.01421052631579
60,79,2,14,87.6,6.257142857142857
60,79,3,15,68.15,4.543333333333334
60,79,4,7,10.86,1.5514285714285714
60,80,0,20,44.65,2.2325
60,80,1,9,15.22,1.6911111111111112
60,80,2,4,6.12,1.53
60,80,3,4,3.54,0.885
60,80,4,19,11.71,0.6163157894736843
60,82,0,19,124.43,6.548947368421053
60,82,1,11,71.13,6.466363636363636
60,82,2,11,66.13,6.011818181818182
60,82,3,9,20.46,2.2733333333333334
60,82,4,2,0.6,0.3
60,84,0,16,120.88,7.555
60,84,1,12,90.17,7.514166666666667
60,84,2,9,12.55,1.3944444444444446
60,84,3,2,2.78,1.39
60,84,4,17,11.71,0.6888235294117647
60,85,0,6,57.18,9.53
60,85,1,17,89.66,5.274117647058823
60,85,2,4,16.95,4.2375
60,85,3,5,15.69,3.138
60,85,4,2,1.79,0.895
60,87,0,12,19.74,1.6449999999999998
60,87,1,5,8.05,1.61
60,87,2,9,14.2,1.5777777777777777
60,87,3,17,3.77,0.22176470588235295
60,87,4,18,2.73,0.15166666666666667
60,88,0,18,63.31,3.5172222222222222
60,88,1,15,49.46,3.2973333333333334
60,88,2,12,15.77,1.3141666666666667
60,88,3,3,1.48,0.49333333333333335
60,88,4,17,4.93,0.29
60,89,0,18,101.61,5.645
60,89,1,19,101.6,5.347368421052631
60,89,2,14,67.4,4.814285714285715
60,89,3,20,71.91,3.5955
60,89,4,8,22.36,2.795
60,90,0,11,57.11,5.191818181818181
60,90,1,20,99.4,4.970000000000001
60,90,2,10,44.41,4.441
60,90,3,16,55.16,3.4475
60,90,4,14,28.73,2.052142857142857
60,93,0,9,55.03,6.114444444444445
60,93,1,20,114.75,5.7375
60,93,2,6,32.29,5.381666666666667
60,93,3,3,14.87,4.956666666666666
60,93,4,1,1.58,1.58
60,94,0,13,33.97,2.613076923076923
60,94,1,15,35.54,2.369333333333333
60,94,2,13,29.37,2.2592307692307694
60,94,3,7,9.27,1.3242857142857143
60,94,4,13,17.03,1.31
60,97,0,19,45.34,2.3863157894736844
60,97,1,8,11.44,1.43
60,97,2,8,10.58,1.3225
60,97,3,8,6.03,0.75375
60,97,4,10,1.71,0.17099999999999999
66,1,0,6,16.71,2.785
66,1,1,18,45.72,2.54
66,1,2,14,34.94,2.4957142857142856
66,1,3,1,2.24,2.24
66,1,4,20,23.57,1.1785
66,3,0,19,86.99,4.578421052631579
66,3,1,2,7.4,3.7
66,3,2,8,23.97,2.99625
66,3,3,14,21.87,1.5621428571428573
66,3,4,16,16.59,1.036875
66,5,0,14,54.91,3.9221428571428567
66,5,1,14,35.5,2.5357142857142856
66,5,2,12,23.51,1.9591666666666667
66,5,3,1,1.61,1.61
66,5,4,12,10.16,0.8466666666666667
66,8,0,19,101.91,5.363684210526316
66,8,1,7,30.02,4.288571428571428
66,8,2,11,27.38,2.489090909090909
66,8,3,5,9.33,1.866
66,8,4,18,21.36,1.1866666666666665
66,16,0,13,40.81,3.1392307692307693
66,16,1,6,13.15,2.191666666666667
66,16,2,1,1.66,1.66
66,16,3,9,14.21,1.578888888888889
66,16,4,9,10.85,1.2055555555555555
66,19,0,11,34.09,3.0990909090909096
66,19,1,5,14.11,2.822
66,19,2,4,5.88,1.47
66,19,3,13,10.87,0.8361538461538461
66,19,4,12,9.13,0.7608333333333334
66,20,0,3,9.37,3.123333333333333
66,20,1,2,5.34,2.67
66,20,2,15,33.43,2.228666666666667
66,20,3,8,13.54,1.6925
66,20,4,13,5.17,0.3976923076923077
66,23,0,2,4.3,2.15
66,23,1,2,4.13,2.065
66,23,2,4,6.85,1.7125
66,23,3,9,9.87,1.0966666666666667
66,23,4,15,1.43,0.09533333333333333
66,24,0,16,64.37,4.023125
66,24,1,10,31.19,3.119
66,24,2,3,6.44,2.146666666666667
66,24,3,20,35.07,1.7535
66,24,4,12,21.02,1.7516666666666667
66,25,0,3,10.93,3.643333333333333
66,25,1,10,34.93,3.493
66,25,2,16,11.41,0.713125
66,25,3,14,7.82,0.5585714285714286
66,25,4,17,4.68,0.2752941176470588
66,28,0,1,3.9,3.9
66,28,1,11,42.23,3.839090909090909
66,28,2,8,28.11,3.51375
66,28,3,13,15.05,1.1576923076923078
66,28,4,9,8.0,0.8888888888888888
66,29,0,8,15.23,1.90375
66,29,1,2,3.36,1.68
66,29,2,6,9.85,1.6416666666666666
66,29,3,3,3.48,1.16
66,29,4,1,0.3,0.3
66,30,0,19,44.89,2.3626315789473686
66,30,1,13,22.14,1.7030769230769232
66,30,2,17,25.01,1.4711764705882353
66,30,3,15,19.0,1.2666666666666666
66,30,4,16,11.94,0.74625
66,33,0,18,42.9,2.3833333333333333
66,33,1,18,31.83,1.7683333333333333
66,33,2,13,19.84,1.5261538461538462
66,33,3,6,6.54,1.09
66,33,4,10,1.96,0.196
66,34,0,7,23.77,3.3957142857142855
66,34,1,5,14.39,2.878
66,34,2,7,12.37,1.7671428571428571
66,34,3,2,0.89,0.445
66,34,4,1,0.44,0.44
66,36,0,6,18.1,3.016666666666667
66,36,1,20,55.79,2.7895
66,36,2,1,0.5,0.5
66,36,3,15,3.9,0.26
66,36,4,16,3.94,0.24625
66,38,0,17,103.83,6.107647058823529
66,38,1,16,95.95,5.996875
66,38,2,16,76.67,4.791875
66,38,3,7,31.92,4.5600000000000005
66,38,4,17,14.6,0.8588235294117647
66,46,0,5,9.5,1.9
66,46,1,15,21.77,1.4513333333333334
66,46,2,6,7.29,1.215
66,46,3,12,11.54,0.9616666666666666
66,46,4,19,8.27,0.4352631578947368
66,47,0,7,31.85,4.55
66,47,1,8,34.16,4.27
66,47,2,13,47.53,3.6561538461538463
66,47,3,15,16.78,1.1186666666666667
66,47,4,13,8.28,0.6369230769230769
66,49,0,20,63.23,3.1614999999999998
66,49,1,6,12.44,2.0733333333333333
66,49,2,4,6.65,1.6625
66,49,3,6,5.83,0.9716666666666667
66,49,4,1,0.24,0.24
66,50,0,14,63.87,4.562142857142857
66,50,1,6,24.14,4.023333333333333
66,50,2,16,57.33,3.583125
66,50,3,4,4.85,1.2125
66,50,4,3,1.65,0.5499999999999999
66,51,0,20,69.05,3.4524999999999997
66,51,1,3,8.03,2.6766666666666663
66,51,2,11,21.82,1.9836363636363636
66,51,3,20,22.08,1.1039999999999999
66,51,4,1,0.26,0.26
66,54,0,9,21.44,2.3822222222222225
66,54,1,5,8.39,1.6780000000000002
66,54,2,11,16.82,1.529090909090909
66,54,3,15,17.06,1.1373333333333333
66,54,4,7,1.62,0.23142857142857146
66,56,0,2,2.81,1.405
66,56,1,18,18.22,1.0122222222222221
66,56,2,19,6.33,0.3331578947368421
66,56,3,16,4.24,0.265
66,56,4,6,1.42,0.23666666666666666
66,60,0,10,20.13,2.013
66,60,1,6,7.87,1.3116666666666668
66,60,2,10,11.27,1.127
66,60,3,13,10.22,0.7861538461538462
66,60,4,13,2.62,0.20153846153846156
66,69,0,4,11.66,2.915
66,69,1,11,31.59,2.8718181818181816
66,69,2,20,38.84,1.9420000000000002
66,69,3,11,10.03,0.9118181818181817
66,69,4,12,8.45,0.7041666666666666
66,70,0,19,87.18,4.588421052631579
66,70,1,3,12.0,4.0
66,70,2,13,39.48,3.0369230769230766
66,70,3,17,34.45,2.0264705882352945
66,70,4,8,11.11,1.38875
66,71,0,7,23.95,3.4214285714285713
66,71,1,11,34.1,3.1
66,71,2,16,39.21,2.450625
66,71,3,4,3.57,0.8925
66,71,4,1,0.53,0.53
66,73,0,19,127.03,6.685789473684211
66,73,1,17,67.34,3.9611764705882355
66,73,2,10,22.33,2.2329999999999997
66,73,3,10,17.86,1.786
66,73,4,20,34.05,1.7025
66,74,0,8,50.13,6.26625
66,74,1,8,37.99,4.74875
66,74,2,19,69.19,3.641578947368421
66,74,3,1,1.58,1.58
66,74,4,19,6.02,0.31684210526315787
66,75,0,5,20.84,4.168
66,75,1,11,25.57,2.3245454545454547
66,75,2,18,27.87,1.5483333333333333
66,75,3,1,0.79,0.79
66,75,4,19,8.1,0.4263157894736842
66,77,0,10,44.74,4.474
66,77,1,18,48.86,2.714444444444444
66,77,2,11,27.52,2.501818181818182
66,77,3,2,2.71,1.355
66,77,4,17,7.31,0.43
66,79,0,6,33.67,5.611666666666667
66,79,1,20,83.02,4.151
66,79,2,7,23.71,3.3871428571428575
66,79,3,6,17.61,2.935
66,79,4,6,6.62,1.1033333333333333
66,80,0,5,9.92,1.984
66,80,1,20,32.93,1.6465
66,80,2,16,21.23,1.326875
66,80,3,16,8.26,0.51625
66,80,4,6,3.01,0.5016666666666666
66,82,0,7,18.75,2.6785714285714284
66,82,1,13,24.76,1.9046153846153848
66,82,2,20,24.76,1.238
66,82,3,15,9.88,0.6586666666666667
66,82,4,8,4.82,0.6025
66,84,0,12,59.29,4.940833333333333
66,84,1,19,87.07,4.582631578947368
66,84,2,6,26.02,4.336666666666667
66,84,3,18,71.4,3.966666666666667
66,84,4,4,8.91,2.2275
66,85,0,11,71.93,6.53909090909091
66,85,1,11,57.68,5.243636363636363
66,85,2,18,75.86,4.214444444444444
66,85,3,20,45.5,2.275
66,85,4,12,23.71,1.9758333333333333
66,87,0,13,8.37,0.6438461538461537
66,87,1,18,8.74,0.4855555555555556
66,87,2,17,7.98,0.46941176470588236
66,87,3,19,4.54,0.23894736842105263
66,87,4,13,2.28,0.17538461538461536
66,88,0,16,50.32,3.145
66,88,1,13,30.29,2.33
66,88,2,15,31.96,2.130666666666667
66,88,3,16,16.04,1.0025
66,88,4,11,4.58,0.4163636363636364
66,89,0,18,107.74,5.985555555555555
66,89,1,15,86.43,5.7620000000000005
66,89,2,14,51.6,3.685714285714286
66,89,3,11,26.3,2.390909090909091
66,89,4,10,22.53,2.253
66,90,0,6,29.95,4.991666666666666
66,90,1,1,3.45,3.45
66,90,2,12,20.93,1.7441666666666666
66,90,3,16,25.66,1.60375
66,90,4,18,18.84,1.0466666666666666
66,93,0,16,63.63,3.976875
66,93,1,2,5.57,2.785
66,93,2,17,28.88,1.6988235294117646
66,93,3,5,5.54,1.108
66,93,4,5,3.28,0.6559999999999999
66,94,0,17,7.08,0.41647058823529415
66,94,1,8,3.25,0.40625
66,94,2,16,6.27,0.391875
66,94,3,19,3.23,0.17
66,94,4,10,0.54,0.054000000000000006
66,97,0,11,60.9,5.536363636363636
66,97,1,15,73.49,4.899333333333333
66,97,2,12,32.83,2.7358333333333333
66,97,3,18,33.95,1.8861111111111113
66,97,4,17,18.87,1.11
69,1,0,6,29.88,4.9799999999999995
69,1,1,1,4.45,4.45
69,1,2,12,35.6,2.966666666666667
69,1,3,7,16.72,2.3885714285714283
69,1,4,1,1.79,1.79
69,3,0,15,26.79,1.786
69,3,1,18,30.33,1.6849999999999998
69,3,2,14,20.37,1.455
69,3,3,18,10.85,0.6027777777777777
69,3,4,4,2.13,0.5325
69,5,0,12,21.22,1.7683333333333333
69,5,1,14,19.23,1.3735714285714287
69,5,2,17,11.92,0.7011764705882353
69,5,3,18,10.35,0.575
69,5,4,3,1.71,0.57
69,8,0,3,7.11,2.37
69,8,1,13,25.66,1.9738461538461538
69,8,2,20,22.43,1.1215
69,8,3,18,16.12,0.8955555555555557
69,8,4,4,3.48,0.87
69,16,0,13,26.71,2.0546153846153845
69,16,1,13,24.32,1.8707692307692307
69,16,2,4,6.91,1.7275
69,16,3,9,14.55,1.6166666666666667
69,16,4,5,2.13,0.426
69,19,0,5,7.46,1.492
69,19,1,7,9.59,1.3699999999999999
69,19,2,15,15.95,1.0633333333333332
69,19,3,7,6.08,0.8685714285714285
69,19,4,7,0.81,0.11571428571428573
69,20,0,2,7.54,3.77
69,20,1,1,2.11,2.11
69,20,2,16,30.63,1.914375
69,20,3,9,9.55,1.0611111111111111
69,20,4,1,0.16,0.16
69,23,0,4,18.74,4.685
69,23,1,7,30.25,4.321428571428571
69,23,2,11,42.9,3.9
69,23,3,20,65.04,3.2520000000000002
69,23,4,1,1.22,1.22
69,24,0,20,41.19,2.0595
69,24,1,3,5.2,1.7333333333333334
69,24,2,10,10.13,1.0130000000000001
69,24,3,1,0.62,0.62
69,24,4,8,0.86,0.1075
69,25,0,12,36.14,3.0116666666666667
69,25,1,5,10.41,2.082
69,25,2,11,20.16,1.8327272727272728
69,25,3,16,22.94,1.43375
69,25,4,7,7.49,1.07
69,28,0,7,22.55,3.2214285714285715
69,28,1,1,2.9,2.9
69,28,2,3,6.57,2.19
69,28,3,17,33.33,1.9605882352941175
69,28,4,3,4.75,1.5833333333333333
69,29,0,11,58.49,5.317272727272727
69,29,1,6,10.52,1.7533333333333332
69,29,2,11,17.58,1.598181818181818
69,29,3,9,13.1,1.4555555555555555
69,29,4,16,16.93,1.058125
69,30,0,9,29.61,3.29
69,30,1,5,15.85,3.17
69,30,2,11,32.28,2.9345454545454546
69,30,3,8,9.89,1.23625
69,30,4,17,6.3,0.37058823529411766
69,33,0,7,35.0,5.0
69,33,1,14,46.76,3.34
69,33,2,19,29.84,1.5705263157894738
69,33,3,7,9.33,1.332857142857143
69,33,4,16,3.76,0.235
69,34,0,1,3.83,3.83
69,34,1,16,54.93,3.433125
69,34,2,2,5.0,2.5
69,34,3,2,3.32,1.66
69,34,4,16,3.55,0.221875
69,36,0,3,9.28,3.0933333333333333
69,36,1,9,26.24,2.9155555555555552
69,36,2,16,45.61,2.850625
69,36,3,18,47.0,2.611111111111111
69,36,4,2,4.7,2.35
69,38,0,17,124.41,7.318235294117647
69,38,1,2,8.11,4.055
69,38,2,14,55.64,3.974285714285714
69,38,3,4,13.38,3.345
69,38,4,18,34.8,1.9333333333333331
69,46,0,6,5.23,0.8716666666666667
69,46,1,14,11.9,0.85
69,46,2,17,5.54,0.32588235294117646
69,46,3,4,1.3,0.325
69,46,4,10,0.79,0.079
69,47,0,12,17.28,1.4400000000000002
69,47,1,13,17.97,1.3823076923076922
69,47,2,13,11.12,0.8553846153846153
69,47,3,1,0.45,0.45
69,47,4,15,3.42,0.228
69,49,0,7,14.2,2.0285714285714285
69,49,1,4,7.25,1.8125
69,49,2,4,4.03,1.0075
69,49,3,11,8.15,0.740909090909091
69,49,4,7,3.36,0.48
69,50,0,9,55.83,6.203333333333333
69,50,1,5,28.01,5.602
69,50,2,17,65.51,3.8535294117647063
69,50,3,11,8.69,0.7899999999999999
69,50,4,1,0.59,0.59
69,51,0,15,31.38,2.092
69,51,1,16,30.95,1.934375
69,51,2,10,17.2,1.72
69,51,3,5,8.13,1.6260000000000001
69,51,4,11,15.07,1.37
69,54,0,17,33.15,1.95
69,54,1,18,26.6,1.4777777777777779
69,54,2,18,26.41,1.4672222222222222
69,54,3,13,16.77,1.29
69,54,4,5,1.58,0.316
69,56,0,14,23.68,1.6914285714285715
69,56,1,6,8.51,1.4183333333333332
69,56,2,10,10.91,1.091
69,56,3,5,2.75,0.55
69,56,4,17,7.81,0.45941176470588235
69,60,0,7,1.42,0.20285714285714285
69,60,1,4,0.58,0.145
69,60,2,12,0.59,0.049166666666666664
69,60,3,15,0.72,0.048
69,60,4,3,0.08,0.02666666666666667
69,66,0,6,18.27,3.045
69,66,1,17,33.13,1.9488235294117648
69,66,2,10,9.7,0.97
69,66,3,5,3.09,0.618
69,66,4,7,1.24,0.17714285714285713
69,70,0,6,28.2,4.7
69,70,1,6,24.87,4.1450000000000005
69,70,2,18,41.44,2.302222222222222
69,70,3,2,3.61,1.805
69,70,4,16,8.68,0.5425
69,71,0,13,89.77,6.905384615384615
69,71,1,18,97.64,5.424444444444444
69,71,2,3,14.7,4.8999999999999995
69,71,3,5,18.93,3.786
69,71,4,18,24.77,1.376111111111111
69,73,0,9,95.72,10.635555555555555
69,73,1,6,56.45,9.408333333333333
69,73,2,14,97.82,6.987142857142857
69,73,3,8,42.37,5.29625
69,73,4,11,43.27,3.933636363636364
69,74,0,20,103.68,5.184
69,74,1,19,75.33,3.964736842105263
69,74,2,20,54.39,2.7195
69,74,3,18,34.03,1.8905555555555555
69,74,4,19,23.46,1.2347368421052631
69,75,0,5,15.14,3.028
69,75,1,12,34.89,2.9075
69,75,2,15,32.23,2.1486666666666663
69,75,3,20,35.56,1.778
69,75,4,11,16.32,1.4836363636363636
69,77,0,9,45.71,5.078888888888889
69,77,1,10,44.18,4.418
69,77,2,2,5.92,2.96
69,77,3,3,5.29,1.7633333333333334
69,77,4,15,4.25,0.2833333333333333
69,79,0,15,148.11,9.874
69,79,1,14,123.97,8.855
69,79,2,16,92.92,5.8075
69,79,3,20,73.43,3.6715000000000004
69,79,4,5,7.31,1.462
69,80,0,18,52.4,2.911111111111111
69,80,1,4,8.19,2.0475
69,80,2,18,13.29,0.7383333333333333
69,80,3,4,1.65,0.4125
69,80,4,17,6.22,0.36588235294117644
69,82,0,20,135.92,6.795999999999999
69,82,1,16,96.36,6.0225
69,82,2,10,45.34,4.534000000000001
69,82,3,19,85.42,4.49578947368421
69,82,4,14,59.31,4.236428571428571
69,84,0,13,95.27,7.328461538461538
69,84,1,15,106.22,7.081333333333333
69,84,2,16,80.13,5.008125
69,84,3,10,21.66,2.166
69,84,4,19,29.39,1.546842105263158
69,85,0,15,45.76,3.0506666666666664
69,85,1,10,19.99,1.9989999999999999
69,85,2,2,2.42,1.21
69,85,3,1,1.13,1.13
69,85,4,17,17.61,1.0358823529411765
69,87,0,6,6.33,1.055
69,87,1,20,18.5,0.925
69,87,2,18,9.44,0.5244444444444444
69,87,3,12,5.6,0.4666666666666666
69,87,4,18,4.28,0.23777777777777778
69,88,0,13,31.91,2.4546153846153844
69,88,1,5,11.15,2.23
69,88,2,11,14.84,1.3490909090909091
69,88,3,2,2.64,1.32
69,88,4,2,0.79,0.395
69,89,0,8,76.9,9.6125
69,89,1,15,99.22,6.6146666666666665
69,89,2,12,58.54,4.878333333333333
69,89,3,19,89.46,4.708421052631579
69,89,4,7,7.56,1.0799999999999998
69,90,0,4,18.01,4.5025
69,90,1,14,47.97,3.426428571428571
69,90,2,20,57.84,2.8920000000000003
69,90,3,13,30.4,2.338461538461538
69,90,4,18,23.31,1.295
69,93,0,9,55.22,6.135555555555555
69,93,1,9,43.57,4.841111111111111
69,93,2,14,47.76,3.4114285714285715
69,93,3,2,2.94,1.47
69,93,4,11,13.95,1.268181818181818
69,94,0,11,30.2,2.7454545454545456
69,94,1,3,7.33,2.4433333333333334
69,94,2,4,8.7,2.175
69,94,3,17,30.43,1.79
69,94,4,13,14.31,1.1007692307692307
69,97,0,20,40.95,2.0475000000000003
69,97,1,17,28.82,1.6952941176470588
69,97,2,15,17.47,1.1646666666666665
69,97,3,16,9.83,0.614375
69,97,4,9,2.77,0.30777777777777776
70,1,0,9,7.05,0.7833333333333333
70,1,1,20,12.94,0.647
70,1,2,15,7.65,0.51
70,1,3,2,0.81,0.405
70,1,4,14,0.62,0.04428571428571428
70,3,0,18,2.95,0.1638888888888889
70,3,1,16,1.51,0.094375
70,3,2,15,1.13,0.07533333333333332
70,3,3,6,0.35,0.05833333333333333
70,3,4,14,0.78,0.055714285714285716
70,5,0,12,26.92,2.2433333333333336
70,5,1,19,42.22,2.2221052631578946
70,5,2,12,24.42,2.035
70,5,3,20,38.6,1.9300000000000002
70,5,4,4,1.63,0.4075
70,8,0,4,1.85,0.4625
70,8,1,19,8.62,0.45368421052631575
70,8,2,16,4.96,0.31
70,8,3,17,1.25,0.07352941176470588
70,8,4,12,0.35,0.029166666666666664
70,16,0,15,37.43,2.4953333333333334
70,16,1,9,19.09,2.121111111111111
70,16,2,12,17.19,1.4325
70,16,3,14,13.76,0.9828571428571429
70,16,4,12,7.6,0.6333333333333333
70,19,0,2,5.09,2.545
70,19,1,15,32.5,2.1666666666666665
70,19,2,6,7.41,1.235
70,19,3,9,3.47,0.3855555555555556
70,19,4,8,2.04,0.255
70,20,0,10,28.65,2.8649999999999998
70,20,1,6,15.95,2.658333333333333
70,20,2,2,5.05,2.525
70,20,3,6,5.16,0.86
70,20,4,16,7.28,0.455
70,23,0,8,62.56,7.82
70,23,1,15,116.42,7.761333333333334
70,23,2,11,81.46,7.405454545454545
70,23,3,18,130.11,7.228333333333334
70,23,4,13,62.69,4.822307692307692
70,24,0,6,15.36,2.56
70,24,1,9,12.7,1.411111111111111
70,24,2,13,15.82,1.216923076923077
70,24,3,1,1.08,1.08
70,24,4,20,14.11,0.7055
70,25,0,8,5.68,0.71
70,25,1,15,10.18,0.6786666666666666
70,25,2,11,6.21,0.5645454545454546
70,25,3,18,5.98,0.33222222222222225
70,25,4,7,1.28,0.18285714285714286
70,28,0,16,38.09,2.380625
70,28,1,16,35.0,2.1875
70,28,2,10,15.13,1.5130000000000001
70,28,3,10,14.95,1.4949999999999999
70,28,4,8,5.69,0.71125
70,29,0,3,21.37,7.123333333333334
70,29,1,1,5.58,5.58
70,29,2,6,27.27,4.545
70,29,3,1,3.66,3.66
70,29,4,20,46.45,2.3225000000000002
70,30,0,7,31.71,4.53
70,30,1,6,20.47,3.4116666666666666
70,30,2,11,34.84,3.1672727272727275
70,30,3,9,22.39,2.4877777777777776
70,30,4,5,4.37,0.874
70,33,0,1,7.91,7.91
70,33,1,16,73.96,4.6225
70,33,2,9,34.89,3.876666666666667
70,33,3,14,43.76,3.1257142857142854
70,33,4,2,3.69,1.845
70,34,0,8,8.82,1.1025
70,34,1,14,11.44,0.8171428571428571
70,34,2,20,7.85,0.39249999999999996
70,34,3,5,1.33,0.266
70,34,4,19,4.34,0.22842105263157894
70,36,0,11,24.13,2.1936363636363634
70,36,1,7,7.13,1.0185714285714285
70,36,2,16,13.37,0.835625
70,36,3,12,4.96,0.41333333333333333
70,36,4,14,4.54,0.3242857142857143
70,38,0,2,22.21,11.105
70,38,1,10,103.58,10.358
70,38,2,4,35.32,8.83
70,38,3,12,91.06,7.588333333333334
70,38,4,10,11.95,1.1949999999999998
70,46,0,9,39.3,4.366666666666666
70,46,1,1,3.31,3.31
70,46,2,14,42.65,3.0464285714285713
70,46,3,18,43.36,2.408888888888889
70,46,4,16,7.91,0.494375
70,47,0,2,5.69,2.845
70,47,1,19,48.01,2.526842105263158
70,47,2,20,39.03,1.9515
70,47,3,17,17.97,1.0570588235294116
70,47,4,10,9.92,0.992
70,49,0,3,7.93,2.643333333333333
70,49,1,2,5.0,2.5
70,49,2,12,29.42,2.4516666666666667
70,49,3,2,1.95,0.975
70,49,4,13,2.03,0.15615384615384614
70,50,0,18,151.39,8.410555555555554
70,50,1,16,114.88,7.18
70,50,2,5,24.29,4.858
70,50,3,5,17.55,3.5100000000000002
70,50,4,12,28.82,2.401666666666667
70,51,0,13,33.33,2.563846153846154
70,51,1,15,34.34,2.2893333333333334
70,51,2,16,21.43,1.339375
70,51,3,18,20.17,1.1205555555555557
70,51,4,4,3.2,0.8
70,54,0,5,9.79,1.9579999999999997
70,54,1,5,5.12,1.024
70,54,2,4,1.33,0.3325
70,54,3,6,1.95,0.325
70,54,4,5,1.0,0.2
70,56,0,12,34.39,2.8658333333333332
70,56,1,15,23.65,1.5766666666666667
70,56,2,7,7.14,1.02
70,56,3,16,14.88,0.93
70,56,4,5,4.59,0.9179999999999999
70,60,0,3,11.28,3.76
70,60,1,6,19.25,3.2083333333333335
70,60,2,6,17.36,2.893333333333333
70,60,3,4,9.96,2.49
70,60,4,2,2.21,1.105
70,66,0,18,112.97,6.276111111111111
70,66,1,17,82.71,4.865294117647059
70,66,2,19,62.39,3.283684210526316
70,66,3,11,18.58,1.689090909090909
70,66,4,11,15.4,1.4000000000000001
70,69,0,17,73.37,4.315882352941177
70,69,1,2,4.9,2.45
70,69,2,1,1.88,1.88
70,69,3,9,15.5,1.7222222222222223
70,69,4,5,2.88,0.576
70,71,0,12,124.2,10.35
70,71,1,11,98.3,8.936363636363636
70,71,2,18,145.19,8.06611111111111
70,71,3,8,9.63,1.20375
70,71,4,18,20.12,1.1177777777777778
70,73,0,14,166.4,11.885714285714286
70,73,1,9,105.56,11.72888888888889
70,73,2,3,28.15,9.383333333333333
70,73,3,9,34.8,3.8666666666666663
70,73,4,14,44.12,3.1514285714285712
70,74,0,18,17.79,0.9883333333333333
70,74,1,2,1.74,0.87
70,74,2,16,10.09,0.630625
70,74,3,5,0.86,0.172
70,74,4,15,2.18,0.14533333333333334
70,75,0,3,4.1,1.3666666666666665
70,75,1,16,18.8,1.175
70,75,2,7,4.17,0.5957142857142858
70,75,3,6,3.29,0.5483333333333333
70,75,4,15,1.32,0.08800000000000001
70,77,0,14,16.84,1.2028571428571428
70,77,1,9,9.14,1.0155555555555555
70,77,2,18,12.8,0.7111111111111111
70,77,3,13,7.47,0.5746153846153846
70,77,4,7,3.2,0.4571428571428572
70,79,0,20,197.74,9.887
70,79,1,1,9.78,9.78
70,79,2,14,126.92,9.065714285714286
70,79,3,20,121.85,6.092499999999999
70,79,4,3,11.21,3.736666666666667
70,80,0,3,7.34,2.4466666666666668
70,80,1,4,6.92,1.73
70,80,2,18,24.06,1.3366666666666667
70,80,3,1,1.02,1.02
70,80,4,1,0.48,0.48
70,82,0,5,38.33,7.6659999999999995
70,82,1,17,117.64,6.92
70,82,2,2,11.24,5.62
70,82,3,19,63.32,3.3326315789473684
70,82,4,20,35.15,1.7574999999999998
70,84,0,12,113.7,9.475
70,84,1,17,137.85,8.108823529411765
70,84,2,20,127.97,6.3985
70,84,3,6,30.21,5.035
70,84,4,2,1.82,0.91
70,85,0,6,71.83,11.971666666666666
70,85,1,3,32.29,10.763333333333334
70,85,2,15,140.51,9.367333333333333
70,85,3,16,133.77,8.360625
70,85,4,13,71.2,5.476923076923077
70,87,0,2,9.81,4.905
70,87,1,12,45.3,3.775
70,87,2,12,40.32,3.36
70,87,3,1,2.07,2.07
70,87,4,17,27.14,1.596470588235294
70,88,0,2,5.96,2.98
70,88,1,2,2.77,1.385
70,88,2,16,22.15,1.384375
70,88,3,1,0.75,0.75
70,88,4,1,0.27,0.27
70,89,0,2,20.68,10.34
70,89,1,20,204.15,10.2075
70,89,2,18,107.07,5.948333333333333
70,89,3,19,68.31,3.595263157894737
70,89,4,12,30.81,2.5675
70,90,0,14,15.21,1.0864285714285715
70,90,1,10,10.48,1.048
70,90,2,7,6.98,0.9971428571428572
70,90,3,10,5.3,0.53
70,90,4,15,2.97,0.198
70,93,0,20,202.1,10.105
70,93,1,17,150.37,8.84529411764706
70,93,2,18,158.35,8.797222222222222
70,93,3,17,122.05,7.179411764705883
70,93,4,1,4.34,4.34
70,94,0,17,78.83,4.6370588235294115
70,94,1,13,48.56,3.7353846153846155
70,94,2,11,37.34,3.394545454545455
70,94,3,3,5.17,1.7233333333333334
70,94,4,11,13.14,1.1945454545454546
70,97,0,6,26.3,4.383333333333334
70,97,1,3,12.25,4.083333333333333
70,97,2,19,72.24,3.8021052631578947
70,97,3,6,16.27,2.7116666666666664
70,97,4,10,24.09,2.409
71,1,0,12,82.61,6.884166666666666
71,1,1,16,100.44,6.2775
71,1,2,11,61.47,5.588181818181818
71,1,3,20,90.14,4.507
71,1,4,7,20.15,2.8785714285714286
71,3,0,14,135.76,9.697142857142856
71,3,1,15,92.85,6.1899999999999995
71,3,2,13,62.8,4.8307692307692305
71,3,3,5,21.99,4.398
71,3,4,17,9.7,0.5705882352941176
71,5,0,10,61.48,6.148
71,5,1,12,68.32,5.6933333333333325
71,5,2,2,5.27,2.635
71,5,3,17,33.31,1.9594117647058824
71,5,4,12,8.84,0.7366666666666667
71,8,0,3,21.28,7.093333333333334
71,8,1,14,74.79,5.342142857142858
71,8,2,4,17.31,4.3275
71,8,3,6,22.72,3.7866666666666666
71,8,4,19,11.15,0.5868421052631579
71,16,0,1,5.48,5.48
71,16,1,17,84.57,4.974705882352941
71,16,2,3,7.46,2.486666666666667
71,16,3,5,6.21,1.242
71,16,4,12,14.9,1.2416666666666667
71,19,0,2,10.63,5.315
71,19,1,5,23.78,4.756
71,19,2,14,37.92,2.7085714285714286
71,19,3,4,10.18,2.545
71,19,4,3,5.05,1.6833333333333333
71,20,0,11,69.06,6.278181818181818
71,20,1,15,62.3,4.153333333333333
71,20,2,15,59.05,3.9366666666666665
71,20,3,3,9.56,3.186666666666667
71,20,4,8,12.55,1.56875
71,23,0,1,1.16,1.16
71,23,1,2,2.31,1.155
71,23,2,2,1.59,0.795
71,23,3,2,1.45,0.725
71,23,4,4,2.42,0.605
71,24,0,15,125.94,8.395999999999999
71,24,1,10,73.45,7.345000000000001
71,24,2,19,57.06,3.0031578947368422
71,24,3,3,3.07,1.0233333333333332
71,24,4,9,6.41,0.7122222222222222
71,25,0,20,146.86,7.343000000000001
71,25,1,12,87.21,7.267499999999999
71,25,2,14,81.29,5.8064285714285715
71,25,3,11,49.84,4.530909090909091
71,25,4,15,42.62,2.841333333333333
71,28,0,19,115.47,6.077368421052632
71,28,1,20,103.58,5.179
71,28,2,18,52.72,2.928888888888889
71,28,3,11,20.65,1.8772727272727272
71,28,4,6,3.11,0.5183333333333333
71,29,0,15,27.88,1.8586666666666667
71,29,1,16,26.56,1.66
71,29,2,9,13.78,1.531111111111111
71,29,3,7,6.68,0.9542857142857143
71,29,4,7,2.85,0.40714285714285714
71,30,0,8,36.87,4.60875
71,30,1,3,10.79,3.5966666666666662
71,30,2,1,3.16,3.16
71,30,3,10,19.26,1.9260000000000002
71,30,4,10,17.35,1.735
71,33,0,17,27.05,1.5911764705882354
71,33,1,20,27.99,1.3995
71,33,2,3,3.99,1.33
71,33,3,10,9.72,0.9720000000000001
71,33,4,15,9.79,0.6526666666666666
71,34,0,13,111.16,8.55076923076923
71,34,1,16,125.06,7.81625
71,34,2,19,34.94,1.8389473684210524
71,34,3,15,14.15,0.9433333333333334
71,34,4,10,6.73,0.673
71,36,0,6,37.08,6.18
71,36,1,5,27.25,5.45
71,36,2,12,60.9,5.075
71,36,3,12,56.33,4.694166666666667
71,36,4,2,4.57,2.285
71,38,0,14,16.12,1.1514285714285715
71,38,1,13,10.32,0.7938461538461539
71,38,2,13,7.06,0.543076923076923
71,38,3,11,5.83,0.53
71,38,4,18,4.39,0.24388888888888888
71,46,0,17,56.63,3.3311764705882356
71,46,1,18,46.46,2.5811111111111114
71,46,2,8,10.52,1.315
71,46,3,18,22.31,1.2394444444444443
71,46,4,3,3.6,1.2
71,47,0,2,17.41,8.705
71,47,1,9,75.57,8.396666666666667
71,47,2,6,45.73,7.621666666666666
71,47,3,17,127.48,7.498823529411765
71,47,4,9,3.86,0.4288888888888889
71,49,0,16,84.14,5.25875
71,49,1,19,71.83,3.7805263157894737
71,49,2,17,59.22,3.4835294117647058
71,49,3,7,23.98,3.4257142857142857
71,49,4,18,23.59,1.3105555555555555
71,50,0,4,2.73,0.6825
71,50,1,5,1.62,0.324
71,50,2,5,1.48,0.296
71,50,3,18,5.26,0.2922222222222222
71,50,4,10,1.5,0.15
71,51,0,11,83.03,7.548181818181818
71,51,1,20,142.88,7.144
71,51,2,8,55.69,6.96125
71,51,3,18,64.63,3.5905555555555555
71,51,4,19,22.47,1.1826315789473683
71,54,0,16,119.85,7.490625
71,54,1,7,24.29,3.4699999999999998
71,54,2,17,54.28,3.192941176470588
71,54,3,7,11.45,1.6357142857142857
71,54,4,17,19.14,1.1258823529411766
71,56,0,6,37.04,6.173333333333333
71,56,1,11,52.14,4.74
71,56,2,9,41.95,4.661111111111111
71,56,3,17,39.9,2.347058823529412
71,56,4,17,8.7,0.5117647058823529
71,60,0,6,40.31,6.718333333333334
71,60,1,10,59.7,5.970000000000001
71,60,2,14,73.31,5.236428571428571
71,60,3,16,36.58,2.28625
71,60,4,6,4.71,0.785
71,66,0,4,14.1,3.525
71,66,1,9,21.09,2.3433333333333333
71,66,2,7,8.89,1.27
71,66,3,14,11.09,0.7921428571428571
71,66,4,15,4.87,0.32466666666666666
71,69,0,18,112.57,6.253888888888889
71,69,1,16,72.18,4.51125
71,69,2,9,17.97,1.9966666666666666
71,69,3,20,33.16,1.658
71,69,4,4,4.52,1.13
71,70,0,19,168.97,8.893157894736841
71,70,1,12,102.07,8.505833333333333
71,70,2,1,7.93,7.93
71,70,3,6,37.99,6.331666666666667
71,70,4,18,63.05,3.5027777777777778
71,73,0,11,38.35,3.4863636363636363
71,73,1,18,59.99,3.332777777777778
71,73,2,10,20.59,2.059
71,73,3,7,7.69,1.0985714285714285
71,73,4,9,3.04,0.3377777777777778
71,74,0,14,126.74,9.052857142857142
71,74,1,11,94.39,8.58090909090909
71,74,2,6,50.66,8.443333333333333
71,74,3,1,7.41,7.41
71,74,4,18,83.36,4.631111111111111
71,75,0,7,56.51,8.072857142857142
71,75,1,6,44.47,7.411666666666666
71,75,2,10,69.07,6.906999999999999
71,75,3,15,89.44,5.962666666666666
71,75,4,8,20.49,2.56125
71,77,0,9,81.61,9.067777777777778
71,77,1,2,16.47,8.235
71,77,2,10,67.72,6.772
71,77,3,17,57.76,3.3976470588235292
71,77,4,9,29.87,3.318888888888889
71,79,0,2,6.04,3.02
71,79,1,14,32.71,2.3364285714285713
71,79,2,19,41.91,2.2057894736842103
71,79,3,6,11.09,1.8483333333333334
71,79,4,13,23.04,1.7723076923076921
71,80,0,11,66.19,6.017272727272727
71,80,1,5,25.74,5.148
71,80,2,5,12.76,2.552
71,80,3,11,13.66,1.241818181818182
71,80,4,10,11.38,1.1380000000000001
71,82,0,18,16.92,0.9400000000000001
71,82,1,5,4.2,0.8400000000000001
71,82,2,7,5.88,0.84
71,82,3,10,7.67,0.767
71,82,4,15,3.37,0.22466666666666668
71,84,0,6,8.4,1.4000000000000001
71,84,1,6,7.61,1.2683333333333333
71,84,2,20,24.97,1.2485
71,84,3,9,3.31,0.36777777777777776
71,84,4,17,1.38,0.0811764705882353
71,85,0,5,16.16,3.232
71,85,1,18,52.31,2.906111111111111
71,85,2,5,10.04,2.008
71,85,3,6,5.34,0.89
71,85,4,7,3.31,0.47285714285714286
71,87,0,3,13.68,4.56
71,87,1,10,44.79,4.479
71,87,2,12,34.85,2.904166666666667
71,87,3,6,16.05,2.6750000000000003
71,87,4,16,26.84,1.6775
71,88,0,15,111.67,7.4446666666666665
71,88,1,17,115.88,6.816470588235294
71,88,2,19,93.84,4.9389473684210525
71,88,3,17,47.9,2.817647058823529
71,88,4,12,30.09,2.5075
71,89,0,16,44.7,2.79375
71,89,1,4,11.0,2.75
71,89,2,15,24.27,1.6179999999999999
71,89,3,19,26.67,1.4036842105263159
71,89,4,2,2.63,1.315
71,90,0,7,60.76,8.68
71,90,1,7,47.35,6.764285714285714
71,90,2,15,74.09,4.939333333333334
71,90,3,3,14.78,4.926666666666667
71,90,4,10,17.56,1.7559999999999998
71,93,0,10,4.82,0.48200000000000004
71,93,1,7,1.64,0.23428571428571426
71,93,2,3,0.6,0.19999999999999998
71,93,3,7,0.86,0.12285714285714286
71,93,4,2,0.08,0.04
71,94,0,19,88.8,4.673684210526315
71,94,1,1,4.11,4.11
71,94,2,20,71.9,3.595
71,94,3,8,28.2,3.525
71,94,4,2,3.34,1.67
71,97,0,8,61.36,7.67
71,97,1,10,64.8,6.4799999999999995
71,97,2,19,68.49,3.604736842105263
71,97,3,14,27.16,1.94
71,97,4,6,11.45,1.9083333333333332
73,1,0,5,56.1,11.22
73,1,1,15,130.87,8.724666666666668
73,1,2,17,147.28,8.663529411764706
73,1,3,13,28.52,2.193846153846154
73,1,4,3,3.44,1.1466666666666667
73,3,0,16,186.62,11.66375
73,3,1,17,79.8,4.694117647058824
73,3,2,14,61.98,4.427142857142857
73,3,3,18,31.92,1.7733333333333334
73,3,4,14,23.64,1.6885714285714286
73,5,0,20,221.42,11.071
73,5,1,6,65.73,10.955
73,5,2,9,83.78,9.30888888888889
73,5,3,15,17.52,1.168
73,5,4,16,9.3,0.58125
73,8,0,4,37.43,9.3575
73,8,1,14,128.97,9.212142857142856
73,8,2,8,70.82,8.8525
73,8,3,19,136.02,7.158947368421053
73,8,4,12,12.07,1.0058333333333334
73,16,0,9,100.36,11.151111111111112
73,16,1,19,191.24,10.065263157894737
73,16,2,6,59.99,9.998333333333333
73,16,3,6,44.18,7.363333333333333
73,16,4,12,85.24,7.103333333333333
73,19,0,4,28.81,7.2025
73,19,1,1,6.23,6.23
73,19,2,15,70.56,4.704
73,19,3,14,60.17,4.297857142857143
73,19,4,19,20.15,1.0605263157894735
73,20,0,7,42.97,6.138571428571429
73,20,1,15,74.3,4.953333333333333
73,20,2,4,11.39,2.8475
73,20,3,7,17.89,2.5557142857142856
73,20,4,3,6.42,2.14
73,23,0,3,7.15,2.3833333333333333
73,23,1,10,12.3,1.23
73,23,2,20,22.52,1.126
73,23,3,6,5.55,0.9249999999999999
73,23,4,5,2.26,0.45199999999999996
73,24,0,8,87.71,10.96375
73,24,1,7,70.44,10.062857142857142
73,24,2,11,71.63,6.511818181818182
73,24,3,10,36.94,3.694
73,24,4,13,8.49,0.6530769230769231
73,25,0,4,39.44,9.86
73,25,1,1,7.76,7.76
73,25,2,17,104.39,6.140588235294118
73,25,3,7,30.02,4.288571428571428
73,25,4,17,19.17,1.1276470588235294
73,28,0,11,83.02,7.547272727272727
73,28,1,1,5.71,5.71
73,28,2,5,11.18,2.2359999999999998
73,28,3,3,5.58,1.86
73,28,4,4,6.89,1.7225
73,29,0,5,17.86,3.572
73,29,1,4,13.5,3.375
73,29,2,9,27.5,3.0555555555555554
73,29,3,7,13.08,1.8685714285714285
73,29,4,3,3.47,1.1566666666666667
73,30,0,18,130.31,7.239444444444445
73,30,1,3,21.19,7.0633333333333335
73,30,2,18,123.58,6.865555555555556
73,30,3,9,58.95,6.550000000000001
73,30,4,13,38.2,2.9384615384615387
73,33,0,1,4.71,4.71
73,33,1,2,9.41,4.705
73,33,2,13,60.52,4.655384615384616
73,33,3,18,67.59,3.7550000000000003
73,33,4,18,15.04,0.8355555555555555
73,34,0,3,25.48,8.493333333333334
73,34,1,20,162.96,8.148
73,34,2,9,53.7,5.966666666666667
73,34,3,4,14.8,3.7
73,34,4,14,40.8,2.914285714285714
73,36,0,15,99.1,6.6066666666666665
73,36,1,13,65.43,5.033076923076924
73,36,2,9,25.6,2.8444444444444446
73,36,3,15,18.01,1.2006666666666668
73,36,4,13,14.34,1.103076923076923
73,38,0,9,20.63,2.292222222222222
73,38,1,19,42.0,2.210526315789474
73,38,2,7,14.76,2.1085714285714285
73,38,3,6,2.32,0.38666666666666666
73,38,4,3,0.91,0.30333333333333334
73,46,0,13,124.74,9.595384615384615
73,46,1,19,158.09,8.320526315789474
73,46,2,12,74.47,6.2058333333333335
73,46,3,8,20.28,2.535
73,46,4,18,23.4,1.2999999999999998
73,47,0,13,139.19,10.706923076923077
73,47,1,2,14.07,7.035
73,47,2,20,92.39,4.6195
73,47,3,11,29.14,2.649090909090909
73,47,4,17,11.36,0.668235294117647
73,49,0,12,73.29,6.107500000000001
73,49,1,4,23.55,5.8875
73,49,2,11,59.13,5.375454545454546
73,49,3,5,25.34,5.068
73,49,4,2,9.4,4.7
73,50,0,15,49.86,3.324
73,50,1,18,32.36,1.7977777777777777
73,50,2,5,6.28,1.256
73,50,3,3,3.34,1.1133333333333333
73,50,4,13,13.56,1.043076923076923
73,51,0,10,96.71,9.671
73,51,1,7,41.28,5.897142857142858
73,51,2,15,81.14,5.4093333333333335
73,51,3,7,26.74,3.82
73,51,4,2,7.33,3.665
73,54,0,4,36.64,9.16
73,54,1,9,74.72,8.302222222222222
73,54,2,10,79.91,7.991
73,54,3,17,96.39,5.67
73,54,4,10,32.07,3.207
73,56,0,19,150.92,7.943157894736841
73,56,1,7,52.11,7.444285714285714
73,56,2,13,50.55,3.8884615384615384
73,56,3,17,49.55,2.914705882352941
73,56,4,10,23.28,2.3280000000000003
73,60,0,17,113.45,6.673529411764706
73,60,1,1,5.87,5.87
73,60,2,2,11.61,5.805
73,60,3,7,9.92,1.417142857142857
73,60,4,11,14.44,1.3127272727272727
73,66,0,10,65.97,6.5969999999999995
73,66,1,1,4.82,4.82
73,66,2,8,35.39,4.42375
73,66,3,17,73.39,4.317058823529412
73,66,4,15,54.62,3.6413333333333333
73,69,0,16,166.42,10.40125
73,69,1,20,126.63,6.3315
73,69,2,10,40.31,4.031000000000001
73,69,3,19,12.03,0.633157894736842
73,69,4,3,1.68,0.5599999999999999
73,70,0,15,140.76,9.383999999999999
73,70,1,14,125.47,8.962142857142856
73,70,2,4,22.08,5.52
73,70,3,5,25.03,5.006
73,70,4,13,11.48,0.8830769230769231
73,71,0,8,37.28,4.66
73,71,1,11,31.23,2.8390909090909093
73,71,2,18,50.61,2.8116666666666665
73,71,3,7,17.0,2.4285714285714284
73,71,4,16,8.79,0.549375
73,74,0,7,86.8,12.4
73,74,1,9,103.76,11.52888888888889
73,74,2,5,36.12,7.223999999999999
73,74,3,17,106.87,6.286470588235295
73,74,4,3,18.5,6.166666666666667
73,75,0,6,40.91,6.8183333333333325
73,75,1,20,77.84,3.8920000000000003
73,75,2,18,67.76,3.764444444444445
73,75,3,8,10.55,1.31875
73,75,4,1,1.05,1.05
73,77,0,2,15.15,7.575
73,77,1,8,33.24,4.155
73,77,2,6,16.66,2.776666666666667
73,77,3,17,23.68,1.3929411764705881
73,77,4,12,8.43,0.7025
73,79,0,7,12.67,1.81
73,79,1,16,18.01,1.125625
73,79,2,19,17.08,0.8989473684210525
73,79,3,4,3.0,0.75
73,79,4,15,4.16,0.2773333333333333
73,80,0,19,123.98,6.525263157894737
73,80,1,20,117.52,5.8759999999999994
73,80,2,8,33.41,4.17625
73,80,3,2,8.04,4.02
73,80,4,16,29.42,1.83875
73,82,0,5,15.62,3.1239999999999997
73,82,1,4,12.28,3.07
73,82,2,5,14.87,2.9739999999999998
73,82,3,20,42.35,2.1175
73,82,4,6,4.61,0.7683333333333334
73,84,0,9,41.06,4.562222222222222
73,84,1,13,54.96,4.227692307692307
73,84,2,17,68.51,4.03
73,84,3,18,24.76,1.3755555555555556
73,84,4,4,1.26,0.315
73,85,0,18,44.93,2.496111111111111
73,85,1,4,7.6,1.9
73,85,2,13,18.92,1.4553846153846155
73,85,3,12,12.87,1.0725
73,85,4,15,11.88,0.792
73,87,0,13,114.27,8.79
73,87,1,8,64.03,8.00375
73,87,2,1,5.29,5.29
73,87,3,17,70.89,4.17
73,87,4,1,0.66,0.66
73,88,0,2,16.54,8.27
73,88,1,4,28.35,7.0875
73,88,2,7,31.48,4.497142857142857
73,88,3,16,49.43,3.089375
73,88,4,7,17.29,2.4699999999999998
73,89,0,18,22.08,1.2266666666666666
73,89,1,3,2.17,0.7233333333333333
73,89,2,5,3.06,0.612
73,89,3,5,2.89,0.5780000000000001
73,89,4,5,1.85,0.37
73,90,0,14,117.14,8.367142857142857
73,90,1,7,56.3,8.042857142857143
73,90,2,15,105.1,7.006666666666666
73,90,3,7,25.35,3.6214285714285714
73,90,4,9,17.25,1.9166666666666667
73,93,0,18,54.68,3.037777777777778
73,93,1,4,8.62,2.155
73,93,2,20,39.45,1.9725000000000001
73,93,3,20,20.09,1.0045
73,93,4,15,13.94,0.9293333333333333
73,94,0,8,60.22,7.5275
73,94,1,2,10.88,5.44
73,94,2,5,24.56,4.912
73,94,3,9,30.25,3.361111111111111
73,94,4,2,5.69,2.845
73,97,0,2,24.1,12.05
73,97,1,9,107.06,11.895555555555555
73,97,2,1,8.66,8.66
73,97,3,13,92.05,7.0807692307692305
73,97,4,11,73.59,6.69
74,1,0,20,8.41,0.4205
74,1,1,19,6.95,0.36578947368421055
74,1,2,7,2.46,0.3514285714285714
74,1,3,9,2.71,0.3011111111111111
74,1,4,17,4.14,0.24352941176470586
74,3,0,14,11.08,0.7914285714285715
74,3,1,5,3.78,0.756
74,3,2,5,3.68,0.736
74,3,3,17,11.81,0.6947058823529412
74,3,4,12,4.06,0.3383333333333333
74,5,0,13,52.65,4.05
74,5,1,1,3.76,3.76
74,5,2,17,59.13,3.4782352941176473
74,5,3,17,43.21,2.541764705882353
74,5,4,18,26.68,1.482222222222222
74,8,0,2,2.56,1.28
74,8,1,11,10.4,0.9454545454545454
74,8,2,3,1.93,0.6433333333333333
74,8,3,3,1.63,0.5433333333333333
74,8,4,19,6.63,0.3489473684210526
74,16,0,16,26.65,1.665625
74,16,1,9,12.8,1.4222222222222223
74,16,2,5,6.29,1.258
74,16,3,17,10.18,0.5988235294117646
74,16,4,12,3.52,0.29333333333333333
74,19,0,5,15.25,3.05
74,19,1,11,30.85,2.8045454545454547
74,19,2,7,17.08,2.44
74,19,3,20,12.75,0.6375
74,19,4,14,3.09,0.2207142857142857
74,20,0,3,10.65,3.5500000000000003
74,20,1,17,59.22,3.4835294117647058
74,20,2,9,23.13,2.57
74,20,3,18,28.69,1.593888888888889
74,20,4,20,29.05,1.4525000000000001
74,23,0,18,157.23,8.735
74,23,1,7,49.18,7.025714285714286
74,23,2,18,121.65,6.758333333333334
74,23,3,12,75.34,6.278333333333333
74,23,4,4,17.73,4.4325
74,24,0,11,36.37,3.306363636363636
74,24,1,12,37.55,3.1291666666666664
74,24,2,9,27.84,3.0933333333333333
74,24,3,10,28.39,2.839
74,24,4,6,10.22,1.7033333333333334
74,25,0,17,32.14,1.8905882352941177
74,25,1,16,28.66,1.79125
74,25,2,9,16.07,1.7855555555555556
74,25,3,2,3.24,1.62
74,25,4,5,2.69,0.538
74,28,0,16,41.76,2.61
74,28,1,10,24.9,2.4899999999999998
74,28,2,12,16.57,1.3808333333333334
74,28,3,15,16.65,1.1099999999999999
74,28,4,15,2.5,0.16666666666666666
74,29,0,7,54.05,7.721428571428571
74,29,1,16,86.92,5.4325
74,29,2,16,71.1,4.44375
74,29,3,9,39.15,4.35
74,29,4,3,4.99,1.6633333333333333
74,30,0,6,30.36,5.06
74,30,1,17,84.25,4.955882352941177
74,30,2,10,27.55,2.755
74,30,3,8,9.79,1.22375
74,30,4,1,0.44,0.44
74,33,0,17,156.86,9.227058823529413
74,33,1,4,21.66,5.415
74,33,2,8,34.19,4.27375
74,33,3,12,30.55,2.5458333333333334
74,33,4,8,15.28,1.91
74,34,0,9,17.57,1.9522222222222223
74,34,1,3,3.84,1.28
74,34,2,18,19.0,1.0555555555555556
74,34,3,18,16.19,0.8994444444444445
74,34,4,18,9.09,0.505
74,36,0,2,5.97,2.985
74,36,1,11,30.66,2.787272727272727
74,36,2,18,26.78,1.4877777777777779
74,36,3,9,11.83,1.3144444444444445
74,36,4,19,10.5,0.5526315789473685
74,38,0,12,134.69,11.224166666666667
74,38,1,18,145.8,8.100000000000001
74,38,2,11,84.79,7.708181818181819
74,38,3,18,75.85,4.213888888888889
74,38,4,13,35.98,2.7676923076923075
74,46,0,13,69.57,5.351538461538461
74,46,1,9,47.33,5.2588888888888885
74,46,2,8,28.93,3.61625
74,46,3,1,3.49,3.49
74,46,4,7,20.99,2.998571428571428
74,47,0,8,38.36,4.795
74,47,1,1,4.43,4.43
74,47,2,4,13.5,3.375
74,47,3,18,28.48,1.5822222222222222
74,47,4,11,12.97,1.1790909090909092
74,49,0,13,50.93,3.917692307692308
74,49,1,10,32.21,3.221
74,49,2,3,5.64,1.88
74,49,3,17,28.05,1.6500000000000001
74,49,4,7,2.84,0.4057142857142857
74,50,0,10,116.27,11.626999999999999
74,50,1,20,162.55,8.127500000000001
74,50,2,3,21.19,7.0633333333333335
74,50,3,14,98.05,7.003571428571428
74,50,4,15,95.54,6.3693333333333335
74,51,0,5,9.12,1.8239999999999998
74,51,1,13,22.51,1.7315384615384617
74,51,2,11,17.67,1.6063636363636364
74,51,3,12,9.9,0.8250000000000001
74,51,4,3,1.94,0.6466666666666666
74,54,0,9,32.85,3.6500000000000004
74,54,1,17,59.79,3.517058823529412
74,54,2,12,25.54,2.1283333333333334
74,54,3,7,6.04,0.8628571428571429
74,54,4,18,6.81,0.3783333333333333
74,56,0,10,38.98,3.8979999999999997
74,56,1,5,11.52,2.304
74,56,2,8,14.92,1.865
74,56,3,1,1.32,1.32
74,56,4,4,1.8,0.45
74,60,0,18,104.5,5.805555555555555
74,60,1,11,53.66,4.878181818181818
74,60,2,17,77.07,4.533529411764706
74,60,3,17,73.87,4.345294117647059
74,60,4,7,24.27,3.467142857142857
74,66,0,7,31.83,4.547142857142857
74,66,1,18,69.72,3.873333333333333
74,66,2,3,9.92,3.3066666666666666
74,66,3,9,13.65,1.5166666666666666
74,66,4,13,12.24,0.9415384615384615
74,69,0,10,57.16,5.715999999999999
74,69,1,15,65.02,4.334666666666666
74,69,2,13,28.98,2.229230769230769
74,69,3,3,1.34,0.4466666666666667
74,69,4,4,1.31,0.3275
74,70,0,13,14.24,1.0953846153846154
74,70,1,1,1.04,1.04
74,70,2,20,8.4,0.42000000000000004
74,70,3,3,1.12,0.37333333333333335
74,70,4,5,0.44,0.088
74,71,0,15,132.85,8.856666666666666
74,71,1,10,77.17,7.7170000000000005
74,71,2,13,41.41,3.1853846153846153
74,71,3,19,58.7,3.0894736842105264
74,71,4,4,12.09,3.0225
74,73,0,1,12.67,12.67
74,73,1,4,41.26,10.315
74,73,2,15,118.69,7.9126666666666665
74,73,3,10,44.91,4.491
74,73,4,12,41.34,3.4450000000000003
74,75,0,18,47.24,2.6244444444444444
74,75,1,17,42.39,2.493529411764706
74,75,2,10,18.46,1.846
74,75,3,10,7.08,0.708
74,75,4,14,1.9,0.1357142857142857
74,77,0,10,15.18,1.518
74,77,1,3,4.42,1.4733333333333334
74,77,2,18,24.73,1.373888888888889
74,77,3,18,17.03,0.9461111111111111
74,77,4,12,9.29,0.7741666666666666
74,79,0,12,129.7,10.808333333333332
74,79,1,11,94.48,8.58909090909091
74,79,2,4,17.42,4.355
74,79,3,15,47.68,3.1786666666666665
74,79,4,6,10.01,1.6683333333333332
74,80,0,4,18.58,4.645
74,80,1,2,9.21,4.605
74,80,2,15,55.26,3.6839999999999997
74,80,3,10,35.6,3.56
74,80,4,10,35.59,3.559
74,82,0,4,38.6,9.65
74,82,1,13,84.94,6.533846153846154
74,82,2,6,22.57,3.7616666666666667
74,82,3,18,55.39,3.0772222222222223
74,82,4,8,11.7,1.4625
74,84,0,11,129.28,11.752727272727272
74,84,1,2,22.5,11.25
74,84,2,12,125.12,10.426666666666668
74,84,3,6,19.65,3.275
74,84,4,14,32.69,2.335
74,85,0,4,46.66,11.665
74,85,1,11,127.46,11.587272727272726
74,85,2,6,49.89,8.315
74,85,3,3,23.66,7.886666666666667
74,85,4,3,13.86,4.62
74,87,0,1,6.17,6.17
74,87,1,4,13.94,3.485
74,87,2,14,46.22,3.301428571428571
74,87,3,12,33.47,2.7891666666666666
74,87,4,7,15.6,2.2285714285714286
74,88,0,14,53.66,3.8328571428571427
74,88,1,6,17.19,2.865
74,88,2,18,22.55,1.2527777777777778
74,88,3,5,3.4,0.6799999999999999
74,88,4,6,1.11,0.18500000000000003
74,89,0,15,161.72,10.781333333333333
74,89,1,5,45.06,9.012
74,89,2,18,49.74,2.7633333333333336
74,89,3,17,44.85,2.638235294117647
74,89,4,11,23.48,2.1345454545454547
74,90,0,12,9.26,0.7716666666666666
74,90,1,12,6.66,0.555
74,90,2,7,3.03,0.43285714285714283
74,90,3,15,3.4,0.22666666666666666
74,90,4,17,3.52,0.20705882352941177
74,93,0,10,79.81,7.981
74,93,1,3,17.55,5.8500000000000005
74,93,2,8,45.15,5.64375
74,93,3,8,22.29,2.78625
74,93,4,12,26.77,2.2308333333333334
74,94,0,16,100.59,6.286875
74,94,1,15,69.26,4.617333333333334
74,94,2,14,27.34,1.9528571428571428
74,94,3,18,27.03,1.5016666666666667
74,94,4,18,26.33,1.4627777777777777
74,97,0,1,5.65,5.65
74,97,1,5,27.41,5.482
74,97,2,12,36.13,3.0108333333333337
74,97,3,8,23.53,2.94125
74,97,4,2,3.64,1.82
75,1,0,13,23.85,1.8346153846153848
75,1,1,16,28.16,1.76
75,1,2,16,24.98,1.56125
75,1,3,1,0.67,0.67
75,1,4,14,2.03,0.145
75,3,0,16,25.97,1.623125
75,3,1,14,18.28,1.3057142857142858
75,3,2,16,17.83,1.114375
75,3,3,11,11.87,1.079090909090909
75,3,4,5,4.81,0.962
75,5,0,12,14.77,1.2308333333333332
75,5,1,15,14.97,0.998
75,5,2,13,10.43,0.8023076923076923
75,5,3,8,4.6,0.575
75,5,4,12,5.73,0.47750000000000004
75,8,0,20,24.15,1.2075
75,8,1,18,20.69,1.1494444444444445
75,8,2,20,12.61,0.6305
75,8,3,15,6.3,0.42
75,8,4,19,2.28,0.12
75,16,0,19,20.33,1.0699999999999998
75,16,1,12,12.12,1.01
75,16,2,16,13.9,0.86875
75,16,3,7,6.06,0.8657142857142857
75,16,4,9,2.29,0.2544444444444445
75,19,0,9,15.41,1.7122222222222223
75,19,1,19,30.55,1.6078947368421053
75,19,2,8,12.2,1.525
75,19,3,13,12.69,0.9761538461538461
75,19,4,17,13.73,0.8076470588235294
75,20,0,18,56.28,3.126666666666667
75,20,1,8,22.28,2.785
75,20,2,11,25.3,2.3000000000000003
75,20,3,11,16.41,1.491818181818182
75,20,4,5,2.22,0.44400000000000006
75,23,0,18,127.48,7.082222222222223
75,23,1,4,22.61,5.6525
75,23,2,13,63.62,4.8938461538461535
75,23,3,10,19.39,1.939
75,23,4,5,5.53,1.106
75,24,0,11,8.95,0.8136363636363636
75,24,1,14,10.88,0.7771428571428572
75,24,2,4,2.57,0.6425
75,24,3,10,3.84,0.384
75,24,4,3,0.75,0.25
75,25,0,4,5.19,1.2975
75,25,1,11,11.5,1.0454545454545454
75,25,2,8,8.27,1.03375
75,25,3,8,3.03,0.37875
75,25,4,4,1.05,0.2625
75,28,0,11,22.22,2.02
75,28,1,20,34.79,1.7395
75,28,2,18,21.58,1.198888888888889
75,28,3,16,16.13,1.008125
75,28,4,13,12.73,0.9792307692307692
75,29,0,15,91.5,6.1
75,29,1,19,113.55,5.976315789473684
75,29,2,8,45.44,5.68
75,29,3,4,9.38,2.345
75,29,4,20,15.4,0.77
75,30,0,8,25.43,3.17875
75,30,1,5,15.11,3.022
75,30,2,7,18.6,2.6571428571428575
75,30,3,13,28.55,2.1961538461538463
75,30,4,3,5.18,1.7266666666666666
75,33,0,1,6.42,6.42
75,33,1,5,30.9,6.18
75,33,2,13,74.02,5.693846153846153
75,33,3,19,75.45,3.9710526315789476
75,33,4,13,43.13,3.3176923076923077
75,34,0,10,19.64,1.964
75,34,1,12,14.3,1.1916666666666667
75,34,2,16,16.6,1.0375
75,34,3,12,10.79,0.8991666666666666
75,34,4,18,13.14,0.73
75,36,0,3,7.3,2.433333333333333
75,36,1,3,7.04,2.3466666666666667
75,36,2,5,9.7,1.94
75,36,3,15,12.82,0.8546666666666667
75,36,4,5,1.47,0.294
75,38,0,9,92.93,10.325555555555557
75,38,1,12,104.88,8.74
75,38,2,16,77.24,4.8275
75,38,3,15,60.71,4.0473333333333334
75,38,4,1,1.8,1.8
75,46,0,14,38.33,2.7378571428571425
75,46,1,18,39.96,2.22
75,46,2,2,1.31,0.655
75,46,3,8,2.49,0.31125
75,46,4,2,0.3,0.15
75,47,0,18,31.47,1.7483333333333333
75,47,1,13,13.1,1.0076923076923077
75,47,2,3,2.69,0.8966666666666666
75,47,3,13,10.66,0.8200000000000001
75,47,4,12,3.58,0.29833333333333334
75,49,0,9,12.41,1.3788888888888888
75,49,1,16,20.23,1.264375
75,49,2,2,2.41,1.205
75,49,3,18,15.69,0.8716666666666666
75,49,4,19,15.71,0.8268421052631579
75,50,0,16,136.41,8.525625
75,50,1,18,137.92,7.662222222222222
75,50,2,19,123.1,6.478947368421053
75,50,3,8,51.04,6.38
75,50,4,3,5.78,1.9266666666666667
75,51,0,15,26.51,1.7673333333333334
75,51,1,4,6.34,1.585
75,51,2,6,9.29,1.5483333333333331
75,51,3,10,12.53,1.253
75,51,4,13,7.26,0.5584615384615385
75,54,0,16,32.32,2.02
75,54,1,8,7.48,0.935
75,54,2,10,4.09,0.409
75,54,3,11,2.62,0.2381818181818182
75,54,4,11,1.09,0.0990909090909091
75,56,0,19,51.41,2.7057894736842103
75,56,1,3,7.74,2.58
75,56,2,2,3.21,1.605
75,56,3,13,20.75,1.5961538461538463
75,56,4,17,17.3,1.0176470588235293
75,60,0,19,58.8,3.094736842105263
75,60,1,2,5.61,2.805
75,60,2,16,27.68,1.73
75,60,3,4,1.17,0.2925
75,60,4,5,1.19,0.238
75,66,0,3,14.17,4.723333333333334
75,66,1,18,83.45,4.636111111111111
75,66,2,14,58.58,4.184285714285714
75,66,3,20,56.3,2.815
75,66,4,5,2.62,0.524
75,69,0,5,13.23,2.646
75,69,1,6,15.87,2.645
75,69,2,20,37.37,1.8684999999999998
75,69,3,17,21.07,1.2394117647058824
75,69,4,20,4.21,0.2105
75,70,0,19,29.27,1.5405263157894737
75,70,1,15,19.03,1.2686666666666668
75,70,2,14,13.54,0.9671428571428571
75,70,3,11,9.51,0.8645454545454545
75,70,4,14,5.29,0.37785714285714284
75,71,0,16,133.9,8.36875
75,71,1,3,25.05,8.35
75,71,2,19,142.76,7.513684210526315
75,71,3,2,11.88,5.94
75,71,4,20,12.88,0.644
75,73,0,12,130.88,10.906666666666666
75,73,1,1,8.14,8.14
75,73,2,1,7.52,7.52
75,73,3,7,21.91,3.13
75,73,4,17,33.78,1.9870588235294118
75,74,0,11,22.67,2.060909090909091
75,74,1,1,1.57,1.57
75,74,2,16,21.67,1.354375
75,74,3,5,6.68,1.3359999999999999
75,74,4,6,7.95,1.325
75,77,0,2,2.99,1.495
75,77,1,13,14.6,1.123076923076923
75,77,2,11,7.99,0.7263636363636364
75,77,3,16,11.27,0.704375
75,77,4,7,4.16,0.5942857142857143
75,79,0,11,83.97,7.633636363636364
75,79,1,10,72.76,7.276000000000001
75,79,2,14,49.95,3.567857142857143
75,79,3,12,25.8,2.15
75,79,4,10,16.35,1.6350000000000002
75,80,0,4,12.58,3.145
75,80,1,12,34.61,2.8841666666666668
75,80,2,18,43.24,2.4022222222222225
75,80,3,19,33.23,1.7489473684210524
75,80,4,12,6.65,0.5541666666666667
75,82,0,1,8.07,8.07
75,82,1,10,76.05,7.6049999999999995
75,82,2,8,60.5,7.5625
75,82,3,17,90.68,5.334117647058824
75,82,4,8,36.96,4.62
75,84,0,20,165.75,8.2875
75,84,1,12,46.38,3.865
75,84,2,5,17.88,3.5759999999999996
75,84,3,11,29.59,2.69
75,84,4,4,4.96,1.24
75,85,0,1,11.33,11.33
75,85,1,4,42.33,10.5825
75,85,2,5,48.86,9.772
75,85,3,5,47.99,9.598
75,85,4,14,51.35,3.667857142857143
75,87,0,16,54.1,3.38125
75,87,1,8,21.79,2.72375
75,87,2,18,47.61,2.645
75,87,3,16,39.71,2.481875
75,87,4,2,0.37,0.185
75,88,0,14,36.01,2.572142857142857
75,88,1,4,8.87,2.2175
75,88,2,9,7.18,0.7977777777777777
75,88,3,18,12.94,0.7188888888888889
75,88,4,13,1.76,0.13538461538461538
75,89,0,19,195.6,10.294736842105262
75,89,1,16,151.58,9.47375
75,89,2,8,65.44,8.18
75,89,3,17,107.96,6.350588235294118
75,89,4,16,23.12,1.445
75,90,0,10,24.15,2.415
75,90,1,10,20.42,2.0420000000000003
75,90,2,8,14.08,1.76
75,90,3,20,33.6,1.6800000000000002
75,90,4,4,1.52,0.38
75,93,0,17,118.36,6.96235294117647
75,93,1,7,19.08,2.7257142857142855
75,93,2,1,1.75,1.75
75,93,3,14,22.68,1.6199999999999999
75,93,4,14,20.09,1.435
75,94,0,2,9.0,4.5
75,94,1,16,57.53,3.595625
75,94,2,12,16.98,1.415
75,94,3,17,17.07,1.0041176470588236
75,94,4,12,5.42,0.45166666666666666
75,97,0,11,34.24,3.112727272727273
75,97,1,6,11.33,1.8883333333333334
75,97,2,9,15.5,1.7222222222222223
75,97,3,11,6.09,0.5536363636363636
75,97,4,18,7.72,0.4288888888888889
77,1,0,10,9.2,0.9199999999999999
77,1,1,14,8.66,0.6185714285714285
77,1,2,6,2.71,0.45166666666666666
77,1,3,7,3.16,0.45142857142857146
77,1,4,16,5.02,0.31375
77,3,0,5,4.03,0.806
77,3,1,17,10.47,0.6158823529411765
77,3,2,13,6.06,0.46615384615384614
77,3,3,18,6.61,0.3672222222222222
77,3,4,16,5.19,0.324375
77,5,0,5,16.77,3.354
77,5,1,19,32.79,1.7257894736842105
77,5,2,13,14.39,1.106923076923077
77,5,3,5,5.13,1.026
77,5,4,6,1.45,0.24166666666666667
77,8,0,9,6.82,0.7577777777777778
77,8,1,19,13.4,0.7052631578947368
77,8,2,19,13.25,0.6973684210526315
77,8,3,5,2.81,0.562
77,8,4,13,2.12,0.1630769230769231
77,16,0,11,20.0,1.8181818181818181
77,16,1,1,1.53,1.53
77,16,2,12,4.86,0.405
77,16,3,2,0.55,0.275
77,16,4,20,4.14,0.207
77,19,0,6,19.67,3.2783333333333338
77,19,1,12,39.33,3.2775
77,19,2,9,27.84,3.0933333333333333
77,19,3,4,8.68,2.17
77,19,4,14,12.51,0.8935714285714286
77,20,0,16,39.41,2.463125
77,20,1,9,16.11,1.79
77,20,2,18,27.03,1.5016666666666667
77,20,3,19,13.85,0.7289473684210526
77,20,4,15,10.63,0.7086666666666667
77,23,0,10,60.07,6.007
77,23,1,19,113.33,5.964736842105263
77,23,2,1,5.28,5.28
77,23,3,10,41.63,4.163
77,23,4,14,7.75,0.5535714285714286
77,24,0,11,24.8,2.2545454545454544
77,24,1,5,6.28,1.256
77,24,2,3,3.02,1.0066666666666666
77,24,3,4,3.85,0.9625
77,24,4,16,9.75,0.609375
77,25,0,18,18.3,1.0166666666666666
77,25,1,16,16.15,1.009375
77,25,2,13,12.11,0.9315384615384615
77,25,3,2,1.59,0.795
77,25,4,16,4.43,0.276875
77,28,0,3,5.12,1.7066666666666668
77,28,1,16,26.12,1.6325
77,28,2,15,21.24,1.416
77,28,3,20,26.34,1.317
77,28,4,12,8.11,0.6758333333333333
77,29,0,5,31.2,6.24
77,29,1,15,87.3,5.819999999999999
77,29,2,3,16.36,5.453333333333333
77,29,3,10,51.21,5.121
77,29,4,4,14.57,3.6425
77,30,0,5,13.63,2.726
77,30,1,6,16.35,2.725
77,30,2,20,46.47,2.3235
77,30,3,20,42.19,2.1094999999999997
77,30,4,8,11.02,1.3775
77,33,0,7,47.31,6.758571428571429
77,33,1,17,108.95,6.408823529411765
77,33,2,15,78.34,5.222666666666667
77,33,3,16,37.44,2.34
77,33,4,4,5.29,1.3225
77,34,0,20,14.42,0.721
77,34,1,5,1.89,0.378
77,34,2,19,6.93,0.36473684210526314
77,34,3,13,4.48,0.34461538461538466
77,34,4,16,5.07,0.316875
77,36,0,18,20.52,1.14
77,36,1,12,11.94,0.995
77,36,2,18,11.97,0.665
77,36,3,6,2.78,0.4633333333333333
77,36,4,5,1.62,0.324
77,38,0,10,96.72,9.672
77,38,1,2,17.12,8.56
77,38,2,15,124.72,8.314666666666666
77,38,3,1,5.52,5.52
77,38,4,6,25.2,4.2
77,46,0,4,14.56,3.64
77,46,1,19,33.24,1.7494736842105265
77,46,2,10,12.33,1.233
77,46,3,10,11.97,1.197
77,46,4,9,9.3,1.0333333333333334
77,47,0,8,27.23,3.40375
77,47,1,7,21.96,3.1371428571428575
77,47,2,5,14.9,2.98
77,47,3,15,33.49,2.232666666666667
77,47,4,20,26.18,1.309
77,49,0,17,45.18,2.6576470588235295
77,49,1,5,12.42,2.484
77,49,2,9,21.39,2.376666666666667
77,49,3,19,14.53,0.7647368421052632
77,49,4,2,1.38,0.69
77,50,0,3,22.53,7.510000000000001
77,50,1,18,106.47,5.915
77,50,2,11,39.35,3.5772727272727276
77,50,3,19,67.89,3.573157894736842
77,50,4,14,42.27,3.0192857142857146
77,51,0,10,19.3,1.9300000000000002
77,51,1,5,8.52,1.704
77,51,2,9,12.25,1.3611111111111112
77,51,3,5,5.08,1.016
77,51,4,17,6.29,0.37
77,54,0,11,26.67,2.424545454545455
77,54,1,1,2.26,2.26
77,54,2,5,10.27,2.054
77,54,3,10,13.38,1.338
77,54,4,7,3.11,0.4442857142857143
77,56,0,14,56.03,4.002142857142857
77,56,1,3,5.2,1.7333333333333334
77,56,2,4,6.4,1.6
77,56,3,1,0.84,0.84
77,56,4,13,4.42,0.33999999999999997
77,60,0,5,24.01,4.8020000000000005
77,60,1,20,88.97,4.4485
77,60,2,4,16.24,4.06
77,60,3,13,49.73,3.825384615384615
77,60,4,15,38.11,2.5406666666666666
77,66,0,13,65.21,5.016153846153846
77,66,1,5,24.96,4.992
77,66,2,9,28.99,3.221111111111111
77,66,3,4,9.38,2.345
77,66,4,12,25.12,2.0933333333333333
77,69,0,16,72.56,4.535
77,69,1,18,74.21,4.122777777777777
77,69,2,14,47.15,3.367857142857143
77,69,3,12,25.9,2.158333333333333
77,69,4,15,3.15,0.21
77,70,0,3,1.7,0.5666666666666667
77,70,1,20,5.18,0.259
77,70,2,6,0.95,0.15833333333333333
77,70,3,8,1.26,0.1575
77,70,4,15,1.96,0.13066666666666665
77,71,0,10,69.15,6.915000000000001
77,71,1,20,94.89,4.7445
77,71,2,10,21.99,2.199
77,71,3,12,24.61,2.0508333333333333
77,71,4,11,7.54,0.6854545454545454
77,73,0,11,116.75,10.613636363636363
77,73,1,20,209.67,10.4835
77,73,2,5,20.59,4.118
77,73,3,20,47.54,2.377
77,73,4,8,6.67,0.83375
77,74,0,3,2.46,0.82
77,74,1,12,9.07,0.7558333333333334
77,74,2,19,11.48,0.6042105263157895
77,74,3,16,6.29,0.393125
77,74,4,17,1.4,0.08235294117647059
77,75,0,20,49.27,2.4635000000000002
77,75,1,16,33.23,2.076875
77,75,2,4,8.11,2.0275
77,75,3,1,0.98,0.98
77,75,4,19,2.48,0.13052631578947368
77,79,0,20,146.29,7.3145
77,79,1,9,47.62,5.29111111111111
77,79,2,18,34.52,1.917777777777778
77,79,3,1,1.81,1.81
77,79,4,11,8.79,0.799090909090909
77,80,0,15,41.44,2.7626666666666666
77,80,1,11,22.79,2.071818181818182
77,80,2,8,14.79,1.84875
77,80,3,15,25.78,1.7186666666666668
77,80,4,16,21.35,1.334375
77,82,0,7,43.18,6.168571428571428
77,82,1,6,12.87,2.145
77,82,2,8,12.89,1.61125
77,82,3,4,3.2,0.8
77,82,4,16,8.71,0.544375
77,84,0,17,129.52,7.618823529411765
77,84,1,4,29.96,7.49
77,84,2,6,26.29,4.381666666666667
77,84,3,6,21.49,3.5816666666666666
77,84,4,20,28.24,1.412
77,85,0,12,108.9,9.075000000000001
77,85,1,13,83.36,6.412307692307692
77,85,2,3,9.64,3.2133333333333334
77,85,3,17,40.26,2.368235294117647
77,85,4,8,11.0,1.375
77,87,0,7,38.27,5.467142857142858
77,87,1,9,37.81,4.2011111111111115
77,87,2,12,34.09,2.8408333333333338
77,87,3,12,21.42,1.7850000000000001
77,87,4,2,2.54,1.27
77,88,0,4,8.9,2.225
77,88,1,1,1.84,1.84
77,88,2,10,17.49,1.7489999999999999
77,88,3,10,15.84,1.584
77,88,4,2,2.59,1.295
77,89,0,17,160.06,9.41529411764706
77,89,1,19,109.9,5.78421052631579
77,89,2,17,83.17,4.892352941176471
77,89,3,19,55.2,2.905263157894737
77,89,4,11,7.52,0.6836363636363636
77,90,0,6,2.17,0.36166666666666664
77,90,1,19,5.93,0.3121052631578947
77,90,2,20,2.05,0.1025
77,90,3,9,0.65,0.07222222222222223
77,90,4,6,0.21,0.034999999999999996
77,93,0,8,55.63,6.95375
77,93,1,14,83.29,5.949285714285715
77,93,2,19,97.0,5.105263157894737
77,93,3,5,14.64,2.928
77,93,4,16,14.91,0.931875
77,94,0,19,74.99,3.9468421052631575
77,94,1,17,37.58,2.2105882352941175
77,94,2,1,1.56,1.56
77,94,3,9,3.84,0.42666666666666664
77,94,4,4,0.96,0.24
77,97,0,2,11.08,5.54
77,97,1,8,25.69,3.21125
77,97,2,5,11.07,2.214
77,97,3,10,10.04,1.004
77,97,4,2,1.0,0.5
79,1,0,7,67.03,9.575714285714286
79,1,1,16,149.81,9.363125
79,1,2,1,8.3,8.3
79,1,3,19,82.68,4.351578947368421
79,1,4,19,81.11,4.268947368421053
79,3,0,5,53.36,10.672
79,3,1,20,209.17,10.458499999999999
79,3,2,16,142.84,8.9275
79,3,3,11,38.67,3.5154545454545456
79,3,4,17,30.68,1.8047058823529412
79,5,0,18,158.69,8.81611111111111
79,5,1,4,28.78,7.195
79,5,2,8,31.38,3.9225
79,5,3,14,44.98,3.2128571428571426
79,5,4,10,8.7,0.8699999999999999
79,8,0,8,93.56,11.695
79,8,1,14,148.47,10.605
79,8,2,9,85.34,9.482222222222223
79,8,3,12,110.02,9.168333333333333
79,8,4,7,62.32,8.902857142857142
79,16,0,7,68.81,9.83
79,16,1,17,155.05,9.120588235294118
79,16,2,10,84.98,8.498000000000001
79,16,3,19,122.04,6.423157894736843
79,16,4,7,32.57,4.652857142857143
79,19,0,19,181.1,9.531578947368422
79,19,1,8,56.73,7.09125
79,19,2,13,90.3,6.946153846153846
79,19,3,2,11.39,5.695
79,19,4,18,13.31,0.7394444444444445
79,20,0,19,164.86,8.676842105263159
79,20,1,3,20.02,6.673333333333333
79,20,2,5,16.33,3.2659999999999996
79,20,3,12,30.09,2.5075
79,20,4,11,21.3,1.9363636363636365
79,23,0,2,8.42,4.21
79,23,1,10,40.55,4.055
79,23,2,20,51.88,2.5940000000000003
79,23,3,8,11.38,1.4225
79,23,4,5,2.67,0.534
79,24,0,20,218.49,10.9245
79,24,1,4,37.31,9.3275
79,24,2,20,159.52,7.976000000000001
79,24,3,6,26.1,4.3500000000000005
79,24,4,17,47.91,2.8182352941176467
79,25,0,14,140.42,10.03
79,25,1,2,16.69,8.345
79,25,2,7,32.65,4.664285714285714
79,25,3,3,4.1,1.3666666666666665
79,25,4,11,4.77,0.4336363636363636
79,28,0,18,159.9,8.883333333333333
79,28,1,20,153.0,7.65
79,28,2,17,114.51,6.735882352941177
79,28,3,5,32.12,6.4239999999999995
79,28,4,6,32.86,5.476666666666667
79,29,0,1,1.95,1.95
79,29,1,3,5.48,1.8266666666666669
79,29,2,5,5.59,1.1179999999999999
79,29,3,4,3.7,0.925
79,29,4,16,3.4,0.2125
79,30,0,18,103.92,5.773333333333333
79,30,1,18,98.51,5.472777777777778
79,30,2,12,58.22,4.851666666666667
79,30,3,1,1.54,1.54
79,30,4,19,24.82,1.3063157894736843
79,33,0,13,37.52,2.8861538461538463
79,33,1,8,17.73,2.21625
79,33,2,15,26.1,1.74
79,33,3,3,1.99,0.6633333333333333
79,33,4,6,1.79,0.29833333333333334
79,34,0,16,122.26,7.64125
79,34,1,5,29.99,5.997999999999999
79,34,2,9,53.09,5.898888888888889
79,34,3,12,54.6,4.55
79,34,4,3,6.98,2.3266666666666667
79,36,0,1,9.91,9.91
79,36,1,12,109.16,9.096666666666666
79,36,2,15,120.35,8.023333333333333
79,36,3,13,76.16,5.858461538461539
79,36,4,17,27.39,1.6111764705882354
79,38,0,3,2.47,0.8233333333333334
79,38,1,19,15.28,0.8042105263157895
79,38,2,11,4.79,0.4354545454545455
79,38,3,11,3.74,0.34
79,38,4,20,4.76,0.238
79,46,0,5,43.75,8.75
79,46,1,5,32.39,6.478
79,46,2,11,32.71,2.9736363636363636
79,46,3,17,13.12,0.7717647058823529
79,46,4,7,4.49,0.6414285714285715
79,47,0,7,79.48,11.354285714285714
79,47,1,7,59.77,8.538571428571428
79,47,2,12,65.03,5.4191666666666665
79,47,3,16,67.2,4.2
79,47,4,13,35.52,2.7323076923076925
79,49,0,11,79.85,7.259090909090909
79,49,1,8,43.84,5.48
79,49,2,3,7.44,2.48
79,49,3,15,20.68,1.3786666666666667
79,49,4,16,9.63,0.601875
79,50,0,18,34.13,1.8961111111111113
79,50,1,20,36.17,1.8085
79,50,2,16,25.66,1.60375
79,50,3,19,13.03,0.6857894736842105
79,50,4,15,6.94,0.46266666666666667
79,51,0,4,33.31,8.3275
79,51,1,19,117.76,6.197894736842105
79,51,2,16,94.2,5.8875
79,51,3,1,5.58,5.58
79,51,4,17,90.64,5.331764705882353
79,54,0,17,139.56,8.209411764705882
79,54,1,20,127.96,6.398
79,54,2,13,80.38,6.183076923076923
79,54,3,4,10.53,2.6325
79,54,4,10,10.69,1.069
79,56,0,12,91.52,7.626666666666666
79,56,1,14,101.38,7.241428571428571
79,56,2,11,73.47,6.679090909090909
79,56,3,15,42.88,2.8586666666666667
79,56,4,12,28.8,2.4
79,60,0,9,58.64,6.515555555555555
79,60,1,13,81.47,6.266923076923077
79,60,2,4,19.63,4.9075
79,60,3,1,3.95,3.95
79,60,4,10,18.41,1.841
79,66,0,14,85.37,6.097857142857143
79,66,1,11,53.4,4.8545454545454545
79,66,2,1,1.88,1.88
79,66,3,13,20.52,1.5784615384615384
79,66,4,6,1.75,0.2916666666666667
79,69,0,8,80.34,10.0425
79,69,1,2,16.8,8.4
79,69,2,18,74.18,4.121111111111111
79,69,3,1,3.49,3.49
79,69,4,18,27.78,1.5433333333333334
79,70,0,9,74.56,8.284444444444444
79,70,1,16,109.96,6.8725
79,70,2,19,94.4,4.968421052631579
79,70,3,3,14.37,4.79
79,70,4,9,34.32,3.8133333333333335
79,71,0,12,36.11,3.0091666666666668
79,71,1,7,17.53,2.5042857142857144
79,71,2,2,4.98,2.49
79,71,3,15,21.03,1.4020000000000001
79,71,4,11,11.51,1.0463636363636364
79,73,0,11,21.14,1.9218181818181819
79,73,1,9,14.34,1.5933333333333333
79,73,2,19,23.27,1.2247368421052631
79,73,3,9,10.93,1.2144444444444444
79,73,4,9,1.33,0.14777777777777779
79,74,0,1,11.05,11.05
79,74,1,3,28.42,9.473333333333334
79,74,2,5,22.43,4.486
79,74,3,5,10.01,2.002
79,74,4,18,32.04,1.78
79,75,0,17,127.86,7.521176470588236
79,75,1,9,56.0,6.222222222222222
79,75,2,4,24.78,6.195
79,75,3,17,96.95,5.702941176470588
79,75,4,6,15.5,2.5833333333333335
79,77,0,9,100.49,11.165555555555555
79,77,1,11,102.56,9.323636363636364
79,77,2,11,27.32,2.483636363636364
79,77,3,1,2.16,2.16
79,77,4,20,11.79,0.5894999999999999
79,80,0,7,53.09,7.5842857142857145
79,80,1,15,104.22,6.9479999999999995
79,80,2,4,26.98,6.745
79,80,3,20,134.32,6.715999999999999
79,80,4,16,57.43,3.589375
79,82,0,2,4.56,2.28
79,82,1,5,6.58,1.316
79,82,2,10,8.2,0.82
79,82,3,11,8.43,0.7663636363636364
79,82,4,14,3.27,0.23357142857142857
79,84,0,6,14.1,2.35
79,84,1,20,26.05,1.3025
79,84,2,6,6.55,1.0916666666666666
79,84,3,11,10.64,0.9672727272727273
79,84,4,17,11.54,0.6788235294117646
79,85,0,16,3.87,0.241875
79,85,1,11,2.16,0.19636363636363638
79,85,2,3,0.31,0.10333333333333333
79,85,3,10,0.6,0.06
79,85,4,6,0.31,0.051666666666666666
79,87,0,18,126.64,7.035555555555556
79,87,1,15,100.81,6.720666666666667
79,87,2,8,50.1,6.2625
79,87,3,14,20.81,1.4864285714285714
79,87,4,20,24.34,1.217
79,88,0,5,37.36,7.4719999999999995
79,88,1,4,20.72,5.18
79,88,2,14,67.41,4.8149999999999995
79,88,3,15,63.18,4.212
79,88,4,16,47.71,2.981875
79,89,0,2,5.7,2.85
79,89,1,9,22.5,2.5
79,89,2,6,9.66,1.61
79,89,3,17,4.19,0.24647058823529414
79,89,4,1,0.18,0.18
79,90,0,18,150.22,8.345555555555556
79,90,1,3,19.6,6.533333333333334
79,90,2,5,12.63,2.5260000000000002
79,90,3,20,27.35,1.3675000000000002
79,90,4,7,8.3,1.1857142857142857
79,93,0,13,48.44,3.726153846153846
79,93,1,19,41.22,2.1694736842105264
79,93,2,2,3.62,1.81
79,93,3,18,28.71,1.595
79,93,4,3,2.28,0.7599999999999999
79,94,0,3,15.97,5.323333333333333
79,94,1,13,54.57,4.197692307692308
79,94,2,17,63.92,3.7600000000000002
79,94,3,20,72.53,3.6265
79,94,4,13,25.39,1.9530769230769232
79,97,0,5,61.58,12.315999999999999
79,97,1,2,20.28,10.14
79,97,2,15,112.9,7.526666666666667
79,97,3,13,50.19,3.8607692307692307
79,97,4,15,30.71,2.0473333333333334
80,1,0,20,59.38,2.9690000000000003
80,1,1,3,8.66,2.8866666666666667
80,1,2,9,14.12,1.5688888888888888
80,1,3,12,18.43,1.5358333333333334
80,1,4,14,2.75,0.19642857142857142
80,3,0,10,32.75,3.275
80,3,1,14,29.53,2.1092857142857144
80,3,2,10,11.73,1.173
80,3,3,6,3.88,0.6466666666666666
80,3,4,19,3.62,0.19052631578947368
80,5,0,9,22.95,2.55
80,5,1,19,41.92,2.2063157894736842
80,5,2,8,12.07,1.50875
80,5,3,15,7.09,0.4726666666666667
80,5,4,13,1.83,0.14076923076923079
80,8,0,2,6.38,3.19
80,8,1,14,40.54,2.8957142857142855
80,8,2,8,16.75,2.09375
80,8,3,13,25.22,1.94
80,8,4,6,4.52,0.7533333333333333
80,16,0,15,50.73,3.3819999999999997
80,16,1,16,36.88,2.305
80,16,2,7,12.85,1.8357142857142856
80,16,3,4,2.97,0.7425
80,16,4,1,0.26,0.26
80,19,0,12,17.12,1.4266666666666667
80,19,1,11,9.18,0.8345454545454545
80,19,2,13,9.78,0.7523076923076922
80,19,3,3,2.04,0.68
80,19,4,11,5.44,0.49454545454545457
80,20,0,12,11.53,0.9608333333333333
80,20,1,16,13.33,0.833125
80,20,2,4,2.02,0.505
80,20,3,11,2.92,0.26545454545454544
80,20,4,2,0.41,0.205
80,23,0,7,26.96,3.8514285714285714
80,23,1,5,18.63,3.726
80,23,2,16,52.36,3.2725
80,23,3,17,54.88,3.2282352941176473
80,23,4,7,20.43,2.9185714285714286
80,24,0,9,26.27,2.9188888888888886
80,24,1,3,7.24,2.4133333333333336
80,24,2,3,3.98,1.3266666666666667
80,24,3,14,5.79,0.4135714285714286
80,24,4,13,1.89,0.1453846153846154
80,25,0,13,23.95,1.8423076923076922
80,25,1,9,13.69,1.521111111111111
80,25,2,9,13.66,1.517777777777778
80,25,3,3,2.92,0.9733333333333333
80,25,4,15,8.62,0.5746666666666667
80,28,0,19,27.79,1.4626315789473683
80,28,1,7,9.01,1.2871428571428571
80,28,2,5,5.89,1.178
80,28,3,7,7.87,1.1242857142857143
80,28,4,20,15.67,0.7835
80,29,0,3,11.24,3.7466666666666666
80,29,1,2,5.01,2.505
80,29,2,8,18.94,2.3675
80,29,3,4,6.43,1.6075
80,29,4,9,11.31,1.2566666666666668
80,30,0,18,20.73,1.1516666666666666
80,30,1,4,3.58,0.895
80,30,2,3,1.67,0.5566666666666666
80,30,3,6,1.08,0.18000000000000002
80,30,4,16,1.59,0.099375
80,33,0,10,48.63,4.863
80,33,1,17,72.69,4.275882352941176
80,33,2,10,25.13,2.513
80,33,3,19,29.66,1.5610526315789475
80,33,4,9,12.26,1.3622222222222222
80,34,0,8,23.0,2.875
80,34,1,10,26.68,2.668
80,34,2,5,10.88,2.176
80,34,3,1,0.66,0.66
80,34,4,7,3.48,0.49714285714285716
80,36,0,3,6.3,2.1
80,36,1,10,19.2,1.92
80,36,2,5,3.14,0.628
80,36,3,13,8.06,0.62
80,36,4,15,2.35,0.15666666666666668
80,38,0,3,21.16,7.053333333333334
80,38,1,20,92.51,4.625500000000001
80,38,2,11,48.9,4.445454545454545
80,38,3,19,60.29,3.173157894736842
80,38,4,19,11.86,0.6242105263157894
80,46,0,7,15.36,2.1942857142857144
80,46,1,18,38.81,2.156111111111111
80,46,2,2,4.09,2.045
80,46,3,19,19.21,1.0110526315789474
80,46,4,5,2.44,0.488
80,47,0,15,56.42,3.7613333333333334
80,47,1,1,1.9,1.9
80,47,2,9,12.84,1.4266666666666667
80,47,3,10,8.52,0.852
80,47,4,9,6.01,0.6677777777777778
80,49,0,8,14.66,1.8325
80,49,1,16,23.55,1.471875
80,49,2,7,7.24,1.0342857142857143
80,49,3,7,6.9,0.9857142857142858
80,49,4,18,2.79,0.155
80,50,0,20,105.99,5.2995
80,50,1,4,20.47,5.1175
80,50,2,14,69.83,4.987857142857143
80,50,3,2,5.16,2.58
80,50,4,20,7.6,0.38
80,51,0,18,24.52,1.3622222222222222
80,51,1,20,23.14,1.157
80,51,2,7,3.35,0.4785714285714286
80,51,3,8,3.5,0.4375
80,51,4,17,6.55,0.3852941176470588
80,54,0,12,15.13,1.2608333333333335
80,54,1,14,15.84,1.1314285714285715
80,54,2,4,2.96,0.74
80,54,3,13,2.59,0.1992307692307692
80,54,4,4,0.75,0.1875
80,56,0,20,23.32,1.166
80,56,1,4,3.51,0.8775
80,56,2,18,14.91,0.8283333333333334
80,56,3,17,13.21,0.7770588235294118
80,56,4,5,3.24,0.648
80,60,0,18,45.11,2.506111111111111
80,60,1,13,31.84,2.4492307692307693
80,60,2,13,28.38,2.183076923076923
80,60,3,2,3.49,1.745
80,60,4,4,4.38,1.095
80,66,0,3,4.42,1.4733333333333334
80,66,1,10,11.43,1.143
80,66,2,3,3.35,1.1166666666666667
80,66,3,8,4.32,0.54
80,66,4,10,4.27,0.42699999999999994
80,69,0,3,8.95,2.983333333333333
80,69,1,3,8.38,2.7933333333333334
80,69,2,18,46.71,2.595
80,69,3,3,2.15,0.7166666666666667
80,69,4,11,3.82,0.34727272727272723
80,70,0,1,4.05,4.05
80,70,1,11,43.45,3.95
80,70,2,19,64.9,3.4157894736842107
80,70,3,1,1.98,1.98
80,70,4,14,7.23,0.5164285714285715
80,71,0,12,55.1,4.591666666666667
80,71,1,10,22.81,2.2809999999999997
80,71,2,2,4.21,2.105
80,71,3,20,27.56,1.378
80,71,4,2,0.96,0.48
80,73,0,20,162.24,8.112
80,73,1,15,105.06,7.0040000000000004
80,73,2,15,97.22,6.481333333333334
80,73,3,12,32.5,2.7083333333333335
80,73,4,12,7.32,0.61
80,74,0,8,30.19,3.77375
80,74,1,1,3.52,3.52
80,74,2,15,49.46,3.2973333333333334
80,74,3,15,49.21,3.280666666666667
80,74,4,19,44.34,2.333684210526316
80,75,0,18,54.49,3.0272222222222225
80,75,1,14,39.42,2.815714285714286
80,75,2,9,21.66,2.4066666666666667
80,75,3,12,19.98,1.665
80,75,4,15,21.25,1.4166666666666667
80,77,0,13,29.98,2.306153846153846
80,77,1,16,35.04,2.19
80,77,2,1,1.82,1.82
80,77,3,5,2.17,0.434
80,77,4,4,1.09,0.2725
80,79,0,7,16.14,2.3057142857142856
80,79,1,10,19.36,1.936
80,79,2,17,32.23,1.8958823529411764
80,79,3,17,18.4,1.0823529411764705
80,79,4,2,0.82,0.41
80,82,0,4,22.27,5.5675
80,82,1,10,52.63,5.263
80,82,2,1,2.66,2.66
80,82,3,18,20.51,1.1394444444444445
80,82,4,16,8.72,0.545
80,84,0,10,74.9,7.49
80,84,1,20,131.32,6.566
80,84,2,6,10.89,1.8150000000000002
80,84,3,13,18.92,1.4553846153846155
80,84,4,5,3.26,0.6519999999999999
80,85,0,6,49.39,8.231666666666667
80,85,1,9,59.28,6.586666666666667
80,85,2,16,103.83,6.489375
80,85,3,14,72.37,5.1692857142857145
80,85,4,1,2.25,2.25
80,87,0,17,35.15,2.067647058823529
80,87,1,7,12.03,1.7185714285714284
80,87,2,3,4.13,1.3766666666666667
80,87,3,20,9.73,0.48650000000000004
80,87,4,3,1.08,0.36000000000000004
80,88,0,13,18.62,1.4323076923076923
80,88,1,14,18.49,1.3207142857142855
80,88,2,7,8.89,1.27
80,88,3,9,10.05,1.1166666666666667
80,88,4,12,2.68,0.22333333333333336
80,89,0,15,99.73,6.648666666666667
80,89,1,2,12.22,6.11
80,89,2,8,27.41,3.42625
80,89,3,20,51.31,2.5655
80,89,4,5,1.77,0.354
80,90,0,1,3.66,3.66
80,90,1,12,34.15,2.845833333333333
80,90,2,17,31.29,1.8405882352941176
80,90,3,18,21.27,1.1816666666666666
80,90,4,4,1.98,0.495
80,93,0,15,91.45,6.096666666666667
80,93,1,6,34.03,5.671666666666667
80,93,2,3,14.87,4.956666666666666
80,93,3,19,91.52,4.816842105263158
80,93,4,3,11.02,3.6733333333333333
80,94,0,11,6.02,0.5472727272727272
80,94,1,17,8.12,0.47764705882352937
80,94,2,9,4.21,0.4677777777777778
80,94,3,1,0.46,0.46
80,94,4,17,3.6,0.21176470588235294
80,97,0,8,34.14,4.2675
80,97,1,8,31.81,3.97625
80,97,2,20,42.79,2.1395
80,97,3,1,1.68,1.68
80,97,4,12,9.23,0.7691666666666667
82,1,0,3,25.6,8.533333333333333
82,1,1,12,93.44,7.786666666666666
82,1,2,16,114.69,7.168125
82,1,3,19,91.57,4.819473684210526
82,1,4,8,15.07,1.88375
82,3,0,13,112.7,8.669230769230769
82,3,1,20,132.87,6.6435
82,3,2,4,25.03,6.2575
82,3,3,7,32.67,4.667142857142857
82,3,4,19,75.27,3.961578947368421
82,5,0,5,12.38,2.476
82,5,1,12,25.75,2.1458333333333335
82,5,2,18,17.0,0.9444444444444444
82,5,3,10,4.81,0.481
82,5,4,7,2.65,0.37857142857142856
82,8,0,17,134.78,7.9282352941176475
82,8,1,16,96.35,6.021875
82,8,2,8,43.6,5.45
82,8,3,15,81.17,5.411333333333333
82,8,4,3,1.43,0.4766666666666666
82,16,0,9,59.24,6.582222222222223
82,16,1,7,35.05,5.007142857142857
82,16,2,7,19.32,2.7600000000000002
82,16,3,2,2.37,1.185
82,16,4,12,11.17,0.9308333333333333
82,19,0,6,33.22,5.536666666666666
82,19,1,12,40.97,3.4141666666666666
82,19,2,3,9.99,3.33
82,19,3,19,60.46,3.182105263157895
82,19,4,13,9.18,0.7061538461538461
82,20,0,15,86.29,5.752666666666667
82,20,1,20,57.4,2.87
82,20,2,19,42.42,2.2326315789473683
82,20,3,16,22.34,1.39625
82,20,4,17,7.0,0.4117647058823529
82,23,0,20,30.49,1.5245
82,23,1,8,12.15,1.51875
82,23,2,10,14.08,1.408
82,23,3,10,13.56,1.356
82,23,4,5,6.33,1.266
82,24,0,12,101.38,8.448333333333332
82,24,1,18,85.84,4.768888888888889
82,24,2,10,29.01,2.9010000000000002
82,24,3,2,3.7,1.85
82,24,4,18,30.45,1.6916666666666667
82,25,0,14,92.62,6.615714285714286
82,25,1,7,36.91,5.272857142857142
82,25,2,6,22.7,3.783333333333333
82,25,3,9,27.14,3.0155555555555558
82,25,4,5,2.78,0.5559999999999999
82,28,0,20,137.44,6.872
82,28,1,13,82.49,6.345384615384615
82,28,2,17,97.42,5.7305882352941175
82,28,3,4,19.29,4.8225
82,28,4,3,13.58,4.526666666666666
82,29,0,2,3.2,1.6
82,29,1,9,14.21,1.578888888888889
82,29,2,4,5.98,1.495
82,29,3,17,18.16,1.0682352941176472
82,29,4,8,3.37,0.42125
82,30,0,5,22.53,4.506
82,30,1,1,4.03,4.03
82,30,2,6,21.37,3.561666666666667
82,30,3,18,16.73,0.9294444444444445
82,30,4,14,2.73,0.195
82,33,0,17,57.93,3.4076470588235295
82,33,1,1,2.88,2.88
82,33,2,7,16.96,2.422857142857143
82,33,3,18,17.82,0.99
82,33,4,13,10.15,0.7807692307692308
82,34,0,16,129.97,8.123125
82,34,1,7,37.55,5.364285714285714
82,34,2,9,16.03,1.7811111111111113
82,34,3,3,3.63,1.21
82,34,4,20,17.41,0.8705
82,36,0,16,103.82,6.48875
82,36,1,15,58.08,3.872
82,36,2,13,49.35,3.7961538461538464
82,36,3,15,30.69,2.0460000000000003
82,36,4,7,2.15,0.3071428571428571
82,38,0,10,19.95,1.9949999999999999
82,38,1,4,4.21,1.0525
82,38,2,14,13.99,0.9992857142857143
82,38,3,10,7.84,0.784
82,38,4,1,0.37,0.37
82,46,0,16,107.57,6.723125
82,46,1,6,26.86,4.476666666666667
82,46,2,16,67.98,4.24875
82,46,3,10,40.36,4.036
82,46,4,4,10.39,2.5975
82,47,0,16,112.68,7.0425
82,47,1,11,77.15,7.013636363636365
82,47,2,4,27.27,6.8175
82,47,3,20,101.36,5.068
82,47,4,9,16.28,1.808888888888889
82,49,0,3,22.48,7.493333333333333
82,49,1,4,26.82,6.705
82,49,2,19,105.33,5.543684210526315
82,49,3,13,66.76,5.135384615384615
82,49,4,5,3.82,0.764
82,50,0,14,19.03,1.3592857142857144
82,50,1,20,7.59,0.3795
82,50,2,19,6.53,0.3436842105263158
82,50,3,8,2.32,0.29
82,50,4,5,0.88,0.176
82,51,0,13,92.19,7.091538461538462
82,51,1,9,59.02,6.557777777777778
82,51,2,11,64.1,5.827272727272727
82,51,3,8,38.61,4.82625
82,51,4,17,17.19,1.0111764705882353
82,54,0,14,87.16,6.225714285714285
82,54,1,10,61.23,6.122999999999999
82,54,2,19,84.46,4.445263157894736
82,54,3,9,32.43,3.6033333333333335
82,54,4,8,2.78,0.3475
82,56,0,9,55.66,6.184444444444444
82,56,1,8,42.41,5.30125
82,56,2,3,15.6,5.2
82,56,3,8,30.73,3.84125
82,56,4,10,21.17,2.117
82,60,0,2,12.72,6.36
82,60,1,13,65.1,5.007692307692308
82,60,2,13,42.01,3.2315384615384612
82,60,3,10,21.88,2.1879999999999997
82,60,4,7,5.65,0.8071428571428572
82,66,0,7,29.91,4.272857142857143
82,66,1,9,29.65,3.2944444444444443
82,66,2,17,37.61,2.2123529411764706
82,66,3,3,5.4,1.8
82,66,4,8,9.23,1.15375
82,69,0,2,15.54,7.77
82,69,1,20,116.96,5.848
82,69,2,17,54.33,3.1958823529411764
82,69,3,5,7.34,1.468
82,69,4,12,9.49,0.7908333333333334
82,70,0,16,141.09,8.818125
82,70,1,2,15.88,7.94
82,70,2,11,44.45,4.040909090909091
82,70,3,11,42.64,3.8763636363636365
82,70,4,7,5.91,0.8442857142857143
82,71,0,17,35.74,2.1023529411764708
82,71,1,13,21.76,1.673846153846154
82,71,2,1,1.4,1.4
82,71,3,4,5.33,1.3325
82,71,4,8,7.5,0.9375
82,73,0,5,10.24,2.048
82,73,1,16,32.36,2.0225
82,73,2,9,12.26,1.3622222222222222
82,73,3,6,6.07,1.0116666666666667
82,73,4,12,4.76,0.39666666666666667
82,74,0,2,17.54,8.77
82,74,1,19,134.31,7.068947368421052
82,74,2,4,28.25,7.0625
82,74,3,10,47.13,4.713
82,74,4,1,3.76,3.76
82,75,0,16,124.54,7.78375
82,75,1,20,113.61,5.6805
82,75,2,1,5.3,5.3
82,75,3,19,24.53,1.2910526315789475
82,75,4,5,5.54,1.108
82,77,0,12,98.7,8.225
82,77,1,12,94.03,7.835833333333333
82,77,2,19,128.01,6.737368421052631
82,77,3,13,81.17,6.243846153846154
82,77,4,2,5.08,2.54
82,79,0,5,13.04,2.6079999999999997
82,79,1,6,15.42,2.57
82,79,2,9,21.04,2.3377777777777777
82,79,3,16,29.19,1.824375
82,79,4,10,3.1,0.31
82,80,0,9,51.96,5.773333333333333
82,80,1,16,72.18,4.51125
82,80,2,12,23.56,1.9633333333333332
82,80,3,6,7.32,1.22
82,80,4,4,2.64,0.66
82,84,0,2,5.78,2.89
82,84,1,11,30.79,2.799090909090909
82,84,2,7,15.83,2.2614285714285716
82,84,3,1,1.99,1.99
82,84,4,17,32.56,1.915294117647059
82,85,0,10,24.84,2.484
82,85,1,4,5.32,1.33
82,85,2,6,7.06,1.1766666666666665
82,85,3,19,20.27,1.0668421052631578
82,85,4,5,5.2,1.04
82,87,0,4,22.55,5.6375
82,87,1,2,8.59,4.295
82,87,2,4,14.46,3.615
82,87,3,17,43.5,2.5588235294117645
82,87,4,18,31.81,1.7672222222222222
82,88,0,14,76.91,5.493571428571428
82,88,1,17,89.93,5.29
82,88,2,9,26.26,2.917777777777778
82,88,3,11,25.07,2.2790909090909093
82,88,4,10,13.32,1.332
82,89,0,18,43.36,2.408888888888889
82,89,1,3,2.9,0.9666666666666667
82,89,2,11,9.32,0.8472727272727273
82,89,3,14,4.44,0.31714285714285717
82,89,4,18,4.33,0.24055555555555555
82,90,0,20,150.96,7.548
82,90,1,10,70.16,7.016
82,90,2,1,6.7,6.7
82,90,3,17,70.56,4.1505882352941175
82,90,4,14,46.61,3.329285714285714
82,93,0,2,5.71,2.855
82,93,1,11,27.37,2.4881818181818183
82,93,2,12,28.08,2.34
82,93,3,5,7.18,1.436
82,93,4,7,3.77,0.5385714285714286
82,94,0,1,4.0,4.0
82,94,1,7,24.17,3.4528571428571433
82,94,2,6,10.14,1.6900000000000002
82,94,3,1,0.66,0.66
82,94,4,17,3.36,0.1976470588235294
82,97,0,18,140.08,7.782222222222223
82,97,1,18,104.17,5.787222222222223
82,97,2,18,99.4,5.522222222222222
82,97,3,17,84.11,4.947647058823529
82,97,4,15,24.63,1.642
84,1,0,13,122.39,9.414615384615384
84,1,1,15,135.72,9.048
84,1,2,17,144.18,8.481176470588236
84,1,3,3,21.81,7.27
84,1,4,4,20.13,5.0325
84,3,0,8,35.58,4.4475
84,3,1,8,22.42,2.8025
84,3,2,19,42.29,2.2257894736842103
84,3,3,17,17.94,1.055294117647059
84,3,4,5,4.34,0.868
84,5,0,3,27.97,9.323333333333332
84,5,1,7,63.61,9.087142857142856
84,5,2,4,25.37,6.3425
84,5,3,16,38.8,2.425
84,5,4,17,24.81,1.4594117647058822
84,8,0,2,20.86,10.43
84,8,1,5,36.21,7.242
84,8,2,8,41.6,5.2
84,8,3,17,74.04,4.355294117647059
84,8,4,14,49.17,3.5121428571428575
84,16,0,17,99.41,5.847647058823529
84,16,1,16,78.91,4.931875
84,16,2,3,11.12,3.7066666666666666
84,16,3,5,14.35,2.87
84,16,4,12,7.39,0.6158333333333333
84,19,0,12,103.98,8.665000000000001
84,19,1,4,23.06,5.765
84,19,2,9,49.81,5.5344444444444445
84,19,3,16,69.16,4.3225
84,19,4,2,5.42,2.71
84,20,0,18,145.86,8.103333333333333
84,20,1,7,41.13,5.875714285714286
84,20,2,6,32.91,5.484999999999999
84,20,3,14,34.41,2.4578571428571427
84,20,4,4,7.08,1.77
84,23,0,19,67.42,3.548421052631579
84,23,1,4,13.81,3.4525
84,23,2,1,2.32,2.32
84,23,3,15,25.51,1.7006666666666668
84,23,4,15,24.7,1.6466666666666667
84,24,0,2,19.8,9.9
84,24,1,5,36.06,7.212000000000001
84,24,2,15,87.79,5.852666666666667
84,24,3,8,13.99,1.74875
84,24,4,16,13.84,0.865
84,25,0,18,116.94,6.496666666666666
84,25,1,9,41.55,4.616666666666666
84,25,2,8,20.26,2.5325
84,25,3,11,27.19,2.471818181818182
84,25,4,5,4.28,0.8560000000000001
84,28,0,6,54.43,9.071666666666667
84,28,1,18,152.73,8.485
84,28,2,19,131.41,6.916315789473684
84,28,3,15,96.25,6.416666666666667
84,28,4,17,56.88,3.3458823529411768
84,29,0,16,42.53,2.658125
84,29,1,11,26.47,2.4063636363636363
84,29,2,6,13.32,2.22
84,29,3,11,23.75,2.159090909090909
84,29,4,19,33.1,1.7421052631578948
84,30,0,12,51.84,4.32
84,30,1,4,11.4,2.85
84,30,2,11,17.35,1.5772727272727274
84,30,3,6,7.54,1.2566666666666666
84,30,4,5,5.4,1.08
84,33,0,10,18.18,1.818
84,33,1,5,6.66,1.332
84,33,2,6,7.91,1.3183333333333334
84,33,3,4,3.84,0.96
84,33,4,2,0.48,0.24
84,34,0,17,153.68,9.040000000000001
84,34,1,8,59.9,7.4875
84,34,2,18,106.91,5.939444444444444
84,34,3,18,104.44,5.802222222222222
84,34,4,16,82.67,5.166875
84,36,0,5,48.41,9.681999999999999
84,36,1,2,18.3,9.15
84,36,2,10,78.89,7.889
84,36,3,18,104.94,5.83
84,36,4,11,48.05,4.368181818181818
84,38,0,16,20.93,1.308125
84,38,1,1,0.52,0.52
84,38,2,9,3.4,0.37777777777777777
84,38,3,2,0.51,0.255
84,38,4,16,2.13,0.133125
84,46,0,14,97.68,6.977142857142858
84,46,1,10,57.58,5.758
84,46,2,8,42.59,5.32375
84,46,3,12,30.84,2.57
84,46,4,11,13.88,1.261818181818182
84,47,0,5,46.53,9.306000000000001
84,47,1,12,57.33,4.7775
84,47,2,4,17.28,4.32
84,47,3,17,35.55,2.091176470588235
84,47,4,11,8.83,0.8027272727272727
84,49,0,13,88.3,6.792307692307692
84,49,1,1,5.02,5.02
84,49,2,18,77.63,4.312777777777778
84,49,3,12,42.65,3.5541666666666667
84,49,4,8,21.8,2.725
84,50,0,14,11.23,0.8021428571428572
84,50,1,20,10.53,0.5265
84,50,2,19,5.92,0.31157894736842107
84,50,3,13,1.37,0.1053846153846154
84,50,4,8,0.67,0.08375
84,51,0,19,160.02,8.422105263157896
84,51,1,11,63.98,5.816363636363636
84,51,2,20,74.52,3.726
84,51,3,4,11.87,2.9675
84,51,4,13,7.29,0.5607692307692308
84,54,0,1,7.78,7.78
84,54,1,1,7.24,7.24
84,54,2,6,38.9,6.483333333333333
84,54,3,5,32.39,6.478
84,54,4,1,2.31,2.31
84,56,0,2,13.46,6.73
84,56,1,11,70.29,6.390000000000001
84,56,2,16,92.98,5.81125
84,56,3,8,41.62,5.2025
84,56,4,14,47.48,3.391428571428571
84,60,0,4,33.1,8.275
84,60,1,3,19.28,6.426666666666667
84,60,2,2,7.19,3.595
84,60,3,17,37.26,2.1917647058823526
84,60,4,3,2.45,0.8166666666666668
84,66,0,20,104.81,5.2405
84,66,1,16,77.11,4.819375
84,66,2,10,45.61,4.561
84,66,3,8,29.81,3.72625
84,66,4,11,40.74,3.7036363636363636
84,69,0,16,126.97,7.935625
84,69,1,13,78.47,6.036153846153846
84,69,2,20,77.03,3.8515
84,69,3,16,42.31,2.644375
84,69,4,7,9.23,1.3185714285714287
84,70,0,16,144.08,9.005
84,70,1,11,98.94,8.994545454545454
84,70,2,16,84.0,5.25
84,70,3,8,36.45,4.55625
84,70,4,16,39.61,2.475625
84,71,0,11,12.41,1.1281818181818182
84,71,1,17,12.7,0.7470588235294118
84,71,2,1,0.7,0.7
84,71,3,13,5.87,0.45153846153846156
84,71,4,15,0.93,0.062000000000000006
84,73,0,10,39.07,3.907
84,73,1,2,6.05,3.025
84,73,2,6,18.06,3.01
84,73,3,7,10.92,1.56
84,73,4,8,7.66,0.9575
84,74,0,2,25.43,12.715
84,74,1,5,56.16,11.232
84,74,2,12,98.54,8.211666666666668
84,74,3,10,41.0,4.1
84,74,4,5,4.57,0.914
84,75,0,8,83.16,10.395
84,75,1,4,37.22,9.305
84,75,2,3,9.88,3.2933333333333334
84,75,3,18,42.35,2.352777777777778
84,75,4,10,14.5,1.45
84,77,0,16,129.53,8.095625
84,77,1,16,111.4,6.9625
84,77,2,9,54.06,6.006666666666667
84,77,3,6,19.43,3.2383333333333333
84,77,4,14,22.75,1.625
84,79,0,3,7.0,2.3333333333333335
84,79,1,16,36.49,2.280625
84,79,2,5,6.52,1.3039999999999998
84,79,3,16,19.19,1.199375
84,79,4,18,10.24,0.5688888888888889
84,80,0,20,147.95,7.397499999999999
84,80,1,3,20.38,6.793333333333333
84,80,2,1,6.37,6.37
84,80,3,13,33.3,2.5615384615384613
84,80,4,1,1.52,1.52
84,82,0,16,42.89,2.680625
84,82,1,20,47.16,2.3579999999999997
84,82,2,7,12.17,1.7385714285714287
84,82,3,9,9.8,1.088888888888889
84,82,4,13,11.45,0.8807692307692307
84,85,0,18,31.3,1.738888888888889
84,85,1,12,19.22,1.6016666666666666
84,85,2,6,8.53,1.4216666666666666
84,85,3,17,14.47,0.8511764705882353
84,85,4,10,1.34,0.134
84,87,0,9,46.89,5.21
84,87,1,18,69.92,3.8844444444444446
84,87,2,13,46.78,3.5984615384615384
84,87,3,15,28.65,1.91
84,87,4,15,25.48,1.6986666666666668
84,88,0,15,117.5,7.833333333333333
84,88,1,7,39.51,5.644285714285714
84,88,2,20,96.06,4.803
84,88,3,2,9.28,4.64
84,88,4,2,3.26,1.63
84,89,0,20,98.89,4.9445
84,89,1,20,60.67,3.0335
84,89,2,4,9.6,2.4
84,89,3,12,24.29,2.0241666666666664
84,89,4,7,5.77,0.8242857142857142
84,90,0,1,11.57,11.57
84,90,1,11,99.13,9.011818181818182
84,90,2,20,171.81,8.5905
84,90,3,5,27.13,5.426
84,90,4,12,60.29,5.024166666666667
84,93,0,2,2.69,1.345
84,93,1,10,11.68,1.168
84,93,2,11,8.11,0.7372727272727272
84,93,3,3,1.95,0.65
84,93,4,4,1.84,0.46
84,94,0,3,16.69,5.5633333333333335
84,94,1,8,41.16,5.145
84,94,2,8,39.08,4.885
84,94,3,17,71.17,4.186470588235294
84,94,4,2,7.26,3.63
84,97,0,10,107.48,10.748000000000001
84,97,1,1,10.22,10.22
84,97,2,10,76.32,7.632
84,97,3,12,75.49,6.290833333333333
84,97,4,8,33.61,4.20125
85,1,0,6,52.69,8.781666666666666
85,1,1,20,142.05,7.102500000000001
85,1,2,19,95.86,5.045263157894737
85,1,3,16,75.51,4.719375
85,1,4,11,21.9,1.9909090909090907
85,3,0,5,54.52,10.904
85,3,1,20,167.01,8.3505
85,3,2,3,20.79,6.93
85,3,3,2,10.96,5.48
85,3,4,12,55.18,4.598333333333334
85,5,0,6,53.7,8.950000000000001
85,5,1,4,29.93,7.4825
85,5,2,19,125.1,6.584210526315789
85,5,3,18,60.62,3.3677777777777775
85,5,4,18,13.34,0.741111111111111
85,8,0,13,149.96,11.535384615384617
85,8,1,15,149.36,9.957333333333334
85,8,2,4,28.83,7.2075
85,8,3,17,52.09,3.064117647058824
85,8,4,17,9.12,0.536470588235294
85,16,0,2,16.55,8.275
85,16,1,13,73.51,5.654615384615385
85,16,2,20,106.21,5.310499999999999
85,16,3,7,22.3,3.185714285714286
85,16,4,18,34.4,1.911111111111111
85,19,0,15,149.59,9.972666666666667
85,19,1,6,51.78,8.63
85,19,2,3,25.81,8.603333333333333
85,19,3,16,60.32,3.77
85,19,4,5,11.68,2.336
85,20,0,4,33.78,8.445
85,20,1,19,152.76,8.04
85,20,2,20,149.89,7.4944999999999995
85,20,3,1,2.56,2.56
85,20,4,10,18.76,1.8760000000000001
85,23,0,14,35.9,2.564285714285714
85,23,1,5,6.37,1.274
85,23,2,3,2.41,0.8033333333333333
85,23,3,11,6.98,0.6345454545454546
85,23,4,2,0.74,0.37
85,24,0,20,228.73,11.436499999999999
85,24,1,8,87.77,10.97125
85,24,2,5,24.89,4.978
85,24,3,11,52.78,4.798181818181818
85,24,4,11,42.98,3.907272727272727
85,25,0,17,152.2,8.952941176470588
85,25,1,2,15.28,7.64
85,25,2,18,129.81,7.211666666666667
85,25,3,3,12.34,4.113333333333333
85,25,4,14,32.0,2.2857142857142856
85,28,0,16,162.39,10.149375
85,28,1,19,183.59,9.66263157894737
85,28,2,9,79.18,8.797777777777778
85,28,3,1,4.09,4.09
85,28,4,7,6.86,0.9800000000000001
85,29,0,17,56.55,3.326470588235294
85,29,1,4,11.1,2.775
85,29,2,19,40.95,2.155263157894737
85,29,3,4,7.82,1.955
85,29,4,9,15.05,1.6722222222222223
85,30,0,13,79.56,6.12
85,30,1,20,117.97,5.8985
85,30,2,4,18.64,4.66
85,30,3,20,89.18,4.4590000000000005
85,30,4,19,65.44,3.444210526315789
85,33,0,2,7.22,3.61
85,33,1,5,17.59,3.518
85,33,2,16,53.28,3.33
85,33,3,2,6.1,3.05
85,33,4,8,22.96,2.87
85,34,0,8,70.23,8.77875
85,34,1,3,20.0,6.666666666666667
85,34,2,18,97.19,5.399444444444445
85,34,3,16,61.78,3.86125
85,34,4,2,3.56,1.78
85,36,0,12,76.42,6.368333333333333
85,36,1,1,5.78,5.78
85,36,2,5,25.97,5.194
85,36,3,18,90.24,5.013333333333333
85,36,4,14,64.27,4.590714285714285
85,38,0,6,4.02,0.6699999999999999
85,38,1,5,2.51,0.502
85,38,2,4,1.16,0.29
85,38,3,2,0.47,0.235
85,38,4,7,0.91,0.13
85,46,0,12,81.37,6.780833333333334
85,46,1,10,32.53,3.253
85,46,2,7,15.27,2.1814285714285715
85,46,3,13,23.75,1.8269230769230769
85,46,4,5,6.58,1.316
85,47,0,15,127.74,8.516
85,47,1,3,24.77,8.256666666666666
85,47,2,16,110.52,6.9075
85,47,3,10,62.59,6.259
85,47,4,5,7.1,1.42
85,49,0,17,136.13,8.00764705882353
85,49,1,2,13.75,6.875
85,49,2,16,98.15,6.134375
85,49,3,2,7.81,3.905
85,49,4,5,3.02,0.604
85,50,0,5,4.33,0.866
85,50,1,3,2.03,0.6766666666666666
85,50,2,18,8.04,0.4466666666666666
85,50,3,10,4.09,0.409
85,50,4,12,2.58,0.215
85,51,0,7,63.41,9.058571428571428
85,51,1,6,38.74,6.456666666666667
85,51,2,1,6.37,6.37
85,51,3,14,72.27,5.1621428571428565
85,51,4,1,2.93,2.93
85,54,0,17,163.52,9.618823529411765
85,54,1,18,168.12,9.34
85,54,2,14,130.34,9.31
85,54,3,3,22.17,7.390000000000001
85,54,4,19,95.99,5.052105263157895
85,56,0,10,86.19,8.619
85,56,1,1,8.01,8.01
85,56,2,15,81.5,5.433333333333334
85,56,3,4,15.55,3.8875
85,56,4,15,55.32,3.688
85,60,0,6,52.15,8.691666666666666
85,60,1,11,87.6,7.963636363636363
85,60,2,7,43.77,6.252857142857144
85,60,3,20,81.57,4.0785
85,60,4,7,7.21,1.03
85,66,0,14,82.62,5.901428571428572
85,66,1,12,39.97,3.330833333333333
85,66,2,14,26.76,1.9114285714285715
85,66,3,1,1.09,1.09
85,66,4,18,6.88,0.38222222222222224
85,69,0,14,126.99,9.070714285714285
85,69,1,3,26.02,8.673333333333334
85,69,2,5,31.76,6.352
85,69,3,4,16.39,4.0975
85,69,4,14,11.13,0.795
85,70,0,17,191.94,11.290588235294118
85,70,1,11,100.57,9.142727272727273
85,70,2,5,11.88,2.3760000000000003
85,70,3,2,1.97,0.985
85,70,4,19,17.4,0.9157894736842105
85,71,0,8,23.4,2.925
85,71,1,20,42.91,2.1454999999999997
85,71,2,5,6.15,1.23
85,71,3,15,11.2,0.7466666666666666
85,71,4,14,3.39,0.24214285714285716
85,73,0,4,10.35,2.5875
85,73,1,11,27.88,2.5345454545454547
85,73,2,3,6.3,2.1
85,73,3,8,9.84,1.23
85,73,4,13,8.72,0.6707692307692308
85,74,0,13,169.28,13.021538461538462
85,74,1,15,190.13,12.675333333333333
85,74,2,1,6.55,6.55
85,74,3,14,57.9,4.135714285714285
85,74,4,9,32.34,3.5933333333333337
85,75,0,10,112.76,11.276
85,75,1,15,97.98,6.532
85,75,2,8,36.42,4.5525
85,75,3,16,14.39,0.899375
85,75,4,19,10.97,0.5773684210526316
85,77,0,6,70.36,11.726666666666667
85,77,1,19,152.41,8.02157894736842
85,77,2,16,89.5,5.59375
85,77,3,12,33.6,2.8000000000000003
85,77,4,20,27.95,1.3975
85,79,0,19,5.86,0.308421052631579
85,79,1,17,3.0,0.17647058823529413
85,79,2,19,2.4,0.12631578947368421
85,79,3,9,0.75,0.08333333333333333
85,79,4,7,0.33,0.047142857142857146
85,80,0,4,34.31,8.5775
85,80,1,14,114.97,8.212142857142856
85,80,2,2,9.02,4.51
85,80,3,14,55.61,3.972142857142857
85,80,4,20,20.04,1.002
85,82,0,8,21.21,2.65125
85,82,1,14,29.6,2.1142857142857143
85,82,2,16,23.54,1.47125
85,82,3,16,16.31,1.019375
85,82,4,12,5.58,0.465
85,84,0,7,5.64,0.8057142857142857
85,84,1,18,10.36,0.5755555555555555
85,84,2,15,8.41,0.5606666666666666
85,84,3,17,9.53,0.5605882352941176
85,84,4,18,7.29,0.405
85,87,0,7,38.87,5.5528571428571425
85,87,1,1,4.15,4.15
85,87,2,1,1.96,1.96
85,87,3,19,23.35,1.2289473684210528
85,87,4,20,8.08,0.404
85,88,0,6,44.42,7.403333333333333
85,88,1,17,124.13,7.301764705882353
85,88,2,9,46.71,5.19
85,88,3,11,23.15,2.1045454545454545
85,88,4,14,5.69,0.4064285714285715
85,89,0,18,48.29,2.682777777777778
85,89,1,17,35.64,2.0964705882352943
85,89,2,9,14.9,1.6555555555555557
85,89,3,13,10.04,0.7723076923076923
85,89,4,13,4.37,0.33615384615384614
85,90,0,2,17.68,8.84
85,90,1,1,8.78,8.78
85,90,2,10,84.84,8.484
85,90,3,7,51.65,7.378571428571428
85,90,4,4,28.48,7.12
85,93,0,10,32.05,3.2049999999999996
85,93,1,19,56.0,2.9473684210526314
85,93,2,4,10.28,2.57
85,93,3,3,2.67,0.89
85,93,4,20,17.05,0.8525
85,94,0,2,13.9,6.95
85,94,1,18,69.52,3.862222222222222
85,94,2,7,21.48,3.0685714285714285
85,94,3,13,25.01,1.923846153846154
85,94,4,6,10.89,1.8150000000000002
85,97,0,5,63.0,12.6
85,97,1,11,126.66,11.514545454545454
85,97,2,11,118.54,10.776363636363637
85,97,3,16,61.56,3.8475
85,97,4,15,9.88,0.6586666666666667
87,1,0,5,28.05,5.61
87,1,1,20,71.0,3.55
87,1,2,19,65.21,3.4321052631578945
87,1,3,11,30.38,2.7618181818181817
87,1,4,7,4.77,0.6814285714285714
87,3,0,8,45.9,5.7375
87,3,1,19,108.81,5.726842105263158
87,3,2,9,43.88,4.875555555555556
87,3,3,3,9.64,3.2133333333333334
87,3,4,19,14.91,0.7847368421052632
87,5,0,12,26.17,2.1808333333333336
87,5,1,10,17.17,1.717
87,5,2,5,8.38,1.6760000000000002
87,5,3,6,8.41,1.4016666666666666
87,5,4,11,7.14,0.649090909090909
87,8,0,9,32.45,3.605555555555556
87,8,1,16,52.43,3.276875
87,8,2,17,53.52,3.1482352941176472
87,8,3,12,19.57,1.6308333333333334
87,8,4,15,23.86,1.5906666666666667
87,16,0,7,28.1,4.014285714285714
87,16,1,9,27.16,3.017777777777778
87,16,2,14,36.05,2.5749999999999997
87,16,3,5,5.25,1.05
87,16,4,19,19.13,1.0068421052631578
87,19,0,17,44.14,2.5964705882352943
87,19,1,9,18.63,2.07
87,19,2,8,8.9,1.1125
87,19,3,4,2.0,0.5
87,19,4,9,1.83,0.20333333333333334
87,20,0,17,46.86,2.756470588235294
87,20,1,14,30.96,2.2114285714285713
87,20,2,13,19.91,1.5315384615384615
87,20,3,2,2.61,1.305
87,20,4,15,7.13,0.47533333333333333
87,23,0,3,8.9,2.966666666666667
87,23,1,10,25.62,2.5620000000000003
87,23,2,7,17.55,2.507142857142857
87,23,3,14,20.38,1.4557142857142857
87,23,4,10,12.48,1.248
87,24,0,11,33.85,3.0772727272727276
87,24,1,20,51.51,2.5755
87,24,2,19,33.68,1.7726315789473683
87,24,3,4,4.7,1.175
87,24,4,17,11.53,0.678235294117647
87,25,0,2,7.96,3.98
87,25,1,14,53.54,3.8242857142857143
87,25,2,12,37.84,3.1533333333333338
87,25,3,19,33.33,1.7542105263157894
87,25,4,16,7.53,0.470625
87,28,0,5,15.03,3.006
87,28,1,1,2.89,2.89
87,28,2,11,28.47,2.588181818181818
87,28,3,8,14.52,1.815
87,28,4,12,7.82,0.6516666666666667
87,29,0,12,43.73,3.6441666666666666
87,29,1,6,16.49,2.748333333333333
87,29,2,9,17.87,1.9855555555555557
87,29,3,13,17.21,1.323846153846154
87,29,4,18,9.17,0.5094444444444445
87,30,0,4,11.65,2.9125
87,30,1,13,32.5,2.5
87,30,2,11,20.75,1.8863636363636365
87,30,3,8,2.46,0.3075
87,30,4,17,3.71,0.21823529411764706
87,33,0,13,44.48,3.421538461538461
87,33,1,8,20.24,2.53
87,33,2,1,2.53,2.53
87,33,3,9,18.6,2.066666666666667
87,33,4,2,1.54,0.77
87,34,0,4,15.13,3.7825
87,34,1,12,37.36,3.1133333333333333
87,34,2,5,14.26,2.852
87,34,3,7,15.79,2.255714285714286
87,34,4,11,7.04,0.64
87,36,0,20,77.74,3.8869999999999996
87,36,1,3,9.34,3.1133333333333333
87,36,2,7,16.56,2.3657142857142857
87,36,3,11,17.03,1.5481818181818183
87,36,4,17,9.66,0.5682352941176471
87,38,0,13,94.58,7.275384615384615
87,38,1,11,70.29,6.390000000000001
87,38,2,9,53.27,5.9188888888888895
87,38,3,9,48.43,5.381111111111111
87,38,4,1,4.06,4.06
87,46,0,14,14.25,1.0178571428571428
87,46,1,17,15.68,0.9223529411764706
87,46,2,5,2.13,0.426
87,46,3,1,0.24,0.24
87,46,4,1,0.22,0.22
87,47,0,18,61.27,3.403888888888889
87,47,1,10,27.45,2.745
87,47,2,17,32.35,1.9029411764705884
87,47,3,20,31.51,1.5755000000000001
87,47,4,8,4.99,0.62375
87,49,0,1,2.95,2.95
87,49,1,4,10.62,2.655
87,49,2,14,36.6,2.6142857142857143
87,49,3,18,46.25,2.5694444444444446
87,49,4,4,3.17,0.7925
87,50,0,19,110.5,5.815789473684211
87,50,1,20,85.69,4.2844999999999995
87,50,2,3,11.73,3.91
87,50,3,13,41.44,3.1876923076923074
87,50,4,15,31.86,2.124
87,51,0,6,18.12,3.02
87,51,1,17,46.7,2.7470588235294118
87,51,2,19,30.03,1.5805263157894738
87,51,3,18,21.87,1.215
87,51,4,9,8.69,0.9655555555555555
87,54,0,6,16.58,2.763333333333333
87,54,1,10,15.29,1.529
87,54,2,6,5.55,0.9249999999999999
87,54,3,7,3.63,0.5185714285714286
87,54,4,2,0.65,0.325
87,56,0,11,14.53,1.3209090909090908
87,56,1,6,6.95,1.1583333333333334
87,56,2,9,8.57,0.9522222222222223
87,56,3,16,11.22,0.70125
87,56,4,6,3.68,0.6133333333333334
87,60,0,9,14.86,1.651111111111111
87,60,1,16,22.15,1.384375
87,60,2,13,13.41,1.0315384615384615
87,60,3,12,2.11,0.1758333333333333
87,60,4,4,0.46,0.115
87,66,0,7,7.94,1.1342857142857143
87,66,1,10,7.48,0.748
87,66,2,14,6.53,0.46642857142857147
87,66,3,15,4.82,0.32133333333333336
87,66,4,11,2.06,0.18727272727272729
87,69,0,18,36.11,2.006111111111111
87,69,1,9,14.67,1.63
87,69,2,7,6.98,0.9971428571428572
87,69,3,12,9.65,0.8041666666666667
87,69,4,16,7.09,0.443125
87,70,0,16,72.32,4.52
87,70,1,11,43.5,3.9545454545454546
87,70,2,4,12.84,3.21
87,70,3,10,22.7,2.27
87,70,4,7,10.67,1.5242857142857142
87,71,0,7,36.89,5.2700000000000005
87,71,1,13,68.37,5.259230769230769
87,71,2,14,67.02,4.7871428571428565
87,71,3,18,81.31,4.517222222222222
87,71,4,8,29.84,3.73
87,73,0,3,25.56,8.52
87,73,1,15,95.22,6.348
87,73,2,9,41.12,4.568888888888889
87,73,3,1,2.22,2.22
87,73,4,14,10.31,0.7364285714285714
87,74,0,4,25.72,6.43
87,74,1,20,81.18,4.059
87,74,2,17,68.18,4.010588235294118
87,74,3,4,10.2,2.55
87,74,4,17,34.71,2.041764705882353
87,75,0,8,30.7,3.8375
87,75,1,6,21.36,3.56
87,75,2,18,56.95,3.163888888888889
87,75,3,6,10.12,1.6866666666666665
87,75,4,4,4.09,1.0225
87,77,0,15,84.37,5.624666666666667
87,77,1,15,74.79,4.986000000000001
87,77,2,20,81.57,4.0785
87,77,3,2,4.97,2.485
87,77,4,13,29.06,2.235384615384615
87,79,0,13,83.44,6.418461538461538
87,79,1,17,69.83,4.107647058823529
87,79,2,4,14.13,3.5325
87,79,3,8,11.68,1.46
87,79,4,5,2.16,0.43200000000000005
87,80,0,7,13.46,1.922857142857143
87,80,1,11,20.11,1.8281818181818181
87,80,2,20,35.89,1.7945
87,80,3,4,0.8,0.2
87,80,4,14,1.72,0.12285714285714286
87,82,0,4,14.99,3.7475
87,82,1,4,7.56,1.89
87,82,2,11,14.05,1.2772727272727273
87,82,3,11,9.24,0.84
87,82,4,10,3.13,0.313
87,84,0,13,87.61,6.739230769230769
87,84,1,12,44.35,3.6958333333333333
87,84,2,1,1.94,1.94
87,84,3,1,1.59,1.59
87,84,4,10,3.67,0.367
87,85,0,8,41.95,5.24375
87,85,1,5,19.04,3.808
87,85,2,15,51.96,3.464
87,85,3,15,27.12,1.808
87,85,4,3,3.28,1.0933333333333333
87,88,0,5,15.61,3.122
87,88,1,2,3.95,1.975
87,88,2,9,17.13,1.9033333333333333
87,88,3,5,3.47,0.6940000000000001
87,88,4,13,3.1,0.23846153846153847
87,89,0,15,64.96,4.330666666666667
87,89,1,8,25.34,3.1675
87,89,2,13,40.7,3.130769230769231
87,89,3,5,8.47,1.6940000000000002
87,89,4,5,7.26,1.452
87,90,0,14,78.63,5.616428571428571
87,90,1,16,65.41,4.088125
87,90,2,6,16.35,2.725
87,90,3,18,28.81,1.6005555555555555
87,90,4,18,23.19,1.2883333333333333
87,93,0,10,47.96,4.796
87,93,1,19,87.25,4.592105263157895
87,93,2,18,55.44,3.08
87,93,3,19,25.07,1.3194736842105264
87,93,4,8,7.55,0.94375
87,94,0,9,12.52,1.391111111111111
87,94,1,20,19.81,0.9904999999999999
87,94,2,1,0.86,0.86
87,94,3,15,12.07,0.8046666666666666
87,94,4,7,2.75,0.39285714285714285
87,97,0,14,45.08,3.2199999999999998
87,97,1,13,21.47,1.6515384615384614
87,97,2,10,11.5,1.15
87,97,3,4,1.7,0.425
87,97,4,3,0.55,0.18333333333333335
88,1,0,2,5.88,2.94
88,1,1,16,32.88,2.055
88,1,2,12,23.13,1.9275
88,1,3,18,34.14,1.8966666666666667
88,1,4,12,7.16,0.5966666666666667
88,3,0,5,9.42,1.884
88,3,1,13,13.64,1.0492307692307692
88,3,2,8,3.89,0.48625
88,3,3,19,7.11,0.3742105263157895
88,3,4,11,3.68,0.33454545454545453
88,5,0,4,10.87,2.7175
88,5,1,1,2.55,2.55
88,5,2,15,33.39,2.226
88,5,3,5,9.79,1.9579999999999997
88,5,4,5,8.05,1.61
88,8,0,9,23.08,2.5644444444444443
88,8,1,9,21.62,2.4022222222222225
88,8,2,19,41.31,2.1742105263157896
88,8,3,14,21.99,1.5707142857142855
88,8,4,7,4.85,0.6928571428571428
88,16,0,7,22.6,3.2285714285714286
88,16,1,13,34.56,2.6584615384615384
88,16,2,10,7.97,0.7969999999999999
88,16,3,6,1.85,0.30833333333333335
88,16,4,12,3.2,0.26666666666666666
88,19,0,19,39.47,2.0773684210526313
88,19,1,3,5.56,1.8533333333333333
88,19,2,9,14.27,1.5855555555555556
88,19,3,8,8.45,1.05625
88,19,4,10,9.9,0.99
88,20,0,6,1.27,0.21166666666666667
88,20,1,6,0.83,0.13833333333333334
88,20,2,8,0.83,0.10375
88,20,3,13,1.16,0.08923076923076922
88,20,4,17,0.61,0.03588235294117647
88,23,0,19,88.32,4.648421052631579
88,23,1,7,21.1,3.0142857142857147
88,23,2,15,43.68,2.912
88,23,3,16,36.99,2.311875
88,23,4,7,7.6,1.0857142857142856
88,24,0,20,55.94,2.7969999999999997
88,24,1,17,19.1,1.1235294117647059
88,24,2,17,17.57,1.0335294117647058
88,24,3,17,14.95,0.8794117647058823
88,24,4,5,4.35,0.8699999999999999
88,25,0,12,11.51,0.9591666666666666
88,25,1,3,2.8,0.9333333333333332
88,25,2,3,2.4,0.7999999999999999
88,25,3,16,12.34,0.77125
88,25,4,9,1.76,0.19555555555555557
88,28,0,12,8.16,0.68
88,28,1,9,3.36,0.3733333333333333
88,28,2,1,0.32,0.32
88,28,3,16,4.2,0.2625
88,28,4,3,0.24,0.08
88,29,0,2,8.31,4.155
88,29,1,18,49.15,2.7305555555555556
88,29,2,8,13.52,1.69
88,29,3,6,4.25,0.7083333333333334
88,29,4,14,6.76,0.4828571428571428
88,30,0,5,7.22,1.444
88,30,1,9,5.53,0.6144444444444445
88,30,2,10,4.3,0.43
88,30,3,8,2.67,0.33375
88,30,4,10,3.02,0.302
88,33,0,7,39.06,5.58
88,33,1,19,46.75,2.460526315789474
88,33,2,18,42.66,2.3699999999999997
88,33,3,7,16.52,2.36
88,33,4,14,23.92,1.7085714285714286
88,34,0,19,28.29,1.4889473684210526
88,34,1,15,20.98,1.3986666666666667
88,34,2,19,25.32,1.3326315789473684
88,34,3,15,14.58,0.972
88,34,4,16,7.4,0.4625
88,36,0,14,10.72,0.7657142857142858
88,36,1,3,2.23,0.7433333333333333
88,36,2,3,1.76,0.5866666666666667
88,36,3,11,0.83,0.07545454545454545
88,36,4,19,1.36,0.07157894736842106
88,38,0,18,157.4,8.744444444444445
88,38,1,6,42.3,7.05
88,38,2,18,119.04,6.613333333333333
88,38,3,4,15.94,3.985
88,38,4,10,9.54,0.954
88,46,0,6,19.47,3.2449999999999997
88,46,1,4,11.08,2.77
88,46,2,1,0.96,0.96
88,46,3,13,7.5,0.5769230769230769
88,46,4,18,2.56,0.14222222222222222
88,47,0,16,48.87,3.054375
88,47,1,13,38.14,2.933846153846154
88,47,2,20,53.2,2.66
88,47,3,9,11.65,1.2944444444444445
88,47,4,16,3.7,0.23125
88,49,0,4,7.19,1.7975
88,49,1,8,11.62,1.4525
88,49,2,10,5.8,0.58
88,49,3,7,2.74,0.39142857142857146
88,49,4,14,3.36,0.24
88,50,0,1,4.5,4.5
88,50,1,12,28.82,2.401666666666667
88,50,2,12,27.22,2.268333333333333
88,50,3,17,20.5,1.2058823529411764
88,50,4,18,6.92,0.3844444444444444
88,51,0,9,11.65,1.2944444444444445
88,51,1,2,1.93,0.965
88,51,2,17,11.76,0.691764705882353
88,51,3,18,3.37,0.18722222222222223
88,51,4,19,2.69,0.14157894736842105
88,54,0,18,20.34,1.13
88,54,1,15,16.94,1.1293333333333335
88,54,2,9,6.84,0.76
88,54,3,18,6.32,0.35111111111111115
88,54,4,10,1.74,0.174
88,56,0,18,14.92,0.8288888888888889
88,56,1,17,13.82,0.8129411764705883
88,56,2,20,14.4,0.72
88,56,3,20,13.26,0.663
88,56,4,8,1.07,0.13375
88,60,0,9,29.84,3.3155555555555556
88,60,1,20,57.1,2.855
88,60,2,11,31.36,2.850909090909091
88,60,3,19,52.2,2.7473684210526317
88,60,4,13,30.81,2.37
88,66,0,10,25.56,2.556
88,66,1,1,2.47,2.47
88,66,2,19,31.5,1.6578947368421053
88,66,3,14,20.02,1.43
88,66,4,9,6.75,0.75
88,69,0,7,25.67,3.6671428571428573
88,69,1,11,31.91,2.900909090909091
88,69,2,14,31.3,2.2357142857142858
88,69,3,9,10.71,1.1900000000000002
88,69,4,8,4.42,0.5525
88,70,0,1,2.95,2.95
88,70,1,8,20.24,2.53
88,70,2,15,27.65,1.8433333333333333
88,70,3,14,19.91,1.4221428571428572
88,70,4,2,1.85,0.925
88,71,0,19,92.71,4.879473684210526
88,71,1,9,36.07,4.007777777777778
88,71,2,3,9.91,3.3033333333333332
88,71,3,7,6.51,0.9299999999999999
88,71,4,9,7.89,0.8766666666666666
88,73,0,20,159.25,7.9625
88,73,1,5,23.86,4.772
88,73,2,2,3.75,1.875
88,73,3,14,23.75,1.6964285714285714
88,73,4,2,1.92,0.96
88,74,0,1,2.99,2.99
88,74,1,5,13.31,2.662
88,74,2,14,35.19,2.5135714285714283
88,74,3,2,4.37,2.185
88,74,4,2,1.1,0.55
88,75,0,19,45.56,2.3978947368421055
88,75,1,4,8.86,2.215
88,75,2,16,31.39,1.961875
88,75,3,9,11.7,1.2999999999999998
88,75,4,10,11.6,1.16
88,77,0,12,15.8,1.3166666666666667
88,77,1,10,12.03,1.2029999999999998
88,77,2,8,6.21,0.77625
88,77,3,6,1.62,0.27
88,77,4,16,3.2,0.2
88,79,0,11,98.63,8.966363636363637
88,79,1,19,108.11,5.69
88,79,2,9,48.53,5.392222222222222
88,79,3,9,46.13,5.125555555555556
88,79,4,11,49.44,4.494545454545454
88,80,0,10,9.77,0.977
88,80,1,7,3.58,0.5114285714285715
88,80,2,2,0.42,0.21
88,80,3,13,2.2,0.16923076923076924
88,80,4,4,0.37,0.0925
88,82,0,8,32.19,4.02375
88,82,1,16,55.24,3.4525
88,82,2,8,22.53,2.81625
88,82,3,6,16.51,2.751666666666667
88,82,4,10,25.92,2.592
88,84,0,6,41.65,6.941666666666666
88,84,1,11,67.38,6.125454545454545
88,84,2,3,13.18,4.3933333333333335
88,84,3,3,12.06,4.0200000000000005
88,84,4,8,8.55,1.06875
88,85,0,2,18.27,9.135
88,85,1,10,55.35,5.535
88,85,2,12,58.99,4.9158333333333335
88,85,3,2,9.48,4.74
88,85,4,11,31.18,2.8345454545454545
88,87,0,9,21.0,2.3333333333333335
88,87,1,4,8.33,2.0825
88,87,2,1,1.22,1.22
88,87,3,11,11.62,1.0563636363636364
88,87,4,1,0.3,0.3
88,89,0,19,125.19,6.588947368421053
88,89,1,12,76.69,6.390833333333333
88,89,2,15,45.08,3.005333333333333
88,89,3,7,18.47,2.6385714285714283
88,89,4,20,8.76,0.438
88,90,0,17,27.75,1.6323529411764706
88,90,1,20,29.16,1.458
88,90,2,17,16.63,0.978235294117647
88,90,3,16,10.84,0.6775
88,90,4,2,1.2,0.6
88,93,0,2,14.38,7.19
88,93,1,11,70.22,6.383636363636364
88,93,2,10,58.54,5.854
88,93,3,14,73.0,5.214285714285714
88,93,4,6,30.57,5.095
88,94,0,1,2.99,2.99
88,94,1,12,26.85,2.2375000000000003
88,94,2,16,34.74,2.17125
88,94,3,18,30.23,1.6794444444444445
88,94,4,7,4.26,0.6085714285714285
88,97,0,1,3.71,3.71
88,97,1,19,17.02,0.8957894736842105
88,97,2,14,10.1,0.7214285714285714
88,97,3,12,8.12,0.6766666666666666
88,97,4,19,12.59,0.6626315789473685
89,1,0,13,133.02,10.232307692307693
89,1,1,16,146.63,9.164375
89,1,2,7,49.12,7.017142857142857
89,1,3,4,16.68,4.17
89,1,4,14,25.76,1.84
89,3,0,15,141.13,9.408666666666667
89,3,1,5,37.51,7.502
89,3,2,13,69.26,5.327692307692308
89,3,3,1,3.99,3.99
89,3,4,2,7.29,3.645
89,5,0,3,29.2,9.733333333333333
89,5,1,19,178.5,9.394736842105264
89,5,2,6,37.42,6.236666666666667
89,5,3,6,19.81,3.3016666666666663
89,5,4,17,21.54,1.2670588235294118
89,8,0,12,114.28,9.523333333333333
89,8,1,5,41.89,8.378
89,8,2,3,22.9,7.633333333333333
89,8,3,8,55.02,6.8775
89,8,4,14,41.25,2.9464285714285716
89,16,0,11,104.95,9.540909090909091
89,16,1,17,132.09,7.7700000000000005
89,16,2,15,82.94,5.529333333333333
89,16,3,3,12.9,4.3
89,16,4,19,49.61,2.6110526315789473
89,19,0,5,28.18,5.636
89,19,1,14,55.45,3.960714285714286
89,19,2,15,42.08,2.805333333333333
89,19,3,19,45.95,2.418421052631579
89,19,4,5,6.33,1.266
89,20,0,12,86.92,7.243333333333333
89,20,1,16,82.08,5.13
89,20,2,6,29.35,4.891666666666667
89,20,3,14,55.6,3.9714285714285715
89,20,4,10,18.21,1.8210000000000002
89,23,0,16,45.97,2.873125
89,23,1,11,26.68,2.4254545454545453
89,23,2,3,4.56,1.5199999999999998
89,23,3,14,21.02,1.5014285714285713
89,23,4,19,21.65,1.1394736842105262
89,24,0,16,167.47,10.466875
89,24,1,6,60.28,10.046666666666667
89,24,2,13,112.36,8.643076923076922
89,24,3,9,38.24,4.248888888888889
89,24,4,6,9.34,1.5566666666666666
89,25,0,1,8.12,8.12
89,25,1,7,56.47,8.067142857142857
89,25,2,15,108.85,7.256666666666666
89,25,3,18,74.66,4.147777777777778
89,25,4,13,34.04,2.6184615384615384
89,28,0,8,46.49,5.81125
89,28,1,13,63.72,4.901538461538461
89,28,2,10,31.77,3.177
89,28,3,7,10.84,1.5485714285714285
89,28,4,16,7.28,0.455
89,29,0,10,18.45,1.845
89,29,1,11,17.98,1.6345454545454545
89,29,2,9,13.1,1.4555555555555555
89,29,3,20,14.26,0.713
89,29,4,2,0.55,0.275
89,30,0,8,45.53,5.69125
89,30,1,5,26.95,5.39
89,30,2,12,53.74,4.4783333333333335
89,30,3,7,20.4,2.914285714285714
89,30,4,11,28.18,2.561818181818182
89,33,0,18,73.28,4.071111111111112
89,33,1,18,46.96,2.608888888888889
89,33,2,14,29.91,2.1364285714285716
89,33,3,12,23.18,1.9316666666666666
89,33,4,2,2.31,1.155
89,34,0,20,167.36,8.368
89,34,1,5,40.32,8.064
89,34,2,6,47.85,7.9750000000000005
89,34,3,20,112.63,5.6315
89,34,4,17,43.17,2.5394117647058825
89,36,0,1,6.61,6.61
89,36,1,16,93.41,5.838125
89,36,2,20,92.82,4.641
89,36,3,5,11.25,2.25
89,36,4,14,9.21,0.6578571428571429
89,38,0,11,39.86,3.6236363636363635
89,38,1,10,36.05,3.6049999999999995
89,38,2,5,9.69,1.938
89,38,3,7,13.46,1.922857142857143
89,38,4,1,0.94,0.94
89,46,0,6,45.67,7.611666666666667
89,46,1,9,28.05,3.1166666666666667
89,46,2,19,37.94,1.9968421052631578
89,46,3,9,11.45,1.2722222222222221
89,46,4,13,16.17,1.243846153846154
89,47,0,4,41.44,10.36
89,47,1,10,69.08,6.9079999999999995
89,47,2,6,38.29,6.381666666666667
89,47,3,7,43.6,6.228571428571429
89,47,4,18,40.83,2.268333333333333
89,49,0,12,104.18,8.681666666666667
89,49,1,12,99.23,8.269166666666667
89,49,2,2,15.62,7.81
89,49,3,17,67.0,3.9411764705882355
89,49,4,14,26.38,1.8842857142857141
89,50,0,17,66.57,3.915882352941176
89,50,1,1,3.79,3.79
89,50,2,6,21.92,3.6533333333333338
89,50,3,6,19.28,3.2133333333333334
89,50,4,20,47.92,2.396
89,51,0,16,134.77,8.423125
89,51,1,14,112.96,8.068571428571428
89,51,2,9,39.64,4.404444444444445
89,51,3,4,8.74,2.185
89,51,4,18,35.16,1.9533333333333331
89,54,0,8,67.99,8.49875
89,54,1,6,40.43,6.738333333333333
89,54,2,3,17.11,5.703333333333333
89,54,3,11,50.32,4.574545454545454
89,54,4,5,12.66,2.532
89,56,0,16,94.88,5.93
89,56,1,6,27.78,4.63
89,56,2,6,27.54,4.59
89,56,3,20,24.51,1.2255
89,56,4,17,6.55,0.3852941176470588
89,60,0,2,16.09,8.045
89,60,1,2,15.29,7.645
89,60,2,19,131.23,6.9068421052631574
89,60,3,17,17.06,1.0035294117647058
89,60,4,13,12.63,0.9715384615384616
89,66,0,1,4.09,4.09
89,66,1,9,36.6,4.066666666666666
89,66,2,7,25.68,3.6685714285714286
89,66,3,3,10.7,3.5666666666666664
89,66,4,19,67.13,3.533157894736842
89,69,0,20,184.49,9.2245
89,69,1,16,136.8,8.55
89,69,2,17,124.17,7.304117647058824
89,69,3,9,7.46,0.8288888888888889
89,69,4,11,7.07,0.6427272727272727
89,70,0,18,138.77,7.709444444444445
89,70,1,7,44.28,6.325714285714286
89,70,2,4,21.25,5.3125
89,70,3,14,34.74,2.4814285714285718
89,70,4,16,31.28,1.955
89,71,0,5,23.57,4.714
89,71,1,5,23.45,4.6899999999999995
89,71,2,17,68.47,4.027647058823529
89,71,3,4,6.85,1.7125
89,71,4,10,11.67,1.167
89,73,0,2,2.44,1.22
89,73,1,14,13.77,0.9835714285714285
89,73,2,11,6.27,0.57
89,73,3,3,0.59,0.19666666666666666
89,73,4,14,2.67,0.1907142857142857
89,74,0,7,72.09,10.29857142857143
89,74,1,20,192.57,9.628499999999999
89,74,2,11,87.88,7.989090909090908
89,74,3,13,75.27,5.79
89,74,4,15,86.73,5.782
89,75,0,11,104.66,9.514545454545454
89,75,1,7,60.18,8.597142857142858
89,75,2,2,9.37,4.685
89,75,3,16,11.4,0.7125
89,75,4,15,7.28,0.48533333333333334
89,77,0,18,148.01,8.222777777777777
89,77,1,19,141.58,7.4515789473684215
89,77,2,12,86.29,7.190833333333334
89,77,3,19,133.53,7.027894736842105
89,77,4,5,3.48,0.696
89,79,0,13,36.99,2.8453846153846154
89,79,1,9,25.44,2.8266666666666667
89,79,2,13,23.04,1.7723076923076921
89,79,3,10,6.44,0.644
89,79,4,9,1.42,0.15777777777777777
89,80,0,6,34.3,5.716666666666666
89,80,1,10,44.73,4.473
89,80,2,12,24.2,2.0166666666666666
89,80,3,2,1.53,0.765
89,80,4,16,11.65,0.728125
89,82,0,7,12.86,1.837142857142857
89,82,1,19,33.44,1.7599999999999998
89,82,2,11,13.65,1.240909090909091
89,82,3,13,10.84,0.8338461538461538
89,82,4,2,1.36,0.68
89,84,0,20,94.82,4.741
89,84,1,8,35.96,4.495
89,84,2,19,43.18,2.2726315789473683
89,84,3,14,30.94,2.21
89,84,4,7,10.6,1.5142857142857142
89,85,0,3,9.53,3.1766666666666663
89,85,1,9,22.28,2.4755555555555557
89,85,2,8,17.33,2.16625
89,85,3,6,6.54,1.09
89,85,4,7,3.7,0.5285714285714286
89,87,0,6,48.22,8.036666666666667
89,87,1,7,54.14,7.734285714285714
89,87,2,12,78.96,6.579999999999999
89,87,3,4,15.88,3.97
89,87,4,14,23.97,1.712142857142857
89,88,0,15,89.64,5.976
89,88,1,5,12.55,2.5100000000000002
89,88,2,4,8.53,2.1325
89,88,3,7,13.7,1.957142857142857
89,88,4,7,7.03,1.0042857142857142
89,90,0,3,25.97,8.656666666666666
89,90,1,18,106.24,5.902222222222222
89,90,2,20,99.42,4.971
89,90,3,17,71.81,4.224117647058824
89,90,4,10,28.05,2.805
89,93,0,8,43.04,5.38
89,93,1,8,42.13,5.26625
89,93,2,6,21.22,3.5366666666666666
89,93,3,19,34.19,1.7994736842105261
89,93,4,8,11.18,1.3975
89,94,0,12,43.97,3.6641666666666666
89,94,1,12,41.49,3.4575
89,94,2,15,50.85,3.39
89,94,3,17,54.21,3.188823529411765
89,94,4,4,6.29,1.5725
89,97,0,16,195.93,12.245625
89,97,1,11,84.33,7.666363636363636
89,97,2,4,15.75,3.9375
89,97,3,14,35.74,2.552857142857143
89,97,4,9,17.01,1.8900000000000001
90,1,0,18,10.14,0.5633333333333334
90,1,1,1,0.53,0.53
90,1,2,5,2.24,0.44800000000000006
90,1,3,19,7.13,0.37526315789473685
90,1,4,4,1.08,0.27
90,3,0,8,6.28,0.785
90,3,1,8,5.14,0.6425
90,3,2,18,6.59,0.3661111111111111
90,3,3,5,0.62,0.124
90,3,4,10,0.72,0.072
90,5,0,2,6.4,3.2
90,5,1,20,60.55,3.0275
90,5,2,16,43.32,2.7075
90,5,3,14,11.07,0.7907142857142857
90,5,4,14,4.11,0.2935714285714286
90,8,0,20,22.89,1.1445
90,8,1,6,6.53,1.0883333333333334
90,8,2,16,8.13,0.508125
90,8,3,1,0.47,0.47
90,8,4,12,4.34,0.36166666666666664
90,16,0,1,2.75,2.75
90,16,1,15,34.76,2.317333333333333
90,16,2,13,29.18,2.2446153846153845
90,16,3,12,17.0,1.4166666666666667
90,16,4,14,5.4,0.38571428571428573
90,19,0,15,54.91,3.6606666666666663
90,19,1,8,16.1,2.0125
90,19,2,11,15.54,1.4127272727272726
90,19,3,18,8.41,0.4672222222222222
90,19,4,3,0.68,0.22666666666666668
90,20,0,12,35.25,2.9375
90,20,1,6,16.41,2.735
90,20,2,14,36.55,2.6107142857142853
90,20,3,2,2.08,1.04
90,20,4,10,4.61,0.461
90,23,0,19,114.87,6.045789473684211
90,23,1,3,16.34,5.446666666666666
90,23,2,18,69.56,3.8644444444444446
90,23,3,18,42.46,2.358888888888889
90,23,4,11,25.58,2.325454545454545
90,24,0,1,2.6,2.6
90,24,1,15,36.24,2.416
90,24,2,13,21.89,1.683846153846154
90,24,3,11,8.8,0.8
90,24,4,5,3.39,0.678
90,25,0,15,30.59,2.0393333333333334
90,25,1,19,34.63,1.8226315789473686
90,25,2,11,10.94,0.9945454545454545
90,25,3,3,1.53,0.51
90,25,4,9,2.64,0.29333333333333333
90,28,0,19,36.24,1.9073684210526316
90,28,1,14,18.71,1.3364285714285715
90,28,2,9,10.03,1.1144444444444443
90,28,3,15,12.78,0.852
90,28,4,4,1.18,0.295
90,29,0,20,125.81,6.2905
90,29,1,3,10.6,3.533333333333333
90,29,2,20,35.19,1.7594999999999998
90,29,3,14,9.07,0.6478571428571429
90,29,4,16,6.42,0.40125
90,30,0,3,8.78,2.9266666666666663
90,30,1,9,25.25,2.8055555555555554
90,30,2,16,23.29,1.455625
90,30,3,14,19.81,1.4149999999999998
90,30,4,6,7.82,1.3033333333333335
90,33,0,1,6.91,6.91
90,33,1,14,94.69,6.763571428571429
90,33,2,15,71.8,4.786666666666666
90,33,3,17,70.2,4.129411764705883
90,33,4,10,40.19,4.019
90,34,0,11,7.96,0.7236363636363636
90,34,1,3,2.06,0.6866666666666666
90,34,2,7,1.54,0.22
90,34,3,17,2.37,0.13941176470588235
90,34,4,10,1.22,0.122
90,36,0,17,30.74,1.808235294117647
90,36,1,16,22.65,1.415625
90,36,2,10,12.09,1.209
90,36,3,8,5.75,0.71875
90,36,4,4,2.22,0.555
90,38,0,8,55.7,6.9625
90,38,1,7,47.92,6.845714285714286
90,38,2,3,20.49,6.829999999999999
90,38,3,6,24.8,4.133333333333334
90,38,4,3,4.88,1.6266666666666667
90,46,0,12,63.66,5.305
90,46,1,9,43.92,4.88
90,46,2,7,25.06,3.5799999999999996
90,46,3,2,5.44,2.72
90,46,4,20,8.18,0.409
90,47,0,13,45.77,3.520769230769231
90,47,1,8,23.35,2.91875
90,47,2,1,2.21,2.21
90,47,3,19,8.22,0.4326315789473685
90,47,4,10,2.72,0.272
90,49,0,7,22.2,3.1714285714285713
90,49,1,13,39.88,3.0676923076923077
90,49,2,8,22.06,2.7575
90,49,3,13,7.27,0.5592307692307692
90,49,4,14,6.28,0.44857142857142857
90,50,0,3,29.71,9.903333333333334
90,50,1,9,51.46,5.717777777777778
90,50,2,18,73.93,4.107222222222223
90,50,3,16,17.99,1.124375
90,50,4,1,0.63,0.63
90,51,0,4,10.5,2.625
90,51,1,14,33.24,2.3742857142857146
90,51,2,11,15.41,1.4009090909090909
90,51,3,18,19.94,1.1077777777777778
90,51,4,11,3.23,0.29363636363636364
90,54,0,3,7.18,2.393333333333333
90,54,1,5,10.84,2.168
90,54,2,1,1.81,1.81
90,54,3,2,3.46,1.73
90,54,4,7,11.58,1.6542857142857144
90,56,0,16,66.29,4.143125
90,56,1,18,70.84,3.9355555555555557
90,56,2,13,46.98,3.6138461538461537
90,56,3,18,43.35,2.408333333333333
90,56,4,10,22.08,2.2079999999999997
90,60,0,1,4.86,4.86
90,60,1,19,79.98,4.2094736842105265
90,60,2,9,27.04,3.0044444444444443
90,60,3,2,3.55,1.775
90,60,4,14,4.25,0.30357142857142855
90,66,0,4,23.9,5.975
90,66,1,12,63.63,5.3025
90,66,2,20,33.15,1.6575
90,66,3,12,19.35,1.6125
90,66,4,12,8.2,0.6833333333333332
90,69,0,4,20.12,5.03
90,69,1,18,79.39,4.410555555555556
90,69,2,4,11.06,2.765
90,69,3,12,18.81,1.5675
90,69,4,20,4.71,0.2355
90,70,0,12,11.82,0.985
90,70,1,16,7.54,0.47125
90,70,2,1,0.45,0.45
90,70,3,15,5.51,0.36733333333333335
90,70,4,9,2.84,0.31555555555555553
90,71,0,3,29.48,9.826666666666666
90,71,1,6,33.19,5.531666666666666
90,71,2,10,33.0,3.3
90,71,3,20,27.7,1.385
90,71,4,7,7.04,1.0057142857142858
90,73,0,11,114.56,10.414545454545454
90,73,1,8,71.39,8.92375
90,73,2,16,126.14,7.88375
90,73,3,7,49.62,7.088571428571428
90,73,4,18,118.62,6.59
90,74,0,19,21.63,1.138421052631579
90,74,1,7,6.38,0.9114285714285714
90,74,2,14,9.93,0.7092857142857143
90,74,3,8,4.55,0.56875
90,74,4,7,1.83,0.26142857142857145
90,75,0,14,28.76,2.0542857142857143
90,75,1,17,26.37,1.5511764705882354
90,75,2,1,1.45,1.45
90,75,3,13,14.72,1.1323076923076925
90,75,4,7,6.15,0.8785714285714287
90,77,0,9,1.86,0.20666666666666667
90,77,1,7,1.23,0.1757142857142857
90,77,2,13,1.68,0.12923076923076923
90,77,3,9,0.61,0.06777777777777777
90,77,4,11,0.34,0.03090909090909091
90,79,0,4,45.19,11.2975
90,79,1,3,30.01,10.003333333333334
90,79,2,20,157.36,7.868
90,79,3,12,83.83,6.985833333333333
90,79,4,12,69.69,5.8075
90,80,0,14,54.78,3.912857142857143
90,80,1,7,24.55,3.507142857142857
90,80,2,18,62.64,3.48
90,80,3,3,9.66,3.22
90,80,4,18,44.42,2.467777777777778
90,82,0,3,21.97,7.323333333333333
90,82,1,12,72.76,6.0633333333333335
90,82,2,7,40.7,5.814285714285715
90,82,3,12,16.34,1.3616666666666666
90,82,4,10,4.06,0.40599999999999997
90,84,0,18,206.84,11.491111111111111
90,84,1,8,62.72,7.84
90,84,2,20,123.1,6.154999999999999
90,84,3,4,23.44,5.86
90,84,4,9,7.49,0.8322222222222222
90,85,0,20,216.12,10.806000000000001
90,85,1,2,20.49,10.245
90,85,2,10,56.42,5.642
90,85,3,17,55.23,3.2488235294117644
90,85,4,3,4.33,1.4433333333333334
90,87,0,8,36.8,4.6
90,87,1,17,76.51,4.500588235294118
90,87,2,15,60.55,4.036666666666666
90,87,3,1,3.34,3.34
90,87,4,14,33.37,2.3835714285714285
90,88,0,10,24.07,2.407
90,88,1,5,11.51,2.302
90,88,2,5,2.84,0.568
90,88,3,11,4.75,0.4318181818181818
90,88,4,15,5.49,0.366
90,89,0,2,19.15,9.575
90,89,1,15,84.97,5.664666666666666
90,89,2,10,47.91,4.7909999999999995
90,89,3,6,24.16,4.026666666666666
90,89,4,16,16.08,1.005
90,93,0,3,11.33,3.776666666666667
90,93,1,15,46.32,3.088
90,93,2,2,4.86,2.43
90,93,3,16,26.85,1.678125
90,93,4,20,17.58,0.8789999999999999
90,94,0,3,17.13,5.71
90,94,1,8,31.01,3.87625
90,94,2,20,51.96,2.598
90,94,3,20,46.53,2.3265000000000002
90,94,4,15,19.1,1.2733333333333334
90,97,0,9,49.41,5.489999999999999
90,97,1,19,75.27,3.961578947368421
90,97,2,5,10.7,2.1399999999999997
90,97,3,16,32.84,2.0525
90,97,4,10,18.51,1.8510000000000002
93,1,0,17,171.18,10.069411764705883
93,1,1,9,70.37,7.818888888888889
93,1,2,14,65.1,4.6499999999999995
93,1,3,9,39.8,4.422222222222222
93,1,4,13,52.2,4.015384615384615
93,3,0,7,68.28,9.754285714285714
93,3,1,17,165.12,9.712941176470588
93,3,2,5,36.94,7.388
93,3,3,15,58.95,3.93
93,3,4,20,70.61,3.5305
93,5,0,17,130.77,7.6923529411764715
93,5,1,16,109.87,6.866875
93,5,2,10,53.21,5.321
93,5,3,14,62.55,4.4678571428571425
93,5,4,6,10.37,1.7283333333333333
93,8,0,20,141.97,7.0985
93,8,1,18,88.31,4.9061111111111115
93,8,2,11,51.51,4.682727272727273
93,8,3,16,73.69,4.605625
93,8,4,17,75.3,4.429411764705883
93,16,0,11,75.48,6.861818181818182
93,16,1,18,114.09,6.338333333333334
93,16,2,2,8.45,4.225
93,16,3,19,77.77,4.093157894736842
93,16,4,20,81.52,4.076
93,19,0,3,20.53,6.843333333333334
93,19,1,3,20.13,6.71
93,19,2,5,20.41,4.082
93,19,3,16,63.07,3.941875
93,19,4,5,16.76,3.3520000000000003
93,20,0,15,55.26,3.6839999999999997
93,20,1,6,14.18,2.3633333333333333
93,20,2,4,6.18,1.545
93,20,3,1,1.42,1.42
93,20,4,6,5.52,0.9199999999999999
93,23,0,3,7.21,2.4033333333333333
93,23,1,18,33.08,1.8377777777777777
93,23,2,8,12.2,1.525
93,23,3,19,24.6,1.2947368421052632
93,23,4,15,6.44,0.42933333333333334
93,24,0,1,6.71,6.71
93,24,1,7,21.95,3.1357142857142857
93,24,2,7,16.73,2.39
93,24,3,18,41.97,2.3316666666666666
93,24,4,11,13.38,1.2163636363636365
93,25,0,3,20.02,6.673333333333333
93,25,1,6,33.98,5.663333333333333
93,25,2,5,18.92,3.7840000000000003
93,25,3,9,30.21,3.356666666666667
93,25,4,7,14.52,2.0742857142857143
93,28,0,15,75.83,5.0553333333333335
93,28,1,12,37.75,3.1458333333333335
93,28,2,14,30.63,2.1878571428571427
93,28,3,11,19.94,1.8127272727272727
93,28,4,20,17.25,0.8625
93,29,0,17,52.75,3.1029411764705883
93,29,1,15,44.36,2.957333333333333
93,29,2,11,22.4,2.036363636363636
93,29,3,6,9.36,1.5599999999999998
93,29,4,7,7.67,1.0957142857142856
93,30,0,1,5.38,5.38
93,30,1,19,87.04,4.581052631578948
93,30,2,7,25.69,3.6700000000000004
93,30,3,7,20.31,2.9014285714285712
93,30,4,19,19.37,1.0194736842105263
93,33,0,8,8.98,1.1225
93,33,1,19,17.44,0.9178947368421053
93,33,2,1,0.88,0.88
93,33,3,19,14.0,0.7368421052631579
93,33,4,17,12.47,0.7335294117647059
93,34,0,17,141.49,8.32294117647059
93,34,1,9,68.28,7.586666666666667
93,34,2,4,27.38,6.845
93,34,3,10,46.15,4.615
93,34,4,18,68.68,3.815555555555556
93,36,0,7,53.02,7.574285714285715
93,36,1,2,13.2,6.6
93,36,2,14,80.21,5.729285714285714
93,36,3,2,8.69,4.345
93,36,4,18,37.68,2.0933333333333333
93,38,0,3,8.68,2.893333333333333
93,38,1,18,48.98,2.721111111111111
93,38,2,17,44.46,2.6152941176470588
93,38,3,17,41.14,2.42
93,38,4,2,3.82,1.91
93,46,0,4,23.71,5.9275
93,46,1,17,74.97,4.41
93,46,2,4,8.47,2.1175
93,46,3,1,1.7,1.7
93,46,4,11,10.32,0.9381818181818182
93,47,0,6,47.39,7.898333333333333
93,47,1,17,113.11,6.653529411764706
93,47,2,1,3.65,3.65
93,47,3,6,12.79,2.1316666666666664
93,47,4,5,2.02,0.404
93,49,0,2,15.29,7.645
93,49,1,8,53.86,6.7325
93,49,2,20,97.13,4.8565
93,49,3,11,23.28,2.1163636363636367
93,49,4,11,17.65,1.6045454545454545
93,50,0,7,11.75,1.6785714285714286
93,50,1,11,13.65,1.240909090909091
93,50,2,4,3.32,0.83
93,50,3,4,2.8,0.7
93,50,4,19,2.55,0.13421052631578947
93,51,0,3,17.11,5.703333333333333
93,51,1,14,79.13,5.652142857142857
93,51,2,1,1.98,1.98
93,51,3,13,20.2,1.5538461538461539
93,51,4,17,11.73,0.6900000000000001
93,54,0,19,116.29,6.120526315789474
93,54,1,8,39.03,4.87875
93,54,2,17,60.88,3.5811764705882356
93,54,3,11,34.86,3.169090909090909
93,54,4,1,1.33,1.33
93,56,0,15,88.13,5.875333333333333
93,56,1,2,9.42,4.71
93,56,2,19,88.69,4.667894736842105
93,56,3,15,45.09,3.0060000000000002
93,56,4,4,4.36,1.09
93,60,0,16,101.07,6.316875
93,60,1,7,33.71,4.815714285714286
93,60,2,13,62.25,4.788461538461538
93,60,3,15,70.85,4.723333333333333
93,60,4,20,71.13,3.5564999999999998
93,66,0,13,41.56,3.196923076923077
93,66,1,13,30.84,2.3723076923076922
93,66,2,17,34.2,2.011764705882353
93,66,3,4,7.2,1.8
93,66,4,4,4.09,1.0225
93,69,0,19,104.31,5.49
93,69,1,16,77.45,4.840625
93,69,2,7,29.64,4.234285714285714
93,69,3,6,16.08,2.6799999999999997
93,69,4,13,34.27,2.6361538461538463
93,70,0,8,33.19,4.14875
93,70,1,2,8.14,4.07
93,70,2,3,12.04,4.013333333333333
93,70,3,17,63.41,3.73
93,70,4,19,22.46,1.1821052631578948
93,71,0,14,6.35,0.45357142857142857
93,71,1,8,3.37,0.42125
93,71,2,1,0.33,0.33
93,71,3,3,0.42,0.13999999999999999
93,71,4,20,0.8,0.04
93,73,0,18,85.12,4.728888888888889
93,73,1,8,28.63,3.57875
93,73,2,12,39.86,3.3216666666666668
93,73,3,9,28.53,3.17
93,73,4,6,3.39,0.5650000000000001
93,74,0,19,137.71,7.247894736842106
93,74,1,15,103.63,6.908666666666666
93,74,2,11,36.57,3.3245454545454547
93,74,3,10,29.0,2.9
93,74,4,14,30.58,2.184285714285714
93,75,0,11,80.39,7.308181818181819
93,75,1,1,6.19,6.19
93,75,2,19,98.49,5.183684210526316
93,75,3,9,18.18,2.02
93,75,4,5,6.83,1.366
93,77,0,16,154.81,9.675625
93,77,1,5,42.88,8.576
93,77,2,12,96.55,8.045833333333333
93,77,3,5,32.48,6.4959999999999996
93,77,4,20,117.09,5.8545
93,79,0,2,7.29,3.645
93,79,1,14,30.17,2.1550000000000002
93,79,2,18,26.81,1.4894444444444443
93,79,3,1,1.28,1.28
93,79,4,2,0.98,0.49
93,80,0,2,11.66,5.83
93,80,1,7,24.57,3.5100000000000002
93,80,2,10,28.3,2.83
93,80,3,11,21.86,1.9872727272727273
93,80,4,9,6.81,0.7566666666666666
93,82,0,3,6.29,2.0966666666666667
93,82,1,3,4.68,1.5599999999999998
93,82,2,19,25.08,1.3199999999999998
93,82,3,6,6.49,1.0816666666666668
93,82,4,6,5.98,0.9966666666666667
93,84,0,9,14.13,1.57
93,84,1,6,7.92,1.32
93,84,2,12,11.64,0.9700000000000001
93,84,3,12,1.88,0.15666666666666665
93,84,4,17,2.56,0.15058823529411766
93,85,0,18,59.46,3.3033333333333332
93,85,1,17,55.29,3.2523529411764707
93,85,2,1,3.02,3.02
93,85,3,17,33.46,1.968235294117647
93,85,4,13,11.85,0.9115384615384615
93,87,0,6,27.74,4.623333333333333
93,87,1,20,85.59,4.2795000000000005
93,87,2,1,3.77,3.77
93,87,3,13,45.79,3.522307692307692
93,87,4,9,13.54,1.5044444444444443
93,88,0,18,132.25,7.347222222222222
93,88,1,11,75.75,6.886363636363637
93,88,2,15,87.09,5.806
93,88,3,20,111.02,5.551
93,88,4,5,22.89,4.578
93,89,0,14,69.99,4.999285714285714
93,89,1,13,63.3,4.869230769230769
93,89,2,14,46.31,3.307857142857143
93,89,3,2,6.14,3.07
93,89,4,16,35.92,2.245
93,90,0,13,88.04,6.772307692307693
93,90,1,18,66.57,3.698333333333333
93,90,2,6,18.05,3.0083333333333333
93,90,3,6,8.2,1.3666666666666665
93,90,4,8,8.44,1.055
93,94,0,4,13.28,3.32
93,94,1,13,41.15,3.1653846153846152
93,94,2,18,46.23,2.5683333333333334
93,94,3,4,9.9,2.475
93,94,4,14,2.99,0.21357142857142858
93,97,0,14,109.6,7.828571428571428
93,97,1,20,103.34,5.167
93,97,2,7,30.17,4.3100000000000005
93,97,3,7,6.76,0.9657142857142856
93,97,4,13,5.28,0.4061538461538462
94,1,0,9,31.52,3.502222222222222
94,1,1,1,3.25,3.25
94,1,2,19,44.27,2.33
94,1,3,6,13.16,2.1933333333333334
94,1,4,2,3.98,1.99
94,3,0,20,113.23,5.6615
94,3,1,20,112.29,5.6145000000000005
94,3,2,20,105.55,5.2775
94,3,3,3,7.11,2.37
94,3,4,4,5.41,1.3525
94,5,0,1,3.38,3.38
94,5,1,1,3.15,3.15
94,5,2,8,22.05,2.75625
94,5,3,3,7.55,2.5166666666666666
94,5,4,12,9.96,0.8300000000000001
94,8,0,2,9.96,4.98
94,8,1,11,42.67,3.8790909090909094
94,8,2,14,48.67,3.4764285714285714
94,8,3,16,44.67,2.791875
94,8,4,14,4.77,0.3407142857142857
94,16,0,7,31.98,4.5685714285714285
94,16,1,13,58.68,4.513846153846154
94,16,2,19,77.81,4.095263157894737
94,16,3,5,1.92,0.384
94,16,4,10,2.12,0.21200000000000002
94,19,0,18,39.39,2.1883333333333335
94,19,1,19,33.91,1.784736842105263
94,19,2,8,12.8,1.6
94,19,3,9,14.28,1.5866666666666667
94,19,4,10,14.89,1.489
94,20,0,19,39.88,2.0989473684210527
94,20,1,5,8.06,1.612
94,20,2,5,7.37,1.474
94,20,3,2,2.9,1.45
94,20,4,10,5.93,0.593
94,23,0,11,27.53,2.502727272727273
94,23,1,6,14.59,2.4316666666666666
94,23,2,4,8.35,2.0875
94,23,3,10,17.9,1.7899999999999998
94,23,4,16,10.6,0.6625
94,24,0,7,14.22,2.0314285714285716
94,24,1,18,33.51,1.8616666666666666
94,24,2,7,11.99,1.7128571428571429
94,24,3,15,19.99,1.3326666666666667
94,24,4,4,2.83,0.7075
94,25,0,4,14.69,3.6725
94,25,1,3,10.47,3.49
94,25,2,8,25.36,3.17
94,25,3,12,32.12,2.6766666666666663
94,25,4,4,2.07,0.5175
94,28,0,8,25.03,3.12875
94,28,1,12,32.48,2.7066666666666666
94,28,2,10,18.85,1.8850000000000002
94,28,3,5,7.41,1.482
94,28,4,4,3.29,0.8225
94,29,0,5,11.9,2.38
94,29,1,7,16.02,2.2885714285714287
94,29,2,11,19.72,1.7927272727272727
94,29,3,6,9.39,1.5650000000000002
94,29,4,15,2.29,0.15266666666666667
94,30,0,7,9.65,1.3785714285714286
94,30,1,7,6.89,0.9842857142857142
94,30,2,8,4.73,0.59125
94,30,3,17,4.19,0.24647058823529414
94,30,4,6,0.79,0.13166666666666668
94,33,0,3,8.6,2.8666666666666667
94,33,1,20,35.29,1.7645
94,33,2,14,17.15,1.2249999999999999
94,33,3,10,5.4,0.54
94,33,4,1,0.24,0.24
94,34,0,11,36.26,3.2963636363636364
94,34,1,12,37.81,3.1508333333333334
94,34,2,19,39.68,2.088421052631579
94,34,3,14,15.54,1.1099999999999999
94,34,4,12,7.6,0.6333333333333333
94,36,0,3,11.92,3.973333333333333
94,36,1,3,11.81,3.936666666666667
94,36,2,18,45.85,2.5472222222222225
94,36,3,4,5.64,1.41
94,36,4,9,1.83,0.20333333333333334
94,38,0,7,33.45,4.778571428571429
94,38,1,17,78.81,4.635882352941176
94,38,2,3,11.93,3.9766666666666666
94,38,3,11,25.34,2.3036363636363637
94,38,4,9,4.93,0.5477777777777777
94,46,0,10,17.84,1.784
94,46,1,13,22.84,1.7569230769230768
94,46,2,6,10.12,1.6866666666666665
94,46,3,7,10.73,1.532857142857143
94,46,4,6,0.62,0.10333333333333333
94,47,0,9,38.79,4.31
94,47,1,19,18.73,0.9857894736842105
94,47,2,4,3.17,0.7925
94,47,3,1,0.34,0.34
94,47,4,18,5.08,0.2822222222222222
94,49,0,6,16.95,2.8249999999999997
94,49,1,1,2.28,2.28
94,49,2,18,40.05,2.2249999999999996
94,49,3,10,6.94,0.6940000000000001
94,49,4,16,5.7,0.35625
94,50,0,10,39.97,3.997
94,50,1,10,38.21,3.821
94,50,2,2,5.06,2.53
94,50,3,11,14.67,1.3336363636363637
94,50,4,11,8.3,0.7545454545454546
94,51,0,8,22.66,2.8325
94,51,1,4,10.62,2.655
94,51,2,6,14.68,2.4466666666666668
94,51,3,16,36.43,2.276875
94,51,4,12,5.31,0.44249999999999995
94,54,0,20,50.32,2.516
94,54,1,8,17.48,2.185
94,54,2,19,26.27,1.3826315789473684
94,54,3,10,12.24,1.224
94,54,4,14,8.48,0.6057142857142858
94,56,0,6,9.37,1.5616666666666665
94,56,1,20,26.61,1.3305
94,56,2,3,3.68,1.2266666666666668
94,56,3,2,1.5,0.75
94,56,4,13,1.58,0.12153846153846154
94,60,0,1,2.86,2.86
94,60,1,20,54.07,2.7035
94,60,2,2,5.0,2.5
94,60,3,9,20.28,2.2533333333333334
94,60,4,16,14.91,0.931875
94,66,0,1,0.47,0.47
94,66,1,5,1.46,0.292
94,66,2,13,3.11,0.23923076923076922
94,66,3,7,1.6,0.2285714285714286
94,66,4,9,1.52,0.1688888888888889
94,69,0,16,46.48,2.905
94,69,1,8,17.37,2.17125
94,69,2,20,37.58,1.879
94,69,3,17,24.48,1.44
94,69,4,1,0.7,0.7
94,70,0,7,36.07,5.152857142857143
94,70,1,16,79.28,4.955
94,70,2,4,8.11,2.0275
94,70,3,4,4.15,1.0375
94,70,4,9,4.73,0.5255555555555556
94,71,0,2,8.6,4.3
94,71,1,14,43.13,3.080714285714286
94,71,2,12,28.99,2.415833333333333
94,71,3,4,8.52,2.13
94,71,4,10,8.12,0.8119999999999999
94,73,0,4,26.16,6.54
94,73,1,16,76.63,4.789375
94,73,2,12,56.33,4.694166666666667
94,73,3,13,45.41,3.4930769230769227
94,73,4,14,14.05,1.0035714285714286
94,74,0,12,78.36,6.53
94,74,1,4,21.56,5.39
94,74,2,4,11.53,2.8825
94,74,3,1,1.89,1.89
94,74,4,4,1.2,0.3
94,75,0,10,40.25,4.025
94,75,1,4,14.93,3.7325
94,75,2,9,17.88,1.9866666666666666
94,75,3,19,28.13,1.4805263157894737
94,75,4,1,0.62,0.62
94,77,0,15,63.12,4.208
94,77,1,2,7.39,3.695
94,77,2,9,20.48,2.2755555555555556
94,77,3,9,9.33,1.0366666666666666
94,77,4,4,2.92,0.73
94,79,0,16,79.37,4.960625
94,79,1,10,48.08,4.808
94,79,2,1,3.54,3.54
94,79,3,10,22.01,2.201
94,79,4,18,10.08,0.56
94,80,0,15,25.32,1.688
94,80,1,19,24.86,1.308421052631579
94,80,2,4,3.76,0.94
94,80,3,8,5.41,0.67625
94,80,4,4,0.39,0.0975
94,82,0,18,33.71,1.8727777777777779
94,82,1,7,10.67,1.5242857142857142
94,82,2,16,19.14,1.19625
94,82,3,11,10.57,0.9609090909090909
94,82,4,11,7.22,0.6563636363636364
94,84,0,8,39.88,4.985
94,84,1,13,55.77,4.29
94,84,2,5,14.76,2.952
94,84,3,14,40.04,2.86
94,84,4,7,17.59,2.512857142857143
94,85,0,8,48.08,6.01
94,85,1,8,23.57,2.94625
94,85,2,11,16.31,1.4827272727272727
94,85,3,8,10.41,1.30125
94,85,4,6,4.92,0.82
94,87,0,3,4.05,1.3499999999999999
94,87,1,11,9.04,0.8218181818181818
94,87,2,11,7.85,0.7136363636363636
94,87,3,2,0.45,0.225
94,87,4,2,0.14,0.07
94,88,0,14,37.03,2.645
94,88,1,3,5.34,1.78
94,88,2,8,11.46,1.4325
94,88,3,3,2.05,0.6833333333333332
94,88,4,7,2.79,0.3985714285714286
94,89,0,14,86.96,6.211428571428571
94,89,1,14,86.21,6.157857142857142
94,89,2,17,52.03,3.0605882352941176
94,89,3,9,16.17,1.7966666666666669
94,89,4,6,2.8,0.4666666666666666
94,90,0,7,37.09,5.298571428571429
94,90,1,11,56.13,5.102727272727273
94,90,2,17,84.19,4.95235294117647
94,90,3,11,23.22,2.110909090909091
94,90,4,10,16.05,1.605
94,93,0,6,26.27,4.378333333333333
94,93,1,20,61.43,3.0715
94,93,2,14,35.58,2.5414285714285714
94,93,3,3,4.64,1.5466666666666666
94,93,4,13,19.33,1.4869230769230768
94,97,0,5,22.3,4.46
94,97,1,10,43.94,4.394
94,97,2,17,67.51,3.9711764705882358
94,97,3,17,50.76,2.9858823529411764
94,97,4,19,32.13,1.6910526315789476
97,1,0,11,50.58,4.598181818181818
97,1,1,14,61.63,4.402142857142858
97,1,2,19,57.05,3.0026315789473683
97,1,3,1,1.66,1.66
97,1,4,9,2.87,0.3188888888888889
97,3,0,5,18.1,3.62
97,3,1,12,31.26,2.605
97,3,2,8,15.41,1.92625
97,3,3,10,9.2,0.9199999999999999
97,3,4,15,11.64,0.776
97,5,0,6,10.22,1.7033333333333334
97,5,1,13,21.23,1.633076923076923
97,5,2,16,25.47,1.591875
97,5,3,5,5.75,1.15
97,5,4,11,5.78,0.5254545454545455
97,8,0,1,3.83,3.83
97,8,1,8,29.41,3.67625
97,8,2,6,13.72,2.2866666666666666
97,8,3,17,13.66,0.8035294117647059
97,8,4,19,8.76,0.4610526315789474
97,16,0,16,28.31,1.769375
97,16,1,1,1.56,1.56
97,16,2,15,20.31,1.3539999999999999
97,16,3,19,20.81,1.0952631578947367
97,16,4,4,1.1,0.275
97,19,0,19,52.14,2.7442105263157894
97,19,1,4,9.4,2.35
97,19,2,1,1.66,1.66
97,19,3,5,5.59,1.1179999999999999
97,19,4,14,6.68,0.47714285714285715
97,20,0,12,63.05,5.254166666666666
97,20,1,1,1.97,1.97
97,20,2,18,32.86,1.8255555555555556
97,20,3,7,10.05,1.4357142857142857
97,20,4,13,6.57,0.5053846153846154
97,23,0,4,31.07,7.7675
97,23,1,1,7.36,7.36
97,23,2,18,113.35,6.297222222222222
97,23,3,8,32.06,4.0075
97,23,4,10,12.0,1.2
97,24,0,2,4.95,2.475
97,24,1,7,11.47,1.6385714285714286
97,24,2,12,19.51,1.6258333333333335
97,24,3,6,5.39,0.8983333333333333
97,24,4,7,4.08,0.5828571428571429
97,25,0,1,4.53,4.53
97,25,1,6,24.58,4.096666666666667
97,25,2,8,17.05,2.13125
97,25,3,11,8.88,0.8072727272727274
97,25,4,1,0.39,0.39
97,28,0,12,47.97,3.9975
97,28,1,19,72.52,3.8168421052631576
97,28,2,14,52.06,3.718571428571429
97,28,3,5,15.45,3.09
97,28,4,20,27.99,1.3995
97,29,0,12,90.61,7.550833333333333
97,29,1,7,28.25,4.035714285714286
97,29,2,6,10.35,1.7249999999999999
97,29,3,15,22.35,1.49
97,29,4,8,4.0,0.5
97,30,0,14,70.24,5.017142857142857
97,30,1,7,34.06,4.865714285714286
97,30,2,10,34.55,3.4549999999999996
97,30,3,20,18.98,0.9490000000000001
97,30,4,8,5.34,0.6675
97,33,0,18,141.4,7.855555555555556
97,33,1,15,116.89,7.792666666666666
97,33,2,11,64.0,5.818181818181818
97,33,3,17,85.01,5.000588235294118
97,33,4,10,45.91,4.590999999999999
97,34,0,20,87.54,4.377000000000001
97,34,1,18,72.93,4.051666666666667
97,34,2,8,23.97,2.99625
97,34,3,6,11.37,1.8949999999999998
97,34,4,9,11.14,1.2377777777777779
97,36,0,6,32.52,5.420000000000001
97,36,1,7,32.56,4.651428571428572
97,36,2,9,27.36,3.04
97,36,3,18,53.49,2.9716666666666667
97,36,4,11,18.48,1.68
97,38,0,15,120.6,8.04
97,38,1,6,35.74,5.956666666666667
97,38,2,6,30.72,5.12
97,38,3,16,80.27,5.016875
97,38,4,19,29.18,1.5357894736842106
97,46,0,9,27.99,3.11
97,46,1,4,6.86,1.715
97,46,2,6,7.42,1.2366666666666666
97,46,3,5,5.16,1.032
97,46,4,6,3.89,0.6483333333333333
97,47,0,13,12.65,0.9730769230769231
97,47,1,6,5.02,0.8366666666666666
97,47,2,12,9.56,0.7966666666666667
97,47,3,1,0.49,0.49
97,47,4,16,7.76,0.485
97,49,0,18,46.07,2.5594444444444444
97,49,1,9,20.85,2.316666666666667
97,49,2,15,28.57,1.9046666666666667
97,49,3,11,14.59,1.3263636363636364
97,49,4,7,7.89,1.127142857142857
97,50,0,6,53.53,8.921666666666667
97,50,1,4,34.16,8.54
97,50,2,2,13.16,6.58
97,50,3,18,68.77,3.8205555555555555
97,50,4,18,42.05,2.336111111111111
97,51,0,7,27.49,3.927142857142857
97,51,1,11,38.63,3.511818181818182
97,51,2,17,58.04,3.4141176470588235
97,51,3,14,40.3,2.8785714285714286
97,51,4,14,39.7,2.835714285714286
97,54,0,17,69.69,4.0994117647058825
97,54,1,19,62.69,3.2994736842105263
97,54,2,9,23.16,2.5733333333333333
97,54,3,13,26.26,2.02
97,54,4,19,4.5,0.23684210526315788
97,56,0,13,44.16,3.3969230769230765
97,56,1,14,37.43,2.6735714285714285
97,56,2,15,34.37,2.291333333333333
97,56,3,7,13.6,1.9428571428571428
97,56,4,9,8.96,0.9955555555555556
97,60,0,1,1.38,1.38
97,60,1,2,2.26,1.13
97,60,2,11,8.06,0.7327272727272728
97,60,3,2,1.13,0.565
97,60,4,4,0.55,0.1375
97,66,0,19,102.69,5.404736842105263
97,66,1,15,52.3,3.4866666666666664
97,66,2,18,42.38,2.354444444444445
97,66,3,20,38.26,1.9129999999999998
97,66,4,10,3.47,0.34700000000000003
97,69,0,14,27.38,1.9557142857142857
97,69,1,12,23.4,1.95
97,69,2,2,1.72,0.86
97,69,3,4,1.23,0.3075
97,69,4,10,1.72,0.172
97,70,0,2,7.4,3.7
97,70,1,2,7.31,3.655
97,70,2,16,46.19,2.886875
97,70,3,5,12.87,2.574
97,70,4,17,22.23,1.3076470588235294
97,71,0,20,192.88,9.644
97,71,1,7,63.07,9.01
97,71,2,13,80.24,6.172307692307692
97,71,3,7,36.89,5.2700000000000005
97,71,4,18,85.68,4.760000000000001
97,73,0,11,131.76,11.978181818181817
97,73,1,16,159.75,9.984375
97,73,2,9,75.06,8.34
97,73,3,18,143.73,7.984999999999999
97,73,4,6,9.39,1.5650000000000002
97,74,0,16,81.57,5.098125
97,74,1,5,23.65,4.7299999999999995
97,74,2,12,38.17,3.1808333333333336
97,74,3,11,30.87,2.8063636363636366
97,74,4,16,41.63,2.601875
97,75,0,17,44.95,2.644117647058824
97,75,1,7,18.02,2.5742857142857143
97,75,2,11,28.26,2.5690909090909093
97,75,3,18,24.21,1.345
97,75,4,7,8.4,1.2
97,77,0,8,44.22,5.5275
97,77,1,17,72.13,4.2429411764705875
97,77,2,6,22.32,3.72
97,77,3,5,18.49,3.6979999999999995
97,77,4,6,3.76,0.6266666666666666
97,79,0,14,174.72,12.48
97,79,1,7,72.69,10.384285714285713
97,79,2,5,47.41,9.482
97,79,3,5,44.69,8.937999999999999
97,79,4,18,14.51,0.8061111111111111
97,80,0,19,80.92,4.258947368421053
97,80,1,8,32.88,4.11
97,80,2,5,10.27,2.054
97,80,3,4,7.83,1.9575
97,80,4,7,12.07,1.7242857142857144
97,82,0,14,100.07,7.147857142857142
97,82,1,16,85.73,5.358125
97,82,2,14,62.47,4.462142857142857
97,82,3,16,33.13,2.070625
97,82,4,8,13.12,1.64
97,84,0,20,202.68,10.134
97,84,1,11,88.73,8.066363636363636
97,84,2,4,31.3,7.825
97,84,3,7,16.87,2.41
97,84,4,7,5.0,0.7142857142857143
97,85,0,9,93.5,10.38888888888889
97,85,1,17,107.68,6.334117647058824
97,85,2,4,13.63,3.4075
97,85,3,8,20.92,2.615
97,85,4,9,14.98,1.6644444444444444
97,87,0,3,9.1,3.033333333333333
97,87,1,9,25.0,2.7777777777777777
97,87,2,20,22.73,1.1365
97,87,3,19,17.35,0.9131578947368422
97,87,4,14,10.15,0.725
97,88,0,9,23.29,2.5877777777777777
97,88,1,13,16.91,1.3007692307692307
97,88,2,7,5.77,0.8242857142857142
97,88,3,1,0.51,0.51
97,88,4,12,6.03,0.5025000000000001
97,89,0,13,146.61,11.277692307692309
97,89,1,14,133.94,9.567142857142857
97,89,2,6,23.21,3.8683333333333336
97,89,3,8,30.92,3.865
97,89,4,4,3.77,0.9425
97,90,0,7,38.14,5.448571428571428
97,90,1,11,46.74,4.249090909090909
97,90,2,11,39.93,3.63
97,90,3,12,42.84,3.5700000000000003
97,90,4,20,19.56,0.978
97,93,0,20,184.42,9.221
97,93,1,1,5.97,5.97
97,93,2,15,75.48,5.032
97,93,3,6,11.09,1.8483333333333334
97,93,4,6,10.16,1.6933333333333334
97,94,0,3,11.93,3.9766666666666666
97,94,1,18,70.28,3.9044444444444446
97,94,2,14,44.29,3.1635714285714287
97,94,3,2,5.96,2.98
97,94,4,15,21.36,1.424
