fromnode,tonode,clientID,a,budget,clientRatio
0,1,0,12,19.96,1.6633333333333333
0,1,1,15,24.37,1.6246666666666667
0,1,2,8,10.98,1.3725
0,1,3,20,11.81,0.5905
0,1,4,17,2.39,0.14058823529411765
0,3,0,16,22.02,1.37625
0,3,1,13,11.51,0.8853846153846153
0,3,2,7,4.76,0.6799999999999999
0,3,3,19,8.36,0.43999999999999995
0,3,4,6,1.41,0.235
0,6,0,6,32.25,5.375
0,6,1,20,54.6,2.73
0,6,2,13,14.68,1.1292307692307693
0,6,3,3,3.04,1.0133333333333334
0,6,4,5,1.22,0.244
0,9,0,7,30.26,4.322857142857143
0,9,1,6,23.67,3.9450000000000003
0,9,2,7,17.55,2.507142857142857
0,9,3,10,15.33,1.533
0,9,4,1,1.08,1.08
0,10,0,7,35.06,5.008571428571429
0,10,1,12,27.22,2.268333333333333
0,10,2,13,21.99,1.6915384615384614
0,10,3,5,7.59,1.518
0,10,4,7,7.77,1.1099999999999999
0,12,0,12,28.98,2.415
0,12,1,20,40.41,2.0204999999999997
0,12,2,20,35.26,1.763
0,12,3,11,10.6,0.9636363636363636
0,12,4,11,3.33,0.30272727272727273
0,13,0,1,2.61,2.61
0,13,1,12,28.03,2.3358333333333334
0,13,2,16,31.12,1.945
0,13,3,6,8.27,1.3783333333333332
0,13,4,6,1.56,0.26
0,14,0,19,35.03,1.8436842105263158
0,14,1,6,8.34,1.39
0,14,2,1,1.23,1.23
0,14,3,14,11.92,0.8514285714285714
0,14,4,15,2.77,0.18466666666666667
0,16,0,8,20.81,2.60125
0,16,1,12,30.03,2.5025
0,16,2,9,19.7,2.1888888888888887
0,16,3,15,15.51,1.034
0,16,4,7,3.01,0.43
0,17,0,12,9.14,0.7616666666666667
0,17,1,17,9.37,0.5511764705882353
0,17,2,4,2.13,0.5325
0,17,3,2,0.8,0.4
0,17,4,3,0.63,0.21
0,18,0,10,19.64,1.964
0,18,1,3,3.79,1.2633333333333334
0,18,2,5,3.61,0.722
0,18,3,11,7.24,0.6581818181818182
0,18,4,18,4.55,0.25277777777777777
0,20,0,3,4.96,1.6533333333333333
0,20,1,18,27.94,1.5522222222222224
0,20,2,6,7.35,1.2249999999999999
0,20,3,20,12.4,0.62
0,20,4,2,0.9,0.45
0,23,0,5,30.49,6.098
0,23,1,11,57.71,5.246363636363636
0,23,2,2,10.06,5.03
0,23,3,9,26.68,2.964444444444444
0,23,4,14,15.63,1.1164285714285715
0,27,0,19,90.96,4.787368421052631
0,27,1,2,8.56,4.28
0,27,2,14,28.03,2.0021428571428572
0,27,3,10,8.83,0.883
0,27,4,14,10.03,0.7164285714285714
0,31,0,20,11.33,0.5665
0,31,1,16,7.41,0.463125
0,31,2,11,3.63,0.33
0,31,3,10,3.24,0.324
0,31,4,17,5.33,0.3135294117647059
0,32,0,18,58.32,3.24
0,32,1,16,47.08,2.9425
0,32,2,9,16.21,1.801111111111111
0,32,3,5,2.49,0.49800000000000005
0,32,4,6,2.54,0.42333333333333334
0,34,0,18,8.17,0.4538888888888889
0,34,1,2,0.8,0.4
0,34,2,12,4.41,0.3675
0,34,3,12,3.6,0.3
0,34,4,12,0.63,0.0525
0,35,0,10,18.26,1.826
0,35,1,19,31.05,1.6342105263157896
0,35,2,9,14.43,1.6033333333333333
0,35,3,9,13.36,1.4844444444444445
0,35,4,11,13.91,1.2645454545454546
0,40,0,17,19.29,1.1347058823529412
0,40,1,16,15.51,0.969375
0,40,2,9,7.48,0.8311111111111111
0,40,3,12,7.7,0.6416666666666667
0,40,4,9,5.45,0.6055555555555556
0,43,0,15,33.71,2.247333333333333
0,43,1,6,12.08,2.013333333333333
0,43,2,12,20.65,1.7208333333333332
0,43,3,11,13.6,1.2363636363636363
0,43,4,14,12.11,0.865
0,45,0,17,22.35,1.3147058823529412
0,45,1,7,7.91,1.1300000000000001
0,45,2,3,2.94,0.98
0,45,3,16,6.68,0.4175
0,45,4,14,3.84,0.2742857142857143
0,47,0,18,51.07,2.837222222222222
0,47,1,9,23.84,2.648888888888889
0,47,2,19,36.85,1.9394736842105265
0,47,3,14,16.75,1.1964285714285714
0,47,4,1,0.82,0.82
0,48,0,2,6.99,3.495
0,48,1,6,13.71,2.285
0,48,2,19,31.17,1.6405263157894738
0,48,3,6,5.32,0.8866666666666667
0,48,4,8,5.64,0.705
0,49,0,6,5.71,0.9516666666666667
0,49,1,15,10.69,0.7126666666666667
0,49,2,5,1.38,0.27599999999999997
0,49,3,20,4.12,0.20600000000000002
0,49,4,18,2.53,0.14055555555555554
0,52,0,13,45.14,3.4723076923076923
0,52,1,14,44.42,3.172857142857143
0,52,2,18,26.14,1.4522222222222223
0,52,3,7,6.84,0.9771428571428571
0,52,4,12,1.77,0.1475
0,55,0,12,21.5,1.7916666666666667
0,55,1,2,2.46,1.23
0,55,2,18,20.79,1.155
0,55,3,19,13.25,0.6973684210526315
0,55,4,10,2.84,0.284
0,56,0,19,38.42,2.022105263157895
0,56,1,6,11.31,1.885
0,56,2,19,29.14,1.5336842105263158
0,56,3,12,18.07,1.5058333333333334
0,56,4,14,18.67,1.3335714285714286
0,59,0,7,22.29,3.184285714285714
0,59,1,11,21.07,1.9154545454545455
0,59,2,20,36.65,1.8325
0,59,3,1,1.34,1.34
0,59,4,20,8.36,0.418
0,60,0,14,54.81,3.915
0,60,1,11,28.38,2.58
0,60,2,13,21.27,1.636153846153846
0,60,3,19,30.5,1.605263157894737
0,60,4,16,20.5,1.28125
0,62,0,9,14.71,1.6344444444444446
0,62,1,6,7.99,1.3316666666666668
0,62,2,10,11.23,1.123
0,62,3,10,11.14,1.114
0,62,4,14,1.79,0.12785714285714286
0,64,0,20,37.63,1.8815000000000002
0,64,1,5,8.15,1.6300000000000001
0,64,2,8,5.03,0.62875
0,64,3,10,3.47,0.34700000000000003
0,64,4,1,0.31,0.31
0,66,0,16,60.53,3.783125
0,66,1,5,17.53,3.5060000000000002
0,66,2,8,19.54,2.4425
0,66,3,1,2.4,2.4
0,66,4,18,26.08,1.448888888888889
0,67,0,20,74.86,3.743
0,67,1,20,66.76,3.338
0,67,2,17,42.24,2.4847058823529413
0,67,3,10,12.12,1.212
0,67,4,4,0.84,0.21
0,69,0,18,51.11,2.839444444444444
0,69,1,12,18.3,1.5250000000000001
0,69,2,5,6.48,1.296
0,69,3,20,25.64,1.282
0,69,4,17,4.4,0.25882352941176473
0,70,0,4,6.09,1.5225
0,70,1,15,17.86,1.1906666666666665
0,70,2,1,0.48,0.48
0,70,3,18,6.86,0.3811111111111111
0,70,4,19,5.42,0.28526315789473683
0,71,0,7,55.43,7.918571428571428
0,71,1,16,121.28,7.58
0,71,2,14,96.66,6.904285714285714
0,71,3,14,75.03,5.359285714285714
0,71,4,13,56.63,4.3561538461538465
0,73,0,16,151.98,9.49875
0,73,1,15,130.42,8.694666666666667
0,73,2,1,7.34,7.34
0,73,3,14,87.11,6.222142857142857
0,73,4,3,10.33,3.4433333333333334
0,79,0,18,170.73,9.485
0,79,1,14,89.57,6.397857142857142
0,79,2,11,65.0,5.909090909090909
0,79,3,5,10.56,2.112
0,79,4,2,2.24,1.12
0,82,0,14,109.09,7.792142857142857
0,82,1,3,19.09,6.363333333333333
0,82,2,13,73.76,5.673846153846155
0,82,3,1,2.86,2.86
0,82,4,8,18.87,2.35875
0,83,0,5,30.8,6.16
0,83,1,4,17.94,4.485
0,83,2,4,6.21,1.5525
0,83,3,15,17.07,1.1380000000000001
0,83,4,2,1.96,0.98
0,86,0,4,27.69,6.9225
0,86,1,3,9.51,3.17
0,86,2,20,44.77,2.2385
0,86,3,6,6.44,1.0733333333333335
0,86,4,7,5.88,0.84
0,88,0,13,14.87,1.1438461538461537
0,88,1,19,14.57,0.7668421052631579
0,88,2,20,13.21,0.6605000000000001
0,88,3,3,1.33,0.44333333333333336
0,88,4,5,0.32,0.064
0,89,0,12,103.43,8.619166666666667
0,89,1,12,100.93,8.410833333333334
0,89,2,5,32.49,6.498
0,89,3,5,26.83,5.366
0,89,4,17,49.62,2.9188235294117644
0,90,0,5,6.4,1.28
0,90,1,18,16.05,0.8916666666666667
0,90,2,10,8.42,0.842
0,90,3,8,3.68,0.46
0,90,4,18,7.52,0.41777777777777775
0,93,0,1,5.82,5.82
0,93,1,3,15.41,5.136666666666667
0,93,2,12,49.61,4.134166666666666
0,93,3,13,23.99,1.8453846153846152
0,93,4,2,2.22,1.11
0,94,0,4,8.91,2.2275
0,94,1,15,31.84,2.1226666666666665
0,94,2,15,17.09,1.1393333333333333
0,94,3,11,6.67,0.6063636363636363
0,94,4,17,4.92,0.28941176470588237
0,95,0,3,5.08,1.6933333333333334
0,95,1,5,8.24,1.6480000000000001
0,95,2,8,10.57,1.32125
0,95,3,14,16.9,1.207142857142857
0,95,4,13,2.07,0.15923076923076923
0,97,0,16,65.16,4.0725
0,97,1,20,70.56,3.528
0,97,2,5,17.55,3.5100000000000002
0,97,3,13,24.31,1.8699999999999999
0,97,4,8,12.52,1.565
0,99,0,19,4.44,0.2336842105263158
0,99,1,14,3.17,0.22642857142857142
0,99,2,12,1.87,0.15583333333333335
0,99,3,12,1.51,0.12583333333333332
0,99,4,13,1.23,0.09461538461538462
1,0,0,16,29.6,1.85
1,0,1,7,10.88,1.5542857142857145
1,0,2,7,3.3,0.4714285714285714
1,0,3,13,2.71,0.20846153846153845
1,0,4,2,0.3,0.15
1,3,0,20,15.44,0.772
1,3,1,16,9.02,0.56375
1,3,2,11,4.47,0.4063636363636363
1,3,3,16,4.39,0.274375
1,3,4,12,0.41,0.034166666666666665
1,6,0,13,89.44,6.88
1,6,1,4,7.05,1.7625
1,6,2,16,23.42,1.46375
1,6,3,9,10.33,1.1477777777777778
1,6,4,6,5.12,0.8533333333333334
1,9,0,6,29.08,4.846666666666667
1,9,1,2,8.93,4.465
1,9,2,2,4.72,2.36
1,9,3,12,26.27,2.1891666666666665
1,9,4,8,3.66,0.4575
1,10,0,8,42.19,5.27375
1,10,1,15,52.67,3.5113333333333334
1,10,2,11,25.04,2.2763636363636364
1,10,3,5,5.46,1.092
1,10,4,6,3.09,0.515
1,12,0,12,39.35,3.279166666666667
1,12,1,3,8.98,2.9933333333333336
1,12,2,1,2.8,2.8
1,12,3,6,13.89,2.315
1,12,4,10,4.93,0.493
1,13,0,7,4.79,0.6842857142857143
1,13,1,20,6.57,0.3285
1,13,2,8,1.21,0.15125
1,13,3,15,2.14,0.14266666666666666
1,13,4,9,0.3,0.03333333333333333
1,14,0,4,1.67,0.4175
1,14,1,17,5.69,0.3347058823529412
1,14,2,2,0.65,0.325
1,14,3,2,0.55,0.275
1,14,4,14,1.63,0.11642857142857142
1,16,0,8,27.41,3.42625
1,16,1,8,19.99,2.49875
1,16,2,16,25.59,1.599375
1,16,3,16,7.79,0.486875
1,16,4,16,5.56,0.3475
1,17,0,2,4.48,2.24
1,17,1,17,28.34,1.6670588235294117
1,17,2,14,16.68,1.1914285714285715
1,17,3,7,3.78,0.5399999999999999
1,17,4,2,0.44,0.22
1,18,0,3,9.0,3.0
1,18,1,7,14.45,2.064285714285714
1,18,2,6,11.89,1.9816666666666667
1,18,3,7,12.42,1.7742857142857142
1,18,4,4,1.59,0.3975
1,20,0,5,13.2,2.6399999999999997
1,20,1,10,25.13,2.513
1,20,2,15,30.01,2.0006666666666666
1,20,3,13,25.23,1.9407692307692308
1,20,4,16,25.6,1.6
1,23,0,9,60.78,6.753333333333334
1,23,1,3,19.33,6.4433333333333325
1,23,2,8,37.4,4.675
1,23,3,5,13.86,2.772
1,23,4,11,15.04,1.3672727272727272
1,27,0,14,96.05,6.860714285714286
1,27,1,16,80.72,5.045
1,27,2,8,40.17,5.02125
1,27,3,8,17.26,2.1575
1,27,4,18,15.13,0.8405555555555556
1,31,0,10,21.25,2.125
1,31,1,2,3.43,1.715
1,31,2,11,10.66,0.9690909090909091
1,31,3,4,1.04,0.26
1,31,4,18,1.73,0.0961111111111111
1,32,0,1,3.49,3.49
1,32,1,10,31.56,3.1559999999999997
1,32,2,5,13.98,2.7960000000000003
1,32,3,14,19.65,1.4035714285714285
1,32,4,15,12.6,0.84
1,34,0,16,18.13,1.133125
1,34,1,13,12.39,0.9530769230769232
1,34,2,6,1.7,0.2833333333333333
1,34,3,11,1.87,0.17
1,34,4,10,1.2,0.12
1,35,0,14,48.04,3.4314285714285715
1,35,1,5,16.52,3.304
1,35,2,18,55.19,3.066111111111111
1,35,3,4,1.41,0.3525
1,35,4,18,4.77,0.26499999999999996
1,40,0,19,33.99,1.7889473684210528
1,40,1,17,21.66,1.2741176470588236
1,40,2,12,7.89,0.6575
1,40,3,20,3.16,0.158
1,40,4,12,1.76,0.14666666666666667
1,43,0,14,4.5,0.32142857142857145
1,43,1,6,1.77,0.295
1,43,2,5,0.94,0.188
1,43,3,4,0.48,0.12
1,43,4,20,1.63,0.08149999999999999
1,45,0,15,46.98,3.1319999999999997
1,45,1,15,31.32,2.088
1,45,2,6,11.28,1.88
1,45,3,6,9.49,1.5816666666666668
1,45,4,4,4.91,1.2275
1,47,0,7,32.69,4.67
1,47,1,2,8.71,4.355
1,47,2,14,46.62,3.3299999999999996
1,47,3,16,46.72,2.92
1,47,4,4,3.09,0.7725
1,48,0,8,22.78,2.8475
1,48,1,12,28.35,2.3625000000000003
1,48,2,17,36.86,2.168235294117647
1,48,3,7,13.13,1.875714285714286
1,48,4,7,9.25,1.3214285714285714
1,49,0,5,15.2,3.04
1,49,1,8,23.83,2.97875
1,49,2,2,4.59,2.295
1,49,3,8,11.37,1.42125
1,49,4,13,17.68,1.3599999999999999
1,52,0,10,51.31,5.131
1,52,1,7,31.96,4.565714285714286
1,52,2,4,17.33,4.3325
1,52,3,16,36.89,2.305625
1,52,4,4,4.6,1.15
1,55,0,16,54.69,3.418125
1,55,1,11,21.56,1.96
1,55,2,7,11.06,1.58
1,55,3,1,0.55,0.55
1,55,4,20,10.03,0.5015
1,56,0,6,25.07,4.178333333333334
1,56,1,1,3.19,3.19
1,56,2,20,61.41,3.0705
1,56,3,17,35.26,2.0741176470588236
1,56,4,1,1.75,1.75
1,59,0,19,86.21,4.537368421052631
1,59,1,18,60.21,3.345
1,59,2,16,44.16,2.76
1,59,3,13,30.02,2.309230769230769
1,59,4,18,15.93,0.885
1,60,0,3,13.51,4.503333333333333
1,60,1,14,31.28,2.2342857142857144
1,60,2,17,23.34,1.3729411764705883
1,60,3,10,6.6,0.6599999999999999
1,60,4,19,6.49,0.34157894736842104
1,62,0,3,8.45,2.8166666666666664
1,62,1,20,49.27,2.4635000000000002
1,62,2,14,19.32,1.3800000000000001
1,62,3,1,1.25,1.25
1,62,4,8,3.6,0.45
1,64,0,3,1.88,0.6266666666666666
1,64,1,10,6.26,0.626
1,64,2,20,8.71,0.43550000000000005
1,64,3,7,2.45,0.35000000000000003
1,64,4,8,2.05,0.25625
1,66,0,17,105.3,6.194117647058824
1,66,1,1,4.69,4.69
1,66,2,18,55.11,3.0616666666666665
1,66,3,20,47.79,2.3895
1,66,4,13,18.8,1.4461538461538461
1,67,0,10,45.83,4.583
1,67,1,18,71.78,3.9877777777777776
1,67,2,12,19.05,1.5875000000000001
1,67,3,4,5.56,1.39
1,67,4,11,9.05,0.8227272727272728
1,69,0,14,61.04,4.36
1,69,1,8,30.11,3.76375
1,69,2,19,62.28,3.2778947368421054
1,69,3,20,12.91,0.6455
1,69,4,6,3.83,0.6383333333333333
1,70,0,18,13.83,0.7683333333333333
1,70,1,16,9.11,0.569375
1,70,2,8,2.75,0.34375
1,70,3,14,3.81,0.27214285714285713
1,70,4,9,1.13,0.12555555555555553
1,71,0,20,125.4,6.2700000000000005
1,71,1,10,62.62,6.262
1,71,2,14,33.65,2.4035714285714285
1,71,3,11,26.09,2.3718181818181816
1,71,4,1,1.98,1.98
1,73,0,2,22.85,11.425
1,73,1,5,50.37,10.074
1,73,2,11,97.45,8.85909090909091
1,73,3,3,12.42,4.14
1,73,4,20,33.1,1.655
1,79,0,8,89.45,11.18125
1,79,1,20,211.01,10.5505
1,79,2,16,168.65,10.540625
1,79,3,15,123.19,8.212666666666667
1,79,4,1,2.81,2.81
1,82,0,11,88.8,8.072727272727272
1,82,1,20,150.92,7.545999999999999
1,82,2,19,142.95,7.523684210526315
1,82,3,11,20.04,1.8218181818181818
1,82,4,6,8.65,1.4416666666666667
1,83,0,18,141.75,7.875
1,83,1,6,35.71,5.951666666666667
1,83,2,11,36.1,3.2818181818181817
1,83,3,4,12.84,3.21
1,83,4,3,5.61,1.87
1,86,0,20,226.93,11.3465
1,86,1,15,158.13,10.542
1,86,2,18,103.3,5.738888888888889
1,86,3,3,9.75,3.25
1,86,4,1,1.8,1.8
1,88,0,11,33.6,3.0545454545454547
1,88,1,5,11.23,2.246
1,88,2,3,4.94,1.6466666666666667
1,88,3,16,20.94,1.30875
1,88,4,10,1.78,0.178
1,89,0,16,170.49,10.655625
1,89,1,7,68.81,9.83
1,89,2,16,112.07,7.004375
1,89,3,3,18.96,6.32
1,89,4,13,24.4,1.876923076923077
1,90,0,3,0.96,0.32
1,90,1,10,2.57,0.257
1,90,2,8,1.43,0.17875
1,90,3,2,0.3,0.15
1,90,4,3,0.32,0.10666666666666667
1,93,0,14,148.28,10.59142857142857
1,93,1,18,164.49,9.138333333333334
1,93,2,4,24.56,6.14
1,93,3,12,21.14,1.7616666666666667
1,93,4,8,11.02,1.3775
1,94,0,13,71.53,5.502307692307692
1,94,1,18,54.42,3.0233333333333334
1,94,2,5,12.18,2.436
1,94,3,1,0.38,0.38
1,94,4,3,0.85,0.2833333333333333
1,95,0,9,2.32,0.2577777777777778
1,95,1,7,0.66,0.09428571428571429
1,95,2,17,0.87,0.051176470588235295
1,95,3,3,0.11,0.03666666666666667
1,95,4,15,0.33,0.022000000000000002
1,97,0,19,104.1,5.478947368421053
1,97,1,20,75.64,3.782
1,97,2,16,49.08,3.0675
1,97,3,17,45.21,2.6594117647058826
1,97,4,2,2.25,1.125
1,99,0,14,23.67,1.6907142857142858
1,99,1,14,21.12,1.5085714285714287
1,99,2,14,20.06,1.4328571428571428
1,99,3,2,0.91,0.455
1,99,4,13,1.3,0.1
3,0,0,3,4.7,1.5666666666666667
3,0,1,6,8.47,1.4116666666666668
3,0,2,7,4.91,0.7014285714285714
3,0,3,7,4.61,0.6585714285714286
3,0,4,5,2.61,0.522
3,1,0,4,2.6,0.65
3,1,1,1,0.57,0.57
3,1,2,16,5.2,0.325
3,1,3,7,1.75,0.25
3,1,4,15,1.43,0.09533333333333333
3,6,0,16,110.71,6.919375
3,6,1,14,89.58,6.398571428571429
3,6,2,7,33.33,4.761428571428572
3,6,3,20,68.99,3.4494999999999996
3,6,4,13,6.96,0.5353846153846153
3,9,0,12,63.4,5.283333333333333
3,9,1,5,21.46,4.292
3,9,2,15,22.52,1.5013333333333334
3,9,3,14,9.61,0.6864285714285714
3,9,4,1,0.3,0.3
3,10,0,17,97.89,5.758235294117647
3,10,1,12,27.69,2.3075
3,10,2,7,8.32,1.1885714285714286
3,10,3,4,3.62,0.905
3,10,4,18,14.56,0.8088888888888889
3,12,0,8,30.62,3.8275
3,12,1,12,43.25,3.6041666666666665
3,12,2,18,42.66,2.3699999999999997
3,12,3,13,20.59,1.583846153846154
3,12,4,5,5.79,1.158
3,13,0,16,14.0,0.875
3,13,1,7,3.99,0.5700000000000001
3,13,2,13,2.82,0.2169230769230769
3,13,3,18,1.21,0.06722222222222222
3,13,4,2,0.12,0.06
3,14,0,13,10.4,0.8
3,14,1,2,1.46,0.73
3,14,2,8,5.77,0.72125
3,14,3,17,11.13,0.6547058823529412
3,14,4,8,0.55,0.06875
3,16,0,4,10.99,2.7475
3,16,1,9,19.3,2.1444444444444444
3,16,2,12,20.81,1.7341666666666666
3,16,3,1,1.7,1.7
3,16,4,15,20.96,1.3973333333333333
3,17,0,20,34.64,1.732
3,17,1,2,2.72,1.36
3,17,2,3,3.6,1.2
3,17,3,6,6.63,1.105
3,17,4,13,7.8,0.6
3,18,0,4,8.9,2.225
3,18,1,12,24.09,2.0075
3,18,2,10,19.79,1.9789999999999999
3,18,3,17,25.89,1.5229411764705882
3,18,4,5,5.74,1.1480000000000001
3,20,0,2,4.87,2.435
3,20,1,19,35.78,1.8831578947368421
3,20,2,3,4.99,1.6633333333333333
3,20,3,19,29.24,1.5389473684210526
3,20,4,4,4.77,1.1925
3,23,0,5,29.25,5.85
3,23,1,9,35.35,3.927777777777778
3,23,2,5,15.54,3.1079999999999997
3,23,3,11,25.07,2.2790909090909093
3,23,4,9,19.71,2.19
3,27,0,15,88.73,5.915333333333334
3,27,1,19,107.86,5.676842105263158
3,27,2,8,36.78,4.5975
3,27,3,1,4.13,4.13
3,27,4,13,16.71,1.2853846153846153
3,31,0,6,7.63,1.2716666666666667
3,31,1,12,14.48,1.2066666666666668
3,31,2,20,21.46,1.073
3,31,3,1,1.0,1.0
3,31,4,19,3.56,0.18736842105263157
3,32,0,18,80.29,4.460555555555556
3,32,1,17,49.98,2.94
3,32,2,20,55.71,2.7855
3,32,3,14,10.03,0.7164285714285714
3,32,4,2,0.61,0.305
3,34,0,18,17.46,0.9700000000000001
3,34,1,3,2.89,0.9633333333333334
3,34,2,4,3.8,0.95
3,34,3,10,8.78,0.8779999999999999
3,34,4,19,3.25,0.17105263157894737
3,35,0,3,9.66,3.22
3,35,1,11,19.78,1.7981818181818183
3,35,2,10,10.99,1.099
3,35,3,10,9.69,0.969
3,35,4,9,4.71,0.5233333333333333
3,40,0,5,6.66,1.332
3,40,1,16,15.5,0.96875
3,40,2,9,6.13,0.6811111111111111
3,40,3,20,9.43,0.4715
3,40,4,3,1.1,0.3666666666666667
3,43,0,5,3.88,0.776
3,43,1,6,3.55,0.5916666666666667
3,43,2,3,1.66,0.5533333333333333
3,43,3,15,8.07,0.538
3,43,4,13,2.28,0.17538461538461536
3,45,0,18,49.48,2.7488888888888887
3,45,1,15,40.59,2.7060000000000004
3,45,2,12,31.7,2.6416666666666666
3,45,3,19,28.18,1.483157894736842
3,45,4,5,6.59,1.318
3,47,0,9,29.84,3.3155555555555556
3,47,1,10,24.88,2.488
3,47,2,7,15.79,2.255714285714286
3,47,3,6,10.46,1.7433333333333334
3,47,4,7,7.96,1.1371428571428572
3,48,0,3,14.67,4.89
3,48,1,12,52.2,4.3500000000000005
3,48,2,4,14.34,3.585
3,48,3,4,7.41,1.8525
3,48,4,17,25.52,1.5011764705882353
3,49,0,4,10.02,2.505
3,49,1,10,24.33,2.433
3,49,2,11,23.12,2.101818181818182
3,49,3,18,21.04,1.1688888888888889
3,49,4,19,11.5,0.6052631578947368
3,52,0,11,49.04,4.458181818181818
3,52,1,11,24.0,2.1818181818181817
3,52,2,9,6.14,0.6822222222222222
3,52,3,10,5.12,0.512
3,52,4,14,7.05,0.5035714285714286
3,55,0,2,6.96,3.48
3,55,1,8,13.1,1.6375
3,55,2,15,24.26,1.6173333333333335
3,55,3,17,26.92,1.583529411764706
3,55,4,10,3.91,0.391
3,56,0,11,45.4,4.127272727272727
3,56,1,4,12.25,3.0625
3,56,2,19,46.88,2.467368421052632
3,56,3,3,6.45,2.15
3,56,4,4,3.59,0.8975
3,59,0,18,40.59,2.2550000000000003
3,59,1,18,34.58,1.921111111111111
3,59,2,4,5.71,1.4275
3,59,3,8,5.7,0.7125
3,59,4,18,11.2,0.6222222222222222
3,60,0,17,82.9,4.876470588235295
3,60,1,6,27.47,4.578333333333333
3,60,2,11,48.4,4.3999999999999995
3,60,3,5,10.09,2.018
3,60,4,14,5.39,0.38499999999999995
3,62,0,18,56.77,3.153888888888889
3,62,1,19,42.31,2.226842105263158
3,62,2,15,17.17,1.1446666666666667
3,62,3,17,6.31,0.3711764705882353
3,62,4,10,3.13,0.313
3,64,0,13,3.84,0.29538461538461536
3,64,1,9,1.66,0.18444444444444444
3,64,2,9,1.08,0.12000000000000001
3,64,3,20,1.81,0.0905
3,64,4,20,1.03,0.051500000000000004
3,66,0,15,81.49,5.432666666666666
3,66,1,6,24.81,4.135
3,66,2,4,11.77,2.9425
3,66,3,15,27.08,1.8053333333333332
3,66,4,8,8.46,1.0575
3,67,0,19,90.26,4.750526315789474
3,67,1,6,25.95,4.325
3,67,2,18,70.34,3.907777777777778
3,67,3,12,45.49,3.7908333333333335
3,67,4,16,12.05,0.753125
3,69,0,17,75.53,4.442941176470589
3,69,1,16,67.79,4.236875
3,69,2,19,45.93,2.4173684210526316
3,69,3,1,1.75,1.75
3,69,4,4,4.59,1.1475
3,70,0,2,0.49,0.245
3,70,1,10,1.71,0.17099999999999999
3,70,2,5,0.75,0.15
3,70,3,10,1.2,0.12
3,70,4,5,0.44,0.088
3,71,0,14,119.87,8.562142857142858
3,71,1,7,55.44,7.92
3,71,2,14,97.6,6.971428571428571
3,71,3,6,21.07,3.5116666666666667
3,71,4,2,0.85,0.425
3,73,0,11,119.86,10.896363636363636
3,73,1,20,189.33,9.4665
3,73,2,19,155.33,8.175263157894738
3,73,3,17,105.93,6.2311764705882355
3,73,4,1,2.29,2.29
3,79,0,15,154.13,10.275333333333332
3,79,1,18,175.21,9.73388888888889
3,79,2,16,129.77,8.110625
3,79,3,1,6.08,6.08
3,79,4,2,6.29,3.145
3,82,0,6,55.71,9.285
3,82,1,4,28.46,7.115
3,82,2,13,82.29,6.33
3,82,3,13,54.57,4.197692307692308
3,82,4,17,43.48,2.5576470588235294
3,83,0,8,39.77,4.97125
3,83,1,8,36.06,4.5075
3,83,2,17,51.01,3.0005882352941176
3,83,3,19,47.84,2.5178947368421056
3,83,4,1,1.78,1.78
3,86,0,2,21.0,10.5
3,86,1,17,168.69,9.922941176470587
3,86,2,15,139.39,9.292666666666666
3,86,3,20,133.31,6.6655
3,86,4,4,18.64,4.66
3,88,0,15,38.27,2.5513333333333335
3,88,1,16,22.73,1.420625
3,88,2,5,6.41,1.282
3,88,3,7,2.84,0.4057142857142857
3,88,4,15,2.31,0.154
3,89,0,15,157.4,10.493333333333334
3,89,1,20,135.38,6.769
3,89,2,20,133.46,6.673
3,89,3,20,50.07,2.5035
3,89,4,17,20.11,1.1829411764705882
3,90,0,7,5.87,0.8385714285714286
3,90,1,18,6.14,0.3411111111111111
3,90,2,11,2.22,0.20181818181818184
3,90,3,3,0.53,0.17666666666666667
3,90,4,13,0.49,0.03769230769230769
3,93,0,4,36.85,9.2125
3,93,1,7,53.07,7.581428571428572
3,93,2,13,55.4,4.2615384615384615
3,93,3,7,17.82,2.545714285714286
3,93,4,14,13.73,0.9807142857142858
3,94,0,13,67.52,5.193846153846153
3,94,1,17,75.88,4.463529411764705
3,94,2,9,39.93,4.4366666666666665
3,94,3,5,12.42,2.484
3,94,4,1,1.74,1.74
3,95,0,8,6.33,0.79125
3,95,1,18,13.74,0.7633333333333333
3,95,2,14,10.01,0.715
3,95,3,15,9.59,0.6393333333333333
3,95,4,7,2.13,0.30428571428571427
3,97,0,18,87.31,4.850555555555555
3,97,1,9,32.7,3.6333333333333337
3,97,2,4,14.39,3.5975
3,97,3,6,11.72,1.9533333333333334
3,97,4,2,2.24,1.12
3,99,0,4,4.17,1.0425
3,99,1,5,4.97,0.994
3,99,2,5,4.45,0.89
3,99,3,14,7.52,0.5371428571428571
3,99,4,6,0.39,0.065
6,0,0,11,47.41,4.31
6,0,1,2,8.58,4.29
6,0,2,3,8.91,2.97
6,0,3,18,51.34,2.852222222222222
6,0,4,12,3.26,0.27166666666666667
6,1,0,12,72.41,6.034166666666667
6,1,1,11,53.99,4.908181818181818
6,1,2,19,70.76,3.72421052631579
6,1,3,18,61.75,3.4305555555555554
6,1,4,16,37.04,2.315
6,3,0,15,105.58,7.038666666666667
6,3,1,13,42.01,3.2315384615384612
6,3,2,1,1.87,1.87
6,3,3,10,10.41,1.041
6,3,4,17,13.21,0.7770588235294118
6,9,0,3,4.35,1.45
6,9,1,3,3.98,1.3266666666666667
6,9,2,18,17.76,0.9866666666666668
6,9,3,20,13.35,0.6675
6,9,4,14,5.67,0.40499999999999997
6,10,0,4,4.13,1.0325
6,10,1,12,11.49,0.9575
6,10,2,3,2.58,0.86
6,10,3,2,0.75,0.375
6,10,4,3,0.26,0.08666666666666667
6,12,0,3,9.92,3.3066666666666666
6,12,1,17,51.19,3.0111764705882353
6,12,2,20,32.11,1.6055
6,12,3,7,11.09,1.5842857142857143
6,12,4,5,7.61,1.522
6,13,0,10,71.04,7.104000000000001
6,13,1,19,53.22,2.8010526315789472
6,13,2,13,35.27,2.7130769230769234
6,13,3,17,39.45,2.320588235294118
6,13,4,4,6.55,1.6375
6,14,0,11,75.35,6.85
6,14,1,12,65.18,5.4316666666666675
6,14,2,16,44.41,2.775625
6,14,3,15,41.29,2.752666666666667
6,14,4,14,13.62,0.9728571428571428
6,16,0,15,65.6,4.373333333333333
6,16,1,15,56.37,3.758
6,16,2,2,6.45,3.225
6,16,3,17,48.87,2.874705882352941
6,16,4,10,17.78,1.778
6,17,0,13,65.39,5.03
6,17,1,7,23.7,3.3857142857142857
6,17,2,17,53.58,3.151764705882353
6,17,3,17,48.07,2.8276470588235294
6,17,4,15,35.16,2.344
6,18,0,12,27.5,2.2916666666666665
6,18,1,15,27.08,1.8053333333333332
6,18,2,2,3.44,1.72
6,18,3,4,3.44,0.86
6,18,4,19,14.11,0.7426315789473684
6,20,0,4,11.77,2.9425
6,20,1,1,2.27,2.27
6,20,2,3,4.71,1.57
6,20,3,2,1.02,0.51
6,20,4,10,3.87,0.387
6,23,0,17,35.04,2.061176470588235
6,23,1,11,21.33,1.939090909090909
6,23,2,15,17.27,1.1513333333333333
6,23,3,10,11.1,1.1099999999999999
6,23,4,8,2.07,0.25875
6,27,0,16,14.91,0.931875
6,27,1,13,10.31,0.7930769230769231
6,27,2,20,9.05,0.4525
6,27,3,2,0.39,0.195
6,27,4,20,2.34,0.11699999999999999
6,31,0,15,86.45,5.763333333333334
6,31,1,11,60.09,5.462727272727273
6,31,2,12,64.06,5.338333333333334
6,31,3,15,77.15,5.1433333333333335
6,31,4,4,9.59,2.3975
6,32,0,18,50.87,2.826111111111111
6,32,1,13,26.27,2.020769230769231
6,32,2,9,11.35,1.261111111111111
6,32,3,5,5.27,1.0539999999999998
6,32,4,14,4.05,0.28928571428571426
6,34,0,14,81.19,5.799285714285714
6,34,1,7,36.64,5.234285714285714
6,34,2,7,28.17,4.024285714285715
6,34,3,17,51.34,3.02
6,34,4,10,25.55,2.555
6,35,0,16,55.56,3.4725
6,35,1,4,12.43,3.1075
6,35,2,13,14.05,1.080769230769231
6,35,3,10,5.34,0.534
6,35,4,17,4.38,0.2576470588235294
6,40,0,6,28.2,4.7
6,40,1,11,38.02,3.4563636363636365
6,40,2,16,48.05,3.003125
6,40,3,1,0.46,0.46
6,40,4,16,6.32,0.395
6,43,0,2,14.83,7.415
6,43,1,11,70.27,6.388181818181818
6,43,2,4,24.66,6.165
6,43,3,8,25.24,3.155
6,43,4,1,0.57,0.57
6,45,0,4,18.04,4.51
6,45,1,19,80.37,4.23
6,45,2,12,43.49,3.624166666666667
6,45,3,3,8.92,2.973333333333333
6,45,4,10,7.09,0.709
6,47,0,16,64.81,4.050625
6,47,1,10,23.55,2.355
6,47,2,9,18.75,2.0833333333333335
6,47,3,9,14.41,1.6011111111111112
6,47,4,13,12.99,0.9992307692307693
6,48,0,8,21.73,2.71625
6,48,1,18,14.24,0.7911111111111111
6,48,2,19,8.02,0.4221052631578947
6,48,3,16,3.8,0.2375
6,48,4,9,1.24,0.13777777777777778
6,49,0,3,12.24,4.08
6,49,1,1,2.68,2.68
6,49,2,20,44.66,2.2329999999999997
6,49,3,11,19.04,1.7309090909090907
6,49,4,5,3.42,0.6839999999999999
6,52,0,7,13.32,1.9028571428571428
6,52,1,5,7.72,1.544
6,52,2,11,13.15,1.1954545454545455
6,52,3,12,9.14,0.7616666666666667
6,52,4,19,13.58,0.7147368421052631
6,55,0,8,36.51,4.56375
6,55,1,13,44.01,3.3853846153846154
6,55,2,19,57.05,3.0026315789473683
6,55,3,19,31.32,1.648421052631579
6,55,4,8,10.69,1.33625
6,56,0,19,33.3,1.7526315789473683
6,56,1,20,28.23,1.4115
6,56,2,19,13.15,0.6921052631578948
6,56,3,5,3.31,0.662
6,56,4,6,2.57,0.4283333333333333
6,59,0,18,61.86,3.4366666666666665
6,59,1,15,49.99,3.332666666666667
6,59,2,6,18.82,3.1366666666666667
6,59,3,12,36.32,3.026666666666667
6,59,4,9,5.4,0.6000000000000001
6,60,0,17,47.64,2.8023529411764705
6,60,1,6,11.34,1.89
6,60,2,10,11.41,1.141
6,60,3,1,0.93,0.93
6,60,4,18,10.1,0.5611111111111111
6,62,0,16,51.75,3.234375
6,62,1,7,19.84,2.834285714285714
6,62,2,20,49.68,2.484
6,62,3,18,39.21,2.1783333333333332
6,62,4,5,4.26,0.852
6,64,0,20,140.79,7.039499999999999
6,64,1,1,6.93,6.93
6,64,2,6,14.64,2.44
6,64,3,6,13.88,2.3133333333333335
6,64,4,1,1.74,1.74
6,66,0,9,12.86,1.4288888888888889
6,66,1,4,4.49,1.1225
6,66,2,1,1.09,1.09
6,66,3,12,7.14,0.595
6,66,4,9,1.84,0.20444444444444446
6,67,0,16,57.6,3.6
6,67,1,13,25.15,1.9346153846153844
6,67,2,13,23.09,1.7761538461538462
6,67,3,5,8.22,1.6440000000000001
6,67,4,9,3.6,0.4
6,69,0,2,4.9,2.45
6,69,1,13,25.65,1.973076923076923
6,69,2,6,7.41,1.235
6,69,3,9,10.11,1.1233333333333333
6,69,4,2,1.46,0.73
6,70,0,6,39.94,6.656666666666666
6,70,1,20,116.99,5.8495
6,70,2,10,54.79,5.479
6,70,3,20,96.62,4.831
6,70,4,8,33.46,4.1825
6,71,0,6,20.17,3.361666666666667
6,71,1,16,37.69,2.355625
6,71,2,15,32.68,2.1786666666666665
6,71,3,16,32.31,2.019375
6,71,4,8,15.29,1.91125
6,73,0,8,65.46,8.1825
6,73,1,15,85.29,5.686000000000001
6,73,2,8,23.97,2.99625
6,73,3,19,43.66,2.297894736842105
6,73,4,3,4.04,1.3466666666666667
6,79,0,5,35.43,7.086
6,79,1,1,6.39,6.39
6,79,2,20,102.17,5.1085
6,79,3,18,88.29,4.905
6,79,4,5,1.96,0.392
6,82,0,15,74.2,4.946666666666667
6,82,1,3,13.73,4.576666666666667
6,82,2,2,9.01,4.505
6,82,3,11,47.3,4.3
6,82,4,4,16.53,4.1325
6,83,0,16,4.78,0.29875
6,83,1,11,2.79,0.25363636363636366
6,83,2,17,3.88,0.22823529411764706
6,83,3,14,2.7,0.19285714285714287
6,83,4,6,1.08,0.18000000000000002
6,86,0,16,139.72,8.7325
6,86,1,18,55.64,3.091111111111111
6,86,2,19,58.01,3.053157894736842
6,86,3,9,24.33,2.703333333333333
6,86,4,7,13.76,1.9657142857142857
6,88,0,3,8.88,2.9600000000000004
6,88,1,8,18.83,2.35375
6,88,2,14,20.43,1.4592857142857143
6,88,3,16,21.35,1.334375
6,88,4,10,13.19,1.319
6,89,0,10,61.94,6.194
6,89,1,12,74.03,6.1691666666666665
6,89,2,12,43.85,3.654166666666667
6,89,3,5,10.67,2.134
6,89,4,11,13.56,1.2327272727272727
6,90,0,4,16.31,4.0775
6,90,1,18,66.63,3.701666666666666
6,90,2,10,10.38,1.038
6,90,3,4,4.06,1.015
6,90,4,9,5.45,0.6055555555555556
6,93,0,18,66.67,3.703888888888889
6,93,1,10,30.78,3.0780000000000003
6,93,2,14,22.66,1.6185714285714285
6,93,3,8,10.94,1.3675
6,93,4,6,1.95,0.325
6,94,0,3,5.15,1.7166666666666668
6,94,1,17,25.92,1.5247058823529414
6,94,2,18,18.37,1.0205555555555557
6,94,3,1,0.72,0.72
6,94,4,4,2.42,0.605
6,95,0,14,102.34,7.3100000000000005
6,95,1,18,118.8,6.6
6,95,2,1,3.6,3.6
6,95,3,5,14.73,2.946
6,95,4,9,8.14,0.9044444444444445
6,97,0,8,43.58,5.4475
6,97,1,17,73.4,4.31764705882353
6,97,2,10,41.12,4.112
6,97,3,4,3.07,0.7675
6,97,4,16,11.84,0.74
6,99,0,8,31.88,3.985
6,99,1,17,65.73,3.8664705882352943
6,99,2,16,52.53,3.283125
6,99,3,12,17.04,1.42
6,99,4,17,23.17,1.3629411764705883
9,0,0,1,4.32,4.32
9,0,1,8,32.42,4.0525
9,0,2,20,38.57,1.9285
9,0,3,15,24.53,1.6353333333333333
9,0,4,1,0.28,0.28
9,1,0,8,43.77,5.47125
9,1,1,19,68.57,3.6089473684210525
9,1,2,16,29.41,1.838125
9,1,3,16,28.87,1.804375
9,1,4,9,6.99,0.7766666666666667
9,3,0,15,79.16,5.277333333333333
9,3,1,14,42.23,3.016428571428571
9,3,2,19,19.68,1.0357894736842106
9,3,3,6,2.98,0.49666666666666665
9,3,4,14,6.62,0.47285714285714286
9,6,0,15,27.78,1.852
9,6,1,3,4.6,1.5333333333333332
9,6,2,16,18.47,1.154375
9,6,3,12,6.22,0.5183333333333333
9,6,4,14,5.86,0.4185714285714286
9,10,0,6,4.6,0.7666666666666666
9,10,1,5,2.05,0.41
9,10,2,15,4.62,0.308
9,10,3,15,4.3,0.2866666666666667
9,10,4,16,2.12,0.1325
9,12,0,12,18.17,1.5141666666666669
9,12,1,12,16.81,1.4008333333333332
9,12,2,9,10.05,1.1166666666666667
9,12,3,8,1.47,0.18375
9,12,4,17,2.19,0.1288235294117647
9,13,0,6,35.46,5.91
9,13,1,12,51.35,4.279166666666667
9,13,2,13,48.07,3.6976923076923076
9,13,3,14,42.11,3.007857142857143
9,13,4,12,32.87,2.7391666666666663
9,14,0,7,40.27,5.752857142857144
9,14,1,14,67.28,4.805714285714286
9,14,2,8,30.89,3.86125
9,14,3,1,2.32,2.32
9,14,4,2,1.65,0.825
9,16,0,20,60.14,3.007
9,16,1,4,6.08,1.52
9,16,2,2,2.72,1.36
9,16,3,7,9.32,1.3314285714285714
9,16,4,13,6.49,0.49923076923076926
9,17,0,11,40.17,3.651818181818182
9,17,1,10,19.66,1.966
9,17,2,11,12.98,1.18
9,17,3,6,6.02,1.0033333333333332
9,17,4,12,8.77,0.7308333333333333
9,18,0,2,5.19,2.595
9,18,1,5,10.53,2.106
9,18,2,16,20.79,1.299375
9,18,3,11,9.37,0.8518181818181817
9,18,4,10,4.26,0.426
9,20,0,9,33.81,3.756666666666667
9,20,1,20,72.94,3.647
9,20,2,17,48.56,2.856470588235294
9,20,3,6,11.94,1.99
9,20,4,13,24.13,1.856153846153846
9,23,0,1,3.82,3.82
9,23,1,14,51.3,3.664285714285714
9,23,2,19,32.37,1.7036842105263157
9,23,3,20,21.63,1.0815
9,23,4,17,4.9,0.2882352941176471
9,27,0,1,1.56,1.56
9,27,1,9,12.56,1.3955555555555557
9,27,2,4,5.1,1.275
9,27,3,14,17.53,1.2521428571428572
9,27,4,18,12.36,0.6866666666666666
9,31,0,6,19.52,3.2533333333333334
9,31,1,8,25.13,3.14125
9,31,2,7,20.25,2.892857142857143
9,31,3,11,16.07,1.460909090909091
9,31,4,6,4.8,0.7999999999999999
9,32,0,2,11.02,5.51
9,32,1,20,47.47,2.3735
9,32,2,15,29.5,1.9666666666666666
9,32,3,9,17.32,1.9244444444444444
9,32,4,16,28.45,1.778125
9,34,0,3,12.12,4.04
9,34,1,18,70.83,3.935
9,34,2,3,9.01,3.0033333333333334
9,34,3,13,32.1,2.4692307692307693
9,34,4,8,11.7,1.4625
9,35,0,12,33.0,2.75
9,35,1,16,39.33,2.458125
9,35,2,2,2.74,1.37
9,35,3,20,24.02,1.201
9,35,4,20,7.94,0.397
9,40,0,17,50.92,2.995294117647059
9,40,1,19,51.54,2.7126315789473683
9,40,2,12,15.74,1.3116666666666668
9,40,3,19,20.5,1.0789473684210527
9,40,4,18,15.38,0.8544444444444445
9,43,0,20,97.94,4.897
9,43,1,5,20.69,4.138
9,43,2,2,5.32,2.66
9,43,3,3,7.28,2.4266666666666667
9,43,4,16,17.12,1.07
9,45,0,9,23.57,2.618888888888889
9,45,1,15,36.72,2.448
9,45,2,4,8.38,2.095
9,45,3,5,8.12,1.6239999999999999
9,45,4,3,2.56,0.8533333333333334
9,47,0,7,12.02,1.717142857142857
9,47,1,8,13.6,1.7
9,47,2,14,20.83,1.4878571428571428
9,47,3,16,15.0,0.9375
9,47,4,8,3.95,0.49375
9,48,0,20,53.06,2.653
9,48,1,5,10.84,2.168
9,48,2,1,2.07,2.07
9,48,3,14,28.19,2.013571428571429
9,48,4,16,31.11,1.944375
9,49,0,13,27.32,2.1015384615384614
9,49,1,15,27.68,1.8453333333333333
9,49,2,12,20.04,1.67
9,49,3,16,19.58,1.22375
9,49,4,14,7.84,0.5599999999999999
9,52,0,1,1.4,1.4
9,52,1,12,8.82,0.735
9,52,2,8,4.18,0.5225
9,52,3,1,0.33,0.33
9,52,4,14,3.22,0.23
9,55,0,14,60.69,4.335
9,55,1,18,36.93,2.0516666666666667
9,55,2,5,7.77,1.5539999999999998
9,55,3,11,14.54,1.3218181818181818
9,55,4,3,2.1,0.7000000000000001
9,56,0,7,10.01,1.43
9,56,1,16,11.73,0.733125
9,56,2,12,7.79,0.6491666666666667
9,56,3,17,4.89,0.28764705882352937
9,56,4,3,0.51,0.17
9,59,0,14,63.36,4.525714285714286
9,59,1,19,38.92,2.048421052631579
9,59,2,20,39.22,1.9609999999999999
9,59,3,10,14.7,1.47
9,59,4,7,4.21,0.6014285714285714
9,60,0,2,1.48,0.74
9,60,1,15,8.42,0.5613333333333334
9,60,2,5,2.64,0.528
9,60,3,20,6.06,0.303
9,60,4,5,0.22,0.044
9,62,0,12,22.09,1.8408333333333333
9,62,1,3,4.79,1.5966666666666667
9,62,2,16,19.07,1.191875
9,62,3,3,3.3,1.0999999999999999
9,62,4,11,5.28,0.48000000000000004
9,64,0,16,83.07,5.191875
9,64,1,4,19.8,4.95
9,64,2,1,3.46,3.46
9,64,3,19,11.38,0.5989473684210527
9,64,4,17,8.13,0.4782352941176471
9,66,0,2,3.89,1.945
9,66,1,1,1.79,1.79
9,66,2,8,12.57,1.57125
9,66,3,1,1.4,1.4
9,66,4,13,12.34,0.9492307692307692
9,67,0,7,27.01,3.858571428571429
9,67,1,7,13.55,1.9357142857142857
9,67,2,19,36.29,1.91
9,67,3,7,7.35,1.05
9,67,4,9,8.95,0.9944444444444444
9,69,0,9,9.92,1.1022222222222222
9,69,1,6,6.28,1.0466666666666666
9,69,2,4,3.5,0.875
9,69,3,1,0.82,0.82
9,69,4,13,9.82,0.7553846153846154
9,70,0,14,72.78,5.198571428571428
9,70,1,16,20.95,1.309375
9,70,2,9,10.33,1.1477777777777778
9,70,3,5,4.92,0.984
9,70,4,8,2.6,0.325
9,71,0,18,108.99,6.055
9,71,1,7,16.81,2.4014285714285712
9,71,2,11,19.91,1.81
9,71,3,12,16.13,1.3441666666666665
9,71,4,18,15.84,0.88
9,73,0,9,72.18,8.020000000000001
9,73,1,14,102.2,7.3
9,73,2,17,95.72,5.630588235294118
9,73,3,16,44.41,2.775625
9,73,4,11,10.11,0.9190909090909091
9,79,0,15,128.91,8.594
9,79,1,4,33.08,8.27
9,79,2,12,32.24,2.686666666666667
9,79,3,5,12.93,2.586
9,79,4,3,4.27,1.4233333333333331
9,82,0,16,86.03,5.376875
9,82,1,8,36.67,4.58375
9,82,2,12,53.53,4.460833333333333
9,82,3,8,26.47,3.30875
9,82,4,18,23.93,1.3294444444444444
9,83,0,14,29.44,2.1028571428571428
9,83,1,7,11.18,1.5971428571428572
9,83,2,4,5.32,1.33
9,83,3,2,1.32,0.66
9,83,4,14,8.03,0.5735714285714285
9,86,0,19,183.44,9.654736842105264
9,86,1,11,88.8,8.072727272727272
9,86,2,1,7.32,7.32
9,86,3,17,120.15,7.06764705882353
9,86,4,20,32.14,1.607
9,88,0,13,49.96,3.8430769230769233
9,88,1,10,34.23,3.4229999999999996
9,88,2,15,43.93,2.9286666666666665
9,88,3,19,39.45,2.0763157894736843
9,88,4,18,8.54,0.4744444444444444
9,89,0,7,63.96,9.137142857142857
9,89,1,9,78.37,8.707777777777778
9,89,2,2,16.64,8.32
9,89,3,12,63.17,5.264166666666667
9,89,4,12,40.1,3.341666666666667
9,90,0,9,42.34,4.704444444444444
9,90,1,6,14.27,2.3783333333333334
9,90,2,9,12.33,1.37
9,90,3,3,4.06,1.3533333333333333
9,90,4,9,9.6,1.0666666666666667
9,93,0,9,38.93,4.325555555555556
9,93,1,18,70.18,3.898888888888889
9,93,2,9,34.21,3.801111111111111
9,93,3,4,9.5,2.375
9,93,4,3,2.91,0.9700000000000001
9,94,0,13,30.58,2.352307692307692
9,94,1,8,9.97,1.24625
9,94,2,15,16.37,1.0913333333333335
9,94,3,19,17.79,0.9363157894736842
9,94,4,3,1.17,0.38999999999999996
9,95,0,9,39.04,4.337777777777777
9,95,1,13,49.83,3.833076923076923
9,95,2,3,9.72,3.24
9,95,3,9,22.23,2.47
9,95,4,15,34.82,2.3213333333333335
9,97,0,20,65.18,3.2590000000000003
9,97,1,3,7.58,2.526666666666667
9,97,2,6,14.73,2.455
9,97,3,20,44.98,2.2489999999999997
9,97,4,4,8.34,2.085
9,99,0,3,9.28,3.0933333333333333
9,99,1,1,2.63,2.63
9,99,2,16,39.97,2.498125
9,99,3,1,2.19,2.19
9,99,4,18,27.46,1.5255555555555556
10,0,0,12,54.85,4.570833333333334
10,0,1,15,44.3,2.953333333333333
10,0,2,4,8.91,2.2275
10,0,3,10,9.9,0.99
10,0,4,11,10.84,0.9854545454545455
10,1,0,12,76.23,6.3525
10,1,1,5,25.44,5.088
10,1,2,5,20.64,4.128
10,1,3,9,17.56,1.951111111111111
10,1,4,8,12.25,1.53125
10,3,0,8,50.22,6.2775
10,3,1,14,85.87,6.133571428571429
10,3,2,2,11.15,5.575
10,3,3,16,66.82,4.17625
10,3,4,6,11.12,1.8533333333333333
10,6,0,7,6.65,0.9500000000000001
10,6,1,1,0.87,0.87
10,6,2,6,4.99,0.8316666666666667
10,6,3,13,9.22,0.7092307692307693
10,6,4,12,8.08,0.6733333333333333
10,9,0,15,12.23,0.8153333333333334
10,9,1,5,3.98,0.796
10,9,2,20,11.1,0.5549999999999999
10,9,3,15,3.75,0.25
10,9,4,1,0.15,0.15
10,12,0,7,13.71,1.9585714285714286
10,12,1,3,4.47,1.49
10,12,2,12,15.43,1.2858333333333334
10,12,3,15,8.35,0.5566666666666666
10,12,4,6,1.5,0.25
10,13,0,14,93.64,6.688571428571429
10,13,1,9,49.88,5.542222222222223
10,13,2,3,16.04,5.346666666666667
10,13,3,8,16.19,2.02375
10,13,4,5,4.82,0.9640000000000001
10,14,0,8,27.49,3.43625
10,14,1,16,50.77,3.173125
10,14,2,15,35.27,2.3513333333333337
10,14,3,16,11.93,0.745625
10,14,4,5,2.36,0.472
10,16,0,20,80.13,4.0065
10,16,1,3,6.0,2.0
10,16,2,18,31.02,1.7233333333333334
10,16,3,9,14.19,1.5766666666666667
10,16,4,15,7.72,0.5146666666666666
10,17,0,18,71.41,3.967222222222222
10,17,1,11,29.97,2.7245454545454546
10,17,2,14,26.71,1.907857142857143
10,17,3,6,10.37,1.7283333333333333
10,17,4,16,20.45,1.278125
10,18,0,3,12.48,4.16
10,18,1,8,31.15,3.89375
10,18,2,11,30.36,2.76
10,18,3,14,33.35,2.382142857142857
10,18,4,7,15.12,2.1599999999999997
10,20,0,9,38.87,4.318888888888889
10,20,1,7,21.39,3.0557142857142856
10,20,2,20,52.18,2.609
10,20,3,12,15.79,1.3158333333333332
10,20,4,10,7.82,0.782
10,23,0,10,38.08,3.808
10,23,1,13,33.32,2.563076923076923
10,23,2,1,1.54,1.54
10,23,3,5,3.75,0.75
10,23,4,13,9.46,0.7276923076923077
10,27,0,16,19.85,1.240625
10,27,1,13,13.98,1.0753846153846154
10,27,2,8,5.87,0.73375
10,27,3,11,6.07,0.5518181818181819
10,27,4,8,3.65,0.45625
10,31,0,5,18.87,3.774
10,31,1,13,46.72,3.5938461538461537
10,31,2,2,7.13,3.565
10,31,3,17,29.17,1.7158823529411766
10,31,4,17,21.51,1.265294117647059
10,32,0,11,54.61,4.964545454545455
10,32,1,9,43.53,4.836666666666667
10,32,2,1,4.18,4.18
10,32,3,19,40.55,2.134210526315789
10,32,4,14,19.66,1.4042857142857144
10,34,0,10,50.49,5.049
10,34,1,3,14.94,4.9799999999999995
10,34,2,6,20.33,3.388333333333333
10,34,3,17,38.05,2.238235294117647
10,34,4,2,2.31,1.155
10,35,0,11,22.59,2.0536363636363637
10,35,1,9,16.05,1.7833333333333334
10,35,2,14,22.26,1.59
10,35,3,12,16.98,1.415
10,35,4,3,0.57,0.18999999999999997
10,40,0,2,7.52,3.76
10,40,1,13,47.3,3.6384615384615384
10,40,2,9,30.74,3.4155555555555552
10,40,3,17,29.19,1.7170588235294117
10,40,4,4,3.67,0.9175
10,43,0,5,28.25,5.65
10,43,1,1,5.51,5.51
10,43,2,5,21.2,4.24
10,43,3,18,43.06,2.3922222222222222
10,43,4,3,5.06,1.6866666666666665
10,45,0,13,49.13,3.7792307692307694
10,45,1,5,17.92,3.5840000000000005
10,45,2,12,13.29,1.1075
10,45,3,6,3.97,0.6616666666666667
10,45,4,10,4.01,0.40099999999999997
10,47,0,7,19.18,2.7399999999999998
10,47,1,19,43.11,2.2689473684210526
10,47,2,16,31.02,1.93875
10,47,3,19,36.02,1.8957894736842107
10,47,4,6,6.05,1.0083333333333333
10,48,0,5,15.75,3.15
10,48,1,20,52.43,2.6215
10,48,2,19,49.25,2.5921052631578947
10,48,3,10,17.44,1.7440000000000002
10,48,4,5,3.98,0.796
10,49,0,6,21.14,3.5233333333333334
10,49,1,18,59.2,3.288888888888889
10,49,2,8,25.56,3.195
10,49,3,10,18.17,1.8170000000000002
10,49,4,17,13.19,0.7758823529411765
10,52,0,2,2.73,1.365
10,52,1,3,3.78,1.26
10,52,2,9,9.79,1.0877777777777777
10,52,3,16,9.19,0.574375
10,52,4,15,2.46,0.164
10,55,0,6,27.02,4.503333333333333
10,55,1,9,36.78,4.086666666666667
10,55,2,11,43.74,3.9763636363636365
10,55,3,8,8.66,1.0825
10,55,4,7,7.32,1.0457142857142858
10,56,0,6,9.17,1.5283333333333333
10,56,1,12,18.09,1.5075
10,56,2,13,13.37,1.0284615384615383
10,56,3,12,5.35,0.4458333333333333
10,56,4,13,5.41,0.41615384615384615
10,59,0,8,32.6,4.075
10,59,1,3,11.95,3.983333333333333
10,59,2,19,53.81,2.832105263157895
10,59,3,1,2.48,2.48
10,59,4,8,17.74,2.2175
10,60,0,14,23.74,1.6957142857142855
10,60,1,5,8.37,1.674
10,60,2,5,5.67,1.134
10,60,3,18,7.68,0.42666666666666664
10,60,4,14,5.9,0.42142857142857143
10,62,0,15,29.66,1.9773333333333334
10,62,1,10,17.36,1.736
10,62,2,9,8.23,0.9144444444444445
10,62,3,15,8.39,0.5593333333333333
10,62,4,11,1.64,0.14909090909090908
10,64,0,18,110.13,6.118333333333333
10,64,1,18,93.56,5.197777777777778
10,64,2,10,23.97,2.397
10,64,3,3,3.07,1.0233333333333332
10,64,4,19,16.93,0.8910526315789473
10,66,0,18,36.98,2.054444444444444
10,66,1,16,31.75,1.984375
10,66,2,14,6.61,0.47214285714285714
10,66,3,17,7.59,0.4464705882352941
10,66,4,7,1.62,0.23142857142857146
10,67,0,11,33.33,3.03
10,67,1,9,15.75,1.75
10,67,2,2,3.03,1.515
10,67,3,1,0.24,0.24
10,67,4,4,0.67,0.1675
10,69,0,6,11.38,1.8966666666666667
10,69,1,12,17.77,1.4808333333333332
10,69,2,2,2.61,1.305
10,69,3,20,21.6,1.08
10,69,4,1,0.14,0.14
10,70,0,12,72.3,6.0249999999999995
10,70,1,14,83.52,5.965714285714285
10,70,2,11,26.64,2.421818181818182
10,70,3,18,31.63,1.7572222222222222
10,70,4,12,14.48,1.2066666666666668
10,71,0,20,94.03,4.7015
10,71,1,9,34.23,3.803333333333333
10,71,2,20,68.41,3.4204999999999997
10,71,3,17,46.26,2.7211764705882353
10,71,4,11,28.31,2.5736363636363637
10,73,0,9,80.08,8.897777777777778
10,73,1,7,50.91,7.272857142857142
10,73,2,10,49.62,4.962
10,73,3,17,49.81,2.93
10,73,4,13,27.55,2.1192307692307693
10,79,0,17,139.9,8.229411764705883
10,79,1,20,119.42,5.971
10,79,2,12,65.47,5.4558333333333335
10,79,3,19,84.55,4.45
10,79,4,2,5.54,2.77
10,82,0,7,31.47,4.4957142857142856
10,82,1,19,83.76,4.408421052631579
10,82,2,18,78.54,4.363333333333333
10,82,3,14,50.38,3.5985714285714288
10,82,4,10,23.48,2.348
10,83,0,19,24.74,1.3021052631578947
10,83,1,13,14.86,1.143076923076923
10,83,2,15,13.13,0.8753333333333334
10,83,3,16,8.5,0.53125
10,83,4,2,0.43,0.215
10,86,0,5,23.58,4.715999999999999
10,86,1,5,22.02,4.404
10,86,2,7,23.53,3.3614285714285717
10,86,3,13,30.24,2.3261538461538462
10,86,4,7,9.93,1.4185714285714286
10,88,0,13,51.7,3.976923076923077
10,88,1,2,5.24,2.62
10,88,2,18,45.82,2.5455555555555556
10,88,3,1,2.52,2.52
10,88,4,8,14.32,1.79
10,89,0,11,82.08,7.461818181818182
10,89,1,12,73.99,6.165833333333333
10,89,2,19,81.62,4.295789473684211
10,89,3,1,1.99,1.99
10,89,4,16,15.69,0.980625
10,90,0,17,105.21,6.188823529411764
10,90,1,11,62.39,5.671818181818182
10,90,2,17,95.65,5.626470588235295
10,90,3,18,59.68,3.3155555555555556
10,90,4,8,7.17,0.89625
10,93,0,2,8.6,4.3
10,93,1,12,49.11,4.0925
10,93,2,17,68.88,4.051764705882353
10,93,3,16,53.03,3.314375
10,93,4,15,39.99,2.666
10,94,0,8,12.34,1.5425
10,94,1,3,2.85,0.9500000000000001
10,94,2,4,3.26,0.815
10,94,3,2,0.88,0.44
10,94,4,4,0.65,0.1625
10,95,0,13,87.06,6.696923076923077
10,95,1,14,91.25,6.517857142857143
10,95,2,18,94.64,5.257777777777778
10,95,3,7,28.17,4.024285714285715
10,95,4,6,9.15,1.5250000000000001
10,97,0,3,11.06,3.686666666666667
10,97,1,20,73.69,3.6845
10,97,2,14,42.65,3.0464285714285713
10,97,3,15,26.98,1.7986666666666666
10,97,4,19,20.51,1.0794736842105264
10,99,0,11,41.54,3.7763636363636364
10,99,1,9,26.11,2.901111111111111
10,99,2,7,19.62,2.802857142857143
10,99,3,13,29.74,2.2876923076923075
10,99,4,20,34.64,1.732
12,0,0,16,36.57,2.285625
12,0,1,19,33.67,1.7721052631578948
12,0,2,19,31.28,1.6463157894736842
12,0,3,20,21.04,1.052
12,0,4,3,1.52,0.5066666666666667
12,1,0,1,3.51,3.51
12,1,1,5,14.04,2.808
12,1,2,3,6.19,2.0633333333333335
12,1,3,4,5.55,1.3875
12,1,4,20,6.27,0.3135
12,3,0,9,35.35,3.927777777777778
12,3,1,9,33.62,3.735555555555555
12,3,2,5,11.3,2.2600000000000002
12,3,3,15,17.18,1.1453333333333333
12,3,4,16,9.11,0.569375
12,6,0,1,3.19,3.19
12,6,1,19,31.85,1.6763157894736842
12,6,2,18,29.69,1.6494444444444445
12,6,3,10,10.77,1.077
12,6,4,12,8.74,0.7283333333333334
12,9,0,9,11.8,1.3111111111111111
12,9,1,15,17.72,1.1813333333333333
12,9,2,9,8.72,0.9688888888888889
12,9,3,2,1.86,0.93
12,9,4,6,4.1,0.6833333333333332
12,10,0,13,28.82,2.2169230769230768
12,10,1,3,6.28,2.0933333333333333
12,10,2,2,3.71,1.855
12,10,3,2,2.18,1.09
12,10,4,3,2.41,0.8033333333333333
12,13,0,12,56.11,4.675833333333333
12,13,1,17,48.61,2.8594117647058823
12,13,2,10,20.48,2.048
12,13,3,2,3.99,1.995
12,13,4,3,2.6,0.8666666666666667
12,14,0,19,84.11,4.426842105263158
12,14,1,11,47.57,4.324545454545454
12,14,2,8,33.54,4.1925
12,14,3,14,13.28,0.9485714285714285
12,14,4,2,0.86,0.43
12,16,0,5,9.59,1.918
12,16,1,5,9.51,1.902
12,16,2,1,1.76,1.76
12,16,3,6,8.76,1.46
12,16,4,3,0.86,0.2866666666666667
12,17,0,3,4.87,1.6233333333333333
12,17,1,15,9.35,0.6233333333333333
12,17,2,15,8.47,0.5646666666666668
12,17,3,18,6.61,0.3672222222222222
12,17,4,7,1.4,0.19999999999999998
12,18,0,5,8.45,1.69
12,18,1,20,31.88,1.5939999999999999
12,18,2,3,3.46,1.1533333333333333
12,18,3,2,1.94,0.97
12,18,4,6,3.45,0.5750000000000001
12,20,0,10,25.35,2.535
12,20,1,7,10.39,1.4842857142857144
12,20,2,18,21.24,1.18
12,20,3,14,11.7,0.8357142857142856
12,20,4,8,4.95,0.61875
12,23,0,11,50.83,4.620909090909091
12,23,1,15,56.87,3.791333333333333
12,23,2,7,21.09,3.012857142857143
12,23,3,2,2.88,1.44
12,23,4,7,7.49,1.07
12,27,0,4,4.77,1.1925
12,27,1,2,1.94,0.97
12,27,2,20,14.84,0.742
12,27,3,10,6.14,0.614
12,27,4,17,5.21,0.3064705882352941
12,31,0,2,6.03,3.015
12,31,1,18,54.04,3.002222222222222
12,31,2,3,8.62,2.873333333333333
12,31,3,18,29.74,1.652222222222222
12,31,4,7,1.25,0.17857142857142858
12,32,0,14,56.81,4.057857142857143
12,32,1,18,61.63,3.423888888888889
12,32,2,17,57.38,3.375294117647059
12,32,3,18,57.13,3.173888888888889
12,32,4,17,26.09,1.5347058823529411
12,34,0,8,27.1,3.3875
12,34,1,15,33.08,2.2053333333333334
12,34,2,20,26.28,1.314
12,34,3,16,18.89,1.180625
12,34,4,20,21.17,1.0585
12,35,0,9,13.78,1.531111111111111
12,35,1,6,7.53,1.2550000000000001
12,35,2,8,6.21,0.77625
12,35,3,7,4.31,0.6157142857142857
12,35,4,18,6.6,0.36666666666666664
12,40,0,9,17.51,1.9455555555555557
12,40,1,1,1.81,1.81
12,40,2,19,15.63,0.8226315789473685
12,40,3,16,12.11,0.756875
12,40,4,12,5.53,0.4608333333333334
12,43,0,5,14.05,2.81
12,43,1,4,8.49,2.1225
12,43,2,9,15.23,1.6922222222222223
12,43,3,2,3.1,1.55
12,43,4,2,3.05,1.525
12,45,0,6,12.1,2.0166666666666666
12,45,1,14,20.68,1.477142857142857
12,45,2,15,15.02,1.0013333333333334
12,45,3,16,8.68,0.5425
12,45,4,19,7.06,0.371578947368421
12,47,0,8,13.08,1.635
12,47,1,8,13.04,1.63
12,47,2,14,17.45,1.2464285714285714
12,47,3,17,15.56,0.9152941176470588
12,47,4,2,1.15,0.575
12,48,0,1,2.8,2.8
12,48,1,12,24.23,2.0191666666666666
12,48,2,5,3.81,0.762
12,48,3,19,10.43,0.5489473684210526
12,48,4,11,2.18,0.1981818181818182
12,49,0,18,9.52,0.5288888888888889
12,49,1,1,0.32,0.32
12,49,2,10,3.14,0.314
12,49,3,2,0.54,0.27
12,49,4,4,0.93,0.2325
12,52,0,6,8.58,1.43
12,52,1,8,4.65,0.58125
12,52,2,11,6.12,0.5563636363636364
12,52,3,16,5.73,0.358125
12,52,4,11,2.1,0.19090909090909092
12,55,0,18,42.46,2.358888888888889
12,55,1,19,36.91,1.9426315789473683
12,55,2,10,14.22,1.4220000000000002
12,55,3,15,20.85,1.3900000000000001
12,55,4,19,13.2,0.6947368421052631
12,56,0,7,5.77,0.8242857142857142
12,56,1,11,8.56,0.7781818181818182
12,56,2,6,3.6,0.6
12,56,3,16,5.76,0.36
12,56,4,8,2.3,0.2875
12,59,0,10,41.76,4.176
12,59,1,20,67.64,3.382
12,59,2,2,4.18,2.09
12,59,3,19,11.51,0.6057894736842105
12,59,4,20,7.4,0.37
12,60,0,15,14.15,0.9433333333333334
12,60,1,15,6.6,0.44
12,60,2,11,3.9,0.35454545454545455
12,60,3,3,0.33,0.11
12,60,4,10,0.72,0.072
12,62,0,19,14.18,0.7463157894736842
12,62,1,4,2.82,0.705
12,62,2,4,1.66,0.415
12,62,3,17,5.6,0.32941176470588235
12,62,4,7,1.54,0.22
12,64,0,18,76.9,4.272222222222222
12,64,1,5,14.55,2.91
12,64,2,5,14.25,2.85
12,64,3,6,13.58,2.263333333333333
12,64,4,10,22.54,2.254
12,66,0,10,29.59,2.959
12,66,1,17,40.97,2.41
12,66,2,1,1.85,1.85
12,66,3,12,13.52,1.1266666666666667
12,66,4,19,20.99,1.104736842105263
12,67,0,11,39.32,3.5745454545454547
12,67,1,17,58.54,3.4435294117647057
12,67,2,17,55.36,3.256470588235294
12,67,3,7,21.34,3.0485714285714285
12,67,4,11,29.56,2.687272727272727
12,69,0,14,12.99,0.9278571428571428
12,69,1,3,1.87,0.6233333333333334
12,69,2,1,0.5,0.5
12,69,3,1,0.45,0.45
12,69,4,5,0.84,0.16799999999999998
12,70,0,13,38.95,2.996153846153846
12,70,1,1,2.91,2.91
12,70,2,9,24.75,2.75
12,70,3,6,12.03,2.005
12,70,4,2,0.9,0.45
12,71,0,4,27.36,6.84
12,71,1,18,114.81,6.378333333333334
12,71,2,13,55.28,4.252307692307692
12,71,3,3,12.45,4.1499999999999995
12,71,4,19,58.1,3.057894736842105
12,73,0,4,37.05,9.2625
12,73,1,6,17.93,2.9883333333333333
12,73,2,18,26.51,1.472777777777778
12,73,3,15,13.07,0.8713333333333334
12,73,4,7,3.5,0.5
12,79,0,18,126.15,7.008333333333334
12,79,1,7,46.83,6.6899999999999995
12,79,2,1,2.25,2.25
12,79,3,9,16.26,1.8066666666666669
12,79,4,16,21.72,1.3575
12,82,0,10,70.68,7.0680000000000005
12,82,1,4,26.12,6.53
12,82,2,19,91.83,4.833157894736842
12,82,3,4,14.85,3.7125
12,82,4,3,1.71,0.57
12,83,0,14,37.07,2.6478571428571427
12,83,1,20,46.74,2.337
12,83,2,4,7.37,1.8425
12,83,3,17,20.39,1.1994117647058824
12,83,4,8,6.53,0.81625
12,86,0,14,142.59,10.185
12,86,1,8,61.47,7.68375
12,86,2,2,7.41,3.705
12,86,3,13,18.27,1.4053846153846155
12,86,4,16,11.84,0.74
12,88,0,17,42.24,2.4847058823529413
12,88,1,18,34.53,1.9183333333333334
12,88,2,4,6.6,1.65
12,88,3,2,1.41,0.705
12,88,4,7,1.07,0.15285714285714286
12,89,0,16,145.7,9.10625
12,89,1,12,94.31,7.859166666666667
12,89,2,20,110.5,5.525
12,89,3,9,10.57,1.1744444444444444
12,89,4,1,0.72,0.72
12,90,0,16,52.95,3.309375
12,90,1,15,47.02,3.134666666666667
12,90,2,15,46.87,3.1246666666666667
12,90,3,10,4.2,0.42000000000000004
12,90,4,1,0.25,0.25
12,93,0,1,6.38,6.38
12,93,1,12,74.62,6.218333333333334
12,93,2,19,71.91,3.784736842105263
12,93,3,17,48.63,2.860588235294118
12,93,4,10,14.59,1.459
12,94,0,15,37.84,2.522666666666667
12,94,1,9,17.42,1.9355555555555557
12,94,2,20,19.86,0.993
12,94,3,5,2.92,0.584
12,94,4,9,1.51,0.16777777777777778
12,95,0,6,26.18,4.363333333333333
12,95,1,3,12.34,4.113333333333333
12,95,2,14,36.41,2.6007142857142855
12,95,3,11,22.44,2.04
12,95,4,12,7.73,0.6441666666666667
12,97,0,16,42.07,2.629375
12,97,1,3,6.26,2.0866666666666664
12,97,2,11,17.93,1.63
12,97,3,3,3.02,1.0066666666666666
12,97,4,9,1.93,0.21444444444444444
12,99,0,8,24.63,3.07875
12,99,1,6,15.35,2.558333333333333
12,99,2,11,25.87,2.351818181818182
12,99,3,16,36.23,2.264375
12,99,4,20,25.0,1.25
13,0,0,18,46.8,2.5999999999999996
13,0,1,9,15.59,1.732222222222222
13,0,2,14,4.91,0.3507142857142857
13,0,3,10,3.27,0.327
13,0,4,6,1.52,0.25333333333333335
13,1,0,1,0.69,0.69
13,1,1,7,3.77,0.5385714285714286
13,1,2,4,2.03,0.5075
13,1,3,18,8.86,0.49222222222222217
13,1,4,14,1.9,0.1357142857142857
13,3,0,8,9.55,1.19375
13,3,1,15,16.49,1.0993333333333333
13,3,2,17,10.71,0.63
13,3,3,19,1.79,0.09421052631578948
13,3,4,13,0.95,0.07307692307692307
13,6,0,2,9.42,4.71
13,6,1,3,10.36,3.453333333333333
13,6,2,20,47.19,2.3594999999999997
13,6,3,16,30.14,1.88375
13,6,4,8,6.52,0.815
13,9,0,20,122.84,6.142
13,9,1,9,49.47,5.496666666666666
13,9,2,7,29.92,4.274285714285715
13,9,3,19,61.1,3.2157894736842105
13,9,4,4,7.91,1.9775
13,10,0,20,146.52,7.3260000000000005
13,10,1,18,112.09,6.227222222222222
13,10,2,9,22.51,2.5011111111111113
13,10,3,13,18.73,1.4407692307692308
13,10,4,10,11.19,1.119
13,12,0,14,52.06,3.718571428571429
13,12,1,19,58.21,3.063684210526316
13,12,2,17,39.37,2.3158823529411765
13,12,3,19,29.73,1.5647368421052632
13,12,4,7,7.67,1.0957142857142856
13,14,0,10,4.83,0.483
13,14,1,5,2.18,0.43600000000000005
13,14,2,12,2.36,0.19666666666666666
13,14,3,9,0.67,0.07444444444444445
13,14,4,19,0.59,0.031052631578947366
13,16,0,6,12.99,2.165
13,16,1,20,17.05,0.8525
13,16,2,14,8.84,0.6314285714285715
13,16,3,19,4.74,0.24947368421052632
13,16,4,18,3.94,0.21888888888888888
13,17,0,12,28.25,2.3541666666666665
13,17,1,2,4.2,2.1
13,17,2,20,27.7,1.385
13,17,3,17,13.04,0.7670588235294117
13,17,4,2,1.2,0.6
13,18,0,15,44.26,2.9506666666666663
13,18,1,11,31.53,2.8663636363636367
13,18,2,19,40.41,2.1268421052631576
13,18,3,9,7.95,0.8833333333333333
13,18,4,13,6.3,0.4846153846153846
13,20,0,20,84.43,4.221500000000001
13,20,1,17,62.12,3.6541176470588232
13,20,2,6,14.55,2.4250000000000003
13,20,3,14,10.58,0.7557142857142857
13,20,4,1,0.67,0.67
13,23,0,13,115.37,8.874615384615385
13,23,1,11,58.95,5.359090909090909
13,23,2,12,30.24,2.52
13,23,3,10,23.93,2.393
13,23,4,9,14.67,1.63
13,27,0,4,26.32,6.58
13,27,1,5,17.91,3.582
13,27,2,1,3.5,3.5
13,27,3,4,12.73,3.1825
13,27,4,10,26.93,2.693
13,31,0,12,35.93,2.9941666666666666
13,31,1,17,39.64,2.331764705882353
13,31,2,13,18.1,1.3923076923076925
13,31,3,20,23.92,1.1960000000000002
13,31,4,7,6.24,0.8914285714285715
13,32,0,9,43.16,4.795555555555556
13,32,1,11,49.12,4.465454545454545
13,32,2,17,33.02,1.9423529411764708
13,32,3,4,5.8,1.45
13,32,4,11,15.03,1.3663636363636362
13,34,0,7,6.74,0.9628571428571429
13,34,1,5,4.75,0.95
13,34,2,19,11.81,0.6215789473684211
13,34,3,15,6.97,0.4646666666666667
13,34,4,16,5.04,0.315
13,35,0,20,90.65,4.532500000000001
13,35,1,18,64.0,3.5555555555555554
13,35,2,6,16.74,2.7899999999999996
13,35,3,13,33.75,2.5961538461538463
13,35,4,19,35.36,1.8610526315789473
13,40,0,6,12.85,2.1416666666666666
13,40,1,20,34.41,1.7205
13,40,2,6,7.51,1.2516666666666667
13,40,3,9,3.86,0.4288888888888889
13,40,4,19,3.61,0.19
13,43,0,20,8.29,0.4145
13,43,1,19,6.46,0.34
13,43,2,12,3.05,0.25416666666666665
13,43,3,11,2.11,0.1918181818181818
13,43,4,5,0.16,0.032
13,45,0,5,15.46,3.092
13,45,1,13,29.46,2.266153846153846
13,45,2,6,7.14,1.19
13,45,3,3,3.01,1.0033333333333332
13,45,4,12,11.32,0.9433333333333334
13,47,0,7,31.72,4.531428571428571
13,47,1,4,13.9,3.475
13,47,2,1,1.47,1.47
13,47,3,20,19.34,0.967
13,47,4,5,3.97,0.794
13,48,0,17,101.09,5.946470588235294
13,48,1,1,5.8,5.8
13,48,2,1,2.74,2.74
13,48,3,18,40.02,2.2233333333333336
13,48,4,13,3.47,0.26692307692307693
13,49,0,4,16.49,4.1225
13,49,1,4,13.21,3.3025
13,49,2,6,17.01,2.8350000000000004
13,49,3,14,25.51,1.8221428571428573
13,49,4,4,6.32,1.58
13,52,0,6,31.25,5.208333333333333
13,52,1,12,51.34,4.278333333333333
13,52,2,1,1.49,1.49
13,52,3,9,12.84,1.4266666666666667
13,52,4,20,28.42,1.421
13,55,0,2,6.96,3.48
13,55,1,4,10.8,2.7
13,55,2,8,5.37,0.67125
13,55,3,19,10.32,0.5431578947368422
13,55,4,10,2.19,0.219
13,56,0,14,26.27,1.8764285714285713
13,56,1,2,2.34,1.17
13,56,2,15,16.99,1.1326666666666665
13,56,3,9,3.57,0.39666666666666667
13,56,4,4,0.92,0.23
13,59,0,14,75.23,5.373571428571429
13,59,1,12,31.88,2.6566666666666667
13,59,2,6,8.83,1.4716666666666667
13,59,3,5,6.72,1.3439999999999999
13,59,4,18,18.26,1.0144444444444445
13,60,0,3,13.67,4.556666666666667
13,60,1,13,55.76,4.289230769230769
13,60,2,4,11.97,2.9925
13,60,3,16,23.99,1.499375
13,60,4,5,4.36,0.8720000000000001
13,62,0,16,67.49,4.218125
13,62,1,19,74.45,3.918421052631579
13,62,2,10,14.58,1.458
13,62,3,4,5.46,1.365
13,62,4,16,19.86,1.24125
13,64,0,18,16.59,0.9216666666666666
13,64,1,19,16.08,0.8463157894736841
13,64,2,11,2.79,0.25363636363636366
13,64,3,8,1.69,0.21125
13,64,4,1,0.09,0.09
13,66,0,20,150.36,7.518000000000001
13,66,1,10,69.69,6.968999999999999
13,66,2,11,69.67,6.333636363636364
13,66,3,2,10.24,5.12
13,66,4,9,5.76,0.64
13,67,0,11,52.61,4.782727272727272
13,67,1,18,83.18,4.621111111111111
13,67,2,5,17.99,3.598
13,67,3,17,56.14,3.3023529411764705
13,67,4,18,39.98,2.221111111111111
13,69,0,6,26.82,4.47
13,69,1,7,31.09,4.441428571428571
13,69,2,8,30.38,3.7975
13,69,3,17,21.34,1.255294117647059
13,69,4,18,16.12,0.8955555555555557
13,70,0,1,1.24,1.24
13,70,1,3,3.31,1.1033333333333333
13,70,2,16,13.82,0.86375
13,70,3,4,1.13,0.2825
13,70,4,19,1.55,0.08157894736842106
13,71,0,5,45.32,9.064
13,71,1,9,47.68,5.297777777777778
13,71,2,20,95.13,4.7565
13,71,3,13,33.99,2.6146153846153846
13,71,4,1,2.44,2.44
13,73,0,1,11.86,11.86
13,73,1,2,21.73,10.865
13,73,2,13,89.6,6.892307692307692
13,73,3,4,16.05,4.0125
13,73,4,10,14.79,1.4789999999999999
13,79,0,18,230.08,12.782222222222224
13,79,1,1,8.9,8.9
13,79,2,16,95.43,5.964375
13,79,3,11,63.54,5.776363636363636
13,79,4,5,17.38,3.476
13,82,0,15,148.54,9.902666666666667
13,82,1,10,98.6,9.86
13,82,2,8,45.2,5.65
13,82,3,1,5.23,5.23
13,82,4,4,18.36,4.59
13,83,0,5,39.16,7.831999999999999
13,83,1,15,76.77,5.117999999999999
13,83,2,20,78.54,3.9270000000000005
13,83,3,3,3.36,1.1199999999999999
13,83,4,19,19.72,1.0378947368421052
13,86,0,12,136.3,11.358333333333334
13,86,1,14,137.92,9.85142857142857
13,86,2,6,50.44,8.406666666666666
13,86,3,6,11.18,1.8633333333333333
13,86,4,6,4.95,0.8250000000000001
13,88,0,12,46.66,3.888333333333333
13,88,1,16,56.77,3.548125
13,88,2,6,18.5,3.0833333333333335
13,88,3,15,37.09,2.472666666666667
13,88,4,8,17.54,2.1925
13,89,0,9,87.09,9.676666666666668
13,89,1,6,51.69,8.615
13,89,2,4,32.37,8.0925
13,89,3,4,14.31,3.5775
13,89,4,4,11.44,2.86
13,90,0,15,15.81,1.054
13,90,1,3,2.81,0.9366666666666666
13,90,2,18,8.61,0.4783333333333333
13,90,3,18,6.28,0.3488888888888889
13,90,4,4,0.92,0.23
13,93,0,20,149.3,7.465000000000001
13,93,1,2,12.02,6.01
13,93,2,6,17.1,2.85
13,93,3,14,24.61,1.7578571428571428
13,93,4,12,12.36,1.03
13,94,0,20,90.41,4.5205
13,94,1,19,29.93,1.575263157894737
13,94,2,13,9.3,0.7153846153846154
13,94,3,3,1.7,0.5666666666666667
13,94,4,8,3.64,0.455
13,95,0,14,13.03,0.9307142857142857
13,95,1,7,5.71,0.8157142857142857
13,95,2,4,3.08,0.77
13,95,3,1,0.31,0.31
13,95,4,13,0.99,0.07615384615384616
13,97,0,20,107.35,5.3675
13,97,1,13,62.79,4.83
13,97,2,3,12.77,4.256666666666667
13,97,3,19,66.97,3.524736842105263
13,97,4,12,15.88,1.3233333333333335
13,99,0,4,8.06,2.015
13,99,1,10,17.18,1.718
13,99,2,9,14.98,1.6644444444444444
13,99,3,17,23.19,1.3641176470588237
13,99,4,7,2.39,0.34142857142857147
14,0,0,5,10.73,2.146
14,0,1,14,27.31,1.9507142857142856
14,0,2,14,21.53,1.537857142857143
14,0,3,10,6.84,0.6839999999999999
14,0,4,17,11.01,0.6476470588235294
14,1,0,7,3.39,0.4842857142857143
14,1,1,12,4.8,0.39999999999999997
14,1,2,19,4.93,0.2594736842105263
14,1,3,1,0.08,0.08
14,1,4,16,1.22,0.07625
14,3,0,11,9.45,0.859090909090909
14,3,1,14,11.47,0.8192857142857143
14,3,2,15,11.36,0.7573333333333333
14,3,3,16,9.14,0.57125
14,3,4,2,0.57,0.285
14,6,0,13,81.89,6.299230769230769
14,6,1,7,17.96,2.565714285714286
14,6,2,17,24.03,1.413529411764706
14,6,3,15,7.43,0.4953333333333333
14,6,4,11,4.9,0.4454545454545455
14,9,0,10,40.23,4.023
14,9,1,2,5.67,2.835
14,9,2,5,4.57,0.914
14,9,3,1,0.91,0.91
14,9,4,7,4.43,0.6328571428571428
14,10,0,18,116.89,6.493888888888889
14,10,1,8,49.99,6.24875
14,10,2,7,38.12,5.445714285714286
14,10,3,14,55.85,3.9892857142857143
14,10,4,20,26.04,1.302
14,12,0,16,72.64,4.54
14,12,1,15,64.64,4.309333333333333
14,12,2,5,16.6,3.3200000000000003
14,12,3,18,44.72,2.4844444444444442
14,12,4,15,29.59,1.9726666666666666
14,13,0,20,13.53,0.6765
14,13,1,6,3.17,0.5283333333333333
14,13,2,11,0.89,0.08090909090909092
14,13,3,14,0.92,0.06571428571428571
14,13,4,7,0.39,0.055714285714285716
14,16,0,14,47.39,3.3850000000000002
14,16,1,4,12.78,3.195
14,16,2,4,8.91,2.2275
14,16,3,16,9.6,0.6
14,16,4,9,3.7,0.41111111111111115
14,17,0,1,2.41,2.41
14,17,1,15,33.05,2.203333333333333
14,17,2,6,13.18,2.1966666666666668
14,17,3,16,28.02,1.75125
14,17,4,15,19.6,1.3066666666666669
14,18,0,5,13.9,2.7800000000000002
14,18,1,3,6.65,2.216666666666667
14,18,2,12,25.7,2.1416666666666666
14,18,3,15,22.86,1.524
14,18,4,4,3.53,0.8825
14,20,0,9,31.32,3.48
14,20,1,3,10.43,3.4766666666666666
14,20,2,18,50.94,2.83
14,20,3,4,5.38,1.345
14,20,4,8,8.5,1.0625
14,23,0,17,135.11,7.94764705882353
14,23,1,6,42.29,7.048333333333333
14,23,2,14,58.54,4.1814285714285715
14,23,3,3,3.74,1.2466666666666668
14,23,4,4,3.68,0.92
14,27,0,6,27.08,4.513333333333333
14,27,1,3,13.01,4.336666666666667
14,27,2,9,36.6,4.066666666666666
14,27,3,2,4.26,2.13
14,27,4,2,2.28,1.14
14,31,0,11,25.3,2.3000000000000003
14,31,1,12,20.6,1.7166666666666668
14,31,2,11,16.83,1.5299999999999998
14,31,3,18,26.49,1.4716666666666667
14,31,4,19,23.94,1.26
14,32,0,14,53.02,3.7871428571428574
14,32,1,11,36.21,3.291818181818182
14,32,2,17,46.67,2.745294117647059
14,32,3,13,32.25,2.480769230769231
14,32,4,1,1.27,1.27
14,34,0,17,31.44,1.8494117647058825
14,34,1,12,20.84,1.7366666666666666
14,34,2,6,4.37,0.7283333333333334
14,34,3,1,0.64,0.64
14,34,4,5,2.63,0.526
14,35,0,9,29.71,3.301111111111111
14,35,1,16,43.1,2.69375
14,35,2,18,46.96,2.608888888888889
14,35,3,7,14.89,2.1271428571428572
14,35,4,8,15.22,1.9025
14,40,0,8,14.19,1.77375
14,40,1,10,16.41,1.641
14,40,2,1,0.72,0.72
14,40,3,12,6.18,0.515
14,40,4,20,2.26,0.11299999999999999
14,43,0,12,2.75,0.22916666666666666
14,43,1,9,1.44,0.16
14,43,2,13,1.98,0.1523076923076923
14,43,3,7,1.02,0.1457142857142857
14,43,4,16,0.41,0.025625
14,45,0,17,58.27,3.4276470588235295
14,45,1,15,50.95,3.396666666666667
14,45,2,5,2.45,0.49000000000000005
14,45,3,4,1.65,0.4125
14,45,4,8,3.09,0.38625
14,47,0,6,24.66,4.11
14,47,1,10,37.04,3.7039999999999997
14,47,2,17,53.18,3.1282352941176472
14,47,3,11,20.5,1.8636363636363635
14,47,4,6,9.02,1.5033333333333332
14,48,0,11,36.2,3.290909090909091
14,48,1,16,42.31,2.644375
14,48,2,5,10.05,2.0100000000000002
14,48,3,15,19.19,1.2793333333333334
14,48,4,4,4.09,1.0225
14,49,0,7,17.0,2.4285714285714284
14,49,1,3,7.1,2.3666666666666667
14,49,2,11,13.14,1.1945454545454546
14,49,3,11,13.01,1.1827272727272726
14,49,4,20,19.87,0.9935
14,52,0,6,31.28,5.213333333333334
14,52,1,11,45.62,4.147272727272727
14,52,2,9,36.47,4.052222222222222
14,52,3,10,28.2,2.82
14,52,4,15,11.96,0.7973333333333333
14,55,0,16,61.99,3.874375
14,55,1,2,7.54,3.77
14,55,2,11,33.61,3.055454545454545
14,55,3,12,21.94,1.8283333333333334
14,55,4,1,0.85,0.85
14,56,0,1,4.5,4.5
14,56,1,15,60.87,4.058
14,56,2,14,13.62,0.9728571428571428
14,56,3,14,13.37,0.955
14,56,4,2,0.61,0.305
14,59,0,9,45.07,5.007777777777778
14,59,1,11,42.69,3.880909090909091
14,59,2,8,12.45,1.55625
14,59,3,6,8.49,1.415
14,59,4,7,6.87,0.9814285714285714
14,60,0,18,91.28,5.071111111111112
14,60,1,11,52.83,4.802727272727273
14,60,2,17,42.52,2.5011764705882356
14,60,3,16,33.58,2.09875
14,60,4,10,2.49,0.24900000000000003
14,62,0,17,62.95,3.7029411764705884
14,62,1,7,25.71,3.672857142857143
14,62,2,1,2.86,2.86
14,62,3,17,41.99,2.47
14,62,4,3,2.95,0.9833333333333334
14,64,0,13,2.55,0.19615384615384615
14,64,1,7,1.06,0.15142857142857144
14,64,2,15,0.71,0.04733333333333333
14,64,3,3,0.1,0.03333333333333333
14,64,4,20,0.65,0.0325
14,66,0,3,17.84,5.946666666666666
14,66,1,5,23.97,4.794
14,66,2,20,78.33,3.9165
14,66,3,7,21.71,3.1014285714285714
14,66,4,11,20.42,1.8563636363636364
14,67,0,7,38.77,5.538571428571429
14,67,1,14,69.76,4.982857142857143
14,67,2,13,53.59,4.122307692307692
14,67,3,3,12.33,4.11
14,67,4,20,59.65,2.9825
14,69,0,12,38.52,3.2100000000000004
14,69,1,8,24.12,3.015
14,69,2,4,10.08,2.52
14,69,3,16,21.72,1.3575
14,69,4,17,11.71,0.6888235294117647
14,70,0,19,12.71,0.6689473684210526
14,70,1,18,6.37,0.3538888888888889
14,70,2,11,2.68,0.24363636363636365
14,70,3,13,1.76,0.13538461538461538
14,70,4,2,0.27,0.135
14,71,0,7,76.12,10.874285714285715
14,71,1,14,151.61,10.829285714285716
14,71,2,3,26.81,8.936666666666666
14,71,3,3,24.52,8.173333333333334
14,71,4,3,9.31,3.1033333333333335
14,73,0,20,197.9,9.895
14,73,1,14,88.61,6.329285714285715
14,73,2,18,91.59,5.088333333333334
14,73,3,7,20.94,2.9914285714285715
14,73,4,7,9.18,1.3114285714285714
14,79,0,17,217.25,12.779411764705882
14,79,1,1,11.64,11.64
14,79,2,14,81.62,5.83
14,79,3,18,71.74,3.985555555555555
14,79,4,9,30.14,3.348888888888889
14,82,0,6,39.82,6.636666666666667
14,82,1,1,6.62,6.62
14,82,2,14,90.13,6.437857142857142
14,82,3,3,15.98,5.326666666666667
14,82,4,8,3.87,0.48375
14,83,0,3,18.71,6.236666666666667
14,83,1,6,35.02,5.836666666666667
14,83,2,16,74.76,4.6725
14,83,3,9,12.77,1.4188888888888889
14,83,4,8,10.98,1.3725
14,86,0,15,179.28,11.952
14,86,1,8,85.49,10.68625
14,86,2,11,112.51,10.228181818181818
14,86,3,16,107.5,6.71875
14,86,4,19,72.74,3.8284210526315787
14,88,0,1,3.29,3.29
14,88,1,3,8.36,2.7866666666666666
14,88,2,7,16.6,2.3714285714285714
14,88,3,4,4.58,1.145
14,88,4,10,4.24,0.42400000000000004
14,89,0,20,205.61,10.2805
14,89,1,6,50.29,8.381666666666666
14,89,2,10,81.42,8.142
14,89,3,16,91.08,5.6925
14,89,4,9,34.97,3.8855555555555554
14,90,0,19,17.56,0.9242105263157894
14,90,1,14,5.65,0.4035714285714286
14,90,2,5,1.65,0.32999999999999996
14,90,3,12,3.67,0.30583333333333335
14,90,4,3,0.45,0.15
14,93,0,20,201.65,10.0825
14,93,1,17,132.04,7.767058823529411
14,93,2,19,130.16,6.850526315789473
14,93,3,8,43.04,5.38
14,93,4,2,6.63,3.315
14,94,0,4,18.5,4.625
14,94,1,6,23.61,3.935
14,94,2,15,46.29,3.086
14,94,3,20,52.59,2.6295
14,94,4,20,28.55,1.4275
14,95,0,20,17.42,0.8710000000000001
14,95,1,19,11.76,0.6189473684210526
14,95,2,14,8.08,0.5771428571428572
14,95,3,6,2.57,0.4283333333333333
14,95,4,10,3.54,0.354
14,97,0,19,96.98,5.104210526315789
14,97,1,13,51.39,3.953076923076923
14,97,2,15,56.13,3.742
14,97,3,10,36.07,3.607
14,97,4,19,57.58,3.0305263157894737
14,99,0,14,25.99,1.8564285714285713
14,99,1,3,5.51,1.8366666666666667
14,99,2,14,20.81,1.4864285714285714
14,99,3,20,4.24,0.21200000000000002
14,99,4,1,0.13,0.13
16,0,0,14,34.86,2.4899999999999998
16,0,1,8,16.2,2.025
16,0,2,19,33.19,1.7468421052631578
16,0,3,6,6.69,1.115
16,0,4,20,20.49,1.0245
16,1,0,16,50.17,3.135625
16,1,1,19,47.56,2.5031578947368422
16,1,2,1,0.84,0.84
16,1,3,16,12.63,0.789375
16,1,4,9,3.95,0.4388888888888889
16,3,0,9,24.58,2.731111111111111
16,3,1,15,35.86,2.3906666666666667
16,3,2,10,18.61,1.861
16,3,3,13,21.89,1.683846153846154
16,3,4,13,4.03,0.31
16,6,0,1,4.75,4.75
16,6,1,17,72.15,4.2441176470588236
16,6,2,8,17.02,2.1275
16,6,3,9,16.75,1.8611111111111112
16,6,4,17,24.99,1.47
16,9,0,11,30.7,2.790909090909091
16,9,1,17,42.3,2.488235294117647
16,9,2,1,2.18,2.18
16,9,3,10,11.19,1.119
16,9,4,1,0.78,0.78
16,10,0,10,35.97,3.597
16,10,1,13,46.75,3.5961538461538463
16,10,2,12,40.57,3.3808333333333334
16,10,3,4,12.49,3.1225
16,10,4,16,17.82,1.11375
16,12,0,17,33.11,1.9476470588235293
16,12,1,7,11.21,1.6014285714285716
16,12,2,16,25.55,1.596875
16,12,3,12,11.42,0.9516666666666667
16,12,4,17,2.67,0.15705882352941175
16,13,0,9,25.34,2.8155555555555556
16,13,1,18,44.65,2.4805555555555556
16,13,2,15,27.71,1.8473333333333335
16,13,3,15,18.57,1.238
16,13,4,14,8.14,0.5814285714285715
16,14,0,13,23.45,1.8038461538461539
16,14,1,3,4.25,1.4166666666666667
16,14,2,6,7.15,1.1916666666666667
16,14,3,2,1.16,0.58
16,14,4,1,0.56,0.56
16,17,0,17,27.51,1.6182352941176472
16,17,1,20,16.45,0.8225
16,17,2,17,13.66,0.8035294117647059
16,17,3,18,13.04,0.7244444444444444
16,17,4,10,2.86,0.286
16,18,0,2,0.87,0.435
16,18,1,10,3.25,0.325
16,18,2,16,4.74,0.29625
16,18,3,18,5.13,0.285
16,18,4,1,0.11,0.11
16,20,0,5,15.67,3.134
16,20,1,15,29.76,1.9840000000000002
16,20,2,11,19.45,1.768181818181818
16,20,3,10,17.24,1.7239999999999998
16,20,4,2,1.86,0.93
16,23,0,7,49.39,7.055714285714286
16,23,1,5,31.25,6.25
16,23,2,6,29.68,4.946666666666666
16,23,3,2,9.39,4.695
16,23,4,2,1.44,0.72
16,27,0,12,28.67,2.3891666666666667
16,27,1,4,8.99,2.2475
16,27,2,7,14.21,2.0300000000000002
16,27,3,6,9.0,1.5
16,27,4,6,2.53,0.42166666666666663
16,31,0,20,59.81,2.9905
16,31,1,17,48.3,2.841176470588235
16,31,2,3,5.96,1.9866666666666666
16,31,3,9,16.86,1.8733333333333333
16,31,4,14,24.86,1.7757142857142856
16,32,0,18,88.48,4.915555555555556
16,32,1,2,5.95,2.975
16,32,2,20,42.23,2.1115
16,32,3,16,27.78,1.73625
16,32,4,4,4.79,1.1975
16,34,0,1,2.52,2.52
16,34,1,11,13.66,1.241818181818182
16,34,2,18,17.62,0.9788888888888889
16,34,3,14,10.1,0.7214285714285714
16,34,4,12,7.11,0.5925
16,35,0,3,7.56,2.52
16,35,1,3,5.34,1.78
16,35,2,9,7.77,0.8633333333333333
16,35,3,13,3.22,0.2476923076923077
16,35,4,18,2.75,0.1527777777777778
16,40,0,7,4.81,0.687142857142857
16,40,1,19,11.06,0.5821052631578948
16,40,2,6,2.26,0.37666666666666665
16,40,3,6,0.79,0.13166666666666668
16,40,4,1,0.1,0.1
16,43,0,20,51.57,2.5785
16,43,1,6,9.89,1.6483333333333334
16,43,2,3,4.1,1.3666666666666665
16,43,3,10,4.76,0.476
16,43,4,12,5.71,0.47583333333333333
16,45,0,19,28.97,1.5247368421052632
16,45,1,8,8.51,1.06375
16,45,2,8,8.05,1.00625
16,45,3,9,5.79,0.6433333333333333
16,45,4,7,3.53,0.5042857142857142
16,47,0,2,0.71,0.355
16,47,1,14,4.47,0.3192857142857143
16,47,2,2,0.52,0.26
16,47,3,5,0.72,0.144
16,47,4,17,1.01,0.05941176470588235
16,48,0,2,9.14,4.57
16,48,1,18,74.59,4.143888888888889
16,48,2,3,11.48,3.8266666666666667
16,48,3,12,23.14,1.9283333333333335
16,48,4,17,19.86,1.168235294117647
16,49,0,5,5.87,1.174
16,49,1,20,15.15,0.7575000000000001
16,49,2,18,3.73,0.20722222222222222
16,49,3,18,2.39,0.13277777777777777
16,49,4,3,0.19,0.06333333333333334
16,52,0,5,17.1,3.4200000000000004
16,52,1,7,20.35,2.9071428571428575
16,52,2,15,42.53,2.8353333333333333
16,52,3,1,1.54,1.54
16,52,4,11,11.5,1.0454545454545454
16,55,0,14,56.88,4.062857142857143
16,55,1,18,53.93,2.996111111111111
16,55,2,5,10.05,2.0100000000000002
16,55,3,4,1.73,0.4325
16,55,4,5,1.29,0.258
16,56,0,6,14.87,2.478333333333333
16,56,1,13,23.71,1.823846153846154
16,56,2,2,2.75,1.375
16,56,3,2,1.19,0.595
16,56,4,7,3.89,0.5557142857142857
16,59,0,5,26.21,5.242
16,59,1,15,63.38,4.225333333333333
16,59,2,15,35.02,2.3346666666666667
16,59,3,16,21.9,1.36875
16,59,4,10,3.04,0.304
16,60,0,15,32.75,2.183333333333333
16,60,1,7,9.84,1.4057142857142857
16,60,2,3,3.4,1.1333333333333333
16,60,3,6,6.2,1.0333333333333334
16,60,4,9,8.35,0.9277777777777777
16,62,0,3,4.26,1.42
16,62,1,18,23.7,1.3166666666666667
16,62,2,2,1.48,0.74
16,62,3,9,5.75,0.6388888888888888
16,62,4,10,3.84,0.384
16,64,0,8,23.37,2.92125
16,64,1,8,19.18,2.3975
16,64,2,15,35.9,2.393333333333333
16,64,3,18,42.4,2.3555555555555556
16,64,4,7,11.76,1.68
16,66,0,16,81.44,5.09
16,66,1,10,50.58,5.058
16,66,2,6,9.58,1.5966666666666667
16,66,3,11,10.25,0.9318181818181818
16,66,4,10,7.02,0.702
16,67,0,9,43.82,4.868888888888889
16,67,1,4,18.79,4.6975
16,67,2,7,20.05,2.8642857142857143
16,67,3,11,13.99,1.2718181818181817
16,67,4,5,1.27,0.254
16,69,0,9,17.16,1.9066666666666667
16,69,1,1,1.33,1.33
16,69,2,3,2.83,0.9433333333333334
16,69,3,14,8.72,0.6228571428571429
16,69,4,19,10.75,0.5657894736842105
16,70,0,11,28.1,2.5545454545454547
16,70,1,4,5.14,1.285
16,70,2,18,22.05,1.225
16,70,3,7,4.48,0.64
16,70,4,16,7.61,0.475625
16,71,0,20,125.92,6.296
16,71,1,5,29.89,5.978
16,71,2,1,4.75,4.75
16,71,3,10,25.35,2.535
16,71,4,16,26.43,1.651875
16,73,0,20,221.39,11.0695
16,73,1,19,129.82,6.832631578947368
16,73,2,14,65.78,4.698571428571428
16,73,3,12,42.96,3.58
16,73,4,18,62.84,3.4911111111111115
16,79,0,17,180.92,10.642352941176469
16,79,1,15,81.19,5.4126666666666665
16,79,2,1,2.72,2.72
16,79,3,12,22.3,1.8583333333333334
16,79,4,7,4.49,0.6414285714285715
16,82,0,8,70.73,8.84125
16,82,1,19,112.67,5.93
16,82,2,11,49.55,4.504545454545454
16,82,3,1,4.43,4.43
16,82,4,5,17.73,3.5460000000000003
16,83,0,6,22.28,3.7133333333333334
16,83,1,9,31.66,3.517777777777778
16,83,2,9,25.54,2.8377777777777777
16,83,3,10,14.03,1.403
16,83,4,2,0.88,0.44
16,86,0,10,94.05,9.405
16,86,1,13,86.58,6.66
16,86,2,4,14.01,3.5025
16,86,3,4,7.58,1.895
16,86,4,19,33.75,1.7763157894736843
16,88,0,9,31.34,3.482222222222222
16,88,1,16,55.33,3.458125
16,88,2,17,36.22,2.1305882352941174
16,88,3,6,11.62,1.9366666666666665
16,88,4,13,19.94,1.5338461538461539
16,89,0,10,86.0,8.6
16,89,1,1,6.51,6.51
16,89,2,15,67.31,4.487333333333334
16,89,3,13,11.56,0.8892307692307693
16,89,4,1,0.72,0.72
16,90,0,5,13.85,2.77
16,90,1,17,44.71,2.63
16,90,2,7,15.75,2.25
16,90,3,20,24.04,1.202
16,90,4,9,6.19,0.6877777777777778
16,93,0,15,132.84,8.856
16,93,1,6,50.76,8.459999999999999
16,93,2,15,124.16,8.277333333333333
16,93,3,19,103.4,5.442105263157895
16,93,4,2,1.04,0.52
16,94,0,4,18.28,4.57
16,94,1,12,40.77,3.3975000000000004
16,94,2,8,23.13,2.89125
16,94,3,13,25.79,1.9838461538461538
16,94,4,18,23.25,1.2916666666666667
16,95,0,1,2.75,2.75
16,95,1,19,39.86,2.0978947368421053
16,95,2,8,15.61,1.95125
16,95,3,10,10.61,1.061
16,95,4,9,3.62,0.40222222222222226
16,97,0,2,2.7,1.35
16,97,1,14,11.46,0.8185714285714286
16,97,2,14,8.63,0.6164285714285714
16,97,3,8,3.92,0.49
16,97,4,6,2.6,0.43333333333333335
16,99,0,17,39.34,2.314117647058824
16,99,1,8,16.43,2.05375
16,99,2,6,12.07,2.0116666666666667
16,99,3,19,11.31,0.5952631578947368
16,99,4,1,0.36,0.36
17,0,0,2,1.3,0.65
17,0,1,15,9.55,0.6366666666666667
17,0,2,18,7.43,0.41277777777777774
17,0,3,14,5.57,0.39785714285714285
17,0,4,5,1.74,0.348
17,1,0,16,32.31,2.019375
17,1,1,14,24.35,1.7392857142857143
17,1,2,7,11.92,1.7028571428571428
17,1,3,12,18.42,1.5350000000000001
17,1,4,5,4.7,0.9400000000000001
17,3,0,2,1.81,0.905
17,3,1,19,14.44,0.76
17,3,2,20,14.27,0.7135
17,3,3,16,10.62,0.66375
17,3,4,4,2.36,0.59
17,6,0,14,67.58,4.827142857142857
17,6,1,9,39.05,4.338888888888889
17,6,2,5,17.57,3.5140000000000002
17,6,3,9,24.95,2.772222222222222
17,6,4,8,21.48,2.685
17,9,0,8,29.85,3.73125
17,9,1,1,3.42,3.42
17,9,2,12,24.13,2.0108333333333333
17,9,3,12,23.81,1.9841666666666666
17,9,4,8,8.52,1.065
17,10,0,8,26.69,3.33625
17,10,1,15,44.82,2.988
17,10,2,19,29.79,1.5678947368421052
17,10,3,16,18.67,1.166875
17,10,4,7,4.09,0.5842857142857143
17,12,0,19,27.12,1.4273684210526316
17,12,1,16,22.31,1.394375
17,12,2,11,5.14,0.46727272727272723
17,12,3,20,4.9,0.24500000000000002
17,12,4,10,1.92,0.192
17,13,0,4,7.25,1.8125
17,13,1,9,8.11,0.9011111111111111
17,13,2,12,10.04,0.8366666666666666
17,13,3,20,8.75,0.4375
17,13,4,8,2.07,0.25875
17,14,0,1,1.98,1.98
17,14,1,19,34.87,1.8352631578947367
17,14,2,10,16.05,1.605
17,14,3,18,22.44,1.2466666666666668
17,14,4,16,3.03,0.189375
17,16,0,7,13.31,1.9014285714285715
17,16,1,4,3.67,0.9175
17,16,2,11,5.21,0.47363636363636363
17,16,3,19,3.98,0.2094736842105263
17,16,4,17,2.18,0.12823529411764706
17,18,0,1,1.01,1.01
17,18,1,19,18.22,0.9589473684210525
17,18,2,1,0.72,0.72
17,18,3,7,2.61,0.37285714285714283
17,18,4,13,2.95,0.22692307692307695
17,20,0,7,12.55,1.792857142857143
17,20,1,16,14.33,0.895625
17,20,2,9,6.05,0.6722222222222222
17,20,3,15,10.07,0.6713333333333333
17,20,4,8,2.75,0.34375
17,23,0,5,21.3,4.26
17,23,1,12,49.7,4.141666666666667
17,23,2,11,30.37,2.760909090909091
17,23,3,6,11.76,1.96
17,23,4,13,10.03,0.7715384615384615
17,27,0,10,36.1,3.6100000000000003
17,27,1,18,59.84,3.3244444444444445
17,27,2,15,36.2,2.4133333333333336
17,27,3,18,41.9,2.3277777777777775
17,27,4,12,24.47,2.0391666666666666
17,31,0,7,9.51,1.3585714285714285
17,31,1,2,1.86,0.93
17,31,2,12,7.64,0.6366666666666666
17,31,3,2,1.19,0.595
17,31,4,2,0.58,0.29
17,32,0,15,55.05,3.67
17,32,1,11,29.58,2.689090909090909
17,32,2,7,18.66,2.665714285714286
17,32,3,10,22.03,2.2030000000000003
17,32,4,10,3.23,0.323
17,34,0,6,7.85,1.3083333333333333
17,34,1,20,25.94,1.2970000000000002
17,34,2,10,9.93,0.993
17,34,3,2,1.64,0.82
17,34,4,5,1.79,0.358
17,35,0,5,6.45,1.29
17,35,1,13,15.7,1.2076923076923076
17,35,2,15,16.75,1.1166666666666667
17,35,3,13,6.98,0.536923076923077
17,35,4,5,2.13,0.426
17,40,0,7,5.79,0.8271428571428572
17,40,1,19,13.69,0.7205263157894737
17,40,2,18,8.23,0.45722222222222225
17,40,3,6,2.4,0.39999999999999997
17,40,4,8,1.79,0.22375
17,43,0,9,21.27,2.3633333333333333
17,43,1,18,37.09,2.0605555555555557
17,43,2,12,17.67,1.4725000000000001
17,43,3,14,19.22,1.3728571428571428
17,43,4,1,0.55,0.55
17,45,0,4,5.16,1.29
17,45,1,17,14.19,0.8347058823529412
17,45,2,18,10.64,0.5911111111111111
17,45,3,5,2.86,0.572
17,45,4,4,1.63,0.4075
17,47,0,12,18.46,1.5383333333333333
17,47,1,18,26.23,1.4572222222222222
17,47,2,2,1.99,0.995
17,47,3,4,3.56,0.89
17,47,4,12,8.41,0.7008333333333333
17,48,0,19,34.44,1.8126315789473684
17,48,1,14,20.61,1.4721428571428572
17,48,2,13,11.5,0.8846153846153846
17,48,3,10,7.18,0.718
17,48,4,15,5.99,0.3993333333333334
17,49,0,5,4.84,0.968
17,49,1,13,9.27,0.713076923076923
17,49,2,13,8.95,0.6884615384615385
17,49,3,8,4.39,0.54875
17,49,4,12,4.65,0.3875
17,52,0,4,9.71,2.4275
17,52,1,13,27.17,2.0900000000000003
17,52,2,12,19.83,1.6524999999999999
17,52,3,1,1.28,1.28
17,52,4,14,6.8,0.4857142857142857
17,55,0,8,19.33,2.41625
17,55,1,2,2.03,1.015
17,55,2,14,12.03,0.8592857142857142
17,55,3,4,1.93,0.4825
17,55,4,2,0.3,0.15
17,56,0,11,28.1,2.5545454545454547
17,56,1,9,21.32,2.368888888888889
17,56,2,2,4.02,2.01
17,56,3,8,14.87,1.85875
17,56,4,8,13.95,1.74375
17,59,0,14,51.01,3.6435714285714282
17,59,1,1,3.4,3.4
17,59,2,12,19.91,1.6591666666666667
17,59,3,13,19.0,1.4615384615384615
17,59,4,19,27.37,1.4405263157894737
17,60,0,2,5.55,2.775
17,60,1,9,23.01,2.5566666666666666
17,60,2,18,42.64,2.368888888888889
17,60,3,12,16.49,1.3741666666666665
17,60,4,3,1.0,0.3333333333333333
17,62,0,10,14.86,1.486
17,62,1,20,17.96,0.898
17,62,2,5,3.7,0.74
17,62,3,16,8.99,0.561875
17,62,4,13,2.0,0.15384615384615385
17,64,0,10,12.41,1.241
17,64,1,7,7.01,1.0014285714285713
17,64,2,18,16.74,0.9299999999999999
17,64,3,12,10.77,0.8975
17,64,4,5,2.51,0.502
17,66,0,10,42.75,4.275
17,66,1,20,85.37,4.2685
17,66,2,9,14.38,1.597777777777778
17,66,3,12,13.21,1.1008333333333333
17,66,4,19,18.21,0.958421052631579
17,67,0,3,9.82,3.2733333333333334
17,67,1,14,26.03,1.8592857142857144
17,67,2,8,13.27,1.65875
17,67,3,4,1.79,0.4475
17,67,4,3,1.29,0.43
17,69,0,10,17.62,1.762
17,69,1,1,1.2,1.2
17,69,2,15,11.48,0.7653333333333333
17,69,3,4,2.13,0.5325
17,69,4,2,0.54,0.27
17,70,0,6,9.64,1.6066666666666667
17,70,1,11,16.78,1.5254545454545456
17,70,2,1,0.87,0.87
17,70,3,9,7.38,0.82
17,70,4,18,4.52,0.25111111111111106
17,71,0,7,51.67,7.381428571428572
17,71,1,15,72.14,4.809333333333333
17,71,2,5,20.65,4.13
17,71,3,7,23.5,3.357142857142857
17,71,4,14,13.03,0.9307142857142857
17,73,0,2,18.78,9.39
17,73,1,2,13.13,6.565
17,73,2,18,74.66,4.147777777777778
17,73,3,8,28.86,3.6075
17,73,4,11,10.8,0.9818181818181819
17,79,0,7,74.26,10.608571428571429
17,79,1,16,57.77,3.610625
17,79,2,8,26.11,3.26375
17,79,3,10,20.73,2.073
17,79,4,4,4.95,1.2375
17,82,0,4,21.13,5.2825
17,82,1,14,72.88,5.2057142857142855
17,82,2,2,10.08,5.04
17,82,3,18,82.3,4.572222222222222
17,82,4,8,30.43,3.80375
17,83,0,15,68.15,4.543333333333334
17,83,1,8,31.69,3.96125
17,83,2,4,7.01,1.7525
17,83,3,5,8.75,1.75
17,83,4,19,12.49,0.6573684210526316
17,86,0,8,84.54,10.5675
17,86,1,4,37.36,9.34
17,86,2,6,49.18,8.196666666666667
17,86,3,16,85.06,5.31625
17,86,4,9,32.26,3.5844444444444443
17,88,0,4,6.06,1.515
17,88,1,12,16.61,1.3841666666666665
17,88,2,7,7.35,1.05
17,88,3,16,13.34,0.83375
17,88,4,7,1.98,0.28285714285714286
17,89,0,20,126.43,6.3215
17,89,1,8,49.97,6.24625
17,89,2,8,41.63,5.20375
17,89,3,13,29.98,2.306153846153846
17,89,4,12,14.32,1.1933333333333334
17,90,0,20,27.53,1.3765
17,90,1,2,1.87,0.935
17,90,2,19,14.14,0.7442105263157895
17,90,3,19,12.97,0.6826315789473685
17,90,4,18,3.57,0.19833333333333333
17,93,0,16,126.7,7.91875
17,93,1,17,123.23,7.248823529411765
17,93,2,8,45.88,5.735
17,93,3,12,36.48,3.0399999999999996
17,93,4,9,10.7,1.1888888888888889
17,94,0,19,33.98,1.7884210526315787
17,94,1,17,26.42,1.5541176470588236
17,94,2,8,11.56,1.445
17,94,3,4,4.4,1.1
17,94,4,17,4.52,0.26588235294117646
17,95,0,10,14.55,1.455
17,95,1,4,4.59,1.1475
17,95,2,13,5.88,0.4523076923076923
17,95,3,9,3.21,0.3566666666666667
17,95,4,1,0.24,0.24
17,97,0,5,13.57,2.714
17,97,1,11,23.1,2.1
17,97,2,8,11.85,1.48125
17,97,3,5,7.01,1.402
17,97,4,5,6.47,1.294
17,99,0,3,2.11,0.7033333333333333
17,99,1,6,4.07,0.6783333333333333
17,99,2,2,1.27,0.635
17,99,3,1,0.57,0.57
17,99,4,15,8.18,0.5453333333333333
18,0,0,7,12.67,1.81
18,0,1,20,34.03,1.7015
18,0,2,13,20.44,1.5723076923076924
18,0,3,1,1.32,1.32
18,0,4,16,6.44,0.4025
18,1,0,2,5.88,2.94
18,1,1,17,23.57,1.3864705882352941
18,1,2,13,13.8,1.0615384615384615
18,1,3,20,4.0,0.2
18,1,4,20,3.01,0.1505
18,3,0,20,37.17,1.8585
18,3,1,3,5.08,1.6933333333333334
18,3,2,16,22.55,1.409375
18,3,3,7,8.62,1.2314285714285713
18,3,4,7,6.84,0.9771428571428571
18,6,0,20,70.21,3.5104999999999995
18,6,1,18,52.1,2.8944444444444444
18,6,2,9,23.12,2.568888888888889
18,6,3,7,11.92,1.7028571428571428
18,6,4,2,2.38,1.19
18,9,0,15,46.69,3.1126666666666667
18,9,1,14,38.34,2.738571428571429
18,9,2,12,22.69,1.8908333333333334
18,9,3,2,3.42,1.71
18,9,4,11,13.9,1.2636363636363637
18,10,0,2,7.47,3.735
18,10,1,12,41.1,3.4250000000000003
18,10,2,16,48.77,3.048125
18,10,3,20,36.18,1.809
18,10,4,7,8.7,1.2428571428571427
18,12,0,2,3.14,1.57
18,12,1,18,26.93,1.4961111111111112
18,12,2,18,22.21,1.233888888888889
18,12,3,10,12.21,1.221
18,12,4,9,6.0,0.6666666666666666
18,13,0,12,33.83,2.8191666666666664
18,13,1,11,30.69,2.79
18,13,2,1,2.62,2.62
18,13,3,1,0.87,0.87
18,13,4,5,2.46,0.492
18,14,0,7,12.91,1.8442857142857143
18,14,1,5,8.12,1.6239999999999999
18,14,2,19,25.11,1.321578947368421
18,14,3,1,0.47,0.47
18,14,4,2,0.88,0.44
18,16,0,4,2.88,0.72
18,16,1,18,12.46,0.6922222222222223
18,16,2,6,3.8,0.6333333333333333
18,16,3,17,9.47,0.5570588235294118
18,16,4,18,9.38,0.5211111111111112
18,17,0,4,3.71,0.9275
18,17,1,8,7.13,0.89125
18,17,2,2,1.32,0.66
18,17,3,8,1.76,0.22
18,17,4,19,3.43,0.1805263157894737
18,20,0,16,34.18,2.13625
18,20,1,3,5.56,1.8533333333333333
18,20,2,19,33.0,1.736842105263158
18,20,3,5,5.68,1.136
18,20,4,16,13.08,0.8175
18,23,0,20,102.84,5.142
18,23,1,4,17.91,4.4775
18,23,2,5,17.22,3.444
18,23,3,7,10.92,1.56
18,23,4,4,3.48,0.87
18,27,0,14,42.63,3.0450000000000004
18,27,1,2,2.04,1.02
18,27,2,13,7.71,0.5930769230769231
18,27,3,17,7.78,0.4576470588235294
18,27,4,2,0.47,0.235
18,31,0,15,33.47,2.231333333333333
18,31,1,17,34.78,2.0458823529411765
18,31,2,3,5.75,1.9166666666666667
18,31,3,16,16.75,1.046875
18,31,4,15,10.9,0.7266666666666667
18,32,0,13,18.47,1.4207692307692308
18,32,1,10,12.53,1.253
18,32,2,11,11.94,1.0854545454545454
18,32,3,6,4.36,0.7266666666666667
18,32,4,18,5.87,0.32611111111111113
18,34,0,12,25.0,2.0833333333333335
18,34,1,7,12.85,1.8357142857142856
18,34,2,13,20.15,1.5499999999999998
18,34,3,20,29.09,1.4545
18,34,4,4,2.09,0.5225
18,35,0,20,31.45,1.5725
18,35,1,15,22.9,1.5266666666666666
18,35,2,11,13.92,1.2654545454545454
18,35,3,12,14.12,1.1766666666666665
18,35,4,10,7.0,0.7
18,40,0,4,1.51,0.3775
18,40,1,4,1.44,0.36
18,40,2,18,6.43,0.3572222222222222
18,40,3,11,3.91,0.35545454545454547
18,40,4,8,2.13,0.26625
18,43,0,20,58.97,2.9485
18,43,1,5,13.22,2.644
18,43,2,20,32.42,1.621
18,43,3,10,7.1,0.71
18,43,4,15,2.13,0.142
18,45,0,19,36.17,1.9036842105263159
18,45,1,11,20.71,1.8827272727272728
18,45,2,14,12.87,0.9192857142857143
18,45,3,7,6.05,0.8642857142857142
18,45,4,8,6.31,0.78875
18,47,0,17,23.52,1.383529411764706
18,47,1,14,14.46,1.032857142857143
18,47,2,19,14.05,0.7394736842105264
18,47,3,8,2.89,0.36125
18,47,4,10,1.34,0.134
18,48,0,19,64.73,3.406842105263158
18,48,1,19,59.14,3.1126315789473686
18,48,2,12,23.18,1.9316666666666666
18,48,3,18,30.38,1.6877777777777778
18,48,4,2,1.95,0.975
18,49,0,14,11.82,0.8442857142857143
18,49,1,17,13.29,0.7817647058823529
18,49,2,3,1.41,0.47
18,49,3,9,3.98,0.44222222222222224
18,49,4,2,0.63,0.315
18,52,0,1,2.74,2.74
18,52,1,3,7.18,2.393333333333333
18,52,2,9,14.33,1.5922222222222222
18,52,3,3,2.62,0.8733333333333334
18,52,4,20,14.57,0.7285
18,55,0,10,33.8,3.38
18,55,1,15,31.49,2.099333333333333
18,55,2,2,4.02,2.01
18,55,3,10,15.86,1.5859999999999999
18,55,4,19,9.68,0.5094736842105263
18,56,0,12,21.45,1.7874999999999999
18,56,1,20,35.4,1.77
18,56,2,19,28.16,1.4821052631578948
18,56,3,19,16.32,0.8589473684210527
18,56,4,12,4.66,0.38833333333333336
18,59,0,10,28.19,2.819
18,59,1,15,26.84,1.7893333333333332
18,59,2,18,18.53,1.0294444444444446
18,59,3,15,10.59,0.706
18,59,4,10,2.62,0.262
18,60,0,17,37.34,2.1964705882352944
18,60,1,20,38.09,1.9045
18,60,2,20,11.62,0.581
18,60,3,12,4.67,0.38916666666666666
18,60,4,11,4.12,0.37454545454545457
18,62,0,4,4.44,1.11
18,62,1,16,17.01,1.063125
18,62,2,15,5.88,0.392
18,62,3,10,1.32,0.132
18,62,4,7,0.49,0.06999999999999999
18,64,0,16,34.35,2.146875
18,64,1,11,11.61,1.0554545454545454
18,64,2,11,6.96,0.6327272727272727
18,64,3,20,11.96,0.5980000000000001
18,64,4,18,4.74,0.26333333333333336
18,66,0,8,37.11,4.63875
18,66,1,19,87.46,4.6031578947368414
18,66,2,3,10.17,3.39
18,66,3,14,28.54,2.0385714285714287
18,66,4,13,24.03,1.8484615384615386
18,67,0,8,29.75,3.71875
18,67,1,8,27.16,3.395
18,67,2,6,9.71,1.6183333333333334
18,67,3,7,9.01,1.2871428571428571
18,67,4,13,13.37,1.0284615384615383
18,69,0,17,38.11,2.241764705882353
18,69,1,16,32.41,2.025625
18,69,2,18,34.54,1.9188888888888889
18,69,3,7,9.55,1.3642857142857143
18,69,4,17,19.02,1.1188235294117648
18,70,0,19,36.8,1.9368421052631577
18,70,1,4,6.89,1.7225
18,70,2,20,34.38,1.719
18,70,3,20,28.37,1.4185
18,70,4,2,1.84,0.92
18,71,0,9,68.41,7.601111111111111
18,71,1,4,30.24,7.56
18,71,2,7,29.16,4.1657142857142855
18,71,3,1,1.68,1.68
18,71,4,4,5.07,1.2675
18,73,0,12,133.79,11.149166666666666
18,73,1,17,171.28,10.07529411764706
18,73,2,15,113.42,7.561333333333334
18,73,3,8,18.77,2.34625
18,73,4,3,5.52,1.8399999999999999
18,79,0,4,37.6,9.4
18,79,1,16,90.47,5.654375
18,79,2,19,77.33,4.07
18,79,3,12,22.75,1.8958333333333333
18,79,4,4,3.0,0.75
18,82,0,9,76.51,8.501111111111111
18,82,1,15,98.08,6.538666666666667
18,82,2,2,10.64,5.32
18,82,3,10,35.35,3.535
18,82,4,11,3.94,0.35818181818181816
18,83,0,8,33.51,4.18875
18,83,1,18,53.68,2.982222222222222
18,83,2,19,39.85,2.0973684210526318
18,83,3,10,7.48,0.748
18,83,4,6,2.54,0.42333333333333334
18,86,0,7,78.97,11.281428571428572
18,86,1,8,80.02,10.0025
18,86,2,9,36.12,4.013333333333333
18,86,3,2,4.64,2.32
18,86,4,13,18.92,1.4553846153846155
18,88,0,1,1.92,1.92
18,88,1,15,19.36,1.2906666666666666
18,88,2,18,19.53,1.085
18,88,3,20,17.08,0.8539999999999999
18,88,4,10,5.18,0.518
18,89,0,3,24.83,8.276666666666666
18,89,1,2,16.44,8.22
18,89,2,6,46.39,7.7316666666666665
18,89,3,19,122.55,6.45
18,89,4,5,23.59,4.718
18,90,0,9,24.04,2.671111111111111
18,90,1,11,26.92,2.4472727272727273
18,90,2,10,18.16,1.816
18,90,3,3,3.64,1.2133333333333334
18,90,4,6,4.71,0.785
18,93,0,17,81.71,4.806470588235293
18,93,1,12,50.1,4.175
18,93,2,5,20.06,4.012
18,93,3,15,44.48,2.965333333333333
18,93,4,13,13.99,1.0761538461538462
18,94,0,8,30.54,3.8175
18,94,1,13,45.21,3.477692307692308
18,94,2,4,10.91,2.7275
18,94,3,3,4.12,1.3733333333333333
18,94,4,15,6.91,0.46066666666666667
18,95,0,6,18.17,3.0283333333333338
18,95,1,12,35.03,2.919166666666667
18,95,2,19,54.98,2.8936842105263154
18,95,3,9,11.36,1.2622222222222221
18,95,4,3,3.54,1.18
18,97,0,9,21.35,2.3722222222222222
18,97,1,11,25.38,2.307272727272727
18,97,2,20,41.64,2.082
18,97,3,6,11.03,1.8383333333333332
18,97,4,11,14.58,1.3254545454545454
18,99,0,18,36.39,2.0216666666666665
18,99,1,4,7.04,1.76
18,99,2,8,8.73,1.09125
18,99,3,12,8.84,0.7366666666666667
18,99,4,20,9.32,0.466
20,0,0,3,4.61,1.5366666666666668
20,0,1,16,23.07,1.441875
20,0,2,17,19.55,1.1500000000000001
20,0,3,7,7.5,1.0714285714285714
20,0,4,5,4.9,0.9800000000000001
20,1,0,3,5.67,1.89
20,1,1,1,1.51,1.51
20,1,2,17,21.46,1.2623529411764707
20,1,3,15,8.15,0.5433333333333333
20,1,4,19,8.87,0.46684210526315784
20,3,0,13,36.44,2.803076923076923
20,3,1,8,21.18,2.6475
20,3,2,14,35.92,2.565714285714286
20,3,3,5,6.08,1.216
20,3,4,1,0.87,0.87
20,6,0,14,64.47,4.6049999999999995
20,6,1,16,60.78,3.79875
20,6,2,18,11.09,0.616111111111111
20,6,3,3,0.99,0.33
20,6,4,17,4.27,0.2511764705882353
20,9,0,4,15.51,3.8775
20,9,1,5,13.32,2.664
20,9,2,7,15.83,2.2614285714285716
20,9,3,17,27.6,1.6235294117647059
20,9,4,20,15.77,0.7885
20,10,0,18,78.44,4.357777777777778
20,10,1,2,6.09,3.045
20,10,2,11,25.8,2.3454545454545457
20,10,3,11,15.61,1.419090909090909
20,10,4,17,4.61,0.2711764705882353
20,12,0,3,5.61,1.87
20,12,1,2,3.32,1.66
20,12,2,2,3.24,1.62
20,12,3,18,26.08,1.448888888888889
20,12,4,16,5.47,0.341875
20,13,0,13,52.39,4.03
20,13,1,1,3.81,3.81
20,13,2,2,7.36,3.68
20,13,3,6,18.19,3.0316666666666667
20,13,4,2,0.66,0.33
20,14,0,13,45.78,3.5215384615384617
20,14,1,5,15.62,3.1239999999999997
20,14,2,12,31.14,2.595
20,14,3,20,29.71,1.4855
20,14,4,12,16.64,1.3866666666666667
20,16,0,14,50.35,3.5964285714285715
20,16,1,17,48.44,2.849411764705882
20,16,2,5,10.02,2.004
20,16,3,18,18.71,1.0394444444444444
20,16,4,15,2.63,0.1753333333333333
20,17,0,15,26.34,1.756
20,17,1,14,23.98,1.7128571428571429
20,17,2,2,3.22,1.61
20,17,3,7,8.49,1.2128571428571429
20,17,4,1,0.44,0.44
20,18,0,16,34.58,2.16125
20,18,1,17,35.06,2.0623529411764707
20,18,2,10,12.9,1.29
20,18,3,7,8.7,1.2428571428571427
20,18,4,4,0.98,0.245
20,23,0,6,17.25,2.875
20,23,1,5,11.09,2.218
20,23,2,12,22.68,1.89
20,23,3,1,1.81,1.81
20,23,4,18,13.38,0.7433333333333334
20,27,0,16,53.75,3.359375
20,27,1,12,26.84,2.236666666666667
20,27,2,1,1.92,1.92
20,27,3,9,9.1,1.011111111111111
20,27,4,1,0.91,0.91
20,31,0,17,18.39,1.081764705882353
20,31,1,6,3.73,0.6216666666666667
20,31,2,5,2.76,0.5519999999999999
20,31,3,11,2.44,0.2218181818181818
20,31,4,5,1.03,0.20600000000000002
20,32,0,15,26.84,1.7893333333333332
20,32,1,13,16.71,1.2853846153846153
20,32,2,12,8.1,0.6749999999999999
20,32,3,12,7.33,0.6108333333333333
20,32,4,4,0.56,0.14
20,34,0,3,4.17,1.39
20,34,1,9,12.33,1.37
20,34,2,19,21.16,1.1136842105263158
20,34,3,4,2.27,0.5675
20,34,4,4,1.24,0.31
20,35,0,17,17.17,1.01
20,35,1,5,4.75,0.95
20,35,2,20,18.51,0.9255000000000001
20,35,3,17,14.65,0.861764705882353
20,35,4,13,3.55,0.27307692307692305
20,40,0,10,27.51,2.7510000000000003
20,40,1,13,27.01,2.077692307692308
20,40,2,7,11.77,1.6814285714285713
20,40,3,13,8.64,0.6646153846153846
20,40,4,7,3.86,0.5514285714285714
20,43,0,5,12.88,2.576
20,43,1,14,31.76,2.2685714285714287
20,43,2,15,25.59,1.706
20,43,3,4,2.24,0.56
20,43,4,8,2.8,0.35
20,45,0,8,6.1,0.7625
20,45,1,2,1.34,0.67
20,45,2,19,9.63,0.506842105263158
20,45,3,10,2.7,0.27
20,45,4,8,1.96,0.245
20,47,0,19,66.53,3.501578947368421
20,47,1,13,41.96,3.227692307692308
20,47,2,20,58.55,2.9274999999999998
20,47,3,9,26.08,2.897777777777778
20,47,4,11,23.56,2.1418181818181816
20,48,0,4,7.3,1.825
20,48,1,5,5.66,1.1320000000000001
20,48,2,11,10.41,0.9463636363636364
20,48,3,11,7.3,0.6636363636363636
20,48,4,7,1.67,0.23857142857142857
20,49,0,15,19.88,1.3253333333333333
20,49,1,16,17.21,1.075625
20,49,2,3,2.96,0.9866666666666667
20,49,3,2,1.85,0.925
20,49,4,5,2.99,0.5980000000000001
20,52,0,20,46.48,2.324
20,52,1,18,26.17,1.453888888888889
20,52,2,16,16.33,1.020625
20,52,3,15,10.95,0.73
20,52,4,14,2.06,0.14714285714285716
20,55,0,11,5.57,0.5063636363636363
20,55,1,15,7.04,0.4693333333333333
20,55,2,17,4.34,0.25529411764705884
20,55,3,16,3.12,0.195
20,55,4,15,1.5,0.1
20,56,0,6,13.61,2.268333333333333
20,56,1,15,30.83,2.055333333333333
20,56,2,5,7.92,1.584
20,56,3,3,3.02,1.0066666666666666
20,56,4,20,17.71,0.8855000000000001
20,59,0,2,2.93,1.465
20,59,1,5,5.7,1.1400000000000001
20,59,2,14,13.63,0.9735714285714286
20,59,3,2,1.7,0.85
20,59,4,2,1.31,0.655
20,60,0,1,3.53,3.53
20,60,1,13,31.8,2.4461538461538463
20,60,2,6,14.3,2.3833333333333333
20,60,3,19,34.64,1.823157894736842
20,60,4,1,0.53,0.53
20,62,0,6,11.28,1.88
20,62,1,13,12.35,0.95
20,62,2,6,4.99,0.8316666666666667
20,62,3,7,2.28,0.3257142857142857
20,62,4,7,1.58,0.22571428571428573
20,64,0,2,5.32,2.66
20,64,1,10,18.78,1.8780000000000001
20,64,2,8,14.62,1.8275
20,64,3,14,21.59,1.542142857142857
20,64,4,1,0.64,0.64
20,66,0,12,31.76,2.646666666666667
20,66,1,10,24.46,2.446
20,66,2,10,12.12,1.212
20,66,3,17,19.72,1.16
20,66,4,11,5.4,0.49090909090909096
20,67,0,7,12.18,1.74
20,67,1,19,29.31,1.5426315789473684
20,67,2,7,9.27,1.3242857142857143
20,67,3,5,6.51,1.302
20,67,4,20,19.83,0.9914999999999999
20,69,0,2,6.61,3.305
20,69,1,5,14.37,2.8739999999999997
20,69,2,5,8.73,1.746
20,69,3,10,16.07,1.607
20,69,4,6,5.48,0.9133333333333334
20,70,0,9,28.7,3.1888888888888887
20,70,1,18,55.06,3.058888888888889
20,70,2,11,17.29,1.5718181818181818
20,70,3,20,26.8,1.34
20,70,4,18,16.84,0.9355555555555556
20,71,0,17,114.49,6.734705882352941
20,71,1,4,23.62,5.905
20,71,2,10,51.62,5.162
20,71,3,14,56.73,4.052142857142857
20,71,4,12,48.6,4.05
20,73,0,1,7.64,7.64
20,73,1,18,90.0,5.0
20,73,2,6,24.1,4.016666666666667
20,73,3,12,46.04,3.8366666666666664
20,73,4,18,57.52,3.195555555555556
20,79,0,12,72.34,6.028333333333333
20,79,1,2,10.52,5.26
20,79,2,6,13.34,2.223333333333333
20,79,3,14,24.97,1.7835714285714286
20,79,4,20,12.24,0.612
20,82,0,11,56.43,5.13
20,82,1,16,75.52,4.72
20,82,2,16,66.78,4.17375
20,82,3,11,25.88,2.3527272727272726
20,82,4,18,8.93,0.4961111111111111
20,83,0,15,72.55,4.836666666666667
20,83,1,2,6.98,3.49
20,83,2,12,24.23,2.0191666666666666
20,83,3,5,9.76,1.952
20,83,4,3,5.08,1.6933333333333334
20,86,0,7,38.16,5.451428571428571
20,86,1,4,19.94,4.985
20,86,2,19,91.51,4.816315789473684
20,86,3,11,35.05,3.186363636363636
20,86,4,15,46.23,3.082
20,88,0,1,0.36,0.36
20,88,1,18,5.39,0.2994444444444444
20,88,2,7,1.17,0.16714285714285712
20,88,3,19,2.61,0.13736842105263158
20,88,4,5,0.29,0.057999999999999996
20,89,0,20,139.07,6.9535
20,89,1,17,100.27,5.898235294117647
20,89,2,8,36.65,4.58125
20,89,3,11,30.38,2.7618181818181817
20,89,4,14,13.25,0.9464285714285714
20,90,0,9,26.78,2.9755555555555557
20,90,1,13,34.88,2.683076923076923
20,90,2,8,15.18,1.8975
20,90,3,20,22.84,1.142
20,90,4,6,5.28,0.88
20,93,0,4,19.44,4.86
20,93,1,5,21.41,4.282
20,93,2,7,17.98,2.5685714285714285
20,93,3,9,12.51,1.39
20,93,4,20,16.55,0.8275
20,94,0,13,31.71,2.439230769230769
20,94,1,10,20.67,2.067
20,94,2,10,18.97,1.8969999999999998
20,94,3,10,11.17,1.117
20,94,4,6,1.03,0.17166666666666666
20,95,0,9,25.17,2.796666666666667
20,95,1,7,12.84,1.8342857142857143
20,95,2,5,9.16,1.832
20,95,3,17,14.45,0.85
20,95,4,3,1.41,0.47
20,97,0,17,78.02,4.589411764705882
20,97,1,19,72.18,3.798947368421053
20,97,2,16,38.15,2.384375
20,97,3,9,12.54,1.3933333333333333
20,97,4,9,8.59,0.9544444444444444
20,99,0,10,15.95,1.595
20,99,1,6,7.51,1.2516666666666667
20,99,2,6,6.49,1.0816666666666668
20,99,3,5,2.77,0.554
20,99,4,11,3.31,0.3009090909090909
23,0,0,19,82.5,4.342105263157895
23,0,1,1,4.32,4.32
23,0,2,5,20.36,4.072
23,0,3,4,14.9,3.725
23,0,4,19,7.56,0.39789473684210525
23,1,0,5,25.87,5.174
23,1,1,7,32.13,4.590000000000001
23,1,2,7,31.21,4.458571428571429
23,1,3,4,15.57,3.8925
23,1,4,10,35.05,3.505
23,3,0,4,27.14,6.785
23,3,1,7,46.51,6.644285714285714
23,3,2,18,100.2,5.566666666666666
23,3,3,6,23.92,3.986666666666667
23,3,4,9,30.6,3.4000000000000004
23,6,0,14,40.46,2.89
23,6,1,8,20.18,2.5225
23,6,2,15,24.17,1.6113333333333335
23,6,3,17,26.63,1.566470588235294
23,6,4,2,0.51,0.255
23,9,0,17,74.22,4.365882352941177
23,9,1,7,29.28,4.182857142857143
23,9,2,7,18.24,2.6057142857142854
23,9,3,18,19.16,1.0644444444444445
23,9,4,12,3.0,0.25
23,10,0,19,71.33,3.754210526315789
23,10,1,2,7.3,3.65
23,10,2,8,26.83,3.35375
23,10,3,6,17.21,2.8683333333333336
23,10,4,9,21.07,2.341111111111111
23,12,0,3,15.92,5.306666666666667
23,12,1,13,63.57,4.89
23,12,2,2,8.05,4.025
23,12,3,4,7.43,1.8575
23,12,4,13,12.63,0.9715384615384616
23,13,0,8,48.98,6.1225
23,13,1,9,49.59,5.510000000000001
23,13,2,12,50.51,4.2091666666666665
23,13,3,1,2.84,2.84
23,13,4,5,4.27,0.8539999999999999
23,14,0,2,16.71,8.355
23,14,1,6,34.84,5.8066666666666675
23,14,2,19,78.31,4.1215789473684215
23,14,3,4,9.32,2.33
23,14,4,17,18.59,1.0935294117647059
23,16,0,2,12.02,6.01
23,16,1,3,14.78,4.926666666666667
23,16,2,18,83.15,4.6194444444444445
23,16,3,5,22.93,4.586
23,16,4,10,19.9,1.9899999999999998
23,17,0,17,89.6,5.270588235294118
23,17,1,13,57.19,4.399230769230769
23,17,2,1,2.3,2.3
23,17,3,6,4.6,0.7666666666666666
23,17,4,16,6.48,0.405
23,18,0,10,45.13,4.513
23,18,1,7,26.68,3.8114285714285714
23,18,2,11,32.14,2.921818181818182
23,18,3,5,8.05,1.61
23,18,4,12,11.53,0.9608333333333333
23,20,0,8,31.85,3.98125
23,20,1,15,49.33,3.2886666666666664
23,20,2,4,11.66,2.915
23,20,3,11,28.86,2.6236363636363635
23,20,4,9,21.9,2.433333333333333
23,27,0,9,20.41,2.267777777777778
23,27,1,6,10.7,1.7833333333333332
23,27,2,16,25.96,1.6225
23,27,3,12,10.17,0.8475
23,27,4,15,9.94,0.6626666666666666
23,31,0,9,51.51,5.723333333333333
23,31,1,12,32.22,2.685
23,31,2,1,2.27,2.27
23,31,3,4,7.07,1.7675
23,31,4,17,25.03,1.4723529411764706
23,32,0,10,36.01,3.601
23,32,1,6,13.56,2.2600000000000002
23,32,2,13,23.2,1.7846153846153845
23,32,3,7,8.61,1.23
23,32,4,13,3.49,0.2684615384615385
23,34,0,10,64.3,6.43
23,34,1,3,15.26,5.086666666666667
23,34,2,11,26.81,2.437272727272727
23,34,3,9,20.6,2.288888888888889
23,34,4,9,7.19,0.798888888888889
23,35,0,15,65.48,4.365333333333334
23,35,1,7,23.36,3.337142857142857
23,35,2,9,26.3,2.9222222222222225
23,35,3,14,17.96,1.282857142857143
23,35,4,11,13.47,1.2245454545454546
23,40,0,16,100.13,6.258125
23,40,1,11,68.76,6.250909090909091
23,40,2,11,47.96,4.36
23,40,3,15,49.64,3.3093333333333335
23,40,4,10,6.49,0.649
23,43,0,17,109.02,6.412941176470588
23,43,1,11,66.13,6.011818181818182
23,43,2,17,84.27,4.957058823529412
23,43,3,4,16.04,4.01
23,43,4,6,20.18,3.3633333333333333
23,45,0,8,33.86,4.2325
23,45,1,8,29.84,3.73
23,45,2,3,10.95,3.65
23,45,3,3,4.11,1.37
23,45,4,12,15.63,1.3025
23,47,0,19,100.71,5.300526315789473
23,47,1,2,6.1,3.05
23,47,2,12,23.74,1.9783333333333333
23,47,3,2,3.61,1.805
23,47,4,14,11.16,0.7971428571428572
23,48,0,20,41.11,2.0555
23,48,1,9,13.02,1.4466666666666665
23,48,2,8,9.87,1.23375
23,48,3,4,4.52,1.13
23,48,4,8,3.54,0.4425
23,49,0,13,69.54,5.34923076923077
23,49,1,6,31.9,5.316666666666666
23,49,2,1,4.06,4.06
23,49,3,4,8.85,2.2125
23,49,4,10,20.82,2.082
23,52,0,10,29.07,2.907
23,52,1,11,24.33,2.2118181818181815
23,52,2,6,12.22,2.0366666666666666
23,52,3,4,4.87,1.2175
23,52,4,13,13.47,1.0361538461538462
23,55,0,18,72.49,4.027222222222222
23,55,1,5,17.25,3.45
23,55,2,2,5.94,2.97
23,55,3,6,7.61,1.2683333333333333
23,55,4,3,3.17,1.0566666666666666
23,56,0,3,11.82,3.94
23,56,1,3,11.66,3.8866666666666667
23,56,2,5,5.4,1.08
23,56,3,18,14.74,0.8188888888888889
23,56,4,6,2.81,0.4683333333333333
23,59,0,3,7.19,2.396666666666667
23,59,1,7,14.95,2.1357142857142857
23,59,2,6,8.22,1.37
23,59,3,15,11.28,0.752
23,59,4,12,8.08,0.6733333333333333
23,60,0,16,81.42,5.08875
23,60,1,18,46.03,2.5572222222222223
23,60,2,1,2.36,2.36
23,60,3,13,23.05,1.7730769230769232
23,60,4,2,2.91,1.455
23,62,0,2,8.26,4.13
23,62,1,12,43.54,3.6283333333333334
23,62,2,9,20.65,2.2944444444444443
23,62,3,19,32.89,1.7310526315789474
23,62,4,4,2.13,0.5325
23,64,0,5,34.58,6.9159999999999995
23,64,1,15,87.83,5.855333333333333
23,64,2,11,21.81,1.9827272727272727
23,64,3,11,17.47,1.5881818181818181
23,64,4,4,2.81,0.7025
23,66,0,8,15.37,1.92125
23,66,1,13,23.08,1.7753846153846153
23,66,2,19,20.95,1.1026315789473684
23,66,3,20,21.66,1.083
23,66,4,1,0.53,0.53
23,67,0,6,14.63,2.4383333333333335
23,67,1,10,20.43,2.043
23,67,2,19,26.54,1.3968421052631579
23,67,3,10,7.83,0.783
23,67,4,15,8.68,0.5786666666666667
23,69,0,15,83.71,5.580666666666667
23,69,1,3,15.18,5.06
23,69,2,19,91.93,4.838421052631579
23,69,3,5,13.55,2.71
23,69,4,1,0.67,0.67
23,70,0,11,73.73,6.702727272727273
23,70,1,4,11.79,2.9475
23,70,2,15,43.8,2.92
23,70,3,10,12.61,1.261
23,70,4,5,2.36,0.472
23,71,0,5,11.86,2.372
23,71,1,10,20.15,2.0149999999999997
23,71,2,16,8.7,0.54375
23,71,3,7,2.43,0.34714285714285714
23,71,4,8,1.1,0.1375
23,73,0,15,52.46,3.497333333333333
23,73,1,19,65.6,3.452631578947368
23,73,2,18,51.93,2.885
23,73,3,4,5.79,1.4475
23,73,4,8,8.0,1.0
23,79,0,12,54.23,4.519166666666666
23,79,1,11,45.32,4.12
23,79,2,7,18.88,2.697142857142857
23,79,3,15,38.42,2.5613333333333332
23,79,4,11,19.53,1.7754545454545456
23,82,0,11,19.64,1.7854545454545454
23,82,1,8,13.1,1.6375
23,82,2,10,11.77,1.177
23,82,3,19,15.36,0.8084210526315789
23,82,4,13,6.39,0.49153846153846154
23,83,0,19,56.61,2.9794736842105265
23,83,1,6,12.36,2.06
23,83,2,11,13.27,1.2063636363636363
23,83,3,4,4.52,1.13
23,83,4,10,8.62,0.8619999999999999
23,86,0,3,15.26,5.086666666666667
23,86,1,1,4.89,4.89
23,86,2,16,73.33,4.583125
23,86,3,1,4.39,4.39
23,86,4,19,30.2,1.5894736842105264
23,88,0,9,42.77,4.752222222222223
23,88,1,5,23.62,4.724
23,88,2,11,46.94,4.267272727272727
23,88,3,19,78.4,4.126315789473685
23,88,4,14,34.5,2.4642857142857144
23,89,0,6,26.47,4.411666666666666
23,89,1,3,11.25,3.75
23,89,2,5,17.06,3.412
23,89,3,17,39.04,2.296470588235294
23,89,4,1,0.25,0.25
23,90,0,13,91.9,7.06923076923077
23,90,1,9,45.45,5.050000000000001
23,90,2,15,68.08,4.538666666666667
23,90,3,15,60.31,4.020666666666667
23,90,4,8,22.33,2.79125
23,93,0,12,33.93,2.8275
23,93,1,15,37.39,2.4926666666666666
23,93,2,7,9.15,1.3071428571428572
23,93,3,8,10.1,1.2625
23,93,4,8,1.38,0.1725
23,94,0,20,43.51,2.1755
23,94,1,9,18.83,2.092222222222222
23,94,2,2,1.51,0.755
23,94,3,1,0.67,0.67
23,94,4,11,5.36,0.4872727272727273
23,95,0,16,117.3,7.33125
23,95,1,5,33.25,6.65
23,95,2,20,123.64,6.182
23,95,3,14,43.57,3.112142857142857
23,95,4,20,36.13,1.8065000000000002
23,97,0,15,89.22,5.9479999999999995
23,97,1,3,15.97,5.323333333333333
23,97,2,13,47.76,3.6738461538461538
23,97,3,9,28.79,3.198888888888889
23,97,4,16,25.46,1.59125
23,99,0,19,80.06,4.213684210526316
23,99,1,6,19.96,3.3266666666666667
23,99,2,4,11.41,2.8525
23,99,3,15,42.24,2.8160000000000003
23,99,4,20,28.14,1.407
27,0,0,10,43.95,4.3950000000000005
27,0,1,12,50.1,4.175
27,0,2,17,69.0,4.0588235294117645
27,0,3,3,12.09,4.03
27,0,4,2,4.8,2.4
27,1,0,20,135.05,6.7525
27,1,1,4,24.38,6.095
27,1,2,2,10.81,5.405
27,1,3,14,63.54,4.538571428571428
27,1,4,4,12.23,3.0575
27,3,0,10,59.15,5.915
27,3,1,4,10.01,2.5025
27,3,2,9,19.21,2.1344444444444446
27,3,3,12,24.46,2.0383333333333336
27,3,4,13,12.06,0.9276923076923077
27,6,0,1,0.89,0.89
27,6,1,12,4.38,0.365
27,6,2,14,4.98,0.35571428571428576
27,6,3,3,0.61,0.20333333333333334
27,6,4,5,1.01,0.202
27,9,0,19,31.05,1.6342105263157896
27,9,1,2,2.87,1.435
27,9,2,8,11.01,1.37625
27,9,3,13,16.33,1.256153846153846
27,9,4,7,7.32,1.0457142857142858
27,10,0,19,21.65,1.1394736842105262
27,10,1,17,15.19,0.8935294117647059
27,10,2,13,9.76,0.7507692307692307
27,10,3,2,1.41,0.705
27,10,4,18,2.72,0.1511111111111111
27,12,0,8,16.89,2.11125
27,12,1,18,25.38,1.41
27,12,2,17,20.97,1.2335294117647058
27,12,3,13,14.13,1.0869230769230769
27,12,4,13,4.22,0.3246153846153846
27,13,0,2,14.27,7.135
27,13,1,4,27.67,6.9175
27,13,2,16,104.6,6.5375
27,13,3,1,4.15,4.15
27,13,4,19,40.64,2.1389473684210527
27,14,0,13,91.74,7.056923076923076
27,14,1,16,45.8,2.8625
27,14,2,3,6.05,2.0166666666666666
27,14,3,13,24.28,1.8676923076923078
27,14,4,3,5.24,1.7466666666666668
27,16,0,5,20.65,4.13
27,16,1,18,57.36,3.1866666666666665
27,16,2,8,23.95,2.99375
27,16,3,8,21.18,2.6475
27,16,4,10,20.28,2.028
27,17,0,15,59.71,3.9806666666666666
27,17,1,13,33.41,2.57
27,17,2,11,23.56,2.1418181818181816
27,17,3,18,36.88,2.048888888888889
27,17,4,2,3.42,1.71
27,18,0,6,23.36,3.893333333333333
27,18,1,8,19.84,2.48
27,18,2,19,44.8,2.357894736842105
27,18,3,5,4.15,0.8300000000000001
27,18,4,2,1.48,0.74
27,20,0,17,64.9,3.8176470588235296
27,20,1,6,19.75,3.2916666666666665
27,20,2,17,39.24,2.3082352941176474
27,20,3,10,16.85,1.685
27,20,4,8,11.98,1.4975
27,23,0,7,20.08,2.8685714285714283
27,23,1,9,16.95,1.8833333333333333
27,23,2,6,11.14,1.8566666666666667
27,23,3,19,4.78,0.25157894736842107
27,23,4,9,2.08,0.23111111111111113
27,31,0,17,77.23,4.542941176470588
27,31,1,5,11.65,2.33
27,31,2,15,20.88,1.392
27,31,3,20,25.57,1.2785
27,31,4,20,18.87,0.9435
27,32,0,7,27.46,3.922857142857143
27,32,1,11,40.47,3.679090909090909
27,32,2,5,16.31,3.2619999999999996
27,32,3,2,2.87,1.435
27,32,4,12,10.3,0.8583333333333334
27,34,0,2,8.09,4.045
27,34,1,13,50.34,3.8723076923076927
27,34,2,10,34.75,3.475
27,34,3,15,46.69,3.1126666666666667
27,34,4,6,13.32,2.22
27,35,0,1,2.27,2.27
27,35,1,20,31.51,1.5755000000000001
27,35,2,10,11.42,1.142
27,35,3,11,11.3,1.0272727272727273
27,35,4,16,5.07,0.316875
27,40,0,18,79.76,4.431111111111111
27,40,1,8,24.24,3.03
27,40,2,14,34.7,2.4785714285714286
27,40,3,4,5.87,1.4675
27,40,4,2,2.91,1.455
27,43,0,19,132.59,6.978421052631579
27,43,1,5,28.51,5.702
27,43,2,9,29.83,3.3144444444444443
27,43,3,18,28.61,1.5894444444444444
27,43,4,12,10.34,0.8616666666666667
27,45,0,8,27.82,3.4775
27,45,1,17,42.72,2.512941176470588
27,45,2,9,17.88,1.9866666666666666
27,45,3,16,28.1,1.75625
27,45,4,20,13.72,0.686
27,47,0,6,25.25,4.208333333333333
27,47,1,7,21.5,3.0714285714285716
27,47,2,4,7.92,1.98
27,47,3,10,19.76,1.9760000000000002
27,47,4,11,13.43,1.220909090909091
27,48,0,2,3.92,1.96
27,48,1,4,7.7,1.925
27,48,2,8,9.6,1.2
27,48,3,18,9.16,0.508888888888889
27,48,4,17,5.28,0.31058823529411766
27,49,0,13,44.74,3.4415384615384617
27,49,1,5,11.0,2.2
27,49,2,14,27.34,1.9528571428571428
27,49,3,11,20.78,1.8890909090909092
27,49,4,13,21.29,1.6376923076923076
27,52,0,10,13.8,1.3800000000000001
27,52,1,1,0.78,0.78
27,52,2,19,8.46,0.44526315789473686
27,52,3,12,4.03,0.3358333333333334
27,52,4,12,3.7,0.30833333333333335
27,55,0,15,53.12,3.541333333333333
27,55,1,8,20.12,2.515
27,55,2,7,8.22,1.1742857142857144
27,55,3,6,6.91,1.1516666666666666
27,55,4,2,1.13,0.565
27,56,0,13,20.15,1.5499999999999998
27,56,1,15,12.56,0.8373333333333334
27,56,2,7,2.8,0.39999999999999997
27,56,3,2,0.43,0.215
27,56,4,16,1.58,0.09875
27,59,0,2,8.28,4.14
27,59,1,12,26.03,2.169166666666667
27,59,2,5,8.68,1.736
27,59,3,20,20.34,1.017
27,59,4,2,1.76,0.88
27,60,0,2,4.66,2.33
27,60,1,16,25.39,1.586875
27,60,2,1,1.36,1.36
27,60,3,19,25.0,1.3157894736842106
27,60,4,6,4.55,0.7583333333333333
27,62,0,6,16.49,2.748333333333333
27,62,1,9,14.56,1.6177777777777778
27,62,2,7,9.77,1.3957142857142857
27,62,3,19,5.79,0.30473684210526314
27,62,4,19,5.35,0.28157894736842104
27,64,0,18,107.09,5.9494444444444445
27,64,1,2,4.78,2.39
27,64,2,6,10.11,1.6849999999999998
27,64,3,7,7.76,1.1085714285714285
27,64,4,17,8.16,0.48
27,66,0,7,5.11,0.7300000000000001
27,66,1,8,4.16,0.52
27,66,2,12,5.96,0.49666666666666665
27,66,3,20,7.28,0.364
27,66,4,13,0.56,0.04307692307692308
27,67,0,17,47.95,2.820588235294118
27,67,1,3,5.53,1.8433333333333335
27,67,2,10,15.13,1.5130000000000001
27,67,3,5,5.52,1.1039999999999999
27,67,4,7,4.76,0.6799999999999999
27,69,0,5,9.25,1.85
27,69,1,18,27.87,1.5483333333333333
27,69,2,11,11.28,1.0254545454545454
27,69,3,8,5.1,0.6375
27,69,4,16,3.27,0.204375
27,70,0,18,81.32,4.517777777777777
27,70,1,15,67.29,4.486000000000001
27,70,2,1,3.06,3.06
27,70,3,6,12.42,2.07
27,70,4,9,8.76,0.9733333333333333
27,71,0,12,41.91,3.4924999999999997
27,71,1,5,13.23,2.646
27,71,2,15,26.95,1.7966666666666666
27,71,3,9,13.71,1.5233333333333334
27,71,4,2,0.99,0.495
27,73,0,6,45.08,7.513333333333333
27,73,1,16,115.52,7.22
27,73,2,20,137.41,6.8705
27,73,3,16,57.67,3.604375
27,73,4,12,36.68,3.0566666666666666
27,79,0,17,97.93,5.760588235294118
27,79,1,9,47.32,5.257777777777778
27,79,2,6,31.33,5.221666666666667
27,79,3,13,43.68,3.36
27,79,4,14,44.44,3.174285714285714
27,82,0,10,45.17,4.517
27,82,1,19,65.71,3.4584210526315786
27,82,2,19,58.32,3.0694736842105264
27,82,3,3,7.45,2.4833333333333334
27,82,4,2,4.24,2.12
27,83,0,5,6.26,1.252
27,83,1,9,7.65,0.8500000000000001
27,83,2,10,7.94,0.794
27,83,3,12,9.46,0.7883333333333334
27,83,4,15,10.3,0.6866666666666668
27,86,0,2,11.69,5.845
27,86,1,4,17.42,4.355
27,86,2,2,7.05,3.525
27,86,3,13,40.41,3.108461538461538
27,86,4,6,3.46,0.5766666666666667
27,88,0,19,76.33,4.017368421052631
27,88,1,13,51.31,3.946923076923077
27,88,2,9,24.21,2.69
27,88,3,17,37.49,2.205294117647059
27,88,4,1,0.85,0.85
27,89,0,9,42.46,4.717777777777778
27,89,1,4,16.65,4.1625
27,89,2,3,12.24,4.08
27,89,3,12,35.22,2.935
27,89,4,12,12.47,1.0391666666666668
27,90,0,2,12.22,6.11
27,90,1,5,29.34,5.868
27,90,2,7,31.23,4.461428571428572
27,90,3,12,29.33,2.4441666666666664
27,90,4,18,16.49,0.916111111111111
27,93,0,20,78.04,3.902
27,93,1,16,51.86,3.24125
27,93,2,17,51.76,3.044705882352941
27,93,3,2,3.9,1.95
27,93,4,13,16.29,1.253076923076923
27,94,0,14,15.64,1.1171428571428572
27,94,1,10,10.71,1.0710000000000002
27,94,2,12,12.01,1.0008333333333332
27,94,3,14,2.75,0.19642857142857142
27,94,4,3,0.28,0.09333333333333334
27,95,0,15,72.69,4.846
27,95,1,20,93.95,4.6975
27,95,2,3,12.25,4.083333333333333
27,95,3,19,46.3,2.4368421052631577
27,95,4,11,5.63,0.5118181818181818
27,97,0,4,16.4,4.1
27,97,1,6,23.94,3.99
27,97,2,5,16.97,3.3939999999999997
27,97,3,16,50.61,3.163125
27,97,4,10,13.78,1.378
27,99,0,5,11.08,2.216
27,99,1,6,11.17,1.8616666666666666
27,99,2,16,29.28,1.83
27,99,3,15,24.05,1.6033333333333333
27,99,4,18,26.28,1.46
31,0,0,13,6.26,0.4815384615384615
31,0,1,19,4.61,0.24263157894736845
31,0,2,8,1.44,0.18
31,0,3,10,1.54,0.154
31,0,4,20,1.16,0.057999999999999996
31,1,0,11,25.04,2.2763636363636364
31,1,1,19,36.56,1.9242105263157896
31,1,2,19,22.45,1.181578947368421
31,1,3,7,4.86,0.6942857142857143
31,1,4,18,9.64,0.5355555555555556
31,3,0,14,28.67,2.047857142857143
31,3,1,13,19.66,1.5123076923076924
31,3,2,14,12.42,0.8871428571428571
31,3,3,2,1.68,0.84
31,3,4,2,0.46,0.23
31,6,0,7,28.38,4.054285714285714
31,6,1,15,58.93,3.9286666666666665
31,6,2,13,49.84,3.833846153846154
31,6,3,11,31.04,2.821818181818182
31,6,4,16,26.99,1.686875
31,9,0,11,25.96,2.36
31,9,1,10,23.54,2.354
31,9,2,2,3.3,1.65
31,9,3,6,2.44,0.4066666666666667
31,9,4,17,4.58,0.26941176470588235
31,10,0,3,13.69,4.5633333333333335
31,10,1,4,15.57,3.8925
31,10,2,9,17.22,1.913333333333333
31,10,3,18,30.84,1.7133333333333334
31,10,4,8,1.89,0.23625
31,12,0,17,43.4,2.552941176470588
31,12,1,13,7.35,0.5653846153846154
31,12,2,5,2.59,0.518
31,12,3,17,6.65,0.3911764705882353
31,12,4,2,0.43,0.215
31,13,0,15,45.88,3.058666666666667
31,13,1,17,48.77,2.868823529411765
31,13,2,17,47.84,2.814117647058824
31,13,3,11,28.39,2.580909090909091
31,13,4,6,7.15,1.1916666666666667
31,14,0,19,40.14,2.1126315789473686
31,14,1,7,9.36,1.337142857142857
31,14,2,8,9.15,1.14375
31,14,3,19,21.54,1.1336842105263158
31,14,4,14,2.36,0.16857142857142857
31,16,0,2,6.6,3.3
31,16,1,15,20.13,1.3419999999999999
31,16,2,11,12.89,1.1718181818181819
31,16,3,20,19.44,0.9720000000000001
31,16,4,20,7.3,0.365
31,17,0,7,9.82,1.4028571428571428
31,17,1,19,13.67,0.7194736842105263
31,17,2,8,3.97,0.49625
31,17,3,6,2.78,0.4633333333333333
31,17,4,16,4.68,0.2925
31,18,0,1,2.17,2.17
31,18,1,20,28.37,1.4185
31,18,2,6,7.41,1.235
31,18,3,8,4.74,0.5925
31,18,4,9,2.59,0.28777777777777774
31,20,0,5,5.61,1.122
31,20,1,19,20.18,1.0621052631578947
31,20,2,14,12.45,0.8892857142857142
31,20,3,14,12.43,0.8878571428571428
31,20,4,15,2.22,0.14800000000000002
31,23,0,15,68.57,4.571333333333333
31,23,1,20,44.49,2.2245
31,23,2,12,18.74,1.5616666666666665
31,23,3,14,14.27,1.0192857142857144
31,23,4,8,7.97,0.99625
31,27,0,17,72.96,4.291764705882352
31,27,1,5,21.12,4.224
31,27,2,20,46.68,2.334
31,27,3,18,9.96,0.5533333333333333
31,27,4,20,6.35,0.3175
31,32,0,19,44.94,2.3652631578947365
31,32,1,20,44.96,2.248
31,32,2,20,42.92,2.146
31,32,3,13,27.15,2.088461538461538
31,32,4,12,12.34,1.0283333333333333
31,34,0,17,7.54,0.4435294117647059
31,34,1,20,8.35,0.4175
31,34,2,4,1.06,0.265
31,34,3,12,1.36,0.11333333333333334
31,34,4,1,0.08,0.08
31,35,0,10,15.73,1.573
31,35,1,2,2.67,1.335
31,35,2,16,20.92,1.3075
31,35,3,12,7.63,0.6358333333333334
31,35,4,20,1.77,0.0885
31,40,0,20,38.86,1.943
31,40,1,6,7.61,1.2683333333333333
31,40,2,8,8.26,1.0325
31,40,3,14,3.72,0.26571428571428574
31,40,4,12,1.48,0.12333333333333334
31,43,0,11,23.08,2.098181818181818
31,43,1,9,12.33,1.37
31,43,2,2,2.48,1.24
31,43,3,13,14.65,1.126923076923077
31,43,4,19,8.95,0.47105263157894733
31,45,0,7,6.95,0.9928571428571429
31,45,1,13,8.56,0.6584615384615385
31,45,2,19,12.33,0.6489473684210526
31,45,3,2,0.76,0.38
31,45,4,3,0.18,0.06
31,47,0,13,49.41,3.8007692307692307
31,47,1,17,50.62,2.9776470588235293
31,47,2,4,8.26,2.065
31,47,3,8,3.56,0.445
31,47,4,4,1.11,0.2775
31,48,0,19,53.41,2.811052631578947
31,48,1,2,3.12,1.56
31,48,2,6,5.99,0.9983333333333334
31,48,3,16,14.71,0.919375
31,48,4,1,0.85,0.85
31,49,0,7,15.12,2.1599999999999997
31,49,1,8,14.6,1.825
31,49,2,10,17.7,1.77
31,49,3,4,5.68,1.42
31,49,4,13,8.93,0.6869230769230769
31,52,0,7,19.34,2.762857142857143
31,52,1,7,17.26,2.4657142857142857
31,52,2,5,7.35,1.47
31,52,3,17,23.81,1.4005882352941175
31,52,4,11,4.75,0.4318181818181818
31,55,0,1,1.58,1.58
31,55,1,5,7.63,1.526
31,55,2,6,4.95,0.8250000000000001
31,55,3,11,6.3,0.5727272727272728
31,55,4,14,4.48,0.32
31,56,0,19,50.49,2.657368421052632
31,56,1,6,12.42,2.07
31,56,2,5,9.78,1.956
31,56,3,10,10.07,1.0070000000000001
31,56,4,20,6.94,0.34700000000000003
31,59,0,14,34.88,2.4914285714285715
31,59,1,18,34.93,1.9405555555555556
31,59,2,5,9.54,1.908
31,59,3,3,2.67,0.89
31,59,4,19,4.07,0.2142105263157895
31,60,0,3,12.22,4.073333333333333
31,60,1,16,65.16,4.0725
31,60,2,2,5.74,2.87
31,60,3,11,30.08,2.7345454545454544
31,60,4,9,8.27,0.9188888888888889
31,62,0,9,20.6,2.288888888888889
31,62,1,10,19.26,1.9260000000000002
31,62,2,12,17.5,1.4583333333333333
31,62,3,1,1.22,1.22
31,62,4,8,9.24,1.155
31,64,0,12,19.88,1.6566666666666665
31,64,1,9,14.79,1.6433333333333333
31,64,2,18,22.86,1.27
31,64,3,18,21.03,1.1683333333333334
31,64,4,15,2.7,0.18000000000000002
31,66,0,18,69.98,3.887777777777778
31,66,1,8,22.84,2.855
31,66,2,17,35.49,2.0876470588235296
31,66,3,17,28.29,1.6641176470588235
31,66,4,8,13.18,1.6475
31,67,0,19,54.04,2.8442105263157895
31,67,1,6,7.65,1.2750000000000001
31,67,2,13,15.45,1.1884615384615385
31,67,3,15,16.12,1.0746666666666667
31,67,4,10,4.7,0.47000000000000003
31,69,0,1,2.13,2.13
31,69,1,8,13.5,1.6875
31,69,2,9,6.29,0.6988888888888889
31,69,3,10,3.98,0.398
31,69,4,6,2.15,0.35833333333333334
31,70,0,16,34.95,2.184375
31,70,1,20,38.78,1.939
31,70,2,14,19.95,1.425
31,70,3,20,24.2,1.21
31,70,4,18,12.27,0.6816666666666666
31,71,0,5,36.77,7.354000000000001
31,71,1,14,77.09,5.506428571428572
31,71,2,7,35.87,5.124285714285714
31,71,3,11,24.37,2.2154545454545453
31,71,4,16,34.01,2.125625
31,73,0,13,101.68,7.821538461538462
31,73,1,20,131.38,6.569
31,73,2,8,45.57,5.69625
31,73,3,19,65.46,3.4452631578947366
31,73,4,19,53.73,2.8278947368421052
31,79,0,5,31.17,6.234
31,79,1,5,29.24,5.848
31,79,2,2,10.01,5.005
31,79,3,19,84.32,4.437894736842105
31,79,4,6,18.09,3.015
31,82,0,9,65.47,7.274444444444445
31,82,1,8,57.7,7.2125
31,82,2,7,14.34,2.0485714285714285
31,82,3,2,3.56,1.78
31,82,4,2,1.37,0.685
31,83,0,4,19.21,4.8025
31,83,1,12,55.0,4.583333333333333
31,83,2,3,10.12,3.373333333333333
31,83,3,5,14.94,2.988
31,83,4,11,19.33,1.757272727272727
31,86,0,1,9.31,9.31
31,86,1,2,11.85,5.925
31,86,2,18,68.37,3.798333333333334
31,86,3,6,17.32,2.8866666666666667
31,86,4,4,4.14,1.035
31,88,0,15,11.8,0.7866666666666667
31,88,1,5,2.97,0.5940000000000001
31,88,2,16,7.01,0.438125
31,88,3,14,4.38,0.31285714285714283
31,88,4,1,0.26,0.26
31,89,0,19,100.45,5.286842105263158
31,89,1,17,88.0,5.176470588235294
31,89,2,5,14.45,2.8899999999999997
31,89,3,18,31.68,1.76
31,89,4,17,18.69,1.0994117647058825
31,90,0,10,11.2,1.1199999999999999
31,90,1,18,19.67,1.0927777777777778
31,90,2,20,20.05,1.0025
31,90,3,6,5.75,0.9583333333333334
31,90,4,5,0.63,0.126
31,93,0,4,10.23,2.5575
31,93,1,3,7.57,2.5233333333333334
31,93,2,5,5.86,1.1720000000000002
31,93,3,5,3.86,0.772
31,93,4,4,2.11,0.5275
31,94,0,12,38.35,3.1958333333333333
31,94,1,18,51.84,2.8800000000000003
31,94,2,15,29.31,1.954
31,94,3,9,15.73,1.7477777777777779
31,94,4,10,2.58,0.258
31,95,0,7,13.71,1.9585714285714286
31,95,1,15,21.31,1.4206666666666665
31,95,2,1,1.27,1.27
31,95,3,20,23.48,1.174
31,95,4,3,1.27,0.42333333333333334
31,97,0,19,91.2,4.8
31,97,1,11,52.02,4.7290909090909095
31,97,2,1,3.01,3.01
31,97,3,12,32.37,2.6975
31,97,4,15,26.06,1.7373333333333332
31,99,0,8,5.93,0.74125
31,99,1,11,6.26,0.5690909090909091
31,99,2,10,4.48,0.44800000000000006
31,99,3,16,2.62,0.16375
31,99,4,2,0.06,0.03
32,0,0,17,56.52,3.324705882352941
32,0,1,11,29.38,2.670909090909091
32,0,2,2,3.41,1.705
32,0,3,4,3.22,0.805
32,0,4,17,10.69,0.6288235294117647
32,1,0,13,41.28,3.1753846153846155
32,1,1,19,51.73,2.722631578947368
32,1,2,10,23.12,2.3120000000000003
32,1,3,20,17.0,0.85
32,1,4,20,10.32,0.516
32,3,0,16,57.62,3.60125
32,3,1,15,53.34,3.556
32,3,2,19,51.52,2.7115789473684213
32,3,3,2,3.17,1.585
32,3,4,16,14.01,0.875625
32,6,0,19,74.14,3.9021052631578947
32,6,1,20,58.42,2.9210000000000003
32,6,2,6,13.39,2.231666666666667
32,6,3,2,3.67,1.835
32,6,4,9,14.41,1.6011111111111112
32,9,0,17,93.87,5.521764705882354
32,9,1,2,10.43,5.215
32,9,2,17,56.97,3.351176470588235
32,9,3,9,23.06,2.562222222222222
32,9,4,8,13.32,1.665
32,10,0,5,25.91,5.182
32,10,1,18,70.37,3.9094444444444445
32,10,2,8,24.29,3.03625
32,10,3,10,25.46,2.5460000000000003
32,10,4,4,6.16,1.54
32,12,0,2,7.9,3.95
32,12,1,19,72.01,3.7900000000000005
32,12,2,14,50.63,3.6164285714285715
32,12,3,1,3.15,3.15
32,12,4,2,3.36,1.68
32,13,0,4,20.86,5.215
32,13,1,20,83.91,4.1955
32,13,2,18,17.1,0.9500000000000001
32,13,3,17,7.95,0.4676470588235294
32,13,4,1,0.46,0.46
32,14,0,4,15.06,3.765
32,14,1,4,13.05,3.2625
32,14,2,14,45.34,3.238571428571429
32,14,3,13,14.9,1.146153846153846
32,14,4,20,18.47,0.9235
32,16,0,4,13.34,3.335
32,16,1,8,25.06,3.1325
32,16,2,16,20.59,1.286875
32,16,3,6,4.5,0.75
32,16,4,15,6.58,0.43866666666666665
32,17,0,10,34.33,3.433
32,17,1,16,46.89,2.930625
32,17,2,9,17.71,1.9677777777777778
32,17,3,8,13.89,1.73625
32,17,4,1,0.84,0.84
32,18,0,4,16.72,4.18
32,18,1,20,51.98,2.5989999999999998
32,18,2,2,2.87,1.435
32,18,3,2,2.64,1.32
32,18,4,14,11.6,0.8285714285714285
32,20,0,19,32.54,1.7126315789473683
32,20,1,15,18.69,1.246
32,20,2,6,7.0,1.1666666666666667
32,20,3,12,13.41,1.1175
32,20,4,1,0.98,0.98
32,23,0,7,24.65,3.5214285714285714
32,23,1,1,2.97,2.97
32,23,2,9,7.03,0.7811111111111111
32,23,3,8,3.15,0.39375
32,23,4,17,6.0,0.35294117647058826
32,27,0,1,4.89,4.89
32,27,1,6,27.41,4.568333333333333
32,27,2,4,16.45,4.1125
32,27,3,9,31.03,3.447777777777778
32,27,4,19,45.26,2.3821052631578947
32,31,0,8,15.9,1.9875
32,31,1,1,1.82,1.82
32,31,2,12,17.27,1.4391666666666667
32,31,3,11,10.92,0.9927272727272727
32,31,4,9,1.42,0.15777777777777777
32,34,0,4,13.53,3.3825
32,34,1,17,57.17,3.3629411764705885
32,34,2,5,15.53,3.106
32,34,3,9,23.4,2.5999999999999996
32,34,4,17,5.63,0.3311764705882353
32,35,0,7,21.42,3.06
32,35,1,12,27.56,2.2966666666666664
32,35,2,6,13.02,2.17
32,35,3,3,4.57,1.5233333333333334
32,35,4,20,10.57,0.5285
32,40,0,12,50.17,4.180833333333333
32,40,1,17,64.9,3.8176470588235296
32,40,2,5,19.07,3.814
32,40,3,7,23.93,3.4185714285714286
32,40,4,12,7.46,0.6216666666666667
32,43,0,15,71.01,4.734
32,43,1,11,44.11,4.01
32,43,2,18,70.08,3.893333333333333
32,43,3,7,21.68,3.097142857142857
32,43,4,7,13.28,1.897142857142857
32,45,0,18,45.46,2.5255555555555556
32,45,1,7,15.22,2.1742857142857144
32,45,2,11,22.02,2.001818181818182
32,45,3,5,7.76,1.552
32,45,4,14,7.35,0.525
32,47,0,9,49.13,5.45888888888889
32,47,1,14,73.01,5.215000000000001
32,47,2,20,88.81,4.4405
32,47,3,5,7.17,1.434
32,47,4,15,8.23,0.5486666666666667
32,48,0,3,7.64,2.5466666666666664
32,48,1,9,22.28,2.4755555555555557
32,48,2,16,21.11,1.319375
32,48,3,9,9.39,1.0433333333333334
32,48,4,17,5.35,0.31470588235294117
32,49,0,15,50.75,3.3833333333333333
32,49,1,2,5.21,2.605
32,49,2,20,44.61,2.2305
32,49,3,3,6.31,2.103333333333333
32,49,4,5,7.45,1.49
32,52,0,3,10.46,3.486666666666667
32,52,1,2,6.69,3.345
32,52,2,1,2.27,2.27
32,52,3,14,30.06,2.1471428571428572
32,52,4,16,6.22,0.38875
32,55,0,5,6.16,1.232
32,55,1,19,22.38,1.177894736842105
32,55,2,14,16.25,1.1607142857142858
32,55,3,8,8.95,1.11875
32,55,4,9,1.19,0.1322222222222222
32,56,0,17,62.71,3.688823529411765
32,56,1,9,31.48,3.497777777777778
32,56,2,5,11.61,2.322
32,56,3,2,3.22,1.61
32,56,4,17,12.91,0.7594117647058823
32,59,0,19,13.45,0.7078947368421052
32,59,1,19,12.88,0.6778947368421053
32,59,2,6,3.3,0.5499999999999999
32,59,3,20,2.83,0.14150000000000001
32,59,4,7,0.88,0.12571428571428572
32,60,0,5,25.91,5.182
32,60,1,15,56.4,3.76
32,60,2,10,34.27,3.4270000000000005
32,60,3,17,53.23,3.131176470588235
32,60,4,10,26.59,2.659
32,62,0,2,4.53,2.265
32,62,1,2,4.18,2.09
32,62,2,10,16.54,1.654
32,62,3,2,0.86,0.43
32,62,4,19,4.98,0.2621052631578948
32,64,0,20,96.49,4.8245
32,64,1,9,37.39,4.154444444444445
32,64,2,6,24.79,4.131666666666667
32,64,3,12,47.88,3.99
32,64,4,9,18.92,2.102222222222222
32,66,0,10,38.44,3.844
32,66,1,18,61.95,3.441666666666667
32,66,2,6,20.12,3.3533333333333335
32,66,3,17,50.6,2.976470588235294
32,66,4,9,11.97,1.33
32,67,0,11,19.49,1.7718181818181817
32,67,1,7,8.93,1.2757142857142856
32,67,2,20,14.14,0.7070000000000001
32,67,3,17,10.01,0.5888235294117647
32,67,4,16,7.23,0.451875
32,69,0,12,55.46,4.621666666666667
32,69,1,9,33.5,3.7222222222222223
32,69,2,20,62.8,3.1399999999999997
32,69,3,12,34.44,2.8699999999999997
32,69,4,15,5.3,0.35333333333333333
32,70,0,11,46.81,4.255454545454546
32,70,1,19,76.69,4.036315789473684
32,70,2,18,45.31,2.5172222222222222
32,70,3,18,30.16,1.6755555555555555
32,70,4,7,10.53,1.5042857142857142
32,71,0,4,24.61,6.1525
32,71,1,19,116.29,6.120526315789474
32,71,2,12,34.7,2.891666666666667
32,71,3,1,1.79,1.79
32,71,4,19,33.73,1.7752631578947367
32,73,0,18,122.79,6.821666666666667
32,73,1,14,88.62,6.33
32,73,2,11,37.97,3.4518181818181817
32,73,3,11,33.61,3.055454545454545
32,73,4,10,8.42,0.842
32,79,0,18,122.17,6.787222222222223
32,79,1,15,76.87,5.124666666666667
32,79,2,2,6.92,3.46
32,79,3,4,7.5,1.875
32,79,4,8,7.01,0.87625
32,82,0,19,73.71,3.879473684210526
32,82,1,1,1.4,1.4
32,82,2,17,17.9,1.052941176470588
32,82,3,6,3.39,0.5650000000000001
32,82,4,4,0.88,0.22
32,83,0,6,36.34,6.0566666666666675
32,83,1,14,48.78,3.4842857142857144
32,83,2,6,14.64,2.44
32,83,3,9,17.53,1.9477777777777778
32,83,4,3,5.69,1.8966666666666667
32,86,0,14,82.45,5.889285714285714
32,86,1,12,35.8,2.983333333333333
32,86,2,1,2.37,2.37
32,86,3,12,15.62,1.3016666666666665
32,86,4,19,17.58,0.9252631578947368
32,88,0,13,26.9,2.069230769230769
32,88,1,11,22.09,2.0081818181818183
32,88,2,7,13.56,1.9371428571428573
32,88,3,6,8.18,1.3633333333333333
32,88,4,20,9.0,0.45
32,89,0,9,43.3,4.811111111111111
32,89,1,12,22.3,1.8583333333333334
32,89,2,3,4.38,1.46
32,89,3,11,10.43,0.9481818181818181
32,89,4,17,14.26,0.8388235294117647
32,90,0,3,11.71,3.9033333333333338
32,90,1,18,61.78,3.4322222222222223
32,90,2,8,24.38,3.0475
32,90,3,8,23.3,2.9125
32,90,4,4,10.53,2.6325
32,93,0,3,18.84,6.28
32,93,1,15,90.36,6.024
32,93,2,13,48.71,3.746923076923077
32,93,3,15,25.23,1.682
32,93,4,3,1.29,0.43
32,94,0,2,7.57,3.785
32,94,1,10,36.49,3.649
32,94,2,8,26.27,3.28375
32,94,3,14,22.83,1.6307142857142856
32,94,4,20,19.3,0.9650000000000001
32,95,0,20,78.66,3.933
32,95,1,5,18.65,3.7299999999999995
32,95,2,16,44.49,2.780625
32,95,3,3,6.38,2.1266666666666665
32,95,4,4,4.24,1.06
32,97,0,5,27.93,5.586
32,97,1,18,80.66,4.481111111111111
32,97,2,15,59.05,3.9366666666666665
32,97,3,16,32.34,2.02125
32,97,4,9,11.94,1.3266666666666667
32,99,0,11,30.86,2.805454545454545
32,99,1,15,41.58,2.772
32,99,2,8,14.28,1.785
32,99,3,2,1.87,0.935
32,99,4,9,4.29,0.4766666666666667
34,0,0,6,2.91,0.48500000000000004
34,0,1,8,3.41,0.42625
34,0,2,18,6.36,0.35333333333333333
34,0,3,11,2.86,0.26
34,0,4,14,1.94,0.13857142857142857
34,1,0,11,15.09,1.3718181818181818
34,1,1,18,24.23,1.346111111111111
34,1,2,17,21.37,1.2570588235294118
34,1,3,5,4.0,0.8
34,1,4,10,7.32,0.732
34,3,0,5,5.98,1.1960000000000002
34,3,1,3,1.75,0.5833333333333334
34,3,2,12,6.89,0.5741666666666666
34,3,3,15,6.71,0.4473333333333333
34,3,4,3,0.34,0.11333333333333334
34,6,0,3,17.88,5.96
34,6,1,20,95.47,4.7735
34,6,2,12,54.29,4.524166666666667
34,6,3,13,45.93,3.5330769230769232
34,6,4,4,10.5,2.625
34,9,0,15,64.24,4.282666666666667
34,9,1,12,43.18,3.598333333333333
34,9,2,6,19.47,3.2449999999999997
34,9,3,19,55.29,2.91
34,9,4,18,27.75,1.5416666666666667
34,10,0,6,31.85,5.308333333333334
34,10,1,6,23.44,3.9066666666666667
34,10,2,2,7.04,3.52
34,10,3,16,15.83,0.989375
34,10,4,15,5.43,0.362
34,12,0,11,31.55,2.868181818181818
34,12,1,18,23.16,1.2866666666666666
34,12,2,11,8.26,0.7509090909090909
34,12,3,10,7.35,0.735
34,12,4,16,4.3,0.26875
34,13,0,7,6.37,0.91
34,13,1,17,14.18,0.8341176470588235
34,13,2,20,12.93,0.6465
34,13,3,1,0.54,0.54
34,13,4,1,0.3,0.3
34,14,0,7,12.61,1.8014285714285714
34,14,1,11,12.62,1.1472727272727272
34,14,2,7,7.2,1.0285714285714287
34,14,3,14,8.89,0.635
34,14,4,11,3.44,0.31272727272727274
34,16,0,2,5.49,2.745
34,16,1,9,23.73,2.6366666666666667
34,16,2,13,32.31,2.4853846153846155
34,16,3,11,19.76,1.7963636363636366
34,16,4,14,7.91,0.5650000000000001
34,17,0,5,6.35,1.27
34,17,1,12,7.28,0.6066666666666667
34,17,2,19,9.95,0.5236842105263158
34,17,3,19,6.61,0.34789473684210526
34,17,4,5,1.41,0.282
34,18,0,3,4.8,1.5999999999999999
34,18,1,1,1.31,1.31
34,18,2,8,9.41,1.17625
34,18,3,19,20.33,1.0699999999999998
34,18,4,14,7.34,0.5242857142857142
34,20,0,10,4.61,0.461
34,20,1,10,2.14,0.21400000000000002
34,20,2,11,2.33,0.21181818181818182
34,20,3,7,1.08,0.1542857142857143
34,20,4,20,1.85,0.0925
34,23,0,3,12.02,4.006666666666667
34,23,1,11,22.03,2.002727272727273
34,23,2,6,10.49,1.7483333333333333
34,23,3,8,10.13,1.26625
34,23,4,3,1.67,0.5566666666666666
34,27,0,14,76.6,5.471428571428571
34,27,1,20,102.6,5.13
34,27,2,9,44.54,4.948888888888889
34,27,3,17,76.91,4.524117647058823
34,27,4,15,12.75,0.85
34,31,0,19,11.11,0.5847368421052631
34,31,1,6,3.46,0.5766666666666667
34,31,2,7,3.98,0.5685714285714286
34,31,3,8,4.14,0.5175
34,31,4,15,1.98,0.132
34,32,0,5,12.36,2.472
34,32,1,11,22.87,2.079090909090909
34,32,2,9,18.32,2.035555555555556
34,32,3,9,8.57,0.9522222222222223
34,32,4,6,5.04,0.84
34,35,0,17,31.77,1.8688235294117648
34,35,1,17,20.94,1.231764705882353
34,35,2,18,17.22,0.9566666666666666
34,35,3,3,1.63,0.5433333333333333
34,35,4,18,3.42,0.19
34,40,0,18,28.28,1.5711111111111111
34,40,1,6,8.9,1.4833333333333334
34,40,2,5,5.5,1.1
34,40,3,3,2.42,0.8066666666666666
34,40,4,19,6.83,0.35947368421052633
34,43,0,12,21.02,1.7516666666666667
34,43,1,19,15.42,0.8115789473684211
34,43,2,20,15.45,0.7725
34,43,3,8,4.72,0.59
34,43,4,15,4.86,0.324
34,45,0,5,8.94,1.7879999999999998
34,45,1,11,15.33,1.3936363636363636
34,45,2,12,16.35,1.3625
34,45,3,16,20.68,1.2925
34,45,4,6,1.28,0.21333333333333335
34,47,0,16,63.59,3.974375
34,47,1,17,66.43,3.90764705882353
34,47,2,19,67.18,3.535789473684211
34,47,3,8,26.32,3.29
34,47,4,4,9.46,2.365
34,48,0,19,57.34,3.0178947368421056
34,48,1,10,14.67,1.467
34,48,2,8,10.56,1.32
34,48,3,19,19.74,1.0389473684210526
34,48,4,19,10.41,0.5478947368421053
34,49,0,7,16.12,2.302857142857143
34,49,1,17,25.73,1.513529411764706
34,49,2,9,12.31,1.3677777777777778
34,49,3,1,1.13,1.13
34,49,4,11,4.72,0.4290909090909091
34,52,0,10,34.89,3.489
34,52,1,3,5.02,1.6733333333333331
34,52,2,9,14.84,1.6488888888888888
34,52,3,14,13.92,0.9942857142857143
34,52,4,5,4.29,0.858
34,55,0,14,31.45,2.2464285714285714
34,55,1,9,15.24,1.6933333333333334
34,55,2,16,26.32,1.645
34,55,3,9,9.1,1.011111111111111
34,55,4,9,4.93,0.5477777777777777
34,56,0,5,17.45,3.4899999999999998
34,56,1,10,28.95,2.895
34,56,2,18,38.46,2.1366666666666667
34,56,3,7,10.2,1.457142857142857
34,56,4,3,3.86,1.2866666666666666
34,59,0,14,45.03,3.2164285714285716
34,59,1,15,36.45,2.43
34,59,2,16,36.44,2.2775
34,59,3,1,1.88,1.88
34,59,4,1,1.86,1.86
34,60,0,9,36.28,4.0311111111111115
34,60,1,7,25.54,3.6485714285714286
34,60,2,12,43.37,3.6141666666666663
34,60,3,15,51.21,3.414
34,60,4,7,22.08,3.154285714285714
34,62,0,19,40.02,2.1063157894736846
34,62,1,11,15.77,1.4336363636363636
34,62,2,10,10.91,1.091
34,62,3,10,6.13,0.613
34,62,4,15,6.51,0.434
34,64,0,15,24.73,1.6486666666666667
34,64,1,9,6.42,0.7133333333333334
34,64,2,18,8.41,0.4672222222222222
34,64,3,13,4.41,0.3392307692307692
34,64,4,6,0.49,0.08166666666666667
34,66,0,17,61.95,3.644117647058824
34,66,1,2,6.64,3.32
34,66,2,13,34.12,2.6246153846153844
34,66,3,15,30.9,2.06
34,66,4,5,3.48,0.696
34,67,0,8,30.25,3.78125
34,67,1,1,3.53,3.53
34,67,2,5,15.94,3.1879999999999997
34,67,3,11,21.91,1.991818181818182
34,67,4,17,10.75,0.6323529411764706
34,69,0,20,68.4,3.4200000000000004
34,69,1,11,34.6,3.1454545454545455
34,69,2,8,20.81,2.60125
34,69,3,10,18.47,1.847
34,69,4,15,6.92,0.4613333333333333
34,70,0,14,8.31,0.5935714285714286
34,70,1,5,2.06,0.41200000000000003
34,70,2,5,1.48,0.296
34,70,3,16,4.29,0.268125
34,70,4,14,1.93,0.13785714285714284
34,71,0,1,8.82,8.82
34,71,1,13,51.33,3.9484615384615385
34,71,2,7,24.46,3.494285714285714
34,71,3,14,42.63,3.0450000000000004
34,71,4,17,27.99,1.6464705882352941
34,73,0,5,25.56,5.112
34,73,1,8,18.3,2.2875
34,73,2,20,32.31,1.6155000000000002
34,73,3,9,13.74,1.5266666666666666
34,73,4,12,10.52,0.8766666666666666
34,79,0,5,51.01,10.202
34,79,1,10,87.54,8.754000000000001
34,79,2,1,7.24,7.24
34,79,3,3,9.5,3.1666666666666665
34,79,4,6,8.4,1.4000000000000001
34,82,0,17,120.53,7.09
34,82,1,15,96.38,6.425333333333333
34,82,2,9,51.29,5.698888888888889
34,82,3,10,39.89,3.989
34,82,4,17,45.12,2.6541176470588232
34,83,0,16,100.54,6.28375
34,83,1,6,31.22,5.203333333333333
34,83,2,20,77.08,3.854
34,83,3,6,9.83,1.6383333333333334
34,83,4,4,6.21,1.5525
34,86,0,11,106.96,9.723636363636363
34,86,1,3,22.18,7.3933333333333335
34,86,2,20,111.8,5.59
34,86,3,11,46.69,4.244545454545454
34,86,4,19,17.22,0.9063157894736842
34,88,0,9,7.57,0.8411111111111111
34,88,1,18,12.96,0.7200000000000001
34,88,2,15,5.67,0.378
34,88,3,9,2.89,0.3211111111111111
34,88,4,9,1.78,0.19777777777777777
34,89,0,12,85.76,7.146666666666667
34,89,1,8,30.8,3.85
34,89,2,13,42.39,3.2607692307692306
34,89,3,11,21.04,1.9127272727272726
34,89,4,11,6.57,0.5972727272727273
34,90,0,10,9.55,0.9550000000000001
34,90,1,10,7.1,0.71
34,90,2,1,0.34,0.34
34,90,3,3,0.61,0.20333333333333334
34,90,4,13,1.09,0.08384615384615385
34,93,0,10,86.49,8.649
34,93,1,2,13.8,6.9
34,93,2,18,59.06,3.281111111111111
34,93,3,5,16.06,3.2119999999999997
34,93,4,18,28.56,1.5866666666666667
34,94,0,14,56.48,4.034285714285714
34,94,1,3,5.67,1.89
34,94,2,4,6.25,1.5625
34,94,3,10,10.33,1.033
34,94,4,3,1.55,0.5166666666666667
34,95,0,16,16.92,1.0575
34,95,1,14,8.83,0.6307142857142857
34,95,2,2,1.17,0.585
34,95,3,15,6.24,0.41600000000000004
34,95,4,14,1.19,0.08499999999999999
34,97,0,15,69.75,4.65
34,97,1,4,6.8,1.7
34,97,2,7,9.11,1.3014285714285714
34,97,3,19,17.81,0.9373684210526315
34,97,4,16,13.76,0.86
34,99,0,11,1.54,0.14
34,99,1,19,1.8,0.09473684210526316
34,99,2,11,0.9,0.08181818181818182
34,99,3,20,0.99,0.0495
34,99,4,5,0.18,0.036
35,0,0,10,11.53,1.153
35,0,1,2,1.83,0.915
35,0,2,3,1.33,0.44333333333333336
35,0,3,10,3.68,0.368
35,0,4,20,5.98,0.29900000000000004
35,1,0,8,15.69,1.96125
35,1,1,19,28.05,1.4763157894736842
35,1,2,4,3.02,0.755
35,1,3,6,3.57,0.595
35,1,4,2,1.16,0.58
35,3,0,10,22.2,2.2199999999999998
35,3,1,19,33.84,1.7810526315789474
35,3,2,18,16.99,0.9438888888888888
35,3,3,14,5.15,0.3678571428571429
35,3,4,13,2.51,0.19307692307692306
35,6,0,1,2.85,2.85
35,6,1,14,36.7,2.6214285714285714
35,6,2,5,10.89,2.178
35,6,3,5,5.48,1.096
35,6,4,18,3.57,0.19833333333333333
35,9,0,8,17.41,2.17625
35,9,1,16,33.15,2.071875
35,9,2,10,16.29,1.629
35,9,3,6,9.44,1.5733333333333333
35,9,4,12,2.49,0.20750000000000002
35,10,0,18,57.77,3.2094444444444448
35,10,1,3,9.35,3.1166666666666667
35,10,2,7,15.74,2.2485714285714287
35,10,3,2,4.04,2.02
35,10,4,19,38.1,2.005263157894737
35,12,0,14,10.86,0.7757142857142857
35,12,1,3,1.3,0.43333333333333335
35,12,2,2,0.84,0.42
35,12,3,13,4.5,0.34615384615384615
35,12,4,11,1.84,0.16727272727272727
35,13,0,15,56.37,3.758
35,13,1,7,25.63,3.6614285714285715
35,13,2,13,41.23,3.171538461538461
35,13,3,12,28.24,2.353333333333333
35,13,4,10,7.29,0.729
35,14,0,13,37.52,2.8861538461538463
35,14,1,15,26.38,1.7586666666666666
35,14,2,14,22.47,1.605
35,14,3,9,14.19,1.5766666666666667
35,14,4,2,1.93,0.965
35,16,0,8,18.1,2.2625
35,16,1,1,1.71,1.71
35,16,2,3,4.96,1.6533333333333333
35,16,3,14,22.14,1.5814285714285714
35,16,4,8,3.16,0.395
35,17,0,17,26.09,1.5347058823529411
35,17,1,19,22.74,1.1968421052631577
35,17,2,7,6.8,0.9714285714285714
35,17,3,12,6.82,0.5683333333333334
35,17,4,14,3.54,0.25285714285714284
35,18,0,1,2.03,2.03
35,18,1,6,9.41,1.5683333333333334
35,18,2,6,8.97,1.495
35,18,3,8,4.85,0.60625
35,18,4,18,6.55,0.3638888888888889
35,20,0,11,7.15,0.65
35,20,1,10,6.23,0.623
35,20,2,19,8.04,0.42315789473684207
35,20,3,19,4.5,0.23684210526315788
35,20,4,2,0.21,0.105
35,23,0,16,68.5,4.28125
35,23,1,9,38.03,4.225555555555555
35,23,2,9,32.51,3.612222222222222
35,23,3,2,2.54,1.27
35,23,4,20,6.09,0.3045
35,27,0,11,31.07,2.8245454545454547
35,27,1,15,38.11,2.5406666666666666
35,27,2,6,7.65,1.2750000000000001
35,27,3,7,5.95,0.85
35,27,4,7,5.57,0.7957142857142857
35,31,0,16,23.57,1.473125
35,31,1,14,18.49,1.3207142857142855
35,31,2,13,12.19,0.9376923076923076
35,31,3,6,1.83,0.305
35,31,4,6,0.97,0.16166666666666665
35,32,0,4,11.99,2.9975
35,32,1,17,37.85,2.226470588235294
35,32,2,4,6.01,1.5025
35,32,3,19,26.64,1.4021052631578947
35,32,4,13,6.54,0.5030769230769231
35,34,0,3,7.13,2.3766666666666665
35,34,1,10,22.54,2.254
35,34,2,14,21.65,1.5464285714285713
35,34,3,2,2.69,1.345
35,34,4,2,1.38,0.69
35,40,0,7,14.5,2.0714285714285716
35,40,1,15,13.09,0.8726666666666667
35,40,2,8,2.54,0.3175
35,40,3,7,2.11,0.30142857142857143
35,40,4,6,1.76,0.29333333333333333
35,43,0,9,35.24,3.9155555555555557
35,43,1,12,44.16,3.6799999999999997
35,43,2,3,8.05,2.6833333333333336
35,43,3,20,26.79,1.3395
35,43,4,19,19.54,1.028421052631579
35,45,0,19,11.57,0.6089473684210527
35,45,1,18,10.5,0.5833333333333334
35,45,2,12,5.87,0.4891666666666667
35,45,3,11,4.65,0.4227272727272728
35,45,4,7,0.5,0.07142857142857142
35,47,0,19,45.64,2.4021052631578947
35,47,1,9,15.52,1.7244444444444444
35,47,2,9,9.83,1.0922222222222222
35,47,3,16,12.54,0.78375
35,47,4,15,11.5,0.7666666666666667
35,48,0,5,8.9,1.78
35,48,1,20,33.47,1.6735
35,48,2,15,22.61,1.5073333333333332
35,48,3,17,17.74,1.0435294117647058
35,48,4,12,7.03,0.5858333333333333
35,49,0,9,9.7,1.0777777777777777
35,49,1,15,15.97,1.0646666666666667
35,49,2,1,1.05,1.05
35,49,3,8,7.79,0.97375
35,49,4,19,15.68,0.8252631578947368
35,52,0,3,5.05,1.6833333333333333
35,52,1,10,13.98,1.3980000000000001
35,52,2,12,14.24,1.1866666666666668
35,52,3,6,5.9,0.9833333333333334
35,52,4,1,0.42,0.42
35,55,0,8,11.52,1.44
35,55,1,20,23.61,1.1804999999999999
35,55,2,17,14.58,0.8576470588235294
35,55,3,15,12.57,0.838
35,55,4,19,6.26,0.3294736842105263
35,56,0,13,10.88,0.836923076923077
35,56,1,8,3.09,0.38625
35,56,2,1,0.21,0.21
35,56,3,14,2.31,0.165
35,56,4,18,2.28,0.12666666666666665
35,59,0,4,8.83,2.2075
35,59,1,4,5.19,1.2975
35,59,2,15,16.9,1.1266666666666665
35,59,3,19,15.89,0.8363157894736842
35,59,4,11,8.46,0.7690909090909092
35,60,0,17,36.84,2.167058823529412
35,60,1,4,5.83,1.4575
35,60,2,9,9.35,1.0388888888888888
35,60,3,8,7.89,0.98625
35,60,4,16,12.38,0.77375
35,62,0,9,3.57,0.39666666666666667
35,62,1,4,1.25,0.3125
35,62,2,6,1.42,0.23666666666666666
35,62,3,14,2.2,0.15714285714285717
35,62,4,16,2.34,0.14625
35,64,0,2,6.39,3.195
35,64,1,20,50.92,2.5460000000000003
35,64,2,14,27.62,1.9728571428571429
35,64,3,10,10.74,1.074
35,64,4,7,6.78,0.9685714285714286
35,66,0,17,49.9,2.9352941176470586
35,66,1,3,7.2,2.4
35,66,2,13,28.69,2.206923076923077
35,66,3,3,5.77,1.9233333333333331
35,66,4,7,8.87,1.2671428571428571
35,67,0,4,7.82,1.955
35,67,1,5,7.66,1.532
35,67,2,4,2.18,0.545
35,67,3,17,4.65,0.2735294117647059
35,67,4,13,2.76,0.21230769230769228
35,69,0,4,7.77,1.9425
35,69,1,14,19.63,1.4021428571428571
35,69,2,15,7.95,0.53
35,69,3,3,1.07,0.3566666666666667
35,69,4,9,1.27,0.1411111111111111
35,70,0,3,8.45,2.8166666666666664
35,70,1,15,37.87,2.5246666666666666
35,70,2,12,23.02,1.9183333333333332
35,70,3,11,11.23,1.020909090909091
35,70,4,1,0.26,0.26
35,71,0,19,124.46,6.550526315789473
35,71,1,19,124.05,6.528947368421052
35,71,2,20,103.31,5.1655
35,71,3,19,82.62,4.348421052631579
35,71,4,5,11.93,2.386
35,73,0,5,23.65,4.7299999999999995
35,73,1,17,66.98,3.9400000000000004
35,73,2,12,39.61,3.3008333333333333
35,73,3,12,27.5,2.2916666666666665
35,73,4,10,5.38,0.538
35,79,0,12,93.31,7.775833333333334
35,79,1,20,126.97,6.3485
35,79,2,10,32.47,3.247
35,79,3,14,35.6,2.542857142857143
35,79,4,13,28.78,2.213846153846154
35,82,0,2,12.85,6.425
35,82,1,15,71.62,4.774666666666667
35,82,2,9,36.92,4.102222222222222
35,82,3,1,0.8,0.8
35,82,4,1,0.42,0.42
35,83,0,3,11.01,3.67
35,83,1,7,17.61,2.5157142857142856
35,83,2,3,7.54,2.513333333333333
35,83,3,7,6.81,0.9728571428571428
35,83,4,13,7.11,0.546923076923077
35,86,0,3,18.01,6.003333333333334
35,86,1,7,25.91,3.7014285714285715
35,86,2,7,24.3,3.4714285714285715
35,86,3,14,29.3,2.092857142857143
35,86,4,6,4.54,0.7566666666666667
35,88,0,5,6.22,1.244
35,88,1,18,13.22,0.7344444444444445
35,88,2,8,4.36,0.545
35,88,3,7,3.38,0.4828571428571428
35,88,4,6,1.1,0.18333333333333335
35,89,0,13,83.2,6.4
35,89,1,5,25.73,5.146
35,89,2,10,37.49,3.749
35,89,3,11,37.47,3.4063636363636363
35,89,4,9,29.32,3.2577777777777777
35,90,0,17,51.64,3.0376470588235294
35,90,1,10,23.53,2.353
35,90,2,16,30.55,1.909375
35,90,3,8,8.45,1.05625
35,90,4,8,2.59,0.32375
35,93,0,6,28.2,4.7
35,93,1,1,4.53,4.53
35,93,2,16,40.85,2.553125
35,93,3,7,12.56,1.7942857142857143
35,93,4,12,17.23,1.4358333333333333
35,94,0,17,35.72,2.101176470588235
35,94,1,15,30.31,2.0206666666666666
35,94,2,20,33.07,1.6535
35,94,3,17,10.17,0.5982352941176471
35,94,4,4,1.88,0.47
35,95,0,17,55.63,3.2723529411764707
35,95,1,14,44.61,3.1864285714285714
35,95,2,13,12.82,0.9861538461538462
35,95,3,3,1.65,0.5499999999999999
35,95,4,6,1.61,0.26833333333333337
35,97,0,19,77.71,4.09
35,97,1,2,7.17,3.585
35,97,2,17,54.8,3.2235294117647055
35,97,3,7,16.9,2.414285714285714
35,97,4,18,12.73,0.7072222222222222
35,99,0,5,10.52,2.104
35,99,1,6,11.5,1.9166666666666667
35,99,2,17,26.64,1.5670588235294118
35,99,3,18,20.18,1.1211111111111112
35,99,4,12,12.87,1.0725
40,0,0,7,11.76,1.68
40,0,1,7,11.34,1.6199999999999999
40,0,2,3,2.24,0.7466666666666667
40,0,3,13,5.83,0.44846153846153847
40,0,4,5,0.55,0.11000000000000001
40,1,0,1,2.59,2.59
40,1,1,20,30.32,1.516
40,1,2,1,1.22,1.22
40,1,3,1,0.87,0.87
40,1,4,3,1.39,0.4633333333333333
40,3,0,6,11.78,1.9633333333333332
40,3,1,2,3.68,1.84
40,3,2,11,9.09,0.8263636363636363
40,3,3,10,2.63,0.263
40,3,4,10,2.41,0.24100000000000002
40,6,0,5,26.9,5.38
40,6,1,7,25.54,3.6485714285714286
40,6,2,3,9.4,3.1333333333333333
40,6,3,6,9.6,1.5999999999999999
40,6,4,10,13.52,1.3519999999999999
40,9,0,16,58.99,3.686875
40,9,1,19,64.39,3.3889473684210527
40,9,2,15,33.36,2.2239999999999998
40,9,3,9,15.35,1.7055555555555555
40,9,4,14,19.41,1.3864285714285713
40,10,0,1,4.23,4.23
40,10,1,15,58.23,3.8819999999999997
40,10,2,18,27.77,1.5427777777777778
40,10,3,7,9.92,1.417142857142857
40,10,4,17,18.27,1.0747058823529412
40,12,0,7,14.04,2.005714285714286
40,12,1,10,16.79,1.6789999999999998
40,12,2,16,24.22,1.51375
40,12,3,14,9.32,0.6657142857142857
40,12,4,3,1.17,0.38999999999999996
40,13,0,10,29.61,2.961
40,13,1,11,30.56,2.778181818181818
40,13,2,20,47.87,2.3935
40,13,3,4,2.84,0.71
40,13,4,18,8.05,0.44722222222222224
40,14,0,17,40.46,2.38
40,14,1,20,41.72,2.086
40,14,2,15,24.44,1.6293333333333335
40,14,3,13,13.39,1.03
40,14,4,20,3.47,0.17350000000000002
40,16,0,11,11.69,1.0627272727272727
40,16,1,6,3.19,0.5316666666666666
40,16,2,11,5.69,0.5172727272727273
40,16,3,4,1.63,0.4075
40,16,4,20,7.53,0.3765
40,17,0,11,7.86,0.7145454545454546
40,17,1,13,6.87,0.5284615384615384
40,17,2,6,2.71,0.45166666666666666
40,17,3,19,5.73,0.30157894736842106
40,17,4,13,1.05,0.08076923076923077
40,18,0,10,3.89,0.389
40,18,1,8,2.38,0.2975
40,18,2,11,2.76,0.2509090909090909
40,18,3,15,3.13,0.20866666666666667
40,18,4,7,1.32,0.18857142857142858
40,20,0,19,50.03,2.633157894736842
40,20,1,7,17.69,2.527142857142857
40,20,2,10,21.8,2.18
40,20,3,4,5.61,1.4025
40,20,4,5,4.72,0.944
40,23,0,8,50.73,6.34125
40,23,1,20,115.96,5.798
40,23,2,13,49.76,3.8276923076923075
40,23,3,2,4.75,2.375
40,23,4,4,6.65,1.6625
40,27,0,15,70.59,4.706
40,27,1,2,6.76,3.38
40,27,2,12,24.86,2.0716666666666668
40,27,3,9,17.79,1.9766666666666666
40,27,4,14,11.48,0.8200000000000001
40,31,0,2,3.38,1.69
40,31,1,1,1.44,1.44
40,31,2,16,17.33,1.083125
40,31,3,6,0.98,0.16333333333333333
40,31,4,12,1.12,0.09333333333333334
40,32,0,13,41.71,3.2084615384615387
40,32,1,15,42.93,2.862
40,32,2,10,28.29,2.8289999999999997
40,32,3,5,11.3,2.2600000000000002
40,32,4,8,16.4,2.05
40,34,0,18,34.29,1.905
40,34,1,2,3.06,1.53
40,34,2,6,4.83,0.805
40,34,3,12,4.43,0.36916666666666664
40,34,4,2,0.27,0.135
40,35,0,3,5.65,1.8833333333333335
40,35,1,11,18.3,1.6636363636363638
40,35,2,9,12.92,1.4355555555555555
40,35,3,8,9.79,1.22375
40,35,4,4,0.41,0.1025
40,43,0,19,41.32,2.174736842105263
40,43,1,11,20.22,1.8381818181818181
40,43,2,4,7.28,1.82
40,43,3,20,23.66,1.183
40,43,4,14,6.22,0.4442857142857143
40,45,0,14,25.03,1.787857142857143
40,45,1,15,23.25,1.55
40,45,2,11,10.69,0.9718181818181818
40,45,3,1,0.69,0.69
40,45,4,16,7.04,0.44
40,47,0,12,22.34,1.8616666666666666
40,47,1,4,6.77,1.6925
40,47,2,10,15.56,1.556
40,47,3,7,9.15,1.3071428571428572
40,47,4,9,1.67,0.18555555555555556
40,48,0,8,21.23,2.65375
40,48,1,7,18.55,2.65
40,48,2,5,12.57,2.5140000000000002
40,48,3,19,15.15,0.7973684210526316
40,48,4,13,4.84,0.3723076923076923
40,49,0,13,14.32,1.1015384615384616
40,49,1,11,12.01,1.0918181818181818
40,49,2,14,11.78,0.8414285714285714
40,49,3,17,3.92,0.23058823529411765
40,49,4,3,0.54,0.18000000000000002
40,52,0,14,37.84,2.7028571428571433
40,52,1,3,8.1,2.6999999999999997
40,52,2,8,19.68,2.46
40,52,3,10,15.28,1.528
40,52,4,15,13.89,0.926
40,55,0,7,24.3,3.4714285714285715
40,55,1,4,9.15,2.2875
40,55,2,6,11.38,1.8966666666666667
40,55,3,7,12.5,1.7857142857142858
40,55,4,13,14.92,1.1476923076923078
40,56,0,2,3.75,1.875
40,56,1,11,19.64,1.7854545454545454
40,56,2,12,14.06,1.1716666666666666
40,56,3,14,7.86,0.5614285714285715
40,56,4,1,0.34,0.34
40,59,0,8,26.23,3.27875
40,59,1,17,41.92,2.4658823529411764
40,59,2,11,22.4,2.036363636363636
40,59,3,19,36.43,1.9173684210526316
40,59,4,19,27.65,1.4552631578947368
40,60,0,5,15.12,3.024
40,60,1,7,20.44,2.9200000000000004
40,60,2,11,28.37,2.579090909090909
40,60,3,14,11.34,0.8099999999999999
40,60,4,4,2.74,0.685
40,62,0,7,12.98,1.8542857142857143
40,62,1,1,1.85,1.85
40,62,2,9,15.24,1.6933333333333334
40,62,3,9,10.52,1.1688888888888889
40,62,4,7,2.8,0.39999999999999997
40,64,0,5,9.17,1.834
40,64,1,17,29.28,1.7223529411764706
40,64,2,6,10.29,1.7149999999999999
40,64,3,10,16.41,1.641
40,64,4,4,5.85,1.4625
40,66,0,16,62.97,3.935625
40,66,1,18,70.68,3.926666666666667
40,66,2,3,9.54,3.1799999999999997
40,66,3,15,43.87,2.9246666666666665
40,66,4,17,8.35,0.49117647058823527
40,67,0,7,26.91,3.8442857142857143
40,67,1,10,36.37,3.6369999999999996
40,67,2,15,45.11,3.0073333333333334
40,67,3,4,11.47,2.8675
40,67,4,18,39.73,2.207222222222222
40,69,0,1,1.96,1.96
40,69,1,8,8.51,1.06375
40,69,2,20,18.57,0.9285
40,69,3,8,4.96,0.62
40,69,4,4,0.6,0.15
40,70,0,2,3.68,1.84
40,70,1,19,31.29,1.6468421052631579
40,70,2,6,5.02,0.8366666666666666
40,70,3,4,2.91,0.7275
40,70,4,20,9.24,0.462
40,71,0,12,101.95,8.495833333333334
40,71,1,8,59.13,7.39125
40,71,2,12,79.97,6.664166666666667
40,71,3,10,62.19,6.218999999999999
40,71,4,7,9.66,1.3800000000000001
40,73,0,12,118.29,9.8575
40,73,1,10,75.72,7.572
40,73,2,13,81.16,6.243076923076923
40,73,3,1,4.73,4.73
40,73,4,7,27.51,3.93
40,79,0,7,68.13,9.732857142857142
40,79,1,15,132.81,8.854000000000001
40,79,2,12,89.74,7.478333333333333
40,79,3,6,33.7,5.616666666666667
40,79,4,9,19.42,2.157777777777778
40,82,0,18,122.19,6.788333333333333
40,82,1,12,76.19,6.349166666666666
40,82,2,16,84.87,5.304375
40,82,3,13,18.76,1.4430769230769231
40,82,4,7,9.44,1.3485714285714285
40,83,0,9,48.11,5.345555555555555
40,83,1,8,37.42,4.6775
40,83,2,20,90.66,4.5329999999999995
40,83,3,15,31.69,2.1126666666666667
40,83,4,19,18.56,0.9768421052631578
40,86,0,6,61.55,10.258333333333333
40,86,1,11,74.67,6.788181818181818
40,86,2,18,54.74,3.0411111111111113
40,86,3,11,21.72,1.9745454545454544
40,86,4,8,6.15,0.76875
40,88,0,20,51.26,2.5629999999999997
40,88,1,4,9.02,2.255
40,88,2,19,24.97,1.3142105263157895
40,88,3,2,2.37,1.185
40,88,4,17,19.49,1.1464705882352941
40,89,0,13,123.84,9.526153846153846
40,89,1,14,109.03,7.787857142857143
40,89,2,17,128.66,7.568235294117647
40,89,3,6,21.86,3.643333333333333
40,89,4,5,10.44,2.088
40,90,0,1,2.44,2.44
40,90,1,12,24.75,2.0625
40,90,2,1,1.92,1.92
40,90,3,10,10.78,1.0779999999999998
40,90,4,8,8.35,1.04375
40,93,0,2,16.79,8.395
40,93,1,5,34.29,6.858
40,93,2,18,111.94,6.2188888888888885
40,93,3,18,94.25,5.236111111111111
40,93,4,4,13.18,3.295
40,94,0,20,69.21,3.4604999999999997
40,94,1,4,13.37,3.3425
40,94,2,18,45.08,2.5044444444444443
40,94,3,12,14.81,1.2341666666666666
40,94,4,2,2.24,1.12
40,95,0,2,3.97,1.985
40,95,1,16,27.54,1.72125
40,95,2,19,31.05,1.6342105263157896
40,95,3,10,8.93,0.893
40,95,4,20,15.82,0.791
40,97,0,9,27.05,3.0055555555555555
40,97,1,19,55.05,2.8973684210526316
40,97,2,16,43.0,2.6875
40,97,3,6,11.81,1.9683333333333335
40,97,4,14,21.85,1.5607142857142857
40,99,0,2,3.42,1.71
40,99,1,9,12.64,1.4044444444444446
40,99,2,6,4.11,0.685
40,99,3,10,3.48,0.348
40,99,4,15,3.91,0.26066666666666666
43,0,0,15,21.14,1.4093333333333333
43,0,1,4,4.62,1.155
43,0,2,20,20.29,1.0145
43,0,3,5,3.49,0.6980000000000001
43,0,4,13,2.4,0.1846153846153846
43,1,0,15,5.34,0.356
43,1,1,4,1.21,0.3025
43,1,2,19,4.58,0.24105263157894738
43,1,3,7,0.49,0.06999999999999999
43,1,4,20,0.42,0.020999999999999998
43,3,0,15,7.38,0.492
43,3,1,10,3.63,0.363
43,3,2,15,2.02,0.13466666666666666
43,3,3,8,0.93,0.11625
43,3,4,12,0.9,0.075
43,6,0,10,71.71,7.170999999999999
43,6,1,11,73.05,6.640909090909091
43,6,2,1,4.46,4.46
43,6,3,14,19.3,1.3785714285714286
43,6,4,11,9.28,0.8436363636363636
43,9,0,18,61.9,3.4388888888888887
43,9,1,3,4.69,1.5633333333333335
43,9,2,10,5.4,0.54
43,9,3,16,5.57,0.348125
43,9,4,4,1.03,0.2575
43,10,0,5,35.24,7.048
43,10,1,7,31.03,4.432857142857143
43,10,2,14,58.56,4.182857142857143
43,10,3,1,2.46,2.46
43,10,4,8,5.19,0.64875
43,12,0,11,36.27,3.2972727272727274
43,12,1,3,7.96,2.6533333333333333
43,12,2,2,4.94,2.47
43,12,3,7,11.49,1.6414285714285715
43,12,4,15,4.06,0.27066666666666667
43,13,0,12,5.07,0.42250000000000004
43,13,1,2,0.76,0.38
43,13,2,8,2.74,0.3425
43,13,3,7,1.72,0.24571428571428572
43,13,4,17,2.55,0.15
43,14,0,12,2.58,0.215
43,14,1,14,2.54,0.18142857142857144
43,14,2,5,0.89,0.178
43,14,3,7,0.33,0.047142857142857146
43,14,4,2,0.02,0.01
43,16,0,19,58.2,3.0631578947368423
43,16,1,15,45.55,3.0366666666666666
43,16,2,12,27.1,2.2583333333333333
43,16,3,10,9.75,0.975
43,16,4,14,9.0,0.6428571428571429
43,17,0,19,40.57,2.135263157894737
43,17,1,7,9.78,1.397142857142857
43,17,2,10,13.52,1.3519999999999999
43,17,3,8,8.16,1.02
43,17,4,1,0.59,0.59
43,18,0,15,46.2,3.08
43,18,1,13,11.45,0.8807692307692307
43,18,2,14,11.1,0.7928571428571428
43,18,3,8,4.81,0.60125
43,18,4,20,12.02,0.601
43,20,0,18,68.21,3.789444444444444
43,20,1,8,27.37,3.42125
43,20,2,4,4.5,1.125
43,20,3,2,2.11,1.055
43,20,4,11,2.24,0.20363636363636364
43,23,0,10,54.72,5.4719999999999995
43,23,1,1,5.25,5.25
43,23,2,17,75.15,4.420588235294118
43,23,3,13,22.1,1.7000000000000002
43,23,4,2,2.47,1.235
43,27,0,4,22.48,5.62
43,27,1,6,33.11,5.5183333333333335
43,27,2,13,55.48,4.2676923076923075
43,27,3,2,8.06,4.03
43,27,4,12,40.85,3.404166666666667
43,31,0,7,16.72,2.3885714285714283
43,31,1,11,25.11,2.2827272727272727
43,31,2,9,6.98,0.7755555555555556
43,31,3,14,6.26,0.4471428571428571
43,31,4,10,1.53,0.153
43,32,0,12,31.51,2.6258333333333335
43,32,1,1,2.2,2.2
43,32,2,7,13.81,1.9728571428571429
43,32,3,16,25.41,1.588125
43,32,4,16,12.4,0.775
43,34,0,12,20.83,1.7358333333333331
43,34,1,3,4.15,1.3833333333333335
43,34,2,19,24.19,1.2731578947368423
43,34,3,7,8.7,1.2428571428571427
43,34,4,16,13.94,0.87125
43,35,0,15,56.93,3.7953333333333332
43,35,1,16,31.9,1.99375
43,35,2,18,28.18,1.5655555555555556
43,35,3,12,3.03,0.2525
43,35,4,6,1.08,0.18000000000000002
43,40,0,12,13.92,1.16
43,40,1,5,3.87,0.774
43,40,2,1,0.72,0.72
43,40,3,17,9.3,0.5470588235294118
43,40,4,16,7.44,0.465
43,45,0,19,48.09,2.5310526315789477
43,45,1,3,7.1,2.3666666666666667
43,45,2,13,21.31,1.639230769230769
43,45,3,6,1.78,0.2966666666666667
43,45,4,12,3.25,0.2708333333333333
43,47,0,1,4.54,4.54
43,47,1,13,52.66,4.05076923076923
43,47,2,2,7.46,3.73
43,47,3,13,26.52,2.04
43,47,4,11,21.64,1.9672727272727273
43,48,0,14,72.21,5.157857142857142
43,48,1,10,32.43,3.243
43,48,2,14,45.13,3.2235714285714288
43,48,3,7,20.95,2.992857142857143
43,48,4,3,1.83,0.61
43,49,0,9,31.7,3.522222222222222
43,49,1,13,24.24,1.8646153846153846
43,49,2,19,26.0,1.368421052631579
43,49,3,15,9.33,0.622
43,49,4,7,3.64,0.52
43,52,0,1,4.54,4.54
43,52,1,13,57.54,4.426153846153846
43,52,2,20,78.08,3.904
43,52,3,18,59.77,3.320555555555556
43,52,4,13,25.82,1.9861538461538462
43,55,0,3,9.88,3.2933333333333334
43,55,1,18,45.39,2.5216666666666665
43,55,2,10,23.9,2.3899999999999997
43,55,3,15,22.46,1.4973333333333334
43,55,4,4,3.66,0.915
43,56,0,3,14.82,4.94
43,56,1,10,48.03,4.803
43,56,2,13,18.21,1.4007692307692308
43,56,3,13,17.78,1.3676923076923078
43,56,4,10,10.54,1.0539999999999998
43,59,0,3,14.01,4.67
43,59,1,3,13.08,4.36
43,59,2,8,28.88,3.61
43,59,3,3,6.85,2.283333333333333
43,59,4,16,4.23,0.264375
43,60,0,1,5.39,5.39
43,60,1,5,22.92,4.5840000000000005
43,60,2,12,49.57,4.130833333333333
43,60,3,18,47.94,2.663333333333333
43,60,4,8,2.66,0.3325
43,62,0,8,29.49,3.68625
43,62,1,13,36.64,2.8184615384615386
43,62,2,2,5.29,2.645
43,62,3,18,22.46,1.2477777777777779
43,62,4,19,22.42,1.1800000000000002
43,64,0,13,6.36,0.48923076923076925
43,64,1,6,2.12,0.35333333333333333
43,64,2,18,5.47,0.3038888888888889
43,64,3,7,1.49,0.21285714285714286
43,64,4,3,0.17,0.05666666666666667
43,66,0,12,71.56,5.963333333333334
43,66,1,2,8.17,4.085
43,66,2,16,63.88,3.9925
43,66,3,19,47.24,2.4863157894736845
43,66,4,1,2.24,2.24
43,67,0,3,17.98,5.993333333333333
43,67,1,18,101.11,5.617222222222222
43,67,2,15,58.29,3.886
43,67,3,16,19.09,1.193125
43,67,4,12,4.73,0.3941666666666667
43,69,0,18,90.92,5.051111111111111
43,69,1,8,30.22,3.7775
43,69,2,17,52.6,3.0941176470588236
43,69,3,17,37.75,2.2205882352941178
43,69,4,8,8.29,1.03625
43,70,0,10,7.66,0.766
43,70,1,20,12.35,0.6174999999999999
43,70,2,5,2.71,0.542
43,70,3,3,1.51,0.5033333333333333
43,70,4,20,3.84,0.192
43,71,0,9,83.18,9.242222222222223
43,71,1,18,147.47,8.192777777777778
43,71,2,16,82.26,5.14125
43,71,3,7,25.02,3.5742857142857143
43,71,4,14,33.11,2.3649999999999998
43,73,0,18,219.86,12.214444444444446
43,73,1,1,12.03,12.03
43,73,2,13,116.14,8.933846153846154
43,73,3,14,115.74,8.267142857142856
43,73,4,1,5.8,5.8
43,79,0,5,53.12,10.623999999999999
43,79,1,1,5.38,5.38
43,79,2,18,46.66,2.592222222222222
43,79,3,1,1.5,1.5
43,79,4,18,23.35,1.2972222222222223
43,82,0,16,129.54,8.09625
43,82,1,13,77.15,5.934615384615385
43,82,2,4,9.91,2.4775
43,82,3,18,14.4,0.8
43,82,4,7,5.16,0.7371428571428572
43,83,0,5,31.59,6.318
43,83,1,11,62.4,5.672727272727273
43,83,2,11,59.77,5.433636363636364
43,83,3,7,15.66,2.237142857142857
43,83,4,4,1.77,0.4425
43,86,0,17,204.04,12.00235294117647
43,86,1,10,82.84,8.284
43,86,2,17,96.67,5.686470588235294
43,86,3,13,51.73,3.979230769230769
43,86,4,15,15.01,1.0006666666666666
43,88,0,7,23.03,3.29
43,88,1,6,16.6,2.766666666666667
43,88,2,16,38.24,2.39
43,88,3,10,19.87,1.987
43,88,4,20,18.94,0.9470000000000001
43,89,0,16,161.05,10.065625
43,89,1,16,159.4,9.9625
43,89,2,3,21.53,7.176666666666667
43,89,3,17,60.79,3.5758823529411763
43,89,4,12,38.73,3.2274999999999996
43,90,0,2,1.22,0.61
43,90,1,11,5.08,0.46181818181818185
43,90,2,7,2.52,0.36
43,90,3,1,0.34,0.34
43,90,4,7,1.22,0.1742857142857143
43,93,0,13,130.75,10.057692307692308
43,93,1,16,150.9,9.43125
43,93,2,14,79.85,5.703571428571428
43,93,3,12,50.57,4.214166666666666
43,93,4,20,26.62,1.331
43,94,0,15,95.57,6.371333333333333
43,94,1,15,84.37,5.624666666666667
43,94,2,3,13.01,4.336666666666667
43,94,3,8,30.08,3.76
43,94,4,17,13.22,0.7776470588235295
43,95,0,8,6.13,0.76625
43,95,1,10,5.4,0.54
43,95,2,18,4.72,0.2622222222222222
43,95,3,13,1.6,0.12307692307692308
43,95,4,14,1.03,0.07357142857142858
43,97,0,16,87.07,5.441875
43,97,1,15,67.07,4.471333333333333
43,97,2,19,72.8,3.831578947368421
43,97,3,18,41.34,2.296666666666667
43,97,4,9,5.53,0.6144444444444445
43,99,0,17,31.8,1.8705882352941177
43,99,1,9,15.75,1.75
43,99,2,1,1.09,1.09
43,99,3,11,6.86,0.6236363636363637
43,99,4,3,0.5,0.16666666666666666
45,0,0,6,5.29,0.8816666666666667
45,0,1,2,1.47,0.735
45,0,2,20,4.81,0.2405
45,0,3,4,0.89,0.2225
45,0,4,10,2.11,0.211
45,1,0,8,17.65,2.20625
45,1,1,8,8.97,1.12125
45,1,2,17,12.55,0.7382352941176471
45,1,3,3,1.62,0.54
45,1,4,12,4.83,0.4025
45,3,0,2,5.33,2.665
45,3,1,18,37.58,2.0877777777777777
45,3,2,18,23.91,1.3283333333333334
45,3,3,4,5.12,1.28
45,3,4,4,2.16,0.54
45,6,0,9,36.53,4.058888888888889
45,6,1,3,11.06,3.686666666666667
45,6,2,14,33.64,2.402857142857143
45,6,3,4,7.88,1.97
45,6,4,4,3.16,0.79
45,9,0,1,1.6,1.6
45,9,1,3,3.47,1.1566666666666667
45,9,2,18,19.05,1.0583333333333333
45,9,3,12,10.18,0.8483333333333333
45,9,4,10,5.83,0.583
45,10,0,2,6.9,3.45
45,10,1,8,23.5,2.9375
45,10,2,3,7.26,2.42
45,10,3,13,14.44,1.1107692307692307
45,10,4,2,0.48,0.24
45,12,0,5,7.55,1.51
45,12,1,15,19.57,1.3046666666666666
45,12,2,6,6.71,1.1183333333333334
45,12,3,11,7.09,0.6445454545454545
45,12,4,10,5.8,0.58
45,13,0,12,34.93,2.910833333333333
45,13,1,18,29.97,1.665
45,13,2,14,18.0,1.2857142857142858
45,13,3,2,1.29,0.645
45,13,4,6,1.48,0.24666666666666667
45,14,0,19,61.48,3.2357894736842105
45,14,1,1,3.16,3.16
45,14,2,19,37.68,1.983157894736842
45,14,3,11,17.85,1.6227272727272728
45,14,4,8,1.98,0.2475
45,16,0,5,14.32,2.864
45,16,1,15,31.61,2.1073333333333335
45,16,2,17,31.23,1.8370588235294119
45,16,3,9,5.24,0.5822222222222222
45,16,4,16,6.92,0.4325
45,17,0,13,17.44,1.3415384615384616
45,17,1,19,20.25,1.0657894736842106
45,17,2,18,11.6,0.6444444444444444
45,17,3,9,3.98,0.44222222222222224
45,17,4,14,0.78,0.055714285714285716
45,18,0,3,5.94,1.9800000000000002
45,18,1,2,2.94,1.47
45,18,2,19,17.92,0.9431578947368422
45,18,3,2,0.84,0.42
45,18,4,18,5.96,0.33111111111111113
45,20,0,10,8.24,0.8240000000000001
45,20,1,8,4.41,0.55125
45,20,2,2,1.05,0.525
45,20,3,4,1.56,0.39
45,20,4,3,0.65,0.21666666666666667
45,23,0,5,15.45,3.09
45,23,1,20,53.87,2.6935
45,23,2,12,18.81,1.5675
45,23,3,2,2.6,1.3
45,23,4,1,0.8,0.8
45,27,0,12,33.46,2.7883333333333336
45,27,1,5,13.35,2.67
45,27,2,5,9.35,1.8699999999999999
45,27,3,11,12.91,1.1736363636363636
45,27,4,4,1.9,0.475
45,31,0,15,16.42,1.0946666666666667
45,31,1,18,17.02,0.9455555555555555
45,31,2,11,8.96,0.8145454545454546
45,31,3,1,0.25,0.25
45,31,4,10,0.97,0.097
45,32,0,19,43.86,2.3084210526315787
45,32,1,6,11.32,1.8866666666666667
45,32,2,15,17.89,1.1926666666666668
45,32,3,11,11.69,1.0627272727272727
45,32,4,17,6.59,0.3876470588235294
45,34,0,12,18.19,1.5158333333333334
45,34,1,16,18.52,1.1575
45,34,2,4,2.86,0.715
45,34,3,4,2.47,0.6175
45,34,4,4,0.58,0.145
45,35,0,10,3.98,0.398
45,35,1,4,0.91,0.2275
45,35,2,7,1.58,0.22571428571428573
45,35,3,17,2.85,0.16764705882352943
45,35,4,10,1.2,0.12
45,40,0,18,34.0,1.8888888888888888
45,40,1,2,2.43,1.215
45,40,2,1,1.09,1.09
45,40,3,7,5.84,0.8342857142857143
45,40,4,9,4.31,0.47888888888888886
45,43,0,18,57.85,3.213888888888889
45,43,1,3,9.53,3.1766666666666663
45,43,2,16,36.57,2.285625
45,43,3,8,7.29,0.91125
45,43,4,12,6.51,0.5425
45,47,0,6,18.22,3.0366666666666666
45,47,1,7,18.18,2.597142857142857
45,47,2,5,11.77,2.354
45,47,3,6,4.6,0.7666666666666666
45,47,4,7,1.26,0.18
45,48,0,6,10.21,1.7016666666666669
45,48,1,13,21.81,1.6776923076923076
45,48,2,3,4.97,1.6566666666666665
45,48,3,14,14.21,1.0150000000000001
45,48,4,9,1.51,0.16777777777777778
45,49,0,11,12.38,1.1254545454545455
45,49,1,5,4.3,0.86
45,49,2,16,4.51,0.281875
45,49,3,15,3.78,0.252
45,49,4,4,0.42,0.105
45,52,0,12,26.52,2.21
45,52,1,1,1.94,1.94
45,52,2,2,3.53,1.765
45,52,3,6,8.2,1.3666666666666665
45,52,4,9,2.94,0.32666666666666666
45,55,0,20,27.5,1.375
45,55,1,6,6.67,1.1116666666666666
45,55,2,18,6.56,0.3644444444444444
45,55,3,5,0.79,0.158
45,55,4,9,1.33,0.14777777777777779
45,56,0,20,33.61,1.6804999999999999
45,56,1,7,10.63,1.5185714285714287
45,56,2,9,13.52,1.5022222222222221
45,56,3,16,13.3,0.83125
45,56,4,9,4.82,0.5355555555555556
45,59,0,10,22.41,2.241
45,59,1,8,10.76,1.345
45,59,2,12,7.6,0.6333333333333333
45,59,3,10,3.86,0.386
45,59,4,14,2.29,0.16357142857142856
45,60,0,1,2.41,2.41
45,60,1,14,25.82,1.8442857142857143
45,60,2,8,14.16,1.77
45,60,3,3,3.7,1.2333333333333334
45,60,4,19,9.13,0.48052631578947375
45,62,0,12,14.43,1.2025
45,62,1,15,16.07,1.0713333333333332
45,62,2,10,8.14,0.8140000000000001
45,62,3,16,4.34,0.27125
45,62,4,4,0.62,0.155
45,64,0,11,33.98,3.089090909090909
45,64,1,19,50.56,2.6610526315789476
45,64,2,12,30.02,2.5016666666666665
45,64,3,19,27.8,1.4631578947368422
45,64,4,6,7.66,1.2766666666666666
45,66,0,3,9.27,3.09
45,66,1,10,26.47,2.647
45,66,2,16,36.95,2.309375
45,66,3,13,17.02,1.3092307692307692
45,66,4,14,6.32,0.45142857142857146
45,67,0,2,5.12,2.56
45,67,1,14,32.64,2.3314285714285714
45,67,2,17,39.11,2.300588235294118
45,67,3,19,43.59,2.2942105263157897
45,67,4,3,2.06,0.6866666666666666
45,69,0,10,23.59,2.359
45,69,1,11,25.57,2.3245454545454547
45,69,2,14,32.01,2.2864285714285715
45,69,3,6,6.94,1.1566666666666667
45,69,4,19,15.09,0.7942105263157895
45,70,0,2,4.86,2.43
45,70,1,7,15.0,2.142857142857143
45,70,2,9,14.16,1.5733333333333333
45,70,3,12,11.68,0.9733333333333333
45,70,4,19,18.3,0.9631578947368421
45,71,0,11,64.34,5.84909090909091
45,71,1,20,110.44,5.522
45,71,2,14,71.32,5.094285714285713
45,71,3,3,12.76,4.253333333333333
45,71,4,12,45.92,3.8266666666666667
45,73,0,10,78.88,7.888
45,73,1,3,22.79,7.596666666666667
45,73,2,6,37.58,6.263333333333333
45,73,3,2,11.03,5.515
45,73,4,13,33.05,2.542307692307692
45,79,0,7,54.11,7.7299999999999995
45,79,1,12,46.33,3.8608333333333333
45,79,2,14,33.58,2.3985714285714286
45,79,3,16,13.13,0.820625
45,79,4,8,6.0,0.75
45,82,0,7,42.73,6.104285714285714
45,82,1,18,104.86,5.825555555555556
45,82,2,15,73.84,4.922666666666667
45,82,3,13,62.53,4.8100000000000005
45,82,4,8,14.27,1.78375
45,83,0,11,46.06,4.1872727272727275
45,83,1,4,5.23,1.3075
45,83,2,19,23.63,1.2436842105263157
45,83,3,11,9.25,0.8409090909090909
45,83,4,6,2.08,0.3466666666666667
45,86,0,5,45.23,9.046
45,86,1,12,104.73,8.727500000000001
45,86,2,10,76.32,7.632
45,86,3,15,82.81,5.520666666666667
45,86,4,17,73.75,4.338235294117647
45,88,0,14,9.4,0.6714285714285715
45,88,1,7,4.7,0.6714285714285715
45,88,2,12,7.52,0.6266666666666666
45,88,3,10,4.67,0.46699999999999997
45,88,4,12,4.61,0.3841666666666667
45,89,0,10,79.53,7.953
45,89,1,9,49.99,5.554444444444445
45,89,2,19,51.64,2.7178947368421054
45,89,3,11,20.61,1.8736363636363635
45,89,4,4,6.14,1.535
45,90,0,3,7.48,2.4933333333333336
45,90,1,5,10.82,2.164
45,90,2,11,10.39,0.9445454545454546
45,90,3,7,6.57,0.9385714285714286
45,90,4,3,2.8,0.9333333333333332
45,93,0,14,98.81,7.057857142857143
45,93,1,17,119.94,7.055294117647058
45,93,2,10,63.01,6.301
45,93,3,3,9.98,3.3266666666666667
45,93,4,13,16.23,1.2484615384615385
45,94,0,8,20.91,2.61375
45,94,1,13,28.12,2.163076923076923
45,94,2,14,25.57,1.8264285714285715
45,94,3,5,7.85,1.5699999999999998
45,94,4,12,12.43,1.0358333333333334
45,95,0,4,11.59,2.8975
45,95,1,7,12.76,1.8228571428571427
45,95,2,12,17.27,1.4391666666666667
45,95,3,7,6.1,0.8714285714285713
45,95,4,20,8.23,0.41150000000000003
45,97,0,5,21.02,4.204
45,97,1,6,22.49,3.748333333333333
45,97,2,8,29.65,3.70625
45,97,3,12,17.0,1.4166666666666667
45,97,4,18,21.76,1.208888888888889
45,99,0,19,27.14,1.428421052631579
45,99,1,16,17.41,1.088125
45,99,2,5,5.31,1.0619999999999998
45,99,3,18,18.03,1.0016666666666667
45,99,4,8,4.83,0.60375
47,0,0,13,45.11,3.4699999999999998
47,0,1,9,27.92,3.102222222222222
47,0,2,13,13.52,1.04
47,0,3,6,3.72,0.62
47,0,4,9,2.31,0.25666666666666665
47,1,0,4,13.68,3.42
47,1,1,2,3.67,1.835
47,1,2,11,12.24,1.1127272727272728
47,1,3,12,6.97,0.5808333333333333
47,1,4,14,7.47,0.5335714285714286
47,3,0,20,75.24,3.7619999999999996
47,3,1,3,9.85,3.283333333333333
47,3,2,5,12.57,2.5140000000000002
47,3,3,13,22.38,1.7215384615384615
47,3,4,20,20.75,1.0375
47,6,0,12,46.44,3.8699999999999997
47,6,1,4,13.61,3.4025
47,6,2,7,10.2,1.457142857142857
47,6,3,5,5.55,1.1099999999999999
47,6,4,7,2.75,0.39285714285714285
47,9,0,17,31.84,1.8729411764705883
47,9,1,20,32.73,1.6364999999999998
47,9,2,7,5.35,0.7642857142857142
47,9,3,7,4.77,0.6814285714285714
47,9,4,9,2.02,0.22444444444444445
47,10,0,16,54.59,3.411875
47,10,1,1,2.64,2.64
47,10,2,11,24.75,2.25
47,10,3,4,5.11,1.2775
47,10,4,15,4.56,0.304
47,12,0,10,15.08,1.508
47,12,1,11,13.38,1.2163636363636365
47,12,2,12,12.89,1.0741666666666667
47,12,3,15,13.71,0.914
47,12,4,11,2.93,0.26636363636363636
47,13,0,17,57.49,3.381764705882353
47,13,1,9,27.3,3.033333333333333
47,13,2,19,25.82,1.3589473684210527
47,13,3,8,10.51,1.31375
47,13,4,20,19.83,0.9914999999999999
47,14,0,5,18.52,3.7039999999999997
47,14,1,20,54.59,2.7295000000000003
47,14,2,15,39.66,2.6439999999999997
47,14,3,13,30.9,2.376923076923077
47,14,4,20,36.24,1.812
47,16,0,8,6.29,0.78625
47,16,1,11,8.52,0.7745454545454545
47,16,2,7,3.31,0.47285714285714286
47,16,3,19,5.95,0.31315789473684214
47,16,4,17,1.3,0.07647058823529412
47,17,0,4,10.19,2.5475
47,17,1,14,30.91,2.2078571428571427
47,17,2,16,30.21,1.888125
47,17,3,3,3.53,1.1766666666666665
47,17,4,4,4.08,1.02
47,18,0,7,8.15,1.1642857142857144
47,18,1,2,2.0,1.0
47,18,2,12,11.22,0.935
47,18,3,12,8.24,0.6866666666666666
47,18,4,3,1.26,0.42
47,20,0,13,53.0,4.076923076923077
47,20,1,3,7.14,2.38
47,20,2,8,14.27,1.78375
47,20,3,12,6.4,0.5333333333333333
47,20,4,18,4.23,0.23500000000000001
47,23,0,14,97.99,6.999285714285714
47,23,1,10,53.16,5.316
47,23,2,20,95.32,4.766
47,23,3,15,55.65,3.71
47,23,4,18,58.88,3.2711111111111113
47,27,0,4,16.07,4.0175
47,27,1,2,7.63,3.815
47,27,2,12,37.6,3.1333333333333333
47,27,3,20,59.45,2.9725
47,27,4,15,22.92,1.528
47,31,0,18,70.16,3.897777777777778
47,31,1,13,44.1,3.3923076923076922
47,31,2,7,19.91,2.8442857142857143
47,31,3,12,16.21,1.3508333333333333
47,31,4,12,7.88,0.6566666666666666
47,32,0,12,73.71,6.142499999999999
47,32,1,16,63.49,3.968125
47,32,2,16,57.67,3.604375
47,32,3,8,16.55,2.06875
47,32,4,17,32.83,1.9311764705882353
47,34,0,20,74.83,3.7415
47,34,1,1,3.64,3.64
47,34,2,9,24.17,2.6855555555555557
47,34,3,9,15.32,1.7022222222222223
47,34,4,16,23.6,1.475
47,35,0,17,36.29,2.1347058823529412
47,35,1,14,15.27,1.0907142857142857
47,35,2,2,1.06,0.53
47,35,3,7,2.63,0.3757142857142857
47,35,4,14,3.73,0.2664285714285714
47,40,0,10,19.15,1.9149999999999998
47,40,1,18,34.38,1.9100000000000001
47,40,2,18,25.99,1.4438888888888888
47,40,3,12,14.78,1.2316666666666667
47,40,4,9,5.17,0.5744444444444444
47,43,0,13,44.35,3.411538461538462
47,43,1,4,12.62,3.155
47,43,2,10,25.02,2.502
47,43,3,18,38.4,2.1333333333333333
47,43,4,14,16.05,1.1464285714285716
47,45,0,5,16.95,3.3899999999999997
47,45,1,14,40.74,2.91
47,45,2,19,40.72,2.143157894736842
47,45,3,4,7.35,1.8375
47,45,4,9,5.29,0.5877777777777777
47,48,0,17,50.48,2.969411764705882
47,48,1,19,39.54,2.0810526315789475
47,48,2,17,27.42,1.6129411764705883
47,48,3,19,30.21,1.59
47,48,4,19,19.1,1.0052631578947369
47,49,0,5,8.06,1.612
47,49,1,7,10.38,1.4828571428571429
47,49,2,14,18.94,1.352857142857143
47,49,3,8,7.61,0.95125
47,49,4,11,4.5,0.4090909090909091
47,52,0,6,17.95,2.9916666666666667
47,52,1,19,30.41,1.6005263157894738
47,52,2,19,21.76,1.145263157894737
47,52,3,15,16.51,1.1006666666666667
47,52,4,19,12.83,0.6752631578947369
47,55,0,12,57.08,4.756666666666667
47,55,1,13,38.36,2.9507692307692306
47,55,2,4,8.81,2.2025
47,55,3,9,14.15,1.5722222222222222
47,55,4,15,15.3,1.02
47,56,0,16,42.88,2.68
47,56,1,13,28.64,2.203076923076923
47,56,2,5,10.91,2.182
47,56,3,17,18.22,1.071764705882353
47,56,4,12,10.89,0.9075000000000001
47,59,0,15,83.18,5.545333333333334
47,59,1,4,17.43,4.3575
47,59,2,19,62.04,3.265263157894737
47,59,3,11,9.94,0.9036363636363636
47,59,4,5,4.44,0.8880000000000001
47,60,0,4,7.46,1.865
47,60,1,19,34.59,1.8205263157894738
47,60,2,6,10.66,1.7766666666666666
47,60,3,11,17.77,1.6154545454545455
47,60,4,13,2.24,0.17230769230769233
47,62,0,2,4.87,2.435
47,62,1,11,21.66,1.969090909090909
47,62,2,16,27.01,1.688125
47,62,3,6,9.61,1.6016666666666666
47,62,4,10,7.75,0.775
47,64,0,13,51.73,3.979230769230769
47,64,1,11,43.15,3.9227272727272724
47,64,2,3,10.69,3.563333333333333
47,64,3,6,11.93,1.9883333333333333
47,64,4,12,17.26,1.4383333333333335
47,66,0,4,16.13,4.0325
47,66,1,6,21.66,3.61
47,66,2,12,38.61,3.2175
47,66,3,12,27.61,2.3008333333333333
47,66,4,17,24.1,1.4176470588235295
47,67,0,20,71.37,3.5685000000000002
47,67,1,11,38.73,3.5209090909090905
47,67,2,12,39.36,3.28
47,67,3,13,21.17,1.6284615384615386
47,67,4,8,6.48,0.81
47,69,0,7,8.37,1.1957142857142855
47,69,1,13,11.41,0.8776923076923077
47,69,2,7,5.37,0.7671428571428571
47,69,3,11,3.48,0.31636363636363635
47,69,4,9,1.36,0.1511111111111111
47,70,0,20,60.45,3.0225
47,70,1,8,17.29,2.16125
47,70,2,17,12.92,0.76
47,70,3,7,5.09,0.7271428571428571
47,70,4,5,3.46,0.692
47,71,0,1,3.24,3.24
47,71,1,16,50.26,3.14125
47,71,2,1,2.14,2.14
47,71,3,17,30.98,1.8223529411764705
47,71,4,14,17.31,1.2364285714285714
47,73,0,11,81.66,7.423636363636363
47,73,1,15,106.18,7.078666666666667
47,73,2,19,112.74,5.933684210526316
47,73,3,14,49.24,3.5171428571428573
47,73,4,9,14.68,1.6311111111111112
47,79,0,16,185.99,11.624375
47,79,1,16,169.36,10.585
47,79,2,6,48.31,8.051666666666668
47,79,3,14,111.0,7.928571428571429
47,79,4,9,30.77,3.4188888888888886
47,82,0,8,71.3,8.9125
47,82,1,13,102.92,7.916923076923077
47,82,2,16,107.26,6.70375
47,82,3,16,101.55,6.346875
47,82,4,5,24.12,4.824
47,83,0,19,84.81,4.463684210526316
47,83,1,1,4.24,4.24
47,83,2,18,41.27,2.292777777777778
47,83,3,9,16.95,1.8833333333333333
47,83,4,5,7.1,1.42
47,86,0,19,167.82,8.832631578947368
47,86,1,15,116.5,7.766666666666667
47,86,2,20,107.37,5.3685
47,86,3,6,15.72,2.62
47,86,4,1,2.36,2.36
47,88,0,13,50.98,3.921538461538461
47,88,1,8,28.84,3.605
47,88,2,11,29.18,2.652727272727273
47,88,3,5,10.11,2.022
47,88,4,2,1.14,0.57
47,89,0,4,36.03,9.0075
47,89,1,5,23.96,4.792
47,89,2,17,51.68,3.04
47,89,3,4,8.74,2.185
47,89,4,12,18.42,1.5350000000000001
47,90,0,14,43.13,3.080714285714286
47,90,1,2,6.1,3.05
47,90,2,15,29.5,1.9666666666666666
47,90,3,2,2.23,1.115
47,90,4,10,7.06,0.706
47,93,0,9,69.98,7.775555555555556
47,93,1,17,101.84,5.990588235294118
47,93,2,4,19.04,4.76
47,93,3,10,41.41,4.141
47,93,4,2,4.53,2.265
47,94,0,16,67.33,4.208125
47,94,1,17,26.9,1.5823529411764705
47,94,2,11,15.48,1.4072727272727272
47,94,3,4,3.6,0.9
47,94,4,6,4.26,0.71
47,95,0,19,69.21,3.642631578947368
47,95,1,8,28.07,3.50875
47,95,2,11,37.37,3.397272727272727
47,95,3,4,13.55,3.3875
47,95,4,4,6.75,1.6875
47,97,0,4,4.41,1.1025
47,97,1,3,2.68,0.8933333333333334
47,97,2,16,10.53,0.658125
47,97,3,8,4.66,0.5825
47,97,4,12,1.45,0.12083333333333333
47,99,0,6,19.45,3.2416666666666667
47,99,1,14,42.53,3.037857142857143
47,99,2,4,6.3,1.575
47,99,3,11,3.29,0.2990909090909091
47,99,4,13,1.98,0.1523076923076923
48,0,0,6,19.84,3.3066666666666666
48,0,1,12,37.36,3.1133333333333333
48,0,2,7,20.4,2.914285714285714
48,0,3,16,42.45,2.653125
48,0,4,18,6.96,0.38666666666666666
48,1,0,4,21.86,5.465
48,1,1,8,39.69,4.96125
48,1,2,20,80.75,4.0375
48,1,3,9,33.73,3.7477777777777774
48,1,4,20,51.09,2.5545
48,3,0,15,70.96,4.730666666666666
48,3,1,20,85.84,4.292
48,3,2,4,12.54,3.135
48,3,3,9,25.35,2.816666666666667
48,3,4,11,17.8,1.6181818181818182
48,6,0,7,19.87,2.8385714285714285
48,6,1,12,24.24,2.02
48,6,2,9,17.69,1.9655555555555557
48,6,3,13,14.62,1.1246153846153846
48,6,4,12,2.99,0.24916666666666668
48,9,0,18,37.6,2.088888888888889
48,9,1,19,38.85,2.044736842105263
48,9,2,5,9.18,1.8359999999999999
48,9,3,6,10.41,1.735
48,9,4,4,3.75,0.9375
48,10,0,4,11.13,2.7825
48,10,1,12,20.68,1.7233333333333334
48,10,2,1,1.69,1.69
48,10,3,9,14.67,1.63
48,10,4,9,14.06,1.5622222222222222
48,12,0,19,51.91,2.7321052631578944
48,12,1,16,40.65,2.540625
48,12,2,5,9.86,1.972
48,12,3,12,15.8,1.3166666666666667
48,12,4,16,18.4,1.15
48,13,0,12,53.79,4.4825
48,13,1,13,42.01,3.2315384615384612
48,13,2,15,45.59,3.0393333333333334
48,13,3,7,19.19,2.7414285714285715
48,13,4,6,11.27,1.8783333333333332
48,14,0,13,55.82,4.293846153846154
48,14,1,3,10.82,3.606666666666667
48,14,2,3,6.99,2.33
48,14,3,16,23.28,1.455
48,14,4,5,1.99,0.398
48,16,0,3,12.57,4.19
48,16,1,13,33.08,2.5446153846153843
48,16,2,11,25.69,2.3354545454545454
48,16,3,13,16.0,1.2307692307692308
48,16,4,13,12.2,0.9384615384615385
48,17,0,6,20.87,3.4783333333333335
48,17,1,12,34.18,2.848333333333333
48,17,2,20,56.49,2.8245
48,17,3,12,30.91,2.575833333333333
48,17,4,14,18.27,1.305
48,18,0,2,5.52,2.76
48,18,1,16,36.13,2.258125
48,18,2,16,35.09,2.193125
48,18,3,4,8.52,2.13
48,18,4,3,3.15,1.05
48,20,0,20,35.15,1.7574999999999998
48,20,1,18,30.51,1.695
48,20,2,12,14.71,1.2258333333333333
48,20,3,17,17.38,1.0223529411764705
48,20,4,11,3.82,0.34727272727272723
48,23,0,17,44.09,2.593529411764706
48,23,1,15,35.55,2.3699999999999997
48,23,2,14,25.94,1.852857142857143
48,23,3,5,7.85,1.5699999999999998
48,23,4,19,29.62,1.5589473684210526
48,27,0,6,12.9,2.15
48,27,1,5,10.7,2.1399999999999997
48,27,2,7,9.39,1.3414285714285714
48,27,3,3,3.52,1.1733333333333333
48,27,4,3,1.62,0.54
48,31,0,11,32.01,2.9099999999999997
48,31,1,9,14.65,1.6277777777777778
48,31,2,4,3.33,0.8325
48,31,3,13,6.54,0.5030769230769231
48,31,4,16,6.71,0.419375
48,32,0,15,28.95,1.93
48,32,1,1,1.66,1.66
48,32,2,3,1.85,0.6166666666666667
48,32,3,5,2.74,0.548
48,32,4,18,6.22,0.34555555555555556
48,34,0,19,59.73,3.1436842105263154
48,34,1,10,24.48,2.448
48,34,2,7,13.82,1.9742857142857144
48,34,3,6,10.24,1.7066666666666668
48,34,4,12,14.06,1.1716666666666666
48,35,0,6,9.49,1.5816666666666668
48,35,1,6,9.09,1.515
48,35,2,17,12.94,0.7611764705882352
48,35,3,3,1.68,0.5599999999999999
48,35,4,8,2.56,0.32
48,40,0,3,12.4,4.133333333333334
48,40,1,13,50.72,3.9015384615384616
48,40,2,11,39.67,3.6063636363636364
48,40,3,12,13.25,1.1041666666666667
48,40,4,17,17.18,1.0105882352941176
48,43,0,15,67.27,4.484666666666667
48,43,1,8,31.16,3.895
48,43,2,18,63.01,3.5005555555555556
48,43,3,9,28.56,3.1733333333333333
48,43,4,13,17.95,1.3807692307692307
48,45,0,2,4.09,2.045
48,45,1,17,32.76,1.9270588235294117
48,45,2,11,20.93,1.9027272727272726
48,45,3,12,10.44,0.87
48,45,4,5,2.36,0.472
48,47,0,12,52.68,4.39
48,47,1,11,43.13,3.9209090909090913
48,47,2,18,51.82,2.878888888888889
48,47,3,3,7.99,2.6633333333333336
48,47,4,1,0.91,0.91
48,49,0,9,23.2,2.5777777777777775
48,49,1,18,42.95,2.386111111111111
48,49,2,17,31.03,1.825294117647059
48,49,3,5,6.95,1.3900000000000001
48,49,4,15,2.92,0.19466666666666665
48,52,0,19,30.68,1.6147368421052632
48,52,1,10,5.69,0.5690000000000001
48,52,2,15,6.82,0.45466666666666666
48,52,3,12,4.05,0.33749999999999997
48,52,4,7,0.97,0.13857142857142857
48,55,0,1,1.88,1.88
48,55,1,20,30.74,1.537
48,55,2,14,19.42,1.3871428571428572
48,55,3,17,21.83,1.2841176470588234
48,55,4,13,12.59,0.9684615384615385
48,56,0,16,29.4,1.8375
48,56,1,19,29.69,1.5626315789473686
48,56,2,16,19.73,1.233125
48,56,3,14,5.57,0.39785714285714285
48,56,4,20,7.04,0.352
48,59,0,5,7.2,1.44
48,59,1,11,9.77,0.8881818181818182
48,59,2,20,13.79,0.6895
48,59,3,6,3.45,0.5750000000000001
48,59,4,10,5.2,0.52
48,60,0,10,29.2,2.92
48,60,1,14,40.08,2.8628571428571425
48,60,2,10,28.27,2.827
48,60,3,6,14.89,2.481666666666667
48,60,4,14,5.0,0.35714285714285715
48,62,0,2,3.95,1.975
48,62,1,7,13.53,1.9328571428571428
48,62,2,18,33.67,1.8705555555555557
48,62,3,15,27.28,1.8186666666666667
48,62,4,12,20.03,1.6691666666666667
48,64,0,7,34.57,4.938571428571429
48,64,1,2,7.14,3.57
48,64,2,20,66.53,3.3265000000000002
48,64,3,7,10.07,1.4385714285714286
48,64,4,12,11.4,0.9500000000000001
48,66,0,14,16.47,1.1764285714285714
48,66,1,15,16.36,1.0906666666666667
48,66,2,13,13.22,1.016923076923077
48,66,3,5,4.13,0.826
48,66,4,6,3.5,0.5833333333333334
48,67,0,15,10.58,0.7053333333333334
48,67,1,9,4.11,0.4566666666666667
48,67,2,20,7.28,0.364
48,67,3,8,1.97,0.24625
48,67,4,9,1.09,0.12111111111111111
48,69,0,15,36.34,2.4226666666666667
48,69,1,1,1.72,1.72
48,69,2,2,3.01,1.505
48,69,3,6,7.21,1.2016666666666667
48,69,4,3,1.02,0.34
48,70,0,5,25.89,5.178
48,70,1,16,71.2,4.45
48,70,2,15,46.65,3.11
48,70,3,11,14.38,1.3072727272727274
48,70,4,8,10.19,1.27375
48,71,0,11,52.37,4.760909090909091
48,71,1,12,42.04,3.5033333333333334
48,71,2,4,6.81,1.7025
48,71,3,11,18.59,1.69
48,71,4,11,11.91,1.0827272727272728
48,73,0,18,125.54,6.974444444444445
48,73,1,4,25.38,6.345
48,73,2,17,50.12,2.948235294117647
48,73,3,7,16.7,2.3857142857142857
48,73,4,1,1.66,1.66
48,79,0,2,12.72,6.36
48,79,1,7,37.64,5.377142857142857
48,79,2,8,20.21,2.52625
48,79,3,5,9.16,1.832
48,79,4,4,3.1,0.775
48,82,0,1,4.39,4.39
48,82,1,10,37.9,3.79
48,82,2,15,45.31,3.0206666666666666
48,82,3,4,11.38,2.845
48,82,4,13,15.75,1.2115384615384615
48,83,0,20,53.67,2.6835
48,83,1,20,42.08,2.104
48,83,2,14,23.78,1.6985714285714286
48,83,3,4,2.35,0.5875
48,83,4,13,5.21,0.40076923076923077
48,86,0,19,115.45,6.076315789473685
48,86,1,3,11.8,3.9333333333333336
48,86,2,2,7.69,3.845
48,86,3,19,67.65,3.560526315789474
48,86,4,2,3.15,1.575
48,88,0,4,8.04,2.01
48,88,1,19,35.65,1.8763157894736842
48,88,2,18,24.71,1.3727777777777779
48,88,3,2,0.93,0.465
48,88,4,14,3.85,0.275
48,89,0,18,112.76,6.264444444444445
48,89,1,10,54.55,5.455
48,89,2,16,63.04,3.94
48,89,3,1,3.03,3.03
48,89,4,10,5.84,0.584
48,90,0,16,77.82,4.86375
48,90,1,7,22.22,3.174285714285714
48,90,2,2,6.33,3.165
48,90,3,3,4.78,1.5933333333333335
48,90,4,2,2.67,1.335
48,93,0,6,30.36,5.06
48,93,1,16,63.94,3.99625
48,93,2,7,19.42,2.7742857142857145
48,93,3,6,16.61,2.768333333333333
48,93,4,20,10.98,0.549
48,94,0,12,11.92,0.9933333333333333
48,94,1,2,1.86,0.93
48,94,2,11,6.11,0.5554545454545455
48,94,3,18,9.4,0.5222222222222223
48,94,4,3,1.23,0.41
48,95,0,19,92.14,4.849473684210526
48,95,1,10,44.77,4.477
48,95,2,4,12.27,3.0675
48,95,3,11,7.54,0.6854545454545454
48,95,4,17,5.49,0.32294117647058823
48,97,0,14,76.85,5.489285714285714
48,97,1,15,66.43,4.428666666666667
48,97,2,20,61.19,3.0595
48,97,3,11,17.2,1.5636363636363635
48,97,4,15,12.89,0.8593333333333334
48,99,0,9,22.78,2.531111111111111
48,99,1,14,30.86,2.204285714285714
48,99,2,20,31.49,1.5745
48,99,3,4,5.53,1.3825
48,99,4,16,20.07,1.254375
49,0,0,8,7.03,0.87875
49,0,1,20,14.58,0.729
49,0,2,16,9.45,0.590625
49,0,3,19,5.39,0.28368421052631576
49,0,4,11,2.96,0.2690909090909091
49,1,0,1,2.52,2.52
49,1,1,16,36.47,2.279375
49,1,2,8,17.0,2.125
49,1,3,13,26.54,2.0415384615384613
49,1,4,1,1.36,1.36
49,3,0,6,16.88,2.813333333333333
49,3,1,7,9.06,1.2942857142857143
49,3,2,1,1.26,1.26
49,3,3,18,16.68,0.9266666666666666
49,3,4,4,1.15,0.2875
49,6,0,3,9.62,3.2066666666666666
49,6,1,13,30.49,2.3453846153846154
49,6,2,2,4.21,2.105
49,6,3,11,22.06,2.0054545454545454
49,6,4,7,5.34,0.7628571428571428
49,9,0,18,44.59,2.477222222222222
49,9,1,5,6.25,1.25
49,9,2,14,16.69,1.1921428571428572
49,9,3,14,7.19,0.5135714285714286
49,9,4,8,2.53,0.31625
49,10,0,13,38.56,2.9661538461538464
49,10,1,3,7.89,2.63
49,10,2,13,11.85,0.9115384615384615
49,10,3,17,6.07,0.35705882352941176
49,10,4,13,2.65,0.20384615384615384
49,12,0,14,13.89,0.9921428571428572
49,12,1,17,12.22,0.7188235294117648
49,12,2,6,4.04,0.6733333333333333
49,12,3,11,4.76,0.4327272727272727
49,12,4,12,2.79,0.2325
49,13,0,2,7.06,3.53
49,13,1,8,25.06,3.1325
49,13,2,15,29.6,1.9733333333333334
49,13,3,4,6.39,1.5975
49,13,4,7,6.88,0.9828571428571429
49,14,0,12,40.62,3.385
49,14,1,4,6.41,1.6025
49,14,2,20,29.6,1.48
49,14,3,16,10.74,0.67125
49,14,4,1,0.54,0.54
49,16,0,19,23.66,1.2452631578947368
49,16,1,14,17.36,1.24
49,16,2,8,7.11,0.88875
49,16,3,17,11.56,0.68
49,16,4,5,0.75,0.15
49,17,0,12,9.07,0.7558333333333334
49,17,1,3,2.09,0.6966666666666667
49,17,2,15,8.62,0.5746666666666667
49,17,3,13,3.45,0.2653846153846154
49,17,4,7,0.9,0.1285714285714286
49,18,0,8,6.98,0.8725
49,18,1,1,0.78,0.78
49,18,2,17,10.82,0.6364705882352941
49,18,3,15,8.07,0.538
49,18,4,2,0.43,0.215
49,20,0,5,9.48,1.8960000000000001
49,20,1,14,23.35,1.667857142857143
49,20,2,17,24.46,1.4388235294117648
49,20,3,15,15.93,1.062
49,20,4,17,1.62,0.09529411764705883
49,23,0,16,77.9,4.86875
49,23,1,18,77.28,4.293333333333333
49,23,2,2,3.89,1.945
49,23,3,18,18.14,1.0077777777777779
49,23,4,2,2.0,1.0
49,27,0,1,2.62,2.62
49,27,1,10,24.13,2.413
49,27,2,5,7.8,1.56
49,27,3,2,1.11,0.555
49,27,4,19,4.02,0.21157894736842103
49,31,0,4,8.6,2.15
49,31,1,18,35.63,1.9794444444444446
49,31,2,17,19.39,1.1405882352941177
49,31,3,2,1.95,0.975
49,31,4,17,4.81,0.2829411764705882
49,32,0,1,2.69,2.69
49,32,1,19,30.14,1.5863157894736843
49,32,2,7,10.46,1.4942857142857144
49,32,3,13,5.93,0.45615384615384613
49,32,4,6,1.13,0.18833333333333332
49,34,0,9,18.15,2.0166666666666666
49,34,1,13,23.87,1.8361538461538462
49,34,2,5,6.44,1.288
49,34,3,11,9.16,0.8327272727272728
49,34,4,19,13.76,0.7242105263157894
49,35,0,18,15.84,0.88
49,35,1,4,2.92,0.73
49,35,2,6,2.22,0.37000000000000005
49,35,3,12,2.97,0.24750000000000003
49,35,4,19,1.89,0.09947368421052631
49,40,0,10,9.53,0.953
49,40,1,19,9.62,0.5063157894736842
49,40,2,10,4.98,0.49800000000000005
49,40,3,11,0.7,0.06363636363636363
49,40,4,15,0.69,0.046
49,43,0,18,45.14,2.5077777777777777
49,43,1,1,2.29,2.29
49,43,2,16,30.51,1.906875
49,43,3,14,19.58,1.3985714285714284
49,43,4,2,2.2,1.1
49,45,0,20,27.96,1.3980000000000001
49,45,1,20,6.8,0.33999999999999997
49,45,2,15,3.49,0.2326666666666667
49,45,3,4,0.76,0.19
49,45,4,14,2.37,0.1692857142857143
49,47,0,17,16.85,0.9911764705882353
49,47,1,14,9.67,0.6907142857142857
49,47,2,12,6.35,0.5291666666666667
49,47,3,2,1.01,0.505
49,47,4,8,1.55,0.19375
49,48,0,20,60.31,3.0155000000000003
49,48,1,8,20.33,2.54125
49,48,2,19,27.74,1.46
49,48,3,17,15.19,0.8935294117647059
49,48,4,17,2.75,0.16176470588235295
49,52,0,20,44.31,2.2155
49,52,1,17,35.79,2.105294117647059
49,52,2,16,22.08,1.38
49,52,3,20,18.56,0.9279999999999999
49,52,4,6,0.76,0.12666666666666668
49,55,0,4,10.02,2.505
49,55,1,14,28.54,2.0385714285714287
49,55,2,10,13.95,1.395
49,55,3,7,3.36,0.48
49,55,4,18,8.1,0.44999999999999996
49,56,0,16,16.12,1.0075
49,56,1,6,2.62,0.4366666666666667
49,56,2,15,3.71,0.24733333333333332
49,56,3,1,0.23,0.23
49,56,4,12,2.2,0.18333333333333335
49,59,0,6,20.42,3.4033333333333338
49,59,1,12,39.08,3.2566666666666664
49,59,2,3,9.33,3.11
49,59,3,5,12.03,2.4059999999999997
49,59,4,15,12.4,0.8266666666666667
49,60,0,20,40.96,2.048
49,60,1,20,40.05,2.0025
49,60,2,1,1.52,1.52
49,60,3,19,25.46,1.34
49,60,4,13,13.99,1.0761538461538462
49,62,0,8,5.53,0.69125
49,62,1,4,1.65,0.4125
49,62,2,18,6.71,0.37277777777777776
49,62,3,8,2.34,0.2925
49,62,4,20,4.66,0.233
49,64,0,1,2.82,2.82
49,64,1,4,8.1,2.025
49,64,2,20,23.69,1.1845
49,64,3,20,16.17,0.8085000000000001
49,64,4,12,8.34,0.695
49,66,0,4,14.71,3.6775
49,66,1,15,50.75,3.3833333333333333
49,66,2,14,36.76,2.6257142857142854
49,66,3,4,9.4,2.35
49,66,4,6,5.08,0.8466666666666667
49,67,0,3,5.23,1.7433333333333334
49,67,1,12,16.77,1.3975
49,67,2,20,27.62,1.381
49,67,3,13,14.15,1.0884615384615386
49,67,4,1,0.4,0.4
49,69,0,10,20.11,2.011
49,69,1,4,6.33,1.5825
49,69,2,3,2.84,0.9466666666666667
49,69,3,5,4.54,0.908
49,69,4,9,5.52,0.6133333333333333
49,70,0,4,9.46,2.365
49,70,1,7,14.22,2.0314285714285716
49,70,2,10,16.28,1.6280000000000001
49,70,3,4,2.23,0.5575
49,70,4,14,2.99,0.21357142857142858
49,71,0,10,79.48,7.948
49,71,1,17,119.46,7.027058823529411
49,71,2,1,6.43,6.43
49,71,3,4,25.02,6.255
49,71,4,10,18.84,1.884
49,73,0,6,52.09,8.681666666666667
49,73,1,4,29.68,7.42
49,73,2,5,33.62,6.723999999999999
49,73,3,13,87.37,6.720769230769231
49,73,4,12,55.28,4.6066666666666665
49,79,0,14,130.35,9.310714285714285
49,79,1,3,24.59,8.196666666666667
49,79,2,1,5.41,5.41
49,79,3,17,85.15,5.008823529411765
49,79,4,20,76.6,3.8299999999999996
49,82,0,1,6.48,6.48
49,82,1,17,88.03,5.1782352941176475
49,82,2,18,85.88,4.771111111111111
49,82,3,2,9.18,4.59
49,82,4,20,32.37,1.6184999999999998
49,83,0,20,76.75,3.8375
49,83,1,18,64.52,3.5844444444444443
49,83,2,12,25.7,2.1416666666666666
49,83,3,10,15.08,1.508
49,83,4,10,14.63,1.463
49,86,0,7,70.75,10.107142857142858
49,86,1,4,27.83,6.9575
49,86,2,2,12.18,6.09
49,86,3,14,68.38,4.884285714285714
49,86,4,1,2.31,2.31
49,88,0,11,12.14,1.1036363636363637
49,88,1,13,12.0,0.9230769230769231
49,88,2,7,2.54,0.3628571428571429
49,88,3,6,1.66,0.27666666666666667
49,88,4,12,2.6,0.21666666666666667
49,89,0,15,99.29,6.6193333333333335
49,89,1,11,67.51,6.137272727272728
49,89,2,11,62.49,5.680909090909091
49,89,3,10,45.04,4.504
49,89,4,20,37.52,1.8760000000000001
49,90,0,17,38.06,2.2388235294117647
49,90,1,18,16.27,0.9038888888888889
49,90,2,4,2.97,0.7425
49,90,3,17,12.53,0.7370588235294118
49,90,4,12,4.69,0.39083333333333337
49,93,0,11,59.31,5.391818181818182
49,93,1,14,75.3,5.378571428571428
49,93,2,12,54.29,4.524166666666667
49,93,3,10,25.09,2.509
49,93,4,14,14.36,1.0257142857142856
49,94,0,1,2.97,2.97
49,94,1,20,22.92,1.1460000000000001
49,94,2,1,0.43,0.43
49,94,3,4,1.39,0.3475
49,94,4,9,3.1,0.34444444444444444
49,95,0,18,45.89,2.5494444444444446
49,95,1,10,25.21,2.521
49,95,2,13,30.71,2.3623076923076924
49,95,3,19,19.26,1.013684210526316
49,95,4,11,5.93,0.5390909090909091
49,97,0,10,25.55,2.555
49,97,1,17,42.85,2.5205882352941176
49,97,2,2,4.24,2.12
49,97,3,10,18.59,1.859
49,97,4,20,34.28,1.714
49,99,0,2,4.14,2.07
49,99,1,11,21.22,1.929090909090909
49,99,2,8,7.59,0.94875
49,99,3,13,11.02,0.8476923076923076
49,99,4,14,11.6,0.8285714285714285
52,0,0,11,38.68,3.516363636363636
52,0,1,18,29.91,1.6616666666666666
52,0,2,18,14.12,0.7844444444444444
52,0,3,8,3.41,0.42625
52,0,4,20,7.61,0.3805
52,1,0,19,106.21,5.59
52,1,1,17,86.72,5.101176470588236
52,1,2,8,40.78,5.0975
52,1,3,18,59.97,3.3316666666666666
52,1,4,12,24.14,2.0116666666666667
52,3,0,2,8.6,4.3
52,3,1,18,73.61,4.089444444444444
52,3,2,4,3.14,0.785
52,3,3,11,4.19,0.3809090909090909
52,3,4,9,2.73,0.30333333333333334
52,6,0,3,5.69,1.8966666666666667
52,6,1,1,1.2,1.2
52,6,2,3,3.09,1.03
52,6,3,11,10.66,0.9690909090909091
52,6,4,5,3.62,0.724
52,9,0,16,20.85,1.303125
52,9,1,13,15.78,1.2138461538461538
52,9,2,2,1.83,0.915
52,9,3,15,6.92,0.4613333333333333
52,9,4,2,0.86,0.43
52,10,0,17,18.11,1.0652941176470587
52,10,1,10,8.42,0.842
52,10,2,4,2.42,0.605
52,10,3,20,3.74,0.187
52,10,4,11,1.51,0.13727272727272727
52,12,0,3,4.67,1.5566666666666666
52,12,1,3,3.71,1.2366666666666666
52,12,2,2,2.44,1.22
52,12,3,11,9.44,0.8581818181818182
52,12,4,3,1.76,0.5866666666666667
52,13,0,10,58.57,5.857
52,13,1,15,66.5,4.433333333333334
52,13,2,11,47.62,4.329090909090909
52,13,3,16,62.16,3.885
52,13,4,12,36.48,3.0399999999999996
52,14,0,1,5.59,5.59
52,14,1,19,91.86,4.834736842105263
52,14,2,12,54.41,4.534166666666667
52,14,3,20,81.97,4.0985
52,14,4,2,3.13,1.565
52,16,0,1,3.05,3.05
52,16,1,17,37.93,2.231176470588235
52,16,2,9,19.07,2.118888888888889
52,16,3,10,20.23,2.023
52,16,4,5,2.84,0.568
52,17,0,14,44.93,3.209285714285714
52,17,1,9,26.0,2.888888888888889
52,17,2,10,28.24,2.824
52,17,3,18,43.95,2.441666666666667
52,17,4,11,13.81,1.2554545454545456
52,18,0,10,14.71,1.471
52,18,1,19,27.25,1.4342105263157894
52,18,2,13,12.78,0.9830769230769231
52,18,3,4,3.4,0.85
52,18,4,7,4.35,0.6214285714285713
52,20,0,16,40.09,2.505625
52,20,1,15,21.13,1.4086666666666665
52,20,2,19,17.88,0.9410526315789474
52,20,3,2,1.3,0.65
52,20,4,1,0.19,0.19
52,23,0,1,2.39,2.39
52,23,1,20,46.36,2.318
52,23,2,7,4.98,0.7114285714285715
52,23,3,17,9.51,0.5594117647058824
52,23,4,11,5.24,0.4763636363636364
52,27,0,5,5.87,1.174
52,27,1,8,3.9,0.4875
52,27,2,12,4.74,0.395
52,27,3,16,4.83,0.301875
52,27,4,14,1.87,0.1335714285714286
52,31,0,9,22.01,2.445555555555556
52,31,1,5,9.96,1.9920000000000002
52,31,2,18,29.8,1.6555555555555557
52,31,3,17,28.09,1.6523529411764706
52,31,4,17,10.22,0.6011764705882353
52,32,0,17,64.12,3.771764705882353
52,32,1,5,17.71,3.5420000000000003
52,32,2,2,5.48,2.74
52,32,3,10,9.75,0.975
52,32,4,16,13.18,0.82375
52,34,0,19,62.01,3.2636842105263155
52,34,1,13,26.29,2.022307692307692
52,34,2,10,9.33,0.933
52,34,3,2,1.23,0.615
52,34,4,9,3.22,0.3577777777777778
52,35,0,18,20.04,1.1133333333333333
52,35,1,16,5.74,0.35875
52,35,2,18,4.09,0.22722222222222221
52,35,3,5,0.85,0.16999999999999998
52,35,4,6,0.88,0.14666666666666667
52,40,0,6,20.8,3.466666666666667
52,40,1,3,8.86,2.953333333333333
52,40,2,15,34.47,2.298
52,40,3,16,22.65,1.415625
52,40,4,7,2.54,0.3628571428571429
52,43,0,2,10.96,5.48
52,43,1,20,101.7,5.085
52,43,2,14,17.66,1.2614285714285713
52,43,3,12,14.76,1.23
52,43,4,6,3.13,0.5216666666666666
52,45,0,19,28.5,1.5
52,45,1,8,11.0,1.375
52,45,2,7,7.21,1.03
52,45,3,7,5.87,0.8385714285714286
52,45,4,18,8.3,0.46111111111111114
52,47,0,6,17.39,2.8983333333333334
52,47,1,12,12.34,1.0283333333333333
52,47,2,16,6.99,0.436875
52,47,3,14,5.18,0.37
52,47,4,4,0.86,0.215
52,48,0,11,11.11,1.01
52,48,1,14,12.96,0.9257142857142858
52,48,2,7,5.48,0.7828571428571429
52,48,3,11,1.8,0.16363636363636364
52,48,4,20,1.96,0.098
52,49,0,2,4.14,2.07
52,49,1,15,17.99,1.1993333333333331
52,49,2,10,11.33,1.133
52,49,3,3,2.76,0.9199999999999999
52,49,4,1,0.52,0.52
52,55,0,14,34.61,2.472142857142857
52,55,1,16,28.6,1.7875
52,55,2,2,2.01,1.005
52,55,3,4,3.81,0.9525
52,55,4,19,3.27,0.17210526315789473
52,56,0,20,12.09,0.6045
52,56,1,5,2.55,0.51
52,56,2,19,7.66,0.4031578947368421
52,56,3,9,2.95,0.3277777777777778
52,56,4,14,1.09,0.07785714285714286
52,59,0,4,10.93,2.7325
52,59,1,20,32.11,1.6055
52,59,2,1,0.79,0.79
52,59,3,4,1.31,0.3275
52,59,4,6,1.3,0.21666666666666667
52,60,0,1,1.68,1.68
52,60,1,1,1.57,1.57
52,60,2,13,17.79,1.3684615384615384
52,60,3,12,13.81,1.1508333333333334
52,60,4,19,21.44,1.128421052631579
52,62,0,7,8.58,1.2257142857142858
52,62,1,6,5.56,0.9266666666666666
52,62,2,4,3.58,0.895
52,62,3,4,3.18,0.795
52,62,4,16,2.48,0.155
52,64,0,19,60.58,3.188421052631579
52,64,1,20,33.54,1.677
52,64,2,6,6.78,1.1300000000000001
52,64,3,8,5.12,0.64
52,64,4,1,0.24,0.24
52,66,0,2,2.89,1.445
52,66,1,16,22.79,1.424375
52,66,2,9,10.35,1.15
52,66,3,14,8.17,0.5835714285714285
52,66,4,18,7.17,0.3983333333333333
52,67,0,16,14.04,0.8775
52,67,1,13,11.35,0.8730769230769231
52,67,2,1,0.78,0.78
52,67,3,3,0.98,0.32666666666666666
52,67,4,7,1.78,0.2542857142857143
52,69,0,17,29.47,1.7335294117647058
52,69,1,1,1.71,1.71
52,69,2,11,10.63,0.9663636363636364
52,69,3,7,2.4,0.34285714285714286
52,69,4,8,2.09,0.26125
52,70,0,13,65.31,5.023846153846154
52,70,1,3,12.77,4.256666666666667
52,70,2,4,14.38,3.595
52,70,3,16,30.3,1.89375
52,70,4,5,5.46,1.092
52,71,0,12,50.75,4.229166666666667
52,71,1,14,45.64,3.2600000000000002
52,71,2,12,31.96,2.6633333333333336
52,71,3,5,2.38,0.476
52,71,4,19,8.98,0.47263157894736846
52,73,0,3,24.12,8.040000000000001
52,73,1,3,19.22,6.406666666666666
52,73,2,5,27.89,5.578
52,73,3,15,54.49,3.6326666666666667
52,73,4,9,5.24,0.5822222222222222
52,79,0,9,48.64,5.404444444444445
52,79,1,14,74.85,5.346428571428571
52,79,2,20,89.36,4.468
52,79,3,14,48.62,3.472857142857143
52,79,4,1,0.48,0.48
52,82,0,7,39.31,5.615714285714286
52,82,1,5,23.76,4.752000000000001
52,82,2,18,75.65,4.202777777777778
52,82,3,6,16.67,2.7783333333333338
52,82,4,2,3.47,1.735
52,83,0,2,3.3,1.65
52,83,1,17,26.33,1.5488235294117647
52,83,2,15,18.8,1.2533333333333334
52,83,3,20,15.22,0.761
52,83,4,15,10.49,0.6993333333333334
52,86,0,3,17.89,5.963333333333334
52,86,1,6,30.74,5.123333333333333
52,86,2,19,73.12,3.848421052631579
52,86,3,3,9.57,3.19
52,86,4,10,28.64,2.864
52,88,0,15,43.06,2.8706666666666667
52,88,1,2,4.02,2.01
52,88,2,9,16.12,1.7911111111111113
52,88,3,10,6.75,0.675
52,88,4,1,0.17,0.17
52,89,0,16,111.11,6.944375
52,89,1,10,24.98,2.498
52,89,2,15,25.88,1.7253333333333332
52,89,3,14,23.45,1.675
52,89,4,5,8.0,1.6
52,90,0,15,52.47,3.4979999999999998
52,90,1,5,16.88,3.376
52,90,2,3,9.87,3.2899999999999996
52,90,3,11,27.47,2.497272727272727
52,90,4,2,0.61,0.305
52,93,0,14,71.16,5.082857142857143
52,93,1,9,34.82,3.868888888888889
52,93,2,14,48.95,3.4964285714285714
52,93,3,3,9.83,3.276666666666667
52,93,4,7,10.79,1.5414285714285714
52,94,0,16,14.8,0.925
52,94,1,2,1.08,0.54
52,94,2,10,4.47,0.44699999999999995
52,94,3,17,5.0,0.29411764705882354
52,94,4,7,1.11,0.15857142857142859
52,95,0,5,25.13,5.026
52,95,1,1,4.76,4.76
52,95,2,1,3.14,3.14
52,95,3,7,14.91,2.13
52,95,4,14,8.7,0.6214285714285713
52,97,0,18,65.99,3.666111111111111
52,97,1,1,2.32,2.32
52,97,2,13,28.37,2.1823076923076923
52,97,3,7,7.62,1.0885714285714285
52,97,4,9,7.39,0.8211111111111111
52,99,0,13,43.35,3.3346153846153848
52,99,1,19,45.36,2.3873684210526314
52,99,2,7,13.85,1.9785714285714284
52,99,3,11,15.99,1.4536363636363636
52,99,4,7,9.68,1.3828571428571428
55,0,0,7,12.23,1.747142857142857
55,0,1,13,18.52,1.4246153846153846
55,0,2,3,3.7,1.2333333333333334
55,0,3,3,3.56,1.1866666666666668
55,0,4,14,6.46,0.4614285714285714
55,1,0,10,37.76,3.776
55,1,1,13,35.84,2.7569230769230773
55,1,2,8,19.03,2.37875
55,1,3,6,7.88,1.3133333333333332
55,1,4,2,2.02,1.01
55,3,0,17,52.23,3.0723529411764705
55,3,1,11,30.51,2.773636363636364
55,3,2,7,13.92,1.9885714285714287
55,3,3,2,2.23,1.115
55,3,4,4,0.9,0.225
55,6,0,1,3.16,3.16
55,6,1,17,50.36,2.9623529411764706
55,6,2,2,4.48,2.24
55,6,3,19,26.58,1.3989473684210525
55,6,4,6,3.37,0.5616666666666666
55,9,0,10,41.37,4.137
55,9,1,2,7.28,3.64
55,9,2,17,47.01,2.7652941176470587
55,9,3,15,39.63,2.6420000000000003
55,9,4,14,4.15,0.29642857142857143
55,10,0,12,55.4,4.616666666666666
55,10,1,16,72.86,4.55375
55,10,2,1,3.86,3.86
55,10,3,12,14.66,1.2216666666666667
55,10,4,4,4.88,1.22
55,12,0,3,9.22,3.0733333333333337
55,12,1,12,34.68,2.89
55,12,2,15,25.97,1.7313333333333332
55,12,3,3,2.5,0.8333333333333334
55,12,4,16,2.78,0.17375
55,13,0,6,24.06,4.01
55,13,1,9,25.5,2.8333333333333335
55,13,2,15,27.39,1.826
55,13,3,15,22.09,1.4726666666666666
55,13,4,2,2.88,1.44
55,14,0,9,30.34,3.371111111111111
55,14,1,19,60.53,3.1857894736842107
55,14,2,19,42.53,2.238421052631579
55,14,3,15,21.69,1.4460000000000002
55,14,4,5,2.93,0.5860000000000001
55,16,0,16,47.03,2.939375
55,16,1,16,32.76,2.0475
55,16,2,10,19.83,1.9829999999999999
55,16,3,18,12.54,0.6966666666666667
55,16,4,20,12.77,0.6385
55,17,0,20,24.86,1.2429999999999999
55,17,1,8,8.62,1.0775
55,17,2,15,8.83,0.5886666666666667
55,17,3,9,4.44,0.4933333333333334
55,17,4,18,2.61,0.145
55,18,0,5,17.45,3.4899999999999998
55,18,1,8,25.31,3.16375
55,18,2,2,3.94,1.97
55,18,3,12,16.89,1.4075
55,18,4,14,19.5,1.3928571428571428
55,20,0,2,1.04,0.52
55,20,1,1,0.27,0.27
55,20,2,5,0.67,0.134
55,20,3,15,1.02,0.068
55,20,4,3,0.14,0.04666666666666667
55,23,0,3,12.15,4.05
55,23,1,14,36.26,2.59
55,23,2,15,33.66,2.2439999999999998
55,23,3,12,17.49,1.4574999999999998
55,23,4,7,4.56,0.6514285714285714
55,27,0,10,39.13,3.9130000000000003
55,27,1,15,53.53,3.5686666666666667
55,27,2,17,23.66,1.391764705882353
55,27,3,13,15.29,1.176153846153846
55,27,4,7,5.27,0.7528571428571428
55,31,0,19,27.38,1.4410526315789474
55,31,1,12,15.13,1.2608333333333335
55,31,2,17,20.09,1.1817647058823528
55,31,3,6,6.41,1.0683333333333334
55,31,4,5,1.42,0.284
55,32,0,1,1.42,1.42
55,32,1,11,15.42,1.4018181818181819
55,32,2,18,25.11,1.395
55,32,3,8,2.54,0.3175
55,32,4,11,2.87,0.2609090909090909
55,34,0,1,2.29,2.29
55,34,1,15,30.01,2.0006666666666666
55,34,2,5,9.97,1.9940000000000002
55,34,3,12,22.25,1.8541666666666667
55,34,4,17,15.19,0.8935294117647059
55,35,0,15,21.58,1.4386666666666665
55,35,1,16,18.67,1.166875
55,35,2,5,5.7,1.1400000000000001
55,35,3,1,0.74,0.74
55,35,4,2,0.52,0.26
55,40,0,17,47.6,2.8000000000000003
55,40,1,19,47.9,2.5210526315789474
55,40,2,6,8.05,1.3416666666666668
55,40,3,19,24.1,1.2684210526315791
55,40,4,15,17.79,1.186
55,43,0,12,41.92,3.4933333333333336
55,43,1,3,7.47,2.4899999999999998
55,43,2,6,13.41,2.235
55,43,3,7,14.92,2.1314285714285712
55,43,4,6,11.15,1.8583333333333334
55,45,0,2,1.92,0.96
55,45,1,16,15.12,0.945
55,45,2,15,13.38,0.892
55,45,3,8,6.27,0.78375
55,45,4,11,4.62,0.42
55,47,0,3,13.63,4.543333333333334
55,47,1,17,68.51,4.03
55,47,2,12,47.64,3.97
55,47,3,16,56.39,3.524375
55,47,4,16,53.82,3.36375
55,48,0,9,15.8,1.7555555555555555
55,48,1,5,8.49,1.698
55,48,2,3,4.12,1.3733333333333333
55,48,3,2,2.67,1.335
55,48,4,9,4.13,0.4588888888888889
55,49,0,18,45.73,2.5405555555555552
55,49,1,6,11.62,1.9366666666666665
55,49,2,7,11.73,1.6757142857142857
55,49,3,20,32.76,1.638
55,49,4,6,2.44,0.4066666666666667
55,52,0,20,47.45,2.3725
55,52,1,13,28.18,2.167692307692308
55,52,2,1,2.16,2.16
55,52,3,20,37.01,1.8504999999999998
55,52,4,17,4.68,0.2752941176470588
55,56,0,12,33.2,2.766666666666667
55,56,1,9,14.0,1.5555555555555556
55,56,2,1,0.91,0.91
55,56,3,3,2.4,0.7999999999999999
55,56,4,17,4.0,0.23529411764705882
55,59,0,5,1.72,0.344
55,59,1,16,2.86,0.17875
55,59,2,6,0.76,0.12666666666666668
55,59,3,3,0.21,0.06999999999999999
55,59,4,8,0.37,0.04625
55,60,0,2,6.79,3.395
55,60,1,13,22.51,1.7315384615384617
55,60,2,18,29.01,1.6116666666666668
55,60,3,2,1.23,0.615
55,60,4,10,2.98,0.298
55,62,0,3,6.26,2.0866666666666664
55,62,1,16,29.86,1.86625
55,62,2,4,7.23,1.8075
55,62,3,18,27.14,1.5077777777777779
55,62,4,2,1.73,0.865
55,64,0,5,17.38,3.476
55,64,1,4,12.52,3.13
55,64,2,13,25.32,1.9476923076923076
55,64,3,8,13.07,1.63375
55,64,4,1,0.99,0.99
55,66,0,7,20.47,2.924285714285714
55,66,1,4,6.8,1.7
55,66,2,2,1.45,0.725
55,66,3,11,6.15,0.5590909090909091
55,66,4,16,6.28,0.3925
55,67,0,18,24.57,1.365
55,67,1,13,14.53,1.1176923076923075
55,67,2,1,0.98,0.98
55,67,3,15,8.47,0.5646666666666668
55,67,4,12,4.73,0.3941666666666667
55,69,0,6,19.46,3.2433333333333336
55,69,1,7,18.92,2.7028571428571433
55,69,2,3,3.64,1.2133333333333334
55,69,3,18,5.39,0.2994444444444444
55,69,4,5,1.28,0.256
55,70,0,9,28.35,3.1500000000000004
55,70,1,12,31.02,2.585
55,70,2,11,13.67,1.2427272727272727
55,70,3,20,15.9,0.795
55,70,4,13,6.65,0.5115384615384616
55,71,0,17,83.4,4.905882352941177
55,71,1,13,50.05,3.8499999999999996
55,71,2,16,21.37,1.335625
55,71,3,19,25.11,1.321578947368421
55,71,4,4,1.74,0.435
55,73,0,12,72.73,6.060833333333334
55,73,1,13,72.81,5.600769230769231
55,73,2,8,23.54,2.9425
55,73,3,16,8.06,0.50375
55,73,4,14,5.57,0.39785714285714285
55,79,0,17,127.87,7.521764705882354
55,79,1,18,122.06,6.7811111111111115
55,79,2,20,102.01,5.1005
55,79,3,5,24.83,4.965999999999999
55,79,4,14,23.39,1.6707142857142858
55,82,0,1,3.52,3.52
55,82,1,18,61.3,3.4055555555555554
55,82,2,14,32.43,2.3164285714285713
55,82,3,8,17.45,2.18125
55,82,4,3,4.04,1.3466666666666667
55,83,0,8,40.98,5.1225
55,83,1,14,71.59,5.113571428571428
55,83,2,15,75.57,5.037999999999999
55,83,3,13,63.27,4.866923076923078
55,83,4,12,51.29,4.274166666666667
55,86,0,4,32.0,8.0
55,86,1,6,44.4,7.3999999999999995
55,86,2,14,99.08,7.077142857142857
55,86,3,17,113.31,6.665294117647059
55,86,4,13,64.09,4.930000000000001
55,88,0,2,1.31,0.655
55,88,1,12,6.72,0.5599999999999999
55,88,2,7,3.31,0.47285714285714286
55,88,3,16,4.96,0.31
55,88,4,3,0.45,0.15
55,89,0,20,132.08,6.604000000000001
55,89,1,14,87.65,6.260714285714286
55,89,2,11,61.27,5.57
55,89,3,15,57.17,3.8113333333333332
55,89,4,19,39.79,2.0942105263157895
55,90,0,18,59.62,3.312222222222222
55,90,1,20,61.69,3.0845
55,90,2,17,41.43,2.4370588235294117
55,90,3,9,20.86,2.3177777777777777
55,90,4,10,23.03,2.303
55,93,0,7,45.82,6.545714285714285
55,93,1,9,49.56,5.506666666666667
55,93,2,14,54.57,3.8978571428571427
55,93,3,16,29.56,1.8475
55,93,4,9,6.96,0.7733333333333333
55,94,0,6,17.51,2.9183333333333334
55,94,1,1,2.89,2.89
55,94,2,2,3.05,1.525
55,94,3,3,1.67,0.5566666666666666
55,94,4,15,6.65,0.44333333333333336
55,95,0,9,29.77,3.307777777777778
55,95,1,2,4.64,2.32
55,95,2,7,13.57,1.9385714285714286
55,95,3,19,36.14,1.9021052631578947
55,95,4,18,16.22,0.9011111111111111
55,97,0,1,5.83,5.83
55,97,1,17,48.23,2.8370588235294116
55,97,2,3,4.11,1.37
55,97,3,20,23.33,1.1664999999999999
55,97,4,11,11.17,1.0154545454545454
55,99,0,15,24.44,1.6293333333333335
55,99,1,5,7.39,1.478
55,99,2,15,13.32,0.888
55,99,3,2,1.59,0.795
55,99,4,9,4.83,0.5366666666666666
56,0,0,14,38.37,2.7407142857142857
56,0,1,6,14.89,2.481666666666667
56,0,2,13,27.58,2.1215384615384614
56,0,3,10,14.63,1.463
56,0,4,17,5.07,0.2982352941176471
56,1,0,6,14.27,2.3783333333333334
56,1,1,10,17.51,1.7510000000000001
56,1,2,15,22.91,1.5273333333333334
56,1,3,15,8.98,0.5986666666666667
56,1,4,1,0.39,0.39
56,3,0,9,31.06,3.451111111111111
56,3,1,7,21.95,3.1357142857142857
56,3,2,12,35.33,2.9441666666666664
56,3,3,4,10.79,2.6975
56,3,4,14,3.17,0.22642857142857142
56,6,0,17,43.86,2.58
56,6,1,10,14.1,1.41
56,6,2,20,27.98,1.399
56,6,3,9,10.45,1.161111111111111
56,6,4,14,2.75,0.19642857142857142
56,9,0,20,28.82,1.441
56,9,1,2,2.55,1.275
56,9,2,16,14.29,0.893125
56,9,3,19,12.8,0.6736842105263158
56,9,4,12,7.94,0.6616666666666667
56,10,0,7,14.11,2.0157142857142856
56,10,1,5,8.83,1.766
56,10,2,19,17.76,0.9347368421052632
56,10,3,17,11.6,0.6823529411764706
56,10,4,17,3.44,0.2023529411764706
56,12,0,12,12.36,1.03
56,12,1,10,10.0,1.0
56,12,2,11,7.82,0.7109090909090909
56,12,3,3,1.55,0.5166666666666667
56,12,4,2,1.01,0.505
56,13,0,2,11.05,5.525
56,13,1,15,77.93,5.195333333333334
56,13,2,11,55.64,5.058181818181819
56,13,3,20,64.27,3.2135
56,13,4,8,18.19,2.27375
56,14,0,16,66.79,4.174375
56,14,1,2,6.59,3.295
56,14,2,4,12.35,3.0875
56,14,3,15,21.67,1.4446666666666668
56,14,4,12,16.64,1.3866666666666667
56,16,0,20,47.81,2.3905000000000003
56,16,1,5,4.89,0.978
56,16,2,2,1.92,0.96
56,16,3,8,7.18,0.8975
56,16,4,3,1.01,0.33666666666666667
56,17,0,10,21.67,2.1670000000000003
56,17,1,1,1.97,1.97
56,17,2,7,13.6,1.9428571428571428
56,17,3,6,9.99,1.665
56,17,4,17,20.5,1.2058823529411764
56,18,0,12,16.07,1.3391666666666666
56,18,1,7,8.55,1.2214285714285715
56,18,2,2,1.53,0.765
56,18,3,9,5.15,0.5722222222222223
56,18,4,1,0.54,0.54
56,20,0,13,24.91,1.916153846153846
56,20,1,14,21.14,1.51
56,20,2,14,13.25,0.9464285714285714
56,20,3,3,1.3,0.43333333333333335
56,20,4,19,8.09,0.4257894736842105
56,23,0,7,26.66,3.8085714285714287
56,23,1,5,15.88,3.176
56,23,2,5,15.75,3.15
56,23,3,19,52.56,2.7663157894736843
56,23,4,9,24.22,2.691111111111111
56,27,0,20,36.83,1.8415
56,27,1,8,14.21,1.77625
56,27,2,1,1.45,1.45
56,27,3,3,1.44,0.48
56,27,4,16,2.15,0.134375
56,31,0,15,46.07,3.0713333333333335
56,31,1,5,9.6,1.92
56,31,2,11,18.3,1.6636363636363638
56,31,3,1,1.61,1.61
56,31,4,16,11.44,0.715
56,32,0,8,30.33,3.79125
56,32,1,19,46.74,2.46
56,32,2,12,16.44,1.37
56,32,3,14,17.69,1.2635714285714286
56,32,4,16,18.3,1.14375
56,34,0,3,9.53,3.1766666666666663
56,34,1,13,26.91,2.07
56,34,2,1,0.98,0.98
56,34,3,7,3.16,0.45142857142857146
56,34,4,12,1.91,0.15916666666666665
56,35,0,2,2.05,1.025
56,35,1,3,2.23,0.7433333333333333
56,35,2,4,1.64,0.41
56,35,3,12,3.04,0.25333333333333335
56,35,4,2,0.5,0.25
56,40,0,19,49.94,2.628421052631579
56,40,1,11,25.94,2.3581818181818184
56,40,2,9,19.06,2.1177777777777775
56,40,3,6,3.14,0.5233333333333333
56,40,4,16,7.5,0.46875
56,43,0,9,40.61,4.512222222222222
56,43,1,19,66.41,3.495263157894737
56,43,2,6,20.25,3.375
56,43,3,14,29.98,2.1414285714285715
56,43,4,15,10.02,0.6679999999999999
56,45,0,17,25.28,1.4870588235294118
56,45,1,14,17.73,1.2664285714285715
56,45,2,2,1.58,0.79
56,45,3,9,5.27,0.5855555555555555
56,45,4,17,7.55,0.4441176470588235
56,47,0,7,18.28,2.6114285714285717
56,47,1,17,40.66,2.391764705882353
56,47,2,13,28.3,2.176923076923077
56,47,3,2,2.86,1.43
56,47,4,14,12.22,0.8728571428571429
56,48,0,15,16.28,1.0853333333333335
56,48,1,1,0.85,0.85
56,48,2,20,15.17,0.7585
56,48,3,6,3.47,0.5783333333333334
56,48,4,8,0.64,0.08
56,49,0,19,29.1,1.5315789473684212
56,49,1,12,14.34,1.195
56,49,2,7,7.21,1.03
56,49,3,7,5.54,0.7914285714285715
56,49,4,19,4.55,0.2394736842105263
56,52,0,2,1.21,0.605
56,52,1,16,7.3,0.45625
56,52,2,16,4.26,0.26625
56,52,3,1,0.11,0.11
56,52,4,3,0.18,0.06
56,55,0,2,4.85,2.425
56,55,1,6,9.56,1.5933333333333335
56,55,2,8,11.45,1.43125
56,55,3,5,7.06,1.412
56,55,4,14,13.78,0.9842857142857142
56,59,0,7,18.45,2.6357142857142857
56,59,1,16,32.12,2.0075
56,59,2,8,12.95,1.61875
56,59,3,8,6.46,0.8075
56,59,4,18,9.83,0.5461111111111111
56,60,0,11,17.16,1.56
56,60,1,7,7.89,1.127142857142857
56,60,2,5,5.58,1.116
56,60,3,15,5.16,0.34400000000000003
56,60,4,9,2.16,0.24000000000000002
56,62,0,11,9.9,0.9
56,62,1,14,11.1,0.7928571428571428
56,62,2,9,3.32,0.3688888888888889
56,62,3,14,4.33,0.3092857142857143
56,62,4,2,0.49,0.245
56,64,0,1,4.42,4.42
56,64,1,18,61.33,3.407222222222222
56,64,2,20,47.27,2.3635
56,64,3,10,21.18,2.118
56,64,4,19,37.27,1.9615789473684213
56,66,0,17,28.31,1.6652941176470588
56,66,1,12,15.71,1.3091666666666668
56,66,2,5,5.57,1.114
56,66,3,19,6.44,0.33894736842105266
56,66,4,16,4.04,0.2525
56,67,0,14,35.79,2.5564285714285715
56,67,1,7,9.9,1.4142857142857144
56,67,2,18,13.59,0.755
56,67,3,2,1.32,0.66
56,67,4,14,8.01,0.5721428571428572
56,69,0,8,11.57,1.44625
56,69,1,1,1.1,1.1
56,69,2,10,6.39,0.639
56,69,3,8,1.59,0.19875
56,69,4,14,1.4,0.09999999999999999
56,70,0,5,18.87,3.774
56,70,1,16,54.33,3.395625
56,70,2,11,28.36,2.578181818181818
56,70,3,10,8.32,0.8320000000000001
56,70,4,8,3.26,0.4075
56,71,0,18,103.95,5.775
56,71,1,18,79.18,4.398888888888889
56,71,2,18,77.71,4.317222222222222
56,71,3,2,3.43,1.715
56,71,4,7,6.15,0.8785714285714287
56,73,0,19,164.54,8.66
56,73,1,19,100.03,5.264736842105263
56,73,2,5,13.35,2.67
56,73,3,18,25.77,1.4316666666666666
56,73,4,5,5.74,1.1480000000000001
56,79,0,1,8.69,8.69
56,79,1,9,76.11,8.456666666666667
56,79,2,14,85.26,6.090000000000001
56,79,3,4,20.07,5.0175
56,79,4,18,29.58,1.6433333333333333
56,82,0,10,47.62,4.762
56,82,1,6,23.74,3.9566666666666666
56,82,2,8,17.52,2.19
56,82,3,17,8.54,0.5023529411764706
56,82,4,2,0.87,0.435
56,83,0,4,11.3,2.825
56,83,1,2,4.93,2.465
56,83,2,19,40.61,2.1373684210526314
56,83,3,3,3.69,1.23
56,83,4,4,3.99,0.9975
56,86,0,5,45.09,9.018
56,86,1,19,164.5,8.657894736842104
56,86,2,14,105.4,7.528571428571429
56,86,3,18,76.12,4.228888888888889
56,86,4,17,46.32,2.724705882352941
56,88,0,11,24.32,2.210909090909091
56,88,1,10,22.06,2.206
56,88,2,19,25.51,1.3426315789473684
56,88,3,2,1.09,0.545
56,88,4,4,1.17,0.2925
56,89,0,16,119.05,7.440625
56,89,1,10,51.02,5.102
56,89,2,14,42.33,3.0235714285714286
56,89,3,5,12.4,2.48
56,89,4,15,32.81,2.1873333333333336
56,90,0,2,8.73,4.365
56,90,1,3,6.46,2.1533333333333333
56,90,2,9,15.85,1.761111111111111
56,90,3,19,19.57,1.03
56,90,4,7,2.03,0.29
56,93,0,10,61.02,6.102
56,93,1,8,38.48,4.81
56,93,2,6,28.85,4.808333333333334
56,93,3,3,9.85,3.283333333333333
56,93,4,12,3.33,0.2775
56,94,0,9,12.95,1.4388888888888889
56,94,1,3,4.02,1.3399999999999999
56,94,2,16,9.91,0.619375
56,94,3,18,11.1,0.6166666666666667
56,94,4,16,8.65,0.540625
56,95,0,15,69.95,4.663333333333333
56,95,1,19,48.56,2.555789473684211
56,95,2,20,39.5,1.975
56,95,3,9,16.07,1.7855555555555556
56,95,4,10,4.37,0.437
56,97,0,7,24.88,3.5542857142857143
56,97,1,12,23.33,1.9441666666666666
56,97,2,8,8.36,1.045
56,97,3,10,10.4,1.04
56,97,4,20,10.73,0.5365
56,99,0,4,10.38,2.595
56,99,1,3,4.29,1.43
56,99,2,14,19.29,1.377857142857143
56,99,3,14,14.36,1.0257142857142856
56,99,4,15,5.53,0.3686666666666667
59,0,0,14,34.28,2.448571428571429
59,0,1,5,10.15,2.0300000000000002
59,0,2,2,4.02,2.01
59,0,3,8,6.15,0.76875
59,0,4,20,12.99,0.6495
59,1,0,3,13.53,4.51
59,1,1,17,59.04,3.472941176470588
59,1,2,9,28.84,3.2044444444444444
59,1,3,16,49.17,3.073125
59,1,4,10,24.13,2.413
59,3,0,6,24.66,4.11
59,3,1,3,7.8,2.6
59,3,2,15,26.72,1.7813333333333332
59,3,3,17,29.9,1.7588235294117647
59,3,4,13,6.04,0.4646153846153846
59,6,0,2,9.52,4.76
59,6,1,17,74.67,4.392352941176471
59,6,2,13,36.43,2.8023076923076924
59,6,3,5,10.65,2.13
59,6,4,8,10.04,1.255
59,9,0,15,70.85,4.723333333333333
59,9,1,4,16.19,4.0475
59,9,2,1,3.77,3.77
59,9,3,17,44.86,2.6388235294117646
59,9,4,14,19.67,1.405
59,10,0,17,64.2,3.7764705882352945
59,10,1,8,28.27,3.53375
59,10,2,1,2.73,2.73
59,10,3,19,39.76,2.092631578947368
59,10,4,16,12.61,0.788125
59,12,0,1,3.89,3.89
59,12,1,5,16.91,3.382
59,12,2,6,16.46,2.7433333333333336
59,12,3,18,23.46,1.3033333333333335
59,12,4,7,6.53,0.9328571428571429
59,13,0,15,66.57,4.438
59,13,1,12,22.66,1.8883333333333334
59,13,2,14,15.27,1.0907142857142857
59,13,3,6,4.58,0.7633333333333333
59,13,4,4,1.61,0.4025
59,14,0,2,8.87,4.435
59,14,1,19,58.13,3.0594736842105266
59,14,2,19,36.35,1.9131578947368422
59,14,3,15,11.62,0.7746666666666666
59,14,4,11,3.41,0.31
59,16,0,2,7.94,3.97
59,16,1,13,33.41,2.57
59,16,2,19,34.83,1.833157894736842
59,16,3,12,13.93,1.1608333333333334
59,16,4,15,6.94,0.46266666666666667
59,17,0,19,55.07,2.898421052631579
59,17,1,6,17.33,2.888333333333333
59,17,2,15,34.51,2.3006666666666664
59,17,3,11,19.6,1.781818181818182
59,17,4,20,8.08,0.404
59,18,0,2,7.37,3.685
59,18,1,7,21.6,3.085714285714286
59,18,2,4,11.06,2.765
59,18,3,12,14.15,1.1791666666666667
59,18,4,15,16.14,1.076
59,20,0,19,24.26,1.276842105263158
59,20,1,10,10.65,1.065
59,20,2,16,11.8,0.7375
59,20,3,3,1.67,0.5566666666666666
59,20,4,3,0.51,0.17
59,23,0,6,17.12,2.8533333333333335
59,23,1,20,56.37,2.8185
59,23,2,9,25.12,2.7911111111111113
59,23,3,6,6.24,1.04
59,23,4,8,8.07,1.00875
59,27,0,16,67.72,4.2325
59,27,1,7,23.41,3.3442857142857143
59,27,2,16,35.37,2.210625
59,27,3,4,4.92,1.23
59,27,4,6,3.28,0.5466666666666666
59,31,0,17,35.55,2.091176470588235
59,31,1,7,11.55,1.6500000000000001
59,31,2,17,27.36,1.6094117647058823
59,31,3,20,15.44,0.772
59,31,4,9,2.88,0.32
59,32,0,4,2.31,0.5775
59,32,1,12,6.5,0.5416666666666666
59,32,2,1,0.53,0.53
59,32,3,12,4.75,0.3958333333333333
59,32,4,10,3.08,0.308
59,34,0,13,41.7,3.207692307692308
59,34,1,9,26.2,2.911111111111111
59,34,2,2,5.57,2.785
59,34,3,20,54.99,2.7495000000000003
59,34,4,10,4.17,0.417
59,35,0,16,39.17,2.448125
59,35,1,13,14.18,1.0907692307692307
59,35,2,9,6.94,0.7711111111111112
59,35,3,8,6.14,0.7675
59,35,4,5,0.69,0.13799999999999998
59,40,0,16,63.38,3.96125
59,40,1,12,47.06,3.921666666666667
59,40,2,13,42.17,3.243846153846154
59,40,3,2,5.43,2.715
59,40,4,17,41.39,2.434705882352941
59,43,0,12,36.99,3.0825
59,43,1,13,24.84,1.9107692307692308
59,43,2,5,8.81,1.762
59,43,3,16,25.57,1.598125
59,43,4,14,19.32,1.3800000000000001
59,45,0,7,12.71,1.8157142857142858
59,45,1,1,0.86,0.86
59,45,2,5,2.96,0.592
59,45,3,18,6.79,0.37722222222222224
59,45,4,3,0.53,0.17666666666666667
59,47,0,3,8.41,2.8033333333333332
59,47,1,12,17.79,1.4825
59,47,2,5,5.59,1.1179999999999999
59,47,3,17,13.32,0.7835294117647059
59,47,4,3,1.64,0.5466666666666666
59,48,0,12,18.63,1.5525
59,48,1,9,12.74,1.4155555555555557
59,48,2,17,21.1,1.2411764705882353
59,48,3,18,7.71,0.42833333333333334
59,48,4,4,1.04,0.26
59,49,0,18,69.39,3.855
59,49,1,12,35.11,2.9258333333333333
59,49,2,6,8.86,1.4766666666666666
59,49,3,10,9.99,0.999
59,49,4,14,5.72,0.40857142857142853
59,52,0,1,3.19,3.19
59,52,1,3,6.24,2.08
59,52,2,7,4.52,0.6457142857142857
59,52,3,12,6.18,0.515
59,52,4,3,0.87,0.29
59,55,0,9,8.76,0.9733333333333333
59,55,1,8,7.75,0.96875
59,55,2,13,6.36,0.48923076923076925
59,55,3,18,5.3,0.29444444444444445
59,55,4,19,5.36,0.28210526315789475
59,56,0,10,33.7,3.37
59,56,1,13,37.88,2.913846153846154
59,56,2,10,18.39,1.839
59,56,3,7,10.18,1.4542857142857142
59,56,4,3,0.96,0.32
59,60,0,6,29.86,4.976666666666667
59,60,1,16,63.64,3.9775
59,60,2,2,5.86,2.93
59,60,3,6,14.94,2.4899999999999998
59,60,4,10,23.59,2.359
59,62,0,12,39.9,3.3249999999999997
59,62,1,19,55.59,2.9257894736842105
59,62,2,20,57.7,2.8850000000000002
59,62,3,8,22.18,2.7725
59,62,4,17,4.49,0.26411764705882357
59,64,0,19,81.09,4.267894736842106
59,64,1,17,58.48,3.44
59,64,2,19,37.87,1.993157894736842
59,64,3,7,13.19,1.8842857142857141
59,64,4,13,2.66,0.20461538461538462
59,66,0,12,36.3,3.025
59,66,1,20,51.71,2.5855
59,66,2,20,48.69,2.4345
59,66,3,9,7.55,0.8388888888888889
59,66,4,12,3.04,0.25333333333333335
59,67,0,10,11.68,1.168
59,67,1,1,0.83,0.83
59,67,2,6,3.21,0.535
59,67,3,19,4.54,0.23894736842105263
59,67,4,15,3.08,0.20533333333333334
59,69,0,1,5.1,5.1
59,69,1,7,27.18,3.882857142857143
59,69,2,8,20.07,2.50875
59,69,3,14,25.35,1.8107142857142857
59,69,4,8,14.04,1.755
59,70,0,20,75.04,3.7520000000000002
59,70,1,10,35.66,3.566
59,70,2,8,19.52,2.44
59,70,3,20,36.05,1.8024999999999998
59,70,4,4,4.53,1.1325
59,71,0,1,5.55,5.55
59,71,1,5,24.25,4.85
59,71,2,5,22.6,4.5200000000000005
59,71,3,6,21.9,3.65
59,71,4,4,9.31,2.3275
59,73,0,1,6.64,6.64
59,73,1,12,73.84,6.153333333333333
59,73,2,15,40.7,2.7133333333333334
59,73,3,17,32.8,1.9294117647058822
59,73,4,2,1.58,0.79
59,79,0,12,77.72,6.476666666666667
59,79,1,8,20.16,2.52
59,79,2,4,9.47,2.3675
59,79,3,12,27.77,2.3141666666666665
59,79,4,20,18.08,0.9039999999999999
59,82,0,19,88.56,4.661052631578947
59,82,1,1,2.3,2.3
59,82,2,11,10.09,0.9172727272727272
59,82,3,12,7.57,0.6308333333333334
59,82,4,12,2.95,0.24583333333333335
59,83,0,16,87.14,5.44625
59,83,1,16,84.77,5.298125
59,83,2,14,53.72,3.837142857142857
59,83,3,5,3.81,0.762
59,83,4,7,4.35,0.6214285714285713
59,86,0,15,89.13,5.941999999999999
59,86,1,2,11.3,5.65
59,86,2,16,85.27,5.329375
59,86,3,12,26.26,2.1883333333333335
59,86,4,1,1.56,1.56
59,88,0,14,26.38,1.8842857142857141
59,88,1,4,6.75,1.6875
59,88,2,20,19.67,0.9835
59,88,3,7,4.38,0.6257142857142857
59,88,4,5,0.84,0.16799999999999998
59,89,0,3,16.25,5.416666666666667
59,89,1,6,26.83,4.471666666666667
59,89,2,9,32.23,3.581111111111111
59,89,3,6,19.67,3.2783333333333338
59,89,4,19,48.45,2.5500000000000003
59,90,0,4,17.16,4.29
59,90,1,20,76.55,3.8274999999999997
59,90,2,10,21.2,2.12
59,90,3,16,12.35,0.771875
59,90,4,11,8.1,0.7363636363636363
59,93,0,5,31.02,6.204
59,93,1,15,68.5,4.566666666666666
59,93,2,9,35.97,3.9966666666666666
59,93,3,2,4.23,2.115
59,93,4,8,6.91,0.86375
59,94,0,14,30.79,2.1992857142857143
59,94,1,4,7.06,1.765
59,94,2,4,5.73,1.4325
59,94,3,14,17.99,1.285
59,94,4,5,4.44,0.8880000000000001
59,95,0,6,21.62,3.6033333333333335
59,95,1,7,17.33,2.4757142857142855
59,95,2,19,27.49,1.4468421052631577
59,95,3,7,7.64,1.0914285714285714
59,95,4,17,8.23,0.48411764705882354
59,97,0,6,36.96,6.16
59,97,1,6,35.66,5.9433333333333325
59,97,2,7,34.74,4.9628571428571435
59,97,3,17,28.28,1.663529411764706
59,97,4,18,9.69,0.5383333333333333
59,99,0,11,36.2,3.290909090909091
59,99,1,20,27.74,1.387
59,99,2,11,15.25,1.3863636363636365
59,99,3,18,23.88,1.3266666666666667
59,99,4,13,3.31,0.25461538461538463
60,0,0,10,29.39,2.939
60,0,1,20,44.68,2.234
60,0,2,13,13.47,1.0361538461538462
60,0,3,6,3.11,0.5183333333333333
60,0,4,17,3.37,0.19823529411764707
60,1,0,10,53.05,5.305
60,1,1,8,12.63,1.57875
60,1,2,12,18.32,1.5266666666666666
60,1,3,3,2.93,0.9766666666666667
60,1,4,11,5.9,0.5363636363636364
60,3,0,14,56.29,4.020714285714286
60,3,1,18,64.41,3.578333333333333
60,3,2,11,31.83,2.8936363636363636
60,3,3,12,25.82,2.151666666666667
60,3,4,5,7.18,1.436
60,6,0,5,11.4,2.2800000000000002
60,6,1,16,22.63,1.414375
60,6,2,10,5.91,0.591
60,6,3,11,5.74,0.5218181818181818
60,6,4,12,5.52,0.45999999999999996
60,9,0,9,5.75,0.6388888888888888
60,9,1,2,1.15,0.575
60,9,2,2,0.98,0.49
60,9,3,20,7.52,0.376
60,9,4,10,0.43,0.043
60,10,0,20,31.35,1.5675000000000001
60,10,1,19,7.72,0.4063157894736842
60,10,2,13,4.1,0.3153846153846154
60,10,3,10,2.96,0.296
60,10,4,14,2.27,0.16214285714285714
60,12,0,1,0.99,0.99
60,12,1,8,6.57,0.82125
60,12,2,10,5.19,0.519
60,12,3,1,0.44,0.44
60,12,4,6,0.97,0.16166666666666665
60,13,0,20,99.61,4.9805
60,13,1,20,94.85,4.7425
60,13,2,18,82.92,4.6066666666666665
60,13,3,5,16.07,3.214
60,13,4,11,17.72,1.6109090909090908
60,14,0,4,21.77,5.4425
60,14,1,18,70.5,3.9166666666666665
60,14,2,12,40.11,3.3425
60,14,3,4,10.97,2.7425
60,14,4,6,7.89,1.315
60,16,0,14,31.75,2.267857142857143
60,16,1,5,11.07,2.214
60,16,2,13,22.56,1.7353846153846153
60,16,3,14,17.06,1.2185714285714284
60,16,4,4,0.48,0.12
60,17,0,9,28.01,3.1122222222222224
60,17,1,17,50.77,2.9864705882352944
60,17,2,4,9.51,2.3775
60,17,3,16,25.65,1.603125
60,17,4,17,19.65,1.1558823529411764
60,18,0,7,14.5,2.0714285714285716
60,18,1,3,5.73,1.9100000000000001
60,18,2,12,17.23,1.4358333333333333
60,18,3,7,7.76,1.1085714285714285
60,18,4,11,1.86,0.1690909090909091
60,20,0,3,8.71,2.9033333333333338
60,20,1,13,23.82,1.8323076923076924
60,20,2,12,18.34,1.5283333333333333
60,20,3,3,3.6,1.2
60,20,4,19,7.4,0.38947368421052636
60,23,0,8,41.24,5.155
60,23,1,11,48.64,4.421818181818182
60,23,2,12,44.98,3.748333333333333
60,23,3,8,15.27,1.90875
60,23,4,19,24.72,1.3010526315789472
60,27,0,5,10.67,2.134
60,27,1,14,28.68,2.0485714285714285
60,27,2,20,36.48,1.8239999999999998
60,27,3,19,23.59,1.2415789473684211
60,27,4,1,1.2,1.2
60,31,0,16,64.47,4.029375
60,31,1,16,22.45,1.403125
60,31,2,6,7.6,1.2666666666666666
60,31,3,7,5.41,0.7728571428571429
60,31,4,20,9.61,0.4805
60,32,0,11,41.65,3.786363636363636
60,32,1,14,34.72,2.48
60,32,2,15,20.43,1.3619999999999999
60,32,3,3,2.05,0.6833333333333332
60,32,4,18,9.31,0.5172222222222222
60,34,0,9,33.75,3.75
60,34,1,7,16.59,2.37
60,34,2,18,37.98,2.11
60,34,3,6,9.4,1.5666666666666667
60,34,4,8,10.54,1.3175
60,35,0,3,6.36,2.12
60,35,1,17,34.88,2.051764705882353
60,35,2,9,12.12,1.3466666666666667
60,35,3,6,4.61,0.7683333333333334
60,35,4,3,1.1,0.3666666666666667
60,40,0,15,41.71,2.780666666666667
60,40,1,4,8.28,2.07
60,40,2,3,2.75,0.9166666666666666
60,40,3,20,15.08,0.754
60,40,4,20,6.7,0.335
60,43,0,18,91.88,5.104444444444444
60,43,1,4,18.95,4.7375
60,43,2,9,24.41,2.712222222222222
60,43,3,14,35.86,2.5614285714285714
60,43,4,7,8.41,1.2014285714285715
60,45,0,13,35.01,2.693076923076923
60,45,1,14,22.84,1.6314285714285715
60,45,2,17,21.29,1.2523529411764704
60,45,3,6,2.76,0.45999999999999996
60,45,4,17,4.75,0.27941176470588236
60,47,0,17,15.73,0.9252941176470588
60,47,1,5,4.42,0.884
60,47,2,6,4.49,0.7483333333333334
60,47,3,12,8.73,0.7275
60,47,4,10,4.63,0.46299999999999997
60,48,0,11,35.7,3.2454545454545456
60,48,1,1,2.76,2.76
60,48,2,3,5.97,1.99
60,48,3,5,9.53,1.906
60,48,4,15,2.79,0.186
60,49,0,3,5.3,1.7666666666666666
60,49,1,5,7.18,1.436
60,49,2,16,4.79,0.299375
60,49,3,13,3.25,0.25
60,49,4,3,0.75,0.25
60,52,0,10,16.46,1.6460000000000001
60,52,1,10,8.09,0.8089999999999999
60,52,2,13,9.54,0.7338461538461538
60,52,3,20,13.92,0.696
60,52,4,18,8.67,0.4816666666666667
60,55,0,19,61.27,3.2247368421052633
60,55,1,4,12.51,3.1275
60,55,2,20,50.03,2.5015
60,55,3,14,30.5,2.1785714285714284
60,55,4,10,18.58,1.8579999999999999
60,56,0,11,11.48,1.0436363636363637
60,56,1,12,11.99,0.9991666666666666
60,56,2,19,12.33,0.6489473684210526
60,56,3,13,2.1,0.16153846153846155
60,56,4,7,0.91,0.13
60,59,0,10,35.45,3.5450000000000004
60,59,1,5,12.2,2.44
60,59,2,9,21.81,2.4233333333333333
60,59,3,17,20.24,1.1905882352941175
60,59,4,13,5.04,0.38769230769230767
60,62,0,4,7.41,1.8525
60,62,1,9,12.09,1.3433333333333333
60,62,2,19,21.9,1.1526315789473685
60,62,3,2,2.06,1.03
60,62,4,16,5.15,0.321875
60,64,0,15,73.14,4.876
60,64,1,15,69.79,4.652666666666667
60,64,2,4,12.83,3.2075
60,64,3,9,25.55,2.838888888888889
60,64,4,12,24.71,2.0591666666666666
60,66,0,6,18.34,3.0566666666666666
60,66,1,5,13.69,2.738
60,66,2,14,19.72,1.4085714285714286
60,66,3,3,2.53,0.8433333333333333
60,66,4,17,6.39,0.37588235294117645
60,67,0,3,11.43,3.81
60,67,1,10,33.57,3.357
60,67,2,17,25.31,1.4888235294117647
60,67,3,1,1.44,1.44
60,67,4,3,0.69,0.22999999999999998
60,69,0,16,3.49,0.218125
60,69,1,14,2.59,0.185
60,69,2,18,3.1,0.17222222222222222
60,69,3,11,1.44,0.1309090909090909
60,69,4,6,0.32,0.05333333333333334
60,70,0,12,29.82,2.485
60,70,1,5,12.33,2.466
60,70,2,17,38.25,2.25
60,70,3,1,1.71,1.71
60,70,4,17,9.38,0.5517647058823529
60,71,0,11,76.2,6.927272727272728
60,71,1,13,71.22,5.478461538461539
60,71,2,1,3.95,3.95
60,71,3,16,16.49,1.030625
60,71,4,20,13.68,0.6839999999999999
60,73,0,10,104.97,10.497
60,73,1,12,85.36,7.113333333333333
60,73,2,2,9.81,4.905
60,73,3,5,15.95,3.19
60,73,4,1,0.68,0.68
60,79,0,9,82.4,9.155555555555557
60,79,1,13,94.17,7.243846153846154
60,79,2,5,24.62,4.924
60,79,3,9,23.33,2.592222222222222
60,79,4,19,27.8,1.4631578947368422
60,82,0,20,135.72,6.786
60,82,1,11,35.99,3.271818181818182
60,82,2,12,33.36,2.78
60,82,3,19,30.06,1.5821052631578947
60,82,4,14,7.29,0.5207142857142857
60,83,0,7,11.9,1.7
60,83,1,9,7.6,0.8444444444444444
60,83,2,12,8.57,0.7141666666666667
60,83,3,6,3.46,0.5766666666666667
60,83,4,12,3.79,0.31583333333333335
60,86,0,10,91.82,9.181999999999999
60,86,1,1,5.4,5.4
60,86,2,2,10.2,5.1
60,86,3,18,70.84,3.9355555555555557
60,86,4,12,35.9,2.9916666666666667
60,88,0,6,21.23,3.5383333333333336
60,88,1,13,37.84,2.910769230769231
60,88,2,17,14.6,0.8588235294117647
60,88,3,20,10.94,0.5469999999999999
60,88,4,18,6.43,0.3572222222222222
60,89,0,7,51.88,7.411428571428572
60,89,1,15,89.69,5.979333333333333
60,89,2,7,36.0,5.142857142857143
60,89,3,11,23.45,2.131818181818182
60,89,4,6,6.84,1.14
60,90,0,19,102.95,5.4184210526315795
60,90,1,1,4.27,4.27
60,90,2,10,39.01,3.901
60,90,3,10,20.32,2.032
60,90,4,1,0.47,0.47
60,93,0,5,25.68,5.136
60,93,1,13,41.02,3.1553846153846155
60,93,2,8,22.22,2.7775
60,93,3,8,19.14,2.3925
60,93,4,1,1.22,1.22
60,94,0,5,11.4,2.2800000000000002
60,94,1,16,12.62,0.78875
60,94,2,19,10.5,0.5526315789473685
60,94,3,17,7.77,0.45705882352941174
60,94,4,15,4.28,0.2853333333333333
60,95,0,7,34.9,4.985714285714286
60,95,1,12,34.49,2.874166666666667
60,95,2,14,37.44,2.674285714285714
60,95,3,20,44.64,2.232
60,95,4,20,4.56,0.22799999999999998
60,97,0,2,3.81,1.905
60,97,1,7,8.02,1.1457142857142857
60,97,2,11,11.98,1.089090909090909
60,97,3,7,6.03,0.8614285714285714
60,97,4,7,2.43,0.34714285714285714
60,99,0,3,10.41,3.47
60,99,1,14,34.31,2.450714285714286
60,99,2,13,15.91,1.2238461538461538
60,99,3,16,5.41,0.338125
60,99,4,18,3.34,0.18555555555555556
62,0,0,19,31.9,1.6789473684210525
62,0,1,11,17.75,1.6136363636363635
62,0,2,13,7.15,0.55
62,0,3,14,6.24,0.44571428571428573
62,0,4,9,2.9,0.3222222222222222
62,1,0,19,70.38,3.7042105263157894
62,1,1,9,25.06,2.7844444444444445
62,1,2,12,33.34,2.7783333333333338
62,1,3,18,39.85,2.213888888888889
62,1,4,15,20.22,1.3479999999999999
62,3,0,16,48.66,3.04125
62,3,1,16,46.34,2.89625
62,3,2,13,26.84,2.0646153846153847
62,3,3,8,15.33,1.91625
62,3,4,20,14.61,0.7304999999999999
62,6,0,6,21.17,3.5283333333333338
62,6,1,2,5.8,2.9
62,6,2,11,29.02,2.638181818181818
62,6,3,15,16.97,1.1313333333333333
62,6,4,16,16.65,1.040625
62,9,0,5,9.09,1.818
62,9,1,9,11.97,1.33
62,9,2,11,9.3,0.8454545454545456
62,9,3,15,8.69,0.5793333333333333
62,9,4,15,2.44,0.16266666666666665
62,10,0,17,45.74,2.690588235294118
62,10,1,6,15.04,2.5066666666666664
62,10,2,12,27.79,2.3158333333333334
62,10,3,11,17.54,1.5945454545454545
62,10,4,15,9.2,0.6133333333333333
62,12,0,8,5.28,0.66
62,12,1,19,9.53,0.501578947368421
62,12,2,13,5.83,0.44846153846153847
62,12,3,4,1.13,0.2825
62,12,4,11,2.19,0.1990909090909091
62,13,0,11,50.96,4.632727272727273
62,13,1,19,65.67,3.4563157894736842
62,13,2,1,2.35,2.35
62,13,3,9,6.84,0.76
62,13,4,3,1.13,0.37666666666666665
62,14,0,14,46.89,3.349285714285714
62,14,1,10,28.59,2.859
62,14,2,18,36.11,2.006111111111111
62,14,3,13,15.75,1.2115384615384615
62,14,4,7,2.76,0.39428571428571424
62,16,0,15,30.94,2.062666666666667
62,16,1,14,28.4,2.0285714285714285
62,16,2,1,1.24,1.24
62,16,3,16,15.37,0.960625
62,16,4,1,0.56,0.56
62,17,0,20,21.18,1.059
62,17,1,20,12.16,0.608
62,17,2,1,0.44,0.44
62,17,3,7,1.49,0.21285714285714286
62,17,4,20,2.32,0.11599999999999999
62,18,0,10,14.13,1.413
62,18,1,1,0.97,0.97
62,18,2,10,9.64,0.9640000000000001
62,18,3,19,10.62,0.5589473684210526
62,18,4,3,1.52,0.5066666666666667
62,20,0,9,13.16,1.4622222222222223
62,20,1,7,7.05,1.0071428571428571
62,20,2,9,7.01,0.7788888888888889
62,20,3,2,1.46,0.73
62,20,4,9,1.15,0.12777777777777777
62,23,0,8,26.57,3.32125
62,23,1,3,8.5,2.8333333333333335
62,23,2,19,47.39,2.4942105263157894
62,23,3,13,25.94,1.9953846153846155
62,23,4,2,2.09,1.045
62,27,0,13,38.6,2.9692307692307693
62,27,1,20,51.63,2.5815
62,27,2,7,11.14,1.5914285714285714
62,27,3,12,15.23,1.2691666666666668
62,27,4,11,3.76,0.3418181818181818
62,31,0,16,34.29,2.143125
62,31,1,3,6.25,2.0833333333333335
62,31,2,7,13.4,1.9142857142857144
62,31,3,5,3.0,0.6
62,31,4,9,4.07,0.45222222222222225
62,32,0,10,38.66,3.8659999999999997
62,32,1,18,66.91,3.717222222222222
62,32,2,11,39.12,3.556363636363636
62,32,3,14,32.79,2.342142857142857
62,32,4,20,31.37,1.5685
62,34,0,20,48.44,2.4219999999999997
62,34,1,5,7.21,1.442
62,34,2,20,28.68,1.434
62,34,3,7,7.21,1.03
62,34,4,6,4.25,0.7083333333333334
62,35,0,14,7.3,0.5214285714285715
62,35,1,15,7.58,0.5053333333333333
62,35,2,8,3.12,0.39
62,35,3,16,5.56,0.3475
62,35,4,20,1.62,0.081
62,40,0,12,19.23,1.6025
62,40,1,10,15.8,1.58
62,40,2,16,23.17,1.448125
62,40,3,9,10.21,1.1344444444444446
62,40,4,4,3.32,0.83
62,43,0,4,14.6,3.65
62,43,1,12,33.13,2.7608333333333337
62,43,2,18,49.26,2.7366666666666664
62,43,3,10,17.99,1.799
62,43,4,10,17.57,1.7570000000000001
62,45,0,1,1.01,1.01
62,45,1,5,4.19,0.8380000000000001
62,45,2,20,14.82,0.741
62,45,3,6,3.86,0.6433333333333333
62,45,4,17,7.93,0.4664705882352941
62,47,0,17,25.81,1.518235294117647
62,47,1,12,16.1,1.3416666666666668
62,47,2,7,9.38,1.34
62,47,3,5,6.34,1.268
62,47,4,10,10.44,1.044
62,48,0,14,26.71,1.907857142857143
62,48,1,8,13.05,1.63125
62,48,2,19,19.99,1.0521052631578947
62,48,3,5,5.24,1.048
62,48,4,4,3.03,0.7575
62,49,0,14,10.09,0.7207142857142858
62,49,1,17,6.3,0.37058823529411766
62,49,2,12,2.65,0.22083333333333333
62,49,3,9,1.59,0.17666666666666667
62,49,4,14,1.73,0.12357142857142857
62,52,0,2,3.06,1.53
62,52,1,20,28.11,1.4055
62,52,2,3,3.68,1.2266666666666668
62,52,3,6,1.05,0.17500000000000002
62,52,4,14,1.57,0.11214285714285714
62,55,0,16,36.72,2.295
62,55,1,13,27.31,2.1007692307692305
62,55,2,7,13.65,1.95
62,55,3,4,4.18,1.045
62,55,4,5,3.1,0.62
62,56,0,11,10.79,0.9809090909090908
62,56,1,2,1.34,0.67
62,56,2,7,4.64,0.6628571428571428
62,56,3,17,6.75,0.39705882352941174
62,56,4,11,0.55,0.05
62,59,0,10,28.51,2.851
62,59,1,2,5.0,2.5
62,59,2,12,26.1,2.1750000000000003
62,59,3,1,2.04,2.04
62,59,4,7,2.06,0.2942857142857143
62,60,0,9,10.98,1.22
62,60,1,1,1.16,1.16
62,60,2,16,13.77,0.860625
62,60,3,12,9.54,0.7949999999999999
62,60,4,11,8.33,0.7572727272727273
62,64,0,9,30.32,3.368888888888889
62,64,1,15,48.05,3.203333333333333
62,64,2,15,47.01,3.134
62,64,3,8,14.83,1.85375
62,64,4,6,10.18,1.6966666666666665
62,66,0,12,32.92,2.7433333333333336
62,66,1,4,8.12,2.03
62,66,2,12,6.27,0.5225
62,66,3,12,5.33,0.44416666666666665
62,66,4,12,1.75,0.14583333333333334
62,67,0,3,8.58,2.86
62,67,1,8,15.96,1.995
62,67,2,7,10.3,1.4714285714285715
62,67,3,9,11.2,1.2444444444444445
62,67,4,7,4.77,0.6814285714285714
62,69,0,8,14.92,1.865
62,69,1,19,33.03,1.738421052631579
62,69,2,10,14.67,1.467
62,69,3,9,12.97,1.4411111111111112
62,69,4,4,0.62,0.155
62,70,0,15,51.07,3.4046666666666665
62,70,1,11,31.0,2.8181818181818183
62,70,2,9,11.56,1.2844444444444445
62,70,3,16,17.83,1.114375
62,70,4,17,18.63,1.0958823529411763
62,71,0,6,36.22,6.036666666666666
62,71,1,5,29.95,5.99
62,71,2,4,18.83,4.7075
62,71,3,6,25.53,4.255
62,71,4,12,24.02,2.0016666666666665
62,73,0,17,89.84,5.284705882352942
62,73,1,2,8.89,4.445
62,73,2,20,48.27,2.4135
62,73,3,16,15.23,0.951875
62,73,4,5,2.37,0.47400000000000003
62,79,0,8,76.59,9.57375
62,79,1,9,80.05,8.894444444444444
62,79,2,18,141.69,7.871666666666666
62,79,3,11,10.53,0.9572727272727272
62,79,4,20,10.93,0.5465
62,82,0,1,6.25,6.25
62,82,1,15,73.97,4.931333333333333
62,82,2,14,63.07,4.505
62,82,3,7,31.25,4.464285714285714
62,82,4,19,56.13,2.9542105263157894
62,83,0,8,26.59,3.32375
62,83,1,1,2.59,2.59
62,83,2,5,7.79,1.558
62,83,3,6,6.58,1.0966666666666667
62,83,4,19,6.3,0.33157894736842103
62,86,0,20,190.53,9.5265
62,86,1,18,110.05,6.113888888888889
62,86,2,14,60.89,4.349285714285714
62,86,3,7,17.85,2.5500000000000003
62,86,4,10,23.14,2.314
62,88,0,14,25.04,1.7885714285714285
62,88,1,2,2.71,1.355
62,88,2,18,21.29,1.1827777777777777
62,88,3,2,0.5,0.25
62,88,4,16,2.97,0.185625
62,89,0,1,7.8,7.8
62,89,1,11,30.54,2.7763636363636364
62,89,2,11,23.38,2.1254545454545455
62,89,3,4,6.01,1.5025
62,89,4,3,1.48,0.49333333333333335
62,90,0,7,17.86,2.551428571428571
62,90,1,9,22.01,2.445555555555556
62,90,2,7,15.99,2.2842857142857143
62,90,3,16,21.12,1.32
62,90,4,14,8.29,0.5921428571428571
62,93,0,20,123.81,6.1905
62,93,1,2,10.48,5.24
62,93,2,7,18.38,2.6257142857142854
62,93,3,17,32.2,1.8941176470588237
62,93,4,14,24.97,1.7835714285714286
62,94,0,9,13.83,1.5366666666666666
62,94,1,19,21.52,1.1326315789473684
62,94,2,18,17.78,0.9877777777777779
62,94,3,7,4.78,0.6828571428571429
62,94,4,2,1.16,0.58
62,95,0,6,22.54,3.7566666666666664
62,95,1,9,15.67,1.741111111111111
62,95,2,7,9.65,1.3785714285714286
62,95,3,6,6.84,1.14
62,95,4,18,17.31,0.9616666666666666
62,97,0,6,22.24,3.7066666666666666
62,97,1,18,63.3,3.5166666666666666
62,97,2,7,12.97,1.852857142857143
62,97,3,12,14.8,1.2333333333333334
62,97,4,1,0.37,0.37
62,99,0,17,39.74,2.3376470588235296
62,99,1,14,28.54,2.0385714285714287
62,99,2,11,20.88,1.8981818181818182
62,99,3,20,24.91,1.2455
62,99,4,19,10.0,0.5263157894736842
64,0,0,17,27.28,1.6047058823529412
64,0,1,6,9.6,1.5999999999999999
64,0,2,11,16.92,1.5381818181818183
64,0,3,4,2.67,0.6675
64,0,4,13,8.45,0.6499999999999999
64,1,0,9,4.51,0.5011111111111111
64,1,1,17,7.01,0.4123529411764706
64,1,2,6,2.22,0.37000000000000005
64,1,3,5,1.8,0.36
64,1,4,9,2.82,0.3133333333333333
64,3,0,8,2.58,0.3225
64,3,1,17,3.97,0.2335294117647059
64,3,2,2,0.29,0.145
64,3,3,15,1.55,0.10333333333333333
64,3,4,4,0.09,0.0225
64,6,0,8,59.47,7.43375
64,6,1,14,99.54,7.11
64,6,2,18,125.96,6.997777777777777
64,6,3,18,122.31,6.795
64,6,4,20,48.75,2.4375
64,9,0,12,67.81,5.650833333333334
64,9,1,3,11.85,3.9499999999999997
64,9,2,2,5.58,2.79
64,9,3,3,8.2,2.733333333333333
64,9,4,14,30.82,2.2014285714285715
64,10,0,14,84.74,6.0528571428571425
64,10,1,17,95.12,5.595294117647059
64,10,2,20,103.21,5.1605
64,10,3,13,66.05,5.0807692307692305
64,10,4,18,66.22,3.678888888888889
64,12,0,15,41.65,2.7766666666666664
64,12,1,15,35.34,2.3560000000000003
64,12,2,19,30.91,1.6268421052631579
64,12,3,7,8.09,1.1557142857142857
64,12,4,20,16.05,0.8025
64,13,0,3,2.56,0.8533333333333334
64,13,1,16,11.69,0.730625
64,13,2,16,10.14,0.63375
64,13,3,5,2.88,0.576
64,13,4,11,3.46,0.3145454545454545
64,14,0,1,0.1,0.1
64,14,1,6,0.57,0.09499999999999999
64,14,2,14,1.23,0.08785714285714286
64,14,3,16,1.38,0.08625
64,14,4,19,0.22,0.011578947368421053
64,16,0,16,43.83,2.739375
64,16,1,9,22.63,2.5144444444444445
64,16,2,10,24.39,2.439
64,16,3,19,26.68,1.4042105263157894
64,16,4,1,1.29,1.29
64,17,0,10,20.44,2.044
64,17,1,13,22.75,1.75
64,17,2,16,25.63,1.601875
64,17,3,1,1.12,1.12
64,17,4,7,4.99,0.7128571428571429
64,18,0,9,22.38,2.4866666666666664
64,18,1,9,13.97,1.5522222222222224
64,18,2,9,12.56,1.3955555555555557
64,18,3,13,16.7,1.2846153846153845
64,18,4,16,5.39,0.336875
64,20,0,4,11.71,2.9275
64,20,1,5,12.13,2.426
64,20,2,4,5.75,1.4375
64,20,3,13,18.21,1.4007692307692308
64,20,4,19,21.91,1.1531578947368422
64,23,0,2,15.44,7.72
64,23,1,7,35.53,5.075714285714286
64,23,2,7,34.02,4.86
64,23,3,13,61.3,4.7153846153846155
64,23,4,13,60.14,4.626153846153846
64,27,0,3,14.14,4.713333333333334
64,27,1,16,72.82,4.55125
64,27,2,18,77.96,4.3311111111111105
64,27,3,11,18.3,1.6636363636363638
64,27,4,4,1.26,0.315
64,31,0,9,16.5,1.8333333333333333
64,31,1,19,30.84,1.6231578947368421
64,31,2,15,21.03,1.4020000000000001
64,31,3,14,17.6,1.2571428571428573
64,31,4,17,9.9,0.5823529411764706
64,32,0,14,63.98,4.569999999999999
64,32,1,11,36.8,3.3454545454545452
64,32,2,2,6.38,3.19
64,32,3,10,13.95,1.395
64,32,4,17,5.08,0.2988235294117647
64,34,0,8,12.2,1.525
64,34,1,2,2.5,1.25
64,34,2,7,8.05,1.1500000000000001
64,34,3,11,9.58,0.870909090909091
64,34,4,16,10.02,0.62625
64,35,0,4,12.48,3.12
64,35,1,17,39.1,2.3000000000000003
64,35,2,7,13.78,1.9685714285714284
64,35,3,11,10.42,0.9472727272727273
64,35,4,4,1.52,0.38
64,40,0,9,20.42,2.268888888888889
64,40,1,5,9.71,1.9420000000000002
64,40,2,4,7.58,1.895
64,40,3,17,28.68,1.6870588235294117
64,40,4,13,15.49,1.1915384615384617
64,43,0,11,4.94,0.44909090909090915
64,43,1,8,2.69,0.33625
64,43,2,5,1.31,0.262
64,43,3,18,3.84,0.21333333333333332
64,43,4,3,0.59,0.19666666666666666
64,45,0,8,22.29,2.78625
64,45,1,8,16.92,2.115
64,45,2,3,2.52,0.84
64,45,3,2,1.28,0.64
64,45,4,17,6.16,0.3623529411764706
64,47,0,10,39.2,3.9200000000000004
64,47,1,8,29.18,3.6475
64,47,2,12,19.7,1.6416666666666666
64,47,3,1,0.68,0.68
64,47,4,6,3.28,0.5466666666666666
64,48,0,20,100.35,5.0175
64,48,1,2,9.41,4.705
64,48,2,20,77.89,3.8945
64,48,3,15,28.08,1.8719999999999999
64,48,4,18,12.03,0.6683333333333333
64,49,0,14,43.17,3.0835714285714286
64,49,1,15,36.86,2.457333333333333
64,49,2,16,33.53,2.095625
64,49,3,13,10.22,0.7861538461538462
64,49,4,16,9.83,0.614375
64,52,0,1,3.48,3.48
64,52,1,16,49.23,3.076875
64,52,2,11,31.37,2.851818181818182
64,52,3,5,4.43,0.8859999999999999
64,52,4,9,5.56,0.6177777777777778
64,55,0,4,9.2,2.3
64,55,1,20,31.95,1.5975
64,55,2,14,8.17,0.5835714285714285
64,55,3,15,6.6,0.44
64,55,4,4,1.33,0.3325
64,56,0,13,50.47,3.882307692307692
64,56,1,6,20.34,3.39
64,56,2,20,34.54,1.7269999999999999
64,56,3,2,3.1,1.55
64,56,4,12,9.36,0.7799999999999999
64,59,0,19,89.95,4.734210526315789
64,59,1,11,50.11,4.555454545454546
64,59,2,3,11.07,3.69
64,59,3,14,18.44,1.3171428571428572
64,59,4,1,0.75,0.75
64,60,0,6,28.58,4.763333333333333
64,60,1,14,53.76,3.84
64,60,2,7,22.8,3.257142857142857
64,60,3,1,1.61,1.61
64,60,4,16,5.47,0.341875
64,62,0,18,52.77,2.9316666666666666
64,62,1,18,43.11,2.395
64,62,2,16,37.39,2.336875
64,62,3,8,14.01,1.75125
64,62,4,19,11.82,0.6221052631578947
64,66,0,10,54.2,5.42
64,66,1,1,2.24,2.24
64,66,2,3,5.57,1.8566666666666667
64,66,3,7,12.34,1.762857142857143
64,66,4,1,0.51,0.51
64,67,0,7,32.66,4.6657142857142855
64,67,1,4,11.53,2.8825
64,67,2,16,36.04,2.2525
64,67,3,3,3.67,1.2233333333333334
64,67,4,15,5.04,0.336
64,69,0,5,20.86,4.172
64,69,1,20,42.65,2.1325
64,69,2,9,8.99,0.9988888888888889
64,69,3,12,5.05,0.42083333333333334
64,69,4,12,3.57,0.2975
64,70,0,11,2.95,0.2681818181818182
64,70,1,11,2.08,0.1890909090909091
64,70,2,4,0.49,0.1225
64,70,3,17,1.26,0.07411764705882352
64,70,4,12,0.75,0.0625
64,71,0,20,124.06,6.203
64,71,1,18,106.52,5.917777777777777
64,71,2,1,5.33,5.33
64,71,3,14,64.97,4.640714285714286
64,71,4,15,35.82,2.388
64,73,0,13,155.43,11.956153846153846
64,73,1,8,53.73,6.71625
64,73,2,3,17.04,5.68
64,73,3,6,25.0,4.166666666666667
64,73,4,4,8.62,2.155
64,79,0,4,44.89,11.2225
64,79,1,8,80.5,10.0625
64,79,2,17,104.58,6.151764705882353
64,79,3,1,3.7,3.7
64,79,4,18,19.43,1.0794444444444444
64,82,0,5,44.46,8.892
64,82,1,13,102.03,7.848461538461539
64,82,2,16,94.6,5.9125
64,82,3,14,81.7,5.835714285714286
64,82,4,3,10.72,3.5733333333333337
64,83,0,14,109.04,7.788571428571429
64,83,1,20,143.15,7.157500000000001
64,83,2,14,91.75,6.553571428571429
64,83,3,14,57.69,4.1207142857142856
64,83,4,17,40.1,2.3588235294117648
64,86,0,19,196.28,10.330526315789474
64,86,1,10,86.87,8.687000000000001
64,86,2,10,86.36,8.636
64,86,3,20,59.51,2.9755
64,86,4,13,38.41,2.9546153846153844
64,88,0,3,9.41,3.1366666666666667
64,88,1,11,26.92,2.4472727272727273
64,88,2,19,24.38,1.283157894736842
64,88,3,15,12.13,0.8086666666666668
64,88,4,2,0.37,0.185
64,89,0,15,143.8,9.586666666666668
64,89,1,4,34.93,8.7325
64,89,2,7,60.3,8.614285714285714
64,89,3,7,28.94,4.134285714285714
64,89,4,19,31.63,1.664736842105263
64,90,0,12,11.38,0.9483333333333334
64,90,1,2,1.68,0.84
64,90,2,5,3.26,0.6519999999999999
64,90,3,20,12.63,0.6315000000000001
64,90,4,2,1.03,0.515
64,93,0,18,186.12,10.34
64,93,1,5,36.78,7.356
64,93,2,5,31.97,6.394
64,93,3,2,8.1,4.05
64,93,4,14,43.97,3.1407142857142856
64,94,0,3,16.42,5.473333333333334
64,94,1,11,52.31,4.755454545454546
64,94,2,4,9.93,2.4825
64,94,3,16,31.42,1.96375
64,94,4,15,14.71,0.9806666666666667
64,95,0,7,5.08,0.7257142857142858
64,95,1,7,4.26,0.6085714285714285
64,95,2,2,1.12,0.56
64,95,3,4,2.17,0.5425
64,95,4,16,2.95,0.184375
64,97,0,16,69.36,4.335
64,97,1,17,52.63,3.0958823529411768
64,97,2,1,2.95,2.95
64,97,3,15,17.86,1.1906666666666665
64,97,4,17,11.78,0.6929411764705882
64,99,0,10,10.79,1.079
64,99,1,18,17.09,0.9494444444444444
64,99,2,13,9.05,0.6961538461538462
64,99,3,9,3.38,0.37555555555555553
64,99,4,1,0.22,0.22
66,0,0,3,8.94,2.98
66,0,1,12,35.16,2.9299999999999997
66,0,2,10,17.67,1.7670000000000001
66,0,3,10,17.42,1.7420000000000002
66,0,4,10,2.4,0.24
66,1,0,20,109.5,5.475
66,1,1,8,37.21,4.65125
66,1,2,10,17.98,1.798
66,1,3,11,17.9,1.6272727272727272
66,1,4,13,18.22,1.4015384615384614
66,3,0,9,30.97,3.441111111111111
66,3,1,2,4.76,2.38
66,3,2,12,23.36,1.9466666666666665
66,3,3,17,21.7,1.276470588235294
66,3,4,3,3.41,1.1366666666666667
66,6,0,6,9.24,1.54
66,6,1,12,13.49,1.1241666666666668
66,6,2,2,1.61,0.805
66,6,3,14,9.57,0.6835714285714286
66,6,4,7,2.72,0.3885714285714286
66,9,0,20,38.55,1.9274999999999998
66,9,1,17,30.68,1.8047058823529412
66,9,2,15,19.65,1.3099999999999998
66,9,3,12,10.2,0.85
66,9,4,2,1.1,0.55
66,10,0,1,1.45,1.45
66,10,1,4,5.37,1.3425
66,10,2,2,2.26,1.13
66,10,3,5,4.2,0.8400000000000001
66,10,4,10,8.34,0.834
66,12,0,9,26.82,2.98
66,12,1,5,6.54,1.308
66,12,2,9,6.91,0.7677777777777778
66,12,3,15,4.0,0.26666666666666666
66,12,4,4,0.62,0.155
66,13,0,19,139.75,7.355263157894737
66,13,1,19,89.65,4.718421052631579
66,13,2,7,20.84,2.9771428571428573
66,13,3,1,2.67,2.67
66,13,4,5,6.8,1.3599999999999999
66,14,0,2,13.21,6.605
66,14,1,18,113.4,6.300000000000001
66,14,2,8,31.44,3.93
66,14,3,20,70.56,3.528
66,14,4,11,32.68,2.9709090909090907
66,16,0,5,24.22,4.843999999999999
66,16,1,9,34.87,3.8744444444444444
66,16,2,13,44.44,3.418461538461538
66,16,3,12,34.84,2.9033333333333338
66,16,4,11,18.67,1.6972727272727275
66,17,0,18,56.5,3.138888888888889
66,17,1,15,45.06,3.004
66,17,2,3,3.85,1.2833333333333334
66,17,3,16,19.47,1.216875
66,17,4,6,1.46,0.24333333333333332
66,18,0,4,16.24,4.06
66,18,1,3,8.53,2.8433333333333333
66,18,2,1,2.11,2.11
66,18,3,7,3.06,0.43714285714285717
66,18,4,8,2.77,0.34625
66,20,0,9,25.92,2.8800000000000003
66,20,1,19,52.21,2.747894736842105
66,20,2,4,7.71,1.9275
66,20,3,3,2.92,0.9733333333333333
66,20,4,5,4.09,0.818
66,23,0,11,17.42,1.5836363636363637
66,23,1,2,2.91,1.455
66,23,2,16,20.42,1.27625
66,23,3,6,4.67,0.7783333333333333
66,23,4,17,9.11,0.5358823529411765
66,27,0,7,5.88,0.84
66,27,1,3,1.77,0.59
66,27,2,8,4.69,0.58625
66,27,3,4,1.29,0.3225
66,27,4,10,0.41,0.040999999999999995
66,31,0,5,14.09,2.818
66,31,1,5,10.03,2.006
66,31,2,10,17.51,1.7510000000000001
66,31,3,16,23.95,1.496875
66,31,4,11,13.62,1.238181818181818
66,32,0,3,11.81,3.936666666666667
66,32,1,13,41.67,3.2053846153846157
66,32,2,20,26.58,1.329
66,32,3,19,15.95,0.8394736842105263
66,32,4,5,1.89,0.378
66,34,0,15,43.38,2.8920000000000003
66,34,1,20,41.01,2.0505
66,34,2,12,14.63,1.2191666666666667
66,34,3,20,19.0,0.95
66,34,4,1,0.83,0.83
66,35,0,15,23.21,1.5473333333333334
66,35,1,16,17.71,1.106875
66,35,2,16,17.42,1.08875
66,35,3,14,13.06,0.9328571428571429
66,35,4,17,5.81,0.3417647058823529
66,40,0,16,71.42,4.46375
66,40,1,2,8.56,4.28
66,40,2,19,78.55,4.13421052631579
66,40,3,1,1.26,1.26
66,40,4,20,21.77,1.0885
66,43,0,8,48.25,6.03125
66,43,1,11,65.47,5.951818181818182
66,43,2,11,60.72,5.52
66,43,3,2,4.64,2.32
66,43,4,2,4.07,2.035
66,45,0,14,46.98,3.3557142857142854
66,45,1,2,4.82,2.41
66,45,2,2,4.58,2.29
66,45,3,5,7.82,1.564
66,45,4,20,22.26,1.113
66,47,0,4,16.27,4.0675
66,47,1,3,11.67,3.89
66,47,2,14,27.24,1.9457142857142855
66,47,3,13,19.94,1.5338461538461539
66,47,4,12,10.07,0.8391666666666667
66,48,0,1,1.51,1.51
66,48,1,19,28.63,1.5068421052631578
66,48,2,20,20.44,1.022
66,48,3,11,6.34,0.5763636363636363
66,48,4,18,6.97,0.3872222222222222
66,49,0,3,6.62,2.2066666666666666
66,49,1,15,20.6,1.3733333333333335
66,49,2,13,17.04,1.3107692307692307
66,49,3,17,20.19,1.1876470588235295
66,49,4,4,1.2,0.3
66,52,0,8,9.97,1.24625
66,52,1,12,8.51,0.7091666666666666
66,52,2,3,1.95,0.65
66,52,3,18,11.39,0.6327777777777778
66,52,4,18,3.97,0.22055555555555556
66,55,0,12,35.14,2.9283333333333332
66,55,1,20,31.73,1.5865
66,55,2,20,20.05,1.0025
66,55,3,17,14.98,0.8811764705882353
66,55,4,6,2.0,0.3333333333333333
66,56,0,10,21.25,2.125
66,56,1,7,14.42,2.06
66,56,2,2,1.76,0.88
66,56,3,6,4.56,0.7599999999999999
66,56,4,17,10.58,0.6223529411764706
66,59,0,3,9.03,3.01
66,59,1,17,42.52,2.5011764705882356
66,59,2,17,39.43,2.3194117647058823
66,59,3,1,2.0,2.0
66,59,4,11,15.52,1.410909090909091
66,60,0,18,52.62,2.9233333333333333
66,60,1,16,46.01,2.875625
66,60,2,12,22.79,1.8991666666666667
66,60,3,6,10.77,1.795
66,60,4,1,1.08,1.08
66,62,0,8,16.19,2.02375
66,62,1,18,36.0,2.0
66,62,2,12,5.03,0.4191666666666667
66,62,3,5,1.24,0.248
66,62,4,11,2.59,0.23545454545454544
66,64,0,9,58.34,6.482222222222223
66,64,1,15,96.95,6.463333333333334
66,64,2,15,60.53,4.035333333333333
66,64,3,3,8.56,2.8533333333333335
66,64,4,16,31.58,1.97375
66,67,0,18,37.14,2.0633333333333335
66,67,1,16,16.26,1.01625
66,67,2,17,12.63,0.7429411764705883
66,67,3,13,9.38,0.7215384615384616
66,67,4,15,7.12,0.4746666666666667
66,69,0,3,10.35,3.4499999999999997
66,69,1,3,9.5,3.1666666666666665
66,69,2,20,49.84,2.492
66,69,3,19,31.87,1.6773684210526316
66,69,4,17,5.05,0.29705882352941176
66,70,0,3,14.33,4.776666666666666
66,70,1,15,69.9,4.66
66,70,2,8,25.18,3.1475
66,70,3,9,10.49,1.1655555555555557
66,70,4,14,7.21,0.515
66,71,0,7,27.2,3.8857142857142857
66,71,1,19,68.84,3.6231578947368424
66,71,2,15,39.93,2.662
66,71,3,5,9.14,1.828
66,71,4,14,16.5,1.1785714285714286
66,73,0,13,76.57,5.89
66,73,1,8,46.59,5.82375
66,73,2,10,52.03,5.203
66,73,3,8,35.45,4.43125
66,73,4,20,32.94,1.6469999999999998
66,79,0,9,52.69,5.854444444444444
66,79,1,14,75.64,5.402857142857143
66,79,2,15,40.23,2.682
66,79,3,16,22.48,1.405
66,79,4,7,3.94,0.5628571428571428
66,82,0,18,72.3,4.016666666666667
66,82,1,11,28.12,2.5563636363636366
66,82,2,7,16.91,2.415714285714286
66,82,3,4,8.99,2.2475
66,82,4,9,18.92,2.102222222222222
66,83,0,5,9.04,1.8079999999999998
66,83,1,11,14.06,1.2781818181818183
66,83,2,6,7.64,1.2733333333333332
66,83,3,16,18.5,1.15625
66,83,4,1,0.77,0.77
66,86,0,2,14.18,7.09
66,86,1,17,102.72,6.04235294117647
66,86,2,14,70.39,5.027857142857143
66,86,3,7,28.53,4.075714285714286
66,86,4,9,5.44,0.6044444444444445
66,88,0,3,8.57,2.856666666666667
66,88,1,9,18.79,2.0877777777777777
66,88,2,9,6.4,0.7111111111111111
66,88,3,6,3.85,0.6416666666666667
66,88,4,10,1.93,0.193
66,89,0,5,28.29,5.6579999999999995
66,89,1,3,13.03,4.343333333333333
66,89,2,12,43.87,3.6558333333333333
66,89,3,12,30.42,2.535
66,89,4,12,19.12,1.5933333333333335
66,90,0,12,71.27,5.939166666666666
66,90,1,5,13.96,2.7920000000000003
66,90,2,5,8.21,1.6420000000000001
66,90,3,10,15.52,1.552
66,90,4,8,4.14,0.5175
66,93,0,8,30.29,3.78625
66,93,1,10,33.24,3.3240000000000003
66,93,2,14,42.32,3.0228571428571427
66,93,3,14,28.36,2.025714285714286
66,93,4,11,7.63,0.6936363636363636
66,94,0,3,1.51,0.5033333333333333
66,94,1,12,5.23,0.43583333333333335
66,94,2,2,0.74,0.37
66,94,3,5,0.96,0.192
66,94,4,11,0.52,0.04727272727272727
66,95,0,16,90.54,5.65875
66,95,1,11,37.98,3.4527272727272726
66,95,2,16,47.79,2.986875
66,95,3,12,15.93,1.3275
66,95,4,3,3.68,1.2266666666666668
66,97,0,14,39.57,2.8264285714285715
66,97,1,2,4.63,2.315
66,97,2,5,11.53,2.306
66,97,3,11,22.09,2.0081818181818183
66,97,4,1,0.81,0.81
66,99,0,13,53.36,4.104615384615385
66,99,1,19,76.01,4.000526315789474
66,99,2,4,15.4,3.85
66,99,3,12,11.61,0.9674999999999999
66,99,4,18,15.89,0.8827777777777778
67,0,0,12,43.88,3.6566666666666667
67,0,1,3,9.2,3.0666666666666664
67,0,2,10,12.84,1.284
67,0,3,15,11.73,0.782
67,0,4,3,0.93,0.31
67,1,0,16,89.67,5.604375
67,1,1,10,47.61,4.761
67,1,2,10,32.93,3.293
67,1,3,6,16.69,2.7816666666666667
67,1,4,20,42.63,2.1315
67,3,0,2,9.29,4.645
67,3,1,9,40.59,4.510000000000001
67,3,2,9,34.51,3.8344444444444443
67,3,3,18,31.18,1.732222222222222
67,3,4,8,13.76,1.72
67,6,0,20,33.1,1.655
67,6,1,9,9.49,1.0544444444444445
67,6,2,10,6.07,0.607
67,6,3,5,2.82,0.564
67,6,4,17,3.97,0.2335294117647059
67,9,0,16,49.32,3.0825
67,9,1,18,45.53,2.5294444444444446
67,9,2,11,23.5,2.1363636363636362
67,9,3,20,26.2,1.31
67,9,4,9,3.43,0.3811111111111111
67,10,0,15,41.92,2.7946666666666666
67,10,1,12,28.97,2.4141666666666666
67,10,2,7,15.63,2.232857142857143
67,10,3,9,14.38,1.597777777777778
67,10,4,19,24.13,1.27
67,12,0,14,46.79,3.342142857142857
67,12,1,3,7.34,2.4466666666666668
67,12,2,19,41.28,2.1726315789473687
67,12,3,20,25.91,1.2955
67,12,4,4,4.1,1.025
67,13,0,13,47.94,3.6876923076923074
67,13,1,17,38.29,2.2523529411764707
67,13,2,6,6.91,1.1516666666666666
67,13,3,17,18.99,1.1170588235294117
67,13,4,14,10.61,0.7578571428571428
67,14,0,13,67.38,5.183076923076923
67,14,1,18,72.9,4.050000000000001
67,14,2,18,40.68,2.26
67,14,3,5,9.26,1.8519999999999999
67,14,4,1,0.85,0.85
67,16,0,5,25.73,5.146
67,16,1,2,10.0,5.0
67,16,2,20,46.61,2.3305
67,16,3,9,13.58,1.508888888888889
67,16,4,8,6.61,0.82625
67,17,0,3,9.76,3.2533333333333334
67,17,1,2,5.95,2.975
67,17,2,5,12.65,2.5300000000000002
67,17,3,18,33.78,1.8766666666666667
67,17,4,15,14.59,0.9726666666666667
67,18,0,2,7.77,3.885
67,18,1,18,64.2,3.566666666666667
67,18,2,11,35.73,3.248181818181818
67,18,3,12,38.38,3.1983333333333337
67,18,4,20,61.78,3.089
67,20,0,4,4.66,1.165
67,20,1,15,14.85,0.99
67,20,2,13,9.1,0.7
67,20,3,4,0.78,0.195
67,20,4,3,0.53,0.17666666666666667
67,23,0,6,9.36,1.5599999999999998
67,23,1,10,9.69,0.969
67,23,2,7,5.87,0.8385714285714286
67,23,3,19,14.91,0.7847368421052632
67,23,4,20,7.46,0.373
67,27,0,1,1.98,1.98
67,27,1,15,22.18,1.4786666666666666
67,27,2,5,4.6,0.9199999999999999
67,27,3,15,9.67,0.6446666666666666
67,27,4,17,5.1,0.3
67,31,0,6,15.0,2.5
67,31,1,4,3.36,0.84
67,31,2,13,8.23,0.6330769230769231
67,31,3,19,9.96,0.5242105263157896
67,31,4,7,1.87,0.2671428571428572
67,32,0,11,22.38,2.0345454545454547
67,32,1,12,12.78,1.065
67,32,2,14,14.32,1.022857142857143
67,32,3,13,11.05,0.8500000000000001
67,32,4,15,2.37,0.158
67,34,0,4,15.07,3.7675
67,34,1,4,13.46,3.365
67,34,2,3,9.82,3.2733333333333334
67,34,3,5,6.17,1.234
67,34,4,17,9.69,0.57
67,35,0,4,9.85,2.4625
67,35,1,11,26.26,2.387272727272727
67,35,2,19,36.87,1.9405263157894737
67,35,3,9,13.45,1.4944444444444445
67,35,4,2,0.97,0.485
67,40,0,7,29.43,4.204285714285715
67,40,1,17,29.71,1.7476470588235296
67,40,2,12,16.3,1.3583333333333334
67,40,3,19,23.37,1.23
67,40,4,10,4.17,0.417
67,43,0,19,113.63,5.980526315789473
67,43,1,8,30.52,3.815
67,43,2,12,35.71,2.9758333333333336
67,43,3,2,5.86,2.93
67,43,4,17,41.48,2.44
67,45,0,4,8.99,2.2475
67,45,1,9,19.05,2.1166666666666667
67,45,2,1,1.84,1.84
67,45,3,6,8.21,1.3683333333333334
67,45,4,3,1.22,0.4066666666666667
67,47,0,1,5.22,5.22
67,47,1,19,91.14,4.796842105263158
67,47,2,1,1.57,1.57
67,47,3,17,21.34,1.255294117647059
67,47,4,9,4.04,0.4488888888888889
67,48,0,9,6.1,0.6777777777777777
67,48,1,16,9.13,0.570625
67,48,2,19,9.33,0.49105263157894735
67,48,3,13,6.08,0.4676923076923077
67,48,4,2,0.71,0.355
67,49,0,10,27.28,2.728
67,49,1,12,31.34,2.611666666666667
67,49,2,2,4.49,2.245
67,49,3,10,13.29,1.329
67,49,4,20,23.39,1.1695
67,52,0,11,26.68,2.4254545454545453
67,52,1,7,11.8,1.6857142857142857
67,52,2,1,0.76,0.76
67,52,3,12,6.87,0.5725
67,52,4,11,2.25,0.20454545454545456
67,55,0,17,29.8,1.7529411764705882
67,55,1,20,25.28,1.264
67,55,2,6,4.18,0.6966666666666667
67,55,3,12,6.41,0.5341666666666667
67,55,4,5,0.68,0.136
67,56,0,20,50.98,2.549
67,56,1,8,17.18,2.1475
67,56,2,10,19.07,1.907
67,56,3,5,7.44,1.488
67,56,4,13,4.47,0.3438461538461538
67,59,0,20,26.86,1.343
67,59,1,15,11.65,0.7766666666666667
67,59,2,8,5.76,0.72
67,59,3,4,1.72,0.43
67,59,4,13,1.77,0.13615384615384615
67,60,0,16,56.14,3.50875
67,60,1,20,61.77,3.0885000000000002
67,60,2,9,25.03,2.781111111111111
67,60,3,14,23.45,1.675
67,60,4,4,1.17,0.2925
67,62,0,16,28.4,1.775
67,62,1,11,16.33,1.4845454545454544
67,62,2,16,6.77,0.423125
67,62,3,8,2.27,0.28375
67,62,4,13,3.62,0.2784615384615385
67,64,0,2,11.21,5.605
67,64,1,7,35.67,5.095714285714286
67,64,2,5,15.88,3.176
67,64,3,16,19.35,1.209375
67,64,4,4,3.32,0.83
67,66,0,10,19.03,1.903
67,66,1,5,8.07,1.614
67,66,2,5,6.79,1.358
67,66,3,8,8.97,1.12125
67,66,4,15,12.28,0.8186666666666667
67,69,0,7,21.16,3.0228571428571427
67,69,1,17,45.57,2.6805882352941177
67,69,2,7,16.13,2.3042857142857143
67,69,3,18,23.94,1.33
67,69,4,17,20.57,1.21
67,70,0,11,57.02,5.183636363636364
67,70,1,7,21.91,3.13
67,70,2,1,1.76,1.76
67,70,3,19,24.15,1.2710526315789472
67,70,4,20,15.73,0.7865
67,71,0,12,56.79,4.7325
67,71,1,20,72.63,3.6315
67,71,2,18,50.5,2.8055555555555554
67,71,3,8,12.84,1.605
67,71,4,16,19.34,1.20875
67,73,0,20,123.74,6.186999999999999
67,73,1,18,106.71,5.928333333333333
67,73,2,19,105.39,5.546842105263158
67,73,3,2,9.98,4.99
67,73,4,14,40.07,2.862142857142857
67,79,0,6,33.08,5.513333333333333
67,79,1,12,64.8,5.3999999999999995
67,79,2,17,67.52,3.971764705882353
67,79,3,13,39.68,3.0523076923076924
67,79,4,11,13.54,1.2309090909090907
67,82,0,1,3.93,3.93
67,82,1,18,64.37,3.5761111111111115
67,82,2,4,8.28,2.07
67,82,3,10,5.31,0.5309999999999999
67,82,4,18,4.4,0.24444444444444446
67,83,0,13,38.01,2.9238461538461538
67,83,1,10,22.44,2.244
67,83,2,9,17.56,1.951111111111111
67,83,3,2,2.82,1.41
67,83,4,10,8.47,0.8470000000000001
67,86,0,19,112.8,5.936842105263158
67,86,1,16,57.66,3.60375
67,86,2,14,23.84,1.7028571428571428
67,86,3,3,2.51,0.8366666666666666
67,86,4,15,7.18,0.47866666666666663
67,88,0,10,24.18,2.418
67,88,1,3,6.85,2.283333333333333
67,88,2,4,3.97,0.9925
67,88,3,16,10.86,0.67875
67,88,4,18,4.88,0.2711111111111111
67,89,0,13,72.68,5.590769230769231
67,89,1,18,97.18,5.398888888888889
67,89,2,16,28.0,1.75
67,89,3,5,5.19,1.038
67,89,4,5,4.62,0.924
67,90,0,1,4.27,4.27
67,90,1,13,38.9,2.9923076923076923
67,90,2,2,3.28,1.64
67,90,3,7,3.09,0.4414285714285714
67,90,4,4,1.26,0.315
67,93,0,20,82.16,4.108
67,93,1,2,2.85,1.425
67,93,2,20,20.55,1.0275
67,93,3,18,12.69,0.705
67,93,4,17,6.18,0.3635294117647059
67,94,0,10,16.7,1.67
67,94,1,14,22.05,1.575
67,94,2,2,2.82,1.41
67,94,3,13,17.24,1.326153846153846
67,94,4,8,9.57,1.19625
67,95,0,6,26.81,4.468333333333333
67,95,1,2,6.65,3.325
67,95,2,11,24.81,2.2554545454545454
67,95,3,20,16.84,0.842
67,95,4,11,6.83,0.620909090909091
67,97,0,4,24.48,6.12
67,97,1,11,64.88,5.8981818181818175
67,97,2,18,86.81,4.822777777777778
67,97,3,19,33.9,1.7842105263157895
67,97,4,2,0.65,0.325
67,99,0,10,33.3,3.3299999999999996
67,99,1,6,16.45,2.7416666666666667
67,99,2,2,5.33,2.665
67,99,3,1,2.33,2.33
67,99,4,8,3.47,0.43375
69,0,0,12,41.86,3.4883333333333333
69,0,1,18,60.52,3.3622222222222224
69,0,2,19,61.92,3.258947368421053
69,0,3,1,2.31,2.31
69,0,4,4,2.42,0.605
69,1,0,11,61.12,5.556363636363636
69,1,1,6,31.6,5.266666666666667
69,1,2,17,68.83,4.048823529411765
69,1,3,15,51.42,3.428
69,1,4,15,33.06,2.204
69,3,0,14,43.88,3.1342857142857143
69,3,1,20,54.8,2.7399999999999998
69,3,2,3,6.91,2.3033333333333332
69,3,3,10,11.64,1.1640000000000001
69,3,4,10,4.26,0.426
69,6,0,20,50.4,2.52
69,6,1,12,26.79,2.2325
69,6,2,18,37.06,2.058888888888889
69,6,3,14,26.48,1.8914285714285715
69,6,4,3,2.41,0.8033333333333333
69,9,0,14,15.41,1.1007142857142858
69,9,1,11,7.38,0.6709090909090909
69,9,2,6,3.94,0.6566666666666666
69,9,3,14,4.03,0.28785714285714287
69,9,4,3,0.62,0.20666666666666667
69,10,0,15,23.02,1.5346666666666666
69,10,1,13,18.72,1.44
69,10,2,13,18.58,1.429230769230769
69,10,3,1,1.35,1.35
69,10,4,9,11.28,1.2533333333333332
69,12,0,14,10.03,0.7164285714285714
69,12,1,15,10.07,0.6713333333333333
69,12,2,14,2.74,0.19571428571428573
69,12,3,6,0.56,0.09333333333333334
69,12,4,19,1.39,0.0731578947368421
69,13,0,9,53.19,5.91
69,13,1,1,5.37,5.37
69,13,2,10,32.03,3.2030000000000003
69,13,3,11,32.54,2.958181818181818
69,13,4,18,24.48,1.36
69,14,0,9,44.32,4.924444444444444
69,14,1,17,81.11,4.771176470588236
69,14,2,6,21.54,3.59
69,14,3,7,4.82,0.6885714285714286
69,14,4,7,1.64,0.23428571428571426
69,16,0,12,16.24,1.3533333333333333
69,16,1,13,6.73,0.5176923076923077
69,16,2,8,2.64,0.33
69,16,3,13,3.84,0.29538461538461536
69,16,4,5,1.11,0.22200000000000003
69,17,0,16,49.97,3.123125
69,17,1,15,41.19,2.746
69,17,2,16,42.58,2.66125
69,17,3,10,11.94,1.194
69,17,4,8,4.38,0.5475
69,18,0,4,9.14,2.285
69,18,1,15,32.23,2.1486666666666663
69,18,2,2,4.08,2.04
69,18,3,18,12.97,0.7205555555555556
69,18,4,6,2.0,0.3333333333333333
69,20,0,17,57.13,3.360588235294118
69,20,1,5,12.96,2.592
69,20,2,10,12.68,1.268
69,20,3,19,14.6,0.7684210526315789
69,20,4,11,5.0,0.45454545454545453
69,23,0,20,94.69,4.7345
69,23,1,1,1.56,1.56
69,23,2,13,16.06,1.2353846153846153
69,23,3,13,14.37,1.1053846153846154
69,23,4,20,5.67,0.2835
69,27,0,2,5.74,2.87
69,27,1,8,19.98,2.4975
69,27,2,20,31.91,1.5955
69,27,3,18,21.55,1.1972222222222222
69,27,4,2,1.66,0.83
69,31,0,4,12.32,3.08
69,31,1,20,37.91,1.8954999999999997
69,31,2,17,21.61,1.2711764705882354
69,31,3,18,20.7,1.15
69,31,4,6,1.96,0.32666666666666666
69,32,0,19,101.37,5.335263157894737
69,32,1,13,55.45,4.265384615384615
69,32,2,1,3.63,3.63
69,32,3,5,12.84,2.568
69,32,4,5,7.94,1.588
69,34,0,14,60.64,4.331428571428572
69,34,1,1,4.02,4.02
69,34,2,5,12.46,2.492
69,34,3,14,34.77,2.483571428571429
69,34,4,1,1.66,1.66
69,35,0,12,20.54,1.7116666666666667
69,35,1,4,5.75,1.4375
69,35,2,10,11.65,1.165
69,35,3,6,6.61,1.1016666666666668
69,35,4,9,6.67,0.741111111111111
69,40,0,5,13.07,2.614
69,40,1,2,4.79,2.395
69,40,2,9,19.11,2.123333333333333
69,40,3,6,7.67,1.2783333333333333
69,40,4,19,8.47,0.44578947368421057
69,43,0,11,60.96,5.541818181818182
69,43,1,11,58.01,5.2736363636363635
69,43,2,8,33.69,4.21125
69,43,3,4,14.77,3.6925
69,43,4,13,42.93,3.3023076923076924
69,45,0,8,19.37,2.42125
69,45,1,20,44.59,2.2295000000000003
69,45,2,7,13.16,1.8800000000000001
69,45,3,8,9.29,1.16125
69,45,4,19,9.72,0.5115789473684211
69,47,0,4,5.54,1.385
69,47,1,14,19.33,1.3807142857142856
69,47,2,14,18.49,1.3207142857142855
69,47,3,11,3.76,0.3418181818181818
69,47,4,18,2.02,0.11222222222222222
69,48,0,11,32.31,2.9372727272727275
69,48,1,18,34.06,1.8922222222222222
69,48,2,6,10.04,1.6733333333333331
69,48,3,11,15.2,1.3818181818181818
69,48,4,4,2.19,0.5475
69,49,0,1,1.75,1.75
69,49,1,1,0.95,0.95
69,49,2,7,2.58,0.3685714285714286
69,49,3,6,1.27,0.21166666666666667
69,49,4,16,2.08,0.13
69,52,0,19,32.93,1.733157894736842
69,52,1,2,3.4,1.7
69,52,2,12,20.16,1.68
69,52,3,15,14.09,0.9393333333333334
69,52,4,18,1.82,0.10111111111111111
69,55,0,16,58.03,3.626875
69,55,1,8,28.64,3.58
69,55,2,10,35.47,3.5469999999999997
69,55,3,19,16.73,0.8805263157894737
69,55,4,10,4.06,0.40599999999999997
69,56,0,1,1.56,1.56
69,56,1,15,16.26,1.084
69,56,2,3,3.19,1.0633333333333332
69,56,3,16,13.25,0.828125
69,56,4,20,9.27,0.46349999999999997
69,59,0,5,21.75,4.35
69,59,1,10,38.18,3.818
69,59,2,9,14.15,1.5722222222222222
69,59,3,11,11.59,1.0536363636363637
69,59,4,10,8.56,0.8560000000000001
69,60,0,10,3.05,0.305
69,60,1,10,3.04,0.304
69,60,2,17,3.08,0.1811764705882353
69,60,3,14,2.12,0.15142857142857144
69,60,4,11,0.54,0.049090909090909095
69,62,0,1,1.6,1.6
69,62,1,15,23.27,1.5513333333333332
69,62,2,1,1.15,1.15
69,62,3,17,14.33,0.8429411764705882
69,62,4,10,5.37,0.537
69,64,0,2,6.85,3.425
69,64,1,13,40.32,3.1015384615384614
69,64,2,5,11.81,2.362
69,64,3,8,8.66,1.0825
69,64,4,10,10.2,1.02
69,66,0,16,42.09,2.630625
69,66,1,8,20.19,2.52375
69,66,2,7,14.84,2.12
69,66,3,14,28.52,2.037142857142857
69,66,4,1,1.83,1.83
69,67,0,20,68.08,3.404
69,67,1,19,56.72,2.9852631578947366
69,67,2,13,24.92,1.916923076923077
69,67,3,3,3.07,1.0233333333333332
69,67,4,7,4.68,0.6685714285714285
69,70,0,14,64.58,4.612857142857143
69,70,1,3,12.42,4.14
69,70,2,8,24.55,3.06875
69,70,3,10,29.89,2.989
69,70,4,7,5.55,0.7928571428571428
69,71,0,2,13.87,6.935
69,71,1,1,3.79,3.79
69,71,2,2,5.12,2.56
69,71,3,1,1.33,1.33
69,71,4,11,13.09,1.19
69,73,0,1,5.79,5.79
69,73,1,6,14.73,2.455
69,73,2,13,23.05,1.7730769230769232
69,73,3,18,28.93,1.607222222222222
69,73,4,16,16.74,1.04625
69,79,0,10,100.78,10.078
69,79,1,20,104.62,5.231
69,79,2,4,20.28,5.07
69,79,3,3,14.66,4.886666666666667
69,79,4,15,30.52,2.034666666666667
69,82,0,1,7.25,7.25
69,82,1,10,57.92,5.792
69,82,2,12,49.6,4.133333333333334
69,82,3,19,40.68,2.1410526315789475
69,82,4,6,11.26,1.8766666666666667
69,83,0,15,37.57,2.5046666666666666
69,83,1,6,10.32,1.72
69,83,2,18,28.8,1.6
69,83,3,18,12.55,0.6972222222222223
69,83,4,1,0.55,0.55
69,86,0,20,120.5,6.025
69,86,1,13,59.69,4.591538461538462
69,86,2,3,4.35,1.45
69,86,3,7,8.05,1.1500000000000001
69,86,4,18,20.68,1.1488888888888888
69,88,0,8,30.3,3.7875
69,88,1,12,45.3,3.775
69,88,2,12,40.08,3.34
69,88,3,3,2.46,0.82
69,88,4,13,2.76,0.21230769230769228
69,89,0,17,146.99,8.646470588235294
69,89,1,4,29.9,7.475
69,89,2,1,7.04,7.04
69,89,3,4,18.99,4.7475
69,89,4,13,18.05,1.3884615384615384
69,90,0,11,57.7,5.245454545454546
69,90,1,10,46.77,4.6770000000000005
69,90,2,12,56.06,4.671666666666667
69,90,3,5,5.04,1.008
69,90,4,13,5.05,0.38846153846153847
69,93,0,17,88.74,5.22
69,93,1,12,56.46,4.705
69,93,2,6,11.98,1.9966666666666668
69,93,3,13,20.14,1.5492307692307692
69,93,4,7,7.11,1.0157142857142858
69,94,0,19,34.64,1.823157894736842
69,94,1,19,20.32,1.0694736842105264
69,94,2,3,3.18,1.06
69,94,3,3,1.71,0.57
69,94,4,6,0.95,0.15833333333333333
69,95,0,6,30.98,5.163333333333333
69,95,1,16,74.89,4.680625
69,95,2,8,34.14,4.2675
69,95,3,13,33.52,2.578461538461539
69,95,4,17,42.33,2.4899999999999998
69,97,0,3,7.09,2.3633333333333333
69,97,1,3,6.02,2.0066666666666664
69,97,2,17,28.44,1.6729411764705884
69,97,3,12,7.89,0.6575
69,97,4,13,7.88,0.6061538461538462
69,99,0,11,35.56,3.232727272727273
69,99,1,9,27.72,3.08
69,99,2,9,23.46,2.606666666666667
69,99,3,20,25.83,1.2914999999999999
69,99,4,7,6.06,0.8657142857142857
70,0,0,7,11.65,1.6642857142857144
70,0,1,14,8.73,0.6235714285714286
70,0,2,16,8.15,0.509375
70,0,3,16,7.21,0.450625
70,0,4,19,2.32,0.12210526315789473
70,1,0,2,1.86,0.93
70,1,1,20,7.63,0.3815
70,1,2,4,1.47,0.3675
70,1,3,19,5.15,0.2710526315789474
70,1,4,4,0.6,0.15
70,3,0,9,1.69,0.18777777777777777
70,3,1,19,3.54,0.1863157894736842
70,3,2,1,0.11,0.11
70,3,3,15,1.16,0.07733333333333332
70,3,4,1,0.04,0.04
70,6,0,9,60.88,6.764444444444445
70,6,1,11,55.18,5.016363636363637
70,6,2,3,9.16,3.0533333333333332
70,6,3,11,24.52,2.229090909090909
70,6,4,2,0.8,0.4
70,9,0,17,73.49,4.322941176470588
70,9,1,16,66.31,4.144375
70,9,2,19,65.47,3.4457894736842105
70,9,3,10,28.45,2.8449999999999998
70,9,4,3,5.32,1.7733333333333334
70,10,0,17,106.93,6.29
70,10,1,13,65.24,5.018461538461538
70,10,2,2,6.06,3.03
70,10,3,2,3.44,1.72
70,10,4,18,5.79,0.32166666666666666
70,12,0,13,40.8,3.1384615384615384
70,12,1,7,20.72,2.96
70,12,2,11,24.99,2.2718181818181815
70,12,3,12,24.19,2.0158333333333336
70,12,4,20,37.82,1.891
70,13,0,9,9.45,1.0499999999999998
70,13,1,13,11.11,0.8546153846153846
70,13,2,15,7.37,0.49133333333333334
70,13,3,15,6.62,0.44133333333333336
70,13,4,20,4.08,0.20400000000000001
70,14,0,13,4.79,0.36846153846153845
70,14,1,9,2.75,0.3055555555555556
70,14,2,12,2.75,0.22916666666666666
70,14,3,8,1.51,0.18875
70,14,4,13,1.35,0.10384615384615385
70,16,0,9,17.07,1.8966666666666667
70,16,1,6,9.92,1.6533333333333333
70,16,2,4,5.15,1.2875
70,16,3,15,14.52,0.968
70,16,4,20,9.45,0.4725
70,17,0,8,13.84,1.73
70,17,1,11,15.93,1.4481818181818182
70,17,2,5,4.68,0.9359999999999999
70,17,3,6,3.26,0.5433333333333333
70,17,4,5,1.26,0.252
70,18,0,2,3.2,1.6
70,18,1,1,1.39,1.39
70,18,2,7,6.56,0.937142857142857
70,18,3,20,8.65,0.4325
70,18,4,9,1.73,0.1922222222222222
70,20,0,8,21.32,2.665
70,20,1,20,48.29,2.4145
70,20,2,7,16.16,2.3085714285714287
70,20,3,6,12.19,2.0316666666666667
70,20,4,13,14.93,1.1484615384615384
70,23,0,14,105.86,7.561428571428571
70,23,1,12,89.31,7.4425
70,23,2,5,24.41,4.882
70,23,3,3,10.64,3.546666666666667
70,23,4,6,8.88,1.4800000000000002
70,27,0,4,25.44,6.36
70,27,1,3,16.71,5.57
70,27,2,7,37.23,5.3185714285714285
70,27,3,8,34.89,4.36125
70,27,4,1,1.69,1.69
70,31,0,5,6.34,1.268
70,31,1,3,3.1,1.0333333333333334
70,31,2,18,14.07,0.7816666666666667
70,31,3,10,6.79,0.679
70,31,4,4,1.1,0.275
70,32,0,6,21.63,3.605
70,32,1,18,31.25,1.7361111111111112
70,32,2,12,18.55,1.5458333333333334
70,32,3,9,11.34,1.26
70,32,4,15,17.54,1.1693333333333333
70,34,0,17,24.4,1.4352941176470588
70,34,1,5,7.16,1.432
70,34,2,8,4.83,0.60375
70,34,3,12,6.78,0.5650000000000001
70,34,4,1,0.21,0.21
70,35,0,18,53.77,2.9872222222222224
70,35,1,14,33.47,2.3907142857142856
70,35,2,5,11.7,2.34
70,35,3,15,35.07,2.338
70,35,4,16,34.96,2.185
70,40,0,18,32.93,1.8294444444444444
70,40,1,18,28.3,1.5722222222222222
70,40,2,7,7.37,1.052857142857143
70,40,3,4,3.39,0.8475
70,40,4,2,1.12,0.56
70,43,0,1,0.76,0.76
70,43,1,7,4.88,0.6971428571428572
70,43,2,15,9.52,0.6346666666666666
70,43,3,9,5.43,0.6033333333333333
70,43,4,9,2.9,0.3222222222222222
70,45,0,19,44.73,2.3542105263157893
70,45,1,20,30.68,1.534
70,45,2,2,1.89,0.945
70,45,3,6,3.59,0.5983333333333333
70,45,4,1,0.13,0.13
70,47,0,14,40.99,2.927857142857143
70,47,1,18,32.88,1.8266666666666669
70,47,2,9,11.81,1.3122222222222222
70,47,3,16,12.86,0.80375
70,47,4,8,2.83,0.35375
70,48,0,14,66.42,4.744285714285715
70,48,1,8,35.37,4.42125
70,48,2,9,22.9,2.5444444444444443
70,48,3,8,14.03,1.75375
70,48,4,6,3.49,0.5816666666666667
70,49,0,17,44.32,2.6070588235294117
70,49,1,7,14.86,2.1228571428571428
70,49,2,18,37.76,2.0977777777777775
70,49,3,10,17.56,1.7559999999999998
70,49,4,5,0.94,0.188
70,52,0,6,22.93,3.8216666666666668
70,52,1,13,25.63,1.9715384615384615
70,52,2,5,6.35,1.27
70,52,3,12,4.58,0.38166666666666665
70,52,4,14,3.16,0.22571428571428573
70,55,0,8,26.52,3.315
70,55,1,17,56.27,3.31
70,55,2,16,41.76,2.61
70,55,3,11,25.1,2.2818181818181817
70,55,4,2,1.17,0.585
70,56,0,13,51.38,3.9523076923076923
70,56,1,20,74.01,3.7005000000000003
70,56,2,16,51.8,3.2375
70,56,3,9,20.2,2.2444444444444445
70,56,4,10,9.08,0.908
70,59,0,1,3.39,3.39
70,59,1,2,4.06,2.03
70,59,2,13,25.27,1.9438461538461538
70,59,3,2,2.13,1.065
70,59,4,8,5.4,0.675
70,60,0,19,81.01,4.263684210526316
70,60,1,14,28.47,2.0335714285714284
70,60,2,20,34.47,1.7235
70,60,3,13,20.83,1.6023076923076922
70,60,4,12,5.09,0.42416666666666664
70,62,0,20,40.31,2.0155000000000003
70,62,1,5,2.89,0.5780000000000001
70,62,2,6,2.05,0.3416666666666666
70,62,3,13,2.18,0.1676923076923077
70,62,4,12,1.94,0.16166666666666665
70,64,0,14,5.75,0.4107142857142857
70,64,1,12,4.29,0.3575
70,64,2,14,3.21,0.2292857142857143
70,64,3,15,2.25,0.15
70,64,4,13,1.47,0.11307692307692307
70,66,0,14,86.84,6.202857142857143
70,66,1,14,59.41,4.243571428571428
70,66,2,2,6.54,3.27
70,66,3,12,36.39,3.0325
70,66,4,19,31.84,1.6757894736842105
70,67,0,15,81.05,5.403333333333333
70,67,1,18,91.51,5.08388888888889
70,67,2,5,24.73,4.946
70,67,3,12,29.59,2.4658333333333333
70,67,4,16,35.91,2.244375
70,69,0,18,75.06,4.17
70,69,1,14,53.68,3.834285714285714
70,69,2,19,39.49,2.078421052631579
70,69,3,7,9.57,1.3671428571428572
70,69,4,4,1.01,0.2525
70,71,0,11,113.41,10.31
70,71,1,18,174.4,9.68888888888889
70,71,2,13,125.59,9.660769230769231
70,71,3,1,9.51,9.51
70,71,4,12,12.72,1.06
70,73,0,14,123.49,8.820714285714285
70,73,1,7,27.26,3.8942857142857146
70,73,2,5,14.41,2.882
70,73,3,9,25.31,2.812222222222222
70,73,4,7,6.72,0.96
70,79,0,5,59.18,11.836
70,79,1,8,88.89,11.11125
70,79,2,19,184.1,9.689473684210526
70,79,3,8,42.24,5.28
70,79,4,5,25.15,5.029999999999999
70,82,0,18,120.16,6.6755555555555555
70,82,1,4,11.83,2.9575
70,82,2,16,46.58,2.91125
70,82,3,18,29.42,1.6344444444444446
70,82,4,4,3.23,0.8075
70,83,0,18,123.23,6.846111111111111
70,83,1,16,97.85,6.115625
70,83,2,9,25.56,2.84
70,83,3,3,5.73,1.9100000000000001
70,83,4,1,1.44,1.44
70,86,0,10,116.98,11.698
70,86,1,11,86.35,7.85
70,86,2,7,38.61,5.515714285714286
70,86,3,6,25.19,4.198333333333333
70,86,4,11,32.66,2.969090909090909
70,88,0,2,5.86,2.93
70,88,1,4,10.66,2.665
70,88,2,1,2.03,2.03
70,88,3,7,12.56,1.7942857142857143
70,88,4,19,10.03,0.5278947368421052
70,89,0,20,195.35,9.7675
70,89,1,14,90.22,6.444285714285714
70,89,2,12,70.22,5.851666666666667
70,89,3,2,11.44,5.72
70,89,4,8,26.58,3.3225
70,90,0,20,20.16,1.008
70,90,1,18,12.33,0.685
70,90,2,17,11.55,0.6794117647058824
70,90,3,17,11.52,0.6776470588235294
70,90,4,20,5.9,0.29500000000000004
70,93,0,2,15.4,7.7
70,93,1,20,110.55,5.5275
70,93,2,14,71.8,5.128571428571428
70,93,3,20,59.28,2.964
70,93,4,16,24.98,1.56125
70,94,0,1,3.96,3.96
70,94,1,17,52.26,3.0741176470588236
70,94,2,14,42.53,3.037857142857143
70,94,3,17,26.96,1.5858823529411765
70,94,4,17,13.78,0.8105882352941176
70,95,0,7,6.84,0.9771428571428571
70,95,1,6,5.63,0.9383333333333334
70,95,2,14,11.3,0.8071428571428572
70,95,3,11,4.46,0.40545454545454546
70,95,4,15,2.01,0.13399999999999998
70,97,0,2,8.0,4.0
70,97,1,3,10.66,3.5533333333333332
70,97,2,14,43.6,3.1142857142857143
70,97,3,1,2.89,2.89
70,97,4,17,8.34,0.49058823529411766
70,99,0,8,12.08,1.51
70,99,1,13,12.66,0.9738461538461538
70,99,2,10,9.49,0.9490000000000001
70,99,3,15,12.82,0.8546666666666667
70,99,4,17,8.75,0.5147058823529411
71,0,0,14,93.78,6.698571428571428
71,0,1,4,21.0,5.25
71,0,2,6,22.3,3.716666666666667
71,0,3,8,20.32,2.54
71,0,4,19,32.55,1.713157894736842
71,1,0,2,11.49,5.745
71,1,1,11,52.91,4.81
71,1,2,5,23.83,4.766
71,1,3,9,27.37,3.0411111111111113
71,1,4,14,32.05,2.289285714285714
71,3,0,3,22.91,7.636666666666667
71,3,1,8,59.43,7.42875
71,3,2,12,84.68,7.0566666666666675
71,3,3,2,13.09,6.545
71,3,4,18,25.57,1.4205555555555556
71,6,0,19,79.66,4.192631578947368
71,6,1,4,12.81,3.2025
71,6,2,7,13.37,1.91
71,6,3,13,20.55,1.580769230769231
71,6,4,12,17.17,1.4308333333333334
71,9,0,5,30.79,6.1579999999999995
71,9,1,13,58.65,4.5115384615384615
71,9,2,3,10.24,3.4133333333333336
71,9,3,2,6.14,3.07
71,9,4,5,3.14,0.628
71,10,0,9,48.5,5.388888888888889
71,10,1,17,75.27,4.4276470588235295
71,10,2,8,10.73,1.34125
71,10,3,10,11.28,1.128
71,10,4,13,7.12,0.5476923076923077
71,12,0,20,108.51,5.4255
71,12,1,8,41.9,5.2375
71,12,2,13,49.45,3.803846153846154
71,12,3,20,74.34,3.717
71,12,4,16,14.19,0.886875
71,13,0,15,158.18,10.545333333333334
71,13,1,16,168.43,10.526875
71,13,2,6,59.6,9.933333333333334
71,13,3,6,56.59,9.431666666666667
71,13,4,20,58.29,2.9145
71,14,0,11,108.76,9.887272727272729
71,14,1,5,47.34,9.468
71,14,2,16,109.85,6.865625
71,14,3,15,41.44,2.7626666666666666
71,14,4,1,1.66,1.66
71,16,0,16,147.2,9.2
71,16,1,6,40.71,6.785
71,16,2,18,93.98,5.221111111111111
71,16,3,18,88.82,4.934444444444444
71,16,4,13,63.01,4.846923076923077
71,17,0,10,47.88,4.788
71,17,1,12,51.16,4.263333333333333
71,17,2,19,69.16,3.6399999999999997
71,17,3,10,18.95,1.895
71,17,4,16,7.96,0.4975
71,18,0,17,103.0,6.0588235294117645
71,18,1,2,6.03,3.015
71,18,2,20,47.45,2.3725
71,18,3,10,15.77,1.577
71,18,4,2,0.76,0.38
71,20,0,11,74.87,6.806363636363637
71,20,1,4,25.02,6.255
71,20,2,19,115.26,6.066315789473684
71,20,3,4,9.26,2.315
71,20,4,7,15.12,2.1599999999999997
71,23,0,19,43.43,2.2857894736842104
71,23,1,5,10.69,2.138
71,23,2,14,12.61,0.9007142857142857
71,23,3,11,9.71,0.8827272727272728
71,23,4,20,4.3,0.215
71,27,0,18,50.71,2.817222222222222
71,27,1,18,30.49,1.6938888888888888
71,27,2,7,9.76,1.3942857142857144
71,27,3,13,17.02,1.3092307692307692
71,27,4,17,6.25,0.36764705882352944
71,31,0,16,120.48,7.53
71,31,1,10,75.07,7.507
71,31,2,9,43.94,4.882222222222222
71,31,3,5,3.98,0.796
71,31,4,3,1.6,0.5333333333333333
71,32,0,12,65.07,5.422499999999999
71,32,1,14,72.8,5.2
71,32,2,15,46.68,3.112
71,32,3,18,28.69,1.593888888888889
71,32,4,9,7.11,0.79
71,34,0,14,118.6,8.471428571428572
71,34,1,17,132.22,7.777647058823529
71,34,2,1,7.43,7.43
71,34,3,20,58.3,2.915
71,34,4,18,6.89,0.3827777777777778
71,35,0,3,18.15,6.05
71,35,1,18,86.76,4.82
71,35,2,2,5.42,2.71
71,35,3,18,34.52,1.917777777777778
71,35,4,14,6.25,0.44642857142857145
71,40,0,13,76.97,5.92076923076923
71,40,1,3,12.41,4.136666666666667
71,40,2,14,40.73,2.9092857142857143
71,40,3,14,33.11,2.3649999999999998
71,40,4,12,9.79,0.8158333333333333
71,43,0,15,131.2,8.746666666666666
71,43,1,14,107.29,7.663571428571429
71,43,2,11,77.26,7.023636363636364
71,43,3,13,52.79,4.060769230769231
71,43,4,10,22.77,2.277
71,45,0,12,88.96,7.413333333333333
71,45,1,2,13.97,6.985
71,45,2,10,68.69,6.869
71,45,3,18,60.42,3.356666666666667
71,45,4,19,8.15,0.42894736842105263
71,47,0,20,92.16,4.608
71,47,1,5,14.16,2.832
71,47,2,1,2.58,2.58
71,47,3,3,7.34,2.4466666666666668
71,47,4,12,9.39,0.7825000000000001
71,48,0,20,103.98,5.199
71,48,1,10,43.55,4.3549999999999995
71,48,2,4,15.73,3.9325
71,48,3,15,46.2,3.08
71,48,4,4,7.74,1.935
71,49,0,19,147.71,7.77421052631579
71,49,1,12,88.58,7.381666666666667
71,49,2,14,51.11,3.650714285714286
71,49,3,8,25.32,3.165
71,49,4,13,33.44,2.572307692307692
71,52,0,19,98.4,5.178947368421053
71,52,1,9,43.97,4.885555555555555
71,52,2,20,96.14,4.807
71,52,3,16,52.23,3.264375
71,52,4,9,4.5,0.5
71,55,0,19,116.44,6.1284210526315785
71,55,1,12,63.06,5.255
71,55,2,17,53.44,3.143529411764706
71,55,3,11,15.27,1.3881818181818182
71,55,4,12,12.76,1.0633333333333332
71,56,0,12,59.54,4.961666666666667
71,56,1,14,68.48,4.8914285714285715
71,56,2,4,15.89,3.9725
71,56,3,15,57.49,3.832666666666667
71,56,4,2,7.2,3.6
71,59,0,8,42.31,5.28875
71,59,1,5,23.9,4.779999999999999
71,59,2,12,48.47,4.039166666666667
71,59,3,18,71.13,3.951666666666666
71,59,4,3,10.14,3.3800000000000003
71,60,0,3,19.95,6.6499999999999995
71,60,1,15,85.01,5.667333333333334
71,60,2,19,43.03,2.2647368421052634
71,60,3,15,27.42,1.828
71,60,4,13,7.95,0.6115384615384616
71,62,0,20,85.21,4.2604999999999995
71,62,1,9,37.24,4.137777777777778
71,62,2,7,24.03,3.432857142857143
71,62,3,12,34.4,2.8666666666666667
71,62,4,19,48.86,2.571578947368421
71,64,0,10,100.76,10.076
71,64,1,10,84.81,8.481
71,64,2,8,43.45,5.43125
71,64,3,6,30.81,5.135
71,64,4,8,22.97,2.87125
71,66,0,12,41.79,3.4825
71,66,1,14,46.62,3.3299999999999996
71,66,2,15,48.68,3.2453333333333334
71,66,3,9,9.6,1.0666666666666667
71,66,4,3,0.79,0.26333333333333336
71,67,0,9,45.13,5.014444444444445
71,67,1,15,68.52,4.568
71,67,2,19,83.83,4.412105263157895
71,67,3,1,3.76,3.76
71,67,4,8,21.94,2.7425
71,69,0,14,100.98,7.2128571428571435
71,69,1,10,71.83,7.183
71,69,2,2,4.16,2.08
71,69,3,19,30.25,1.5921052631578947
71,69,4,12,3.86,0.32166666666666666
71,70,0,1,7.97,7.97
71,70,1,14,107.89,7.706428571428572
71,70,2,18,115.25,6.402777777777778
71,70,3,20,52.22,2.6109999999999998
71,70,4,12,18.21,1.5175
71,73,0,19,79.09,4.1626315789473685
71,73,1,15,62.37,4.1579999999999995
71,73,2,17,56.55,3.326470588235294
71,73,3,19,41.45,2.181578947368421
71,73,4,20,18.81,0.9404999999999999
71,79,0,17,47.28,2.7811764705882354
71,79,1,5,9.23,1.846
71,79,2,18,23.9,1.3277777777777777
71,79,3,15,9.86,0.6573333333333333
71,79,4,2,1.09,0.545
71,82,0,8,17.69,2.21125
71,82,1,6,10.74,1.79
71,82,2,16,9.66,0.60375
71,82,3,8,3.64,0.455
71,82,4,2,0.36,0.18
71,83,0,12,50.08,4.173333333333333
71,83,1,17,62.77,3.6923529411764706
71,83,2,15,19.18,1.2786666666666666
71,83,3,1,0.9,0.9
71,83,4,2,0.53,0.265
71,86,0,1,4.89,4.89
71,86,1,20,88.51,4.4255
71,86,2,6,14.6,2.433333333333333
71,86,3,6,12.8,2.1333333333333333
71,86,4,2,1.69,0.845
71,88,0,19,119.74,6.302105263157895
71,88,1,7,44.03,6.29
71,88,2,8,37.01,4.62625
71,88,3,14,52.12,3.722857142857143
71,88,4,16,18.24,1.14
71,89,0,1,2.27,2.27
71,89,1,20,37.14,1.857
71,89,2,8,12.78,1.5975
71,89,3,18,22.67,1.2594444444444446
71,89,4,12,3.23,0.26916666666666667
71,90,0,18,160.36,8.908888888888889
71,90,1,16,74.24,4.64
71,90,2,18,75.16,4.1755555555555555
71,90,3,7,22.4,3.1999999999999997
71,90,4,1,3.04,3.04
71,93,0,10,4.08,0.40800000000000003
71,93,1,13,5.13,0.3946153846153846
71,93,2,1,0.31,0.31
71,93,3,11,3.16,0.2872727272727273
71,93,4,1,0.28,0.28
71,94,0,15,52.16,3.477333333333333
71,94,1,3,9.25,3.0833333333333335
71,94,2,20,58.05,2.9025
71,94,3,2,2.7,1.35
71,94,4,17,15.01,0.8829411764705882
71,95,0,15,113.51,7.567333333333334
71,95,1,8,59.54,7.4425
71,95,2,9,32.97,3.663333333333333
71,95,3,5,15.64,3.128
71,95,4,10,6.79,0.679
71,97,0,13,126.59,9.737692307692308
71,97,1,1,4.67,4.67
71,97,2,6,13.92,2.32
71,97,3,2,4.45,2.225
71,97,4,15,17.01,1.1340000000000001
71,99,0,12,105.63,8.8025
71,99,1,4,35.11,8.7775
71,99,2,1,8.29,8.29
71,99,3,9,38.62,4.29111111111111
71,99,4,13,30.02,2.309230769230769
73,0,0,4,37.8,9.45
73,0,1,13,102.37,7.874615384615385
73,0,2,20,85.87,4.2935
73,0,3,10,40.97,4.0969999999999995
73,0,4,19,52.67,2.772105263157895
73,1,0,3,35.57,11.856666666666667
73,1,1,5,55.14,11.028
73,1,2,11,116.46,10.587272727272726
73,1,3,9,40.88,4.542222222222223
73,1,4,13,28.8,2.2153846153846155
73,3,0,13,134.61,10.354615384615386
73,3,1,15,120.02,8.001333333333333
73,3,2,15,117.29,7.819333333333334
73,3,3,17,100.47,5.91
73,3,4,12,24.37,2.0308333333333333
73,6,0,9,76.26,8.473333333333334
73,6,1,2,16.19,8.095
73,6,2,15,53.33,3.555333333333333
73,6,3,2,4.07,2.035
73,6,4,6,10.84,1.8066666666666666
73,9,0,14,103.33,7.380714285714285
73,9,1,18,126.85,7.047222222222222
73,9,2,2,10.11,5.055
73,9,3,12,59.48,4.956666666666666
73,9,4,20,19.6,0.9800000000000001
73,10,0,20,125.22,6.261
73,10,1,18,83.95,4.663888888888889
73,10,2,10,32.48,3.2479999999999998
73,10,3,7,17.37,2.4814285714285718
73,10,4,9,6.16,0.6844444444444444
73,12,0,5,34.37,6.874
73,12,1,16,81.43,5.089375
73,12,2,1,3.33,3.33
73,12,3,5,16.36,3.272
73,12,4,10,30.0,3.0
73,13,0,10,122.2,12.22
73,13,1,11,112.39,10.217272727272727
73,13,2,7,61.69,8.812857142857142
73,13,3,16,98.1,6.13125
73,13,4,4,10.81,2.7025
73,14,0,9,53.36,5.928888888888888
73,14,1,4,22.29,5.5725
73,14,2,17,52.7,3.1
73,14,3,13,23.14,1.78
73,14,4,14,20.39,1.4564285714285714
73,16,0,2,24.1,12.05
73,16,1,1,11.39,11.39
73,16,2,18,172.34,9.574444444444445
73,16,3,18,82.05,4.558333333333334
73,16,4,18,46.99,2.6105555555555555
73,17,0,9,95.7,10.633333333333333
73,17,1,5,49.9,9.98
73,17,2,15,127.84,8.522666666666668
73,17,3,15,119.43,7.962000000000001
73,17,4,3,9.5,3.1666666666666665
73,18,0,8,88.24,11.03
73,18,1,20,199.98,9.998999999999999
73,18,2,6,50.59,8.431666666666667
73,18,3,10,52.39,5.239
73,18,4,2,10.04,5.02
73,20,0,2,16.95,8.475
73,20,1,14,85.02,6.072857142857143
73,20,2,18,106.29,5.905
73,20,3,10,36.8,3.6799999999999997
73,20,4,7,22.53,3.218571428571429
73,23,0,4,14.69,3.6725
73,23,1,13,45.77,3.520769230769231
73,23,2,17,59.47,3.498235294117647
73,23,3,8,18.41,2.30125
73,23,4,20,27.96,1.3980000000000001
73,27,0,9,66.06,7.34
73,27,1,13,94.46,7.266153846153846
73,27,2,3,16.32,5.44
73,27,3,10,38.04,3.804
73,27,4,14,33.45,2.3892857142857147
73,31,0,17,135.08,7.945882352941177
73,31,1,14,64.08,4.577142857142857
73,31,2,12,31.84,2.6533333333333333
73,31,3,7,11.11,1.587142857142857
73,31,4,3,4.08,1.36
73,32,0,10,70.4,7.040000000000001
73,32,1,8,46.1,5.7625
73,32,2,10,43.64,4.364
73,32,3,18,69.43,3.8572222222222226
73,32,4,4,4.04,1.01
73,34,0,2,19.69,9.845
73,34,1,13,119.61,9.20076923076923
73,34,2,8,73.36,9.17
73,34,3,11,94.21,8.564545454545454
73,34,4,13,69.44,5.341538461538462
73,35,0,6,39.42,6.57
73,35,1,16,89.26,5.57875
73,35,2,10,33.26,3.3259999999999996
73,35,3,8,9.2,1.15
73,35,4,15,12.7,0.8466666666666666
73,40,0,7,76.04,10.862857142857143
73,40,1,18,189.65,10.536111111111111
73,40,2,16,116.16,7.26
73,40,3,10,43.81,4.381
73,40,4,15,14.76,0.984
73,43,0,9,87.05,9.672222222222222
73,43,1,16,129.21,8.075625
73,43,2,12,80.48,6.706666666666667
73,43,3,14,42.37,3.0264285714285712
73,43,4,14,32.34,2.31
73,45,0,13,103.55,7.9653846153846155
73,45,1,17,85.44,5.025882352941176
73,45,2,8,31.06,3.8825
73,45,3,7,26.02,3.717142857142857
73,45,4,11,11.57,1.0518181818181818
73,47,0,17,183.28,10.781176470588235
73,47,1,15,118.23,7.882000000000001
73,47,2,13,72.84,5.603076923076923
73,47,3,8,39.0,4.875
73,47,4,19,81.35,4.281578947368421
73,48,0,11,69.76,6.341818181818183
73,48,1,6,35.73,5.954999999999999
73,48,2,16,68.89,4.305625
73,48,3,1,1.28,1.28
73,48,4,15,13.37,0.8913333333333333
73,49,0,13,133.99,10.306923076923077
73,49,1,4,39.37,9.8425
73,49,2,15,145.99,9.732666666666667
73,49,3,8,71.27,8.90875
73,49,4,18,84.41,4.689444444444444
73,52,0,8,62.05,7.75625
73,52,1,2,13.12,6.56
73,52,2,19,99.02,5.21157894736842
73,52,3,5,22.15,4.43
73,52,4,3,6.35,2.1166666666666667
73,55,0,9,69.58,7.731111111111111
73,55,1,3,22.24,7.413333333333333
73,55,2,18,121.7,6.761111111111111
73,55,3,9,46.44,5.16
73,55,4,3,8.44,2.813333333333333
73,56,0,11,88.94,8.085454545454546
73,56,1,8,63.53,7.94125
73,56,2,5,30.42,6.0840000000000005
73,56,3,6,14.53,2.4216666666666664
73,56,4,18,11.15,0.6194444444444445
73,59,0,20,117.13,5.8565
73,59,1,1,4.8,4.8
73,59,2,15,56.07,3.738
73,59,3,2,6.57,3.285
73,59,4,7,2.45,0.35000000000000003
73,60,0,10,105.14,10.514
73,60,1,13,129.27,9.943846153846154
73,60,2,11,94.01,8.546363636363637
73,60,3,19,120.46,6.34
73,60,4,14,86.73,6.195
73,62,0,6,55.87,9.311666666666666
73,62,1,3,17.24,5.746666666666666
73,62,2,10,36.75,3.675
73,62,3,9,17.37,1.9300000000000002
73,62,4,15,27.76,1.8506666666666667
73,64,0,19,228.27,12.01421052631579
73,64,1,17,173.13,10.184117647058823
73,64,2,12,99.49,8.290833333333333
73,64,3,17,93.29,5.48764705882353
73,64,4,4,12.81,3.2025
73,66,0,12,81.99,6.8325
73,66,1,18,122.84,6.8244444444444445
73,66,2,4,20.46,5.115
73,66,3,19,84.41,4.442631578947368
73,66,4,11,3.47,0.3154545454545455
73,67,0,6,33.68,5.613333333333333
73,67,1,18,89.37,4.965
73,67,2,18,80.85,4.491666666666666
73,67,3,9,40.22,4.4688888888888885
73,67,4,7,2.93,0.4185714285714286
73,69,0,13,126.74,9.749230769230769
73,69,1,13,92.34,7.103076923076923
73,69,2,11,60.15,5.468181818181818
73,69,3,1,1.26,1.26
73,69,4,8,5.7,0.7125
73,70,0,3,31.46,10.486666666666666
73,70,1,2,12.94,6.47
73,70,2,11,68.3,6.209090909090909
73,70,3,11,64.71,5.882727272727272
73,70,4,3,2.71,0.9033333333333333
73,71,0,11,50.46,4.587272727272727
73,71,1,9,15.58,1.731111111111111
73,71,2,14,19.19,1.3707142857142858
73,71,3,2,2.7,1.35
73,71,4,19,15.07,0.7931578947368422
73,79,0,18,42.55,2.363888888888889
73,79,1,6,12.92,2.1533333333333333
73,79,2,15,26.53,1.7686666666666668
73,79,3,9,14.68,1.6311111111111112
73,79,4,8,7.16,0.895
73,82,0,2,4.18,2.09
73,82,1,7,10.18,1.4542857142857142
73,82,2,13,12.14,0.9338461538461539
73,82,3,14,12.51,0.8935714285714286
73,82,4,20,14.48,0.724
73,83,0,16,108.05,6.753125
73,83,1,20,106.81,5.3405000000000005
73,83,2,8,21.5,2.6875
73,83,3,5,11.18,2.2359999999999998
73,83,4,5,9.25,1.85
73,86,0,17,10.21,0.6005882352941176
73,86,1,9,5.32,0.5911111111111111
73,86,2,6,3.36,0.5599999999999999
73,86,3,9,3.63,0.4033333333333333
73,86,4,5,0.94,0.188
73,88,0,17,126.73,7.4547058823529415
73,88,1,20,122.84,6.142
73,88,2,16,73.65,4.603125
73,88,3,4,18.21,4.5525
73,88,4,13,55.96,4.304615384615385
73,89,0,12,11.05,0.9208333333333334
73,89,1,7,3.5,0.5
73,89,2,19,9.41,0.49526315789473685
73,89,3,9,2.87,0.3188888888888889
73,89,4,18,4.79,0.26611111111111113
73,90,0,2,18.31,9.155
73,90,1,13,94.02,7.232307692307692
73,90,2,17,106.6,6.270588235294118
73,90,3,2,9.85,4.925
73,90,4,18,40.39,2.243888888888889
73,93,0,20,73.74,3.687
73,93,1,4,12.19,3.0475
73,93,2,4,11.29,2.8225
73,93,3,9,13.74,1.5266666666666666
73,93,4,18,25.32,1.4066666666666667
73,94,0,8,59.98,7.4975
73,94,1,1,6.46,6.46
73,94,2,5,19.19,3.838
73,94,3,6,19.99,3.3316666666666666
73,94,4,3,7.95,2.65
73,95,0,7,78.71,11.244285714285713
73,95,1,4,35.72,8.93
73,95,2,7,60.81,8.687142857142858
73,95,3,19,98.31,5.17421052631579
73,95,4,10,51.14,5.114
73,97,0,1,12.09,12.09
73,97,1,9,55.35,6.15
73,97,2,10,52.37,5.237
73,97,3,15,69.78,4.652
73,97,4,19,78.46,4.129473684210526
73,99,0,10,88.8,8.879999999999999
73,99,1,6,43.83,7.305
73,99,2,18,114.09,6.338333333333334
73,99,3,10,51.3,5.13
73,99,4,13,21.4,1.646153846153846
79,0,0,5,53.05,10.61
79,0,1,20,196.7,9.834999999999999
79,0,2,14,68.9,4.921428571428572
79,0,3,7,15.75,2.25
79,0,4,1,2.24,2.24
79,1,0,9,56.53,6.2811111111111115
79,1,1,6,14.66,2.4433333333333334
79,1,2,16,36.65,2.290625
79,1,3,6,5.44,0.9066666666666667
79,1,4,19,11.47,0.6036842105263158
79,3,0,2,14.57,7.285
79,3,1,5,29.25,5.85
79,3,2,11,53.03,4.820909090909091
79,3,3,10,37.23,3.723
79,3,4,18,30.81,1.7116666666666667
79,6,0,6,26.8,4.466666666666667
79,6,1,1,3.48,3.48
79,6,2,14,47.84,3.4171428571428573
79,6,3,8,7.48,0.935
79,6,4,8,5.3,0.6625
79,9,0,11,97.04,8.821818181818182
79,9,1,17,87.45,5.144117647058824
79,9,2,3,9.04,3.013333333333333
79,9,3,8,22.74,2.8425
79,9,4,3,5.47,1.8233333333333333
79,10,0,8,48.59,6.07375
79,10,1,2,8.72,4.36
79,10,2,11,47.42,4.3109090909090915
79,10,3,7,21.3,3.042857142857143
79,10,4,9,3.9,0.43333333333333335
79,12,0,8,56.25,7.03125
79,12,1,16,59.54,3.72125
79,12,2,9,32.02,3.557777777777778
79,12,3,6,12.25,2.0416666666666665
79,12,4,3,1.5,0.5
79,13,0,8,59.91,7.48875
79,13,1,2,12.28,6.14
79,13,2,11,39.49,3.5900000000000003
79,13,3,4,6.77,1.6925
79,13,4,8,9.45,1.18125
79,14,0,4,46.62,11.655
79,14,1,16,181.49,11.343125
79,14,2,17,147.14,8.655294117647058
79,14,3,17,121.7,7.158823529411765
79,14,4,8,16.14,2.0175
79,16,0,9,99.28,11.03111111111111
79,16,1,1,8.29,8.29
79,16,2,19,152.99,8.052105263157895
79,16,3,14,76.14,5.438571428571429
79,16,4,5,19.52,3.904
79,17,0,15,150.3,10.020000000000001
79,17,1,8,77.2,9.65
79,17,2,18,155.56,8.642222222222223
79,17,3,17,70.42,4.142352941176471
79,17,4,7,27.05,3.8642857142857143
79,18,0,4,39.02,9.755
79,18,1,4,28.07,7.0175
79,18,2,6,35.88,5.98
79,18,3,4,17.08,4.27
79,18,4,18,69.0,3.8333333333333335
79,20,0,4,21.66,5.415
79,20,1,8,36.73,4.59125
79,20,2,18,43.15,2.397222222222222
79,20,3,12,28.6,2.3833333333333333
79,20,4,18,24.29,1.3494444444444444
79,23,0,17,52.83,3.107647058823529
79,23,1,20,33.8,1.69
79,23,2,12,17.25,1.4375
79,23,3,14,13.76,0.9828571428571429
79,23,4,17,3.53,0.2076470588235294
79,27,0,12,78.23,6.519166666666667
79,27,1,9,48.4,5.377777777777777
79,27,2,3,11.05,3.6833333333333336
79,27,3,3,10.77,3.59
79,27,4,15,23.38,1.5586666666666666
79,31,0,4,23.19,5.7975
79,31,1,6,21.36,3.56
79,31,2,10,21.67,2.1670000000000003
79,31,3,13,19.39,1.4915384615384615
79,31,4,7,3.45,0.4928571428571429
79,32,0,9,68.78,7.642222222222222
79,32,1,6,37.61,6.2683333333333335
79,32,2,13,78.61,6.046923076923077
79,32,3,1,2.34,2.34
79,32,4,18,20.56,1.1422222222222222
79,34,0,18,194.1,10.783333333333333
79,34,1,11,79.81,7.255454545454546
79,34,2,11,76.71,6.973636363636363
79,34,3,17,95.72,5.630588235294118
79,34,4,17,92.47,5.439411764705882
79,35,0,13,80.76,6.212307692307693
79,35,1,12,74.3,6.191666666666666
79,35,2,19,105.63,5.559473684210526
79,35,3,9,23.44,2.604444444444445
79,35,4,19,49.13,2.5857894736842106
79,40,0,6,67.93,11.321666666666667
79,40,1,2,13.77,6.885
79,40,2,13,69.6,5.3538461538461535
79,40,3,17,58.12,3.4188235294117644
79,40,4,3,3.87,1.29
79,43,0,13,161.09,12.391538461538461
79,43,1,19,205.59,10.820526315789474
79,43,2,8,77.01,9.62625
79,43,3,15,117.96,7.864
79,43,4,14,57.22,4.087142857142857
79,45,0,18,167.55,9.308333333333334
79,45,1,9,77.61,8.623333333333333
79,45,2,11,52.75,4.795454545454546
79,45,3,19,54.63,2.875263157894737
79,45,4,12,32.32,2.6933333333333334
79,47,0,15,142.97,9.531333333333333
79,47,1,1,9.49,9.49
79,47,2,7,61.84,8.834285714285715
79,47,3,7,36.6,5.228571428571429
79,47,4,18,61.82,3.4344444444444444
79,48,0,10,65.23,6.523000000000001
79,48,1,16,98.1,6.13125
79,48,2,12,61.98,5.165
79,48,3,12,54.04,4.503333333333333
79,48,4,18,27.91,1.5505555555555555
79,49,0,2,18.81,9.405
79,49,1,4,36.45,9.1125
79,49,2,2,9.84,4.92
79,49,3,8,39.11,4.88875
79,49,4,1,2.96,2.96
79,52,0,4,31.35,7.8375
79,52,1,12,90.2,7.516666666666667
79,52,2,13,95.87,7.374615384615385
79,52,3,6,27.92,4.653333333333333
79,52,4,9,23.36,2.5955555555555554
79,55,0,9,50.96,5.662222222222223
79,55,1,7,35.45,5.064285714285715
79,55,2,7,32.85,4.692857142857143
79,55,3,1,2.69,2.69
79,55,4,19,21.2,1.1157894736842104
79,56,0,5,42.68,8.536
79,56,1,8,55.46,6.9325
79,56,2,9,41.02,4.557777777777778
79,56,3,2,7.15,3.575
79,56,4,15,45.47,3.0313333333333334
79,59,0,13,67.01,5.154615384615385
79,59,1,14,71.88,5.134285714285714
79,59,2,1,4.12,4.12
79,59,3,16,53.98,3.37375
79,59,4,2,4.86,2.43
79,60,0,6,49.14,8.19
79,60,1,7,54.72,7.817142857142857
79,60,2,18,139.91,7.772777777777778
79,60,3,13,76.77,5.905384615384615
79,60,4,20,53.86,2.693
79,62,0,1,8.88,8.88
79,62,1,15,114.79,7.652666666666667
79,62,2,13,93.31,7.177692307692308
79,62,3,5,26.79,5.358
79,62,4,12,24.01,2.0008333333333335
79,64,0,7,48.51,6.93
79,64,1,4,21.71,5.4275
79,64,2,16,45.72,2.8575
79,64,3,2,2.11,1.055
79,64,4,9,6.18,0.6866666666666666
79,66,0,15,88.71,5.914
79,66,1,9,45.16,5.017777777777777
79,66,2,3,12.2,4.066666666666666
79,66,3,17,62.57,3.6805882352941177
79,66,4,17,10.73,0.6311764705882353
79,67,0,13,79.0,6.076923076923077
79,67,1,6,31.58,5.263333333333333
79,67,2,11,34.3,3.1181818181818177
79,67,3,16,37.14,2.32125
79,67,4,12,25.42,2.1183333333333336
79,69,0,18,168.94,9.385555555555555
79,69,1,9,83.31,9.256666666666668
79,69,2,16,113.57,7.098125
79,69,3,8,38.34,4.7925
79,69,4,10,40.06,4.006
79,70,0,10,122.79,12.279
79,70,1,16,193.84,12.115
79,70,2,19,105.68,5.562105263157895
79,70,3,9,41.43,4.6033333333333335
79,70,4,3,8.93,2.9766666666666666
79,71,0,2,5.82,2.91
79,71,1,20,50.4,2.52
79,71,2,2,4.43,2.215
79,71,3,4,4.61,1.1525
79,71,4,1,0.48,0.48
79,73,0,7,16.69,2.3842857142857143
79,73,1,19,37.77,1.9878947368421054
79,73,2,7,12.55,1.792857142857143
79,73,3,13,21.78,1.6753846153846155
79,73,4,17,25.99,1.5288235294117647
79,82,0,12,28.35,2.3625000000000003
79,82,1,9,17.31,1.9233333333333331
79,82,2,13,24.66,1.896923076923077
79,82,3,6,9.16,1.5266666666666666
79,82,4,17,6.69,0.3935294117647059
79,83,0,12,66.22,5.5183333333333335
79,83,1,5,25.99,5.1979999999999995
79,83,2,20,91.37,4.5685
79,83,3,11,23.55,2.140909090909091
79,83,4,10,8.6,0.86
79,86,0,12,29.96,2.4966666666666666
79,86,1,11,25.03,2.2754545454545454
79,86,2,18,37.8,2.0999999999999996
79,86,3,12,16.77,1.3975
79,86,4,8,5.72,0.715
79,88,0,16,130.31,8.144375
79,88,1,17,136.13,8.00764705882353
79,88,2,9,66.73,7.414444444444445
79,88,3,16,60.36,3.7725
79,88,4,4,1.63,0.4075
79,89,0,7,16.51,2.358571428571429
79,89,1,14,29.66,2.1185714285714288
79,89,2,13,15.26,1.1738461538461538
79,89,3,6,4.88,0.8133333333333334
79,89,4,9,3.09,0.3433333333333333
79,90,0,5,52.14,10.428
79,90,1,2,17.22,8.61
79,90,2,6,48.96,8.16
79,90,3,8,58.56,7.32
79,90,4,5,3.21,0.642
79,93,0,2,6.92,3.46
79,93,1,6,19.44,3.24
79,93,2,11,20.16,1.8327272727272728
79,93,3,13,21.86,1.6815384615384614
79,93,4,13,18.08,1.3907692307692305
79,94,0,13,91.57,7.043846153846153
79,94,1,13,88.53,6.8100000000000005
79,94,2,8,47.6,5.95
79,94,3,4,12.81,3.2025
79,94,4,10,23.34,2.334
79,95,0,3,27.0,9.0
79,95,1,11,61.38,5.58
79,95,2,3,13.09,4.363333333333333
79,95,3,13,27.8,2.1384615384615384
79,95,4,16,30.37,1.898125
79,97,0,10,114.51,11.451
79,97,1,9,84.89,9.432222222222222
79,97,2,5,39.15,7.83
79,97,3,1,7.1,7.1
79,97,4,10,70.72,7.072
79,99,0,14,58.9,4.207142857142857
79,99,1,7,10.32,1.4742857142857144
79,99,2,19,27.65,1.4552631578947368
79,99,3,9,12.56,1.3955555555555557
79,99,4,14,14.76,1.0542857142857143
82,0,0,5,32.23,6.446
82,0,1,16,94.97,5.935625
82,0,2,17,41.98,2.469411764705882
82,0,3,3,6.9,2.3000000000000003
82,0,4,9,4.68,0.52
82,1,0,15,143.26,9.550666666666666
82,1,1,1,8.21,8.21
82,1,2,13,81.5,6.269230769230769
82,1,3,13,50.25,3.8653846153846154
82,1,4,18,63.5,3.5277777777777777
82,3,0,10,72.22,7.2219999999999995
82,3,1,12,59.54,4.961666666666667
82,3,2,10,46.04,4.604
82,3,3,15,34.04,2.2693333333333334
82,3,4,18,8.78,0.48777777777777775
82,6,0,20,104.07,5.2035
82,6,1,13,56.25,4.326923076923077
82,6,2,14,39.14,2.795714285714286
82,6,3,4,8.38,2.095
82,6,4,5,9.28,1.8559999999999999
82,9,0,16,96.59,6.036875
82,9,1,18,51.31,2.8505555555555557
82,9,2,2,2.65,1.325
82,9,3,12,15.2,1.2666666666666666
82,9,4,4,4.81,1.2025
82,10,0,16,75.96,4.7475
82,10,1,5,12.81,2.5620000000000003
82,10,2,2,4.85,2.425
82,10,3,18,26.12,1.4511111111111112
82,10,4,2,0.57,0.285
82,12,0,3,21.39,7.13
82,12,1,14,84.03,6.002142857142857
82,12,2,10,51.73,5.173
82,12,3,9,22.07,2.4522222222222223
82,12,4,1,1.37,1.37
82,13,0,4,40.43,10.1075
82,13,1,12,89.17,7.430833333333333
82,13,2,14,94.74,6.767142857142857
82,13,3,4,20.73,5.1825
82,13,4,13,24.87,1.9130769230769231
82,14,0,8,66.05,8.25625
82,14,1,2,15.8,7.9
82,14,2,1,3.53,3.53
82,14,3,4,13.25,3.3125
82,14,4,20,52.36,2.618
82,16,0,1,8.15,8.15
82,16,1,19,78.42,4.127368421052632
82,16,2,3,12.12,4.04
82,16,3,1,3.78,3.78
82,16,4,4,7.01,1.7525
82,17,0,20,157.21,7.8605
82,17,1,7,51.06,7.2942857142857145
82,17,2,12,68.82,5.734999999999999
82,17,3,6,18.31,3.0516666666666663
82,17,4,11,28.76,2.6145454545454547
82,18,0,12,99.18,8.265
82,18,1,17,138.08,8.122352941176471
82,18,2,10,27.6,2.7600000000000002
82,18,3,18,31.25,1.7361111111111112
82,18,4,1,0.59,0.59
82,20,0,8,38.66,4.8325
82,20,1,17,80.85,4.7558823529411764
82,20,2,16,58.88,3.68
82,20,3,17,56.99,3.3523529411764708
82,20,4,10,9.59,0.959
82,23,0,1,0.97,0.97
82,23,1,12,9.25,0.7708333333333334
82,23,2,17,5.16,0.3035294117647059
82,23,3,3,0.72,0.24
82,23,4,13,1.36,0.10461538461538462
82,27,0,16,72.59,4.536875
82,27,1,10,37.42,3.742
82,27,2,14,50.65,3.617857142857143
82,27,3,2,5.87,2.935
82,27,4,14,11.56,0.8257142857142857
82,31,0,14,84.33,6.023571428571429
82,31,1,4,21.81,5.4525
82,31,2,3,13.32,4.44
82,31,3,11,27.97,2.5427272727272725
82,31,4,12,8.16,0.68
82,32,0,19,63.28,3.3305263157894736
82,32,1,11,35.44,3.2218181818181817
82,32,2,17,38.24,2.2494117647058824
82,32,3,20,34.52,1.7260000000000002
82,32,4,12,20.33,1.6941666666666666
82,34,0,13,88.34,6.795384615384616
82,34,1,15,99.66,6.644
82,34,2,11,57.09,5.19
82,34,3,15,55.62,3.7079999999999997
82,34,4,1,3.15,3.15
82,35,0,11,45.33,4.120909090909091
82,35,1,18,34.59,1.9216666666666669
82,35,2,14,18.55,1.325
82,35,3,5,3.41,0.682
82,35,4,19,9.16,0.48210526315789476
82,40,0,9,67.83,7.536666666666666
82,40,1,18,133.27,7.40388888888889
82,40,2,15,70.68,4.712000000000001
82,40,3,4,16.21,4.0525
82,40,4,1,1.09,1.09
82,43,0,9,89.27,9.918888888888889
82,43,1,10,41.34,4.134
82,43,2,12,38.75,3.2291666666666665
82,43,3,19,41.7,2.194736842105263
82,43,4,5,3.74,0.748
82,45,0,12,51.6,4.3
82,45,1,2,4.98,2.49
82,45,2,19,38.64,2.033684210526316
82,45,3,3,5.49,1.83
82,45,4,17,6.4,0.3764705882352941
82,47,0,7,48.41,6.9157142857142855
82,47,1,7,40.14,5.734285714285714
82,47,2,2,8.02,4.01
82,47,3,16,45.79,2.861875
82,47,4,8,16.97,2.12125
82,48,0,5,21.53,4.306
82,48,1,17,50.21,2.953529411764706
82,48,2,18,44.95,2.4972222222222222
82,48,3,20,40.47,2.0235
82,48,4,1,1.5,1.5
82,49,0,13,86.59,6.660769230769231
82,49,1,11,44.64,4.058181818181819
82,49,2,14,56.76,4.054285714285714
82,49,3,12,45.82,3.8183333333333334
82,49,4,4,12.03,3.0075
82,52,0,16,69.69,4.355625
82,52,1,4,16.03,4.0075
82,52,2,4,3.96,0.99
82,52,3,3,2.57,0.8566666666666666
82,52,4,16,6.3,0.39375
82,55,0,17,92.87,5.462941176470588
82,55,1,1,4.83,4.83
82,55,2,17,61.89,3.6405882352941177
82,55,3,9,32.12,3.5688888888888886
82,55,4,18,6.24,0.3466666666666667
82,56,0,20,98.68,4.934
82,56,1,15,42.36,2.824
82,56,2,7,4.63,0.6614285714285714
82,56,3,16,5.91,0.369375
82,56,4,11,3.68,0.33454545454545453
82,59,0,16,77.23,4.826875
82,59,1,7,12.43,1.7757142857142856
82,59,2,1,1.77,1.77
82,59,3,12,20.95,1.7458333333333333
82,59,4,1,0.24,0.24
82,60,0,2,12.66,6.33
82,60,1,5,24.5,4.9
82,60,2,4,12.86,3.215
82,60,3,10,32.13,3.213
82,60,4,9,14.04,1.5599999999999998
82,62,0,10,64.34,6.434
82,62,1,14,89.5,6.392857142857143
82,62,2,6,34.33,5.721666666666667
82,62,3,15,81.82,5.454666666666666
82,62,4,11,40.76,3.705454545454545
82,64,0,19,145.47,7.656315789473684
82,64,1,3,20.26,6.753333333333334
82,64,2,2,13.18,6.59
82,64,3,14,71.26,5.090000000000001
82,64,4,17,52.7,3.1
82,66,0,7,26.29,3.755714285714286
82,66,1,12,39.77,3.314166666666667
82,66,2,13,41.81,3.2161538461538464
82,66,3,6,12.11,2.018333333333333
82,66,4,13,3.83,0.2946153846153846
82,67,0,19,50.63,2.6647368421052633
82,67,1,13,27.98,2.1523076923076925
82,67,2,12,25.15,2.095833333333333
82,67,3,3,5.54,1.8466666666666667
82,67,4,6,2.94,0.49
82,69,0,2,14.81,7.405
82,69,1,15,64.48,4.298666666666667
82,69,2,10,37.22,3.722
82,69,3,8,21.14,2.6425
82,69,4,11,14.43,1.3118181818181818
82,70,0,19,180.97,9.524736842105263
82,70,1,19,106.64,5.612631578947369
82,70,2,10,45.42,4.542
82,70,3,8,24.43,3.05375
82,70,4,15,20.74,1.3826666666666665
82,71,0,1,2.45,2.45
82,71,1,18,40.78,2.2655555555555558
82,71,2,18,39.5,2.1944444444444446
82,71,3,3,5.5,1.8333333333333333
82,71,4,11,4.08,0.3709090909090909
82,73,0,17,48.26,2.8388235294117647
82,73,1,8,22.19,2.77375
82,73,2,16,42.84,2.6775
82,73,3,17,45.11,2.6535294117647057
82,73,4,4,5.62,1.405
82,79,0,14,37.18,2.6557142857142857
82,79,1,10,19.31,1.9309999999999998
82,79,2,14,25.62,1.83
82,79,3,4,3.6,0.9
82,79,4,14,12.03,0.8592857142857142
82,83,0,7,37.21,5.315714285714286
82,83,1,13,52.61,4.046923076923077
82,83,2,16,58.42,3.65125
82,83,3,10,15.5,1.55
82,83,4,3,3.26,1.0866666666666667
82,86,0,11,34.12,3.1018181818181816
82,86,1,12,36.58,3.0483333333333333
82,86,2,18,33.74,1.8744444444444446
82,86,3,9,16.19,1.798888888888889
82,86,4,6,6.83,1.1383333333333334
82,88,0,5,22.44,4.488
82,88,1,15,66.27,4.418
82,88,2,20,66.55,3.3274999999999997
82,88,3,7,20.27,2.8957142857142855
82,88,4,14,6.67,0.4764285714285714
82,89,0,9,24.16,2.6844444444444444
82,89,1,11,24.0,2.1818181818181817
82,89,2,19,32.98,1.7357894736842103
82,89,3,8,11.93,1.49125
82,89,4,19,26.51,1.395263157894737
82,90,0,4,26.88,6.72
82,90,1,19,68.92,3.6273684210526316
82,90,2,3,5.49,1.83
82,90,3,19,32.89,1.7310526315789474
82,90,4,7,4.21,0.6014285714285714
82,93,0,12,34.94,2.9116666666666666
82,93,1,19,49.92,2.6273684210526316
82,93,2,13,10.34,0.7953846153846154
82,93,3,10,7.49,0.749
82,93,4,10,3.61,0.361
82,94,0,6,26.82,4.47
82,94,1,1,3.09,3.09
82,94,2,18,24.74,1.3744444444444444
82,94,3,5,4.22,0.844
82,94,4,10,6.51,0.651
82,95,0,6,49.01,8.168333333333333
82,95,1,19,130.31,6.858421052631579
82,95,2,8,42.96,5.37
82,95,3,4,20.81,5.2025
82,95,4,8,4.39,0.54875
82,97,0,15,133.23,8.882
82,97,1,14,123.9,8.85
82,97,2,3,16.58,5.526666666666666
82,97,3,4,17.6,4.4
82,97,4,1,1.62,1.62
82,99,0,18,128.31,7.128333333333334
82,99,1,8,46.3,5.7875
82,99,2,7,29.5,4.214285714285714
82,99,3,16,66.25,4.140625
82,99,4,8,26.37,3.29625
83,0,0,16,94.85,5.928125
83,0,1,5,27.94,5.588
83,0,2,9,44.92,4.9911111111111115
83,0,3,4,15.68,3.92
83,0,4,10,16.17,1.6170000000000002
83,1,0,17,123.63,7.272352941176471
83,1,1,11,70.84,6.44
83,1,2,19,80.21,4.221578947368421
83,1,3,13,20.35,1.5653846153846156
83,1,4,8,8.14,1.0175
83,3,0,13,90.43,6.956153846153847
83,3,1,16,88.57,5.535625
83,3,2,18,94.81,5.267222222222222
83,3,3,20,54.63,2.7315
83,3,4,13,29.87,2.2976923076923077
83,6,0,5,1.15,0.22999999999999998
83,6,1,15,2.38,0.15866666666666665
83,6,2,9,0.72,0.08
83,6,3,12,0.72,0.06
83,6,4,10,0.55,0.05500000000000001
83,9,0,4,8.47,2.1175
83,9,1,18,32.31,1.7950000000000002
83,9,2,10,11.75,1.175
83,9,3,5,5.47,1.0939999999999999
83,9,4,11,5.74,0.5218181818181818
83,10,0,10,8.96,0.8960000000000001
83,10,1,5,3.92,0.784
83,10,2,5,2.71,0.542
83,10,3,8,3.34,0.4175
83,10,4,8,1.52,0.19
83,12,0,15,35.96,2.3973333333333335
83,12,1,2,4.63,2.315
83,12,2,9,16.99,1.8877777777777776
83,12,3,11,11.43,1.039090909090909
83,12,4,13,8.11,0.6238461538461538
83,13,0,7,50.36,7.194285714285714
83,13,1,4,11.14,2.785
83,13,2,4,5.92,1.48
83,13,3,3,1.86,0.62
83,13,4,17,7.12,0.4188235294117647
83,14,0,16,119.16,7.4475
83,14,1,3,21.59,7.196666666666666
83,14,2,6,39.57,6.595
83,14,3,15,65.17,4.344666666666667
83,14,4,20,76.94,3.847
83,16,0,17,94.67,5.568823529411765
83,16,1,14,62.03,4.430714285714286
83,16,2,20,33.86,1.693
83,16,3,11,11.68,1.0618181818181818
83,16,4,8,4.68,0.585
83,17,0,14,57.93,4.1378571428571425
83,17,1,3,10.74,3.58
83,17,2,7,21.19,3.027142857142857
83,17,3,1,2.37,2.37
83,17,4,9,12.44,1.3822222222222222
83,18,0,8,37.09,4.63625
83,18,1,2,7.91,3.955
83,18,2,8,23.73,2.96625
83,18,3,18,21.14,1.1744444444444444
83,18,4,7,5.58,0.7971428571428572
83,20,0,14,66.8,4.771428571428571
83,20,1,10,47.26,4.726
83,20,2,10,31.81,3.181
83,20,3,17,51.08,3.004705882352941
83,20,4,2,0.79,0.395
83,23,0,6,16.48,2.7466666666666666
83,23,1,6,14.84,2.473333333333333
83,23,2,20,37.53,1.8765
83,23,3,8,14.7,1.8375
83,23,4,8,10.11,1.26375
83,27,0,12,11.87,0.9891666666666666
83,27,1,18,16.99,0.9438888888888888
83,27,2,12,10.78,0.8983333333333333
83,27,3,19,10.48,0.5515789473684211
83,27,4,13,2.6,0.2
83,31,0,11,67.01,6.091818181818183
83,31,1,14,73.01,5.215000000000001
83,31,2,5,22.19,4.438000000000001
83,31,3,9,14.74,1.6377777777777778
83,31,4,6,3.86,0.6433333333333333
83,32,0,19,85.68,4.509473684210526
83,32,1,3,8.83,2.9433333333333334
83,32,2,15,34.32,2.288
83,32,3,12,9.56,0.7966666666666667
83,32,4,15,10.53,0.702
83,34,0,14,83.48,5.9628571428571435
83,34,1,3,15.99,5.33
83,34,2,17,46.67,2.745294117647059
83,34,3,10,26.67,2.6670000000000003
83,34,4,11,24.57,2.233636363636364
83,35,0,7,28.13,4.018571428571429
83,35,1,2,7.71,3.855
83,35,2,8,17.68,2.21
83,35,3,3,6.05,2.0166666666666666
83,35,4,13,5.35,0.4115384615384615
83,40,0,17,55.22,3.248235294117647
83,40,1,20,56.11,2.8055
83,40,2,19,36.77,1.935263157894737
83,40,3,4,5.68,1.42
83,40,4,4,0.94,0.235
83,43,0,16,125.62,7.85125
83,43,1,15,41.73,2.7819999999999996
83,43,2,9,6.63,0.7366666666666667
83,43,3,4,2.94,0.735
83,43,4,17,9.08,0.5341176470588236
83,45,0,6,26.48,4.413333333333333
83,45,1,2,8.7,4.35
83,45,2,2,6.51,3.255
83,45,3,18,54.91,3.0505555555555555
83,45,4,17,17.1,1.0058823529411764
83,47,0,15,69.06,4.604
83,47,1,16,42.83,2.676875
83,47,2,18,45.04,2.502222222222222
83,47,3,7,10.33,1.4757142857142858
83,47,4,9,8.28,0.9199999999999999
83,48,0,18,54.5,3.0277777777777777
83,48,1,9,26.09,2.898888888888889
83,48,2,8,21.8,2.725
83,48,3,12,17.92,1.4933333333333334
83,48,4,2,1.66,0.83
83,49,0,7,32.73,4.675714285714285
83,49,1,10,32.83,3.283
83,49,2,14,39.44,2.817142857142857
83,49,3,7,12.09,1.727142857142857
83,49,4,5,5.9,1.1800000000000002
83,52,0,2,4.33,2.165
83,52,1,4,5.18,1.295
83,52,2,8,5.95,0.74375
83,52,3,15,9.66,0.644
83,52,4,3,1.4,0.4666666666666666
83,55,0,15,75.16,5.010666666666666
83,55,1,18,66.23,3.6794444444444445
83,55,2,15,30.71,2.0473333333333334
83,55,3,4,5.63,1.4075
83,55,4,8,8.31,1.03875
83,56,0,4,11.33,2.8325
83,56,1,8,20.02,2.5025
83,56,2,15,28.18,1.8786666666666667
83,56,3,20,30.76,1.538
83,56,4,18,7.32,0.4066666666666667
83,59,0,8,40.23,5.02875
83,59,1,6,22.52,3.7533333333333334
83,59,2,10,33.94,3.3939999999999997
83,59,3,13,17.99,1.3838461538461537
83,59,4,10,3.75,0.375
83,60,0,9,24.88,2.7644444444444445
83,60,1,8,19.94,2.4925
83,60,2,19,30.29,1.5942105263157895
83,60,3,10,12.01,1.201
83,60,4,15,2.37,0.158
83,62,0,14,48.73,3.4807142857142854
83,62,1,1,3.09,3.09
83,62,2,7,13.59,1.9414285714285715
83,62,3,19,28.87,1.5194736842105263
83,62,4,17,9.87,0.5805882352941176
83,64,0,1,7.29,7.29
83,64,1,16,62.39,3.899375
83,64,2,3,9.99,3.33
83,64,3,14,22.16,1.582857142857143
83,64,4,1,0.69,0.69
83,66,0,3,4.63,1.5433333333333332
83,66,1,1,1.49,1.49
83,66,2,18,19.75,1.0972222222222223
83,66,3,19,13.22,0.6957894736842105
83,66,4,6,0.73,0.12166666666666666
83,67,0,6,21.18,3.53
83,67,1,17,47.51,2.794705882352941
83,67,2,14,31.92,2.2800000000000002
83,67,3,7,11.08,1.582857142857143
83,67,4,11,11.16,1.0145454545454546
83,69,0,3,9.55,3.1833333333333336
83,69,1,20,55.2,2.7600000000000002
83,69,2,2,5.06,2.53
83,69,3,18,16.76,0.9311111111111112
83,69,4,16,14.29,0.893125
83,70,0,12,71.47,5.9558333333333335
83,70,1,20,117.5,5.875
83,70,2,19,105.29,5.541578947368421
83,70,3,12,63.1,5.258333333333334
83,70,4,18,34.94,1.941111111111111
83,71,0,5,19.99,3.9979999999999998
83,71,1,15,45.75,3.05
83,71,2,15,40.27,2.6846666666666668
83,71,3,13,17.79,1.3684615384615384
83,71,4,16,17.88,1.1175
83,73,0,1,8.15,8.15
83,73,1,10,66.44,6.644
83,73,2,6,26.21,4.368333333333333
83,73,3,17,14.8,0.8705882352941177
83,73,4,6,4.71,0.785
83,79,0,3,14.26,4.753333333333333
83,79,1,18,85.27,4.737222222222222
83,79,2,19,88.31,4.6478947368421055
83,79,3,16,46.46,2.90375
83,79,4,7,4.97,0.71
83,82,0,11,50.12,4.556363636363636
83,82,1,5,21.56,4.311999999999999
83,82,2,11,38.61,3.51
83,82,3,19,46.08,2.4252631578947366
83,82,4,19,12.81,0.6742105263157895
83,86,0,3,17.37,5.79
83,86,1,18,99.92,5.551111111111111
83,86,2,4,16.88,4.22
83,86,3,14,55.29,3.9492857142857143
83,86,4,12,9.93,0.8275
83,88,0,19,87.44,4.6021052631578945
83,88,1,20,85.76,4.288
83,88,2,9,26.74,2.971111111111111
83,88,3,18,36.9,2.05
83,88,4,8,11.28,1.41
83,89,0,6,40.42,6.736666666666667
83,89,1,13,81.92,6.3015384615384615
83,89,2,13,69.87,5.374615384615385
83,89,3,8,30.44,3.805
83,89,4,18,15.94,0.8855555555555555
83,90,0,15,113.5,7.566666666666666
83,90,1,18,121.08,6.726666666666667
83,90,2,6,33.99,5.665
83,90,3,11,45.86,4.169090909090909
83,90,4,13,15.52,1.1938461538461538
83,93,0,3,9.06,3.02
83,93,1,18,46.68,2.5933333333333333
83,93,2,10,25.57,2.557
83,93,3,15,27.9,1.8599999999999999
83,93,4,14,4.77,0.3407142857142857
83,94,0,6,13.45,2.2416666666666667
83,94,1,10,18.46,1.846
83,94,2,3,5.47,1.8233333333333333
83,94,3,10,14.22,1.4220000000000002
83,94,4,4,2.88,0.72
83,95,0,18,102.26,5.681111111111111
83,95,1,1,5.33,5.33
83,95,2,2,7.31,3.655
83,95,3,8,24.19,3.02375
83,95,4,4,3.61,0.9025
83,97,0,12,64.37,5.364166666666667
83,97,1,15,57.61,3.8406666666666665
83,97,2,9,33.03,3.67
83,97,3,6,5.24,0.8733333333333334
83,97,4,10,5.84,0.584
83,99,0,15,89.49,5.965999999999999
83,99,1,12,68.36,5.696666666666666
83,99,2,14,37.43,2.6735714285714285
83,99,3,16,14.96,0.935
83,99,4,1,0.73,0.73
86,0,0,7,69.88,9.982857142857142
86,0,1,2,16.43,8.215
86,0,2,12,82.6,6.883333333333333
86,0,3,1,5.71,5.71
86,0,4,9,42.48,4.72
86,1,0,20,181.05,9.0525
86,1,1,14,118.87,8.490714285714287
86,1,2,19,82.33,4.333157894736842
86,1,3,4,13.98,3.495
86,1,4,2,4.56,2.28
86,3,0,19,214.55,11.292105263157895
86,3,1,1,5.96,5.96
86,3,2,15,63.82,4.254666666666667
86,3,3,14,36.98,2.641428571428571
86,3,4,16,13.02,0.81375
86,6,0,8,48.31,6.03875
86,6,1,2,11.47,5.735
86,6,2,13,48.64,3.7415384615384615
86,6,3,3,6.14,2.0466666666666664
86,6,4,17,27.49,1.6170588235294117
86,9,0,10,100.26,10.026
86,9,1,11,99.44,9.04
86,9,2,18,133.38,7.41
86,9,3,8,55.68,6.96
86,9,4,16,15.77,0.985625
86,10,0,12,71.33,5.944166666666667
86,10,1,3,11.68,3.893333333333333
86,10,2,17,57.06,3.356470588235294
86,10,3,3,1.78,0.5933333333333334
86,10,4,9,3.6,0.4
86,12,0,13,132.27,10.174615384615386
86,12,1,4,19.47,4.8675
86,12,2,18,57.36,3.1866666666666665
86,12,3,7,15.86,2.2657142857142856
86,12,4,10,9.04,0.9039999999999999
86,13,0,6,58.22,9.703333333333333
86,13,1,16,121.92,7.62
86,13,2,6,44.11,7.351666666666667
86,13,3,13,49.48,3.8061538461538458
86,13,4,1,1.67,1.67
86,14,0,20,242.15,12.1075
86,14,1,10,90.77,9.077
86,14,2,13,78.15,6.011538461538462
86,14,3,18,107.8,5.988888888888889
86,14,4,18,85.25,4.736111111111111
86,16,0,10,106.45,10.645
86,16,1,16,122.45,7.653125
86,16,2,10,66.35,6.635
86,16,3,8,51.21,6.40125
86,16,4,18,98.51,5.472777777777778
86,17,0,8,75.67,9.45875
86,17,1,1,5.4,5.4
86,17,2,6,28.1,4.683333333333334
86,17,3,16,48.19,3.011875
86,17,4,12,32.4,2.6999999999999997
86,18,0,15,146.44,9.762666666666666
86,18,1,11,102.53,9.32090909090909
86,18,2,8,63.88,7.985
86,18,3,11,47.83,4.348181818181818
86,18,4,20,55.56,2.778
86,20,0,12,101.03,8.419166666666667
86,20,1,17,141.72,8.336470588235294
86,20,2,16,94.67,5.916875
86,20,3,13,72.8,5.6
86,20,4,8,15.84,1.98
86,23,0,4,17.86,4.465
86,23,1,1,3.4,3.4
86,23,2,12,24.46,2.0383333333333336
86,23,3,4,1.47,0.3675
86,23,4,6,2.03,0.3383333333333333
86,27,0,14,95.93,6.852142857142858
86,27,1,8,51.83,6.47875
86,27,2,14,35.17,2.5121428571428575
86,27,3,15,37.53,2.5020000000000002
86,27,4,2,1.7,0.85
86,31,0,1,7.22,7.22
86,31,1,10,55.01,5.5009999999999994
86,31,2,3,6.36,2.12
86,31,3,15,27.3,1.82
86,31,4,14,22.88,1.6342857142857141
86,32,0,15,94.67,6.311333333333334
86,32,1,14,86.83,6.202142857142857
86,32,2,4,20.52,5.13
86,32,3,5,11.61,2.322
86,32,4,17,17.49,1.0288235294117647
86,34,0,3,25.57,8.523333333333333
86,34,1,13,103.64,7.972307692307693
86,34,2,5,37.28,7.456
86,34,3,13,86.43,6.648461538461539
86,34,4,1,1.81,1.81
86,35,0,12,66.3,5.5249999999999995
86,35,1,12,51.28,4.273333333333333
86,35,2,19,77.12,4.058947368421053
86,35,3,14,45.69,3.2635714285714283
86,35,4,5,8.68,1.736
86,40,0,19,155.0,8.157894736842104
86,40,1,7,23.75,3.392857142857143
86,40,2,20,56.92,2.846
86,40,3,13,25.65,1.973076923076923
86,40,4,4,5.14,1.285
86,43,0,6,43.69,7.281666666666666
86,43,1,7,25.65,3.664285714285714
86,43,2,20,36.01,1.8005
86,43,3,19,33.43,1.7594736842105263
86,43,4,15,10.94,0.7293333333333333
86,45,0,15,122.44,8.162666666666667
86,45,1,2,14.66,7.33
86,45,2,7,46.9,6.7
86,45,3,4,21.61,5.4025
86,45,4,2,8.74,4.37
86,47,0,1,12.17,12.17
86,47,1,17,198.41,11.671176470588236
86,47,2,1,7.82,7.82
86,47,3,15,113.27,7.551333333333333
86,47,4,10,58.03,5.803
86,48,0,14,96.79,6.913571428571429
86,48,1,8,42.85,5.35625
86,48,2,7,26.24,3.748571428571428
86,48,3,17,58.2,3.423529411764706
86,48,4,11,34.99,3.180909090909091
86,49,0,15,99.4,6.626666666666667
86,49,1,5,23.92,4.784000000000001
86,49,2,15,43.75,2.9166666666666665
86,49,3,2,2.87,1.435
86,49,4,20,27.56,1.378
86,52,0,17,133.43,7.848823529411765
86,52,1,20,153.64,7.6819999999999995
86,52,2,19,116.24,6.117894736842105
86,52,3,18,13.9,0.7722222222222223
86,52,4,7,5.1,0.7285714285714285
86,55,0,7,55.6,7.942857142857143
86,55,1,7,46.59,6.655714285714287
86,55,2,1,5.05,5.05
86,55,3,13,65.24,5.018461538461538
86,55,4,5,8.58,1.716
86,56,0,15,116.11,7.740666666666667
86,56,1,9,69.03,7.67
86,56,2,10,11.7,1.17
86,56,3,7,5.66,0.8085714285714286
86,56,4,5,2.56,0.512
86,59,0,15,89.48,5.965333333333334
86,59,1,12,71.31,5.9425
86,59,2,11,46.32,4.210909090909091
86,59,3,11,39.38,3.58
86,59,4,15,6.1,0.4066666666666666
86,60,0,3,31.43,10.476666666666667
86,60,1,9,59.38,6.597777777777778
86,60,2,17,95.11,5.594705882352941
86,60,3,14,62.38,4.4557142857142855
86,60,4,7,15.66,2.237142857142857
86,62,0,17,141.39,8.317058823529411
86,62,1,6,44.66,7.4433333333333325
86,62,2,17,73.78,4.34
86,62,3,16,49.85,3.115625
86,62,4,6,9.65,1.6083333333333334
86,64,0,16,171.25,10.703125
86,64,1,5,49.03,9.806000000000001
86,64,2,15,137.02,9.134666666666668
86,64,3,11,85.73,7.793636363636364
86,64,4,1,4.59,4.59
86,66,0,4,21.65,5.4125
86,66,1,6,21.95,3.658333333333333
86,66,2,13,40.75,3.1346153846153846
86,66,3,15,19.78,1.3186666666666667
86,66,4,14,10.56,0.7542857142857143
86,67,0,2,13.23,6.615
86,67,1,8,39.87,4.98375
86,67,2,8,35.5,4.4375
86,67,3,16,52.43,3.276875
86,67,4,9,13.03,1.4477777777777776
86,69,0,5,31.99,6.398
86,69,1,10,40.7,4.07
86,69,2,2,7.91,3.955
86,69,3,19,74.73,3.9331578947368424
86,69,4,4,8.78,2.195
86,70,0,12,110.39,9.199166666666667
86,70,1,6,40.75,6.791666666666667
86,70,2,20,120.18,6.009
86,70,3,6,34.73,5.788333333333333
86,70,4,14,9.92,0.7085714285714285
86,71,0,5,25.31,5.061999999999999
86,71,1,12,50.47,4.2058333333333335
86,71,2,20,25.96,1.298
86,71,3,13,13.27,1.0207692307692307
86,71,4,14,13.63,0.9735714285714286
86,73,0,9,3.55,0.39444444444444443
86,73,1,4,1.24,0.31
86,73,2,4,0.93,0.2325
86,73,3,18,3.45,0.19166666666666668
86,73,4,12,1.92,0.16
86,79,0,9,14.75,1.6388888888888888
86,79,1,1,1.47,1.47
86,79,2,11,14.87,1.3518181818181818
86,79,3,13,4.58,0.3523076923076923
86,79,4,6,1.33,0.22166666666666668
86,82,0,7,22.58,3.2257142857142855
86,82,1,18,30.03,1.6683333333333334
86,82,2,12,18.08,1.5066666666666666
86,82,3,11,10.9,0.990909090909091
86,82,4,13,3.71,0.2853846153846154
86,83,0,7,58.33,8.332857142857142
86,83,1,2,10.27,5.135
86,83,2,7,25.88,3.697142857142857
86,83,3,6,20.36,3.393333333333333
86,83,4,19,29.28,1.5410526315789475
86,88,0,7,55.2,7.885714285714286
86,88,1,17,93.29,5.48764705882353
86,88,2,16,81.79,5.111875
86,88,3,2,7.09,3.545
86,88,4,15,35.9,2.393333333333333
86,89,0,11,12.18,1.1072727272727272
86,89,1,14,9.87,0.705
86,89,2,13,5.4,0.4153846153846154
86,89,3,16,4.17,0.260625
86,89,4,14,1.73,0.12357142857142857
86,90,0,1,8.62,8.62
86,90,1,3,19.27,6.423333333333333
86,90,2,13,81.59,6.276153846153846
86,90,3,3,17.58,5.859999999999999
86,90,4,14,61.38,4.384285714285714
86,93,0,10,51.31,5.131
86,93,1,11,54.96,4.996363636363636
86,93,2,10,45.43,4.543
86,93,3,4,13.92,3.48
86,93,4,16,42.91,2.681875
86,94,0,11,76.03,6.911818181818182
86,94,1,9,52.58,5.842222222222222
86,94,2,10,47.84,4.784000000000001
86,94,3,10,29.19,2.919
86,94,4,12,24.68,2.0566666666666666
86,95,0,9,88.68,9.853333333333333
86,95,1,8,78.76,9.845
86,95,2,13,85.28,6.5600000000000005
86,95,3,16,66.42,4.15125
86,95,4,19,52.78,2.7778947368421054
86,97,0,20,177.11,8.855500000000001
86,97,1,17,124.93,7.348823529411765
86,97,2,5,16.29,3.258
86,97,3,11,24.13,2.1936363636363634
86,97,4,11,11.16,1.0145454545454546
86,99,0,6,54.24,9.040000000000001
86,99,1,10,77.67,7.767
86,99,2,15,110.98,7.398666666666667
86,99,3,20,73.15,3.6575
86,99,4,14,36.12,2.5799999999999996
88,0,0,20,24.99,1.2494999999999998
88,0,1,10,11.98,1.198
88,0,2,3,2.84,0.9466666666666667
88,0,3,17,10.64,0.6258823529411766
88,0,4,5,1.32,0.264
88,1,0,5,11.48,2.2960000000000003
88,1,1,18,33.46,1.858888888888889
88,1,2,1,1.24,1.24
88,1,3,15,16.59,1.106
88,1,4,4,3.5,0.875
88,3,0,4,10.53,2.6325
88,3,1,7,17.38,2.4828571428571427
88,3,2,13,31.98,2.46
88,3,3,18,43.88,2.437777777777778
88,3,4,14,24.13,1.7235714285714285
88,6,0,14,66.97,4.783571428571428
88,6,1,19,68.67,3.6142105263157895
88,6,2,13,25.92,1.993846153846154
88,6,3,15,11.32,0.7546666666666667
88,6,4,4,2.69,0.6725
88,9,0,13,38.92,2.993846153846154
88,9,1,2,4.79,2.395
88,9,2,18,41.67,2.315
88,9,3,12,22.35,1.8625
88,9,4,7,6.03,0.8614285714285714
88,10,0,9,26.14,2.9044444444444446
88,10,1,7,19.16,2.737142857142857
88,10,2,1,2.66,2.66
88,10,3,11,15.46,1.4054545454545455
88,10,4,7,8.67,1.2385714285714287
88,12,0,9,13.06,1.4511111111111112
88,12,1,12,15.05,1.2541666666666667
88,12,2,12,7.82,0.6516666666666667
88,12,3,14,8.67,0.6192857142857143
88,12,4,12,6.23,0.5191666666666667
88,13,0,2,6.4,3.2
88,13,1,17,22.41,1.3182352941176472
88,13,2,3,3.65,1.2166666666666666
88,13,3,17,13.12,0.7717647058823529
88,13,4,13,5.42,0.4169230769230769
88,14,0,20,67.51,3.3755
88,14,1,7,17.1,2.442857142857143
88,14,2,12,24.98,2.0816666666666666
88,14,3,16,14.76,0.9225
88,14,4,10,7.95,0.795
88,16,0,11,15.96,1.450909090909091
88,16,1,19,23.34,1.2284210526315789
88,16,2,11,11.53,1.048181818181818
88,16,3,11,3.59,0.32636363636363636
88,16,4,6,1.55,0.25833333333333336
88,17,0,2,3.36,1.68
88,17,1,20,13.27,0.6635
88,17,2,17,9.07,0.5335294117647059
88,17,3,16,2.38,0.14875
88,17,4,20,2.58,0.129
88,18,0,16,13.1,0.81875
88,18,1,7,4.83,0.6900000000000001
88,18,2,9,5.03,0.5588888888888889
88,18,3,17,6.42,0.3776470588235294
88,18,4,13,3.89,0.29923076923076924
88,20,0,18,6.42,0.3566666666666667
88,20,1,2,0.63,0.315
88,20,2,2,0.52,0.26
88,20,3,8,1.56,0.195
88,20,4,19,1.0,0.05263157894736842
88,23,0,2,8.73,4.365
88,23,1,13,37.1,2.853846153846154
88,23,2,20,49.14,2.457
88,23,3,3,2.72,0.9066666666666667
88,23,4,10,2.83,0.28300000000000003
88,27,0,11,45.77,4.160909090909091
88,27,1,6,24.44,4.073333333333333
88,27,2,1,3.21,3.21
88,27,3,11,30.93,2.811818181818182
88,27,4,9,18.4,2.0444444444444443
88,31,0,8,6.26,0.7825
88,31,1,4,3.12,0.78
88,31,2,20,11.58,0.579
88,31,3,3,0.82,0.2733333333333333
88,31,4,5,1.26,0.252
88,32,0,2,3.48,1.74
88,32,1,19,28.97,1.5247368421052632
88,32,2,11,15.25,1.3863636363636365
88,32,3,9,6.53,0.7255555555555556
88,32,4,16,2.59,0.161875
88,34,0,10,10.76,1.076
88,34,1,2,2.03,1.015
88,34,2,20,16.24,0.8119999999999999
88,34,3,12,7.74,0.645
88,34,4,13,6.92,0.5323076923076923
88,35,0,1,1.12,1.12
88,35,1,13,12.2,0.9384615384615385
88,35,2,9,6.95,0.7722222222222223
88,35,3,1,0.75,0.75
88,35,4,16,8.59,0.536875
88,40,0,18,39.98,2.221111111111111
88,40,1,10,13.45,1.345
88,40,2,16,21.05,1.315625
88,40,3,17,20.68,1.2164705882352942
88,40,4,20,12.82,0.641
88,43,0,8,23.73,2.96625
88,43,1,3,8.77,2.9233333333333333
88,43,2,15,35.17,2.344666666666667
88,43,3,17,35.56,2.091764705882353
88,43,4,1,1.33,1.33
88,45,0,14,8.83,0.6307142857142857
88,45,1,5,2.79,0.558
88,45,2,13,6.34,0.4876923076923077
88,45,3,11,2.73,0.24818181818181817
88,45,4,5,0.89,0.178
88,47,0,4,11.43,2.8575
88,47,1,14,31.46,2.2471428571428573
88,47,2,15,17.83,1.1886666666666665
88,47,3,12,13.61,1.1341666666666665
88,47,4,8,2.31,0.28875
88,48,0,14,28.51,2.0364285714285715
88,48,1,6,10.41,1.735
88,48,2,13,11.05,0.8500000000000001
88,48,3,6,3.33,0.555
88,48,4,10,3.01,0.301
88,49,0,3,5.94,1.9800000000000002
88,49,1,12,18.73,1.5608333333333333
88,49,2,16,21.03,1.314375
88,49,3,9,7.41,0.8233333333333334
88,49,4,1,0.3,0.3
88,52,0,3,6.99,2.33
88,52,1,3,6.07,2.0233333333333334
88,52,2,7,4.88,0.6971428571428572
88,52,3,14,8.61,0.615
88,52,4,12,4.53,0.3775
88,55,0,20,17.0,0.85
88,55,1,14,10.16,0.7257142857142858
88,55,2,10,3.29,0.329
88,55,3,1,0.2,0.2
88,55,4,5,0.81,0.162
88,56,0,16,29.24,1.8275
88,56,1,18,29.05,1.613888888888889
88,56,2,9,10.02,1.1133333333333333
88,56,3,17,11.84,0.6964705882352941
88,56,4,3,1.32,0.44
88,59,0,13,24.83,1.91
88,59,1,16,19.12,1.195
88,59,2,17,17.04,1.0023529411764704
88,59,3,8,2.35,0.29375
88,59,4,18,2.75,0.1527777777777778
88,60,0,4,13.78,3.445
88,60,1,7,13.02,1.8599999999999999
88,60,2,1,1.38,1.38
88,60,3,9,6.26,0.6955555555555555
88,60,4,11,4.23,0.3845454545454546
88,62,0,13,19.58,1.506153846153846
88,62,1,2,1.7,0.85
88,62,2,5,1.99,0.398
88,62,3,4,1.24,0.31
88,62,4,11,0.86,0.07818181818181819
88,64,0,6,11.82,1.97
88,64,1,9,16.55,1.838888888888889
88,64,2,15,18.55,1.2366666666666668
88,64,3,9,5.61,0.6233333333333334
88,64,4,2,1.03,0.515
88,66,0,17,60.04,3.531764705882353
88,66,1,1,2.77,2.77
88,66,2,1,2.17,2.17
88,66,3,20,29.61,1.4805
88,66,4,7,2.94,0.42
88,67,0,15,30.44,2.029333333333333
88,67,1,16,30.89,1.930625
88,67,2,8,11.66,1.4575
88,67,3,10,12.53,1.253
88,67,4,1,0.66,0.66
88,69,0,16,52.72,3.295
88,69,1,11,32.87,2.988181818181818
88,69,2,4,7.95,1.9875
88,69,3,16,22.9,1.43125
88,69,4,1,1.29,1.29
88,70,0,14,40.65,2.9035714285714285
88,70,1,1,2.78,2.78
88,70,2,20,38.47,1.9235
88,70,3,11,5.21,0.47363636363636363
88,70,4,7,2.01,0.2871428571428571
88,71,0,2,14.83,7.415
88,71,1,14,59.04,4.217142857142857
88,71,2,19,46.32,2.437894736842105
88,71,3,11,22.39,2.0354545454545456
88,71,4,5,6.61,1.322
88,73,0,6,53.34,8.89
88,73,1,15,131.5,8.766666666666667
88,73,2,11,88.07,8.006363636363636
88,73,3,18,93.79,5.210555555555556
88,73,4,9,33.83,3.7588888888888885
88,79,0,4,35.29,8.8225
88,79,1,1,5.81,5.81
88,79,2,5,20.64,4.128
88,79,3,16,64.52,4.0325
88,79,4,2,5.9,2.95
88,82,0,19,106.14,5.586315789473685
88,82,1,11,55.37,5.033636363636363
88,82,2,9,37.96,4.217777777777778
88,82,3,16,66.04,4.1275
88,82,4,7,18.31,2.6157142857142857
88,83,0,9,44.09,4.898888888888889
88,83,1,8,30.6,3.825
88,83,2,15,54.93,3.662
88,83,3,9,17.61,1.9566666666666666
88,83,4,2,2.08,1.04
88,86,0,8,67.24,8.405
88,86,1,8,47.56,5.945
88,86,2,13,70.18,5.398461538461539
88,86,3,3,13.38,4.46
88,86,4,14,13.93,0.995
88,89,0,10,64.02,6.401999999999999
88,89,1,12,62.18,5.181666666666667
88,89,2,16,82.79,5.174375
88,89,3,17,74.56,4.385882352941176
88,89,4,8,12.62,1.5775
88,90,0,16,30.63,1.914375
88,90,1,17,25.32,1.4894117647058824
88,90,2,7,7.78,1.1114285714285714
88,90,3,13,10.11,0.7776923076923077
88,90,4,11,3.3,0.3
88,93,0,17,118.81,6.988823529411765
88,93,1,5,20.97,4.194
88,93,2,3,8.68,2.893333333333333
88,93,3,8,22.82,2.8525
88,93,4,9,16.48,1.8311111111111111
88,94,0,18,46.72,2.5955555555555554
88,94,1,13,29.03,2.233076923076923
88,94,2,5,7.26,1.452
88,94,3,2,1.96,0.98
88,94,4,16,2.32,0.145
88,95,0,5,12.66,2.532
88,95,1,9,13.33,1.481111111111111
88,95,2,6,7.31,1.2183333333333333
88,95,3,4,3.29,0.8225
88,95,4,8,3.15,0.39375
88,97,0,19,36.43,1.9173684210526316
88,97,1,19,20.36,1.071578947368421
88,97,2,14,13.99,0.9992857142857143
88,97,3,17,12.24,0.72
88,97,4,16,7.07,0.441875
88,99,0,6,8.61,1.4349999999999998
88,99,1,11,8.82,0.8018181818181819
88,99,2,20,13.42,0.671
88,99,3,17,10.42,0.6129411764705882
88,99,4,12,6.35,0.5291666666666667
89,0,0,14,122.7,8.764285714285714
89,0,1,11,69.51,6.319090909090909
89,0,2,14,84.23,6.0164285714285715
89,0,3,3,6.69,2.23
89,0,4,10,7.07,0.7070000000000001
89,1,0,2,10.9,5.45
89,1,1,17,65.66,3.8623529411764705
89,1,2,5,15.02,3.004
89,1,3,17,21.18,1.2458823529411764
89,1,4,5,3.4,0.6799999999999999
89,3,0,3,27.48,9.16
89,3,1,2,15.31,7.655
89,3,2,16,96.57,6.035625
89,3,3,11,57.12,5.192727272727272
89,3,4,3,15.17,5.056666666666667
89,6,0,8,33.1,4.1375
89,6,1,17,57.54,3.3847058823529412
89,6,2,11,22.24,2.0218181818181815
89,6,3,10,8.49,0.849
89,6,4,5,3.45,0.6900000000000001
89,9,0,19,167.63,8.822631578947368
89,9,1,11,60.48,5.498181818181818
89,9,2,18,38.28,2.126666666666667
89,9,3,17,26.03,1.5311764705882354
89,9,4,6,4.24,0.7066666666666667
89,10,0,4,19.04,4.76
89,10,1,10,32.96,3.2960000000000003
89,10,2,19,60.53,3.1857894736842107
89,10,3,19,50.18,2.6410526315789475
89,10,4,8,7.6,0.95
89,12,0,13,110.82,8.524615384615384
89,12,1,19,105.78,5.567368421052632
89,12,2,19,99.71,5.247894736842105
89,12,3,3,7.59,2.53
89,12,4,10,24.37,2.4370000000000003
89,13,0,10,108.48,10.848
89,13,1,17,110.87,6.521764705882354
89,13,2,16,95.62,5.97625
89,13,3,5,9.0,1.8
89,13,4,15,13.53,0.9019999999999999
89,14,0,10,106.44,10.644
89,14,1,19,180.21,9.484736842105264
89,14,2,16,86.5,5.40625
89,14,3,3,12.77,4.256666666666667
89,14,4,7,19.17,2.738571428571429
89,16,0,20,191.41,9.5705
89,16,1,10,90.75,9.075
89,16,2,10,71.27,7.127
89,16,3,17,61.21,3.6005882352941176
89,16,4,10,28.3,2.83
89,17,0,1,8.47,8.47
89,17,1,6,46.77,7.795000000000001
89,17,2,17,84.74,4.984705882352941
89,17,3,16,69.68,4.355
89,17,4,9,12.66,1.4066666666666667
89,18,0,17,102.82,6.048235294117647
89,18,1,11,64.87,5.897272727272727
89,18,2,7,40.43,5.775714285714286
89,18,3,5,10.76,2.152
89,18,4,19,38.43,2.0226315789473683
89,20,0,1,5.78,5.78
89,20,1,5,20.67,4.134
89,20,2,8,21.82,2.7275
89,20,3,10,14.45,1.4449999999999998
89,20,4,2,0.7,0.35
89,23,0,16,66.03,4.126875
89,23,1,20,58.91,2.9455
89,23,2,15,15.45,1.03
89,23,3,7,5.03,0.7185714285714286
89,23,4,3,0.71,0.23666666666666666
89,27,0,17,75.96,4.468235294117647
89,27,1,13,56.93,4.3792307692307695
89,27,2,15,33.23,2.215333333333333
89,27,3,6,12.74,2.1233333333333335
89,27,4,6,4.56,0.7599999999999999
89,31,0,14,118.24,8.445714285714285
89,31,1,9,43.11,4.79
89,31,2,6,19.55,3.2583333333333333
89,31,3,15,27.0,1.8
89,31,4,5,6.3,1.26
89,32,0,16,86.43,5.401875
89,32,1,12,62.95,5.245833333333334
89,32,2,18,68.87,3.8261111111111115
89,32,3,11,41.88,3.8072727272727276
89,32,4,9,5.85,0.6499999999999999
89,34,0,5,33.66,6.731999999999999
89,34,1,10,66.18,6.618
89,34,2,17,91.87,5.404117647058824
89,34,3,13,40.82,3.14
89,34,4,7,5.41,0.7728571428571429
89,35,0,8,60.17,7.52125
89,35,1,4,29.88,7.47
89,35,2,15,90.94,6.062666666666667
89,35,3,10,34.28,3.428
89,35,4,16,47.28,2.955
89,40,0,20,158.07,7.903499999999999
89,40,1,15,110.43,7.362
89,40,2,9,55.42,6.157777777777778
89,40,3,17,98.89,5.817058823529412
89,40,4,10,56.67,5.667
89,43,0,17,182.26,10.721176470588235
89,43,1,19,197.51,10.395263157894737
89,43,2,8,83.06,10.3825
89,43,3,16,136.46,8.52875
89,43,4,12,88.37,7.364166666666667
89,45,0,9,53.41,5.934444444444444
89,45,1,16,57.51,3.594375
89,45,2,3,8.0,2.6666666666666665
89,45,3,12,29.54,2.4616666666666664
89,45,4,10,23.33,2.3329999999999997
89,47,0,1,10.7,10.7
89,47,1,17,103.26,6.074117647058824
89,47,2,19,89.86,4.729473684210526
89,47,3,8,29.08,3.635
89,47,4,14,16.03,1.145
89,48,0,11,69.37,6.306363636363637
89,48,1,12,72.51,6.0425
89,48,2,11,59.18,5.38
89,48,3,8,5.95,0.74375
89,48,4,15,4.51,0.30066666666666664
89,49,0,13,112.85,8.680769230769231
89,49,1,5,36.58,7.316
89,49,2,8,47.43,5.92875
89,49,3,16,32.3,2.01875
89,49,4,17,27.17,1.5982352941176472
89,52,0,10,65.07,6.507
89,52,1,5,27.94,5.588
89,52,2,2,9.29,4.645
89,52,3,14,47.91,3.4221428571428567
89,52,4,15,51.04,3.4026666666666667
89,55,0,11,35.6,3.2363636363636363
89,55,1,7,15.95,2.2785714285714285
89,55,2,19,36.57,1.924736842105263
89,55,3,11,16.46,1.4963636363636363
89,55,4,9,12.52,1.391111111111111
89,56,0,11,74.05,6.7318181818181815
89,56,1,16,101.64,6.3525
89,56,2,19,79.12,4.16421052631579
89,56,3,12,41.57,3.464166666666667
89,56,4,10,13.32,1.332
89,59,0,12,69.25,5.770833333333333
89,59,1,18,88.9,4.938888888888889
89,59,2,10,39.66,3.9659999999999997
89,59,3,15,42.43,2.8286666666666664
89,59,4,16,27.81,1.738125
89,60,0,11,66.34,6.030909090909091
89,60,1,10,22.42,2.242
89,60,2,3,5.64,1.88
89,60,3,13,22.29,1.7146153846153847
89,60,4,7,8.55,1.2214285714285715
89,62,0,20,173.68,8.684000000000001
89,62,1,12,81.14,6.761666666666667
89,62,2,19,93.83,4.938421052631579
89,62,3,11,27.65,2.5136363636363637
89,62,4,8,13.61,1.70125
89,64,0,12,118.56,9.88
89,64,1,7,69.15,9.87857142857143
89,64,2,9,47.72,5.302222222222222
89,64,3,13,43.02,3.3092307692307696
89,64,4,1,1.05,1.05
89,66,0,10,55.46,5.546
89,66,1,8,32.1,4.0125
89,66,2,1,3.09,3.09
89,66,3,8,22.26,2.7825
89,66,4,2,4.92,2.46
89,67,0,13,57.38,4.413846153846154
89,67,1,13,50.37,3.8746153846153844
89,67,2,13,38.87,2.9899999999999998
89,67,3,10,24.95,2.495
89,67,4,2,2.98,1.49
89,69,0,5,31.48,6.296
89,69,1,20,93.83,4.6915
89,69,2,19,66.13,3.4805263157894735
89,69,3,11,21.01,1.9100000000000001
89,69,4,14,13.81,0.9864285714285714
89,70,0,13,124.24,9.556923076923077
89,70,1,1,8.15,8.15
89,70,2,6,27.33,4.555
89,70,3,15,66.45,4.430000000000001
89,70,4,10,21.93,2.193
89,71,0,10,47.15,4.715
89,71,1,2,9.36,4.68
89,71,2,20,79.63,3.9814999999999996
89,71,3,6,18.77,3.1283333333333334
89,71,4,8,22.43,2.80375
89,73,0,6,7.15,1.1916666666666667
89,73,1,7,8.02,1.1457142857142857
89,73,2,3,1.82,0.6066666666666667
89,73,3,5,1.22,0.244
89,73,4,1,0.13,0.13
89,79,0,17,51.06,3.0035294117647062
89,79,1,2,5.51,2.755
89,79,2,4,9.13,2.2825
89,79,3,11,25.08,2.28
89,79,4,6,4.39,0.7316666666666666
89,82,0,5,12.65,2.5300000000000002
89,82,1,9,18.65,2.072222222222222
89,82,2,15,23.04,1.536
89,82,3,19,8.87,0.46684210526315784
89,82,4,2,0.45,0.225
89,83,0,19,130.48,6.867368421052631
89,83,1,3,19.4,6.466666666666666
89,83,2,3,16.27,5.423333333333333
89,83,3,15,61.67,4.1113333333333335
89,83,4,19,50.19,2.641578947368421
89,86,0,5,5.45,1.09
89,86,1,14,14.11,1.0078571428571428
89,86,2,19,11.46,0.6031578947368421
89,86,3,3,0.6,0.19999999999999998
89,86,4,4,0.66,0.165
89,88,0,7,36.17,5.167142857142857
89,88,1,4,20.34,5.085
89,88,2,8,28.41,3.55125
89,88,3,8,7.67,0.95875
89,88,4,18,16.78,0.9322222222222223
89,90,0,10,88.09,8.809000000000001
89,90,1,5,25.46,5.0920000000000005
89,90,2,1,4.68,4.68
89,90,3,2,6.59,3.295
89,90,4,18,45.29,2.516111111111111
89,93,0,19,87.39,4.599473684210526
89,93,1,15,52.78,3.518666666666667
89,93,2,14,46.11,3.2935714285714286
89,93,3,18,29.69,1.6494444444444445
89,93,4,18,23.38,1.2988888888888888
89,94,0,8,35.4,4.425
89,94,1,9,16.29,1.8099999999999998
89,94,2,4,6.17,1.5425
89,94,3,13,11.95,0.9192307692307692
89,94,4,16,10.16,0.635
89,95,0,10,75.51,7.551
89,95,1,5,26.2,5.24
89,95,2,16,75.02,4.68875
89,95,3,4,9.97,2.4925
89,95,4,12,10.71,0.8925000000000001
89,97,0,12,125.57,10.464166666666666
89,97,1,13,106.78,8.213846153846154
89,97,2,5,29.42,5.884
89,97,3,5,18.21,3.6420000000000003
89,97,4,5,3.92,0.784
89,99,0,1,7.56,7.56
89,99,1,6,44.96,7.493333333333333
89,99,2,8,49.87,6.23375
89,99,3,14,71.39,5.099285714285714
89,99,4,9,28.05,3.1166666666666667
90,0,0,13,18.13,1.3946153846153846
90,0,1,18,19.25,1.0694444444444444
90,0,2,4,3.33,0.8325
90,0,3,5,1.61,0.322
90,0,4,13,3.28,0.2523076923076923
90,1,0,16,7.55,0.471875
90,1,1,7,3.25,0.4642857142857143
90,1,2,13,2.72,0.20923076923076925
90,1,3,18,3.58,0.1988888888888889
90,1,4,13,1.46,0.1123076923076923
90,3,0,18,8.84,0.4911111111111111
90,3,1,8,3.35,0.41875
90,3,2,14,4.19,0.2992857142857143
90,3,3,14,2.97,0.21214285714285716
90,3,4,9,0.32,0.035555555555555556
90,6,0,14,101.83,7.273571428571429
90,6,1,18,92.94,5.163333333333333
90,6,2,15,53.42,3.5613333333333332
90,6,3,6,20.62,3.436666666666667
90,6,4,14,44.96,3.2114285714285713
90,9,0,10,40.38,4.038
90,9,1,14,56.08,4.005714285714285
90,9,2,18,50.75,2.8194444444444446
90,9,3,1,2.04,2.04
90,9,4,8,8.64,1.08
90,10,0,20,127.72,6.386
90,10,1,1,5.22,5.22
90,10,2,19,85.43,4.496315789473685
90,10,3,12,13.96,1.1633333333333333
90,10,4,9,8.61,0.9566666666666666
90,12,0,2,6.37,3.185
90,12,1,12,25.77,2.1475
90,12,2,11,23.09,2.099090909090909
90,12,3,7,10.24,1.4628571428571429
90,12,4,2,1.81,0.905
90,13,0,11,10.87,0.9881818181818182
90,13,1,11,6.95,0.6318181818181818
90,13,2,6,3.11,0.5183333333333333
90,13,3,16,2.18,0.13625
90,13,4,20,2.31,0.1155
90,14,0,12,11.77,0.9808333333333333
90,14,1,9,7.72,0.8577777777777778
90,14,2,4,3.41,0.8525
90,14,3,5,4.17,0.834
90,14,4,8,4.46,0.5575
90,16,0,13,47.25,3.6346153846153846
90,16,1,3,4.99,1.6633333333333333
90,16,2,2,3.02,1.51
90,16,3,19,22.5,1.1842105263157894
90,16,4,15,4.43,0.29533333333333334
90,17,0,19,40.27,2.1194736842105266
90,17,1,7,10.81,1.5442857142857143
90,17,2,2,2.72,1.36
90,17,3,6,5.61,0.935
90,17,4,1,0.6,0.6
90,18,0,8,22.33,2.79125
90,18,1,15,38.93,2.5953333333333335
90,18,2,6,12.0,2.0
90,18,3,7,8.65,1.2357142857142858
90,18,4,20,5.29,0.2645
90,20,0,9,21.68,2.408888888888889
90,20,1,17,26.11,1.5358823529411765
90,20,2,1,1.3,1.3
90,20,3,3,3.4,1.1333333333333333
90,20,4,16,12.49,0.780625
90,23,0,20,145.12,7.256
90,23,1,15,89.07,5.938
90,23,2,17,45.16,2.656470588235294
90,23,3,8,5.02,0.6275
90,23,4,8,2.94,0.3675
90,27,0,15,93.96,6.263999999999999
90,27,1,14,70.97,5.069285714285714
90,27,2,19,72.56,3.818947368421053
90,27,3,8,21.45,2.68125
90,27,4,20,17.16,0.858
90,31,0,9,15.24,1.6933333333333334
90,31,1,1,1.41,1.41
90,31,2,6,6.69,1.115
90,31,3,10,9.12,0.9119999999999999
90,31,4,7,2.04,0.2914285714285714
90,32,0,8,30.76,3.845
90,32,1,6,21.36,3.56
90,32,2,18,26.56,1.4755555555555555
90,32,3,5,3.76,0.752
90,32,4,3,1.7,0.5666666666666667
90,34,0,3,2.37,0.79
90,34,1,11,7.94,0.7218181818181818
90,34,2,1,0.67,0.67
90,34,3,2,0.54,0.27
90,34,4,3,0.6,0.19999999999999998
90,35,0,11,32.88,2.9890909090909092
90,35,1,4,9.83,2.4575
90,35,2,16,24.62,1.53875
90,35,3,14,20.77,1.4835714285714285
90,35,4,4,3.83,0.9575
90,40,0,15,30.92,2.0613333333333332
90,40,1,11,21.29,1.9354545454545453
90,40,2,6,8.28,1.38
90,40,3,1,1.36,1.36
90,40,4,18,22.16,1.231111111111111
90,43,0,13,10.92,0.84
90,43,1,3,2.25,0.75
90,43,2,7,3.52,0.5028571428571429
90,43,3,9,3.98,0.44222222222222224
90,43,4,12,1.43,0.11916666666666666
90,45,0,13,25.43,1.9561538461538461
90,45,1,19,32.87,1.7299999999999998
90,45,2,6,6.27,1.045
90,45,3,10,7.64,0.764
90,45,4,7,1.0,0.14285714285714285
90,47,0,11,46.62,4.238181818181818
90,47,1,6,24.37,4.0616666666666665
90,47,2,3,9.88,3.2933333333333334
90,47,3,20,50.47,2.5235
90,47,4,11,12.75,1.1590909090909092
90,48,0,9,44.08,4.897777777777778
90,48,1,8,32.11,4.01375
90,48,2,7,17.92,2.56
90,48,3,4,6.51,1.6275
90,48,4,9,13.97,1.5522222222222224
90,49,0,11,17.97,1.6336363636363636
90,49,1,19,26.29,1.3836842105263158
90,49,2,16,12.4,0.775
90,49,3,8,5.04,0.63
90,49,4,10,2.6,0.26
90,52,0,3,7.78,2.5933333333333333
90,52,1,14,28.06,2.004285714285714
90,52,2,13,24.32,1.8707692307692307
90,52,3,7,8.38,1.1971428571428573
90,52,4,17,5.64,0.3317647058823529
90,55,0,6,13.37,2.228333333333333
90,55,1,17,34.05,2.0029411764705882
90,55,2,15,18.33,1.222
90,55,3,20,23.25,1.1625
90,55,4,5,1.83,0.366
90,56,0,7,28.84,4.12
90,56,1,2,3.98,1.99
90,56,2,4,7.89,1.9725
90,56,3,5,7.45,1.49
90,56,4,3,1.0,0.3333333333333333
90,59,0,12,32.97,2.7475
90,59,1,16,38.85,2.428125
90,59,2,3,5.09,1.6966666666666665
90,59,3,20,23.98,1.199
90,59,4,9,4.33,0.4811111111111111
90,60,0,6,25.94,4.323333333333333
90,60,1,4,4.23,1.0575
90,60,2,16,9.3,0.58125
90,60,3,20,10.8,0.54
90,60,4,6,2.65,0.44166666666666665
90,62,0,1,2.33,2.33
90,62,1,11,23.93,2.1754545454545453
90,62,2,6,7.73,1.2883333333333333
90,62,3,7,4.54,0.6485714285714286
90,62,4,5,1.78,0.356
90,64,0,7,5.23,0.7471428571428572
90,64,1,20,12.64,0.632
90,64,2,11,6.18,0.5618181818181818
90,64,3,4,1.49,0.3725
90,64,4,2,0.65,0.325
90,66,0,2,9.41,4.705
90,66,1,2,8.96,4.48
90,66,2,9,37.33,4.147777777777778
90,66,3,5,8.32,1.6640000000000001
90,66,4,1,0.44,0.44
90,67,0,7,31.66,4.522857142857143
90,67,1,18,28.04,1.5577777777777777
90,67,2,15,22.45,1.4966666666666666
90,67,3,18,10.41,0.5783333333333334
90,67,4,17,7.45,0.43823529411764706
90,69,0,18,73.86,4.1033333333333335
90,69,1,6,20.32,3.3866666666666667
90,69,2,11,29.55,2.6863636363636365
90,69,3,8,16.52,2.065
90,69,4,12,3.55,0.29583333333333334
90,70,0,10,8.33,0.833
90,70,1,18,14.52,0.8066666666666666
90,70,2,18,11.25,0.625
90,70,3,1,0.5,0.5
90,70,4,4,0.31,0.0775
90,71,0,7,68.39,9.77
90,71,1,4,33.16,8.29
90,71,2,20,153.8,7.69
90,71,3,16,117.67,7.354375
90,71,4,15,43.78,2.9186666666666667
90,73,0,15,164.55,10.97
90,73,1,11,113.78,10.343636363636364
90,73,2,17,140.66,8.274117647058823
90,73,3,6,34.33,5.721666666666667
90,73,4,9,48.02,5.335555555555556
90,79,0,10,85.8,8.58
90,79,1,20,164.29,8.2145
90,79,2,6,45.35,7.558333333333334
90,79,3,3,19.29,6.43
90,79,4,6,17.72,2.953333333333333
90,82,0,11,85.41,7.764545454545455
90,82,1,16,102.22,6.38875
90,82,2,11,52.11,4.737272727272727
90,82,3,2,8.73,4.365
90,82,4,20,45.51,2.2755
90,83,0,5,36.09,7.218000000000001
90,83,1,11,63.11,5.737272727272727
90,83,2,15,81.8,5.453333333333333
90,83,3,2,8.62,4.31
90,83,4,3,12.9,4.3
90,86,0,18,173.23,9.623888888888889
90,86,1,10,66.86,6.686
90,86,2,20,132.42,6.6209999999999996
90,86,3,16,99.61,6.225625
90,86,4,8,12.52,1.565
90,88,0,13,27.88,2.1446153846153844
90,88,1,13,24.24,1.8646153846153846
90,88,2,12,14.4,1.2
90,88,3,13,7.76,0.5969230769230769
90,88,4,18,5.5,0.3055555555555556
90,89,0,5,44.85,8.97
90,89,1,18,151.81,8.43388888888889
90,89,2,18,130.73,7.262777777777777
90,89,3,13,79.77,6.136153846153846
90,89,4,4,22.61,5.6525
90,93,0,8,76.19,9.52375
90,93,1,4,35.97,8.9925
90,93,2,10,89.13,8.913
90,93,3,9,74.23,8.247777777777777
90,93,4,18,70.59,3.921666666666667
90,94,0,7,37.31,5.33
90,94,1,4,20.3,5.075
90,94,2,3,9.37,3.123333333333333
90,94,3,7,21.59,3.084285714285714
90,94,4,15,4.3,0.2866666666666667
90,95,0,11,1.9,0.17272727272727273
90,95,1,7,0.59,0.08428571428571428
90,95,2,11,0.48,0.04363636363636363
90,95,3,18,0.51,0.028333333333333335
90,95,4,9,0.18,0.02
90,97,0,8,39.39,4.92375
90,97,1,16,74.97,4.685625
90,97,2,20,87.51,4.375500000000001
90,97,3,6,24.97,4.161666666666666
90,97,4,2,1.17,0.585
90,99,0,12,13.61,1.1341666666666665
90,99,1,2,2.05,1.025
90,99,2,19,11.08,0.5831578947368421
90,99,3,11,4.33,0.3936363636363636
90,99,4,12,2.79,0.2325
93,0,0,6,51.45,8.575000000000001
93,0,1,4,29.96,7.49
93,0,2,16,95.76,5.985
93,0,3,20,66.81,3.3405
93,0,4,13,30.42,2.3400000000000003
93,1,0,17,167.2,9.835294117647058
93,1,1,16,154.42,9.65125
93,1,2,16,121.08,7.5675
93,1,3,16,54.7,3.41875
93,1,4,17,32.71,1.9241176470588235
93,3,0,16,130.6,8.1625
93,3,1,17,135.71,7.982941176470589
93,3,2,2,7.05,3.525
93,3,3,9,29.3,3.2555555555555555
93,3,4,7,18.5,2.642857142857143
93,6,0,5,14.33,2.866
93,6,1,20,57.09,2.8545000000000003
93,6,2,19,19.78,1.0410526315789475
93,6,3,20,10.51,0.5255
93,6,4,16,6.6,0.4125
93,9,0,12,67.04,5.586666666666667
93,9,1,20,107.27,5.3635
93,9,2,12,57.43,4.785833333333334
93,9,3,2,3.63,1.815
93,9,4,20,10.58,0.529
93,10,0,8,36.7,4.5875
93,10,1,9,17.27,1.9188888888888889
93,10,2,13,12.67,0.9746153846153847
93,10,3,17,16.09,0.9464705882352941
93,10,4,7,4.28,0.6114285714285714
93,12,0,10,69.57,6.956999999999999
93,12,1,12,63.71,5.309166666666667
93,12,2,3,9.24,3.08
93,12,3,4,8.31,2.0775
93,12,4,17,7.16,0.4211764705882353
93,13,0,7,72.04,10.291428571428572
93,13,1,1,7.02,7.02
93,13,2,2,13.43,6.715
93,13,3,3,13.78,4.593333333333333
93,13,4,2,5.99,2.995
93,14,0,17,158.89,9.346470588235293
93,14,1,8,55.4,6.925
93,14,2,18,97.16,5.397777777777778
93,14,3,9,44.07,4.8966666666666665
93,14,4,2,5.01,2.505
93,16,0,8,68.88,8.61
93,16,1,10,85.62,8.562000000000001
93,16,2,9,59.38,6.597777777777778
93,16,3,2,3.69,1.845
93,16,4,13,19.31,1.4853846153846153
93,17,0,13,92.32,7.101538461538461
93,17,1,14,75.5,5.392857142857143
93,17,2,17,71.08,4.181176470588235
93,17,3,15,33.16,2.2106666666666666
93,17,4,20,12.78,0.639
93,18,0,9,61.84,6.871111111111111
93,18,1,12,80.07,6.672499999999999
93,18,2,13,73.52,5.655384615384615
93,18,3,4,14.47,3.6175
93,18,4,8,4.86,0.6075
93,20,0,12,81.98,6.831666666666667
93,20,1,5,28.93,5.786
93,20,2,12,68.07,5.672499999999999
93,20,3,7,7.61,1.0871428571428572
93,20,4,2,2.11,1.055
93,23,0,1,2.74,2.74
93,23,1,17,35.77,2.104117647058824
93,23,2,19,27.82,1.4642105263157894
93,23,3,4,4.58,1.145
93,23,4,13,2.31,0.1776923076923077
93,27,0,8,29.68,3.71
93,27,1,14,18.83,1.345
93,27,2,12,15.13,1.2608333333333335
93,27,3,14,16.57,1.1835714285714285
93,27,4,7,6.19,0.8842857142857143
93,31,0,15,94.02,6.268
93,31,1,20,106.83,5.3415
93,31,2,7,32.9,4.7
93,31,3,3,5.13,1.71
93,31,4,11,18.16,1.6509090909090909
93,32,0,6,32.71,5.451666666666667
93,32,1,19,53.34,2.8073684210526317
93,32,2,10,23.45,2.3449999999999998
93,32,3,10,21.34,2.134
93,32,4,16,7.42,0.46375
93,34,0,3,23.87,7.956666666666667
93,34,1,7,47.65,6.807142857142857
93,34,2,18,119.91,6.661666666666666
93,34,3,10,59.04,5.904
93,34,4,17,40.83,2.401764705882353
93,35,0,8,54.91,6.86375
93,35,1,11,30.19,2.7445454545454546
93,35,2,2,4.47,2.235
93,35,3,2,2.21,1.105
93,35,4,6,1.74,0.29
93,40,0,1,7.07,7.07
93,40,1,7,37.73,5.39
93,40,2,12,40.45,3.3708333333333336
93,40,3,11,25.73,2.3390909090909093
93,40,4,8,3.62,0.4525
93,43,0,8,71.29,8.91125
93,43,1,6,31.59,5.265
93,43,2,1,4.9,4.9
93,43,3,4,18.35,4.5875
93,43,4,8,4.27,0.53375
93,45,0,4,22.67,5.6675
93,45,1,2,10.85,5.425
93,45,2,14,58.16,4.154285714285714
93,45,3,2,4.57,2.285
93,45,4,3,5.82,1.9400000000000002
93,47,0,13,106.88,8.221538461538461
93,47,1,6,44.5,7.416666666666667
93,47,2,6,37.99,6.331666666666667
93,47,3,11,58.18,5.289090909090909
93,47,4,11,42.57,3.87
93,48,0,14,66.73,4.7664285714285715
93,48,1,18,77.09,4.282777777777778
93,48,2,2,7.43,3.715
93,48,3,17,51.71,3.041764705882353
93,48,4,11,14.3,1.3
93,49,0,5,35.03,7.006
93,49,1,13,77.03,5.9253846153846155
93,49,2,10,45.95,4.595000000000001
93,49,3,6,11.8,1.9666666666666668
93,49,4,14,8.77,0.6264285714285714
93,52,0,14,76.03,5.430714285714286
93,52,1,14,55.49,3.9635714285714285
93,52,2,14,44.54,3.1814285714285715
93,52,3,10,14.0,1.4
93,52,4,18,8.41,0.4672222222222222
93,55,0,11,59.07,5.37
93,55,1,8,39.96,4.995
93,55,2,11,50.6,4.6000000000000005
93,55,3,9,38.71,4.301111111111111
93,55,4,18,22.28,1.2377777777777779
93,56,0,8,39.25,4.90625
93,56,1,8,24.64,3.08
93,56,2,1,1.75,1.75
93,56,3,12,12.65,1.0541666666666667
93,56,4,8,4.43,0.55375
93,59,0,14,87.85,6.2749999999999995
93,59,1,9,55.28,6.142222222222222
93,59,2,17,65.04,3.8258823529411767
93,59,3,19,67.65,3.560526315789474
93,59,4,8,12.86,1.6075
93,60,0,4,22.42,5.605
93,60,1,3,16.69,5.5633333333333335
93,60,2,16,61.94,3.87125
93,60,3,12,31.49,2.6241666666666665
93,60,4,5,3.28,0.6559999999999999
93,62,0,16,96.99,6.061875
93,62,1,15,73.92,4.928
93,62,2,5,9.54,1.908
93,62,3,12,6.96,0.58
93,62,4,4,2.04,0.51
93,64,0,7,73.39,10.484285714285715
93,64,1,5,44.55,8.91
93,64,2,3,23.03,7.676666666666667
93,64,3,16,99.71,6.231875
93,64,4,13,44.3,3.4076923076923076
93,66,0,7,21.4,3.057142857142857
93,66,1,3,6.54,2.18
93,66,2,10,11.64,1.1640000000000001
93,66,3,12,7.73,0.6441666666666667
93,66,4,5,2.93,0.5860000000000001
93,67,0,13,51.14,3.933846153846154
93,67,1,9,30.15,3.3499999999999996
93,67,2,20,60.73,3.0364999999999998
93,67,3,19,50.38,2.6515789473684213
93,67,4,7,14.74,2.105714285714286
93,69,0,16,88.19,5.511875
93,69,1,13,64.38,4.952307692307692
93,69,2,1,2.6,2.6
93,69,3,19,35.5,1.868421052631579
93,69,4,9,4.04,0.4488888888888889
93,70,0,3,27.05,9.016666666666667
93,70,1,15,122.57,8.171333333333333
93,70,2,19,90.93,4.785789473684211
93,70,3,9,39.62,4.402222222222222
93,70,4,20,78.15,3.9075
93,71,0,14,6.71,0.47928571428571426
93,71,1,13,4.46,0.34307692307692306
93,71,2,16,5.39,0.336875
93,71,3,14,4.53,0.32357142857142857
93,71,4,18,1.33,0.07388888888888889
93,73,0,18,92.96,5.164444444444444
93,73,1,17,63.94,3.7611764705882353
93,73,2,13,38.89,2.9915384615384615
93,73,3,18,45.01,2.5005555555555556
93,73,4,17,13.11,0.7711764705882352
93,79,0,4,13.86,3.465
93,79,1,11,23.17,2.1063636363636364
93,79,2,15,25.3,1.6866666666666668
93,79,3,6,7.22,1.2033333333333334
93,79,4,20,15.69,0.7845
93,82,0,9,24.5,2.7222222222222223
93,82,1,14,31.33,2.2378571428571425
93,82,2,15,29.5,1.9666666666666666
93,82,3,2,2.95,1.475
93,82,4,19,12.14,0.6389473684210527
93,83,0,3,9.58,3.1933333333333334
93,83,1,11,23.59,2.1445454545454545
93,83,2,8,16.43,2.05375
93,83,3,4,7.34,1.835
93,83,4,14,24.04,1.717142857142857
93,86,0,20,115.19,5.7595
93,86,1,12,55.02,4.585
93,86,2,11,39.95,3.6318181818181823
93,86,3,2,5.55,2.775
93,86,4,16,23.97,1.498125
93,88,0,9,64.24,7.137777777777777
93,88,1,3,12.2,4.066666666666666
93,88,2,8,25.82,3.2275
93,88,3,18,42.99,2.3883333333333336
93,88,4,9,14.54,1.6155555555555554
93,89,0,16,61.79,3.861875
93,89,1,10,24.79,2.479
93,89,2,19,35.48,1.8673684210526313
93,89,3,20,33.93,1.6965
93,89,4,3,4.1,1.3666666666666665
93,90,0,5,34.47,6.894
93,90,1,1,6.88,6.88
93,90,2,6,34.31,5.718333333333334
93,90,3,20,103.15,5.157500000000001
93,90,4,5,12.29,2.4579999999999997
93,94,0,4,14.3,3.575
93,94,1,14,43.16,3.0828571428571427
93,94,2,7,19.59,2.7985714285714285
93,94,3,4,7.69,1.9225
93,94,4,20,36.5,1.825
93,95,0,6,56.96,9.493333333333334
93,95,1,1,8.46,8.46
93,95,2,17,137.16,8.068235294117647
93,95,3,6,30.22,5.036666666666666
93,95,4,7,23.04,3.2914285714285714
93,97,0,13,117.05,9.003846153846153
93,97,1,4,30.39,7.5975
93,97,2,19,62.1,3.268421052631579
93,97,3,6,15.9,2.65
93,97,4,18,20.39,1.1327777777777779
93,99,0,11,80.43,7.311818181818182
93,99,1,3,10.6,3.533333333333333
93,99,2,12,28.51,2.3758333333333335
93,99,3,14,31.46,2.2471428571428573
93,99,4,17,14.3,0.8411764705882353
94,0,0,14,50.25,3.5892857142857144
94,0,1,11,37.4,3.4
94,0,2,9,27.8,3.088888888888889
94,0,3,19,51.34,2.702105263157895
94,0,4,20,45.65,2.2824999999999998
94,1,0,7,37.2,5.314285714285715
94,1,1,17,81.74,4.8082352941176465
94,1,2,11,50.75,4.613636363636363
94,1,3,9,23.82,2.6466666666666665
94,1,4,9,9.46,1.051111111111111
94,3,0,15,73.93,4.928666666666667
94,3,1,10,39.02,3.902
94,3,2,10,33.35,3.335
94,3,3,9,14.58,1.62
94,3,4,2,1.18,0.59
94,6,0,16,33.21,2.075625
94,6,1,11,22.37,2.0336363636363637
94,6,2,7,12.35,1.7642857142857142
94,6,3,7,7.89,1.127142857142857
94,6,4,19,8.2,0.431578947368421
94,9,0,6,10.85,1.8083333333333333
94,9,1,3,3.7,1.2333333333333334
94,9,2,7,7.39,1.0557142857142856
94,9,3,1,0.28,0.28
94,9,4,5,0.48,0.096
94,10,0,15,22.52,1.5013333333333334
94,10,1,12,8.83,0.7358333333333333
94,10,2,7,3.26,0.4657142857142857
94,10,3,19,5.27,0.27736842105263154
94,10,4,12,3.08,0.25666666666666665
94,12,0,9,22.24,2.471111111111111
94,12,1,11,25.05,2.2772727272727273
94,12,2,6,7.46,1.2433333333333334
94,12,3,9,6.92,0.7688888888888888
94,12,4,20,6.78,0.339
94,13,0,20,139.16,6.958
94,13,1,1,6.12,6.12
94,13,2,1,2.59,2.59
94,13,3,2,4.43,2.215
94,13,4,16,5.43,0.339375
94,14,0,4,24.62,6.155
94,14,1,19,112.5,5.921052631578948
94,14,2,15,79.38,5.292
94,14,3,9,43.92,4.88
94,14,4,2,8.08,4.04
94,16,0,18,70.14,3.8966666666666665
94,16,1,13,48.4,3.723076923076923
94,16,2,17,58.05,3.414705882352941
94,16,3,2,3.68,1.84
94,16,4,12,18.13,1.5108333333333333
94,17,0,13,40.75,3.1346153846153846
94,17,1,19,57.66,3.034736842105263
94,17,2,17,43.43,2.554705882352941
94,17,3,6,13.37,2.228333333333333
94,17,4,17,3.56,0.20941176470588235
94,18,0,18,58.42,3.2455555555555557
94,18,1,8,20.71,2.58875
94,18,2,11,27.77,2.5245454545454544
94,18,3,16,16.66,1.04125
94,18,4,3,2.72,0.9066666666666667
94,20,0,20,55.19,2.7595
94,20,1,3,7.99,2.6633333333333336
94,20,2,4,4.94,1.235
94,20,3,20,12.15,0.6075
94,20,4,8,1.4,0.175
94,23,0,11,22.64,2.058181818181818
94,23,1,12,22.12,1.8433333333333335
94,23,2,14,8.57,0.6121428571428572
94,23,3,8,4.6,0.575
94,23,4,1,0.26,0.26
94,27,0,7,7.63,1.09
94,27,1,5,4.64,0.9279999999999999
94,27,2,3,2.66,0.8866666666666667
94,27,3,13,10.88,0.836923076923077
94,27,4,12,5.97,0.4975
94,31,0,14,35.65,2.5464285714285713
94,31,1,8,20.1,2.5125
94,31,2,5,9.23,1.846
94,31,3,15,15.99,1.066
94,31,4,11,8.39,0.7627272727272728
94,32,0,1,3.7,3.7
94,32,1,16,36.57,2.285625
94,32,2,12,20.45,1.7041666666666666
94,32,3,4,5.77,1.4425
94,32,4,19,23.11,1.2163157894736842
94,34,0,20,77.05,3.8525
94,34,1,13,41.76,3.212307692307692
94,34,2,19,30.93,1.6278947368421053
94,34,3,2,2.89,1.445
94,34,4,4,2.78,0.695
94,35,0,1,1.76,1.76
94,35,1,20,25.19,1.2595
94,35,2,9,8.43,0.9366666666666666
94,35,3,2,1.73,0.865
94,35,4,12,7.34,0.6116666666666667
94,40,0,19,78.28,4.12
94,40,1,5,7.67,1.534
94,40,2,15,16.94,1.1293333333333335
94,40,3,18,9.93,0.5516666666666666
94,40,4,11,4.05,0.36818181818181817
94,43,0,2,11.17,5.585
94,43,1,16,71.95,4.496875
94,43,2,11,37.85,3.440909090909091
94,43,3,13,41.12,3.1630769230769227
94,43,4,8,5.24,0.655
94,45,0,20,36.61,1.8305
94,45,1,19,30.62,1.611578947368421
94,45,2,4,5.8,1.45
94,45,3,6,8.34,1.39
94,45,4,8,7.08,0.885
94,47,0,12,50.85,4.2375
94,47,1,12,49.25,4.104166666666667
94,47,2,20,61.34,3.067
94,47,3,3,7.82,2.606666666666667
94,47,4,8,14.29,1.78625
94,48,0,13,9.52,0.7323076923076923
94,48,1,18,10.64,0.5911111111111111
94,48,2,11,2.65,0.2409090909090909
94,48,3,2,0.37,0.185
94,48,4,9,1.48,0.16444444444444445
94,49,0,10,31.58,3.158
94,49,1,13,32.04,2.4646153846153847
94,49,2,5,11.22,2.244
94,49,3,18,37.58,2.0877777777777777
94,49,4,6,8.44,1.4066666666666665
94,52,0,9,9.82,1.0911111111111111
94,52,1,3,3.18,1.06
94,52,2,10,10.28,1.028
94,52,3,20,14.17,0.7085
94,52,4,11,7.46,0.6781818181818182
94,55,0,8,23.16,2.895
94,55,1,4,8.96,2.24
94,55,2,4,8.56,2.14
94,55,3,9,18.47,2.052222222222222
94,55,4,7,10.73,1.532857142857143
94,56,0,15,25.01,1.6673333333333333
94,56,1,19,29.06,1.5294736842105263
94,56,2,13,18.92,1.4553846153846155
94,56,3,4,3.1,0.775
94,56,4,1,0.55,0.55
94,59,0,15,31.05,2.07
94,59,1,1,1.88,1.88
94,59,2,8,10.9,1.3625
94,59,3,1,1.09,1.09
94,59,4,5,4.86,0.9720000000000001
94,60,0,14,39.54,2.8242857142857143
94,60,1,11,28.82,2.62
94,60,2,4,5.89,1.4725
94,60,3,20,8.37,0.4185
94,60,4,3,0.6,0.19999999999999998
94,62,0,2,4.77,2.385
94,62,1,19,27.49,1.4468421052631577
94,62,2,13,12.64,0.9723076923076923
94,62,3,13,3.22,0.2476923076923077
94,62,4,12,1.8,0.15
94,64,0,16,91.27,5.704375
94,64,1,1,5.39,5.39
94,64,2,3,15.13,5.043333333333334
94,64,3,14,31.46,2.2471428571428573
94,64,4,9,12.66,1.4066666666666667
94,66,0,8,3.68,0.46
94,66,1,12,5.41,0.45083333333333336
94,66,2,15,6.39,0.426
94,66,3,18,7.07,0.3927777777777778
94,66,4,6,1.62,0.27
94,67,0,5,7.68,1.536
94,67,1,5,6.87,1.374
94,67,2,10,8.56,0.8560000000000001
94,67,3,8,4.46,0.5575
94,67,4,9,3.55,0.39444444444444443
94,69,0,17,52.69,3.099411764705882
94,69,1,6,14.31,2.3850000000000002
94,69,2,2,4.57,2.285
94,69,3,8,14.76,1.845
94,69,4,18,21.67,1.203888888888889
94,70,0,17,91.29,5.37
94,70,1,20,74.16,3.7079999999999997
94,70,2,14,47.67,3.4050000000000002
94,70,3,3,6.92,2.3066666666666666
94,70,4,6,7.4,1.2333333333333334
94,71,0,19,82.87,4.361578947368422
94,71,1,6,21.71,3.6183333333333336
94,71,2,1,3.54,3.54
94,71,3,18,40.9,2.272222222222222
94,71,4,4,1.49,0.3725
94,73,0,20,116.39,5.8195
94,73,1,18,67.14,3.73
94,73,2,4,13.34,3.335
94,73,3,7,21.74,3.1057142857142854
94,73,4,12,30.01,2.5008333333333335
94,79,0,14,96.77,6.9121428571428565
94,79,1,4,26.74,6.685
94,79,2,16,61.1,3.81875
94,79,3,4,12.71,3.1775
94,79,4,10,25.35,2.535
94,82,0,11,48.08,4.370909090909091
94,82,1,2,3.69,1.845
94,82,2,14,25.6,1.8285714285714287
94,82,3,2,1.3,0.65
94,82,4,8,2.78,0.3475
94,83,0,14,33.02,2.358571428571429
94,83,1,11,22.02,2.001818181818182
94,83,2,5,4.3,0.86
94,83,3,3,1.51,0.5033333333333333
94,83,4,16,2.87,0.179375
94,86,0,3,16.08,5.359999999999999
94,86,1,12,63.44,5.286666666666666
94,86,2,1,4.48,4.48
94,86,3,12,16.22,1.3516666666666666
94,86,4,2,0.99,0.495
94,88,0,2,5.42,2.71
94,88,1,18,34.36,1.9088888888888889
94,88,2,3,5.49,1.83
94,88,3,3,4.1,1.3666666666666665
94,88,4,8,8.16,1.02
94,89,0,13,52.67,4.0515384615384615
94,89,1,19,71.27,3.751052631578947
94,89,2,12,38.28,3.19
94,89,3,7,17.99,2.57
94,89,4,17,17.37,1.021764705882353
94,90,0,2,11.48,5.74
94,90,1,13,36.46,2.8046153846153845
94,90,2,11,29.36,2.669090909090909
94,90,3,13,8.15,0.6269230769230769
94,90,4,1,0.4,0.4
94,93,0,15,62.83,4.188666666666666
94,93,1,10,33.62,3.3619999999999997
94,93,2,6,19.08,3.1799999999999997
94,93,3,17,10.44,0.6141176470588235
94,93,4,6,2.19,0.365
94,95,0,2,9.28,4.64
94,95,1,7,30.92,4.417142857142857
94,95,2,11,41.03,3.73
94,95,3,9,23.29,2.5877777777777777
94,95,4,2,0.64,0.32
94,97,0,20,106.57,5.3285
94,97,1,11,54.63,4.966363636363637
94,97,2,4,15.45,3.8625
94,97,3,18,51.02,2.8344444444444448
94,97,4,20,19.35,0.9675
94,99,0,14,56.9,4.064285714285714
94,99,1,18,43.69,2.427222222222222
94,99,2,3,6.36,2.12
94,99,3,18,25.45,1.4138888888888888
94,99,4,10,10.47,1.0470000000000002
95,0,0,5,8.69,1.738
95,0,1,11,18.28,1.6618181818181819
95,0,2,19,26.87,1.4142105263157896
95,0,3,9,5.59,0.6211111111111111
95,0,4,11,3.87,0.3518181818181818
95,1,0,8,3.01,0.37625
95,1,1,17,5.31,0.31235294117647056
95,1,2,11,3.37,0.3063636363636364
95,1,3,13,2.68,0.20615384615384616
95,1,4,8,0.41,0.05125
95,3,0,4,3.43,0.8575
95,3,1,15,9.37,0.6246666666666666
95,3,2,7,1.88,0.26857142857142857
95,3,3,20,5.3,0.265
95,3,4,3,0.62,0.20666666666666667
95,6,0,1,7.53,7.53
95,6,1,16,109.95,6.871875
95,6,2,1,5.62,5.62
95,6,3,16,56.57,3.535625
95,6,4,2,4.48,2.24
95,9,0,9,50.55,5.616666666666666
95,9,1,19,92.25,4.855263157894737
95,9,2,15,25.03,1.6686666666666667
95,9,3,20,16.62,0.8310000000000001
95,9,4,19,12.59,0.6626315789473685
95,10,0,20,126.42,6.321
95,10,1,4,17.34,4.335
95,10,2,6,23.5,3.9166666666666665
95,10,3,3,5.42,1.8066666666666666
95,10,4,9,4.35,0.4833333333333333
95,12,0,10,44.83,4.483
95,12,1,7,30.49,4.355714285714286
95,12,2,13,38.5,2.9615384615384617
95,12,3,18,45.64,2.535555555555556
95,12,4,3,4.38,1.46
95,13,0,14,9.67,0.6907142857142857
95,13,1,8,4.58,0.5725
95,13,2,12,6.13,0.5108333333333334
95,13,3,15,5.39,0.35933333333333334
95,13,4,4,0.29,0.0725
95,14,0,2,1.3,0.65
95,14,1,9,4.15,0.46111111111111114
95,14,2,14,6.13,0.43785714285714283
95,14,3,19,7.76,0.40842105263157896
95,14,4,14,1.94,0.13857142857142857
95,16,0,15,35.67,2.378
95,16,1,11,25.38,2.307272727272727
95,16,2,12,25.71,2.1425
95,16,3,10,19.27,1.927
95,16,4,2,1.45,0.725
95,17,0,15,27.0,1.8
95,17,1,14,23.84,1.7028571428571428
95,17,2,13,21.0,1.6153846153846154
95,17,3,13,8.57,0.6592307692307693
95,17,4,5,1.69,0.33799999999999997
95,18,0,6,18.42,3.0700000000000003
95,18,1,19,55.19,2.904736842105263
95,18,2,20,50.27,2.5135
95,18,3,19,24.44,1.2863157894736843
95,18,4,11,7.09,0.6445454545454545
95,20,0,3,8.23,2.7433333333333336
95,20,1,19,44.71,2.3531578947368423
95,20,2,6,13.72,2.2866666666666666
95,20,3,17,17.41,1.0241176470588236
95,20,4,7,5.83,0.8328571428571429
95,23,0,13,74.29,5.714615384615385
95,23,1,8,34.02,4.2525
95,23,2,10,35.61,3.561
95,23,3,2,5.59,2.795
95,23,4,19,34.46,1.8136842105263158
95,27,0,1,5.1,5.1
95,27,1,14,45.67,3.2621428571428575
95,27,2,13,37.0,2.8461538461538463
95,27,3,11,20.27,1.8427272727272728
95,27,4,20,16.77,0.8385
95,31,0,6,11.3,1.8833333333333335
95,31,1,19,29.06,1.5294736842105263
95,31,2,5,5.12,1.024
95,31,3,15,12.81,0.854
95,31,4,12,9.11,0.7591666666666667
95,32,0,3,11.41,3.8033333333333332
95,32,1,8,24.09,3.01125
95,32,2,2,3.93,1.965
95,32,3,10,17.12,1.7120000000000002
95,32,4,12,10.14,0.8450000000000001
95,34,0,20,21.18,1.059
95,34,1,13,8.83,0.6792307692307692
95,34,2,16,5.94,0.37125
95,34,3,16,4.48,0.28
95,34,4,7,0.44,0.06285714285714286
95,35,0,5,13.83,2.766
95,35,1,19,50.02,2.6326315789473687
95,35,2,13,30.57,2.3515384615384614
95,35,3,4,9.3,2.325
95,35,4,3,0.63,0.21
95,40,0,19,50.46,2.6557894736842105
95,40,1,5,13.1,2.62
95,40,2,20,31.62,1.581
95,40,3,6,4.72,0.7866666666666666
95,40,4,2,0.43,0.215
95,43,0,8,4.23,0.52875
95,43,1,20,9.71,0.48550000000000004
95,43,2,18,5.45,0.3027777777777778
95,43,3,10,2.96,0.296
95,43,4,10,1.31,0.131
95,45,0,1,2.92,2.92
95,45,1,16,37.49,2.343125
95,45,2,1,2.26,2.26
95,45,3,19,38.97,2.0510526315789472
95,45,4,7,6.84,0.9771428571428571
95,47,0,7,27.62,3.9457142857142857
95,47,1,11,31.22,2.838181818181818
95,47,2,1,1.8,1.8
95,47,3,15,11.55,0.77
95,47,4,13,4.91,0.3776923076923077
95,48,0,19,98.09,5.1626315789473685
95,48,1,3,10.64,3.546666666666667
95,48,2,13,21.23,1.633076923076923
95,48,3,2,2.58,1.29
95,48,4,6,3.72,0.62
95,49,0,8,25.78,3.2225
95,49,1,15,45.04,3.002666666666667
95,49,2,10,18.18,1.818
95,49,3,1,1.69,1.69
95,49,4,8,7.94,0.9925
95,52,0,3,15.17,5.056666666666667
95,52,1,11,24.63,2.239090909090909
95,52,2,2,3.26,1.63
95,52,3,19,30.43,1.601578947368421
95,52,4,5,7.12,1.424
95,55,0,6,19.37,3.2283333333333335
95,55,1,4,12.78,3.195
95,55,2,20,58.64,2.932
95,55,3,17,46.84,2.755294117647059
95,55,4,16,24.34,1.52125
95,56,0,17,62.61,3.6829411764705884
95,56,1,9,24.3,2.7
95,56,2,15,38.94,2.5959999999999996
95,56,3,19,29.31,1.5426315789473684
95,56,4,12,15.29,1.2741666666666667
95,59,0,7,30.81,4.401428571428571
95,59,1,3,12.62,4.206666666666666
95,59,2,14,51.56,3.682857142857143
95,59,3,17,15.97,0.9394117647058824
95,59,4,1,0.71,0.71
95,60,0,12,60.31,5.025833333333334
95,60,1,16,66.79,4.174375
95,60,2,2,5.49,2.745
95,60,3,8,17.38,2.1725
95,60,4,13,4.16,0.32
95,62,0,16,53.72,3.3575
95,62,1,12,31.53,2.6275
95,62,2,10,15.64,1.564
95,62,3,4,4.6,1.15
95,62,4,7,4.94,0.7057142857142857
95,64,0,5,3.53,0.706
95,64,1,7,4.22,0.6028571428571429
95,64,2,11,2.27,0.20636363636363636
95,64,3,4,0.41,0.1025
95,64,4,14,1.14,0.08142857142857142
95,66,0,4,23.13,5.7825
95,66,1,18,73.57,4.087222222222222
95,66,2,7,26.6,3.8000000000000003
95,66,3,18,66.43,3.690555555555556
95,66,4,11,18.51,1.6827272727272728
95,67,0,14,55.18,3.9414285714285713
95,67,1,16,58.6,3.6625
95,67,2,10,27.11,2.711
95,67,3,16,28.95,1.809375
95,67,4,13,13.35,1.0269230769230768
95,69,0,2,9.44,4.72
95,69,1,4,16.4,4.1
95,69,2,18,59.03,3.2794444444444446
95,69,3,10,30.03,3.003
95,69,4,2,1.41,0.705
95,70,0,9,10.01,1.1122222222222222
95,70,1,8,5.28,0.66
95,70,2,5,2.47,0.49400000000000005
95,70,3,1,0.48,0.48
95,70,4,8,2.37,0.29625
95,71,0,2,20.1,10.05
95,71,1,16,94.6,5.9125
95,71,2,3,14.04,4.68
95,71,3,4,14.21,3.5525
95,71,4,15,9.07,0.6046666666666667
95,73,0,7,71.72,10.245714285714286
95,73,1,15,142.37,9.491333333333333
95,73,2,13,98.62,7.586153846153847
95,73,3,14,76.34,5.452857142857143
95,73,4,9,13.56,1.5066666666666668
95,79,0,10,68.88,6.888
95,79,1,17,112.82,6.6364705882352935
95,79,2,14,78.2,5.585714285714286
95,79,3,13,45.52,3.5015384615384617
95,79,4,12,30.95,2.5791666666666666
95,82,0,13,118.24,9.095384615384615
95,82,1,15,108.76,7.250666666666667
95,82,2,8,51.67,6.45875
95,82,3,3,18.74,6.246666666666666
95,82,4,13,29.05,2.2346153846153847
95,83,0,1,7.7,7.7
95,83,1,7,49.24,7.034285714285715
95,83,2,20,110.3,5.515
95,83,3,17,21.84,1.2847058823529411
95,83,4,8,3.73,0.46625
95,86,0,4,21.95,5.4875
95,86,1,15,75.96,5.063999999999999
95,86,2,17,85.47,5.027647058823529
95,86,3,10,20.45,2.045
95,86,4,4,5.23,1.3075
95,88,0,17,42.65,2.5088235294117647
95,88,1,2,4.36,2.18
95,88,2,11,23.44,2.130909090909091
95,88,3,5,8.87,1.7739999999999998
95,88,4,4,1.63,0.4075
95,89,0,6,53.3,8.883333333333333
95,89,1,1,8.29,8.29
95,89,2,6,35.79,5.965
95,89,3,17,36.53,2.148823529411765
95,89,4,9,16.89,1.8766666666666667
95,90,0,9,1.34,0.1488888888888889
95,90,1,11,1.02,0.09272727272727273
95,90,2,18,1.56,0.08666666666666667
95,90,3,14,1.17,0.08357142857142856
95,90,4,13,0.29,0.022307692307692306
95,93,0,1,8.87,8.87
95,93,1,9,50.32,5.591111111111111
95,93,2,11,20.47,1.8609090909090908
95,93,3,15,14.67,0.978
95,93,4,4,3.73,0.9325
95,94,0,10,57.69,5.769
95,94,1,16,32.71,2.044375
95,94,2,11,20.53,1.8663636363636364
95,94,3,11,20.34,1.8490909090909091
95,94,4,18,23.9,1.3277777777777777
95,97,0,17,93.13,5.478235294117646
95,97,1,7,15.12,2.1599999999999997
95,97,2,9,17.13,1.9033333333333333
95,97,3,10,18.28,1.828
95,97,4,12,14.21,1.1841666666666668
95,99,0,5,7.06,1.412
95,99,1,13,16.74,1.2876923076923075
95,99,2,7,8.36,1.1942857142857142
95,99,3,9,10.5,1.1666666666666667
95,99,4,15,3.85,0.25666666666666665
97,0,0,3,11.93,3.9766666666666666
97,0,1,6,12.74,2.1233333333333335
97,0,2,15,29.28,1.9520000000000002
97,0,3,11,5.98,0.5436363636363637
97,0,4,17,3.94,0.23176470588235293
97,1,0,4,22.05,5.5125
97,1,1,7,33.96,4.851428571428571
97,1,2,11,26.23,2.3845454545454547
97,1,3,1,0.95,0.95
97,1,4,9,2.89,0.3211111111111111
97,3,0,3,13.2,4.3999999999999995
97,3,1,19,79.45,4.181578947368421
97,3,2,4,10.33,2.5825
97,3,3,4,3.01,0.7525
97,3,4,13,5.01,0.3853846153846154
97,6,0,2,9.97,4.985
97,6,1,15,73.26,4.884
97,6,2,9,22.53,2.5033333333333334
97,6,3,11,9.85,0.8954545454545454
97,6,4,9,7.01,0.7788888888888889
97,9,0,10,28.86,2.886
97,9,1,11,30.82,2.8018181818181818
97,9,2,1,2.77,2.77
97,9,3,3,7.84,2.6133333333333333
97,9,4,11,25.05,2.2772727272727273
97,10,0,8,26.0,3.25
97,10,1,7,18.27,2.61
97,10,2,8,13.17,1.64625
97,10,3,16,20.63,1.289375
97,10,4,10,4.48,0.44800000000000006
97,12,0,13,34.91,2.6853846153846153
97,12,1,16,40.31,2.519375
97,12,2,4,6.03,1.5075
97,12,3,12,13.29,1.1075
97,12,4,9,9.19,1.021111111111111
97,13,0,18,88.77,4.931666666666667
97,13,1,17,36.25,2.1323529411764706
97,13,2,7,10.08,1.44
97,13,3,7,4.41,0.63
97,13,4,19,8.95,0.47105263157894733
97,14,0,9,47.52,5.28
97,14,1,5,24.4,4.88
97,14,2,14,13.88,0.9914285714285714
97,14,3,20,14.77,0.7384999999999999
97,14,4,10,5.79,0.579
97,16,0,18,18.11,1.0061111111111112
97,16,1,15,12.6,0.84
97,16,2,13,9.88,0.76
97,16,3,20,15.18,0.759
97,16,4,8,2.49,0.31125
97,17,0,14,25.86,1.8471428571428572
97,17,1,20,32.54,1.627
97,17,2,19,22.37,1.1773684210526316
97,17,3,18,12.54,0.6966666666666667
97,17,4,12,7.58,0.6316666666666667
97,18,0,14,26.81,1.9149999999999998
97,18,1,6,8.6,1.4333333333333333
97,18,2,17,21.82,1.2835294117647058
97,18,3,6,6.57,1.095
97,18,4,6,5.25,0.875
97,20,0,6,23.17,3.861666666666667
97,20,1,3,9.7,3.233333333333333
97,20,2,16,50.72,3.17
97,20,3,19,46.1,2.4263157894736844
97,20,4,2,4.22,2.11
97,23,0,18,104.06,5.7811111111111115
97,23,1,4,23.08,5.77
97,23,2,14,25.27,1.805
97,23,3,10,15.3,1.53
97,23,4,6,7.11,1.185
97,27,0,2,4.53,2.265
97,27,1,12,22.31,1.8591666666666666
97,27,2,8,13.42,1.6775
97,27,3,16,17.77,1.110625
97,27,4,18,19.32,1.0733333333333333
97,31,0,5,25.85,5.17
97,31,1,12,45.68,3.8066666666666666
97,31,2,2,7.56,3.78
97,31,3,4,11.92,2.98
97,31,4,4,2.71,0.6775
97,32,0,20,150.0,7.5
97,32,1,18,124.67,6.926111111111111
97,32,2,16,98.83,6.176875
97,32,3,3,17.27,5.756666666666667
97,32,4,13,28.19,2.1684615384615387
97,34,0,12,59.98,4.998333333333333
97,34,1,17,71.86,4.227058823529411
97,34,2,15,61.04,4.069333333333334
97,34,3,3,8.24,2.7466666666666666
97,34,4,14,11.53,0.8235714285714285
97,35,0,2,8.52,4.26
97,35,1,7,28.76,4.1085714285714285
97,35,2,17,50.15,2.9499999999999997
97,35,3,6,13.86,2.31
97,35,4,10,2.53,0.253
97,40,0,1,2.56,2.56
97,40,1,3,4.65,1.55
97,40,2,18,13.59,0.755
97,40,3,11,2.67,0.2427272727272727
97,40,4,5,1.06,0.21200000000000002
97,43,0,19,98.52,5.185263157894736
97,43,1,5,17.29,3.4579999999999997
97,43,2,17,24.45,1.438235294117647
97,43,3,14,10.95,0.7821428571428571
97,43,4,13,9.51,0.7315384615384615
97,45,0,1,4.46,4.46
97,45,1,20,83.73,4.1865000000000006
97,45,2,2,7.01,3.505
97,45,3,17,19.8,1.1647058823529413
97,45,4,15,13.0,0.8666666666666667
97,47,0,14,14.69,1.0492857142857142
97,47,1,1,1.04,1.04
97,47,2,12,10.1,0.8416666666666667
97,47,3,13,4.91,0.3776923076923077
97,47,4,9,2.82,0.3133333333333333
97,48,0,17,97.21,5.718235294117647
97,48,1,11,10.39,0.9445454545454546
97,48,2,5,4.39,0.8779999999999999
97,48,3,15,11.24,0.7493333333333333
97,48,4,9,4.79,0.5322222222222223
97,49,0,6,19.83,3.3049999999999997
97,49,1,1,2.18,2.18
97,49,2,11,19.56,1.778181818181818
97,49,3,14,7.68,0.5485714285714286
97,49,4,13,6.5,0.5
97,52,0,2,6.66,3.33
97,52,1,3,4.55,1.5166666666666666
97,52,2,4,5.98,1.495
97,52,3,2,2.89,1.445
97,52,4,19,7.04,0.3705263157894737
97,55,0,9,36.95,4.105555555555556
97,55,1,9,19.39,2.1544444444444446
97,55,2,16,31.4,1.9625
97,55,3,8,11.78,1.4725
97,55,4,3,1.96,0.6533333333333333
97,56,0,19,66.74,3.512631578947368
97,56,1,16,27.71,1.731875
97,56,2,18,30.84,1.7133333333333334
97,56,3,20,34.14,1.707
97,56,4,1,1.58,1.58
97,59,0,9,60.13,6.681111111111111
97,59,1,5,28.04,5.608
97,59,2,4,17.89,4.4725
97,59,3,20,82.63,4.1315
97,59,4,2,3.6,1.8
97,60,0,16,34.64,2.165
97,60,1,20,22.65,1.1324999999999998
97,60,2,10,6.84,0.6839999999999999
97,60,3,4,1.53,0.3825
97,60,4,6,2.07,0.345
97,62,0,2,6.74,3.37
97,62,1,16,48.04,3.0025
97,62,2,9,17.88,1.9866666666666666
97,62,3,14,27.42,1.9585714285714286
97,62,4,17,17.34,1.02
97,64,0,2,10.01,5.005
97,64,1,14,69.2,4.942857142857143
97,64,2,8,38.3,4.7875
97,64,3,19,68.06,3.582105263157895
97,64,4,4,3.3,0.825
97,66,0,16,90.85,5.678125
97,66,1,5,18.45,3.69
97,66,2,8,24.58,3.0725
97,66,3,17,49.17,2.892352941176471
97,66,4,4,6.07,1.5175
97,67,0,9,55.1,6.122222222222223
97,67,1,5,17.38,3.476
97,67,2,10,15.42,1.542
97,67,3,10,3.1,0.31
97,67,4,9,2.58,0.2866666666666667
97,69,0,19,45.57,2.398421052631579
97,69,1,3,7.04,2.3466666666666667
97,69,2,17,35.6,2.0941176470588236
97,69,3,17,30.29,1.781764705882353
97,69,4,17,9.01,0.53
97,70,0,7,29.81,4.258571428571428
97,70,1,8,32.98,4.1225
97,70,2,13,44.42,3.416923076923077
97,70,3,12,32.28,2.69
97,70,4,7,6.48,0.9257142857142858
97,71,0,6,53.07,8.845
97,71,1,18,142.06,7.892222222222222
97,71,2,11,82.07,7.46090909090909
97,71,3,7,18.72,2.674285714285714
97,71,4,8,12.02,1.5025
97,73,0,1,9.93,9.93
97,73,1,1,7.8,7.8
97,73,2,6,14.73,2.455
97,73,3,1,2.19,2.19
97,73,4,10,17.76,1.7760000000000002
97,79,0,3,23.59,7.863333333333333
97,79,1,8,53.94,6.7425
97,79,2,18,86.04,4.78
97,79,3,20,93.98,4.699
97,79,4,9,33.58,3.731111111111111
97,82,0,19,136.98,7.209473684210526
97,82,1,15,48.16,3.2106666666666666
97,82,2,12,37.38,3.115
97,82,3,7,5.89,0.8414285714285714
97,82,4,13,8.68,0.6676923076923077
97,83,0,20,87.09,4.3545
97,83,1,7,19.74,2.82
97,83,2,15,33.65,2.243333333333333
97,83,3,12,21.72,1.8099999999999998
97,83,4,5,8.92,1.784
97,86,0,3,27.16,9.053333333333333
97,86,1,8,71.69,8.96125
97,86,2,14,47.84,3.4171428571428573
97,86,3,7,22.01,3.1442857142857146
97,86,4,8,6.08,0.76
97,88,0,14,70.49,5.034999999999999
97,88,1,4,18.54,4.635
97,88,2,14,51.69,3.692142857142857
97,88,3,7,23.25,3.3214285714285716
97,88,4,15,17.14,1.1426666666666667
97,89,0,6,69.98,11.663333333333334
97,89,1,18,207.87,11.548333333333334
97,89,2,5,35.08,7.016
97,89,3,18,26.32,1.4622222222222223
97,89,4,15,11.85,0.7899999999999999
97,90,0,18,92.45,5.136111111111111
97,90,1,5,20.42,4.0840000000000005
97,90,2,5,5.97,1.194
97,90,3,7,5.99,0.8557142857142858
97,90,4,2,0.84,0.42
97,93,0,8,69.76,8.72
97,93,1,13,96.57,7.428461538461538
97,93,2,16,113.84,7.115
97,93,3,8,35.52,4.44
97,93,4,20,74.76,3.7380000000000004
97,94,0,7,29.89,4.2700000000000005
97,94,1,5,13.33,2.666
97,94,2,14,34.03,2.4307142857142856
97,94,3,18,30.85,1.713888888888889
97,94,4,10,9.59,0.959
97,95,0,12,69.46,5.788333333333333
97,95,1,16,81.57,5.098125
97,95,2,4,15.7,3.925
97,95,3,15,41.68,2.7786666666666666
97,95,4,17,7.22,0.42470588235294116
97,99,0,13,63.21,4.862307692307692
97,99,1,20,89.82,4.491
97,99,2,17,45.82,2.695294117647059
97,99,3,15,21.89,1.4593333333333334
97,99,4,7,5.89,0.8414285714285714
99,0,0,8,1.74,0.2175
99,0,1,20,4.1,0.205
99,0,2,20,3.06,0.153
99,0,3,19,2.59,0.1363157894736842
99,0,4,13,0.31,0.023846153846153847
99,1,0,5,6.26,1.252
99,1,1,11,7.8,0.7090909090909091
99,1,2,10,6.36,0.636
99,1,3,5,2.86,0.572
99,1,4,14,2.21,0.15785714285714286
99,3,0,3,2.3,0.7666666666666666
99,3,1,13,8.61,0.6623076923076923
99,3,2,13,5.94,0.45692307692307693
99,3,3,7,3.14,0.44857142857142857
99,3,4,17,4.25,0.25
99,6,0,4,23.04,5.76
99,6,1,13,36.26,2.789230769230769
99,6,2,20,51.32,2.566
99,6,3,14,19.55,1.3964285714285716
99,6,4,11,8.71,0.7918181818181819
99,9,0,8,32.65,4.08125
99,9,1,13,48.86,3.7584615384615385
99,9,2,1,3.42,3.42
99,9,3,12,40.63,3.3858333333333337
99,9,4,3,2.36,0.7866666666666666
99,10,0,9,30.1,3.3444444444444446
99,10,1,8,24.06,3.0075
99,10,2,17,47.89,2.8170588235294116
99,10,3,11,12.28,1.1163636363636362
99,10,4,13,3.66,0.28153846153846157
99,12,0,16,43.06,2.69125
99,12,1,10,23.45,2.3449999999999998
99,12,2,19,32.28,1.6989473684210528
99,12,3,10,16.34,1.634
99,12,4,10,11.0,1.1
99,13,0,7,12.4,1.7714285714285716
99,13,1,20,34.27,1.7135000000000002
99,13,2,13,18.43,1.4176923076923076
99,13,3,12,15.7,1.3083333333333333
99,13,4,2,1.89,0.945
99,14,0,9,14.91,1.6566666666666667
99,14,1,8,12.21,1.52625
99,14,2,3,3.04,1.0133333333333334
99,14,3,20,20.11,1.0055
99,14,4,16,7.32,0.4575
99,16,0,7,19.49,2.7842857142857143
99,16,1,16,30.17,1.885625
99,16,2,3,4.9,1.6333333333333335
99,16,3,2,3.21,1.605
99,16,4,11,8.95,0.8136363636363636
99,17,0,20,8.62,0.43099999999999994
99,17,1,17,5.71,0.33588235294117647
99,17,2,12,3.53,0.29416666666666663
99,17,3,17,3.16,0.18588235294117647
99,17,4,4,0.64,0.16
99,18,0,18,25.11,1.395
99,18,1,14,10.26,0.7328571428571429
99,18,2,19,8.39,0.44157894736842107
99,18,3,9,3.96,0.44
99,18,4,9,2.25,0.25
99,20,0,10,17.26,1.7260000000000002
99,20,1,11,17.85,1.6227272727272728
99,20,2,7,4.75,0.6785714285714286
99,20,3,19,7.72,0.4063157894736842
99,20,4,17,6.61,0.38882352941176473
99,23,0,11,60.24,5.4763636363636365
99,23,1,5,18.07,3.614
99,23,2,11,25.11,2.2827272727272727
99,23,3,8,13.29,1.66125
99,23,4,6,7.7,1.2833333333333334
99,27,0,20,105.06,5.253
99,27,1,11,57.14,5.194545454545454
99,27,2,12,40.6,3.3833333333333333
99,27,3,6,12.18,2.03
99,27,4,9,11.59,1.2877777777777777
99,31,0,16,10.61,0.663125
99,31,1,11,6.33,0.5754545454545454
99,31,2,16,8.71,0.544375
99,31,3,3,1.28,0.4266666666666667
99,31,4,10,2.39,0.23900000000000002
99,32,0,4,7.48,1.87
99,32,1,3,4.89,1.63
99,32,2,15,13.78,0.9186666666666666
99,32,3,12,5.31,0.44249999999999995
99,32,4,9,3.15,0.35
99,34,0,14,2.35,0.16785714285714287
99,34,1,12,1.69,0.14083333333333334
99,34,2,8,0.83,0.10375
99,34,3,13,1.04,0.08
99,34,4,13,0.72,0.05538461538461538
99,35,0,8,14.5,1.8125
99,35,1,3,4.19,1.3966666666666667
99,35,2,13,13.07,1.0053846153846153
99,35,3,6,3.28,0.5466666666666666
99,35,4,9,3.0,0.3333333333333333
99,40,0,14,20.99,1.499285714285714
99,40,1,4,5.62,1.405
99,40,2,15,15.53,1.0353333333333332
99,40,3,4,4.14,1.035
99,40,4,1,0.1,0.1
99,43,0,9,15.46,1.7177777777777778
99,43,1,11,5.63,0.5118181818181818
99,43,2,5,2.44,0.488
99,43,3,9,1.5,0.16666666666666666
99,43,4,3,0.27,0.09000000000000001
99,45,0,19,29.06,1.5294736842105263
99,45,1,10,13.65,1.365
99,45,2,6,5.24,0.8733333333333334
99,45,3,15,9.76,0.6506666666666666
99,45,4,7,0.94,0.13428571428571429
99,47,0,16,54.98,3.43625
99,47,1,13,44.32,3.4092307692307693
99,47,2,12,29.08,2.4233333333333333
99,47,3,5,7.41,1.482
99,47,4,14,16.3,1.1642857142857144
99,48,0,19,33.94,1.786315789473684
99,48,1,20,23.97,1.1985
99,48,2,19,9.22,0.4852631578947369
99,48,3,6,2.22,0.37000000000000005
99,48,4,15,4.11,0.274
99,49,0,1,1.41,1.41
99,49,1,4,5.11,1.2775
99,49,2,11,10.01,0.91
99,49,3,6,2.89,0.4816666666666667
99,49,4,13,3.39,0.26076923076923075
99,52,0,4,14.24,3.56
99,52,1,11,35.7,3.2454545454545456
99,52,2,19,58.04,3.054736842105263
99,52,3,5,14.64,2.928
99,52,4,9,10.21,1.1344444444444446
99,55,0,15,24.62,1.6413333333333333
99,55,1,7,10.4,1.4857142857142858
99,55,2,10,12.69,1.269
99,55,3,1,1.04,1.04
99,55,4,6,1.72,0.2866666666666667
99,56,0,2,6.6,3.3
99,56,1,3,9.42,3.14
99,56,2,9,7.39,0.8211111111111111
99,56,3,19,13.77,0.7247368421052631
99,56,4,20,5.34,0.267
99,59,0,17,46.25,2.7205882352941178
99,59,1,9,16.19,1.798888888888889
99,59,2,10,17.85,1.7850000000000001
99,59,3,20,23.69,1.1845
99,59,4,19,6.76,0.3557894736842105
99,60,0,15,42.66,2.844
99,60,1,17,45.89,2.699411764705882
99,60,2,9,14.29,1.5877777777777777
99,60,3,15,12.34,0.8226666666666667
99,60,4,10,4.05,0.40499999999999997
99,62,0,9,19.57,2.1744444444444446
99,62,1,2,3.29,1.645
99,62,2,15,23.85,1.59
99,62,3,3,3.85,1.2833333333333334
99,62,4,19,2.79,0.14684210526315788
99,64,0,14,13.8,0.9857142857142858
99,64,1,15,14.12,0.9413333333333332
99,64,2,16,13.39,0.836875
99,64,3,10,6.54,0.654
99,64,4,16,6.77,0.423125
99,66,0,12,59.56,4.963333333333334
99,66,1,14,55.11,3.9364285714285714
99,66,2,9,15.67,1.741111111111111
99,66,3,16,20.76,1.2975
99,66,4,9,11.24,1.248888888888889
99,67,0,7,24.22,3.46
99,67,1,9,28.87,3.207777777777778
99,67,2,6,18.02,3.0033333333333334
99,67,3,4,7.94,1.985
99,67,4,16,26.39,1.649375
99,69,0,1,3.58,3.58
99,69,1,9,23.46,2.606666666666667
99,69,2,14,32.04,2.2885714285714287
99,69,3,19,16.86,0.8873684210526316
99,69,4,12,10.06,0.8383333333333334
99,70,0,14,19.05,1.3607142857142858
99,70,1,8,10.75,1.34375
99,70,2,1,0.96,0.96
99,70,3,13,4.79,0.36846153846153845
99,70,4,12,4.22,0.3516666666666666
99,71,0,5,29.6,5.92
99,71,1,12,68.85,5.7375
99,71,2,12,65.85,5.4875
99,71,3,11,42.72,3.8836363636363633
99,71,4,7,6.55,0.9357142857142857
99,73,0,7,72.83,10.404285714285715
99,73,1,12,111.89,9.324166666666667
99,73,2,6,48.94,8.156666666666666
99,73,3,16,96.84,6.0525
99,73,4,12,60.58,5.048333333333333
99,79,0,19,105.64,5.56
99,79,1,10,50.2,5.0200000000000005
99,79,2,18,77.48,4.304444444444445
99,79,3,19,73.71,3.879473684210526
99,79,4,13,26.22,2.016923076923077
99,82,0,14,103.65,7.403571428571429
99,82,1,2,13.49,6.745
99,82,2,1,4.64,4.64
99,82,3,13,51.5,3.9615384615384617
99,82,4,7,9.11,1.3014285714285714
99,83,0,2,11.55,5.775
99,83,1,16,88.37,5.523125
99,83,2,13,55.69,4.283846153846154
99,83,3,4,7.91,1.9775
99,83,4,8,12.04,1.505
99,86,0,13,130.4,10.03076923076923
99,86,1,8,64.12,8.015
99,86,2,2,14.67,7.335
99,86,3,2,7.45,3.725
99,86,4,5,9.14,1.828
99,88,0,1,0.82,0.82
99,88,1,3,2.22,0.7400000000000001
99,88,2,14,10.36,0.74
99,88,3,16,11.62,0.72625
99,88,4,13,9.36,0.72
99,89,0,8,61.3,7.6625
99,89,1,4,25.73,6.4325
99,89,2,11,39.99,3.6354545454545457
99,89,3,18,31.44,1.7466666666666668
99,89,4,6,7.7,1.2833333333333334
99,90,0,16,20.77,1.298125
99,90,1,17,20.57,1.21
99,90,2,14,15.73,1.1235714285714287
99,90,3,11,7.01,0.6372727272727272
99,90,4,11,5.85,0.5318181818181817
99,93,0,12,96.34,8.028333333333334
99,93,1,1,7.48,7.48
99,93,2,13,83.94,6.4569230769230765
99,93,3,15,29.32,1.9546666666666668
99,93,4,5,5.07,1.014
99,94,0,11,48.59,4.417272727272728
99,94,1,5,18.88,3.776
99,94,2,12,21.78,1.8150000000000002
99,94,3,18,27.19,1.5105555555555557
99,94,4,15,11.82,0.788
99,95,0,2,2.64,1.32
99,95,1,1,0.67,0.67
99,95,2,2,1.1,0.55
99,95,3,18,4.26,0.23666666666666666
99,95,4,10,2.2,0.22000000000000003
99,97,0,8,37.91,4.73875
99,97,1,6,26.37,4.3950000000000005
99,97,2,14,38.08,2.7199999999999998
99,97,3,4,8.71,2.1775
99,97,4,3,6.4,2.1333333333333333
