fromnode,tonode,clientID,a,budget,clientRatio
1,3,0,12,8.05,0.6708333333333334
1,3,1,15,9.83,0.6553333333333333
1,3,2,8,4.43,0.55375
1,3,3,20,4.76,0.238
1,3,4,17,0.96,0.05647058823529411
1,6,0,16,110.02,6.87625
1,6,1,13,57.5,4.423076923076923
1,6,2,7,23.79,3.3985714285714286
1,6,3,19,41.77,2.1984210526315793
1,6,4,6,7.02,1.17
1,9,0,6,35.18,5.863333333333333
1,9,1,20,59.55,2.9775
1,9,2,13,16.01,1.2315384615384617
1,9,3,3,3.31,1.1033333333333333
1,9,4,5,1.33,0.266
1,13,0,7,4.88,0.6971428571428572
1,13,1,6,3.82,0.6366666666666666
1,13,2,7,2.83,0.4042857142857143
1,13,3,10,2.47,0.24700000000000003
1,13,4,1,0.17,0.17
1,14,0,7,3.9,0.5571428571428572
1,14,1,12,3.02,0.25166666666666665
1,14,2,13,2.44,0.18769230769230769
1,14,3,5,0.84,0.16799999999999998
1,14,4,7,0.86,0.12285714285714286
1,16,0,12,37.61,3.1341666666666668
1,16,1,20,52.43,2.6215
1,16,2,20,45.74,2.287
1,16,3,11,13.75,1.25
1,16,4,11,4.32,0.39272727272727276
1,17,0,1,2.42,2.42
1,17,1,12,25.99,2.165833333333333
1,17,2,16,28.85,1.803125
1,17,3,6,7.67,1.2783333333333333
1,17,4,6,1.45,0.24166666666666667
1,20,0,19,57.73,3.0384210526315787
1,20,1,6,13.74,2.29
1,20,2,1,2.03,2.03
1,20,3,14,19.65,1.4035714285714285
1,20,4,15,4.56,0.304
1,23,0,8,60.95,7.61875
1,23,1,12,87.94,7.328333333333333
1,23,2,9,57.69,6.41
1,23,3,15,45.42,3.028
1,23,4,7,8.82,1.26
1,27,0,12,73.52,6.126666666666666
1,27,1,17,75.39,4.434705882352941
1,27,2,4,17.17,4.2925
1,27,3,2,6.45,3.225
1,27,4,3,5.1,1.7
1,31,0,10,23.87,2.387
1,31,1,3,4.61,1.5366666666666668
1,31,2,5,4.39,0.8779999999999999
1,31,3,11,8.8,0.8
1,31,4,18,5.53,0.30722222222222223
1,32,0,3,13.99,4.663333333333333
1,32,1,18,78.81,4.378333333333334
1,32,2,6,20.73,3.455
1,32,3,20,34.97,1.7485
1,32,4,2,2.53,1.265
1,35,0,5,19.47,3.8939999999999997
1,35,1,11,36.85,3.35
1,35,2,2,6.42,3.21
1,35,3,9,17.04,1.8933333333333333
1,35,4,14,9.98,0.7128571428571429
1,45,0,19,61.67,3.245789473684211
1,45,1,2,5.8,2.9
1,45,2,14,19.0,1.3571428571428572
1,45,3,10,5.99,0.599
1,45,4,14,6.8,0.4857142857142857
1,47,0,20,81.87,4.093500000000001
1,47,1,16,53.52,3.345
1,47,2,11,26.23,2.3845454545454547
1,47,3,10,23.43,2.343
1,47,4,17,38.55,2.2676470588235293
1,48,0,18,98.04,5.446666666666667
1,48,1,16,79.14,4.94625
1,48,2,9,27.26,3.028888888888889
1,48,3,5,4.19,0.8380000000000001
1,48,4,6,4.27,0.7116666666666666
1,49,0,18,56.94,3.163333333333333
1,49,1,2,5.58,2.79
1,49,2,12,30.75,2.5625
1,49,3,12,25.1,2.091666666666667
1,49,4,12,4.38,0.365
1,52,0,10,54.4,5.4399999999999995
1,52,1,19,92.49,4.867894736842105
1,52,2,9,43.0,4.777777777777778
1,52,3,9,39.79,4.421111111111111
1,52,4,11,41.43,3.766363636363636
1,56,0,17,57.24,3.367058823529412
1,56,1,16,46.02,2.87625
1,56,2,9,22.19,2.4655555555555555
1,56,3,12,22.84,1.9033333333333333
1,56,4,9,16.16,1.7955555555555556
1,59,0,15,71.74,4.782666666666667
1,59,1,6,25.7,4.283333333333333
1,59,2,12,43.96,3.6633333333333336
1,59,3,11,28.94,2.630909090909091
1,59,4,14,25.77,1.8407142857142857
1,60,0,17,95.98,5.645882352941177
1,60,1,7,33.97,4.852857142857142
1,60,2,3,12.62,4.206666666666666
1,60,3,16,28.69,1.793125
1,60,4,14,16.51,1.1792857142857145
1,66,0,18,96.7,5.372222222222223
1,66,1,9,45.14,5.015555555555555
1,66,2,19,69.78,3.6726315789473687
1,66,3,14,31.72,2.2657142857142856
1,66,4,1,1.56,1.56
1,67,0,2,11.23,5.615
1,67,1,6,22.04,3.6733333333333333
1,67,2,19,50.1,2.636842105263158
1,67,3,6,8.54,1.4233333333333331
1,67,4,8,9.06,1.1325
1,69,0,6,16.97,2.828333333333333
1,69,1,15,31.79,2.119333333333333
1,69,2,5,4.11,0.8220000000000001
1,69,3,20,12.26,0.613
1,69,4,18,7.51,0.4172222222222222
1,73,0,13,148.52,11.424615384615386
1,73,1,14,146.15,10.439285714285715
1,73,2,18,85.99,4.777222222222222
1,73,3,7,22.49,3.2128571428571426
1,73,4,12,5.84,0.48666666666666664
1,79,0,12,123.42,10.285
1,79,1,2,14.15,7.075
1,79,2,18,119.3,6.627777777777777
1,79,3,19,76.07,4.003684210526315
1,79,4,10,16.32,1.6320000000000001
1,82,0,19,122.26,6.434736842105264
1,82,1,6,35.99,5.998333333333334
1,82,2,19,92.72,4.88
1,82,3,12,57.48,4.79
1,82,4,14,59.39,4.242142857142857
1,83,0,7,55.74,7.9628571428571435
1,83,1,11,52.7,4.790909090909091
1,83,2,20,91.65,4.5825000000000005
1,83,3,1,3.34,3.34
1,83,4,20,20.9,1.045
1,86,0,14,161.16,11.51142857142857
1,86,1,11,83.45,7.586363636363637
1,86,2,13,62.54,4.810769230769231
1,86,3,19,89.67,4.719473684210526
1,86,4,16,60.26,3.76625
1,88,0,9,21.81,2.4233333333333333
1,88,1,6,11.84,1.9733333333333334
1,88,2,10,16.66,1.666
1,88,3,10,16.51,1.6510000000000002
1,88,4,14,2.66,0.19
1,89,0,20,205.28,10.264
1,89,1,5,44.46,8.892
1,89,2,8,27.42,3.4275
1,89,3,10,18.94,1.8940000000000001
1,89,4,1,1.67,1.67
1,93,0,16,135.99,8.499375
1,93,1,5,39.38,7.876
1,93,2,8,43.9,5.4875
1,93,3,1,5.39,5.39
1,93,4,18,58.6,3.2555555555555555
1,94,0,20,125.09,6.2545
1,94,1,20,111.56,5.578
1,94,2,17,70.59,4.152352941176471
1,94,3,10,20.25,2.025
1,94,4,4,1.4,0.35
1,97,0,18,75.33,4.185
1,97,1,12,26.98,2.2483333333333335
1,97,2,5,9.56,1.9120000000000001
1,97,3,20,37.79,1.8895
1,97,4,17,6.48,0.38117647058823534
3,1,0,4,2.98,0.745
3,1,1,15,8.75,0.5833333333333334
3,1,2,1,0.24,0.24
3,1,3,18,3.36,0.18666666666666665
3,1,4,19,2.65,0.1394736842105263
3,6,0,7,45.45,6.492857142857143
3,6,1,16,99.43,6.214375
3,6,2,14,79.24,5.659999999999999
3,6,3,14,61.51,4.393571428571429
3,6,4,13,46.43,3.5715384615384616
3,9,0,16,82.21,5.138125
3,9,1,15,70.54,4.702666666666667
3,9,2,1,3.97,3.97
3,9,3,14,47.12,3.3657142857142857
3,9,4,3,5.59,1.8633333333333333
3,13,0,18,20.74,1.152222222222222
3,13,1,14,10.88,0.7771428571428572
3,13,2,11,7.9,0.7181818181818183
3,13,3,5,1.28,0.256
3,13,4,2,0.27,0.135
3,14,0,14,12.34,0.8814285714285715
3,14,1,3,2.16,0.7200000000000001
3,14,2,13,8.34,0.6415384615384615
3,14,3,1,0.32,0.32
3,14,4,8,2.13,0.26625
3,16,0,5,14.72,2.944
3,16,1,4,8.57,2.1425
3,16,2,4,2.97,0.7425
3,16,3,15,8.16,0.544
3,16,4,2,0.94,0.47
3,17,0,4,4.91,1.2275
3,17,1,3,1.69,0.5633333333333334
3,17,2,20,7.93,0.39649999999999996
3,17,3,6,1.14,0.18999999999999997
3,17,4,7,1.04,0.14857142857142858
3,20,0,13,37.15,2.8576923076923078
3,20,1,19,36.4,1.9157894736842105
3,20,2,20,32.99,1.6495000000000002
3,20,3,3,3.32,1.1066666666666667
3,20,4,5,0.8,0.16
3,23,0,12,87.91,7.325833333333333
3,23,1,12,85.78,7.148333333333333
3,23,2,5,27.61,5.522
3,23,3,5,22.81,4.561999999999999
3,23,4,17,42.17,2.4805882352941175
3,27,0,5,26.27,5.254
3,27,1,18,65.83,3.657222222222222
3,27,2,10,34.54,3.4539999999999997
3,27,3,8,15.08,1.885
3,27,4,18,30.86,1.7144444444444444
3,31,0,1,1.39,1.39
3,31,1,3,3.69,1.23
3,31,2,12,11.89,0.9908333333333333
3,31,3,13,5.75,0.4423076923076923
3,31,4,2,0.53,0.265
3,32,0,4,9.87,2.4675
3,32,1,15,35.26,2.3506666666666667
3,32,2,15,18.93,1.262
3,32,3,11,7.39,0.6718181818181818
3,32,4,17,5.44,0.32
3,35,0,3,9.82,3.2733333333333334
3,35,1,5,15.91,3.182
3,35,2,8,20.42,2.5525
3,35,3,14,32.64,2.3314285714285714
3,35,4,13,4.0,0.3076923076923077
3,45,0,16,38.21,2.388125
3,45,1,20,41.38,2.069
3,45,2,5,10.29,2.058
3,45,3,13,14.26,1.096923076923077
3,45,4,8,7.34,0.9175
3,47,0,19,74.27,3.9089473684210523
3,47,1,14,53.04,3.7885714285714287
3,47,2,12,31.26,2.605
3,47,3,12,25.35,2.1125000000000003
3,47,4,13,20.62,1.5861538461538462
3,48,0,16,73.0,4.5625
3,48,1,7,26.82,3.8314285714285714
3,48,2,7,8.14,1.162857142857143
3,48,3,13,6.69,0.5146153846153847
3,48,4,2,0.73,0.365
3,49,0,20,52.9,2.645
3,49,1,16,30.88,1.93
3,49,2,11,15.32,1.3927272727272728
3,49,3,16,15.03,0.939375
3,49,4,12,1.39,0.11583333333333333
3,52,0,13,57.1,4.392307692307693
3,52,1,4,4.5,1.125
3,52,2,16,14.96,0.935
3,52,3,9,6.6,0.7333333333333333
3,52,4,6,3.27,0.545
3,56,0,6,20.12,3.3533333333333335
3,56,1,2,6.18,3.09
3,56,2,2,3.27,1.635
3,56,3,12,18.17,1.5141666666666669
3,56,4,8,2.53,0.31625
3,59,0,8,28.07,3.50875
3,59,1,15,35.04,2.336
3,59,2,11,16.66,1.5145454545454546
3,59,3,5,3.63,0.726
3,59,4,6,2.05,0.3416666666666666
3,60,0,12,41.31,3.4425000000000003
3,60,1,3,9.43,3.143333333333333
3,60,2,1,2.94,2.94
3,60,3,6,14.58,2.43
3,60,4,10,5.17,0.517
3,66,0,7,41.55,5.935714285714285
3,66,1,20,57.09,2.8545000000000003
3,66,2,8,10.51,1.31375
3,66,3,15,18.58,1.2386666666666666
3,66,4,9,2.61,0.29
3,67,0,4,15.55,3.8875
3,67,1,17,52.89,3.1111764705882354
3,67,2,2,6.05,3.025
3,67,3,2,5.07,2.535
3,67,4,14,15.17,1.0835714285714286
3,69,0,8,34.78,4.3475
3,69,1,8,25.36,3.17
3,69,2,16,32.47,2.029375
3,69,3,16,9.88,0.6175
3,69,4,16,7.06,0.44125
3,73,0,2,20.89,10.445
3,73,1,17,132.16,7.774117647058823
3,73,2,14,77.78,5.555714285714286
3,73,3,7,17.63,2.5185714285714282
3,73,4,2,2.04,1.02
3,79,0,3,33.98,11.326666666666666
3,79,1,7,54.56,7.7942857142857145
3,79,2,6,44.9,7.483333333333333
3,79,3,7,46.9,6.7
3,79,4,4,6.01,1.5025
3,82,0,5,35.06,7.0120000000000005
3,82,1,10,66.74,6.6739999999999995
3,82,2,15,79.69,5.312666666666667
3,82,3,13,67.01,5.154615384615385
3,82,4,16,67.97,4.248125
3,83,0,9,56.06,6.228888888888889
3,83,1,3,17.83,5.9433333333333325
3,83,2,8,34.5,4.3125
3,83,3,5,12.78,2.556
3,83,4,11,13.87,1.2609090909090908
3,86,0,14,158.94,11.352857142857143
3,86,1,16,133.57,8.348125
3,86,2,8,66.47,8.30875
3,86,3,8,28.57,3.57125
3,86,4,18,25.03,1.3905555555555555
3,88,0,10,25.33,2.533
3,88,1,2,4.09,2.045
3,88,2,11,12.71,1.1554545454545455
3,88,3,4,1.24,0.31
3,88,4,18,2.06,0.11444444444444445
3,89,0,1,7.83,7.83
3,89,1,10,70.8,7.08
3,89,2,5,31.36,6.272
3,89,3,14,44.07,3.1478571428571427
3,89,4,15,28.26,1.8840000000000001
3,93,0,16,112.97,7.060625
3,93,1,13,77.21,5.939230769230769
3,93,2,6,10.57,1.7616666666666667
3,93,3,11,11.65,1.059090909090909
3,93,4,10,7.45,0.745
3,94,0,14,69.6,4.971428571428571
3,94,1,5,23.94,4.788
3,94,2,18,79.96,4.442222222222222
3,94,3,4,2.04,0.51
3,94,4,18,6.91,0.3838888888888889
3,97,0,19,60.21,3.1689473684210525
3,97,1,17,38.36,2.256470588235294
3,97,2,12,13.97,1.1641666666666668
3,97,3,20,5.59,0.27949999999999997
3,97,4,12,3.11,0.25916666666666666
6,1,0,14,88.47,6.319285714285714
6,1,1,6,34.84,5.8066666666666675
6,1,2,5,18.43,3.686
6,1,3,4,9.36,2.34
6,1,4,20,32.16,1.6079999999999999
6,3,0,15,99.05,6.6033333333333335
6,3,1,15,66.04,4.402666666666667
6,3,2,6,23.78,3.9633333333333334
6,3,3,6,20.01,3.3350000000000004
6,3,4,4,10.36,2.59
6,9,0,7,13.4,1.9142857142857144
6,9,1,2,3.57,1.785
6,9,2,14,19.11,1.365
6,9,3,16,19.15,1.196875
6,9,4,4,1.27,0.3175
6,13,0,8,34.08,4.26
6,13,1,12,42.41,3.5341666666666662
6,13,2,17,55.14,3.243529411764706
6,13,3,7,19.64,2.8057142857142856
6,13,4,7,13.84,1.977142857142857
6,14,0,5,32.78,6.556
6,14,1,8,51.4,6.425
6,14,2,2,9.91,4.955
6,14,3,8,24.52,3.065
6,14,4,13,38.14,2.933846153846154
6,16,0,10,47.7,4.7700000000000005
6,16,1,7,29.71,4.244285714285715
6,16,2,4,16.11,4.0275
6,16,3,16,34.29,2.143125
6,16,4,4,4.28,1.07
6,17,0,16,74.63,4.664375
6,17,1,11,29.42,2.674545454545455
6,17,2,7,15.09,2.1557142857142857
6,17,3,1,0.75,0.75
6,17,4,20,13.69,0.6845
6,20,0,6,23.91,3.985
6,20,1,1,3.04,3.04
6,20,2,20,58.57,2.9285
6,20,3,17,33.63,1.9782352941176473
6,20,4,1,1.67,1.67
6,23,0,19,62.43,3.2857894736842104
6,23,1,18,43.61,2.4227777777777777
6,23,2,16,31.98,1.99875
6,23,3,13,21.74,1.6723076923076923
6,23,4,18,11.53,0.6405555555555555
6,27,0,3,2.2,0.7333333333333334
6,27,1,14,5.08,0.3628571428571429
6,27,2,17,3.79,0.22294117647058823
6,27,3,10,1.07,0.10700000000000001
6,27,4,19,1.05,0.05526315789473685
6,31,0,3,11.85,3.9499999999999997
6,31,1,20,69.03,3.4515000000000002
6,31,2,14,27.07,1.9335714285714285
6,31,3,1,1.75,1.75
6,31,4,8,5.05,0.63125
6,32,0,10,53.13,5.313000000000001
6,32,1,3,15.92,5.306666666666667
6,32,2,20,73.87,3.6935000000000002
6,32,3,7,20.79,2.9699999999999998
6,32,4,8,17.37,2.17125
6,35,0,17,60.6,3.5647058823529414
6,35,1,1,2.7,2.7
6,35,2,18,31.72,1.7622222222222221
6,35,3,20,27.5,1.375
6,35,4,13,10.82,0.8323076923076923
6,45,0,10,36.89,3.689
6,45,1,18,57.77,3.2094444444444448
6,45,2,12,15.34,1.2783333333333333
6,45,3,4,4.47,1.1175
6,45,4,11,7.28,0.6618181818181819
6,47,0,14,52.08,3.7199999999999998
6,47,1,8,25.69,3.21125
6,47,2,19,53.14,2.796842105263158
6,47,3,20,11.01,0.5505
6,47,4,6,3.27,0.545
6,48,0,18,42.16,2.342222222222222
6,48,1,16,27.78,1.73625
6,48,2,8,8.37,1.04625
6,48,3,14,11.61,0.8292857142857143
6,48,4,9,3.45,0.38333333333333336
6,49,0,20,51.11,2.5555
6,49,1,10,25.52,2.552
6,49,2,14,13.72,0.9800000000000001
6,49,3,11,10.64,0.9672727272727273
6,49,4,1,0.81,0.81
6,52,0,2,4.22,2.11
6,52,1,5,9.3,1.86
6,52,2,11,17.98,1.6345454545454545
6,52,3,3,2.29,0.7633333333333333
6,52,4,20,6.11,0.3055
6,56,0,8,19.97,2.49625
6,56,1,20,47.1,2.355
6,56,2,16,37.64,2.3525
6,56,3,15,27.5,1.8333333333333333
6,56,4,1,0.63,0.63
6,59,0,11,46.89,4.262727272727273
6,59,1,20,79.69,3.9844999999999997
6,59,2,19,75.49,3.973157894736842
6,59,3,11,10.58,0.9618181818181818
6,59,4,6,4.57,0.7616666666666667
6,60,0,18,48.75,2.7083333333333335
6,60,1,6,12.28,2.0466666666666664
6,60,2,11,12.41,1.1281818181818182
6,60,3,4,4.42,1.105
6,60,4,3,1.93,0.6433333333333333
6,66,0,20,33.82,1.691
6,66,1,15,23.57,1.5713333333333332
6,66,2,18,15.4,0.8555555555555556
6,66,3,3,1.45,0.48333333333333334
6,66,4,1,0.27,0.27
6,67,0,11,39.85,3.622727272727273
6,67,1,5,13.32,2.664
6,67,2,3,5.86,1.9533333333333334
6,67,3,16,24.84,1.5525
6,67,4,10,2.11,0.211
6,69,0,16,50.19,3.136875
6,69,1,7,20.26,2.8942857142857146
6,69,2,16,33.0,2.0625
6,69,3,3,5.58,1.86
6,69,4,13,7.18,0.5523076923076923
6,73,0,3,13.8,4.6000000000000005
6,73,1,10,36.87,3.687
6,73,2,8,20.51,2.56375
6,73,3,2,4.3,2.15
6,73,4,3,4.61,1.5366666666666668
6,79,0,14,101.8,7.271428571428571
6,79,1,18,112.93,6.273888888888889
6,79,2,4,16.86,4.215
6,79,3,12,14.51,1.2091666666666667
6,79,4,8,7.57,0.94625
6,82,0,13,61.26,4.712307692307692
6,82,1,18,46.6,2.588888888888889
6,82,2,5,10.43,2.086
6,82,3,1,0.33,0.33
6,82,4,3,0.73,0.24333333333333332
6,83,0,9,1.94,0.21555555555555556
6,83,1,7,0.55,0.07857142857142858
6,83,2,17,0.73,0.04294117647058823
6,83,3,3,0.1,0.03333333333333333
6,83,4,15,0.27,0.018000000000000002
6,86,0,19,157.99,8.315263157894737
6,86,1,20,114.8,5.74
6,86,2,16,74.48,4.655
6,86,3,17,68.61,4.035882352941177
6,86,4,2,3.42,1.71
6,88,0,14,65.02,4.644285714285714
6,88,1,14,58.03,4.1450000000000005
6,88,2,14,55.11,3.9364285714285714
6,88,3,2,2.5,1.25
6,88,4,13,3.57,0.2746153846153846
6,89,0,3,23.76,7.920000000000001
6,89,1,6,42.83,7.138333333333333
6,89,2,7,24.82,3.545714285714286
6,89,3,7,23.3,3.3285714285714287
6,89,4,5,13.18,2.636
6,93,0,4,12.36,3.09
6,93,1,1,2.7,2.7
6,93,2,16,24.7,1.54375
6,93,3,7,8.34,1.1914285714285715
6,93,4,15,6.78,0.452
6,94,0,16,32.26,2.01625
6,94,1,14,26.1,1.8642857142857143
6,94,2,7,9.71,1.3871428571428572
6,94,3,20,20.1,1.0050000000000001
6,94,4,13,2.03,0.15615384615384614
6,97,0,12,61.93,5.160833333333334
6,97,1,5,20.96,4.192
6,97,2,15,22.0,1.4666666666666666
6,97,3,14,9.39,0.6707142857142857
6,97,4,1,0.3,0.3
9,1,0,17,97.58,5.74
9,1,1,12,27.6,2.3000000000000003
9,1,2,7,8.3,1.1857142857142857
9,1,3,4,3.61,0.9025
9,1,4,18,14.51,0.8061111111111111
9,3,0,8,43.45,5.43125
9,3,1,12,61.38,5.115
9,3,2,18,60.54,3.3633333333333333
9,3,3,13,29.22,2.2476923076923074
9,3,4,5,8.22,1.6440000000000001
9,6,0,16,21.22,1.32625
9,6,1,7,6.05,0.8642857142857142
9,6,2,13,4.28,0.32923076923076927
9,6,3,18,1.83,0.10166666666666667
9,6,4,2,0.19,0.095
9,13,0,13,79.78,6.136923076923077
9,13,1,2,11.22,5.61
9,13,2,8,44.26,5.5325
9,13,3,17,85.4,5.023529411764706
9,13,4,8,4.24,0.53
9,14,0,4,23.38,5.845
9,14,1,9,41.09,4.565555555555556
9,14,2,12,44.3,3.6916666666666664
9,14,3,1,3.63,3.63
9,14,4,15,44.61,2.9739999999999998
9,16,0,20,64.14,3.207
9,16,1,2,5.03,2.515
9,16,2,3,6.66,2.22
9,16,3,6,12.28,2.0466666666666664
9,16,4,13,14.44,1.1107692307692307
9,17,0,4,14.23,3.5575
9,17,1,12,38.49,3.2075
9,17,2,10,31.63,3.163
9,17,3,17,41.37,2.433529411764706
9,17,4,5,9.16,1.832
9,20,0,2,6.06,3.03
9,20,1,19,44.52,2.343157894736842
9,20,2,3,6.21,2.07
9,20,3,19,36.39,1.9152631578947368
9,20,4,4,5.93,1.4825
9,23,0,5,18.0,3.6
9,23,1,9,21.75,2.4166666666666665
9,23,2,5,9.56,1.9120000000000001
9,23,3,11,15.43,1.4027272727272726
9,23,4,9,12.13,1.347777777777778
9,27,0,15,24.66,1.644
9,27,1,19,29.98,1.5778947368421052
9,27,2,8,10.22,1.2775
9,27,3,1,1.15,1.15
9,27,4,13,4.64,0.3569230769230769
9,31,0,6,16.93,2.8216666666666668
9,31,1,12,32.12,2.6766666666666663
9,31,2,20,47.6,2.38
9,31,3,1,2.21,2.21
9,31,4,19,7.9,0.41578947368421054
9,32,0,18,96.38,5.354444444444444
9,32,1,17,60.0,3.5294117647058822
9,32,2,20,66.88,3.344
9,32,3,14,12.04,0.86
9,32,4,2,0.73,0.365
9,35,0,18,36.7,2.038888888888889
9,35,1,3,6.08,2.026666666666667
9,35,2,4,7.99,1.9975
9,35,3,10,18.46,1.846
9,35,4,19,6.83,0.35947368421052633
9,45,0,3,9.93,3.31
9,45,1,11,20.34,1.8490909090909091
9,45,2,10,11.3,1.1300000000000001
9,45,3,10,9.96,0.9960000000000001
9,45,4,9,4.84,0.5377777777777778
9,47,0,5,9.51,1.902
9,47,1,16,22.13,1.383125
9,47,2,9,8.74,0.9711111111111111
9,47,3,20,13.46,0.673
9,47,4,3,1.57,0.5233333333333333
9,48,0,5,14.33,2.866
9,48,1,6,13.1,2.183333333333333
9,48,2,3,6.12,2.04
9,48,3,15,29.8,1.9866666666666668
9,48,4,13,8.43,0.6484615384615384
9,49,0,18,47.25,2.625
9,49,1,15,38.76,2.584
9,49,2,12,30.27,2.5225
9,49,3,19,26.91,1.4163157894736842
9,49,4,5,6.29,1.258
9,52,0,9,11.22,1.2466666666666668
9,52,1,10,9.36,0.9359999999999999
9,52,2,7,5.94,0.8485714285714286
9,52,3,6,3.93,0.655
9,52,4,7,2.99,0.42714285714285716
9,56,0,3,4.58,1.5266666666666666
9,56,1,12,16.31,1.3591666666666666
9,56,2,4,4.48,1.12
9,56,3,4,2.32,0.58
9,56,4,17,7.97,0.4688235294117647
9,59,0,4,17.45,4.3625
9,59,1,10,42.36,4.236
9,59,2,11,40.26,3.6599999999999997
9,59,3,18,36.64,2.035555555555556
9,59,4,19,20.03,1.0542105263157895
9,60,0,11,8.49,0.7718181818181818
9,60,1,11,4.15,0.3772727272727273
9,60,2,9,1.06,0.11777777777777779
9,60,3,10,0.89,0.089
9,60,4,14,1.22,0.08714285714285715
9,66,0,2,4.76,2.38
9,66,1,8,8.95,1.11875
9,66,2,15,16.58,1.1053333333333333
9,66,3,17,18.4,1.0823529411764705
9,66,4,10,2.67,0.267
9,67,0,11,40.56,3.6872727272727275
9,67,1,4,10.94,2.735
9,67,2,19,41.88,2.2042105263157894
9,67,3,3,5.76,1.92
9,67,4,4,3.2,0.8
9,69,0,18,10.1,0.5611111111111111
9,69,1,18,8.61,0.4783333333333333
9,69,2,4,1.42,0.355
9,69,3,8,1.42,0.1775
9,69,4,18,2.79,0.155
9,73,0,17,165.71,9.74764705882353
9,73,1,6,54.9,9.15
9,73,2,11,96.75,8.795454545454545
9,73,3,5,20.17,4.034000000000001
9,73,4,14,10.78,0.7699999999999999
9,79,0,18,150.34,8.352222222222222
9,79,1,19,112.03,5.896315789473684
9,79,2,15,45.46,3.030666666666667
9,79,3,17,16.7,0.9823529411764705
9,79,4,10,8.29,0.829
9,82,0,13,68.06,5.235384615384616
9,82,1,9,29.34,3.26
9,82,2,9,19.18,2.131111111111111
9,82,3,20,31.98,1.599
9,82,4,20,18.32,0.916
9,83,0,15,28.74,1.916
9,83,1,6,8.75,1.4583333333333333
9,83,2,4,4.15,1.0375
9,83,3,15,9.55,0.6366666666666667
9,83,4,8,2.98,0.3725
9,86,0,19,170.89,8.994210526315788
9,86,1,6,49.12,8.186666666666666
9,86,2,18,133.17,7.3983333333333325
9,86,3,12,86.12,7.176666666666667
9,86,4,16,22.81,1.425625
9,88,0,17,64.0,3.764705882352941
9,88,1,16,57.44,3.59
9,88,2,19,38.92,2.048421052631579
9,88,3,1,1.48,1.48
9,88,4,4,3.89,0.9725
9,89,0,2,16.12,8.06
9,89,1,10,56.77,5.6770000000000005
9,89,2,5,24.81,4.962
9,89,3,10,40.04,4.004
9,89,4,5,14.54,2.908
9,93,0,14,68.12,4.865714285714286
9,93,1,7,31.51,4.501428571428572
9,93,2,14,55.46,3.9614285714285713
9,93,3,6,11.97,1.995
9,93,4,2,0.48,0.24
9,94,0,11,24.03,2.1845454545454546
9,94,1,20,37.96,1.8980000000000001
9,94,2,19,31.15,1.6394736842105262
9,94,3,17,21.24,1.2494117647058822
9,94,4,1,0.46,0.46
9,97,0,15,45.68,3.0453333333333332
9,97,1,18,51.93,2.885
9,97,2,16,38.46,2.40375
9,97,3,1,1.8,1.8
9,97,4,2,1.86,0.93
13,1,0,6,4.24,0.7066666666666667
13,1,1,4,2.17,0.5425
13,1,2,13,6.27,0.48230769230769227
13,1,3,13,4.16,0.32
13,1,4,17,3.31,0.19470588235294117
13,3,0,8,6.81,0.85125
13,3,1,8,6.17,0.77125
13,3,2,17,8.73,0.5135294117647059
13,3,3,19,8.19,0.43105263157894735
13,3,4,1,0.31,0.31
13,6,0,2,15.19,7.595
13,6,1,17,122.03,7.1782352941176475
13,6,2,15,100.84,6.722666666666667
13,6,3,20,96.44,4.822
13,6,4,4,13.49,3.3725
13,9,0,15,92.55,6.17
13,9,1,16,54.97,3.435625
13,9,2,5,15.49,3.098
13,9,3,7,6.87,0.9814285714285714
13,9,4,15,5.58,0.372
13,14,0,15,10.17,0.678
13,14,1,20,8.75,0.4375
13,14,2,20,8.62,0.43099999999999994
13,14,3,20,3.24,0.162
13,14,4,17,1.3,0.07647058823529412
13,16,0,7,20.9,2.9857142857142853
13,16,1,18,21.88,1.2155555555555555
13,16,2,11,7.89,0.7172727272727273
13,16,3,3,1.9,0.6333333333333333
13,16,4,13,1.73,0.13307692307692306
13,17,0,4,11.18,2.795
13,17,1,7,16.1,2.3000000000000003
13,17,2,13,16.81,1.293076923076923
13,17,3,7,5.41,0.7728571428571429
13,17,4,14,4.16,0.29714285714285715
13,20,0,13,50.54,3.8876923076923076
13,20,1,17,56.8,3.341176470588235
13,20,2,9,29.89,3.321111111111111
13,20,3,5,9.3,1.86
13,20,4,1,1.3,1.3
13,23,0,8,65.46,8.1825
13,23,1,18,142.0,7.888888888888889
13,23,2,14,103.43,7.387857142857143
13,23,3,15,99.12,6.6080000000000005
13,23,4,7,22.05,3.15
13,27,0,18,134.86,7.492222222222223
13,27,1,9,50.51,5.612222222222222
13,27,2,4,22.23,5.5575
13,27,3,6,18.1,3.016666666666667
13,27,4,2,3.46,1.73
13,31,0,4,9.38,2.345
13,31,1,5,11.17,2.234
13,31,2,5,10.0,2.0
13,31,3,14,16.92,1.2085714285714286
13,31,4,6,0.87,0.145
13,32,0,11,44.04,4.003636363636364
13,32,1,2,7.97,3.985
13,32,2,3,8.28,2.76
13,32,3,18,47.69,2.6494444444444443
13,32,4,12,3.03,0.2525
13,35,0,12,42.41,3.5341666666666662
13,35,1,11,31.63,2.8754545454545455
13,35,2,19,41.45,2.181578947368421
13,35,3,18,36.17,2.0094444444444446
13,35,4,16,21.69,1.355625
13,45,0,15,59.99,3.9993333333333334
13,45,1,13,23.87,1.8361538461538462
13,45,2,1,1.06,1.06
13,45,3,10,5.92,0.592
13,45,4,17,7.5,0.4411764705882353
13,47,0,3,11.26,3.7533333333333334
13,47,1,3,10.31,3.436666666666667
13,47,2,18,46.01,2.556111111111111
13,47,3,20,34.58,1.7289999999999999
13,47,4,14,14.69,1.0492857142857142
13,48,0,4,23.32,5.83
13,48,1,12,64.88,5.406666666666666
13,48,2,3,14.56,4.8533333333333335
13,48,3,2,4.23,2.115
13,48,4,3,1.49,0.49666666666666665
13,49,0,3,12.09,4.03
13,49,1,17,62.4,3.6705882352941175
13,49,2,20,39.14,1.957
13,49,3,7,13.52,1.9314285714285713
13,49,4,5,9.28,1.8559999999999999
13,52,0,10,52.81,5.281000000000001
13,52,1,19,39.56,2.082105263157895
13,52,2,13,26.22,2.016923076923077
13,52,3,17,29.32,1.724705882352941
13,52,4,4,4.87,1.2175
13,56,0,11,54.88,4.989090909090909
13,56,1,12,47.47,3.955833333333333
13,56,2,16,32.35,2.021875
13,56,3,15,30.07,2.0046666666666666
13,56,4,14,9.92,0.7085714285714285
13,59,0,15,69.89,4.6593333333333335
13,59,1,15,60.05,4.003333333333333
13,59,2,2,6.87,3.435
13,59,3,17,52.06,3.0623529411764707
13,59,4,10,18.95,1.895
13,60,0,13,75.99,5.845384615384615
13,60,1,7,27.54,3.934285714285714
13,60,2,17,62.26,3.6623529411764704
13,60,3,17,55.86,3.2858823529411763
13,60,4,15,40.85,2.7233333333333336
13,66,0,12,40.11,3.3425
13,66,1,15,39.49,2.6326666666666667
13,66,2,2,5.02,2.51
13,66,3,4,5.01,1.2525
13,66,4,19,20.57,1.0826315789473684
13,67,0,4,15.54,3.885
13,67,1,1,3.0,3.0
13,67,2,3,6.21,2.07
13,67,3,2,1.34,0.67
13,67,4,10,5.11,0.511
13,69,0,17,60.04,3.531764705882353
13,69,1,11,36.55,3.3227272727272723
13,69,2,15,29.59,1.9726666666666666
13,69,3,10,19.02,1.902
13,69,4,8,3.54,0.4425
13,73,0,16,202.32,12.645
13,73,1,13,139.85,10.757692307692308
13,73,2,20,122.82,6.141
13,73,3,2,5.34,2.67
13,73,4,20,31.71,1.5855000000000001
13,79,0,15,197.13,13.142
13,79,1,11,137.02,12.456363636363637
13,79,2,12,146.08,12.173333333333334
13,79,3,15,175.92,11.728
13,79,4,4,21.86,5.465
13,82,0,18,90.82,5.045555555555556
13,82,1,13,46.91,3.608461538461538
13,82,2,9,20.26,2.2511111111111113
13,82,3,5,9.41,1.8820000000000001
13,82,4,14,7.24,0.5171428571428571
13,83,0,14,112.95,8.067857142857143
13,83,1,7,50.97,7.281428571428571
13,83,2,7,39.18,5.597142857142857
13,83,3,17,71.42,4.201176470588235
13,83,4,10,35.55,3.5549999999999997
13,86,0,16,175.68,10.98
13,86,1,4,39.3,9.825
13,86,2,13,44.43,3.417692307692308
13,86,3,10,16.87,1.687
13,86,4,17,13.84,0.8141176470588235
13,88,0,6,20.17,3.361666666666667
13,88,1,11,27.19,2.471818181818182
13,88,2,16,34.36,2.1475
13,88,3,1,0.33,0.33
13,88,4,16,4.52,0.2825
13,89,0,2,21.02,10.51
13,89,1,11,99.62,9.056363636363637
13,89,2,4,34.96,8.74
13,89,3,8,35.78,4.4725
13,89,4,1,0.81,0.81
13,93,0,4,45.09,11.2725
13,93,1,19,200.83,10.57
13,93,2,12,108.68,9.056666666666667
13,93,3,3,22.28,7.426666666666667
13,93,4,10,17.72,1.7719999999999998
13,94,0,16,94.28,5.8925
13,94,1,10,34.25,3.425
13,94,2,9,27.27,3.03
13,94,3,9,20.97,2.33
13,94,4,13,18.9,1.4538461538461538
13,97,0,8,41.03,5.12875
13,97,1,18,26.89,1.4938888888888888
13,97,2,19,15.14,0.7968421052631579
13,97,3,16,7.18,0.44875
13,97,4,9,2.34,0.26
14,1,0,3,1.6,0.5333333333333333
14,1,1,1,0.35,0.35
14,1,2,20,5.84,0.292
14,1,3,11,2.49,0.22636363636363638
14,1,4,5,0.45,0.09
14,3,0,7,5.42,0.7742857142857142
14,3,1,5,3.14,0.628
14,3,2,11,5.36,0.4872727272727273
14,3,3,12,3.72,0.31
14,3,4,19,5.53,0.2910526315789474
14,6,0,8,57.16,7.145
14,6,1,13,68.91,5.30076923076923
14,6,2,19,89.32,4.701052631578947
14,6,3,19,49.03,2.5805263157894736
14,6,4,8,16.73,2.09125
14,9,0,19,75.47,3.9721052631578946
14,9,1,20,63.97,3.1985
14,9,2,19,29.81,1.5689473684210526
14,9,3,5,7.5,1.5
14,9,4,6,5.83,0.9716666666666667
14,13,0,18,8.19,0.45499999999999996
14,13,1,15,6.62,0.44133333333333336
14,13,2,6,2.49,0.41500000000000004
14,13,3,12,4.81,0.4008333333333333
14,13,4,9,0.71,0.07888888888888888
14,16,0,17,57.84,3.4023529411764706
14,16,1,6,13.77,2.295
14,16,2,10,13.85,1.385
14,16,3,1,1.13,1.13
14,16,4,18,12.26,0.6811111111111111
14,17,0,16,33.63,2.101875
14,17,1,7,12.89,1.8414285714285714
14,17,2,20,32.29,1.6145
14,17,3,18,25.48,1.4155555555555557
14,17,4,5,2.77,0.554
14,20,0,20,70.82,3.5409999999999995
14,20,1,1,3.48,3.48
14,20,2,6,7.36,1.2266666666666668
14,20,3,6,6.98,1.1633333333333333
14,20,4,1,0.88,0.88
14,23,0,9,61.35,6.816666666666666
14,23,1,4,21.44,5.36
14,23,2,1,5.19,5.19
14,23,3,12,34.09,2.8408333333333338
14,23,4,9,8.76,0.9733333333333333
14,27,0,16,106.47,6.654375
14,27,1,13,46.48,3.575384615384615
14,27,2,13,42.68,3.2830769230769232
14,27,3,5,15.19,3.038
14,27,4,9,6.65,0.7388888888888889
14,31,0,2,4.09,2.045
14,31,1,13,21.44,1.6492307692307693
14,31,2,6,6.19,1.0316666666666667
14,31,3,9,8.45,0.9388888888888888
14,31,4,2,1.22,0.61
14,32,0,6,29.25,4.875
14,32,1,20,85.67,4.2835
14,32,2,10,40.12,4.012
14,32,3,20,70.75,3.5375
14,32,4,8,24.5,3.0625
14,35,0,6,18.55,3.091666666666667
14,35,1,16,34.65,2.165625
14,35,2,15,30.04,2.002666666666667
14,35,3,16,29.7,1.85625
14,35,4,8,14.05,1.75625
14,45,0,8,26.83,3.35375
14,45,1,15,34.95,2.33
14,45,2,8,9.82,1.2275
14,45,3,19,17.89,0.9415789473684211
14,45,4,3,1.66,0.5533333333333333
14,47,0,5,21.15,4.2299999999999995
14,47,1,1,3.81,3.81
14,47,2,20,60.99,3.0495
14,47,3,18,52.7,2.927777777777778
14,47,4,5,1.17,0.23399999999999999
14,48,0,15,78.53,5.235333333333333
14,48,1,3,14.53,4.843333333333333
14,48,2,2,9.54,4.77
14,48,3,11,50.06,4.550909090909091
14,48,4,4,17.49,4.3725
14,49,0,16,47.4,2.9625
14,49,1,11,27.7,2.518181818181818
14,49,2,17,38.46,2.2623529411764705
14,49,3,14,26.74,1.91
14,49,4,6,10.7,1.7833333333333332
14,52,0,16,89.53,5.595625
14,52,1,18,35.66,1.9811111111111108
14,52,2,19,37.18,1.956842105263158
14,52,3,9,15.59,1.732222222222222
14,52,4,7,8.82,1.26
14,56,0,3,8.85,2.9499999999999997
14,56,1,8,18.78,2.3475
14,56,2,14,20.37,1.455
14,56,3,16,21.29,1.330625
14,56,4,10,13.15,1.315
14,59,0,10,40.71,4.071
14,59,1,12,48.65,4.054166666666666
14,59,2,12,28.82,2.401666666666667
14,59,3,5,7.01,1.402
14,59,4,11,8.91,0.81
14,60,0,4,12.23,3.0575
14,60,1,18,49.95,2.7750000000000004
14,60,2,10,7.78,0.778
14,60,3,4,3.05,0.7625
14,60,4,9,4.09,0.45444444444444443
14,66,0,18,116.21,6.4561111111111105
14,66,1,10,53.65,5.365
14,66,2,14,39.5,2.8214285714285716
14,66,3,8,19.07,2.38375
14,66,4,6,3.4,0.5666666666666667
14,67,0,3,14.07,4.69
14,67,1,17,70.88,4.169411764705882
14,67,2,18,50.24,2.7911111111111113
14,67,3,1,1.96,1.96
14,67,4,4,6.63,1.6575
14,69,0,14,72.82,5.201428571428571
14,69,1,18,84.53,4.696111111111112
14,69,2,1,2.56,2.56
14,69,3,5,10.48,2.096
14,69,4,9,5.79,0.6433333333333333
14,73,0,8,98.03,12.25375
14,73,1,17,165.12,9.712941176470588
14,73,2,10,92.49,9.248999999999999
14,73,3,4,6.91,1.7275
14,73,4,16,26.65,1.665625
14,79,0,8,67.19,8.39875
14,79,1,17,138.54,8.149411764705881
14,79,2,16,110.73,6.920625
14,79,3,12,35.93,2.9941666666666666
14,79,4,17,48.84,2.8729411764705883
14,82,0,1,10.2,10.2
14,82,1,8,76.45,9.55625
14,82,2,20,90.96,4.548
14,82,3,15,57.84,3.8560000000000003
14,82,4,1,0.67,0.67
14,83,0,8,56.03,7.00375
14,83,1,19,87.77,4.619473684210526
14,83,2,16,37.65,2.353125
14,83,3,16,36.95,2.309375
14,83,4,9,8.95,0.9944444444444444
14,86,0,15,171.42,11.427999999999999
14,86,1,14,91.46,6.532857142857142
14,86,2,19,42.62,2.243157894736842
14,86,3,6,6.46,1.0766666666666667
14,86,4,14,14.34,1.0242857142857142
14,88,0,15,48.68,3.2453333333333334
14,88,1,3,8.06,2.686666666666667
14,88,2,16,32.36,2.0225
14,88,3,12,10.89,0.9075000000000001
14,88,4,14,10.27,0.7335714285714285
14,89,0,6,58.37,9.728333333333333
14,89,1,5,26.08,5.215999999999999
14,89,2,15,58.63,3.908666666666667
14,89,3,15,54.52,3.634666666666667
14,89,4,16,26.87,1.679375
14,93,0,12,118.94,9.911666666666667
14,93,1,12,109.99,9.165833333333333
14,93,2,9,65.78,7.308888888888889
14,93,3,8,9.6,1.2
14,93,4,17,14.31,0.841764705882353
14,94,0,6,33.38,5.5633333333333335
14,94,1,12,48.34,4.028333333333333
14,94,2,13,45.25,3.480769230769231
14,94,3,14,39.64,2.8314285714285714
14,94,4,12,30.94,2.5783333333333336
14,97,0,7,34.33,4.904285714285714
14,97,1,14,57.35,4.0964285714285715
14,97,2,8,26.33,3.29125
14,97,3,1,1.98,1.98
14,97,4,2,1.41,0.705
16,1,0,20,67.73,3.3865000000000003
16,1,1,4,6.84,1.71
16,1,2,2,3.06,1.53
16,1,3,7,10.49,1.4985714285714287
16,1,4,13,7.31,0.5623076923076923
16,3,0,11,31.0,2.8181818181818183
16,3,1,10,15.18,1.518
16,3,2,11,10.02,0.9109090909090909
16,3,3,6,4.64,0.7733333333333333
16,3,4,12,6.77,0.5641666666666666
16,6,0,2,8.1,4.05
16,6,1,5,16.43,3.286
16,6,2,16,32.44,2.0275
16,6,3,11,14.63,1.33
16,6,4,10,6.64,0.6639999999999999
16,9,0,9,28.31,3.145555555555555
16,9,1,20,61.07,3.0535
16,9,2,17,40.66,2.391764705882353
16,9,3,6,10.0,1.6666666666666667
16,9,4,13,20.2,1.5538461538461539
16,13,0,1,2.46,2.46
16,13,1,14,32.99,2.3564285714285718
16,13,2,19,20.81,1.0952631578947367
16,13,3,20,13.91,0.6955
16,13,4,17,3.15,0.18529411764705883
16,14,0,1,2.98,2.98
16,14,1,9,24.06,2.6733333333333333
16,14,2,4,9.78,2.445
16,14,3,14,33.59,2.3992857142857145
16,14,4,18,23.68,1.3155555555555556
16,17,0,6,8.17,1.3616666666666666
16,17,1,8,10.51,1.31375
16,17,2,7,8.47,1.2100000000000002
16,17,3,11,6.72,0.6109090909090908
16,17,4,6,2.01,0.33499999999999996
16,20,0,2,7.34,3.67
16,20,1,20,31.62,1.581
16,20,2,15,19.65,1.3099999999999998
16,20,3,9,11.54,1.2822222222222222
16,20,4,16,18.95,1.184375
16,23,0,3,17.38,5.793333333333333
16,23,1,18,101.56,5.642222222222222
16,23,2,3,12.92,4.306666666666667
16,23,3,13,46.03,3.540769230769231
16,23,4,8,16.77,2.09625
16,27,0,12,56.99,4.7491666666666665
16,27,1,16,67.94,4.24625
16,27,2,2,4.74,2.37
16,27,3,20,41.48,2.074
16,27,4,20,13.71,0.6855
16,31,0,17,45.5,2.676470588235294
16,31,1,19,46.05,2.4236842105263157
16,31,2,12,14.06,1.1716666666666666
16,31,3,19,18.32,0.9642105263157895
16,31,4,18,13.74,0.7633333333333333
16,32,0,20,87.63,4.3815
16,32,1,5,18.51,3.7020000000000004
16,32,2,2,4.76,2.38
16,32,3,3,6.51,2.17
16,32,4,16,15.31,0.956875
16,35,0,9,18.79,2.0877777777777777
16,35,1,15,29.28,1.9520000000000002
16,35,2,4,6.69,1.6725
16,35,3,5,6.47,1.294
16,35,4,3,2.04,0.68
16,45,0,7,12.38,1.7685714285714287
16,45,1,8,14.01,1.75125
16,45,2,14,21.45,1.532142857142857
16,45,3,16,15.45,0.965625
16,45,4,8,4.07,0.50875
16,47,0,20,16.58,0.829
16,47,1,5,3.39,0.678
16,47,2,1,0.65,0.65
16,47,3,14,8.81,0.6292857142857143
16,47,4,16,9.72,0.6075
16,48,0,13,45.61,3.5084615384615385
16,48,1,15,46.22,3.0813333333333333
16,48,2,12,33.46,2.7883333333333336
16,48,3,16,32.69,2.043125
16,48,4,14,13.09,0.9349999999999999
16,49,0,1,1.43,1.43
16,49,1,12,9.0,0.75
16,49,2,8,4.27,0.53375
16,49,3,1,0.34,0.34
16,49,4,14,3.28,0.23428571428571426
16,52,0,14,49.39,3.527857142857143
16,52,1,18,30.05,1.6694444444444445
16,52,2,5,6.32,1.264
16,52,3,11,11.83,1.0754545454545454
16,52,4,3,1.71,0.57
16,56,0,7,18.51,2.6442857142857146
16,56,1,16,21.69,1.355625
16,56,2,12,14.4,1.2
16,56,3,17,9.04,0.5317647058823529
16,56,4,3,0.95,0.31666666666666665
16,59,0,14,69.15,4.939285714285715
16,59,1,19,42.47,2.2352631578947366
16,59,2,20,42.8,2.1399999999999997
16,59,3,10,16.04,1.6039999999999999
16,59,4,7,4.59,0.6557142857142857
16,60,0,2,4.29,2.145
16,60,1,15,24.48,1.6320000000000001
16,60,2,5,7.68,1.536
16,60,3,20,17.62,0.881
16,60,4,5,0.65,0.13
16,66,0,12,48.55,4.045833333333333
16,66,1,3,10.54,3.513333333333333
16,66,2,16,41.93,2.620625
16,66,3,3,7.25,2.4166666666666665
16,66,4,11,11.61,1.0554545454545454
16,67,0,16,73.03,4.564375
16,67,1,4,17.41,4.3525
16,67,2,1,3.05,3.05
16,67,3,19,10.0,0.5263157894736842
16,67,4,17,7.15,0.42058823529411765
16,69,0,2,3.51,1.755
16,69,1,1,1.62,1.62
16,69,2,8,11.32,1.415
16,69,3,1,1.26,1.26
16,69,4,13,11.11,0.8546153846153846
16,73,0,7,82.63,11.804285714285713
16,73,1,7,41.47,5.924285714285714
16,73,2,19,111.02,5.843157894736842
16,73,3,7,22.49,3.2128571428571426
16,73,4,9,27.39,3.0433333333333334
16,79,0,9,98.71,10.967777777777776
16,79,1,6,62.5,10.416666666666666
16,79,2,4,34.78,8.695
16,79,3,1,8.18,8.18
16,79,4,13,97.72,7.516923076923077
16,82,0,14,120.64,8.617142857142857
16,82,1,16,34.73,2.170625
16,82,2,9,17.13,1.9033333333333333
16,82,3,5,8.16,1.6320000000000001
16,82,4,8,4.3,0.5375
16,83,0,18,97.99,5.443888888888889
16,83,1,7,15.11,2.1585714285714284
16,83,2,11,17.9,1.6272727272727272
16,83,3,12,14.5,1.2083333333333333
16,83,4,18,14.24,0.7911111111111111
16,86,0,9,87.81,9.756666666666668
16,86,1,14,124.34,8.881428571428572
16,86,2,17,116.46,6.850588235294118
16,86,3,16,54.03,3.376875
16,86,4,11,12.3,1.1181818181818182
16,88,0,15,49.6,3.3066666666666666
16,88,1,4,12.73,3.1825
16,88,2,12,12.41,1.0341666666666667
16,88,3,5,4.98,0.9960000000000001
16,88,4,3,1.64,0.5466666666666666
16,89,0,16,138.73,8.670625
16,89,1,8,59.13,7.39125
16,89,2,12,86.32,7.1933333333333325
16,89,3,8,42.69,5.33625
16,89,4,18,38.59,2.143888888888889
16,93,0,14,119.3,8.52142857142857
16,93,1,7,45.28,6.468571428571429
16,93,2,4,21.57,5.3925
16,93,3,2,5.36,2.68
16,93,4,14,32.55,2.3249999999999997
16,94,0,19,84.46,4.445263157894736
16,94,1,11,40.89,3.7172727272727273
16,94,2,1,3.37,3.37
16,94,3,17,55.32,3.2541176470588233
16,94,4,20,14.8,0.74
16,97,0,13,26.2,2.0153846153846153
16,97,1,10,17.95,1.795
16,97,2,15,23.04,1.536
16,97,3,19,20.69,1.0889473684210527
16,97,4,18,4.48,0.2488888888888889
17,1,0,7,17.81,2.544285714285714
17,1,1,9,21.82,2.4244444444444446
17,1,2,2,4.63,2.315
17,1,3,12,17.59,1.4658333333333333
17,1,4,12,11.16,0.93
17,3,0,9,12.84,1.4266666666666667
17,3,1,6,4.33,0.7216666666666667
17,3,2,9,3.74,0.41555555555555557
17,3,3,3,1.23,0.41
17,3,4,9,2.91,0.32333333333333336
17,6,0,9,35.61,3.9566666666666666
17,6,1,18,64.2,3.566666666666667
17,6,2,9,31.3,3.477777777777778
17,6,3,4,8.69,2.1725
17,6,4,3,2.66,0.8866666666666667
17,9,0,13,49.28,3.790769230769231
17,9,1,8,16.06,2.0075
17,9,2,15,26.38,1.7586666666666666
17,9,3,19,28.66,1.5084210526315789
17,9,4,3,1.88,0.6266666666666666
17,13,0,9,19.76,2.195555555555556
17,13,1,13,25.22,1.94
17,13,2,3,4.92,1.64
17,13,3,9,11.25,1.25
17,13,4,15,17.62,1.1746666666666667
17,14,0,20,44.24,2.212
17,14,1,3,5.14,1.7133333333333332
17,14,2,6,10.0,1.6666666666666667
17,14,3,20,30.53,1.5265
17,14,4,4,5.66,1.415
17,16,0,3,3.81,1.27
17,16,1,1,1.08,1.08
17,16,2,16,16.4,1.025
17,16,3,1,0.9,0.9
17,16,4,18,11.27,0.6261111111111111
17,20,0,12,21.52,1.7933333333333332
17,20,1,15,17.38,1.1586666666666665
17,20,2,4,3.5,0.875
17,20,3,10,3.88,0.388
17,20,4,11,4.25,0.38636363636363635
17,23,0,12,66.76,5.5633333333333335
17,23,1,5,22.28,4.456
17,23,2,5,18.08,3.6159999999999997
17,23,3,9,15.37,1.7077777777777776
17,23,4,8,10.72,1.34
17,27,0,8,36.36,4.545
17,27,1,14,62.17,4.440714285714286
17,27,2,2,8.07,4.035
17,27,3,16,48.38,3.02375
17,27,4,6,8.05,1.3416666666666668
17,31,0,7,8.51,1.2157142857142857
17,31,1,1,1.12,1.12
17,31,2,6,6.38,1.0633333333333332
17,31,3,13,11.79,0.9069230769230768
17,31,4,12,10.34,0.8616666666666667
17,32,0,15,55.26,3.6839999999999997
17,32,1,5,17.98,3.596
17,32,2,20,50.16,2.508
17,32,3,15,16.96,1.1306666666666667
17,32,4,1,0.66,0.66
17,35,0,7,8.97,1.2814285714285716
17,35,1,3,2.93,0.9766666666666667
17,35,2,12,10.1,0.8416666666666667
17,35,3,15,5.46,0.364
17,35,4,6,0.98,0.16333333333333333
17,45,0,14,16.39,1.1707142857142858
17,45,1,9,8.73,0.9700000000000001
17,45,2,3,2.81,0.9366666666666666
17,45,3,8,2.83,0.35375
17,45,4,5,0.84,0.16799999999999998
17,47,0,8,10.75,1.34375
17,47,1,16,19.84,1.24
17,47,2,15,13.79,0.9193333333333332
17,47,3,16,4.66,0.29125
17,47,4,5,0.92,0.184
17,48,0,20,66.28,3.314
17,48,1,3,4.96,1.6533333333333333
17,48,2,18,25.65,1.4249999999999998
17,48,3,9,11.74,1.3044444444444445
17,48,4,15,6.38,0.42533333333333334
17,49,0,18,17.21,0.9561111111111111
17,49,1,11,7.22,0.6563636363636364
17,49,2,14,6.44,0.46
17,49,3,6,2.5,0.4166666666666667
17,49,4,16,4.93,0.308125
17,52,0,3,9.51,3.17
17,52,1,8,23.73,2.96625
17,52,2,11,23.13,2.1027272727272726
17,52,3,14,25.41,1.815
17,52,4,7,11.52,1.6457142857142857
17,56,0,9,22.55,2.5055555555555555
17,56,1,7,12.41,1.772857142857143
17,56,2,20,30.27,1.5135
17,56,3,12,9.16,0.7633333333333333
17,56,4,10,4.54,0.454
17,59,0,10,33.13,3.313
17,59,1,13,28.99,2.23
17,59,2,1,1.34,1.34
17,59,3,5,3.26,0.6519999999999999
17,59,4,13,8.23,0.6330769230769231
17,60,0,16,51.49,3.218125
17,60,1,13,36.27,2.79
17,60,2,8,15.23,1.90375
17,60,3,11,15.74,1.430909090909091
17,60,4,8,9.47,1.18375
17,66,0,5,16.43,3.286
17,66,1,13,40.68,3.129230769230769
17,66,2,2,6.21,3.105
17,66,3,17,25.4,1.4941176470588236
17,66,4,17,18.73,1.101764705882353
17,67,0,11,36.72,3.338181818181818
17,67,1,9,29.27,3.252222222222222
17,67,2,1,2.81,2.81
17,67,3,19,27.27,1.4352631578947368
17,67,4,14,13.22,0.9442857142857143
17,69,0,10,28.02,2.802
17,69,1,3,8.29,2.763333333333333
17,69,2,6,11.28,1.88
17,69,3,17,21.12,1.2423529411764707
17,69,4,2,1.28,0.64
17,73,0,11,72.29,6.571818181818182
17,73,1,9,51.35,5.705555555555556
17,73,2,14,71.24,5.088571428571428
17,73,3,12,54.32,4.526666666666666
17,73,4,3,1.83,0.61
17,79,0,2,17.58,8.79
17,79,1,13,110.66,8.512307692307692
17,79,2,9,71.92,7.9911111111111115
17,79,3,17,68.28,4.016470588235294
17,79,4,4,8.58,2.145
17,82,0,5,31.66,6.332
17,82,1,1,6.18,6.18
17,82,2,5,23.76,4.752000000000001
17,82,3,18,48.27,2.6816666666666666
17,82,4,3,5.67,1.89
17,83,0,13,69.79,5.368461538461539
17,83,1,5,25.46,5.0920000000000005
17,83,2,12,18.87,1.5725
17,83,3,6,5.64,0.94
17,83,4,10,5.69,0.5690000000000001
17,86,0,7,55.15,7.878571428571428
17,86,1,19,123.98,6.525263157894737
17,86,2,16,89.21,5.575625
17,86,3,19,103.6,5.4526315789473685
17,86,4,6,17.41,2.901666666666667
17,88,0,5,8.46,1.6920000000000002
17,88,1,20,28.16,1.408
17,88,2,19,26.45,1.3921052631578947
17,88,3,10,9.37,0.9369999999999999
17,88,4,5,2.14,0.42800000000000005
17,89,0,6,56.95,9.491666666666667
17,89,1,18,159.48,8.86
17,89,2,8,68.86,8.6075
17,89,3,10,48.94,4.894
17,89,4,17,35.55,2.091176470588235
17,93,0,2,13.5,6.75
17,93,1,3,18.69,6.23
17,93,2,9,48.42,5.38
17,93,3,16,45.46,2.84125
17,93,4,15,12.18,0.8119999999999999
17,94,0,6,22.88,3.813333333333333
17,94,1,9,31.14,3.46
17,94,2,11,37.03,3.3663636363636367
17,94,3,8,7.34,0.9175
17,94,4,7,6.2,0.8857142857142858
17,97,0,6,17.52,2.92
17,97,1,12,34.55,2.8791666666666664
17,97,2,13,25.54,1.9646153846153847
17,97,3,12,10.22,0.8516666666666667
17,97,4,13,10.34,0.7953846153846154
20,1,0,8,22.67,2.83375
20,1,1,3,8.31,2.77
20,1,2,19,37.42,1.9694736842105265
20,1,3,1,1.72,1.72
20,1,4,8,12.34,1.5425
20,3,0,14,44.01,3.1435714285714282
20,3,1,5,15.51,3.102
20,3,2,5,10.51,2.102
20,3,3,18,14.24,0.7911111111111111
20,3,4,14,10.94,0.7814285714285714
20,6,0,15,47.85,3.19
20,6,1,10,27.99,2.799
20,6,2,9,13.27,1.4744444444444444
20,6,3,15,13.53,0.9019999999999999
20,6,4,11,2.64,0.24000000000000002
20,9,0,18,65.72,3.651111111111111
20,9,1,18,55.83,3.1016666666666666
20,9,2,10,14.3,1.4300000000000002
20,9,3,3,1.83,0.61
20,9,4,19,10.1,0.531578947368421
20,13,0,18,74.14,4.118888888888889
20,13,1,16,63.64,3.9775
20,13,2,14,13.26,0.9471428571428572
20,13,3,17,15.22,0.8952941176470589
20,13,4,7,3.25,0.4642857142857143
20,14,0,11,32.06,2.9145454545454546
20,14,1,9,15.15,1.6833333333333333
20,14,2,2,2.91,1.455
20,14,3,1,0.23,0.23
20,14,4,4,0.64,0.16
20,16,0,6,20.82,3.47
20,16,1,12,32.51,2.7091666666666665
20,16,2,2,4.78,2.39
20,16,3,20,39.52,1.9760000000000002
20,16,4,1,0.25,0.25
20,17,0,12,23.13,1.9275
20,17,1,14,26.72,1.9085714285714286
20,17,2,11,8.52,0.7745454545454545
20,17,3,18,10.12,0.5622222222222222
20,17,4,12,4.63,0.3858333333333333
20,23,0,20,79.55,3.9775
20,23,1,9,28.96,3.217777777777778
20,23,2,20,57.88,2.894
20,23,3,17,39.14,2.3023529411764705
20,23,4,11,23.95,2.1772727272727272
20,27,0,9,33.58,3.731111111111111
20,27,1,7,21.35,3.0500000000000003
20,27,2,10,20.81,2.081
20,27,3,17,20.89,1.2288235294117646
20,27,4,13,11.55,0.8884615384615385
20,31,0,17,19.81,1.1652941176470588
20,31,1,20,16.91,0.8455
20,31,2,12,9.27,0.7725
20,31,3,19,11.97,0.63
20,31,4,2,0.78,0.39
20,32,0,7,10.21,1.4585714285714286
20,32,1,19,27.16,1.4294736842105262
20,32,2,18,25.47,1.415
20,32,3,14,16.34,1.167142857142857
20,32,4,10,7.62,0.762
20,35,0,19,24.37,1.2826315789473686
20,35,1,13,14.64,1.1261538461538463
20,35,2,15,12.94,0.8626666666666666
20,35,3,16,8.37,0.523125
20,35,4,2,0.43,0.215
20,45,0,5,2.04,0.40800000000000003
20,45,1,5,1.91,0.382
20,45,2,7,2.04,0.2914285714285714
20,45,3,13,2.62,0.20153846153846156
20,45,4,7,0.86,0.12285714285714286
20,47,0,13,48.43,3.7253846153846153
20,47,1,2,4.9,2.45
20,47,2,18,42.92,2.3844444444444446
20,47,3,1,2.36,2.36
20,47,4,8,13.41,1.67625
20,48,0,11,19.12,1.7381818181818183
20,48,1,12,17.24,1.4366666666666665
20,48,2,19,19.02,1.0010526315789474
20,48,3,1,0.46,0.46
20,48,4,16,3.66,0.22875
20,49,0,17,36.43,2.1429411764705883
20,49,1,11,21.6,1.9636363636363638
20,49,2,17,33.12,1.9482352941176468
20,49,3,18,20.66,1.1477777777777778
20,49,4,8,2.48,0.31
20,52,0,2,4.66,2.33
20,52,1,12,26.59,2.2158333333333333
20,52,2,17,37.29,2.1935294117647057
20,52,3,16,28.71,1.794375
20,52,4,15,21.65,1.4433333333333331
20,56,0,8,13.51,1.68875
20,56,1,3,3.12,1.04
20,56,2,4,3.57,0.8925
20,56,3,2,0.97,0.485
20,56,4,4,0.71,0.1775
20,59,0,13,22.27,1.713076923076923
20,59,1,14,23.34,1.667142857142857
20,59,2,18,24.21,1.345
20,59,3,7,7.2,1.0285714285714287
20,59,4,6,2.34,0.38999999999999996
20,60,0,20,64.87,3.2435
20,60,1,3,9.73,3.2433333333333336
20,60,2,14,37.54,2.6814285714285715
20,60,3,15,23.75,1.5833333333333333
20,60,4,19,18.05,0.9500000000000001
20,66,0,11,26.69,2.4263636363636363
20,66,1,9,16.78,1.8644444444444446
20,66,2,7,12.61,1.8014285714285714
20,66,3,13,19.11,1.47
20,66,4,20,22.26,1.113
20,67,0,16,26.44,1.6525
20,67,1,19,24.35,1.2815789473684212
20,67,2,19,22.62,1.1905263157894737
20,67,3,20,15.22,0.761
20,67,4,3,1.1,0.3666666666666667
20,69,0,1,2.92,2.92
20,69,1,5,11.68,2.336
20,69,2,3,5.15,1.7166666666666668
20,69,3,4,4.62,1.155
20,69,4,20,5.22,0.261
20,73,0,9,78.03,8.67
20,73,1,9,74.2,8.244444444444445
20,73,2,5,24.95,4.99
20,73,3,15,37.91,2.527333333333333
20,73,4,16,20.12,1.2575
20,79,0,1,8.38,8.38
20,79,1,19,83.66,4.403157894736842
20,79,2,18,78.0,4.333333333333333
20,79,3,10,28.29,2.8289999999999997
20,79,4,12,22.96,1.9133333333333333
20,82,0,9,44.67,4.963333333333334
20,82,1,15,67.1,4.473333333333333
20,82,2,9,33.0,3.6666666666666665
20,82,3,2,7.05,3.525
20,82,4,6,15.53,2.5883333333333334
20,83,0,13,60.62,4.663076923076923
20,83,1,3,13.2,4.3999999999999995
20,83,2,2,7.79,3.895
20,83,3,2,4.58,2.29
20,83,4,3,5.07,1.6900000000000002
20,86,0,12,92.44,7.703333333333333
20,86,1,17,80.1,4.711764705882352
20,86,2,10,33.75,3.375
20,86,3,2,6.58,3.29
20,86,4,3,4.28,1.4266666666666667
20,88,0,19,7.0,0.3684210526315789
20,88,1,11,3.96,0.36
20,88,2,8,2.79,0.34875
20,88,3,14,1.11,0.07928571428571429
20,88,4,2,0.07,0.035
20,89,0,5,36.97,7.394
20,89,1,5,36.66,7.331999999999999
20,89,2,1,6.78,6.78
20,89,3,6,33.76,5.626666666666666
20,89,4,3,3.32,1.1066666666666667
20,93,0,3,15.95,5.316666666666666
20,93,1,15,30.62,2.041333333333333
20,93,2,15,27.75,1.85
20,93,3,18,21.65,1.2027777777777777
20,93,4,7,4.58,0.6542857142857142
20,94,0,5,14.14,2.8280000000000003
20,94,1,20,53.31,2.6655
20,94,2,3,5.78,1.9266666666666667
20,94,3,2,3.24,1.62
20,94,4,6,5.77,0.9616666666666666
20,97,0,10,49.92,4.992
20,97,1,7,20.46,2.922857142857143
20,97,2,18,41.83,2.323888888888889
20,97,3,14,23.03,1.645
20,97,4,8,9.74,1.2175
23,1,0,11,77.98,7.08909090909091
23,1,1,15,87.25,5.816666666666666
23,1,2,7,32.36,4.622857142857143
23,1,3,2,4.42,2.21
23,1,4,7,11.49,1.6414285714285715
23,3,0,4,12.95,3.2375
23,3,1,2,5.26,2.63
23,3,2,20,40.34,2.0170000000000003
23,3,3,10,16.68,1.668
23,3,4,17,14.17,0.8335294117647059
23,6,0,2,6.75,3.375
23,6,1,18,60.43,3.357222222222222
23,6,2,3,9.64,3.2133333333333334
23,6,3,18,33.26,1.8477777777777777
23,6,4,7,1.4,0.19999999999999998
23,9,0,14,56.69,4.049285714285714
23,9,1,18,61.5,3.4166666666666665
23,9,2,17,57.26,3.368235294117647
23,9,3,18,57.01,3.167222222222222
23,9,4,17,26.04,1.531764705882353
23,13,0,8,70.04,8.755
23,13,1,15,85.5,5.7
23,13,2,20,67.92,3.396
23,13,3,16,48.83,3.051875
23,13,4,20,54.71,2.7355
23,14,0,9,73.97,8.21888888888889
23,14,1,6,40.42,6.736666666666667
23,14,2,8,33.36,4.17
23,14,3,7,23.14,3.3057142857142856
23,14,4,18,35.45,1.9694444444444446
23,16,0,9,59.39,6.598888888888889
23,16,1,1,6.14,6.14
23,16,2,19,53.03,2.7910526315789475
23,16,3,16,41.09,2.568125
23,16,4,12,18.76,1.5633333333333335
23,17,0,5,18.25,3.65
23,17,1,4,11.03,2.7575
23,17,2,9,19.77,2.1966666666666668
23,17,3,2,4.02,2.01
23,17,4,2,3.97,1.985
23,20,0,6,26.08,4.346666666666667
23,20,1,14,44.57,3.1835714285714287
23,20,2,15,32.36,2.1573333333333333
23,20,3,16,18.7,1.16875
23,20,4,19,15.22,0.8010526315789473
23,27,0,8,21.67,2.70875
23,27,1,8,21.6,2.7
23,27,2,14,28.9,2.064285714285714
23,27,3,17,25.78,1.5164705882352942
23,27,4,2,1.91,0.955
23,31,0,1,5.56,5.56
23,31,1,12,48.17,4.014166666666667
23,31,2,5,7.58,1.516
23,31,3,19,20.73,1.0910526315789475
23,31,4,11,4.34,0.39454545454545453
23,32,0,18,36.26,2.0144444444444445
23,32,1,1,1.23,1.23
23,32,2,10,11.96,1.1960000000000002
23,32,3,2,2.06,1.03
23,32,4,4,3.54,0.885
23,35,0,6,24.68,4.113333333333333
23,35,1,8,13.36,1.67
23,35,2,11,17.61,1.6009090909090908
23,35,3,16,16.47,1.029375
23,35,4,11,6.05,0.5499999999999999
23,45,0,18,62.16,3.453333333333333
23,45,1,19,54.02,2.843157894736842
23,45,2,10,20.81,2.081
23,45,3,15,30.52,2.034666666666667
23,45,4,19,19.32,1.016842105263158
23,47,0,7,38.96,5.565714285714286
23,47,1,11,57.78,5.252727272727273
23,47,2,6,24.32,4.053333333333334
23,47,3,16,38.88,2.43
23,47,4,8,15.5,1.9375
23,48,0,10,26.65,2.665
23,48,1,20,43.16,2.158
23,48,2,2,2.67,1.335
23,48,3,19,7.35,0.3868421052631579
23,48,4,20,4.72,0.236
23,49,0,15,75.81,5.054
23,49,1,15,35.37,2.3579999999999997
23,49,2,11,20.9,1.9
23,49,3,3,1.76,0.5866666666666667
23,49,4,10,3.84,0.384
23,52,0,19,59.76,3.1452631578947368
23,52,1,4,11.89,2.9725
23,52,2,4,6.98,1.745
23,52,3,17,23.62,1.3894117647058823
23,52,4,7,6.51,0.9299999999999999
23,56,0,18,76.37,4.242777777777778
23,56,1,5,14.45,2.8899999999999997
23,56,2,5,14.15,2.83
23,56,3,6,13.48,2.2466666666666666
23,56,4,10,22.38,2.238
23,59,0,10,33.94,3.3939999999999997
23,59,1,17,46.99,2.7641176470588236
23,59,2,1,2.12,2.12
23,59,3,12,15.51,1.2925
23,59,4,19,24.08,1.2673684210526315
23,60,0,11,58.5,5.318181818181818
23,60,1,17,87.09,5.122941176470588
23,60,2,17,82.36,4.844705882352941
23,60,3,7,31.75,4.535714285714286
23,60,4,11,43.98,3.998181818181818
23,66,0,14,27.74,1.9814285714285713
23,66,1,3,4.0,1.3333333333333333
23,66,2,1,1.07,1.07
23,66,3,1,0.96,0.96
23,66,4,5,1.79,0.358
23,67,0,13,24.93,1.9176923076923076
23,67,1,1,1.86,1.86
23,67,2,9,15.85,1.761111111111111
23,67,3,6,7.7,1.2833333333333334
23,67,4,2,0.58,0.29
23,69,0,4,21.61,5.4025
23,69,1,18,90.67,5.037222222222223
23,69,2,13,43.66,3.358461538461538
23,69,3,3,9.84,3.28
23,69,4,19,45.88,2.4147368421052633
23,73,0,4,18.43,4.6075
23,73,1,6,8.92,1.4866666666666666
23,73,2,18,13.19,0.7327777777777778
23,73,3,15,6.5,0.43333333333333335
23,73,4,7,1.74,0.24857142857142858
23,79,0,18,58.36,3.2422222222222223
23,79,1,7,21.67,3.095714285714286
23,79,2,1,1.04,1.04
23,79,3,9,7.52,0.8355555555555555
23,79,4,16,10.05,0.628125
23,82,0,10,19.64,1.964
23,82,1,4,7.26,1.815
23,82,2,19,25.51,1.3426315789473684
23,82,3,4,4.13,1.0325
23,82,4,3,0.48,0.16
23,83,0,14,36.42,2.6014285714285714
23,83,1,20,45.92,2.2960000000000003
23,83,2,4,7.25,1.8125
23,83,3,17,20.04,1.1788235294117646
23,83,4,8,6.41,0.80125
23,86,0,14,73.25,5.232142857142857
23,86,1,8,31.58,3.9475
23,86,2,2,3.81,1.905
23,86,3,13,9.38,0.7215384615384616
23,86,4,16,6.08,0.38
23,88,0,17,74.48,4.381176470588236
23,88,1,18,60.89,3.3827777777777777
23,88,2,4,11.64,2.91
23,88,3,2,2.48,1.24
23,88,4,7,1.89,0.26999999999999996
23,89,0,16,69.07,4.316875
23,89,1,12,44.71,3.7258333333333336
23,89,2,20,52.38,2.619
23,89,3,9,5.01,0.5566666666666666
23,89,4,1,0.34,0.34
23,93,0,16,45.42,2.83875
23,93,1,15,40.33,2.6886666666666668
23,93,2,15,40.21,2.6806666666666668
23,93,3,10,3.6,0.36
23,93,4,1,0.21,0.21
23,94,0,1,2.34,2.34
23,94,1,12,27.4,2.283333333333333
23,94,2,19,26.4,1.3894736842105262
23,94,3,17,17.86,1.0505882352941176
23,94,4,10,5.36,0.536
23,97,0,15,113.8,7.586666666666667
23,97,1,9,52.38,5.82
23,97,2,20,59.73,2.9865
23,97,3,5,8.77,1.754
23,97,4,9,4.53,0.5033333333333334
27,1,0,6,41.05,6.841666666666666
27,1,1,3,19.35,6.45
27,1,2,14,57.09,4.077857142857143
27,1,3,11,35.19,3.1990909090909088
27,1,4,12,12.13,1.0108333333333335
27,3,0,16,87.53,5.470625
27,3,1,3,13.02,4.34
27,3,2,11,37.31,3.391818181818182
27,3,3,3,6.28,2.0933333333333333
27,3,4,9,4.02,0.4466666666666666
27,6,0,8,7.35,0.91875
27,6,1,6,4.58,0.7633333333333333
27,6,2,11,7.72,0.7018181818181818
27,6,3,16,10.81,0.675625
27,6,4,20,7.46,0.373
27,9,0,18,30.52,1.6955555555555555
27,9,1,9,10.17,1.13
27,9,2,14,3.2,0.2285714285714286
27,9,3,10,2.13,0.213
27,9,4,6,0.99,0.165
27,13,0,1,7.32,7.32
27,13,1,7,40.11,5.7299999999999995
27,13,2,4,21.64,5.41
27,13,3,18,94.31,5.239444444444445
27,13,4,14,20.25,1.4464285714285714
27,14,0,8,52.33,6.54125
27,14,1,15,90.36,6.024
27,14,2,17,58.69,3.4523529411764704
27,14,3,19,9.8,0.5157894736842106
27,14,4,13,5.18,0.3984615384615384
27,16,0,2,5.35,2.675
27,16,1,3,5.88,1.96
27,16,2,20,26.78,1.339
27,16,3,16,17.1,1.06875
27,16,4,8,3.7,0.4625
27,17,0,20,82.37,4.1185
27,17,1,9,33.17,3.6855555555555557
27,17,2,7,20.06,2.8657142857142857
27,17,3,19,40.97,2.156315789473684
27,17,4,4,5.3,1.325
27,20,0,20,75.31,3.7655000000000003
27,20,1,18,57.61,3.2005555555555554
27,20,2,9,11.57,1.2855555555555556
27,20,3,13,9.63,0.7407692307692308
27,20,4,10,5.75,0.575
27,23,0,14,30.39,2.170714285714286
27,23,1,19,33.98,1.7884210526315787
27,23,2,17,22.98,1.351764705882353
27,23,3,19,17.36,0.9136842105263158
27,23,4,7,4.48,0.64
27,31,0,10,34.64,3.464
27,31,1,5,15.67,3.134
27,31,2,12,16.95,1.4124999999999999
27,31,3,9,4.8,0.5333333333333333
27,31,4,19,4.26,0.22421052631578947
27,32,0,6,20.97,3.4949999999999997
27,32,1,20,27.51,1.3755000000000002
27,32,2,14,14.26,1.0185714285714285
27,32,3,19,7.65,0.40263157894736845
27,32,4,18,6.35,0.35277777777777775
27,35,0,12,28.35,2.3625000000000003
27,35,1,2,4.21,2.105
27,35,2,20,27.78,1.389
27,35,3,17,13.08,0.7694117647058824
27,35,4,2,1.2,0.6
27,45,0,15,45.42,3.028
27,45,1,11,32.35,2.940909090909091
27,45,2,19,41.47,2.1826315789473685
27,45,3,9,8.16,0.9066666666666667
27,45,4,13,6.47,0.49769230769230766
27,47,0,20,88.06,4.4030000000000005
27,47,1,17,64.8,3.8117647058823527
27,47,2,6,15.18,2.53
27,47,3,14,11.04,0.7885714285714285
27,47,4,1,0.7,0.7
27,48,0,13,29.07,2.2361538461538464
27,48,1,11,14.85,1.3499999999999999
27,48,2,12,7.62,0.635
27,48,3,10,6.03,0.603
27,48,4,9,3.7,0.41111111111111115
27,49,0,4,12.77,3.1925
27,49,1,5,8.69,1.738
27,49,2,1,1.7,1.7
27,49,3,4,6.18,1.545
27,49,4,10,13.07,1.307
27,52,0,12,16.32,1.36
27,52,1,17,18.01,1.0594117647058825
27,52,2,13,8.22,0.6323076923076923
27,52,3,20,10.87,0.5435
27,52,4,7,2.83,0.4042857142857143
27,56,0,9,16.29,1.8099999999999998
27,56,1,11,18.54,1.6854545454545453
27,56,2,17,12.47,0.7335294117647059
27,56,3,4,2.19,0.5475
27,56,4,11,5.67,0.5154545454545455
27,59,0,7,12.17,1.7385714285714287
27,59,1,5,8.58,1.716
27,59,2,19,21.31,1.121578947368421
27,59,3,15,12.58,0.8386666666666667
27,59,4,16,9.09,0.568125
27,60,0,20,50.54,2.527
27,60,1,18,35.68,1.982222222222222
27,60,2,6,9.33,1.555
27,60,3,13,18.81,1.4469230769230768
27,60,4,19,19.72,1.0378947368421052
27,66,0,6,3.69,0.615
27,66,1,20,9.87,0.49349999999999994
27,66,2,6,2.15,0.35833333333333334
27,66,3,9,1.11,0.12333333333333335
27,66,4,19,1.04,0.05473684210526316
27,67,0,20,53.32,2.666
27,67,1,19,41.55,2.1868421052631577
27,67,2,12,19.6,1.6333333333333335
27,67,3,11,13.59,1.2354545454545454
27,67,4,5,1.02,0.20400000000000001
27,69,0,5,10.94,2.1879999999999997
27,69,1,13,20.84,1.603076923076923
27,69,2,6,5.05,0.8416666666666667
27,69,3,3,2.13,0.71
27,69,4,12,8.01,0.6675
27,73,0,7,51.26,7.322857142857143
27,73,1,4,22.46,5.615
27,73,2,1,2.37,2.37
27,73,3,20,31.25,1.5625
27,73,4,5,6.42,1.284
27,79,0,17,117.37,6.904117647058824
27,79,1,1,6.73,6.73
27,79,2,1,3.18,3.18
27,79,3,18,46.47,2.5816666666666666
27,79,4,13,4.03,0.31
27,82,0,4,20.06,5.015
27,82,1,4,16.08,4.02
27,82,2,6,20.7,3.4499999999999997
27,82,3,14,31.04,2.217142857142857
27,82,4,4,7.69,1.9225
27,83,0,6,6.27,1.045
27,83,1,12,10.31,0.8591666666666667
27,83,2,1,0.3,0.3
27,83,3,9,2.58,0.2866666666666667
27,83,4,20,5.71,0.2855
27,86,0,2,12.55,6.275
27,86,1,4,19.48,4.87
27,86,2,8,9.68,1.21
27,86,3,19,18.61,0.9794736842105263
27,86,4,10,3.96,0.396
27,88,0,14,19.21,1.372142857142857
27,88,1,2,1.71,0.855
27,88,2,15,12.43,0.8286666666666667
27,88,3,9,2.61,0.29
27,88,4,4,0.67,0.1675
27,89,0,14,100.12,7.151428571428572
27,89,1,12,42.43,3.535833333333333
27,89,2,6,11.75,1.9583333333333333
27,89,3,5,8.95,1.7899999999999998
27,89,4,18,24.3,1.35
27,93,0,3,9.19,3.063333333333333
27,93,1,13,37.49,2.883846153846154
27,93,2,4,8.04,2.01
27,93,3,16,16.13,1.008125
27,93,4,5,2.93,0.5860000000000001
27,94,0,16,16.76,1.0475
27,94,1,19,18.49,0.973157894736842
27,94,2,10,3.62,0.362
27,94,3,4,1.36,0.34
27,94,4,16,4.93,0.308125
27,97,0,18,93.52,5.195555555555555
27,97,1,19,90.69,4.773157894736842
27,97,2,11,15.74,1.430909090909091
27,97,3,8,9.51,1.18875
27,97,4,1,0.5,0.5
31,1,0,20,47.86,2.393
31,1,1,10,22.18,2.218
31,1,2,11,22.17,2.0154545454545456
31,1,3,2,3.26,1.63
31,1,4,9,1.83,0.20333333333333334
31,3,0,11,17.11,1.5554545454545454
31,3,1,18,27.06,1.5033333333333332
31,3,2,5,5.85,1.17
31,3,3,17,18.26,1.0741176470588236
31,3,4,18,13.0,0.7222222222222222
31,6,0,6,25.52,4.253333333333333
31,6,1,7,29.58,4.225714285714285
31,6,2,8,28.9,3.6125
31,6,3,17,20.3,1.1941176470588235
31,6,4,18,15.34,0.8522222222222222
31,9,0,1,4.19,4.19
31,9,1,3,11.16,3.72
31,9,2,16,46.67,2.916875
31,9,3,4,3.83,0.9575
31,9,4,19,5.23,0.2752631578947369
31,13,0,5,12.28,2.456
31,13,1,9,12.91,1.4344444444444444
31,13,2,20,25.77,1.2885
31,13,3,13,9.21,0.7084615384615385
31,13,4,1,0.66,0.66
31,14,0,1,2.45,2.45
31,14,1,2,4.5,2.25
31,14,2,13,18.54,1.426153846153846
31,14,3,4,3.32,0.83
31,14,4,10,3.06,0.306
31,16,0,18,58.65,3.2583333333333333
31,16,1,1,2.27,2.27
31,16,2,16,24.33,1.520625
31,16,3,11,16.2,1.4727272727272727
31,16,4,5,4.43,0.8859999999999999
31,17,0,15,20.04,1.3359999999999999
31,17,1,10,13.3,1.33
31,17,2,8,6.1,0.7625
31,17,3,1,0.71,0.71
31,17,4,4,2.48,0.62
31,20,0,5,5.28,1.056
31,20,1,15,10.36,0.6906666666666667
31,20,2,20,10.6,0.53
31,20,3,3,0.45,0.15
31,20,4,19,2.66,0.14
31,23,0,12,63.1,5.258333333333334
31,23,1,14,63.85,4.560714285714286
31,23,2,6,23.35,3.891666666666667
31,23,3,6,5.18,0.8633333333333333
31,23,4,6,2.29,0.38166666666666665
31,27,0,12,58.21,4.850833333333333
31,27,1,16,70.82,4.42625
31,27,2,6,23.08,3.8466666666666662
31,27,3,15,46.27,3.0846666666666667
31,27,4,8,21.88,2.735
31,32,0,9,20.79,2.31
31,32,1,6,12.34,2.0566666666666666
31,32,2,4,7.73,1.9325
31,32,3,4,3.42,0.855
31,32,4,4,2.73,0.6825
31,35,0,15,22.39,1.4926666666666668
31,35,1,3,3.99,1.33
31,35,2,18,12.2,0.6777777777777777
31,35,3,18,8.9,0.49444444444444446
31,35,4,4,1.3,0.325
31,45,0,20,15.72,0.786
31,45,1,2,1.27,0.635
31,45,2,6,1.8,0.3
31,45,3,14,2.59,0.185
31,45,4,12,1.3,0.10833333333333334
31,47,0,20,53.4,2.67
31,47,1,19,17.68,0.9305263157894736
31,47,2,13,5.49,0.42230769230769233
31,47,3,3,1.0,0.3333333333333333
31,47,4,8,2.15,0.26875
31,48,0,14,36.31,2.593571428571429
31,48,1,7,15.9,2.2714285714285714
31,48,2,4,8.57,2.1425
31,48,3,1,0.86,0.86
31,48,4,13,2.77,0.21307692307692308
31,49,0,20,40.45,2.0225
31,49,1,13,23.66,1.82
31,49,2,3,4.81,1.6033333333333333
31,49,3,19,25.23,1.3278947368421052
31,49,4,12,5.98,0.49833333333333335
31,52,0,4,11.42,2.855
31,52,1,10,24.36,2.436
31,52,2,9,21.24,2.36
31,52,3,17,32.88,1.9341176470588237
31,52,4,7,3.4,0.4857142857142857
31,56,0,5,15.31,3.0620000000000003
31,56,1,14,38.99,2.785
31,56,2,14,30.73,2.195
31,56,3,10,9.76,0.976
31,56,4,17,15.71,0.9241176470588236
31,59,0,7,15.75,2.25
31,59,1,12,22.29,1.8575
31,59,2,19,22.9,1.2052631578947368
31,59,3,1,0.36,0.36
31,59,4,16,5.66,0.35375
31,60,0,11,44.6,4.054545454545455
31,60,1,14,54.09,3.863571428571429
31,60,2,15,53.6,3.5733333333333333
31,60,3,16,43.11,2.694375
31,60,4,2,2.68,1.34
31,66,0,13,47.7,3.6692307692307695
31,66,1,7,10.46,1.4942857142857144
31,66,2,17,13.99,0.8229411764705883
31,66,3,15,4.33,0.2886666666666667
31,66,4,11,2.85,0.2590909090909091
31,67,0,10,21.08,2.1079999999999997
31,67,1,2,2.97,1.485
31,67,2,1,0.48,0.48
31,67,3,5,2.39,0.47800000000000004
31,67,4,7,2.32,0.3314285714285714
31,69,0,18,70.54,3.918888888888889
31,69,1,8,30.16,3.77
31,69,2,7,23.0,3.2857142857142856
31,69,3,14,33.7,2.4071428571428575
31,69,4,20,15.71,0.7855000000000001
31,73,0,16,155.86,9.74125
31,73,1,15,138.69,9.246
31,73,2,5,35.61,7.122
31,73,3,18,95.96,5.3311111111111105
31,73,4,15,63.49,4.232666666666667
31,79,0,20,199.63,9.9815
31,79,1,6,46.74,7.79
31,79,2,11,13.1,1.190909090909091
31,79,3,14,13.54,0.9671428571428571
31,79,4,7,5.72,0.8171428571428571
31,82,0,14,102.87,7.347857142857143
31,82,1,4,27.74,6.935
31,82,2,4,19.34,4.835
31,82,3,16,20.85,1.303125
31,82,4,9,8.02,0.8911111111111111
31,83,0,1,6.04,6.04
31,83,1,15,82.7,5.513333333333334
31,83,2,6,32.99,5.498333333333334
31,83,3,16,70.1,4.38125
31,83,4,15,49.05,3.27
31,86,0,5,45.53,9.106
31,86,1,3,21.77,7.256666666666667
31,86,2,12,84.15,7.0125
31,86,3,15,74.87,4.991333333333333
31,86,4,4,11.56,2.89
31,88,0,9,6.88,0.7644444444444445
31,88,1,3,2.29,0.7633333333333333
31,88,2,18,11.19,0.6216666666666666
31,88,3,4,1.18,0.295
31,88,4,8,1.87,0.23375
31,89,0,17,137.85,8.108823529411765
31,89,1,6,43.14,7.19
31,89,2,14,59.73,4.2664285714285715
31,89,3,3,3.82,1.2733333333333332
31,89,4,4,3.76,0.94
31,93,0,6,32.08,5.346666666666667
31,93,1,3,15.42,5.14
31,93,2,9,43.35,4.816666666666666
31,93,3,2,5.05,2.525
31,93,4,2,2.7,1.35
31,94,0,11,38.6,3.5090909090909093
31,94,1,12,31.43,2.6191666666666666
31,94,2,11,25.68,2.3345454545454545
31,94,3,18,40.42,2.2455555555555557
31,94,4,19,36.53,1.9226315789473685
31,97,0,14,55.09,3.935
31,97,1,11,37.62,3.42
31,97,2,17,48.49,2.8523529411764708
31,97,3,13,33.51,2.5776923076923075
31,97,4,1,1.32,1.32
32,1,0,17,80.08,4.710588235294118
32,1,1,12,53.07,4.4225
32,1,2,6,11.14,1.8566666666666667
32,1,3,1,1.62,1.62
32,1,4,5,6.7,1.34
32,3,0,9,34.93,3.881111111111111
32,3,1,16,50.66,3.16625
32,3,2,18,55.2,3.066666666666667
32,3,3,7,17.5,2.5
32,3,4,8,17.89,2.23625
32,6,0,8,32.93,4.11625
32,6,1,10,38.09,3.809
32,6,2,1,1.66,1.66
32,6,3,12,14.33,1.1941666666666666
32,6,4,20,5.24,0.262
32,9,0,12,62.01,5.1674999999999995
32,9,1,9,32.53,3.6144444444444446
32,9,2,13,44.49,3.4223076923076925
32,9,3,7,22.99,3.2842857142857143
32,9,4,16,9.32,0.5825
32,13,0,17,90.4,5.31764705882353
32,13,1,15,79.04,5.269333333333334
32,13,2,5,3.79,0.758
32,13,3,4,2.56,0.64
32,13,4,8,4.8,0.6
32,14,0,6,29.39,4.898333333333333
32,14,1,10,44.14,4.414
32,14,2,17,63.38,3.7282352941176473
32,14,3,11,24.44,2.221818181818182
32,14,4,6,10.75,1.7916666666666667
32,16,0,11,36.65,3.3318181818181816
32,16,1,16,42.83,2.676875
32,16,2,5,10.18,2.036
32,16,3,15,19.43,1.2953333333333332
32,16,4,4,4.14,1.035
32,17,0,7,19.47,2.781428571428571
32,17,1,3,8.13,2.7100000000000004
32,17,2,11,15.05,1.3681818181818182
32,17,3,11,14.9,1.3545454545454545
32,17,4,20,22.77,1.1385
32,20,0,6,11.26,1.8766666666666667
32,20,1,11,16.42,1.492727272727273
32,20,2,9,13.12,1.4577777777777776
32,20,3,10,10.15,1.0150000000000001
32,20,4,15,4.31,0.28733333333333333
32,23,0,16,61.99,3.874375
32,23,1,2,7.54,3.77
32,23,2,11,33.61,3.055454545454545
32,23,3,12,21.94,1.8283333333333334
32,23,4,1,0.85,0.85
32,27,0,1,4.44,4.44
32,27,1,15,60.03,4.002
32,27,2,14,13.43,0.9592857142857143
32,27,3,14,13.19,0.9421428571428571
32,27,4,2,0.6,0.3
32,31,0,9,23.38,2.5977777777777775
32,31,1,11,22.14,2.0127272727272727
32,31,2,8,6.46,0.8075
32,31,3,6,4.4,0.7333333333333334
32,31,4,7,3.56,0.5085714285714286
32,35,0,18,53.57,2.976111111111111
32,35,1,11,31.0,2.8181818181818183
32,35,2,17,24.95,1.4676470588235293
32,35,3,16,19.7,1.23125
32,35,4,10,1.46,0.146
32,45,0,17,44.61,2.6241176470588234
32,45,1,7,18.22,2.6028571428571428
32,45,2,1,2.02,2.02
32,45,3,17,29.76,1.7505882352941178
32,45,4,3,2.09,0.6966666666666667
32,47,0,13,59.87,4.605384615384615
32,47,1,7,24.78,3.54
32,47,2,15,16.56,1.1039999999999999
32,47,3,3,2.37,0.79
32,47,4,20,15.22,0.761
32,48,0,3,7.04,2.3466666666666667
32,48,1,5,9.46,1.8920000000000001
32,48,2,20,30.9,1.545
32,48,3,7,8.57,1.2242857142857144
32,48,4,11,8.06,0.7327272727272728
32,49,0,7,29.46,4.208571428571429
32,49,1,14,53.02,3.7871428571428574
32,49,2,13,40.73,3.133076923076923
32,49,3,3,9.37,3.123333333333333
32,49,4,20,45.34,2.2670000000000003
32,52,0,12,29.87,2.4891666666666667
32,52,1,8,18.71,2.33875
32,52,2,4,7.82,1.955
32,52,3,16,16.84,1.0525
32,52,4,17,9.08,0.5341176470588236
32,56,0,19,76.18,4.009473684210526
32,56,1,18,38.17,2.1205555555555557
32,56,2,11,16.06,1.46
32,56,3,13,10.56,0.8123076923076924
32,56,4,2,1.6,0.8
32,59,0,7,5.01,0.7157142857142856
32,59,1,14,9.98,0.7128571428571429
32,59,2,3,1.76,0.5866666666666667
32,59,3,3,1.61,0.5366666666666667
32,59,4,3,0.61,0.20333333333333334
32,60,0,20,90.86,4.543
32,60,1,14,40.68,2.9057142857142857
32,60,2,18,42.05,2.336111111111111
32,60,3,7,9.61,1.3728571428571428
32,60,4,7,4.21,0.6014285714285714
32,66,0,17,71.09,4.181764705882353
32,66,1,1,3.81,3.81
32,66,2,14,26.71,1.907857142857143
32,66,3,18,23.48,1.3044444444444445
32,66,4,9,9.86,1.0955555555555554
32,67,0,6,7.98,1.33
32,67,1,1,1.33,1.33
32,67,2,14,18.07,1.2907142857142857
32,67,3,3,3.2,1.0666666666666667
32,67,4,8,0.78,0.0975
32,69,0,3,13.3,4.433333333333334
32,69,1,6,24.89,4.148333333333333
32,69,2,16,53.14,3.32125
32,69,3,9,9.08,1.008888888888889
32,69,4,8,7.81,0.97625
32,73,0,15,106.88,7.125333333333333
32,73,1,8,50.96,6.37
32,73,2,11,67.07,6.097272727272727
32,73,3,16,64.08,4.005
32,73,4,19,43.36,2.2821052631578946
32,79,0,1,7.63,7.63
32,79,1,3,19.35,6.45
32,79,2,7,38.45,5.492857142857143
32,79,3,4,10.6,2.65
32,79,4,10,9.81,0.9810000000000001
32,82,0,20,98.48,4.924
32,82,1,6,24.09,4.015
32,82,2,10,39.0,3.9
32,82,3,16,43.62,2.72625
32,82,4,9,16.75,1.8611111111111112
32,83,0,19,106.82,5.622105263157894
32,83,1,14,34.37,2.4549999999999996
32,83,2,5,10.06,2.012
32,83,3,12,22.35,1.8625
32,83,4,3,2.75,0.9166666666666666
32,86,0,20,130.94,6.547
32,86,1,17,85.74,5.043529411764705
32,86,2,19,84.52,4.448421052631579
32,86,3,8,27.95,3.49375
32,86,4,2,4.3,2.15
32,88,0,4,6.53,1.6325
32,88,1,6,8.34,1.39
32,88,2,15,16.34,1.0893333333333333
32,88,3,20,18.57,0.9285
32,88,4,20,10.08,0.504
32,89,0,20,115.74,5.787
32,89,1,19,78.09,4.11
32,89,2,14,53.65,3.832142857142857
32,89,3,6,17.05,2.841666666666667
32,89,4,10,23.51,2.351
32,93,0,19,128.22,6.748421052631579
32,93,1,13,67.94,5.226153846153846
32,93,2,15,74.21,4.947333333333333
32,93,3,10,47.69,4.769
32,93,4,19,76.13,4.006842105263158
32,94,0,14,50.26,3.59
32,94,1,3,10.66,3.5533333333333332
32,94,2,14,40.24,2.8742857142857146
32,94,3,20,8.2,0.41
32,94,4,1,0.25,0.25
32,97,0,14,96.15,6.867857142857143
32,97,1,8,44.68,5.585
32,97,2,19,91.54,4.8178947368421055
32,97,3,6,18.46,3.0766666666666667
32,97,4,20,56.51,2.8255
35,1,0,16,52.42,3.27625
35,1,1,19,49.69,2.6152631578947365
35,1,2,1,0.88,0.88
35,1,3,16,13.2,0.825
35,1,4,9,4.12,0.4577777777777778
35,3,0,9,27.9,3.0999999999999996
35,3,1,15,40.7,2.7133333333333334
35,3,2,10,21.13,2.113
35,3,3,13,24.85,1.9115384615384616
35,3,4,13,4.58,0.3523076923076923
35,6,0,1,3.55,3.55
35,6,1,17,53.96,3.1741176470588237
35,6,2,8,12.73,1.59125
35,6,3,9,12.53,1.3922222222222222
35,6,4,17,18.69,1.0994117647058825
35,9,0,11,25.37,2.3063636363636366
35,9,1,17,34.95,2.0558823529411767
35,9,2,1,1.8,1.8
35,9,3,10,9.24,0.924
35,9,4,1,0.65,0.65
35,13,0,10,39.02,3.902
35,13,1,13,50.72,3.9015384615384616
35,13,2,12,44.0,3.6666666666666665
35,13,3,4,13.55,3.3875
35,13,4,16,19.33,1.208125
35,14,0,17,67.58,3.9752941176470586
35,14,1,7,22.87,3.2671428571428573
35,14,2,16,52.15,3.259375
35,14,3,12,23.31,1.9425
35,14,4,17,5.46,0.3211764705882353
35,16,0,9,22.67,2.518888888888889
35,16,1,18,39.93,2.2183333333333333
35,16,2,15,24.79,1.6526666666666665
35,16,3,15,16.61,1.1073333333333333
35,16,4,14,7.28,0.52
35,17,0,13,11.08,0.8523076923076923
35,17,1,3,2.0,0.6666666666666666
35,17,2,6,3.37,0.5616666666666666
35,17,3,2,0.55,0.275
35,17,4,1,0.26,0.26
35,20,0,17,18.83,1.1076470588235292
35,20,1,20,11.27,0.5635
35,20,2,17,9.35,0.5499999999999999
35,20,3,18,8.93,0.4961111111111111
35,20,4,10,1.96,0.196
35,23,0,2,4.82,2.41
35,23,1,10,18.02,1.802
35,23,2,16,26.28,1.6425
35,23,3,18,28.44,1.58
35,23,4,1,0.62,0.62
35,27,0,5,13.04,2.6079999999999997
35,27,1,15,24.76,1.6506666666666667
35,27,2,11,16.19,1.471818181818182
35,27,3,10,14.34,1.434
35,27,4,2,1.55,0.775
35,31,0,7,12.85,1.8357142857142856
35,31,1,5,8.13,1.6260000000000001
35,31,2,6,7.72,1.2866666666666666
35,31,3,2,2.44,1.22
35,31,4,2,0.38,0.19
35,32,0,12,19.43,1.6191666666666666
35,32,1,4,6.09,1.5225
35,32,2,7,9.63,1.375714285714286
35,32,3,6,6.1,1.0166666666666666
35,32,4,6,1.71,0.285
35,45,0,20,12.02,0.601
35,45,1,17,9.7,0.5705882352941176
35,45,2,3,1.2,0.39999999999999997
35,45,3,9,3.39,0.3766666666666667
35,45,4,14,4.99,0.35642857142857143
35,47,0,18,47.76,2.6533333333333333
35,47,1,2,3.21,1.605
35,47,2,20,22.8,1.1400000000000001
35,47,3,16,15.0,0.9375
35,47,4,4,2.59,0.6475
35,48,0,1,1.55,1.55
35,48,1,11,8.4,0.7636363636363637
35,48,2,18,10.83,0.6016666666666667
35,48,3,14,6.21,0.44357142857142856
35,48,4,12,4.37,0.3641666666666667
35,49,0,3,3.42,1.14
35,49,1,3,2.41,0.8033333333333333
35,49,2,9,3.51,0.38999999999999996
35,49,3,13,1.46,0.1123076923076923
35,49,4,18,1.24,0.06888888888888889
35,52,0,7,7.58,1.082857142857143
35,52,1,19,17.44,0.9178947368421053
35,52,2,6,3.56,0.5933333333333334
35,52,3,6,1.25,0.20833333333333334
35,52,4,1,0.15,0.15
35,56,0,20,17.1,0.8550000000000001
35,56,1,6,3.28,0.5466666666666666
35,56,2,3,1.36,0.45333333333333337
35,56,3,10,1.58,0.158
35,56,4,12,1.89,0.1575
35,59,0,19,27.58,1.4515789473684209
35,59,1,8,8.11,1.01375
35,59,2,8,7.67,0.95875
35,59,3,9,5.51,0.6122222222222222
35,59,4,7,3.36,0.48
35,60,0,2,1.84,0.92
35,60,1,14,11.65,0.8321428571428572
35,60,2,2,1.36,0.68
35,60,3,5,1.87,0.374
35,60,4,17,2.62,0.15411764705882353
35,66,0,2,5.84,2.92
35,66,1,18,47.67,2.6483333333333334
35,66,2,3,7.33,2.4433333333333334
35,66,3,12,14.79,1.2325
35,66,4,17,12.69,0.7464705882352941
35,67,0,5,9.71,1.9420000000000002
35,67,1,20,25.03,1.2515
35,67,2,18,6.17,0.3427777777777778
35,67,3,18,3.95,0.21944444444444444
35,67,4,3,0.31,0.10333333333333333
35,69,0,5,12.53,2.506
35,69,1,7,14.92,2.1314285714285712
35,69,2,15,31.18,2.0786666666666664
35,69,3,1,1.13,1.13
35,69,4,11,8.43,0.7663636363636364
35,73,0,14,122.35,8.739285714285714
35,73,1,18,115.99,6.443888888888889
35,73,2,5,21.62,4.324
35,73,3,4,3.73,0.9325
35,73,4,5,2.77,0.554
35,79,0,6,46.38,7.73
35,79,1,13,73.95,5.688461538461539
35,79,2,2,8.58,4.29
35,79,3,2,3.71,1.855
35,79,4,7,12.14,1.7342857142857144
35,82,0,5,31.76,6.352
35,82,1,15,76.79,5.1193333333333335
35,82,2,15,42.43,2.8286666666666664
35,82,3,16,26.53,1.658125
35,82,4,10,3.68,0.368
35,83,0,15,55.6,3.7066666666666666
35,83,1,7,16.71,2.3871428571428575
35,83,2,3,5.78,1.9266666666666667
35,83,3,6,10.52,1.7533333333333332
35,83,4,9,14.18,1.5755555555555556
35,86,0,3,18.09,6.03
35,86,1,18,100.72,5.595555555555555
35,86,2,2,6.3,3.15
35,86,3,9,24.45,2.716666666666667
35,86,4,10,16.3,1.6300000000000001
35,88,0,8,9.59,1.19875
35,88,1,8,7.87,0.98375
35,88,2,15,14.73,0.982
35,88,3,18,17.4,0.9666666666666666
35,88,4,7,4.83,0.6900000000000001
35,89,0,16,131.58,8.22375
35,89,1,10,81.72,8.172
35,89,2,6,15.48,2.58
35,89,3,11,16.56,1.5054545454545454
35,89,4,10,11.34,1.134
35,93,0,9,57.86,6.428888888888888
35,93,1,4,24.82,6.205
35,93,2,7,26.48,3.782857142857143
35,93,3,11,18.48,1.68
35,93,4,5,1.68,0.33599999999999997
35,94,0,9,18.14,2.0155555555555558
35,94,1,1,1.41,1.41
35,94,2,3,2.99,0.9966666666666667
35,94,3,14,9.22,0.6585714285714286
35,94,4,19,11.37,0.5984210526315789
35,97,0,11,45.26,4.114545454545454
35,97,1,4,8.28,2.07
35,97,2,18,35.52,1.9733333333333336
35,97,3,7,7.21,1.03
35,97,4,16,12.26,0.76625
45,1,0,20,46.52,2.326
45,1,1,5,11.04,2.2079999999999997
45,1,2,1,1.76,1.76
45,1,3,10,9.37,0.9369999999999999
45,1,4,16,9.76,0.61
45,3,0,20,52.98,2.649
45,3,1,19,31.07,1.6352631578947368
45,3,2,14,15.74,1.1242857142857143
45,3,3,12,10.28,0.8566666666666666
45,3,4,18,15.04,0.8355555555555555
45,6,0,17,70.58,4.151764705882353
45,6,1,15,31.67,2.1113333333333335
45,6,2,1,1.06,1.06
45,6,3,12,8.7,0.725
45,6,4,7,1.75,0.25
45,9,0,8,26.56,3.32
45,9,1,19,42.31,2.226842105263158
45,9,2,11,18.61,1.6918181818181817
45,9,3,1,1.66,1.66
45,9,4,5,6.66,1.332
45,13,0,6,16.34,2.723333333333333
45,13,1,9,23.22,2.58
45,13,2,9,18.73,2.0811111111111114
45,13,3,10,10.29,1.029
45,13,4,2,0.64,0.32
45,14,0,10,27.26,2.726
45,14,1,13,25.1,1.9307692307692308
45,14,2,4,4.06,1.015
45,14,3,4,2.2,0.55
45,14,4,19,9.78,0.5147368421052632
45,16,0,9,26.27,2.9188888888888886
45,16,1,16,46.37,2.898125
45,16,2,17,30.36,1.7858823529411765
45,16,3,6,9.74,1.6233333333333333
45,16,4,13,16.71,1.2853846153846153
45,17,0,10,10.52,1.052
45,17,1,1,0.8,0.8
45,17,2,15,8.24,0.5493333333333333
45,17,3,13,1.42,0.10923076923076923
45,17,4,1,0.09,0.09
45,20,0,5,3.14,0.628
45,20,1,17,10.15,0.5970588235294118
45,20,2,7,3.57,0.51
45,20,3,20,5.45,0.2725
45,20,4,9,1.4,0.15555555555555556
45,23,0,15,72.96,4.864
45,23,1,6,27.88,4.6466666666666665
45,23,2,15,68.19,4.546
45,23,3,19,56.78,2.988421052631579
45,23,4,2,0.57,0.285
45,27,0,4,14.65,3.6625
45,27,1,12,32.67,2.7225
45,27,2,8,18.54,2.3175
45,27,3,13,20.67,1.59
45,27,4,18,18.63,1.035
45,31,0,1,0.88,0.88
45,31,1,19,12.81,0.6742105263157895
45,31,2,8,5.01,0.62625
45,31,3,10,3.41,0.341
45,31,4,9,1.16,0.1288888888888889
45,32,0,2,3.61,1.805
45,32,1,14,15.37,1.0978571428571429
45,32,2,14,11.57,0.8264285714285714
45,32,3,8,5.25,0.65625
45,32,4,6,3.49,0.5816666666666667
45,35,0,17,9.21,0.541764705882353
45,35,1,8,3.85,0.48125
45,35,2,6,2.82,0.47
45,35,3,19,2.65,0.1394736842105263
45,35,4,1,0.08,0.08
45,47,0,2,5.12,2.56
45,47,1,15,37.62,2.508
45,47,2,18,29.25,1.625
45,47,3,14,21.94,1.5671428571428572
45,47,4,5,6.86,1.372
45,48,0,16,28.31,1.769375
45,48,1,14,21.33,1.5235714285714284
45,48,2,7,10.44,1.4914285714285713
45,48,3,12,16.14,1.345
45,48,4,5,4.12,0.8240000000000001
45,49,0,2,1.48,0.74
45,49,1,19,11.82,0.6221052631578947
45,49,2,20,11.68,0.584
45,49,3,16,8.7,0.54375
45,49,4,4,1.93,0.4825
45,52,0,14,29.95,2.1392857142857142
45,52,1,9,17.31,1.9233333333333331
45,52,2,5,7.79,1.558
45,52,3,9,11.06,1.228888888888889
45,52,4,8,9.52,1.19
45,56,0,8,14.83,1.85375
45,56,1,1,1.7,1.7
45,56,2,12,11.99,0.9991666666666666
45,56,3,12,11.83,0.9858333333333333
45,56,4,8,4.23,0.52875
45,59,0,8,14.64,1.83
45,59,1,15,24.58,1.6386666666666665
45,59,2,19,16.34,0.86
45,59,3,16,10.24,0.64
45,59,4,7,2.24,0.32
45,60,0,19,39.01,2.053157894736842
45,60,1,16,32.09,2.005625
45,60,2,11,7.4,0.6727272727272727
45,60,3,20,7.05,0.3525
45,60,4,10,2.77,0.277
45,66,0,4,8.03,2.0075
45,66,1,9,8.98,0.9977777777777779
45,66,2,12,11.12,0.9266666666666666
45,66,3,20,9.7,0.485
45,66,4,8,2.3,0.2875
45,67,0,1,2.09,2.09
45,67,1,19,36.79,1.9363157894736842
45,67,2,10,16.94,1.6940000000000002
45,67,3,18,23.68,1.3155555555555556
45,67,4,16,3.2,0.2
45,69,0,7,22.01,3.1442857142857146
45,69,1,4,6.06,1.515
45,69,2,11,8.62,0.7836363636363636
45,69,3,19,6.58,0.3463157894736842
45,69,4,17,3.6,0.21176470588235294
45,73,0,1,8.6,8.6
45,73,1,19,154.73,8.143684210526315
45,73,2,1,6.12,6.12
45,73,3,7,22.16,3.165714285714286
45,73,4,13,25.03,1.9253846153846155
45,79,0,7,58.24,8.32
45,79,1,16,66.49,4.155625
45,79,2,9,28.07,3.118888888888889
45,79,3,15,46.71,3.114
45,79,4,8,12.78,1.5975
45,82,0,5,23.13,4.6259999999999994
45,82,1,12,53.96,4.496666666666667
45,82,2,11,32.97,2.997272727272727
45,82,3,6,12.77,2.1283333333333334
45,82,4,13,10.9,0.8384615384615385
45,83,0,10,38.44,3.844
45,83,1,18,63.72,3.54
45,83,2,15,38.54,2.5693333333333332
45,83,3,18,44.61,2.4783333333333335
45,83,4,12,26.05,2.1708333333333334
45,86,0,7,62.45,8.921428571428573
45,86,1,2,12.22,6.11
45,86,2,12,50.22,4.185
45,86,3,2,7.79,3.895
45,86,4,2,3.79,1.895
45,88,0,15,9.42,0.628
45,88,1,11,5.06,0.45999999999999996
45,88,2,7,3.19,0.4557142857142857
45,88,3,10,3.77,0.377
45,88,4,10,0.55,0.05500000000000001
45,89,0,6,48.52,8.086666666666668
45,89,1,20,160.44,8.022
45,89,2,10,61.38,6.138
45,89,3,2,10.13,5.065
45,89,4,5,11.1,2.2199999999999998
45,93,0,5,29.32,5.864
45,93,1,13,71.4,5.492307692307692
45,93,2,15,76.16,5.077333333333333
45,93,3,13,31.75,2.4423076923076925
45,93,4,5,9.67,1.934
45,94,0,7,18.39,2.6271428571428572
45,94,1,19,43.48,2.2884210526315787
45,94,2,18,26.13,1.4516666666666667
45,94,3,6,7.63,1.2716666666666667
45,94,4,8,5.68,0.71
45,97,0,9,38.66,4.295555555555556
45,97,1,18,67.42,3.7455555555555557
45,97,2,12,32.11,2.6758333333333333
45,97,3,14,34.93,2.495
45,97,4,1,1.0,1.0
47,1,0,4,18.3,4.575
47,1,1,17,50.32,2.96
47,1,2,18,37.74,2.0966666666666667
47,1,3,5,10.14,2.028
47,1,4,4,5.77,1.4425
47,3,0,12,26.5,2.2083333333333335
47,3,1,18,37.67,2.092777777777778
47,3,2,2,2.86,1.43
47,3,3,4,5.11,1.2775
47,3,4,12,12.07,1.0058333333333334
47,6,0,19,46.99,2.473157894736842
47,6,1,14,28.11,2.007857142857143
47,6,2,13,15.68,1.2061538461538461
47,6,3,10,9.8,0.9800000000000001
47,6,4,15,8.17,0.5446666666666666
47,9,0,5,12.43,2.4859999999999998
47,9,1,13,23.82,1.8323076923076924
47,9,2,13,23.0,1.7692307692307692
47,9,3,8,11.27,1.40875
47,9,4,12,11.96,0.9966666666666667
47,13,0,4,15.29,3.8225
47,13,1,13,42.8,3.292307692307692
47,13,2,12,31.24,2.603333333333333
47,13,3,1,2.02,2.02
47,13,4,14,10.71,0.765
47,14,0,8,32.62,4.0775
47,14,1,2,3.42,1.71
47,14,2,14,20.3,1.45
47,14,3,4,3.27,0.8175
47,14,4,2,0.51,0.255
47,16,0,11,10.58,0.9618181818181818
47,16,1,9,8.03,0.8922222222222221
47,16,2,2,1.51,0.755
47,16,3,8,5.6,0.7
47,16,4,8,5.25,0.65625
47,17,0,14,37.27,2.6621428571428574
47,17,1,1,2.48,2.48
47,17,2,12,14.55,1.2125000000000001
47,17,3,13,13.88,1.0676923076923077
47,17,4,19,20.0,1.0526315789473684
47,20,0,2,7.34,3.67
47,20,1,9,30.39,3.376666666666667
47,20,2,18,56.33,3.1294444444444443
47,20,3,12,21.78,1.8150000000000002
47,20,4,3,1.32,0.44
47,23,0,10,66.43,6.643000000000001
47,23,1,20,80.3,4.015
47,23,2,5,16.54,3.308
47,23,3,16,40.22,2.51375
47,23,4,13,8.94,0.6876923076923076
47,27,0,10,25.41,2.541
47,27,1,7,14.36,2.051428571428571
47,27,2,18,34.29,1.905
47,27,3,12,22.06,1.8383333333333332
47,27,4,5,5.14,1.028
47,31,0,10,38.75,3.875
47,31,1,20,77.38,3.8689999999999998
47,31,2,9,13.03,1.4477777777777776
47,31,3,12,11.97,0.9975
47,31,4,19,16.5,0.868421052631579
47,32,0,3,15.82,5.273333333333333
47,32,1,14,41.92,2.994285714285714
47,32,2,8,21.37,2.67125
47,32,3,4,2.89,0.7225
47,32,4,3,2.08,0.6933333333333334
47,35,0,10,17.42,1.7420000000000002
47,35,1,1,1.19,1.19
47,35,2,15,11.36,0.7573333333333333
47,35,3,4,2.1,0.525
47,35,4,2,0.53,0.265
47,45,0,6,18.4,3.0666666666666664
47,45,1,11,32.03,2.911818181818182
47,45,2,1,1.66,1.66
47,45,3,9,14.08,1.5644444444444445
47,45,4,18,8.63,0.4794444444444445
47,48,0,7,28.28,4.04
47,48,1,15,39.49,2.6326666666666667
47,48,2,5,11.3,2.2600000000000002
47,48,3,7,12.86,1.837142857142857
47,48,4,14,7.13,0.5092857142857142
47,49,0,2,3.47,1.735
47,49,1,2,2.42,1.21
47,49,2,18,13.79,0.7661111111111111
47,49,3,8,5.33,0.66625
47,49,4,11,1.99,0.1809090909090909
47,52,0,7,23.66,3.38
47,52,1,16,18.41,1.150625
47,52,2,8,8.32,1.04
47,52,3,10,6.61,0.661
47,52,4,4,1.58,0.395
47,56,0,4,7.57,1.8925
47,56,1,14,26.1,1.8642857142857143
47,56,2,2,3.61,1.805
47,56,3,18,29.48,1.6377777777777778
47,56,4,8,10.9,1.3625
47,59,0,15,70.42,4.6946666666666665
47,59,1,8,32.74,4.0925
47,59,2,4,7.24,1.81
47,59,3,5,9.04,1.8079999999999998
47,59,4,19,12.91,0.6794736842105263
47,60,0,8,15.63,1.95375
47,60,1,4,6.91,1.7275
47,60,2,6,9.09,1.515
47,60,3,16,15.73,0.983125
47,60,4,9,5.96,0.6622222222222223
47,66,0,4,17.61,4.4025
47,66,1,12,48.25,4.020833333333333
47,66,2,7,21.36,3.051428571428571
47,66,3,16,38.76,2.4225
47,66,4,7,5.75,0.8214285714285714
47,67,0,20,72.42,3.621
47,67,1,8,28.62,3.5775
47,67,2,8,23.84,2.98
47,67,3,13,17.17,1.320769230769231
47,67,4,12,8.2,0.6833333333333332
47,69,0,20,20.9,1.045
47,69,1,2,1.42,0.71
47,69,2,19,10.73,0.5647368421052632
47,69,3,19,9.85,0.5184210526315789
47,69,4,18,2.71,0.15055555555555555
47,73,0,16,180.66,11.29125
47,73,1,17,175.71,10.335882352941177
47,73,2,8,65.42,8.1775
47,73,3,12,52.02,4.335
47,73,4,9,15.25,1.6944444444444444
47,79,0,19,98.83,5.201578947368421
47,79,1,17,76.84,4.5200000000000005
47,79,2,8,33.63,4.20375
47,79,3,4,12.8,3.2
47,79,4,17,13.14,0.7729411764705882
47,82,0,10,57.79,5.779
47,82,1,4,18.24,4.56
47,82,2,13,23.36,1.7969230769230768
47,82,3,9,12.74,1.4155555555555557
47,82,4,1,0.95,0.95
47,83,0,5,16.93,3.386
47,83,1,11,28.83,2.6209090909090906
47,83,2,8,14.79,1.84875
47,83,3,5,8.74,1.748
47,83,4,5,8.08,1.616
47,86,0,3,25.21,8.403333333333334
47,86,1,6,48.62,8.103333333333333
47,86,2,2,15.16,7.58
47,86,3,1,6.85,6.85
47,86,4,15,97.67,6.511333333333334
47,88,0,7,26.36,3.7657142857142856
47,88,1,20,70.82,3.5409999999999995
47,88,2,13,42.53,3.2715384615384617
47,88,3,1,2.74,2.74
47,88,4,16,13.41,0.838125
47,89,0,2,20.39,10.195
47,89,1,17,81.76,4.8094117647058825
47,89,2,13,47.86,3.6815384615384614
47,89,3,20,13.88,0.6940000000000001
47,89,4,20,10.44,0.522
47,93,0,20,134.22,6.711
47,93,1,3,18.33,6.109999999999999
47,93,2,16,81.41,5.088125
47,93,3,7,31.11,4.444285714285714
47,93,4,7,24.7,3.5285714285714285
47,94,0,20,62.18,3.109
47,94,1,18,46.15,2.5638888888888887
47,94,2,9,20.48,2.2755555555555556
47,94,3,7,10.55,1.5071428571428573
47,94,4,2,2.11,1.055
47,97,0,15,18.92,1.2613333333333334
47,97,1,14,15.54,1.1099999999999999
47,97,2,12,9.2,0.7666666666666666
47,97,3,2,1.39,0.695
47,97,4,11,5.64,0.5127272727272727
48,1,0,2,10.03,5.015
48,1,1,12,55.18,4.598333333333334
48,1,2,16,65.47,4.091875
48,1,3,20,48.57,2.4285
48,1,4,7,11.68,1.6685714285714286
48,3,0,2,9.12,4.56
48,3,1,18,78.34,4.352222222222222
48,3,2,18,64.59,3.5883333333333334
48,3,3,10,35.52,3.5520000000000005
48,3,4,9,17.45,1.9388888888888889
48,6,0,12,29.5,2.4583333333333335
48,6,1,11,26.77,2.4336363636363636
48,6,2,1,2.28,2.28
48,6,3,1,0.75,0.75
48,6,4,5,2.15,0.43
48,9,0,7,13.65,1.95
48,9,1,5,8.58,1.716
48,9,2,19,26.56,1.3978947368421053
48,9,3,1,0.5,0.5
48,9,4,2,0.93,0.465
48,13,0,4,21.48,5.37
48,13,1,18,93.01,5.167222222222223
48,13,2,6,28.39,4.7316666666666665
48,13,3,17,70.7,4.158823529411765
48,13,4,18,70.02,3.8899999999999997
48,14,0,4,19.16,4.79
48,14,1,8,36.83,4.60375
48,14,2,2,6.82,3.41
48,14,3,8,9.1,1.1375
48,14,4,19,17.74,0.9336842105263157
48,16,0,16,53.39,3.336875
48,16,1,3,8.68,2.893333333333333
48,16,2,19,51.54,2.7126315789473683
48,16,3,5,8.87,1.7739999999999998
48,16,4,16,20.43,1.276875
48,17,0,20,54.2,2.71
48,17,1,4,9.44,2.36
48,17,2,5,9.07,1.814
48,17,3,7,5.75,0.8214285714285714
48,17,4,4,1.83,0.4575
48,20,0,14,19.01,1.3578571428571429
48,20,1,2,0.91,0.455
48,20,2,13,3.44,0.2646153846153846
48,20,3,17,3.47,0.20411764705882354
48,20,4,2,0.21,0.105
48,23,0,15,36.19,2.4126666666666665
48,23,1,17,37.6,2.211764705882353
48,23,2,3,6.22,2.0733333333333333
48,23,3,16,18.12,1.1325
48,23,4,15,11.79,0.7859999999999999
48,27,0,13,8.34,0.6415384615384615
48,27,1,10,5.66,0.5660000000000001
48,27,2,11,5.39,0.49
48,27,3,6,1.97,0.3283333333333333
48,27,4,18,2.65,0.14722222222222223
48,31,0,12,33.58,2.7983333333333333
48,31,1,7,17.26,2.4657142857142857
48,31,2,13,27.07,2.082307692307692
48,31,3,20,39.07,1.9535
48,31,4,4,2.81,0.7025
48,32,0,20,41.38,2.069
48,32,1,15,30.13,2.0086666666666666
48,32,2,11,18.31,1.6645454545454543
48,32,3,12,18.57,1.5475
48,32,4,10,9.21,0.921
48,35,0,4,7.18,1.795
48,35,1,4,6.81,1.7025
48,35,2,18,30.51,1.695
48,35,3,11,18.55,1.6863636363636365
48,35,4,8,10.11,1.26375
48,45,0,20,40.9,2.045
48,45,1,5,9.17,1.834
48,45,2,20,22.49,1.1244999999999998
48,45,3,10,4.92,0.492
48,45,4,15,1.48,0.09866666666666667
48,47,0,19,80.11,4.2163157894736845
48,47,1,11,45.87,4.17
48,47,2,14,28.5,2.0357142857142856
48,47,3,7,13.4,1.9142857142857144
48,47,4,8,13.98,1.7475
48,49,0,17,44.14,2.5964705882352943
48,49,1,14,27.14,1.9385714285714286
48,49,2,19,26.36,1.3873684210526316
48,49,3,8,5.42,0.6775
48,49,4,10,2.51,0.251
48,52,0,19,26.74,1.4073684210526316
48,52,1,19,24.42,1.2852631578947369
48,52,2,12,9.57,0.7975
48,52,3,18,12.55,0.6972222222222223
48,52,4,2,0.81,0.405
48,56,0,14,25.31,1.8078571428571428
48,56,1,17,28.45,1.673529411764706
48,56,2,3,3.03,1.01
48,56,3,9,8.51,0.9455555555555555
48,56,4,2,1.35,0.675
48,59,0,1,1.72,1.72
48,59,1,3,4.52,1.5066666666666666
48,59,2,9,9.02,1.0022222222222221
48,59,3,3,1.65,0.5499999999999999
48,59,4,20,9.17,0.4585
48,60,0,10,32.65,3.2649999999999997
48,60,1,15,30.42,2.028
48,60,2,2,3.89,1.945
48,60,3,10,15.33,1.533
48,60,4,19,9.35,0.4921052631578947
48,66,0,12,12.82,1.0683333333333334
48,66,1,20,21.16,1.058
48,66,2,19,16.83,0.8857894736842105
48,66,3,19,9.75,0.5131578947368421
48,66,4,12,2.78,0.23166666666666666
48,67,0,10,5.0,0.5
48,67,1,15,4.76,0.3173333333333333
48,67,2,18,3.29,0.1827777777777778
48,67,3,15,1.88,0.12533333333333332
48,67,4,10,0.47,0.047
48,69,0,17,51.66,3.0388235294117645
48,69,1,20,52.68,2.634
48,69,2,20,16.07,0.8035
48,69,3,12,6.47,0.5391666666666667
48,69,4,11,5.7,0.5181818181818182
48,73,0,4,20.13,5.0325
48,73,1,16,77.15,4.821875
48,73,2,15,26.67,1.778
48,73,3,10,6.0,0.6
48,73,4,7,2.23,0.31857142857142856
48,79,0,16,92.75,5.796875
48,79,1,11,31.34,2.849090909090909
48,79,2,11,18.78,1.7072727272727273
48,79,3,20,32.29,1.6145
48,79,4,18,12.81,0.7116666666666667
48,82,0,8,36.59,4.57375
48,82,1,19,86.25,4.5394736842105265
48,82,2,3,10.03,3.3433333333333333
48,82,3,14,28.14,2.0100000000000002
48,82,4,13,23.69,1.8223076923076924
48,83,0,8,22.68,2.835
48,83,1,8,20.71,2.58875
48,83,2,6,7.41,1.235
48,83,3,7,6.87,0.9814285714285714
48,83,4,13,10.19,0.7838461538461539
48,86,0,17,116.99,6.881764705882353
48,86,1,16,99.48,6.2175
48,86,2,18,106.01,5.889444444444445
48,86,3,7,29.31,4.187142857142857
48,86,4,17,58.37,3.433529411764706
48,88,0,19,38.26,2.0136842105263155
48,88,1,4,7.17,1.7925
48,88,2,20,35.75,1.7875
48,88,3,20,29.5,1.475
48,88,4,2,1.91,0.955
48,89,0,9,49.71,5.523333333333333
48,89,1,4,21.97,5.4925
48,89,2,7,21.19,3.027142857142857
48,89,3,1,1.22,1.22
48,89,4,4,3.69,0.9225
48,93,0,12,60.8,5.066666666666666
48,93,1,17,77.84,4.578823529411765
48,93,2,15,51.54,3.436
48,93,3,8,8.53,1.06625
48,93,4,3,2.51,0.8366666666666666
48,94,0,4,3.6,0.9
48,94,1,16,8.66,0.54125
48,94,2,19,7.41,0.39
48,94,3,12,2.18,0.18166666666666667
48,94,4,4,0.29,0.0725
48,97,0,9,53.12,5.902222222222222
48,97,1,15,68.09,4.539333333333333
48,97,2,2,7.39,3.695
48,97,3,10,24.54,2.4539999999999997
48,97,4,11,2.74,0.2490909090909091
49,1,0,8,22.17,2.77125
49,1,1,18,35.51,1.9727777777777777
49,1,2,19,26.36,1.3873684210526316
49,1,3,10,4.95,0.495
49,1,4,6,1.68,0.27999999999999997
49,3,0,7,19.82,2.8314285714285714
49,3,1,8,20.08,2.51
49,3,2,9,9.06,1.0066666666666668
49,3,3,2,1.16,0.58
49,3,4,13,4.75,0.36538461538461536
49,6,0,1,3.16,3.16
49,6,1,15,31.91,2.1273333333333335
49,6,2,18,32.19,1.788333333333333
49,6,3,20,28.14,1.407
49,6,4,10,8.53,0.853
49,9,0,3,6.64,2.2133333333333334
49,9,1,2,4.4,2.2
49,9,2,6,12.41,2.0683333333333334
49,9,3,19,32.78,1.7252631578947368
49,9,4,5,6.31,1.262
49,13,0,9,33.1,3.677777777777778
49,13,1,11,37.06,3.369090909090909
49,13,2,10,24.99,2.4989999999999997
49,13,3,3,5.01,1.67
49,13,4,6,6.48,1.08
49,14,0,17,32.67,1.921764705882353
49,14,1,12,20.03,1.6691666666666667
49,14,2,5,8.02,1.6039999999999999
49,14,3,15,17.78,1.1853333333333333
49,14,4,13,5.59,0.43
49,16,0,8,10.94,1.3675
49,16,1,13,16.2,1.2461538461538462
49,16,2,4,3.91,0.9775
49,16,3,3,1.48,0.49333333333333335
49,16,4,15,2.48,0.16533333333333333
49,17,0,6,6.45,1.075
49,17,1,12,12.45,1.0374999999999999
49,17,2,19,19.53,1.0278947368421054
49,17,3,9,4.04,0.4488888888888889
49,17,4,3,1.26,0.42
49,20,0,9,16.83,1.8699999999999999
49,20,1,11,20.0,1.8181818181818181
49,20,2,20,32.82,1.641
49,20,3,6,8.69,1.4483333333333333
49,20,4,11,11.49,1.0445454545454547
49,23,0,18,100.96,5.608888888888888
49,23,1,4,19.54,4.885
49,23,2,8,24.22,3.0275
49,23,3,12,24.53,2.044166666666667
49,23,4,20,25.86,1.293
49,27,0,3,10.31,3.436666666666667
49,27,1,16,51.57,3.223125
49,27,2,17,43.72,2.571764705882353
49,27,3,7,16.77,2.3957142857142855
49,27,4,5,10.96,2.192
49,31,0,3,3.57,1.19
49,31,1,1,0.95,0.95
49,31,2,17,13.5,0.7941176470588235
49,31,3,15,5.12,0.3413333333333333
49,31,4,19,5.58,0.29368421052631577
49,32,0,13,49.06,3.773846153846154
49,32,1,8,28.52,3.565
49,32,2,14,48.36,3.454285714285714
49,32,3,5,8.19,1.638
49,32,4,1,1.18,1.18
49,35,0,14,16.53,1.1807142857142858
49,35,1,16,15.59,0.974375
49,35,2,18,2.84,0.15777777777777777
49,35,3,3,0.25,0.08333333333333333
49,35,4,17,1.1,0.06470588235294118
49,45,0,4,5.74,1.435
49,45,1,5,4.93,0.986
49,45,2,7,5.86,0.8371428571428572
49,45,3,17,10.22,0.6011764705882353
49,45,4,20,5.84,0.292
49,47,0,18,34.78,1.9322222222222223
49,47,1,2,2.7,1.35
49,47,2,11,11.44,1.04
49,47,3,11,6.92,0.629090909090909
49,47,4,17,2.04,0.12
49,48,0,3,6.09,2.03
49,48,1,2,3.6,1.8
49,48,2,2,3.52,1.76
49,48,3,18,28.3,1.5722222222222222
49,48,4,16,5.94,0.37125
49,52,0,13,28.76,2.2123076923076925
49,52,1,1,2.09,2.09
49,52,2,2,4.04,2.02
49,52,3,6,9.98,1.6633333333333333
49,52,4,2,0.36,0.18
49,56,0,13,20.6,1.5846153846153848
49,56,1,5,7.03,1.4060000000000001
49,56,2,12,14.01,1.1675
49,56,3,20,13.37,0.6685
49,56,4,12,7.49,0.6241666666666666
49,59,0,14,53.17,3.797857142857143
49,59,1,17,51.15,3.0088235294117647
49,59,2,5,10.58,2.116
49,59,3,18,19.76,1.097777777777778
49,59,4,15,2.78,0.18533333333333332
49,60,0,15,27.9,1.8599999999999999
49,60,1,14,25.4,1.8142857142857143
49,60,2,2,3.41,1.705
49,60,3,7,8.99,1.2842857142857143
49,60,4,1,0.46,0.46
49,66,0,16,44.97,2.810625
49,66,1,17,45.6,2.682352941176471
49,66,2,10,16.78,1.6780000000000002
49,66,3,7,11.31,1.6157142857142859
49,66,4,4,1.27,0.3175
49,67,0,6,14.04,2.34
49,67,1,5,9.02,1.8039999999999998
49,67,2,12,18.46,1.5383333333333333
49,67,3,1,1.47,1.47
49,67,4,18,10.89,0.605
49,69,0,16,28.03,1.751875
49,69,1,12,14.0,1.1666666666666667
49,69,2,1,1.0,1.0
49,69,3,9,4.75,0.5277777777777778
49,69,4,1,0.48,0.48
49,73,0,17,163.28,9.604705882352942
49,73,1,6,33.09,5.515000000000001
49,73,2,5,24.5,4.9
49,73,3,11,21.71,1.9736363636363636
49,73,4,5,9.17,1.834
49,79,0,15,136.37,9.091333333333333
49,79,1,13,84.89,6.53
49,79,2,12,41.15,3.4291666666666667
49,79,3,12,37.25,3.1041666666666665
49,79,4,4,2.84,0.71
49,82,0,3,16.57,5.523333333333333
49,82,1,9,48.96,5.44
49,82,2,19,83.97,4.419473684210526
49,82,3,4,9.0,2.25
49,82,4,4,4.91,1.2275
49,83,0,17,61.35,3.6088235294117648
49,83,1,5,16.96,3.3920000000000003
49,83,2,20,66.16,3.308
49,83,3,17,52.35,3.0794117647058825
49,83,4,13,12.68,0.9753846153846154
49,86,0,10,100.28,10.028
49,86,1,13,98.43,7.571538461538462
49,86,2,7,42.91,6.13
49,86,3,13,31.49,2.422307692307692
49,86,4,7,14.05,2.007142857142857
49,88,0,5,7.05,1.41
49,88,1,14,17.37,1.2407142857142859
49,88,2,15,14.0,0.9333333333333333
49,88,3,4,1.22,0.305
49,88,4,8,1.53,0.19125
49,89,0,8,69.26,8.6575
49,89,1,2,15.27,7.635
49,89,2,19,109.45,5.760526315789474
49,89,3,10,30.72,3.072
49,89,4,8,22.23,2.77875
49,93,0,19,120.98,6.367368421052632
49,93,1,13,76.32,5.8707692307692305
49,93,2,20,106.47,5.3235
49,93,3,9,47.43,5.27
49,93,4,11,42.84,3.894545454545455
49,94,0,4,11.96,2.99
49,94,1,5,9.27,1.8539999999999999
49,94,2,11,17.06,1.5509090909090908
49,94,3,11,11.96,1.0872727272727274
49,94,4,7,2.74,0.39142857142857146
49,97,0,15,28.65,1.91
49,97,1,16,24.8,1.55
49,97,2,3,4.27,1.4233333333333331
49,97,3,2,2.67,1.335
49,97,4,5,4.3,0.86
52,1,0,20,96.1,4.805
52,1,1,18,54.11,3.006111111111111
52,1,2,16,33.76,2.11
52,1,3,15,22.63,1.5086666666666666
52,1,4,14,4.25,0.30357142857142855
52,3,0,11,47.47,4.315454545454545
52,3,1,15,59.93,3.9953333333333334
52,3,2,17,36.95,2.173529411764706
52,3,3,16,26.55,1.659375
52,3,4,15,12.79,0.8526666666666666
52,6,0,6,12.4,2.066666666666667
52,6,1,15,28.1,1.8733333333333335
52,6,2,5,7.21,1.442
52,6,3,3,2.75,0.9166666666666666
52,6,4,20,16.14,0.807
52,9,0,2,2.52,1.26
52,9,1,5,4.91,0.982
52,9,2,14,11.72,0.8371428571428572
52,9,3,2,1.46,0.73
52,9,4,2,1.13,0.565
52,13,0,1,5.77,5.77
52,13,1,13,51.9,3.9923076923076923
52,13,2,6,23.34,3.89
52,13,3,19,56.54,2.9757894736842103
52,13,4,1,0.86,0.86
52,14,0,6,31.8,5.3
52,14,1,13,34.82,2.6784615384615384
52,14,2,6,14.09,2.348333333333333
52,14,3,7,6.43,0.9185714285714285
52,14,4,7,4.47,0.6385714285714286
52,16,0,2,5.25,2.625
52,16,1,10,18.55,1.855
52,16,2,8,14.43,1.80375
52,16,3,14,21.32,1.522857142857143
52,16,4,1,0.63,0.63
52,17,0,12,29.42,2.4516666666666667
52,17,1,10,22.66,2.266
52,17,2,10,11.23,1.123
52,17,3,17,18.27,1.0747058823529412
52,17,4,11,5.0,0.45454545454545453
52,20,0,7,15.8,2.257142857142857
52,20,1,19,38.04,2.002105263157895
52,20,2,7,12.04,1.72
52,20,3,5,8.45,1.69
52,20,4,20,25.74,1.287
52,23,0,2,6.27,3.135
52,23,1,5,13.62,2.7239999999999998
52,23,2,5,8.28,1.656
52,23,3,10,15.23,1.5230000000000001
52,23,4,6,5.19,0.8650000000000001
52,27,0,9,12.03,1.3366666666666667
52,27,1,18,23.08,1.2822222222222222
52,27,2,11,7.25,0.6590909090909091
52,27,3,20,11.24,0.562
52,27,4,18,7.06,0.3922222222222222
52,31,0,17,56.73,3.3370588235294116
52,31,1,4,11.7,2.925
52,31,2,10,25.58,2.558
52,31,3,14,28.11,2.007857142857143
52,31,4,12,24.08,2.0066666666666664
52,32,0,1,3.65,3.65
52,32,1,18,43.04,2.391111111111111
52,32,2,6,11.52,1.92
52,32,3,12,22.02,1.835
52,32,4,18,27.51,1.5283333333333333
52,35,0,12,14.03,1.1691666666666667
52,35,1,2,2.04,1.02
52,35,2,6,2.59,0.43166666666666664
52,35,3,14,4.84,0.3457142857142857
52,35,4,20,2.37,0.11850000000000001
52,45,0,11,21.37,1.9427272727272729
52,45,1,16,28.6,1.7875
52,45,2,16,25.29,1.580625
52,45,3,11,9.8,0.890909090909091
52,45,4,18,3.38,0.18777777777777777
52,47,0,15,47.74,3.182666666666667
52,47,1,2,4.59,2.295
52,47,2,12,15.95,1.3291666666666666
52,47,3,5,6.42,1.284
52,47,4,3,3.35,1.1166666666666667
52,48,0,7,7.28,1.04
52,48,1,4,3.8,0.95
52,48,2,19,17.45,0.9184210526315789
52,48,3,11,6.69,0.6081818181818183
52,48,4,15,8.82,0.588
52,49,0,1,2.22,2.22
52,49,1,18,33.49,1.8605555555555557
52,49,2,7,7.25,1.0357142857142858
52,49,3,19,16.24,0.8547368421052631
52,49,4,5,1.81,0.362
52,56,0,20,12.0,0.6
52,56,1,17,8.65,0.5088235294117647
52,56,2,8,3.16,0.395
52,56,3,11,2.62,0.2381818181818182
52,56,4,14,1.14,0.08142857142857142
52,59,0,9,31.32,3.48
52,59,1,13,40.81,3.1392307692307693
52,59,2,8,17.76,2.22
52,59,3,20,26.71,1.3355000000000001
52,59,4,6,6.17,1.0283333333333333
52,60,0,4,4.9,1.225
52,60,1,5,5.39,1.0779999999999998
52,60,2,7,4.53,0.6471428571428571
52,60,3,9,3.15,0.35
52,60,4,20,4.17,0.2085
52,66,0,13,16.64,1.28
52,66,1,10,10.84,1.084
52,66,2,10,9.95,0.9949999999999999
52,66,3,10,5.86,0.5860000000000001
52,66,4,6,0.54,0.09000000000000001
52,67,0,9,19.53,2.17
52,67,1,7,9.96,1.422857142857143
52,67,2,5,7.11,1.4220000000000002
52,67,3,17,11.21,0.6594117647058824
52,67,4,3,1.1,0.3666666666666667
52,69,0,17,28.55,1.6794117647058824
52,69,1,19,26.41,1.39
52,69,2,16,13.96,0.8725
52,69,3,9,4.59,0.51
52,69,4,9,3.14,0.3488888888888889
52,73,0,10,75.84,7.5840000000000005
52,73,1,6,35.68,5.946666666666666
52,73,2,6,30.86,5.1433333333333335
52,73,3,5,13.17,2.634
52,73,4,11,15.75,1.4318181818181819
52,79,0,19,109.33,5.75421052631579
52,79,1,1,5.72,5.72
52,79,2,5,26.98,5.396
52,79,3,4,19.75,4.9375
52,79,4,19,10.03,0.5278947368421052
52,82,0,5,18.29,3.658
52,82,1,7,22.71,3.244285714285714
52,82,2,7,22.06,3.1514285714285712
52,82,3,4,11.0,2.75
52,82,4,10,24.77,2.477
52,83,0,4,8.92,2.23
52,83,1,7,15.29,2.184285714285714
52,83,2,18,32.95,1.8305555555555557
52,83,3,6,7.87,1.3116666666666668
52,83,4,9,10.06,1.1177777777777778
52,86,0,14,101.74,7.267142857142857
52,86,1,8,50.75,6.34375
52,86,2,15,60.79,4.052666666666666
52,86,3,17,66.96,3.9388235294117644
52,86,4,2,1.28,0.64
52,88,0,17,44.85,2.638235294117647
52,88,1,7,17.7,2.5285714285714285
52,88,2,7,11.02,1.5742857142857143
52,88,3,18,11.58,0.6433333333333333
52,88,4,12,1.81,0.15083333333333335
52,89,0,19,130.74,6.881052631578948
52,89,1,2,13.38,6.69
52,89,2,8,49.18,6.1475
52,89,3,6,31.55,5.258333333333334
52,89,4,9,38.62,4.29111111111111
52,93,0,3,16.37,5.456666666666667
52,93,1,13,65.36,5.027692307692307
52,93,2,2,8.28,4.14
52,93,3,4,7.64,1.91
52,93,4,13,12.98,0.9984615384615385
52,94,0,8,6.31,0.78875
52,94,1,9,6.39,0.71
52,94,2,12,6.51,0.5425
52,94,3,1,0.37,0.37
52,94,4,5,0.55,0.11000000000000001
52,97,0,2,9.07,4.535
52,97,1,6,18.91,3.151666666666667
52,97,2,19,42.5,2.236842105263158
52,97,3,4,5.06,1.265
52,97,4,17,10.09,0.5935294117647059
56,1,0,2,8.51,4.255
56,1,1,3,10.46,3.486666666666667
56,1,2,18,58.86,3.27
56,1,3,5,16.23,3.246
56,1,4,10,14.09,1.409
56,3,0,17,63.32,3.724705882352941
56,3,1,13,40.42,3.1092307692307695
56,3,2,1,1.62,1.62
56,3,3,6,3.25,0.5416666666666666
56,3,4,16,4.58,0.28625
56,6,0,10,18.81,1.8809999999999998
56,6,1,7,11.12,1.5885714285714285
56,6,2,11,13.4,1.2181818181818183
56,6,3,5,3.36,0.6719999999999999
56,6,4,12,4.81,0.4008333333333333
56,9,0,8,11.07,1.38375
56,9,1,15,17.14,1.1426666666666667
56,9,2,4,4.05,1.0125
56,9,3,11,10.03,0.9118181818181817
56,9,4,9,7.61,0.8455555555555556
56,13,0,9,37.92,4.213333333333334
56,13,1,6,19.88,3.313333333333333
56,13,2,16,48.23,3.014375
56,13,3,12,18.9,1.575
56,13,4,15,18.46,1.2306666666666668
56,14,0,9,44.96,4.995555555555556
56,14,1,12,28.12,2.3433333333333333
56,14,2,1,1.98,1.98
56,14,3,4,6.17,1.5425
56,14,4,17,21.85,1.285294117647059
56,16,0,10,25.24,2.524
56,16,1,6,9.5,1.5833333333333333
56,16,2,13,16.26,1.2507692307692309
56,16,3,7,6.04,0.8628571428571429
56,16,4,13,2.45,0.18846153846153849
56,17,0,10,25.47,2.5469999999999997
56,17,1,3,6.04,2.013333333333333
56,17,2,11,10.62,0.9654545454545453
56,17,3,9,8.16,0.9066666666666667
56,17,4,9,2.85,0.31666666666666665
56,20,0,15,34.07,2.271333333333333
56,20,1,7,12.16,1.737142857142857
56,20,2,9,13.69,1.521111111111111
56,20,3,14,9.34,0.6671428571428571
56,20,4,11,7.01,0.6372727272727272
56,23,0,16,62.41,3.900625
56,23,1,11,42.86,3.8963636363636365
56,23,2,11,29.9,2.7181818181818183
56,23,3,15,30.94,2.062666666666667
56,23,4,10,4.05,0.40499999999999997
56,27,0,17,26.39,1.5523529411764707
56,27,1,11,16.0,1.4545454545454546
56,27,2,17,20.4,1.2
56,27,3,4,3.88,0.97
56,27,4,6,4.88,0.8133333333333334
56,31,0,8,21.28,2.66
56,31,1,8,18.75,2.34375
56,31,2,3,6.88,2.2933333333333334
56,31,3,3,2.59,0.8633333333333333
56,31,4,12,9.82,0.8183333333333334
56,32,0,19,57.78,3.0410526315789475
56,32,1,2,3.5,1.75
56,32,2,12,13.62,1.135
56,32,3,2,2.07,1.035
56,32,4,14,6.4,0.4571428571428572
56,35,0,20,18.56,0.9279999999999999
56,35,1,9,5.88,0.6533333333333333
56,35,2,8,4.45,0.55625
56,35,3,4,2.04,0.51
56,35,4,8,1.6,0.2
56,45,0,13,22.9,1.7615384615384615
56,45,1,6,10.5,1.75
56,45,2,1,1.34,1.34
56,45,3,4,2.91,0.7275
56,45,4,10,6.86,0.686
56,47,0,10,22.64,2.2640000000000002
56,47,1,11,18.95,1.7227272727272727
56,47,2,6,9.52,1.5866666666666667
56,47,3,4,3.79,0.9475
56,47,4,13,10.49,0.806923076923077
56,48,0,18,32.1,1.7833333333333334
56,48,1,5,7.64,1.528
56,48,2,2,2.63,1.315
56,48,3,6,3.37,0.5616666666666666
56,48,4,3,1.4,0.4666666666666666
56,49,0,3,4.73,1.5766666666666669
56,49,1,3,4.67,1.5566666666666666
56,49,2,5,2.16,0.43200000000000005
56,49,3,18,5.9,0.3277777777777778
56,49,4,6,1.13,0.18833333333333332
56,52,0,3,1.29,0.43
56,52,1,7,2.68,0.3828571428571429
56,52,2,6,1.47,0.245
56,52,3,15,2.02,0.13466666666666666
56,52,4,12,1.45,0.12083333333333333
56,59,0,16,52.26,3.26625
56,59,1,18,29.55,1.6416666666666666
56,59,2,1,1.51,1.51
56,59,3,13,14.8,1.1384615384615384
56,59,4,2,1.87,0.935
56,60,0,2,2.61,1.305
56,60,1,12,13.76,1.1466666666666667
56,60,2,9,6.53,0.7255555555555556
56,60,3,19,10.4,0.5473684210526316
56,60,4,4,0.67,0.1675
56,66,0,5,9.15,1.83
56,66,1,15,23.24,1.5493333333333332
56,66,2,11,5.77,0.5245454545454545
56,66,3,11,4.62,0.42
56,66,4,4,0.74,0.185
56,67,0,8,18.06,2.2575
56,67,1,13,27.12,2.086153846153846
56,67,2,19,24.62,1.2957894736842106
56,67,3,20,25.45,1.2725
56,67,4,1,0.63,0.63
56,69,0,6,10.43,1.7383333333333333
56,69,1,10,14.56,1.456
56,69,2,19,18.92,0.9957894736842107
56,69,3,10,5.58,0.558
56,69,4,15,6.19,0.4126666666666667
56,73,0,15,135.01,9.000666666666666
56,73,1,3,24.48,8.16
56,73,2,19,148.26,7.803157894736842
56,73,3,5,21.85,4.37
56,73,4,1,1.07,1.07
56,79,0,11,82.23,7.475454545454546
56,79,1,4,13.15,3.2875
56,79,2,15,48.84,3.2560000000000002
56,79,3,10,14.06,1.4060000000000001
56,79,4,5,2.63,0.526
56,82,0,5,27.12,5.424
56,82,1,10,46.09,4.609
56,82,2,16,19.9,1.24375
56,82,3,7,5.57,0.7957142857142857
56,82,4,8,2.52,0.315
56,83,0,15,31.98,2.132
56,83,1,19,39.99,2.1047368421052632
56,83,2,18,31.65,1.7583333333333333
56,83,3,4,3.53,0.8825
56,83,4,8,4.88,0.61
56,86,0,12,111.32,9.276666666666666
56,86,1,11,93.03,8.457272727272727
56,86,2,7,38.76,5.5371428571428565
56,86,3,15,78.87,5.258
56,86,4,11,40.09,3.644545454545455
56,88,0,11,24.0,2.1818181818181817
56,88,1,8,16.01,2.00125
56,88,2,10,14.39,1.439
56,88,3,19,18.77,0.9878947368421053
56,88,4,13,7.81,0.6007692307692307
56,89,0,19,128.46,6.761052631578948
56,89,1,6,28.05,4.675
56,89,2,11,30.11,2.7372727272727273
56,89,3,4,10.25,2.5625
56,89,4,10,19.56,1.956
56,93,0,3,17.49,5.829999999999999
56,93,1,1,5.61,5.61
56,93,2,16,84.05,5.253125
56,93,3,1,5.03,5.03
56,93,4,19,34.61,1.821578947368421
56,94,0,9,14.76,1.64
56,94,1,5,8.15,1.6300000000000001
56,94,2,11,16.2,1.4727272727272727
56,94,3,19,27.06,1.4242105263157894
56,94,4,14,11.9,0.85
56,97,0,6,24.56,4.093333333333333
56,97,1,3,10.43,3.4766666666666666
56,97,2,5,15.82,3.164
56,97,3,17,36.22,2.1305882352941174
56,97,4,1,0.23,0.23
59,1,0,13,59.27,4.559230769230769
59,1,1,9,29.31,3.2566666666666664
59,1,2,15,43.91,2.927333333333333
59,1,3,15,38.9,2.5933333333333333
59,1,4,8,14.4,1.8
59,3,0,12,55.55,4.629166666666666
59,3,1,15,61.22,4.081333333333333
59,3,2,7,14.98,2.14
59,3,3,8,16.54,2.0675
59,3,4,8,2.25,0.28125
59,6,0,20,87.1,4.3549999999999995
59,6,1,9,37.7,4.188888888888889
59,6,2,2,3.02,1.51
59,6,3,1,1.34,1.34
59,6,4,11,10.73,0.9754545454545455
59,9,0,16,75.18,4.69875
59,9,1,5,21.31,4.262
59,9,2,20,79.25,3.9625
59,9,3,14,27.93,1.9949999999999999
59,9,4,20,23.16,1.158
59,13,0,15,60.74,4.049333333333333
59,13,1,3,10.87,3.623333333333333
59,13,2,13,32.52,2.5015384615384617
59,13,3,9,19.6,2.177777777777778
59,13,4,16,17.33,1.083125
59,14,0,19,65.38,3.441052631578947
59,14,1,6,16.3,2.716666666666667
59,14,2,4,9.32,2.33
59,14,3,15,34.5,2.3
59,14,4,20,22.98,1.149
59,16,0,10,47.49,4.7490000000000006
59,16,1,12,54.14,4.511666666666667
59,16,2,17,74.56,4.385882352941176
59,16,3,3,13.06,4.3533333333333335
59,16,4,2,5.19,2.595
59,17,0,20,71.53,3.5765000000000002
59,17,1,4,12.91,3.2275
59,17,2,2,5.73,2.865
59,17,3,14,33.66,2.404285714285714
59,17,4,4,6.48,1.62
59,20,0,10,15.8,1.58
59,20,1,4,2.67,0.6675
59,20,2,9,5.13,0.57
59,20,3,12,6.53,0.5441666666666667
59,20,4,13,3.22,0.2476923076923077
59,23,0,1,3.44,3.44
59,23,1,12,16.97,1.4141666666666666
59,23,2,14,19.29,1.377857142857143
59,23,3,3,2.37,0.79
59,23,4,5,3.91,0.782
59,27,0,19,73.73,3.880526315789474
59,27,1,2,6.81,3.405
59,27,2,8,26.15,3.26875
59,27,3,13,38.77,2.9823076923076925
59,27,4,7,17.38,2.4828571428571427
59,31,0,19,46.05,2.4236842105263157
59,31,1,17,32.31,1.9005882352941177
59,31,2,13,20.77,1.5976923076923077
59,31,3,2,3.01,1.505
59,31,4,18,5.78,0.3211111111111111
59,32,0,8,4.25,0.53125
59,32,1,18,6.38,0.35444444444444445
59,32,2,17,5.27,0.31
59,32,3,13,3.55,0.27307692307692305
59,32,4,13,1.06,0.08153846153846155
59,35,0,2,5.15,2.575
59,35,1,4,9.99,2.4975
59,35,2,16,37.76,2.36
59,35,3,1,1.5,1.5
59,35,4,19,14.67,0.7721052631578947
59,45,0,13,32.63,2.5100000000000002
59,45,1,16,16.29,1.018125
59,45,2,3,2.15,0.7166666666666667
59,45,3,13,8.64,0.6646153846153846
59,45,4,3,1.86,0.62
59,47,0,5,25.32,5.064
59,47,1,18,70.36,3.908888888888889
59,47,2,8,29.37,3.67125
59,47,3,8,25.99,3.24875
59,47,4,10,24.88,2.488
59,48,0,15,26.05,1.7366666666666668
59,48,1,13,14.58,1.1215384615384616
59,48,2,11,10.28,0.9345454545454545
59,48,3,18,16.09,0.8938888888888888
59,48,4,2,1.49,0.745
59,49,0,6,20.26,3.376666666666667
59,49,1,8,17.21,2.15125
59,49,2,19,38.86,2.0452631578947367
59,49,3,5,3.6,0.72
59,49,4,2,1.29,0.645
59,52,0,17,57.75,3.3970588235294117
59,52,1,6,17.58,2.9299999999999997
59,52,2,17,34.92,2.0541176470588236
59,52,3,10,14.99,1.499
59,52,4,8,10.66,1.3325
59,56,0,7,22.9,3.2714285714285714
59,56,1,9,19.32,2.1466666666666665
59,56,2,6,12.7,2.1166666666666667
59,56,3,19,5.45,0.2868421052631579
59,56,4,9,2.37,0.26333333333333336
59,60,0,17,79.83,4.695882352941176
59,60,1,5,12.04,2.408
59,60,2,15,21.58,1.4386666666666665
59,60,3,20,26.43,1.3215
59,60,4,20,19.51,0.9755
59,66,0,7,19.17,2.738571428571429
59,66,1,11,28.26,2.5690909090909093
59,66,2,5,11.39,2.278
59,66,3,2,2.0,1.0
59,66,4,12,7.19,0.5991666666666667
59,67,0,2,2.07,1.035
59,67,1,13,12.88,0.9907692307692308
59,67,2,10,8.89,0.889
59,67,3,15,11.95,0.7966666666666666
59,67,4,6,3.41,0.5683333333333334
59,69,0,1,3.81,3.81
59,69,1,20,52.87,2.6435
59,69,2,10,19.16,1.916
59,69,3,11,18.97,1.7245454545454544
59,69,4,16,8.51,0.531875
59,73,0,18,116.54,6.474444444444445
59,73,1,8,35.42,4.4275
59,73,2,14,50.7,3.6214285714285714
59,73,3,4,8.57,2.1425
59,73,4,2,4.26,2.13
59,79,0,19,138.62,7.295789473684211
59,79,1,5,29.81,5.962
59,79,2,9,31.18,3.464444444444444
59,79,3,18,29.91,1.6616666666666666
59,79,4,12,10.81,0.9008333333333334
59,82,0,8,36.96,4.62
59,82,1,17,56.75,3.338235294117647
59,82,2,9,23.75,2.638888888888889
59,82,3,16,37.33,2.333125
59,82,4,20,18.23,0.9115
59,83,0,6,30.89,5.148333333333333
59,83,1,7,26.29,3.755714285714286
59,83,2,4,9.68,2.42
59,83,3,10,24.17,2.4170000000000003
59,83,4,11,16.43,1.4936363636363637
59,86,0,2,12.23,6.115
59,86,1,4,24.03,6.0075
59,86,2,8,29.95,3.74375
59,86,3,18,28.59,1.5883333333333334
59,86,4,17,16.49,0.9699999999999999
59,88,0,13,24.61,1.893076923076923
59,88,1,5,6.05,1.21
59,88,2,14,15.04,1.0742857142857143
59,88,3,11,11.43,1.039090909090909
59,88,4,13,11.71,0.9007692307692309
59,89,0,10,57.3,5.7299999999999995
59,89,1,1,3.24,3.24
59,89,2,19,35.12,1.8484210526315787
59,89,3,12,16.75,1.3958333333333333
59,89,4,12,15.38,1.2816666666666667
59,93,0,15,84.8,5.653333333333333
59,93,1,8,32.12,4.015
59,93,2,7,13.12,1.874285714285714
59,93,3,6,11.02,1.8366666666666667
59,93,4,2,1.81,0.905
59,94,0,13,30.27,2.3284615384615384
59,94,1,15,18.88,1.2586666666666666
59,94,2,7,4.2,0.6
59,94,3,2,0.65,0.325
59,94,4,16,2.38,0.14875
59,97,0,2,14.14,7.07
59,97,1,12,44.43,3.7025
59,97,2,5,14.82,2.964
59,97,3,20,34.72,1.736
59,97,4,2,3.0,1.5
60,1,0,2,10.45,5.225
60,1,1,16,56.85,3.553125
60,1,2,1,3.05,3.05
60,1,3,19,55.97,2.9457894736842105
60,1,4,6,10.18,1.6966666666666665
60,3,0,6,26.85,4.4750000000000005
60,3,1,9,23.7,2.6333333333333333
60,3,2,7,15.9,2.2714285714285714
60,3,3,19,9.42,0.4957894736842105
60,3,4,19,8.7,0.45789473684210524
60,6,0,18,44.39,2.466111111111111
60,6,1,2,1.98,0.99
60,6,2,6,4.19,0.6983333333333334
60,6,3,7,3.22,0.46
60,6,4,17,3.38,0.1988235294117647
60,9,0,7,4.8,0.6857142857142857
60,9,1,8,3.92,0.49
60,9,2,12,5.61,0.4675
60,9,3,20,6.85,0.34249999999999997
60,9,4,13,0.52,0.04
60,13,0,17,102.29,6.017058823529412
60,13,1,3,11.79,3.9299999999999997
60,13,2,10,32.29,3.229
60,13,3,5,11.78,2.356
60,13,4,7,10.16,1.4514285714285715
60,14,0,5,17.78,3.556
60,14,1,18,53.57,2.976111111111111
60,14,2,11,21.68,1.970909090909091
60,14,3,8,9.8,1.225
60,14,4,16,6.28,0.3925
60,16,0,18,31.92,1.7733333333333334
60,16,1,15,26.41,1.7606666666666666
60,16,2,1,1.2,1.2
60,16,3,6,4.88,0.8133333333333334
60,16,4,9,3.44,0.38222222222222224
60,17,0,12,30.55,2.5458333333333334
60,17,1,5,9.64,1.9280000000000002
60,17,2,15,19.65,1.3099999999999998
60,17,3,9,9.99,1.11
60,17,4,2,0.72,0.36
60,20,0,6,21.26,3.5433333333333334
60,20,1,16,54.48,3.405
60,20,2,20,64.8,3.2399999999999998
60,20,3,16,27.2,1.7
60,20,4,12,17.3,1.4416666666666667
60,23,0,17,73.24,4.3082352941176465
60,23,1,9,35.39,3.9322222222222223
60,23,2,6,23.43,3.905
60,23,3,13,32.67,2.513076923076923
60,23,4,14,33.24,2.3742857142857146
60,27,0,10,22.99,2.299
60,27,1,19,33.44,1.7599999999999998
60,27,2,19,29.68,1.5621052631578947
60,27,3,3,3.79,1.2633333333333334
60,27,4,2,2.16,1.08
60,31,0,5,21.02,4.204
60,31,1,9,25.68,2.8533333333333335
60,31,2,10,26.66,2.666
60,31,3,12,31.73,2.6441666666666666
60,31,4,15,34.55,2.3033333333333332
60,32,0,2,7.89,3.945
60,32,1,4,11.75,2.9375
60,32,2,2,4.76,2.38
60,32,3,13,27.26,2.096923076923077
60,32,4,6,2.33,0.38833333333333336
60,35,0,19,46.55,2.4499999999999997
60,35,1,13,31.29,2.4069230769230767
60,35,2,9,14.76,1.64
60,35,3,17,22.86,1.3447058823529412
60,35,4,1,0.52,0.52
60,45,0,9,17.97,1.9966666666666666
60,45,1,4,7.04,1.76
60,45,2,3,5.18,1.7266666666666666
60,45,3,12,14.9,1.2416666666666667
60,45,4,12,5.28,0.44
60,47,0,2,3.65,1.825
60,47,1,5,8.76,1.752
60,47,2,7,9.33,1.332857142857143
60,47,3,12,8.76,0.73
60,47,4,18,4.93,0.27388888888888885
60,48,0,20,63.62,3.181
60,48,1,16,42.28,2.6425
60,48,2,17,42.2,2.4823529411764707
60,48,3,2,3.18,1.59
60,48,4,13,13.28,1.0215384615384615
60,49,0,14,28.73,2.052142857142857
60,49,1,10,19.69,1.969
60,49,2,12,22.06,1.8383333333333332
60,49,3,14,5.06,0.3614285714285714
60,49,4,3,0.51,0.17
60,52,0,15,19.5,1.3
60,52,1,20,25.2,1.26
60,52,2,3,3.29,1.0966666666666667
60,52,3,19,12.42,0.6536842105263158
60,52,4,11,1.51,0.13727272727272727
60,56,0,4,4.84,1.21
60,56,1,6,7.07,1.1783333333333335
60,56,2,5,5.01,1.002
60,56,3,16,14.94,0.93375
60,56,4,10,4.07,0.40700000000000003
60,59,0,5,10.71,2.1420000000000003
60,59,1,6,10.79,1.7983333333333331
60,59,2,16,28.28,1.7675
60,59,3,15,23.22,1.5479999999999998
60,59,4,18,25.38,1.41
60,66,0,13,29.99,2.3069230769230766
60,66,1,19,22.07,1.161578947368421
60,66,2,8,6.91,0.86375
60,66,3,10,7.36,0.736
60,66,4,20,5.54,0.277
60,67,0,11,44.27,4.024545454545454
60,67,1,19,64.64,3.4021052631578947
60,67,2,19,39.7,2.0894736842105264
60,67,3,7,8.6,1.2285714285714284
60,67,4,18,17.04,0.9466666666666667
60,69,0,14,4.4,0.31428571428571433
60,69,1,13,3.02,0.2323076923076923
60,69,2,14,1.91,0.13642857142857143
60,69,3,2,0.26,0.13
60,69,4,2,0.07,0.035
60,73,0,7,51.85,7.4071428571428575
60,73,1,15,107.66,7.177333333333333
60,73,2,13,91.06,7.004615384615385
60,73,3,11,56.71,5.155454545454545
60,73,4,16,49.31,3.081875
60,79,0,11,55.17,5.015454545454546
60,79,1,10,50.03,5.003
60,79,2,2,7.02,3.51
60,79,3,6,5.18,0.8633333333333333
60,79,4,17,9.74,0.5729411764705883
60,82,0,3,19.65,6.55
60,82,1,4,22.34,5.585
60,82,2,9,24.71,2.7455555555555557
60,82,3,18,44.25,2.4583333333333335
60,82,4,8,2.72,0.34
60,83,0,17,42.3,2.488235294117647
60,83,1,13,7.17,0.5515384615384615
60,83,2,5,2.53,0.506
60,83,3,17,6.49,0.38176470588235295
60,83,4,2,0.42,0.21
60,86,0,15,157.68,10.512
60,86,1,17,167.59,9.858235294117648
60,86,2,17,164.42,9.671764705882353
60,86,3,11,97.55,8.868181818181817
60,86,4,6,24.58,4.096666666666667
60,88,0,19,58.65,3.0868421052631576
60,88,1,7,13.68,1.9542857142857142
60,88,2,8,13.37,1.67125
60,88,3,19,31.47,1.6563157894736842
60,88,4,14,3.44,0.24571428571428572
60,89,0,2,19.05,9.525
60,89,1,15,58.12,3.8746666666666667
60,89,2,11,37.23,3.3845454545454543
60,89,3,20,56.11,2.8055
60,89,4,20,21.08,1.0539999999999998
60,93,0,7,46.42,6.631428571428572
60,93,1,19,64.66,3.4031578947368417
60,93,2,8,18.78,2.3475
60,93,3,6,13.13,2.1883333333333335
60,93,4,16,22.13,1.383125
60,94,0,1,2.5,2.5
60,94,1,20,32.76,1.638
60,94,2,6,8.56,1.4266666666666667
60,94,3,8,5.48,0.685
60,94,4,9,3.0,0.3333333333333333
60,97,0,5,13.35,2.67
60,97,1,19,47.98,2.5252631578947367
60,97,2,14,29.6,2.1142857142857143
60,97,3,14,29.55,2.1107142857142858
60,97,4,15,5.29,0.3526666666666667
66,1,0,15,81.4,5.426666666666667
66,1,1,20,52.81,2.6405000000000003
66,1,2,12,22.24,1.8533333333333333
66,1,3,14,16.94,1.2100000000000002
66,1,4,8,9.46,1.1825
66,3,0,17,93.45,5.497058823529412
66,3,1,5,27.04,5.4079999999999995
66,3,2,20,59.79,2.9895
66,3,3,18,12.76,0.7088888888888889
66,3,4,20,8.14,0.40700000000000003
66,6,0,19,29.05,1.5289473684210526
66,6,1,20,29.06,1.4529999999999998
66,6,2,20,27.74,1.387
66,6,3,13,17.55,1.35
66,6,4,12,7.97,0.6641666666666667
66,9,0,17,24.46,1.4388235294117648
66,9,1,20,27.11,1.3555
66,9,2,4,3.46,0.865
66,9,3,12,4.41,0.3675
66,9,4,1,0.26,0.26
66,13,0,10,63.3,6.33
66,13,1,2,10.75,5.375
66,13,2,16,84.18,5.26125
66,13,3,12,30.69,2.5575
66,13,4,20,7.11,0.35550000000000004
66,14,0,20,116.17,5.8085
66,14,1,6,22.74,3.7899999999999996
66,14,2,8,24.69,3.08625
66,14,3,14,11.11,0.7935714285714285
66,14,4,12,4.43,0.36916666666666664
66,16,0,11,43.6,3.963636363636364
66,16,1,9,23.29,2.5877777777777777
66,16,2,2,4.69,2.345
66,16,3,13,27.66,2.1276923076923078
66,16,4,19,16.91,0.89
66,17,0,7,26.21,3.744285714285714
66,17,1,13,32.28,2.483076923076923
66,17,2,19,46.52,2.4484210526315793
66,17,3,2,2.85,1.425
66,17,4,3,0.66,0.22
66,20,0,13,41.61,3.2007692307692306
66,20,1,17,42.64,2.508235294117647
66,20,2,4,6.96,1.74
66,20,3,8,3.0,0.375
66,20,4,4,0.93,0.2325
66,23,0,19,38.25,2.013157894736842
66,23,1,2,2.23,1.115
66,23,2,6,4.29,0.715
66,23,3,16,10.53,0.658125
66,23,4,1,0.61,0.61
66,27,0,7,6.2,0.8857142857142858
66,27,1,8,5.99,0.74875
66,27,2,10,7.26,0.726
66,27,3,4,2.33,0.5825
66,27,4,13,3.66,0.28153846153846157
66,31,0,7,24.61,3.5157142857142856
66,31,1,7,21.96,3.1371428571428575
66,31,2,5,9.35,1.8699999999999999
66,31,3,17,30.3,1.7823529411764707
66,31,4,11,6.05,0.5499999999999999
66,32,0,1,4.15,4.15
66,32,1,5,20.05,4.01
66,32,2,6,12.99,2.165
66,32,3,11,16.54,1.5036363636363637
66,32,4,14,11.78,0.8414285714285714
66,35,0,19,47.8,2.5157894736842104
66,35,1,6,11.76,1.96
66,35,2,5,9.26,1.8519999999999999
66,35,3,10,9.54,0.954
66,35,4,20,6.57,0.3285
66,45,0,14,45.0,3.2142857142857144
66,45,1,18,45.06,2.5033333333333334
66,45,2,5,12.31,2.462
66,45,3,3,3.45,1.1500000000000001
66,45,4,19,5.25,0.27631578947368424
66,47,0,3,14.22,4.74
66,47,1,16,75.83,4.739375
66,47,2,2,6.68,3.34
66,47,3,11,35.0,3.1818181818181817
66,47,4,9,9.62,1.0688888888888888
66,48,0,9,13.52,1.5022222222222221
66,48,1,10,12.65,1.2650000000000001
66,48,2,12,11.49,0.9575
66,48,3,1,0.8,0.8
66,48,4,8,6.07,0.75875
66,49,0,12,31.14,2.595
66,49,1,9,23.17,2.5744444444444445
66,49,2,18,35.81,1.9894444444444446
66,49,3,18,32.94,1.8299999999999998
66,49,4,15,4.23,0.28200000000000003
66,52,0,18,23.66,1.3144444444444445
66,52,1,8,7.72,0.965
66,52,2,17,12.0,0.7058823529411765
66,52,3,17,9.56,0.5623529411764706
66,52,4,8,4.46,0.5575
66,56,0,19,35.37,1.861578947368421
66,56,1,6,5.01,0.835
66,56,2,13,10.11,0.7776923076923077
66,56,3,15,10.55,0.7033333333333334
66,56,4,10,3.08,0.308
66,59,0,1,1.74,1.74
66,59,1,8,11.08,1.385
66,59,2,9,5.16,0.5733333333333334
66,59,3,10,3.27,0.327
66,59,4,6,1.77,0.295
66,60,0,16,48.87,3.054375
66,60,1,20,54.22,2.711
66,60,2,14,27.89,1.9921428571428572
66,60,3,20,33.83,1.6915
66,60,4,18,17.16,0.9533333333333334
66,67,0,5,9.14,1.828
66,67,1,14,19.17,1.3692857142857144
66,67,2,7,8.92,1.2742857142857142
66,67,3,11,6.06,0.5509090909090909
66,67,4,16,8.46,0.52875
66,69,0,13,35.97,2.766923076923077
66,69,1,20,46.48,2.324
66,69,2,8,16.12,2.015
66,69,3,19,23.16,1.2189473684210526
66,69,4,19,19.01,1.0005263157894737
66,73,0,5,22.88,4.576
66,73,1,5,21.46,4.292
66,73,2,2,7.35,3.675
66,73,3,19,61.88,3.256842105263158
66,73,4,6,13.27,2.2116666666666664
66,79,0,9,59.01,6.556666666666667
66,79,1,8,52.0,6.5
66,79,2,7,12.92,1.8457142857142856
66,79,3,2,3.21,1.605
66,79,4,2,1.24,0.62
66,82,0,4,13.55,3.3875
66,82,1,12,38.81,3.234166666666667
66,82,2,3,7.14,2.38
66,82,3,5,10.54,2.1079999999999997
66,82,4,11,13.64,1.24
66,83,0,1,1.96,1.96
66,83,1,2,2.5,1.25
66,83,2,18,14.4,0.8
66,83,3,6,3.65,0.6083333333333333
66,83,4,4,0.87,0.2175
66,86,0,15,107.43,7.162000000000001
66,86,1,5,27.07,5.414
66,86,2,16,63.77,3.985625
66,86,3,14,39.88,2.8485714285714288
66,86,4,1,2.37,2.37
66,88,0,19,44.08,2.32
66,88,1,17,38.62,2.2717647058823527
66,88,2,5,6.34,1.268
66,88,3,18,13.9,0.7722222222222223
66,88,4,17,8.2,0.48235294117647054
66,89,0,10,40.86,4.086
66,89,1,18,71.75,3.986111111111111
66,89,2,20,73.14,3.657
66,89,3,6,20.99,3.498333333333333
66,89,4,5,2.31,0.462
66,93,0,4,4.89,1.2225
66,93,1,3,3.61,1.2033333333333334
66,93,2,5,2.8,0.5599999999999999
66,93,3,5,1.84,0.368
66,93,4,4,1.01,0.2525
66,94,0,12,5.31,0.44249999999999995
66,94,1,18,7.18,0.39888888888888885
66,94,2,15,4.06,0.27066666666666667
66,94,3,9,2.18,0.24222222222222223
66,94,4,10,0.36,0.036
66,97,0,7,40.93,5.847142857142857
66,97,1,15,63.6,4.24
66,97,2,1,3.79,3.79
66,97,3,20,70.09,3.5045
66,97,4,3,3.78,1.26
67,1,0,19,95.12,5.0063157894736845
67,1,1,11,54.26,4.932727272727273
67,1,2,1,3.14,3.14
67,1,3,12,33.77,2.814166666666667
67,1,4,15,27.18,1.812
67,3,0,8,42.51,5.31375
67,3,1,11,44.85,4.077272727272727
67,3,2,10,32.12,3.2119999999999997
67,3,3,16,18.79,1.174375
67,3,4,2,0.44,0.22
67,6,0,17,64.15,3.7735294117647062
67,6,1,11,33.35,3.0318181818181817
67,6,2,2,3.87,1.935
67,6,3,4,3.65,0.9125
67,6,4,17,12.13,0.713529411764706
67,9,0,13,34.43,2.6484615384615386
67,9,1,19,43.13,2.27
67,9,2,10,19.28,1.9280000000000002
67,9,3,20,14.18,0.709
67,9,4,20,8.6,0.43
67,13,0,16,78.75,4.921875
67,13,1,15,72.91,4.860666666666666
67,13,2,19,70.41,3.7057894736842103
67,13,3,2,4.33,2.165
67,13,4,16,19.15,1.196875
67,14,0,19,72.06,3.7926315789473684
67,14,1,20,56.78,2.839
67,14,2,6,13.01,2.1683333333333334
67,14,3,2,3.57,1.785
67,14,4,9,14.01,1.5566666666666666
67,16,0,17,87.36,5.138823529411765
67,16,1,2,9.71,4.855
67,16,2,17,53.03,3.1194117647058826
67,16,3,9,21.47,2.3855555555555554
67,16,4,8,12.4,1.55
67,17,0,5,17.42,3.4840000000000004
67,17,1,18,47.31,2.6283333333333334
67,17,2,8,16.33,2.04125
67,17,3,10,17.12,1.7120000000000002
67,17,4,4,4.14,1.035
67,20,0,2,3.48,1.74
67,20,1,19,31.73,1.67
67,20,2,14,22.31,1.5935714285714284
67,20,3,1,1.39,1.39
67,20,4,2,1.48,0.74
67,23,0,4,9.57,2.3925
67,23,1,20,38.48,1.924
67,23,2,18,7.84,0.43555555555555553
67,23,3,17,3.64,0.21411764705882352
67,23,4,1,0.21,0.21
67,27,0,4,8.39,2.0975
67,27,1,4,7.27,1.8175
67,27,2,14,25.26,1.8042857142857145
67,27,3,13,8.3,0.6384615384615385
67,27,4,20,10.29,0.5145
67,31,0,4,7.62,1.905
67,31,1,8,14.31,1.78875
67,31,2,16,11.75,0.734375
67,31,3,6,2.57,0.4283333333333333
67,31,4,15,3.76,0.25066666666666665
67,32,0,10,18.36,1.8359999999999999
67,32,1,16,25.07,1.566875
67,32,2,9,9.47,1.0522222222222224
67,32,3,8,7.42,0.9275
67,32,4,1,0.45,0.45
67,35,0,4,8.41,2.1025
67,35,1,20,26.15,1.3074999999999999
67,35,2,2,1.44,0.72
67,35,3,2,1.33,0.665
67,35,4,14,5.84,0.41714285714285715
67,45,0,19,41.33,2.1752631578947366
67,45,1,15,23.74,1.5826666666666667
67,45,2,6,8.89,1.4816666666666667
67,45,3,12,17.04,1.42
67,45,4,1,1.25,1.25
67,47,0,7,32.03,4.575714285714286
67,47,1,1,3.85,3.85
67,47,2,9,9.13,1.0144444444444445
67,47,3,8,4.1,0.5125
67,47,4,17,7.8,0.4588235294117647
67,48,0,1,0.81,0.81
67,48,1,6,4.55,0.7583333333333333
67,48,2,4,2.73,0.6825
67,48,3,9,5.15,0.5722222222222223
67,48,4,19,7.51,0.3952631578947368
67,49,0,8,21.87,2.73375
67,49,1,1,2.5,2.5
67,49,2,12,23.76,1.9800000000000002
67,49,3,11,15.03,1.3663636363636362
67,49,4,9,1.95,0.21666666666666667
67,52,0,4,9.88,2.47
67,52,1,17,41.74,2.455294117647059
67,52,2,5,11.34,2.268
67,52,3,9,17.08,1.8977777777777776
67,52,4,17,4.11,0.24176470588235296
67,56,0,7,17.64,2.52
67,56,1,12,22.7,1.8916666666666666
67,56,2,6,10.73,1.7883333333333333
67,56,3,3,3.77,1.2566666666666666
67,56,4,20,8.7,0.43499999999999994
67,59,0,12,14.51,1.2091666666666667
67,59,1,17,18.77,1.1041176470588234
67,59,2,5,5.52,1.1039999999999999
67,59,3,7,6.92,0.9885714285714285
67,59,4,12,2.16,0.18000000000000002
67,60,0,15,58.96,3.9306666666666668
67,60,1,11,36.63,3.33
67,60,2,18,58.2,3.2333333333333334
67,60,3,7,18.01,2.572857142857143
67,60,4,7,11.03,1.5757142857142856
67,66,0,18,33.1,1.838888888888889
67,66,1,7,11.09,1.5842857142857143
67,66,2,11,16.04,1.458181818181818
67,66,3,5,5.65,1.1300000000000001
67,66,4,14,5.35,0.3821428571428571
67,69,0,9,34.58,3.842222222222222
67,69,1,14,51.38,3.6700000000000004
67,69,2,20,62.5,3.125
67,69,3,5,5.04,1.008
67,69,4,15,5.79,0.386
67,73,0,3,19.13,6.376666666666666
67,73,1,9,55.81,6.2011111111111115
67,73,2,16,52.9,3.30625
67,73,3,9,23.53,2.6144444444444446
67,73,4,17,13.41,0.7888235294117647
67,79,0,15,79.89,5.326
67,79,1,2,8.2,4.1
67,79,2,20,70.21,3.5104999999999995
67,79,3,3,9.93,3.31
67,79,4,5,11.73,2.346
67,82,0,3,10.5,3.5
67,82,1,2,6.72,3.36
67,82,2,1,2.27,2.27
67,82,3,14,30.17,2.1550000000000002
67,82,4,16,6.24,0.39
67,83,0,5,17.43,3.4859999999999998
67,83,1,19,63.36,3.334736842105263
67,83,2,14,46.02,3.2871428571428574
67,83,3,8,25.34,3.1675
67,83,4,9,3.36,0.3733333333333333
67,86,0,17,104.49,6.146470588235294
67,86,1,9,52.45,5.827777777777778
67,86,2,5,19.35,3.87
67,86,3,2,5.36,2.68
67,86,4,17,21.52,1.2658823529411765
67,88,0,19,46.51,2.4478947368421053
67,88,1,19,44.56,2.345263157894737
67,88,2,6,11.42,1.9033333333333333
67,88,3,20,9.78,0.489
67,88,4,7,3.03,0.43285714285714283
67,89,0,5,26.29,5.258
67,89,1,15,57.24,3.8160000000000003
67,89,2,10,34.78,3.478
67,89,3,17,54.03,3.178235294117647
67,89,4,10,26.99,2.699
67,93,0,2,5.99,2.995
67,93,1,2,5.53,2.765
67,93,2,10,21.84,2.184
67,93,3,2,1.14,0.57
67,93,4,19,6.57,0.34578947368421054
67,94,0,20,34.03,1.7015
67,94,1,9,13.18,1.4644444444444444
67,94,2,6,8.74,1.4566666666666668
67,94,3,12,16.88,1.4066666666666665
67,94,4,9,6.67,0.741111111111111
67,97,0,10,61.97,6.197
67,97,1,18,99.87,5.548333333333334
67,97,2,6,32.43,5.405
67,97,3,17,81.58,4.798823529411765
67,97,4,9,19.3,2.1444444444444444
69,1,0,11,51.54,4.6854545454545455
69,1,1,7,23.61,3.3728571428571428
69,1,2,20,37.4,1.8699999999999999
69,1,3,17,26.47,1.5570588235294116
69,1,4,16,19.12,1.195
69,3,0,12,46.04,3.8366666666666664
69,3,1,9,27.81,3.09
69,3,2,20,52.14,2.607
69,3,3,12,28.59,2.3825
69,3,4,15,4.4,0.29333333333333333
69,6,0,11,29.96,2.7236363636363636
69,6,1,19,49.1,2.5842105263157897
69,6,2,18,29.01,1.6116666666666668
69,6,3,18,19.31,1.0727777777777776
69,6,4,7,6.74,0.9628571428571429
69,9,0,4,4.17,1.0425
69,9,1,19,19.72,1.0378947368421052
69,9,2,12,5.88,0.49
69,9,3,19,5.72,0.30105263157894735
69,9,4,1,0.3,0.3
69,13,0,18,102.82,5.712222222222222
69,13,1,14,74.21,5.300714285714285
69,13,2,11,31.79,2.89
69,13,3,11,28.15,2.559090909090909
69,13,4,10,7.05,0.705
69,14,0,18,83.04,4.613333333333333
69,14,1,15,52.25,3.4833333333333334
69,14,2,2,4.71,2.355
69,14,3,4,5.1,1.275
69,14,4,8,4.76,0.595
69,16,0,19,31.21,1.6426315789473684
69,16,1,1,0.59,0.59
69,16,2,17,7.58,0.44588235294117645
69,16,3,6,1.44,0.24
69,16,4,4,0.37,0.0925
69,17,0,6,18.48,3.08
69,17,1,14,24.8,1.7714285714285716
69,17,2,6,7.44,1.24
69,17,3,9,8.91,0.99
69,17,4,3,2.89,0.9633333333333334
69,20,0,14,45.99,3.285
69,20,1,12,19.97,1.6641666666666666
69,20,2,1,1.32,1.32
69,20,3,12,8.71,0.7258333333333334
69,20,4,19,9.8,0.5157894736842106
69,23,0,13,67.34,5.180000000000001
69,23,1,11,55.3,5.027272727272727
69,23,2,7,33.95,4.8500000000000005
69,23,3,6,20.48,3.4133333333333336
69,23,4,20,22.54,1.127
69,27,0,9,21.05,2.338888888888889
69,27,1,12,10.84,0.9033333333333333
69,27,2,3,2.13,0.71
69,27,3,11,5.07,0.46090909090909093
69,27,4,17,6.93,0.4076470588235294
69,31,0,3,11.97,3.99
69,31,1,18,63.12,3.5066666666666664
69,31,2,8,24.91,3.11375
69,31,3,8,23.81,2.97625
69,31,4,4,10.76,2.69
69,32,0,3,15.39,5.13
69,32,1,15,73.81,4.9206666666666665
69,32,2,13,39.79,3.060769230769231
69,32,3,15,20.61,1.3739999999999999
69,32,4,3,1.06,0.35333333333333333
69,35,0,2,5.2,2.6
69,35,1,10,25.07,2.507
69,35,2,8,18.04,2.255
69,35,3,14,15.68,1.1199999999999999
69,35,4,20,13.26,0.663
69,45,0,20,58.54,2.927
69,45,1,5,13.88,2.7760000000000002
69,45,2,16,33.11,2.069375
69,45,3,3,4.75,1.5833333333333333
69,45,4,4,3.15,0.7875
69,47,0,5,6.01,1.202
69,47,1,18,17.35,0.963888888888889
69,47,2,15,12.7,0.8466666666666666
69,47,3,16,6.96,0.435
69,47,4,9,2.57,0.28555555555555556
69,48,0,11,32.6,2.963636363636364
69,48,1,15,43.93,2.9286666666666665
69,48,2,8,15.09,1.88625
69,48,3,2,1.97,0.985
69,48,4,9,4.53,0.5033333333333334
69,49,0,6,11.53,1.9216666666666666
69,49,1,8,13.51,1.68875
69,49,2,18,25.2,1.4
69,49,3,11,11.32,1.029090909090909
69,49,4,14,7.69,0.5492857142857143
69,52,0,11,19.03,1.7300000000000002
69,52,1,18,30.56,1.6977777777777776
69,52,2,17,26.95,1.5852941176470587
69,52,3,5,5.05,1.01
69,52,4,10,9.23,0.923
69,56,0,5,8.01,1.6019999999999999
69,56,1,3,2.34,0.7799999999999999
69,56,2,12,9.22,0.7683333333333334
69,56,3,15,8.99,0.5993333333333334
69,56,4,3,0.46,0.15333333333333335
69,59,0,3,14.76,4.92
69,59,1,20,78.83,3.9415
69,59,2,12,44.83,3.7358333333333333
69,59,3,13,37.93,2.917692307692308
69,59,4,4,8.67,2.1675
69,60,0,15,4.1,0.2733333333333333
69,60,1,12,2.76,0.22999999999999998
69,60,2,6,1.24,0.20666666666666667
69,60,3,19,3.53,0.1857894736842105
69,60,4,18,1.77,0.09833333333333333
69,66,0,6,19.41,3.235
69,66,1,6,14.29,2.3816666666666664
69,66,2,2,4.29,2.145
69,66,3,16,9.65,0.603125
69,66,4,15,3.31,0.22066666666666668
69,67,0,11,40.86,3.7145454545454544
69,67,1,18,29.99,1.666111111111111
69,67,2,11,10.7,0.9727272727272727
69,67,3,10,9.52,0.952
69,67,4,16,5.56,0.3475
69,73,0,7,29.37,4.195714285714286
69,73,1,17,65.32,3.84235294117647
69,73,2,20,59.57,2.9785
69,73,3,1,2.49,2.49
69,73,4,1,1.4,1.4
69,79,0,7,68.98,9.854285714285714
69,79,1,11,69.04,6.276363636363637
69,79,2,7,39.4,5.628571428571428
69,79,3,14,48.6,3.4714285714285715
69,79,4,11,18.79,1.708181818181818
69,82,0,2,13.52,6.76
69,82,1,9,58.4,6.488888888888889
69,82,2,13,79.52,6.116923076923077
69,82,3,11,48.63,4.420909090909091
69,82,4,14,19.48,1.3914285714285715
69,83,0,5,16.21,3.242
69,83,1,12,18.58,1.5483333333333331
69,83,2,19,25.4,1.3368421052631578
69,83,3,19,16.88,0.8884210526315789
69,83,4,5,3.61,0.722
69,86,0,3,22.19,7.396666666666667
69,86,1,1,6.08,6.08
69,86,2,8,43.53,5.44125
69,86,3,19,94.05,4.95
69,86,4,14,33.94,2.424285714285714
69,88,0,10,9.15,0.915
69,88,1,10,4.26,0.426
69,88,2,11,4.62,0.42
69,88,3,7,2.14,0.3057142857142857
69,88,4,20,3.66,0.183
69,89,0,3,18.33,6.109999999999999
69,89,1,11,33.61,3.055454545454545
69,89,2,6,16.0,2.6666666666666665
69,89,3,8,15.45,1.93125
69,89,4,3,2.54,0.8466666666666667
69,93,0,14,97.8,6.985714285714286
69,93,1,20,130.99,6.5495
69,93,2,9,56.86,6.317777777777778
69,93,3,17,98.19,5.775882352941176
69,93,4,15,16.28,1.0853333333333335
69,94,0,19,45.81,2.4110526315789476
69,94,1,6,14.25,2.375
69,94,2,7,16.41,2.3442857142857143
69,94,3,8,17.08,2.135
69,94,4,15,8.16,0.544
69,97,0,5,9.19,1.8379999999999999
69,97,1,11,17.0,1.5454545454545454
69,97,2,9,13.62,1.5133333333333332
69,97,3,9,6.37,0.7077777777777778
69,97,4,6,3.74,0.6233333333333334
73,1,0,17,158.85,9.344117647058823
73,1,1,17,104.69,6.158235294117647
73,1,2,18,86.08,4.782222222222222
73,1,3,3,8.16,2.72
73,1,4,18,17.12,0.9511111111111111
73,3,0,18,161.37,8.965
73,3,1,6,50.79,8.465
73,3,2,5,31.39,6.2780000000000005
73,3,3,3,13.8,4.6000000000000005
73,3,4,19,38.97,2.0510526315789472
73,6,0,12,93.01,7.7508333333333335
73,6,1,19,68.25,3.5921052631578947
73,6,2,20,68.35,3.4174999999999995
73,6,3,8,20.87,2.60875
73,6,4,15,21.52,1.4346666666666665
73,9,0,5,49.55,9.91
73,9,1,11,84.99,7.726363636363636
73,9,2,12,90.68,7.5566666666666675
73,9,3,16,114.66,7.16625
73,9,4,6,7.1,1.1833333333333333
73,13,0,16,199.65,12.478125
73,13,1,17,208.58,12.269411764705882
73,13,2,19,210.94,11.102105263157895
73,13,3,8,82.64,10.33
73,13,4,4,29.69,7.4225
73,14,0,19,180.67,9.508947368421053
73,14,1,10,46.21,4.621
73,14,2,8,33.26,4.1575
73,14,3,19,62.19,3.273157894736842
73,14,4,19,32.8,1.726315789473684
73,16,0,7,81.13,11.59
73,16,1,17,129.53,7.619411764705882
73,16,2,9,61.95,6.883333333333334
73,16,3,1,5.68,5.68
73,16,4,11,23.78,2.161818181818182
73,17,0,10,90.56,9.056000000000001
73,17,1,3,13.03,4.343333333333333
73,17,2,9,38.53,4.2811111111111115
73,17,3,14,36.12,2.5799999999999996
73,17,4,5,11.13,2.226
73,20,0,14,116.45,8.317857142857143
73,20,1,9,56.43,6.27
73,20,2,16,97.48,6.0925
73,20,3,9,33.7,3.744444444444445
73,20,4,9,18.27,2.03
73,23,0,5,24.95,4.99
73,23,1,10,41.42,4.142
73,23,2,18,55.01,3.056111111111111
73,23,3,7,14.58,2.0828571428571427
73,23,4,3,5.53,1.8433333333333335
73,27,0,14,107.92,7.708571428571429
73,27,1,15,87.37,5.824666666666667
73,27,2,16,87.34,5.45875
73,27,3,1,4.52,4.52
73,27,4,1,4.47,4.47
73,31,0,9,78.62,8.735555555555557
73,31,1,7,55.35,7.9071428571428575
73,31,2,12,93.98,7.831666666666667
73,31,3,15,110.98,7.398666666666667
73,31,4,7,47.86,6.837142857142857
73,32,0,19,107.74,5.670526315789473
73,32,1,11,42.46,3.86
73,32,2,10,29.36,2.936
73,32,3,10,16.5,1.65
73,32,4,15,17.51,1.1673333333333333
73,35,0,15,137.84,9.189333333333334
73,35,1,9,35.79,3.9766666666666666
73,35,2,18,46.84,2.602222222222222
73,35,3,13,24.56,1.889230769230769
73,35,4,6,2.73,0.455
73,45,0,17,111.17,6.539411764705882
73,45,1,2,11.92,5.96
73,45,2,13,61.23,4.71
73,45,3,15,55.45,3.6966666666666668
73,45,4,5,6.25,1.25
73,47,0,8,90.45,11.30625
73,47,1,1,10.56,10.56
73,47,2,5,47.68,9.536
73,47,3,11,65.51,5.955454545454546
73,47,4,17,32.16,1.8917647058823528
73,48,0,20,114.67,5.7335
73,48,1,11,58.0,5.2727272727272725
73,48,2,8,34.89,4.36125
73,48,3,10,30.96,3.096
73,48,4,15,11.6,0.7733333333333333
73,49,0,14,57.74,4.1242857142857146
73,49,1,5,14.35,2.87
73,49,2,5,10.28,2.056
73,49,3,16,29.84,1.865
73,49,4,14,13.39,0.9564285714285715
73,52,0,1,8.48,8.48
73,52,1,13,49.34,3.7953846153846156
73,52,2,7,23.51,3.358571428571429
73,52,3,14,40.98,2.927142857142857
73,52,4,17,26.91,1.5829411764705883
73,56,0,5,22.46,4.492
73,56,1,8,16.08,2.01
73,56,2,20,28.39,1.4195
73,56,3,9,12.07,1.3411111111111111
73,56,4,12,9.24,0.77
73,59,0,5,33.43,6.686
73,59,1,10,57.37,5.737
73,59,2,1,4.74,4.74
73,59,3,3,6.22,2.0733333333333333
73,59,4,6,5.5,0.9166666666666666
73,60,0,17,154.85,9.108823529411765
73,60,1,15,123.82,8.254666666666667
73,60,2,9,65.89,7.321111111111112
73,60,3,10,51.25,5.125
73,60,4,17,57.96,3.4094117647058826
73,66,0,16,111.51,6.969375
73,66,1,6,34.62,5.77
73,66,2,20,85.49,4.2745
73,66,3,6,10.9,1.8166666666666667
73,66,4,4,6.89,1.7225
73,67,0,11,70.38,6.3981818181818175
73,67,1,3,14.6,4.866666666666666
73,67,2,20,73.57,3.6784999999999997
73,67,3,11,30.72,2.7927272727272725
73,67,4,19,11.33,0.5963157894736842
73,69,0,9,51.79,5.754444444444444
73,69,1,18,88.74,4.93
73,69,2,15,38.8,2.5866666666666664
73,69,3,9,19.8,2.2
73,69,4,9,12.17,1.3522222222222222
73,79,0,12,22.09,1.8408333333333333
73,79,1,8,7.93,0.99125
73,79,2,13,10.92,0.84
73,79,3,11,5.42,0.49272727272727274
73,79,4,11,1.69,0.15363636363636363
73,82,0,10,27.34,2.734
73,82,1,10,20.33,2.033
73,82,2,1,0.98,0.98
73,82,3,3,1.74,0.58
73,82,4,13,3.12,0.24000000000000002
73,83,0,10,81.41,8.141
73,83,1,2,12.99,6.495
73,83,2,18,55.59,3.0883333333333334
73,83,3,5,15.12,3.024
73,83,4,18,26.88,1.4933333333333332
73,86,0,14,7.97,0.5692857142857143
73,86,1,3,0.8,0.26666666666666666
73,86,2,4,0.88,0.22
73,86,3,10,1.46,0.146
73,86,4,3,0.22,0.07333333333333333
73,88,0,16,120.95,7.559375
73,88,1,14,63.11,4.507857142857143
73,88,2,2,8.39,4.195
73,88,3,15,44.62,2.9746666666666663
73,88,4,14,8.53,0.6092857142857142
73,89,0,15,18.28,1.2186666666666668
73,89,1,4,1.78,0.445
73,89,2,7,2.39,0.34142857142857147
73,89,3,19,4.67,0.24578947368421053
73,89,4,16,3.61,0.225625
73,93,0,11,43.04,3.9127272727272726
73,93,1,19,50.4,2.6526315789473682
73,93,2,11,25.29,2.299090909090909
73,93,3,20,27.6,1.3800000000000001
73,93,4,5,4.97,0.994
73,94,0,10,46.35,4.635
73,94,1,2,7.37,3.685
73,94,2,3,5.35,1.7833333333333332
73,94,3,10,14.82,1.482
73,94,4,20,24.04,1.202
73,97,0,8,52.81,6.60125
73,97,1,19,94.42,4.969473684210526
73,97,2,4,10.18,2.545
73,97,3,6,12.01,2.0016666666666665
73,97,4,2,3.92,1.96
79,1,0,10,82.31,8.231
79,1,1,19,125.44,6.6021052631578945
79,1,2,18,63.0,3.5
79,1,3,14,19.08,1.3628571428571428
79,1,4,13,9.3,0.7153846153846154
79,3,0,1,8.81,8.81
79,3,1,14,113.32,8.094285714285714
79,3,2,5,33.62,6.723999999999999
79,3,3,5,16.92,3.3840000000000003
79,3,4,18,11.01,0.6116666666666667
79,6,0,8,46.14,5.7675
79,6,1,16,87.84,5.49
79,6,2,10,43.15,4.3149999999999995
79,6,3,6,25.03,4.171666666666667
79,6,4,12,6.59,0.5491666666666667
79,9,0,18,156.4,8.68888888888889
79,9,1,3,25.33,8.443333333333333
79,9,2,7,42.63,6.090000000000001
79,9,3,2,10.93,5.465
79,9,4,19,103.14,5.428421052631579
79,13,0,14,91.79,6.5564285714285715
79,13,1,3,11.0,3.6666666666666665
79,13,2,2,7.07,3.535
79,13,3,13,38.05,2.9269230769230767
79,13,4,11,15.56,1.4145454545454546
79,14,0,15,156.57,10.437999999999999
79,14,1,7,71.2,10.171428571428573
79,14,2,13,114.52,8.80923076923077
79,14,3,12,78.44,6.536666666666666
79,14,4,10,20.25,2.025
79,16,0,13,110.4,8.492307692307692
79,16,1,15,77.61,5.174
79,16,2,14,66.11,4.722142857142857
79,16,3,9,41.74,4.637777777777778
79,16,4,2,5.68,2.84
79,17,0,8,70.64,8.83
79,17,1,1,6.68,6.68
79,17,2,3,19.34,6.446666666666666
79,17,3,14,86.4,6.171428571428572
79,17,4,8,12.32,1.54
79,20,0,17,144.08,8.47529411764706
79,20,1,19,125.55,6.6078947368421055
79,20,2,7,37.55,5.364285714285714
79,20,3,12,37.65,3.1374999999999997
79,20,4,14,19.55,1.3964285714285716
79,23,0,1,4.45,4.45
79,23,1,6,20.65,3.4416666666666664
79,23,2,6,19.7,3.283333333333333
79,23,3,8,10.66,1.3325
79,23,4,18,14.39,0.7994444444444445
79,27,0,11,39.28,3.570909090909091
79,27,1,10,34.22,3.4219999999999997
79,27,2,19,44.17,2.3247368421052634
79,27,3,19,24.75,1.3026315789473684
79,27,4,2,1.14,0.57
79,31,0,16,148.61,9.288125
79,31,1,9,82.51,9.16777777777778
79,31,2,9,70.53,7.836666666666667
79,31,3,2,5.51,2.755
79,31,4,20,13.2,0.6599999999999999
79,32,0,11,78.96,7.178181818181818
79,32,1,15,96.86,6.457333333333334
79,32,2,6,19.43,3.2383333333333333
79,32,3,7,15.11,2.1585714285714284
79,32,4,7,14.16,2.0228571428571427
79,35,0,16,115.98,7.24875
79,35,1,14,90.99,6.499285714285714
79,35,2,13,60.0,4.615384615384615
79,35,3,6,9.0,1.5
79,35,4,6,4.76,0.7933333333333333
79,45,0,4,34.63,8.6575
79,45,1,17,109.36,6.432941176470588
79,45,2,4,17.36,4.34
79,45,3,19,76.98,4.051578947368421
79,45,4,13,18.89,1.4530769230769232
79,47,0,3,34.67,11.556666666666667
79,47,1,10,109.62,10.962
79,47,2,14,105.31,7.522142857142858
79,47,3,2,13.08,6.54
79,47,4,2,6.72,3.36
79,48,0,7,47.78,6.825714285714286
79,48,1,15,43.14,2.876
79,48,2,8,8.37,1.04625
79,48,3,7,6.97,0.9957142857142857
79,48,4,6,5.79,0.965
79,49,0,9,87.69,9.743333333333332
79,49,1,12,109.89,9.1575
79,49,2,3,20.03,6.676666666666667
79,49,3,20,66.68,3.3340000000000005
79,49,4,19,48.62,2.5589473684210526
79,52,0,19,141.07,7.424736842105263
79,52,1,18,128.06,7.114444444444445
79,52,2,12,71.6,5.966666666666666
79,52,3,11,56.7,5.154545454545455
79,52,4,7,6.05,0.8642857142857142
79,56,0,19,128.8,6.778947368421053
79,56,1,9,43.8,4.866666666666666
79,56,2,9,27.76,3.0844444444444448
79,56,3,16,35.4,2.2125
79,56,4,15,32.45,2.1633333333333336
79,59,0,5,34.72,6.944
79,59,1,20,130.62,6.531000000000001
79,59,2,15,88.24,5.882666666666666
79,59,3,17,69.23,4.0723529411764705
79,59,4,12,27.42,2.285
79,60,0,9,76.58,8.508888888888889
79,60,1,15,126.13,8.408666666666667
79,60,2,1,8.28,8.28
79,60,3,8,61.49,7.68625
79,60,4,19,123.83,6.517368421052631
79,66,0,3,19.52,6.506666666666667
79,66,1,10,54.09,5.409000000000001
79,66,2,12,55.08,4.59
79,66,3,6,22.81,3.8016666666666663
79,66,4,1,1.62,1.62
79,67,0,8,43.28,5.41
79,67,1,20,88.67,4.4335
79,67,2,17,54.77,3.2217647058823533
79,67,3,15,47.23,3.1486666666666663
79,67,4,19,23.51,1.2373684210526317
79,69,0,13,89.76,6.904615384615385
79,69,1,8,25.47,3.18375
79,69,2,1,1.7,1.7
79,69,3,14,19.04,1.3599999999999999
79,69,4,18,18.8,1.0444444444444445
79,73,0,4,7.58,1.895
79,73,1,4,4.45,1.1125
79,73,2,15,14.5,0.9666666666666667
79,73,3,19,13.63,0.7173684210526317
79,73,4,11,7.26,0.66
79,82,0,17,38.65,2.273529411764706
79,82,1,4,6.11,1.5275
79,82,2,9,9.81,1.09
79,82,3,8,8.28,1.035
79,82,4,16,12.99,0.811875
79,83,0,9,37.33,4.147777777777778
79,83,1,4,13.03,3.2575
79,83,2,6,14.86,2.4766666666666666
79,83,3,14,22.94,1.6385714285714286
79,83,4,16,24.46,1.52875
79,86,0,2,5.19,2.595
79,86,1,20,41.39,2.0695
79,86,2,14,22.45,1.6035714285714284
79,86,3,10,8.73,0.873
79,86,4,7,5.51,0.7871428571428571
79,88,0,17,158.28,9.310588235294118
79,88,1,3,22.83,7.609999999999999
79,88,2,13,91.0,7.0
79,88,3,3,18.29,6.096666666666667
79,88,4,7,28.15,4.021428571428571
79,89,0,4,10.18,2.545
79,89,1,5,9.97,1.9940000000000002
79,89,2,4,2.83,0.7075
79,89,3,17,6.05,0.3558823529411765
79,89,4,13,3.59,0.27615384615384614
79,93,0,4,11.2,2.8
79,93,1,14,28.28,2.02
79,93,2,15,11.45,0.7633333333333333
79,93,3,3,1.54,0.5133333333333333
79,93,4,9,1.83,0.20333333333333334
79,94,0,3,17.64,5.88
79,94,1,15,79.08,5.272
79,94,2,12,48.07,4.005833333333333
79,94,3,11,23.45,2.131818181818182
79,94,4,1,0.55,0.55
79,97,0,19,223.81,11.779473684210526
79,97,1,19,223.07,11.740526315789474
79,97,2,20,185.79,9.2895
79,97,3,19,148.58,7.82
79,97,4,5,21.45,4.29
82,1,0,5,24.82,4.964
82,1,1,17,70.32,4.1364705882352935
82,1,2,12,41.58,3.465
82,1,3,12,28.87,2.4058333333333333
82,1,4,10,5.65,0.5650000000000001
82,3,0,12,96.55,8.045833333333333
82,3,1,20,131.39,6.5695
82,3,2,10,33.6,3.3600000000000003
82,3,3,14,36.84,2.6314285714285717
82,3,4,13,29.78,2.290769230769231
82,6,0,2,10.52,5.26
82,6,1,15,58.67,3.9113333333333333
82,6,2,9,30.25,3.361111111111111
82,6,3,1,0.66,0.66
82,6,4,1,0.34,0.34
82,9,0,3,17.47,5.823333333333333
82,9,1,7,27.94,3.9914285714285715
82,9,2,3,11.97,3.99
82,9,3,7,10.81,1.5442857142857143
82,9,4,13,11.29,0.8684615384615384
82,13,0,3,20.32,6.773333333333333
82,13,1,7,29.23,4.175714285714286
82,13,2,7,27.41,3.915714285714286
82,13,3,14,33.05,2.3607142857142853
82,13,4,6,5.12,0.8533333333333334
82,14,0,5,50.52,10.104000000000001
82,14,1,18,107.37,5.965
82,14,2,8,35.43,4.42875
82,14,3,7,27.49,3.927142857142857
82,14,4,6,8.94,1.49
82,16,0,13,92.9,7.1461538461538465
82,16,1,5,28.72,5.744
82,16,2,10,41.85,4.1850000000000005
82,16,3,11,41.83,3.8027272727272727
82,16,4,9,32.74,3.637777777777778
82,17,0,17,120.51,7.088823529411765
82,17,1,10,54.93,5.493
82,17,2,16,71.3,4.45625
82,17,3,8,19.72,2.465
82,17,4,8,6.05,0.75625
82,20,0,6,25.61,4.2683333333333335
82,20,1,1,4.12,4.12
82,20,2,16,37.1,2.31875
82,20,3,7,11.41,1.6300000000000001
82,20,4,12,15.65,1.3041666666666667
82,23,0,17,30.5,1.7941176470588236
82,23,1,15,25.88,1.7253333333333332
82,23,2,20,28.23,1.4115
82,23,3,17,8.68,0.5105882352941177
82,23,4,4,1.61,0.4025
82,27,0,17,77.07,4.533529411764706
82,27,1,14,61.8,4.414285714285714
82,27,2,13,17.76,1.3661538461538463
82,27,3,3,2.29,0.7633333333333333
82,27,4,6,2.23,0.37166666666666665
82,31,0,19,129.43,6.812105263157895
82,31,1,2,11.94,5.97
82,31,2,17,91.27,5.368823529411764
82,31,3,7,28.14,4.0200000000000005
82,31,4,18,21.2,1.1777777777777778
82,32,0,5,26.31,5.262
82,32,1,6,28.75,4.791666666666667
82,32,2,17,66.59,3.917058823529412
82,32,3,18,50.45,2.802777777777778
82,32,4,12,32.17,2.6808333333333336
82,35,0,7,45.16,6.451428571428571
82,35,1,7,43.55,6.221428571428571
82,35,2,3,8.6,2.8666666666666667
82,35,3,13,22.38,1.7215384615384615
82,35,4,5,2.11,0.422
82,45,0,1,6.22,6.22
82,45,1,20,72.83,3.6414999999999997
82,45,2,1,2.94,2.94
82,45,3,1,2.09,2.09
82,45,4,3,3.33,1.11
82,47,0,6,54.41,9.068333333333333
82,47,1,2,17.0,8.5
82,47,2,11,41.98,3.816363636363636
82,47,3,10,12.13,1.213
82,47,4,10,11.16,1.116
82,48,0,5,22.65,4.529999999999999
82,48,1,7,21.51,3.072857142857143
82,48,2,3,7.92,2.64
82,48,3,6,8.08,1.3466666666666667
82,48,4,10,11.38,1.1380000000000001
82,49,0,16,121.75,7.609375
82,49,1,19,132.89,6.994210526315789
82,49,2,15,68.85,4.59
82,49,3,9,31.68,3.52
82,49,4,14,40.06,2.8614285714285717
82,52,0,1,5.32,5.32
82,52,1,15,73.18,4.878666666666667
82,52,2,18,34.9,1.9388888888888889
82,52,3,7,12.47,1.7814285714285716
82,52,4,17,22.96,1.3505882352941176
82,56,0,7,41.72,5.96
82,56,1,10,49.89,4.989
82,56,2,16,71.98,4.49875
82,56,3,14,27.71,1.9792857142857143
82,56,4,3,3.48,1.16
82,59,0,10,45.49,4.549
82,59,1,11,46.95,4.2681818181818185
82,59,2,20,73.56,3.678
82,59,3,4,4.36,1.09
82,59,4,18,12.37,0.6872222222222222
82,60,0,17,119.3,7.017647058823529
82,60,1,20,123.01,6.1505
82,60,2,15,72.06,4.804
82,60,3,13,39.48,3.0369230769230766
82,60,4,20,10.24,0.512
82,66,0,11,45.97,4.179090909090909
82,66,1,6,12.54,2.09
82,66,2,11,22.36,2.0327272727272727
82,66,3,4,6.43,1.6075
82,66,4,20,29.61,1.4805
82,67,0,11,36.23,3.2936363636363635
82,67,1,13,31.66,2.4353846153846153
82,67,2,6,12.5,2.0833333333333335
82,67,3,19,26.4,1.3894736842105262
82,67,4,13,4.82,0.3707692307692308
82,69,0,10,73.87,7.3870000000000005
82,69,1,8,45.18,5.6475
82,69,2,11,52.42,4.765454545454546
82,69,3,15,59.54,3.969333333333333
82,69,4,7,25.06,3.5799999999999996
82,73,0,19,54.35,2.860526315789474
82,73,1,7,19.22,2.7457142857142856
82,73,2,10,23.68,2.368
82,73,3,4,6.1,1.525
82,73,4,5,5.13,1.026
82,79,0,8,19.74,2.4675
82,79,1,20,45.12,2.256
82,79,2,13,19.36,1.4892307692307691
82,79,3,2,1.85,0.925
82,79,4,4,2.59,0.6475
82,83,0,15,78.55,5.236666666666666
82,83,1,2,7.52,3.76
82,83,2,12,27.66,2.305
82,83,3,9,19.79,2.198888888888889
82,83,4,14,12.77,0.9121428571428571
82,86,0,2,5.04,2.52
82,86,1,1,2.15,2.15
82,86,2,16,25.86,1.61625
82,86,3,6,1.47,0.245
82,86,4,12,1.67,0.13916666666666666
82,88,0,13,57.03,4.386923076923077
82,88,1,15,58.69,3.9126666666666665
82,88,2,10,38.68,3.868
82,88,3,5,15.45,3.09
82,88,4,8,22.42,2.8025
82,89,0,18,45.08,2.5044444444444443
82,89,1,2,4.03,2.015
82,89,2,6,6.35,1.0583333333333333
82,89,3,12,5.83,0.48583333333333334
82,89,4,2,0.35,0.175
82,93,0,3,7.71,2.57
82,93,1,11,24.96,2.269090909090909
82,93,2,9,17.62,1.9577777777777778
82,93,3,8,13.35,1.66875
82,93,4,4,0.56,0.14
82,94,0,19,68.2,3.5894736842105264
82,94,1,11,33.37,3.0336363636363632
82,94,2,4,12.02,3.005
82,94,3,20,39.05,1.9525
82,94,4,14,10.26,0.7328571428571429
82,97,0,14,120.77,8.626428571428571
82,97,1,15,112.16,7.477333333333333
82,97,2,11,51.55,4.6863636363636365
82,97,3,1,3.31,3.31
82,97,4,16,33.98,2.12375
83,1,0,12,91.1,7.591666666666666
83,1,1,4,27.6,6.9
83,1,2,10,63.43,6.343
83,1,3,7,37.31,5.33
83,1,4,9,6.82,0.7577777777777778
83,3,0,8,38.6,4.825
83,3,1,7,33.72,4.817142857142857
83,3,2,5,22.85,4.57
83,3,3,19,27.53,1.4489473684210528
83,3,4,13,8.8,0.676923076923077
83,6,0,13,4.4,0.3384615384615385
83,6,1,11,3.69,0.33545454545454545
83,6,2,14,3.62,0.25857142857142856
83,6,3,17,1.2,0.07058823529411765
83,6,4,3,0.17,0.05666666666666667
83,9,0,14,24.0,1.7142857142857142
83,9,1,3,5.14,1.7133333333333332
83,9,2,8,12.48,1.56
83,9,3,10,9.69,0.969
83,9,4,15,8.81,0.5873333333333334
83,13,0,7,61.5,8.785714285714286
83,13,1,4,23.17,5.7925
83,13,2,6,28.81,4.801666666666667
83,13,3,7,31.63,4.518571428571429
83,13,4,13,37.76,2.9046153846153846
83,14,0,2,10.72,5.36
83,14,1,11,56.23,5.111818181818181
83,14,2,12,40.25,3.3541666666666665
83,14,3,14,22.51,1.6078571428571429
83,14,4,1,0.97,0.97
83,16,0,8,31.62,3.9525
83,16,1,17,50.54,2.972941176470588
83,16,2,11,27.01,2.4554545454545456
83,16,3,19,43.92,2.311578947368421
83,16,4,19,33.34,1.7547368421052634
83,17,0,5,28.44,5.688000000000001
83,17,1,7,38.46,5.494285714285715
83,17,2,11,53.38,4.852727272727273
83,17,3,14,21.33,1.5235714285714284
83,17,4,4,5.15,1.2875
83,20,0,7,35.83,5.118571428571428
83,20,1,1,5.11,5.11
83,20,2,9,42.07,4.674444444444444
83,20,3,9,29.06,3.2288888888888887
83,20,4,7,7.73,1.1042857142857143
83,23,0,5,14.76,2.952
83,23,1,17,47.1,2.7705882352941176
83,23,2,6,16.55,2.7583333333333333
83,23,3,10,26.4,2.6399999999999997
83,23,4,4,9.4,2.35
83,27,0,16,16.06,1.00375
83,27,1,18,18.03,1.0016666666666667
83,27,2,3,2.43,0.81
83,27,3,15,11.19,0.746
83,27,4,17,2.13,0.1252941176470588
83,31,0,7,35.4,5.057142857142857
83,31,1,10,47.84,4.784000000000001
83,31,2,15,59.34,3.9560000000000004
83,31,3,4,15.09,3.7725
83,31,4,18,52.26,2.9033333333333333
83,32,0,1,4.26,4.26
83,32,1,8,18.5,2.3125
83,32,2,20,40.37,2.0185
83,32,3,8,10.78,1.3475
83,32,4,4,1.3,0.325
83,35,0,2,8.51,4.255
83,35,1,19,72.46,3.8136842105263153
83,35,2,6,11.62,1.9366666666666665
83,35,3,4,6.74,1.685
83,35,4,20,21.39,1.0695000000000001
83,45,0,12,55.08,4.59
83,45,1,8,31.95,3.99375
83,45,2,12,43.2,3.6
83,45,3,10,33.6,3.3600000000000003
83,45,4,7,5.22,0.7457142857142857
83,47,0,12,52.02,4.335
83,47,1,10,33.3,3.3299999999999996
83,47,2,13,35.69,2.7453846153846153
83,47,3,1,2.08,2.08
83,47,4,7,12.1,1.7285714285714284
83,48,0,7,20.84,2.9771428571428573
83,48,1,15,40.62,2.7079999999999997
83,48,2,12,27.44,2.2866666666666666
83,48,3,6,10.31,1.7183333333333335
83,48,4,9,5.94,0.66
83,49,0,18,65.86,3.658888888888889
83,49,1,12,41.07,3.4225
83,49,2,16,45.74,2.85875
83,49,3,13,10.11,0.7776923076923077
83,49,4,7,5.09,0.7271428571428571
83,52,0,9,21.11,2.3455555555555554
83,52,1,8,16.42,2.0525
83,52,2,20,39.78,1.989
83,52,3,15,13.9,0.9266666666666666
83,52,4,19,8.14,0.428421052631579
83,56,0,6,16.81,2.8016666666666663
83,56,1,11,20.39,1.8536363636363637
83,56,2,18,14.95,0.8305555555555555
83,56,3,11,5.93,0.5390909090909091
83,56,4,8,1.68,0.21
83,59,0,20,108.76,5.438000000000001
83,59,1,4,19.14,4.785
83,59,2,19,52.99,2.7889473684210526
83,59,3,2,5.04,2.52
83,59,4,17,41.36,2.4329411764705884
83,60,0,13,36.94,2.8415384615384616
83,60,1,14,32.52,2.322857142857143
83,60,2,17,38.38,2.2576470588235296
83,60,3,6,6.52,1.0866666666666667
83,60,4,5,3.11,0.622
83,66,0,1,1.89,1.89
83,66,1,12,19.15,1.5958333333333332
83,66,2,1,1.49,1.49
83,66,3,10,8.34,0.834
83,66,4,8,6.46,0.8075
83,67,0,2,7.73,3.865
83,67,1,5,15.77,3.154
83,67,2,18,51.5,2.861111111111111
83,67,3,18,43.36,2.408888888888889
83,67,4,4,6.06,1.515
83,69,0,20,52.74,2.637
83,69,1,4,10.19,2.5475
83,69,2,18,34.36,1.9088888888888889
83,69,3,12,11.29,0.9408333333333333
83,69,4,2,1.71,0.855
83,73,0,2,12.51,6.255
83,73,1,16,86.76,5.4225
83,73,2,19,97.82,5.148421052631579
83,73,3,10,28.14,2.814
83,73,4,20,49.86,2.493
83,79,0,9,61.06,6.7844444444444445
83,79,1,19,124.28,6.541052631578947
83,79,2,16,97.07,6.066875
83,79,3,6,26.66,4.443333333333333
83,79,4,14,49.33,3.5235714285714286
83,82,0,2,10.38,5.19
83,82,1,9,38.34,4.260000000000001
83,82,2,6,12.46,2.0766666666666667
83,82,3,10,10.57,1.057
83,82,4,15,11.86,0.7906666666666666
83,86,0,15,81.58,5.438666666666666
83,86,1,4,17.81,4.4525
83,86,2,20,78.31,3.9155
83,86,3,5,13.48,2.696
83,86,4,13,9.25,0.7115384615384616
83,88,0,15,72.12,4.808000000000001
83,88,1,4,16.3,4.075
83,88,2,19,61.84,3.254736842105263
83,88,3,7,6.59,0.9414285714285714
83,88,4,20,5.61,0.2805
83,89,0,15,70.33,4.688666666666666
83,89,1,10,34.56,3.4560000000000004
83,89,2,15,19.25,1.2833333333333334
83,89,3,8,8.85,1.10625
83,89,4,12,8.61,0.7174999999999999
83,93,0,10,34.07,3.407
83,93,1,11,34.7,3.1545454545454548
83,93,2,1,2.12,2.12
83,93,3,14,9.17,0.655
83,93,4,11,4.41,0.40090909090909094
83,94,0,18,23.09,1.2827777777777778
83,94,1,3,1.75,0.5833333333333334
83,94,2,10,2.01,0.20099999999999998
83,94,3,16,2.08,0.13
83,94,4,4,0.39,0.0975
83,97,0,5,27.72,5.544
83,97,1,7,24.4,3.4857142857142853
83,97,2,14,46.06,3.29
83,97,3,1,1.94,1.94
83,97,4,8,4.08,0.51
86,1,0,11,88.89,8.08090909090909
86,1,1,3,19.51,6.503333333333334
86,1,2,2,12.11,6.055
86,1,3,7,28.16,4.022857142857143
86,1,4,15,9.96,0.664
86,3,0,12,130.44,10.87
86,3,1,2,19.57,9.785
86,3,2,8,70.68,8.835
86,3,3,7,44.16,6.308571428571428
86,3,4,17,65.71,3.8652941176470583
86,6,0,12,90.99,7.5825
86,6,1,14,89.82,6.4157142857142855
86,6,2,5,31.38,6.276
86,6,3,7,11.56,1.6514285714285715
86,6,4,2,0.78,0.39
86,9,0,19,158.59,8.346842105263159
86,9,1,15,124.13,8.275333333333332
86,9,2,12,73.84,6.153333333333333
86,9,3,10,26.58,2.658
86,9,4,14,24.53,1.7521428571428572
86,13,0,19,190.25,10.013157894736842
86,13,1,7,45.86,6.551428571428572
86,13,2,10,63.43,6.343
86,13,3,8,38.27,4.78375
86,13,4,1,2.78,2.78
86,14,0,15,174.87,11.658
86,14,1,13,43.35,3.3346153846153848
86,14,2,14,42.01,3.0007142857142854
86,14,3,8,18.23,2.27875
86,14,4,20,45.5,2.275
86,16,0,18,212.01,11.778333333333332
86,16,1,8,85.07,10.63375
86,16,2,4,13.98,3.495
86,16,3,2,6.56,3.28
86,16,4,11,6.96,0.6327272727272727
86,17,0,10,68.84,6.884
86,17,1,1,6.6,6.6
86,17,2,17,94.54,5.561176470588236
86,17,3,13,27.8,2.1384615384615384
86,17,4,2,3.11,1.555
86,20,0,4,26.79,6.6975
86,20,1,6,39.45,6.575
86,20,2,13,66.1,5.084615384615384
86,20,3,2,9.6,4.8
86,20,4,12,48.67,4.055833333333333
86,23,0,7,33.07,4.724285714285714
86,23,1,11,49.66,4.514545454545455
86,23,2,9,13.81,1.5344444444444445
86,23,3,14,12.38,0.8842857142857143
86,23,4,10,3.02,0.302
86,27,0,12,51.94,4.328333333333333
86,27,1,1,3.63,3.63
86,27,2,7,22.75,3.25
86,27,3,16,41.87,2.616875
86,27,4,16,20.44,1.2775
86,31,0,12,104.26,8.688333333333334
86,31,1,3,20.78,6.926666666666667
86,31,2,19,121.08,6.372631578947368
86,31,3,7,43.57,6.224285714285714
86,31,4,16,69.76,4.36
86,32,0,15,96.66,6.444
86,32,1,16,54.16,3.385
86,32,2,18,47.84,2.657777777777778
86,32,3,12,5.14,0.4283333333333333
86,32,4,6,1.84,0.3066666666666667
86,35,0,12,46.31,3.859166666666667
86,35,1,5,12.87,2.574
86,35,2,1,2.38,2.38
86,35,3,17,30.94,1.82
86,35,4,16,24.75,1.546875
86,45,0,19,123.27,6.487894736842105
86,45,1,3,18.19,6.0633333333333335
86,45,2,13,54.62,4.201538461538461
86,45,3,6,4.56,0.7599999999999999
86,45,4,12,8.34,0.695
86,47,0,1,11.87,11.87
86,47,1,13,137.63,10.586923076923076
86,47,2,2,19.49,9.745
86,47,3,13,69.33,5.333076923076923
86,47,4,11,56.56,5.141818181818182
86,48,0,14,92.96,6.64
86,48,1,10,41.74,4.174
86,48,2,14,58.09,4.149285714285715
86,48,3,7,26.97,3.8528571428571428
86,48,4,3,2.35,0.7833333333333333
86,49,0,9,90.45,10.05
86,49,1,13,69.16,5.319999999999999
86,49,2,19,74.18,3.90421052631579
86,49,3,15,26.61,1.774
86,49,4,7,10.39,1.4842857142857144
86,52,0,1,6.92,6.92
86,52,1,13,87.76,6.750769230769231
86,52,2,20,119.09,5.9545
86,52,3,18,91.17,5.065
86,52,4,13,39.38,3.0292307692307694
86,56,0,3,21.66,7.22
86,56,1,18,99.51,5.528333333333333
86,56,2,10,52.41,5.241
86,56,3,15,49.24,3.2826666666666666
86,56,4,4,8.02,2.005
86,59,0,3,19.77,6.59
86,59,1,10,64.07,6.406999999999999
86,59,2,13,24.29,1.8684615384615384
86,59,3,13,23.72,1.8246153846153845
86,59,4,10,14.06,1.4060000000000001
86,60,0,3,28.56,9.52
86,60,1,3,26.67,8.89
86,60,2,8,58.89,7.36125
86,60,3,3,13.97,4.656666666666667
86,60,4,16,8.62,0.53875
86,66,0,1,7.06,7.06
86,66,1,5,30.0,6.0
86,66,2,12,64.9,5.408333333333334
86,66,3,18,62.77,3.4872222222222224
86,66,4,8,3.48,0.435
86,67,0,8,47.35,5.91875
86,67,1,13,58.83,4.525384615384615
86,67,2,2,8.49,4.245
86,67,3,18,36.06,2.0033333333333334
86,67,4,19,36.01,1.8952631578947368
86,69,0,13,130.57,10.043846153846154
86,69,1,6,43.62,7.27
86,69,2,18,112.41,6.245
86,69,3,7,30.51,4.3585714285714285
86,69,4,3,3.46,1.1533333333333333
86,73,0,12,6.68,0.5566666666666666
86,73,1,2,0.76,0.38
86,73,2,16,5.96,0.3725
86,73,3,19,4.41,0.23210526315789473
86,73,4,1,0.21,0.21
86,79,0,3,9.12,3.0399999999999996
86,79,1,18,51.27,2.8483333333333336
86,79,2,15,29.56,1.9706666666666666
86,79,3,16,9.68,0.605
86,79,4,12,2.4,0.19999999999999998
86,82,0,18,55.65,3.091666666666667
86,82,1,8,18.5,2.3125
86,82,2,17,32.19,1.8935294117647057
86,82,3,17,23.1,1.3588235294117648
86,82,4,8,5.07,0.63375
86,83,0,10,71.54,7.154000000000001
86,83,1,20,115.42,5.771
86,83,2,5,25.36,5.072
86,83,3,3,14.09,4.696666666666666
86,83,4,20,35.88,1.794
86,88,0,9,67.77,7.529999999999999
86,88,1,18,120.15,6.675000000000001
86,88,2,16,67.02,4.18875
86,88,3,7,20.38,2.9114285714285715
86,88,4,14,26.97,1.9264285714285714
86,89,0,18,19.86,1.1033333333333333
86,89,1,1,1.09,1.09
86,89,2,13,10.49,0.806923076923077
86,89,3,14,10.45,0.7464285714285713
86,89,4,1,0.52,0.52
86,93,0,5,25.27,5.054
86,93,1,1,2.56,2.56
86,93,2,18,22.2,1.2333333333333334
86,93,3,1,0.71,0.71
86,93,4,18,11.11,0.6172222222222222
86,94,0,16,99.68,6.23
86,94,1,13,59.36,4.5661538461538465
86,94,2,4,7.63,1.9075
86,94,3,18,11.08,0.6155555555555555
86,94,4,7,3.97,0.5671428571428572
86,97,0,5,50.8,10.16
86,97,1,11,100.37,9.124545454545455
86,97,2,11,96.15,8.740909090909092
86,97,3,7,25.19,3.5985714285714288
86,97,4,4,2.85,0.7125
88,1,0,17,54.14,3.184705882352941
88,1,1,10,21.98,2.198
88,1,2,17,25.65,1.5088235294117647
88,1,3,13,13.73,1.0561538461538462
88,1,4,15,3.98,0.2653333333333333
88,3,0,7,18.71,2.672857142857143
88,3,1,6,13.48,2.2466666666666666
88,3,2,16,31.06,1.94125
88,3,3,10,16.14,1.614
88,3,4,20,15.38,0.769
88,6,0,16,73.71,4.606875
88,6,1,16,72.95,4.559375
88,6,2,3,9.86,3.2866666666666666
88,6,3,17,27.82,1.6364705882352941
88,6,4,12,17.73,1.4775
88,9,0,2,5.2,2.6
88,9,1,11,21.57,1.960909090909091
88,9,2,7,10.71,1.53
88,9,3,1,1.46,1.46
88,9,4,7,5.2,0.7428571428571429
88,13,0,13,46.81,3.600769230769231
88,13,1,16,54.02,3.37625
88,13,2,14,28.59,2.0421428571428573
88,13,3,12,18.11,1.5091666666666665
88,13,4,20,9.53,0.4765
88,14,0,15,50.16,3.344
88,14,1,15,44.29,2.9526666666666666
88,14,2,3,6.83,2.276666666666667
88,14,3,8,15.79,1.97375
88,14,4,17,6.94,0.4082352941176471
88,16,0,8,26.59,3.32375
88,16,1,10,23.41,2.341
88,16,2,18,20.46,1.1366666666666667
88,16,3,13,6.95,0.5346153846153846
88,16,4,14,4.47,0.3192857142857143
88,17,0,16,26.13,1.633125
88,17,1,15,20.13,1.3419999999999999
88,17,2,19,21.85,1.1500000000000001
88,17,3,18,12.41,0.6894444444444444
88,17,4,9,1.66,0.18444444444444444
88,20,0,17,5.81,0.3417647058823529
88,20,1,9,2.88,0.32
88,20,2,1,0.2,0.2
88,20,3,11,1.25,0.11363636363636363
88,20,4,3,0.09,0.03
88,23,0,6,19.57,3.2616666666666667
88,23,1,2,5.42,2.71
88,23,2,20,17.78,0.889
88,23,3,4,3.3,0.825
88,23,4,10,7.82,0.782
88,27,0,8,21.56,2.695
88,27,1,8,10.96,1.37
88,27,2,17,15.33,0.9017647058823529
88,27,3,3,1.98,0.66
88,27,4,12,5.9,0.4916666666666667
88,31,0,2,1.54,0.77
88,31,1,18,10.88,0.6044444444444445
88,31,2,18,6.92,0.3844444444444444
88,31,3,4,1.48,0.37
88,31,4,4,0.62,0.155
88,32,0,9,18.31,2.0344444444444445
88,32,1,3,5.54,1.8466666666666667
88,32,2,14,16.86,1.2042857142857142
88,32,3,4,3.95,0.9875
88,32,4,4,1.58,0.395
88,35,0,1,0.6,0.6
88,35,1,3,1.31,0.4366666666666667
88,35,2,18,7.2,0.4
88,35,3,12,3.85,0.32083333333333336
88,35,4,10,2.2,0.22000000000000003
88,45,0,2,1.17,0.585
88,45,1,8,3.98,0.4975
88,45,2,3,1.23,0.41
88,45,3,13,2.44,0.18769230769230769
88,45,4,2,0.08,0.04
88,47,0,5,14.53,2.9059999999999997
88,47,1,15,37.68,2.512
88,47,2,6,12.91,2.151666666666667
88,47,3,11,13.65,1.240909090909091
88,47,4,10,11.16,1.116
88,48,0,12,20.14,1.6783333333333335
88,48,1,18,17.28,0.9600000000000001
88,48,2,14,10.37,0.7407142857142857
88,48,3,2,0.74,0.37
88,48,4,6,0.85,0.14166666666666666
88,49,0,19,37.33,1.9647368421052631
88,49,1,1,1.92,1.92
88,49,2,19,22.88,1.2042105263157894
88,49,3,11,10.84,0.9854545454545455
88,49,4,8,1.2,0.15
88,52,0,5,14.17,2.834
88,52,1,15,31.28,2.0853333333333333
88,52,2,17,30.91,1.8182352941176472
88,52,3,9,5.19,0.5766666666666667
88,52,4,16,6.85,0.428125
88,56,0,13,32.41,2.4930769230769227
88,56,1,19,37.64,1.9810526315789474
88,56,2,18,21.55,1.1972222222222222
88,56,3,9,7.39,0.8211111111111111
88,56,4,14,1.44,0.10285714285714286
88,59,0,3,5.71,1.9033333333333333
88,59,1,2,2.83,1.415
88,59,2,19,17.25,0.9078947368421053
88,59,3,2,0.81,0.405
88,59,4,18,5.74,0.3188888888888889
88,60,0,10,37.87,3.787
88,60,1,8,20.26,2.5325
88,60,2,2,4.83,2.415
88,60,3,4,7.19,1.7975
88,60,4,3,2.97,0.9900000000000001
88,66,0,5,11.73,2.346
88,66,1,20,40.89,2.0445
88,66,2,12,14.28,1.19
88,66,3,2,1.98,0.99
88,66,4,1,0.6,0.6
88,67,0,12,22.34,1.8616666666666666
88,67,1,5,8.91,1.782
88,67,2,5,6.24,1.248
88,67,3,11,8.62,0.7836363636363636
88,67,4,4,1.27,0.3175
88,69,0,15,52.87,3.5246666666666666
88,69,1,18,54.81,3.045
88,69,2,11,28.85,2.622727272727273
88,69,3,1,0.81,0.81
88,69,4,10,3.12,0.312
88,73,0,19,139.31,7.332105263157895
88,73,1,6,35.97,5.995
88,73,2,15,56.81,3.7873333333333337
88,73,3,11,37.12,3.3745454545454545
88,73,4,17,20.93,1.2311764705882353
88,79,0,12,94.74,7.895
88,79,1,16,96.46,6.02875
88,79,2,4,14.9,3.725
88,79,3,4,12.87,3.2175
88,79,4,4,3.02,0.755
88,82,0,10,39.34,3.934
88,82,1,4,8.96,2.24
88,82,2,7,15.57,2.224285714285714
88,82,3,17,28.17,1.657058823529412
88,82,4,10,11.82,1.182
88,83,0,18,86.08,4.782222222222222
88,83,1,2,6.15,3.075
88,83,2,1,2.75,2.75
88,83,3,7,14.78,2.111428571428571
88,83,4,9,10.91,1.2122222222222223
88,86,0,18,143.29,7.960555555555555
88,86,1,3,23.6,7.866666666666667
88,86,2,16,90.56,5.66
88,86,3,8,18.06,2.2575
88,86,4,12,16.13,1.3441666666666665
88,89,0,6,41.54,6.923333333333333
88,89,1,7,41.45,5.921428571428572
88,89,2,5,26.84,5.368
88,89,3,6,10.49,1.7483333333333333
88,89,4,7,2.88,0.4114285714285714
88,93,0,6,34.53,5.755
88,93,1,13,73.74,5.672307692307692
88,93,2,3,16.82,5.6066666666666665
88,93,3,14,48.06,3.432857142857143
88,93,4,9,5.1,0.5666666666666667
88,94,0,11,26.58,2.416363636363636
88,94,1,5,9.24,1.848
88,94,2,16,9.68,0.605
88,94,3,15,8.12,0.5413333333333333
88,94,4,4,0.91,0.2275
88,97,0,12,60.94,5.078333333333333
88,97,1,1,4.46,4.46
88,97,2,2,8.11,4.055
88,97,3,6,18.85,3.141666666666667
88,97,4,9,6.76,0.7511111111111111
89,1,0,20,206.57,10.3285
89,1,1,6,50.13,8.355
89,1,2,18,49.27,2.7372222222222224
89,1,3,5,5.96,1.192
89,1,4,9,9.96,1.1066666666666667
89,3,0,20,187.0,9.35
89,3,1,7,59.17,8.452857142857143
89,3,2,9,75.25,8.36111111111111
89,3,3,16,73.99,4.624375
89,3,4,9,26.82,2.98
89,6,0,10,70.97,7.0969999999999995
89,6,1,8,34.09,4.26125
89,6,2,12,24.07,2.0058333333333334
89,6,3,10,12.22,1.222
89,6,4,14,7.26,0.5185714285714286
89,9,0,1,6.96,6.96
89,9,1,14,74.56,5.325714285714286
89,9,2,8,40.89,5.11125
89,9,3,3,10.68,3.56
89,9,4,19,26.38,1.388421052631579
89,13,0,12,131.81,10.984166666666667
89,13,1,15,146.73,9.782
89,13,2,10,74.38,7.438
89,13,3,16,39.63,2.476875
89,13,4,4,5.63,1.4075
89,14,0,11,116.06,10.55090909090909
89,14,1,19,172.71,9.09
89,14,2,12,102.55,8.545833333333333
89,14,3,19,94.97,4.998421052631579
89,14,4,6,26.16,4.36
89,16,0,3,29.57,9.856666666666667
89,16,1,10,84.43,8.443000000000001
89,16,2,16,117.88,7.3675
89,16,3,13,54.29,4.176153846153846
89,16,4,14,20.16,1.44
89,17,0,2,18.92,9.46
89,17,1,14,120.58,8.612857142857143
89,17,2,17,144.49,8.499411764705883
89,17,3,19,161.04,8.47578947368421
89,17,4,3,7.61,2.5366666666666666
89,20,0,10,55.54,5.554
89,20,1,11,60.21,5.473636363636364
89,20,2,14,75.37,5.383571428571429
89,20,3,6,16.35,2.725
89,20,4,19,35.52,1.8694736842105264
89,23,0,2,7.26,3.63
89,23,1,7,22.41,3.2014285714285715
89,23,2,9,21.16,2.351111111111111
89,23,3,12,17.45,1.4541666666666666
89,23,4,19,27.35,1.4394736842105265
89,27,0,11,64.64,5.876363636363636
89,27,1,20,110.96,5.548
89,27,2,14,71.65,5.117857142857143
89,27,3,3,12.82,4.273333333333333
89,27,4,12,46.13,3.8441666666666667
89,31,0,10,71.82,7.1819999999999995
89,31,1,3,20.75,6.916666666666667
89,31,2,6,34.21,5.701666666666667
89,31,3,2,10.05,5.025
89,31,4,13,30.09,2.3146153846153847
89,32,0,7,34.15,4.878571428571428
89,32,1,12,29.24,2.4366666666666665
89,32,2,14,21.19,1.5135714285714286
89,32,3,16,8.28,0.5175
89,32,4,8,3.79,0.47375
89,35,0,7,51.97,7.424285714285714
89,35,1,18,127.53,7.085
89,35,2,15,89.8,5.986666666666666
89,35,3,13,76.05,5.85
89,35,4,8,17.35,2.16875
89,45,0,11,76.84,6.985454545454545
89,45,1,4,8.72,2.18
89,45,2,19,39.42,2.0747368421052634
89,45,3,11,15.42,1.4018181818181819
89,45,4,6,3.47,0.5783333333333334
89,47,0,5,54.22,10.844
89,47,1,12,125.56,10.463333333333333
89,47,2,10,91.5,9.15
89,47,3,15,99.27,6.617999999999999
89,47,4,17,88.41,5.200588235294117
89,48,0,14,89.11,6.365
89,48,1,7,44.54,6.362857142857143
89,48,2,12,71.23,5.935833333333334
89,48,3,10,44.29,4.429
89,48,4,12,43.68,3.64
89,49,0,10,91.71,9.171
89,49,1,9,57.65,6.405555555555555
89,49,2,19,59.55,3.134210526315789
89,49,3,11,23.76,2.16
89,49,4,4,7.08,1.77
89,52,0,3,20.49,6.829999999999999
89,52,1,5,29.64,5.928
89,52,2,11,28.45,2.5863636363636364
89,52,3,7,18.0,2.5714285714285716
89,52,4,3,7.66,2.5533333333333332
89,56,0,14,111.43,7.9592857142857145
89,56,1,17,135.24,7.9552941176470595
89,56,2,10,71.05,7.1049999999999995
89,56,3,3,11.25,3.75
89,56,4,13,18.31,1.4084615384615384
89,59,0,8,42.5,5.3125
89,59,1,13,57.16,4.396923076923077
89,59,2,14,51.98,3.7128571428571426
89,59,3,5,15.96,3.192
89,59,4,12,25.28,2.106666666666667
89,60,0,4,36.69,9.1725
89,60,1,7,40.37,5.767142857142857
89,60,2,12,54.64,4.553333333333334
89,60,3,7,19.29,2.755714285714286
89,60,4,20,26.03,1.3015
89,66,0,5,28.87,5.774
89,66,1,6,30.88,5.1466666666666665
89,66,2,8,40.72,5.09
89,66,3,12,23.35,1.9458333333333335
89,66,4,18,29.89,1.6605555555555556
89,67,0,19,99.47,5.235263157894737
89,67,1,16,63.81,3.988125
89,67,2,5,19.45,3.8899999999999997
89,67,3,18,66.07,3.670555555555555
89,67,4,8,17.72,2.215
89,69,0,13,124.31,9.562307692307693
89,69,1,9,76.93,8.547777777777778
89,69,2,13,37.25,2.8653846153846154
89,69,3,6,10.26,1.71
89,69,4,9,6.38,0.7088888888888889
89,73,0,4,3.99,0.9975
89,73,1,2,1.07,0.535
89,73,2,11,3.57,0.3245454545454545
89,73,3,12,2.03,0.16916666666666666
89,73,4,14,2.18,0.15571428571428572
89,79,0,20,62.05,3.1025
89,79,1,3,8.12,2.7066666666666666
89,79,2,5,10.37,2.074
89,79,3,13,18.45,1.419230769230769
89,79,4,20,17.12,0.8560000000000001
89,82,0,12,26.49,2.2075
89,82,1,4,7.77,1.9425
89,82,2,7,5.82,0.8314285714285715
89,82,3,5,3.17,0.634
89,82,4,7,1.57,0.22428571428571428
89,83,0,17,90.25,5.3088235294117645
89,83,1,20,92.79,4.6395
89,83,2,7,15.16,2.165714285714286
89,83,3,7,13.52,1.9314285714285713
89,83,4,9,5.72,0.6355555555555555
89,86,0,16,16.43,1.026875
89,86,1,1,0.8,0.8
89,86,2,11,7.45,0.6772727272727272
89,86,3,4,1.54,0.385
89,86,4,15,1.37,0.09133333333333334
89,88,0,10,64.41,6.441
89,88,1,11,57.15,5.195454545454545
89,88,2,12,55.05,4.5874999999999995
89,88,3,15,58.55,3.9033333333333333
89,88,4,11,12.51,1.1372727272727272
89,93,0,17,63.79,3.7523529411764707
89,93,1,9,30.29,3.3655555555555554
89,93,2,19,28.65,1.5078947368421052
89,93,3,8,11.66,1.4575
89,93,4,20,22.0,1.1
89,94,0,5,28.57,5.714
89,94,1,20,84.2,4.21
89,94,2,15,61.17,4.078
89,94,3,13,47.67,3.666923076923077
89,94,4,20,55.9,2.795
89,97,0,8,80.13,10.01625
89,97,1,11,108.49,9.862727272727271
89,97,2,7,42.11,6.015714285714286
89,97,3,19,75.85,3.9921052631578946
89,97,4,17,16.59,0.9758823529411764
93,1,0,4,39.99,9.9975
93,1,1,14,121.28,8.662857142857144
93,1,2,16,118.51,7.406875
93,1,3,3,13.84,4.613333333333333
93,1,4,4,16.01,4.0025
93,3,0,7,50.16,7.1657142857142855
93,3,1,2,12.29,6.145
93,3,2,12,69.1,5.758333333333333
93,3,3,12,50.74,4.2283333333333335
93,3,4,3,7.76,2.5866666666666664
93,6,0,13,48.93,3.7638461538461536
93,6,1,3,6.59,2.1966666666666668
93,6,2,8,13.17,1.64625
93,6,3,12,5.91,0.4925
93,6,4,18,3.9,0.21666666666666667
93,9,0,14,80.39,5.742142857142857
93,9,1,10,43.61,4.361
93,9,2,20,78.2,3.91
93,9,3,15,45.65,3.0433333333333334
93,9,4,18,48.31,2.683888888888889
93,13,0,4,41.0,10.25
93,13,1,2,19.47,9.735
93,13,2,12,95.95,7.995833333333334
93,13,3,20,151.71,7.585500000000001
93,13,4,15,58.49,3.8993333333333333
93,14,0,18,185.01,10.278333333333332
93,14,1,13,116.3,8.946153846153846
93,14,2,7,52.5,7.5
93,14,3,12,42.76,3.563333333333333
93,14,4,12,20.78,1.7316666666666667
93,16,0,12,104.74,8.728333333333333
93,16,1,16,90.23,5.639375
93,16,2,16,81.95,5.121875
93,16,3,8,23.52,2.94
93,16,4,17,46.66,2.744705882352941
93,17,0,20,158.09,7.9045000000000005
93,17,1,1,7.68,7.68
93,17,2,9,51.05,5.672222222222222
93,17,3,9,32.37,3.5966666666666662
93,17,4,16,49.86,3.11625
93,20,0,17,83.81,4.93
93,20,1,14,35.27,2.5192857142857146
93,20,2,2,2.46,1.23
93,20,3,7,6.06,0.8657142857142857
93,20,4,14,8.62,0.6157142857142857
93,23,0,10,27.52,2.752
93,23,1,18,49.4,2.7444444444444445
93,23,2,18,37.34,2.0744444444444445
93,23,3,12,21.24,1.7699999999999998
93,23,4,9,7.43,0.8255555555555555
93,27,0,13,39.71,3.0546153846153845
93,27,1,4,11.3,2.825
93,27,2,10,22.4,2.2399999999999998
93,27,3,18,34.38,1.9100000000000001
93,27,4,14,14.37,1.0264285714285715
93,31,0,5,40.97,8.193999999999999
93,31,1,14,98.48,7.034285714285715
93,31,2,19,98.43,5.180526315789474
93,31,3,4,17.78,4.445
93,31,4,9,12.78,1.42
93,32,0,17,75.61,4.447647058823529
93,32,1,19,59.23,3.1173684210526313
93,32,2,17,41.07,2.4158823529411766
93,32,3,19,45.26,2.3821052631578947
93,32,4,19,28.61,1.5057894736842106
93,35,0,5,28.16,5.632
93,35,1,7,36.27,5.1814285714285715
93,35,2,14,66.21,4.729285714285714
93,35,3,8,26.6,3.325
93,35,4,11,15.74,1.430909090909091
93,45,0,6,38.6,6.433333333333334
93,45,1,19,65.39,3.4415789473684213
93,45,2,19,46.79,2.4626315789473683
93,45,3,15,35.5,2.3666666666666667
93,45,4,19,27.6,1.4526315789473685
93,47,0,12,101.56,8.463333333333333
93,47,1,13,68.26,5.250769230769231
93,47,2,4,15.67,3.9175
93,47,3,9,25.17,2.796666666666667
93,47,4,15,27.22,1.8146666666666667
93,48,0,16,76.53,4.783125
93,48,1,13,51.11,3.9315384615384614
93,48,2,5,19.47,3.8939999999999997
93,48,3,17,32.53,1.913529411764706
93,48,4,12,19.45,1.6208333333333333
93,49,0,15,110.25,7.35
93,49,1,4,23.11,5.7775
93,49,2,19,82.23,4.327894736842105
93,49,3,11,13.18,1.1981818181818182
93,49,4,5,5.88,1.176
93,52,0,4,20.74,5.185
93,52,1,19,96.13,5.059473684210526
93,52,2,6,29.63,4.9383333333333335
93,52,3,11,49.4,4.490909090909091
93,52,4,13,6.22,0.47846153846153844
93,56,0,2,12.16,6.08
93,56,1,11,54.11,4.919090909090909
93,56,2,16,67.46,4.21625
93,56,3,6,24.01,4.001666666666667
93,56,4,10,19.36,1.936
93,59,0,13,80.81,6.216153846153846
93,59,1,11,67.4,6.127272727272728
93,59,2,3,16.7,5.566666666666666
93,59,3,6,18.63,3.105
93,59,4,12,26.96,2.2466666666666666
93,60,0,4,21.93,5.4825
93,60,1,6,29.45,4.908333333333333
93,60,2,12,52.48,4.373333333333333
93,60,3,12,37.52,3.126666666666667
93,60,4,17,32.76,1.9270588235294117
93,66,0,20,52.19,2.6094999999999997
93,66,1,11,28.32,2.5745454545454547
93,66,2,12,28.78,2.3983333333333334
93,66,3,13,15.48,1.1907692307692308
93,66,4,8,4.74,0.5925
93,67,0,7,26.44,3.777142857142857
93,67,1,13,36.05,2.773076923076923
93,67,2,7,16.96,2.422857142857143
93,67,3,11,11.0,1.0
93,67,4,9,4.31,0.47888888888888886
93,69,0,20,113.55,5.6775
93,69,1,8,32.48,4.06
93,69,2,17,24.27,1.4276470588235295
93,69,3,7,9.56,1.3657142857142859
93,69,4,5,6.5,1.3
93,73,0,1,2.02,2.02
93,73,1,16,31.4,1.9625
93,73,2,1,1.34,1.34
93,73,3,17,19.35,1.1382352941176472
93,73,4,14,10.81,0.7721428571428571
93,79,0,11,25.23,2.2936363636363635
93,79,1,15,32.81,2.1873333333333336
93,79,2,19,34.83,1.833157894736842
93,79,3,14,15.21,1.0864285714285715
93,79,4,9,4.54,0.5044444444444445
93,82,0,16,47.89,2.993125
93,82,1,16,43.61,2.725625
93,82,2,6,12.44,2.0733333333333333
93,82,3,14,28.58,2.0414285714285714
93,82,4,9,7.92,0.88
93,83,0,8,29.54,3.6925
93,83,1,13,42.65,3.2807692307692307
93,83,2,16,44.45,2.778125
93,83,3,16,42.08,2.63
93,83,4,5,9.99,1.998
93,86,0,19,102.09,5.373157894736842
93,86,1,1,5.1,5.1
93,86,2,18,49.68,2.76
93,86,3,9,20.4,2.2666666666666666
93,86,4,5,8.55,1.7100000000000002
93,88,0,19,103.34,5.4389473684210525
93,88,1,15,71.74,4.782666666666667
93,88,2,20,66.11,3.3055
93,88,3,6,9.68,1.6133333333333333
93,88,4,1,1.45,1.45
93,89,0,13,69.88,5.375384615384615
93,89,1,8,39.53,4.94125
93,89,2,11,40.0,3.6363636363636362
93,89,3,5,13.85,2.77
93,89,4,2,1.56,0.78
93,94,0,4,14.59,3.6475
93,94,1,5,9.71,1.9420000000000002
93,94,2,17,20.93,1.2311764705882353
93,94,3,4,3.54,0.885
93,94,4,12,7.46,0.6216666666666667
93,97,0,14,87.98,6.284285714285715
93,97,1,2,12.44,6.22
93,97,2,15,60.18,4.012
93,97,3,2,4.55,2.275
93,97,4,10,14.41,1.441
94,1,0,9,50.88,5.653333333333333
94,1,1,17,74.04,4.355294117647059
94,1,2,4,13.84,3.46
94,1,3,10,30.11,3.011
94,1,4,2,3.3,1.65
94,3,0,16,84.64,5.29
94,3,1,17,33.82,1.9894117647058824
94,3,2,11,19.46,1.7690909090909093
94,3,3,4,4.53,1.1325
94,3,4,6,5.36,0.8933333333333334
94,6,0,19,30.75,1.618421052631579
94,6,1,8,12.47,1.55875
94,6,2,11,16.6,1.5090909090909093
94,6,3,4,6.02,1.505
94,6,4,4,3.0,0.75
94,9,0,4,7.66,1.915
94,9,1,3,4.66,1.5533333333333335
94,9,2,16,18.3,1.14375
94,9,3,8,8.1,1.0125
94,9,4,12,2.53,0.21083333333333332
94,13,0,6,36.22,6.036666666666666
94,13,1,14,79.22,5.658571428571428
94,13,2,4,11.74,2.935
94,13,3,11,6.13,0.5572727272727273
94,13,4,13,3.69,0.28384615384615386
94,14,0,6,36.44,6.073333333333333
94,14,1,12,68.61,5.7175
94,14,2,7,37.46,5.351428571428571
94,14,3,16,77.95,4.871875
94,14,4,18,12.78,0.71
94,16,0,4,17.97,4.4925
94,16,1,8,32.62,4.0775
94,16,2,20,66.36,3.318
94,16,3,9,27.71,3.078888888888889
94,16,4,20,41.98,2.0989999999999998
94,17,0,15,55.67,3.7113333333333336
94,17,1,20,67.35,3.3674999999999997
94,17,2,4,9.83,2.4575
94,17,3,9,19.88,2.2088888888888887
94,17,4,11,13.97,1.27
94,20,0,7,18.4,2.6285714285714286
94,20,1,12,22.44,1.87
94,20,2,9,16.38,1.8199999999999998
94,20,3,13,13.53,1.0407692307692307
94,20,4,12,2.77,0.23083333333333333
94,23,0,18,31.16,1.731111111111111
94,23,1,19,32.19,1.6942105263157894
94,23,2,5,7.61,1.522
94,23,3,6,8.62,1.4366666666666665
94,23,4,4,3.11,0.7775
94,27,0,4,4.11,1.0275
94,27,1,12,7.64,0.6366666666666666
94,27,2,1,0.62,0.62
94,27,3,9,5.42,0.6022222222222222
94,27,4,9,5.2,0.5777777777777778
94,31,0,19,71.57,3.7668421052631573
94,31,1,16,56.04,3.5025
94,31,2,5,13.59,2.718
94,31,3,12,21.78,1.8150000000000002
94,31,4,16,25.37,1.585625
94,32,0,12,32.6,2.716666666666667
94,32,1,13,25.46,1.9584615384615385
94,32,2,15,27.63,1.8419999999999999
94,32,3,7,11.63,1.6614285714285715
94,32,4,6,6.83,1.1383333333333334
94,35,0,13,23.41,1.8007692307692307
94,35,1,3,4.54,1.5133333333333334
94,35,2,3,2.93,0.9766666666666667
94,35,3,16,9.77,0.610625
94,35,4,5,0.83,0.16599999999999998
94,45,0,3,7.9,2.6333333333333333
94,45,1,13,20.78,1.5984615384615386
94,45,2,11,16.14,1.4672727272727273
94,45,3,13,10.05,0.7730769230769231
94,45,4,13,7.66,0.5892307692307692
94,47,0,6,27.14,4.523333333333333
94,47,1,12,44.44,3.703333333333333
94,47,2,20,73.45,3.6725000000000003
94,47,3,12,40.19,3.3491666666666666
94,47,4,14,23.75,1.6964285714285714
94,48,0,2,1.48,0.74
94,48,1,16,9.72,0.6075
94,48,2,16,9.44,0.59
94,48,3,4,2.29,0.5725
94,48,4,3,0.85,0.2833333333333333
94,49,0,20,57.6,2.88
94,49,1,18,50.01,2.7783333333333333
94,49,2,12,24.1,2.0083333333333333
94,49,3,17,28.48,1.6752941176470588
94,49,4,11,6.26,0.5690909090909091
94,52,0,17,18.53,1.09
94,52,1,15,14.94,0.996
94,52,2,14,10.9,0.7785714285714286
94,52,3,5,3.3,0.6599999999999999
94,52,4,19,12.44,0.6547368421052632
94,56,0,6,9.85,1.6416666666666666
94,56,1,5,8.17,1.634
94,56,2,7,7.17,1.0242857142857142
94,56,3,3,2.69,0.8966666666666666
94,56,4,3,1.24,0.41333333333333333
94,59,0,11,30.9,2.809090909090909
94,59,1,9,14.15,1.5722222222222222
94,59,2,4,3.21,0.8025
94,59,3,13,6.31,0.48538461538461536
94,59,4,16,6.48,0.405
94,60,0,15,30.85,2.0566666666666666
94,60,1,1,1.77,1.77
94,60,2,3,1.98,0.66
94,60,3,5,2.92,0.584
94,60,4,18,6.63,0.36833333333333335
94,66,0,19,8.46,0.44526315789473686
94,66,1,10,3.47,0.34700000000000003
94,66,2,7,1.96,0.27999999999999997
94,66,3,6,1.45,0.24166666666666667
94,66,4,12,1.99,0.16583333333333333
94,67,0,6,8.61,1.4349999999999998
94,67,1,6,8.25,1.375
94,67,2,17,11.74,0.6905882352941176
94,67,3,3,1.53,0.51
94,67,4,8,2.32,0.29
94,69,0,3,9.56,3.186666666666667
94,69,1,13,39.1,3.0076923076923077
94,69,2,11,30.58,2.78
94,69,3,12,10.21,0.8508333333333334
94,69,4,17,13.24,0.7788235294117647
94,73,0,15,88.38,5.8919999999999995
94,73,1,8,40.94,5.1175
94,73,2,18,82.79,4.599444444444445
94,73,3,9,37.52,4.1688888888888895
94,73,4,13,23.59,1.8146153846153845
94,79,0,2,13.02,6.51
94,79,1,17,104.32,6.1364705882352935
94,79,2,11,66.65,6.0590909090909095
94,79,3,12,33.24,2.77
94,79,4,5,7.51,1.502
94,82,0,12,51.46,4.288333333333333
94,82,1,11,42.13,3.83
94,82,2,18,50.62,2.812222222222222
94,82,3,3,7.81,2.603333333333333
94,82,4,1,0.89,0.89
94,83,0,9,17.89,1.9877777777777779
94,83,1,18,33.13,1.8405555555555557
94,83,2,17,23.93,1.4076470588235295
94,83,3,5,5.36,1.072
94,83,4,15,2.25,0.15
94,86,0,19,144.94,7.6284210526315785
94,86,1,10,26.87,2.6870000000000003
94,86,2,15,32.23,2.1486666666666663
94,86,3,12,19.14,1.595
94,86,4,7,4.56,0.6514285714285714
94,88,0,1,3.09,3.09
94,88,1,20,50.45,2.5225
94,88,2,14,31.86,2.275714285714286
94,88,3,17,35.82,2.1070588235294117
94,88,4,13,20.67,1.59
94,89,0,16,105.43,6.589375
94,89,1,19,106.45,5.602631578947369
94,89,2,16,70.74,4.42125
94,89,3,14,19.97,1.4264285714285714
94,89,4,20,25.23,1.2615
94,93,0,5,16.14,3.228
94,93,1,11,21.9,1.9909090909090907
94,93,2,20,30.92,1.546
94,93,3,6,7.74,1.29
94,93,4,10,11.65,1.165
94,97,0,10,48.53,4.853
94,97,1,14,66.62,4.758571428571429
94,97,2,10,47.0,4.7
94,97,3,6,24.75,4.125
94,97,4,14,8.32,0.5942857142857143
97,1,0,2,9.56,4.78
97,1,1,7,32.77,4.6814285714285715
97,1,2,18,81.59,4.532777777777778
97,1,3,15,66.09,4.406000000000001
97,1,4,12,48.52,4.043333333333334
97,3,0,7,31.45,4.492857142857143
97,3,1,2,6.5,3.25
97,3,2,20,60.53,3.0265
97,3,3,7,9.16,1.3085714285714285
97,3,4,12,10.38,0.8650000000000001
97,6,0,14,59.1,4.2214285714285715
97,6,1,15,58.69,3.9126666666666665
97,6,2,13,47.43,3.6484615384615386
97,6,3,5,14.8,2.96
97,6,4,6,12.57,2.095
97,9,0,15,46.28,3.0853333333333333
97,9,1,9,17.97,1.9966666666666666
97,9,2,20,31.85,1.5925
97,9,3,8,8.64,1.08
97,9,4,9,4.78,0.5311111111111111
97,13,0,15,59.68,3.978666666666667
97,13,1,1,2.82,2.82
97,13,2,2,4.94,2.47
97,13,3,6,11.84,1.9733333333333334
97,13,4,3,1.68,0.5599999999999999
97,14,0,5,26.74,5.348
97,14,1,16,73.52,4.595
97,14,2,15,48.17,3.2113333333333336
97,14,3,11,14.85,1.3499999999999999
97,14,4,8,10.52,1.315
97,16,0,11,21.43,1.9481818181818182
97,16,1,12,17.2,1.4333333333333333
97,16,2,4,2.79,0.6975
97,16,3,11,7.61,0.6918181818181819
97,16,4,11,4.87,0.44272727272727275
97,17,0,18,68.16,3.7866666666666666
97,17,1,4,13.78,3.445
97,17,2,17,27.21,1.6005882352941176
97,17,3,7,9.07,1.2957142857142858
97,17,4,1,0.9,0.9
97,20,0,2,9.95,4.975
97,20,1,7,29.43,4.204285714285715
97,20,2,8,15.8,1.975
97,20,3,5,7.16,1.432
97,20,4,4,2.43,0.6075
97,23,0,1,7.82,7.82
97,23,1,10,67.42,6.742
97,23,2,15,80.61,5.374
97,23,3,4,20.24,5.06
97,23,4,13,28.02,2.1553846153846155
97,27,0,20,82.94,4.147
97,27,1,20,65.03,3.2515
97,27,2,14,36.74,2.6242857142857146
97,27,3,4,3.63,0.9075
97,27,4,13,8.05,0.6192307692307693
97,31,0,19,83.91,4.416315789473684
97,31,1,3,8.58,2.86
97,31,2,2,5.59,2.795
97,31,3,19,49.17,2.5878947368421055
97,31,4,2,2.29,1.145
97,32,0,4,26.27,6.5675
97,32,1,19,116.5,6.131578947368421
97,32,2,18,80.74,4.485555555555555
97,32,3,2,3.05,1.525
97,32,4,14,12.59,0.8992857142857142
97,35,0,18,78.21,4.345
97,35,1,10,37.83,3.783
97,35,2,16,43.72,2.7325
97,35,3,1,2.1,2.1
97,35,4,10,4.05,0.40499999999999997
97,45,0,16,75.17,4.698125
97,45,1,7,21.47,3.067142857142857
97,45,2,2,6.12,3.06
97,45,3,3,4.62,1.54
97,45,4,2,2.57,1.285
97,47,0,6,8.02,1.3366666666666667
97,47,1,16,16.9,1.05625
97,47,2,7,5.13,0.7328571428571429
97,47,3,6,4.39,0.7316666666666666
97,47,4,20,2.9,0.145
97,48,0,12,66.49,5.540833333333333
97,48,1,2,10.4,5.2
97,48,2,11,34.06,3.0963636363636367
97,48,3,18,52.44,2.913333333333333
97,48,4,3,6.87,2.29
97,49,0,19,59.53,3.133157894736842
97,49,1,10,28.93,2.893
97,49,2,4,7.93,1.9825
97,49,3,11,4.87,0.44272727272727275
97,49,4,17,3.55,0.20882352941176469
97,52,0,14,58.26,4.161428571428571
97,52,1,15,50.36,3.3573333333333335
97,52,2,20,46.39,2.3195
97,52,3,11,13.04,1.1854545454545453
97,52,4,15,9.77,0.6513333333333333
97,56,0,9,24.97,2.7744444444444443
97,56,1,14,33.82,2.415714285714286
97,56,2,20,34.51,1.7254999999999998
97,56,3,4,6.06,1.515
97,56,4,16,22.0,1.375
97,59,0,8,27.0,3.375
97,59,1,20,55.96,2.798
97,59,2,16,36.29,2.268125
97,59,3,19,20.7,1.0894736842105264
97,59,4,11,11.36,1.0327272727272727
97,60,0,1,1.96,1.96
97,60,1,16,28.47,1.779375
97,60,2,8,13.27,1.65875
97,60,3,13,20.72,1.5938461538461537
97,60,4,1,1.06,1.06
97,66,0,6,35.33,5.888333333333333
97,66,1,7,18.96,2.7085714285714286
97,66,2,1,2.63,2.63
97,66,3,18,34.9,1.9388888888888889
97,66,4,4,2.41,0.6025
97,67,0,3,14.78,4.926666666666667
97,67,1,13,46.81,3.600769230769231
97,67,2,2,6.46,3.23
97,67,3,11,33.87,3.0790909090909087
97,67,4,7,8.2,1.1714285714285713
97,69,0,18,40.79,2.266111111111111
97,69,1,5,5.72,1.144
97,69,2,14,15.27,1.0907142857142857
97,69,3,14,6.58,0.47000000000000003
97,69,4,8,2.32,0.29
97,73,0,13,145.17,11.166923076923077
97,73,1,3,29.69,9.896666666666667
97,73,2,13,44.61,3.4315384615384614
97,73,3,17,22.84,1.3435294117647059
97,73,4,13,9.99,0.7684615384615385
97,79,0,14,159.16,11.368571428571428
97,79,1,17,140.05,8.238235294117647
97,79,2,6,46.34,7.723333333333334
97,79,3,11,54.51,4.955454545454545
97,79,4,12,31.99,2.665833333333333
97,82,0,2,17.52,8.76
97,82,1,8,62.19,7.77375
97,82,2,15,73.46,4.897333333333333
97,82,3,4,15.87,3.9675
97,82,4,7,17.08,2.44
97,83,0,12,66.6,5.55
97,83,1,4,10.52,2.63
97,83,2,20,48.54,2.427
97,83,3,16,17.61,1.100625
97,83,4,1,0.89,0.89
97,86,0,19,210.81,11.095263157894736
97,86,1,14,154.72,11.051428571428572
97,86,2,8,63.38,7.9225
97,86,3,17,103.01,6.0594117647058825
97,86,4,5,6.66,1.332
97,88,0,12,44.92,3.7433333333333336
97,88,1,3,10.36,3.453333333333333
97,88,2,15,42.65,2.8433333333333333
97,88,3,13,17.09,1.3146153846153845
97,88,4,7,4.43,0.6328571428571428
97,89,0,8,97.89,12.23625
97,89,1,1,10.96,10.96
97,89,2,17,151.78,8.928235294117647
97,89,3,15,113.29,7.552666666666667
97,89,4,2,6.06,3.03
97,93,0,5,38.53,7.706
97,93,1,14,94.95,6.7821428571428575
97,93,2,17,99.49,5.85235294117647
97,93,3,15,64.77,4.318
97,93,4,17,6.58,0.3870588235294118
97,94,0,16,76.56,4.785
97,94,1,18,75.94,4.2188888888888885
97,94,2,2,3.82,1.91
97,94,3,18,17.83,0.9905555555555554
97,94,4,2,1.97,0.985
