fromnode,tonode,clientID,a,budget,clientRatio
4,5,0,11,7.47,0.6790909090909091
4,5,1,2,1.31,0.655
4,5,2,3,1.78,0.5933333333333334
4,5,3,13,6.18,0.47538461538461535
4,5,4,4,1.12,0.28
4,6,0,14,25.09,1.792142857142857
4,6,1,19,12.25,0.6447368421052632
4,6,2,8,4.13,0.51625
4,6,3,14,5.5,0.39285714285714285
4,6,4,7,2.16,0.3085714285714286
4,7,0,2,19.24,9.62
4,7,1,19,177.66,9.350526315789473
4,7,2,8,50.83,6.35375
4,7,3,19,112.63,5.927894736842105
4,7,4,2,11.31,5.655
4,8,0,19,35.75,1.881578947368421
4,8,1,5,8.05,1.61
4,8,2,19,18.39,0.9678947368421053
4,8,3,5,4.58,0.916
4,8,4,6,2.4,0.39999999999999997
4,9,0,3,3.92,1.3066666666666666
4,9,1,11,12.03,1.0936363636363635
4,9,2,18,18.2,1.011111111111111
4,9,3,20,10.67,0.5335
4,9,4,12,3.6,0.3
4,11,0,8,24.05,3.00625
4,11,1,11,30.5,2.772727272727273
4,11,2,10,20.38,2.038
4,11,3,15,21.75,1.45
4,11,4,8,3.55,0.44375
4,12,0,10,4.18,0.418
4,12,1,16,4.77,0.298125
4,12,2,14,1.86,0.13285714285714287
4,12,3,11,1.37,0.12454545454545456
4,12,4,3,0.31,0.10333333333333333
4,15,0,19,54.45,2.865789473684211
4,15,1,19,53.94,2.8389473684210524
4,15,2,3,8.27,2.7566666666666664
4,15,3,12,26.08,2.1733333333333333
4,15,4,11,14.35,1.3045454545454545
4,17,0,3,4.61,1.5366666666666668
4,17,1,10,12.0,1.2
4,17,2,9,8.09,0.8988888888888888
4,17,3,15,8.53,0.5686666666666667
4,17,4,3,0.53,0.17666666666666667
4,18,0,13,13.15,1.0115384615384615
4,18,1,15,6.49,0.4326666666666667
4,18,2,2,0.57,0.285
4,18,3,20,3.46,0.173
4,18,4,12,0.84,0.06999999999999999
4,19,0,9,4.24,0.47111111111111115
4,19,1,15,3.38,0.22533333333333333
4,19,2,8,1.79,0.22375
4,19,3,10,0.87,0.087
4,19,4,16,1.0,0.0625
4,27,0,13,44.09,3.391538461538462
4,27,1,14,43.03,3.073571428571429
4,27,2,9,22.85,2.538888888888889
4,27,3,12,29.5,2.4583333333333335
4,27,4,5,2.12,0.42400000000000004
4,28,0,14,16.73,1.195
4,28,1,5,2.84,0.568
4,28,2,19,8.83,0.46473684210526317
4,28,3,8,0.89,0.11125
4,28,4,10,0.95,0.095
4,30,0,17,60.14,3.5376470588235294
4,30,1,5,13.06,2.612
4,30,2,20,43.37,2.1685
4,30,3,2,3.55,1.775
4,30,4,18,27.86,1.5477777777777777
4,35,0,16,18.17,1.135625
4,35,1,7,5.67,0.8099999999999999
4,35,2,13,9.52,0.7323076923076923
4,35,3,4,2.57,0.6425
4,35,4,2,0.78,0.39
4,36,0,4,12.25,3.0625
4,36,1,7,14.19,2.027142857142857
4,36,2,19,11.33,0.5963157894736842
4,36,3,2,0.89,0.445
4,36,4,20,4.15,0.20750000000000002
4,37,0,16,40.37,2.523125
4,37,1,5,8.24,1.6480000000000001
4,37,2,12,18.84,1.57
4,37,3,15,19.09,1.2726666666666666
4,37,4,16,6.42,0.40125
4,39,0,7,21.35,3.0500000000000003
4,39,1,4,9.72,2.43
4,39,2,6,10.29,1.7149999999999999
4,39,3,9,14.38,1.597777777777778
4,39,4,10,3.92,0.392
4,40,0,18,25.27,1.403888888888889
4,40,1,3,3.25,1.0833333333333333
4,40,2,9,7.4,0.8222222222222223
4,40,3,17,10.07,0.5923529411764706
4,40,4,17,8.48,0.4988235294117647
4,41,0,7,4.39,0.6271428571428571
4,41,1,8,3.87,0.48375
4,41,2,8,3.4,0.425
4,41,3,6,1.76,0.29333333333333333
4,41,4,17,4.67,0.2747058823529412
4,43,0,1,4.25,4.25
4,43,1,13,41.89,3.2223076923076923
4,43,2,9,19.07,2.118888888888889
4,43,3,16,26.21,1.638125
4,43,4,8,7.97,0.99625
4,46,0,12,19.58,1.6316666666666666
4,46,1,7,8.41,1.2014285714285715
4,46,2,12,9.6,0.7999999999999999
4,46,3,4,1.76,0.44
4,46,4,12,2.4,0.19999999999999998
4,50,0,16,127.72,7.9825
4,50,1,20,148.11,7.405500000000001
4,50,2,12,84.76,7.0633333333333335
4,50,3,16,89.42,5.58875
4,50,4,7,22.3,3.185714285714286
4,52,0,4,8.28,2.07
4,52,1,3,5.72,1.9066666666666665
4,52,2,7,7.91,1.1300000000000001
4,52,3,6,6.2,1.0333333333333334
4,52,4,11,3.07,0.27909090909090906
4,53,0,6,57.64,9.606666666666667
4,53,1,15,118.11,7.874
4,53,2,3,21.35,7.116666666666667
4,53,3,13,60.92,4.686153846153847
4,53,4,1,1.79,1.79
4,54,0,20,31.49,1.5745
4,54,1,1,1.3,1.3
4,54,2,5,5.03,1.006
4,54,3,12,3.65,0.30416666666666664
4,54,4,18,4.79,0.26611111111111113
4,55,0,7,20.62,2.9457142857142857
4,55,1,4,7.71,1.9275
4,55,2,5,8.07,1.614
4,55,3,7,7.95,1.1357142857142857
4,55,4,7,1.65,0.2357142857142857
4,64,0,2,6.9,3.45
4,64,1,12,40.85,3.404166666666667
4,64,2,14,44.44,3.174285714285714
4,64,3,8,23.35,2.91875
4,64,4,11,12.0,1.0909090909090908
4,67,0,1,3.6,3.6
4,67,1,19,64.15,3.3763157894736846
4,67,2,5,11.14,2.228
4,67,3,17,30.97,1.821764705882353
4,67,4,17,11.55,0.6794117647058824
4,68,0,11,15.29,1.39
4,68,1,16,20.3,1.26875
4,68,2,6,7.49,1.2483333333333333
4,68,3,4,4.59,1.1475
4,68,4,5,2.05,0.41
4,70,0,4,11.93,2.9825
4,70,1,17,32.74,1.9258823529411766
4,70,2,4,7.09,1.7725
4,70,3,2,1.87,0.935
4,70,4,9,2.43,0.27
4,71,0,20,154.64,7.731999999999999
4,71,1,20,84.38,4.218999999999999
4,71,2,9,33.87,3.763333333333333
4,71,3,3,11.08,3.6933333333333334
4,71,4,18,9.53,0.5294444444444444
4,72,0,17,42.2,2.4823529411764707
4,72,1,9,21.92,2.4355555555555557
4,72,2,17,39.41,2.3182352941176467
4,72,3,7,15.58,2.2257142857142855
4,72,4,18,38.59,2.143888888888889
4,74,0,10,35.78,3.5780000000000003
4,74,1,3,9.27,3.09
4,74,2,13,27.26,2.096923076923077
4,74,3,5,9.93,1.986
4,74,4,14,6.97,0.49785714285714283
4,75,0,5,8.62,1.7239999999999998
4,75,1,5,8.38,1.6760000000000002
4,75,2,8,10.78,1.3475
4,75,3,4,3.01,0.7525
4,75,4,12,3.79,0.31583333333333335
4,77,0,14,52.13,3.7235714285714288
4,77,1,7,10.02,1.4314285714285713
4,77,2,13,17.8,1.3692307692307693
4,77,3,16,11.76,0.735
4,77,4,8,5.84,0.73
4,80,0,3,5.32,1.7733333333333334
4,80,1,17,26.29,1.546470588235294
4,80,2,15,16.8,1.12
4,80,3,1,0.99,0.99
4,80,4,1,0.88,0.88
4,83,0,4,17.25,4.3125
4,83,1,8,34.05,4.25625
4,83,2,17,71.57,4.21
4,83,3,4,2.11,0.5275
4,83,4,9,3.07,0.3411111111111111
4,85,0,18,177.74,9.874444444444444
4,85,1,5,44.26,8.852
4,85,2,19,104.71,5.511052631578947
4,85,3,9,41.4,4.6
4,85,4,6,19.25,3.2083333333333335
4,89,0,2,15.9,7.95
4,89,1,1,6.39,6.39
4,89,2,6,26.48,4.413333333333333
4,89,3,3,8.81,2.936666666666667
4,89,4,11,13.63,1.2390909090909092
4,90,0,11,43.38,3.943636363636364
4,90,1,14,51.6,3.685714285714286
4,90,2,4,7.54,1.885
4,90,3,9,4.3,0.47777777777777775
4,90,4,8,3.3,0.4125
4,95,0,8,30.78,3.8475
4,95,1,9,23.44,2.604444444444445
4,95,2,2,4.46,2.23
4,95,3,6,7.15,1.1916666666666667
4,95,4,6,5.73,0.9550000000000001
4,96,0,1,2.69,2.69
4,96,1,17,35.3,2.076470588235294
4,96,2,10,17.38,1.738
4,96,3,10,12.63,1.2630000000000001
4,96,4,6,4.86,0.81
4,97,0,8,20.43,2.55375
4,97,1,4,7.32,1.83
4,97,2,17,26.36,1.5505882352941176
4,97,3,7,10.18,1.4542857142857142
4,97,4,2,0.3,0.15
5,4,0,13,9.03,0.6946153846153845
5,4,1,18,10.83,0.6016666666666667
5,4,2,10,5.01,0.501
5,4,3,14,6.71,0.47928571428571426
5,4,4,8,2.11,0.26375
5,6,0,12,55.89,4.6575
5,6,1,9,19.35,2.1500000000000004
5,6,2,5,10.16,2.032
5,6,3,2,1.15,0.575
5,6,4,5,1.27,0.254
5,7,0,13,120.16,9.243076923076924
5,7,1,10,64.9,6.49
5,7,2,6,12.11,2.018333333333333
5,7,3,10,8.81,0.881
5,7,4,15,6.88,0.45866666666666667
5,8,0,2,4.82,2.41
5,8,1,12,28.78,2.3983333333333334
5,8,2,18,15.71,0.8727777777777779
5,8,3,10,6.2,0.62
5,8,4,6,0.61,0.10166666666666667
5,9,0,9,13.48,1.4977777777777779
5,9,1,7,5.58,0.7971428571428572
5,9,2,3,1.53,0.51
5,9,3,1,0.36,0.36
5,9,4,13,4.49,0.3453846153846154
5,11,0,17,50.53,2.972352941176471
5,11,1,5,11.61,2.322
5,11,2,1,1.13,1.13
5,11,3,8,3.35,0.41875
5,11,4,19,5.26,0.2768421052631579
5,12,0,2,2.3,1.15
5,12,1,11,11.15,1.0136363636363637
5,12,2,20,18.21,0.9105000000000001
5,12,3,20,11.47,0.5735
5,12,4,16,4.07,0.254375
5,15,0,19,54.6,2.873684210526316
5,15,1,1,2.85,2.85
5,15,2,17,44.28,2.6047058823529414
5,15,3,17,37.29,2.1935294117647057
5,15,4,17,10.09,0.5935294117647059
5,17,0,12,19.95,1.6624999999999999
5,17,1,13,18.95,1.4576923076923076
5,17,2,19,26.49,1.3942105263157893
5,17,3,2,0.58,0.29
5,17,4,8,1.68,0.21
5,18,0,3,1.6,0.5333333333333333
5,18,1,1,0.45,0.45
5,18,2,8,2.87,0.35875
5,18,3,1,0.34,0.34
5,18,4,18,1.13,0.06277777777777777
5,19,0,17,16.71,0.9829411764705883
5,19,1,3,2.79,0.93
5,19,2,3,2.47,0.8233333333333334
5,19,3,3,2.2,0.7333333333333334
5,19,4,16,4.92,0.3075
5,27,0,10,32.95,3.2950000000000004
5,27,1,8,25.14,3.1425
5,27,2,15,32.74,2.182666666666667
5,27,3,7,7.77,1.1099999999999999
5,27,4,13,6.27,0.48230769230769227
5,28,0,20,30.24,1.512
5,28,1,10,14.86,1.486
5,28,2,5,4.19,0.8380000000000001
5,28,3,7,1.87,0.2671428571428572
5,28,4,5,0.61,0.122
5,30,0,4,12.03,3.0075
5,30,1,2,4.32,2.16
5,30,2,15,31.24,2.0826666666666664
5,30,3,16,21.81,1.363125
5,30,4,17,22.8,1.3411764705882354
5,35,0,4,8.92,2.23
5,35,1,3,6.32,2.106666666666667
5,35,2,3,5.57,1.8566666666666667
5,35,3,1,0.71,0.71
5,35,4,18,9.35,0.5194444444444444
5,36,0,15,49.88,3.3253333333333335
5,36,1,17,16.57,0.9747058823529412
5,36,2,13,10.5,0.8076923076923077
5,36,3,3,1.77,0.59
5,36,4,7,2.61,0.37285714285714283
5,37,0,4,7.92,1.98
5,37,1,8,11.48,1.435
5,37,2,16,18.54,1.15875
5,37,3,17,14.52,0.8541176470588235
5,37,4,12,5.56,0.4633333333333333
5,39,0,16,37.99,2.374375
5,39,1,5,7.52,1.504
5,39,2,13,15.27,1.1746153846153846
5,39,3,13,14.67,1.1284615384615384
5,39,4,6,0.89,0.14833333333333334
5,40,0,4,4.15,1.0375
5,40,1,11,10.23,0.93
5,40,2,7,5.58,0.7971428571428572
5,40,3,10,3.11,0.311
5,40,4,11,0.5,0.045454545454545456
5,41,0,2,0.9,0.45
5,41,1,14,5.73,0.4092857142857143
5,41,2,3,0.67,0.22333333333333336
5,41,3,2,0.33,0.165
5,41,4,19,1.15,0.06052631578947368
5,43,0,12,37.1,3.091666666666667
5,43,1,10,25.3,2.5300000000000002
5,43,2,9,16.08,1.7866666666666664
5,43,3,5,5.44,1.088
5,43,4,11,9.52,0.8654545454545454
5,46,0,13,28.43,2.186923076923077
5,46,1,14,29.68,2.12
5,46,2,18,24.35,1.3527777777777779
5,46,3,14,15.79,1.127857142857143
5,46,4,3,0.63,0.21
5,50,0,5,31.11,6.2219999999999995
5,50,1,10,47.81,4.781000000000001
5,50,2,16,66.23,4.139375
5,50,3,10,30.78,3.0780000000000003
5,50,4,18,27.58,1.5322222222222222
5,52,0,18,36.59,2.032777777777778
5,52,1,9,11.53,1.281111111111111
5,52,2,8,7.84,0.98
5,52,3,4,2.39,0.5975
5,52,4,6,2.01,0.33499999999999996
5,53,0,15,141.76,9.450666666666667
5,53,1,17,160.61,9.44764705882353
5,53,2,16,94.44,5.9025
5,53,3,15,70.15,4.676666666666667
5,53,4,18,42.01,2.3338888888888887
5,54,0,1,1.5,1.5
5,54,1,8,6.2,0.775
5,54,2,19,8.76,0.4610526315789474
5,54,3,3,1.23,0.41
5,54,4,18,4.52,0.25111111111111106
5,55,0,19,72.08,3.7936842105263158
5,55,1,2,4.06,2.03
5,55,2,14,22.34,1.5957142857142856
5,55,3,9,12.85,1.4277777777777778
5,55,4,17,16.08,0.9458823529411764
5,64,0,5,11.77,2.354
5,64,1,17,36.87,2.1688235294117644
5,64,2,15,22.94,1.5293333333333334
5,64,3,8,11.02,1.3775
5,64,4,7,3.04,0.4342857142857143
5,67,0,16,72.91,4.556875
5,67,1,10,40.17,4.017
5,67,2,14,47.45,3.3892857142857147
5,67,3,1,0.76,0.76
5,67,4,16,3.02,0.18875
5,68,0,13,20.5,1.5769230769230769
5,68,1,17,24.74,1.4552941176470586
5,68,2,5,4.58,0.916
5,68,3,15,7.06,0.4706666666666666
5,68,4,4,1.72,0.43
5,70,0,4,11.12,2.78
5,70,1,2,3.89,1.945
5,70,2,5,3.88,0.776
5,70,3,15,5.37,0.358
5,70,4,2,0.24,0.12
5,71,0,10,83.43,8.343
5,71,1,14,86.11,6.150714285714286
5,71,2,9,42.62,4.735555555555555
5,71,3,10,47.04,4.704
5,71,4,4,4.69,1.1725
5,72,0,18,14.86,0.8255555555555555
5,72,1,15,11.55,0.77
5,72,2,9,5.74,0.6377777777777778
5,72,3,19,10.66,0.5610526315789474
5,72,4,20,2.06,0.10300000000000001
5,74,0,1,3.93,3.93
5,74,1,11,29.57,2.688181818181818
5,74,2,8,18.45,2.30625
5,74,3,8,16.2,2.025
5,74,4,10,3.8,0.38
5,75,0,2,1.78,0.89
5,75,1,8,6.83,0.85375
5,75,2,7,4.55,0.65
5,75,3,12,3.88,0.3233333333333333
5,75,4,14,2.07,0.14785714285714285
5,77,0,16,55.31,3.456875
5,77,1,10,26.68,2.668
5,77,2,14,19.33,1.3807142857142856
5,77,3,13,10.65,0.8192307692307692
5,77,4,17,6.34,0.3729411764705882
5,80,0,10,23.18,2.318
5,80,1,20,30.85,1.5425
5,80,2,8,7.04,0.88
5,80,3,7,5.47,0.7814285714285714
5,80,4,10,4.32,0.43200000000000005
5,83,0,2,9.59,4.795
5,83,1,5,23.33,4.6659999999999995
5,83,2,6,27.26,4.543333333333334
5,83,3,16,35.54,2.22125
5,83,4,2,2.47,1.235
5,85,0,3,31.97,10.656666666666666
5,85,1,11,93.27,8.479090909090909
5,85,2,2,16.46,8.23
5,85,3,6,28.58,4.763333333333333
5,85,4,20,40.2,2.0100000000000002
5,89,0,13,114.92,8.84
5,89,1,17,134.45,7.908823529411764
5,89,2,11,53.45,4.859090909090909
5,89,3,2,7.1,3.55
5,89,4,11,25.65,2.3318181818181816
5,90,0,14,49.79,3.5564285714285715
5,90,1,4,8.6,2.15
5,90,2,7,10.53,1.5042857142857142
5,90,3,9,3.93,0.4366666666666667
5,90,4,4,0.64,0.16
5,95,0,18,63.36,3.52
5,95,1,10,31.63,3.163
5,95,2,7,9.36,1.337142857142857
5,95,3,16,13.91,0.869375
5,95,4,14,6.64,0.47428571428571425
5,96,0,2,2.25,1.125
5,96,1,2,1.33,0.665
5,96,2,14,9.03,0.6449999999999999
5,96,3,13,2.38,0.18307692307692308
5,96,4,16,2.56,0.16
5,97,0,11,25.01,2.273636363636364
5,97,1,11,24.17,2.1972727272727273
5,97,2,3,6.42,2.14
5,97,3,11,10.13,0.920909090909091
5,97,4,20,3.88,0.194
6,4,0,15,58.21,3.880666666666667
6,4,1,20,74.69,3.7344999999999997
6,4,2,8,4.64,0.58
6,4,3,3,0.77,0.25666666666666665
6,4,4,10,1.77,0.177
6,5,0,5,22.06,4.412
6,5,1,10,39.33,3.933
6,5,2,14,54.56,3.8971428571428572
6,5,3,13,49.19,3.7838461538461536
6,5,4,6,1.38,0.22999999999999998
6,7,0,11,61.4,5.581818181818182
6,7,1,5,20.06,4.012
6,7,2,7,18.75,2.6785714285714284
6,7,3,15,37.42,2.494666666666667
6,7,4,20,14.92,0.746
6,8,0,14,83.31,5.950714285714286
6,8,1,3,13.34,4.446666666666666
6,8,2,16,61.16,3.8225
6,8,3,6,11.15,1.8583333333333334
6,8,4,11,14.32,1.3018181818181818
6,9,0,14,14.19,1.0135714285714286
6,9,1,5,4.3,0.86
6,9,2,3,1.73,0.5766666666666667
6,9,3,3,1.41,0.47
6,9,4,15,6.05,0.4033333333333333
6,11,0,20,130.58,6.529000000000001
6,11,1,4,22.99,5.7475
6,11,2,8,44.21,5.52625
6,11,3,10,23.48,2.348
6,11,4,19,41.13,2.1647368421052633
6,12,0,9,22.94,2.548888888888889
6,12,1,7,11.01,1.5728571428571427
6,12,2,5,5.28,1.056
6,12,3,6,5.63,0.9383333333333334
6,12,4,19,14.28,0.751578947368421
6,15,0,4,18.17,4.5425
6,15,1,8,36.16,4.52
6,15,2,8,28.71,3.58875
6,15,3,3,8.59,2.8633333333333333
6,15,4,2,1.88,0.94
6,17,0,16,76.26,4.76625
6,17,1,8,36.38,4.5475
6,17,2,10,14.15,1.415
6,17,3,2,2.38,1.19
6,17,4,12,5.07,0.42250000000000004
6,18,0,9,36.41,4.045555555555556
6,18,1,6,14.59,2.4316666666666666
6,18,2,3,6.15,2.0500000000000003
6,18,3,19,22.2,1.1684210526315788
6,18,4,1,0.73,0.73
6,19,0,20,57.56,2.878
6,19,1,12,17.54,1.4616666666666667
6,19,2,12,11.92,0.9933333333333333
6,19,3,2,1.88,0.94
6,19,4,9,2.75,0.3055555555555556
6,27,0,7,5.38,0.7685714285714286
6,27,1,2,1.5,0.75
6,27,2,11,4.45,0.40454545454545454
6,27,3,12,2.44,0.20333333333333334
6,27,4,10,1.07,0.10700000000000001
6,28,0,13,44.43,3.417692307692308
6,28,1,3,10.09,3.3633333333333333
6,28,2,5,16.49,3.2979999999999996
6,28,3,18,45.78,2.5433333333333334
6,28,4,14,9.7,0.6928571428571428
6,30,0,14,55.85,3.9892857142857143
6,30,1,19,68.11,3.584736842105263
6,30,2,13,37.12,2.855384615384615
6,30,3,10,17.8,1.78
6,30,4,2,2.74,1.37
6,35,0,7,26.08,3.7257142857142855
6,35,1,14,50.01,3.572142857142857
6,35,2,13,37.9,2.9153846153846152
6,35,3,12,31.18,2.598333333333333
6,35,4,14,24.29,1.7349999999999999
6,36,0,2,6.63,3.315
6,36,1,12,33.72,2.81
6,36,2,3,7.51,2.5033333333333334
6,36,3,6,5.76,0.96
6,36,4,14,12.15,0.8678571428571429
6,37,0,20,94.6,4.7299999999999995
6,37,1,12,19.04,1.5866666666666667
6,37,2,17,17.71,1.041764705882353
6,37,3,17,17.71,1.041764705882353
6,37,4,13,8.29,0.6376923076923077
6,39,0,2,10.72,5.36
6,39,1,16,67.06,4.19125
6,39,2,16,30.04,1.8775
6,39,3,7,12.66,1.8085714285714285
6,39,4,3,2.38,0.7933333333333333
6,40,0,20,102.39,5.1195
6,40,1,20,77.22,3.8609999999999998
6,40,2,6,21.64,3.606666666666667
6,40,3,8,28.04,3.505
6,40,4,13,8.8,0.676923076923077
6,41,0,20,81.5,4.075
6,41,1,16,16.49,1.030625
6,41,2,17,15.46,0.9094117647058824
6,41,3,12,9.07,0.7558333333333334
6,41,4,7,2.68,0.3828571428571429
6,43,0,8,62.35,7.79375
6,43,1,18,122.53,6.807222222222222
6,43,2,2,10.93,5.465
6,43,3,11,13.5,1.2272727272727273
6,43,4,7,4.46,0.6371428571428571
6,46,0,10,15.65,1.565
6,46,1,10,14.14,1.4140000000000001
6,46,2,20,22.54,1.127
6,46,3,12,13.28,1.1066666666666667
6,46,4,14,13.67,0.9764285714285714
6,50,0,15,68.61,4.574
6,50,1,15,62.9,4.193333333333333
6,50,2,1,3.44,3.44
6,50,3,16,42.24,2.64
6,50,4,15,17.22,1.148
6,52,0,15,17.38,1.1586666666666665
6,52,1,16,15.0,0.9375
6,52,2,14,12.09,0.8635714285714285
6,52,3,3,1.08,0.36000000000000004
6,52,4,2,0.35,0.175
6,53,0,17,93.62,5.5070588235294125
6,53,1,11,52.99,4.817272727272727
6,53,2,5,3.64,0.728
6,53,3,17,12.16,0.7152941176470589
6,53,4,5,1.99,0.398
6,54,0,3,13.05,4.3500000000000005
6,54,1,6,18.3,3.0500000000000003
6,54,2,16,22.1,1.38125
6,54,3,4,3.95,0.9875
6,54,4,8,3.59,0.44875
6,55,0,17,82.01,4.824117647058824
6,55,1,12,37.52,3.126666666666667
6,55,2,20,30.37,1.5185
6,55,3,9,8.65,0.9611111111111111
6,55,4,15,13.32,0.888
6,64,0,9,42.92,4.768888888888889
6,64,1,8,20.93,2.61625
6,64,2,16,29.01,1.813125
6,64,3,2,3.49,1.745
6,64,4,13,19.13,1.4715384615384615
6,67,0,12,44.41,3.700833333333333
6,67,1,9,23.84,2.648888888888889
6,67,2,13,10.04,0.7723076923076923
6,67,3,9,5.18,0.5755555555555555
6,67,4,17,5.63,0.3311764705882353
6,68,0,13,48.35,3.7192307692307693
6,68,1,19,66.21,3.4847368421052627
6,68,2,18,57.66,3.203333333333333
6,68,3,15,42.72,2.848
6,68,4,4,5.61,1.4025
6,70,0,6,27.14,4.523333333333333
6,70,1,12,51.13,4.260833333333333
6,70,2,3,9.99,3.33
6,70,3,12,30.77,2.5641666666666665
6,70,4,12,25.31,2.1091666666666664
6,71,0,19,76.8,4.042105263157895
6,71,1,11,35.51,3.228181818181818
6,71,2,2,2.82,1.41
6,71,3,17,20.92,1.2305882352941178
6,71,4,2,2.19,1.095
6,72,0,12,65.16,5.43
6,72,1,20,80.5,4.025
6,72,2,10,38.11,3.811
6,72,3,5,15.35,3.07
6,72,4,14,37.26,2.6614285714285715
6,74,0,4,18.0,4.5
6,74,1,19,60.05,3.1605263157894736
6,74,2,19,51.9,2.731578947368421
6,74,3,18,38.14,2.118888888888889
6,74,4,1,0.77,0.77
6,75,0,20,96.98,4.849
6,75,1,8,33.4,4.175
6,75,2,5,6.85,1.3699999999999999
6,75,3,6,5.9,0.9833333333333334
6,75,4,15,11.49,0.766
6,77,0,9,61.62,6.846666666666667
6,77,1,18,114.15,6.341666666666667
6,77,2,5,30.98,6.196
6,77,3,2,9.32,4.66
6,77,4,9,27.1,3.011111111111111
6,80,0,17,45.35,2.6676470588235297
6,80,1,20,47.31,2.3655
6,80,2,15,33.22,2.2146666666666666
6,80,3,8,5.69,0.71125
6,80,4,1,0.29,0.29
6,83,0,2,0.64,0.32
6,83,1,18,4.22,0.23444444444444443
6,83,2,6,0.56,0.09333333333333334
6,83,3,18,0.4,0.022222222222222223
6,83,4,4,0.07,0.0175
6,85,0,14,86.42,6.172857142857143
6,85,1,17,84.59,4.975882352941177
6,85,2,7,28.3,4.042857142857143
6,85,3,6,23.83,3.9716666666666662
6,85,4,7,9.29,1.327142857142857
6,89,0,2,15.84,7.92
6,89,1,14,84.23,6.0164285714285715
6,89,2,16,92.62,5.78875
6,89,3,1,3.19,3.19
6,89,4,3,7.84,2.6133333333333333
6,90,0,9,48.23,5.358888888888888
6,90,1,4,8.62,2.155
6,90,2,15,23.16,1.544
6,90,3,2,2.35,1.175
6,90,4,15,13.03,0.8686666666666666
6,95,0,17,125.3,7.370588235294117
6,95,1,14,74.06,5.29
6,95,2,10,49.72,4.9719999999999995
6,95,3,9,44.34,4.926666666666667
6,95,4,7,6.47,0.9242857142857143
6,96,0,7,43.22,6.174285714285714
6,96,1,9,53.31,5.923333333333334
6,96,2,13,30.12,2.316923076923077
6,96,3,11,16.08,1.4618181818181817
6,96,4,17,6.05,0.3558823529411765
6,97,0,17,66.24,3.8964705882352937
6,97,1,8,25.8,3.225
6,97,2,18,48.49,2.693888888888889
6,97,3,1,2.52,2.52
6,97,4,8,17.76,2.22
7,4,0,10,78.53,7.853
7,4,1,13,81.62,6.2784615384615385
7,4,2,3,17.21,5.736666666666667
7,4,3,6,10.56,1.76
7,4,4,1,1.45,1.45
7,5,0,12,123.91,10.325833333333334
7,5,1,20,196.7,9.834999999999999
7,5,2,2,14.97,7.485
7,5,3,5,37.2,7.44
7,5,4,1,0.73,0.73
7,6,0,18,103.82,5.767777777777777
7,6,1,3,17.09,5.696666666666666
7,6,2,7,37.18,5.311428571428571
7,6,3,19,94.38,4.967368421052631
7,6,4,2,1.33,0.665
7,8,0,3,29.06,9.686666666666666
7,8,1,10,57.97,5.797
7,8,2,7,19.15,2.7357142857142853
7,8,3,13,21.61,1.6623076923076923
7,8,4,2,1.7,0.85
7,9,0,11,40.52,3.683636363636364
7,9,1,1,3.11,3.11
7,9,2,7,18.62,2.66
7,9,3,5,5.52,1.1039999999999999
7,9,4,10,7.13,0.713
7,11,0,12,128.64,10.719999999999999
7,11,1,1,9.35,9.35
7,11,2,10,74.31,7.431
7,11,3,20,122.83,6.1415
7,11,4,1,5.38,5.38
7,12,0,7,46.74,6.677142857142857
7,12,1,3,16.33,5.4433333333333325
7,12,2,2,10.24,5.12
7,12,3,4,13.72,3.43
7,12,4,10,18.73,1.873
7,15,0,6,64.01,10.668333333333335
7,15,1,10,85.0,8.5
7,15,2,1,5.98,5.98
7,15,3,16,23.24,1.4525
7,15,4,2,0.97,0.485
7,17,0,7,68.16,9.737142857142857
7,17,1,8,42.92,5.365
7,17,2,19,73.41,3.8636842105263156
7,17,3,6,19.4,3.233333333333333
7,17,4,17,51.05,3.0029411764705882
7,18,0,4,40.28,10.07
7,18,1,13,129.55,9.965384615384616
7,18,2,18,153.2,8.511111111111111
7,18,3,3,16.39,5.463333333333334
7,18,4,11,44.89,4.080909090909091
7,19,0,13,121.73,9.363846153846154
7,19,1,18,89.35,4.963888888888889
7,19,2,3,12.72,4.24
7,19,3,1,3.78,3.78
7,19,4,10,27.88,2.788
7,27,0,8,49.05,6.13125
7,27,1,20,85.59,4.2795000000000005
7,27,2,12,46.53,3.8775
7,27,3,5,17.83,3.566
7,27,4,17,20.83,1.2252941176470586
7,28,0,15,101.12,6.741333333333333
7,28,1,15,97.39,6.492666666666667
7,28,2,9,51.55,5.727777777777778
7,28,3,5,17.33,3.4659999999999997
7,28,4,11,21.43,1.9481818181818182
7,30,0,5,34.98,6.9959999999999996
7,30,1,11,48.8,4.4363636363636365
7,30,2,8,30.25,3.78125
7,30,3,9,21.26,2.3622222222222224
7,30,4,20,27.02,1.351
7,35,0,9,76.87,8.541111111111112
7,35,1,11,92.17,8.379090909090909
7,35,2,4,7.97,1.9925
7,35,3,4,6.93,1.7325
7,35,4,12,20.42,1.7016666666666669
7,36,0,5,47.99,9.598
7,36,1,10,72.54,7.2540000000000004
7,36,2,4,25.45,6.3625
7,36,3,4,12.07,3.0175
7,36,4,14,41.34,2.9528571428571433
7,37,0,17,156.03,9.178235294117647
7,37,1,14,92.38,6.598571428571428
7,37,2,13,59.0,4.538461538461538
7,37,3,10,45.32,4.532
7,37,4,1,3.96,3.96
7,39,0,8,67.79,8.47375
7,39,1,19,134.07,7.056315789473683
7,39,2,14,92.8,6.628571428571428
7,39,3,5,13.33,2.666
7,39,4,13,5.47,0.42076923076923073
7,40,0,19,179.39,9.44157894736842
7,40,1,14,131.23,9.373571428571427
7,40,2,6,43.29,7.215
7,40,3,9,63.67,7.0744444444444445
7,40,4,15,75.11,5.007333333333333
7,41,0,4,37.29,9.3225
7,41,1,8,65.63,8.20375
7,41,2,1,6.6,6.6
7,41,3,14,73.09,5.220714285714286
7,41,4,6,17.43,2.905
7,43,0,6,67.83,11.305
7,43,1,13,137.14,10.549230769230768
7,43,2,11,108.91,9.90090909090909
7,43,3,14,94.67,6.762142857142857
7,43,4,4,3.86,0.965
7,46,0,4,28.57,7.1425
7,46,1,15,70.23,4.682
7,46,2,7,31.55,4.507142857142857
7,46,3,16,71.21,4.450625
7,46,4,18,37.54,2.0855555555555556
7,50,0,14,11.75,0.8392857142857143
7,50,1,4,3.3,0.825
7,50,2,12,7.24,0.6033333333333334
7,50,3,6,2.79,0.465
7,50,4,15,4.04,0.2693333333333333
7,52,0,14,68.28,4.877142857142857
7,52,1,13,41.75,3.2115384615384617
7,52,2,20,57.8,2.8899999999999997
7,52,3,2,4.28,2.14
7,52,4,1,0.85,0.85
7,53,0,17,9.42,0.5541176470588235
7,53,1,13,6.98,0.536923076923077
7,53,2,12,4.08,0.34
7,53,3,13,3.58,0.2753846153846154
7,53,4,4,0.58,0.145
7,54,0,3,22.64,7.546666666666667
7,54,1,18,121.66,6.7588888888888885
7,54,2,7,31.7,4.5285714285714285
7,54,3,5,17.5,3.5
7,54,4,6,9.09,1.515
7,55,0,5,32.91,6.581999999999999
7,55,1,10,64.21,6.420999999999999
7,55,2,14,57.17,4.083571428571429
7,55,3,16,50.81,3.175625
7,55,4,8,19.81,2.47625
7,64,0,13,111.79,8.59923076923077
7,64,1,14,118.96,8.497142857142856
7,64,2,9,42.42,4.713333333333334
7,64,3,10,42.69,4.269
7,64,4,16,8.37,0.523125
7,67,0,10,56.61,5.661
7,67,1,3,13.28,4.426666666666667
7,67,2,16,47.52,2.97
7,67,3,12,14.74,1.2283333333333333
7,67,4,2,1.6,0.8
7,68,0,7,75.2,10.742857142857144
7,68,1,19,194.68,10.246315789473684
7,68,2,1,7.56,7.56
7,68,3,12,87.57,7.297499999999999
7,68,4,5,30.95,6.1899999999999995
7,70,0,4,28.62,7.155
7,70,1,15,67.18,4.478666666666667
7,70,2,10,33.66,3.3659999999999997
7,70,3,5,14.44,2.888
7,70,4,8,20.99,2.62375
7,71,0,20,41.57,2.0785
7,71,1,13,22.1,1.7000000000000002
7,71,2,18,30.47,1.6927777777777777
7,71,3,3,4.35,1.45
7,71,4,6,7.97,1.3283333333333334
7,72,0,15,109.38,7.292
7,72,1,4,24.42,6.105
7,72,2,7,40.99,5.855714285714286
7,72,3,9,42.41,4.712222222222222
7,72,4,10,24.45,2.445
7,74,0,15,176.08,11.738666666666667
7,74,1,6,43.22,7.203333333333333
7,74,2,5,31.91,6.382
7,74,3,16,57.16,3.5725
7,74,4,18,22.34,1.241111111111111
7,75,0,10,95.28,9.528
7,75,1,19,110.66,5.824210526315789
7,75,2,11,60.54,5.503636363636364
7,75,3,12,60.59,5.049166666666667
7,75,4,1,2.18,2.18
7,77,0,11,101.33,9.211818181818181
7,77,1,2,15.69,7.845
7,77,2,12,88.12,7.343333333333334
7,77,3,3,7.22,2.4066666666666667
7,77,4,1,0.67,0.67
7,80,0,16,97.85,6.115625
7,80,1,14,71.49,5.106428571428571
7,80,2,4,16.91,4.2275
7,80,3,11,11.46,1.041818181818182
7,80,4,5,2.89,0.5780000000000001
7,83,0,17,61.55,3.6205882352941177
7,83,1,11,31.02,2.82
7,83,2,12,27.93,2.3275
7,83,3,7,13.86,1.98
7,83,4,18,10.32,0.5733333333333334
7,85,0,17,20.68,1.2164705882352942
7,85,1,7,5.78,0.8257142857142857
7,85,2,16,8.45,0.528125
7,85,3,17,7.79,0.4582352941176471
7,85,4,10,3.97,0.397
7,89,0,3,10.05,3.35
7,89,1,11,33.68,3.061818181818182
7,89,2,5,12.74,2.548
7,89,3,2,3.57,1.785
7,89,4,4,6.04,1.51
7,90,0,18,187.15,10.397222222222222
7,90,1,16,116.68,7.2925
7,90,2,18,124.27,6.903888888888889
7,90,3,13,49.86,3.835384615384615
7,90,4,1,0.99,0.99
7,95,0,20,211.5,10.575
7,95,1,2,19.14,9.57
7,95,2,18,135.49,7.527222222222223
7,95,3,3,8.78,2.9266666666666663
7,95,4,20,43.48,2.174
7,96,0,6,60.31,10.051666666666668
7,96,1,14,126.1,9.007142857142856
7,96,2,15,110.4,7.36
7,96,3,1,4.53,4.53
7,96,4,6,9.47,1.5783333333333334
7,97,0,5,47.31,9.462
7,97,1,18,154.59,8.588333333333333
7,97,2,14,97.24,6.945714285714286
7,97,3,2,8.23,4.115
7,97,4,10,25.87,2.587
8,4,0,19,51.25,2.6973684210526314
8,4,1,4,9.02,2.255
8,4,2,14,23.88,1.7057142857142857
8,4,3,2,2.98,1.49
8,4,4,17,3.81,0.22411764705882353
8,5,0,1,1.72,1.72
8,5,1,20,30.29,1.5145
8,5,2,14,19.76,1.4114285714285715
8,5,3,5,6.18,1.236
8,5,4,13,15.17,1.166923076923077
8,6,0,4,26.46,6.615
8,6,1,7,42.21,6.03
8,6,2,1,4.67,4.67
8,6,3,3,13.24,4.413333333333333
8,6,4,1,3.01,3.01
8,7,0,6,64.66,10.776666666666666
8,7,1,1,3.54,3.54
8,7,2,19,60.28,3.1726315789473687
8,7,3,3,8.71,2.9033333333333338
8,7,4,4,7.63,1.9075
8,9,0,12,47.64,3.97
8,9,1,5,18.77,3.754
8,9,2,18,65.79,3.6550000000000002
8,9,3,15,51.92,3.4613333333333336
8,9,4,3,4.89,1.63
8,11,0,9,8.75,0.9722222222222222
8,11,1,2,1.54,0.77
8,11,2,10,3.6,0.36
8,11,3,20,2.47,0.12350000000000001
8,11,4,1,0.1,0.1
8,12,0,19,47.86,2.5189473684210526
8,12,1,16,37.64,2.3525
8,12,2,16,34.08,2.13
8,12,3,11,14.74,1.34
8,12,4,20,13.6,0.6799999999999999
8,15,0,5,6.8,1.3599999999999999
8,15,1,15,19.96,1.3306666666666667
8,15,2,6,5.43,0.9049999999999999
8,15,3,14,9.79,0.6992857142857142
8,15,4,4,2.18,0.545
8,17,0,1,1.14,1.14
8,17,1,20,20.04,1.002
8,17,2,19,9.32,0.4905263157894737
8,17,3,20,9.76,0.488
8,17,4,9,1.2,0.13333333333333333
8,18,0,20,30.22,1.511
8,18,1,8,11.74,1.4675
8,18,2,13,14.45,1.1115384615384616
8,18,3,19,15.44,0.8126315789473684
8,18,4,8,5.78,0.7225
8,19,0,5,11.29,2.258
8,19,1,10,19.31,1.9309999999999998
8,19,2,2,1.75,0.875
8,19,3,11,8.86,0.8054545454545454
8,19,4,14,7.37,0.5264285714285715
8,27,0,16,77.07,4.816875
8,27,1,18,75.05,4.169444444444444
8,27,2,3,10.02,3.34
8,27,3,16,35.69,2.230625
8,27,4,19,20.58,1.083157894736842
8,28,0,7,11.31,1.6157142857142859
8,28,1,15,21.92,1.4613333333333334
8,28,2,2,2.8,1.4
8,28,3,9,11.02,1.2244444444444444
8,28,4,8,5.47,0.68375
8,30,0,18,66.69,3.705
8,30,1,1,3.64,3.64
8,30,2,15,38.15,2.5433333333333334
8,30,3,19,46.7,2.4578947368421056
8,30,4,3,3.6,1.2
8,35,0,9,23.74,2.6377777777777776
8,35,1,17,30.53,1.7958823529411765
8,35,2,17,17.55,1.0323529411764707
8,35,3,7,5.07,0.7242857142857143
8,35,4,3,1.9,0.6333333333333333
8,36,0,17,33.14,1.9494117647058824
8,36,1,16,14.43,0.901875
8,36,2,10,8.78,0.8779999999999999
8,36,3,19,16.51,0.8689473684210527
8,36,4,8,1.5,0.1875
8,37,0,15,27.93,1.8619999999999999
8,37,1,17,24.78,1.4576470588235295
8,37,2,4,3.71,0.9275
8,37,3,1,0.87,0.87
8,37,4,5,4.01,0.8019999999999999
8,39,0,15,30.75,2.05
8,39,1,19,25.42,1.3378947368421052
8,39,2,9,10.67,1.1855555555555555
8,39,3,19,12.29,0.6468421052631579
8,39,4,4,0.76,0.19
8,40,0,20,26.83,1.3415
8,40,1,9,10.63,1.1811111111111112
8,40,2,6,3.36,0.5599999999999999
8,40,3,11,3.56,0.32363636363636367
8,40,4,1,0.12,0.12
8,41,0,13,25.56,1.9661538461538461
8,41,1,3,5.54,1.8466666666666667
8,41,2,15,16.17,1.078
8,41,3,18,15.1,0.8388888888888889
8,41,4,3,1.83,0.61
8,43,0,12,16.42,1.3683333333333334
8,43,1,3,4.07,1.3566666666666667
8,43,2,15,18.16,1.2106666666666668
8,43,3,17,10.04,0.5905882352941176
8,43,4,19,7.09,0.3731578947368421
8,46,0,9,37.7,4.188888888888889
8,46,1,2,8.05,4.025
8,46,2,1,3.75,3.75
8,46,3,2,2.55,1.275
8,46,4,8,7.29,0.91125
8,50,0,1,9.92,9.92
8,50,1,17,129.11,7.594705882352942
8,50,2,10,63.83,6.383
8,50,3,5,18.16,3.632
8,50,4,16,15.76,0.985
8,52,0,15,52.56,3.504
8,52,1,4,8.98,2.245
8,52,2,4,7.3,1.825
8,52,3,12,15.71,1.3091666666666668
8,52,4,13,11.98,0.9215384615384615
8,53,0,6,64.68,10.780000000000001
8,53,1,8,75.56,9.445
8,53,2,7,65.44,9.348571428571429
8,53,3,1,5.67,5.67
8,53,4,8,10.63,1.32875
8,54,0,4,9.2,2.3
8,54,1,20,43.17,2.1585
8,54,2,13,27.3,2.1
8,54,3,5,9.74,1.948
8,54,4,3,3.52,1.1733333333333333
8,55,0,8,21.32,2.665
8,55,1,6,15.53,2.5883333333333334
8,55,2,8,14.24,1.78
8,55,3,11,13.73,1.2481818181818183
8,55,4,12,7.59,0.6325
8,64,0,18,14.4,0.8
8,64,1,15,11.76,0.784
8,64,2,9,4.74,0.5266666666666667
8,64,3,9,3.56,0.39555555555555555
8,64,4,8,1.36,0.17
8,67,0,10,18.51,1.8510000000000002
8,67,1,4,7.08,1.77
8,67,2,6,8.93,1.4883333333333333
8,67,3,16,12.27,0.766875
8,67,4,17,8.24,0.4847058823529412
8,68,0,14,54.34,3.8814285714285717
8,68,1,7,26.63,3.8042857142857143
8,68,2,8,29.07,3.63375
8,68,3,7,15.83,2.2614285714285716
8,68,4,10,6.05,0.605
8,70,0,14,6.05,0.4321428571428571
8,70,1,2,0.81,0.405
8,70,2,1,0.22,0.22
8,70,3,4,0.8,0.2
8,70,4,10,0.86,0.086
8,71,0,5,23.25,4.65
8,71,1,12,54.91,4.575833333333333
8,71,2,17,62.4,3.6705882352941175
8,71,3,17,53.51,3.1476470588235292
8,71,4,14,34.92,2.494285714285714
8,72,0,3,2.82,0.94
8,72,1,8,6.07,0.75875
8,72,2,7,4.53,0.6471428571428571
8,72,3,6,3.41,0.5683333333333334
8,72,4,19,4.26,0.22421052631578947
8,74,0,16,20.23,1.264375
8,74,1,20,22.41,1.1205
8,74,2,7,6.88,0.9828571428571429
8,74,3,6,2.34,0.38999999999999996
8,74,4,7,0.57,0.08142857142857142
8,75,0,14,16.31,1.1649999999999998
8,75,1,2,1.37,0.685
8,75,2,17,9.36,0.5505882352941176
8,75,3,12,5.54,0.46166666666666667
8,75,4,16,2.59,0.161875
8,77,0,19,22.06,1.1610526315789473
8,77,1,12,9.84,0.82
8,77,2,9,3.47,0.3855555555555556
8,77,3,16,3.72,0.2325
8,77,4,12,1.25,0.10416666666666667
8,80,0,15,53.62,3.5746666666666664
8,80,1,8,24.29,3.03625
8,80,2,11,31.94,2.903636363636364
8,80,3,1,1.41,1.41
8,80,4,3,1.72,0.5733333333333334
8,83,0,4,26.9,6.725
8,83,1,13,54.26,4.173846153846154
8,83,2,1,3.86,3.86
8,83,3,16,52.74,3.29625
8,83,4,2,4.5,2.25
8,85,0,8,95.17,11.89625
8,85,1,8,62.32,7.79
8,85,2,9,63.34,7.037777777777778
8,85,3,18,37.36,2.0755555555555554
8,85,4,6,10.21,1.7016666666666669
8,89,0,20,137.5,6.875
8,89,1,15,85.81,5.720666666666667
8,89,2,7,21.5,3.0714285714285716
8,89,3,15,21.97,1.4646666666666666
8,89,4,1,0.62,0.62
8,90,0,17,17.89,1.0523529411764707
8,90,1,4,3.98,0.995
8,90,2,15,10.52,0.7013333333333333
8,90,3,2,0.82,0.41
8,90,4,4,0.86,0.215
8,95,0,13,16.3,1.2538461538461538
8,95,1,18,15.43,0.8572222222222222
8,95,2,19,12.95,0.6815789473684211
8,95,3,13,3.62,0.2784615384615385
8,95,4,8,2.05,0.25625
8,96,0,1,0.17,0.17
8,96,1,20,3.13,0.1565
8,96,2,2,0.29,0.145
8,96,3,13,1.7,0.13076923076923078
8,96,4,17,0.24,0.014117647058823528
8,97,0,11,39.94,3.630909090909091
8,97,1,19,68.13,3.58578947368421
8,97,2,11,35.3,3.209090909090909
8,97,3,11,20.62,1.8745454545454547
8,97,4,18,7.26,0.4033333333333333
9,4,0,14,21.27,1.5192857142857144
9,4,1,1,0.88,0.88
9,4,2,12,7.52,0.6266666666666666
9,4,3,17,8.4,0.49411764705882355
9,4,4,17,6.9,0.40588235294117647
9,5,0,13,29.26,2.250769230769231
9,5,1,17,33.24,1.9552941176470588
9,5,2,15,27.84,1.856
9,5,3,11,14.36,1.3054545454545454
9,5,4,8,3.98,0.4975
9,6,0,18,28.65,1.5916666666666666
9,6,1,2,2.49,1.245
9,6,2,20,11.83,0.5915
9,6,3,20,11.54,0.577
9,6,4,2,0.29,0.145
9,7,0,1,3.76,3.76
9,7,1,10,30.81,3.081
9,7,2,2,5.21,2.605
9,7,3,9,11.64,1.2933333333333334
9,7,4,6,7.7,1.2833333333333334
9,8,0,20,97.42,4.871
9,8,1,18,85.3,4.738888888888889
9,8,2,17,78.03,4.59
9,8,3,3,7.42,2.473333333333333
9,8,4,15,12.09,0.8059999999999999
9,11,0,5,25.89,5.178
9,11,1,10,49.25,4.925
9,11,2,3,13.11,4.37
9,11,3,14,48.42,3.4585714285714286
9,11,4,9,14.33,1.5922222222222222
9,12,0,20,23.47,1.1735
9,12,1,8,8.82,1.1025
9,12,2,7,6.58,0.9400000000000001
9,12,3,12,9.61,0.8008333333333333
9,12,4,18,9.91,0.5505555555555556
9,15,0,17,52.55,3.091176470588235
9,15,1,16,42.98,2.68625
9,15,2,19,43.79,2.304736842105263
9,15,3,11,15.23,1.3845454545454545
9,15,4,10,3.82,0.382
9,17,0,10,33.87,3.3869999999999996
9,17,1,11,21.59,1.9627272727272727
9,17,2,8,10.77,1.34625
9,17,3,7,8.69,1.2414285714285713
9,17,4,12,9.01,0.7508333333333334
9,18,0,3,6.3,2.1
9,18,1,2,3.63,1.815
9,18,2,12,18.75,1.5625
9,18,3,15,19.26,1.284
9,18,4,1,0.65,0.65
9,19,0,9,17.33,1.9255555555555555
9,19,1,7,10.28,1.4685714285714284
9,19,2,4,5.02,1.255
9,19,3,5,5.12,1.024
9,19,4,12,4.87,0.4058333333333333
9,27,0,18,19.41,1.0783333333333334
9,27,1,5,3.91,0.782
9,27,2,16,8.53,0.533125
9,27,3,17,3.99,0.23470588235294118
9,27,4,4,0.32,0.08
9,28,0,9,29.82,3.3133333333333335
9,28,1,15,39.92,2.6613333333333333
9,28,2,16,25.46,1.59125
9,28,3,19,13.17,0.6931578947368421
9,28,4,20,11.07,0.5535
9,30,0,1,3.07,3.07
9,30,1,10,28.34,2.834
9,30,2,13,33.23,2.5561538461538458
9,30,3,17,37.61,2.2123529411764706
9,30,4,10,14.62,1.462
9,35,0,10,22.58,2.258
9,35,1,14,23.1,1.6500000000000001
9,35,2,16,18.07,1.129375
9,35,3,19,13.9,0.7315789473684211
9,35,4,10,6.04,0.604
9,36,0,14,59.56,4.2542857142857144
9,36,1,20,80.24,4.012
9,36,2,11,18.34,1.6672727272727272
9,36,3,11,12.34,1.1218181818181818
9,36,4,1,0.31,0.31
9,37,0,18,55.92,3.106666666666667
9,37,1,18,45.39,2.5216666666666665
9,37,2,9,20.81,2.312222222222222
9,37,3,14,29.83,2.130714285714286
9,37,4,16,20.82,1.30125
9,39,0,17,56.84,3.343529411764706
9,39,1,1,3.12,3.12
9,39,2,12,25.82,2.151666666666667
9,39,3,14,26.25,1.875
9,39,4,12,4.3,0.35833333333333334
9,40,0,7,25.42,3.6314285714285717
9,40,1,13,32.39,2.4915384615384615
9,40,2,14,21.03,1.5021428571428572
9,40,3,17,16.63,0.978235294117647
9,40,4,19,13.43,0.7068421052631578
9,41,0,20,54.28,2.714
9,41,1,17,38.65,2.273529411764706
9,41,2,16,20.46,1.27875
9,41,3,19,21.1,1.1105263157894738
9,41,4,3,1.84,0.6133333333333334
9,43,0,17,98.03,5.766470588235294
9,43,1,3,16.14,5.38
9,43,2,10,45.37,4.537
9,43,3,11,27.85,2.5318181818181817
9,43,4,17,22.9,1.3470588235294116
9,46,0,14,6.24,0.44571428571428573
9,46,1,2,0.89,0.445
9,46,2,7,2.1,0.3
9,46,3,17,3.73,0.21941176470588236
9,46,4,17,2.81,0.1652941176470588
9,50,0,19,135.7,7.1421052631578945
9,50,1,1,5.72,5.72
9,50,2,10,51.89,5.189
9,50,3,2,10.12,5.06
9,50,4,20,20.46,1.0230000000000001
9,52,0,16,18.43,1.151875
9,52,1,4,3.57,0.8925
9,52,2,10,6.24,0.624
9,52,3,1,0.34,0.34
9,52,4,18,1.17,0.065
9,53,0,14,69.01,4.929285714285714
9,53,1,5,23.6,4.720000000000001
9,53,2,18,76.67,4.259444444444444
9,53,3,19,44.79,2.3573684210526316
9,53,4,5,7.6,1.52
9,54,0,2,4.06,2.03
9,54,1,15,28.8,1.9200000000000002
9,54,2,17,26.53,1.5605882352941176
9,54,3,17,7.39,0.43470588235294116
9,54,4,4,1.38,0.345
9,55,0,4,15.14,3.785
9,55,1,8,13.29,1.66125
9,55,2,19,29.09,1.5310526315789474
9,55,3,19,8.35,0.4394736842105263
9,55,4,6,1.88,0.3133333333333333
9,64,0,8,42.67,5.33375
9,64,1,19,87.59,4.61
9,64,2,7,19.69,2.812857142857143
9,64,3,2,5.51,2.755
9,64,4,13,4.55,0.35
9,67,0,19,64.42,3.3905263157894736
9,67,1,15,19.59,1.306
9,67,2,20,21.18,1.059
9,67,3,8,2.59,0.32375
9,67,4,11,1.99,0.1809090909090909
9,68,0,16,47.68,2.98
9,68,1,13,27.19,2.0915384615384616
9,68,2,20,17.14,0.857
9,68,3,3,2.49,0.8300000000000001
9,68,4,19,14.59,0.7678947368421053
9,70,0,10,23.46,2.346
9,70,1,6,12.79,2.1316666666666664
9,70,2,8,5.5,0.6875
9,70,3,16,5.46,0.34125
9,70,4,6,1.58,0.26333333333333336
9,71,0,3,17.89,5.963333333333334
9,71,1,18,97.75,5.430555555555555
9,71,2,11,29.1,2.6454545454545455
9,71,3,10,26.03,2.603
9,71,4,12,11.17,0.9308333333333333
9,72,0,14,53.69,3.835
9,72,1,12,31.59,2.6325
9,72,2,10,17.07,1.707
9,72,3,13,13.38,1.0292307692307694
9,72,4,14,4.74,0.3385714285714286
9,74,0,5,19.2,3.84
9,74,1,9,33.98,3.775555555555555
9,74,2,1,2.47,2.47
9,74,3,5,9.12,1.8239999999999998
9,74,4,5,4.32,0.8640000000000001
9,75,0,15,50.89,3.3926666666666665
9,75,1,13,21.03,1.6176923076923078
9,75,2,12,11.97,0.9975
9,75,3,19,18.33,0.9647368421052631
9,75,4,8,6.21,0.77625
9,77,0,5,26.96,5.392
9,77,1,8,39.47,4.93375
9,77,2,9,31.46,3.4955555555555557
9,77,3,15,51.74,3.4493333333333336
9,77,4,16,47.93,2.995625
9,80,0,4,7.85,1.9625
9,80,1,13,23.03,1.7715384615384617
9,80,2,3,4.78,1.5933333333333335
9,80,3,12,18.86,1.5716666666666665
9,80,4,7,3.19,0.4557142857142857
9,83,0,9,14.92,1.6577777777777778
9,83,1,3,4.71,1.57
9,83,2,1,0.92,0.92
9,83,3,19,7.56,0.39789473684210525
9,83,4,13,1.95,0.15
9,85,0,12,90.29,7.524166666666667
9,85,1,8,25.78,3.2225
9,85,2,10,20.83,2.0829999999999997
9,85,3,10,11.52,1.152
9,85,4,4,3.9,0.975
9,89,0,5,42.92,8.584
9,89,1,13,101.07,7.774615384615384
9,89,2,15,107.49,7.1659999999999995
9,89,3,13,36.96,2.8430769230769233
9,89,4,10,14.72,1.472
9,90,0,12,64.88,5.406666666666666
9,90,1,1,4.04,4.04
9,90,2,13,29.49,2.2684615384615383
9,90,3,15,25.06,1.6706666666666665
9,90,4,6,2.46,0.41
9,95,0,20,91.52,4.576
9,95,1,2,5.27,2.635
9,95,2,4,7.38,1.845
9,95,3,4,5.27,1.3175
9,95,4,20,24.03,1.2015
9,96,0,7,26.22,3.7457142857142856
9,96,1,8,22.95,2.86875
9,96,2,6,17.06,2.8433333333333333
9,96,3,2,5.57,2.785
9,96,4,5,9.9,1.98
9,97,0,10,32.67,3.2670000000000003
9,97,1,14,34.54,2.467142857142857
9,97,2,19,25.73,1.3542105263157895
9,97,3,17,17.46,1.0270588235294118
9,97,4,1,0.53,0.53
11,4,0,2,7.3,3.65
11,4,1,12,34.13,2.8441666666666667
11,4,2,19,44.34,2.333684210526316
11,4,3,11,9.96,0.9054545454545455
11,4,4,4,1.13,0.2825
11,5,0,13,44.9,3.4538461538461536
11,5,1,12,39.38,3.2816666666666667
11,5,2,20,57.82,2.891
11,5,3,9,17.01,1.8900000000000001
11,5,4,3,4.57,1.5233333333333334
11,6,0,17,105.68,6.216470588235294
11,6,1,11,56.45,5.131818181818182
11,6,2,15,57.77,3.8513333333333337
11,6,3,14,47.44,3.3885714285714283
11,6,4,7,23.03,3.29
11,7,0,8,52.75,6.59375
11,7,1,5,29.91,5.982
11,7,2,18,61.39,3.410555555555556
11,7,3,18,41.63,2.312777777777778
11,7,4,7,6.73,0.9614285714285715
11,8,0,8,8.18,1.0225
11,8,1,16,11.59,0.724375
11,8,2,6,2.44,0.4066666666666667
11,8,3,10,1.82,0.182
11,8,4,14,1.91,0.13642857142857143
11,9,0,5,25.88,5.176
11,9,1,8,33.4,4.175
11,9,2,12,49.6,4.133333333333334
11,9,3,1,3.11,3.11
11,9,4,15,14.65,0.9766666666666667
11,12,0,6,17.32,2.8866666666666667
11,12,1,5,12.86,2.572
11,12,2,5,12.64,2.528
11,12,3,4,9.48,2.37
11,12,4,8,12.06,1.5075
11,15,0,15,9.52,0.6346666666666666
11,15,1,13,8.17,0.6284615384615384
11,15,2,4,2.11,0.5275
11,15,3,1,0.29,0.29
11,15,4,7,0.43,0.06142857142857143
11,17,0,15,28.71,1.9140000000000001
11,17,1,4,5.67,1.4175
11,17,2,15,17.46,1.1640000000000001
11,17,3,6,4.19,0.6983333333333334
11,17,4,9,5.93,0.6588888888888889
11,18,0,15,41.01,2.734
11,18,1,11,29.73,2.7027272727272726
11,18,2,10,5.55,0.5549999999999999
11,18,3,16,5.32,0.3325
11,18,4,3,0.69,0.22999999999999998
11,19,0,16,53.83,3.364375
11,19,1,12,38.87,3.2391666666666663
11,19,2,18,22.05,1.225
11,19,3,19,19.6,1.0315789473684212
11,19,4,16,12.48,0.78
11,27,0,13,71.43,5.494615384615385
11,27,1,9,38.99,4.332222222222223
11,27,2,10,41.74,4.174
11,27,3,3,3.37,1.1233333333333333
11,27,4,1,0.42,0.42
11,28,0,17,33.24,1.9552941176470588
11,28,1,10,17.27,1.7269999999999999
11,28,2,11,10.2,0.9272727272727272
11,28,3,10,9.02,0.9019999999999999
11,28,4,6,1.9,0.31666666666666665
11,30,0,12,46.2,3.85
11,30,1,12,19.01,1.5841666666666667
11,30,2,9,11.07,1.23
11,30,3,12,9.35,0.7791666666666667
11,30,4,2,1.3,0.65
11,35,0,13,39.94,3.072307692307692
11,35,1,16,40.1,2.50625
11,35,2,10,20.91,2.091
11,35,3,7,12.18,1.74
11,35,4,3,1.79,0.5966666666666667
11,36,0,2,3.43,1.715
11,36,1,15,19.54,1.3026666666666666
11,36,2,16,7.14,0.44625
11,36,3,8,3.15,0.39375
11,36,4,13,3.28,0.2523076923076923
11,37,0,20,41.76,2.088
11,37,1,2,2.59,1.295
11,37,2,17,18.49,1.0876470588235294
11,37,3,10,2.65,0.265
11,37,4,12,1.24,0.10333333333333333
11,39,0,6,13.35,2.225
11,39,1,14,30.7,2.1928571428571426
11,39,2,1,1.14,1.14
11,39,3,3,3.39,1.1300000000000001
11,39,4,6,5.93,0.9883333333333333
11,40,0,18,38.76,2.1533333333333333
11,40,1,19,30.86,1.6242105263157895
11,40,2,3,3.97,1.3233333333333335
11,40,3,17,19.34,1.1376470588235295
11,40,4,19,10.21,0.5373684210526316
11,41,0,5,14.78,2.956
11,41,1,2,4.45,2.225
11,41,2,20,38.49,1.9245
11,41,3,11,20.82,1.8927272727272728
11,41,4,10,17.65,1.765
11,43,0,14,11.36,0.8114285714285714
11,43,1,1,0.73,0.73
11,43,2,16,9.12,0.57
11,43,3,11,5.13,0.46636363636363637
11,43,4,5,1.39,0.27799999999999997
11,46,0,15,54.47,3.631333333333333
11,46,1,8,28.55,3.56875
11,46,2,5,17.39,3.478
11,46,3,12,35.46,2.955
11,46,4,14,27.86,1.99
11,50,0,8,49.56,6.195
11,50,1,7,42.17,6.024285714285715
11,50,2,13,40.2,3.0923076923076924
11,50,3,4,10.74,2.685
11,50,4,8,18.15,2.26875
11,52,0,9,33.05,3.672222222222222
11,52,1,9,30.43,3.381111111111111
11,52,2,8,23.31,2.91375
11,52,3,8,22.81,2.85125
11,52,4,7,19.6,2.8000000000000003
11,53,0,4,35.01,8.7525
11,53,1,14,113.69,8.120714285714286
11,53,2,19,130.2,6.852631578947368
11,53,3,17,113.37,6.668823529411765
11,53,4,15,29.72,1.9813333333333332
11,54,0,4,7.52,1.88
11,54,1,7,11.91,1.7014285714285715
11,54,2,13,21.43,1.6484615384615384
11,54,3,3,1.51,0.5033333333333333
11,54,4,17,6.87,0.4041176470588235
11,55,0,20,65.39,3.2695
11,55,1,15,16.8,1.12
11,55,2,20,6.51,0.3255
11,55,3,8,2.33,0.29125
11,55,4,2,0.37,0.185
11,64,0,11,6.48,0.5890909090909091
11,64,1,3,1.38,0.45999999999999996
11,64,2,7,2.95,0.42142857142857143
11,64,3,5,1.63,0.32599999999999996
11,64,4,12,1.75,0.14583333333333334
11,67,0,1,4.28,4.28
11,67,1,2,8.48,4.24
11,67,2,17,65.4,3.8470588235294123
11,67,3,12,45.25,3.7708333333333335
11,67,4,4,5.55,1.3875
11,68,0,7,24.52,3.5028571428571427
11,68,1,18,31.63,1.7572222222222222
11,68,2,8,11.29,1.41125
11,68,3,20,14.73,0.7365
11,68,4,12,8.07,0.6725
11,70,0,1,0.7,0.7
11,70,1,3,2.0,0.6666666666666666
11,70,2,1,0.42,0.42
11,70,3,19,7.25,0.3815789473684211
11,70,4,6,0.91,0.15166666666666667
11,71,0,18,183.57,10.198333333333332
11,71,1,9,87.5,9.722222222222221
11,71,2,19,171.04,9.002105263157894
11,71,3,10,89.86,8.986
11,71,4,13,112.02,8.616923076923076
11,72,0,16,17.63,1.101875
11,72,1,20,20.72,1.036
11,72,2,5,3.19,0.638
11,72,3,2,0.28,0.14
11,72,4,1,0.08,0.08
11,74,0,16,18.29,1.143125
11,74,1,20,12.66,0.633
11,74,2,15,7.39,0.49266666666666664
11,74,3,20,9.84,0.492
11,74,4,12,5.04,0.42
11,75,0,12,20.46,1.705
11,75,1,5,7.0,1.4
11,75,2,11,15.09,1.3718181818181818
11,75,3,7,5.48,0.7828571428571429
11,75,4,2,1.12,0.56
11,77,0,13,6.54,0.5030769230769231
11,77,1,15,7.07,0.4713333333333333
11,77,2,19,5.12,0.2694736842105263
11,77,3,8,0.26,0.0325
11,77,4,11,0.27,0.024545454545454547
11,80,0,5,14.65,2.93
11,80,1,9,13.67,1.518888888888889
11,80,2,5,5.99,1.198
11,80,3,9,3.61,0.4011111111111111
11,80,4,20,6.64,0.33199999999999996
11,83,0,5,37.91,7.581999999999999
11,83,1,2,14.03,7.015
11,83,2,4,26.82,6.705
11,83,3,14,69.29,4.949285714285715
11,83,4,19,79.41,4.179473684210526
11,85,0,10,118.34,11.834
11,85,1,8,86.17,10.77125
11,85,2,10,98.32,9.831999999999999
11,85,3,5,42.58,8.516
11,85,4,4,19.06,4.765
11,89,0,17,149.55,8.797058823529412
11,89,1,11,84.47,7.679090909090909
11,89,2,18,134.01,7.444999999999999
11,89,3,8,30.84,3.855
11,89,4,11,11.04,1.0036363636363637
11,90,0,8,2.06,0.2575
11,90,1,11,2.37,0.21545454545454545
11,90,2,16,2.64,0.165
11,90,3,12,0.7,0.05833333333333333
11,90,4,7,0.1,0.014285714285714287
11,95,0,10,3.31,0.331
11,95,1,10,2.6,0.26
11,95,2,13,2.7,0.2076923076923077
11,95,3,15,2.28,0.152
11,95,4,19,0.7,0.03684210526315789
11,96,0,9,7.9,0.8777777777777778
11,96,1,18,14.41,0.8005555555555556
11,96,2,3,2.15,0.7166666666666667
11,96,3,7,5.0,0.7142857142857143
11,96,4,11,1.45,0.1318181818181818
11,97,0,11,54.39,4.944545454545454
11,97,1,3,13.88,4.626666666666667
11,97,2,14,56.14,4.01
11,97,3,10,32.7,3.2700000000000005
11,97,4,15,31.43,2.0953333333333335
12,4,0,9,5.44,0.6044444444444445
12,4,1,8,3.84,0.48
12,4,2,6,2.58,0.43
12,4,3,7,0.4,0.05714285714285715
12,4,4,18,0.75,0.041666666666666664
12,5,0,2,2.67,1.335
12,5,1,17,15.59,0.9170588235294117
12,5,2,20,8.62,0.43099999999999994
12,5,3,7,2.64,0.37714285714285717
12,5,4,15,4.83,0.322
12,6,0,3,8.35,2.783333333333333
12,6,1,9,17.02,1.891111111111111
12,6,2,19,23.78,1.2515789473684211
12,6,3,20,5.9,0.29500000000000004
12,6,4,5,0.76,0.152
12,7,0,11,88.35,8.031818181818181
12,7,1,1,6.1,6.1
12,7,2,1,6.02,6.02
12,7,3,13,74.8,5.753846153846154
12,7,4,1,2.24,2.24
12,8,0,14,38.4,2.742857142857143
12,8,1,11,29.44,2.6763636363636363
12,8,2,3,6.56,2.1866666666666665
12,8,3,20,28.89,1.4445000000000001
12,8,4,11,7.78,0.7072727272727273
12,9,0,1,1.54,1.54
12,9,1,15,21.87,1.458
12,9,2,20,23.96,1.198
12,9,3,19,21.07,1.1089473684210527
12,9,4,11,1.71,0.15545454545454546
12,11,0,5,11.47,2.294
12,11,1,12,22.41,1.8675
12,11,2,3,4.82,1.6066666666666667
12,11,3,11,8.77,0.7972727272727272
12,11,4,1,0.79,0.79
12,15,0,9,28.78,3.197777777777778
12,15,1,8,23.41,2.92625
12,15,2,18,48.58,2.698888888888889
12,15,3,20,46.11,2.3055
12,15,4,18,13.13,0.7294444444444445
12,17,0,18,38.74,2.1522222222222225
12,17,1,16,27.2,1.7
12,17,2,10,14.64,1.464
12,17,3,15,19.04,1.2693333333333332
12,17,4,12,14.32,1.1933333333333334
12,18,0,4,4.7,1.175
12,18,1,1,1.01,1.01
12,18,2,8,5.96,0.745
12,18,3,12,3.89,0.32416666666666666
12,18,4,9,2.63,0.2922222222222222
12,19,0,3,1.9,0.6333333333333333
12,19,1,7,2.71,0.3871428571428571
12,19,2,2,0.76,0.38
12,19,3,6,1.17,0.19499999999999998
12,19,4,20,2.28,0.11399999999999999
12,27,0,5,12.99,2.598
12,27,1,12,27.06,2.255
12,27,2,6,9.41,1.5683333333333334
12,27,3,8,10.63,1.32875
12,27,4,20,22.4,1.1199999999999999
12,28,0,12,24.92,2.0766666666666667
12,28,1,11,20.15,1.8318181818181818
12,28,2,13,14.37,1.1053846153846154
12,28,3,16,8.98,0.56125
12,28,4,1,0.33,0.33
12,30,0,13,41.13,3.163846153846154
12,30,1,13,29.84,2.2953846153846156
12,30,2,19,25.44,1.3389473684210527
12,30,3,1,0.34,0.34
12,30,4,12,3.91,0.32583333333333336
12,35,0,14,14.35,1.025
12,35,1,1,0.46,0.46
12,35,2,14,5.94,0.4242857142857143
12,35,3,12,4.4,0.3666666666666667
12,35,4,8,0.87,0.10875
12,36,0,9,28.78,3.197777777777778
12,36,1,10,29.58,2.9579999999999997
12,36,2,16,46.48,2.905
12,36,3,19,50.79,2.673157894736842
12,36,4,16,13.27,0.829375
12,37,0,5,10.77,2.154
12,37,1,20,31.85,1.5925
12,37,2,1,1.31,1.31
12,37,3,8,4.05,0.50625
12,37,4,10,3.24,0.324
12,39,0,2,5.73,2.865
12,39,1,7,19.38,2.7685714285714282
12,39,2,15,11.8,0.7866666666666667
12,39,3,15,10.42,0.6946666666666667
12,39,4,12,3.27,0.2725
12,40,0,5,10.55,2.1100000000000003
12,40,1,10,14.79,1.4789999999999999
12,40,2,4,1.58,0.395
12,40,3,10,3.92,0.392
12,40,4,1,0.36,0.36
12,41,0,13,15.91,1.2238461538461538
12,41,1,11,9.97,0.9063636363636364
12,41,2,6,4.02,0.6699999999999999
12,41,3,12,2.21,0.18416666666666667
12,41,4,13,2.27,0.17461538461538462
12,43,0,7,26.92,3.845714285714286
12,43,1,17,49.94,2.9376470588235293
12,43,2,2,5.78,2.89
12,43,3,19,41.38,2.1778947368421053
12,43,4,1,0.37,0.37
12,46,0,2,2.1,1.05
12,46,1,16,16.48,1.03
12,46,2,4,3.13,0.7825
12,46,3,4,0.66,0.165
12,46,4,11,1.19,0.10818181818181817
12,50,0,4,17.76,4.44
12,50,1,18,75.82,4.212222222222222
12,50,2,17,62.07,3.6511764705882355
12,50,3,6,12.38,2.0633333333333335
12,50,4,18,26.51,1.472777777777778
12,52,0,16,24.86,1.55375
12,52,1,7,9.74,1.3914285714285715
12,52,2,8,9.62,1.2025
12,52,3,9,10.43,1.1588888888888889
12,52,4,3,1.82,0.6066666666666667
12,53,0,3,26.17,8.723333333333334
12,53,1,14,100.71,7.1935714285714285
12,53,2,7,33.34,4.762857142857143
12,53,3,12,32.08,2.6733333333333333
12,53,4,1,2.65,2.65
12,54,0,14,22.23,1.5878571428571429
12,54,1,11,12.45,1.1318181818181818
12,54,2,15,13.62,0.9079999999999999
12,54,3,9,6.15,0.6833333333333333
12,54,4,18,10.39,0.5772222222222223
12,55,0,13,42.74,3.287692307692308
12,55,1,14,38.35,2.7392857142857143
12,55,2,13,33.81,2.600769230769231
12,55,3,11,20.73,1.8845454545454545
12,55,4,1,0.91,0.91
12,64,0,13,55.42,4.263076923076923
12,64,1,17,67.93,3.9958823529411767
12,64,2,3,10.96,3.6533333333333338
12,64,3,9,27.32,3.035555555555556
12,64,4,7,20.37,2.91
12,67,0,2,6.68,3.34
12,67,1,15,31.13,2.0753333333333335
12,67,2,11,19.22,1.747272727272727
12,67,3,2,3.14,1.57
12,67,4,18,23.15,1.286111111111111
12,68,0,19,25.47,1.3405263157894736
12,68,1,16,20.13,1.258125
12,68,2,13,11.76,0.9046153846153846
12,68,3,13,8.18,0.6292307692307693
12,68,4,19,1.85,0.09736842105263159
12,70,0,20,60.28,3.0140000000000002
12,70,1,18,47.45,2.636111111111111
12,70,2,3,4.88,1.6266666666666667
12,70,3,17,19.56,1.1505882352941175
12,70,4,11,4.67,0.42454545454545456
12,71,0,9,59.74,6.637777777777778
12,71,1,16,100.5,6.28125
12,71,2,16,68.43,4.276875
12,71,3,12,47.24,3.936666666666667
12,71,4,5,3.75,0.75
12,72,0,7,11.44,1.6342857142857141
12,72,1,17,19.8,1.1647058823529413
12,72,2,12,9.66,0.805
12,72,3,15,9.45,0.63
12,72,4,6,3.34,0.5566666666666666
12,74,0,12,50.78,4.2316666666666665
12,74,1,5,18.02,3.604
12,74,2,2,3.52,1.76
12,74,3,14,11.17,0.7978571428571428
12,74,4,13,9.1,0.7
12,75,0,15,25.51,1.7006666666666668
12,75,1,12,19.52,1.6266666666666667
12,75,2,15,24.38,1.6253333333333333
12,75,3,17,22.1,1.3
12,75,4,9,9.08,1.008888888888889
12,77,0,6,18.95,3.158333333333333
12,77,1,17,47.08,2.7694117647058825
12,77,2,15,40.03,2.6686666666666667
12,77,3,5,8.06,1.612
12,77,4,5,0.94,0.188
12,80,0,11,18.25,1.6590909090909092
12,80,1,20,16.23,0.8115
12,80,2,9,1.76,0.19555555555555557
12,80,3,9,1.05,0.11666666666666667
12,80,4,7,0.59,0.08428571428571428
12,83,0,9,28.19,3.1322222222222225
12,83,1,3,6.08,2.026666666666667
12,83,2,6,7.47,1.2449999999999999
12,83,3,18,20.36,1.1311111111111112
12,83,4,11,11.69,1.0627272727272727
12,85,0,12,111.68,9.306666666666667
12,85,1,16,139.36,8.71
12,85,2,10,63.79,6.379
12,85,3,15,60.56,4.037333333333334
12,85,4,7,11.51,1.6442857142857144
12,89,0,10,90.74,9.074
12,89,1,13,103.96,7.996923076923077
12,89,2,2,13.53,6.765
12,89,3,14,86.64,6.188571428571429
12,89,4,9,31.81,3.5344444444444445
12,90,0,7,23.12,3.302857142857143
12,90,1,5,15.66,3.132
12,90,2,19,25.49,1.341578947368421
12,90,3,7,8.42,1.2028571428571428
12,90,4,3,1.18,0.3933333333333333
12,95,0,15,48.28,3.2186666666666666
12,95,1,19,41.52,2.185263157894737
12,95,2,17,33.63,1.9782352941176473
12,95,3,15,27.38,1.8253333333333333
12,95,4,1,0.65,0.65
12,96,0,1,2.2,2.2
12,96,1,3,4.47,1.49
12,96,2,14,19.79,1.4135714285714285
12,96,3,16,10.79,0.674375
12,96,4,16,8.77,0.548125
12,97,0,2,5.75,2.875
12,97,1,13,31.35,2.411538461538462
12,97,2,10,17.69,1.7690000000000001
12,97,3,7,9.22,1.3171428571428572
12,97,4,4,1.57,0.3925
15,4,0,3,9.12,3.0399999999999996
15,4,1,2,5.92,2.96
15,4,2,3,6.28,2.0933333333333333
15,4,3,7,14.5,2.0714285714285716
15,4,4,1,0.49,0.49
15,5,0,5,17.04,3.408
15,5,1,16,47.45,2.965625
15,5,2,14,40.63,2.902142857142857
15,5,3,7,17.27,2.467142857142857
15,5,4,18,43.24,2.4022222222222225
15,6,0,2,11.95,5.975
15,6,1,7,25.62,3.66
15,6,2,5,11.84,2.368
15,6,3,18,37.23,2.0683333333333334
15,6,4,1,1.49,1.49
15,7,0,17,166.73,9.807647058823528
15,7,1,10,63.17,6.317
15,7,2,2,7.37,3.685
15,7,3,13,40.79,3.1376923076923076
15,7,4,9,12.21,1.3566666666666667
15,8,0,8,9.8,1.225
15,8,1,14,16.96,1.2114285714285715
15,8,2,18,16.85,0.9361111111111112
15,8,3,9,4.21,0.4677777777777778
15,8,4,5,0.63,0.126
15,9,0,18,66.81,3.711666666666667
15,9,1,15,55.08,3.6719999999999997
15,9,2,11,14.0,1.2727272727272727
15,9,3,19,18.29,0.9626315789473684
15,9,4,11,2.9,0.2636363636363636
15,11,0,19,11.83,0.6226315789473684
15,11,1,7,4.25,0.6071428571428571
15,11,2,3,0.97,0.3233333333333333
15,11,3,15,3.6,0.24000000000000002
15,11,4,2,0.45,0.225
15,12,0,13,47.47,3.6515384615384616
15,12,1,14,47.1,3.3642857142857143
15,12,2,19,46.35,2.4394736842105265
15,12,3,15,13.77,0.9179999999999999
15,12,4,7,2.6,0.37142857142857144
15,17,0,3,4.3,1.4333333333333333
15,17,1,18,23.49,1.305
15,17,2,6,5.43,0.9049999999999999
15,17,3,16,5.95,0.371875
15,17,4,4,0.61,0.1525
15,18,0,18,41.51,2.306111111111111
15,18,1,10,22.11,2.211
15,18,2,5,10.73,2.146
15,18,3,7,10.23,1.4614285714285715
15,18,4,15,5.38,0.35866666666666663
15,19,0,3,9.23,3.0766666666666667
15,19,1,5,14.11,2.822
15,19,2,9,20.87,2.318888888888889
15,19,3,15,33.84,2.2560000000000002
15,19,4,14,11.52,0.8228571428571428
15,27,0,8,42.09,5.26125
15,27,1,11,47.27,4.297272727272728
15,27,2,5,10.08,2.016
15,27,3,15,28.87,1.9246666666666667
15,27,4,5,2.39,0.47800000000000004
15,28,0,5,5.78,1.1560000000000001
15,28,1,8,5.87,0.73375
15,28,2,2,1.25,0.625
15,28,3,9,5.58,0.62
15,28,4,7,2.3,0.32857142857142857
15,30,0,5,14.25,2.85
15,30,1,8,20.62,2.5775
15,30,2,14,19.42,1.3871428571428572
15,30,3,3,2.66,0.8866666666666667
15,30,4,13,7.51,0.5776923076923077
15,35,0,7,19.98,2.8542857142857145
15,35,1,1,2.18,2.18
15,35,2,17,26.56,1.5623529411764705
15,35,3,10,14.62,1.462
15,35,4,12,5.41,0.45083333333333336
15,36,0,16,18.16,1.135
15,36,1,9,9.94,1.1044444444444443
15,36,2,20,15.25,0.7625
15,36,3,3,0.89,0.2966666666666667
15,36,4,3,0.89,0.2966666666666667
15,37,0,8,8.55,1.06875
15,37,1,1,0.67,0.67
15,37,2,16,8.63,0.539375
15,37,3,20,4.91,0.2455
15,37,4,10,1.28,0.128
15,39,0,5,5.76,1.152
15,39,1,12,9.73,0.8108333333333334
15,39,2,8,4.9,0.6125
15,39,3,12,4.37,0.3641666666666667
15,39,4,2,0.71,0.355
15,40,0,10,19.48,1.948
15,40,1,6,8.75,1.4583333333333333
15,40,2,18,20.47,1.1372222222222221
15,40,3,18,6.37,0.3538888888888889
15,40,4,15,2.66,0.17733333333333334
15,41,0,2,3.12,1.56
15,41,1,5,6.42,1.284
15,41,2,4,5.11,1.2775
15,41,3,6,6.76,1.1266666666666667
15,41,4,12,3.97,0.33083333333333337
15,43,0,3,1.7,0.5666666666666667
15,43,1,16,8.4,0.525
15,43,2,16,7.6,0.475
15,43,3,8,1.93,0.24125
15,43,4,9,1.86,0.20666666666666667
15,46,0,19,50.53,2.659473684210526
15,46,1,7,10.49,1.4985714285714287
15,46,2,17,23.34,1.3729411764705883
15,46,3,15,19.88,1.3253333333333333
15,46,4,18,13.21,0.7338888888888889
15,50,0,5,45.28,9.056000000000001
15,50,1,18,93.25,5.180555555555555
15,50,2,2,10.11,5.055
15,50,3,18,42.06,2.336666666666667
15,50,4,4,2.17,0.5425
15,52,0,9,41.37,4.596666666666667
15,52,1,14,26.92,1.922857142857143
15,52,2,19,21.22,1.1168421052631579
15,52,3,6,5.18,0.8633333333333333
15,52,4,8,4.55,0.56875
15,53,0,19,187.54,9.870526315789473
15,53,1,20,172.94,8.647
15,53,2,3,22.41,7.47
15,53,3,7,20.43,2.9185714285714286
15,53,4,17,27.23,1.601764705882353
15,54,0,2,4.08,2.04
15,54,1,20,38.55,1.9274999999999998
15,54,2,17,30.27,1.7805882352941176
15,54,3,3,4.55,1.5166666666666666
15,54,4,4,0.78,0.195
15,55,0,6,13.24,2.2066666666666666
15,55,1,14,29.89,2.1350000000000002
15,55,2,15,24.49,1.6326666666666665
15,55,3,11,3.56,0.32363636363636367
15,55,4,6,0.81,0.135
15,64,0,5,5.82,1.1640000000000001
15,64,1,17,16.99,0.9994117647058822
15,64,2,5,1.7,0.33999999999999997
15,64,3,8,2.11,0.26375
15,64,4,2,0.36,0.18
15,67,0,3,13.27,4.423333333333333
15,67,1,17,59.42,3.495294117647059
15,67,2,3,10.13,3.376666666666667
15,67,3,8,24.79,3.09875
15,67,4,16,5.41,0.338125
15,68,0,2,8.58,4.29
15,68,1,16,55.25,3.453125
15,68,2,12,36.22,3.018333333333333
15,68,3,3,3.49,1.1633333333333333
15,68,4,14,9.07,0.6478571428571429
15,70,0,10,12.81,1.2810000000000001
15,70,1,15,17.75,1.1833333333333333
15,70,2,13,15.25,1.1730769230769231
15,70,3,19,5.31,0.2794736842105263
15,70,4,16,3.82,0.23875
15,71,0,9,65.42,7.268888888888889
15,71,1,19,99.92,5.258947368421053
15,71,2,17,53.12,3.124705882352941
15,71,3,8,20.68,2.585
15,71,4,4,4.02,1.005
15,72,0,19,16.11,0.8478947368421053
15,72,1,8,6.57,0.82125
15,72,2,13,9.69,0.7453846153846153
15,72,3,19,8.47,0.44578947368421057
15,72,4,2,0.77,0.385
15,74,0,13,23.66,1.82
15,74,1,11,17.54,1.5945454545454545
15,74,2,14,21.48,1.5342857142857143
15,74,3,11,14.26,1.2963636363636364
15,74,4,8,10.21,1.27625
15,75,0,4,8.6,2.15
15,75,1,16,17.22,1.07625
15,75,2,1,0.8,0.8
15,75,3,20,15.95,0.7975
15,75,4,20,2.71,0.1355
15,77,0,13,3.04,0.23384615384615384
15,77,1,5,0.5,0.1
15,77,2,11,0.38,0.034545454545454546
15,77,3,7,0.23,0.032857142857142856
15,77,4,20,0.39,0.0195
15,80,0,18,49.43,2.746111111111111
15,80,1,15,21.79,1.4526666666666666
15,80,2,2,2.7,1.35
15,80,3,4,3.34,0.835
15,80,4,9,6.67,0.741111111111111
15,83,0,11,75.56,6.869090909090909
15,83,1,12,76.83,6.4025
15,83,2,20,126.97,6.3485
15,83,3,6,17.79,2.965
15,83,4,12,17.25,1.4375
15,85,0,11,121.5,11.045454545454545
15,85,1,17,156.7,9.217647058823529
15,85,2,6,28.74,4.79
15,85,3,13,50.42,3.8784615384615386
15,85,4,20,51.19,2.5595
15,89,0,4,37.42,9.355
15,89,1,9,63.85,7.094444444444445
15,89,2,8,36.19,4.52375
15,89,3,6,7.95,1.325
15,89,4,1,0.38,0.38
15,90,0,5,3.12,0.624
15,90,1,9,4.1,0.4555555555555555
15,90,2,17,7.74,0.45529411764705885
15,90,3,3,1.07,0.3566666666666667
15,90,4,11,3.44,0.31272727272727274
15,95,0,13,10.39,0.7992307692307693
15,95,1,2,1.55,0.775
15,95,2,16,6.99,0.436875
15,95,3,10,3.29,0.329
15,95,4,1,0.08,0.08
15,96,0,2,2.76,1.38
15,96,1,17,22.07,1.2982352941176472
15,96,2,20,22.03,1.1015000000000001
15,96,3,4,3.34,0.835
15,96,4,15,7.37,0.49133333333333334
15,97,0,19,98.29,5.173157894736843
15,97,1,13,15.08,1.16
15,97,2,9,9.03,1.0033333333333332
15,97,3,16,15.41,0.963125
15,97,4,17,8.1,0.4764705882352941
17,4,0,18,31.98,1.7766666666666666
17,4,1,19,22.62,1.1905263157894737
17,4,2,9,10.49,1.1655555555555557
17,4,3,8,4.64,0.58
17,4,4,18,2.12,0.11777777777777779
17,5,0,3,4.22,1.4066666666666665
17,5,1,12,14.6,1.2166666666666666
17,5,2,19,16.96,0.8926315789473684
17,5,3,13,11.54,0.8876923076923077
17,5,4,9,5.47,0.6077777777777778
17,6,0,12,57.87,4.8225
17,6,1,2,8.61,4.305
17,6,2,7,20.12,2.8742857142857146
17,6,3,17,18.61,1.0947058823529412
17,6,4,2,2.1,1.05
17,7,0,12,119.68,9.973333333333334
17,7,1,10,94.32,9.431999999999999
17,7,2,13,105.76,8.135384615384616
17,7,3,19,64.05,3.371052631578947
17,7,4,6,18.72,3.1199999999999997
17,8,0,11,13.93,1.2663636363636364
17,8,1,11,6.14,0.5581818181818181
17,8,2,9,4.74,0.5266666666666667
17,8,3,16,4.99,0.311875
17,8,4,13,2.55,0.19615384615384615
17,9,0,7,24.93,3.5614285714285714
17,9,1,14,34.99,2.4992857142857146
17,9,2,20,36.22,1.811
17,9,3,16,18.17,1.135625
17,9,4,11,3.47,0.3154545454545455
17,11,0,9,13.7,1.5222222222222221
17,11,1,14,21.19,1.5135714285714286
17,11,2,16,21.44,1.34
17,11,3,13,14.15,1.0884615384615386
17,11,4,9,7.43,0.8255555555555555
17,12,0,20,41.46,2.073
17,12,1,10,18.86,1.886
17,12,2,19,13.93,0.7331578947368421
17,12,3,4,2.55,0.6375
17,12,4,1,0.18,0.18
17,15,0,9,15.41,1.7122222222222223
17,15,1,4,6.51,1.6275
17,15,2,3,4.61,1.5366666666666668
17,15,3,14,20.55,1.467857142857143
17,15,4,4,5.33,1.3325
17,18,0,13,12.18,0.9369230769230769
17,18,1,16,14.38,0.89875
17,18,2,4,3.46,0.865
17,18,3,6,4.37,0.7283333333333334
17,18,4,11,5.15,0.4681818181818182
17,19,0,12,15.93,1.3275
17,19,1,11,11.65,1.059090909090909
17,19,2,5,4.2,0.8400000000000001
17,19,3,17,11.33,0.6664705882352941
17,19,4,10,2.57,0.257
17,27,0,1,3.97,3.97
17,27,1,9,33.08,3.6755555555555555
17,27,2,8,22.03,2.75375
17,27,3,13,14.77,1.136153846153846
17,27,4,14,6.75,0.48214285714285715
17,28,0,10,7.95,0.795
17,28,1,13,10.11,0.7776923076923077
17,28,2,5,2.91,0.5820000000000001
17,28,3,8,3.66,0.4575
17,28,4,5,0.81,0.162
17,30,0,7,21.48,3.0685714285714285
17,30,1,9,22.01,2.445555555555556
17,30,2,13,27.59,2.1223076923076922
17,30,3,20,41.96,2.098
17,30,4,17,17.36,1.0211764705882354
17,35,0,19,30.04,1.5810526315789473
17,35,1,3,1.87,0.6233333333333334
17,35,2,11,4.45,0.40454545454545454
17,35,3,10,2.11,0.211
17,35,4,17,3.01,0.17705882352941174
17,36,0,20,27.39,1.3695
17,36,1,15,16.23,1.082
17,36,2,15,15.29,1.0193333333333332
17,36,3,5,3.94,0.788
17,36,4,17,2.76,0.1623529411764706
17,37,0,11,13.98,1.270909090909091
17,37,1,17,13.09,0.77
17,37,2,2,1.46,0.73
17,37,3,8,3.39,0.42375
17,37,4,15,2.88,0.192
17,39,0,7,7.5,1.0714285714285714
17,39,1,19,19.69,1.0363157894736843
17,39,2,7,4.05,0.5785714285714285
17,39,3,1,0.47,0.47
17,39,4,6,0.75,0.125
17,40,0,9,6.02,0.6688888888888889
17,40,1,13,6.29,0.48384615384615387
17,40,2,17,4.6,0.27058823529411763
17,40,3,19,2.56,0.13473684210526315
17,40,4,12,1.1,0.09166666666666667
17,41,0,2,1.97,0.985
17,41,1,16,11.47,0.716875
17,41,2,19,9.95,0.5236842105263158
17,41,3,18,7.76,0.4311111111111111
17,41,4,9,1.18,0.1311111111111111
17,43,0,10,20.46,2.0460000000000003
17,43,1,11,18.46,1.6781818181818182
17,43,2,20,25.35,1.2675
17,43,3,14,17.72,1.2657142857142856
17,43,4,4,4.54,1.135
17,46,0,7,17.75,2.5357142857142856
17,46,1,7,17.39,2.4842857142857144
17,46,2,3,7.11,2.37
17,46,3,7,12.84,1.8342857142857143
17,46,4,17,3.02,0.1776470588235294
17,50,0,1,8.53,8.53
17,50,1,10,69.98,6.998
17,50,2,20,134.97,6.7485
17,50,3,3,10.52,3.5066666666666664
17,50,4,14,6.79,0.485
17,52,0,2,4.82,2.41
17,52,1,19,39.52,2.08
17,52,2,12,24.79,2.0658333333333334
17,52,3,12,12.87,1.0725
17,52,4,18,16.97,0.9427777777777777
17,53,0,1,8.35,8.35
17,53,1,15,120.5,8.033333333333333
17,53,2,12,54.77,4.564166666666667
17,53,3,5,20.0,4.0
17,53,4,11,16.1,1.4636363636363638
17,54,0,3,3.1,1.0333333333333334
17,54,1,5,4.84,0.968
17,54,2,17,11.16,0.6564705882352941
17,54,3,16,9.16,0.5725
17,54,4,11,6.18,0.5618181818181818
17,55,0,1,2.45,2.45
17,55,1,7,13.19,1.8842857142857141
17,55,2,17,20.38,1.1988235294117646
17,55,3,17,18.34,1.0788235294117647
17,55,4,12,8.83,0.7358333333333333
17,64,0,19,22.89,1.204736842105263
17,64,1,13,5.54,0.42615384615384616
17,64,2,14,5.17,0.3692857142857143
17,64,3,1,0.32,0.32
17,64,4,1,0.11,0.11
17,67,0,3,10.19,3.3966666666666665
17,67,1,11,27.65,2.5136363636363637
17,67,2,19,41.28,2.1726315789473687
17,67,3,3,5.72,1.9066666666666665
17,67,4,2,1.85,0.925
17,68,0,7,21.68,3.097142857142857
17,68,1,13,39.19,3.0146153846153845
17,68,2,4,8.28,2.07
17,68,3,15,25.8,1.72
17,68,4,7,1.12,0.16
17,70,0,5,8.59,1.718
17,70,1,19,31.85,1.6763157894736842
17,70,2,15,21.0,1.4
17,70,3,19,25.36,1.3347368421052632
17,70,4,15,13.02,0.868
17,71,0,2,15.02,7.51
17,71,1,8,50.45,6.30625
17,71,2,16,97.59,6.099375
17,71,3,16,86.14,5.38375
17,71,4,6,22.04,3.6733333333333333
17,72,0,4,2.99,0.7475
17,72,1,8,5.3,0.6625
17,72,2,19,12.41,0.6531578947368422
17,72,3,20,6.67,0.3335
17,72,4,8,0.29,0.03625
17,74,0,7,16.63,2.3757142857142854
17,74,1,8,15.2,1.9
17,74,2,2,2.86,1.43
17,74,3,2,1.6,0.8
17,74,4,13,10.32,0.7938461538461539
17,75,0,2,2.16,1.08
17,75,1,19,20.33,1.0699999999999998
17,75,2,8,7.28,0.91
17,75,3,9,0.83,0.09222222222222222
17,75,4,15,1.0,0.06666666666666667
17,77,0,17,26.17,1.5394117647058825
17,77,1,4,5.95,1.4875
17,77,2,17,11.52,0.6776470588235294
17,77,3,4,1.7,0.425
17,77,4,17,6.46,0.38
17,80,0,13,28.46,2.189230769230769
17,80,1,20,29.91,1.4955
17,80,2,1,1.37,1.37
17,80,3,3,3.73,1.2433333333333334
17,80,4,1,0.26,0.26
17,83,0,18,77.62,4.312222222222222
17,83,1,13,50.76,3.9046153846153846
17,83,2,2,7.71,3.855
17,83,3,20,36.47,1.8235
17,83,4,18,11.77,0.6538888888888889
17,85,0,17,153.73,9.042941176470588
17,85,1,7,52.93,7.561428571428571
17,85,2,4,27.74,6.935
17,85,3,15,39.81,2.6540000000000004
17,85,4,1,2.43,2.43
17,89,0,3,21.23,7.076666666666667
17,89,1,12,79.14,6.595
17,89,2,3,16.17,5.390000000000001
17,89,3,9,28.42,3.157777777777778
17,89,4,4,4.82,1.205
17,90,0,11,18.66,1.6963636363636363
17,90,1,20,25.86,1.293
17,90,2,10,3.97,0.397
17,90,3,2,0.65,0.325
17,90,4,1,0.25,0.25
17,95,0,14,30.04,2.1457142857142855
17,95,1,3,6.36,2.12
17,95,2,19,29.15,1.5342105263157895
17,95,3,13,14.37,1.1053846153846154
17,95,4,20,11.36,0.568
17,96,0,5,5.09,1.018
17,96,1,14,13.48,0.9628571428571429
17,96,2,2,1.73,0.865
17,96,3,1,0.81,0.81
17,96,4,2,0.51,0.255
17,97,0,10,34.52,3.4520000000000004
17,97,1,10,18.79,1.879
17,97,2,1,1.42,1.42
17,97,3,5,5.72,1.144
17,97,4,4,3.17,0.7925
18,4,0,6,6.68,1.1133333333333333
18,4,1,16,14.02,0.87625
18,4,2,11,3.79,0.34454545454545454
18,4,3,18,1.23,0.06833333333333333
18,4,4,8,0.48,0.06
18,5,0,12,7.82,0.6516666666666667
18,5,1,8,5.04,0.63
18,5,2,8,3.17,0.39625
18,5,3,3,1.16,0.38666666666666666
18,5,4,11,0.32,0.02909090909090909
18,6,0,11,25.43,2.311818181818182
18,6,1,11,22.27,2.0245454545454544
18,6,2,15,15.07,1.0046666666666666
18,6,3,18,14.58,0.81
18,6,4,4,1.53,0.3825
18,7,0,14,139.93,9.995000000000001
18,7,1,17,127.73,7.513529411764706
18,7,2,3,21.25,7.083333333333333
18,7,3,18,53.0,2.9444444444444446
18,7,4,17,16.6,0.9764705882352942
18,8,0,1,1.31,1.31
18,8,1,14,18.32,1.3085714285714285
18,8,2,20,25.18,1.259
18,8,3,6,6.76,1.1266666666666667
18,8,4,7,3.98,0.5685714285714286
18,9,0,20,65.28,3.2640000000000002
18,9,1,10,25.79,2.5789999999999997
18,9,2,7,15.51,2.2157142857142857
18,9,3,8,9.95,1.24375
18,9,4,1,0.43,0.43
18,11,0,3,6.12,2.04
18,11,1,3,5.07,1.6900000000000002
18,11,2,13,11.88,0.9138461538461539
18,11,3,19,9.23,0.48578947368421055
18,11,4,18,2.68,0.1488888888888889
18,12,0,9,14.59,1.6211111111111112
18,12,1,17,20.89,1.2288235294117646
18,12,2,16,18.6,1.1625
18,12,3,18,4.69,0.2605555555555556
18,12,4,12,2.35,0.19583333333333333
18,15,0,4,9.47,2.3675
18,15,1,6,7.65,1.2750000000000001
18,15,2,13,15.35,1.1807692307692308
18,15,3,4,3.11,0.7775
18,15,4,15,8.63,0.5753333333333334
18,17,0,7,6.27,0.8957142857142857
18,17,1,15,6.11,0.4073333333333334
18,17,2,11,3.73,0.3390909090909091
18,17,3,8,1.26,0.1575
18,17,4,7,0.54,0.07714285714285715
18,19,0,3,3.3,1.0999999999999999
18,19,1,1,1.03,1.03
18,19,2,6,5.74,0.9566666666666667
18,19,3,19,7.8,0.4105263157894737
18,19,4,9,2.32,0.2577777777777778
18,27,0,3,8.04,2.6799999999999997
18,27,1,5,11.46,2.2920000000000003
18,27,2,2,3.72,1.86
18,27,3,8,3.64,0.455
18,27,4,10,2.48,0.248
18,28,0,5,8.66,1.732
18,28,1,6,6.0,1.0
18,28,2,9,6.57,0.73
18,28,3,12,8.61,0.7174999999999999
18,28,4,6,1.91,0.3183333333333333
18,30,0,13,49.59,3.8146153846153847
18,30,1,7,25.45,3.6357142857142857
18,30,2,4,14.32,3.58
18,30,3,6,7.68,1.28
18,30,4,1,1.04,1.04
18,35,0,13,23.17,1.7823076923076924
18,35,1,13,22.74,1.7492307692307691
18,35,2,8,10.89,1.36125
18,35,3,16,9.71,0.606875
18,35,4,1,0.18,0.18
18,36,0,18,36.12,2.0066666666666664
18,36,1,16,20.46,1.27875
18,36,2,3,3.57,1.19
18,36,3,8,6.89,0.86125
18,36,4,4,1.61,0.4025
18,37,0,6,12.61,2.1016666666666666
18,37,1,16,18.41,1.150625
18,37,2,14,14.9,1.0642857142857143
18,37,3,9,8.0,0.8888888888888888
18,37,4,4,2.05,0.5125
18,39,0,16,35.19,2.199375
18,39,1,19,34.71,1.826842105263158
18,39,2,11,18.36,1.669090909090909
18,39,3,3,4.63,1.5433333333333332
18,39,4,16,12.57,0.785625
18,40,0,17,6.06,0.3564705882352941
18,40,1,14,3.12,0.22285714285714286
18,40,2,8,1.77,0.22125
18,40,3,13,0.78,0.060000000000000005
18,40,4,7,0.39,0.055714285714285716
18,41,0,15,4.46,0.29733333333333334
18,41,1,15,3.63,0.242
18,41,2,16,1.77,0.110625
18,41,3,4,0.36,0.09
18,41,4,5,0.21,0.041999999999999996
18,43,0,17,49.55,2.914705882352941
18,43,1,16,35.98,2.24875
18,43,2,6,10.21,1.7016666666666669
18,43,3,16,25.84,1.615
18,43,4,12,4.07,0.33916666666666667
18,46,0,8,17.6,2.2
18,46,1,11,23.25,2.1136363636363638
18,46,2,2,3.13,1.565
18,46,3,12,6.05,0.5041666666666667
18,46,4,20,9.78,0.489
18,50,0,6,40.93,6.821666666666666
18,50,1,12,77.09,6.424166666666667
18,50,2,1,5.89,5.89
18,50,3,3,13.56,4.5200000000000005
18,50,4,2,6.01,3.005
18,52,0,5,13.57,2.714
18,52,1,10,24.36,2.436
18,52,2,3,4.1,1.3666666666666665
18,52,3,19,14.11,0.7426315789473684
18,52,4,6,1.0,0.16666666666666666
18,53,0,16,115.91,7.244375
18,53,1,7,47.06,6.722857142857143
18,53,2,16,67.41,4.213125
18,53,3,16,44.59,2.786875
18,53,4,7,16.62,2.3742857142857146
18,54,0,1,0.98,0.98
18,54,1,6,3.72,0.62
18,54,2,15,7.56,0.504
18,54,3,16,6.29,0.393125
18,54,4,11,1.3,0.11818181818181818
18,55,0,9,19.83,2.203333333333333
18,55,1,16,32.82,2.05125
18,55,2,6,5.71,0.9516666666666667
18,55,3,1,0.67,0.67
18,55,4,13,7.92,0.6092307692307692
18,64,0,9,23.24,2.582222222222222
18,64,1,5,12.27,2.4539999999999997
18,64,2,11,26.32,2.3927272727272726
18,64,3,8,12.45,1.55625
18,64,4,17,7.75,0.45588235294117646
18,67,0,19,71.78,3.7778947368421054
18,67,1,19,58.63,3.0857894736842106
18,67,2,14,18.11,1.2935714285714286
18,67,3,2,1.84,0.92
18,67,4,14,12.85,0.9178571428571428
18,68,0,9,20.23,2.247777777777778
18,68,1,4,8.99,2.2475
18,68,2,5,11.12,2.2239999999999998
18,68,3,14,29.82,2.13
18,68,4,14,4.26,0.30428571428571427
18,70,0,6,11.9,1.9833333333333334
18,70,1,13,25.17,1.9361538461538463
18,70,2,17,23.09,1.358235294117647
18,70,3,14,3.5,0.25
18,70,4,10,2.44,0.244
18,71,0,12,96.1,8.008333333333333
18,71,1,3,16.19,5.396666666666667
18,71,2,17,90.9,5.347058823529412
18,71,3,15,36.46,2.4306666666666668
18,71,4,18,35.92,1.9955555555555557
18,72,0,6,9.5,1.5833333333333333
18,72,1,9,10.83,1.2033333333333334
18,72,2,9,9.68,1.0755555555555556
18,72,3,14,10.03,0.7164285714285714
18,72,4,17,8.93,0.5252941176470588
18,74,0,11,30.34,2.7581818181818183
18,74,1,3,7.3,2.433333333333333
18,74,2,2,4.37,2.185
18,74,3,1,1.6,1.6
18,74,4,16,13.32,0.8325
18,75,0,8,5.09,0.63625
18,75,1,3,1.87,0.6233333333333334
18,75,2,11,5.68,0.5163636363636364
18,75,3,11,4.94,0.44909090909090915
18,75,4,6,1.9,0.31666666666666665
18,77,0,13,35.81,2.7546153846153847
18,77,1,16,35.52,2.22
18,77,2,7,11.23,1.6042857142857143
18,77,3,12,13.9,1.1583333333333334
18,77,4,8,9.06,1.1325
18,80,0,5,14.34,2.868
18,80,1,5,12.78,2.556
18,80,2,7,17.79,2.5414285714285714
18,80,3,20,25.53,1.2765
18,80,4,4,0.85,0.2125
18,83,0,15,77.65,5.176666666666667
18,83,1,12,47.1,3.9250000000000003
18,83,2,19,58.43,3.075263157894737
18,83,3,3,8.07,2.69
18,83,4,14,26.23,1.8735714285714287
18,85,0,4,44.3,11.075
18,85,1,10,96.76,9.676
18,85,2,16,129.68,8.105
18,85,3,7,52.22,7.46
18,85,4,6,28.84,4.806666666666667
18,89,0,19,189.37,9.966842105263158
18,89,1,6,51.21,8.535
18,89,2,10,68.27,6.827
18,89,3,20,98.21,4.9105
18,89,4,7,28.44,4.062857142857143
18,90,0,1,2.54,2.54
18,90,1,14,31.09,2.2207142857142856
18,90,2,1,1.84,1.84
18,90,3,19,4.8,0.25263157894736843
18,90,4,9,1.84,0.20444444444444446
18,95,0,3,6.61,2.2033333333333336
18,95,1,6,5.5,0.9166666666666666
18,95,2,1,0.64,0.64
18,95,3,4,1.48,0.37
18,95,4,8,1.46,0.1825
18,96,0,3,4.73,1.5766666666666669
18,96,1,16,22.87,1.429375
18,96,2,3,2.64,0.88
18,96,3,5,3.99,0.798
18,96,4,11,5.72,0.52
18,97,0,3,2.6,0.8666666666666667
18,97,1,9,4.42,0.4911111111111111
18,97,2,9,3.39,0.3766666666666667
18,97,3,11,3.01,0.2736363636363636
18,97,4,20,5.32,0.266
19,4,0,20,9.88,0.49400000000000005
19,4,1,5,2.24,0.44800000000000006
19,4,2,18,7.76,0.4311111111111111
19,4,3,11,2.15,0.19545454545454544
19,4,4,16,1.49,0.093125
19,5,0,3,2.65,0.8833333333333333
19,5,1,14,6.25,0.44642857142857145
19,5,2,1,0.28,0.28
19,5,3,5,1.22,0.244
19,5,4,4,0.45,0.1125
19,6,0,15,48.59,3.2393333333333336
19,6,1,8,20.35,2.54375
19,6,2,16,37.18,2.32375
19,6,3,19,18.74,0.9863157894736841
19,6,4,5,1.05,0.21000000000000002
19,7,0,17,89.35,5.2558823529411764
19,7,1,9,44.68,4.964444444444444
19,7,2,15,38.76,2.584
19,7,3,1,2.4,2.4
19,7,4,2,1.33,0.665
19,8,0,10,27.43,2.743
19,8,1,15,26.04,1.736
19,8,2,10,6.69,0.669
19,8,3,6,3.91,0.6516666666666667
19,8,4,9,4.12,0.4577777777777778
19,9,0,11,21.33,1.939090909090909
19,9,1,2,3.64,1.82
19,9,2,17,28.95,1.7029411764705882
19,9,3,10,9.78,0.978
19,9,4,2,1.2,0.6
19,11,0,8,13.57,1.69625
19,11,1,2,2.47,1.235
19,11,2,7,8.54,1.22
19,11,3,8,5.2,0.65
19,11,4,11,4.85,0.44090909090909086
19,12,0,17,8.37,0.49235294117647055
19,12,1,12,5.66,0.4716666666666667
19,12,2,3,1.29,0.43
19,12,3,16,5.92,0.37
19,12,4,3,0.29,0.09666666666666666
19,15,0,11,30.49,2.7718181818181815
19,15,1,9,23.59,2.621111111111111
19,15,2,14,35.25,2.517857142857143
19,15,3,14,22.8,1.6285714285714286
19,15,4,17,13.89,0.8170588235294118
19,17,0,4,4.75,1.1875
19,17,1,3,2.98,0.9933333333333333
19,17,2,11,10.64,0.9672727272727273
19,17,3,12,10.13,0.8441666666666667
19,17,4,9,2.3,0.25555555555555554
19,18,0,3,3.12,1.04
19,18,1,15,12.65,0.8433333333333334
19,18,2,11,6.12,0.5563636363636364
19,18,3,2,0.79,0.395
19,18,4,18,3.57,0.19833333333333333
19,27,0,4,9.77,2.4425
19,27,1,5,9.22,1.844
19,27,2,3,3.46,1.1533333333333333
19,27,3,3,1.8,0.6
19,27,4,2,0.47,0.235
19,28,0,14,17.08,1.22
19,28,1,18,18.9,1.0499999999999998
19,28,2,6,4.18,0.6966666666666667
19,28,3,14,4.8,0.34285714285714286
19,28,4,12,3.22,0.26833333333333337
19,30,0,9,27.31,3.0344444444444445
19,30,1,6,11.94,1.99
19,30,2,13,20.61,1.5853846153846154
19,30,3,8,12.32,1.54
19,30,4,18,8.8,0.48888888888888893
19,35,0,10,9.37,0.9369999999999999
19,35,1,5,4.63,0.9259999999999999
19,35,2,13,11.54,0.8876923076923077
19,35,3,17,7.58,0.44588235294117645
19,35,4,16,2.79,0.174375
19,36,0,5,13.51,2.702
19,36,1,6,12.28,2.0466666666666664
19,36,2,17,23.05,1.3558823529411765
19,36,3,20,19.27,0.9635
19,36,4,8,1.47,0.18375
19,37,0,1,1.78,1.78
19,37,1,11,15.68,1.4254545454545455
19,37,2,9,11.48,1.2755555555555556
19,37,3,19,14.41,0.758421052631579
19,37,4,14,2.7,0.19285714285714287
19,39,0,2,5.16,2.58
19,39,1,9,23.17,2.5744444444444445
19,39,2,11,24.58,2.2345454545454544
19,39,3,10,10.81,1.081
19,39,4,11,7.7,0.7000000000000001
19,40,0,14,16.35,1.167857142857143
19,40,1,19,22.18,1.1673684210526316
19,40,2,12,7.66,0.6383333333333333
19,40,3,10,2.22,0.22200000000000003
19,40,4,8,0.64,0.08
19,41,0,2,1.68,0.84
19,41,1,8,5.61,0.70125
19,41,2,6,3.9,0.65
19,41,3,11,3.79,0.34454545454545454
19,41,4,10,2.41,0.24100000000000002
19,43,0,5,17.88,3.5759999999999996
19,43,1,6,21.24,3.5399999999999996
19,43,2,18,54.07,3.003888888888889
19,43,3,2,3.08,1.54
19,43,4,10,6.97,0.697
19,46,0,18,29.81,1.656111111111111
19,46,1,2,2.71,1.355
19,46,2,15,20.05,1.3366666666666667
19,46,3,18,20.27,1.126111111111111
19,46,4,11,9.14,0.8309090909090909
19,50,0,1,7.63,7.63
19,50,1,7,43.58,6.225714285714285
19,50,2,12,28.19,2.3491666666666666
19,50,3,1,2.17,2.17
19,50,4,4,5.17,1.2925
19,52,0,16,30.59,1.911875
19,52,1,7,12.12,1.7314285714285713
19,52,2,16,24.05,1.503125
19,52,3,3,3.78,1.26
19,52,4,13,8.81,0.6776923076923077
19,53,0,10,70.3,7.029999999999999
19,53,1,12,83.79,6.982500000000001
19,53,2,10,61.26,6.1259999999999994
19,53,3,12,66.45,5.5375000000000005
19,53,4,19,87.62,4.611578947368422
19,54,0,4,2.7,0.675
19,54,1,12,7.37,0.6141666666666666
19,54,2,15,7.22,0.48133333333333334
19,54,3,8,2.1,0.2625
19,54,4,17,1.97,0.11588235294117646
19,55,0,14,42.02,3.001428571428572
19,55,1,1,2.19,2.19
19,55,2,4,8.04,2.01
19,55,3,19,33.48,1.7621052631578946
19,55,4,19,4.2,0.2210526315789474
19,64,0,20,58.94,2.947
19,64,1,17,49.34,2.9023529411764706
19,64,2,6,11.85,1.9749999999999999
19,64,3,8,11.42,1.4275
19,64,4,12,6.01,0.5008333333333334
19,67,0,3,10.13,3.376666666666667
19,67,1,11,21.3,1.9363636363636365
19,67,2,6,11.11,1.8516666666666666
19,67,3,7,8.97,1.2814285714285716
19,67,4,14,9.7,0.6928571428571428
19,68,0,13,32.82,2.5246153846153847
19,68,1,18,41.09,2.282777777777778
19,68,2,5,7.84,1.568
19,68,3,6,3.27,0.545
19,68,4,17,2.16,0.12705882352941178
19,70,0,1,2.93,2.93
19,70,1,18,51.46,2.858888888888889
19,70,2,4,11.31,2.8275
19,70,3,2,1.55,0.775
19,70,4,12,3.54,0.295
19,71,0,15,93.34,6.222666666666667
19,71,1,5,22.15,4.43
19,71,2,7,28.48,4.0685714285714285
19,71,3,5,7.17,1.434
19,71,4,14,18.34,1.31
19,72,0,1,1.88,1.88
19,72,1,17,25.37,1.4923529411764707
19,72,2,9,12.95,1.4388888888888889
19,72,3,8,8.23,1.02875
19,72,4,2,0.6,0.3
19,74,0,6,23.89,3.981666666666667
19,74,1,6,19.95,3.3249999999999997
19,74,2,8,19.54,2.4425
19,74,3,8,18.8,2.35
19,74,4,6,6.92,1.1533333333333333
19,75,0,7,12.55,1.792857142857143
19,75,1,14,23.84,1.7028571428571428
19,75,2,9,13.92,1.5466666666666666
19,75,3,4,5.57,1.3925
19,75,4,20,26.5,1.325
19,77,0,3,9.02,3.0066666666666664
19,77,1,18,42.76,2.3755555555555556
19,77,2,2,3.5,1.75
19,77,3,1,1.6,1.6
19,77,4,5,5.97,1.194
19,80,0,8,15.31,1.91375
19,80,1,6,7.52,1.2533333333333332
19,80,2,14,10.28,0.7342857142857142
19,80,3,18,12.53,0.6961111111111111
19,80,4,8,2.99,0.37375
19,83,0,6,16.82,2.8033333333333332
19,83,1,7,18.31,2.6157142857142857
19,83,2,4,9.05,2.2625
19,83,3,14,20.0,1.4285714285714286
19,83,4,15,7.87,0.5246666666666667
19,85,0,15,120.78,8.052
19,85,1,19,99.66,5.245263157894737
19,85,2,7,35.71,5.101428571428571
19,85,3,9,45.88,5.097777777777778
19,85,4,6,27.38,4.5633333333333335
19,89,0,12,83.73,6.9775
19,89,1,12,80.2,6.683333333333334
19,89,2,3,12.01,4.003333333333333
19,89,3,6,14.82,2.47
19,89,4,17,28.49,1.6758823529411764
19,90,0,15,48.27,3.2180000000000004
19,90,1,2,6.33,3.165
19,90,2,13,31.73,2.440769230769231
19,90,3,19,39.79,2.0942105263157895
19,90,4,11,15.38,1.3981818181818182
19,95,0,13,47.62,3.6630769230769227
19,95,1,1,3.65,3.65
19,95,2,18,46.05,2.558333333333333
19,95,3,16,23.37,1.460625
19,95,4,20,25.06,1.253
19,96,0,13,26.71,2.0546153846153845
19,96,1,5,8.24,1.6480000000000001
19,96,2,19,28.74,1.5126315789473683
19,96,3,6,8.75,1.4583333333333333
19,96,4,8,7.53,0.94125
19,97,0,13,28.09,2.1607692307692306
19,97,1,1,2.05,2.05
19,97,2,16,24.09,1.505625
19,97,3,9,11.38,1.2644444444444445
19,97,4,10,4.9,0.49000000000000005
27,4,0,18,50.91,2.828333333333333
27,4,1,11,25.42,2.310909090909091
27,4,2,9,13.1,1.4555555555555555
27,4,3,1,1.33,1.33
27,4,4,16,8.57,0.535625
27,5,0,20,49.47,2.4735
27,5,1,11,14.78,1.3436363636363635
27,5,2,13,5.77,0.44384615384615383
27,5,3,9,2.14,0.23777777777777778
27,5,4,18,3.94,0.21888888888888888
27,6,0,8,1.87,0.23375
27,6,1,7,1.58,0.22571428571428573
27,6,2,16,2.9,0.18125
27,6,3,5,0.85,0.16999999999999998
27,6,4,13,0.74,0.05692307692307692
27,7,0,4,24.6,6.15
27,7,1,3,15.2,5.066666666666666
27,7,2,18,66.35,3.686111111111111
27,7,3,5,14.8,2.96
27,7,4,14,26.61,1.9007142857142856
27,8,0,16,82.69,5.168125
27,8,1,6,22.0,3.6666666666666665
27,8,2,13,34.62,2.6630769230769227
27,8,3,7,3.28,0.4685714285714285
27,8,4,10,4.58,0.458
27,9,0,7,7.83,1.1185714285714285
27,9,1,2,0.69,0.345
27,9,2,6,1.59,0.265
27,9,3,6,1.53,0.255
27,9,4,2,0.22,0.11
27,11,0,1,6.46,6.46
27,11,1,8,26.17,3.27125
27,11,2,7,17.56,2.5085714285714285
27,11,3,14,32.03,2.287857142857143
27,11,4,14,25.75,1.8392857142857142
27,12,0,5,11.49,2.298
27,12,1,2,4.54,2.27
27,12,2,20,39.74,1.987
27,12,3,2,2.68,1.34
27,12,4,6,3.42,0.57
27,15,0,15,79.48,5.298666666666667
27,15,1,18,86.03,4.779444444444445
27,15,2,20,77.5,3.875
27,15,3,13,41.27,3.174615384615385
27,15,4,19,6.05,0.31842105263157894
27,17,0,5,20.03,4.006
27,17,1,18,44.66,2.481111111111111
27,17,2,1,2.41,2.41
27,17,3,16,15.41,0.963125
27,17,4,13,11.46,0.8815384615384616
27,18,0,16,69.92,4.37
27,18,1,17,73.04,4.2964705882352945
27,18,2,7,18.76,2.68
27,18,3,12,23.97,1.9974999999999998
27,18,4,14,23.03,1.645
27,19,0,20,55.67,2.7835
27,19,1,7,18.83,2.69
27,19,2,19,44.72,2.353684210526316
27,19,3,13,9.75,0.75
27,19,4,20,13.09,0.6545
27,28,0,16,64.41,4.025625
27,28,1,19,69.22,3.643157894736842
27,28,2,11,30.49,2.7718181818181815
27,28,3,20,30.67,1.5335
27,28,4,18,22.16,1.231111111111111
27,30,0,14,31.16,2.2257142857142855
27,30,1,10,18.73,1.873
27,30,2,3,5.5,1.8333333333333333
27,30,3,3,4.77,1.5899999999999999
27,30,4,2,1.14,0.57
27,35,0,15,41.53,2.768666666666667
27,35,1,9,24.75,2.75
27,35,2,20,54.69,2.7344999999999997
27,35,3,5,2.17,0.434
27,35,4,1,0.39,0.39
27,36,0,15,49.16,3.277333333333333
27,36,1,9,13.65,1.5166666666666666
27,36,2,10,12.16,1.216
27,36,3,9,5.26,0.5844444444444444
27,36,4,4,1.47,0.3675
27,37,0,17,67.82,3.9894117647058818
27,37,1,19,56.52,2.9747368421052633
27,37,2,9,18.15,2.0166666666666666
27,37,3,17,32.26,1.8976470588235292
27,37,4,12,12.03,1.0025
27,39,0,16,70.5,4.40625
27,39,1,5,18.79,3.758
27,39,2,2,6.97,3.485
27,39,3,11,21.47,1.9518181818181817
27,39,4,10,4.19,0.41900000000000004
27,40,0,13,54.79,4.214615384615384
27,40,1,9,36.12,4.013333333333333
27,40,2,18,65.66,3.647777777777778
27,40,3,2,4.56,2.28
27,40,4,5,9.21,1.842
27,41,0,11,39.05,3.55
27,41,1,3,9.31,3.1033333333333335
27,41,2,20,41.13,2.0565
27,41,3,2,2.07,1.035
27,41,4,1,0.52,0.52
27,43,0,5,23.94,4.788
27,43,1,4,19.15,4.7875
27,43,2,17,35.78,2.1047058823529414
27,43,3,20,31.64,1.582
27,43,4,6,8.59,1.4316666666666666
27,46,0,3,3.71,1.2366666666666666
27,46,1,8,7.58,0.9475
27,46,2,20,12.63,0.6315000000000001
27,46,3,8,4.29,0.53625
27,46,4,2,0.97,0.485
27,50,0,14,69.4,4.957142857142857
27,50,1,11,41.3,3.7545454545454544
27,50,2,18,62.23,3.457222222222222
27,50,3,13,18.46,1.4200000000000002
27,50,4,15,19.76,1.3173333333333335
27,52,0,17,23.18,1.3635294117647059
27,52,1,13,16.44,1.2646153846153847
27,52,2,4,3.24,0.81
27,52,3,15,10.65,0.7100000000000001
27,52,4,9,2.47,0.2744444444444445
27,53,0,5,28.17,5.634
27,53,1,9,32.61,3.623333333333333
27,53,2,4,14.27,3.5675
27,53,3,16,51.26,3.20375
27,53,4,19,42.13,2.217368421052632
27,54,0,4,14.03,3.5075
27,54,1,10,34.56,3.4560000000000004
27,54,2,11,34.98,3.1799999999999997
27,54,3,5,9.26,1.8519999999999999
27,54,4,12,17.33,1.4441666666666666
27,55,0,13,31.42,2.416923076923077
27,55,1,10,19.39,1.939
27,55,2,1,1.4,1.4
27,55,3,6,8.32,1.3866666666666667
27,55,4,15,9.7,0.6466666666666666
27,64,0,12,47.47,3.955833333333333
27,64,1,7,26.79,3.827142857142857
27,64,2,12,41.01,3.4175
27,64,3,6,15.78,2.63
27,64,4,20,30.37,1.5185
27,67,0,10,28.39,2.839
27,67,1,8,16.87,2.10875
27,67,2,1,0.71,0.71
27,67,3,3,2.08,0.6933333333333334
27,67,4,19,5.66,0.29789473684210527
27,68,0,10,44.48,4.4479999999999995
27,68,1,7,23.15,3.307142857142857
27,68,2,8,26.12,3.265
27,68,3,17,55.0,3.235294117647059
27,68,4,1,1.42,1.42
27,70,0,19,86.38,4.546315789473684
27,70,1,19,67.53,3.5542105263157895
27,70,2,17,48.11,2.83
27,70,3,9,19.75,2.1944444444444446
27,70,4,14,11.19,0.7992857142857143
27,71,0,7,30.9,4.414285714285714
27,71,1,17,72.73,4.278235294117647
27,71,2,4,5.3,1.325
27,71,3,8,4.91,0.61375
27,71,4,6,1.41,0.235
27,72,0,9,25.2,2.8
27,72,1,13,29.24,2.249230769230769
27,72,2,14,28.61,2.0435714285714286
27,72,3,14,10.73,0.7664285714285715
27,72,4,1,0.55,0.55
27,74,0,2,15.01,7.505
27,74,1,1,7.21,7.21
27,74,2,12,51.57,4.2975
27,74,3,20,83.06,4.1530000000000005
27,74,4,13,19.11,1.47
27,75,0,12,57.5,4.791666666666667
27,75,1,19,79.46,4.1821052631578945
27,75,2,12,17.76,1.4800000000000002
27,75,3,5,5.09,1.018
27,75,4,5,4.76,0.952
27,77,0,1,4.61,4.61
27,77,1,17,62.05,3.65
27,77,2,4,14.44,3.61
27,77,3,14,42.39,3.027857142857143
27,77,4,4,4.84,1.21
27,80,0,8,19.95,2.49375
27,80,1,3,6.78,2.2600000000000002
27,80,2,8,9.57,1.19625
27,80,3,1,0.73,0.73
27,80,4,12,8.76,0.73
27,83,0,11,6.92,0.629090909090909
27,83,1,2,1.2,0.6
27,83,2,19,9.9,0.5210526315789474
27,83,3,17,5.79,0.34058823529411764
27,83,4,2,0.64,0.32
27,85,0,11,62.76,5.705454545454545
27,85,1,11,54.43,4.948181818181818
27,85,2,2,9.25,4.625
27,85,3,6,10.31,1.7183333333333335
27,85,4,9,7.99,0.8877777777777778
27,89,0,14,80.04,5.717142857142858
27,89,1,3,11.93,3.9766666666666666
27,89,2,14,36.79,2.6278571428571427
27,89,3,15,30.81,2.054
27,89,4,5,7.67,1.534
27,90,0,4,26.12,6.53
27,90,1,14,85.98,6.1414285714285715
27,90,2,6,32.68,5.446666666666666
27,90,3,4,18.94,4.735
27,90,4,19,10.48,0.5515789473684211
27,95,0,4,14.61,3.6525
27,95,1,7,25.11,3.587142857142857
27,95,2,2,4.9,2.45
27,95,3,2,4.24,2.12
27,95,4,6,10.54,1.7566666666666666
27,96,0,8,31.37,3.92125
27,96,1,7,18.53,2.6471428571428572
27,96,2,4,5.35,1.3375
27,96,3,15,11.13,0.7420000000000001
27,96,4,15,3.78,0.252
27,97,0,10,53.53,5.353
27,97,1,3,8.96,2.986666666666667
27,97,2,13,30.8,2.3692307692307693
27,97,3,11,16.48,1.4981818181818183
27,97,4,11,15.03,1.3663636363636362
28,4,0,9,17.95,1.9944444444444445
28,4,1,4,3.52,0.88
28,4,2,18,8.72,0.48444444444444446
28,4,3,3,0.7,0.2333333333333333
28,4,4,14,3.22,0.23
28,5,0,19,36.47,1.9194736842105262
28,5,1,4,6.38,1.595
28,5,2,16,21.68,1.355
28,5,3,15,11.22,0.748
28,5,4,16,10.57,0.660625
28,6,0,19,94.48,4.972631578947369
28,6,1,1,3.58,3.58
28,6,2,5,16.99,3.3979999999999997
28,6,3,3,7.63,2.5433333333333334
28,6,4,16,13.06,0.81625
28,7,0,2,15.33,7.665
28,7,1,8,46.1,5.7625
28,7,2,9,32.35,3.5944444444444446
28,7,3,11,28.59,2.599090909090909
28,7,4,3,4.28,1.4266666666666667
28,8,0,18,26.93,1.4961111111111112
28,8,1,15,14.02,0.9346666666666666
28,8,2,12,10.48,0.8733333333333334
28,8,3,9,3.57,0.39666666666666667
28,8,4,1,0.34,0.34
28,9,0,4,12.31,3.0775
28,9,1,9,24.74,2.7488888888888887
28,9,2,3,7.75,2.5833333333333335
28,9,3,5,12.7,2.54
28,9,4,8,19.67,2.45875
28,11,0,10,22.87,2.287
28,11,1,18,35.96,1.9977777777777779
28,11,2,11,21.53,1.9572727272727273
28,11,3,1,0.43,0.43
28,11,4,12,3.33,0.2775
28,12,0,16,27.11,1.694375
28,12,1,19,24.06,1.266315789473684
28,12,2,10,12.35,1.2349999999999999
28,12,3,19,20.25,1.0657894736842106
28,12,4,5,4.58,0.916
28,15,0,8,8.96,1.12
28,15,1,17,17.3,1.0176470588235293
28,15,2,1,0.78,0.78
28,15,3,20,7.7,0.385
28,15,4,17,4.91,0.2888235294117647
28,17,0,15,10.43,0.6953333333333334
28,17,1,4,2.74,0.685
28,17,2,17,8.39,0.49352941176470594
28,17,3,17,7.44,0.43764705882352944
28,17,4,18,5.09,0.2827777777777778
28,18,0,13,20.07,1.5438461538461539
28,18,1,2,3.05,1.525
28,18,2,7,9.56,1.3657142857142859
28,18,3,16,10.27,0.641875
28,18,4,18,10.59,0.5883333333333334
28,19,0,7,9.88,1.4114285714285715
28,19,1,12,15.13,1.2608333333333335
28,19,2,12,14.66,1.2216666666666667
28,19,3,14,15.86,1.1328571428571428
28,19,4,15,9.79,0.6526666666666666
28,27,0,9,24.68,2.7422222222222223
28,27,1,20,45.9,2.295
28,27,2,2,3.11,1.555
28,27,3,1,1.27,1.27
28,27,4,14,4.2,0.3
28,30,0,10,20.67,2.067
28,30,1,6,7.76,1.2933333333333332
28,30,2,8,7.47,0.93375
28,30,3,12,7.0,0.5833333333333334
28,30,4,16,5.87,0.366875
28,35,0,5,4.95,0.99
28,35,1,14,13.44,0.96
28,35,2,5,1.88,0.376
28,35,3,15,5.23,0.3486666666666667
28,35,4,16,1.43,0.089375
28,36,0,6,5.72,0.9533333333333333
28,36,1,6,4.63,0.7716666666666666
28,36,2,14,6.67,0.4764285714285714
28,36,3,8,3.05,0.38125
28,36,4,12,3.96,0.33
28,37,0,20,9.39,0.46950000000000003
28,37,1,4,1.72,0.43
28,37,2,5,1.86,0.372
28,37,3,15,3.78,0.252
28,37,4,12,3.01,0.2508333333333333
28,39,0,4,3.35,0.8375
28,39,1,1,0.81,0.81
28,39,2,1,0.45,0.45
28,39,3,6,2.63,0.4383333333333333
28,39,4,11,1.93,0.17545454545454545
28,40,0,19,22.92,1.2063157894736842
28,40,1,2,2.24,1.12
28,40,2,20,9.21,0.4605
28,40,3,7,2.93,0.4185714285714286
28,40,4,4,1.63,0.4075
28,41,0,19,26.8,1.4105263157894736
28,41,1,19,12.08,0.6357894736842106
28,41,2,8,3.81,0.47625
28,41,3,11,3.11,0.2827272727272727
28,41,4,20,4.56,0.22799999999999998
28,43,0,14,39.8,2.8428571428571425
28,43,1,1,2.8,2.8
28,43,2,7,10.03,1.4328571428571428
28,43,3,4,4.44,1.11
28,43,4,15,7.31,0.4873333333333333
28,46,0,18,45.43,2.523888888888889
28,46,1,2,3.32,1.66
28,46,2,14,11.83,0.845
28,46,3,19,15.88,0.8357894736842105
28,46,4,13,10.86,0.8353846153846154
28,50,0,20,108.85,5.4425
28,50,1,9,37.55,4.172222222222222
28,50,2,16,66.56,4.16
28,50,3,13,53.45,4.111538461538462
28,50,4,1,0.78,0.78
28,52,0,4,11.11,2.7775
28,52,1,18,48.89,2.716111111111111
28,52,2,15,40.03,2.6686666666666667
28,52,3,20,48.11,2.4055
28,52,4,6,13.74,2.29
28,53,0,7,47.23,6.747142857142856
28,53,1,1,4.35,4.35
28,53,2,3,9.71,3.236666666666667
28,53,3,3,6.21,2.07
28,53,4,3,3.72,1.24
28,54,0,12,4.63,0.3858333333333333
28,54,1,17,6.29,0.37
28,54,2,17,5.84,0.34352941176470586
28,54,3,12,2.75,0.22916666666666666
28,54,4,6,0.59,0.09833333333333333
28,55,0,10,13.38,1.338
28,55,1,11,11.79,1.0718181818181818
28,55,2,18,18.14,1.0077777777777779
28,55,3,13,8.65,0.6653846153846155
28,55,4,18,7.53,0.41833333333333333
28,64,0,20,51.97,2.5985
28,64,1,12,27.68,2.3066666666666666
28,64,2,12,21.84,1.82
28,64,3,18,32.06,1.7811111111111113
28,64,4,5,4.82,0.9640000000000001
28,67,0,7,14.76,2.1085714285714285
28,67,1,4,4.54,1.135
28,67,2,12,9.46,0.7883333333333334
28,67,3,1,0.61,0.61
28,67,4,14,2.69,0.19214285714285714
28,68,0,12,39.63,3.3025
28,68,1,15,23.26,1.5506666666666669
28,68,2,9,9.52,1.0577777777777777
28,68,3,15,11.93,0.7953333333333333
28,68,4,2,0.54,0.27
28,70,0,8,17.23,2.15375
28,70,1,16,31.25,1.953125
28,70,2,11,18.46,1.6781818181818182
28,70,3,2,2.5,1.25
28,70,4,18,8.96,0.4977777777777778
28,71,0,17,118.98,6.998823529411765
28,71,1,9,58.95,6.550000000000001
28,71,2,20,124.74,6.237
28,71,3,6,33.89,5.648333333333333
28,71,4,17,23.22,1.3658823529411763
28,72,0,5,3.89,0.778
28,72,1,10,6.08,0.608
28,72,2,7,4.23,0.6042857142857143
28,72,3,9,3.24,0.36000000000000004
28,72,4,20,3.14,0.157
28,74,0,19,54.35,2.860526315789474
28,74,1,20,54.21,2.7105
28,74,2,15,38.47,2.5646666666666667
28,74,3,11,21.87,1.9881818181818183
28,74,4,12,21.0,1.75
28,75,0,18,35.48,1.971111111111111
28,75,1,17,25.5,1.5
28,75,2,2,2.71,1.355
28,75,3,4,0.95,0.2375
28,75,4,20,2.92,0.146
28,77,0,20,36.32,1.816
28,77,1,9,14.87,1.652222222222222
28,77,2,3,1.28,0.4266666666666667
28,77,3,15,3.76,0.25066666666666665
28,77,4,17,2.15,0.1264705882352941
28,80,0,3,4.64,1.5466666666666666
28,80,1,11,11.54,1.049090909090909
28,80,2,15,14.02,0.9346666666666666
28,80,3,5,3.08,0.616
28,80,4,6,2.39,0.3983333333333334
28,83,0,10,49.81,4.981
28,83,1,3,14.17,4.723333333333334
28,83,2,10,36.94,3.694
28,83,3,1,3.45,3.45
28,83,4,4,1.91,0.4775
28,85,0,3,29.26,9.753333333333334
28,85,1,1,8.39,8.39
28,85,2,15,95.19,6.346
28,85,3,9,52.69,5.854444444444444
28,85,4,10,26.51,2.6510000000000002
28,89,0,20,150.51,7.525499999999999
28,89,1,15,108.83,7.255333333333334
28,89,2,18,78.8,4.377777777777777
28,89,3,18,75.8,4.211111111111111
28,89,4,5,17.64,3.528
28,90,0,15,34.05,2.27
28,90,1,10,9.98,0.998
28,90,2,8,5.89,0.73625
28,90,3,17,11.22,0.66
28,90,4,8,2.49,0.31125
28,95,0,1,1.63,1.63
28,95,1,12,15.95,1.3291666666666666
28,95,2,12,14.78,1.2316666666666667
28,95,3,12,13.01,1.0841666666666667
28,95,4,6,5.72,0.9533333333333333
28,96,0,7,8.85,1.2642857142857142
28,96,1,6,5.6,0.9333333333333332
28,96,2,5,4.25,0.85
28,96,3,17,7.77,0.45705882352941174
28,96,4,13,4.68,0.36
28,97,0,12,36.71,3.0591666666666666
28,97,1,19,53.23,2.8015789473684207
28,97,2,8,14.27,1.78375
28,97,3,16,23.38,1.46125
28,97,4,4,5.52,1.38
30,4,0,1,3.26,3.26
30,4,1,20,43.15,2.1574999999999998
30,4,2,5,10.59,2.118
30,4,3,7,8.92,1.2742857142857142
30,4,4,10,10.54,1.0539999999999998
30,5,0,14,50.28,3.5914285714285716
30,5,1,14,49.17,3.5121428571428575
30,5,2,4,13.58,3.395
30,5,3,5,15.22,3.044
30,5,4,6,8.21,1.3683333333333334
30,6,0,6,12.81,2.1350000000000002
30,6,1,14,23.3,1.6642857142857144
30,6,2,5,6.96,1.392
30,6,3,14,12.51,0.8935714285714286
30,6,4,4,3.06,0.765
30,7,0,19,115.41,6.074210526315789
30,7,1,17,61.76,3.632941176470588
30,7,2,6,21.34,3.5566666666666666
30,7,3,18,29.09,1.616111111111111
30,7,4,5,4.87,0.974
30,8,0,10,29.36,2.936
30,8,1,7,14.86,2.1228571428571428
30,8,2,14,15.86,1.1328571428571428
30,8,3,19,11.92,0.6273684210526316
30,8,4,4,1.02,0.255
30,9,0,16,50.31,3.144375
30,9,1,6,16.3,2.716666666666667
30,9,2,12,18.38,1.5316666666666665
30,9,3,20,20.0,1.0
30,9,4,19,15.04,0.791578947368421
30,11,0,19,75.86,3.9926315789473685
30,11,1,5,6.44,1.288
30,11,2,2,2.09,1.045
30,11,3,7,3.85,0.55
30,11,4,4,1.78,0.445
30,12,0,9,25.26,2.8066666666666666
30,12,1,8,21.29,2.66125
30,12,2,9,15.32,1.7022222222222223
30,12,3,15,12.74,0.8493333333333334
30,12,4,9,1.21,0.13444444444444445
30,15,0,8,26.79,3.34875
30,15,1,16,48.67,3.041875
30,15,2,4,7.31,1.8275
30,15,3,4,5.49,1.3725
30,15,4,14,8.07,0.5764285714285714
30,17,0,10,14.91,1.491
30,17,1,13,19.13,1.4715384615384615
30,17,2,18,25.36,1.4088888888888889
30,17,3,2,2.3,1.15
30,17,4,8,6.51,0.81375
30,18,0,20,77.52,3.876
30,18,1,17,58.1,3.4176470588235297
30,18,2,17,52.58,3.092941176470588
30,18,3,14,34.36,2.454285714285714
30,18,4,16,19.81,1.238125
30,19,0,8,25.56,3.195
30,19,1,15,45.97,3.0646666666666667
30,19,2,14,40.87,2.919285714285714
30,19,3,2,3.71,1.855
30,19,4,14,10.9,0.7785714285714286
30,27,0,14,42.56,3.04
30,27,1,17,45.93,2.701764705882353
30,27,2,3,6.5,2.1666666666666665
30,27,3,16,32.13,2.008125
30,27,4,1,0.9,0.9
30,28,0,5,11.19,2.238
30,28,1,14,25.8,1.842857142857143
30,28,2,13,22.18,1.7061538461538461
30,28,3,7,8.75,1.25
30,28,4,7,3.15,0.45
30,35,0,15,22.27,1.4846666666666666
30,35,1,2,2.78,1.39
30,35,2,17,21.17,1.2452941176470589
30,35,3,11,2.35,0.21363636363636365
30,35,4,10,1.24,0.124
30,36,0,3,7.74,2.58
30,36,1,18,32.68,1.8155555555555556
30,36,2,10,8.64,0.8640000000000001
30,36,3,6,2.35,0.39166666666666666
30,36,4,10,2.11,0.211
30,37,0,17,28.26,1.6623529411764706
30,37,1,12,19.05,1.5875000000000001
30,37,2,20,18.57,0.9285
30,37,3,4,1.36,0.34
30,37,4,10,1.42,0.142
30,39,0,13,26.99,2.0761538461538462
30,39,1,14,27.82,1.987142857142857
30,39,2,11,11.79,1.0718181818181818
30,39,3,15,13.09,0.8726666666666667
30,39,4,15,10.53,0.702
30,40,0,4,10.0,2.5
30,40,1,13,22.49,1.73
30,40,2,18,22.95,1.275
30,40,3,15,18.16,1.2106666666666668
30,40,4,7,5.43,0.7757142857142857
30,41,0,9,31.32,3.48
30,41,1,13,38.75,2.980769230769231
30,41,2,20,41.57,2.0785
30,41,3,9,13.44,1.4933333333333332
30,41,4,14,9.87,0.705
30,43,0,10,49.47,4.947
30,43,1,15,58.58,3.905333333333333
30,43,2,2,6.81,3.405
30,43,3,1,2.38,2.38
30,43,4,8,6.83,0.85375
30,46,0,1,2.72,2.72
30,46,1,17,41.17,2.421764705882353
30,46,2,4,5.71,1.4275
30,46,3,12,6.46,0.5383333333333333
30,46,4,3,1.38,0.45999999999999996
30,50,0,8,31.75,3.96875
30,50,1,3,10.41,3.47
30,50,2,20,65.29,3.2645000000000004
30,50,3,1,1.13,1.13
30,50,4,16,12.18,0.76125
30,52,0,2,2.76,1.38
30,52,1,4,5.34,1.335
30,52,2,14,15.44,1.1028571428571428
30,52,3,5,3.78,0.756
30,52,4,19,12.27,0.6457894736842105
30,53,0,2,12.48,6.24
30,53,1,19,115.25,6.065789473684211
30,53,2,19,96.29,5.0678947368421055
30,53,3,4,12.95,3.2375
30,53,4,14,33.48,2.391428571428571
30,54,0,9,14.95,1.661111111111111
30,54,1,15,21.73,1.4486666666666668
30,54,2,10,13.67,1.367
30,54,3,10,5.27,0.5269999999999999
30,54,4,14,2.04,0.1457142857142857
30,55,0,11,7.18,0.6527272727272727
30,55,1,17,10.83,0.6370588235294118
30,55,2,8,3.89,0.48625
30,55,3,17,6.71,0.3947058823529412
30,55,4,17,2.56,0.15058823529411766
30,64,0,14,67.91,4.850714285714285
30,64,1,14,65.87,4.705
30,64,2,20,92.02,4.601
30,64,3,10,20.46,2.0460000000000003
30,64,4,17,26.41,1.5535294117647058
30,67,0,5,2.92,0.584
30,67,1,9,4.99,0.5544444444444445
30,67,2,5,2.39,0.47800000000000004
30,67,3,20,9.47,0.47350000000000003
30,67,4,18,0.58,0.03222222222222222
30,68,0,20,106.01,5.3005
30,68,1,9,44.45,4.938888888888889
30,68,2,13,35.77,2.7515384615384617
30,68,3,6,13.16,2.1933333333333334
30,68,4,4,7.47,1.8675
30,70,0,2,8.8,4.4
30,70,1,17,58.18,3.4223529411764706
30,70,2,13,26.41,2.0315384615384615
30,70,3,14,15.6,1.1142857142857143
30,70,4,4,4.25,1.0625
30,71,0,5,27.76,5.5520000000000005
30,71,1,18,77.64,4.3133333333333335
30,71,2,10,24.49,2.449
30,71,3,19,46.26,2.434736842105263
30,71,4,13,16.46,1.2661538461538462
30,72,0,11,38.5,3.5
30,72,1,6,17.77,2.9616666666666664
30,72,2,3,7.68,2.56
30,72,3,3,2.87,0.9566666666666667
30,72,4,15,3.97,0.26466666666666666
30,74,0,9,46.31,5.145555555555556
30,74,1,6,29.3,4.883333333333334
30,74,2,10,35.43,3.543
30,74,3,15,42.73,2.8486666666666665
30,74,4,6,7.01,1.1683333333333332
30,75,0,5,19.99,3.9979999999999998
30,75,1,11,42.69,3.880909090909091
30,75,2,18,20.45,1.136111111111111
30,75,3,17,18.46,1.0858823529411765
30,75,4,17,14.3,0.8411764705882353
30,77,0,11,44.08,4.007272727272727
30,77,1,1,3.92,3.92
30,77,2,8,13.36,1.67
30,77,3,10,13.63,1.363
30,77,4,9,8.83,0.9811111111111112
30,80,0,4,5.0,1.25
30,80,1,13,13.43,1.033076923076923
30,80,2,1,0.6,0.6
30,80,3,8,4.44,0.555
30,80,4,8,0.66,0.0825
30,83,0,14,36.46,2.6042857142857145
30,83,1,4,8.41,2.1025
30,83,2,2,3.46,1.73
30,83,3,15,20.57,1.3713333333333333
30,83,4,17,9.37,0.5511764705882353
30,85,0,2,13.8,6.9
30,85,1,19,120.18,6.325263157894737
30,85,2,4,23.96,5.99
30,85,3,16,70.32,4.395
30,85,4,19,8.85,0.46578947368421053
30,89,0,19,93.98,4.946315789473684
30,89,1,18,54.27,3.015
30,89,2,12,31.61,2.6341666666666668
30,89,3,13,15.23,1.1715384615384616
30,89,4,7,5.51,0.7871428571428571
30,90,0,2,8.41,4.205
30,90,1,7,25.94,3.705714285714286
30,90,2,19,59.74,3.14421052631579
30,90,3,11,30.59,2.7809090909090908
30,90,4,12,28.56,2.38
30,95,0,14,51.82,3.7014285714285715
30,95,1,15,54.29,3.619333333333333
30,95,2,9,28.63,3.181111111111111
30,95,3,15,33.28,2.2186666666666666
30,95,4,2,3.39,1.695
30,96,0,11,44.99,4.09
30,96,1,7,15.92,2.2742857142857145
30,96,2,4,4.93,1.2325
30,96,3,5,5.34,1.068
30,96,4,20,18.45,0.9225
30,97,0,11,70.29,6.390000000000001
30,97,1,6,31.58,5.263333333333333
30,97,2,2,8.29,4.145
30,97,3,15,48.34,3.222666666666667
30,97,4,11,15.55,1.4136363636363638
35,4,0,17,28.45,1.673529411764706
35,4,1,16,21.1,1.31875
35,4,2,2,0.73,0.365
35,4,3,3,0.55,0.18333333333333335
35,4,4,1,0.1,0.1
35,5,0,5,8.85,1.77
35,5,1,16,15.77,0.985625
35,5,2,19,18.53,0.9752631578947369
35,5,3,11,8.21,0.7463636363636365
35,5,4,14,8.26,0.59
35,6,0,11,42.84,3.894545454545455
35,6,1,2,5.21,2.605
35,6,2,2,4.91,2.455
35,6,3,14,12.95,0.9249999999999999
35,6,4,17,3.28,0.19294117647058823
35,7,0,2,15.03,7.515
35,7,1,12,88.56,7.38
35,7,2,16,99.37,6.210625
35,7,3,19,67.06,3.5294736842105263
35,7,4,1,1.14,1.14
35,8,0,13,24.78,1.9061538461538463
35,8,1,14,26.4,1.8857142857142857
35,8,2,3,4.62,1.54
35,8,3,17,20.19,1.1876470588235295
35,8,4,11,1.7,0.15454545454545454
35,9,0,14,31.52,2.2514285714285713
35,9,1,4,5.77,1.4425
35,9,2,20,27.34,1.367
35,9,3,16,5.97,0.373125
35,9,4,20,3.56,0.178
35,11,0,1,2.82,2.82
35,11,1,9,20.74,2.304444444444444
35,11,2,14,32.1,2.292857142857143
35,11,3,8,10.2,1.275
35,11,4,10,2.84,0.284
35,12,0,8,11.62,1.4525
35,12,1,10,10.04,1.004
35,12,2,20,19.71,0.9855
35,12,3,15,9.45,0.63
35,12,4,11,5.74,0.5218181818181818
35,15,0,19,52.8,2.7789473684210524
35,15,1,19,43.93,2.312105263157895
35,15,2,18,33.47,1.8594444444444445
35,15,3,1,1.3,1.3
35,15,4,19,23.05,1.2131578947368422
35,17,0,10,15.37,1.537
35,17,1,20,24.12,1.206
35,17,2,10,10.51,1.051
35,17,3,1,0.29,0.29
35,17,4,18,2.43,0.135
35,18,0,6,10.06,1.6766666666666667
35,18,1,2,3.21,1.605
35,18,2,8,12.55,1.56875
35,18,3,8,12.34,1.5425
35,18,4,8,1.16,0.145
35,19,0,17,20.33,1.1958823529411764
35,19,1,5,5.83,1.166
35,19,2,17,18.48,1.0870588235294119
35,19,3,11,8.45,0.7681818181818181
35,19,4,4,1.35,0.3375
35,27,0,18,54.12,3.0066666666666664
35,27,1,10,29.27,2.927
35,27,2,1,1.71,1.71
35,27,3,15,9.73,0.6486666666666667
35,27,4,12,7.02,0.585
35,28,0,18,13.75,0.7638888888888888
35,28,1,1,0.46,0.46
35,28,2,3,1.17,0.38999999999999996
35,28,3,4,0.87,0.2175
35,28,4,16,1.59,0.099375
35,30,0,5,9.47,1.8940000000000001
35,30,1,19,34.06,1.7926315789473686
35,30,2,18,26.04,1.4466666666666665
35,30,3,15,16.05,1.07
35,30,4,3,1.15,0.3833333333333333
35,36,0,8,14.28,1.785
35,36,1,2,3.44,1.72
35,36,2,5,8.06,1.612
35,36,3,5,5.0,1.0
35,36,4,4,1.95,0.4875
35,37,0,11,12.81,1.1645454545454546
35,37,1,5,5.5,1.1
35,37,2,17,16.98,0.9988235294117648
35,37,3,6,5.59,0.9316666666666666
35,37,4,9,1.43,0.15888888888888889
35,39,0,11,13.86,1.26
35,39,1,13,15.9,1.2230769230769232
35,39,2,9,9.8,1.088888888888889
35,39,3,19,15.68,0.8252631578947368
35,39,4,6,1.79,0.29833333333333334
35,40,0,12,23.59,1.9658333333333333
35,40,1,10,17.06,1.706
35,40,2,8,12.44,1.555
35,40,3,1,1.51,1.51
35,40,4,4,2.06,0.515
35,41,0,10,16.94,1.6940000000000002
35,41,1,15,22.41,1.494
35,41,2,10,6.42,0.642
35,41,3,18,6.38,0.35444444444444445
35,41,4,4,0.95,0.2375
35,43,0,13,47.79,3.676153846153846
35,43,1,8,15.81,1.97625
35,43,2,6,5.96,0.9933333333333333
35,43,3,1,0.53,0.53
35,43,4,13,6.49,0.49923076923076926
35,46,0,2,3.69,1.845
35,46,1,19,31.81,1.6742105263157894
35,46,2,14,18.84,1.3457142857142856
35,46,3,11,5.38,0.4890909090909091
35,46,4,4,0.59,0.1475
35,50,0,5,33.65,6.7299999999999995
35,50,1,12,72.66,6.055
35,50,2,18,53.27,2.9594444444444448
35,50,3,3,7.36,2.4533333333333336
35,50,4,10,24.45,2.445
35,52,0,20,32.09,1.6045000000000003
35,52,1,7,10.56,1.5085714285714287
35,52,2,11,8.9,0.8090909090909091
35,52,3,16,9.2,0.575
35,52,4,4,1.7,0.425
35,53,0,8,36.18,4.5225
35,53,1,4,16.35,4.0875
35,53,2,19,76.76,4.04
35,53,3,9,32.7,3.6333333333333337
35,53,4,14,34.71,2.4792857142857145
35,54,0,7,3.4,0.4857142857142857
35,54,1,16,6.94,0.43375
35,54,2,4,1.13,0.2825
35,54,3,6,1.56,0.26
35,54,4,11,2.16,0.19636363636363638
35,55,0,3,5.07,1.6900000000000002
35,55,1,11,9.4,0.8545454545454546
35,55,2,5,3.06,0.612
35,55,3,15,8.66,0.5773333333333334
35,55,4,17,5.06,0.2976470588235294
35,64,0,9,22.04,2.448888888888889
35,64,1,19,35.45,1.8657894736842107
35,64,2,1,1.63,1.63
35,64,3,1,1.14,1.14
35,64,4,20,12.97,0.6485000000000001
35,67,0,12,26.38,2.1983333333333333
35,67,1,18,37.13,2.062777777777778
35,67,2,14,25.82,1.8442857142857143
35,67,3,1,1.22,1.22
35,67,4,7,7.86,1.122857142857143
35,68,0,19,48.07,2.53
35,68,1,15,36.4,2.4266666666666667
35,68,2,7,11.48,1.6400000000000001
35,68,3,8,10.12,1.265
35,68,4,3,1.41,0.47
35,70,0,15,39.25,2.6166666666666667
35,70,1,14,32.12,2.294285714285714
35,70,2,12,16.87,1.4058333333333335
35,70,3,17,8.69,0.5111764705882352
35,70,4,8,2.89,0.36125
35,71,0,19,70.49,3.7099999999999995
35,71,1,19,59.04,3.1073684210526316
35,71,2,14,35.12,2.5085714285714285
35,71,3,13,31.37,2.413076923076923
35,71,4,6,11.42,1.9033333333333333
35,72,0,2,4.18,2.09
35,72,1,2,3.5,1.75
35,72,2,16,25.29,1.580625
35,72,3,19,21.47,1.13
35,72,4,2,1.58,0.79
35,74,0,3,11.96,3.986666666666667
35,74,1,8,18.5,2.3125
35,74,2,10,20.69,2.069
35,74,3,18,34.76,1.931111111111111
35,74,4,3,1.08,0.36000000000000004
35,75,0,17,35.58,2.092941176470588
35,75,1,7,12.42,1.7742857142857142
35,75,2,10,9.79,0.9789999999999999
35,75,3,3,1.56,0.52
35,75,4,13,6.14,0.47230769230769226
35,77,0,13,26.06,2.0046153846153847
35,77,1,5,8.94,1.7879999999999998
35,77,2,14,11.19,0.7992857142857143
35,77,3,2,0.72,0.36
35,77,4,11,2.51,0.22818181818181815
35,80,0,15,11.45,0.7633333333333333
35,80,1,12,7.43,0.6191666666666666
35,80,2,9,2.87,0.3188888888888889
35,80,3,8,1.91,0.23875
35,80,4,15,2.59,0.17266666666666666
35,83,0,13,43.11,3.316153846153846
35,83,1,12,35.32,2.9433333333333334
35,83,2,5,13.14,2.628
35,83,3,18,20.62,1.1455555555555557
35,83,4,3,2.87,0.9566666666666667
35,85,0,14,105.02,7.501428571428571
35,85,1,15,99.96,6.664
35,85,2,4,21.72,5.43
35,85,3,13,32.22,2.4784615384615383
35,85,4,11,5.46,0.49636363636363634
35,89,0,16,77.8,4.8625
35,89,1,8,38.88,4.86
35,89,2,12,57.21,4.7675
35,89,3,12,32.58,2.715
35,89,4,8,21.54,2.6925
35,90,0,13,29.15,2.2423076923076923
35,90,1,1,2.1,2.1
35,90,2,1,2.06,2.06
35,90,3,11,19.8,1.8
35,90,4,13,5.41,0.41615384615384615
35,95,0,14,40.45,2.8892857142857147
35,95,1,18,40.29,2.2383333333333333
35,95,2,7,13.01,1.8585714285714285
35,95,3,2,3.58,1.79
35,95,4,7,9.01,1.2871428571428571
35,96,0,15,34.06,2.2706666666666666
35,96,1,1,1.98,1.98
35,96,2,20,38.27,1.9135000000000002
35,96,3,10,19.05,1.905
35,96,4,5,9.13,1.826
35,97,0,7,30.93,4.418571428571428
35,97,1,16,43.91,2.744375
35,97,2,13,21.46,1.6507692307692308
35,97,3,4,5.81,1.4525
35,97,4,7,9.81,1.4014285714285715
36,4,0,7,13.4,1.9142857142857144
36,4,1,6,8.45,1.4083333333333332
36,4,2,4,4.27,1.0675
36,4,3,19,11.12,0.5852631578947368
36,4,4,10,4.9,0.49000000000000005
36,5,0,15,47.21,3.1473333333333335
36,5,1,10,25.9,2.59
36,5,2,17,24.85,1.461764705882353
36,5,3,18,22.27,1.2372222222222222
36,5,4,1,0.85,0.85
36,6,0,9,47.3,5.2555555555555555
36,6,1,7,32.85,4.692857142857143
36,6,2,1,4.31,4.31
36,6,3,8,16.23,2.02875
36,6,4,10,18.1,1.81
36,7,0,17,149.79,8.811176470588235
36,7,1,12,43.12,3.5933333333333333
36,7,2,17,35.22,2.071764705882353
36,7,3,9,15.08,1.6755555555555555
36,7,4,12,17.79,1.4825
36,8,0,20,36.14,1.807
36,8,1,12,14.78,1.2316666666666667
36,8,2,15,17.59,1.1726666666666667
36,8,3,2,1.67,0.835
36,8,4,9,2.51,0.27888888888888885
36,9,0,9,26.68,2.964444444444444
36,9,1,16,27.09,1.693125
36,9,2,5,6.52,1.3039999999999998
36,9,3,4,5.06,1.265
36,9,4,18,18.32,1.017777777777778
36,11,0,8,14.27,1.78375
36,11,1,18,24.97,1.3872222222222221
36,11,2,16,12.05,0.753125
36,11,3,17,9.13,0.5370588235294118
36,11,4,2,0.92,0.46
36,12,0,8,11.99,1.49875
36,12,1,16,21.33,1.333125
36,12,2,2,1.5,0.75
36,12,3,16,11.78,0.73625
36,12,4,11,2.93,0.26636363636363636
36,15,0,17,19.27,1.133529411764706
36,15,1,5,5.5,1.1
36,15,2,4,2.72,0.68
36,15,3,9,4.29,0.4766666666666667
36,15,4,16,3.72,0.2325
36,17,0,19,24.72,1.3010526315789472
36,17,1,16,9.8,0.6125
36,17,2,5,2.78,0.5559999999999999
36,17,3,13,5.22,0.4015384615384615
36,17,4,16,3.11,0.194375
36,18,0,17,44.51,2.618235294117647
36,18,1,16,39.75,2.484375
36,18,2,4,7.79,1.9475
36,18,3,7,4.49,0.6414285714285715
36,18,4,12,1.97,0.16416666666666666
36,19,0,15,32.49,2.166
36,19,1,18,36.55,2.0305555555555554
36,19,2,8,13.64,1.705
36,19,3,4,4.02,1.005
36,19,4,5,1.91,0.382
36,27,0,13,52.29,4.022307692307693
36,27,1,15,36.55,2.4366666666666665
36,27,2,3,6.44,2.146666666666667
36,27,3,11,21.06,1.9145454545454543
36,27,4,18,7.27,0.40388888888888885
36,28,0,18,16.06,0.8922222222222221
36,28,1,12,8.82,0.735
36,28,2,7,3.8,0.5428571428571428
36,28,3,11,3.86,0.3509090909090909
36,28,4,3,0.75,0.25
36,30,0,3,7.45,2.4833333333333334
36,30,1,2,3.22,1.61
36,30,2,3,4.25,1.4166666666666667
36,30,3,1,1.41,1.41
36,30,4,14,8.0,0.5714285714285714
36,35,0,20,26.56,1.3279999999999998
36,35,1,16,14.53,0.908125
36,35,2,1,0.86,0.86
36,35,3,9,5.39,0.5988888888888888
36,35,4,19,11.22,0.5905263157894737
36,37,0,15,11.64,0.776
36,37,1,1,0.7,0.7
36,37,2,2,0.47,0.235
36,37,3,19,4.43,0.2331578947368421
36,37,4,7,1.49,0.21285714285714286
36,39,0,19,7.33,0.3857894736842105
36,39,1,2,0.48,0.24
36,39,2,4,0.94,0.235
36,39,3,1,0.21,0.21
36,39,4,16,3.18,0.19875
36,40,0,5,6.75,1.35
36,40,1,5,6.62,1.324
36,40,2,2,2.21,1.105
36,40,3,17,18.76,1.1035294117647059
36,40,4,16,8.58,0.53625
36,41,0,15,39.21,2.614
36,41,1,12,19.8,1.6500000000000001
36,41,2,17,26.44,1.555294117647059
36,41,3,14,12.07,0.8621428571428572
36,41,4,3,2.27,0.7566666666666667
36,43,0,6,16.89,2.815
36,43,1,2,2.51,1.255
36,43,2,3,3.03,1.01
36,43,3,11,8.12,0.7381818181818182
36,43,4,7,3.43,0.49000000000000005
36,46,0,7,21.83,3.1185714285714283
36,46,1,10,30.88,3.088
36,46,2,16,32.8,2.05
36,46,3,7,5.04,0.72
36,46,4,2,1.05,0.525
36,50,0,7,49.27,7.038571428571429
36,50,1,4,25.74,6.435
36,50,2,12,59.62,4.968333333333333
36,50,3,20,84.09,4.2045
36,50,4,16,27.87,1.741875
36,52,0,5,16.84,3.368
36,52,1,2,4.88,2.44
36,52,2,11,26.55,2.4136363636363636
36,52,3,17,36.9,2.1705882352941175
36,52,4,15,7.78,0.5186666666666667
36,53,0,19,142.3,7.489473684210527
36,53,1,11,48.24,4.385454545454546
36,53,2,14,14.26,1.0185714285714285
36,53,3,19,16.98,0.8936842105263159
36,53,4,19,8.71,0.458421052631579
36,54,0,8,8.03,1.00375
36,54,1,12,11.17,0.9308333333333333
36,54,2,5,3.9,0.78
36,54,3,12,6.78,0.5650000000000001
36,54,4,20,4.4,0.22000000000000003
36,55,0,8,6.62,0.8275
36,55,1,4,2.38,0.595
36,55,2,4,2.23,0.5575
36,55,3,1,0.5,0.5
36,55,4,15,4.43,0.29533333333333334
36,64,0,11,26.42,2.401818181818182
36,64,1,5,11.56,2.3120000000000003
36,64,2,10,23.02,2.302
36,64,3,8,17.74,2.2175
36,64,4,8,9.9,1.2375
36,67,0,15,43.67,2.9113333333333333
36,67,1,19,49.67,2.6142105263157895
36,67,2,16,23.66,1.47875
36,67,3,4,3.35,0.8375
36,67,4,12,5.7,0.47500000000000003
36,68,0,16,64.18,4.01125
36,68,1,15,51.28,3.4186666666666667
36,68,2,2,4.51,2.255
36,68,3,20,16.63,0.8314999999999999
36,68,4,7,3.73,0.5328571428571428
36,70,0,19,42.21,2.221578947368421
36,70,1,4,5.98,1.495
36,70,2,15,13.7,0.9133333333333333
36,70,3,14,9.69,0.6921428571428571
36,70,4,19,2.24,0.11789473684210527
36,71,0,6,36.86,6.1433333333333335
36,71,1,3,11.52,3.84
36,71,2,17,50.52,2.9717647058823533
36,71,3,3,8.84,2.9466666666666668
36,71,4,20,9.67,0.4835
36,72,0,11,7.92,0.72
36,72,1,2,1.17,0.585
36,72,2,9,4.86,0.54
36,72,3,17,7.81,0.45941176470588235
36,72,4,20,5.18,0.259
36,74,0,6,16.58,2.763333333333333
36,74,1,15,37.73,2.515333333333333
36,74,2,19,42.08,2.214736842105263
36,74,3,18,36.27,2.015
36,74,4,17,16.04,0.9435294117647058
36,75,0,7,14.33,2.047142857142857
36,75,1,7,9.07,1.2957142857142858
36,75,2,5,4.47,0.8939999999999999
36,75,3,15,10.18,0.6786666666666666
36,75,4,20,11.05,0.5525
36,77,0,16,24.11,1.506875
36,77,1,5,6.01,1.202
36,77,2,2,1.38,0.69
36,77,3,10,6.56,0.6559999999999999
36,77,4,6,3.86,0.6433333333333333
36,80,0,5,10.08,2.016
36,80,1,9,16.98,1.8866666666666667
36,80,2,7,6.44,0.92
36,80,3,17,13.87,0.8158823529411764
36,80,4,9,4.27,0.4744444444444444
36,83,0,12,74.0,6.166666666666667
36,83,1,6,24.39,4.065
36,83,2,15,49.31,3.2873333333333337
36,83,3,18,32.74,1.818888888888889
36,83,4,20,29.47,1.4735
36,85,0,4,34.09,8.5225
36,85,1,18,96.01,5.33388888888889
36,85,2,20,57.23,2.8615
36,85,3,14,31.49,2.249285714285714
36,85,4,9,11.81,1.3122222222222222
36,89,0,10,69.24,6.9239999999999995
36,89,1,2,11.82,5.91
36,89,2,12,68.94,5.745
36,89,3,19,105.62,5.558947368421053
36,89,4,4,19.64,4.91
36,90,0,9,15.17,1.6855555555555555
36,90,1,19,32.02,1.685263157894737
36,90,2,3,4.81,1.6033333333333333
36,90,3,7,3.69,0.5271428571428571
36,90,4,1,0.38,0.38
36,95,0,12,20.27,1.6891666666666667
36,95,1,18,29.33,1.6294444444444443
36,95,2,11,11.18,1.0163636363636364
36,95,3,4,3.6,0.9
36,95,4,10,6.1,0.61
36,96,0,4,6.67,1.6675
36,96,1,20,28.98,1.449
36,96,2,9,12.42,1.38
36,96,3,18,12.91,0.7172222222222222
36,96,4,11,7.54,0.6854545454545454
36,97,0,8,44.97,5.62125
36,97,1,11,58.58,5.325454545454545
36,97,2,6,22.87,3.811666666666667
36,97,3,13,27.88,2.1446153846153844
36,97,4,2,1.39,0.695
37,4,0,8,13.01,1.62625
37,4,1,6,9.06,1.51
37,4,2,4,5.8,1.45
37,4,3,17,22.9,1.3470588235294116
37,4,4,1,0.69,0.69
37,5,0,14,34.83,2.4878571428571425
37,5,1,12,27.84,2.32
37,5,2,5,7.91,1.582
37,5,3,17,25.12,1.4776470588235295
37,5,4,15,8.26,0.5506666666666666
37,6,0,2,8.04,4.02
37,6,1,1,3.38,3.38
37,6,2,4,10.7,2.675
37,6,3,5,8.45,1.69
37,6,4,5,1.64,0.32799999999999996
37,7,0,6,45.01,7.501666666666666
37,7,1,18,113.21,6.289444444444444
37,7,2,14,86.77,6.197857142857143
37,7,3,11,21.46,1.950909090909091
37,7,4,15,27.79,1.8526666666666667
37,8,0,3,3.85,1.2833333333333334
37,8,1,8,8.0,1.0
37,8,2,10,9.59,0.959
37,8,3,18,14.79,0.8216666666666667
37,8,4,13,6.48,0.4984615384615385
37,9,0,20,74.32,3.7159999999999997
37,9,1,19,65.85,3.46578947368421
37,9,2,4,12.3,3.075
37,9,3,18,40.87,2.270555555555555
37,9,4,19,21.51,1.1321052631578947
37,11,0,14,27.31,1.9507142857142856
37,11,1,11,9.31,0.8463636363636364
37,11,2,4,1.8,0.45
37,11,3,4,1.33,0.3325
37,11,4,14,1.97,0.1407142857142857
37,12,0,5,12.03,2.4059999999999997
37,12,1,5,9.84,1.968
37,12,2,9,16.48,1.8311111111111111
37,12,3,12,11.63,0.9691666666666667
37,12,4,9,8.05,0.8944444444444445
37,15,0,4,5.43,1.3575
37,15,1,11,14.23,1.2936363636363637
37,15,2,15,12.98,0.8653333333333334
37,15,3,2,1.36,0.68
37,15,4,2,1.31,0.655
37,17,0,3,3.19,1.0633333333333332
37,17,1,12,12.15,1.0125
37,17,2,18,14.37,0.7983333333333333
37,17,3,17,9.56,0.5623529411764706
37,17,4,15,5.97,0.39799999999999996
37,18,0,7,10.8,1.542857142857143
37,18,1,10,14.8,1.48
37,18,2,17,12.18,0.7164705882352941
37,18,3,18,8.83,0.4905555555555556
37,18,4,14,2.5,0.17857142857142858
37,19,0,1,1.91,1.91
37,19,1,5,9.46,1.8920000000000001
37,19,2,4,5.68,1.42
37,19,3,15,20.15,1.3433333333333333
37,19,4,18,20.55,1.1416666666666666
37,27,0,17,61.96,3.644705882352941
37,27,1,8,25.79,3.22375
37,27,2,5,8.49,1.698
37,27,3,2,2.16,1.08
37,27,4,5,4.01,0.8019999999999999
37,28,0,1,0.46,0.46
37,28,1,16,6.21,0.388125
37,28,2,8,2.63,0.32875
37,28,3,10,2.74,0.274
37,28,4,19,3.81,0.2005263157894737
37,30,0,16,32.86,2.05375
37,30,1,20,36.0,1.8
37,30,2,5,7.72,1.544
37,30,3,2,1.72,0.86
37,30,4,15,5.45,0.36333333333333334
37,35,0,1,0.86,0.86
37,35,1,16,10.85,0.678125
37,35,2,11,6.53,0.5936363636363636
37,35,3,17,7.24,0.4258823529411765
37,35,4,18,3.92,0.21777777777777776
37,36,0,2,1.43,0.715
37,36,1,1,0.52,0.52
37,36,2,19,6.29,0.3310526315789474
37,36,3,13,4.04,0.3107692307692308
37,36,4,16,1.41,0.088125
37,39,0,18,11.1,0.6166666666666667
37,39,1,15,9.03,0.602
37,39,2,15,6.55,0.43666666666666665
37,39,3,19,4.21,0.22157894736842104
37,39,4,8,1.53,0.19125
37,40,0,16,34.45,2.153125
37,40,1,7,12.86,1.837142857142857
37,40,2,20,24.6,1.23
37,40,3,3,2.89,0.9633333333333334
37,40,4,17,13.94,0.82
37,41,0,7,15.09,2.1557142857142857
37,41,1,5,6.29,1.258
37,41,2,9,6.36,0.7066666666666667
37,41,3,8,4.86,0.6075
37,41,4,11,1.54,0.14
37,43,0,10,30.08,3.008
37,43,1,10,25.1,2.5100000000000002
37,43,2,19,43.46,2.2873684210526317
37,43,3,1,1.78,1.78
37,43,4,18,24.3,1.35
37,46,0,15,46.71,3.114
37,46,1,15,42.44,2.829333333333333
37,46,2,6,9.69,1.615
37,46,3,11,7.89,0.7172727272727273
37,46,4,13,3.35,0.2576923076923077
37,50,0,20,162.56,8.128
37,50,1,17,123.96,7.291764705882352
37,50,2,16,115.25,7.203125
37,50,3,4,11.73,2.9325
37,50,4,8,19.82,2.4775
37,52,0,4,10.96,2.74
37,52,1,11,26.17,2.3790909090909094
37,52,2,12,14.28,1.19
37,52,3,19,20.82,1.0957894736842106
37,52,4,11,11.35,1.0318181818181817
37,53,0,11,101.04,9.185454545454546
37,53,1,1,5.65,5.65
37,53,2,3,13.53,4.51
37,53,3,5,9.74,1.948
37,53,4,17,22.16,1.3035294117647058
37,54,0,14,7.55,0.5392857142857143
37,54,1,18,5.15,0.28611111111111115
37,54,2,11,3.04,0.27636363636363637
37,54,3,12,2.89,0.24083333333333334
37,54,4,1,0.11,0.11
37,55,0,9,10.69,1.1877777777777778
37,55,1,13,14.91,1.146923076923077
37,55,2,18,15.33,0.8516666666666667
37,55,3,3,2.32,0.7733333333333333
37,55,4,1,0.48,0.48
37,64,0,1,2.78,2.78
37,64,1,17,33.25,1.9558823529411764
37,64,2,2,3.51,1.755
37,64,3,8,13.38,1.6725
37,64,4,9,1.47,0.16333333333333333
37,67,0,5,13.41,2.682
37,67,1,4,6.83,1.7075
37,67,2,15,19.76,1.3173333333333335
37,67,3,9,9.42,1.0466666666666666
37,67,4,11,3.34,0.30363636363636365
37,68,0,8,34.49,4.31125
37,68,1,18,65.26,3.6255555555555556
37,68,2,16,48.52,3.0325
37,68,3,9,17.28,1.9200000000000002
37,68,4,17,27.67,1.6276470588235294
37,70,0,18,28.51,1.583888888888889
37,70,1,1,1.5,1.5
37,70,2,15,14.87,0.9913333333333333
37,70,3,7,2.28,0.3257142857142857
37,70,4,19,4.84,0.25473684210526315
37,71,0,3,19.46,6.486666666666667
37,71,1,14,47.55,3.3964285714285714
37,71,2,19,48.06,2.5294736842105263
37,71,3,18,23.4,1.2999999999999998
37,71,4,7,2.34,0.33428571428571424
37,72,0,19,21.58,1.1357894736842105
37,72,1,6,5.71,0.9516666666666667
37,72,2,1,0.81,0.81
37,72,3,9,5.48,0.6088888888888889
37,72,4,12,5.46,0.455
37,74,0,4,14.07,3.5175
37,74,1,7,23.46,3.3514285714285714
37,74,2,2,3.26,1.63
37,74,3,8,7.8,0.975
37,74,4,8,4.11,0.51375
37,75,0,19,46.3,2.4368421052631577
37,75,1,16,37.04,2.315
37,75,2,13,15.8,1.2153846153846155
37,75,3,11,12.43,1.13
37,75,4,8,2.66,0.3325
37,77,0,4,5.73,1.4325
37,77,1,4,3.93,0.9825
37,77,2,6,4.36,0.7266666666666667
37,77,3,15,6.74,0.44933333333333336
37,77,4,16,4.67,0.291875
37,80,0,12,16.23,1.3525
37,80,1,8,8.61,1.07625
37,80,2,3,2.96,0.9866666666666667
37,80,3,14,10.89,0.7778571428571429
37,80,4,16,10.14,0.63375
37,83,0,4,19.58,4.895
37,83,1,5,16.98,3.396
37,83,2,14,39.28,2.8057142857142856
37,83,3,15,25.79,1.7193333333333334
37,83,4,18,18.92,1.051111111111111
37,85,0,13,67.74,5.21076923076923
37,85,1,16,73.13,4.570625
37,85,2,8,22.13,2.76625
37,85,3,12,30.32,2.526666666666667
37,85,4,5,11.71,2.342
37,89,0,12,83.5,6.958333333333333
37,89,1,6,37.49,6.248333333333334
37,89,2,10,12.67,1.267
37,89,3,11,9.34,0.8490909090909091
37,89,4,15,5.14,0.3426666666666666
37,90,0,1,2.41,2.41
37,90,1,3,4.38,1.46
37,90,2,17,18.92,1.1129411764705883
37,90,3,12,12.85,1.0708333333333333
37,90,4,5,2.87,0.5740000000000001
37,95,0,1,2.48,2.48
37,95,1,11,21.83,1.9845454545454544
37,95,2,7,7.06,1.0085714285714285
37,95,3,9,5.53,0.6144444444444445
37,95,4,20,11.83,0.5915
37,96,0,13,28.2,2.169230769230769
37,96,1,14,23.56,1.6828571428571428
37,96,2,17,3.62,0.21294117647058824
37,96,3,4,0.57,0.1425
37,96,4,10,1.18,0.118
37,97,0,12,61.06,5.088333333333334
37,97,1,1,4.73,4.73
37,97,2,6,25.81,4.301666666666667
37,97,3,20,73.14,3.657
37,97,4,5,15.52,3.104
39,4,0,9,22.33,2.481111111111111
39,4,1,18,28.2,1.5666666666666667
39,4,2,10,11.74,1.174
39,4,3,15,16.33,1.0886666666666664
39,4,4,12,2.2,0.18333333333333335
39,5,0,3,9.3,3.1
39,5,1,16,44.71,2.794375
39,5,2,3,8.21,2.736666666666667
39,5,3,4,10.91,2.7275
39,5,4,1,1.86,1.86
39,6,0,17,89.39,5.258235294117647
39,6,1,13,61.57,4.736153846153846
39,6,2,18,82.62,4.59
39,6,3,4,6.55,1.6375
39,6,4,13,9.22,0.7092307692307693
39,7,0,17,123.81,7.2829411764705885
39,7,1,4,25.98,6.495
39,7,2,19,105.57,5.556315789473683
39,7,3,17,69.27,4.074705882352941
39,7,4,20,7.78,0.389
39,8,0,11,28.98,2.6345454545454547
39,8,1,13,33.94,2.6107692307692307
39,8,2,2,1.96,0.98
39,8,3,8,5.43,0.67875
39,8,4,1,0.31,0.31
39,9,0,10,24.43,2.443
39,9,1,5,11.79,2.3579999999999997
39,9,2,7,11.51,1.6442857142857144
39,9,3,14,15.08,1.0771428571428572
39,9,4,16,16.76,1.0475
39,11,0,11,20.15,1.8318181818181818
39,11,1,15,26.26,1.7506666666666668
39,11,2,19,19.06,1.003157894736842
39,11,3,8,6.6,0.825
39,11,4,19,12.12,0.6378947368421052
39,12,0,3,7.19,2.396666666666667
39,12,1,10,18.08,1.8079999999999998
39,12,2,3,1.29,0.43
39,12,3,16,4.48,0.28
39,12,4,20,4.57,0.2285
39,15,0,2,2.52,1.26
39,15,1,20,20.02,1.001
39,15,2,20,18.85,0.9425000000000001
39,15,3,13,6.03,0.46384615384615385
39,15,4,12,3.77,0.31416666666666665
39,17,0,11,13.27,1.2063636363636363
39,17,1,8,7.5,0.9375
39,17,2,17,15.46,0.9094117647058824
39,17,3,6,5.27,0.8783333333333333
39,17,4,10,4.65,0.465
39,18,0,18,42.01,2.3338888888888887
39,18,1,1,2.17,2.17
39,18,2,19,37.55,1.976315789473684
39,18,3,19,33.33,1.7542105263157894
39,18,4,18,20.55,1.1416666666666666
39,19,0,5,11.52,2.304
39,19,1,8,16.13,2.01625
39,19,2,1,1.52,1.52
39,19,3,6,8.35,1.3916666666666666
39,19,4,5,1.5,0.3
39,27,0,9,28.84,3.2044444444444444
39,27,1,7,16.2,2.314285714285714
39,27,2,12,22.41,1.8675
39,27,3,9,15.92,1.768888888888889
39,27,4,11,8.56,0.7781818181818182
39,28,0,3,2.94,0.98
39,28,1,17,15.56,0.9152941176470588
39,28,2,1,0.72,0.72
39,28,3,20,11.14,0.557
39,28,4,11,2.16,0.19636363636363638
39,30,0,4,8.09,2.0225
39,30,1,16,30.67,1.916875
39,30,2,15,21.53,1.4353333333333333
39,30,3,15,18.58,1.2386666666666666
39,30,4,4,0.39,0.0975
39,35,0,20,28.66,1.433
39,35,1,7,7.9,1.1285714285714286
39,35,2,6,6.67,1.1116666666666666
39,35,3,1,0.4,0.4
39,35,4,17,3.16,0.18588235294117647
39,36,0,19,7.52,0.3957894736842105
39,36,1,19,7.48,0.3936842105263158
39,36,2,4,0.37,0.0925
39,36,3,12,0.83,0.06916666666666667
39,36,4,10,0.51,0.051000000000000004
39,37,0,13,3.73,0.28692307692307695
39,37,1,13,2.64,0.2030769230769231
39,37,2,7,1.34,0.19142857142857145
39,37,3,14,2.44,0.1742857142857143
39,37,4,19,1.9,0.09999999999999999
39,40,0,14,31.27,2.2335714285714285
39,40,1,5,7.54,1.508
39,40,2,7,9.98,1.4257142857142857
39,40,3,6,3.27,0.545
39,40,4,9,4.6,0.5111111111111111
39,41,0,3,8.48,2.8266666666666667
39,41,1,11,21.3,1.9363636363636365
39,41,2,3,4.25,1.4166666666666667
39,41,3,6,4.14,0.69
39,41,4,6,3.14,0.5233333333333333
39,43,0,4,10.31,2.5775
39,43,1,20,50.39,2.5195
39,43,2,3,6.01,2.0033333333333334
39,43,3,4,7.8,1.95
39,43,4,17,3.2,0.18823529411764706
39,46,0,8,28.88,3.61
39,46,1,13,29.16,2.243076923076923
39,46,2,18,38.71,2.1505555555555556
39,46,3,14,29.56,2.111428571428571
39,46,4,11,16.91,1.5372727272727273
39,50,0,2,15.96,7.98
39,50,1,18,134.98,7.498888888888889
39,50,2,6,38.36,6.3933333333333335
39,50,3,19,65.88,3.4673684210526314
39,50,4,7,14.24,2.0342857142857143
39,52,0,9,22.12,2.457777777777778
39,52,1,3,5.11,1.7033333333333334
39,52,2,8,12.12,1.515
39,52,3,14,20.41,1.457857142857143
39,52,4,16,13.48,0.8425
39,53,0,14,105.36,7.525714285714286
39,53,1,9,60.51,6.723333333333333
39,53,2,16,105.56,6.5975
39,53,3,12,58.18,4.848333333333334
39,53,4,2,8.74,4.37
39,54,0,3,4.32,1.4400000000000002
39,54,1,16,13.12,0.82
39,54,2,15,11.36,0.7573333333333333
39,54,3,10,5.31,0.5309999999999999
39,54,4,16,5.13,0.320625
39,55,0,13,8.0,0.6153846153846154
39,55,1,9,4.79,0.5322222222222223
39,55,2,12,5.81,0.48416666666666663
39,55,3,18,2.14,0.11888888888888889
39,55,4,15,0.84,0.056
39,64,0,12,29.02,2.4183333333333334
39,64,1,11,25.42,2.310909090909091
39,64,2,16,30.49,1.905625
39,64,3,12,11.42,0.9516666666666667
39,64,4,1,0.56,0.56
39,67,0,7,17.31,2.472857142857143
39,67,1,19,27.83,1.4647368421052631
39,67,2,19,23.86,1.2557894736842106
39,67,3,8,9.21,1.15125
39,67,4,13,5.85,0.44999999999999996
39,68,0,20,85.86,4.293
39,68,1,2,7.45,3.725
39,68,2,2,6.69,3.345
39,68,3,5,14.09,2.818
39,68,4,8,14.72,1.84
39,70,0,19,31.96,1.6821052631578948
39,70,1,9,13.94,1.5488888888888888
39,70,2,10,11.53,1.153
39,70,3,17,19.36,1.1388235294117646
39,70,4,16,14.44,0.9025
39,71,0,3,23.4,7.8
39,71,1,7,27.01,3.858571428571429
39,71,2,8,15.98,1.9975
39,71,3,9,14.95,1.661111111111111
39,71,4,18,21.38,1.1877777777777778
39,72,0,9,11.5,1.2777777777777777
39,72,1,17,21.47,1.2629411764705882
39,72,2,4,4.95,1.2375
39,72,3,8,6.29,0.78625
39,72,4,4,2.44,0.61
39,74,0,5,16.62,3.3240000000000003
39,74,1,6,15.47,2.5783333333333336
39,74,2,7,15.01,2.144285714285714
39,74,3,16,22.87,1.429375
39,74,4,5,1.59,0.318
39,75,0,9,19.91,2.212222222222222
39,75,1,8,12.75,1.59375
39,75,2,16,14.25,0.890625
39,75,3,20,11.14,0.557
39,75,4,1,0.43,0.43
39,77,0,4,7.61,1.9025
39,77,1,6,10.93,1.8216666666666665
39,77,2,9,15.71,1.7455555555555557
39,77,3,20,34.17,1.7085000000000001
39,77,4,20,12.45,0.6224999999999999
39,80,0,19,34.68,1.825263157894737
39,80,1,5,6.03,1.206
39,80,2,5,4.69,0.9380000000000001
39,80,3,18,12.75,0.7083333333333334
39,80,4,5,2.3,0.45999999999999996
39,83,0,2,10.81,5.405
39,83,1,10,49.07,4.907
39,83,2,5,8.36,1.672
39,83,3,13,21.58,1.66
39,83,4,15,9.3,0.62
39,85,0,17,162.72,9.571764705882353
39,85,1,7,61.4,8.77142857142857
39,85,2,11,51.64,4.694545454545454
39,85,3,15,29.51,1.9673333333333334
39,85,4,4,6.8,1.7
39,89,0,9,68.16,7.573333333333333
39,89,1,20,79.8,3.9899999999999998
39,89,2,17,54.35,3.197058823529412
39,89,3,6,10.39,1.7316666666666667
39,89,4,13,5.28,0.4061538461538462
39,90,0,14,33.24,2.3742857142857146
39,90,1,3,5.44,1.8133333333333335
39,90,2,2,1.67,0.835
39,90,3,4,2.47,0.6175
39,90,4,6,3.64,0.6066666666666667
39,95,0,2,4.25,2.125
39,95,1,3,6.03,2.0100000000000002
39,95,2,5,7.17,1.434
39,95,3,4,5.09,1.2725
39,95,4,17,16.63,0.978235294117647
39,96,0,15,32.43,2.162
39,96,1,3,6.44,2.146666666666667
39,96,2,4,3.73,0.9325
39,96,3,8,6.01,0.75125
39,96,4,3,1.2,0.39999999999999997
39,97,0,18,101.06,5.614444444444445
39,97,1,16,88.76,5.5475
39,97,2,11,55.4,5.036363636363636
39,97,3,4,14.85,3.7125
39,97,4,8,28.49,3.56125
40,4,0,3,4.47,1.49
40,4,1,1,1.47,1.47
40,4,2,5,4.89,0.978
40,4,3,4,1.5,0.375
40,4,4,5,0.34,0.068
40,5,0,18,19.45,1.0805555555555555
40,5,1,11,10.9,0.990909090909091
40,5,2,7,6.71,0.9585714285714285
40,5,3,9,5.85,0.6499999999999999
40,5,4,4,0.57,0.1425
40,6,0,6,22.05,3.6750000000000003
40,6,1,7,24.27,3.467142857142857
40,6,2,17,50.26,2.956470588235294
40,6,3,1,1.18,1.18
40,6,4,4,3.02,0.755
40,7,0,3,24.78,8.26
40,7,1,2,13.15,6.575
40,7,2,13,80.74,6.21076923076923
40,7,3,12,65.65,5.470833333333334
40,7,4,10,30.89,3.089
40,8,0,15,17.96,1.1973333333333334
40,8,1,12,11.53,0.9608333333333333
40,8,2,20,18.15,0.9075
40,8,3,15,12.39,0.8260000000000001
40,8,4,8,1.19,0.14875
40,9,0,1,3.29,3.29
40,9,1,1,2.72,2.72
40,9,2,11,24.79,2.2536363636363634
40,9,3,9,11.56,1.2844444444444445
40,9,4,6,2.04,0.34
40,11,0,15,32.41,2.1606666666666663
40,11,1,1,1.3,1.3
40,11,2,20,24.47,1.2235
40,11,3,3,2.25,0.75
40,11,4,9,3.52,0.39111111111111113
40,12,0,10,19.21,1.921
40,12,1,8,6.95,0.86875
40,12,2,11,6.61,0.600909090909091
40,12,3,12,7.07,0.5891666666666667
40,12,4,16,9.16,0.5725
40,15,0,3,4.32,1.4400000000000002
40,15,1,10,8.67,0.867
40,15,2,15,10.47,0.6980000000000001
40,15,3,10,4.62,0.462
40,15,4,20,3.04,0.152
40,17,0,9,7.08,0.7866666666666666
40,17,1,19,13.74,0.7231578947368421
40,17,2,3,1.89,0.63
40,17,3,12,2.84,0.23666666666666666
40,17,4,4,0.9,0.225
40,18,0,10,2.68,0.268
40,18,1,16,3.75,0.234375
40,18,2,19,3.97,0.20894736842105263
40,18,3,14,2.81,0.2007142857142857
40,18,4,17,2.63,0.15470588235294117
40,19,0,1,0.81,0.81
40,19,1,2,1.48,0.74
40,19,2,16,10.18,0.63625
40,19,3,11,6.37,0.5790909090909091
40,19,4,7,1.31,0.18714285714285714
40,27,0,8,30.14,3.7675
40,27,1,12,41.74,3.4783333333333335
40,27,2,3,6.09,2.03
40,27,3,16,29.93,1.870625
40,27,4,20,13.45,0.6725
40,28,0,17,25.12,1.4776470588235295
40,28,1,20,18.27,0.9135
40,28,2,2,1.43,0.715
40,28,3,20,6.35,0.3175
40,28,4,12,3.36,0.27999999999999997
40,30,0,3,7.0,2.3333333333333335
40,30,1,14,21.34,1.5242857142857142
40,30,2,3,3.7,1.2333333333333334
40,30,3,6,5.59,0.9316666666666666
40,30,4,5,4.46,0.892
40,35,0,18,33.75,1.875
40,35,1,19,29.95,1.5763157894736841
40,35,2,4,5.49,1.3725
40,35,3,20,20.36,1.018
40,35,4,1,0.34,0.34
40,36,0,11,26.03,2.3663636363636367
40,36,1,7,16.41,2.3442857142857143
40,36,2,15,27.96,1.864
40,36,3,11,6.09,0.5536363636363636
40,36,4,4,1.16,0.29
40,37,0,6,10.54,1.7566666666666666
40,37,1,18,29.42,1.6344444444444446
40,37,2,19,23.51,1.2373684210526317
40,37,3,12,13.56,1.1300000000000001
40,37,4,3,2.3,0.7666666666666666
40,39,0,10,20.02,2.002
40,39,1,15,24.19,1.6126666666666667
40,39,2,5,7.12,1.424
40,39,3,14,13.01,0.9292857142857143
40,39,4,11,8.71,0.7918181818181819
40,41,0,16,11.83,0.739375
40,41,1,3,1.76,0.5866666666666667
40,41,2,12,6.13,0.5108333333333334
40,41,3,6,1.48,0.24666666666666667
40,41,4,18,3.55,0.19722222222222222
40,43,0,9,22.22,2.468888888888889
40,43,1,4,5.69,1.4225
40,43,2,20,25.32,1.266
40,43,3,10,3.98,0.398
40,43,4,11,2.66,0.24181818181818182
40,46,0,4,7.45,1.8625
40,46,1,7,12.04,1.72
40,46,2,10,10.21,1.0210000000000001
40,46,3,16,8.33,0.520625
40,46,4,6,2.11,0.3516666666666666
40,50,0,13,121.03,9.31
40,50,1,17,140.2,8.24705882352941
40,50,2,1,6.75,6.75
40,50,3,15,75.38,5.025333333333333
40,50,4,13,9.92,0.7630769230769231
40,52,0,20,68.94,3.447
40,52,1,17,54.24,3.190588235294118
40,52,2,4,9.31,2.3275
40,52,3,8,8.73,1.09125
40,52,4,12,8.06,0.6716666666666667
40,53,0,18,163.43,9.079444444444444
40,53,1,14,59.66,4.261428571428572
40,53,2,9,31.4,3.488888888888889
40,53,3,8,24.57,3.07125
40,53,4,18,22.15,1.2305555555555554
40,54,0,17,26.39,1.5523529411764707
40,54,1,3,3.68,1.2266666666666668
40,54,2,19,23.28,1.2252631578947368
40,54,3,16,12.86,0.80375
40,54,4,3,0.48,0.16
40,55,0,20,63.14,3.157
40,55,1,9,26.57,2.9522222222222223
40,55,2,2,2.56,1.28
40,55,3,11,11.71,1.0645454545454547
40,55,4,18,6.22,0.34555555555555556
40,64,0,4,8.72,2.18
40,64,1,3,3.81,1.27
40,64,2,8,7.08,0.885
40,64,3,4,3.5,0.875
40,64,4,17,9.07,0.5335294117647059
40,67,0,20,80.31,4.0155
40,67,1,9,36.09,4.010000000000001
40,67,2,2,6.82,3.41
40,67,3,3,9.71,3.236666666666667
40,67,4,7,13.48,1.9257142857142857
40,68,0,12,28.6,2.3833333333333333
40,68,1,18,31.57,1.7538888888888888
40,68,2,12,17.36,1.4466666666666665
40,68,3,14,12.54,0.8957142857142857
40,68,4,11,7.08,0.6436363636363637
40,70,0,12,11.58,0.965
40,70,1,1,0.42,0.42
40,70,2,3,1.23,0.41
40,70,3,19,3.92,0.2063157894736842
40,70,4,7,1.29,0.1842857142857143
40,71,0,5,43.32,8.664
40,71,1,12,91.21,7.600833333333333
40,71,2,7,36.13,5.161428571428572
40,71,3,18,87.59,4.8661111111111115
40,71,4,17,29.65,1.7441176470588236
40,72,0,16,21.02,1.31375
40,72,1,7,3.39,0.4842857142857143
40,72,2,18,5.78,0.3211111111111111
40,72,3,11,1.78,0.16181818181818183
40,72,4,18,2.65,0.14722222222222223
40,74,0,3,5.37,1.79
40,74,1,3,4.97,1.6566666666666665
40,74,2,2,2.91,1.455
40,74,3,13,15.26,1.1738461538461538
40,74,4,6,6.93,1.155
40,75,0,17,4.0,0.23529411764705882
40,75,1,15,2.84,0.18933333333333333
40,75,2,17,3.0,0.17647058823529413
40,75,3,18,1.85,0.10277777777777779
40,75,4,5,0.4,0.08
40,77,0,2,4.89,2.445
40,77,1,5,10.79,2.158
40,77,2,13,14.78,1.136923076923077
40,77,3,2,2.16,1.08
40,77,4,18,8.11,0.45055555555555554
40,80,0,17,43.9,2.5823529411764703
40,80,1,4,9.2,2.3
40,80,2,14,30.46,2.1757142857142857
40,80,3,9,14.13,1.57
40,80,4,11,14.09,1.280909090909091
40,83,0,2,11.14,5.57
40,83,1,18,97.26,5.403333333333333
40,83,2,7,29.92,4.274285714285715
40,83,3,7,29.23,4.175714285714286
40,83,4,2,4.35,2.175
40,85,0,10,107.58,10.758
40,85,1,16,81.25,5.078125
40,85,2,7,28.16,4.022857142857143
40,85,3,12,30.0,2.5
40,85,4,18,32.69,1.816111111111111
40,89,0,12,90.72,7.56
40,89,1,15,93.32,6.221333333333333
40,89,2,14,64.54,4.61
40,89,3,11,36.45,3.313636363636364
40,89,4,10,15.31,1.5310000000000001
40,90,0,8,16.99,2.12375
40,90,1,6,7.65,1.2750000000000001
40,90,2,5,4.94,0.9880000000000001
40,90,3,11,7.65,0.6954545454545454
40,90,4,20,11.37,0.5685
40,95,0,3,6.67,2.223333333333333
40,95,1,20,42.15,2.1075
40,95,2,19,39.56,2.082105263157895
40,95,3,18,22.68,1.26
40,95,4,16,19.65,1.228125
40,96,0,16,18.51,1.156875
40,96,1,3,3.18,1.06
40,96,2,3,3.13,1.0433333333333332
40,96,3,12,2.23,0.18583333333333332
40,96,4,3,0.46,0.15333333333333335
40,97,0,17,54.59,3.2111764705882355
40,97,1,12,13.16,1.0966666666666667
40,97,2,17,14.78,0.8694117647058823
40,97,3,1,0.78,0.78
40,97,4,5,1.65,0.32999999999999996
41,4,0,12,8.91,0.7425
41,4,1,15,10.94,0.7293333333333333
41,4,2,12,8.12,0.6766666666666666
41,4,3,5,0.86,0.172
41,4,4,14,0.69,0.04928571428571428
41,5,0,14,4.48,0.32
41,5,1,18,4.95,0.275
41,5,2,11,2.7,0.24545454545454548
41,5,3,20,3.19,0.1595
41,5,4,7,0.59,0.08428571428571428
41,6,0,10,39.88,3.9880000000000004
41,6,1,14,39.6,2.8285714285714287
41,6,2,5,13.69,2.738
41,6,3,3,3.45,1.1500000000000001
41,6,4,9,3.44,0.38222222222222224
41,7,0,17,135.42,7.9658823529411755
41,7,1,5,26.3,5.26
41,7,2,7,29.14,4.162857142857143
41,7,3,17,58.75,3.4558823529411766
41,7,4,11,10.77,0.979090909090909
41,8,0,3,6.26,2.0866666666666664
41,8,1,4,4.54,1.135
41,8,2,18,19.78,1.098888888888889
41,8,3,2,1.12,0.56
41,8,4,5,0.75,0.15
41,9,0,11,31.17,2.833636363636364
41,9,1,13,34.67,2.666923076923077
41,9,2,13,27.95,2.15
41,9,3,17,29.08,1.7105882352941175
41,9,4,2,2.67,1.335
41,11,0,13,36.75,2.826923076923077
41,11,1,19,50.73,2.67
41,11,2,6,14.21,2.3683333333333336
41,11,3,2,3.46,1.73
41,11,4,2,1.9,0.95
41,12,0,6,8.19,1.365
41,12,1,1,1.16,1.16
41,12,2,5,5.15,1.03
41,12,3,7,5.4,0.7714285714285715
41,12,4,17,1.32,0.07764705882352942
41,15,0,14,39.3,2.807142857142857
41,15,1,18,35.47,1.9705555555555554
41,15,2,8,15.62,1.9525
41,15,3,17,10.42,0.6129411764705882
41,15,4,20,8.66,0.433
41,17,0,16,16.94,1.05875
41,17,1,3,2.19,0.73
41,17,2,4,2.08,0.52
41,17,3,2,0.59,0.295
41,17,4,16,2.31,0.144375
41,18,0,14,5.0,0.35714285714285715
41,18,1,16,3.8,0.2375
41,18,2,10,1.84,0.184
41,18,3,15,1.41,0.094
41,18,4,15,1.16,0.07733333333333332
41,19,0,2,1.65,0.825
41,19,1,17,12.03,0.7076470588235294
41,19,2,18,9.42,0.5233333333333333
41,19,3,9,3.93,0.4366666666666667
41,19,4,2,0.72,0.36
41,27,0,15,58.78,3.9186666666666667
41,27,1,20,67.96,3.3979999999999997
41,27,2,10,33.72,3.372
41,27,3,1,2.9,2.9
41,27,4,5,7.65,1.53
41,28,0,18,20.67,1.1483333333333334
41,28,1,1,0.49,0.49
41,28,2,20,4.82,0.24100000000000002
41,28,3,5,1.12,0.22400000000000003
41,28,4,7,0.89,0.12714285714285714
41,30,0,14,43.13,3.080714285714286
41,30,1,1,2.2,2.2
41,30,2,5,7.7,1.54
41,30,3,19,18.78,0.988421052631579
41,30,4,17,9.6,0.5647058823529412
41,35,0,15,25.64,1.7093333333333334
41,35,1,4,5.79,1.4475
41,35,2,3,3.09,1.03
41,35,3,14,12.42,0.8871428571428571
41,35,4,14,5.56,0.39714285714285713
41,36,0,15,34.35,2.29
41,36,1,18,38.64,2.1466666666666665
41,36,2,12,13.41,1.1175
41,36,3,20,12.14,0.607
41,36,4,20,7.23,0.36150000000000004
41,37,0,10,18.76,1.8760000000000001
41,37,1,11,15.47,1.4063636363636365
41,37,2,8,8.46,1.0575
41,37,3,16,7.88,0.4925
41,37,4,16,6.43,0.401875
41,39,0,16,36.08,2.255
41,39,1,16,21.16,1.3225
41,39,2,14,17.12,1.2228571428571429
41,39,3,16,19.25,1.203125
41,39,4,16,17.91,1.119375
41,40,0,7,5.13,0.7328571428571429
41,40,1,10,7.3,0.73
41,40,2,7,4.96,0.7085714285714285
41,40,3,10,6.05,0.605
41,40,4,3,0.54,0.18000000000000002
41,43,0,5,16.44,3.2880000000000003
41,43,1,2,4.81,2.405
41,43,2,3,5.7,1.9000000000000001
41,43,3,17,21.13,1.2429411764705882
41,43,4,10,7.81,0.7809999999999999
41,46,0,15,21.05,1.4033333333333333
41,46,1,18,20.49,1.1383333333333332
41,46,2,20,7.12,0.356
41,46,3,20,6.1,0.305
41,46,4,17,2.06,0.1211764705882353
41,50,0,18,125.69,6.982777777777778
41,50,1,20,101.24,5.061999999999999
41,50,2,14,28.24,2.017142857142857
41,50,3,20,39.58,1.9789999999999999
41,50,4,5,4.63,0.9259999999999999
41,52,0,1,2.21,2.21
41,52,1,15,33.08,2.2053333333333334
41,52,2,17,27.97,1.6452941176470588
41,52,3,9,2.71,0.3011111111111111
41,52,4,14,3.05,0.21785714285714283
41,53,0,12,112.43,9.369166666666667
41,53,1,3,16.85,5.616666666666667
41,53,2,13,39.0,3.0
41,53,3,5,10.31,2.0620000000000003
41,53,4,6,3.11,0.5183333333333333
41,54,0,2,2.12,1.06
41,54,1,5,1.74,0.348
41,54,2,2,0.58,0.29
41,54,3,18,2.04,0.11333333333333334
41,54,4,9,0.63,0.07
41,55,0,16,43.23,2.701875
41,55,1,15,38.48,2.5653333333333332
41,55,2,4,3.34,0.835
41,55,3,16,9.02,0.56375
41,55,4,11,4.56,0.4145454545454545
41,64,0,3,8.13,2.7100000000000004
41,64,1,17,43.56,2.5623529411764707
41,64,2,19,38.93,2.0489473684210524
41,64,3,6,9.31,1.5516666666666667
41,64,4,6,3.67,0.6116666666666667
41,67,0,12,30.64,2.5533333333333332
41,67,1,7,10.92,1.56
41,67,2,1,1.52,1.52
41,67,3,11,7.54,0.6854545454545454
41,67,4,12,6.43,0.5358333333333333
41,68,0,8,16.5,2.0625
41,68,1,13,17.61,1.3546153846153846
41,68,2,10,11.73,1.173
41,68,3,8,5.85,0.73125
41,68,4,19,12.32,0.648421052631579
41,70,0,18,35.53,1.973888888888889
41,70,1,16,22.21,1.388125
41,70,2,3,2.78,0.9266666666666666
41,70,3,18,13.86,0.77
41,70,4,1,0.48,0.48
41,71,0,3,25.44,8.48
41,71,1,19,115.24,6.065263157894736
41,71,2,8,33.23,4.15375
41,71,3,5,12.32,2.464
41,71,4,16,32.43,2.026875
41,72,0,1,1.94,1.94
41,72,1,1,1.49,1.49
41,72,2,4,5.72,1.43
41,72,3,20,15.56,0.778
41,72,4,9,5.33,0.5922222222222222
41,74,0,16,53.42,3.33875
41,74,1,18,43.1,2.3944444444444444
41,74,2,10,19.82,1.982
41,74,3,16,29.52,1.845
41,74,4,3,2.29,0.7633333333333333
41,75,0,4,3.55,0.8875
41,75,1,18,12.9,0.7166666666666667
41,75,2,10,3.01,0.301
41,75,3,9,2.57,0.28555555555555556
41,75,4,1,0.11,0.11
41,77,0,17,35.85,2.1088235294117648
41,77,1,13,25.39,1.9530769230769232
41,77,2,11,20.03,1.820909090909091
41,77,3,17,27.67,1.6276470588235294
41,77,4,15,19.38,1.292
41,80,0,7,17.5,2.5
41,80,1,16,35.67,2.229375
41,80,2,11,20.45,1.8590909090909091
41,80,3,3,4.16,1.3866666666666667
41,80,4,19,10.63,0.5594736842105263
41,83,0,15,24.8,1.6533333333333333
41,83,1,10,14.52,1.452
41,83,2,14,16.96,1.2114285714285715
41,83,3,15,7.56,0.504
41,83,4,17,4.08,0.24
41,85,0,20,180.16,9.008
41,85,1,15,113.72,7.581333333333333
41,85,2,14,62.09,4.4350000000000005
41,85,3,5,16.03,3.2060000000000004
41,85,4,5,3.99,0.798
41,89,0,1,7.41,7.41
41,89,1,8,46.51,5.81375
41,89,2,18,67.46,3.7477777777777774
41,89,3,1,1.47,1.47
41,89,4,14,19.96,1.4257142857142857
41,90,0,11,30.25,2.75
41,90,1,2,5.2,2.6
41,90,2,7,17.47,2.4957142857142856
41,90,3,3,7.23,2.41
41,90,4,19,17.06,0.8978947368421052
41,95,0,11,30.22,2.747272727272727
41,95,1,15,29.43,1.962
41,95,2,11,9.62,0.8745454545454545
41,95,3,5,2.17,0.434
41,95,4,16,6.32,0.395
41,96,0,9,15.64,1.7377777777777779
41,96,1,11,16.3,1.481818181818182
41,96,2,15,19.85,1.3233333333333335
41,96,3,5,3.6,0.72
41,96,4,18,2.91,0.16166666666666668
41,97,0,19,54.68,2.877894736842105
41,97,1,17,48.16,2.832941176470588
41,97,2,10,19.45,1.9449999999999998
41,97,3,20,32.16,1.6079999999999999
41,97,4,9,8.38,0.9311111111111112
43,4,0,11,45.97,4.179090909090909
43,4,1,12,40.94,3.4116666666666666
43,4,2,19,42.92,2.258947368421053
43,4,3,4,5.44,1.36
43,4,4,4,3.69,0.9225
43,5,0,12,32.07,2.6725
43,5,1,9,20.67,2.296666666666667
43,5,2,5,10.84,2.168
43,5,3,13,17.88,1.3753846153846152
43,5,4,3,1.66,0.5533333333333333
43,6,0,1,7.4,7.4
43,6,1,9,65.19,7.243333333333333
43,6,2,19,106.24,5.591578947368421
43,6,3,4,17.89,4.4725
43,6,4,15,37.4,2.493333333333333
43,7,0,18,221.75,12.319444444444445
43,7,1,1,11.42,11.42
43,7,2,3,32.09,10.696666666666667
43,7,3,5,45.05,9.01
43,7,4,10,41.71,4.171
43,8,0,5,5.87,1.174
43,8,1,1,0.87,0.87
43,8,2,16,13.17,0.823125
43,8,3,7,5.17,0.7385714285714285
43,8,4,17,8.59,0.5052941176470588
43,9,0,4,22.65,5.6625
43,9,1,16,87.84,5.49
43,9,2,20,42.36,2.118
43,9,3,3,3.33,1.11
43,9,4,20,10.46,0.523
43,11,0,14,7.86,0.5614285714285715
43,11,1,2,1.02,0.51
43,11,2,12,2.58,0.215
43,11,3,2,0.27,0.135
43,11,4,13,1.31,0.10076923076923078
43,12,0,5,18.27,3.654
43,12,1,10,32.94,3.2939999999999996
43,12,2,8,16.29,2.03625
43,12,3,7,13.82,1.9742857142857144
43,12,4,20,19.74,0.9869999999999999
43,15,0,11,15.53,1.4118181818181819
43,15,1,18,15.74,0.8744444444444445
43,15,2,20,16.25,0.8125
43,15,3,9,3.54,0.3933333333333333
43,15,4,17,6.45,0.37941176470588234
43,17,0,17,32.37,1.9041176470588235
43,17,1,13,18.67,1.4361538461538463
43,17,2,7,8.93,1.2757142857142856
43,17,3,5,3.2,0.64
43,17,4,19,5.01,0.2636842105263158
43,18,0,17,52.37,3.0805882352941176
43,18,1,15,42.72,2.848
43,18,2,4,9.7,2.425
43,18,3,2,4.45,2.225
43,18,4,17,2.63,0.15470588235294117
43,19,0,8,24.69,3.08625
43,19,1,12,27.54,2.295
43,19,2,10,20.11,2.011
43,19,3,14,19.79,1.4135714285714285
43,19,4,12,12.26,1.0216666666666667
43,27,0,10,69.73,6.973000000000001
43,27,1,17,114.49,6.734705882352941
43,27,2,4,23.57,5.8925
43,27,3,6,33.95,5.658333333333334
43,27,4,13,51.11,3.9315384615384614
43,28,0,14,38.93,2.7807142857142857
43,28,1,16,40.32,2.52
43,28,2,11,24.06,2.187272727272727
43,28,3,12,18.02,1.5016666666666667
43,28,4,14,19.98,1.4271428571428573
43,30,0,6,29.32,4.886666666666667
43,30,1,17,71.34,4.196470588235294
43,30,2,6,22.03,3.671666666666667
43,30,3,7,13.02,1.8599999999999999
43,30,4,5,1.26,0.252
43,35,0,7,22.22,3.174285714285714
43,35,1,11,31.92,2.901818181818182
43,35,2,11,13.96,1.2690909090909093
43,35,3,14,14.92,1.0657142857142856
43,35,4,16,11.07,0.691875
43,36,0,10,25.71,2.571
43,36,1,8,16.13,2.01625
43,36,2,1,1.61,1.61
43,36,3,2,0.67,0.335
43,36,4,5,0.59,0.118
43,37,0,3,7.63,2.5433333333333334
43,37,1,8,19.75,2.46875
43,37,2,14,29.58,2.1128571428571425
43,37,3,5,10.33,2.066
43,37,4,6,4.16,0.6933333333333334
43,39,0,18,43.59,2.421666666666667
43,39,1,3,3.11,1.0366666666666666
43,39,2,7,5.09,0.7271428571428571
43,39,3,8,2.93,0.36625
43,39,4,6,1.51,0.25166666666666665
43,40,0,4,9.56,2.39
43,40,1,20,45.63,2.2815000000000003
43,40,2,1,1.58,1.58
43,40,3,3,1.62,0.54
43,40,4,5,1.73,0.346
43,41,0,7,20.09,2.87
43,41,1,11,29.55,2.6863636363636365
43,41,2,5,9.32,1.864
43,41,3,7,9.95,1.4214285714285713
43,41,4,2,0.96,0.48
43,46,0,18,76.47,4.248333333333333
43,46,1,2,7.08,3.54
43,46,2,1,1.34,1.34
43,46,3,9,10.07,1.1188888888888888
43,46,4,4,4.39,1.0975
43,50,0,12,97.41,8.1175
43,50,1,2,11.38,5.69
43,50,2,19,84.42,4.443157894736842
43,50,3,1,2.26,2.26
43,50,4,17,32.02,1.8835294117647061
43,52,0,16,90.26,5.64125
43,52,1,14,76.0,5.428571428571429
43,52,2,7,23.13,3.3042857142857143
43,52,3,17,47.64,2.8023529411764705
43,52,4,14,19.58,1.3985714285714284
43,53,0,7,78.35,11.192857142857141
43,53,1,10,101.35,10.135
43,53,2,15,48.19,3.2126666666666663
43,53,3,17,34.31,2.0182352941176473
43,53,4,13,11.15,0.8576923076923078
43,54,0,4,11.66,2.915
43,54,1,20,38.21,1.9105
43,54,2,13,22.76,1.7507692307692309
43,54,3,3,4.12,1.3733333333333333
43,54,4,17,15.55,0.9147058823529413
43,55,0,10,28.86,2.886
43,55,1,18,45.06,2.5033333333333334
43,55,2,6,10.97,1.8283333333333334
43,55,3,20,14.38,0.7190000000000001
43,55,4,4,1.18,0.295
43,64,0,16,8.56,0.535
43,64,1,5,1.6,0.32
43,64,2,3,0.47,0.15666666666666665
43,64,3,20,3.04,0.152
43,64,4,20,1.79,0.0895
43,67,0,10,39.27,3.9270000000000005
43,67,1,11,36.45,3.313636363636364
43,67,2,3,5.87,1.9566666666666668
43,67,3,3,5.59,1.8633333333333333
43,67,4,2,0.63,0.315
43,68,0,3,14.17,4.723333333333334
43,68,1,3,13.71,4.57
43,68,2,19,79.92,4.206315789473685
43,68,3,4,13.62,3.405
43,68,4,18,34.75,1.9305555555555556
43,70,0,12,10.71,0.8925000000000001
43,70,1,7,5.41,0.7728571428571429
43,70,2,6,1.43,0.2383333333333333
43,70,3,18,3.66,0.20333333333333334
43,70,4,14,2.36,0.16857142857142857
43,71,0,5,51.78,10.356
43,71,1,13,64.7,4.976923076923077
43,71,2,6,9.95,1.6583333333333332
43,71,3,1,1.28,1.28
43,71,4,2,1.37,0.685
43,72,0,7,9.8,1.4000000000000001
43,72,1,10,12.0,1.2
43,72,2,11,12.15,1.1045454545454545
43,72,3,1,1.09,1.09
43,72,4,13,2.09,0.16076923076923075
43,74,0,12,3.19,0.2658333333333333
43,74,1,2,0.41,0.205
43,74,2,18,3.38,0.18777777777777777
43,74,3,19,3.13,0.16473684210526315
43,74,4,3,0.11,0.03666666666666667
43,75,0,1,2.09,2.09
43,75,1,9,17.21,1.9122222222222223
43,75,2,20,26.04,1.302
43,75,3,17,17.35,1.0205882352941178
43,75,4,4,2.88,0.72
43,77,0,4,2.26,0.565
43,77,1,19,10.61,0.5584210526315789
43,77,2,18,9.7,0.5388888888888889
43,77,3,14,6.12,0.43714285714285717
43,77,4,14,3.1,0.22142857142857145
43,80,0,9,35.31,3.923333333333334
43,80,1,17,48.2,2.835294117647059
43,80,2,1,1.94,1.94
43,80,3,7,9.18,1.3114285714285714
43,80,4,8,2.12,0.265
43,83,0,7,56.42,8.06
43,83,1,12,95.47,7.9558333333333335
43,83,2,10,31.62,3.162
43,83,3,3,3.4,1.1333333333333333
43,83,4,4,2.01,0.5025
43,85,0,20,255.0,12.75
43,85,1,3,37.11,12.37
43,85,2,15,166.86,11.124
43,85,3,11,113.32,10.30181818181818
43,85,4,1,0.96,0.96
43,89,0,20,120.02,6.0009999999999994
43,89,1,1,5.99,5.99
43,89,2,19,78.67,4.140526315789474
43,89,3,14,32.77,2.3407142857142857
43,89,4,5,2.73,0.546
43,90,0,11,10.16,0.9236363636363637
43,90,1,15,13.66,0.9106666666666666
43,90,2,15,9.19,0.6126666666666666
43,90,3,7,1.9,0.2714285714285714
43,90,4,8,0.86,0.1075
43,95,0,9,5.73,0.6366666666666667
43,95,1,1,0.47,0.47
43,95,2,16,7.48,0.4675
43,95,3,15,6.19,0.4126666666666667
43,95,4,16,4.99,0.311875
43,96,0,2,1.36,0.68
43,96,1,17,10.38,0.6105882352941177
43,96,2,11,5.11,0.4645454545454546
43,96,3,10,3.78,0.378
43,96,4,18,5.22,0.29
43,97,0,17,92.22,5.424705882352941
43,97,1,17,81.47,4.79235294117647
43,97,2,14,50.65,3.617857142857143
43,97,3,16,32.74,2.04625
43,97,4,12,15.61,1.3008333333333333
46,4,0,13,16.09,1.2376923076923076
46,4,1,5,5.15,1.03
46,4,2,2,1.93,0.965
46,4,3,14,9.25,0.6607142857142857
46,4,4,2,0.43,0.215
46,5,0,11,24.36,2.2145454545454544
46,5,1,1,1.34,1.34
46,5,2,20,13.69,0.6845
46,5,3,19,11.27,0.5931578947368421
46,5,4,19,6.37,0.3352631578947369
46,6,0,6,11.59,1.9316666666666666
46,6,1,11,18.28,1.6618181818181819
46,6,2,12,12.19,1.0158333333333334
46,6,3,16,13.67,0.854375
46,6,4,14,11.88,0.8485714285714286
46,7,0,16,130.9,8.18125
46,7,1,1,5.8,5.8
46,7,2,11,47.16,4.287272727272727
46,7,3,4,15.91,3.9775
46,7,4,4,14.79,3.6975
46,8,0,20,82.9,4.1450000000000005
46,8,1,6,16.79,2.7983333333333333
46,8,2,13,33.13,2.5484615384615386
46,8,3,12,28.68,2.39
46,8,4,3,1.88,0.6266666666666666
46,9,0,9,4.9,0.5444444444444445
46,9,1,9,3.09,0.3433333333333333
46,9,2,2,0.63,0.315
46,9,3,11,2.75,0.25
46,9,4,6,0.72,0.12
46,11,0,19,87.38,4.598947368421053
46,11,1,8,33.59,4.19875
46,11,2,11,7.84,0.7127272727272728
46,11,3,8,5.14,0.6425
46,11,4,11,3.3,0.3
46,12,0,2,1.63,0.815
46,12,1,14,11.07,0.7907142857142857
46,12,2,19,12.08,0.6357894736842106
46,12,3,4,1.98,0.495
46,12,4,14,3.7,0.2642857142857143
46,15,0,5,23.49,4.6979999999999995
46,15,1,3,10.56,3.52
46,15,2,7,23.79,3.3985714285714286
46,15,3,4,6.03,1.5075
46,15,4,16,4.89,0.305625
46,17,0,11,32.8,2.9818181818181815
46,17,1,17,46.26,2.7211764705882353
46,17,2,15,29.11,1.9406666666666665
46,17,3,7,12.19,1.7414285714285713
46,17,4,7,7.36,1.0514285714285714
46,18,0,20,42.63,2.1315
46,18,1,2,3.84,1.92
46,18,2,16,6.39,0.399375
46,18,3,1,0.25,0.25
46,18,4,14,2.49,0.17785714285714288
46,19,0,9,14.06,1.5622222222222222
46,19,1,7,7.06,1.0085714285714285
46,19,2,3,2.82,0.94
46,19,3,20,17.37,0.8685
46,19,4,11,6.91,0.6281818181818182
46,27,0,19,27.41,1.4426315789473685
46,27,1,2,2.59,1.295
46,27,2,17,20.28,1.1929411764705884
46,27,3,2,2.34,1.17
46,27,4,8,2.84,0.355
46,28,0,11,29.9,2.7181818181818183
46,28,1,20,42.33,2.1165
46,28,2,1,1.78,1.78
46,28,3,15,22.7,1.5133333333333332
46,28,4,9,13.12,1.4577777777777776
46,30,0,2,5.92,2.96
46,30,1,10,25.87,2.587
46,30,2,15,36.07,2.4046666666666665
46,30,3,18,27.53,1.5294444444444446
46,30,4,8,10.21,1.27625
46,35,0,3,4.6,1.5333333333333332
46,35,1,6,8.79,1.4649999999999999
46,35,2,11,15.32,1.3927272727272728
46,35,3,5,3.74,0.748
46,35,4,7,3.43,0.49000000000000005
46,36,0,9,24.3,2.7
46,36,1,5,10.35,2.07
46,36,2,5,9.28,1.8559999999999999
46,36,3,17,22.26,1.3094117647058825
46,36,4,17,12.77,0.7511764705882352
46,37,0,5,15.52,3.104
46,37,1,2,5.04,2.52
46,37,2,18,43.03,2.3905555555555558
46,37,3,3,4.14,1.38
46,37,4,15,2.79,0.186
46,39,0,20,68.55,3.4274999999999998
46,39,1,8,17.63,2.20375
46,39,2,17,32.42,1.907058823529412
46,39,3,17,13.26,0.78
46,39,4,16,4.6,0.2875
46,40,0,5,11.04,2.2079999999999997
46,40,1,18,30.21,1.6783333333333335
46,40,2,3,4.04,1.3466666666666667
46,40,3,18,14.98,0.8322222222222222
46,40,4,14,6.76,0.4828571428571428
46,41,0,14,27.27,1.9478571428571427
46,41,1,8,15.41,1.92625
46,41,2,2,1.7,0.85
46,41,3,4,3.38,0.845
46,41,4,13,2.94,0.22615384615384615
46,43,0,17,64.58,3.7988235294117647
46,43,1,11,37.71,3.428181818181818
46,43,2,11,26.01,2.3645454545454547
46,43,3,1,2.3,2.3
46,43,4,19,7.93,0.41736842105263156
46,50,0,13,79.92,6.147692307692308
46,50,1,9,49.9,5.544444444444444
46,50,2,8,30.43,3.80375
46,50,3,13,39.42,3.0323076923076924
46,50,4,16,21.92,1.37
46,52,0,10,10.2,1.02
46,52,1,19,17.45,0.9184210526315789
46,52,2,19,16.3,0.8578947368421053
46,52,3,5,2.27,0.454
46,52,4,1,0.31,0.31
46,53,0,8,45.64,5.705
46,53,1,19,54.09,2.8468421052631583
46,53,2,5,8.44,1.688
46,53,3,16,22.24,1.39
46,53,4,11,6.06,0.5509090909090909
46,54,0,10,22.22,2.222
46,54,1,9,13.58,1.508888888888889
46,54,2,16,21.04,1.315
46,54,3,11,13.97,1.27
46,54,4,3,3.13,1.0433333333333332
46,55,0,15,41.13,2.742
46,55,1,12,29.48,2.4566666666666666
46,55,2,6,10.51,1.7516666666666667
46,55,3,1,0.98,0.98
46,55,4,20,3.39,0.1695
46,64,0,15,56.27,3.7513333333333336
46,64,1,9,19.9,2.211111111111111
46,64,2,20,33.18,1.659
46,64,3,12,9.35,0.7791666666666667
46,64,4,11,5.41,0.4918181818181818
46,67,0,6,20.59,3.4316666666666666
46,67,1,2,2.78,1.39
46,67,2,5,6.82,1.364
46,67,3,13,9.26,0.7123076923076923
46,67,4,10,3.76,0.376
46,68,0,15,37.14,2.476
46,68,1,3,6.06,2.02
46,68,2,19,38.2,2.0105263157894737
46,68,3,10,14.75,1.475
46,68,4,1,0.43,0.43
46,70,0,5,21.87,4.3740000000000006
46,70,1,5,12.14,2.428
46,70,2,12,28.64,2.3866666666666667
46,70,3,5,11.19,2.238
46,70,4,3,6.56,2.1866666666666665
46,71,0,2,9.85,4.925
46,71,1,3,14.36,4.786666666666666
46,71,2,6,7.1,1.1833333333333333
46,71,3,10,11.13,1.113
46,71,4,10,3.95,0.395
46,72,0,10,31.55,3.1550000000000002
46,72,1,10,29.22,2.9219999999999997
46,72,2,19,26.57,1.398421052631579
46,72,3,11,14.88,1.3527272727272728
46,72,4,20,25.43,1.2715
46,74,0,5,29.86,5.9719999999999995
46,74,1,14,51.74,3.6957142857142857
46,74,2,13,30.83,2.3715384615384614
46,74,3,16,32.89,2.055625
46,74,4,8,11.23,1.40375
46,75,0,5,15.96,3.192
46,75,1,12,31.76,2.646666666666667
46,75,2,14,35.41,2.529285714285714
46,75,3,4,5.87,1.4675
46,75,4,16,13.95,0.871875
46,77,0,18,87.05,4.836111111111111
46,77,1,17,28.9,1.7
46,77,2,2,3.38,1.69
46,77,3,1,0.95,0.95
46,77,4,6,1.41,0.235
46,80,0,12,21.29,1.7741666666666667
46,80,1,1,1.52,1.52
46,80,2,11,12.42,1.1290909090909091
46,80,3,3,1.26,0.42
46,80,4,10,1.22,0.122
46,83,0,6,13.0,2.1666666666666665
46,83,1,19,39.1,2.057894736842105
46,83,2,16,32.65,2.040625
46,83,3,19,25.63,1.3489473684210527
46,83,4,16,14.57,0.910625
46,85,0,12,96.6,8.049999999999999
46,85,1,4,15.12,3.78
46,85,2,7,26.11,3.73
46,85,3,16,53.84,3.365
46,85,4,13,5.51,0.4238461538461538
46,89,0,12,78.57,6.547499999999999
46,89,1,20,104.85,5.2425
46,89,2,18,50.17,2.7872222222222223
46,89,3,19,41.62,2.1905263157894734
46,89,4,17,15.41,0.9064705882352941
46,90,0,7,32.08,4.582857142857143
46,90,1,2,8.12,4.06
46,90,2,5,19.5,3.9
46,90,3,14,47.26,3.3757142857142854
46,90,4,7,23.22,3.317142857142857
46,95,0,12,52.31,4.359166666666667
46,95,1,16,56.23,3.514375
46,95,2,15,43.85,2.9233333333333333
46,95,3,15,37.1,2.4733333333333336
46,95,4,6,8.83,1.4716666666666667
46,96,0,20,65.9,3.2950000000000004
46,96,1,16,41.04,2.565
46,96,2,2,3.46,1.73
46,96,3,7,11.77,1.6814285714285713
46,96,4,11,15.4,1.4000000000000001
46,97,0,8,23.95,2.99375
46,97,1,1,1.94,1.94
46,97,2,13,23.61,1.816153846153846
46,97,3,1,1.21,1.21
46,97,4,4,4.42,1.105
50,4,0,7,52.27,7.467142857142858
50,4,1,13,47.16,3.6276923076923073
50,4,2,8,27.16,3.395
50,4,3,14,38.83,2.7735714285714286
50,4,4,11,18.05,1.6409090909090909
50,5,0,5,41.52,8.304
50,5,1,3,22.64,7.546666666666667
50,5,2,18,89.75,4.986111111111111
50,5,3,18,55.7,3.0944444444444446
50,5,4,2,4.07,2.035
50,6,0,6,31.86,5.31
50,6,1,13,63.98,4.921538461538462
50,6,2,4,18.62,4.655
50,6,3,8,33.57,4.19625
50,6,4,17,43.28,2.5458823529411765
50,7,0,12,12.64,1.0533333333333335
50,7,1,12,9.58,0.7983333333333333
50,7,2,9,6.2,0.6888888888888889
50,7,3,9,2.18,0.24222222222222223
50,7,4,18,1.81,0.10055555555555556
50,8,0,19,169.88,8.941052631578946
50,8,1,7,55.98,7.997142857142856
50,8,2,18,134.44,7.4688888888888885
50,8,3,14,102.91,7.350714285714285
50,8,4,13,31.27,2.4053846153846155
50,9,0,8,51.71,6.46375
50,9,1,18,88.95,4.941666666666666
50,9,2,14,63.54,4.538571428571428
50,9,3,14,38.05,2.7178571428571425
50,9,4,14,4.87,0.34785714285714286
50,11,0,19,161.1,8.478947368421052
50,11,1,5,26.65,5.33
50,11,2,7,25.19,3.5985714285714288
50,11,3,20,44.37,2.2184999999999997
50,11,4,20,41.05,2.0524999999999998
50,12,0,11,48.75,4.431818181818182
50,12,1,6,23.02,3.8366666666666664
50,12,2,3,9.66,3.22
50,12,3,4,10.71,2.6775
50,12,4,9,10.37,1.152222222222222
50,15,0,5,42.3,8.459999999999999
50,15,1,16,116.75,7.296875
50,15,2,2,8.88,4.44
50,15,3,11,41.47,3.77
50,15,4,18,32.94,1.8299999999999998
50,17,0,2,17.27,8.635
50,17,1,5,32.46,6.492
50,17,2,11,69.28,6.298181818181818
50,17,3,6,23.63,3.938333333333333
50,17,4,3,8.4,2.8000000000000003
50,18,0,16,151.97,9.498125
50,18,1,2,17.51,8.755
50,18,2,12,101.51,8.459166666666667
50,18,3,15,86.38,5.758666666666667
50,18,4,17,85.5,5.029411764705882
50,19,0,10,75.37,7.537000000000001
50,19,1,14,103.04,7.36
50,19,2,19,110.59,5.820526315789474
50,19,3,12,37.42,3.1183333333333336
50,19,4,7,7.05,1.0071428571428571
50,27,0,7,25.1,3.585714285714286
50,27,1,16,56.85,3.553125
50,27,2,19,62.88,3.3094736842105266
50,27,3,8,13.52,1.69
50,27,4,8,6.53,0.81625
50,28,0,11,89.64,8.149090909090908
50,28,1,8,44.95,5.61875
50,28,2,8,34.29,4.28625
50,28,3,9,32.01,3.5566666666666666
50,28,4,18,50.67,2.815
50,30,0,15,66.81,4.454
50,30,1,15,58.39,3.8926666666666665
50,30,2,13,43.2,3.3230769230769233
50,30,3,10,33.03,3.303
50,30,4,16,12.42,0.77625
50,35,0,16,92.16,5.76
50,35,1,10,46.87,4.686999999999999
50,35,2,9,35.47,3.941111111111111
50,35,3,17,54.8,3.2235294117647055
50,35,4,19,13.05,0.6868421052631579
50,36,0,2,16.83,8.415
50,36,1,12,95.51,7.959166666666667
50,36,2,18,137.76,7.653333333333332
50,36,3,8,35.61,4.45125
50,36,4,3,3.97,1.3233333333333335
50,37,0,4,31.8,7.95
50,37,1,4,28.96,7.24
50,37,2,16,100.52,6.2825
50,37,3,15,53.83,3.5886666666666667
50,37,4,11,21.55,1.9590909090909092
50,39,0,19,133.78,7.041052631578947
50,39,1,4,27.12,6.78
50,39,2,2,9.22,4.61
50,39,3,9,34.73,3.8588888888888886
50,39,4,19,19.41,1.0215789473684211
50,40,0,3,25.31,8.436666666666666
50,40,1,15,120.77,8.051333333333334
50,40,2,8,64.27,8.03375
50,40,3,4,29.41,7.3525
50,40,4,18,108.9,6.050000000000001
50,41,0,11,93.87,8.533636363636363
50,41,1,20,134.58,6.729000000000001
50,41,2,13,30.15,2.319230769230769
50,41,3,1,1.26,1.26
50,41,4,19,16.46,0.8663157894736843
50,43,0,6,67.34,11.223333333333334
50,43,1,17,149.35,8.785294117647059
50,43,2,15,90.63,6.042
50,43,3,11,60.28,5.48
50,43,4,12,17.61,1.4675
50,46,0,13,90.22,6.9399999999999995
50,46,1,15,88.9,5.926666666666667
50,46,2,4,21.7,5.425
50,46,3,11,51.06,4.641818181818182
50,46,4,2,0.65,0.325
50,52,0,16,99.55,6.221875
50,52,1,18,106.07,5.892777777777777
50,52,2,11,60.86,5.532727272727272
50,52,3,5,19.93,3.9859999999999998
50,52,4,3,3.39,1.1300000000000001
50,53,0,16,15.52,0.97
50,53,1,7,4.24,0.6057142857142858
50,53,2,13,1.31,0.10076923076923078
50,53,3,14,1.14,0.08142857142857142
50,53,4,4,0.32,0.08
50,54,0,8,45.69,5.71125
50,54,1,12,65.42,5.451666666666667
50,54,2,14,61.08,4.362857142857143
50,54,3,6,16.41,2.735
50,54,4,12,30.43,2.535833333333333
50,55,0,2,9.37,4.685
50,55,1,5,22.23,4.446
50,55,2,5,16.14,3.228
50,55,3,17,36.99,2.1758823529411764
50,55,4,10,8.15,0.8150000000000001
50,64,0,4,41.76,10.44
50,64,1,11,70.83,6.4390909090909085
50,64,2,13,83.33,6.41
50,64,3,10,43.55,4.3549999999999995
50,64,4,14,24.02,1.7157142857142857
50,67,0,1,4.68,4.68
50,67,1,7,31.17,4.452857142857143
50,67,2,13,55.09,4.237692307692308
50,67,3,4,16.24,4.06
50,67,4,13,7.48,0.5753846153846154
50,68,0,14,132.25,9.446428571428571
50,68,1,11,95.67,8.697272727272727
50,68,2,18,155.19,8.621666666666666
50,68,3,14,34.67,2.4764285714285714
50,68,4,14,8.55,0.6107142857142858
50,70,0,1,10.61,10.61
50,70,1,18,170.33,9.462777777777779
50,70,2,10,76.4,7.640000000000001
50,70,3,5,34.95,6.99
50,70,4,20,76.75,3.8375
50,71,0,16,12.46,0.77875
50,71,1,4,1.74,0.435
50,71,2,3,1.28,0.4266666666666667
50,71,3,20,7.85,0.39249999999999996
50,71,4,9,1.84,0.20444444444444446
50,72,0,15,135.01,9.000666666666666
50,72,1,10,84.83,8.483
50,72,2,10,77.02,7.702
50,72,3,16,89.59,5.599375
50,72,4,18,96.91,5.3838888888888885
50,74,0,2,21.86,10.93
50,74,1,1,9.8,9.8
50,74,2,2,15.71,7.855
50,74,3,12,27.31,2.2758333333333334
50,74,4,4,8.72,2.18
50,75,0,19,174.3,9.173684210526316
50,75,1,20,180.53,9.0265
50,75,2,2,15.1,7.55
50,75,3,3,14.25,4.75
50,75,4,18,27.55,1.5305555555555557
50,77,0,18,172.73,9.59611111111111
50,77,1,15,106.96,7.1306666666666665
50,77,2,10,50.41,5.0409999999999995
50,77,3,12,27.97,2.330833333333333
50,77,4,6,10.66,1.7766666666666666
50,80,0,15,98.23,6.548666666666667
50,80,1,14,68.74,4.909999999999999
50,80,2,3,10.83,3.61
50,80,3,18,61.18,3.398888888888889
50,80,4,12,9.38,0.7816666666666667
50,83,0,7,28.88,4.1257142857142854
50,83,1,17,59.77,3.5158823529411767
50,83,2,4,7.7,1.925
50,83,3,2,2.61,1.305
50,83,4,4,3.89,0.9725
50,85,0,20,32.27,1.6135000000000002
50,85,1,20,29.02,1.451
50,85,2,17,20.2,1.188235294117647
50,85,3,20,20.86,1.043
50,85,4,11,9.54,0.8672727272727272
50,89,0,14,55.83,3.9878571428571425
50,89,1,15,43.81,2.920666666666667
50,89,2,4,10.23,2.5575
50,89,3,2,4.88,2.44
50,89,4,17,36.5,2.1470588235294117
50,90,0,7,59.23,8.461428571428572
50,90,1,13,106.01,8.154615384615385
50,90,2,13,65.25,5.019230769230769
50,90,3,2,9.45,4.725
50,90,4,5,6.02,1.204
50,95,0,11,118.38,10.761818181818182
50,95,1,19,164.22,8.643157894736841
50,95,2,17,96.33,5.666470588235294
50,95,3,11,44.31,4.028181818181818
50,95,4,19,34.62,1.8221052631578947
50,96,0,2,12.98,6.49
50,96,1,18,98.59,5.477222222222222
50,96,2,9,40.23,4.47
50,96,3,16,27.44,1.715
50,96,4,10,15.96,1.596
50,97,0,6,59.69,9.948333333333332
50,97,1,14,113.04,8.074285714285715
50,97,2,11,83.9,7.627272727272728
50,97,3,9,20.15,2.238888888888889
50,97,4,11,13.08,1.1890909090909092
52,4,0,12,26.42,2.2016666666666667
52,4,1,17,35.6,2.0941176470588236
52,4,2,4,7.95,1.9875
52,4,3,19,20.78,1.0936842105263158
52,4,4,1,0.89,0.89
52,5,0,20,56.68,2.834
52,5,1,14,36.28,2.5914285714285716
52,5,2,19,41.1,2.1631578947368424
52,5,3,14,14.36,1.0257142857142856
52,5,4,19,10.91,0.5742105263157895
52,6,0,5,9.0,1.8
52,6,1,9,14.84,1.6488888888888888
52,6,2,8,13.16,1.645
52,6,3,11,16.7,1.518181818181818
52,6,4,19,5.15,0.2710526315789474
52,7,0,17,111.3,6.547058823529412
52,7,1,11,50.34,4.576363636363637
52,7,2,12,26.28,2.19
52,7,3,6,11.28,1.88
52,7,4,14,17.61,1.2578571428571428
52,8,0,19,73.21,3.853157894736842
52,8,1,18,57.25,3.1805555555555554
52,8,2,16,30.67,1.916875
52,8,3,6,5.73,0.9550000000000001
52,8,4,1,0.39,0.39
52,9,0,18,22.8,1.2666666666666666
52,9,1,1,1.16,1.16
52,9,2,3,2.2,0.7333333333333334
52,9,3,5,2.98,0.596
52,9,4,5,1.06,0.21200000000000002
52,11,0,3,14.77,4.923333333333333
52,11,1,16,71.46,4.46625
52,11,2,9,35.87,3.985555555555555
52,11,3,16,62.94,3.93375
52,11,4,7,15.07,2.152857142857143
52,12,0,20,22.15,1.1075
52,12,1,13,13.31,1.0238461538461539
52,12,2,17,15.32,0.9011764705882354
52,12,3,10,2.19,0.219
52,12,4,19,1.53,0.08052631578947368
52,15,0,15,32.12,2.1413333333333333
52,15,1,3,5.92,1.9733333333333334
52,15,2,1,1.67,1.67
52,15,3,10,10.39,1.0390000000000001
52,15,4,19,10.8,0.5684210526315789
52,17,0,20,63.26,3.163
52,17,1,8,21.22,2.6525
52,17,2,8,11.61,1.45125
52,17,3,10,7.89,0.7889999999999999
52,17,4,5,0.82,0.16399999999999998
52,18,0,8,19.77,2.47125
52,18,1,9,14.12,1.5688888888888888
52,18,2,12,17.72,1.4766666666666666
52,18,3,6,8.47,1.4116666666666668
52,18,4,6,6.04,1.0066666666666666
52,19,0,9,13.64,1.5155555555555555
52,19,1,13,12.75,0.9807692307692307
52,19,2,6,4.5,0.75
52,19,3,17,7.33,0.43117647058823527
52,19,4,19,3.26,0.17157894736842105
52,27,0,18,24.39,1.355
52,27,1,6,6.09,1.015
52,27,2,2,1.1,0.55
52,27,3,8,1.49,0.18625
52,27,4,5,0.73,0.146
52,28,0,7,17.62,2.5171428571428573
52,28,1,11,25.34,2.3036363636363637
52,28,2,20,38.06,1.903
52,28,3,7,8.59,1.227142857142857
52,28,4,11,7.23,0.6572727272727273
52,30,0,11,17.93,1.63
52,30,1,11,15.25,1.3863636363636365
52,30,2,12,11.82,0.985
52,30,3,19,12.15,0.6394736842105263
52,30,4,10,4.62,0.462
52,35,0,15,13.72,0.9146666666666667
52,35,1,11,9.47,0.860909090909091
52,35,2,6,4.62,0.77
52,35,3,3,1.69,0.5633333333333334
52,35,4,15,3.78,0.252
52,36,0,16,53.44,3.34
52,36,1,11,32.73,2.975454545454545
52,36,2,17,45.52,2.6776470588235295
52,36,3,14,35.39,2.527857142857143
52,36,4,9,22.41,2.49
52,37,0,15,37.46,2.497333333333333
52,37,1,18,27.31,1.5172222222222222
52,37,2,15,22.09,1.4726666666666666
52,37,3,13,18.08,1.3907692307692305
52,37,4,8,1.46,0.1825
52,39,0,19,56.61,2.9794736842105265
52,39,1,13,25.39,1.9530769230769232
52,39,2,5,3.07,0.614
52,39,3,15,4.6,0.30666666666666664
52,39,4,18,2.55,0.14166666666666666
52,40,0,15,44.8,2.9866666666666664
52,40,1,17,24.19,1.4229411764705884
52,40,2,15,10.73,0.7153333333333334
52,40,3,14,6.96,0.49714285714285716
52,40,4,3,0.55,0.18333333333333335
52,41,0,16,41.25,2.578125
52,41,1,1,1.11,1.11
52,41,2,12,4.69,0.39083333333333337
52,41,3,19,7.0,0.3684210526315789
52,41,4,8,1.14,0.1425
52,43,0,8,38.53,4.81625
52,43,1,9,29.44,3.2711111111111113
52,43,2,4,11.7,2.925
52,43,3,3,8.19,2.73
52,43,4,3,4.22,1.4066666666666665
52,46,0,14,11.11,0.7935714285714285
52,46,1,5,3.63,0.726
52,46,2,11,3.34,0.30363636363636365
52,46,3,4,1.01,0.2525
52,46,4,4,0.33,0.0825
52,50,0,20,91.22,4.561
52,50,1,18,50.49,2.805
52,50,2,17,40.82,2.4011764705882355
52,50,3,12,28.76,2.396666666666667
52,50,4,15,35.07,2.338
52,53,0,17,109.8,6.458823529411765
52,53,1,12,61.05,5.0874999999999995
52,53,2,15,58.12,3.8746666666666667
52,53,3,6,20.08,3.3466666666666662
52,53,4,15,33.2,2.2133333333333334
52,54,0,3,6.06,2.02
52,54,1,8,14.4,1.8
52,54,2,6,7.59,1.265
52,54,3,12,13.73,1.1441666666666668
52,54,4,11,5.55,0.5045454545454545
52,55,0,8,13.13,1.64125
52,55,1,19,23.95,1.2605263157894737
52,55,2,11,13.03,1.1845454545454546
52,55,3,2,1.99,0.995
52,55,4,5,2.62,0.524
52,64,0,1,4.91,4.91
52,64,1,4,18.28,4.57
52,64,2,17,71.74,4.22
52,64,3,14,46.47,3.3192857142857144
52,64,4,2,4.42,2.21
52,67,0,7,14.51,2.072857142857143
52,67,1,14,28.12,2.0085714285714285
52,67,2,20,32.02,1.6010000000000002
52,67,3,1,1.22,1.22
52,67,4,10,2.08,0.20800000000000002
52,68,0,20,53.15,2.6574999999999998
52,68,1,9,15.83,1.758888888888889
52,68,2,13,21.82,1.6784615384615384
52,68,3,20,29.37,1.4685000000000001
52,68,4,4,2.51,0.6275
52,70,0,16,72.43,4.526875
52,70,1,15,63.53,4.235333333333333
52,70,2,4,14.65,3.6625
52,70,3,15,48.57,3.238
52,70,4,10,3.46,0.346
52,71,0,10,37.13,3.713
52,71,1,2,5.8,2.9
52,71,2,17,24.47,1.4394117647058824
52,71,3,14,10.33,0.7378571428571429
52,71,4,16,8.79,0.549375
52,72,0,7,22.56,3.222857142857143
52,72,1,16,50.46,3.15375
52,72,2,10,28.95,2.895
52,72,3,14,17.1,1.2214285714285715
52,72,4,9,10.52,1.1688888888888889
52,74,0,2,10.52,5.26
52,74,1,4,20.36,5.09
52,74,2,1,4.17,4.17
52,74,3,20,65.78,3.289
52,74,4,18,12.4,0.6888888888888889
52,75,0,3,9.64,3.2133333333333334
52,75,1,16,37.51,2.344375
52,75,2,11,21.68,1.970909090909091
52,75,3,13,21.64,1.6646153846153846
52,75,4,1,0.19,0.19
52,77,0,17,39.96,2.3505882352941176
52,77,1,18,39.53,2.196111111111111
52,77,2,6,5.83,0.9716666666666667
52,77,3,15,12.1,0.8066666666666666
52,77,4,5,1.37,0.274
52,80,0,6,7.68,1.28
52,80,1,2,2.24,1.12
52,80,2,10,10.86,1.0859999999999999
52,80,3,4,3.1,0.775
52,80,4,20,2.39,0.11950000000000001
52,83,0,14,29.85,2.132142857142857
52,83,1,4,7.44,1.86
52,83,2,4,7.27,1.8175
52,83,3,18,18.58,1.0322222222222222
52,83,4,15,5.82,0.388
52,85,0,4,26.74,6.685
52,85,1,5,31.41,6.282
52,85,2,12,36.44,3.0366666666666666
52,85,3,15,34.39,2.292666666666667
52,85,4,8,12.13,1.51625
52,89,0,9,40.19,4.4655555555555555
52,89,1,3,4.13,1.3766666666666667
52,89,2,3,4.0,1.3333333333333333
52,89,3,2,2.48,1.24
52,89,4,15,17.32,1.1546666666666667
52,90,0,12,57.61,4.800833333333333
52,90,1,2,8.59,4.295
52,90,2,17,24.24,1.4258823529411764
52,90,3,17,12.85,0.7558823529411764
52,90,4,19,9.78,0.5147368421052632
52,95,0,10,52.96,5.296
52,95,1,13,65.87,5.066923076923077
52,95,2,14,40.24,2.8742857142857146
52,95,3,16,17.77,1.110625
52,95,4,13,5.8,0.4461538461538461
52,96,0,14,51.42,3.672857142857143
52,96,1,9,20.84,2.3155555555555556
52,96,2,8,11.81,1.47625
52,96,3,10,12.29,1.2289999999999999
52,96,4,7,7.37,1.052857142857143
52,97,0,12,50.6,4.216666666666667
52,97,1,15,37.0,2.466666666666667
52,97,2,12,26.77,2.2308333333333334
52,97,3,6,12.59,2.098333333333333
52,97,4,8,12.7,1.5875
53,4,0,17,162.43,9.554705882352941
53,4,1,18,142.23,7.901666666666666
53,4,2,9,48.54,5.3933333333333335
53,4,3,13,54.78,4.213846153846154
53,4,4,8,7.94,0.9925
53,5,0,6,61.94,10.323333333333332
53,5,1,15,140.23,9.348666666666666
53,5,2,4,25.78,6.445
53,5,3,12,42.82,3.5683333333333334
53,5,4,9,24.29,2.698888888888889
53,6,0,15,90.2,6.013333333333334
53,6,1,15,70.72,4.714666666666667
53,6,2,17,45.98,2.704705882352941
53,6,3,4,8.19,2.0475
53,6,4,5,9.95,1.9899999999999998
53,7,0,19,6.43,0.33842105263157896
53,7,1,12,3.04,0.25333333333333335
53,7,2,18,4.17,0.23166666666666666
53,7,3,11,1.05,0.09545454545454546
53,7,4,18,0.75,0.041666666666666664
53,8,0,17,189.05,11.120588235294118
53,8,1,15,135.26,9.017333333333333
53,8,2,11,91.66,8.332727272727272
53,8,3,11,49.58,4.507272727272727
53,8,4,13,33.89,2.606923076923077
53,9,0,2,11.85,5.925
53,9,1,19,110.43,5.812105263157895
53,9,2,7,40.01,5.715714285714285
53,9,3,3,13.7,4.566666666666666
53,9,4,15,63.17,4.211333333333333
53,11,0,17,197.72,11.630588235294118
53,11,1,11,111.58,10.143636363636363
53,11,2,7,39.69,5.67
53,11,3,17,91.05,5.355882352941176
53,11,4,14,72.89,5.206428571428572
53,12,0,15,126.84,8.456
53,12,1,19,114.79,6.041578947368421
53,12,2,12,57.66,4.805
53,12,3,18,83.45,4.636111111111111
53,12,4,19,44.88,2.3621052631578947
53,15,0,8,68.06,8.5075
53,15,1,19,144.48,7.604210526315789
53,15,2,10,34.04,3.404
53,15,3,8,25.1,3.1375
53,15,4,17,26.06,1.5329411764705883
53,17,0,17,136.98,8.057647058823528
53,17,1,8,44.6,5.575
53,17,2,8,27.77,3.47125
53,17,3,18,39.96,2.22
53,17,4,2,1.27,0.635
53,18,0,10,77.97,7.797
53,18,1,12,88.88,7.406666666666666
53,18,2,12,54.13,4.510833333333333
53,18,3,17,37.89,2.228823529411765
53,18,4,3,6.62,2.2066666666666666
53,19,0,18,95.55,5.308333333333334
53,19,1,10,25.04,2.504
53,19,2,20,48.98,2.449
53,19,3,6,10.13,1.6883333333333335
53,19,4,8,12.99,1.62375
53,27,0,18,77.79,4.321666666666667
53,27,1,17,72.34,4.255294117647059
53,27,2,7,27.52,3.9314285714285715
53,27,3,7,11.42,1.6314285714285715
53,27,4,13,11.34,0.8723076923076923
53,28,0,8,76.04,9.505
53,28,1,7,48.63,6.9471428571428575
53,28,2,12,58.78,4.898333333333333
53,28,3,11,48.06,4.369090909090909
53,28,4,18,47.23,2.6238888888888887
53,30,0,16,53.35,3.334375
53,30,1,1,3.26,3.26
53,30,2,7,21.69,3.0985714285714288
53,30,3,13,26.92,2.0707692307692307
53,30,4,10,19.23,1.923
53,35,0,10,83.67,8.367
53,35,1,16,69.79,4.361875
53,35,2,14,47.95,3.4250000000000003
53,35,3,11,37.35,3.3954545454545455
53,35,4,5,2.39,0.47800000000000004
53,36,0,9,72.57,8.063333333333333
53,36,1,3,12.76,4.253333333333333
53,36,2,18,44.42,2.467777777777778
53,36,3,8,17.59,2.19875
53,36,4,8,12.89,1.61125
53,37,0,8,54.01,6.75125
53,37,1,5,30.43,6.086
53,37,2,8,41.44,5.18
53,37,3,18,92.26,5.125555555555556
53,37,4,15,61.66,4.110666666666666
53,39,0,14,120.63,8.616428571428571
53,39,1,6,43.08,7.18
53,39,2,5,16.18,3.2359999999999998
53,39,3,2,4.41,2.205
53,39,4,6,12.13,2.021666666666667
53,40,0,4,33.34,8.335
53,40,1,14,99.79,7.127857142857144
53,40,2,9,42.33,4.703333333333333
53,40,3,15,64.15,4.276666666666667
53,40,4,19,16.66,0.8768421052631579
53,41,0,1,8.98,8.98
53,41,1,18,89.93,4.996111111111111
53,41,2,5,19.01,3.8020000000000005
53,41,3,8,15.61,1.95125
53,41,4,5,3.57,0.714
53,43,0,18,189.65,10.536111111111111
53,43,1,14,132.4,9.457142857142857
53,43,2,9,73.89,8.21
53,43,3,7,27.6,3.942857142857143
53,43,4,11,18.0,1.6363636363636365
53,46,0,5,35.45,7.090000000000001
53,46,1,2,13.69,6.845
53,46,2,6,41.06,6.843333333333334
53,46,3,10,24.16,2.416
53,46,4,17,8.27,0.4864705882352941
53,50,0,16,15.93,0.995625
53,50,1,9,8.25,0.9166666666666666
53,50,2,18,15.1,0.8388888888888889
53,50,3,4,1.1,0.275
53,50,4,9,2.1,0.23333333333333334
53,52,0,14,82.53,5.8950000000000005
53,52,1,3,16.02,5.34
53,52,2,10,52.16,5.215999999999999
53,52,3,16,69.65,4.353125
53,52,4,18,56.01,3.1116666666666664
53,54,0,8,70.33,8.79125
53,54,1,14,117.93,8.42357142857143
53,54,2,12,68.71,5.725833333333333
53,54,3,15,38.08,2.5386666666666664
53,54,4,19,13.63,0.7173684210526317
53,55,0,2,16.53,8.265
53,55,1,5,30.53,6.106
53,55,2,16,81.72,5.1075
53,55,3,13,47.68,3.667692307692308
53,55,4,20,21.85,1.0925
53,64,0,19,217.31,11.437368421052632
53,64,1,10,109.15,10.915000000000001
53,64,2,20,197.38,9.869
53,64,3,19,97.47,5.13
53,64,4,14,25.9,1.8499999999999999
53,67,0,17,109.21,6.424117647058823
53,67,1,14,82.92,5.922857142857143
53,67,2,14,72.92,5.208571428571429
53,67,3,9,33.71,3.7455555555555557
53,67,4,20,66.13,3.3064999999999998
53,68,0,14,113.15,8.082142857142857
53,68,1,1,6.42,6.42
53,68,2,20,123.2,6.16
53,68,3,8,46.18,5.7725
53,68,4,12,52.49,4.3741666666666665
53,70,0,8,85.11,10.63875
53,70,1,18,168.5,9.36111111111111
53,70,2,7,58.32,8.331428571428571
53,70,3,6,41.93,6.988333333333333
53,70,4,5,20.64,4.128
53,71,0,7,9.13,1.3042857142857145
53,71,1,13,14.38,1.1061538461538463
53,71,2,12,11.94,0.995
53,71,3,5,2.48,0.496
53,71,4,14,2.36,0.16857142857142857
53,72,0,10,97.52,9.751999999999999
53,72,1,12,84.06,7.005
53,72,2,19,118.0,6.2105263157894735
53,72,3,19,84.7,4.457894736842105
53,72,4,12,40.0,3.3333333333333335
53,74,0,15,137.99,9.199333333333334
53,74,1,1,5.04,5.04
53,74,2,16,58.91,3.681875
53,74,3,4,6.66,1.665
53,74,4,10,8.94,0.8939999999999999
53,75,0,11,101.19,9.19909090909091
53,75,1,17,68.88,4.051764705882353
53,75,2,1,1.65,1.65
53,75,3,17,23.46,1.3800000000000001
53,75,4,18,18.36,1.02
53,77,0,10,97.16,9.716
53,77,1,16,151.85,9.490625
53,77,2,8,58.71,7.33875
53,77,3,15,21.57,1.438
53,77,4,1,1.07,1.07
53,80,0,19,136.3,7.173684210526316
53,80,1,15,86.9,5.793333333333334
53,80,2,20,109.06,5.453
53,80,3,12,35.79,2.9825
53,80,4,9,11.94,1.3266666666666667
53,83,0,7,41.54,5.934285714285714
53,83,1,20,110.33,5.5165
53,83,2,15,70.05,4.67
53,83,3,19,41.99,2.21
53,83,4,14,30.78,2.198571428571429
53,85,0,9,9.74,1.0822222222222222
53,85,1,3,3.13,1.0433333333333332
53,85,2,10,6.16,0.616
53,85,3,9,4.65,0.5166666666666667
53,85,4,9,3.21,0.3566666666666667
53,89,0,15,67.99,4.532666666666667
53,89,1,10,39.02,3.902
53,89,2,15,38.24,2.5493333333333337
53,89,3,1,1.46,1.46
53,89,4,18,13.02,0.7233333333333333
53,90,0,7,78.29,11.184285714285716
53,90,1,4,17.09,4.2725
53,90,2,13,52.02,4.001538461538462
53,90,3,10,36.81,3.681
53,90,4,4,13.7,3.425
53,95,0,7,76.11,10.872857142857143
53,95,1,1,7.47,7.47
53,95,2,12,79.98,6.665
53,95,3,1,2.56,2.56
53,95,4,14,10.74,0.7671428571428571
53,96,0,15,167.07,11.138
53,96,1,2,21.39,10.695
53,96,2,1,6.39,6.39
53,96,3,7,40.99,5.855714285714286
53,96,4,16,64.6,4.0375
53,97,0,16,72.86,4.55375
53,97,1,8,32.03,4.00375
53,97,2,18,52.72,2.928888888888889
53,97,3,18,46.55,2.586111111111111
53,97,4,3,7.0,2.3333333333333335
54,4,0,13,16.73,1.286923076923077
54,4,1,4,5.02,1.255
54,4,2,7,6.92,0.9885714285714285
54,4,3,11,6.35,0.5772727272727273
54,4,4,9,5.12,0.5688888888888889
54,5,0,5,9.59,1.918
54,5,1,11,16.06,1.46
54,5,2,14,18.98,1.3557142857142856
54,5,3,19,16.43,0.8647368421052631
54,5,4,20,15.86,0.7929999999999999
54,6,0,3,7.48,2.4933333333333336
54,6,1,8,18.72,2.34
54,6,2,14,23.07,1.647857142857143
54,6,3,6,9.32,1.5533333333333335
54,6,4,13,6.1,0.46923076923076923
54,7,0,18,96.6,5.366666666666666
54,7,1,1,5.22,5.22
54,7,2,12,61.07,5.089166666666666
54,7,3,16,80.57,5.035625
54,7,4,9,27.07,3.0077777777777777
54,8,0,6,10.51,1.7516666666666667
54,8,1,17,28.0,1.6470588235294117
54,8,2,20,18.66,0.933
54,8,3,5,1.56,0.312
54,8,4,10,1.77,0.177
54,9,0,19,53.73,2.8278947368421052
54,9,1,8,18.71,2.33875
54,9,2,1,1.38,1.38
54,9,3,18,24.14,1.3411111111111111
54,9,4,15,14.61,0.974
54,11,0,4,10.41,2.6025
54,11,1,10,20.29,2.029
54,11,2,13,15.07,1.1592307692307693
54,11,3,8,9.14,1.1425
54,11,4,9,4.57,0.5077777777777778
54,12,0,11,12.31,1.1190909090909091
54,12,1,9,9.87,1.0966666666666667
54,12,2,14,7.52,0.5371428571428571
54,12,3,15,3.74,0.24933333333333335
54,12,4,13,1.87,0.14384615384615385
54,15,0,8,19.24,2.405
54,15,1,11,20.63,1.8754545454545453
54,15,2,20,31.33,1.5665
54,15,3,1,1.35,1.35
54,15,4,8,4.87,0.60875
54,17,0,2,1.66,0.83
54,17,1,19,9.38,0.49368421052631584
54,17,2,9,3.77,0.41888888888888887
54,17,3,6,0.92,0.15333333333333335
54,17,4,18,2.22,0.12333333333333335
54,18,0,19,19.96,1.0505263157894738
54,18,1,17,17.35,1.0205882352941178
54,18,2,20,20.36,1.018
54,18,3,10,1.07,0.10700000000000001
54,18,4,20,1.42,0.071
54,19,0,18,10.8,0.6000000000000001
54,19,1,19,10.41,0.5478947368421053
54,19,2,9,4.74,0.5266666666666667
54,19,3,16,8.0,0.5
54,19,4,11,1.53,0.1390909090909091
54,27,0,16,49.03,3.064375
54,27,1,8,16.33,2.04125
54,27,2,12,21.55,1.7958333333333334
54,27,3,10,13.73,1.373
54,27,4,20,18.93,0.9465
54,28,0,14,9.38,0.67
54,28,1,9,5.18,0.5755555555555555
54,28,2,18,7.66,0.4255555555555556
54,28,3,6,1.97,0.3283333333333333
54,28,4,10,2.34,0.23399999999999999
54,30,0,4,9.58,2.395
54,30,1,7,13.04,1.8628571428571428
54,30,2,17,17.8,1.0470588235294118
54,30,3,2,0.37,0.185
54,30,4,16,2.94,0.18375
54,35,0,12,4.22,0.3516666666666666
54,35,1,15,5.22,0.348
54,35,2,17,4.85,0.2852941176470588
54,35,3,2,0.17,0.085
54,35,4,19,1.01,0.053157894736842105
54,36,0,8,9.98,1.2475
54,36,1,1,0.74,0.74
54,36,2,20,14.47,0.7235
54,36,3,3,1.87,0.6233333333333334
54,36,4,11,3.18,0.2890909090909091
54,37,0,13,11.34,0.8723076923076923
54,37,1,10,8.03,0.8029999999999999
54,37,2,9,3.63,0.4033333333333333
54,37,3,8,0.96,0.12
54,37,4,1,0.11,0.11
54,39,0,2,3.01,1.505
54,39,1,19,20.5,1.0789473684210527
54,39,2,17,11.05,0.65
54,39,3,16,9.61,0.600625
54,39,4,6,0.68,0.11333333333333334
54,40,0,18,27.76,1.5422222222222224
54,40,1,14,15.59,1.1135714285714287
54,40,2,8,8.4,1.05
54,40,3,2,0.74,0.37
54,40,4,12,2.21,0.18416666666666667
54,41,0,4,5.68,1.42
54,41,1,11,11.19,1.0172727272727273
54,41,2,10,4.24,0.42400000000000004
54,41,3,4,1.58,0.395
54,41,4,5,0.38,0.076
54,43,0,14,50.16,3.5828571428571427
54,43,1,12,42.05,3.5041666666666664
54,43,2,17,57.2,3.364705882352941
54,43,3,13,41.38,3.183076923076923
54,43,4,7,9.0,1.2857142857142858
54,46,0,17,36.65,2.1558823529411764
54,46,1,9,17.14,1.9044444444444446
54,46,2,10,12.54,1.254
54,46,3,16,19.91,1.244375
54,46,4,14,5.27,0.3764285714285714
54,50,0,10,81.01,8.101
54,50,1,11,46.78,4.252727272727273
54,50,2,15,62.71,4.180666666666666
54,50,3,6,12.07,2.0116666666666667
54,50,4,7,6.06,0.8657142857142857
54,52,0,8,16.79,2.09875
54,52,1,8,7.79,0.97375
54,52,2,5,4.14,0.828
54,52,3,10,5.89,0.589
54,52,4,17,5.98,0.351764705882353
54,53,0,8,71.29,8.91125
54,53,1,4,29.81,7.4525
54,53,2,19,137.54,7.238947368421052
54,53,3,6,43.28,7.213333333333334
54,53,4,7,15.94,2.277142857142857
54,55,0,19,33.35,1.7552631578947369
54,55,1,18,16.51,0.9172222222222223
54,55,2,17,9.1,0.5352941176470588
54,55,3,12,5.92,0.49333333333333335
54,55,4,19,8.08,0.42526315789473684
54,64,0,5,13.62,2.7239999999999998
54,64,1,11,29.3,2.6636363636363636
54,64,2,2,4.91,2.455
54,64,3,10,14.94,1.494
54,64,4,2,1.53,0.765
54,67,0,15,40.94,2.7293333333333334
54,67,1,4,10.05,2.5125
54,67,2,3,6.63,2.21
54,67,3,19,41.33,2.1752631578947366
54,67,4,11,11.69,1.0627272727272727
54,68,0,6,17.26,2.876666666666667
54,68,1,10,22.58,2.258
54,68,2,18,39.91,2.217222222222222
54,68,3,13,21.17,1.6284615384615386
54,68,4,12,14.01,1.1675
54,70,0,19,48.05,2.5289473684210524
54,70,1,17,40.89,2.405294117647059
54,70,2,15,30.93,2.062
54,70,3,15,20.28,1.352
54,70,4,5,4.87,0.974
54,71,0,8,56.96,7.12
54,71,1,9,61.04,6.782222222222222
54,71,2,10,52.62,5.262
54,71,3,17,54.15,3.1852941176470586
54,71,4,9,27.68,3.0755555555555554
54,72,0,11,14.16,1.2872727272727273
54,72,1,17,14.68,0.8635294117647059
54,72,2,11,8.3,0.7545454545454546
54,72,3,1,0.51,0.51
54,72,4,13,4.09,0.31461538461538463
54,74,0,7,25.38,3.6257142857142854
54,74,1,13,31.71,2.439230769230769
54,74,2,19,42.6,2.2421052631578946
54,74,3,17,33.17,1.9511764705882353
54,74,4,8,5.3,0.6625
54,75,0,15,20.81,1.3873333333333333
54,75,1,4,5.52,1.38
54,75,2,7,9.44,1.3485714285714285
54,75,3,5,1.43,0.286
54,75,4,20,5.23,0.2615
54,77,0,8,16.82,2.1025
54,77,1,13,23.56,1.8123076923076922
54,77,2,14,23.35,1.667857142857143
54,77,3,7,6.0,0.8571428571428571
54,77,4,19,12.55,0.6605263157894737
54,80,0,13,11.11,0.8546153846153846
54,80,1,4,3.16,0.79
54,80,2,13,6.77,0.5207692307692308
54,80,3,6,2.59,0.43166666666666664
54,80,4,15,5.38,0.35866666666666663
54,83,0,15,62.49,4.166
54,83,1,14,48.33,3.452142857142857
54,83,2,8,24.7,3.0875
54,83,3,5,11.4,2.2800000000000002
54,83,4,8,9.67,1.20875
54,85,0,4,39.43,9.8575
54,85,1,9,60.82,6.757777777777778
54,85,2,20,104.12,5.206
54,85,3,20,85.24,4.262
54,85,4,4,8.21,2.0525
54,89,0,14,110.81,7.915
54,89,1,13,70.52,5.424615384615384
54,89,2,5,26.23,5.246
54,89,3,20,63.62,3.181
54,89,4,15,31.48,2.098666666666667
54,90,0,12,35.01,2.9175
54,90,1,15,23.07,1.538
54,90,2,12,16.34,1.3616666666666666
54,90,3,14,18.26,1.3042857142857145
54,90,4,18,19.51,1.083888888888889
54,95,0,17,37.21,2.188823529411765
54,95,1,17,29.73,1.7488235294117647
54,95,2,16,21.58,1.34875
54,95,3,19,12.23,0.6436842105263159
54,95,4,15,7.3,0.48666666666666664
54,96,0,19,42.45,2.2342105263157896
54,96,1,16,18.44,1.1525
54,96,2,20,20.59,1.0295
54,96,3,18,16.97,0.9427777777777777
54,96,4,7,4.17,0.5957142857142858
54,97,0,11,41.0,3.727272727272727
54,97,1,13,27.15,2.088461538461538
54,97,2,14,28.91,2.065
54,97,3,9,16.37,1.818888888888889
54,97,4,8,9.38,1.1725
55,4,0,11,35.52,3.2290909090909095
55,4,1,11,31.8,2.890909090909091
55,4,2,5,9.82,1.964
55,4,3,9,11.77,1.3077777777777777
55,4,4,18,19.78,1.098888888888889
55,5,0,4,12.71,3.1775
55,5,1,10,20.94,2.0940000000000003
55,5,2,18,14.7,0.8166666666666667
55,5,3,3,1.58,0.5266666666666667
55,5,4,10,3.59,0.359
55,6,0,15,56.52,3.7680000000000002
55,6,1,15,40.46,2.6973333333333334
55,6,2,4,8.19,2.0475
55,6,3,8,15.73,1.96625
55,6,4,20,25.64,1.282
55,7,0,10,33.7,3.37
55,7,1,7,19.39,2.77
55,7,2,12,30.23,2.5191666666666666
55,7,3,20,31.76,1.588
55,7,4,18,12.56,0.6977777777777778
55,8,0,17,56.72,3.336470588235294
55,8,1,5,11.71,2.342
55,8,2,5,10.04,2.008
55,8,3,15,19.08,1.2719999999999998
55,8,4,1,0.17,0.17
55,9,0,16,69.32,4.3325
55,9,1,2,7.37,3.685
55,9,2,12,19.39,1.6158333333333335
55,9,3,5,2.72,0.544
55,9,4,19,3.52,0.18526315789473685
55,11,0,3,10.14,3.3800000000000003
55,11,1,15,40.78,2.7186666666666666
55,11,2,19,50.61,2.663684210526316
55,11,3,17,24.96,1.468235294117647
55,11,4,8,2.41,0.30125
55,12,0,10,15.96,1.596
55,12,1,15,20.74,1.3826666666666665
55,12,2,10,8.92,0.892
55,12,3,9,5.25,0.5833333333333334
55,12,4,18,4.04,0.22444444444444445
55,15,0,3,6.97,2.3233333333333333
55,15,1,2,2.79,1.395
55,15,2,6,5.05,0.8416666666666667
55,15,3,14,6.58,0.47000000000000003
55,15,4,6,1.97,0.3283333333333333
55,17,0,3,6.8,2.2666666666666666
55,17,1,7,10.9,1.5571428571428572
55,17,2,19,29.54,1.5547368421052632
55,17,3,17,15.56,0.9152941176470588
55,17,4,10,8.21,0.8210000000000001
55,18,0,4,12.78,3.195
55,18,1,1,2.87,2.87
55,18,2,7,10.14,1.4485714285714286
55,18,3,9,7.04,0.7822222222222223
55,18,4,15,2.39,0.15933333333333335
55,19,0,19,55.68,2.9305263157894736
55,19,1,10,26.7,2.67
55,19,2,15,37.46,2.497333333333333
55,19,3,8,18.95,2.36875
55,19,4,14,15.88,1.1342857142857143
55,27,0,14,55.44,3.96
55,27,1,2,4.36,2.18
55,27,2,3,6.3,2.1
55,27,3,20,38.16,1.908
55,27,4,13,18.49,1.4223076923076923
55,28,0,3,4.74,1.58
55,28,1,3,4.6,1.5333333333333332
55,28,2,1,1.49,1.49
55,28,3,10,4.71,0.471
55,28,4,2,0.26,0.13
55,30,0,3,3.35,1.1166666666666667
55,30,1,11,10.84,0.9854545454545455
55,30,2,14,10.77,0.7692857142857142
55,30,3,14,10.71,0.765
55,30,4,7,3.17,0.45285714285714285
55,35,0,19,24.04,1.2652631578947369
55,35,1,8,7.72,0.965
55,35,2,5,1.89,0.378
55,35,3,3,0.76,0.25333333333333335
55,35,4,2,0.34,0.17
55,36,0,9,11.22,1.2466666666666668
55,36,1,20,20.67,1.0335
55,36,2,4,3.61,0.9025
55,36,3,12,3.35,0.2791666666666667
55,36,4,19,3.61,0.19
55,37,0,3,3.7,1.2333333333333334
55,37,1,6,7.18,1.1966666666666665
55,37,2,8,7.04,0.88
55,37,3,20,14.9,0.745
55,37,4,4,1.3,0.325
55,39,0,14,10.39,0.7421428571428572
55,39,1,2,1.44,0.72
55,39,2,5,2.38,0.476
55,39,3,8,2.0,0.25
55,39,4,11,1.18,0.10727272727272727
55,40,0,11,35.19,3.1990909090909088
55,40,1,5,15.11,3.022
55,40,2,14,29.12,2.08
55,40,3,10,11.16,1.116
55,40,4,1,0.63,0.63
55,41,0,14,41.1,2.935714285714286
55,41,1,20,18.77,0.9385
55,41,2,14,12.75,0.9107142857142857
55,41,3,8,7.14,0.8925
55,41,4,14,9.91,0.7078571428571429
55,43,0,6,25.21,4.201666666666667
55,43,1,9,21.03,2.336666666666667
55,43,2,12,20.29,1.6908333333333332
55,43,3,9,12.39,1.3766666666666667
55,43,4,8,4.48,0.56
55,46,0,6,21.7,3.6166666666666667
55,46,1,7,15.74,2.2485714285714287
55,46,2,19,36.94,1.9442105263157894
55,46,3,2,1.29,0.645
55,46,4,1,0.58,0.58
55,50,0,5,35.65,7.13
55,50,1,3,20.9,6.966666666666666
55,50,2,17,86.89,5.111176470588235
55,50,3,12,34.5,2.875
55,50,4,3,6.6,2.1999999999999997
55,52,0,18,48.82,2.712222222222222
55,52,1,18,41.6,2.3111111111111113
55,52,2,16,26.59,1.661875
55,52,3,6,5.79,0.965
55,52,4,16,8.09,0.505625
55,53,0,18,128.61,7.1450000000000005
55,53,1,9,63.22,7.024444444444445
55,53,2,15,77.4,5.16
55,53,3,15,60.42,4.0280000000000005
55,53,4,4,12.15,3.0375
55,54,0,14,13.97,0.9978571428571429
55,54,1,8,7.98,0.9975
55,54,2,13,10.43,0.8023076923076923
55,54,3,1,0.2,0.2
55,54,4,5,0.54,0.10800000000000001
55,64,0,1,4.03,4.03
55,64,1,9,36.21,4.023333333333333
55,64,2,8,26.03,3.25375
55,64,3,6,17.28,2.8800000000000003
55,64,4,20,14.8,0.74
55,67,0,11,17.23,1.5663636363636364
55,67,1,20,17.92,0.8960000000000001
55,67,2,14,12.05,0.8607142857142858
55,67,3,6,4.96,0.8266666666666667
55,67,4,17,4.19,0.24647058823529414
55,68,0,19,55.09,2.8994736842105264
55,68,1,15,43.13,2.8753333333333333
55,68,2,4,8.0,2.0
55,68,3,17,18.85,1.1088235294117648
55,68,4,3,0.72,0.24
55,70,0,13,42.34,3.2569230769230773
55,70,1,19,51.29,2.6994736842105262
55,70,2,20,49.68,2.484
55,70,3,1,1.29,1.29
55,70,4,3,1.39,0.4633333333333333
55,71,0,6,34.09,5.6816666666666675
55,71,1,9,40.79,4.532222222222222
55,71,2,15,28.84,1.9226666666666667
55,71,3,14,20.57,1.4692857142857143
55,71,4,7,8.77,1.252857142857143
55,72,0,5,11.26,2.252
55,72,1,12,21.11,1.7591666666666665
55,72,2,3,2.72,0.9066666666666667
55,72,3,11,5.99,0.5445454545454546
55,72,4,3,0.94,0.3133333333333333
55,74,0,9,23.57,2.618888888888889
55,74,1,16,39.78,2.48625
55,74,2,2,4.34,2.17
55,74,3,20,38.24,1.9120000000000001
55,74,4,11,6.43,0.5845454545454545
55,75,0,7,25.21,3.6014285714285714
55,75,1,16,49.09,3.068125
55,75,2,5,12.28,2.456
55,75,3,19,37.73,1.9857894736842103
55,75,4,5,4.34,0.868
55,77,0,11,30.17,2.7427272727272727
55,77,1,13,29.77,2.29
55,77,2,1,1.98,1.98
55,77,3,4,6.58,1.645
55,77,4,17,15.25,0.8970588235294118
55,80,0,2,2.33,1.165
55,80,1,1,1.1,1.1
55,80,2,2,1.95,0.975
55,80,3,5,4.87,0.974
55,80,4,10,9.67,0.967
55,83,0,18,81.85,4.547222222222222
55,83,1,15,20.98,1.3986666666666667
55,83,2,1,0.68,0.68
55,83,3,13,5.5,0.4230769230769231
55,83,4,4,1.67,0.4175
55,85,0,12,81.32,6.776666666666666
55,85,1,7,28.82,4.117142857142857
55,85,2,4,15.41,3.8525
55,85,3,15,37.3,2.4866666666666664
55,85,4,5,5.28,1.056
55,89,0,7,29.56,4.222857142857142
55,89,1,14,17.06,1.2185714285714284
55,89,2,14,14.8,1.0571428571428572
55,89,3,15,8.07,0.538
55,89,4,19,8.27,0.4352631578947368
55,90,0,8,23.1,2.8875
55,90,1,17,48.65,2.861764705882353
55,90,2,8,15.92,1.99
55,90,3,5,9.77,1.954
55,90,4,9,13.36,1.4844444444444445
55,95,0,7,18.87,2.6957142857142857
55,95,1,1,2.18,2.18
55,95,2,10,17.76,1.7760000000000002
55,95,3,15,11.95,0.7966666666666666
55,95,4,20,15.01,0.7505
55,96,0,11,34.02,3.092727272727273
55,96,1,13,30.36,2.335384615384615
55,96,2,17,35.12,2.0658823529411765
55,96,3,5,5.71,1.142
55,96,4,8,5.42,0.6775
55,97,0,9,53.25,5.916666666666667
55,97,1,2,10.56,5.28
55,97,2,18,89.64,4.98
55,97,3,2,4.89,2.445
55,97,4,17,37.73,2.219411764705882
64,4,0,11,32.04,2.9127272727272726
64,4,1,6,11.33,1.8883333333333334
64,4,2,2,2.04,1.02
64,4,3,13,11.21,0.8623076923076923
64,4,4,11,6.66,0.6054545454545455
64,5,0,9,28.41,3.1566666666666667
64,5,1,19,56.94,2.9968421052631578
64,5,2,8,20.61,2.57625
64,5,3,11,21.09,1.9172727272727272
64,5,4,3,2.65,0.8833333333333333
64,6,0,19,93.05,4.897368421052631
64,6,1,2,8.08,4.04
64,6,2,15,45.96,3.064
64,6,3,1,2.0,2.0
64,6,4,7,3.53,0.5042857142857142
64,7,0,3,33.07,11.023333333333333
64,7,1,1,4.61,4.61
64,7,2,8,30.69,3.83625
64,7,3,6,12.47,2.0783333333333336
64,7,4,14,16.71,1.1935714285714287
64,8,0,18,14.91,0.8283333333333334
64,8,1,6,3.53,0.5883333333333333
64,8,2,20,6.96,0.348
64,8,3,9,2.48,0.27555555555555555
64,8,4,18,4.78,0.26555555555555554
64,9,0,9,49.28,5.475555555555555
64,9,1,9,40.27,4.474444444444445
64,9,2,17,62.09,3.6523529411764706
64,9,3,2,4.11,2.055
64,9,4,9,6.58,0.7311111111111112
64,11,0,13,7.7,0.5923076923076923
64,11,1,2,1.07,0.535
64,11,2,1,0.32,0.32
64,11,3,11,2.67,0.2427272727272727
64,11,4,14,2.46,0.1757142857142857
64,12,0,20,78.58,3.929
64,12,1,4,11.27,2.8175
64,12,2,18,16.77,0.9316666666666666
64,12,3,2,0.76,0.38
64,12,4,2,0.57,0.285
64,15,0,7,6.76,0.9657142857142856
64,15,1,5,4.33,0.866
64,15,2,5,4.06,0.8119999999999999
64,15,3,7,4.37,0.6242857142857143
64,15,4,16,1.23,0.076875
64,17,0,7,15.15,2.164285714285714
64,17,1,18,38.35,2.1305555555555555
64,17,2,11,21.52,1.9563636363636363
64,17,3,16,28.11,1.756875
64,17,4,15,3.1,0.20666666666666667
64,18,0,4,8.97,2.2425
64,18,1,14,23.33,1.6664285714285714
64,18,2,3,2.92,0.9733333333333333
64,18,3,5,4.19,0.8380000000000001
64,18,4,6,4.6,0.7666666666666666
64,19,0,16,43.88,2.7425
64,19,1,5,13.05,2.6100000000000003
64,19,2,20,50.01,2.5004999999999997
64,19,3,7,15.11,2.1585714285714284
64,19,4,3,2.89,0.9633333333333334
64,27,0,9,42.16,4.684444444444444
64,27,1,12,47.73,3.9774999999999996
64,27,2,15,33.68,2.2453333333333334
64,27,3,1,1.72,1.72
64,27,4,11,18.28,1.6618181818181819
64,28,0,2,4.3,2.15
64,28,1,4,7.52,1.88
64,28,2,3,5.53,1.8433333333333335
64,28,3,5,9.04,1.8079999999999998
64,28,4,19,21.89,1.1521052631578947
64,30,0,20,87.94,4.397
64,30,1,10,43.33,4.333
64,30,2,4,11.88,2.97
64,30,3,6,10.82,1.8033333333333335
64,30,4,20,12.56,0.628
64,35,0,19,32.24,1.696842105263158
64,35,1,19,22.78,1.1989473684210528
64,35,2,10,11.15,1.115
64,35,3,9,7.55,0.8388888888888889
64,35,4,19,3.51,0.18473684210526314
64,36,0,8,17.28,2.16
64,36,1,19,40.72,2.143157894736842
64,36,2,1,1.36,1.36
64,36,3,15,4.03,0.26866666666666666
64,36,4,3,0.78,0.26
64,37,0,2,5.07,2.535
64,37,1,12,27.08,2.2566666666666664
64,37,2,3,6.28,2.0933333333333333
64,37,3,2,1.08,0.54
64,37,4,17,6.32,0.37176470588235294
64,39,0,4,12.15,3.0375
64,39,1,8,22.33,2.79125
64,39,2,20,33.39,1.6695
64,39,3,2,1.3,0.65
64,39,4,9,2.39,0.26555555555555554
64,40,0,18,33.5,1.8611111111111112
64,40,1,9,13.75,1.5277777777777777
64,40,2,5,6.43,1.286
64,40,3,11,13.06,1.1872727272727273
64,40,4,14,6.81,0.4864285714285714
64,41,0,17,51.1,3.0058823529411764
64,41,1,2,5.61,2.805
64,41,2,10,27.33,2.7329999999999997
64,41,3,19,42.51,2.2373684210526315
64,41,4,17,24.21,1.4241176470588235
64,43,0,8,3.83,0.47875
64,43,1,18,8.21,0.45611111111111113
64,43,2,11,3.74,0.34
64,43,3,12,3.08,0.25666666666666665
64,43,4,15,1.68,0.112
64,46,0,8,31.06,3.8825
64,46,1,13,39.66,3.0507692307692307
64,46,2,13,32.95,2.534615384615385
64,46,3,4,9.45,2.3625
64,46,4,17,18.68,1.0988235294117648
64,50,0,14,92.78,6.627142857142857
64,50,1,1,5.61,5.61
64,50,2,17,85.17,5.01
64,50,3,7,25.78,3.682857142857143
64,50,4,13,26.49,2.0376923076923075
64,52,0,6,25.4,4.233333333333333
64,52,1,20,40.52,2.0260000000000002
64,52,2,2,3.6,1.8
64,52,3,9,11.25,1.25
64,52,4,10,8.53,0.853
64,53,0,1,10.3,10.3
64,53,1,19,168.1,8.84736842105263
64,53,2,1,7.67,7.67
64,53,3,6,34.75,5.791666666666667
64,53,4,6,20.09,3.348333333333333
64,54,0,9,25.63,2.8477777777777775
64,54,1,5,13.91,2.782
64,54,2,6,8.3,1.3833333333333335
64,54,3,1,0.98,0.98
64,54,4,1,0.96,0.96
64,55,0,8,20.49,2.56125
64,55,1,13,18.74,1.4415384615384614
64,55,2,19,13.11,0.69
64,55,3,6,2.31,0.385
64,55,4,4,0.86,0.215
64,67,0,7,29.12,4.16
64,67,1,20,67.29,3.3645000000000005
64,67,2,18,29.15,1.6194444444444445
64,67,3,10,15.72,1.572
64,67,4,9,8.83,0.9811111111111112
64,68,0,13,56.78,4.367692307692308
64,68,1,12,50.13,4.1775
64,68,2,6,15.1,2.5166666666666666
64,68,3,8,18.44,2.305
64,68,4,18,13.36,0.7422222222222222
64,70,0,18,6.96,0.38666666666666666
64,70,1,1,0.27,0.27
64,70,2,18,4.03,0.22388888888888892
64,70,3,14,1.71,0.12214285714285714
64,70,4,7,0.47,0.06714285714285714
64,71,0,13,125.38,9.644615384615385
64,71,1,18,82.93,4.607222222222223
64,71,2,1,2.84,2.84
64,71,3,1,1.71,1.71
64,71,4,20,9.35,0.46749999999999997
64,72,0,14,20.89,1.4921428571428572
64,72,1,13,9.22,0.7092307692307693
64,72,2,17,11.72,0.6894117647058824
64,72,3,10,1.15,0.11499999999999999
64,72,4,5,0.35,0.06999999999999999
64,74,0,13,9.34,0.7184615384615385
64,74,1,19,10.45,0.5499999999999999
64,74,2,2,0.56,0.28
64,74,3,9,1.14,0.12666666666666665
64,74,4,17,1.59,0.09352941176470589
64,75,0,11,19.65,1.7863636363636362
64,75,1,14,22.91,1.6364285714285713
64,75,2,10,10.51,1.051
64,75,3,3,2.92,0.9733333333333333
64,75,4,7,2.63,0.3757142857142857
64,77,0,15,17.94,1.1960000000000002
64,77,1,10,5.51,0.5509999999999999
64,77,2,18,9.25,0.5138888888888888
64,77,3,11,4.79,0.4354545454545455
64,77,4,8,2.07,0.25875
64,80,0,1,4.37,4.37
64,80,1,16,48.79,3.049375
64,80,2,15,44.13,2.942
64,80,3,16,36.28,2.2675
64,80,4,4,1.62,0.405
64,83,0,15,91.08,6.072
64,83,1,5,24.58,4.9159999999999995
64,83,2,19,58.47,3.0773684210526313
64,83,3,11,27.01,2.4554545454545456
64,83,4,18,40.05,2.2249999999999996
64,85,0,2,23.32,11.66
64,85,1,12,137.72,11.476666666666667
64,85,2,11,120.82,10.983636363636363
64,85,3,6,45.62,7.603333333333333
64,85,4,3,19.64,6.546666666666667
64,89,0,3,25.63,8.543333333333333
64,89,1,1,5.99,5.99
64,89,2,9,45.59,5.065555555555556
64,89,3,19,84.19,4.431052631578948
64,89,4,3,5.98,1.9933333333333334
64,90,0,5,4.57,0.914
64,90,1,15,12.88,0.8586666666666667
64,90,2,11,7.62,0.6927272727272727
64,90,3,18,6.17,0.3427777777777778
64,90,4,18,1.17,0.065
64,95,0,13,9.43,0.7253846153846154
64,95,1,17,10.4,0.611764705882353
64,95,2,13,7.7,0.5923076923076923
64,95,3,10,2.13,0.213
64,95,4,4,0.66,0.165
64,96,0,7,7.22,1.0314285714285714
64,96,1,17,17.01,1.0005882352941178
64,96,2,6,4.54,0.7566666666666667
64,96,3,8,2.4,0.3
64,96,4,18,4.71,0.26166666666666666
64,97,0,15,52.25,3.4833333333333334
64,97,1,8,20.59,2.57375
64,97,2,7,9.73,1.3900000000000001
64,97,3,18,16.44,0.9133333333333334
64,97,4,14,5.36,0.3828571428571429
67,4,0,14,25.4,1.8142857142857143
67,4,1,6,9.21,1.5350000000000001
67,4,2,1,1.0,1.0
67,4,3,11,5.73,0.520909090909091
67,4,4,9,3.22,0.3577777777777778
67,5,0,20,70.65,3.5325
67,5,1,13,34.3,2.6384615384615384
67,5,2,2,3.5,1.75
67,5,3,19,31.09,1.6363157894736842
67,5,4,16,17.4,1.0875
67,6,0,3,6.08,2.026666666666667
67,6,1,7,11.69,1.67
67,6,2,20,15.23,0.7615000000000001
67,6,3,6,4.07,0.6783333333333333
67,6,4,13,6.89,0.53
67,7,0,19,98.63,5.191052631578947
67,7,1,16,72.76,4.5475
67,7,2,12,31.03,2.5858333333333334
67,7,3,15,34.37,2.291333333333333
67,7,4,9,4.79,0.5322222222222223
67,8,0,2,8.72,4.36
67,8,1,9,22.75,2.5277777777777777
67,8,2,10,14.84,1.484
67,8,3,7,7.63,1.09
67,8,4,8,8.63,1.07875
67,9,0,3,11.34,3.78
67,9,1,6,21.07,3.5116666666666667
67,9,2,15,17.8,1.1866666666666668
67,9,3,9,9.04,1.0044444444444443
67,9,4,8,2.29,0.28625
67,11,0,5,24.68,4.936
67,11,1,7,33.36,4.765714285714286
67,11,2,8,28.27,3.53375
67,11,3,18,58.19,3.2327777777777778
67,11,4,2,4.23,2.115
67,12,0,8,29.15,3.64375
67,12,1,12,36.69,3.0574999999999997
67,12,2,15,45.61,3.0406666666666666
67,12,3,6,13.5,2.25
67,12,4,13,14.41,1.1084615384615384
67,15,0,16,63.98,3.99875
67,15,1,12,40.72,3.393333333333333
67,15,2,7,22.9,3.2714285714285714
67,15,3,6,16.73,2.7883333333333336
67,15,4,17,42.46,2.4976470588235293
67,17,0,7,25.32,3.617142857142857
67,17,1,12,38.45,3.204166666666667
67,17,2,15,43.03,2.868666666666667
67,17,3,13,35.98,2.7676923076923075
67,17,4,19,28.62,1.5063157894736843
67,18,0,13,58.65,4.5115384615384615
67,18,1,18,74.68,4.148888888888889
67,18,2,20,74.74,3.7369999999999997
67,18,3,12,39.51,3.2925
67,18,4,15,35.96,2.3973333333333335
67,19,0,5,14.95,2.9899999999999998
67,19,1,9,23.52,2.6133333333333333
67,19,2,8,11.94,1.4925
67,19,3,1,1.05,1.05
67,19,4,13,13.46,1.0353846153846153
67,27,0,9,20.64,2.2933333333333334
67,27,1,13,22.89,1.7607692307692309
67,27,2,15,13.16,0.8773333333333333
67,27,3,12,8.78,0.7316666666666666
67,27,4,20,6.43,0.3215
67,28,0,1,2.7,2.7
67,28,1,18,31.75,1.7638888888888888
67,28,2,13,17.14,1.3184615384615386
67,28,3,12,12.34,1.0283333333333333
67,28,4,8,8.05,1.00625
67,30,0,13,7.24,0.556923076923077
67,30,1,16,5.68,0.355
67,30,2,9,1.69,0.18777777777777777
67,30,3,5,0.65,0.13
67,30,4,19,2.09,0.10999999999999999
67,35,0,5,12.39,2.478
67,35,1,17,41.94,2.4670588235294115
67,35,2,5,11.73,2.346
67,35,3,9,15.43,1.7144444444444444
67,35,4,2,2.95,1.475
67,36,0,10,30.37,3.037
67,36,1,20,25.57,1.2785
67,36,2,10,4.38,0.438
67,36,3,8,2.19,0.27375
67,36,4,11,1.9,0.17272727272727273
67,37,0,13,33.33,2.563846153846154
67,37,1,2,4.16,2.08
67,37,2,14,23.76,1.6971428571428573
67,37,3,9,7.96,0.8844444444444445
67,37,4,1,0.61,0.61
67,39,0,6,12.9,2.15
67,39,1,15,30.8,2.0533333333333332
67,39,2,18,34.25,1.9027777777777777
67,39,3,19,36.08,1.8989473684210525
67,39,4,9,6.68,0.7422222222222222
67,40,0,6,27.47,4.578333333333333
67,40,1,7,30.92,4.417142857142857
67,40,2,4,10.46,2.615
67,40,3,4,4.49,1.1225
67,40,4,10,2.92,0.292
67,41,0,15,58.42,3.8946666666666667
67,41,1,3,7.03,2.3433333333333333
67,41,2,20,32.74,1.637
67,41,3,11,17.31,1.5736363636363635
67,41,4,10,4.35,0.43499999999999994
67,43,0,20,112.04,5.602
67,43,1,19,57.91,3.047894736842105
67,43,2,12,14.37,1.1975
67,43,3,10,5.13,0.513
67,43,4,15,6.21,0.414
67,46,0,7,22.94,3.277142857142857
67,46,1,4,13.06,3.265
67,46,2,7,20.54,2.934285714285714
67,46,3,18,47.15,2.6194444444444445
67,46,4,5,3.62,0.724
67,50,0,18,97.81,5.433888888888889
67,50,1,3,14.05,4.683333333333334
67,50,2,5,21.95,4.39
67,50,3,2,3.62,1.81
67,50,4,7,8.13,1.1614285714285715
67,52,0,6,10.73,1.7883333333333333
67,52,1,20,33.28,1.6640000000000001
67,52,2,3,4.23,1.4100000000000001
67,52,3,3,1.49,0.49666666666666665
67,52,4,17,7.74,0.45529411764705885
67,53,0,12,69.68,5.8066666666666675
67,53,1,6,27.51,4.585
67,53,2,15,56.44,3.7626666666666666
67,53,3,13,48.08,3.6984615384615385
67,53,4,19,5.48,0.28842105263157897
67,54,0,11,31.1,2.8272727272727276
67,54,1,15,42.36,2.824
67,54,2,3,6.53,2.1766666666666667
67,54,3,20,33.31,1.6655000000000002
67,54,4,4,4.31,1.0775
67,55,0,12,18.46,1.5383333333333333
67,55,1,6,5.82,0.9700000000000001
67,55,2,4,3.74,0.935
67,55,3,7,4.35,0.6214285714285713
67,55,4,7,0.93,0.13285714285714287
67,64,0,1,5.66,5.66
67,64,1,1,3.39,3.39
67,64,2,16,33.52,2.095
67,64,3,7,9.36,1.337142857142857
67,64,4,6,4.67,0.7783333333333333
67,68,0,17,94.38,5.551764705882353
67,68,1,20,89.42,4.471
67,68,2,7,30.05,4.292857142857143
67,68,3,5,15.87,3.174
67,68,4,11,14.91,1.3554545454545455
67,70,0,7,36.0,5.142857142857143
67,70,1,14,38.21,2.7292857142857145
67,70,2,8,16.96,2.12
67,70,3,4,3.36,0.84
67,70,4,5,4.02,0.8039999999999999
67,71,0,13,55.26,4.25076923076923
67,71,1,9,34.94,3.882222222222222
67,71,2,9,20.27,2.252222222222222
67,71,3,14,13.05,0.9321428571428572
67,71,4,8,1.86,0.2325
67,72,0,10,33.13,3.313
67,72,1,14,43.26,3.09
67,72,2,19,53.78,2.8305263157894736
67,72,3,8,18.82,2.3525
67,72,4,3,5.71,1.9033333333333333
67,74,0,19,108.46,5.708421052631579
67,74,1,13,45.53,3.5023076923076926
67,74,2,16,43.63,2.726875
67,74,3,13,26.04,2.003076923076923
67,74,4,14,7.04,0.5028571428571429
67,75,0,20,95.18,4.759
67,75,1,15,48.49,3.232666666666667
67,75,2,5,12.89,2.5780000000000003
67,75,3,15,29.74,1.9826666666666666
67,75,4,19,4.89,0.2573684210526316
67,77,0,16,50.39,3.149375
67,77,1,6,14.69,2.4483333333333333
67,77,2,1,1.14,1.14
67,77,3,11,6.63,0.6027272727272727
67,77,4,2,0.87,0.435
67,80,0,16,10.77,0.673125
67,80,1,18,9.29,0.5161111111111111
67,80,2,5,2.15,0.43
67,80,3,4,1.12,0.28
67,80,4,3,0.28,0.09333333333333334
67,83,0,16,54.04,3.3775
67,83,1,15,47.31,3.1540000000000004
67,83,2,13,37.64,2.8953846153846152
67,83,3,8,22.29,2.78625
67,83,4,8,20.91,2.61375
67,85,0,18,112.52,6.251111111111111
67,85,1,2,11.68,5.84
67,85,2,7,19.2,2.742857142857143
67,85,3,18,25.84,1.4355555555555555
67,85,4,16,9.79,0.611875
67,89,0,17,77.55,4.561764705882353
67,89,1,14,49.62,3.544285714285714
67,89,2,10,17.34,1.734
67,89,3,19,27.42,1.4431578947368422
67,89,4,2,1.47,0.735
67,90,0,17,82.82,4.871764705882352
67,90,1,19,70.03,3.6857894736842107
67,90,2,19,66.69,3.51
67,90,3,13,39.19,3.0146153846153845
67,90,4,15,12.12,0.8079999999999999
67,95,0,2,9.02,4.51
67,95,1,7,25.18,3.597142857142857
67,95,2,1,3.32,3.32
67,95,3,19,48.04,2.528421052631579
67,95,4,8,14.78,1.8475
67,96,0,16,72.22,4.51375
67,96,1,11,43.87,3.988181818181818
67,96,2,12,37.97,3.1641666666666666
67,96,3,14,24.02,1.7157142857142857
67,96,4,19,26.18,1.3778947368421053
67,97,0,10,63.8,6.38
67,97,1,13,46.37,3.566923076923077
67,97,2,1,2.63,2.63
67,97,3,16,20.71,1.294375
67,97,4,20,20.39,1.0195
68,4,0,5,7.77,1.5539999999999998
68,4,1,9,10.64,1.1822222222222223
68,4,2,5,5.61,1.122
68,4,3,4,3.59,0.8975
68,4,4,12,3.64,0.30333333333333334
68,5,0,16,18.99,1.186875
68,5,1,11,6.46,0.5872727272727273
68,5,2,3,1.18,0.3933333333333333
68,5,3,17,5.39,0.3170588235294117
68,5,4,20,1.44,0.072
68,6,0,12,59.48,4.956666666666666
68,6,1,7,31.94,4.562857142857143
68,6,2,11,15.51,1.41
68,6,3,11,9.63,0.8754545454545455
68,6,4,11,8.75,0.7954545454545454
68,7,0,8,85.39,10.67375
68,7,1,13,134.42,10.34
68,7,2,13,117.89,9.068461538461538
68,7,3,2,17.24,8.62
68,7,4,10,26.9,2.69
68,8,0,11,38.54,3.5036363636363634
68,8,1,15,52.25,3.4833333333333334
68,8,2,7,16.35,2.335714285714286
68,8,3,2,3.77,1.885
68,8,4,13,13.11,1.0084615384615385
68,9,0,8,22.84,2.855
68,9,1,18,43.99,2.443888888888889
68,9,2,14,32.89,2.349285714285714
68,9,3,6,11.24,1.8733333333333333
68,9,4,6,6.49,1.0816666666666668
68,11,0,10,38.8,3.88
68,11,1,6,17.68,2.9466666666666668
68,11,2,9,23.8,2.6444444444444444
68,11,3,9,8.65,0.9611111111111111
68,11,4,3,0.66,0.22
68,12,0,13,18.52,1.4246153846153846
68,12,1,17,23.25,1.3676470588235294
68,12,2,3,3.35,1.1166666666666667
68,12,3,17,11.91,0.7005882352941176
68,12,4,6,2.65,0.44166666666666665
68,15,0,18,79.01,4.389444444444445
68,15,1,7,17.74,2.5342857142857143
68,15,2,1,2.05,2.05
68,15,3,5,8.75,1.75
68,15,4,17,19.89,1.17
68,17,0,16,52.66,3.29125
68,17,1,12,37.53,3.1275
68,17,2,17,40.82,2.4011764705882355
68,17,3,12,24.08,2.0066666666666664
68,17,4,4,2.06,0.515
68,18,0,3,4.61,1.5366666666666668
68,18,1,20,30.0,1.5
68,18,2,11,14.67,1.3336363636363637
68,18,3,8,10.1,1.2625
68,18,4,17,18.48,1.0870588235294119
68,19,0,1,2.34,2.34
68,19,1,6,11.04,1.8399999999999999
68,19,2,16,20.21,1.263125
68,19,3,13,13.94,1.0723076923076922
68,19,4,14,9.17,0.655
68,27,0,7,31.64,4.5200000000000005
68,27,1,2,7.76,3.88
68,27,2,9,21.02,2.3355555555555556
68,27,3,3,6.35,2.1166666666666667
68,27,4,9,6.35,0.7055555555555555
68,28,0,12,37.51,3.125833333333333
68,28,1,17,44.49,2.617058823529412
68,28,2,20,49.89,2.4945
68,28,3,11,18.03,1.6390909090909092
68,28,4,5,3.11,0.622
68,30,0,14,74.05,5.289285714285714
68,30,1,5,25.21,5.042
68,30,2,13,57.32,4.409230769230769
68,30,3,12,32.18,2.6816666666666666
68,30,4,9,16.05,1.7833333333333334
68,35,0,18,63.78,3.5433333333333334
68,35,1,10,27.76,2.7760000000000002
68,35,2,8,18.53,2.31625
68,35,3,5,11.56,2.3120000000000003
68,35,4,18,30.23,1.6794444444444445
68,36,0,10,50.05,5.005
68,36,1,18,87.99,4.888333333333333
68,36,2,8,18.54,2.3175
68,36,3,19,37.86,1.9926315789473683
68,36,4,11,18.12,1.6472727272727274
68,37,0,20,84.77,4.2385
68,37,1,5,12.14,2.428
68,37,2,4,9.67,2.4175
68,37,3,2,3.0,1.5
68,37,4,11,7.75,0.7045454545454546
68,39,0,4,11.29,2.8225
68,39,1,1,2.81,2.81
68,39,2,9,13.29,1.4766666666666666
68,39,3,15,8.16,0.544
68,39,4,2,0.68,0.34
68,40,0,13,32.68,2.5138461538461536
68,40,1,20,42.48,2.1239999999999997
68,40,2,12,16.46,1.3716666666666668
68,40,3,20,6.77,0.33849999999999997
68,40,4,14,2.22,0.15857142857142859
68,41,0,18,39.21,2.1783333333333332
68,41,1,9,9.68,1.0755555555555556
68,41,2,8,3.92,0.49
68,41,3,17,7.41,0.4358823529411765
68,41,4,20,5.03,0.2515
68,43,0,3,13.93,4.6433333333333335
68,43,1,17,46.39,2.728823529411765
68,43,2,10,17.91,1.791
68,43,3,1,0.97,0.97
68,43,4,7,5.99,0.8557142857142858
68,46,0,12,34.41,2.8674999999999997
68,46,1,5,6.19,1.238
68,46,2,7,6.37,0.91
68,46,3,12,3.76,0.3133333333333333
68,46,4,1,0.22,0.22
68,50,0,18,153.03,8.501666666666667
68,50,1,16,129.96,8.1225
68,50,2,17,19.48,1.1458823529411766
68,50,3,6,3.06,0.51
68,50,4,11,5.38,0.4890909090909091
68,52,0,12,30.22,2.518333333333333
68,52,1,8,17.82,2.2275
68,52,2,9,17.29,1.921111111111111
68,52,3,20,37.21,1.8605
68,52,4,20,34.12,1.706
68,53,0,3,23.46,7.82
68,53,1,7,22.85,3.2642857142857147
68,53,2,17,45.18,2.6576470588235295
68,53,3,17,23.9,1.4058823529411764
68,53,4,2,1.21,0.605
68,54,0,10,32.77,3.277
68,54,1,1,2.64,2.64
68,54,2,13,26.86,2.066153846153846
68,54,3,8,15.53,1.94125
68,54,4,18,17.27,0.9594444444444444
68,55,0,14,71.15,5.082142857142857
68,55,1,19,95.69,5.036315789473684
68,55,2,19,81.85,4.307894736842105
68,55,3,14,51.65,3.689285714285714
68,55,4,12,8.53,0.7108333333333333
68,64,0,15,55.86,3.7239999999999998
68,64,1,16,45.29,2.830625
68,64,2,1,2.35,2.35
68,64,3,7,11.57,1.6528571428571428
68,64,4,15,21.54,1.436
68,67,0,9,49.91,5.545555555555556
68,67,1,16,72.29,4.518125
68,67,2,11,21.61,1.9645454545454546
68,67,3,10,17.91,1.791
68,67,4,4,6.12,1.53
68,70,0,14,54.03,3.8592857142857144
68,70,1,7,14.25,2.0357142857142856
68,70,2,20,38.73,1.9364999999999999
68,70,3,19,26.08,1.3726315789473684
68,70,4,18,14.57,0.8094444444444444
68,71,0,19,163.74,8.617894736842105
68,71,1,20,159.74,7.987
68,71,2,14,98.17,7.012142857142857
68,71,3,12,23.43,1.9525
68,71,4,15,21.61,1.4406666666666665
68,72,0,7,25.65,3.664285714285714
68,72,1,13,47.52,3.6553846153846155
68,72,2,5,13.88,2.7760000000000002
68,72,3,15,37.99,2.5326666666666666
68,72,4,13,16.63,1.2792307692307692
68,74,0,1,3.6,3.6
68,74,1,12,35.29,2.9408333333333334
68,74,2,17,38.53,2.2664705882352942
68,74,3,7,5.89,0.8414285714285714
68,74,4,17,13.42,0.7894117647058824
68,75,0,7,17.25,2.4642857142857144
68,75,1,8,14.14,1.7675
68,75,2,9,12.16,1.3511111111111112
68,75,3,17,7.41,0.4358823529411765
68,75,4,12,2.35,0.19583333333333333
68,77,0,4,15.7,3.925
68,77,1,14,44.01,3.1435714285714282
68,77,2,9,25.98,2.8866666666666667
68,77,3,15,39.69,2.646
68,77,4,8,10.82,1.3525
68,80,0,6,19.61,3.268333333333333
68,80,1,16,38.44,2.4025
68,80,2,10,22.39,2.239
68,80,3,5,10.02,2.004
68,80,4,8,13.74,1.7175
68,83,0,17,86.33,5.078235294117647
68,83,1,9,21.66,2.4066666666666667
68,83,2,12,14.22,1.185
68,83,3,18,20.32,1.1288888888888888
68,83,4,10,6.82,0.682
68,85,0,18,195.01,10.833888888888888
68,85,1,19,172.29,9.067894736842105
68,85,2,14,83.09,5.9350000000000005
68,85,3,8,26.29,3.28625
68,85,4,11,22.55,2.0500000000000003
68,89,0,20,169.91,8.4955
68,89,1,8,65.18,8.1475
68,89,2,1,3.83,3.83
68,89,3,11,37.66,3.4236363636363634
68,89,4,19,42.21,2.221578947368421
68,90,0,11,48.26,4.387272727272727
68,90,1,17,71.81,4.224117647058824
68,90,2,11,40.71,3.700909090909091
68,90,3,7,18.32,2.617142857142857
68,90,4,1,1.41,1.41
68,95,0,7,21.61,3.087142857142857
68,95,1,11,33.09,3.0081818181818183
68,95,2,7,12.64,1.8057142857142858
68,95,3,2,2.15,1.075
68,95,4,4,4.19,1.0475
68,96,0,4,13.22,3.305
68,96,1,17,48.96,2.88
68,96,2,12,32.4,2.6999999999999997
68,96,3,3,5.56,1.8533333333333333
68,96,4,11,19.94,1.8127272727272727
68,97,0,15,10.71,0.7140000000000001
68,97,1,7,3.1,0.4428571428571429
68,97,2,13,4.8,0.3692307692307692
68,97,3,14,4.94,0.35285714285714287
68,97,4,17,2.68,0.15764705882352942
70,4,0,9,20.83,2.3144444444444443
70,4,1,10,12.28,1.228
70,4,2,13,12.93,0.9946153846153846
70,4,3,1,0.43,0.43
70,4,4,4,0.97,0.2425
70,5,0,7,20.0,2.857142857142857
70,5,1,11,27.52,2.501818181818182
70,5,2,19,35.27,1.8563157894736844
70,5,3,2,1.37,0.685
70,5,4,6,0.96,0.16
70,6,0,10,49.12,4.912
70,6,1,2,8.23,4.115
70,6,2,11,42.0,3.8181818181818183
70,6,3,4,7.8,1.95
70,6,4,3,3.81,1.27
70,7,0,12,130.94,10.911666666666667
70,7,1,3,9.51,3.17
70,7,2,10,22.54,2.254
70,7,3,11,20.97,1.9063636363636363
70,7,4,13,19.99,1.5376923076923075
70,8,0,14,6.48,0.4628571428571429
70,8,1,9,3.71,0.4122222222222222
70,8,2,3,0.81,0.27
70,8,3,11,2.92,0.26545454545454544
70,8,4,11,2.8,0.2545454545454545
70,9,0,3,12.4,4.133333333333334
70,9,1,16,57.09,3.568125
70,9,2,10,24.36,2.436
70,9,3,13,23.58,1.8138461538461537
70,9,4,12,16.9,1.4083333333333332
70,11,0,14,10.5,0.75
70,11,1,18,8.61,0.4783333333333333
70,11,2,20,8.89,0.4445
70,11,3,2,0.85,0.425
70,11,4,4,1.18,0.295
70,12,0,17,53.28,3.1341176470588237
70,12,1,18,53.34,2.9633333333333334
70,12,2,15,19.83,1.3219999999999998
70,12,3,2,1.42,0.71
70,12,4,19,5.31,0.2794736842105263
70,15,0,5,6.96,1.392
70,15,1,19,19.78,1.0410526315789475
70,15,2,7,6.93,0.99
70,15,3,7,1.6,0.2285714285714286
70,15,4,6,0.36,0.06
70,17,0,16,25.71,1.606875
70,17,1,9,8.47,0.9411111111111112
70,17,2,11,10.1,0.9181818181818181
70,17,3,11,3.89,0.35363636363636364
70,17,4,9,1.57,0.17444444444444446
70,18,0,11,24.76,2.250909090909091
70,18,1,2,3.04,1.52
70,18,2,14,16.35,1.167857142857143
70,18,3,17,9.01,0.53
70,18,4,3,0.38,0.12666666666666668
70,19,0,11,34.6,3.1454545454545455
70,19,1,6,11.53,1.9216666666666666
70,19,2,5,3.84,0.768
70,19,3,12,3.91,0.32583333333333336
70,19,4,15,4.39,0.29266666666666663
70,27,0,4,23.11,5.7775
70,27,1,18,99.07,5.503888888888889
70,27,2,17,22.86,1.3447058823529412
70,27,3,7,7.12,1.0171428571428571
70,27,4,12,4.2,0.35000000000000003
70,28,0,17,21.52,1.2658823529411765
70,28,1,2,2.19,1.095
70,28,2,14,7.58,0.5414285714285715
70,28,3,14,6.3,0.45
70,28,4,14,3.46,0.24714285714285714
70,30,0,17,78.17,4.598235294117647
70,30,1,2,5.48,2.74
70,30,2,5,12.13,2.426
70,30,3,6,12.59,2.098333333333333
70,30,4,1,1.02,1.02
70,35,0,5,14.55,2.91
70,35,1,4,10.18,2.545
70,35,2,8,17.55,2.19375
70,35,3,2,3.4,1.7
70,35,4,18,19.7,1.0944444444444443
70,36,0,18,36.39,2.0216666666666665
70,36,1,8,10.25,1.28125
70,36,2,6,6.61,1.1016666666666668
70,36,3,15,6.74,0.44933333333333336
70,36,4,16,3.58,0.22375
70,37,0,11,26.05,2.368181818181818
70,37,1,13,25.49,1.9607692307692306
70,37,2,16,31.1,1.94375
70,37,3,19,15.16,0.7978947368421053
70,37,4,15,11.28,0.752
70,39,0,11,28.25,2.5681818181818183
70,39,1,4,8.47,2.1175
70,39,2,7,14.69,2.0985714285714283
70,39,3,18,18.83,1.046111111111111
70,39,4,6,2.4,0.39999999999999997
70,40,0,12,15.74,1.3116666666666668
70,40,1,4,4.15,1.0375
70,40,2,8,5.46,0.6825
70,40,3,12,6.2,0.5166666666666667
70,40,4,3,0.76,0.25333333333333335
70,41,0,5,10.94,2.1879999999999997
70,41,1,9,14.61,1.6233333333333333
70,41,2,5,6.56,1.3119999999999998
70,41,3,6,7.23,1.205
70,41,4,18,16.4,0.911111111111111
70,43,0,3,2.36,0.7866666666666666
70,43,1,11,8.57,0.7790909090909092
70,43,2,14,7.54,0.5385714285714286
70,43,3,19,6.87,0.36157894736842106
70,43,4,17,3.26,0.19176470588235292
70,46,0,13,52.2,4.015384615384615
70,46,1,20,52.57,2.6285
70,46,2,1,2.21,2.21
70,46,3,8,15.62,1.9525
70,46,4,5,8.11,1.6219999999999999
70,50,0,1,9.68,9.68
70,50,1,9,85.7,9.522222222222222
70,50,2,13,117.81,9.062307692307693
70,50,3,12,79.82,6.651666666666666
70,50,4,7,26.78,3.825714285714286
70,52,0,4,20.02,5.005
70,52,1,18,77.61,4.3116666666666665
70,52,2,2,5.77,2.885
70,52,3,10,25.61,2.561
70,52,4,18,20.8,1.1555555555555557
70,53,0,1,11.43,11.43
70,53,1,9,72.15,8.016666666666667
70,53,2,1,7.75,7.75
70,53,3,9,49.24,5.471111111111111
70,53,4,8,34.11,4.26375
70,54,0,7,19.15,2.7357142857142853
70,54,1,18,48.86,2.714444444444444
70,54,2,2,1.41,0.705
70,54,3,19,11.7,0.6157894736842104
70,54,4,4,1.31,0.3275
70,55,0,16,59.56,3.7225
70,55,1,14,35.67,2.547857142857143
70,55,2,3,6.42,2.14
70,55,3,5,10.64,2.128
70,55,4,14,15.92,1.1371428571428572
70,64,0,5,2.1,0.42000000000000004
70,64,1,8,3.11,0.38875
70,64,2,20,7.18,0.359
70,64,3,9,3.12,0.3466666666666667
70,64,4,6,1.39,0.23166666666666666
70,67,0,20,95.89,4.7945
70,67,1,12,45.26,3.7716666666666665
70,67,2,9,24.07,2.6744444444444446
70,67,3,6,13.95,2.3249999999999997
70,67,4,16,26.0,1.625
70,68,0,9,28.04,3.1155555555555554
70,68,1,2,5.73,2.865
70,68,2,19,33.02,1.7378947368421054
70,68,3,17,21.19,1.2464705882352942
70,68,4,13,4.0,0.3076923076923077
70,71,0,1,7.92,7.92
70,71,1,15,118.07,7.871333333333333
70,71,2,12,61.57,5.130833333333333
70,71,3,17,58.44,3.4376470588235293
70,71,4,9,14.97,1.6633333333333333
70,72,0,16,20.88,1.305
70,72,1,3,3.41,1.1366666666666667
70,72,2,18,15.8,0.8777777777777778
70,72,3,9,7.51,0.8344444444444444
70,72,4,13,10.68,0.8215384615384616
70,74,0,1,0.88,0.88
70,74,1,19,12.45,0.6552631578947368
70,74,2,19,10.28,0.5410526315789473
70,74,3,9,4.69,0.5211111111111112
70,74,4,4,1.5,0.375
70,75,0,15,25.32,1.688
70,75,1,20,27.15,1.3575
70,75,2,3,1.99,0.6633333333333333
70,75,3,6,2.84,0.47333333333333333
70,75,4,3,1.19,0.39666666666666667
70,77,0,4,4.07,1.0175
70,77,1,3,2.9,0.9666666666666667
70,77,2,17,16.0,0.9411764705882353
70,77,3,2,1.87,0.935
70,77,4,19,12.55,0.6605263157894737
70,80,0,8,28.19,3.52375
70,80,1,15,47.58,3.1719999999999997
70,80,2,11,25.85,2.35
70,80,3,20,26.29,1.3145
70,80,4,19,7.38,0.38842105263157894
70,83,0,17,97.48,5.734117647058824
70,83,1,6,33.27,5.545000000000001
70,83,2,17,72.33,4.254705882352941
70,83,3,17,53.83,3.166470588235294
70,83,4,14,39.25,2.8035714285714284
70,85,0,2,24.49,12.245
70,85,1,3,10.44,3.48
70,85,2,20,56.5,2.825
70,85,3,8,22.05,2.75625
70,85,4,4,4.59,1.1475
70,89,0,3,23.94,7.98
70,89,1,17,126.87,7.462941176470588
70,89,2,2,13.85,6.925
70,89,3,4,7.65,1.9125
70,89,4,20,12.82,0.641
70,90,0,7,1.66,0.23714285714285713
70,90,1,20,3.2,0.16
70,90,2,5,0.66,0.132
70,90,3,14,1.44,0.10285714285714286
70,90,4,1,0.06,0.06
70,95,0,7,5.69,0.812857142857143
70,95,1,18,5.96,0.33111111111111113
70,95,2,12,2.39,0.1991666666666667
70,95,3,15,2.97,0.198
70,95,4,2,0.37,0.185
70,96,0,1,0.66,0.66
70,96,1,18,8.36,0.46444444444444444
70,96,2,14,5.59,0.3992857142857143
70,96,3,13,3.66,0.28153846153846157
70,96,4,3,0.65,0.21666666666666667
70,97,0,19,55.48,2.92
70,97,1,15,34.07,2.271333333333333
70,97,2,18,31.05,1.725
70,97,3,13,12.45,0.9576923076923076
70,97,4,8,2.31,0.28875
71,4,0,5,39.04,7.808
71,4,1,10,61.68,6.168
71,4,2,1,5.52,5.52
71,4,3,2,2.76,1.38
71,4,4,19,16.17,0.8510526315789475
71,5,0,19,121.42,6.390526315789474
71,5,1,4,23.78,5.945
71,5,2,7,32.24,4.605714285714286
71,5,3,6,22.58,3.763333333333333
71,5,4,20,39.68,1.984
71,6,0,9,35.82,3.98
71,6,1,19,50.09,2.6363157894736844
71,6,2,4,10.3,2.575
71,6,3,4,7.79,1.9475
71,6,4,8,6.4,0.8
71,7,0,18,35.93,1.9961111111111112
71,7,1,19,37.06,1.9505263157894739
71,7,2,13,24.23,1.863846153846154
71,7,3,19,33.9,1.7842105263157895
71,7,4,7,0.95,0.1357142857142857
71,8,0,13,60.33,4.640769230769231
71,8,1,15,59.42,3.9613333333333336
71,8,2,2,4.94,2.47
71,8,3,2,4.66,2.33
71,8,4,16,35.35,2.209375
71,9,0,10,58.84,5.884
71,9,1,12,48.41,4.034166666666667
71,9,2,16,62.7,3.91875
71,9,3,11,38.46,3.4963636363636366
71,9,4,6,12.21,2.035
71,11,0,14,115.29,8.235000000000001
71,11,1,14,112.24,8.017142857142856
71,11,2,5,30.73,6.146
71,11,3,2,9.65,4.825
71,11,4,2,6.74,3.37
71,12,0,7,32.69,4.67
71,12,1,15,39.51,2.634
71,12,2,14,36.55,2.6107142857142853
71,12,3,14,10.17,0.7264285714285714
71,12,4,6,3.37,0.5616666666666666
71,15,0,9,73.67,8.185555555555556
71,15,1,14,97.47,6.962142857142857
71,15,2,13,73.56,5.658461538461538
71,15,3,11,51.38,4.670909090909091
71,15,4,8,37.23,4.65375
71,17,0,12,91.46,7.621666666666666
71,17,1,8,56.69,7.08625
71,17,2,12,56.49,4.7075000000000005
71,17,3,13,57.06,4.389230769230769
71,17,4,6,16.98,2.83
71,18,0,15,91.77,6.117999999999999
71,18,1,15,67.39,4.492666666666667
71,18,2,13,27.02,2.0784615384615384
71,18,3,5,7.38,1.476
71,18,4,8,5.14,0.6425
71,19,0,2,12.92,6.46
71,19,1,19,118.08,6.214736842105263
71,19,2,4,13.86,3.465
71,19,3,17,50.9,2.9941176470588236
71,19,4,3,3.96,1.32
71,27,0,17,75.42,4.436470588235294
71,27,1,8,35.17,4.39625
71,27,2,2,4.43,2.215
71,27,3,14,18.63,1.3307142857142857
71,27,4,18,17.93,0.9961111111111111
71,28,0,4,25.51,6.3775
71,28,1,8,33.49,4.18625
71,28,2,16,42.61,2.663125
71,28,3,2,4.73,2.365
71,28,4,16,21.43,1.339375
71,30,0,9,43.66,4.851111111111111
71,30,1,7,30.75,4.392857142857143
71,30,2,7,26.93,3.847142857142857
71,30,3,10,35.72,3.572
71,30,4,12,22.35,1.8625
71,35,0,8,50.79,6.34875
71,35,1,2,9.79,4.895
71,35,2,11,31.56,2.869090909090909
71,35,3,9,18.9,2.0999999999999996
71,35,4,18,24.32,1.3511111111111112
71,36,0,1,8.18,8.18
71,36,1,17,116.49,6.85235294117647
71,36,2,7,46.08,6.582857142857143
71,36,3,15,78.62,5.241333333333333
71,36,4,1,5.23,5.23
71,37,0,20,151.07,7.5535
71,37,1,7,39.16,5.594285714285713
71,37,2,1,3.73,3.73
71,37,3,15,38.44,2.5626666666666664
71,37,4,13,23.68,1.8215384615384616
71,39,0,17,130.0,7.647058823529412
71,39,1,7,51.34,7.3342857142857145
71,39,2,10,15.78,1.5779999999999998
71,39,3,2,2.99,1.495
71,39,4,4,2.64,0.66
71,40,0,4,29.73,7.4325
71,40,1,15,84.24,5.616
71,40,2,19,65.73,3.4594736842105265
71,40,3,1,2.75,2.75
71,40,4,6,4.01,0.6683333333333333
71,41,0,11,78.97,7.179090909090909
71,41,1,16,72.43,4.526875
71,41,2,8,10.33,1.29125
71,41,3,7,7.91,1.1300000000000001
71,41,4,6,2.87,0.47833333333333333
71,43,0,6,57.29,9.548333333333334
71,43,1,3,26.65,8.883333333333333
71,43,2,7,47.79,6.827142857142857
71,43,3,6,22.59,3.765
71,43,4,8,29.14,3.6425
71,46,0,3,17.64,5.88
71,46,1,13,74.89,5.760769230769231
71,46,2,7,40.13,5.732857142857143
71,46,3,10,45.49,4.549
71,46,4,9,37.29,4.1433333333333335
71,50,0,14,14.97,1.0692857142857144
71,50,1,20,20.25,1.0125
71,50,2,13,12.11,0.9315384615384615
71,50,3,5,2.98,0.596
71,50,4,18,1.2,0.06666666666666667
71,52,0,15,65.16,4.343999999999999
71,52,1,20,86.78,4.339
71,52,2,16,65.0,4.0625
71,52,3,8,29.96,3.745
71,52,4,1,3.42,3.42
71,53,0,2,2.33,1.165
71,53,1,2,2.14,1.07
71,53,2,18,14.26,0.7922222222222222
71,53,3,12,7.75,0.6458333333333334
71,53,4,5,0.47,0.094
71,54,0,7,49.17,7.024285714285715
71,54,1,11,53.31,4.846363636363637
71,54,2,19,80.14,4.217894736842105
71,54,3,1,3.5,3.5
71,54,4,13,42.81,3.2930769230769235
71,55,0,14,66.45,4.746428571428572
71,55,1,12,49.15,4.095833333333333
71,55,2,1,3.15,3.15
71,55,3,11,30.96,2.8145454545454545
71,55,4,6,13.2,2.1999999999999997
71,64,0,11,104.97,9.542727272727273
71,64,1,15,142.9,9.526666666666667
71,64,2,15,111.54,7.436000000000001
71,64,3,18,128.71,7.150555555555556
71,64,4,19,98.19,5.167894736842105
71,67,0,17,64.42,3.7894117647058825
71,67,1,14,53.0,3.7857142857142856
71,67,2,12,20.14,1.6783333333333335
71,67,3,19,19.25,1.013157894736842
71,67,4,18,9.74,0.5411111111111111
71,68,0,8,50.35,6.29375
71,68,1,11,59.82,5.4381818181818184
71,68,2,20,45.97,2.2984999999999998
71,68,3,20,36.88,1.844
71,68,4,8,14.27,1.78375
71,70,0,13,105.78,8.136923076923077
71,70,1,9,62.78,6.975555555555555
71,70,2,11,74.73,6.793636363636364
71,70,3,2,7.26,3.63
71,70,4,9,24.91,2.767777777777778
71,72,0,7,60.16,8.594285714285714
71,72,1,16,135.71,8.481875
71,72,2,5,40.83,8.166
71,72,3,3,23.17,7.723333333333334
71,72,4,16,48.17,3.010625
71,74,0,10,107.76,10.776
71,74,1,11,117.37,10.67
71,74,2,13,39.3,3.023076923076923
71,74,3,15,28.91,1.9273333333333333
71,74,4,5,5.07,1.014
71,75,0,16,135.4,8.4625
71,75,1,1,5.77,5.77
71,75,2,18,66.7,3.7055555555555557
71,75,3,13,33.44,2.572307692307692
71,75,4,17,9.13,0.5370588235294118
71,77,0,6,47.65,7.941666666666666
71,77,1,11,77.57,7.051818181818181
71,77,2,19,91.31,4.805789473684211
71,77,3,7,22.04,3.1485714285714286
71,77,4,4,5.4,1.35
71,80,0,8,44.08,5.51
71,80,1,20,89.73,4.4865
71,80,2,19,83.95,4.4184210526315795
71,80,3,15,55.99,3.732666666666667
71,80,4,10,6.07,0.607
71,83,0,14,44.26,3.1614285714285715
71,83,1,18,44.4,2.466666666666667
71,83,2,6,12.56,2.0933333333333333
71,83,3,10,4.1,0.41
71,83,4,6,2.37,0.395
71,85,0,11,24.25,2.2045454545454546
71,85,1,9,7.93,0.8811111111111111
71,85,2,20,9.86,0.493
71,85,3,1,0.3,0.3
71,85,4,2,0.42,0.21
71,89,0,3,13.38,4.46
71,89,1,17,64.36,3.7858823529411763
71,89,2,13,47.19,3.63
71,89,3,11,31.74,2.8854545454545453
71,89,4,3,1.09,0.36333333333333334
71,90,0,16,155.45,9.715625
71,90,1,4,25.55,6.3875
71,90,2,9,32.15,3.572222222222222
71,90,3,6,19.98,3.33
71,90,4,7,16.79,2.3985714285714286
71,95,0,9,83.2,9.244444444444445
71,95,1,17,137.97,8.115882352941176
71,95,2,20,155.22,7.761
71,95,3,3,19.12,6.373333333333334
71,95,4,12,27.53,2.294166666666667
71,96,0,12,98.21,8.184166666666666
71,96,1,17,125.92,7.407058823529412
71,96,2,17,119.1,7.0058823529411764
71,96,3,4,19.69,4.9225
71,96,4,20,84.07,4.2035
71,97,0,18,134.92,7.495555555555555
71,97,1,6,42.42,7.07
71,97,2,15,89.78,5.985333333333333
71,97,3,16,13.3,0.83125
71,97,4,5,2.88,0.576
72,4,0,1,2.4,2.4
72,4,1,12,23.07,1.9225
72,4,2,7,10.07,1.4385714285714286
72,4,3,3,3.32,1.1066666666666667
72,4,4,15,10.23,0.682
72,5,0,10,21.4,2.1399999999999997
72,5,1,4,6.64,1.66
72,5,2,18,23.06,1.281111111111111
72,5,3,9,9.06,1.0066666666666668
72,5,4,15,1.97,0.13133333333333333
72,6,0,7,41.63,5.9471428571428575
72,6,1,10,40.99,4.099
72,6,2,20,62.01,3.1005
72,6,3,5,9.22,1.844
72,6,4,11,9.36,0.8509090909090908
72,7,0,10,89.57,8.956999999999999
72,7,1,4,23.66,5.915
72,7,2,11,41.59,3.780909090909091
72,7,3,10,27.91,2.791
72,7,4,2,4.77,2.385
72,8,0,11,10.45,0.95
72,8,1,16,11.79,0.736875
72,8,2,4,1.96,0.49
72,8,3,7,2.82,0.40285714285714286
72,8,4,9,2.53,0.2811111111111111
72,9,0,16,54.21,3.388125
72,9,1,8,25.19,3.14875
72,9,2,16,29.4,1.8375
72,9,3,3,3.77,1.2566666666666666
72,9,4,20,24.88,1.244
72,11,0,7,8.63,1.2328571428571429
72,11,1,20,23.92,1.1960000000000002
72,11,2,15,10.07,0.6713333333333333
72,11,3,10,3.21,0.321
72,11,4,11,2.17,0.19727272727272727
72,12,0,19,54.01,2.842631578947368
72,12,1,10,16.23,1.623
72,12,2,2,2.96,1.48
72,12,3,16,20.62,1.28875
72,12,4,19,19.08,1.0042105263157894
72,15,0,1,0.65,0.65
72,15,1,6,3.39,0.5650000000000001
72,15,2,3,1.67,0.5566666666666666
72,15,3,17,8.49,0.4994117647058824
72,15,4,5,0.88,0.176
72,17,0,6,4.84,0.8066666666666666
72,17,1,6,4.7,0.7833333333333333
72,17,2,11,8.18,0.7436363636363637
72,17,3,3,2.04,0.68
72,17,4,13,2.02,0.1553846153846154
72,18,0,20,33.58,1.6789999999999998
72,18,1,9,13.63,1.5144444444444445
72,18,2,11,16.09,1.4627272727272727
72,18,3,11,15.33,1.3936363636363636
72,18,4,19,24.25,1.2763157894736843
72,19,0,5,10.69,2.138
72,19,1,14,25.0,1.7857142857142858
72,19,2,2,2.99,1.495
72,19,3,15,6.26,0.41733333333333333
72,19,4,12,4.32,0.36000000000000004
72,27,0,4,18.11,4.5275
72,27,1,7,22.45,3.207142857142857
72,27,2,19,59.12,3.1115789473684208
72,27,3,8,17.71,2.21375
72,27,4,18,10.95,0.6083333333333333
72,28,0,16,15.41,0.963125
72,28,1,8,7.49,0.93625
72,28,2,20,15.55,0.7775000000000001
72,28,3,5,2.05,0.41
72,28,4,1,0.34,0.34
72,30,0,14,47.56,3.3971428571428572
72,30,1,5,16.71,3.342
72,30,2,7,13.04,1.8628571428571428
72,30,3,13,18.11,1.393076923076923
72,30,4,10,13.69,1.369
72,35,0,15,25.68,1.712
72,35,1,1,1.65,1.65
72,35,2,10,13.47,1.347
72,35,3,11,7.91,0.7190909090909091
72,35,4,3,0.29,0.09666666666666666
72,36,0,9,10.29,1.1433333333333333
72,36,1,3,3.32,1.1066666666666667
72,36,2,20,12.07,0.6035
72,36,3,18,10.13,0.5627777777777778
72,36,4,9,3.52,0.39111111111111113
72,37,0,5,6.07,1.214
72,37,1,12,9.74,0.8116666666666666
72,37,2,19,11.4,0.6
72,37,3,15,8.18,0.5453333333333333
72,37,4,16,8.61,0.538125
72,39,0,19,24.37,1.2826315789473686
72,39,1,16,15.75,0.984375
72,39,2,2,1.25,0.625
72,39,3,8,2.55,0.31875
72,39,4,7,0.8,0.1142857142857143
72,40,0,9,9.97,1.1077777777777778
72,40,1,7,2.65,0.37857142857142856
72,40,2,19,2.57,0.13526315789473684
72,40,3,14,1.12,0.08
72,40,4,2,0.14,0.07
72,41,0,5,6.93,1.386
72,41,1,14,17.53,1.2521428571428572
72,41,2,15,16.78,1.1186666666666667
72,41,3,5,3.65,0.73
72,41,4,17,12.26,0.7211764705882353
72,43,0,6,11.32,1.8866666666666667
72,43,1,17,8.7,0.5117647058823529
72,43,2,19,8.27,0.4352631578947368
72,43,3,1,0.3,0.3
72,43,4,12,1.7,0.14166666666666666
72,46,0,12,31.65,2.6374999999999997
72,46,1,5,12.5,2.5
72,46,2,15,18.52,1.2346666666666666
72,46,3,9,7.51,0.8344444444444444
72,46,4,1,0.4,0.4
72,50,0,17,154.56,9.091764705882353
72,50,1,14,124.6,8.9
72,50,2,5,19.01,3.8020000000000005
72,50,3,16,60.37,3.773125
72,50,4,11,18.3,1.6636363636363638
72,52,0,6,15.76,2.6266666666666665
72,52,1,2,4.6,2.3
72,52,2,12,25.18,2.098333333333333
72,52,3,18,31.47,1.7483333333333333
72,52,4,2,1.98,0.99
72,53,0,3,21.1,7.033333333333334
72,53,1,5,16.23,3.246
72,53,2,12,32.18,2.6816666666666666
72,53,3,8,17.86,2.2325
72,53,4,2,1.76,0.88
72,54,0,8,12.69,1.58625
72,54,1,11,12.83,1.1663636363636363
72,54,2,5,5.13,1.026
72,54,3,11,9.0,0.8181818181818182
72,54,4,20,7.69,0.3845
72,55,0,11,26.36,2.3963636363636365
72,55,1,3,6.03,2.0100000000000002
72,55,2,10,12.95,1.295
72,55,3,14,15.89,1.135
72,55,4,18,5.52,0.30666666666666664
72,64,0,6,9.02,1.5033333333333332
72,64,1,18,22.74,1.2633333333333332
72,64,2,16,14.43,0.901875
72,64,3,12,6.47,0.5391666666666667
72,64,4,19,6.59,0.3468421052631579
72,67,0,12,19.43,1.6191666666666666
72,67,1,2,2.33,1.165
72,67,2,5,3.7,0.74
72,67,3,11,5.71,0.519090909090909
72,67,4,3,1.04,0.3466666666666667
72,68,0,15,59.75,3.9833333333333334
72,68,1,8,26.11,3.26375
72,68,2,7,21.82,3.117142857142857
72,68,3,10,11.04,1.1039999999999999
72,68,4,10,8.73,0.873
72,70,0,20,26.67,1.3335000000000001
72,70,1,15,17.09,1.1393333333333333
72,70,2,18,20.31,1.1283333333333332
72,70,3,14,3.46,0.24714285714285714
72,70,4,13,2.11,0.1623076923076923
72,71,0,2,17.79,8.895
72,71,1,6,49.16,8.193333333333333
72,71,2,4,30.73,7.6825
72,71,3,16,62.22,3.88875
72,71,4,20,49.98,2.4989999999999997
72,74,0,10,17.12,1.7120000000000002
72,74,1,13,16.22,1.2476923076923077
72,74,2,13,14.33,1.1023076923076922
72,74,3,19,9.71,0.5110526315789474
72,74,4,9,1.43,0.15888888888888889
72,75,0,12,15.91,1.3258333333333334
72,75,1,2,2.32,1.16
72,75,2,5,2.13,0.426
72,75,3,7,1.15,0.16428571428571428
72,75,4,2,0.27,0.135
72,77,0,11,8.06,0.7327272727272728
72,77,1,13,8.35,0.6423076923076922
72,77,2,14,8.95,0.6392857142857142
72,77,3,8,3.68,0.46
72,77,4,2,0.79,0.395
72,80,0,8,16.66,2.0825
72,80,1,14,23.59,1.685
72,80,2,3,4.77,1.5899999999999999
72,80,3,10,7.29,0.729
72,80,4,3,1.11,0.37000000000000005
72,83,0,19,68.19,3.5889473684210524
72,83,1,10,23.08,2.308
72,83,2,18,36.36,2.02
72,83,3,9,16.73,1.858888888888889
72,83,4,14,24.28,1.7342857142857144
72,85,0,2,9.67,4.835
72,85,1,9,42.16,4.684444444444444
72,85,2,14,62.37,4.455
72,85,3,14,56.51,4.036428571428571
72,85,4,10,15.24,1.524
72,89,0,8,23.94,2.9925
72,89,1,14,15.51,1.1078571428571429
72,89,2,18,15.91,0.883888888888889
72,89,3,12,8.13,0.6775000000000001
72,89,4,17,7.06,0.4152941176470588
72,90,0,13,12.45,0.9576923076923076
72,90,1,18,16.6,0.9222222222222223
72,90,2,20,8.06,0.403
72,90,3,16,5.41,0.338125
72,90,4,15,1.38,0.092
72,95,0,7,10.66,1.522857142857143
72,95,1,14,16.5,1.1785714285714286
72,95,2,13,8.91,0.6853846153846154
72,95,3,19,12.71,0.6689473684210526
72,95,4,17,8.92,0.5247058823529411
72,96,0,10,8.56,0.8560000000000001
72,96,1,6,4.96,0.8266666666666667
72,96,2,11,4.77,0.4336363636363636
72,96,3,4,1.55,0.3875
72,96,4,9,2.52,0.28
72,97,0,3,14.14,4.713333333333334
72,97,1,10,46.69,4.669
72,97,2,14,45.52,3.251428571428572
72,97,3,15,42.7,2.8466666666666667
72,97,4,16,37.52,2.345
74,4,0,20,72.85,3.6424999999999996
74,4,1,19,67.4,3.547368421052632
74,4,2,2,4.26,2.13
74,4,3,16,26.42,1.65125
74,4,4,7,3.58,0.5114285714285715
74,5,0,13,32.94,2.5338461538461536
74,5,1,17,37.61,2.2123529411764706
74,5,2,5,7.72,1.544
74,5,3,13,10.4,0.8
74,5,4,1,0.21,0.21
74,6,0,8,27.76,3.47
74,6,1,6,13.28,2.2133333333333334
74,6,2,1,1.44,1.44
74,6,3,1,0.74,0.74
74,6,4,11,6.54,0.5945454545454546
74,7,0,12,109.78,9.148333333333333
74,7,1,13,94.79,7.291538461538462
74,7,2,19,93.29,4.91
74,7,3,4,19.49,4.8725
74,7,4,5,20.08,4.016
74,8,0,1,1.28,1.28
74,8,1,17,21.57,1.2688235294117647
74,8,2,11,13.24,1.2036363636363636
74,8,3,10,1.93,0.193
74,8,4,4,0.41,0.1025
74,9,0,2,12.91,6.455
74,9,1,1,6.02,6.02
74,9,2,18,37.14,2.0633333333333335
74,9,3,16,31.3,1.95625
74,9,4,11,17.67,1.6063636363636364
74,11,0,3,3.29,1.0966666666666667
74,11,1,9,4.22,0.46888888888888886
74,11,2,2,0.84,0.42
74,11,3,20,6.06,0.303
74,11,4,5,1.31,0.262
74,12,0,17,77.37,4.551176470588236
74,12,1,5,13.67,2.734
74,12,2,16,35.05,2.190625
74,12,3,4,4.29,1.0725
74,12,4,19,14.98,0.788421052631579
74,15,0,5,4.17,0.834
74,15,1,5,3.99,0.798
74,15,2,11,8.53,0.7754545454545454
74,15,3,6,2.15,0.35833333333333334
74,15,4,19,3.72,0.19578947368421054
74,17,0,5,14.09,2.818
74,17,1,3,8.09,2.6966666666666668
74,17,2,15,31.79,2.119333333333333
74,17,3,4,7.94,1.985
74,17,4,8,12.95,1.61875
74,18,0,20,59.07,2.9535
74,18,1,13,19.75,1.5192307692307692
74,18,2,3,1.72,0.5733333333333334
74,18,3,10,4.39,0.43899999999999995
74,18,4,8,3.44,0.43
74,19,0,6,21.57,3.595
74,19,1,13,44.87,3.4515384615384614
74,19,2,13,36.99,2.8453846153846154
74,19,3,18,50.5,2.8055555555555554
74,19,4,7,13.46,1.922857142857143
74,27,0,17,114.44,6.731764705882353
74,27,1,3,13.83,4.61
74,27,2,20,76.21,3.8104999999999998
74,27,3,7,23.79,3.3985714285714286
74,27,4,16,9.55,0.596875
74,28,0,6,14.28,2.38
74,28,1,2,4.31,2.155
74,28,2,9,10.3,1.1444444444444446
74,28,3,3,1.84,0.6133333333333334
74,28,4,19,10.31,0.5426315789473685
74,30,0,3,16.46,5.486666666666667
74,30,1,19,88.78,4.672631578947368
74,30,2,17,60.19,3.5405882352941176
74,30,3,7,17.08,2.44
74,30,4,1,0.56,0.56
74,35,0,10,29.65,2.965
74,35,1,12,25.35,2.1125000000000003
74,35,2,13,16.28,1.2523076923076923
74,35,3,14,5.0,0.35714285714285715
74,35,4,14,4.46,0.31857142857142856
74,36,0,12,36.7,3.0583333333333336
74,36,1,4,11.76,2.94
74,36,2,18,45.93,2.5516666666666667
74,36,3,13,30.81,2.37
74,36,4,1,1.27,1.27
74,37,0,2,4.47,2.235
74,37,1,14,30.05,2.1464285714285714
74,37,2,17,28.28,1.663529411764706
74,37,3,1,0.39,0.39
74,37,4,8,2.01,0.25125
74,39,0,2,6.35,3.175
74,39,1,8,22.14,2.7675
74,39,2,18,27.82,1.5455555555555556
74,39,3,1,0.94,0.94
74,39,4,5,2.01,0.40199999999999997
74,40,0,1,2.29,2.29
74,40,1,10,17.71,1.7710000000000001
74,40,2,13,19.15,1.473076923076923
74,40,3,7,9.86,1.4085714285714286
74,40,4,12,11.26,0.9383333333333334
74,41,0,3,8.84,2.9466666666666668
74,41,1,13,29.82,2.293846153846154
74,41,2,7,12.59,1.7985714285714285
74,41,3,3,4.31,1.4366666666666665
74,41,4,13,7.48,0.5753846153846154
74,43,0,9,2.62,0.2911111111111111
74,43,1,13,2.81,0.21615384615384617
74,43,2,5,0.84,0.16799999999999998
74,43,3,10,1.59,0.159
74,43,4,13,0.5,0.038461538461538464
74,46,0,1,5.02,5.02
74,46,1,6,22.1,3.6833333333333336
74,46,2,2,7.06,3.53
74,46,3,9,23.73,2.6366666666666667
74,46,4,6,4.28,0.7133333333333334
74,50,0,17,178.05,10.473529411764707
74,50,1,13,128.39,9.876153846153844
74,50,2,11,91.61,8.328181818181818
74,50,3,12,68.37,5.697500000000001
74,50,4,15,22.09,1.4726666666666666
74,52,0,10,61.02,6.102
74,52,1,9,17.38,1.931111111111111
74,52,2,16,26.96,1.685
74,52,3,13,10.53,0.8099999999999999
74,52,4,8,5.06,0.6325
74,53,0,17,197.21,11.600588235294119
74,53,1,10,44.9,4.49
74,53,2,8,16.64,2.08
74,53,3,6,7.43,1.2383333333333333
74,53,4,8,7.24,0.905
74,54,0,20,73.92,3.696
74,54,1,18,62.55,3.4749999999999996
74,54,2,5,11.93,2.386
74,54,3,17,39.92,2.348235294117647
74,54,4,8,8.39,1.04875
74,55,0,20,57.82,2.891
74,55,1,11,21.71,1.9736363636363636
74,55,2,13,14.62,1.1246153846153846
74,55,3,7,4.72,0.6742857142857143
74,55,4,16,3.51,0.219375
74,64,0,9,5.41,0.6011111111111112
74,64,1,8,4.54,0.5675
74,64,2,1,0.56,0.56
74,64,3,1,0.24,0.24
74,64,4,2,0.08,0.04
74,67,0,18,113.52,6.306666666666667
74,67,1,19,98.94,5.207368421052632
74,67,2,1,1.61,1.61
74,67,3,9,11.66,1.2955555555555556
74,67,4,19,14.93,0.7857894736842105
74,68,0,18,74.22,4.123333333333333
74,68,1,17,68.07,4.004117647058823
74,68,2,12,39.38,3.2816666666666667
74,68,3,13,40.28,3.0984615384615384
74,68,4,9,6.57,0.73
74,70,0,3,3.4,1.1333333333333333
74,70,1,11,9.98,0.9072727272727273
74,70,2,14,7.14,0.51
74,70,3,15,6.54,0.436
74,70,4,7,1.12,0.16
74,71,0,8,82.3,10.2875
74,71,1,14,141.86,10.132857142857144
74,71,2,5,27.0,5.4
74,71,3,20,96.81,4.8405000000000005
74,71,4,7,25.81,3.687142857142857
74,72,0,6,8.3,1.3833333333333335
74,72,1,15,13.82,0.9213333333333333
74,72,2,6,3.44,0.5733333333333334
74,72,3,13,7.33,0.5638461538461539
74,72,4,3,0.85,0.2833333333333333
74,75,0,18,28.28,1.5711111111111111
74,75,1,8,9.88,1.235
74,75,2,7,7.04,1.0057142857142858
74,75,3,5,4.92,0.984
74,75,4,12,1.4,0.11666666666666665
74,77,0,10,12.64,1.264
74,77,1,16,13.49,0.843125
74,77,2,11,8.76,0.7963636363636364
74,77,3,3,1.59,0.53
74,77,4,4,0.38,0.095
74,80,0,5,25.33,5.066
74,80,1,14,63.18,4.5128571428571425
74,80,2,14,51.71,3.6935714285714285
74,80,3,8,20.6,2.575
74,80,4,11,17.46,1.5872727272727274
74,83,0,4,19.0,4.75
74,83,1,6,20.99,3.498333333333333
74,83,2,4,12.43,3.1075
74,83,3,20,41.21,2.0605
74,83,4,17,31.45,1.8499999999999999
74,85,0,19,238.16,12.534736842105263
74,85,1,16,192.47,12.029375
74,85,2,10,98.74,9.873999999999999
74,85,3,15,131.96,8.797333333333334
74,85,4,7,14.68,2.097142857142857
74,89,0,13,143.17,11.013076923076921
74,89,1,5,44.91,8.982
74,89,2,15,98.36,6.557333333333333
74,89,3,5,25.27,5.054
74,89,4,7,24.33,3.4757142857142855
74,90,0,4,3.26,0.815
74,90,1,12,9.53,0.7941666666666666
74,90,2,10,5.47,0.5469999999999999
74,90,3,20,7.19,0.35950000000000004
74,90,4,20,6.92,0.346
74,95,0,11,10.8,0.9818181818181819
74,95,1,10,8.87,0.8869999999999999
74,95,2,9,6.09,0.6766666666666666
74,95,3,2,1.11,0.555
74,95,4,16,1.02,0.06375
74,96,0,16,27.32,1.7075
74,96,1,15,17.05,1.1366666666666667
74,96,2,7,5.18,0.74
74,96,3,4,1.89,0.4725
74,96,4,9,2.09,0.23222222222222222
74,97,0,16,48.66,3.04125
74,97,1,6,15.28,2.5466666666666664
74,97,2,6,9.6,1.5999999999999999
74,97,3,18,23.65,1.3138888888888889
74,97,4,1,0.65,0.65
75,4,0,12,13.18,1.0983333333333334
75,4,1,9,7.73,0.8588888888888889
75,4,2,15,11.37,0.7579999999999999
75,4,3,18,5.2,0.2888888888888889
75,4,4,1,0.2,0.2
75,5,0,2,2.3,1.15
75,5,1,2,2.1,1.05
75,5,2,12,4.77,0.39749999999999996
75,5,3,10,3.11,0.311
75,5,4,5,0.61,0.122
75,6,0,9,37.59,4.176666666666667
75,6,1,17,60.51,3.559411764705882
75,6,2,17,48.12,2.8305882352941176
75,6,3,1,2.74,2.74
75,6,4,10,22.55,2.255
75,7,0,19,197.4,10.389473684210527
75,7,1,20,123.43,6.1715
75,7,2,16,74.16,4.635
75,7,3,4,16.3,4.075
75,7,4,3,7.89,2.63
75,8,0,15,10.7,0.7133333333333333
75,8,1,10,7.12,0.712
75,8,2,14,5.82,0.41571428571428576
75,8,3,16,5.41,0.338125
75,8,4,8,1.53,0.19125
75,9,0,10,30.56,3.056
75,9,1,4,7.71,1.9275
75,9,2,5,7.36,1.472
75,9,3,8,11.45,1.43125
75,9,4,12,2.77,0.23083333333333333
75,11,0,9,19.25,2.138888888888889
75,11,1,10,11.52,1.152
75,11,2,11,6.96,0.6327272727272727
75,11,3,17,9.98,0.5870588235294117
75,11,4,9,2.64,0.29333333333333333
75,12,0,8,15.01,1.87625
75,12,1,18,26.44,1.468888888888889
75,12,2,14,13.45,0.9607142857142856
75,12,3,18,11.85,0.6583333333333333
75,12,4,2,0.93,0.465
75,15,0,16,36.62,2.28875
75,15,1,13,28.92,2.224615384615385
75,15,2,9,18.45,2.05
75,15,3,5,7.66,1.532
75,15,4,9,3.85,0.4277777777777778
75,17,0,5,5.25,1.05
75,17,1,14,13.42,0.9585714285714285
75,17,2,11,8.91,0.81
75,17,3,12,8.07,0.6725
75,17,4,14,7.01,0.5007142857142857
75,18,0,12,7.03,0.5858333333333333
75,18,1,16,4.6,0.2875
75,18,2,13,3.7,0.2846153846153846
75,18,3,15,1.24,0.08266666666666667
75,18,4,19,0.78,0.04105263157894737
75,19,0,2,3.38,1.69
75,19,1,3,4.47,1.49
75,19,2,16,23.32,1.4575
75,19,3,2,2.58,1.29
75,19,4,5,6.26,1.252
75,27,0,12,29.7,2.475
75,27,1,15,34.31,2.2873333333333337
75,27,2,9,13.92,1.5466666666666666
75,27,3,14,13.53,0.9664285714285714
75,27,4,15,10.68,0.712
75,28,0,11,21.17,1.9245454545454548
75,28,1,4,5.9,1.475
75,28,2,13,15.57,1.1976923076923076
75,28,3,9,5.99,0.6655555555555556
75,28,4,14,4.83,0.34500000000000003
75,30,0,13,44.9,3.4538461538461536
75,30,1,4,9.9,2.475
75,30,2,1,1.91,1.91
75,30,3,19,31.28,1.6463157894736842
75,30,4,1,0.88,0.88
75,35,0,15,32.74,2.182666666666667
75,35,1,5,10.61,2.122
75,35,2,2,3.22,1.61
75,35,3,17,22.99,1.3523529411764705
75,35,4,6,7.64,1.2733333333333332
75,36,0,18,44.6,2.477777777777778
75,36,1,7,16.08,2.2971428571428567
75,36,2,2,3.14,1.57
75,36,3,18,18.69,1.0383333333333333
75,36,4,14,6.14,0.43857142857142856
75,37,0,6,13.81,2.3016666666666667
75,37,1,14,30.77,2.197857142857143
75,37,2,15,29.32,1.9546666666666668
75,37,3,16,13.42,0.83875
75,37,4,17,12.94,0.7611764705882352
75,39,0,18,53.38,2.9655555555555555
75,39,1,6,13.26,2.21
75,39,2,20,33.36,1.668
75,39,3,18,15.34,0.8522222222222222
75,39,4,14,6.62,0.47285714285714286
75,40,0,19,5.55,0.2921052631578947
75,40,1,5,1.32,0.264
75,40,2,1,0.24,0.24
75,40,3,6,1.04,0.17333333333333334
75,40,4,19,2.24,0.11789473684210527
75,41,0,14,10.99,0.785
75,41,1,17,12.29,0.7229411764705882
75,41,2,2,1.34,0.67
75,41,3,1,0.55,0.55
75,41,4,3,1.15,0.3833333333333333
75,43,0,11,23.37,2.1245454545454545
75,43,1,14,21.21,1.5150000000000001
75,43,2,10,5.66,0.5660000000000001
75,43,3,4,1.4,0.35
75,43,4,4,0.65,0.1625
75,46,0,18,55.88,3.104444444444445
75,46,1,1,3.03,3.03
75,46,2,11,12.76,1.16
75,46,3,13,14.05,1.080769230769231
75,46,4,17,18.0,1.0588235294117647
75,50,0,13,75.3,5.792307692307692
75,50,1,12,69.36,5.78
75,50,2,16,85.38,5.33625
75,50,3,12,51.78,4.315
75,50,4,2,1.11,0.555
75,52,0,20,57.78,2.8890000000000002
75,52,1,16,39.35,2.459375
75,52,2,13,26.17,2.013076923076923
75,52,3,19,13.83,0.7278947368421053
75,52,4,13,3.82,0.2938461538461538
75,53,0,3,29.05,9.683333333333334
75,53,1,5,36.92,7.384
75,53,2,9,42.16,4.684444444444444
75,53,3,9,27.02,3.002222222222222
75,53,4,18,43.82,2.4344444444444444
75,54,0,9,10.18,1.1311111111111112
75,54,1,9,5.97,0.6633333333333333
75,54,2,17,10.32,0.6070588235294118
75,54,3,13,7.32,0.5630769230769231
75,54,4,7,2.9,0.41428571428571426
75,55,0,19,58.6,3.0842105263157897
75,55,1,3,8.9,2.966666666666667
75,55,2,9,15.54,1.7266666666666666
75,55,3,11,16.92,1.5381818181818183
75,55,4,7,9.64,1.3771428571428572
75,64,0,7,12.88,1.84
75,64,1,2,3.06,1.53
75,64,2,7,10.65,1.5214285714285716
75,64,3,1,1.15,1.15
75,64,4,1,0.58,0.58
75,67,0,4,18.17,4.5425
75,67,1,16,67.28,4.205
75,67,2,10,30.76,3.076
75,67,3,12,33.5,2.7916666666666665
75,67,4,15,3.46,0.23066666666666666
75,68,0,10,12.73,1.2730000000000001
75,68,1,4,2.55,0.6375
75,68,2,6,3.62,0.6033333333333334
75,68,3,7,3.18,0.4542857142857143
75,68,4,15,2.12,0.14133333333333334
75,70,0,14,18.12,1.2942857142857143
75,70,1,18,21.15,1.1749999999999998
75,70,2,5,3.42,0.6839999999999999
75,70,3,12,5.52,0.45999999999999996
75,70,4,15,2.69,0.17933333333333332
75,71,0,13,120.93,9.302307692307693
75,71,1,2,17.84,8.92
75,71,2,13,67.72,5.2092307692307696
75,71,3,2,7.31,3.655
75,71,4,20,64.08,3.2039999999999997
75,72,0,4,3.97,0.9925
75,72,1,5,4.92,0.984
75,72,2,5,3.62,0.724
75,72,3,1,0.67,0.67
75,72,4,4,1.74,0.435
75,74,0,6,14.94,2.4899999999999998
75,74,1,5,6.98,1.3960000000000001
75,74,2,13,4.04,0.3107692307692308
75,74,3,1,0.22,0.22
75,74,4,4,0.8,0.2
75,77,0,13,22.3,1.7153846153846155
75,77,1,5,8.03,1.6059999999999999
75,77,2,17,19.99,1.1758823529411764
75,77,3,10,11.45,1.145
75,77,4,15,10.47,0.6980000000000001
75,80,0,4,12.94,3.235
75,80,1,17,45.97,2.7041176470588235
75,80,2,9,17.57,1.9522222222222223
75,80,3,1,1.27,1.27
75,80,4,11,13.34,1.2127272727272727
75,83,0,20,94.18,4.7090000000000005
75,83,1,8,32.15,4.01875
75,83,2,3,11.55,3.85
75,83,3,5,6.0,1.2
75,83,4,20,21.99,1.0995
75,85,0,5,53.33,10.666
75,85,1,3,26.8,8.933333333333334
75,85,2,8,54.84,6.855
75,85,3,11,72.96,6.632727272727272
75,85,4,20,59.45,2.9725
75,89,0,2,20.54,10.27
75,89,1,19,160.03,8.42263157894737
75,89,2,3,18.13,6.043333333333333
75,89,3,5,20.75,4.15
75,89,4,7,8.04,1.1485714285714284
75,90,0,8,16.96,2.12
75,90,1,12,14.49,1.2075
75,90,2,10,6.62,0.662
75,90,3,9,4.99,0.5544444444444445
75,90,4,8,4.03,0.50375
75,95,0,1,2.5,2.5
75,95,1,19,29.06,1.5294736842105263
75,95,2,11,15.98,1.4527272727272729
75,95,3,11,12.68,1.1527272727272726
75,95,4,12,9.87,0.8224999999999999
75,96,0,10,9.79,0.9789999999999999
75,96,1,2,1.64,0.82
75,96,2,20,14.07,0.7035
75,96,3,18,7.37,0.40944444444444444
75,96,4,20,1.85,0.0925
75,97,0,20,60.56,3.028
75,97,1,4,6.28,1.57
75,97,2,1,0.39,0.39
75,97,3,3,0.94,0.3133333333333333
75,97,4,4,0.58,0.145
77,4,0,10,25.61,2.561
77,4,1,18,29.04,1.6133333333333333
77,4,2,2,2.41,1.205
77,4,3,11,11.28,1.0254545454545454
77,4,4,6,3.7,0.6166666666666667
77,5,0,19,67.4,3.547368421052632
77,5,1,16,56.65,3.540625
77,5,2,12,39.95,3.329166666666667
77,5,3,8,21.95,2.74375
77,5,4,10,23.17,2.317
77,6,0,8,36.92,4.615
77,6,1,8,23.13,2.89125
77,6,2,9,22.21,2.467777777777778
77,6,3,15,14.86,0.9906666666666666
77,6,4,10,8.69,0.869
77,7,0,18,174.4,9.68888888888889
77,7,1,6,39.01,6.501666666666666
77,7,2,17,65.74,3.8670588235294114
77,7,3,2,4.04,2.02
77,7,4,9,16.48,1.8311111111111111
77,8,0,7,8.06,1.1514285714285715
77,8,1,17,18.96,1.1152941176470588
77,8,2,7,7.58,1.082857142857143
77,8,3,17,16.07,0.9452941176470588
77,8,4,14,6.32,0.45142857142857146
77,9,0,20,107.24,5.362
77,9,1,16,67.09,4.193125
77,9,2,18,53.41,2.967222222222222
77,9,3,9,3.22,0.3577777777777778
77,9,4,15,5.06,0.3373333333333333
77,11,0,5,1.33,0.266
77,11,1,17,3.35,0.19705882352941176
77,11,2,12,2.07,0.1725
77,11,3,1,0.17,0.17
77,11,4,15,2.04,0.136
77,12,0,7,28.45,4.064285714285714
77,12,1,8,29.87,3.73375
77,12,2,2,5.51,2.755
77,12,3,14,22.59,1.6135714285714287
77,12,4,20,19.47,0.9734999999999999
77,15,0,11,2.61,0.23727272727272727
77,15,1,13,1.76,0.13538461538461538
77,15,2,2,0.26,0.13
77,15,3,6,0.58,0.09666666666666666
77,15,4,7,0.37,0.05285714285714286
77,17,0,11,20.71,1.8827272727272728
77,17,1,13,19.02,1.463076923076923
77,17,2,20,16.79,0.8394999999999999
77,17,3,9,2.75,0.3055555555555556
77,17,4,20,4.7,0.23500000000000001
77,18,0,7,15.51,2.2157142857142857
77,18,1,5,7.21,1.442
77,18,2,19,18.82,0.9905263157894737
77,18,3,12,9.19,0.7658333333333333
77,18,4,4,1.79,0.4475
77,19,0,15,34.16,2.277333333333333
77,19,1,7,15.52,2.217142857142857
77,19,2,7,10.12,1.4457142857142855
77,19,3,18,23.55,1.3083333333333333
77,19,4,12,14.73,1.2275
77,27,0,2,12.16,6.08
77,27,1,4,18.34,4.585
77,27,2,16,69.12,4.32
77,27,3,12,35.79,2.9825
77,27,4,4,3.65,0.9125
77,28,0,1,1.61,1.61
77,28,1,10,15.73,1.573
77,28,2,9,11.42,1.268888888888889
77,28,3,5,5.99,1.198
77,28,4,6,1.35,0.225
77,30,0,16,53.07,3.316875
77,30,1,17,53.89,3.17
77,30,2,12,27.95,2.3291666666666666
77,30,3,7,10.03,1.4328571428571428
77,30,4,19,27.02,1.4221052631578948
77,35,0,19,55.69,2.931052631578947
77,35,1,4,11.65,2.9125
77,35,2,12,23.64,1.97
77,35,3,8,15.45,1.93125
77,35,4,5,4.33,0.866
77,36,0,9,12.33,1.37
77,36,1,11,12.73,1.1572727272727272
77,36,2,13,12.06,0.9276923076923077
77,36,3,16,11.84,0.74
77,36,4,6,1.61,0.26833333333333337
77,37,0,6,11.17,1.8616666666666666
77,37,1,6,10.16,1.6933333333333334
77,37,2,1,1.65,1.65
77,37,3,7,6.36,0.9085714285714286
77,37,4,11,6.8,0.6181818181818182
77,39,0,12,12.82,1.0683333333333334
77,39,1,1,0.91,0.91
77,39,2,14,9.32,0.6657142857142857
77,39,3,6,3.47,0.5783333333333334
77,39,4,17,9.56,0.5623529411764706
77,40,0,19,38.35,2.018421052631579
77,40,1,6,10.47,1.745
77,40,2,13,20.84,1.603076923076923
77,40,3,6,6.94,1.1566666666666667
77,40,4,3,0.66,0.22
77,41,0,12,27.47,2.2891666666666666
77,41,1,3,3.41,1.1366666666666667
77,41,2,1,1.08,1.08
77,41,3,14,12.76,0.9114285714285714
77,41,4,5,2.91,0.5820000000000001
77,43,0,2,1.95,0.975
77,43,1,1,0.86,0.86
77,43,2,1,0.79,0.79
77,43,3,3,1.38,0.45999999999999996
77,43,4,12,1.79,0.14916666666666667
77,46,0,6,29.5,4.916666666666667
77,46,1,1,4.25,4.25
77,46,2,13,52.24,4.018461538461539
77,46,3,16,21.28,1.33
77,46,4,17,5.24,0.30823529411764705
77,50,0,7,52.52,7.502857142857144
77,50,1,8,48.56,6.07
77,50,2,8,35.91,4.48875
77,50,3,8,18.53,2.31625
77,50,4,2,3.83,1.915
77,52,0,16,59.1,3.69375
77,52,1,16,41.34,2.58375
77,52,2,18,32.94,1.8299999999999998
77,52,3,14,24.34,1.7385714285714287
77,52,4,14,17.86,1.2757142857142856
77,53,0,18,170.69,9.482777777777777
77,53,1,2,17.18,8.59
77,53,2,10,47.48,4.747999999999999
77,53,3,16,37.41,2.338125
77,53,4,8,16.42,2.0525
77,54,0,7,16.0,2.2857142857142856
77,54,1,19,29.98,1.5778947368421052
77,54,2,12,18.82,1.5683333333333334
77,54,3,13,16.23,1.2484615384615385
77,54,4,14,3.83,0.2735714285714286
77,55,0,2,5.32,2.66
77,55,1,2,4.13,2.065
77,55,2,11,10.12,0.9199999999999999
77,55,3,1,0.77,0.77
77,55,4,6,1.37,0.22833333333333336
77,64,0,20,16.43,0.8215
77,64,1,8,4.18,0.5225
77,64,2,4,2.08,0.52
77,64,3,2,0.96,0.48
77,64,4,9,4.18,0.46444444444444444
77,67,0,5,17.57,3.5140000000000002
77,67,1,20,62.12,3.106
77,67,2,5,10.92,2.184
77,67,3,17,28.13,1.654705882352941
77,67,4,13,15.8,1.2153846153846155
77,68,0,2,10.21,5.105
77,68,1,20,86.63,4.3315
77,68,2,4,11.62,2.905
77,68,3,13,33.14,2.5492307692307694
77,68,4,9,11.47,1.2744444444444445
77,70,0,5,6.47,1.294
77,70,1,5,6.23,1.246
77,70,2,2,1.17,0.585
77,70,3,5,2.4,0.48
77,70,4,5,0.85,0.16999999999999998
77,71,0,2,18.4,9.2
77,71,1,2,13.11,6.555
77,71,2,16,63.08,3.9425
77,71,3,2,7.67,3.835
77,71,4,15,15.53,1.0353333333333332
77,72,0,11,11.88,1.08
77,72,1,19,12.55,0.6605263157894737
77,72,2,9,5.91,0.6566666666666667
77,72,3,10,6.04,0.604
77,72,4,18,2.27,0.12611111111111112
77,74,0,11,17.03,1.5481818181818183
77,74,1,6,7.02,1.17
77,74,2,6,5.2,0.8666666666666667
77,74,3,14,12.08,0.8628571428571429
77,74,4,8,3.89,0.48625
77,75,0,16,30.96,1.935
77,75,1,17,18.52,1.0894117647058823
77,75,2,14,12.93,0.9235714285714286
77,75,3,16,7.86,0.49125
77,75,4,6,2.33,0.38833333333333336
77,80,0,9,26.01,2.89
77,80,1,9,20.58,2.2866666666666666
77,80,2,5,9.5,1.9
77,80,3,8,13.33,1.66625
77,80,4,13,18.52,1.4246153846153846
77,83,0,10,60.46,6.046
77,83,1,17,82.42,4.848235294117647
77,83,2,12,41.14,3.4283333333333332
77,83,3,17,36.77,2.1629411764705884
77,83,4,1,0.42,0.42
77,85,0,8,82.53,10.31625
77,85,1,14,120.18,8.584285714285715
77,85,2,19,126.57,6.661578947368421
77,85,3,2,11.03,5.515
77,85,4,5,8.09,1.6179999999999999
77,89,0,17,141.09,8.299411764705882
77,89,1,1,7.59,7.59
77,89,2,19,114.26,6.013684210526316
77,89,3,13,58.98,4.536923076923077
77,89,4,20,33.14,1.657
77,90,0,1,0.35,0.35
77,90,1,13,3.48,0.2676923076923077
77,90,2,12,3.03,0.2525
77,90,3,1,0.06,0.06
77,90,4,17,0.4,0.023529411764705882
77,95,0,6,2.39,0.3983333333333334
77,95,1,15,4.04,0.2693333333333333
77,95,2,4,0.97,0.2425
77,95,3,20,3.41,0.1705
77,95,4,3,0.42,0.13999999999999999
77,96,0,3,3.93,1.31
77,96,1,20,11.92,0.596
77,96,2,5,2.31,0.462
77,96,3,4,1.45,0.3625
77,96,4,12,3.46,0.28833333333333333
77,97,0,5,27.15,5.43
77,97,1,11,46.16,4.196363636363636
77,97,2,6,12.8,2.1333333333333333
77,97,3,6,7.7,1.2833333333333334
77,97,4,16,4.04,0.2525
80,4,0,11,26.32,2.3927272727272726
80,4,1,17,36.75,2.161764705882353
80,4,2,8,16.68,2.085
80,4,3,20,33.12,1.656
80,4,4,2,1.92,0.96
80,5,0,15,44.3,2.953333333333333
80,5,1,11,23.2,2.109090909090909
80,5,2,6,7.95,1.325
80,5,3,17,20.0,1.1764705882352942
80,5,4,11,12.73,1.1572727272727272
80,6,0,20,64.82,3.2409999999999997
80,6,1,12,35.59,2.9658333333333338
80,6,2,11,23.96,2.178181818181818
80,6,3,9,11.25,1.25
80,6,4,20,2.93,0.14650000000000002
80,7,0,3,21.24,7.079999999999999
80,7,1,6,41.74,6.956666666666667
80,7,2,3,16.67,5.5566666666666675
80,7,3,18,84.15,4.675000000000001
80,7,4,16,45.66,2.85375
80,8,0,16,52.35,3.271875
80,8,1,7,10.83,1.5471428571428572
80,8,2,14,16.98,1.2128571428571429
80,8,3,10,11.49,1.149
80,8,4,2,1.87,0.935
80,9,0,13,32.55,2.503846153846154
80,9,1,13,27.68,2.129230769230769
80,9,2,16,26.51,1.656875
80,9,3,5,5.0,1.0
80,9,4,11,6.78,0.6163636363636363
80,11,0,9,28.65,3.183333333333333
80,11,1,6,16.03,2.671666666666667
80,11,2,11,23.65,2.15
80,11,3,8,15.75,1.96875
80,11,4,14,23.13,1.6521428571428571
80,12,0,18,26.61,1.4783333333333333
80,12,1,8,9.61,1.20125
80,12,2,14,15.87,1.1335714285714285
80,12,3,11,12.0,1.0909090909090908
80,12,4,8,6.42,0.8025
80,15,0,17,56.7,3.335294117647059
80,15,1,3,7.69,2.5633333333333335
80,15,2,10,22.66,2.266
80,15,3,17,32.02,1.8835294117647061
80,15,4,18,22.27,1.2372222222222222
80,17,0,17,34.05,2.0029411764705882
80,17,1,19,25.61,1.3478947368421053
80,17,2,18,22.82,1.267777777777778
80,17,3,11,13.84,1.258181818181818
80,17,4,19,4.8,0.25263157894736843
80,18,0,19,53.67,2.8247368421052634
80,18,1,3,7.33,2.4433333333333334
80,18,2,15,35.85,2.39
80,18,3,16,23.17,1.448125
80,18,4,13,12.52,0.963076923076923
80,19,0,11,14.26,1.2963636363636364
80,19,1,18,20.78,1.1544444444444446
80,19,2,19,19.56,1.0294736842105263
80,19,3,18,12.51,0.695
80,19,4,9,2.44,0.2711111111111111
80,27,0,1,2.65,2.65
80,27,1,2,3.68,1.84
80,27,2,4,3.78,0.945
80,27,3,20,16.54,0.827
80,27,4,1,0.39,0.39
80,28,0,15,24.34,1.6226666666666667
80,28,1,12,14.58,1.215
80,28,2,20,12.89,0.6445000000000001
80,28,3,9,5.46,0.6066666666666667
80,28,4,18,8.78,0.48777777777777775
80,30,0,4,4.94,1.235
80,30,1,20,23.17,1.1585
80,30,2,8,4.67,0.58375
80,30,3,18,9.86,0.5477777777777777
80,30,4,12,2.89,0.24083333333333334
80,35,0,9,5.68,0.6311111111111111
80,35,1,11,5.76,0.5236363636363636
80,35,2,18,8.0,0.4444444444444444
80,35,3,10,4.21,0.421
80,35,4,10,3.09,0.309
80,36,0,2,4.38,2.19
80,36,1,9,18.38,2.042222222222222
80,36,2,7,10.42,1.4885714285714287
80,36,3,11,9.34,0.8490909090909091
80,36,4,6,3.62,0.6033333333333334
80,37,0,6,7.77,1.295
80,37,1,12,13.31,1.1091666666666666
80,37,2,12,10.67,0.8891666666666667
80,37,3,19,8.68,0.4568421052631579
80,37,4,6,1.6,0.26666666666666666
80,39,0,14,20.69,1.477857142857143
80,39,1,13,11.6,0.8923076923076922
80,39,2,18,13.99,0.7772222222222223
80,39,3,8,4.9,0.6125
80,39,4,16,5.36,0.335
80,40,0,10,22.04,2.2039999999999997
80,40,1,15,27.78,1.852
80,40,2,19,27.77,1.461578947368421
80,40,3,7,10.06,1.4371428571428573
80,40,4,1,1.21,1.21
80,41,0,16,37.16,2.3225
80,41,1,4,7.93,1.9825
80,41,2,9,16.55,1.838888888888889
80,41,3,10,16.32,1.6320000000000001
80,41,4,9,5.79,0.6433333333333333
80,43,0,7,27.55,3.935714285714286
80,43,1,6,22.62,3.77
80,43,2,17,24.11,1.418235294117647
80,43,3,1,0.77,0.77
80,43,4,5,3.63,0.726
80,46,0,9,17.74,1.971111111111111
80,46,1,4,7.23,1.8075
80,46,2,15,23.76,1.584
80,46,3,13,12.63,0.9715384615384616
80,46,4,10,3.37,0.337
80,50,0,3,20.18,6.726666666666667
80,50,1,12,71.33,5.944166666666667
80,50,2,1,4.29,4.29
80,50,3,11,32.95,2.9954545454545456
80,50,4,3,4.93,1.6433333333333333
80,52,0,3,4.11,1.37
80,52,1,19,20.82,1.0957894736842106
80,52,2,18,18.84,1.0466666666666666
80,52,3,18,9.32,0.5177777777777778
80,52,4,4,0.55,0.1375
80,53,0,12,48.74,4.0616666666666665
80,53,1,14,48.58,3.4699999999999998
80,53,2,2,4.41,2.205
80,53,3,8,16.64,2.08
80,53,4,1,2.0,2.0
80,54,0,17,19.38,1.14
80,54,1,5,3.75,0.75
80,54,2,17,8.7,0.5117647058823529
80,54,3,4,1.19,0.2975
80,54,4,13,1.2,0.0923076923076923
80,55,0,3,4.46,1.4866666666666666
80,55,1,17,21.4,1.2588235294117647
80,55,2,13,12.53,0.9638461538461538
80,55,3,14,13.25,0.9464285714285714
80,55,4,12,8.26,0.6883333333333334
80,64,0,17,66.41,3.906470588235294
80,64,1,12,42.42,3.535
80,64,2,16,45.25,2.828125
80,64,3,1,0.69,0.69
80,64,4,9,4.81,0.5344444444444444
80,67,0,8,10.02,1.2525
80,67,1,19,21.56,1.134736842105263
80,67,2,11,10.15,0.9227272727272727
80,67,3,20,17.9,0.8949999999999999
80,67,4,1,0.15,0.15
80,68,0,9,30.36,3.373333333333333
80,68,1,12,36.39,3.0325
80,68,2,17,34.76,2.044705882352941
80,68,3,1,1.27,1.27
80,68,4,11,3.93,0.3572727272727273
80,70,0,8,18.77,2.34625
80,70,1,5,9.63,1.9260000000000002
80,70,2,18,29.99,1.666111111111111
80,70,3,3,1.3,0.43333333333333335
80,70,4,11,2.47,0.22454545454545458
80,71,0,14,60.76,4.34
80,71,1,14,50.96,3.64
80,71,2,8,27.94,3.4925
80,71,3,7,13.67,1.9528571428571428
80,71,4,2,3.41,1.705
80,72,0,6,16.29,2.715
80,72,1,5,12.83,2.566
80,72,2,4,7.76,1.94
80,72,3,2,1.79,0.895
80,72,4,2,1.07,0.535
80,74,0,15,70.57,4.704666666666666
80,74,1,15,68.88,4.592
80,74,2,11,45.17,4.106363636363636
80,74,3,9,15.73,1.7477777777777779
80,74,4,5,8.46,1.6920000000000002
80,75,0,4,11.37,2.8425
80,75,1,13,28.85,2.2192307692307693
80,75,2,5,6.48,1.296
80,75,3,1,1.11,1.11
80,75,4,18,18.25,1.0138888888888888
80,77,0,10,35.62,3.562
80,77,1,19,44.33,2.333157894736842
80,77,2,19,36.77,1.935263157894737
80,77,3,5,6.61,1.322
80,77,4,7,6.53,0.9328571428571429
80,83,0,5,13.18,2.636
80,83,1,11,27.19,2.471818181818182
80,83,2,20,23.57,1.1785
80,83,3,13,14.09,1.083846153846154
80,83,4,17,8.52,0.5011764705882352
80,85,0,8,55.59,6.94875
80,85,1,4,19.87,4.9675
80,85,2,8,38.99,4.87375
80,85,3,13,56.99,4.383846153846154
80,85,4,1,1.12,1.12
80,89,0,16,101.36,6.335
80,89,1,6,30.91,5.151666666666666
80,89,2,8,38.17,4.77125
80,89,3,12,41.41,3.450833333333333
80,89,4,18,22.84,1.268888888888889
80,90,0,11,29.46,2.678181818181818
80,90,1,8,19.52,2.44
80,90,2,16,21.6,1.35
80,90,3,11,9.46,0.8600000000000001
80,90,4,5,1.96,0.392
80,95,0,4,16.48,4.12
80,95,1,6,21.13,3.5216666666666665
80,95,2,11,17.66,1.6054545454545455
80,95,3,8,5.34,0.6675
80,95,4,15,7.59,0.506
80,96,0,6,12.1,2.0166666666666666
80,96,1,15,24.52,1.6346666666666667
80,96,2,17,24.84,1.4611764705882353
80,96,3,2,1.37,0.685
80,96,4,3,0.69,0.22999999999999998
80,97,0,16,58.87,3.679375
80,97,1,5,16.82,3.364
80,97,2,12,28.65,2.3874999999999997
80,97,3,10,17.05,1.705
80,97,4,8,11.88,1.485
83,4,0,10,38.19,3.819
83,4,1,14,49.22,3.5157142857142856
83,4,2,4,5.43,1.3575
83,4,3,14,8.95,0.6392857142857142
83,4,4,2,0.82,0.41
83,5,0,14,62.9,4.492857142857143
83,5,1,9,36.78,4.086666666666667
83,5,2,11,24.92,2.2654545454545456
83,5,3,15,30.64,2.042666666666667
83,5,4,5,9.07,1.814
83,6,0,1,0.26,0.26
83,6,1,16,3.44,0.215
83,6,2,6,1.19,0.19833333333333333
83,6,3,14,1.7,0.12142857142857143
83,6,4,11,0.16,0.014545454545454545
83,7,0,10,57.8,5.779999999999999
83,7,1,7,36.84,5.262857142857143
83,7,2,12,60.33,5.0275
83,7,3,6,22.61,3.768333333333333
83,7,4,19,26.28,1.3831578947368421
83,8,0,5,31.37,6.274
83,8,1,4,19.27,4.8175
83,8,2,17,42.45,2.4970588235294118
83,8,3,5,3.97,0.794
83,8,4,17,4.9,0.2882352941176471
83,9,0,17,28.31,1.6652941176470588
83,9,1,10,13.04,1.3039999999999998
83,9,2,10,12.71,1.2710000000000001
83,9,3,14,5.92,0.4228571428571429
83,9,4,12,2.26,0.18833333333333332
83,11,0,14,89.17,6.369285714285715
83,11,1,18,80.26,4.45888888888889
83,11,2,12,48.68,4.056666666666667
83,11,3,10,19.86,1.986
83,11,4,19,36.48,1.92
83,12,0,6,19.58,3.263333333333333
83,12,1,18,46.83,2.6016666666666666
83,12,2,19,34.08,1.7936842105263158
83,12,3,11,16.07,1.460909090909091
83,12,4,18,17.39,0.9661111111111111
83,15,0,5,29.82,5.964
83,15,1,8,43.19,5.39875
83,15,2,3,12.65,4.216666666666667
83,15,3,2,7.58,3.79
83,15,4,17,26.05,1.5323529411764707
83,17,0,8,42.23,5.27875
83,17,1,20,74.7,3.7350000000000003
83,17,2,4,11.31,2.8275
83,17,3,7,16.37,2.3385714285714285
83,17,4,11,6.27,0.57
83,18,0,14,70.69,5.049285714285714
83,18,1,14,48.99,3.4992857142857146
83,18,2,19,45.37,2.3878947368421053
83,18,3,5,9.19,1.8379999999999999
83,18,4,12,8.89,0.7408333333333333
83,19,0,18,46.5,2.5833333333333335
83,19,1,15,24.61,1.6406666666666667
83,19,2,17,24.42,1.4364705882352942
83,19,3,16,20.4,1.275
83,19,4,15,9.5,0.6333333333333333
83,27,0,18,17.85,0.9916666666666667
83,27,1,14,8.53,0.6092857142857142
83,27,2,17,8.05,0.4735294117647059
83,27,3,18,4.5,0.25
83,27,4,5,0.49,0.098
83,28,0,10,45.66,4.566
83,28,1,13,57.68,4.436923076923077
83,28,2,20,70.94,3.5469999999999997
83,28,3,13,37.74,2.9030769230769233
83,28,4,6,13.02,2.17
83,30,0,2,6.98,3.49
83,30,1,7,14.75,2.107142857142857
83,30,2,8,14.45,1.80625
83,30,3,13,18.0,1.3846153846153846
83,30,4,11,11.27,1.0245454545454544
83,35,0,6,18.67,3.111666666666667
83,35,1,12,29.48,2.4566666666666666
83,35,2,3,3.03,1.01
83,35,3,16,15.33,0.958125
83,35,4,2,0.52,0.26
83,36,0,16,96.68,6.0425
83,36,1,4,23.39,5.8475
83,36,2,13,63.81,4.908461538461538
83,36,3,1,3.97,3.97
83,36,4,1,0.51,0.51
83,37,0,19,99.07,5.214210526315789
83,37,1,14,50.09,3.5778571428571433
83,37,2,5,17.47,3.4939999999999998
83,37,3,14,11.01,0.7864285714285714
83,37,4,9,2.94,0.32666666666666666
83,39,0,7,36.99,5.284285714285715
83,39,1,16,79.58,4.97375
83,39,2,8,33.5,4.1875
83,39,3,15,29.45,1.9633333333333334
83,39,4,2,3.7,1.85
83,40,0,16,62.57,3.910625
83,40,1,16,61.6,3.85
83,40,2,19,63.73,3.3542105263157893
83,40,3,14,42.32,3.0228571428571427
83,40,4,17,42.58,2.504705882352941
83,41,0,7,32.09,4.5842857142857145
83,41,1,5,14.1,2.82
83,41,2,19,42.88,2.256842105263158
83,41,3,8,13.46,1.6825
83,41,4,6,4.73,0.7883333333333334
83,43,0,1,6.38,6.38
83,43,1,7,43.96,6.28
83,43,2,20,109.83,5.4915
83,43,3,3,14.83,4.943333333333333
83,43,4,5,8.61,1.722
83,46,0,7,17.67,2.5242857142857145
83,46,1,19,40.21,2.1163157894736844
83,46,2,14,20.77,1.4835714285714285
83,46,3,6,8.58,1.43
83,46,4,5,4.67,0.9339999999999999
83,50,0,13,62.87,4.836153846153846
83,50,1,6,25.06,4.176666666666667
83,50,2,19,68.76,3.6189473684210527
83,50,3,7,5.46,0.78
83,50,4,16,5.04,0.315
83,52,0,9,19.32,2.1466666666666665
83,52,1,4,7.52,1.88
83,52,2,17,17.05,1.0029411764705882
83,52,3,10,7.2,0.72
83,52,4,8,1.32,0.165
83,53,0,14,79.54,5.6814285714285715
83,53,1,11,58.81,5.346363636363637
83,53,2,2,8.06,4.03
83,53,3,4,12.46,3.115
83,53,4,4,3.88,0.97
83,54,0,17,77.44,4.555294117647058
83,54,1,6,26.88,4.4799999999999995
83,54,2,19,60.66,3.1926315789473683
83,54,3,5,10.77,2.154
83,54,4,15,4.63,0.30866666666666664
83,55,0,8,37.81,4.72625
83,55,1,15,60.24,4.016
83,55,2,11,33.64,3.058181818181818
83,55,3,4,12.15,3.0375
83,55,4,13,4.39,0.3376923076923077
83,64,0,11,51.7,4.7
83,64,1,3,12.26,4.086666666666667
83,64,2,2,5.2,2.6
83,64,3,14,36.36,2.597142857142857
83,64,4,13,12.32,0.9476923076923077
83,67,0,1,3.94,3.94
83,67,1,9,31.09,3.4544444444444444
83,67,2,1,2.33,2.33
83,67,3,13,20.86,1.6046153846153846
83,67,4,6,6.32,1.0533333333333335
83,68,0,7,33.1,4.728571428571429
83,68,1,16,57.21,3.575625
83,68,2,10,31.57,3.157
83,68,3,13,40.76,3.1353846153846154
83,68,4,6,11.18,1.8633333333333333
83,70,0,1,7.07,7.07
83,70,1,1,6.95,6.95
83,70,2,5,19.33,3.8659999999999997
83,70,3,15,32.11,2.1406666666666667
83,70,4,10,10.55,1.0550000000000002
83,71,0,18,70.62,3.923333333333334
83,71,1,8,30.48,3.81
83,71,2,6,20.91,3.485
83,71,3,1,2.7,2.7
83,71,4,16,10.24,0.64
83,72,0,12,41.62,3.4683333333333333
83,72,1,13,43.98,3.383076923076923
83,72,2,11,36.61,3.328181818181818
83,72,3,3,9.14,3.046666666666667
83,72,4,3,2.68,0.8933333333333334
83,74,0,14,103.04,7.36
83,74,1,15,104.6,6.973333333333333
83,74,2,11,61.68,5.607272727272727
83,74,3,15,38.38,2.558666666666667
83,74,4,6,4.6,0.7666666666666666
83,75,0,17,103.26,6.074117647058824
83,75,1,14,61.41,4.386428571428572
83,75,2,9,20.37,2.2633333333333336
83,75,3,20,43.6,2.18
83,75,4,8,8.3,1.0375
83,77,0,18,122.51,6.806111111111111
83,77,1,7,10.21,1.4585714285714286
83,77,2,20,25.84,1.292
83,77,3,2,1.57,0.785
83,77,4,8,4.31,0.53875
83,80,0,3,8.28,2.76
83,80,1,18,45.9,2.55
83,80,2,14,19.44,1.3885714285714286
83,80,3,3,3.95,1.3166666666666667
83,80,4,11,8.56,0.7781818181818182
83,85,0,12,84.93,7.077500000000001
83,85,1,15,100.83,6.7219999999999995
83,85,2,19,118.69,6.246842105263158
83,85,3,20,104.82,5.241
83,85,4,13,13.1,1.0076923076923077
83,89,0,20,137.27,6.8635
83,89,1,11,60.95,5.540909090909091
83,89,2,6,29.17,4.861666666666667
83,89,3,16,56.04,3.5025
83,89,4,4,13.34,3.335
83,90,0,14,75.2,5.371428571428572
83,90,1,6,28.23,4.705
83,90,2,20,78.95,3.9475000000000002
83,90,3,17,11.53,0.678235294117647
83,90,4,7,2.51,0.35857142857142854
83,95,0,13,79.12,6.086153846153847
83,95,1,4,22.63,5.6575
83,95,2,11,57.56,5.232727272727273
83,95,3,12,26.1,2.1750000000000003
83,95,4,12,4.26,0.355
83,96,0,2,11.75,5.875
83,96,1,9,39.63,4.403333333333333
83,96,2,17,66.42,3.907058823529412
83,96,3,18,47.84,2.657777777777778
83,96,4,1,1.66,1.66
83,97,0,13,70.48,5.421538461538462
83,97,1,17,89.94,5.290588235294117
83,97,2,15,64.48,4.298666666666667
83,97,3,14,31.3,2.2357142857142858
83,97,4,20,21.08,1.0539999999999998
85,4,0,9,74.37,8.263333333333334
85,4,1,1,5.89,5.89
85,4,2,14,50.65,3.617857142857143
85,4,3,4,12.04,3.01
85,4,4,14,33.96,2.4257142857142857
85,5,0,11,100.53,9.139090909090909
85,5,1,19,149.27,7.856315789473685
85,5,2,10,64.26,6.426
85,5,3,17,85.81,5.04764705882353
85,5,4,9,15.04,1.671111111111111
85,6,0,16,92.67,5.791875
85,6,1,20,99.64,4.982
85,6,2,10,39.43,3.943
85,6,3,19,25.56,1.3452631578947367
85,6,4,3,1.02,0.34
85,7,0,9,10.17,1.13
85,7,1,7,6.93,0.99
85,7,2,11,7.67,0.6972727272727273
85,7,3,17,11.08,0.6517647058823529
85,7,4,5,1.51,0.302
85,8,0,16,189.2,11.825
85,8,1,20,214.64,10.732
85,8,2,2,16.89,8.445
85,8,3,5,31.68,6.336
85,8,4,8,28.62,3.5775
85,9,0,7,50.09,7.155714285714287
85,9,1,16,104.78,6.54875
85,9,2,4,23.31,5.8275
85,9,3,18,80.93,4.496111111111111
85,9,4,5,20.4,4.08
85,11,0,4,46.86,11.715
85,11,1,13,114.5,8.807692307692308
85,11,2,19,117.41,6.179473684210526
85,11,3,19,53.1,2.794736842105263
85,11,4,9,6.27,0.6966666666666667
85,12,0,6,51.76,8.626666666666667
85,12,1,8,66.45,8.30625
85,12,2,16,126.25,7.890625
85,12,3,18,113.59,6.310555555555556
85,12,4,7,14.68,2.097142857142857
85,15,0,10,59.71,5.971
85,15,1,20,114.09,5.7045
85,15,2,14,66.41,4.743571428571428
85,15,3,12,51.98,4.331666666666666
85,15,4,19,35.05,1.844736842105263
85,17,0,18,165.75,9.208333333333334
85,17,1,19,142.37,7.493157894736842
85,17,2,5,20.0,4.0
85,17,3,2,7.94,3.97
85,17,4,20,41.74,2.087
85,18,0,10,105.53,10.553
85,18,1,6,50.66,8.443333333333333
85,18,2,10,66.43,6.643000000000001
85,18,3,6,32.48,5.413333333333333
85,18,4,18,31.67,1.7594444444444446
85,19,0,9,69.64,7.737777777777778
85,19,1,13,87.56,6.735384615384616
85,19,2,2,13.09,6.545
85,19,3,14,70.68,5.048571428571429
85,19,4,16,52.85,3.303125
85,27,0,20,134.87,6.7435
85,27,1,10,30.76,3.076
85,27,2,13,32.49,2.4992307692307696
85,27,3,10,9.35,0.9349999999999999
85,27,4,18,7.03,0.39055555555555554
85,28,0,2,18.25,9.125
85,28,1,16,74.88,4.68
85,28,2,8,20.82,2.6025
85,28,3,3,6.95,2.316666666666667
85,28,4,7,6.5,0.9285714285714286
85,30,0,1,6.56,6.56
85,30,1,4,20.13,5.0325
85,30,2,5,11.76,2.352
85,30,3,12,19.28,1.6066666666666667
85,30,4,15,19.52,1.3013333333333332
85,35,0,19,175.02,9.211578947368421
85,35,1,18,126.14,7.007777777777778
85,35,2,1,5.7,5.7
85,35,3,19,45.31,2.3847368421052635
85,35,4,11,19.41,1.7645454545454546
85,36,0,10,80.62,8.062000000000001
85,36,1,1,5.21,5.21
85,36,2,4,19.93,4.9825
85,36,3,13,30.23,2.3253846153846154
85,36,4,19,28.14,1.4810526315789474
85,37,0,17,153.88,9.051764705882352
85,37,1,13,107.3,8.253846153846153
85,37,2,6,38.64,6.44
85,37,3,11,55.34,5.030909090909091
85,37,4,10,36.94,3.694
85,39,0,1,9.67,9.67
85,39,1,12,115.7,9.641666666666667
85,39,2,14,119.27,8.519285714285713
85,39,3,17,115.31,6.7829411764705885
85,39,4,5,13.81,2.762
85,40,0,5,58.06,11.612
85,40,1,2,20.51,10.255
85,40,2,14,56.97,4.069285714285714
85,40,3,11,43.02,3.910909090909091
85,40,4,6,4.38,0.73
85,41,0,17,152.08,8.945882352941178
85,41,1,10,63.47,6.3469999999999995
85,41,2,19,107.92,5.68
85,41,3,10,52.0,5.2
85,41,4,3,14.52,4.84
85,43,0,5,60.03,12.006
85,43,1,17,176.04,10.355294117647059
85,43,2,12,48.37,4.030833333333333
85,43,3,13,44.82,3.4476923076923076
85,43,4,11,6.91,0.6281818181818182
85,46,0,8,71.46,8.9325
85,46,1,4,28.91,7.2275
85,46,2,16,107.66,6.72875
85,46,3,15,72.84,4.856
85,46,4,17,13.03,0.7664705882352941
85,50,0,12,24.8,2.066666666666667
85,50,1,13,17.32,1.3323076923076924
85,50,2,3,3.57,1.19
85,50,3,10,5.59,0.5589999999999999
85,50,4,7,3.16,0.45142857142857146
85,52,0,13,107.5,8.26923076923077
85,52,1,20,162.82,8.141
85,52,2,20,135.86,6.793000000000001
85,52,3,11,57.65,5.240909090909091
85,52,4,19,47.6,2.505263157894737
85,53,0,3,4.94,1.6466666666666667
85,53,1,20,20.44,1.022
85,53,2,20,16.1,0.805
85,53,3,14,5.62,0.4014285714285714
85,53,4,7,1.77,0.25285714285714284
85,54,0,12,114.16,9.513333333333334
85,54,1,8,67.56,8.445
85,54,2,11,21.02,1.910909090909091
85,54,3,18,28.07,1.5594444444444444
85,54,4,7,4.43,0.6328571428571428
85,55,0,2,13.12,6.56
85,55,1,19,120.76,6.355789473684211
85,55,2,11,52.14,4.74
85,55,3,2,4.03,2.015
85,55,4,12,12.68,1.0566666666666666
85,64,0,8,97.53,12.19125
85,64,1,4,40.88,10.22
85,64,2,11,86.95,7.904545454545455
85,64,3,18,102.67,5.703888888888889
85,64,4,12,36.99,3.0825
85,67,0,2,14.31,7.155
85,67,1,17,102.14,6.008235294117647
85,67,2,9,50.28,5.586666666666667
85,67,3,2,6.71,3.355
85,67,4,3,6.17,2.0566666666666666
85,68,0,6,48.17,8.028333333333334
85,68,1,7,51.16,7.308571428571428
85,68,2,4,17.62,4.405
85,68,3,12,23.1,1.925
85,68,4,11,9.86,0.8963636363636364
85,70,0,18,212.34,11.796666666666667
85,70,1,2,21.68,10.84
85,70,2,1,9.89,9.89
85,70,3,2,8.9,4.45
85,70,4,16,28.83,1.801875
85,71,0,14,37.24,2.66
85,71,1,17,44.64,2.6258823529411766
85,71,2,2,4.51,2.255
85,71,3,3,6.38,2.1266666666666665
85,71,4,9,17.3,1.9222222222222223
85,72,0,8,78.77,9.84625
85,72,1,5,31.63,6.326
85,72,2,13,27.23,2.0946153846153845
85,72,3,16,16.05,1.003125
85,72,4,4,2.35,0.5875
85,74,0,3,32.48,10.826666666666666
85,74,1,1,9.79,9.79
85,74,2,13,125.26,9.635384615384616
85,74,3,7,45.57,6.51
85,74,4,19,63.46,3.34
85,75,0,14,109.6,7.828571428571428
85,75,1,1,7.25,7.25
85,75,2,8,37.39,4.67375
85,75,3,6,11.92,1.9866666666666666
85,75,4,18,34.15,1.8972222222222221
85,77,0,14,65.75,4.696428571428571
85,77,1,8,28.93,3.61625
85,77,2,5,14.7,2.94
85,77,3,20,36.97,1.8485
85,77,4,11,11.38,1.0345454545454547
85,80,0,18,154.28,8.571111111111112
85,80,1,8,49.1,6.1375
85,80,2,7,29.5,4.214285714285714
85,80,3,18,44.97,2.498333333333333
85,80,4,6,2.36,0.3933333333333333
85,83,0,19,70.42,3.7063157894736842
85,83,1,18,50.28,2.7933333333333334
85,83,2,20,43.29,2.1645
85,83,3,4,6.42,1.605
85,83,4,8,6.72,0.84
85,89,0,19,65.98,3.4726315789473685
85,89,1,19,63.07,3.3194736842105264
85,89,2,10,28.31,2.831
85,89,3,18,12.03,0.6683333333333333
85,89,4,6,3.78,0.63
85,90,0,11,127.45,11.586363636363636
85,90,1,3,19.28,6.426666666666667
85,90,2,20,93.9,4.695
85,90,3,16,40.95,2.559375
85,90,4,19,21.27,1.1194736842105264
85,95,0,14,124.06,8.861428571428572
85,95,1,16,111.01,6.938125
85,95,2,2,11.9,5.95
85,95,3,7,17.22,2.46
85,95,4,6,12.64,2.106666666666667
85,96,0,11,124.82,11.347272727272726
85,96,1,11,83.55,7.595454545454545
85,96,2,4,18.59,4.6475
85,96,3,17,65.24,3.837647058823529
85,96,4,16,42.21,2.638125
85,97,0,20,196.2,9.809999999999999
85,97,1,2,16.35,8.175
85,97,2,12,91.37,7.614166666666667
85,97,3,8,50.34,6.2925
85,97,4,6,25.31,4.218333333333333
89,4,0,15,132.78,8.852
89,4,1,14,71.36,5.097142857142857
89,4,2,1,4.7,4.7
89,4,3,9,27.78,3.086666666666667
89,4,4,6,18.42,3.0700000000000003
89,5,0,18,170.45,9.469444444444443
89,5,1,10,51.51,5.151
89,5,2,7,34.4,4.914285714285714
89,5,3,11,51.71,4.700909090909091
89,5,4,3,2.06,0.6866666666666666
89,6,0,11,80.4,7.3090909090909095
89,6,1,2,12.09,6.045
89,6,2,10,39.33,3.933
89,6,3,18,24.96,1.3866666666666667
89,6,4,8,7.43,0.92875
89,7,0,11,46.01,4.182727272727273
89,7,1,20,82.05,4.1025
89,7,2,18,58.71,3.2616666666666667
89,7,3,14,37.05,2.6464285714285714
89,7,4,17,41.73,2.454705882352941
89,8,0,14,136.56,9.754285714285714
89,8,1,19,166.37,8.756315789473684
89,8,2,20,69.55,3.4775
89,8,3,14,34.84,2.488571428571429
89,8,4,16,8.33,0.520625
89,9,0,10,87.6,8.76
89,9,1,16,121.2,7.575
89,9,2,15,68.4,4.5600000000000005
89,9,3,17,67.48,3.9694117647058826
89,9,4,7,5.24,0.7485714285714286
89,11,0,9,90.69,10.076666666666666
89,11,1,19,172.45,9.076315789473684
89,11,2,20,175.45,8.772499999999999
89,11,3,17,57.69,3.393529411764706
89,11,4,1,1.06,1.06
89,12,0,5,40.56,8.112
89,12,1,16,116.89,7.305625
89,12,2,6,38.79,6.465
89,12,3,3,19.0,6.333333333333333
89,12,4,11,43.52,3.9563636363636365
89,15,0,2,16.07,8.035
89,15,1,9,53.21,5.912222222222223
89,15,2,5,16.81,3.3619999999999997
89,15,3,16,27.98,1.74875
89,15,4,1,0.67,0.67
89,17,0,10,92.42,9.242
89,17,1,4,33.71,8.4275
89,17,2,19,129.91,6.8373684210526315
89,17,3,3,20.33,6.776666666666666
89,17,4,16,107.35,6.709375
89,18,0,15,123.05,8.203333333333333
89,18,1,16,88.46,5.52875
89,18,2,8,13.26,1.6575
89,18,3,7,9.96,1.422857142857143
89,18,4,6,7.55,1.2583333333333333
89,19,0,3,27.09,9.03
89,19,1,17,107.61,6.33
89,19,2,17,100.32,5.901176470588235
89,19,3,12,53.44,4.453333333333333
89,19,4,19,12.09,0.6363157894736842
89,27,0,7,52.09,7.441428571428572
89,27,1,19,141.21,7.432105263157895
89,27,2,10,65.35,6.534999999999999
89,27,3,19,114.04,6.002105263157895
89,27,4,16,92.83,5.801875
89,28,0,5,37.63,7.526000000000001
89,28,1,10,48.11,4.811
89,28,2,8,30.6,3.825
89,28,3,4,11.37,2.8425
89,28,4,9,8.75,0.9722222222222222
89,30,0,13,64.58,4.967692307692308
89,30,1,9,31.0,3.4444444444444446
89,30,2,20,47.56,2.378
89,30,3,9,7.86,0.8733333333333334
89,30,4,13,6.71,0.5161538461538462
89,35,0,18,90.29,5.016111111111112
89,35,1,2,7.28,3.64
89,35,2,11,37.21,3.382727272727273
89,35,3,19,53.9,2.8368421052631576
89,35,4,3,4.28,1.4266666666666667
89,36,0,7,54.59,7.798571428571429
89,36,1,17,116.74,6.867058823529412
89,36,2,17,114.77,6.751176470588235
89,36,3,11,31.52,2.8654545454545453
89,36,4,18,43.28,2.4044444444444446
89,37,0,11,86.54,7.867272727272728
89,37,1,14,66.56,4.7542857142857144
89,37,2,12,41.76,3.48
89,37,3,6,3.33,0.555
89,37,4,5,2.16,0.43200000000000005
89,39,0,3,23.76,7.920000000000001
89,39,1,13,100.35,7.7192307692307685
89,39,2,15,102.32,6.821333333333333
89,39,3,11,58.05,5.277272727272727
89,39,4,15,46.44,3.0959999999999996
89,40,0,12,99.62,8.301666666666668
89,40,1,16,116.27,7.266875
89,40,2,14,85.59,6.113571428571428
89,40,3,9,53.48,5.942222222222222
89,40,4,8,31.43,3.92875
89,41,0,4,34.64,8.66
89,41,1,4,34.2,8.55
89,41,2,5,39.35,7.87
89,41,3,20,137.66,6.883
89,41,4,1,3.31,3.31
89,43,0,3,29.08,9.693333333333333
89,43,1,9,86.53,9.614444444444445
89,43,2,16,45.78,2.86125
89,43,3,11,27.39,2.49
89,43,4,9,12.21,1.3566666666666667
89,46,0,5,44.03,8.806000000000001
89,46,1,20,145.61,7.280500000000001
89,46,2,17,69.63,4.095882352941176
89,46,3,10,30.61,3.061
89,46,4,3,1.93,0.6433333333333333
89,50,0,14,47.36,3.382857142857143
89,50,1,16,41.92,2.62
89,50,2,3,3.79,1.2633333333333334
89,50,3,15,17.79,1.186
89,50,4,7,7.4,1.0571428571428572
89,52,0,11,79.39,7.217272727272728
89,52,1,15,77.23,5.148666666666667
89,52,2,18,45.98,2.554444444444444
89,52,3,17,25.69,1.5111764705882353
89,52,4,18,14.23,0.7905555555555556
89,53,0,7,31.3,4.4714285714285715
89,53,1,17,33.02,1.9423529411764708
89,53,2,13,20.3,1.5615384615384615
89,53,3,12,7.49,0.6241666666666666
89,53,4,13,7.87,0.6053846153846154
89,54,0,19,154.88,8.15157894736842
89,54,1,18,142.12,7.895555555555556
89,54,2,10,57.52,5.752000000000001
89,54,3,10,20.93,2.093
89,54,4,9,11.17,1.241111111111111
89,55,0,8,51.37,6.42125
89,55,1,13,80.04,6.156923076923078
89,55,2,18,106.34,5.907777777777778
89,55,3,11,29.79,2.708181818181818
89,55,4,12,11.49,0.9575
89,64,0,7,75.16,10.737142857142857
89,64,1,3,27.72,9.24
89,64,2,6,54.78,9.13
89,64,3,10,75.5,7.55
89,64,4,16,31.26,1.95375
89,67,0,7,36.28,5.182857142857143
89,67,1,10,45.06,4.506
89,67,2,13,57.08,4.390769230769231
89,67,3,8,14.75,1.84375
89,67,4,11,11.47,1.0427272727272727
89,68,0,9,93.77,10.418888888888889
89,68,1,12,102.39,8.5325
89,68,2,11,44.09,4.008181818181819
89,68,3,12,45.82,3.8183333333333334
89,68,4,20,46.11,2.3055
89,70,0,16,123.18,7.69875
89,70,1,13,85.28,6.5600000000000005
89,70,2,3,11.7,3.9
89,70,3,13,30.34,2.333846153846154
89,70,4,7,14.25,2.0357142857142856
89,71,0,18,73.52,4.084444444444444
89,71,1,12,40.66,3.388333333333333
89,71,2,2,6.25,3.125
89,71,3,15,39.04,2.6026666666666665
89,71,4,13,16.35,1.2576923076923079
89,72,0,2,18.57,9.285
89,72,1,2,15.02,7.51
89,72,2,12,68.28,5.69
89,72,3,11,55.01,5.000909090909091
89,72,4,1,2.23,2.23
89,74,0,18,199.36,11.075555555555557
89,74,1,15,152.51,10.167333333333334
89,74,2,4,24.72,6.18
89,74,3,10,58.55,5.8549999999999995
89,74,4,8,13.83,1.72875
89,75,0,9,92.75,10.305555555555555
89,75,1,13,100.15,7.703846153846154
89,75,2,19,120.58,6.346315789473684
89,75,3,11,48.69,4.426363636363636
89,75,4,7,19.94,2.8485714285714288
89,77,0,9,81.24,9.026666666666666
89,77,1,17,113.58,6.681176470588235
89,77,2,3,17.4,5.8
89,77,3,17,84.48,4.969411764705883
89,77,4,9,16.8,1.8666666666666667
89,80,0,11,54.16,4.923636363636363
89,80,1,9,40.47,4.496666666666666
89,80,2,2,6.93,3.465
89,80,3,14,35.36,2.525714285714286
89,80,4,5,3.76,0.752
89,83,0,16,97.66,6.10375
89,83,1,17,95.62,5.624705882352941
89,83,2,9,19.28,2.1422222222222222
89,83,3,5,10.66,2.132
89,83,4,11,11.79,1.0718181818181818
89,85,0,2,5.35,2.675
89,85,1,18,43.32,2.4066666666666667
89,85,2,14,30.72,2.1942857142857144
89,85,3,9,16.61,1.8455555555555554
89,85,4,20,5.86,0.29300000000000004
89,90,0,15,102.38,6.825333333333333
89,90,1,8,52.65,6.58125
89,90,2,5,28.39,5.678
89,90,3,11,11.36,1.0327272727272727
89,90,4,6,4.9,0.8166666666666668
89,95,0,11,107.91,9.81
89,95,1,4,26.86,6.715
89,95,2,10,66.05,6.6049999999999995
89,95,3,20,63.67,3.1835
89,95,4,13,37.86,2.9123076923076923
89,96,0,10,87.0,8.7
89,96,1,1,5.54,5.54
89,96,2,15,75.36,5.024
89,96,3,17,71.63,4.213529411764705
89,96,4,20,44.66,2.2329999999999997
89,97,0,7,46.49,6.6414285714285715
89,97,1,2,12.65,6.325
89,97,2,12,58.7,4.891666666666667
89,97,3,17,39.13,2.301764705882353
89,97,4,6,5.53,0.9216666666666667
90,4,0,4,14.03,3.5075
90,4,1,18,60.81,3.3783333333333334
90,4,2,15,30.88,2.0586666666666664
90,4,3,8,14.18,1.7725
90,4,4,18,23.67,1.3150000000000002
90,5,0,14,48.57,3.4692857142857143
90,5,1,4,3.66,0.915
90,5,2,13,11.12,0.8553846153846153
90,5,3,7,5.45,0.7785714285714286
90,5,4,6,4.45,0.7416666666666667
90,6,0,4,22.07,5.5175
90,6,1,19,103.95,5.471052631578948
90,6,2,6,22.42,3.736666666666667
90,6,3,17,59.76,3.5152941176470587
90,6,4,6,16.08,2.6799999999999997
90,7,0,18,153.09,8.505
90,7,1,12,47.58,3.965
90,7,2,2,7.36,3.68
90,7,3,10,33.71,3.371
90,7,4,17,23.01,1.3535294117647059
90,8,0,14,12.89,0.9207142857142857
90,8,1,6,4.52,0.7533333333333333
90,8,2,12,7.42,0.6183333333333333
90,8,3,13,6.91,0.5315384615384615
90,8,4,9,0.6,0.06666666666666667
90,9,0,13,66.53,5.117692307692308
90,9,1,5,16.77,3.354
90,9,2,15,49.42,3.2946666666666666
90,9,3,18,55.79,3.0994444444444444
90,9,4,2,1.04,0.52
90,11,0,2,0.62,0.31
90,11,1,20,6.02,0.301
90,11,2,9,2.53,0.2811111111111111
90,11,3,14,3.61,0.25785714285714284
90,11,4,6,1.42,0.23666666666666666
90,12,0,8,22.93,2.86625
90,12,1,3,7.14,2.38
90,12,2,20,44.21,2.2105
90,12,3,10,17.79,1.779
90,12,4,13,11.39,0.8761538461538462
90,15,0,8,4.96,0.62
90,15,1,3,1.76,0.5866666666666667
90,15,2,17,5.31,0.31235294117647056
90,15,3,1,0.25,0.25
90,15,4,8,0.24,0.03
90,17,0,13,25.7,1.9769230769230768
90,17,1,7,9.99,1.4271428571428573
90,17,2,2,1.94,0.97
90,17,3,15,8.43,0.5619999999999999
90,17,4,14,4.05,0.28928571428571426
90,18,0,16,45.03,2.814375
90,18,1,1,2.5,2.5
90,18,2,10,12.32,1.232
90,18,3,2,2.25,1.125
90,18,4,10,3.78,0.378
90,19,0,15,38.3,2.5533333333333332
90,19,1,14,25.83,1.845
90,19,2,18,23.34,1.2966666666666666
90,19,3,20,21.61,1.0805
90,19,4,16,16.1,1.00625
90,27,0,17,93.31,5.488823529411765
90,27,1,15,69.17,4.6113333333333335
90,27,2,14,55.46,3.9614285714285713
90,27,3,9,22.42,2.4911111111111115
90,27,4,9,5.45,0.6055555555555556
90,28,0,18,37.33,2.073888888888889
90,28,1,19,39.06,2.055789473684211
90,28,2,8,10.92,1.365
90,28,3,5,4.25,0.85
90,28,4,2,1.02,0.51
90,30,0,17,54.37,3.198235294117647
90,30,1,3,8.09,2.6966666666666668
90,30,2,6,10.19,1.6983333333333333
90,30,3,15,7.88,0.5253333333333333
90,30,4,11,3.44,0.31272727272727274
90,35,0,18,43.43,2.412777777777778
90,35,1,17,40.41,2.3770588235294117
90,35,2,16,23.85,1.490625
90,35,3,14,17.31,1.2364285714285714
90,35,4,4,0.83,0.2075
90,36,0,4,7.32,1.83
90,36,1,13,15.22,1.1707692307692308
90,36,2,15,10.1,0.6733333333333333
90,36,3,1,0.31,0.31
90,36,4,15,1.82,0.12133333333333333
90,37,0,7,15.19,2.17
90,37,1,18,25.52,1.4177777777777778
90,37,2,14,16.53,1.1807142857142858
90,37,3,14,8.18,0.5842857142857143
90,37,4,4,1.85,0.4625
90,39,0,2,4.31,2.155
90,39,1,20,28.69,1.4345
90,39,2,6,3.65,0.6083333333333333
90,39,3,4,1.6,0.4
90,39,4,4,1.05,0.2625
90,40,0,8,10.91,1.36375
90,40,1,7,7.68,1.0971428571428572
90,40,2,19,17.19,0.9047368421052632
90,40,3,6,3.7,0.6166666666666667
90,40,4,5,2.94,0.588
90,41,0,8,24.94,3.1175
90,41,1,6,11.17,1.8616666666666666
90,41,2,5,4.92,0.984
90,41,3,13,8.66,0.6661538461538462
90,41,4,3,1.87,0.6233333333333334
90,43,0,8,6.85,0.85625
90,43,1,8,5.81,0.72625
90,43,2,20,13.87,0.6935
90,43,3,17,9.21,0.541764705882353
90,43,4,11,4.35,0.39545454545454545
90,46,0,20,75.29,3.7645000000000004
90,46,1,8,23.22,2.9025
90,46,2,15,41.92,2.7946666666666666
90,46,3,2,4.04,2.02
90,46,4,10,12.44,1.244
90,50,0,7,51.48,7.354285714285714
90,50,1,3,14.96,4.986666666666667
90,50,2,15,70.69,4.712666666666666
90,50,3,7,28.08,4.011428571428572
90,50,4,17,38.74,2.2788235294117647
90,52,0,13,62.89,4.837692307692308
90,52,1,16,72.87,4.554375
90,52,2,12,24.94,2.0783333333333336
90,52,3,19,15.45,0.8131578947368421
90,52,4,12,7.58,0.6316666666666667
90,53,0,3,30.86,10.286666666666667
90,53,1,7,26.59,3.7985714285714285
90,53,2,2,6.54,3.27
90,53,3,19,59.46,3.1294736842105264
90,53,4,11,32.36,2.941818181818182
90,54,0,18,49.24,2.7355555555555555
90,54,1,4,8.97,2.2425
90,54,2,5,4.12,0.8240000000000001
90,54,3,10,8.22,0.8220000000000001
90,54,4,17,8.07,0.4747058823529412
90,55,0,6,19.31,3.2183333333333333
90,55,1,18,54.8,3.0444444444444443
90,55,2,14,29.89,2.1350000000000002
90,55,3,17,29.53,1.7370588235294118
90,55,4,3,1.13,0.37666666666666665
90,64,0,9,8.6,0.9555555555555555
90,64,1,11,10.31,0.9372727272727274
90,64,2,14,9.4,0.6714285714285715
90,64,3,8,4.67,0.58375
90,64,4,18,6.36,0.35333333333333333
90,67,0,5,23.68,4.736
90,67,1,9,35.01,3.8899999999999997
90,67,2,20,69.41,3.4705
90,67,3,15,26.16,1.744
90,67,4,12,13.11,1.0925
90,68,0,10,46.85,4.6850000000000005
90,68,1,7,28.73,4.104285714285714
90,68,2,15,54.0,3.6
90,68,3,20,32.31,1.6155000000000002
90,68,4,2,2.62,1.31
90,70,0,12,11.32,0.9433333333333334
90,70,1,13,7.16,0.5507692307692308
90,70,2,14,6.92,0.4942857142857143
90,70,3,4,1.46,0.365
90,70,4,16,1.02,0.06375
90,71,0,14,111.45,7.960714285714286
90,71,1,20,142.51,7.1255
90,71,2,4,28.24,7.06
90,71,3,10,27.72,2.772
90,71,4,8,16.49,2.06125
90,72,0,17,21.04,1.2376470588235293
90,72,1,6,5.58,0.93
90,72,2,1,0.8,0.8
90,72,3,12,2.96,0.24666666666666667
90,72,4,14,1.75,0.125
90,74,0,12,14.93,1.2441666666666666
90,74,1,4,3.43,0.8575
90,74,2,13,7.57,0.5823076923076923
90,74,3,2,1.1,0.55
90,74,4,11,3.72,0.3381818181818182
90,75,0,18,34.99,1.943888888888889
90,75,1,13,24.25,1.8653846153846154
90,75,2,15,19.7,1.3133333333333332
90,75,3,6,6.43,1.0716666666666665
90,75,4,1,0.35,0.35
90,77,0,12,4.37,0.3641666666666667
90,77,1,14,5.08,0.3628571428571429
90,77,2,20,3.57,0.1785
90,77,3,18,2.65,0.14722222222222223
90,77,4,4,0.36,0.09
90,80,0,12,42.43,3.535833333333333
90,80,1,17,50.51,2.9711764705882353
90,80,2,6,4.53,0.755
90,80,3,13,6.21,0.4776923076923077
90,80,4,1,0.28,0.28
90,83,0,19,117.14,6.165263157894737
90,83,1,16,81.94,5.12125
90,83,2,7,12.22,1.7457142857142858
90,83,3,9,13.67,1.518888888888889
90,83,4,8,3.44,0.43
90,85,0,11,64.98,5.907272727272727
90,85,1,11,63.5,5.7727272727272725
90,85,2,7,38.55,5.507142857142857
90,85,3,17,85.94,5.055294117647058
90,85,4,4,14.41,3.6025
90,89,0,14,131.28,9.377142857142857
90,89,1,9,74.84,8.315555555555555
90,89,2,6,18.72,3.1199999999999997
90,89,3,6,10.91,1.8183333333333334
90,89,4,19,10.0,0.5263157894736842
90,95,0,8,1.24,0.155
90,95,1,4,0.51,0.1275
90,95,2,7,0.66,0.09428571428571429
90,95,3,17,0.99,0.05823529411764706
90,95,4,18,0.17,0.009444444444444445
90,96,0,12,14.27,1.1891666666666667
90,96,1,4,4.39,1.0975
90,96,2,15,15.24,1.016
90,96,3,6,4.14,0.69
90,96,4,19,9.26,0.48736842105263156
90,97,0,16,89.77,5.610625
90,97,1,1,4.62,4.62
90,97,2,4,17.82,4.455
90,97,3,3,11.28,3.76
90,97,4,20,56.2,2.81
95,4,0,18,64.12,3.5622222222222226
95,4,1,2,4.17,2.085
95,4,2,13,24.93,1.9176923076923076
95,4,3,7,12.82,1.8314285714285714
95,4,4,17,3.25,0.19117647058823528
95,5,0,3,7.9,2.6333333333333333
95,5,1,20,31.58,1.579
95,5,2,9,2.96,0.3288888888888889
95,5,3,5,1.4,0.27999999999999997
95,5,4,10,1.85,0.185
95,6,0,15,112.04,7.469333333333334
95,6,1,4,28.5,7.125
95,6,2,18,106.63,5.9238888888888885
95,6,3,9,38.25,4.25
95,6,4,11,35.5,3.227272727272727
95,7,0,12,132.18,11.015
95,7,1,17,139.89,8.228823529411764
95,7,2,15,104.14,6.942666666666667
95,7,3,19,63.29,3.3310526315789475
95,7,4,6,3.79,0.6316666666666667
95,8,0,13,17.97,1.3823076923076922
95,8,1,6,6.27,1.045
95,8,2,8,4.93,0.61625
95,8,3,15,3.6,0.24000000000000002
95,8,4,13,2.12,0.1630769230769231
95,9,0,14,81.05,5.789285714285714
95,9,1,20,111.92,5.596
95,9,2,9,33.21,3.69
95,9,3,3,5.41,1.8033333333333335
95,9,4,6,9.01,1.5016666666666667
95,11,0,1,0.28,0.28
95,11,1,18,4.73,0.2627777777777778
95,11,2,18,4.37,0.2427777777777778
95,11,3,16,2.9,0.18125
95,11,4,14,1.33,0.095
95,12,0,14,48.76,3.4828571428571427
95,12,1,9,26.03,2.8922222222222222
95,12,2,15,39.16,2.6106666666666665
95,12,3,6,13.67,2.2783333333333333
95,12,4,15,8.85,0.59
95,15,0,11,7.93,0.7209090909090908
95,15,1,7,2.33,0.33285714285714285
95,15,2,10,2.6,0.26
95,15,3,12,2.52,0.21
95,15,4,18,2.81,0.15611111111111112
95,17,0,13,20.1,1.5461538461538462
95,17,1,10,12.09,1.209
95,17,2,10,8.03,0.8029999999999999
95,17,3,4,2.45,0.6125
95,17,4,12,3.19,0.2658333333333333
95,18,0,19,54.59,2.8731578947368424
95,18,1,4,10.96,2.74
95,18,2,4,4.99,1.2475
95,18,3,6,4.92,0.82
95,18,4,8,4.61,0.57625
95,19,0,12,41.22,3.435
95,19,1,7,20.79,2.9699999999999998
95,19,2,1,2.15,2.15
95,19,3,11,14.75,1.3409090909090908
95,19,4,2,2.17,1.085
95,27,0,6,21.94,3.6566666666666667
95,27,1,4,14.52,3.63
95,27,2,18,23.31,1.295
95,27,3,3,2.57,0.8566666666666666
95,27,4,9,6.79,0.7544444444444445
95,28,0,8,14.54,1.8175
95,28,1,5,8.39,1.6780000000000002
95,28,2,19,25.97,1.3668421052631579
95,28,3,12,11.81,0.9841666666666667
95,28,4,15,9.49,0.6326666666666667
95,30,0,10,45.6,4.5600000000000005
95,30,1,8,29.91,3.73875
95,30,2,8,15.59,1.94875
95,30,3,16,26.21,1.638125
95,30,4,9,14.71,1.6344444444444446
95,35,0,14,32.44,2.317142857142857
95,35,1,8,15.92,1.99
95,35,2,18,27.74,1.541111111111111
95,35,3,10,6.62,0.662
95,35,4,12,3.96,0.33
95,36,0,20,36.57,1.8285
95,36,1,20,32.35,1.6175000000000002
95,36,2,13,15.72,1.2092307692307693
95,36,3,6,4.78,0.7966666666666667
95,36,4,9,3.14,0.3488888888888889
95,37,0,3,7.58,2.526666666666667
95,37,1,6,7.13,1.1883333333333332
95,37,2,4,2.06,0.515
95,37,3,7,3.49,0.4985714285714286
95,37,4,2,0.94,0.47
95,39,0,13,20.22,1.5553846153846154
95,39,1,9,11.44,1.271111111111111
95,39,2,11,12.14,1.1036363636363637
95,39,3,9,7.27,0.8077777777777777
95,39,4,9,5.2,0.5777777777777778
95,40,0,20,52.49,2.6245000000000003
95,40,1,9,20.58,2.2866666666666666
95,40,2,16,16.3,1.01875
95,40,3,13,8.13,0.6253846153846154
95,40,4,15,7.96,0.5306666666666666
95,41,0,14,43.7,3.1214285714285714
95,41,1,10,26.07,2.607
95,41,2,4,7.89,1.9725
95,41,3,19,27.74,1.46
95,41,4,4,4.5,1.125
95,43,0,6,3.94,0.6566666666666666
95,43,1,11,5.58,0.5072727272727273
95,43,2,18,3.19,0.17722222222222223
95,43,3,1,0.17,0.17
95,43,4,5,0.33,0.066
95,46,0,16,77.52,4.845
95,46,1,6,22.92,3.8200000000000003
95,46,2,7,17.07,2.4385714285714286
95,46,3,16,20.66,1.29125
95,46,4,5,3.02,0.604
95,50,0,8,80.64,10.08
95,50,1,7,44.98,6.425714285714285
95,50,2,1,5.2,5.2
95,50,3,12,40.55,3.3791666666666664
95,50,4,6,18.18,3.03
95,52,0,2,8.74,4.37
95,52,1,10,38.8,3.88
95,52,2,17,57.06,3.356470588235294
95,52,3,18,6.51,0.36166666666666664
95,52,4,18,5.85,0.32499999999999996
95,53,0,16,105.59,6.599375
95,53,1,5,32.66,6.531999999999999
95,53,2,16,69.34,4.33375
95,53,3,3,8.59,2.8633333333333333
95,53,4,13,7.78,0.5984615384615385
95,54,0,7,21.78,3.1114285714285717
95,54,1,9,13.69,1.521111111111111
95,54,2,10,9.16,0.916
95,54,3,6,3.85,0.6416666666666667
95,54,4,8,2.87,0.35875
95,55,0,13,44.4,3.4153846153846152
95,55,1,10,22.48,2.248
95,55,2,20,33.67,1.6835
95,55,3,16,18.89,1.180625
95,55,4,2,2.17,1.085
95,64,0,16,14.19,0.886875
95,64,1,12,9.5,0.7916666666666666
95,64,2,13,5.12,0.39384615384615385
95,64,3,12,3.54,0.295
95,64,4,10,2.6,0.26
95,67,0,9,36.92,4.102222222222222
95,67,1,9,35.23,3.914444444444444
95,67,2,19,63.25,3.3289473684210527
95,67,3,18,42.58,2.3655555555555554
95,67,4,5,6.53,1.306
95,68,0,4,18.98,4.745
95,68,1,10,45.05,4.505
95,68,2,8,32.23,4.02875
95,68,3,6,17.93,2.9883333333333333
95,68,4,7,8.4,1.2
95,70,0,9,8.37,0.9299999999999999
95,70,1,5,4.57,0.914
95,70,2,8,5.89,0.73625
95,70,3,17,11.67,0.6864705882352942
95,70,4,19,1.75,0.09210526315789473
95,71,0,9,66.97,7.441111111111111
95,71,1,17,123.78,7.281176470588235
95,71,2,19,87.45,4.602631578947369
95,71,3,12,35.54,2.9616666666666664
95,71,4,9,13.77,1.53
95,72,0,10,13.29,1.329
95,72,1,20,20.9,1.045
95,72,2,20,19.63,0.9814999999999999
95,72,3,2,0.85,0.425
95,72,4,16,2.01,0.125625
95,74,0,8,7.61,0.95125
95,74,1,8,5.4,0.675
95,74,2,3,1.92,0.64
95,74,3,20,12.18,0.609
95,74,4,18,2.32,0.1288888888888889
95,75,0,3,7.91,2.6366666666666667
95,75,1,11,20.01,1.8190909090909093
95,75,2,12,9.99,0.8325
95,75,3,7,4.52,0.6457142857142857
95,75,4,14,9.0,0.6428571428571429
95,77,0,16,6.04,0.3775
95,77,1,3,0.96,0.32
95,77,2,15,3.27,0.218
95,77,3,9,1.71,0.19
95,77,4,1,0.11,0.11
95,80,0,4,15.68,3.92
95,80,1,10,21.49,2.149
95,80,2,4,4.92,1.23
95,80,3,5,3.93,0.786
95,80,4,12,6.7,0.5583333333333333
95,83,0,7,47.05,6.721428571428571
95,83,1,7,38.45,5.492857142857143
95,83,2,20,96.09,4.8045
95,83,3,17,81.25,4.779411764705882
95,83,4,11,39.91,3.628181818181818
95,85,0,17,187.08,11.004705882352942
95,85,1,8,62.89,7.86125
95,85,2,8,58.56,7.32
95,85,3,8,37.82,4.7275
95,85,4,5,13.67,2.734
95,89,0,9,91.47,10.163333333333334
95,89,1,15,143.43,9.562000000000001
95,89,2,17,145.95,8.585294117647058
95,89,3,11,89.08,8.098181818181818
95,89,4,9,7.82,0.8688888888888889
95,90,0,9,0.98,0.10888888888888888
95,90,1,18,1.15,0.06388888888888888
95,90,2,7,0.43,0.06142857142857143
95,90,3,6,0.23,0.03833333333333334
95,90,4,10,0.33,0.033
95,96,0,6,5.08,0.8466666666666667
95,96,1,13,9.52,0.7323076923076923
95,96,2,20,12.8,0.64
95,96,3,7,1.45,0.20714285714285713
95,96,4,12,1.14,0.09499999999999999
95,97,0,11,60.22,5.474545454545455
95,97,1,2,10.03,5.015
95,97,2,15,58.39,3.8926666666666665
95,97,3,10,30.25,3.025
95,97,4,10,19.27,1.927
96,4,0,17,42.9,2.523529411764706
96,4,1,11,27.36,2.4872727272727273
96,4,2,9,17.45,1.9388888888888889
96,4,3,14,16.2,1.157142857142857
96,4,4,1,0.59,0.59
96,5,0,11,20.29,1.8445454545454545
96,5,1,14,22.28,1.5914285714285714
96,5,2,1,1.54,1.54
96,5,3,14,16.24,1.16
96,5,4,20,5.95,0.2975
96,6,0,18,108.46,6.025555555555555
96,6,1,13,60.8,4.676923076923076
96,6,2,16,36.61,2.288125
96,6,3,18,31.9,1.7722222222222221
96,6,4,20,27.16,1.358
96,7,0,17,177.01,10.41235294117647
96,7,1,3,31.02,10.34
96,7,2,2,13.22,6.61
96,7,3,2,9.85,4.925
96,7,4,2,4.74,2.37
96,8,0,16,2.3,0.14375
96,8,1,2,0.12,0.06
96,8,2,11,0.5,0.045454545454545456
96,8,3,5,0.21,0.041999999999999996
96,8,4,8,0.31,0.03875
96,9,0,10,47.54,4.754
96,9,1,3,9.17,3.0566666666666666
96,9,2,12,24.09,2.0075
96,9,3,6,10.99,1.8316666666666668
96,9,4,5,5.62,1.124
96,11,0,18,20.8,1.1555555555555557
96,11,1,19,20.39,1.073157894736842
96,11,2,15,6.77,0.4513333333333333
96,11,3,17,7.44,0.43764705882352944
96,11,4,2,0.62,0.31
96,12,0,15,36.47,2.4313333333333333
96,12,1,11,18.41,1.6736363636363636
96,12,2,18,29.23,1.623888888888889
96,12,3,6,7.94,1.3233333333333335
96,12,4,14,7.88,0.5628571428571428
96,15,0,6,8.38,1.3966666666666667
96,15,1,20,27.01,1.3505
96,15,2,15,20.05,1.3366666666666667
96,15,3,12,9.38,0.7816666666666667
96,15,4,20,2.26,0.11299999999999999
96,17,0,18,8.66,0.4811111111111111
96,17,1,14,4.84,0.3457142857142857
96,17,2,4,1.29,0.3225
96,17,3,15,2.72,0.18133333333333335
96,17,4,15,2.58,0.17200000000000001
96,18,0,1,1.29,1.29
96,18,1,9,10.0,1.1111111111111112
96,18,2,18,11.88,0.66
96,18,3,8,5.14,0.6425
96,18,4,4,0.3,0.075
96,19,0,16,38.44,2.4025
96,19,1,15,31.28,2.0853333333333333
96,19,2,19,29.42,1.5484210526315791
96,19,3,12,13.48,1.1233333333333333
96,19,4,16,8.73,0.545625
96,27,0,1,5.16,5.16
96,27,1,20,78.08,3.904
96,27,2,6,19.4,3.233333333333333
96,27,3,15,37.63,2.508666666666667
96,27,4,5,9.72,1.9440000000000002
96,28,0,1,1.84,1.84
96,28,1,17,30.59,1.7994117647058823
96,28,2,16,25.74,1.60875
96,28,3,6,7.63,1.2716666666666667
96,28,4,18,21.56,1.1977777777777776
96,30,0,2,8.21,4.105
96,30,1,17,26.48,1.5576470588235294
96,30,2,13,15.09,1.1607692307692308
96,30,3,19,18.51,0.9742105263157895
96,30,4,16,14.65,0.915625
96,35,0,11,26.92,2.4472727272727273
96,35,1,19,30.25,1.5921052631578947
96,35,2,1,1.51,1.51
96,35,3,9,1.7,0.18888888888888888
96,35,4,15,1.73,0.11533333333333333
96,36,0,20,41.99,2.0995
96,36,1,16,24.35,1.521875
96,36,2,4,5.89,1.4725
96,36,3,18,26.39,1.4661111111111111
96,36,4,2,1.28,0.64
96,37,0,2,3.17,1.585
96,37,1,11,15.0,1.3636363636363635
96,37,2,15,20.2,1.3466666666666667
96,37,3,19,11.28,0.5936842105263157
96,37,4,3,1.54,0.5133333333333333
96,39,0,4,10.0,2.5
96,39,1,10,18.82,1.8820000000000001
96,39,2,6,11.11,1.8516666666666666
96,39,3,9,9.81,1.09
96,39,4,4,1.45,0.3625
96,40,0,1,1.18,1.18
96,40,1,2,2.17,1.085
96,40,2,6,5.91,0.985
96,40,3,16,8.09,0.505625
96,40,4,2,0.72,0.36
96,41,0,7,9.7,1.3857142857142857
96,41,1,3,3.24,1.08
96,41,2,16,12.52,0.7825
96,41,3,4,1.64,0.41
96,41,4,2,0.45,0.225
96,43,0,10,14.47,1.447
96,43,1,18,15.97,0.8872222222222222
96,43,2,10,3.45,0.34500000000000003
96,43,3,9,2.1,0.23333333333333334
96,43,4,16,1.09,0.068125
96,46,0,9,12.65,1.4055555555555557
96,46,1,8,10.21,1.27625
96,46,2,7,8.47,1.2100000000000002
96,46,3,13,11.18,0.86
96,46,4,2,1.39,0.695
96,50,0,12,71.58,5.965
96,50,1,2,11.13,5.565
96,50,2,20,99.16,4.958
96,50,3,4,10.41,2.6025
96,50,4,18,10.07,0.5594444444444444
96,52,0,3,10.22,3.4066666666666667
96,52,1,12,36.11,3.0091666666666668
96,52,2,18,34.65,1.9249999999999998
96,52,3,17,32.29,1.8994117647058824
96,52,4,15,10.31,0.6873333333333334
96,53,0,5,40.38,8.076
96,53,1,18,115.23,6.401666666666667
96,53,2,13,82.5,6.346153846153846
96,53,3,17,97.69,5.746470588235294
96,53,4,1,1.37,1.37
96,54,0,15,32.22,2.148
96,54,1,3,6.15,2.0500000000000003
96,54,2,16,20.73,1.295625
96,54,3,13,4.4,0.3384615384615385
96,54,4,7,1.06,0.15142857142857144
96,55,0,12,41.14,3.4283333333333332
96,55,1,7,20.68,2.954285714285714
96,55,2,17,36.78,2.163529411764706
96,55,3,12,23.81,1.9841666666666666
96,55,4,5,5.45,1.09
96,64,0,20,11.97,0.5985
96,64,1,6,2.81,0.4683333333333333
96,64,2,7,1.4,0.19999999999999998
96,64,3,14,2.59,0.185
96,64,4,19,2.26,0.11894736842105262
96,67,0,18,70.25,3.9027777777777777
96,67,1,13,44.05,3.3884615384615384
96,67,2,15,45.64,3.042666666666667
96,67,3,9,18.27,2.03
96,67,4,11,16.57,1.5063636363636363
96,68,0,3,9.85,3.283333333333333
96,68,1,11,32.71,2.9736363636363636
96,68,2,11,26.59,2.4172727272727275
96,68,3,5,8.02,1.6039999999999999
96,68,4,14,10.32,0.7371428571428572
96,70,0,17,10.76,0.6329411764705882
96,70,1,3,0.7,0.2333333333333333
96,70,2,2,0.46,0.23
96,70,3,17,1.35,0.07941176470588236
96,70,4,12,0.81,0.0675
96,71,0,19,133.14,7.007368421052631
96,71,1,1,4.56,4.56
96,71,2,18,62.57,3.476111111111111
96,71,3,18,49.84,2.768888888888889
96,71,4,6,4.98,0.8300000000000001
96,72,0,17,13.66,0.8035294117647059
96,72,1,11,2.79,0.25363636363636366
96,72,2,7,1.22,0.1742857142857143
96,72,3,17,2.24,0.13176470588235295
96,72,4,20,0.81,0.0405
96,74,0,20,16.49,0.8244999999999999
96,74,1,12,9.52,0.7933333333333333
96,74,2,2,1.41,0.705
96,74,3,2,1.21,0.605
96,74,4,11,0.89,0.08090909090909092
96,75,0,11,12.23,1.1118181818181818
96,75,1,14,13.47,0.9621428571428572
96,75,2,8,7.25,0.90625
96,75,3,13,8.58,0.66
96,75,4,19,11.36,0.5978947368421053
96,77,0,9,12.95,1.4388888888888889
96,77,1,7,6.71,0.9585714285714285
96,77,2,13,10.73,0.8253846153846154
96,77,3,11,5.39,0.49
96,77,4,14,3.63,0.2592857142857143
96,80,0,20,69.0,3.45
96,80,1,17,56.01,3.294705882352941
96,80,2,16,44.41,2.775625
96,80,3,16,24.44,1.5275
96,80,4,18,12.46,0.6922222222222223
96,83,0,7,44.19,6.312857142857142
96,83,1,5,23.74,4.747999999999999
96,83,2,19,30.99,1.6310526315789473
96,83,3,16,11.84,0.74
96,83,4,14,3.96,0.28285714285714286
96,85,0,11,122.93,11.175454545454546
96,85,1,9,97.63,10.847777777777777
96,85,2,18,176.07,9.781666666666666
96,85,3,13,90.98,6.998461538461539
96,85,4,15,65.26,4.350666666666667
96,89,0,17,129.86,7.6388235294117655
96,89,1,19,138.03,7.264736842105263
96,89,2,13,69.05,5.311538461538461
96,89,3,12,50.02,4.168333333333334
96,89,4,20,22.31,1.1155
96,90,0,15,18.95,1.2633333333333332
96,90,1,3,3.31,1.1033333333333333
96,90,2,1,1.04,1.04
96,90,3,16,4.91,0.306875
96,90,4,7,2.08,0.29714285714285715
96,95,0,20,26.84,1.342
96,95,1,18,14.05,0.7805555555555556
96,95,2,18,8.44,0.46888888888888886
96,95,3,20,5.89,0.2945
96,95,4,14,3.94,0.2814285714285714
96,97,0,18,71.47,3.9705555555555554
96,97,1,16,51.45,3.215625
96,97,2,20,20.77,1.0385
96,97,3,12,7.67,0.6391666666666667
96,97,4,19,5.2,0.2736842105263158
97,4,0,17,45.22,2.66
97,4,1,17,38.04,2.2376470588235295
97,4,2,10,19.1,1.9100000000000001
97,4,3,20,35.43,1.7715
97,4,4,18,20.34,1.13
97,5,0,15,31.08,2.072
97,5,1,19,39.27,2.066842105263158
97,5,2,9,14.7,1.6333333333333333
97,5,3,7,6.69,0.9557142857142857
97,5,4,4,1.16,0.29
97,6,0,7,34.59,4.941428571428572
97,6,1,10,30.79,3.0789999999999997
97,6,2,15,39.9,2.6599999999999997
97,6,3,11,9.0,0.8181818181818182
97,6,4,9,6.71,0.7455555555555555
97,7,0,15,133.81,8.920666666666667
97,7,1,12,102.62,8.551666666666668
97,7,2,19,160.93,8.47
97,7,3,3,13.63,4.543333333333334
97,7,4,17,36.9,2.1705882352941175
97,8,0,14,60.51,4.322142857142857
97,8,1,18,62.86,3.4922222222222223
97,8,2,9,31.06,3.451111111111111
97,8,3,3,8.01,2.67
97,8,4,5,8.77,1.754
97,9,0,16,51.61,3.225625
97,9,1,18,31.97,1.776111111111111
97,9,2,3,4.8,1.5999999999999999
97,9,3,2,1.43,0.715
97,9,4,1,0.33,0.33
97,11,0,16,71.39,4.461875
97,11,1,12,52.38,4.365
97,11,2,6,24.89,4.148333333333333
97,11,3,15,57.47,3.8313333333333333
97,11,4,14,40.45,2.8892857142857147
97,12,0,8,23.37,2.92125
97,12,1,17,36.32,2.1364705882352943
97,12,2,3,4.02,1.3399999999999999
97,12,3,18,15.56,0.8644444444444445
97,12,4,11,5.16,0.4690909090909091
97,15,0,10,46.06,4.606
97,15,1,11,26.2,2.381818181818182
97,15,2,15,28.41,1.894
97,15,3,20,20.2,1.01
97,15,4,3,2.62,0.8733333333333334
97,17,0,16,54.58,3.41125
97,17,1,13,31.25,2.4038461538461537
97,17,2,6,10.32,1.72
97,17,3,1,0.33,0.33
97,17,4,19,3.41,0.1794736842105263
97,18,0,8,20.56,2.57
97,18,1,1,2.5,2.5
97,18,2,14,25.12,1.7942857142857143
97,18,3,2,1.96,0.98
97,18,4,5,3.1,0.62
97,19,0,7,20.02,2.86
97,19,1,4,8.81,2.2025
97,19,2,18,34.96,1.9422222222222223
97,19,3,2,2.22,1.11
97,19,4,6,3.51,0.585
97,27,0,18,87.12,4.84
97,27,1,15,44.57,2.9713333333333334
97,27,2,12,24.93,2.0775
97,27,3,5,7.55,1.51
97,27,4,19,12.35,0.65
97,28,0,10,42.94,4.294
97,28,1,16,63.03,3.939375
97,28,2,10,36.84,3.684
97,28,3,18,22.25,1.2361111111111112
97,28,4,12,7.85,0.6541666666666667
97,30,0,20,124.5,6.225
97,30,1,3,14.43,4.81
97,30,2,3,12.57,4.19
97,30,3,15,56.69,3.779333333333333
97,30,4,4,3.24,0.81
97,35,0,8,35.64,4.455
97,35,1,12,24.13,2.0108333333333333
97,35,2,9,14.93,1.6588888888888889
97,35,3,15,22.39,1.4926666666666668
97,35,4,17,5.96,0.35058823529411764
97,36,0,13,52.99,4.076153846153846
97,36,1,20,58.54,2.927
97,36,2,10,28.54,2.854
97,36,3,9,19.37,2.1522222222222225
97,36,4,8,3.67,0.45875
97,37,0,15,47.69,3.179333333333333
97,37,1,10,29.88,2.988
97,37,2,4,3.06,0.765
97,37,3,12,4.26,0.355
97,37,4,6,2.11,0.3516666666666666
97,39,0,19,109.73,5.775263157894737
97,39,1,15,84.4,5.626666666666667
97,39,2,20,68.38,3.4189999999999996
97,39,3,16,32.7,2.04375
97,39,4,17,26.34,1.5494117647058823
97,40,0,14,28.58,2.0414285714285714
97,40,1,20,38.36,1.918
97,40,2,20,16.07,0.8035
97,40,3,18,12.79,0.7105555555555555
97,40,4,7,1.65,0.2357142857142857
97,41,0,3,6.51,2.17
97,41,1,17,29.06,1.7094117647058822
97,41,2,6,8.33,1.3883333333333334
97,41,3,4,5.14,1.285
97,41,4,2,1.95,0.975
97,43,0,6,30.15,5.0249999999999995
97,43,1,9,37.84,4.204444444444444
97,43,2,16,45.69,2.855625
97,43,3,15,41.36,2.7573333333333334
97,43,4,15,35.5,2.3666666666666667
97,46,0,5,13.66,2.732
97,46,1,6,11.55,1.925
97,46,2,17,24.62,1.448235294117647
97,46,3,7,5.44,0.7771428571428572
97,46,4,4,2.47,0.6175
97,50,0,20,209.32,10.466
97,50,1,3,22.38,7.46
97,50,2,15,46.85,3.1233333333333335
97,50,3,6,13.0,2.1666666666666665
97,50,4,18,23.51,1.3061111111111112
97,52,0,5,21.05,4.21
97,52,1,16,55.56,3.4725
97,52,2,14,21.44,1.5314285714285716
97,52,3,10,7.68,0.768
97,52,4,4,2.97,0.7425
97,53,0,9,84.38,9.375555555555556
97,53,1,1,7.67,7.67
97,53,2,10,37.4,3.7399999999999998
97,53,3,1,2.26,2.26
97,53,4,20,42.62,2.131
97,54,0,5,20.22,4.044
97,54,1,12,39.15,3.2624999999999997
97,54,2,5,15.3,3.06
97,54,3,1,2.66,2.66
97,54,4,14,12.97,0.9264285714285715
97,55,0,20,123.35,6.1674999999999995
97,55,1,11,57.06,5.1872727272727275
97,55,2,12,45.77,3.814166666666667
97,55,3,1,1.75,1.75
97,55,4,15,10.59,0.706
97,64,0,17,43.3,2.5470588235294116
97,64,1,14,19.42,1.3871428571428572
97,64,2,16,17.92,1.12
97,64,3,3,2.29,0.7633333333333333
97,64,4,13,8.3,0.6384615384615385
97,67,0,20,117.32,5.866
97,67,1,14,33.27,2.376428571428572
97,67,2,20,41.95,2.0975
97,67,3,14,20.62,1.4728571428571429
97,67,4,14,19.91,1.4221428571428572
97,68,0,10,6.6,0.6599999999999999
97,68,1,8,5.26,0.6575
97,68,2,13,3.15,0.2423076923076923
97,68,3,14,3.35,0.2392857142857143
97,68,4,19,2.99,0.1573684210526316
97,70,0,8,20.51,2.56375
97,70,1,15,33.68,2.2453333333333334
97,70,2,1,1.38,1.38
97,70,3,10,12.38,1.238
97,70,4,12,11.02,0.9183333333333333
97,71,0,9,84.45,9.383333333333333
97,71,1,9,52.41,5.823333333333333
97,71,2,15,64.25,4.283333333333333
97,71,3,20,72.75,3.6375
97,71,4,3,9.1,3.033333333333333
97,72,0,18,70.81,3.933888888888889
97,72,1,13,33.54,2.58
97,72,2,14,26.67,1.905
97,72,3,20,37.8,1.89
97,72,4,20,26.98,1.349
97,74,0,9,23.51,2.6122222222222224
97,74,1,13,32.12,2.4707692307692306
97,74,2,16,37.32,2.3325
97,74,3,10,11.4,1.1400000000000001
97,74,4,15,15.04,1.0026666666666666
97,75,0,5,15.58,3.116
97,75,1,15,37.95,2.5300000000000002
97,75,2,15,37.83,2.522
97,75,3,10,21.77,2.177
97,75,4,7,6.71,0.9585714285714285
97,77,0,13,70.27,5.405384615384615
97,77,1,14,69.19,4.942142857142857
97,77,2,3,14.57,4.8566666666666665
97,77,3,10,9.54,0.954
97,77,4,6,3.68,0.6133333333333334
97,80,0,12,56.69,4.724166666666666
97,80,1,3,10.97,3.6566666666666667
97,80,2,6,18.04,3.0066666666666664
97,80,3,8,9.68,1.21
97,80,4,4,4.81,1.2025
97,83,0,3,16.3,5.433333333333334
97,83,1,4,16.2,4.05
97,83,2,14,25.42,1.8157142857142858
97,83,3,12,21.23,1.7691666666666668
97,83,4,5,6.39,1.278
97,85,0,13,125.16,9.627692307692307
97,85,1,18,169.49,9.416111111111112
97,85,2,19,109.75,5.776315789473684
97,85,3,19,104.29,5.488947368421053
97,85,4,10,41.61,4.161
97,89,0,10,104.77,10.477
97,89,1,10,63.5,6.35
97,89,2,12,67.69,5.640833333333333
97,89,3,3,6.47,2.1566666666666667
97,89,4,2,2.2,1.1
97,90,0,19,105.72,5.564210526315789
97,90,1,8,36.15,4.51875
97,90,2,11,33.04,3.0036363636363634
97,90,3,4,7.14,1.785
97,90,4,12,21.4,1.7833333333333332
97,95,0,19,107.8,5.673684210526315
97,95,1,10,56.25,5.625
97,95,2,16,68.92,4.3075
97,95,3,17,58.69,3.4523529411764704
97,95,4,16,52.38,3.27375
97,96,0,11,46.47,4.224545454545455
97,96,1,4,15.91,3.9775
97,96,2,5,17.0,3.4
97,96,3,10,31.98,3.198
97,96,4,19,42.92,2.258947368421053
