fromnode,tonode,clientID,a,budget,clientRatio
2,3,0,8,56.92,7.115
2,3,1,8,27.5,3.4375
2,3,2,17,35.61,2.094705882352941
2,3,3,13,18.22,1.4015384615384614
2,3,4,2,2.12,1.06
2,5,0,8,43.41,5.42625
2,5,1,1,3.39,3.39
2,5,2,15,43.93,2.9286666666666665
2,5,3,19,30.12,1.585263157894737
2,5,4,13,11.56,0.8892307692307693
2,8,0,16,121.04,7.565
2,8,1,13,80.0,6.153846153846154
2,8,2,9,40.53,4.503333333333334
2,8,3,3,10.29,3.4299999999999997
2,8,4,9,10.02,1.1133333333333333
2,10,0,17,62.56,3.68
2,10,1,19,63.03,3.3173684210526315
2,10,2,3,6.31,2.103333333333333
2,10,3,2,2.97,1.485
2,10,4,13,7.58,0.583076923076923
2,11,0,19,144.64,7.612631578947368
2,11,1,2,8.75,4.375
2,11,2,19,78.06,4.108421052631579
2,11,3,7,10.97,1.5671428571428572
2,11,4,20,17.5,0.875
2,12,0,11,44.69,4.0627272727272725
2,12,1,10,32.72,3.272
2,12,2,16,47.66,2.97875
2,12,3,14,13.51,0.965
2,12,4,20,15.22,0.761
2,14,0,17,144.91,8.524117647058823
2,14,1,17,106.05,6.238235294117647
2,14,2,12,61.11,5.0925
2,14,3,7,21.9,3.1285714285714286
2,14,4,18,42.04,2.3355555555555556
2,16,0,8,55.72,6.965
2,16,1,9,27.63,3.07
2,16,2,10,28.23,2.823
2,16,3,14,22.27,1.5907142857142857
2,16,4,9,4.97,0.5522222222222222
2,17,0,1,5.64,5.64
2,17,1,13,33.57,2.582307692307692
2,17,2,6,13.81,2.3016666666666667
2,17,3,1,1.64,1.64
2,17,4,13,13.83,1.0638461538461539
2,24,0,6,25.56,4.26
2,24,1,19,64.63,3.401578947368421
2,24,2,3,6.91,2.3033333333333332
2,24,3,8,10.08,1.26
2,24,4,14,11.89,0.8492857142857143
2,26,0,5,18.0,3.6
2,26,1,4,11.36,2.84
2,26,2,17,31.74,1.8670588235294117
2,26,3,17,24.07,1.4158823529411766
2,26,4,4,1.07,0.2675
2,29,0,10,6.4,0.64
2,29,1,5,3.11,0.622
2,29,2,3,1.13,0.37666666666666665
2,29,3,19,5.02,0.26421052631578945
2,29,4,12,0.87,0.0725
2,31,0,11,72.48,6.58909090909091
2,31,1,16,26.24,1.64
2,31,2,19,26.44,1.391578947368421
2,31,3,15,15.89,1.0593333333333335
2,31,4,20,9.74,0.487
2,33,0,16,14.61,0.913125
2,33,1,15,11.07,0.738
2,33,2,7,4.85,0.6928571428571428
2,33,3,4,2.66,0.665
2,33,4,5,2.26,0.45199999999999996
2,34,0,3,16.4,5.466666666666666
2,34,1,16,69.94,4.37125
2,34,2,15,60.22,4.014666666666667
2,34,3,12,43.06,3.5883333333333334
2,34,4,2,3.45,1.725
2,39,0,7,32.28,4.611428571428571
2,39,1,1,4.19,4.19
2,39,2,20,78.57,3.9284999999999997
2,39,3,14,47.96,3.4257142857142857
2,39,4,15,13.81,0.9206666666666667
2,47,0,13,72.75,5.596153846153846
2,47,1,20,77.54,3.8770000000000002
2,47,2,8,20.84,2.605
2,47,3,19,32.8,1.726315789473684
2,47,4,7,2.41,0.3442857142857143
2,48,0,14,49.28,3.52
2,48,1,3,8.14,2.7133333333333334
2,48,2,20,23.37,1.1685
2,48,3,13,11.92,0.916923076923077
2,48,4,10,4.19,0.41900000000000004
2,49,0,12,62.26,5.1883333333333335
2,49,1,12,60.54,5.045
2,49,2,10,42.38,4.238
2,49,3,11,37.53,3.411818181818182
2,49,4,4,5.81,1.4525
2,51,0,17,98.77,5.81
2,51,1,19,100.34,5.281052631578947
2,51,2,13,50.58,3.8907692307692305
2,51,3,12,29.97,2.4975
2,51,4,10,14.67,1.467
2,52,0,12,40.54,3.3783333333333334
2,52,1,20,49.1,2.455
2,52,2,17,36.55,2.15
2,52,3,3,3.65,1.2166666666666666
2,52,4,14,13.03,0.9307142857142857
2,53,0,9,29.6,3.288888888888889
2,53,1,9,29.54,3.282222222222222
2,53,2,9,24.3,2.7
2,53,3,4,8.51,2.1275
2,53,4,3,5.17,1.7233333333333334
2,58,0,8,44.13,5.51625
2,58,1,17,73.47,4.3217647058823525
2,58,2,17,28.89,1.6994117647058824
2,58,3,14,21.94,1.5671428571428572
2,58,4,8,12.09,1.51125
2,60,0,4,17.75,4.4375
2,60,1,6,26.2,4.366666666666666
2,60,2,20,60.25,3.0125
2,60,3,7,15.24,2.177142857142857
2,60,4,13,8.7,0.6692307692307692
2,62,0,14,72.54,5.1814285714285715
2,62,1,15,73.54,4.902666666666667
2,62,2,7,27.4,3.914285714285714
2,62,3,3,2.22,0.7400000000000001
2,62,4,5,1.72,0.344
2,63,0,10,47.06,4.706
2,63,1,12,52.96,4.413333333333333
2,63,2,2,8.54,4.27
2,63,3,3,5.28,1.76
2,63,4,3,2.45,0.8166666666666668
2,64,0,12,108.37,9.030833333333334
2,64,1,3,23.54,7.846666666666667
2,64,2,3,22.38,7.46
2,64,3,2,11.18,5.59
2,64,4,11,25.3,2.3000000000000003
2,66,0,12,29.58,2.465
2,66,1,4,9.36,2.34
2,66,2,3,4.12,1.3733333333333333
2,66,3,20,19.04,0.952
2,66,4,6,2.91,0.48500000000000004
2,73,0,6,12.11,2.018333333333333
2,73,1,13,13.2,1.0153846153846153
2,73,2,7,5.62,0.8028571428571428
2,73,3,3,2.26,0.7533333333333333
2,73,4,8,5.28,0.66
2,78,0,10,50.09,5.009
2,78,1,6,28.21,4.701666666666667
2,78,2,18,66.51,3.6950000000000003
2,78,3,17,48.0,2.823529411764706
2,78,4,2,1.07,0.535
2,81,0,3,12.81,4.2700000000000005
2,81,1,19,59.33,3.1226315789473684
2,81,2,7,12.93,1.8471428571428572
2,81,3,5,5.49,1.098
2,81,4,6,4.36,0.7266666666666667
2,82,0,12,20.79,1.7325
2,82,1,15,22.22,1.4813333333333332
2,82,2,14,20.5,1.4642857142857142
2,82,3,20,15.54,0.7769999999999999
2,82,4,15,3.63,0.242
2,83,0,16,42.5,2.65625
2,83,1,16,40.84,2.5525
2,83,2,9,18.96,2.106666666666667
2,83,3,9,14.23,1.5811111111111111
2,83,4,17,11.37,0.6688235294117647
2,84,0,13,31.73,2.440769230769231
2,84,1,16,33.29,2.080625
2,84,2,7,12.9,1.842857142857143
2,84,3,17,29.53,1.7370588235294118
2,84,4,17,16.98,0.9988235294117648
2,87,0,1,2.41,2.41
2,87,1,12,23.87,1.9891666666666667
2,87,2,10,14.11,1.411
2,87,3,4,4.83,1.2075
2,87,4,2,0.56,0.28
2,90,0,5,35.99,7.198
2,90,1,5,33.42,6.684
2,90,2,14,70.02,5.001428571428571
2,90,3,6,24.3,4.05
2,90,4,1,1.0,1.0
2,95,0,12,103.99,8.665833333333333
2,95,1,19,161.33,8.491052631578947
2,95,2,20,127.75,6.3875
2,95,3,4,13.98,3.495
2,95,4,17,11.65,0.6852941176470588
2,97,0,16,113.57,7.098125
2,97,1,11,61.04,5.549090909090909
2,97,2,8,33.27,4.15875
2,97,3,19,59.12,3.1115789473684208
2,97,4,12,14.24,1.1866666666666668
2,99,0,12,67.32,5.609999999999999
2,99,1,2,10.95,5.475
2,99,2,8,31.14,3.8925
2,99,3,14,41.15,2.939285714285714
2,99,4,11,7.96,0.7236363636363636
3,2,0,1,6.88,6.88
3,2,1,5,28.73,5.746
3,2,2,10,52.2,5.220000000000001
3,2,3,16,54.47,3.404375
3,2,4,18,32.25,1.7916666666666667
3,5,0,3,4.81,1.6033333333333333
3,5,1,9,13.24,1.471111111111111
3,5,2,16,23.2,1.45
3,5,3,15,17.03,1.1353333333333333
3,5,4,10,9.83,0.983
3,8,0,19,11.17,0.5878947368421052
3,8,1,20,8.23,0.41150000000000003
3,8,2,12,3.57,0.2975
3,8,3,4,0.94,0.235
3,8,4,13,1.85,0.1423076923076923
3,10,0,17,90.27,5.31
3,10,1,6,30.34,5.056666666666667
3,10,2,17,78.38,4.610588235294117
3,10,3,3,10.86,3.6199999999999997
3,10,4,10,15.92,1.592
3,11,0,1,0.59,0.59
3,11,1,7,4.02,0.5742857142857142
3,11,2,7,1.44,0.2057142857142857
3,11,3,13,2.21,0.16999999999999998
3,11,4,1,0.05,0.05
3,12,0,1,2.96,2.96
3,12,1,3,5.2,1.7333333333333334
3,12,2,7,9.87,1.41
3,12,3,19,24.85,1.3078947368421054
3,12,4,10,2.0,0.2
3,14,0,14,11.46,0.8185714285714286
3,14,1,1,0.79,0.79
3,14,2,4,1.93,0.4825
3,14,3,14,6.63,0.4735714285714286
3,14,4,7,3.16,0.45142857142857146
3,16,0,7,20.53,2.932857142857143
3,16,1,12,33.34,2.7783333333333338
3,16,2,14,27.79,1.9849999999999999
3,16,3,9,11.55,1.2833333333333334
3,16,4,3,1.6,0.5333333333333333
3,17,0,13,19.74,1.5184615384615383
3,17,1,16,9.97,0.623125
3,17,2,10,5.33,0.533
3,17,3,6,2.8,0.4666666666666666
3,17,4,10,1.85,0.185
3,24,0,7,13.99,1.9985714285714287
3,24,1,1,1.2,1.2
3,24,2,17,14.52,0.8541176470588235
3,24,3,7,4.33,0.6185714285714285
3,24,4,16,8.48,0.53
3,26,0,15,100.81,6.720666666666667
3,26,1,17,108.69,6.393529411764706
3,26,2,18,96.35,5.352777777777778
3,26,3,3,10.55,3.516666666666667
3,26,4,11,22.77,2.07
3,29,0,12,58.9,4.908333333333333
3,29,1,11,53.4,4.8545454545454545
3,29,2,6,26.66,4.443333333333333
3,29,3,4,7.83,1.9575
3,29,4,20,30.87,1.5435
3,31,0,20,38.48,1.924
3,31,1,19,31.03,1.6331578947368421
3,31,2,11,16.06,1.46
3,31,3,3,2.92,0.9733333333333333
3,31,4,8,7.48,0.935
3,33,0,13,100.23,7.71
3,33,1,8,53.29,6.66125
3,33,2,11,42.41,3.855454545454545
3,33,3,19,30.35,1.5973684210526315
3,33,4,10,14.01,1.401
3,34,0,18,17.35,0.963888888888889
3,34,1,13,11.9,0.9153846153846155
3,34,2,1,0.67,0.67
3,34,3,15,8.64,0.5760000000000001
3,34,4,7,0.52,0.07428571428571429
3,39,0,1,2.57,2.57
3,39,1,16,38.28,2.3925
3,39,2,20,38.01,1.9004999999999999
3,39,3,4,6.81,1.7025
3,39,4,11,11.88,1.08
3,47,0,8,20.34,2.5425
3,47,1,15,18.0,1.2
3,47,2,3,1.15,0.3833333333333333
3,47,3,4,1.45,0.3625
3,47,4,18,4.75,0.2638888888888889
3,48,0,11,52.1,4.736363636363636
3,48,1,16,61.02,3.81375
3,48,2,9,29.57,3.285555555555556
3,48,3,12,25.07,2.089166666666667
3,48,4,20,19.59,0.9795
3,49,0,18,50.55,2.808333333333333
3,49,1,8,20.24,2.53
3,49,2,15,25.78,1.7186666666666668
3,49,3,2,3.05,1.525
3,49,4,2,2.85,1.425
3,51,0,6,15.44,2.5733333333333333
3,51,1,19,46.03,2.4226315789473687
3,51,2,17,36.24,2.131764705882353
3,51,3,17,29.52,1.736470588235294
3,51,4,15,21.27,1.418
3,52,0,6,27.71,4.618333333333333
3,52,1,13,41.75,3.2115384615384617
3,52,2,10,29.34,2.934
3,52,3,15,43.13,2.8753333333333333
3,52,4,10,9.69,0.969
3,53,0,20,227.52,11.376000000000001
3,53,1,3,32.61,10.87
3,53,2,18,179.57,9.976111111111111
3,53,3,2,16.43,8.215
3,53,4,12,54.03,4.5025
3,58,0,3,6.61,2.2033333333333336
3,58,1,7,11.54,1.6485714285714284
3,58,2,16,24.4,1.525
3,58,3,13,5.91,0.45461538461538464
3,58,4,10,3.49,0.34900000000000003
3,60,0,8,28.51,3.56375
3,60,1,16,27.78,1.73625
3,60,2,15,20.84,1.3893333333333333
3,60,3,4,4.26,1.065
3,60,4,13,4.42,0.33999999999999997
3,62,0,17,31.2,1.8352941176470587
3,62,1,4,6.38,1.595
3,62,2,12,13.67,1.1391666666666667
3,62,3,12,11.69,0.9741666666666666
3,62,4,19,5.07,0.26684210526315794
3,63,0,16,39.77,2.485625
3,63,1,5,11.5,2.3
3,63,2,4,3.13,0.7825
3,63,3,15,11.37,0.7579999999999999
3,63,4,5,1.85,0.37
3,64,0,14,4.53,0.32357142857142857
3,64,1,3,0.84,0.27999999999999997
3,64,2,11,2.89,0.26272727272727275
3,64,3,14,3.29,0.23500000000000001
3,64,4,13,2.46,0.18923076923076923
3,66,0,11,68.23,6.202727272727273
3,66,1,9,35.26,3.9177777777777774
3,66,2,8,23.47,2.93375
3,66,3,5,7.66,1.532
3,66,4,17,4.4,0.25882352941176473
3,73,0,14,156.86,11.204285714285716
3,73,1,18,178.76,9.931111111111111
3,73,2,6,37.39,6.2316666666666665
3,73,3,10,20.29,2.029
3,73,4,12,17.52,1.46
3,78,0,13,42.86,3.296923076923077
3,78,1,6,14.16,2.36
3,78,2,16,18.17,1.135625
3,78,3,5,4.52,0.9039999999999999
3,78,4,19,9.74,0.5126315789473684
3,81,0,16,147.77,9.235625
3,81,1,15,134.97,8.998
3,81,2,16,91.31,5.706875
3,81,3,18,92.32,5.128888888888889
3,81,4,3,15.29,5.096666666666667
3,82,0,2,17.38,8.69
3,82,1,10,86.26,8.626000000000001
3,82,2,19,124.97,6.577368421052632
3,82,3,1,5.5,5.5
3,82,4,20,73.81,3.6905
3,83,0,9,67.6,7.51111111111111
3,83,1,6,28.86,4.81
3,83,2,18,68.76,3.8200000000000003
3,83,3,12,7.18,0.5983333333333333
3,83,4,14,5.49,0.3921428571428572
3,84,0,12,120.43,10.035833333333334
3,84,1,8,77.81,9.72625
3,84,2,2,17.3,8.65
3,84,3,2,12.35,6.175
3,84,4,4,16.33,4.0825
3,87,0,12,56.58,4.715
3,87,1,7,21.57,3.0814285714285714
3,87,2,18,40.35,2.2416666666666667
3,87,3,3,4.75,1.5833333333333333
3,87,4,9,7.03,0.7811111111111111
3,90,0,2,1.62,0.81
3,90,1,14,4.16,0.29714285714285715
3,90,2,17,4.37,0.2570588235294118
3,90,3,1,0.13,0.13
3,90,4,14,0.83,0.05928571428571428
3,95,0,9,5.74,0.6377777777777778
3,95,1,12,5.49,0.4575
3,95,2,20,5.99,0.2995
3,95,3,17,2.88,0.16941176470588235
3,95,4,10,1.66,0.16599999999999998
3,97,0,10,44.54,4.454
3,97,1,20,62.55,3.1275
3,97,2,10,28.53,2.853
3,97,3,1,2.73,2.73
3,97,4,20,23.87,1.1935
3,99,0,17,18.15,1.0676470588235294
3,99,1,15,15.26,1.0173333333333334
3,99,2,5,4.91,0.982
3,99,3,5,2.63,0.526
3,99,4,9,4.64,0.5155555555555555
5,2,0,15,105.13,7.008666666666667
5,2,1,8,43.31,5.41375
5,2,2,10,51.12,5.112
5,2,3,5,13.74,2.748
5,2,4,18,44.07,2.4483333333333333
5,3,0,11,30.24,2.749090909090909
5,3,1,1,2.7,2.7
5,3,2,19,45.25,2.3815789473684212
5,3,3,3,5.1,1.7
5,3,4,4,3.74,0.935
5,8,0,13,31.77,2.443846153846154
5,8,1,5,10.13,2.0260000000000002
5,8,2,1,1.75,1.75
5,8,3,1,1.49,1.49
5,8,4,19,25.99,1.3678947368421053
5,10,0,18,62.18,3.4544444444444444
5,10,1,11,34.72,3.1563636363636363
5,10,2,8,23.42,2.9275
5,10,3,18,39.18,2.1766666666666667
5,10,4,18,5.94,0.33
5,11,0,4,11.73,2.9325
5,11,1,17,35.23,2.0723529411764705
5,11,2,14,24.77,1.7692857142857144
5,11,3,7,12.35,1.7642857142857142
5,11,4,10,14.85,1.4849999999999999
5,12,0,18,20.87,1.1594444444444445
5,12,1,7,7.87,1.1242857142857143
5,12,2,20,18.84,0.942
5,12,3,16,12.5,0.78125
5,12,4,17,8.24,0.4847058823529412
5,14,0,9,18.53,2.058888888888889
5,14,1,14,17.47,1.2478571428571428
5,14,2,10,9.67,0.967
5,14,3,18,12.62,0.701111111111111
5,14,4,17,3.1,0.1823529411764706
5,16,0,12,6.7,0.5583333333333333
5,16,1,19,10.08,0.5305263157894737
5,16,2,16,5.92,0.37
5,16,3,13,4.18,0.3215384615384615
5,16,4,16,3.34,0.20875
5,17,0,7,10.0,1.4285714285714286
5,17,1,6,7.94,1.3233333333333335
5,17,2,13,13.22,1.016923076923077
5,17,3,8,8.06,1.0075
5,17,4,4,1.11,0.2775
5,24,0,5,1.1,0.22000000000000003
5,24,1,4,0.79,0.1975
5,24,2,17,2.94,0.17294117647058824
5,24,3,3,0.37,0.12333333333333334
5,24,4,9,0.91,0.10111111111111111
5,26,0,4,15.08,3.77
5,26,1,5,16.82,3.364
5,26,2,2,6.57,3.285
5,26,3,12,18.89,1.5741666666666667
5,26,4,9,7.73,0.8588888888888889
5,29,0,6,30.81,5.135
5,29,1,15,49.33,3.2886666666666664
5,29,2,12,34.5,2.875
5,29,3,19,12.54,0.6599999999999999
5,29,4,1,0.42,0.42
5,31,0,9,26.93,2.9922222222222223
5,31,1,18,24.25,1.3472222222222223
5,31,2,2,2.39,1.195
5,31,3,15,16.84,1.1226666666666667
5,31,4,3,1.04,0.3466666666666667
5,33,0,10,59.24,5.924
5,33,1,9,27.74,3.082222222222222
5,33,2,17,51.88,3.051764705882353
5,33,3,15,34.35,2.29
5,33,4,11,17.61,1.6009090909090908
5,34,0,2,4.05,2.025
5,34,1,20,37.25,1.8625
5,34,2,8,13.76,1.72
5,34,3,3,4.54,1.5133333333333334
5,34,4,1,0.15,0.15
5,39,0,6,19.54,3.2566666666666664
5,39,1,16,47.49,2.968125
5,39,2,3,8.3,2.766666666666667
5,39,3,2,3.9,1.95
5,39,4,18,17.81,0.9894444444444443
5,47,0,12,6.42,0.535
5,47,1,10,4.95,0.495
5,47,2,8,2.21,0.27625
5,47,3,3,0.79,0.26333333333333336
5,47,4,12,1.43,0.11916666666666666
5,48,0,18,65.85,3.658333333333333
5,48,1,14,41.57,2.9692857142857143
5,48,2,4,7.38,1.845
5,48,3,4,2.79,0.6975
5,48,4,10,3.5,0.35
5,49,0,11,9.57,0.87
5,49,1,12,9.83,0.8191666666666667
5,49,2,16,8.67,0.541875
5,49,3,13,6.74,0.5184615384615385
5,49,4,13,4.87,0.37461538461538463
5,51,0,18,29.37,1.6316666666666668
5,51,1,1,1.33,1.33
5,51,2,10,8.75,0.875
5,51,3,11,8.65,0.7863636363636364
5,51,4,3,1.56,0.52
5,52,0,2,5.25,2.625
5,52,1,2,4.81,2.405
5,52,2,4,7.43,1.8575
5,52,3,7,11.34,1.6199999999999999
5,52,4,15,14.41,0.9606666666666667
5,53,0,5,45.4,9.08
5,53,1,15,58.76,3.917333333333333
5,53,2,11,37.89,3.444545454545455
5,53,3,9,30.0,3.3333333333333335
5,53,4,3,9.88,3.2933333333333334
5,58,0,6,21.44,3.5733333333333337
5,58,1,8,20.69,2.58625
5,58,2,18,16.36,0.9088888888888889
5,58,3,10,2.48,0.248
5,58,4,4,0.84,0.21
5,60,0,6,11.43,1.905
5,60,1,5,8.56,1.7120000000000002
5,60,2,8,11.46,1.4325
5,60,3,9,8.93,0.9922222222222222
5,60,4,20,5.57,0.2785
5,62,0,14,16.15,1.1535714285714285
5,62,1,6,6.17,1.0283333333333333
5,62,2,10,7.11,0.7110000000000001
5,62,3,5,3.14,0.628
5,62,4,15,3.55,0.23666666666666666
5,63,0,6,12.69,2.1149999999999998
5,63,1,14,13.37,0.955
5,63,2,3,2.54,0.8466666666666667
5,63,3,15,6.31,0.42066666666666663
5,63,4,9,3.18,0.35333333333333333
5,64,0,5,12.5,2.5
5,64,1,16,35.02,2.18875
5,64,2,14,17.04,1.217142857142857
5,64,3,19,11.08,0.5831578947368421
5,64,4,17,2.69,0.15823529411764706
5,66,0,11,29.59,2.69
5,66,1,16,38.77,2.423125
5,66,2,13,17.52,1.3476923076923077
5,66,3,15,11.16,0.744
5,66,4,11,2.74,0.2490909090909091
5,73,0,5,36.6,7.32
5,73,1,6,28.72,4.786666666666666
5,73,2,16,53.58,3.34875
5,73,3,6,8.73,1.455
5,73,4,10,9.14,0.914
5,78,0,18,56.11,3.1172222222222223
5,78,1,5,11.69,2.338
5,78,2,9,17.38,1.931111111111111
5,78,3,15,24.5,1.6333333333333333
5,78,4,11,13.16,1.1963636363636363
5,81,0,19,209.68,11.035789473684211
5,81,1,14,147.95,10.567857142857141
5,81,2,6,53.74,8.956666666666667
5,81,3,3,21.21,7.07
5,81,4,3,1.78,0.5933333333333334
5,82,0,14,114.88,8.205714285714285
5,82,1,16,96.56,6.035
5,82,2,7,40.66,5.808571428571428
5,82,3,12,60.63,5.0525
5,82,4,5,12.8,2.56
5,83,0,17,69.65,4.097058823529412
5,83,1,12,29.05,2.4208333333333334
5,83,2,13,30.01,2.308461538461539
5,83,3,1,2.18,2.18
5,83,4,14,16.79,1.1992857142857143
5,84,0,15,118.98,7.932
5,84,1,3,14.15,4.716666666666667
5,84,2,7,25.58,3.654285714285714
5,84,3,17,37.82,2.224705882352941
5,84,4,4,3.26,0.815
5,87,0,9,21.95,2.4388888888888887
5,87,1,17,20.46,1.203529411764706
5,87,2,5,2.88,0.576
5,87,3,6,2.48,0.41333333333333333
5,87,4,15,5.82,0.388
5,90,0,12,41.86,3.4883333333333333
5,90,1,6,18.23,3.0383333333333336
5,90,2,20,54.64,2.732
5,90,3,5,13.5,2.7
5,90,4,5,9.52,1.904
5,95,0,2,6.33,3.165
5,95,1,7,16.12,2.302857142857143
5,95,2,18,25.99,1.4438888888888888
5,95,3,5,7.16,1.432
5,95,4,18,24.9,1.3833333333333333
5,97,0,20,37.01,1.8504999999999998
5,97,1,6,10.8,1.8
5,97,2,5,7.13,1.426
5,97,3,13,15.88,1.2215384615384617
5,97,4,16,13.55,0.846875
5,99,0,13,34.67,2.666923076923077
5,99,1,17,40.24,2.367058823529412
5,99,2,18,35.64,1.98
5,99,3,20,33.72,1.686
5,99,4,12,6.13,0.5108333333333334
8,2,0,14,114.11,8.150714285714285
8,2,1,6,16.24,2.7066666666666666
8,2,2,4,8.21,2.0525
8,2,3,6,8.66,1.4433333333333334
8,2,4,18,23.65,1.3138888888888889
8,3,0,1,0.56,0.56
8,3,1,16,8.84,0.5525
8,3,2,10,3.57,0.357
8,3,3,19,4.02,0.21157894736842103
8,3,4,18,0.87,0.04833333333333333
8,5,0,6,14.47,2.4116666666666666
8,5,1,14,29.07,2.0764285714285715
8,5,2,1,1.69,1.69
8,5,3,4,4.74,1.185
8,5,4,10,7.44,0.744
8,10,0,3,14.58,4.86
8,10,1,13,33.04,2.5415384615384613
8,10,2,20,40.09,2.0045
8,10,3,16,17.67,1.104375
8,10,4,5,2.85,0.5700000000000001
8,11,0,3,2.58,0.86
8,11,1,11,6.36,0.5781818181818182
8,11,2,15,6.75,0.45
8,11,3,8,3.59,0.44875
8,11,4,2,0.37,0.185
8,12,0,2,4.22,2.11
8,12,1,6,11.4,1.9000000000000001
8,12,2,3,5.45,1.8166666666666667
8,12,3,7,9.35,1.3357142857142856
8,12,4,18,8.34,0.4633333333333333
8,14,0,17,16.33,0.9605882352941175
8,14,1,18,16.36,0.9088888888888889
8,14,2,8,5.79,0.72375
8,14,3,10,4.41,0.441
8,14,4,8,2.5,0.3125
8,16,0,20,20.6,1.03
8,16,1,6,5.69,0.9483333333333334
8,16,2,13,7.63,0.5869230769230769
8,16,3,12,5.89,0.4908333333333333
8,16,4,12,3.76,0.3133333333333333
8,17,0,9,11.78,1.3088888888888888
8,17,1,20,20.7,1.035
8,17,2,13,8.07,0.6207692307692307
8,17,3,5,2.54,0.508
8,17,4,3,1.03,0.3433333333333333
8,24,0,9,17.6,1.9555555555555557
8,24,1,4,5.7,1.425
8,24,2,18,23.14,1.2855555555555556
8,24,3,13,14.74,1.133846153846154
8,24,4,20,11.69,0.5845
8,26,0,9,46.54,5.171111111111111
8,26,1,19,67.02,3.5273684210526315
8,26,2,10,21.24,2.1239999999999997
8,26,3,12,16.71,1.3925
8,26,4,13,13.52,1.04
8,29,0,5,37.57,7.514
8,29,1,6,26.52,4.42
8,29,2,1,2.16,2.16
8,29,3,8,11.11,1.38875
8,29,4,10,7.78,0.778
8,31,0,3,3.5,1.1666666666666667
8,31,1,16,17.12,1.07
8,31,2,1,1.04,1.04
8,31,3,11,5.44,0.49454545454545457
8,31,4,13,5.13,0.3946153846153846
8,33,0,1,7.51,7.51
8,33,1,10,55.04,5.504
8,33,2,16,86.91,5.431875
8,33,3,14,60.25,4.303571428571429
8,33,4,5,12.56,2.512
8,34,0,20,22.85,1.1425
8,34,1,10,11.11,1.111
8,34,2,8,8.65,1.08125
8,34,3,18,18.38,1.021111111111111
8,34,4,17,4.33,0.25470588235294117
8,39,0,14,29.24,2.0885714285714285
8,39,1,6,9.94,1.6566666666666665
8,39,2,19,14.51,0.7636842105263157
8,39,3,7,4.03,0.5757142857142857
8,39,4,4,1.23,0.3075
8,47,0,13,42.06,3.2353846153846155
8,47,1,4,8.05,2.0125
8,47,2,17,24.83,1.4605882352941175
8,47,3,8,2.78,0.3475
8,47,4,13,4.32,0.3323076923076923
8,48,0,7,32.91,4.701428571428571
8,48,1,5,11.13,2.226
8,48,2,1,1.77,1.77
8,48,3,2,3.43,1.715
8,48,4,16,23.74,1.48375
8,49,0,9,20.24,2.2488888888888887
8,49,1,11,18.23,1.6572727272727272
8,49,2,18,13.64,0.7577777777777778
8,49,3,10,6.07,0.607
8,49,4,6,1.18,0.19666666666666666
8,51,0,3,6.29,2.0966666666666667
8,51,1,5,9.06,1.812
8,51,2,10,16.66,1.666
8,51,3,7,8.98,1.282857142857143
8,51,4,1,1.14,1.14
8,52,0,3,10.39,3.4633333333333334
8,52,1,3,9.59,3.1966666666666668
8,52,2,15,25.29,1.686
8,52,3,6,6.71,1.1183333333333334
8,52,4,8,5.89,0.73625
8,53,0,1,10.15,10.15
8,53,1,4,40.26,10.065
8,53,2,3,21.76,7.253333333333334
8,53,3,15,107.98,7.198666666666667
8,53,4,2,7.42,3.71
8,58,0,8,17.95,2.24375
8,58,1,15,27.62,1.8413333333333335
8,58,2,15,26.82,1.788
8,58,3,19,20.63,1.0857894736842104
8,58,4,4,1.85,0.4625
8,60,0,14,47.92,3.422857142857143
8,60,1,17,51.67,3.0394117647058825
8,60,2,3,3.77,1.2566666666666666
8,60,3,18,20.02,1.1122222222222222
8,60,4,19,18.1,0.9526315789473685
8,62,0,8,22.26,2.7825
8,62,1,5,13.35,2.67
8,62,2,17,29.43,1.7311764705882353
8,62,3,14,18.41,1.315
8,62,4,4,1.5,0.375
8,63,0,1,4.45,4.45
8,63,1,17,53.27,3.133529411764706
8,63,2,2,6.14,3.07
8,63,3,18,44.84,2.4911111111111115
8,63,4,18,22.83,1.2683333333333333
8,64,0,4,3.53,0.8825
8,64,1,2,1.46,0.73
8,64,2,11,6.41,0.5827272727272728
8,64,3,18,7.07,0.3927777777777778
8,64,4,12,3.85,0.32083333333333336
8,66,0,1,3.1,3.1
8,66,1,5,8.02,1.6039999999999999
8,66,2,17,22.95,1.3499999999999999
8,66,3,3,3.49,1.1633333333333333
8,66,4,18,6.34,0.3522222222222222
8,73,0,2,22.23,11.115
8,73,1,18,153.72,8.54
8,73,2,17,134.46,7.909411764705883
8,73,3,12,78.98,6.581666666666667
8,73,4,13,64.3,4.946153846153846
8,78,0,14,44.15,3.1535714285714285
8,78,1,18,54.93,3.0516666666666667
8,78,2,18,27.92,1.551111111111111
8,78,3,17,21.75,1.2794117647058822
8,78,4,10,10.53,1.053
8,81,0,10,95.65,9.565000000000001
8,81,1,10,91.06,9.106
8,81,2,8,55.57,6.94625
8,81,3,3,18.31,6.103333333333333
8,81,4,15,17.84,1.1893333333333334
8,82,0,13,104.77,8.05923076923077
8,82,1,17,127.95,7.526470588235294
8,82,2,4,29.02,7.255
8,82,3,15,17.27,1.1513333333333333
8,82,4,16,18.29,1.143125
8,83,0,3,20.96,6.986666666666667
8,83,1,7,46.65,6.664285714285714
8,83,2,2,11.01,5.505
8,83,3,17,73.72,4.336470588235294
8,83,4,17,30.64,1.8023529411764707
8,84,0,20,216.27,10.813500000000001
8,84,1,3,13.63,4.543333333333334
8,84,2,5,20.69,4.138
8,84,3,7,27.14,3.8771428571428572
8,84,4,12,34.85,2.904166666666667
8,87,0,9,20.72,2.302222222222222
8,87,1,7,7.95,1.1357142857142857
8,87,2,20,21.7,1.085
8,87,3,9,8.44,0.9377777777777777
8,87,4,1,0.7,0.7
8,90,0,6,6.79,1.1316666666666666
8,90,1,4,4.15,1.0375
8,90,2,20,17.87,0.8935000000000001
8,90,3,1,0.49,0.49
8,90,4,15,5.81,0.3873333333333333
8,95,0,10,12.76,1.276
8,95,1,17,18.17,1.0688235294117647
8,95,2,14,11.1,0.7928571428571428
8,95,3,9,4.63,0.5144444444444445
8,95,4,5,0.35,0.06999999999999999
8,97,0,19,22.77,1.1984210526315788
8,97,1,12,12.47,1.0391666666666668
8,97,2,9,4.81,0.5344444444444444
8,97,3,1,0.47,0.47
8,97,4,14,4.99,0.35642857142857143
8,99,0,7,7.05,1.0071428571428571
8,99,1,16,15.57,0.973125
8,99,2,13,12.33,0.9484615384615385
8,99,3,5,4.17,0.834
8,99,4,11,2.94,0.2672727272727273
10,2,0,11,32.16,2.9236363636363634
10,2,1,7,19.48,2.782857142857143
10,2,2,1,1.97,1.97
10,2,3,18,9.9,0.55
10,2,4,10,4.9,0.49000000000000005
10,3,0,18,89.06,4.947777777777778
10,3,1,17,47.65,2.802941176470588
10,3,2,6,14.12,2.353333333333333
10,3,3,11,19.73,1.7936363636363637
10,3,4,6,1.58,0.26333333333333336
10,5,0,8,23.61,2.95125
10,5,1,16,28.94,1.80875
10,5,2,18,31.9,1.7722222222222221
10,5,3,11,4.98,0.45272727272727276
10,5,4,12,5.25,0.4375
10,8,0,10,45.28,4.5280000000000005
10,8,1,12,51.28,4.273333333333333
10,8,2,3,12.69,4.2299999999999995
10,8,3,20,67.95,3.3975
10,8,4,11,22.76,2.0690909090909093
10,11,0,20,130.17,6.5085
10,11,1,16,102.65,6.415625
10,11,2,10,56.45,5.6450000000000005
10,11,3,5,18.6,3.72
10,11,4,8,16.27,2.03375
10,12,0,18,24.04,1.3355555555555556
10,12,1,19,20.75,1.0921052631578947
10,12,2,4,3.88,0.97
10,12,3,13,7.78,0.5984615384615385
10,12,4,8,4.77,0.59625
10,14,0,16,109.07,6.816875
10,14,1,18,120.02,6.667777777777777
10,14,2,7,33.05,4.721428571428571
10,14,3,18,75.55,4.197222222222222
10,14,4,19,77.6,4.084210526315789
10,16,0,8,29.72,3.715
10,16,1,15,45.1,3.006666666666667
10,16,2,8,10.26,1.2825
10,16,3,17,16.05,0.9441176470588236
10,16,4,6,2.66,0.44333333333333336
10,17,0,16,43.63,2.726875
10,17,1,10,18.12,1.812
10,17,2,17,10.36,0.6094117647058823
10,17,3,8,3.8,0.475
10,17,4,8,2.63,0.32875
10,24,0,10,33.89,3.3890000000000002
10,24,1,11,26.62,2.42
10,24,2,10,21.2,2.12
10,24,3,9,18.71,2.078888888888889
10,24,4,3,1.53,0.51
10,26,0,18,22.79,1.266111111111111
10,26,1,20,24.99,1.2494999999999998
10,26,2,7,7.75,1.1071428571428572
10,26,3,18,7.56,0.42
10,26,4,14,2.09,0.14928571428571427
10,29,0,4,13.84,3.46
10,29,1,17,45.48,2.675294117647059
10,29,2,8,16.21,2.02625
10,29,3,9,12.78,1.42
10,29,4,1,0.91,0.91
10,31,0,3,15.37,5.123333333333333
10,31,1,20,58.79,2.9395
10,31,2,12,30.74,2.5616666666666665
10,31,3,6,5.71,0.9516666666666667
10,31,4,20,6.18,0.309
10,33,0,11,28.9,2.627272727272727
10,33,1,4,7.14,1.785
10,33,2,16,17.66,1.10375
10,33,3,2,2.03,1.015
10,33,4,19,6.26,0.3294736842105263
10,34,0,16,90.11,5.631875
10,34,1,15,77.29,5.152666666666667
10,34,2,16,67.76,4.235
10,34,3,10,33.05,3.3049999999999997
10,34,4,5,6.09,1.218
10,39,0,10,45.15,4.515
10,39,1,14,58.87,4.205
10,39,2,5,6.56,1.3119999999999998
10,39,3,7,6.55,0.9357142857142857
10,39,4,3,2.53,0.8433333333333333
10,47,0,17,59.87,3.5217647058823527
10,47,1,2,3.88,1.94
10,47,2,13,14.5,1.1153846153846154
10,47,3,14,4.16,0.29714285714285715
10,47,4,5,1.19,0.238
10,48,0,1,2.79,2.79
10,48,1,17,28.79,1.6935294117647057
10,48,2,9,13.54,1.5044444444444443
10,48,3,16,22.46,1.40375
10,48,4,12,11.61,0.9674999999999999
10,49,0,1,3.34,3.34
10,49,1,10,29.93,2.993
10,49,2,13,29.7,2.2846153846153845
10,49,3,20,45.6,2.2800000000000002
10,49,4,19,40.19,2.1152631578947365
10,51,0,13,39.68,3.0523076923076924
10,51,1,4,9.01,2.2525
10,51,2,13,27.54,2.1184615384615384
10,51,3,16,7.38,0.46125
10,51,4,12,4.66,0.38833333333333336
10,52,0,15,22.46,1.4973333333333334
10,52,1,5,6.72,1.3439999999999999
10,52,2,1,1.06,1.06
10,52,3,11,10.2,0.9272727272727272
10,52,4,10,2.44,0.244
10,53,0,7,30.87,4.41
10,53,1,10,38.61,3.8609999999999998
10,53,2,14,43.65,3.117857142857143
10,53,3,14,25.31,1.8078571428571428
10,53,4,1,0.55,0.55
10,58,0,10,35.87,3.5869999999999997
10,58,1,18,51.49,2.8605555555555555
10,58,2,4,8.99,2.2475
10,58,3,6,10.42,1.7366666666666666
10,58,4,18,23.33,1.296111111111111
10,60,0,5,8.22,1.6440000000000001
10,60,1,1,1.25,1.25
10,60,2,9,5.58,0.62
10,60,3,5,2.57,0.514
10,60,4,18,9.04,0.5022222222222221
10,62,0,1,2.64,2.64
10,62,1,9,22.96,2.551111111111111
10,62,2,5,8.37,1.674
10,62,3,6,9.39,1.5650000000000002
10,62,4,13,6.24,0.48000000000000004
10,63,0,16,16.11,1.006875
10,63,1,4,2.12,0.53
10,63,2,9,4.6,0.5111111111111111
10,63,3,9,4.07,0.45222222222222225
10,63,4,2,0.27,0.135
10,64,0,19,121.67,6.403684210526316
10,64,1,7,22.8,3.257142857142857
10,64,2,4,10.9,2.725
10,64,3,13,29.14,2.2415384615384615
10,64,4,1,2.12,2.12
10,66,0,3,4.05,1.3499999999999999
10,66,1,11,11.29,1.0263636363636364
10,66,2,18,14.26,0.7922222222222222
10,66,3,19,11.63,0.6121052631578948
10,66,4,1,0.36,0.36
10,73,0,17,125.43,7.378235294117648
10,73,1,20,140.77,7.038500000000001
10,73,2,19,100.31,5.279473684210527
10,73,3,18,73.59,4.088333333333334
10,73,4,1,0.96,0.96
10,78,0,16,63.88,3.9925
10,78,1,16,58.68,3.6675
10,78,2,15,51.42,3.428
10,78,3,7,22.91,3.2728571428571427
10,78,4,18,25.98,1.4433333333333334
10,81,0,9,46.64,5.182222222222222
10,81,1,20,83.31,4.1655
10,81,2,17,59.31,3.4888235294117647
10,81,3,19,52.34,2.754736842105263
10,81,4,10,15.11,1.511
10,82,0,10,60.38,6.038
10,82,1,9,46.58,5.1755555555555555
10,82,2,18,59.81,3.322777777777778
10,82,3,17,32.9,1.9352941176470588
10,82,4,1,0.63,0.63
10,83,0,10,12.42,1.242
10,83,1,4,4.58,1.145
10,83,2,10,11.28,1.128
10,83,3,14,11.42,0.8157142857142857
10,83,4,19,3.84,0.20210526315789473
10,84,0,20,130.62,6.531000000000001
10,84,1,9,49.1,5.455555555555556
10,84,2,9,43.57,4.841111111111111
10,84,3,6,17.83,2.9716666666666662
10,84,4,16,32.35,2.021875
10,87,0,13,9.23,0.7100000000000001
10,87,1,12,5.09,0.42416666666666664
10,87,2,12,3.98,0.33166666666666667
10,87,3,6,1.42,0.23666666666666666
10,87,4,16,3.01,0.188125
10,90,0,6,36.0,6.0
10,90,1,3,16.54,5.513333333333333
10,90,2,11,34.42,3.1290909090909094
10,90,3,12,24.41,2.0341666666666667
10,90,4,10,15.75,1.575
10,95,0,20,128.17,6.408499999999999
10,95,1,13,78.11,6.008461538461538
10,95,2,9,49.67,5.518888888888889
10,95,3,5,21.91,4.382
10,95,4,17,20.92,1.2305882352941178
10,97,0,15,65.54,4.3693333333333335
10,97,1,16,51.06,3.19125
10,97,2,15,31.25,2.0833333333333335
10,97,3,2,3.99,1.995
10,97,4,19,8.3,0.4368421052631579
10,99,0,19,93.46,4.918947368421052
10,99,1,2,9.68,4.84
10,99,2,15,56.45,3.7633333333333336
10,99,3,20,22.62,1.131
10,99,4,3,0.87,0.29
11,2,0,5,38.97,7.794
11,2,1,14,108.54,7.752857142857144
11,2,2,20,100.05,5.0024999999999995
11,2,3,20,78.6,3.9299999999999997
11,2,4,10,10.92,1.092
11,3,0,18,6.26,0.34777777777777774
11,3,1,19,5.88,0.3094736842105263
11,3,2,14,3.84,0.2742857142857143
11,3,3,8,1.58,0.1975
11,3,4,3,0.19,0.06333333333333334
11,5,0,8,23.43,2.92875
11,5,1,19,42.19,2.2205263157894737
11,5,2,2,2.43,1.215
11,5,3,14,11.06,0.79
11,5,4,3,2.13,0.71
11,8,0,12,12.27,1.0225
11,8,1,6,4.31,0.7183333333333333
11,8,2,12,7.95,0.6625
11,8,3,8,4.09,0.51125
11,8,4,19,3.82,0.20105263157894737
11,10,0,14,87.42,6.244285714285715
11,10,1,16,52.75,3.296875
11,10,2,15,38.18,2.5453333333333332
11,10,3,13,13.86,1.066153846153846
11,10,4,2,0.98,0.49
11,12,0,13,39.53,3.040769230769231
11,12,1,19,54.44,2.8652631578947365
11,12,2,16,10.21,0.638125
11,12,3,7,3.53,0.5042857142857142
11,12,4,8,1.83,0.22875
11,14,0,3,2.13,0.71
11,14,1,19,12.36,0.6505263157894736
11,14,2,13,7.57,0.5823076923076923
11,14,3,12,5.49,0.4575
11,14,4,12,3.1,0.25833333333333336
11,16,0,6,15.01,2.5016666666666665
11,16,1,17,31.87,1.8747058823529412
11,16,2,1,1.65,1.65
11,16,3,17,26.2,1.5411764705882351
11,16,4,5,6.27,1.254
11,17,0,8,12.74,1.5925
11,17,1,5,3.83,0.766
11,17,2,18,12.78,0.71
11,17,3,8,5.53,0.69125
11,17,4,11,7.24,0.6581818181818182
11,24,0,18,43.83,2.435
11,24,1,1,2.37,2.37
11,24,2,5,10.86,2.1719999999999997
11,24,3,13,20.9,1.6076923076923075
11,24,4,13,5.33,0.41000000000000003
11,26,0,1,6.89,6.89
11,26,1,16,92.56,5.785
11,26,2,9,39.18,4.3533333333333335
11,26,3,18,30.18,1.6766666666666667
11,26,4,1,0.59,0.59
11,29,0,11,79.15,7.195454545454546
11,29,1,9,54.69,6.076666666666666
11,29,2,8,40.07,5.00875
11,29,3,16,59.35,3.709375
11,29,4,9,16.28,1.808888888888889
11,31,0,15,21.95,1.4633333333333334
11,31,1,20,26.34,1.317
11,31,2,9,10.83,1.2033333333333334
11,31,3,8,7.06,0.8825
11,31,4,9,7.56,0.84
11,33,0,6,33.44,5.573333333333333
11,33,1,11,50.77,4.615454545454546
11,33,2,4,8.27,2.0675
11,33,3,9,12.1,1.3444444444444443
11,33,4,5,2.58,0.516
11,34,0,10,9.97,0.9970000000000001
11,34,1,11,10.73,0.9754545454545455
11,34,2,14,7.89,0.5635714285714285
11,34,3,14,3.41,0.24357142857142858
11,34,4,2,0.37,0.185
11,39,0,20,45.04,2.252
11,39,1,18,32.4,1.7999999999999998
11,39,2,8,11.79,1.47375
11,39,3,8,7.02,0.8775
11,39,4,4,2.15,0.5375
11,47,0,12,50.43,4.2025
11,47,1,8,30.54,3.8175
11,47,2,1,2.18,2.18
11,47,3,6,10.25,1.7083333333333333
11,47,4,18,8.7,0.4833333333333333
11,48,0,1,4.92,4.92
11,48,1,10,24.56,2.456
11,48,2,6,13.25,2.2083333333333335
11,48,3,15,22.62,1.508
11,48,4,10,4.5,0.45
11,49,0,6,17.64,2.94
11,49,1,20,47.49,2.3745000000000003
11,49,2,12,24.58,2.0483333333333333
11,49,3,18,18.37,1.0205555555555557
11,49,4,8,3.1,0.3875
11,51,0,2,5.1,2.55
11,51,1,4,8.65,2.1625
11,51,2,12,15.21,1.2675
11,51,3,8,3.28,0.41
11,51,4,15,1.65,0.11
11,52,0,7,32.19,4.598571428571428
11,52,1,6,24.09,4.015
11,52,2,8,31.33,3.91625
11,52,3,3,5.54,1.8466666666666667
11,52,4,10,9.03,0.9029999999999999
11,53,0,4,30.65,7.6625
11,53,1,1,6.69,6.69
11,53,2,3,18.94,6.3133333333333335
11,53,3,6,22.35,3.725
11,53,4,9,14.46,1.6066666666666667
11,58,0,9,20.2,2.2444444444444445
11,58,1,16,27.5,1.71875
11,58,2,5,6.43,1.286
11,58,3,16,18.34,1.14625
11,58,4,15,4.75,0.31666666666666665
11,60,0,11,49.66,4.514545454545455
11,60,1,2,4.68,2.34
11,60,2,10,19.37,1.937
11,60,3,5,8.17,1.634
11,60,4,14,8.25,0.5892857142857143
11,62,0,6,17.41,2.901666666666667
11,62,1,1,1.54,1.54
11,62,2,13,18.41,1.416153846153846
11,62,3,12,7.5,0.625
11,62,4,20,5.59,0.27949999999999997
11,63,0,14,62.85,4.489285714285715
11,63,1,1,2.46,2.46
11,63,2,17,34.69,2.0405882352941176
11,63,3,16,24.86,1.55375
11,63,4,10,11.46,1.1460000000000001
11,64,0,4,2.85,0.7125
11,64,1,10,2.71,0.271
11,64,2,14,2.27,0.16214285714285714
11,64,3,2,0.26,0.13
11,64,4,6,0.54,0.09000000000000001
11,66,0,14,56.58,4.041428571428571
11,66,1,11,41.9,3.809090909090909
11,66,2,18,61.0,3.388888888888889
11,66,3,13,28.99,2.23
11,66,4,6,6.7,1.1166666666666667
11,73,0,20,211.66,10.583
11,73,1,12,93.59,7.799166666666667
11,73,2,9,58.8,6.533333333333333
11,73,3,6,14.53,2.4216666666666664
11,73,4,13,22.89,1.7607692307692309
11,78,0,13,38.04,2.926153846153846
11,78,1,17,46.96,2.7623529411764705
11,78,2,8,10.12,1.265
11,78,3,10,11.55,1.155
11,78,4,10,8.21,0.8210000000000001
11,81,0,17,205.79,12.105294117647059
11,81,1,11,118.96,10.814545454545454
11,81,2,3,16.79,5.596666666666667
11,81,3,4,22.35,5.5875
11,81,4,10,32.44,3.2439999999999998
11,82,0,9,71.64,7.96
11,82,1,8,37.09,4.63625
11,82,2,19,51.94,2.7336842105263157
11,82,3,7,17.19,2.455714285714286
11,82,4,15,21.22,1.4146666666666665
11,83,0,19,122.75,6.4605263157894735
11,83,1,8,50.91,6.36375
11,83,2,20,89.92,4.496
11,83,3,17,48.41,2.8476470588235294
11,83,4,14,33.13,2.3664285714285715
11,84,0,3,24.09,8.03
11,84,1,19,142.85,7.518421052631578
11,84,2,5,22.07,4.414
11,84,3,4,15.02,3.755
11,84,4,5,4.87,0.974
11,87,0,19,107.97,5.682631578947368
11,87,1,9,45.1,5.011111111111111
11,87,2,13,41.87,3.2207692307692306
11,87,3,13,16.07,1.2361538461538462
11,87,4,12,10.06,0.8383333333333334
11,90,0,6,1.78,0.2966666666666667
11,90,1,3,0.4,0.13333333333333333
11,90,2,20,1.41,0.0705
11,90,3,12,0.76,0.06333333333333334
11,90,4,7,0.4,0.05714285714285715
11,95,0,20,5.9,0.29500000000000004
11,95,1,1,0.27,0.27
11,95,2,7,1.87,0.2671428571428572
11,95,3,1,0.23,0.23
11,95,4,8,0.6,0.075
11,97,0,16,74.99,4.686875
11,97,1,8,28.02,3.5025
11,97,2,13,40.63,3.1253846153846156
11,97,3,20,59.74,2.987
11,97,4,8,11.44,1.43
11,99,0,9,8.88,0.9866666666666668
11,99,1,3,2.45,0.8166666666666668
11,99,2,7,4.97,0.71
11,99,3,3,1.05,0.35000000000000003
11,99,4,10,2.08,0.20800000000000002
12,2,0,5,27.8,5.5600000000000005
12,2,1,3,14.51,4.836666666666667
12,2,2,6,18.38,3.063333333333333
12,2,3,15,37.5,2.5
12,2,4,18,34.76,1.931111111111111
12,3,0,13,38.72,2.9784615384615383
12,3,1,8,9.79,1.22375
12,3,2,7,6.61,0.9442857142857143
12,3,3,12,5.88,0.49
12,3,4,18,4.56,0.2533333333333333
12,5,0,12,8.07,0.6725
12,5,1,15,5.84,0.3893333333333333
12,5,2,5,1.88,0.376
12,5,3,11,3.3,0.3
12,5,4,13,3.31,0.25461538461538463
12,8,0,14,29.57,2.112142857142857
12,8,1,11,11.26,1.0236363636363637
12,8,2,16,12.92,0.8075
12,8,3,18,14.3,0.7944444444444445
12,8,4,1,0.44,0.44
12,10,0,11,18.62,1.6927272727272729
12,10,1,9,12.64,1.4044444444444446
12,10,2,12,16.39,1.3658333333333335
12,10,3,6,4.95,0.8250000000000001
12,10,4,20,11.84,0.592
12,11,0,10,34.37,3.437
12,11,1,16,51.78,3.23625
12,11,2,19,45.75,2.4078947368421053
12,11,3,2,4.0,2.0
12,11,4,6,9.45,1.575
12,14,0,13,13.75,1.0576923076923077
12,14,1,3,3.14,1.0466666666666666
12,14,2,11,11.04,1.0036363636363637
12,14,3,3,1.49,0.49666666666666665
12,14,4,1,0.26,0.26
12,16,0,7,11.74,1.6771428571428573
12,16,1,18,26.25,1.4583333333333333
12,16,2,9,7.17,0.7966666666666666
12,16,3,12,4.26,0.355
12,16,4,5,1.68,0.33599999999999997
12,17,0,20,27.58,1.379
12,17,1,14,17.44,1.2457142857142858
12,17,2,17,20.7,1.2176470588235293
12,17,3,6,3.65,0.6083333333333333
12,17,4,10,1.34,0.134
12,24,0,10,15.58,1.558
12,24,1,6,4.66,0.7766666666666667
12,24,2,17,9.19,0.5405882352941176
12,24,3,8,3.09,0.38625
12,24,4,15,4.76,0.3173333333333333
12,26,0,17,48.25,2.838235294117647
12,26,1,3,6.24,2.08
12,26,2,13,24.71,1.9007692307692308
12,26,3,1,1.09,1.09
12,26,4,19,14.17,0.7457894736842106
12,29,0,18,84.97,4.720555555555555
12,29,1,7,27.88,3.9828571428571427
12,29,2,9,34.76,3.862222222222222
12,29,3,15,50.16,3.344
12,29,4,8,9.36,1.17
12,31,0,7,22.09,3.1557142857142857
12,31,1,11,34.1,3.1
12,31,2,19,43.41,2.284736842105263
12,31,3,10,11.91,1.191
12,31,4,12,4.14,0.345
12,33,0,6,32.89,5.4816666666666665
12,33,1,19,90.41,4.758421052631578
12,33,2,16,73.0,4.5625
12,33,3,7,17.11,2.4442857142857144
12,33,4,8,5.37,0.67125
12,34,0,18,57.98,3.221111111111111
12,34,1,17,47.21,2.777058823529412
12,34,2,5,10.91,2.182
12,34,3,13,21.97,1.69
12,34,4,7,5.12,0.7314285714285714
12,39,0,15,47.13,3.1420000000000003
12,39,1,16,47.69,2.980625
12,39,2,5,14.89,2.978
12,39,3,10,28.78,2.878
12,39,4,1,0.43,0.43
12,47,0,18,20.83,1.1572222222222222
12,47,1,20,21.94,1.097
12,47,2,17,16.2,0.9529411764705882
12,47,3,16,14.15,0.884375
12,47,4,2,0.25,0.125
12,48,0,19,52.15,2.744736842105263
12,48,1,20,54.25,2.7125
12,48,2,7,15.08,2.1542857142857144
12,48,3,6,7.2,1.2
12,48,4,9,10.11,1.1233333333333333
12,49,0,3,3.06,1.02
12,49,1,5,4.64,0.9279999999999999
12,49,2,4,2.87,0.7175
12,49,3,4,2.19,0.5475
12,49,4,19,7.68,0.40421052631578946
12,51,0,20,32.29,1.6145
12,51,1,20,31.15,1.5574999999999999
12,51,2,20,9.34,0.46699999999999997
12,51,3,1,0.43,0.43
12,51,4,13,1.44,0.11076923076923076
12,52,0,12,17.88,1.49
12,52,1,10,14.53,1.4529999999999998
12,52,2,20,21.86,1.093
12,52,3,4,1.44,0.36
12,52,4,9,2.69,0.29888888888888887
12,53,0,1,7.07,7.07
12,53,1,13,56.93,4.3792307692307695
12,53,2,13,55.74,4.287692307692308
12,53,3,2,7.77,3.885
12,53,4,10,18.66,1.866
12,58,0,20,57.37,2.8685
12,58,1,6,16.39,2.731666666666667
12,58,2,14,18.8,1.342857142857143
12,58,3,3,3.47,1.1566666666666667
12,58,4,1,0.83,0.83
12,60,0,15,12.64,0.8426666666666667
12,60,1,8,5.93,0.74125
12,60,2,19,9.83,0.5173684210526316
12,60,3,6,2.44,0.4066666666666667
12,60,4,10,0.81,0.081
12,62,0,1,0.8,0.8
12,62,1,1,0.75,0.75
12,62,2,6,1.55,0.25833333333333336
12,62,3,17,3.87,0.22764705882352942
12,62,4,8,1.02,0.1275
12,63,0,7,10.04,1.4342857142857142
12,63,1,15,20.23,1.3486666666666667
12,63,2,10,10.55,1.0550000000000002
12,63,3,7,6.62,0.9457142857142857
12,63,4,18,13.4,0.7444444444444445
12,64,0,19,46.31,2.4373684210526316
12,64,1,1,2.2,2.2
12,64,2,2,3.48,1.74
12,64,3,6,8.93,1.4883333333333333
12,64,4,9,11.8,1.3111111111111111
12,66,0,2,5.18,2.59
12,66,1,10,25.11,2.511
12,66,2,3,4.07,1.3566666666666667
12,66,3,13,12.56,0.9661538461538461
12,66,4,14,8.49,0.6064285714285714
12,73,0,8,75.67,9.45875
12,73,1,10,93.23,9.323
12,73,2,13,42.08,3.236923076923077
12,73,3,4,8.31,2.0775
12,73,4,8,16.15,2.01875
12,78,0,1,3.02,3.02
12,78,1,12,36.12,3.01
12,78,2,6,6.29,1.0483333333333333
12,78,3,10,7.67,0.767
12,78,4,7,3.42,0.48857142857142855
12,81,0,20,132.5,6.625
12,81,1,9,31.82,3.535555555555556
12,81,2,15,49.64,3.3093333333333335
12,81,3,7,12.78,1.8257142857142856
12,81,4,19,20.64,1.0863157894736843
12,82,0,17,92.05,5.414705882352941
12,82,1,15,65.34,4.356
12,82,2,2,6.77,3.385
12,82,3,19,46.26,2.434736842105263
12,82,4,19,40.13,2.1121052631578947
12,83,0,18,65.54,3.6411111111111114
12,83,1,18,56.39,3.1327777777777777
12,83,2,5,15.37,3.074
12,83,3,13,10.36,0.7969230769230768
12,83,4,20,9.43,0.4715
12,84,0,8,47.41,5.92625
12,84,1,2,11.39,5.695
12,84,2,20,51.4,2.57
12,84,3,20,47.01,2.3505
12,84,4,12,27.42,2.285
12,87,0,16,32.77,2.048125
12,87,1,13,23.18,1.783076923076923
12,87,2,13,17.02,1.3092307692307692
12,87,3,7,6.46,0.9228571428571428
12,87,4,2,0.94,0.47
12,90,0,12,33.26,2.7716666666666665
12,90,1,9,20.66,2.2955555555555556
12,90,2,16,22.09,1.380625
12,90,3,10,9.12,0.9119999999999999
12,90,4,19,5.71,0.3005263157894737
12,95,0,12,14.83,1.2358333333333333
12,95,1,19,21.62,1.1378947368421053
12,95,2,14,10.53,0.7521428571428571
12,95,3,11,8.23,0.7481818181818182
12,95,4,17,11.04,0.6494117647058824
12,97,0,12,31.41,2.6175
12,97,1,12,27.4,2.283333333333333
12,97,2,6,12.87,2.145
12,97,3,18,26.46,1.47
12,97,4,20,2.88,0.144
12,99,0,2,4.96,2.48
12,99,1,6,11.79,1.9649999999999999
12,99,2,18,29.14,1.6188888888888888
12,99,3,19,18.53,0.9752631578947369
12,99,4,18,8.95,0.4972222222222222
14,2,0,14,119.51,8.536428571428571
14,2,1,10,82.74,8.274
14,2,2,4,20.91,5.2275
14,2,3,8,29.26,3.6575
14,2,4,1,2.94,2.94
14,3,0,13,11.23,0.8638461538461539
14,3,1,2,1.17,0.585
14,3,2,8,4.22,0.5275
14,3,3,20,9.96,0.49800000000000005
14,3,4,1,0.38,0.38
14,5,0,6,20.82,3.47
14,5,1,2,6.87,3.435
14,5,2,2,5.42,2.71
14,5,3,13,26.41,2.0315384615384615
14,5,4,6,6.35,1.0583333333333333
14,8,0,15,16.55,1.1033333333333333
14,8,1,16,16.42,1.02625
14,8,2,14,6.3,0.45
14,8,3,14,5.82,0.41571428571428576
14,8,4,13,0.71,0.054615384615384614
14,10,0,8,51.01,6.37625
14,10,1,5,31.1,6.220000000000001
14,10,2,16,87.16,5.4475
14,10,3,16,64.93,4.058125
14,10,4,13,20.77,1.5976923076923077
14,11,0,2,1.18,0.59
14,11,1,4,2.07,0.5175
14,11,2,13,4.49,0.3453846153846154
14,11,3,3,0.96,0.32
14,11,4,15,1.52,0.10133333333333333
14,12,0,7,31.62,4.517142857142857
14,12,1,7,23.49,3.3557142857142854
14,12,2,2,5.88,2.94
14,12,3,18,40.46,2.247777777777778
14,12,4,3,2.34,0.7799999999999999
14,16,0,2,4.74,2.37
14,16,1,7,10.5,1.5
14,16,2,1,1.3,1.3
14,16,3,7,6.34,0.9057142857142857
14,16,4,19,10.22,0.5378947368421053
14,17,0,8,18.3,2.2875
14,17,1,6,13.0,2.1666666666666665
14,17,2,9,11.79,1.3099999999999998
14,17,3,7,7.21,1.03
14,17,4,17,9.56,0.5623529411764706
14,24,0,20,65.01,3.2505
14,24,1,1,3.21,3.21
14,24,2,4,11.56,2.89
14,24,3,10,26.3,2.63
14,24,4,13,9.32,0.716923076923077
14,26,0,18,137.86,7.65888888888889
14,26,1,19,119.19,6.273157894736842
14,26,2,1,5.77,5.77
14,26,3,18,38.45,2.136111111111111
14,26,4,12,15.13,1.2608333333333335
14,29,0,19,118.71,6.247894736842105
14,29,1,15,68.02,4.534666666666666
14,29,2,17,67.76,3.985882352941177
14,29,3,10,33.18,3.318
14,29,4,1,0.88,0.88
14,31,0,3,7.8,2.6
14,31,1,14,35.84,2.56
14,31,2,8,16.92,2.115
14,31,3,4,8.15,2.0375
14,31,4,15,23.47,1.5646666666666667
14,33,0,8,62.66,7.8325
14,33,1,5,35.43,7.086
14,33,2,12,72.79,6.065833333333334
14,33,3,19,81.6,4.294736842105263
14,33,4,19,69.94,3.681052631578947
14,34,0,7,12.76,1.8228571428571427
14,34,1,3,4.85,1.6166666666666665
14,34,2,7,10.72,1.5314285714285716
14,34,3,3,4.25,1.4166666666666667
14,34,4,12,2.42,0.20166666666666666
14,39,0,16,42.0,2.625
14,39,1,11,27.82,2.5290909090909093
14,39,2,5,12.09,2.418
14,39,3,12,20.55,1.7125000000000001
14,39,4,20,7.1,0.355
14,47,0,11,43.41,3.946363636363636
14,47,1,7,20.91,2.987142857142857
14,47,2,16,24.28,1.5175
14,47,3,9,11.72,1.3022222222222224
14,47,4,10,13.01,1.301
14,48,0,12,60.93,5.0775
14,48,1,19,80.18,4.220000000000001
14,48,2,3,10.57,3.5233333333333334
14,48,3,5,12.09,2.418
14,48,4,2,3.96,1.98
14,49,0,20,60.62,3.0309999999999997
14,49,1,2,3.81,1.905
14,49,2,10,18.68,1.8679999999999999
14,49,3,2,2.93,1.465
14,49,4,19,17.03,0.8963157894736843
14,51,0,8,24.28,3.035
14,51,1,16,44.39,2.774375
14,51,2,5,11.61,2.322
14,51,3,1,0.92,0.92
14,51,4,16,10.55,0.659375
14,52,0,6,28.25,4.708333333333333
14,52,1,6,25.68,4.28
14,52,2,1,3.55,3.55
14,52,3,4,10.91,2.7275
14,52,4,19,11.61,0.6110526315789473
14,53,0,11,117.15,10.65
14,53,1,5,29.56,5.912
14,53,2,5,28.12,5.6240000000000006
14,53,3,1,4.47,4.47
14,53,4,1,2.51,2.51
14,58,0,20,64.9,3.245
14,58,1,13,41.77,3.2130769230769234
14,58,2,2,6.37,3.185
14,58,3,12,35.74,2.9783333333333335
14,58,4,1,1.02,1.02
14,60,0,18,84.49,4.693888888888889
14,60,1,5,21.43,4.286
14,60,2,14,56.52,4.037142857142857
14,60,3,15,21.8,1.4533333333333334
14,60,4,5,6.19,1.238
14,62,0,4,15.25,3.8125
14,62,1,7,24.44,3.4914285714285715
14,62,2,18,34.19,1.8994444444444443
14,62,3,14,7.64,0.5457142857142857
14,62,4,6,0.97,0.16166666666666665
14,63,0,17,84.62,4.977647058823529
14,63,1,3,11.11,3.703333333333333
14,63,2,7,23.16,3.3085714285714287
14,63,3,11,20.74,1.8854545454545453
14,63,4,2,2.89,1.445
14,64,0,14,2.64,0.18857142857142858
14,64,1,1,0.13,0.13
14,64,2,16,1.95,0.121875
14,64,3,20,2.34,0.11699999999999999
14,64,4,4,0.26,0.065
14,66,0,18,96.7,5.372222222222223
14,66,1,12,60.25,5.020833333333333
14,66,2,17,62.83,3.6958823529411764
14,66,3,18,52.33,2.907222222222222
14,66,4,18,14.32,0.7955555555555556
14,73,0,6,72.41,12.068333333333333
14,73,1,6,66.12,11.020000000000001
14,73,2,2,11.66,5.83
14,73,3,9,40.07,4.452222222222222
14,73,4,16,30.6,1.9125
14,78,0,15,58.83,3.9219999999999997
14,78,1,3,11.56,3.8533333333333335
14,78,2,2,5.5,2.75
14,78,3,9,10.78,1.1977777777777776
14,78,4,10,9.44,0.944
14,81,0,3,30.69,10.23
14,81,1,6,60.09,10.015
14,81,2,7,18.44,2.6342857142857143
14,81,3,14,14.9,1.0642857142857143
14,81,4,20,11.94,0.597
14,82,0,10,97.21,9.721
14,82,1,11,99.83,9.075454545454546
14,82,2,19,146.34,7.702105263157895
14,82,3,19,94.12,4.953684210526316
14,82,4,6,16.29,2.715
14,83,0,15,106.84,7.1226666666666665
14,83,1,11,74.32,6.756363636363636
14,83,2,2,11.25,5.625
14,83,3,10,47.67,4.767
14,83,4,2,4.05,2.025
14,84,0,17,166.95,9.820588235294117
14,84,1,14,100.97,7.212142857142857
14,84,2,6,36.96,6.16
14,84,3,17,96.12,5.654117647058824
14,84,4,6,19.93,3.3216666666666668
14,87,0,15,77.44,5.1626666666666665
14,87,1,3,10.52,3.5066666666666664
14,87,2,14,47.65,3.4035714285714285
14,87,3,11,16.76,1.5236363636363637
14,87,4,18,26.48,1.471111111111111
14,90,0,11,10.18,0.9254545454545454
14,90,1,6,5.14,0.8566666666666666
14,90,2,5,3.14,0.628
14,90,3,17,10.02,0.5894117647058823
14,90,4,2,0.08,0.04
14,95,0,18,16.05,0.8916666666666667
14,95,1,12,5.95,0.49583333333333335
14,95,2,7,2.61,0.37285714285714283
14,95,3,14,4.74,0.3385714285714286
14,95,4,15,4.01,0.2673333333333333
14,97,0,18,94.42,5.245555555555556
14,97,1,1,3.7,3.7
14,97,2,15,44.15,2.9433333333333334
14,97,3,8,11.52,1.44
14,97,4,19,8.24,0.4336842105263158
14,99,0,13,15.75,1.2115384615384615
14,99,1,15,15.57,1.038
14,99,2,16,15.82,0.98875
14,99,3,9,7.42,0.8244444444444444
14,99,4,6,1.62,0.27
16,2,0,17,114.89,6.758235294117647
16,2,1,10,63.7,6.37
16,2,2,8,14.24,1.78
16,2,3,5,7.69,1.538
16,2,4,2,2.61,1.305
16,3,0,3,8.11,2.703333333333333
16,3,1,11,27.11,2.4645454545454544
16,3,2,14,33.58,2.3985714285714286
16,3,3,12,27.9,2.3249999999999997
16,3,4,13,29.1,2.2384615384615385
16,5,0,12,6.9,0.5750000000000001
16,5,1,8,4.4,0.55
16,5,2,1,0.35,0.35
16,5,3,3,0.8,0.26666666666666666
16,5,4,5,0.77,0.154
16,8,0,20,38.51,1.9255
16,8,1,11,19.69,1.79
16,8,2,6,8.8,1.4666666666666668
16,8,3,12,12.6,1.05
16,8,4,8,5.52,0.69
16,10,0,13,54.49,4.191538461538462
16,10,1,14,58.18,4.155714285714286
16,10,2,1,3.14,3.14
16,10,3,19,46.16,2.4294736842105262
16,10,4,6,14.09,2.348333333333333
16,11,0,4,9.92,2.48
16,11,1,6,9.25,1.5416666666666667
16,11,2,2,2.76,1.38
16,11,3,18,16.52,0.9177777777777778
16,11,4,9,4.84,0.5377777777777778
16,12,0,15,25.22,1.6813333333333333
16,12,1,19,21.75,1.144736842105263
16,12,2,7,6.42,0.9171428571428571
16,12,3,16,6.64,0.415
16,12,4,20,1.8,0.09
16,14,0,2,6.55,3.275
16,14,1,7,15.69,2.2414285714285715
16,14,2,15,27.2,1.8133333333333332
16,14,3,7,12.13,1.7328571428571429
16,14,4,14,4.62,0.33
16,17,0,17,31.33,1.842941176470588
16,17,1,3,4.04,1.3466666666666667
16,17,2,1,0.86,0.86
16,17,3,1,0.72,0.72
16,17,4,10,5.71,0.571
16,24,0,4,1.71,0.4275
16,24,1,10,4.08,0.40800000000000003
16,24,2,5,0.65,0.13
16,24,3,1,0.03,0.03
16,24,4,6,0.16,0.02666666666666667
16,26,0,8,39.78,4.9725
16,26,1,10,15.82,1.582
16,26,2,5,6.28,1.256
16,26,3,18,11.71,0.6505555555555556
16,26,4,11,6.73,0.6118181818181818
16,29,0,12,59.23,4.935833333333333
16,29,1,19,77.92,4.1010526315789475
16,29,2,2,7.5,3.75
16,29,3,20,74.35,3.7175
16,29,4,8,10.38,1.2975
16,31,0,16,52.28,3.2675
16,31,1,7,17.98,2.5685714285714285
16,31,2,7,11.22,1.602857142857143
16,31,3,16,11.75,0.734375
16,31,4,5,1.7,0.33999999999999997
16,33,0,15,106.38,7.092
16,33,1,13,48.26,3.712307692307692
16,33,2,2,6.08,3.04
16,33,3,16,36.44,2.2775
16,33,4,15,22.92,1.528
16,34,0,20,49.89,2.4945
16,34,1,10,19.62,1.9620000000000002
16,34,2,19,31.26,1.645263157894737
16,34,3,11,16.77,1.5245454545454544
16,34,4,17,7.65,0.45
16,39,0,18,62.49,3.4716666666666667
16,39,1,8,20.51,2.56375
16,39,2,20,29.31,1.4655
16,39,3,4,4.8,1.2
16,39,4,5,5.77,1.154
16,47,0,2,1.27,0.635
16,47,1,12,6.86,0.5716666666666667
16,47,2,7,2.69,0.3842857142857143
16,47,3,6,0.74,0.12333333333333334
16,47,4,6,0.41,0.06833333333333333
16,48,0,7,29.98,4.282857142857143
16,48,1,1,2.71,2.71
16,48,2,7,18.11,2.587142857142857
16,48,3,5,12.51,2.502
16,48,4,19,44.77,2.3563157894736846
16,49,0,4,4.77,1.1925
16,49,1,5,4.95,0.99
16,49,2,1,0.98,0.98
16,49,3,10,4.83,0.483
16,49,4,3,1.26,0.42
16,51,0,16,28.45,1.778125
16,51,1,17,20.93,1.2311764705882353
16,51,2,17,20.36,1.1976470588235293
16,51,3,4,3.69,0.9225
16,51,4,12,10.51,0.8758333333333334
16,52,0,16,40.99,2.561875
16,52,1,16,36.22,2.26375
16,52,2,2,4.06,2.03
16,52,3,15,22.04,1.4693333333333334
16,52,4,4,2.56,0.64
16,53,0,9,96.86,10.762222222222222
16,53,1,8,75.4,9.425
16,53,2,20,160.13,8.006499999999999
16,53,3,18,97.81,5.433888888888889
16,53,4,4,4.19,1.0475
16,58,0,14,38.46,2.7471428571428573
16,58,1,19,32.03,1.6857894736842105
16,58,2,11,10.34,0.94
16,58,3,1,0.59,0.59
16,58,4,15,3.5,0.23333333333333334
16,60,0,12,29.42,2.4516666666666667
16,60,1,3,5.41,1.8033333333333335
16,60,2,14,19.03,1.3592857142857144
16,60,3,20,25.56,1.278
16,60,4,5,5.11,1.022
16,62,0,11,22.53,2.0481818181818183
16,62,1,7,10.1,1.4428571428571428
16,62,2,16,22.28,1.3925
16,62,3,7,7.23,1.032857142857143
16,62,4,20,3.53,0.1765
16,63,0,1,3.09,3.09
16,63,1,3,8.02,2.6733333333333333
16,63,2,7,18.41,2.63
16,63,3,1,2.02,2.02
16,63,4,10,1.61,0.161
16,64,0,15,45.44,3.029333333333333
16,64,1,12,27.63,2.3024999999999998
16,64,2,11,16.23,1.4754545454545456
16,64,3,7,6.0,0.8571428571428571
16,64,4,14,5.62,0.4014285714285714
16,66,0,9,38.52,4.28
16,66,1,17,66.86,3.9329411764705884
16,66,2,6,19.94,3.3233333333333337
16,66,3,13,34.19,2.63
16,66,4,4,2.7,0.675
16,73,0,11,111.53,10.139090909090909
16,73,1,14,66.75,4.767857142857143
16,73,2,15,29.81,1.9873333333333332
16,73,3,8,9.4,1.175
16,73,4,8,9.1,1.1375
16,78,0,5,19.31,3.8619999999999997
16,78,1,11,29.91,2.7190909090909092
16,78,2,16,31.31,1.956875
16,78,3,5,5.81,1.162
16,78,4,7,2.63,0.3757142857142857
16,81,0,19,188.97,9.94578947368421
16,81,1,10,98.12,9.812000000000001
16,81,2,13,121.57,9.35153846153846
16,81,3,20,74.88,3.7439999999999998
16,81,4,12,22.16,1.8466666666666667
16,82,0,18,162.16,9.008888888888889
16,82,1,8,42.91,5.36375
16,82,2,5,16.53,3.306
16,82,3,13,41.0,3.1538461538461537
16,82,4,9,7.31,0.8122222222222222
16,83,0,19,76.06,4.003157894736842
16,83,1,1,2.81,2.81
16,83,2,11,12.25,1.1136363636363635
16,83,3,13,14.08,1.083076923076923
16,83,4,19,9.56,0.5031578947368421
16,84,0,7,74.61,10.65857142857143
16,84,1,8,65.9,8.2375
16,84,2,14,96.68,6.905714285714287
16,84,3,4,10.92,2.73
16,84,4,13,34.15,2.626923076923077
16,87,0,4,13.22,3.305
16,87,1,18,47.71,2.6505555555555556
16,87,2,16,36.8,2.3
16,87,3,7,4.56,0.6514285714285714
16,87,4,2,0.66,0.33
16,90,0,5,17.74,3.5479999999999996
16,90,1,8,26.01,3.25125
16,90,2,12,15.33,1.2775
16,90,3,2,0.44,0.22
16,90,4,11,1.72,0.15636363636363637
16,95,0,8,24.69,3.08625
16,95,1,12,36.86,3.0716666666666668
16,95,2,20,54.42,2.721
16,95,3,20,21.65,1.0825
16,95,4,15,10.38,0.6920000000000001
16,97,0,7,14.58,2.0828571428571427
16,97,1,16,29.66,1.85375
16,97,2,18,24.94,1.3855555555555557
16,97,3,13,16.82,1.2938461538461539
16,97,4,18,16.82,0.9344444444444444
16,99,0,20,44.46,2.223
16,99,1,9,17.07,1.8966666666666667
16,99,2,20,36.86,1.843
16,99,3,9,15.7,1.7444444444444445
16,99,4,7,1.08,0.1542857142857143
17,2,0,19,113.81,5.99
17,2,1,19,91.25,4.802631578947368
17,2,2,1,4.18,4.18
17,2,3,20,76.97,3.8485
17,2,4,19,21.7,1.1421052631578947
17,3,0,17,30.35,1.785294117647059
17,3,1,16,19.19,1.199375
17,3,2,3,3.06,1.02
17,3,3,16,11.94,0.74625
17,3,4,10,6.11,0.611
17,5,0,10,13.95,1.395
17,5,1,6,7.04,1.1733333333333333
17,5,2,16,12.19,0.761875
17,5,3,18,4.7,0.2611111111111111
17,5,4,19,3.82,0.20105263157894737
17,8,0,7,8.58,1.2257142857142858
17,8,1,3,3.62,1.2066666666666668
17,8,2,1,0.72,0.72
17,8,3,13,4.42,0.33999999999999997
17,8,4,11,1.38,0.12545454545454546
17,10,0,1,3.82,3.82
17,10,1,5,17.28,3.4560000000000004
17,10,2,5,10.62,2.1239999999999997
17,10,3,16,31.34,1.95875
17,10,4,5,2.29,0.458
17,11,0,14,25.7,1.8357142857142856
17,11,1,12,19.86,1.655
17,11,2,17,24.72,1.4541176470588235
17,11,3,13,8.21,0.6315384615384616
17,11,4,16,2.95,0.184375
17,12,0,19,39.43,2.075263157894737
17,12,1,20,28.79,1.4395
17,12,2,15,16.24,1.0826666666666667
17,12,3,10,5.46,0.546
17,12,4,15,7.02,0.46799999999999997
17,14,0,16,28.39,1.774375
17,14,1,2,2.14,1.07
17,14,2,17,16.61,0.9770588235294118
17,14,3,14,12.62,0.9014285714285714
17,14,4,14,1.98,0.14142857142857143
17,16,0,4,7.65,1.9125
17,16,1,1,1.76,1.76
17,16,2,19,32.31,1.7005263157894739
17,16,3,6,5.18,0.8633333333333333
17,16,4,17,10.08,0.5929411764705882
17,24,0,11,13.69,1.2445454545454544
17,24,1,18,15.32,0.8511111111111112
17,24,2,6,3.23,0.5383333333333333
17,24,3,1,0.37,0.37
17,24,4,18,2.28,0.12666666666666665
17,26,0,3,11.88,3.9600000000000004
17,26,1,11,38.02,3.4563636363636365
17,26,2,13,25.18,1.936923076923077
17,26,3,14,4.86,0.34714285714285714
17,26,4,19,6.3,0.33157894736842103
17,29,0,9,36.99,4.11
17,29,1,2,5.19,2.595
17,29,2,6,12.28,2.0466666666666664
17,29,3,13,15.92,1.2246153846153847
17,29,4,2,1.9,0.95
17,31,0,18,22.11,1.2283333333333333
17,31,1,2,1.6,0.8
17,31,2,7,2.7,0.38571428571428573
17,31,3,11,4.1,0.3727272727272727
17,31,4,19,3.84,0.20210526315789473
17,33,0,14,95.18,6.798571428571429
17,33,1,9,43.07,4.785555555555556
17,33,2,5,12.01,2.402
17,33,3,20,38.67,1.9335
17,33,4,4,4.01,1.0025
17,34,0,1,1.31,1.31
17,34,1,16,19.88,1.2425
17,34,2,16,10.92,0.6825
17,34,3,2,1.29,0.645
17,34,4,15,0.95,0.06333333333333332
17,39,0,17,30.2,1.776470588235294
17,39,1,8,11.08,1.385
17,39,2,11,13.5,1.2272727272727273
17,39,3,7,1.92,0.2742857142857143
17,39,4,2,0.41,0.205
17,47,0,13,32.27,2.4823076923076925
17,47,1,1,1.52,1.52
17,47,2,18,21.82,1.2122222222222223
17,47,3,16,18.67,1.166875
17,47,4,3,1.36,0.45333333333333337
17,48,0,10,24.12,2.412
17,48,1,12,26.23,2.1858333333333335
17,48,2,10,13.05,1.3050000000000002
17,48,3,11,13.86,1.26
17,48,4,5,2.5,0.5
17,49,0,20,15.61,0.7805
17,49,1,2,1.05,0.525
17,49,2,3,1.55,0.5166666666666667
17,49,3,20,3.48,0.174
17,49,4,3,0.26,0.08666666666666667
17,51,0,9,5.84,0.6488888888888888
17,51,1,19,11.19,0.5889473684210526
17,51,2,14,5.5,0.39285714285714285
17,51,3,10,3.7,0.37
17,51,4,20,2.76,0.13799999999999998
17,52,0,9,19.56,2.1733333333333333
17,52,1,19,22.87,1.203684210526316
17,52,2,13,15.1,1.1615384615384614
17,52,3,2,1.72,0.86
17,52,4,3,1.19,0.39666666666666667
17,53,0,5,49.77,9.954
17,53,1,4,28.23,7.0575
17,53,2,11,57.81,5.255454545454546
17,53,3,2,4.86,2.43
17,53,4,14,16.13,1.1521428571428571
17,58,0,8,12.92,1.615
17,58,1,15,15.26,1.0173333333333334
17,58,2,20,15.22,0.761
17,58,3,1,0.34,0.34
17,58,4,20,5.11,0.2555
17,60,0,17,46.69,2.7464705882352938
17,60,1,3,6.59,2.1966666666666668
17,60,2,5,10.93,2.186
17,60,3,10,18.58,1.8579999999999999
17,60,4,18,9.62,0.5344444444444444
17,62,0,2,1.89,0.945
17,62,1,15,12.15,0.81
17,62,2,5,3.64,0.728
17,62,3,18,12.15,0.675
17,62,4,20,8.44,0.422
17,63,0,1,3.08,3.08
17,63,1,3,6.78,2.2600000000000002
17,63,2,9,13.32,1.48
17,63,3,17,22.08,1.2988235294117647
17,63,4,11,7.09,0.6445454545454545
17,64,0,8,15.54,1.9425
17,64,1,17,32.81,1.9300000000000002
17,64,2,20,37.34,1.8670000000000002
17,64,3,15,22.92,1.528
17,64,4,3,2.95,0.9833333333333334
17,66,0,8,27.91,3.48875
17,66,1,15,38.64,2.576
17,66,2,7,16.72,2.3885714285714283
17,66,3,18,20.01,1.1116666666666668
17,66,4,4,2.65,0.6625
17,73,0,3,28.21,9.403333333333334
17,73,1,16,139.53,8.720625
17,73,2,9,69.64,7.737777777777778
17,73,3,20,120.92,6.046
17,73,4,11,60.64,5.512727272727273
17,78,0,14,28.4,2.0285714285714285
17,78,1,3,4.3,1.4333333333333333
17,78,2,12,14.68,1.2233333333333334
17,78,3,14,16.52,1.18
17,78,4,17,4.17,0.24529411764705883
17,81,0,6,65.22,10.87
17,81,1,7,66.73,9.532857142857143
17,81,2,5,39.87,7.973999999999999
17,81,3,6,38.4,6.3999999999999995
17,81,4,11,59.91,5.446363636363636
17,82,0,14,62.19,4.442142857142857
17,82,1,11,48.54,4.412727272727273
17,82,2,19,63.45,3.3394736842105264
17,82,3,11,23.42,2.1290909090909094
17,82,4,4,1.98,0.495
17,83,0,5,19.55,3.91
17,83,1,18,61.22,3.401111111111111
17,83,2,5,7.99,1.598
17,83,3,18,14.02,0.7788888888888889
17,83,4,12,4.1,0.3416666666666666
17,84,0,1,8.83,8.83
17,84,1,6,45.92,7.653333333333333
17,84,2,18,126.35,7.019444444444444
17,84,3,13,13.97,1.0746153846153847
17,84,4,9,9.3,1.0333333333333334
17,87,0,15,47.16,3.1439999999999997
17,87,1,4,7.55,1.8875
17,87,2,13,14.6,1.123076923076923
17,87,3,14,13.48,0.9628571428571429
17,87,4,14,8.87,0.6335714285714286
17,90,0,9,17.93,1.9922222222222221
17,90,1,6,7.83,1.305
17,90,2,3,3.52,1.1733333333333333
17,90,3,5,5.5,1.1
17,90,4,15,15.96,1.064
17,95,0,13,25.03,1.9253846153846155
17,95,1,20,28.56,1.428
17,95,2,10,12.85,1.285
17,95,3,3,2.89,0.9633333333333334
17,95,4,17,15.82,0.9305882352941177
17,97,0,13,40.22,3.0938461538461537
17,97,1,12,33.72,2.81
17,97,2,8,21.1,2.6375
17,97,3,3,7.58,2.526666666666667
17,97,4,6,5.18,0.8633333333333333
17,99,0,12,10.58,0.8816666666666667
17,99,1,11,5.56,0.5054545454545454
17,99,2,3,1.24,0.41333333333333333
17,99,3,13,4.37,0.33615384615384614
17,99,4,10,1.68,0.16799999999999998
24,2,0,15,84.63,5.6419999999999995
24,2,1,11,56.74,5.158181818181818
24,2,2,9,31.63,3.5144444444444445
24,2,3,5,11.66,2.332
24,2,4,1,1.8,1.8
24,3,0,3,8.19,2.73
24,3,1,19,17.16,0.9031578947368422
24,3,2,3,2.29,0.7633333333333333
24,3,3,11,7.99,0.7263636363636364
24,3,4,17,7.22,0.42470588235294116
24,5,0,19,5.32,0.28
24,5,1,7,1.91,0.27285714285714285
24,5,2,11,3.0,0.2727272727272727
24,5,3,9,1.72,0.19111111111111112
24,5,4,9,0.31,0.034444444444444444
24,8,0,18,35.32,1.9622222222222223
24,8,1,8,5.93,0.74125
24,8,2,19,12.89,0.6784210526315789
24,8,3,10,4.91,0.491
24,8,4,11,4.39,0.39909090909090905
24,10,0,6,23.75,3.9583333333333335
24,10,1,6,20.4,3.4
24,10,2,6,15.61,2.6016666666666666
24,10,3,19,44.96,2.3663157894736844
24,10,4,16,18.8,1.175
24,11,0,11,32.21,2.928181818181818
24,11,1,6,12.69,2.1149999999999998
24,11,2,15,23.89,1.5926666666666667
24,11,3,9,3.8,0.4222222222222222
24,11,4,4,1.04,0.26
24,12,0,6,4.17,0.695
24,12,1,2,0.98,0.49
24,12,2,5,2.05,0.41
24,12,3,8,1.57,0.19625
24,12,4,19,2.87,0.15105263157894738
24,14,0,7,20.53,2.932857142857143
24,14,1,1,2.87,2.87
24,14,2,6,7.77,1.295
24,14,3,11,12.54,1.14
24,14,4,14,4.29,0.30642857142857144
24,16,0,9,4.0,0.4444444444444444
24,16,1,19,8.39,0.44157894736842107
24,16,2,13,4.26,0.32769230769230767
24,16,3,16,1.29,0.080625
24,16,4,3,0.16,0.05333333333333334
24,17,0,5,4.94,0.9880000000000001
24,17,1,5,4.69,0.9380000000000001
24,17,2,1,0.85,0.85
24,17,3,13,7.52,0.5784615384615385
24,17,4,14,3.65,0.26071428571428573
24,26,0,1,2.95,2.95
24,26,1,12,34.83,2.9025
24,26,2,10,27.77,2.777
24,26,3,14,26.12,1.8657142857142859
24,26,4,5,6.49,1.298
24,29,0,5,31.81,6.362
24,29,1,10,59.4,5.9399999999999995
24,29,2,9,19.64,2.1822222222222223
24,29,3,15,18.09,1.206
24,29,4,2,1.18,0.59
24,31,0,9,23.83,2.647777777777778
24,31,1,11,23.48,2.1345454545454547
24,31,2,7,10.16,1.4514285714285715
24,31,3,17,17.85,1.05
24,31,4,11,5.03,0.4572727272727273
24,33,0,2,9.88,4.94
24,33,1,4,19.26,4.815
24,33,2,5,22.58,4.516
24,33,3,11,15.49,1.4081818181818182
24,33,4,14,18.51,1.3221428571428573
24,34,0,11,27.98,2.5436363636363635
24,34,1,12,23.98,1.9983333333333333
24,34,2,15,27.81,1.8539999999999999
24,34,3,12,7.48,0.6233333333333334
24,34,4,1,0.31,0.31
24,39,0,5,10.37,2.074
24,39,1,10,18.59,1.859
24,39,2,6,9.71,1.6183333333333334
24,39,3,15,20.44,1.3626666666666667
24,39,4,6,2.62,0.4366666666666667
24,47,0,14,14.57,1.0407142857142857
24,47,1,14,9.17,0.655
24,47,2,12,6.79,0.5658333333333333
24,47,3,14,6.93,0.495
24,47,4,3,0.32,0.10666666666666667
24,48,0,3,11.34,3.78
24,48,1,8,22.86,2.8575
24,48,2,16,44.92,2.8075
24,48,3,1,1.4,1.4
24,48,4,14,11.9,0.85
24,49,0,11,8.9,0.8090909090909091
24,49,1,18,12.83,0.7127777777777777
24,49,2,8,5.06,0.6325
24,49,3,11,5.38,0.4890909090909091
24,49,4,11,1.79,0.16272727272727272
24,51,0,17,21.38,1.2576470588235293
24,51,1,12,14.64,1.22
24,51,2,18,17.7,0.9833333333333333
24,51,3,1,0.41,0.41
24,51,4,1,0.23,0.23
24,52,0,2,5.61,2.805
24,52,1,20,52.23,2.6115
24,52,2,19,32.77,1.7247368421052633
24,52,3,10,10.15,1.0150000000000001
24,52,4,13,4.66,0.3584615384615385
24,53,0,1,10.4,10.4
24,53,1,14,118.98,8.498571428571429
24,53,2,3,23.89,7.963333333333334
24,53,3,2,10.49,5.245
24,53,4,8,22.95,2.86875
24,58,0,20,71.66,3.5829999999999997
24,58,1,15,39.45,2.6300000000000003
24,58,2,18,43.4,2.411111111111111
24,58,3,17,11.38,0.6694117647058824
24,58,4,14,7.58,0.5414285714285715
24,60,0,16,37.18,2.32375
24,60,1,4,8.78,2.195
24,60,2,19,37.29,1.9626315789473683
24,60,3,1,1.43,1.43
24,60,4,12,8.07,0.6725
24,62,0,20,24.06,1.2029999999999998
24,62,1,19,20.76,1.0926315789473684
24,62,2,15,10.29,0.6859999999999999
24,62,3,4,2.43,0.6075
24,62,4,11,4.32,0.39272727272727276
24,63,0,17,49.96,2.938823529411765
24,63,1,15,38.04,2.536
24,63,2,7,14.49,2.07
24,63,3,20,32.88,1.6440000000000001
24,63,4,5,7.17,1.434
24,64,0,13,35.27,2.7130769230769234
24,64,1,13,19.95,1.5346153846153845
24,64,2,5,6.67,1.334
24,64,3,3,2.36,0.7866666666666666
24,64,4,15,3.88,0.25866666666666666
24,66,0,1,3.67,3.67
24,66,1,16,43.26,2.70375
24,66,2,17,32.36,1.903529411764706
24,66,3,17,12.71,0.7476470588235294
24,66,4,15,7.98,0.532
24,73,0,2,20.5,10.25
24,73,1,13,121.92,9.378461538461538
24,73,2,9,60.07,6.674444444444444
24,73,3,2,9.26,4.63
24,73,4,13,33.96,2.6123076923076924
24,78,0,9,20.52,2.28
24,78,1,16,29.45,1.840625
24,78,2,16,17.87,1.116875
24,78,3,6,5.97,0.995
24,78,4,14,2.63,0.18785714285714286
24,81,0,12,135.31,11.275833333333333
24,81,1,3,16.03,5.343333333333334
24,81,2,5,22.78,4.556
24,81,3,9,28.3,3.1444444444444444
24,81,4,14,42.14,3.0100000000000002
24,82,0,18,144.47,8.026111111111112
24,82,1,18,139.29,7.738333333333333
24,82,2,11,30.15,2.7409090909090907
24,82,3,18,31.64,1.7577777777777779
24,82,4,6,3.29,0.5483333333333333
24,83,0,3,15.53,5.176666666666667
24,83,1,10,51.67,5.167
24,83,2,11,55.56,5.050909090909091
24,83,3,15,18.34,1.2226666666666666
24,83,4,20,12.76,0.638
24,84,0,17,164.1,9.652941176470588
24,84,1,2,7.12,3.56
24,84,2,15,36.36,2.424
24,84,3,12,20.85,1.7375
24,84,4,15,17.26,1.1506666666666667
24,87,0,14,37.29,2.6635714285714287
24,87,1,13,30.93,2.379230769230769
24,87,2,7,14.87,2.124285714285714
24,87,3,5,5.24,1.048
24,87,4,1,0.15,0.15
24,90,0,6,18.91,3.151666666666667
24,90,1,1,1.57,1.57
24,90,2,7,7.34,1.0485714285714285
24,90,3,8,6.87,0.85875
24,90,4,17,7.03,0.4135294117647059
24,95,0,4,13.75,3.4375
24,95,1,8,26.87,3.35875
24,95,2,17,44.19,2.599411764705882
24,95,3,15,23.31,1.5539999999999998
24,95,4,5,7.7,1.54
24,97,0,19,47.35,2.4921052631578946
24,97,1,19,45.85,2.4131578947368424
24,97,2,13,21.62,1.6630769230769231
24,97,3,2,1.87,0.935
24,97,4,10,7.64,0.764
24,99,0,16,30.9,1.93125
24,99,1,11,11.01,1.000909090909091
24,99,2,4,3.99,0.9975
24,99,3,17,7.1,0.41764705882352937
24,99,4,15,5.17,0.3446666666666667
26,2,0,13,34.93,2.686923076923077
26,2,1,4,10.59,2.6475
26,2,2,1,2.17,2.17
26,2,3,15,25.7,1.7133333333333334
26,2,4,12,12.23,1.0191666666666668
26,3,0,11,62.3,5.663636363636363
26,3,1,11,56.78,5.161818181818182
26,3,2,16,74.09,4.630625
26,3,3,17,40.71,2.394705882352941
26,3,4,19,23.99,1.2626315789473683
26,5,0,3,13.6,4.533333333333333
26,5,1,17,43.22,2.5423529411764707
26,5,2,16,31.13,1.945625
26,5,3,19,32.17,1.6931578947368422
26,5,4,8,8.23,1.02875
26,8,0,2,14.24,7.12
26,8,1,11,46.8,4.254545454545454
26,8,2,16,58.89,3.680625
26,8,3,12,33.76,2.813333333333333
26,8,4,10,18.33,1.8329999999999997
26,10,0,8,9.89,1.23625
26,10,1,20,24.13,1.2065
26,10,2,11,10.05,0.9136363636363637
26,10,3,20,15.84,0.792
26,10,4,16,4.98,0.31125
26,11,0,10,48.38,4.838
26,11,1,1,4.43,4.43
26,11,2,5,13.3,2.66
26,11,3,6,14.86,2.4766666666666666
26,11,4,17,39.56,2.327058823529412
26,12,0,1,3.4,3.4
26,12,1,19,60.15,3.1657894736842103
26,12,2,15,45.37,3.0246666666666666
26,12,3,5,13.92,2.784
26,12,4,9,14.13,1.57
26,14,0,4,30.31,7.5775
26,14,1,9,33.11,3.678888888888889
26,14,2,11,21.11,1.919090909090909
26,14,3,14,18.59,1.3278571428571428
26,14,4,16,18.66,1.16625
26,16,0,5,24.62,4.924
26,16,1,8,32.74,4.0925
26,16,2,13,51.33,3.9484615384615385
26,16,3,2,3.91,1.955
26,16,4,19,32.82,1.7273684210526317
26,17,0,4,21.49,5.3725
26,17,1,16,85.4,5.3375
26,17,2,11,42.7,3.8818181818181823
26,17,3,12,41.42,3.4516666666666667
26,17,4,9,13.31,1.478888888888889
26,24,0,11,55.74,5.067272727272727
26,24,1,6,27.81,4.635
26,24,2,15,49.08,3.272
26,24,3,18,48.86,2.714444444444444
26,24,4,2,2.62,1.31
26,29,0,13,40.64,3.126153846153846
26,29,1,4,11.84,2.96
26,29,2,6,14.38,2.396666666666667
26,29,3,8,8.1,1.0125
26,29,4,6,3.41,0.5683333333333334
26,31,0,15,84.66,5.644
26,31,1,16,62.59,3.911875
26,31,2,11,41.98,3.816363636363636
26,31,3,15,27.43,1.8286666666666667
26,31,4,19,5.64,0.29684210526315785
26,33,0,12,25.86,2.155
26,33,1,8,15.11,1.88875
26,33,2,1,1.13,1.13
26,33,3,4,2.43,0.6075
26,33,4,20,4.36,0.21800000000000003
26,34,0,4,18.18,4.545
26,34,1,10,34.36,3.436
26,34,2,2,2.52,1.26
26,34,3,13,4.61,0.35461538461538467
26,34,4,10,2.82,0.282
26,39,0,3,10.65,3.5500000000000003
26,39,1,20,69.67,3.4835000000000003
26,39,2,3,5.32,1.7733333333333334
26,39,3,15,20.84,1.3893333333333333
26,39,4,15,16.37,1.0913333333333335
26,47,0,3,12.99,4.33
26,47,1,19,58.82,3.0957894736842104
26,47,2,18,42.33,2.3516666666666666
26,47,3,4,6.08,1.52
26,47,4,8,4.34,0.5425
26,48,0,18,71.28,3.96
26,48,1,4,14.58,3.645
26,48,2,6,13.02,2.17
26,48,3,9,18.79,2.0877777777777777
26,48,4,10,14.83,1.483
26,49,0,13,57.61,4.431538461538461
26,49,1,9,27.17,3.018888888888889
26,49,2,17,44.47,2.6158823529411763
26,49,3,12,8.64,0.7200000000000001
26,49,4,5,2.62,0.524
26,51,0,8,33.99,4.24875
26,51,1,5,20.83,4.1659999999999995
26,51,2,20,25.85,1.2925
26,51,3,10,8.09,0.8089999999999999
26,51,4,1,0.64,0.64
26,52,0,17,48.25,2.838235294117647
26,52,1,2,5.18,2.59
26,52,2,18,31.24,1.7355555555555555
26,52,3,7,8.27,1.1814285714285713
26,52,4,14,2.58,0.1842857142857143
26,53,0,16,81.81,5.113125
26,53,1,4,18.77,4.6925
26,53,2,10,20.15,2.0149999999999997
26,53,3,9,12.55,1.3944444444444446
26,53,4,1,1.13,1.13
26,58,0,19,96.14,5.06
26,58,1,16,75.37,4.710625
26,58,2,13,17.63,1.356153846153846
26,58,3,11,9.67,0.879090909090909
26,58,4,2,1.05,0.525
26,60,0,14,40.41,2.886428571428571
26,60,1,20,52.97,2.6485
26,60,2,6,13.12,2.1866666666666665
26,60,3,5,6.28,1.256
26,60,4,19,21.23,1.1173684210526316
26,62,0,5,16.24,3.2479999999999998
26,62,1,3,7.04,2.3466666666666667
26,62,2,6,13.81,2.3016666666666667
26,62,3,1,1.21,1.21
26,62,4,12,11.41,0.9508333333333333
26,63,0,8,12.97,1.62125
26,63,1,16,20.8,1.3
26,63,2,10,9.68,0.968
26,63,3,1,0.83,0.83
26,63,4,18,13.6,0.7555555555555555
26,64,0,13,95.14,7.318461538461539
26,64,1,5,33.15,6.63
26,64,2,17,72.96,4.291764705882352
26,64,3,3,5.45,1.8166666666666667
26,64,4,3,4.45,1.4833333333333334
26,66,0,4,9.75,2.4375
26,66,1,2,3.98,1.99
26,66,2,19,23.49,1.236315789473684
26,66,3,10,5.09,0.509
26,66,4,7,1.66,0.23714285714285713
26,73,0,9,82.67,9.185555555555556
26,73,1,11,89.01,8.091818181818182
26,73,2,1,5.56,5.56
26,73,3,7,31.56,4.508571428571428
26,73,4,12,35.83,2.9858333333333333
26,78,0,15,76.51,5.100666666666667
26,78,1,2,7.82,3.91
26,78,2,10,36.63,3.6630000000000003
26,78,3,1,2.37,2.37
26,78,4,12,3.68,0.3066666666666667
26,81,0,1,7.35,7.35
26,81,1,12,40.41,3.3674999999999997
26,81,2,6,18.76,3.126666666666667
26,81,3,13,14.26,1.096923076923077
26,81,4,15,7.23,0.48200000000000004
26,82,0,19,112.23,5.906842105263158
26,82,1,5,20.81,4.162
26,82,2,3,10.18,3.393333333333333
26,82,3,13,40.67,3.1284615384615386
26,82,4,7,6.94,0.9914285714285714
26,83,0,16,9.51,0.594375
26,83,1,10,5.84,0.584
26,83,2,15,6.18,0.412
26,83,3,10,3.98,0.398
26,83,4,4,0.98,0.245
26,84,0,19,113.38,5.967368421052631
26,84,1,16,82.5,5.15625
26,84,2,13,50.2,3.8615384615384616
26,84,3,12,34.39,2.8658333333333332
26,84,4,7,14.17,2.0242857142857145
26,87,0,20,24.89,1.2445
26,87,1,12,11.59,0.9658333333333333
26,87,2,19,17.86,0.94
26,87,3,9,7.8,0.8666666666666667
26,87,4,9,2.27,0.25222222222222224
26,90,0,17,88.97,5.233529411764706
26,90,1,3,14.85,4.95
26,90,2,18,28.24,1.5688888888888888
26,90,3,13,18.02,1.386153846153846
26,90,4,5,4.11,0.8220000000000001
26,95,0,3,19.71,6.57
26,95,1,20,113.03,5.6515
26,95,2,17,69.57,4.09235294117647
26,95,3,15,56.14,3.7426666666666666
26,95,4,7,16.8,2.4
26,97,0,8,33.32,4.165
26,97,1,5,6.04,1.208
26,97,2,14,16.57,1.1835714285714285
26,97,3,7,7.68,1.0971428571428572
26,97,4,19,14.2,0.7473684210526316
26,99,0,2,12.79,6.395
26,99,1,2,10.73,5.365
26,99,2,18,59.16,3.2866666666666666
26,99,3,12,38.81,3.234166666666667
26,99,4,20,23.38,1.169
29,2,0,12,17.7,1.4749999999999999
29,2,1,19,23.5,1.236842105263158
29,2,2,17,16.75,0.9852941176470589
29,2,3,9,8.61,0.9566666666666666
29,2,4,19,11.91,0.6268421052631579
29,3,0,15,89.12,5.941333333333334
29,3,1,5,26.94,5.388
29,3,2,10,19.22,1.922
29,3,3,15,20.79,1.386
29,3,4,6,6.4,1.0666666666666667
29,5,0,4,23.04,5.76
29,5,1,10,53.98,5.398
29,5,2,16,84.04,5.2525
29,5,3,20,100.13,5.0065
29,5,4,14,39.98,2.8557142857142854
29,8,0,13,91.74,7.056923076923076
29,8,1,20,125.1,6.255
29,8,2,4,13.16,3.29
29,8,3,13,26.32,2.0246153846153847
29,8,4,17,24.13,1.4194117647058824
29,10,0,18,79.53,4.418333333333333
29,10,1,14,35.64,2.545714285714286
29,10,2,16,32.83,2.051875
29,10,3,2,4.04,2.02
29,10,4,3,5.07,1.6900000000000002
29,11,0,2,13.26,6.63
29,11,1,10,49.97,4.997
29,11,2,16,77.3,4.83125
29,11,3,8,29.34,3.6675
29,11,4,7,10.34,1.477142857142857
29,12,0,16,79.68,4.98
29,12,1,20,59.96,2.998
29,12,2,2,4.36,2.18
29,12,3,4,8.54,2.135
29,12,4,17,19.07,1.121764705882353
29,14,0,3,23.07,7.69
29,14,1,7,52.35,7.478571428571429
29,14,2,4,28.27,7.0675
29,14,3,6,32.07,5.345
29,14,4,3,15.74,5.246666666666667
29,16,0,12,72.43,6.035833333333334
29,16,1,4,21.51,5.3775
29,16,2,10,41.07,4.107
29,16,3,20,35.73,1.7864999999999998
29,16,4,2,1.64,0.82
29,17,0,14,86.59,6.1850000000000005
29,17,1,20,49.29,2.4645
29,17,2,2,4.52,2.26
29,17,3,2,2.69,1.345
29,17,4,12,15.78,1.315
29,24,0,6,28.07,4.678333333333334
29,24,1,17,48.78,2.8694117647058826
29,24,2,5,12.81,2.5620000000000003
29,24,3,5,6.02,1.204
29,24,4,4,4.1,1.025
29,26,0,4,17.12,4.28
29,26,1,11,38.22,3.4745454545454546
29,26,2,17,39.29,2.311176470588235
29,26,3,11,16.94,1.54
29,26,4,18,26.29,1.4605555555555556
29,31,0,5,26.76,5.352
29,31,1,6,17.86,2.9766666666666666
29,31,2,6,10.97,1.8283333333333334
29,31,3,8,7.55,0.94375
29,31,4,11,6.33,0.5754545454545454
29,33,0,9,24.47,2.718888888888889
29,33,1,18,29.44,1.6355555555555557
29,33,2,13,16.93,1.3023076923076924
29,33,3,19,12.34,0.6494736842105263
29,33,4,12,2.94,0.245
29,34,0,1,5.12,5.12
29,34,1,9,39.39,4.376666666666667
29,34,2,20,73.48,3.6740000000000004
29,34,3,17,58.09,3.417058823529412
29,34,4,14,44.79,3.1992857142857143
29,39,0,9,40.97,4.552222222222222
29,39,1,17,74.55,4.385294117647058
29,39,2,9,19.27,2.141111111111111
29,39,3,9,18.06,2.0066666666666664
29,39,4,6,9.61,1.6016666666666666
29,47,0,13,82.9,6.376923076923077
29,47,1,16,80.34,5.02125
29,47,2,3,15.06,5.0200000000000005
29,47,3,19,94.29,4.962631578947369
29,47,4,9,38.8,4.311111111111111
29,48,0,3,7.59,2.53
29,48,1,5,12.17,2.434
29,48,2,16,20.59,1.286875
29,48,3,6,7.41,1.235
29,48,4,1,0.56,0.56
29,49,0,16,73.04,4.565
29,49,1,1,3.97,3.97
29,49,2,2,3.9,1.95
29,49,3,17,19.97,1.174705882352941
29,49,4,7,2.31,0.33
29,51,0,15,63.93,4.262
29,51,1,7,28.58,4.082857142857143
29,51,2,2,3.27,1.635
29,51,3,4,4.82,1.205
29,51,4,8,4.04,0.505
29,52,0,9,24.18,2.6866666666666665
29,52,1,6,14.75,2.4583333333333335
29,52,2,4,5.29,1.3225
29,52,3,19,22.95,1.2078947368421051
29,52,4,6,4.85,0.8083333333333332
29,53,0,17,62.38,3.6694117647058824
29,53,1,6,16.01,2.6683333333333334
29,53,2,14,21.5,1.5357142857142858
29,53,3,6,6.29,1.0483333333333333
29,53,4,4,1.13,0.2825
29,58,0,15,65.74,4.382666666666666
29,58,1,16,53.87,3.366875
29,58,2,12,20.92,1.7433333333333334
29,58,3,4,5.79,1.4475
29,58,4,19,20.57,1.0826315789473684
29,60,0,11,60.87,5.533636363636363
29,60,1,13,57.42,4.416923076923077
29,60,2,1,2.42,2.42
29,60,3,4,7.46,1.865
29,60,4,9,3.0,0.3333333333333333
29,62,0,12,60.45,5.0375000000000005
29,62,1,5,13.21,2.6420000000000003
29,62,2,2,4.23,2.115
29,62,3,19,28.42,1.4957894736842106
29,62,4,4,2.28,0.57
29,63,0,19,77.97,4.103684210526316
29,63,1,6,13.86,2.31
29,63,2,7,15.48,2.2114285714285713
29,63,3,12,22.23,1.8525
29,63,4,6,1.64,0.2733333333333333
29,64,0,12,69.16,5.763333333333333
29,64,1,17,80.33,4.725294117647059
29,64,2,11,25.4,2.309090909090909
29,64,3,4,7.14,1.785
29,64,4,13,8.52,0.6553846153846153
29,66,0,14,30.58,2.184285714285714
29,66,1,8,15.94,1.9925
29,66,2,13,24.53,1.886923076923077
29,66,3,13,21.23,1.633076923076923
29,66,4,9,14.22,1.58
29,73,0,17,79.77,4.692352941176471
29,73,1,11,50.59,4.59909090909091
29,73,2,9,26.02,2.891111111111111
29,73,3,2,4.61,2.305
29,73,4,16,19.3,1.20625
29,78,0,13,54.36,4.181538461538461
29,78,1,10,35.15,3.5149999999999997
29,78,2,12,31.3,2.6083333333333334
29,78,3,14,26.22,1.8728571428571428
29,78,4,19,31.22,1.6431578947368422
29,81,0,11,37.63,3.4209090909090913
29,81,1,5,15.46,3.092
29,81,2,20,56.83,2.8415
29,81,3,12,12.64,1.0533333333333335
29,81,4,16,7.87,0.491875
29,82,0,18,32.74,1.818888888888889
29,82,1,8,13.42,1.6775
29,82,2,17,26.93,1.5841176470588234
29,82,3,16,8.87,0.554375
29,82,4,7,3.72,0.5314285714285715
29,83,0,9,32.6,3.6222222222222222
29,83,1,8,26.56,3.32
29,83,2,10,26.39,2.6390000000000002
29,83,3,11,12.3,1.1181818181818182
29,83,4,16,8.26,0.51625
29,84,0,11,32.03,2.911818181818182
29,84,1,12,23.68,1.9733333333333334
29,84,2,19,35.8,1.8842105263157893
29,84,3,1,1.17,1.17
29,84,4,6,6.93,1.155
29,87,0,8,22.78,2.8475
29,87,1,10,23.51,2.351
29,87,2,15,27.97,1.8646666666666667
29,87,3,13,14.83,1.1407692307692308
29,87,4,10,5.13,0.513
29,90,0,3,20.75,6.916666666666667
29,90,1,14,80.03,5.716428571428572
29,90,2,12,40.72,3.393333333333333
29,90,3,13,30.61,2.3546153846153848
29,90,4,9,20.31,2.2566666666666664
29,95,0,15,113.94,7.596
29,95,1,9,60.43,6.714444444444444
29,95,2,11,56.09,5.09909090909091
29,95,3,13,55.64,4.28
29,95,4,18,7.52,0.41777777777777775
29,97,0,9,73.13,8.125555555555556
29,97,1,11,76.24,6.930909090909091
29,97,2,13,82.62,6.355384615384616
29,97,3,7,9.18,1.3114285714285714
29,97,4,5,3.49,0.6980000000000001
29,99,0,7,29.32,4.188571428571429
29,99,1,18,60.29,3.3494444444444444
29,99,2,13,35.21,2.7084615384615387
29,99,3,3,2.88,0.96
29,99,4,12,7.13,0.5941666666666666
31,2,0,8,46.63,5.82875
31,2,1,1,3.84,3.84
31,2,2,19,61.0,3.210526315789474
31,2,3,11,20.21,1.8372727272727274
31,2,4,16,24.73,1.545625
31,3,0,3,3.94,1.3133333333333332
31,3,1,14,12.91,0.9221428571428572
31,3,2,4,3.01,0.7525
31,3,3,16,6.06,0.37875
31,3,4,11,1.95,0.17727272727272728
31,5,0,15,45.93,3.062
31,5,1,15,28.56,1.904
31,5,2,2,3.14,1.57
31,5,3,5,3.54,0.708
31,5,4,5,0.68,0.136
31,8,0,6,11.7,1.95
31,8,1,11,21.13,1.920909090909091
31,8,2,17,29.48,1.7341176470588235
31,8,3,6,4.6,0.7666666666666666
31,8,4,16,1.63,0.101875
31,10,0,2,10.28,5.14
31,10,1,18,85.29,4.738333333333333
31,10,2,4,14.29,3.5725
31,10,3,3,9.72,3.24
31,10,4,16,15.07,0.941875
31,11,0,12,18.45,1.5374999999999999
31,11,1,18,20.7,1.15
31,11,2,4,2.55,0.6375
31,11,3,9,3.6,0.4
31,11,4,10,1.22,0.122
31,12,0,8,25.13,3.14125
31,12,1,5,12.58,2.516
31,12,2,18,41.52,2.3066666666666666
31,12,3,6,13.31,2.2183333333333333
31,12,4,12,25.31,2.1091666666666664
31,14,0,2,4.22,2.11
31,14,1,6,8.21,1.3683333333333334
31,14,2,1,1.34,1.34
31,14,3,4,2.94,0.735
31,14,4,16,11.23,0.701875
31,16,0,10,28.66,2.866
31,16,1,9,15.07,1.6744444444444444
31,16,2,3,4.0,1.3333333333333333
31,16,3,4,5.11,1.2775
31,16,4,13,6.98,0.536923076923077
31,17,0,8,11.0,1.375
31,17,1,4,4.61,1.1525
31,17,2,15,17.21,1.1473333333333333
31,17,3,6,6.26,1.0433333333333332
31,17,4,6,4.52,0.7533333333333333
31,24,0,16,40.41,2.525625
31,24,1,14,28.51,2.0364285714285715
31,24,2,9,13.55,1.5055555555555555
31,24,3,5,6.92,1.384
31,24,4,19,14.43,0.7594736842105263
31,26,0,4,25.04,6.26
31,26,1,20,91.55,4.5775
31,26,2,12,47.01,3.9175
31,26,3,3,5.46,1.82
31,26,4,15,5.92,0.39466666666666667
31,29,0,12,65.42,5.451666666666667
31,29,1,8,43.5,5.4375
31,29,2,18,92.0,5.111111111111111
31,29,3,11,32.39,2.944545454545455
31,29,4,17,34.44,2.0258823529411765
31,33,0,20,141.37,7.0685
31,33,1,15,75.93,5.062
31,33,2,2,8.99,4.495
31,33,3,7,22.15,3.164285714285714
31,33,4,3,7.27,2.4233333333333333
31,34,0,15,9.31,0.6206666666666667
31,34,1,18,9.55,0.5305555555555556
31,34,2,20,10.44,0.522
31,34,3,17,7.83,0.46058823529411763
31,34,4,19,8.11,0.42684210526315786
31,39,0,20,8.47,0.42350000000000004
31,39,1,14,4.01,0.2864285714285714
31,39,2,17,3.68,0.21647058823529414
31,39,3,15,1.78,0.11866666666666667
31,39,4,12,0.95,0.07916666666666666
31,47,0,20,79.6,3.9799999999999995
31,47,1,10,17.54,1.754
31,47,2,6,9.69,1.615
31,47,3,3,3.18,1.06
31,47,4,12,3.28,0.2733333333333333
31,48,0,4,12.36,3.09
31,48,1,2,4.89,2.445
31,48,2,6,3.49,0.5816666666666667
31,48,3,9,3.78,0.42
31,48,4,12,2.9,0.24166666666666667
31,49,0,4,8.12,2.03
31,49,1,9,15.89,1.7655555555555555
31,49,2,13,21.89,1.683846153846154
31,49,3,6,8.9,1.4833333333333334
31,49,4,14,4.01,0.2864285714285714
31,51,0,15,12.25,0.8166666666666667
31,51,1,4,3.15,0.7875
31,51,2,3,1.66,0.5533333333333333
31,51,3,11,5.65,0.5136363636363637
31,51,4,16,1.79,0.111875
31,52,0,2,5.6,2.8
31,52,1,10,14.48,1.448
31,52,2,5,5.36,1.072
31,52,3,3,1.98,0.66
31,52,4,2,0.39,0.195
31,53,0,8,35.66,4.4575
31,53,1,6,22.89,3.815
31,53,2,9,32.83,3.647777777777778
31,53,3,4,9.62,2.405
31,53,4,20,27.77,1.3885
31,58,0,9,4.44,0.4933333333333334
31,58,1,7,3.2,0.4571428571428572
31,58,2,11,4.63,0.4209090909090909
31,58,3,3,0.74,0.24666666666666667
31,58,4,2,0.41,0.205
31,60,0,13,50.87,3.9130769230769227
31,60,1,5,18.66,3.732
31,60,2,6,21.36,3.56
31,60,3,6,13.16,2.1933333333333334
31,60,4,17,34.32,2.018823529411765
31,62,0,16,24.94,1.55875
31,62,1,19,26.85,1.4131578947368422
31,62,2,1,0.23,0.23
31,62,3,15,2.58,0.17200000000000001
31,62,4,3,0.36,0.12
31,63,0,8,32.91,4.11375
31,63,1,19,74.21,3.90578947368421
31,63,2,4,13.36,3.34
31,63,3,1,3.25,3.25
31,63,4,18,4.25,0.2361111111111111
31,64,0,4,9.39,2.3475
31,64,1,13,24.13,1.856153846153846
31,64,2,19,25.02,1.3168421052631578
31,64,3,3,2.47,0.8233333333333334
31,64,4,20,12.36,0.618
31,66,0,19,49.66,2.6136842105263156
31,66,1,1,1.94,1.94
31,66,2,11,18.32,1.6654545454545455
31,66,3,4,4.59,1.1475
31,66,4,17,5.01,0.29470588235294115
31,73,0,9,82.36,9.151111111111112
31,73,1,3,15.87,5.29
31,73,2,18,72.6,4.033333333333333
31,73,3,5,7.58,1.516
31,73,4,3,2.23,0.7433333333333333
31,78,0,13,18.71,1.4392307692307693
31,78,1,17,23.51,1.3829411764705883
31,78,2,8,9.04,1.13
31,78,3,2,1.73,0.865
31,78,4,15,10.42,0.6946666666666667
31,81,0,14,122.67,8.762142857142857
31,81,1,8,61.94,7.7425
31,81,2,18,136.09,7.560555555555556
31,81,3,1,4.69,4.69
31,81,4,2,0.88,0.44
31,82,0,1,6.64,6.64
31,82,1,4,25.32,6.33
31,82,2,19,112.81,5.937368421052632
31,82,3,11,30.09,2.7354545454545454
31,82,4,18,10.28,0.5711111111111111
31,83,0,7,42.55,6.078571428571428
31,83,1,19,49.93,2.627894736842105
31,83,2,12,31.51,2.6258333333333335
31,83,3,7,17.44,2.4914285714285715
31,83,4,2,4.41,2.205
31,84,0,13,104.17,8.013076923076923
31,84,1,7,48.54,6.934285714285714
31,84,2,8,50.26,6.2825
31,84,3,11,44.75,4.068181818181818
31,84,4,3,12.03,4.01
31,87,0,7,29.74,4.248571428571428
31,87,1,6,24.79,4.131666666666667
31,87,2,17,50.81,2.9888235294117647
31,87,3,4,7.01,1.7525
31,87,4,6,3.5,0.5833333333333334
31,90,0,2,3.6,1.8
31,90,1,7,10.56,1.5085714285714287
31,90,2,11,15.02,1.3654545454545455
31,90,3,4,4.24,1.06
31,90,4,1,0.16,0.16
31,95,0,15,29.88,1.992
31,95,1,5,9.58,1.916
31,95,2,19,20.71,1.09
31,95,3,15,16.17,1.078
31,95,4,16,15.41,0.963125
31,97,0,14,61.01,4.357857142857143
31,97,1,5,20.82,4.164
31,97,2,7,25.4,3.6285714285714286
31,97,3,8,27.82,3.4775
31,97,4,16,47.47,2.966875
31,99,0,10,4.49,0.449
31,99,1,7,1.55,0.22142857142857145
31,99,2,15,1.9,0.12666666666666665
31,99,3,6,0.51,0.085
31,99,4,3,0.14,0.04666666666666667
33,2,0,17,13.48,0.7929411764705883
33,2,1,8,6.31,0.78875
33,2,2,1,0.69,0.69
33,2,3,14,8.97,0.6407142857142858
33,2,4,19,6.45,0.3394736842105263
33,3,0,16,103.96,6.4975
33,3,1,20,95.17,4.7585
33,3,2,12,56.57,4.714166666666666
33,3,3,2,8.78,4.39
33,3,4,6,19.09,3.1816666666666666
33,5,0,19,125.76,6.618947368421053
33,5,1,18,114.87,6.381666666666667
33,5,2,18,112.16,6.231111111111111
33,5,3,1,2.92,2.92
33,5,4,12,29.3,2.441666666666667
33,8,0,11,85.01,7.7281818181818185
33,8,1,8,57.55,7.19375
33,8,2,4,19.82,4.955
33,8,3,20,56.0,2.8
33,8,4,2,3.63,1.815
33,10,0,7,22.54,3.2199999999999998
33,10,1,4,8.67,2.1675
33,10,2,13,17.49,1.3453846153846152
33,10,3,14,15.7,1.1214285714285714
33,10,4,6,6.0,1.0
33,11,0,9,70.52,7.835555555555555
33,11,1,5,38.1,7.62
33,11,2,1,5.89,5.89
33,11,3,14,35.7,2.5500000000000003
33,11,4,4,6.7,1.675
33,12,0,5,27.14,5.428
33,12,1,13,67.25,5.173076923076923
33,12,2,11,27.71,2.519090909090909
33,12,3,9,19.74,2.1933333333333334
33,12,4,12,24.69,2.0575
33,14,0,12,67.3,5.608333333333333
33,14,1,13,70.15,5.3961538461538465
33,14,2,5,13.0,2.6
33,14,3,10,22.96,2.2960000000000003
33,14,4,15,21.62,1.4413333333333334
33,16,0,7,47.57,6.795714285714285
33,16,1,16,43.38,2.71125
33,16,2,4,8.74,2.185
33,16,3,16,23.29,1.455625
33,16,4,9,5.2,0.5777777777777778
33,17,0,10,65.23,6.523000000000001
33,17,1,20,128.19,6.4094999999999995
33,17,2,4,14.94,3.735
33,17,3,20,8.39,0.41950000000000004
33,17,4,18,6.38,0.35444444444444445
33,24,0,19,45.65,2.4026315789473682
33,24,1,6,13.86,2.31
33,24,2,4,8.09,2.0225
33,24,3,13,14.45,1.1115384615384616
33,24,4,5,1.86,0.372
33,26,0,4,8.02,2.005
33,26,1,7,13.32,1.9028571428571428
33,26,2,4,7.56,1.89
33,26,3,6,9.48,1.58
33,26,4,6,7.27,1.2116666666666667
33,29,0,1,1.8,1.8
33,29,1,13,19.19,1.4761538461538461
33,29,2,2,2.15,1.075
33,29,3,12,11.27,0.9391666666666666
33,29,4,12,9.72,0.81
33,31,0,6,27.07,4.511666666666667
33,31,1,20,81.4,4.07
33,31,2,8,17.16,2.145
33,31,3,10,19.81,1.9809999999999999
33,31,4,20,37.62,1.8809999999999998
33,34,0,8,63.48,7.935
33,34,1,18,117.4,6.522222222222222
33,34,2,17,48.65,2.861764705882353
33,34,3,19,27.77,1.461578947368421
33,34,4,8,7.56,0.945
33,39,0,17,100.15,5.891176470588236
33,39,1,7,37.33,5.332857142857143
33,39,2,1,4.91,4.91
33,39,3,16,46.3,2.89375
33,39,4,14,28.02,2.0014285714285713
33,47,0,3,17.12,5.706666666666667
33,47,1,15,77.09,5.139333333333334
33,47,2,7,34.95,4.992857142857143
33,47,3,11,7.52,0.6836363636363636
33,47,4,3,1.87,0.6233333333333334
33,48,0,15,59.63,3.9753333333333334
33,48,1,2,3.56,1.78
33,48,2,16,25.62,1.60125
33,48,3,3,2.01,0.6699999999999999
33,48,4,4,0.69,0.1725
33,49,0,9,48.95,5.438888888888889
33,49,1,12,62.4,5.2
33,49,2,19,87.62,4.611578947368422
33,49,3,9,16.11,1.79
33,49,4,11,16.43,1.4936363636363637
33,51,0,17,105.89,6.228823529411764
33,51,1,5,20.56,4.112
33,51,2,13,49.89,3.8376923076923077
33,51,3,10,37.83,3.783
33,51,4,14,24.76,1.7685714285714287
33,52,0,1,2.96,2.96
33,52,1,16,43.81,2.738125
33,52,2,16,26.68,1.6675
33,52,3,6,8.93,1.4883333333333333
33,52,4,14,4.5,0.32142857142857145
33,53,0,13,22.7,1.7461538461538462
33,53,1,18,14.56,0.8088888888888889
33,53,2,20,14.92,0.746
33,53,3,7,2.7,0.38571428571428573
33,53,4,9,3.24,0.36000000000000004
33,58,0,20,103.14,5.157
33,58,1,10,49.64,4.964
33,58,2,5,23.39,4.678
33,58,3,9,39.53,4.392222222222222
33,58,4,5,20.75,4.15
33,60,0,19,73.49,3.867894736842105
33,60,1,4,13.1,3.275
33,60,2,5,14.08,2.816
33,60,3,4,3.25,0.8125
33,60,4,19,14.23,0.7489473684210527
33,62,0,11,48.16,4.378181818181818
33,62,1,14,15.18,1.0842857142857143
33,62,2,14,13.84,0.9885714285714285
33,62,3,14,10.15,0.725
33,62,4,5,1.52,0.304
33,63,0,5,20.41,4.082
33,63,1,8,20.05,2.50625
33,63,2,19,47.39,2.4942105263157894
33,63,3,5,8.89,1.778
33,63,4,2,0.85,0.425
33,64,0,11,104.26,9.478181818181818
33,64,1,20,175.3,8.765
33,64,2,15,91.9,6.126666666666667
33,64,3,3,14.16,4.72
33,64,4,11,46.04,4.1854545454545455
33,66,0,9,21.99,2.4433333333333334
33,66,1,20,45.95,2.2975000000000003
33,66,2,19,36.8,1.9368421052631577
33,66,3,13,23.17,1.7823076923076924
33,66,4,14,1.67,0.11928571428571429
33,73,0,19,75.6,3.978947368421052
33,73,1,2,7.31,3.655
33,73,2,9,32.06,3.5622222222222226
33,73,3,12,41.79,3.4825
33,73,4,6,7.25,1.2083333333333333
33,78,0,6,31.49,5.248333333333333
33,78,1,11,55.74,5.067272727272727
33,78,2,17,74.72,4.395294117647059
33,78,3,8,9.09,1.13625
33,78,4,20,12.09,0.6045
33,81,0,4,12.76,3.19
33,81,1,10,29.08,2.908
33,81,2,5,13.94,2.788
33,81,3,9,15.77,1.7522222222222221
33,81,4,17,27.08,1.592941176470588
33,82,0,19,47.76,2.5136842105263155
33,82,1,7,9.2,1.3142857142857143
33,82,2,18,18.17,1.0094444444444446
33,82,3,9,8.8,0.9777777777777779
33,82,4,18,10.25,0.5694444444444444
33,83,0,5,9.82,1.964
33,83,1,20,38.86,1.943
33,83,2,14,26.82,1.9157142857142857
33,83,3,7,7.22,1.0314285714285714
33,83,4,10,1.63,0.16299999999999998
33,84,0,19,36.97,1.9457894736842105
33,84,1,16,28.57,1.785625
33,84,2,13,22.51,1.7315384615384617
33,84,3,12,20.0,1.6666666666666667
33,84,4,11,13.04,1.1854545454545453
33,87,0,17,34.09,2.005294117647059
33,87,1,7,13.46,1.922857142857143
33,87,2,12,22.12,1.8433333333333335
33,87,3,4,3.23,0.8075
33,87,4,14,3.44,0.24571428571428572
33,90,0,3,24.6,8.200000000000001
33,90,1,7,55.97,7.9957142857142856
33,90,2,13,101.99,7.845384615384615
33,90,3,8,28.39,3.54875
33,90,4,1,2.69,2.69
33,95,0,6,53.36,8.893333333333333
33,95,1,13,105.59,8.122307692307693
33,95,2,18,135.21,7.511666666666667
33,95,3,4,13.85,3.4625
33,95,4,17,9.02,0.5305882352941176
33,97,0,15,80.52,5.367999999999999
33,97,1,1,4.55,4.55
33,97,2,7,28.08,4.011428571428572
33,97,3,20,76.32,3.816
33,97,4,20,25.61,1.2805
33,99,0,7,53.01,7.572857142857143
33,99,1,17,82.6,4.858823529411764
33,99,2,11,44.33,4.03
33,99,3,7,19.34,2.762857142857143
33,99,4,9,16.46,1.828888888888889
34,2,0,4,17.2,4.3
34,2,1,10,35.71,3.571
34,2,2,3,7.51,2.5033333333333334
34,2,3,9,15.58,1.731111111111111
34,2,4,10,14.87,1.4869999999999999
34,3,0,2,2.12,1.06
34,3,1,13,13.51,1.0392307692307692
34,3,2,12,5.23,0.43583333333333335
34,3,3,16,5.39,0.336875
34,3,4,6,0.9,0.15
34,5,0,6,16.77,2.795
34,5,1,13,34.55,2.6576923076923076
34,5,2,12,27.96,2.33
34,5,3,5,6.51,1.302
34,5,4,1,0.93,0.93
34,8,0,20,26.54,1.327
34,8,1,5,6.17,1.234
34,8,2,5,6.11,1.222
34,8,3,1,0.84,0.84
34,8,4,17,9.09,0.5347058823529411
34,10,0,12,56.62,4.718333333333333
34,10,1,7,32.64,4.662857142857143
34,10,2,20,79.52,3.976
34,10,3,2,6.79,3.395
34,10,4,3,7.61,2.5366666666666666
34,11,0,4,4.25,1.0625
34,11,1,19,18.65,0.981578947368421
34,11,2,18,15.3,0.8500000000000001
34,11,3,7,4.52,0.6457142857142857
34,11,4,19,8.03,0.4226315789473684
34,12,0,4,12.3,3.075
34,12,1,19,57.2,3.0105263157894737
34,12,2,4,11.62,2.905
34,12,3,12,31.62,2.6350000000000002
34,12,4,4,4.84,1.21
34,14,0,9,14.57,1.6188888888888888
34,14,1,17,23.61,1.3888235294117646
34,14,2,5,3.35,0.67
34,14,3,10,6.06,0.606
34,14,4,7,1.79,0.2557142857142857
34,16,0,17,31.42,1.8482352941176472
34,16,1,17,25.74,1.5141176470588233
34,16,2,20,27.02,1.351
34,16,3,16,18.55,1.159375
34,16,4,4,0.58,0.145
34,17,0,18,11.88,0.66
34,17,1,14,8.27,0.5907142857142856
34,17,2,13,6.0,0.46153846153846156
34,17,3,10,3.57,0.357
34,17,4,18,1.12,0.06222222222222223
34,24,0,12,29.33,2.4441666666666664
34,24,1,13,31.03,2.386923076923077
34,24,2,2,2.84,1.42
34,24,3,11,14.14,1.2854545454545454
34,24,4,18,22.54,1.2522222222222221
34,26,0,11,62.23,5.657272727272727
34,26,1,1,5.12,5.12
34,26,2,18,23.99,1.3327777777777776
34,26,3,20,24.94,1.247
34,26,4,7,1.99,0.2842857142857143
34,29,0,2,11.54,5.77
34,29,1,6,31.57,5.261666666666667
34,29,2,17,63.57,3.739411764705882
34,29,3,2,7.18,3.59
34,29,4,5,16.03,3.2060000000000004
34,31,0,6,2.15,0.35833333333333334
34,31,1,3,1.02,0.34
34,31,2,16,2.4,0.15
34,31,3,16,1.51,0.094375
34,31,4,8,0.53,0.06625
34,33,0,18,118.82,6.601111111111111
34,33,1,12,70.11,5.8425
34,33,2,2,8.75,4.375
34,33,3,19,31.28,1.6463157894736842
34,33,4,2,1.2,0.6
34,39,0,11,14.83,1.3481818181818181
34,39,1,17,17.15,1.0088235294117647
34,39,2,19,18.13,0.9542105263157894
34,39,3,12,10.92,0.91
34,39,4,3,1.94,0.6466666666666666
34,47,0,14,49.96,3.5685714285714285
34,47,1,19,67.78,3.5673684210526315
34,47,2,16,49.14,3.07125
34,47,3,5,13.42,2.684
34,47,4,5,1.3,0.26
34,48,0,14,34.21,2.4435714285714285
34,48,1,15,33.29,2.219333333333333
34,48,2,13,20.56,1.5815384615384613
34,48,3,13,7.09,0.5453846153846154
34,48,4,11,5.93,0.5390909090909091
34,49,0,5,9.55,1.9100000000000001
34,49,1,1,1.57,1.57
34,49,2,2,3.13,1.565
34,49,3,20,28.42,1.421
34,49,4,1,0.73,0.73
34,51,0,8,13.94,1.7425
34,51,1,5,6.74,1.348
34,51,2,5,3.14,0.628
34,51,3,10,5.83,0.583
34,51,4,15,7.01,0.4673333333333333
34,52,0,17,66.36,3.9035294117647057
34,52,1,4,7.64,1.91
34,52,2,20,32.58,1.629
34,52,3,15,17.23,1.1486666666666667
34,52,4,8,2.21,0.27625
34,53,0,8,64.42,8.0525
34,53,1,19,141.27,7.435263157894737
34,53,2,17,116.28,6.84
34,53,3,2,9.81,4.905
34,53,4,6,15.59,2.598333333333333
34,58,0,15,25.65,1.71
34,58,1,20,23.49,1.1744999999999999
34,58,2,9,10.29,1.1433333333333333
34,58,3,19,21.23,1.1173684210526316
34,58,4,12,3.13,0.2608333333333333
34,60,0,14,29.53,2.1092857142857144
34,60,1,20,22.72,1.136
34,60,2,4,3.44,0.86
34,60,3,5,3.44,0.688
34,60,4,5,2.17,0.434
34,62,0,13,29.75,2.2884615384615383
34,62,1,16,29.97,1.873125
34,62,2,19,14.17,0.7457894736842106
34,62,3,17,12.51,0.7358823529411764
34,62,4,8,5.48,0.685
34,63,0,16,77.14,4.82125
34,63,1,4,14.25,3.5625
34,63,2,2,5.11,2.555
34,63,3,19,48.26,2.54
34,63,4,17,13.64,0.8023529411764706
34,64,0,8,11.76,1.47
34,64,1,7,7.75,1.1071428571428572
34,64,2,11,7.22,0.6563636363636364
34,64,3,13,5.81,0.44692307692307687
34,64,4,11,3.16,0.2872727272727273
34,66,0,8,39.53,4.94125
34,66,1,16,75.16,4.6975
34,66,2,2,7.67,3.835
34,66,3,3,2.63,0.8766666666666666
34,66,4,13,5.92,0.4553846153846154
34,73,0,17,165.11,9.712352941176471
34,73,1,11,51.61,4.691818181818181
34,73,2,11,39.08,3.5527272727272727
34,73,3,17,55.19,3.2464705882352938
34,73,4,5,15.03,3.006
34,78,0,11,23.92,2.174545454545455
34,78,1,4,5.53,1.3825
34,78,2,12,12.45,1.0374999999999999
34,78,3,13,6.33,0.4869230769230769
34,78,4,9,1.39,0.15444444444444444
34,81,0,6,47.5,7.916666666666667
34,81,1,8,60.22,7.5275
34,81,2,19,124.1,6.531578947368421
34,81,3,18,68.61,3.8116666666666665
34,81,4,12,40.41,3.3674999999999997
34,82,0,17,131.8,7.752941176470589
34,82,1,11,81.73,7.430000000000001
34,82,2,19,128.89,6.783684210526315
34,82,3,13,83.53,6.4253846153846155
34,82,4,6,13.08,2.18
34,83,0,18,114.5,6.361111111111111
34,83,1,15,89.0,5.933333333333334
34,83,2,5,20.58,4.116
34,83,3,10,22.99,2.299
34,83,4,5,3.23,0.646
34,84,0,14,123.52,8.822857142857142
34,84,1,17,144.61,8.506470588235295
34,84,2,16,123.95,7.746875
34,84,3,13,76.32,5.8707692307692305
34,84,4,17,17.08,1.0047058823529411
34,87,0,8,36.6,4.575
34,87,1,3,7.1,2.3666666666666667
34,87,2,14,24.94,1.7814285714285716
34,87,3,18,13.28,0.7377777777777778
34,87,4,12,6.76,0.5633333333333334
34,90,0,17,14.27,0.8394117647058823
34,90,1,16,10.92,0.6825
34,90,2,7,3.86,0.5514285714285714
34,90,3,15,7.7,0.5133333333333333
34,90,4,1,0.06,0.06
34,95,0,19,17.49,0.9205263157894736
34,95,1,17,6.41,0.3770588235294118
34,95,2,5,1.3,0.26
34,95,3,10,1.55,0.155
34,95,4,6,0.4,0.06666666666666667
34,97,0,14,73.67,5.262142857142857
34,97,1,6,30.15,5.0249999999999995
34,97,2,10,32.81,3.281
34,97,3,7,10.07,1.4385714285714286
34,97,4,8,3.83,0.47875
34,99,0,18,3.46,0.1922222222222222
34,99,1,20,2.59,0.1295
34,99,2,20,2.43,0.12150000000000001
34,99,3,1,0.03,0.03
34,99,4,4,0.11,0.0275
39,2,0,16,87.8,5.4875
39,2,1,9,37.94,4.2155555555555555
39,2,2,16,59.22,3.70125
39,2,3,16,58.36,3.6475
39,2,4,10,9.95,0.9949999999999999
39,3,0,3,5.8,1.9333333333333333
39,3,1,18,31.89,1.7716666666666667
39,3,2,9,13.51,1.501111111111111
39,3,3,19,26.12,1.3747368421052633
39,3,4,19,15.48,0.8147368421052632
39,5,0,5,7.46,1.492
39,5,1,19,22.83,1.2015789473684209
39,5,2,6,6.35,1.0583333333333333
39,5,3,2,1.9,0.95
39,5,4,15,8.48,0.5653333333333334
39,8,0,11,25.86,2.350909090909091
39,8,1,2,2.23,1.115
39,8,2,16,15.99,0.999375
39,8,3,4,1.9,0.475
39,8,4,4,0.73,0.1825
39,10,0,12,50.27,4.189166666666667
39,10,1,10,38.63,3.8630000000000004
39,10,2,9,30.6,3.4000000000000004
39,10,3,1,1.97,1.97
39,10,4,19,20.98,1.1042105263157895
39,11,0,5,11.51,2.302
39,11,1,8,15.83,1.97875
39,11,2,15,5.92,0.39466666666666667
39,11,3,9,2.39,0.26555555555555554
39,11,4,12,2.3,0.19166666666666665
39,12,0,10,22.95,2.295
39,12,1,2,2.95,1.475
39,12,2,17,11.15,0.6558823529411765
39,12,3,15,8.25,0.55
39,12,4,7,3.61,0.5157142857142857
39,14,0,16,38.93,2.433125
39,14,1,15,27.79,1.8526666666666667
39,14,2,6,10.2,1.7
39,14,3,2,0.56,0.28
39,14,4,14,2.9,0.20714285714285713
39,16,0,4,14.48,3.62
39,16,1,20,17.41,0.8705
39,16,2,8,4.02,0.5025
39,16,3,13,3.96,0.3046153846153846
39,16,4,16,3.47,0.216875
39,17,0,10,15.09,1.509
39,17,1,15,18.8,1.2533333333333334
39,17,2,6,6.39,1.065
39,17,3,11,5.61,0.51
39,17,4,14,6.06,0.43285714285714283
39,24,0,15,47.28,3.152
39,24,1,13,37.58,2.8907692307692305
39,24,2,13,33.24,2.556923076923077
39,24,3,3,4.89,1.63
39,24,4,7,10.71,1.53
39,26,0,12,56.31,4.6925
39,26,1,15,47.47,3.1646666666666667
39,26,2,11,22.39,2.0354545454545456
39,26,3,7,12.63,1.8042857142857145
39,26,4,13,6.36,0.48923076923076925
39,29,0,10,50.41,5.0409999999999995
39,29,1,13,36.89,2.8376923076923077
39,29,2,20,47.17,2.3585000000000003
39,29,3,2,2.27,1.135
39,29,4,2,1.08,0.54
39,31,0,16,5.92,0.37
39,31,1,16,4.32,0.27
39,31,2,5,1.27,0.254
39,31,3,20,3.61,0.1805
39,31,4,8,1.26,0.1575
39,33,0,17,70.59,4.152352941176471
39,33,1,12,33.03,2.7525
39,33,2,4,10.1,2.525
39,33,3,9,15.71,1.7455555555555557
39,33,4,2,3.47,1.735
39,34,0,2,2.76,1.38
39,34,1,1,1.36,1.36
39,34,2,6,7.24,1.2066666666666668
39,34,3,13,14.87,1.1438461538461537
39,34,4,16,3.88,0.2425
39,47,0,10,39.65,3.965
39,47,1,8,30.31,3.78875
39,47,2,4,14.25,3.5625
39,47,3,9,15.8,1.7555555555555555
39,47,4,1,0.95,0.95
39,48,0,10,24.1,2.41
39,48,1,4,9.48,2.37
39,48,2,19,26.54,1.3968421052631579
39,48,3,20,24.49,1.2245
39,48,4,19,20.19,1.0626315789473686
39,49,0,15,36.99,2.466
39,49,1,14,24.82,1.772857142857143
39,49,2,6,8.67,1.445
39,49,3,17,16.85,0.9911764705882353
39,49,4,1,0.82,0.82
39,51,0,11,14.08,1.28
39,51,1,15,9.96,0.664
39,51,2,15,9.52,0.6346666666666666
39,51,3,9,3.42,0.38
39,51,4,2,0.62,0.31
39,52,0,7,20.56,2.937142857142857
39,52,1,4,11.66,2.915
39,52,2,3,7.7,2.566666666666667
39,52,3,5,11.62,2.324
39,52,4,4,6.34,1.585
39,53,0,6,51.64,8.606666666666667
39,53,1,18,140.32,7.795555555555556
39,53,2,3,12.72,4.24
39,53,3,10,30.72,3.072
39,53,4,10,4.93,0.493
39,58,0,6,2.83,0.4716666666666667
39,58,1,3,1.16,0.38666666666666666
39,58,2,19,6.98,0.3673684210526316
39,58,3,18,4.34,0.2411111111111111
39,58,4,2,0.12,0.06
39,60,0,18,68.68,3.815555555555556
39,60,1,2,5.04,2.52
39,60,2,18,42.24,2.3466666666666667
39,60,3,14,25.11,1.7935714285714286
39,60,4,5,7.45,1.49
39,62,0,9,18.91,2.101111111111111
39,62,1,7,14.7,2.1
39,62,2,16,28.71,1.794375
39,62,3,10,6.5,0.65
39,62,4,7,3.21,0.4585714285714286
39,63,0,8,30.17,3.77125
39,63,1,11,36.34,3.303636363636364
39,63,2,6,11.23,1.8716666666666668
39,63,3,10,13.91,1.391
39,63,4,11,6.62,0.6018181818181818
39,64,0,7,20.95,2.992857142857143
39,64,1,19,49.6,2.610526315789474
39,64,2,2,4.4,2.2
39,64,3,1,1.86,1.86
39,64,4,5,4.43,0.8859999999999999
39,66,0,2,7.51,3.755
39,66,1,4,10.9,2.725
39,66,2,15,35.89,2.3926666666666665
39,66,3,9,8.02,0.8911111111111111
39,66,4,18,11.8,0.6555555555555556
39,73,0,9,81.26,9.02888888888889
39,73,1,17,123.61,7.271176470588236
39,73,2,8,54.34,6.7925
39,73,3,16,39.95,2.496875
39,73,4,15,20.22,1.3479999999999999
39,78,0,20,16.17,0.8085000000000001
39,78,1,19,9.8,0.5157894736842106
39,78,2,9,4.59,0.51
39,78,3,6,0.76,0.12666666666666668
39,78,4,17,0.75,0.04411764705882353
39,81,0,3,21.74,7.246666666666666
39,81,1,18,93.39,5.1883333333333335
39,81,2,6,28.4,4.733333333333333
39,81,3,5,22.09,4.418
39,81,4,19,57.55,3.0289473684210524
39,82,0,1,6.81,6.81
39,82,1,19,123.22,6.485263157894737
39,82,2,9,48.64,5.404444444444445
39,82,3,10,50.24,5.024
39,82,4,14,13.65,0.975
39,83,0,1,5.66,5.66
39,83,1,4,22.01,5.5025
39,83,2,3,11.81,3.936666666666667
39,83,3,2,3.29,1.645
39,83,4,3,4.42,1.4733333333333334
39,84,0,11,90.62,8.238181818181818
39,84,1,12,93.69,7.8075
39,84,2,15,79.55,5.303333333333333
39,84,3,8,37.33,4.66625
39,84,4,13,21.69,1.6684615384615387
39,87,0,7,25.52,3.6457142857142855
39,87,1,2,4.42,2.21
39,87,2,9,16.47,1.8299999999999998
39,87,3,1,1.48,1.48
39,87,4,10,10.19,1.019
39,90,0,15,33.93,2.262
39,90,1,20,38.12,1.906
39,90,2,9,13.64,1.5155555555555555
39,90,3,19,16.43,0.8647368421052631
39,90,4,17,9.56,0.5623529411764706
39,95,0,19,47.56,2.5031578947368422
39,95,1,14,32.98,2.3557142857142854
39,95,2,8,15.06,1.8825
39,95,3,16,16.29,1.018125
39,95,4,8,3.74,0.4675
39,97,0,1,2.91,2.91
39,97,1,5,10.4,2.08
39,97,2,20,25.82,1.291
39,97,3,18,17.65,0.9805555555555555
39,97,4,9,8.78,0.9755555555555555
39,99,0,13,9.16,0.7046153846153846
39,99,1,5,2.07,0.414
39,99,2,7,2.77,0.39571428571428574
39,99,3,1,0.2,0.2
39,99,4,18,2.46,0.13666666666666666
47,2,0,13,90.01,6.923846153846155
47,2,1,3,18.99,6.329999999999999
47,2,2,13,75.37,5.797692307692308
47,2,3,12,42.07,3.5058333333333334
47,2,4,8,8.04,1.005
47,3,0,15,57.41,3.8273333333333333
47,3,1,14,48.38,3.455714285714286
47,3,2,11,28.41,2.5827272727272725
47,3,3,13,13.01,1.0007692307692309
47,3,4,19,12.77,0.6721052631578948
47,5,0,6,5.41,0.9016666666666667
47,5,1,19,9.13,0.48052631578947375
47,5,2,14,4.43,0.3164285714285714
47,5,3,5,1.22,0.244
47,5,4,15,3.63,0.242
47,8,0,5,13.85,2.77
47,8,1,16,37.55,2.346875
47,8,2,19,23.31,1.2268421052631577
47,8,3,11,10.35,0.9409090909090909
47,8,4,10,8.48,0.8480000000000001
47,10,0,8,25.39,3.17375
47,10,1,14,30.49,2.177857142857143
47,10,2,14,30.12,2.1514285714285717
47,10,3,8,16.79,2.09875
47,10,4,19,38.4,2.0210526315789474
47,11,0,2,7.99,3.995
47,11,1,20,59.08,2.9539999999999997
47,11,2,12,32.44,2.703333333333333
47,11,3,6,11.69,1.9483333333333333
47,11,4,9,6.85,0.7611111111111111
47,12,0,1,1.71,1.71
47,12,1,20,27.21,1.3605
47,12,2,11,8.99,0.8172727272727273
47,12,3,7,5.33,0.7614285714285715
47,12,4,13,7.16,0.5507692307692308
47,14,0,11,46.69,4.244545454545454
47,14,1,10,35.54,3.554
47,14,2,7,16.39,2.3414285714285716
47,14,3,8,13.17,1.64625
47,14,4,19,5.9,0.3105263157894737
47,16,0,10,8.94,0.8939999999999999
47,16,1,2,0.61,0.305
47,16,2,7,1.98,0.28285714285714286
47,16,3,8,1.08,0.135
47,16,4,19,2.19,0.11526315789473685
47,17,0,1,2.58,2.58
47,17,1,16,37.65,2.353125
47,17,2,6,10.13,1.6883333333333335
47,17,3,13,13.57,1.0438461538461539
47,17,4,20,16.27,0.8135
47,24,0,5,5.9,1.1800000000000002
47,24,1,10,8.8,0.8800000000000001
47,24,2,18,13.27,0.7372222222222222
47,24,3,8,3.26,0.4075
47,24,4,5,0.41,0.08199999999999999
47,26,0,16,60.47,3.779375
47,26,1,6,22.09,3.6816666666666666
47,26,2,11,30.08,2.7345454545454544
47,26,3,9,17.7,1.9666666666666666
47,26,4,18,27.37,1.5205555555555557
47,29,0,13,76.44,5.88
47,29,1,13,44.77,3.4438461538461542
47,29,2,17,50.72,2.9835294117647058
47,29,3,19,45.63,2.4015789473684213
47,29,4,18,40.87,2.270555555555555
47,31,0,8,31.34,3.9175
47,31,1,14,26.42,1.8871428571428572
47,31,2,13,22.11,1.7007692307692308
47,31,3,1,0.93,0.93
47,31,4,9,2.38,0.2644444444444444
47,33,0,4,23.37,5.8425
47,33,1,5,20.48,4.096
47,33,2,6,16.64,2.7733333333333334
47,33,3,16,37.99,2.374375
47,33,4,2,0.74,0.37
47,34,0,18,60.69,3.3716666666666666
47,34,1,8,20.01,2.50125
47,34,2,20,11.92,0.596
47,34,3,12,4.11,0.3425
47,34,4,6,0.98,0.16333333333333333
47,39,0,1,4.15,4.15
47,39,1,8,28.17,3.52125
47,39,2,15,29.68,1.9786666666666666
47,39,3,11,18.64,1.6945454545454546
47,39,4,6,8.19,1.365
47,48,0,16,69.09,4.318125
47,48,1,2,7.97,3.985
47,48,2,12,43.57,3.6308333333333334
47,48,3,17,55.98,3.2929411764705883
47,48,4,11,26.12,2.3745454545454545
47,49,0,16,27.64,1.7275
47,49,1,1,0.88,0.88
47,49,2,16,12.81,0.800625
47,49,3,8,3.78,0.4725
47,49,4,7,2.07,0.2957142857142857
47,51,0,1,2.68,2.68
47,51,1,18,45.99,2.555
47,51,2,3,6.77,2.2566666666666664
47,51,3,3,3.51,1.17
47,51,4,11,7.53,0.6845454545454546
47,52,0,4,11.22,2.805
47,52,1,6,14.78,2.4633333333333334
47,52,2,1,1.19,1.19
47,52,3,7,7.92,1.1314285714285715
47,52,4,18,13.9,0.7722222222222223
47,53,0,2,21.28,10.64
47,53,1,9,57.04,6.337777777777777
47,53,2,9,45.93,5.1033333333333335
47,53,3,20,95.88,4.794
47,53,4,17,41.53,2.442941176470588
47,58,0,5,22.15,4.43
47,58,1,5,17.88,3.5759999999999996
47,58,2,13,21.59,1.6607692307692308
47,58,3,3,4.12,1.3733333333333333
47,58,4,11,11.23,1.020909090909091
47,60,0,11,16.31,1.4827272727272727
47,60,1,1,1.36,1.36
47,60,2,2,1.9,0.95
47,60,3,9,2.94,0.32666666666666666
47,60,4,3,0.83,0.27666666666666667
47,62,0,2,4.05,2.025
47,62,1,11,14.95,1.3590909090909091
47,62,2,8,9.69,1.21125
47,62,3,1,0.88,0.88
47,62,4,5,1.1,0.22000000000000003
47,63,0,5,9.76,1.952
47,63,1,13,12.7,0.9769230769230769
47,63,2,12,8.19,0.6825
47,63,3,6,3.74,0.6233333333333334
47,63,4,6,2.89,0.4816666666666667
47,64,0,16,43.02,2.68875
47,64,1,9,18.46,2.051111111111111
47,64,2,16,32.24,2.015
47,64,3,16,22.39,1.399375
47,64,4,20,15.41,0.7705
47,66,0,3,9.91,3.3033333333333332
47,66,1,18,54.13,3.0072222222222225
47,66,2,16,44.59,2.786875
47,66,3,6,14.85,2.475
47,66,4,6,1.21,0.20166666666666666
47,73,0,16,171.2,10.7
47,73,1,15,104.92,6.994666666666666
47,73,2,10,58.48,5.848
47,73,3,5,24.44,4.888
47,73,4,17,64.49,3.7935294117647054
47,78,0,5,21.27,4.254
47,78,1,10,37.14,3.714
47,78,2,18,29.52,1.64
47,78,3,3,4.0,1.3333333333333333
47,78,4,16,12.21,0.763125
47,81,0,12,119.21,9.934166666666666
47,81,1,12,106.52,8.876666666666667
47,81,2,20,156.74,7.837000000000001
47,81,3,6,23.1,3.85
47,81,4,3,5.34,1.78
47,82,0,20,176.02,8.801
47,82,1,17,123.22,7.248235294117647
47,82,2,20,126.39,6.3195
47,82,3,12,67.23,5.6025
47,82,4,5,2.12,0.42400000000000004
47,83,0,14,55.83,3.9878571428571425
47,83,1,13,45.9,3.5307692307692307
47,83,2,10,16.82,1.682
47,83,3,6,7.63,1.2716666666666667
47,83,4,8,8.91,1.11375
47,84,0,5,50.17,10.034
47,84,1,18,169.84,9.435555555555556
47,84,2,15,129.91,8.660666666666666
47,84,3,19,142.89,7.520526315789473
47,84,4,11,69.2,6.290909090909091
47,87,0,17,43.41,2.5535294117647056
47,87,1,13,30.97,2.382307692307692
47,87,2,14,31.2,2.2285714285714286
47,87,3,4,5.32,1.33
47,87,4,6,5.73,0.9550000000000001
47,90,0,3,13.22,4.406666666666667
47,90,1,16,60.61,3.788125
47,90,2,13,41.08,3.1599999999999997
47,90,3,6,7.57,1.2616666666666667
47,90,4,12,11.4,0.9500000000000001
47,95,0,8,37.44,4.68
47,95,1,19,56.07,2.9510526315789476
47,95,2,17,23.09,1.358235294117647
47,95,3,6,5.28,0.88
47,95,4,18,3.72,0.20666666666666667
47,97,0,15,19.65,1.3099999999999998
47,97,1,12,7.8,0.65
47,97,2,2,1.23,0.615
47,97,3,4,1.96,0.49
47,97,4,1,0.09,0.09
47,99,0,13,36.03,2.7715384615384617
47,99,1,13,19.86,1.5276923076923077
47,99,2,19,28.29,1.4889473684210526
47,99,3,19,21.24,1.1178947368421053
47,99,4,6,4.94,0.8233333333333334
48,2,0,11,28.88,2.6254545454545455
48,2,1,3,3.96,1.32
48,2,2,15,7.33,0.4886666666666667
48,2,3,19,7.88,0.4147368421052631
48,2,4,9,2.55,0.2833333333333333
48,3,0,20,71.09,3.5545
48,3,1,6,16.02,2.67
48,3,2,9,20.16,2.24
48,3,3,6,7.52,1.2533333333333332
48,3,4,16,6.26,0.39125
48,5,0,15,52.8,3.52
48,5,1,10,34.1,3.41
48,5,2,5,12.61,2.522
48,5,3,3,1.25,0.4166666666666667
48,5,4,11,3.36,0.3054545454545454
48,8,0,12,56.93,4.744166666666667
48,8,1,17,64.54,3.7964705882352945
48,8,2,13,24.54,1.8876923076923076
48,8,3,18,13.08,0.7266666666666667
48,8,4,16,4.73,0.295625
48,10,0,17,53.04,3.12
48,10,1,8,23.27,2.90875
48,10,2,20,49.81,2.4905
48,10,3,19,35.9,1.8894736842105262
48,10,4,4,6.22,1.555
48,11,0,15,69.49,4.632666666666666
48,11,1,9,32.44,3.6044444444444443
48,11,2,1,3.58,3.58
48,11,3,18,60.26,3.3477777777777775
48,11,4,1,0.96,0.96
48,12,0,16,46.08,2.88
48,12,1,15,34.25,2.283333333333333
48,12,2,11,22.85,2.0772727272727276
48,12,3,8,3.08,0.385
48,12,4,16,4.88,0.305
48,14,0,12,67.02,5.585
48,14,1,9,49.49,5.498888888888889
48,14,2,15,47.24,3.1493333333333333
48,14,3,3,3.52,1.1733333333333333
48,14,4,3,3.01,1.0033333333333332
48,16,0,13,39.12,3.009230769230769
48,16,1,8,21.75,2.71875
48,16,2,1,1.39,1.39
48,16,3,16,18.09,1.130625
48,16,4,4,4.26,1.065
48,17,0,1,2.65,2.65
48,17,1,2,4.72,2.36
48,17,2,7,15.6,2.2285714285714286
48,17,3,3,4.82,1.6066666666666667
48,17,4,4,1.39,0.3475
48,24,0,14,58.08,4.148571428571429
48,24,1,14,39.8,2.8428571428571425
48,24,2,5,13.47,2.694
48,24,3,5,8.47,1.6940000000000002
48,24,4,8,2.04,0.255
48,26,0,13,28.49,2.191538461538461
48,26,1,19,34.26,1.803157894736842
48,26,2,16,23.78,1.48625
48,26,3,17,19.74,1.1611764705882353
48,26,4,8,7.48,0.935
48,29,0,13,34.49,2.6530769230769233
48,29,1,6,12.79,2.1316666666666664
48,29,2,2,4.01,2.005
48,29,3,7,3.37,0.48142857142857143
48,29,4,14,2.51,0.17928571428571427
48,31,0,15,41.77,2.784666666666667
48,31,1,10,27.46,2.746
48,31,2,12,30.74,2.5616666666666665
48,31,3,13,23.32,1.7938461538461539
48,31,4,6,9.44,1.5733333333333333
48,33,0,15,61.81,4.120666666666667
48,33,1,16,57.93,3.620625
48,33,2,6,13.76,2.2933333333333334
48,33,3,14,12.09,0.8635714285714285
48,33,4,20,7.12,0.356
48,34,0,6,20.94,3.49
48,34,1,13,19.6,1.5076923076923079
48,34,2,10,13.99,1.399
48,34,3,19,17.4,0.9157894736842105
48,34,4,15,5.59,0.37266666666666665
48,39,0,6,12.58,2.0966666666666667
48,39,1,18,28.81,1.6005555555555555
48,39,2,19,26.99,1.4205263157894736
48,39,3,11,7.98,0.7254545454545455
48,39,4,9,4.49,0.49888888888888894
48,47,0,9,32.4,3.5999999999999996
48,47,1,3,8.53,2.8433333333333333
48,47,2,1,2.81,2.81
48,47,3,12,14.8,1.2333333333333334
48,47,4,18,7.84,0.43555555555555553
48,49,0,3,6.34,2.1133333333333333
48,49,1,6,12.5,2.0833333333333335
48,49,2,7,9.78,1.397142857142857
48,49,3,15,18.25,1.2166666666666666
48,49,4,8,3.86,0.4825
48,51,0,8,15.87,1.98375
48,51,1,7,10.12,1.4457142857142855
48,51,2,9,11.79,1.3099999999999998
48,51,3,3,2.1,0.7000000000000001
48,51,4,3,1.1,0.3666666666666667
48,52,0,10,15.09,1.509
48,52,1,12,9.02,0.7516666666666666
48,52,2,18,12.49,0.6938888888888889
48,52,3,18,7.75,0.4305555555555556
48,52,4,11,1.08,0.09818181818181819
48,53,0,13,87.37,6.720769230769231
48,53,1,1,3.67,3.67
48,53,2,6,17.51,2.9183333333333334
48,53,3,8,15.04,1.88
48,53,4,8,14.41,1.80125
48,58,0,18,27.82,1.5455555555555556
48,58,1,7,9.61,1.3728571428571428
48,58,2,10,11.51,1.151
48,58,3,16,12.66,0.79125
48,58,4,20,13.41,0.6705
48,60,0,2,6.73,3.365
48,60,1,11,31.62,2.8745454545454545
48,60,2,16,34.7,2.16875
48,60,3,14,28.44,2.0314285714285716
48,60,4,17,17.34,1.02
48,62,0,6,10.64,1.7733333333333334
48,62,1,2,2.28,1.14
48,62,2,19,19.68,1.0357894736842106
48,62,3,11,3.5,0.3181818181818182
48,62,4,20,5.85,0.2925
48,63,0,6,14.94,2.4899999999999998
48,63,1,2,4.72,2.36
48,63,2,18,29.74,1.652222222222222
48,63,3,17,24.61,1.4476470588235293
48,63,4,18,23.73,1.3183333333333334
48,64,0,16,80.98,5.06125
48,64,1,7,28.2,4.0285714285714285
48,64,2,16,57.68,3.605
48,64,3,15,32.52,2.168
48,64,4,1,2.08,2.08
48,66,0,9,13.15,1.4611111111111112
48,66,1,5,2.57,0.514
48,66,2,3,0.73,0.24333333333333332
48,66,3,18,4.23,0.23500000000000001
48,66,4,9,1.49,0.16555555555555557
48,73,0,4,26.64,6.66
48,73,1,17,111.7,6.570588235294117
48,73,2,19,123.09,6.478421052631579
48,73,3,10,32.37,3.2369999999999997
48,73,4,6,16.87,2.811666666666667
48,78,0,13,13.29,1.0223076923076921
48,78,1,17,5.17,0.30411764705882355
48,78,2,10,2.98,0.298
48,78,3,14,4.02,0.2871428571428571
48,78,4,7,1.22,0.1742857142857143
48,81,0,12,82.87,6.905833333333334
48,81,1,9,59.67,6.63
48,81,2,13,77.43,5.956153846153847
48,81,3,1,5.82,5.82
48,81,4,9,38.91,4.323333333333333
48,82,0,13,59.35,4.565384615384615
48,82,1,16,70.43,4.401875
48,82,2,20,55.74,2.787
48,82,3,1,2.54,2.54
48,82,4,11,14.65,1.3318181818181818
48,83,0,8,20.64,2.58
48,83,1,3,7.64,2.5466666666666664
48,83,2,7,15.99,2.2842857142857143
48,83,3,4,4.24,1.06
48,83,4,16,14.48,0.905
48,84,0,13,84.23,6.479230769230769
48,84,1,1,6.34,6.34
48,84,2,4,18.71,4.6775
48,84,3,7,25.31,3.6157142857142857
48,84,4,12,41.98,3.498333333333333
48,87,0,12,13.2,1.0999999999999999
48,87,1,5,4.66,0.932
48,87,2,5,2.2,0.44000000000000006
48,87,3,12,5.15,0.4291666666666667
48,87,4,16,3.21,0.200625
48,90,0,7,18.18,2.597142857142857
48,90,1,16,27.63,1.726875
48,90,2,4,4.92,1.23
48,90,3,7,2.32,0.3314285714285714
48,90,4,3,0.87,0.29
48,95,0,19,72.52,3.8168421052631576
48,95,1,16,47.58,2.97375
48,95,2,16,37.18,2.32375
48,95,3,3,2.85,0.9500000000000001
48,95,4,1,0.81,0.81
48,97,0,13,76.36,5.873846153846154
48,97,1,12,57.11,4.759166666666666
48,97,2,2,6.88,3.44
48,97,3,14,29.93,2.137857142857143
48,97,4,6,7.48,1.2466666666666668
48,99,0,15,32.07,2.138
48,99,1,11,21.38,1.9436363636363636
48,99,2,3,5.76,1.92
48,99,3,4,4.33,1.0825
48,99,4,1,0.56,0.56
49,2,0,17,98.61,5.800588235294118
49,2,1,7,37.11,5.301428571428572
49,2,2,10,31.12,3.112
49,2,3,14,28.38,2.027142857142857
49,2,4,9,9.05,1.0055555555555555
49,3,0,17,44.06,2.591764705882353
49,3,1,18,43.51,2.417222222222222
49,3,2,11,12.01,1.0918181818181818
49,3,3,12,9.32,0.7766666666666667
49,3,4,13,6.77,0.5207692307692308
49,5,0,17,14.19,0.8347058823529412
49,5,1,3,1.87,0.6233333333333334
49,5,2,5,2.77,0.554
49,5,3,18,6.39,0.355
49,5,4,14,4.61,0.3292857142857143
49,8,0,14,29.77,2.1264285714285713
49,8,1,5,9.8,1.9600000000000002
49,8,2,8,11.67,1.45875
49,8,3,4,5.11,1.2775
49,8,4,12,12.6,1.05
49,10,0,10,27.38,2.738
49,10,1,10,14.6,1.46
49,10,2,10,8.69,0.869
49,10,3,2,1.08,0.54
49,10,4,20,3.68,0.184
49,11,0,2,6.07,3.035
49,11,1,12,34.79,2.8991666666666664
49,11,2,5,13.09,2.618
49,11,3,18,19.97,1.1094444444444445
49,11,4,7,7.39,1.0557142857142856
49,12,0,20,17.22,0.861
49,12,1,11,6.22,0.5654545454545454
49,12,2,2,0.92,0.46
49,12,3,16,6.41,0.400625
49,12,4,15,0.86,0.05733333333333333
49,14,0,19,56.45,2.9710526315789476
49,14,1,20,42.59,2.1295
49,14,2,6,10.85,1.8083333333333333
49,14,3,14,8.3,0.5928571428571429
49,14,4,18,7.91,0.43944444444444447
49,16,0,15,17.32,1.1546666666666667
49,16,1,20,18.85,0.9425000000000001
49,16,2,15,12.05,0.8033333333333333
49,16,3,6,1.69,0.2816666666666667
49,16,4,7,1.5,0.21428571428571427
49,17,0,8,8.46,1.0575
49,17,1,16,16.72,1.045
49,17,2,20,10.86,0.5429999999999999
49,17,3,18,7.34,0.4077777777777778
49,17,4,11,2.85,0.2590909090909091
49,24,0,6,4.64,0.7733333333333333
49,24,1,1,0.66,0.66
49,24,2,3,1.94,0.6466666666666666
49,24,3,19,6.12,0.32210526315789473
49,24,4,2,0.25,0.125
49,26,0,2,7.96,3.98
49,26,1,10,23.36,2.336
49,26,2,15,32.35,2.1566666666666667
49,26,3,12,12.19,1.0158333333333334
49,26,4,10,6.51,0.651
49,29,0,15,82.75,5.516666666666667
49,29,1,16,80.61,5.038125
49,29,2,1,3.31,3.31
49,29,3,13,32.35,2.4884615384615385
49,29,4,15,10.9,0.7266666666666667
49,31,0,3,6.67,2.223333333333333
49,31,1,9,17.08,1.8977777777777776
49,31,2,11,16.49,1.499090909090909
49,31,3,18,23.41,1.3005555555555555
49,31,4,5,4.55,0.9099999999999999
49,33,0,20,124.11,6.2055
49,33,1,3,17.18,5.726666666666667
49,33,2,9,42.13,4.681111111111111
49,33,3,15,59.63,3.9753333333333334
49,33,4,8,14.91,1.86375
49,34,0,17,34.5,2.0294117647058822
49,34,1,11,13.79,1.2536363636363637
49,34,2,16,19.79,1.236875
49,34,3,8,7.81,0.97625
49,34,4,1,0.96,0.96
49,39,0,1,2.29,2.29
49,39,1,8,15.26,1.9075
49,39,2,19,31.13,1.638421052631579
49,39,3,15,4.62,0.308
49,39,4,15,4.55,0.30333333333333334
49,47,0,11,15.04,1.3672727272727272
49,47,1,12,10.92,0.91
49,47,2,18,16.22,0.9011111111111111
49,47,3,20,5.59,0.27949999999999997
49,47,4,10,1.18,0.118
49,48,0,4,6.27,1.5675
49,48,1,5,7.6,1.52
49,48,2,20,25.63,1.2814999999999999
49,48,3,19,22.58,1.1884210526315788
49,48,4,15,11.16,0.744
49,51,0,8,4.58,0.5725
49,51,1,9,4.9,0.5444444444444445
49,51,2,17,9.16,0.5388235294117647
49,51,3,13,6.9,0.5307692307692308
49,51,4,3,1.44,0.48
49,52,0,4,8.77,2.1925
49,52,1,6,11.79,1.9649999999999999
49,52,2,1,0.81,0.81
49,52,3,9,4.69,0.5211111111111112
49,52,4,11,5.41,0.4918181818181818
49,53,0,13,124.68,9.590769230769231
49,53,1,11,62.79,5.708181818181818
49,53,2,11,52.04,4.7309090909090905
49,53,3,17,60.24,3.543529411764706
49,53,4,4,14.16,3.54
49,58,0,16,36.32,2.27
49,58,1,16,29.43,1.839375
49,58,2,20,25.56,1.278
49,58,3,9,10.09,1.1211111111111112
49,58,4,3,1.96,0.6533333333333333
49,60,0,20,40.89,2.0445
49,60,1,8,14.8,1.85
49,60,2,17,30.34,1.7847058823529411
49,60,3,7,9.3,1.3285714285714287
49,60,4,12,3.63,0.3025
49,62,0,17,10.9,0.6411764705882353
49,62,1,8,4.75,0.59375
49,62,2,11,3.73,0.3390909090909091
49,62,3,15,3.94,0.26266666666666666
49,62,4,18,2.59,0.14388888888888887
49,63,0,3,3.87,1.29
49,63,1,1,1.14,1.14
49,63,2,14,15.76,1.1257142857142857
49,63,3,16,14.58,0.91125
49,63,4,8,6.93,0.86625
49,64,0,9,23.4,2.5999999999999996
49,64,1,20,34.37,1.7185
49,64,2,6,5.47,0.9116666666666666
49,64,3,14,11.44,0.8171428571428571
49,64,4,18,6.12,0.34
49,66,0,15,57.39,3.826
49,66,1,9,25.27,2.807777777777778
49,66,2,15,32.33,2.155333333333333
49,66,3,2,1.39,0.695
49,66,4,17,7.3,0.4294117647058823
49,73,0,6,47.13,7.855
49,73,1,3,18.18,6.06
49,73,2,14,73.95,5.2821428571428575
49,73,3,11,55.24,5.021818181818182
49,73,4,9,41.25,4.583333333333333
49,78,0,19,36.12,1.9010526315789473
49,78,1,8,7.69,0.96125
49,78,2,11,10.18,0.9254545454545454
49,78,3,6,4.93,0.8216666666666667
49,78,4,15,11.79,0.7859999999999999
49,81,0,3,26.23,8.743333333333334
49,81,1,11,82.49,7.499090909090909
49,81,2,15,106.66,7.110666666666666
49,81,3,19,74.6,3.926315789473684
49,81,4,7,16.91,2.415714285714286
49,82,0,20,147.88,7.394
49,82,1,5,35.56,7.112
49,82,2,16,100.94,6.30875
49,82,3,6,18.0,3.0
49,82,4,5,14.84,2.968
49,83,0,12,51.41,4.284166666666667
49,83,1,20,77.5,3.875
49,83,2,4,13.24,3.31
49,83,3,1,2.59,2.59
49,83,4,2,3.18,1.59
49,84,0,18,165.22,9.178888888888888
49,84,1,11,87.35,7.9409090909090905
49,84,2,10,75.85,7.584999999999999
49,84,3,6,21.96,3.66
49,84,4,12,6.24,0.52
49,87,0,3,9.02,3.0066666666666664
49,87,1,14,25.69,1.8350000000000002
49,87,2,20,30.31,1.5154999999999998
49,87,3,4,5.54,1.385
49,87,4,18,13.42,0.7455555555555555
49,90,0,16,36.22,2.26375
49,90,1,6,11.24,1.8733333333333333
49,90,2,15,19.01,1.2673333333333334
49,90,3,20,17.65,0.8825
49,90,4,11,1.98,0.18
49,95,0,16,51.27,3.204375
49,95,1,17,50.57,2.974705882352941
49,95,2,18,38.7,2.1500000000000004
49,95,3,13,7.77,0.5976923076923076
49,95,4,9,1.7,0.18888888888888888
49,97,0,15,40.15,2.6766666666666667
49,97,1,20,44.23,2.2115
49,97,2,3,3.31,1.1033333333333333
49,97,3,5,4.24,0.8480000000000001
49,97,4,3,1.73,0.5766666666666667
49,99,0,1,1.64,1.64
49,99,1,7,7.05,1.0071428571428571
49,99,2,2,1.93,0.965
49,99,3,13,8.01,0.6161538461538462
49,99,4,4,0.6,0.15
51,2,0,11,49.08,4.461818181818182
51,2,1,13,49.21,3.7853846153846153
51,2,2,3,9.48,3.16
51,2,3,11,28.67,2.6063636363636364
51,2,4,5,4.8,0.96
51,3,0,19,48.18,2.5357894736842104
51,3,1,4,8.86,2.215
51,3,2,16,30.39,1.899375
51,3,3,8,13.0,1.625
51,3,4,12,4.01,0.33416666666666667
51,5,0,8,13.96,1.745
51,5,1,9,12.25,1.3611111111111112
51,5,2,11,10.78,0.98
51,5,3,13,7.0,0.5384615384615384
51,5,4,20,7.3,0.365
51,8,0,17,23.14,1.3611764705882354
51,8,1,8,9.97,1.24625
51,8,2,20,21.26,1.0630000000000002
51,8,3,2,1.88,0.94
51,8,4,1,0.25,0.25
51,10,0,13,36.53,2.81
51,10,1,13,24.14,1.856923076923077
51,10,2,9,13.01,1.4455555555555555
51,10,3,19,26.69,1.4047368421052633
51,10,4,9,7.82,0.8688888888888889
51,11,0,12,17.58,1.4649999999999999
51,11,1,14,19.34,1.3814285714285715
51,11,2,8,10.91,1.36375
51,11,3,7,2.12,0.3028571428571429
51,11,4,4,0.8,0.2
51,12,0,19,22.1,1.1631578947368422
51,12,1,16,18.37,1.148125
51,12,2,15,10.66,0.7106666666666667
51,12,3,14,4.54,0.3242857142857143
51,12,4,2,0.26,0.13
51,14,0,16,49.43,3.089375
51,14,1,14,29.87,2.1335714285714285
51,14,2,1,1.19,1.19
51,14,3,19,11.17,0.5878947368421052
51,14,4,8,3.24,0.405
51,16,0,15,26.61,1.774
51,16,1,12,18.69,1.5575
51,16,2,16,22.92,1.4325
51,16,3,16,3.78,0.23625
51,16,4,16,2.74,0.17125
51,17,0,15,9.19,0.6126666666666666
51,17,1,3,1.8,0.6
51,17,2,9,4.79,0.5322222222222223
51,17,3,18,5.88,0.32666666666666666
51,17,4,5,1.09,0.21800000000000003
51,24,0,8,12.97,1.62125
51,24,1,17,25.57,1.5041176470588236
51,24,2,19,23.4,1.2315789473684209
51,24,3,17,20.65,1.214705882352941
51,24,4,20,22.98,1.149
51,26,0,3,8.65,2.8833333333333333
51,26,1,9,20.81,2.312222222222222
51,26,2,7,15.53,2.2185714285714284
51,26,3,11,23.03,2.0936363636363637
51,26,4,16,14.37,0.898125
51,29,0,1,4.67,4.67
51,29,1,3,12.55,4.183333333333334
51,29,2,19,73.97,3.893157894736842
51,29,3,16,38.32,2.395
51,29,4,7,13.63,1.9471428571428573
51,31,0,19,26.35,1.3868421052631579
51,31,1,10,13.27,1.327
51,31,2,7,4.78,0.6828571428571429
51,31,3,18,6.19,0.3438888888888889
51,31,4,9,2.12,0.23555555555555557
51,33,0,20,129.02,6.4510000000000005
51,33,1,14,86.07,6.147857142857142
51,33,2,12,68.45,5.704166666666667
51,33,3,6,8.74,1.4566666666666668
51,33,4,1,0.39,0.39
51,34,0,18,24.6,1.3666666666666667
51,34,1,18,22.58,1.2544444444444443
51,34,2,3,1.88,0.6266666666666666
51,34,3,19,11.34,0.5968421052631578
51,34,4,17,3.17,0.1864705882352941
51,39,0,13,21.54,1.656923076923077
51,39,1,15,22.03,1.4686666666666668
51,39,2,8,4.37,0.54625
51,39,3,4,1.4,0.35
51,39,4,10,1.67,0.16699999999999998
51,47,0,20,43.62,2.181
51,47,1,4,8.49,2.1225
51,47,2,1,1.26,1.26
51,47,3,6,3.63,0.605
51,47,4,14,5.07,0.36214285714285716
51,48,0,12,29.47,2.455833333333333
51,48,1,1,1.9,1.9
51,48,2,1,1.9,1.9
51,48,3,14,23.79,1.6992857142857143
51,48,4,10,1.57,0.157
51,49,0,2,1.38,0.69
51,49,1,13,8.51,0.6546153846153846
51,49,2,5,3.07,0.614
51,49,3,16,4.7,0.29375
51,49,4,10,1.86,0.186
51,52,0,16,31.11,1.944375
51,52,1,11,11.92,1.0836363636363637
51,52,2,8,7.62,0.9525
51,52,3,14,2.16,0.1542857142857143
51,52,4,17,2.07,0.12176470588235293
51,53,0,15,132.85,8.856666666666666
51,53,1,2,13.09,6.545
51,53,2,15,94.26,6.284000000000001
51,53,3,10,58.58,5.858
51,53,4,5,9.93,1.986
51,58,0,20,32.23,1.6115
51,58,1,15,15.23,1.0153333333333334
51,58,2,19,19.17,1.0089473684210528
51,58,3,4,1.13,0.2825
51,58,4,15,2.06,0.13733333333333334
51,60,0,14,36.06,2.575714285714286
51,60,1,5,12.69,2.538
51,60,2,9,18.01,2.0011111111111113
51,60,3,1,0.8,0.8
51,60,4,7,2.32,0.3314285714285714
51,62,0,18,13.84,0.7688888888888888
51,62,1,1,0.72,0.72
51,62,2,20,12.35,0.6174999999999999
51,62,3,20,11.19,0.5595
51,62,4,3,0.77,0.25666666666666665
51,63,0,8,19.6,2.45
51,63,1,9,15.32,1.7022222222222223
51,63,2,17,28.8,1.6941176470588235
51,63,3,11,13.64,1.24
51,63,4,17,11.55,0.6794117647058824
51,64,0,5,7.56,1.512
51,64,1,16,13.14,0.82125
51,64,2,10,6.84,0.6839999999999999
51,64,3,3,1.98,0.66
51,64,4,4,1.15,0.2875
51,66,0,3,8.15,2.716666666666667
51,66,1,12,25.77,2.1475
51,66,2,13,18.16,1.396923076923077
51,66,3,7,8.25,1.1785714285714286
51,66,4,4,3.25,0.8125
51,73,0,6,57.24,9.540000000000001
51,73,1,17,150.08,8.828235294117647
51,73,2,16,71.75,4.484375
51,73,3,11,40.18,3.652727272727273
51,73,4,6,5.15,0.8583333333333334
51,78,0,7,11.35,1.6214285714285714
51,78,1,15,21.06,1.404
51,78,2,16,22.22,1.38875
51,78,3,3,3.74,1.2466666666666668
51,78,4,5,3.01,0.602
51,81,0,10,90.74,9.074
51,81,1,5,39.94,7.9879999999999995
51,81,2,5,17.59,3.518
51,81,3,1,2.08,2.08
51,81,4,3,4.99,1.6633333333333333
51,82,0,20,125.31,6.2655
51,82,1,8,38.57,4.82125
51,82,2,15,69.23,4.615333333333334
51,82,3,15,44.52,2.9680000000000004
51,82,4,13,30.56,2.3507692307692305
51,83,0,15,46.17,3.0780000000000003
51,83,1,16,39.21,2.450625
51,83,2,18,35.78,1.9877777777777779
51,83,3,2,1.52,0.76
51,83,4,3,2.08,0.6933333333333334
51,84,0,13,105.75,8.134615384615385
51,84,1,13,100.91,7.762307692307692
51,84,2,11,80.01,7.273636363636364
51,84,3,10,39.37,3.937
51,84,4,2,3.67,1.835
51,87,0,10,26.76,2.676
51,87,1,5,9.86,1.972
51,87,2,3,5.75,1.9166666666666667
51,87,3,2,1.74,0.87
51,87,4,4,0.82,0.205
51,90,0,6,14.9,2.4833333333333334
51,90,1,4,8.68,2.17
51,90,2,4,6.48,1.62
51,90,3,6,7.28,1.2133333333333334
51,90,4,2,2.13,1.065
51,95,0,3,8.67,2.89
51,95,1,9,19.32,2.1466666666666665
51,95,2,7,10.0,1.4285714285714286
51,95,3,14,9.87,0.705
51,95,4,12,3.47,0.2891666666666667
51,97,0,15,54.82,3.6546666666666665
51,97,1,7,21.07,3.0100000000000002
51,97,2,14,40.95,2.9250000000000003
51,97,3,18,48.3,2.683333333333333
51,97,4,2,4.31,2.155
51,99,0,12,16.62,1.385
51,99,1,11,6.68,0.6072727272727273
51,99,2,12,6.18,0.515
51,99,3,2,0.81,0.405
51,99,4,13,3.43,0.26384615384615384
52,2,0,6,19.63,3.2716666666666665
52,2,1,16,45.94,2.87125
52,2,2,8,16.24,2.03
52,2,3,5,5.0,1.0
52,2,4,8,6.5,0.8125
52,3,0,18,83.49,4.638333333333333
52,3,1,11,35.4,3.2181818181818183
52,3,2,4,9.42,2.355
52,3,3,6,8.03,1.3383333333333332
52,3,4,12,3.04,0.25333333333333335
52,5,0,19,47.86,2.5189473684210526
52,5,1,12,25.74,2.145
52,5,2,20,39.04,1.952
52,5,3,20,30.56,1.528
52,5,4,12,5.21,0.43416666666666665
52,8,0,13,31.11,2.393076923076923
52,8,1,11,20.43,1.8572727272727272
52,8,2,8,9.41,1.17625
52,8,3,11,9.45,0.859090909090909
52,8,4,18,4.35,0.24166666666666664
52,10,0,11,13.53,1.23
52,10,1,6,5.37,0.895
52,10,2,13,11.16,0.8584615384615385
52,10,3,10,1.97,0.197
52,10,4,10,1.39,0.13899999999999998
52,11,0,14,46.02,3.2871428571428574
52,11,1,19,59.93,3.1542105263157896
52,11,2,2,6.18,3.09
52,11,3,17,15.92,0.9364705882352942
52,11,4,2,1.52,0.76
52,12,0,18,25.84,1.4355555555555555
52,12,1,6,8.54,1.4233333333333331
52,12,2,3,4.11,1.37
52,12,3,13,16.81,1.293076923076923
52,12,4,12,11.04,0.9199999999999999
52,14,0,12,60.76,5.0633333333333335
52,14,1,1,4.74,4.74
52,14,2,11,50.36,4.578181818181818
52,14,3,11,32.59,2.962727272727273
52,14,4,9,25.0,2.7777777777777777
52,16,0,15,41.46,2.7640000000000002
52,16,1,14,29.73,2.1235714285714287
52,16,2,11,17.71,1.61
52,16,3,6,5.07,0.8450000000000001
52,16,4,7,4.66,0.6657142857142857
52,17,0,20,55.88,2.794
52,17,1,4,11.06,2.765
52,17,2,8,7.17,0.89625
52,17,3,1,0.2,0.2
52,17,4,9,1.78,0.19777777777777777
52,24,0,15,34.75,2.316666666666667
52,24,1,2,4.41,2.205
52,24,2,4,3.48,0.87
52,24,3,5,3.36,0.6719999999999999
52,24,4,19,3.9,0.20526315789473684
52,26,0,2,5.67,2.835
52,26,1,1,2.68,2.68
52,26,2,13,20.35,1.5653846153846156
52,26,3,2,2.55,1.275
52,26,4,9,11.11,1.2344444444444445
52,29,0,13,46.18,3.5523076923076924
52,29,1,10,34.84,3.4840000000000004
52,29,2,12,29.62,2.4683333333333333
52,29,3,2,1.57,0.785
52,29,4,13,2.86,0.22
52,31,0,3,7.59,2.53
52,31,1,14,27.64,1.9742857142857144
52,31,2,7,11.58,1.6542857142857144
52,31,3,18,20.9,1.161111111111111
52,31,4,11,2.45,0.22272727272727275
52,33,0,18,74.83,4.157222222222222
52,33,1,8,33.02,4.1275
52,33,2,9,33.66,3.7399999999999998
52,33,3,1,3.65,3.65
52,33,4,17,34.53,2.0311764705882354
52,34,0,8,29.25,3.65625
52,34,1,6,11.47,1.9116666666666668
52,34,2,19,18.19,0.9573684210526316
52,34,3,2,0.5,0.25
52,34,4,16,2.98,0.18625
52,39,0,13,36.26,2.789230769230769
52,39,1,17,46.84,2.755294117647059
52,39,2,18,46.24,2.568888888888889
52,39,3,15,35.0,2.3333333333333335
52,39,4,5,8.79,1.7579999999999998
52,47,0,19,49.54,2.6073684210526316
52,47,1,1,2.33,2.33
52,47,2,9,18.62,2.068888888888889
52,47,3,9,14.96,1.6622222222222223
52,47,4,13,10.15,0.7807692307692308
52,48,0,7,10.92,1.56
52,48,1,5,5.82,1.1640000000000001
52,48,2,14,10.19,0.7278571428571429
52,48,3,6,2.48,0.41333333333333333
52,48,4,15,5.01,0.33399999999999996
52,49,0,1,2.22,2.22
52,49,1,18,38.77,2.153888888888889
52,49,2,20,16.77,0.8385
52,49,3,5,4.13,0.826
52,49,4,9,6.93,0.77
52,51,0,19,40.86,2.150526315789474
52,51,1,7,13.98,1.997142857142857
52,51,2,7,12.61,1.8014285714285714
52,51,3,5,6.38,1.276
52,51,4,14,2.69,0.19214285714285714
52,53,0,1,6.16,6.16
52,53,1,14,77.18,5.512857142857143
52,53,2,3,11.32,3.7733333333333334
52,53,3,18,29.58,1.6433333333333333
52,53,4,5,6.8,1.3599999999999999
52,58,0,6,16.44,2.74
52,58,1,12,31.65,2.6374999999999997
52,58,2,2,3.47,1.735
52,58,3,20,27.64,1.3820000000000001
52,58,4,14,2.7,0.19285714285714287
52,60,0,5,8.47,1.6940000000000002
52,60,1,10,16.0,1.6
52,60,2,17,10.95,0.6441176470588235
52,60,3,11,4.44,0.4036363636363637
52,60,4,6,2.33,0.38833333333333336
52,62,0,5,8.09,1.6179999999999999
52,62,1,16,22.82,1.42625
52,62,2,10,4.62,0.462
52,62,3,13,3.47,0.26692307692307693
52,62,4,6,1.6,0.26666666666666666
52,63,0,8,12.65,1.58125
52,63,1,8,4.36,0.545
52,63,2,9,4.49,0.49888888888888894
52,63,3,3,1.38,0.45999999999999996
52,63,4,6,1.57,0.26166666666666666
52,64,0,8,37.55,4.69375
52,64,1,10,36.58,3.658
52,64,2,18,36.59,2.032777777777778
52,64,3,2,1.32,0.66
52,64,4,7,2.73,0.39
52,66,0,3,4.11,1.37
52,66,1,18,20.29,1.1272222222222221
52,66,2,3,2.57,0.8566666666666666
52,66,3,18,13.36,0.7422222222222222
52,66,4,15,6.96,0.464
52,73,0,16,126.61,7.913125
52,73,1,5,38.83,7.766
52,73,2,3,15.31,5.1033333333333335
52,73,3,1,4.94,4.94
52,73,4,5,17.55,3.5100000000000002
52,78,0,15,24.43,1.6286666666666667
52,78,1,6,9.36,1.5599999999999998
52,78,2,2,2.99,1.495
52,78,3,7,9.45,1.3499999999999999
52,78,4,17,15.69,0.9229411764705882
52,81,0,12,61.7,5.141666666666667
52,81,1,15,68.97,4.598
52,81,2,5,20.01,4.002000000000001
52,81,3,15,57.87,3.8579999999999997
52,81,4,13,35.19,2.7069230769230765
52,82,0,20,93.33,4.6665
52,82,1,18,66.94,3.718888888888889
52,82,2,7,4.04,0.5771428571428572
52,82,3,9,4.79,0.5322222222222223
52,82,4,20,8.05,0.4025
52,83,0,17,37.94,2.2317647058823527
52,83,1,16,32.53,2.033125
52,83,2,7,13.93,1.99
52,83,3,3,3.66,1.22
52,83,4,20,3.99,0.1995
52,84,0,8,46.83,5.85375
52,84,1,6,26.52,4.42
52,84,2,1,2.66,2.66
52,84,3,5,8.2,1.64
52,84,4,3,1.83,0.61
52,87,0,6,4.97,0.8283333333333333
52,87,1,20,16.36,0.818
52,87,2,19,11.25,0.5921052631578947
52,87,3,4,0.58,0.145
52,87,4,13,0.6,0.04615384615384615
52,90,0,16,77.37,4.835625
52,90,1,14,33.16,2.3685714285714283
52,90,2,6,13.88,2.3133333333333335
52,90,3,4,6.23,1.5575
52,90,4,1,1.42,1.42
52,95,0,17,81.19,4.775882352941176
52,95,1,1,3.64,3.64
52,95,2,9,28.64,3.1822222222222223
52,95,3,17,12.8,0.7529411764705882
52,95,4,16,4.76,0.2975
52,97,0,6,19.99,3.3316666666666666
52,97,1,15,33.28,2.2186666666666666
52,97,2,13,27.53,2.117692307692308
52,97,3,20,40.82,2.041
52,97,4,17,33.44,1.9670588235294115
52,99,0,6,20.03,3.3383333333333334
52,99,1,13,34.18,2.629230769230769
52,99,2,12,28.94,2.4116666666666666
52,99,3,2,2.98,1.49
52,99,4,11,3.0,0.2727272727272727
53,2,0,4,12.14,3.035
53,2,1,11,30.28,2.752727272727273
53,2,2,16,43.55,2.721875
53,2,3,17,30.11,1.7711764705882354
53,2,4,17,2.44,0.14352941176470588
53,3,0,10,81.73,8.173
53,3,1,1,6.38,6.38
53,3,2,5,28.64,5.728
53,3,3,15,39.19,2.6126666666666667
53,3,4,20,10.62,0.5309999999999999
53,5,0,5,44.45,8.89
53,5,1,5,26.77,5.354
53,5,2,8,33.39,4.17375
53,5,3,12,41.67,3.4725
53,5,4,5,6.01,1.202
53,8,0,17,174.65,10.273529411764706
53,8,1,6,39.81,6.635000000000001
53,8,2,17,74.13,4.360588235294117
53,8,3,13,48.16,3.7046153846153844
53,8,4,16,54.39,3.399375
53,10,0,4,27.2,6.8
53,10,1,19,102.64,5.402105263157895
53,10,2,20,91.83,4.5915
53,10,3,16,42.46,2.65375
53,10,4,17,44.7,2.6294117647058823
53,11,0,7,51.86,7.408571428571428
53,11,1,7,46.04,6.577142857142857
53,11,2,8,19.34,2.4175
53,11,3,16,32.11,2.006875
53,11,4,12,9.93,0.8275
53,12,0,4,28.37,7.0925
53,12,1,17,94.72,5.5717647058823525
53,12,2,5,24.74,4.9479999999999995
53,12,3,3,12.52,4.173333333333333
53,12,4,6,19.38,3.23
53,14,0,16,95.54,5.97125
53,14,1,5,23.86,4.772
53,14,2,2,6.78,3.39
53,14,3,3,9.17,3.0566666666666666
53,14,4,17,48.16,2.832941176470588
53,16,0,14,130.6,9.328571428571427
53,16,1,16,134.79,8.424375
53,16,2,4,28.48,7.12
53,16,3,20,131.21,6.5605
53,16,4,3,19.45,6.483333333333333
53,17,0,5,47.28,9.456
53,17,1,10,92.34,9.234
53,17,2,6,45.94,7.656666666666666
53,17,3,5,36.29,7.258
53,17,4,7,3.78,0.5399999999999999
53,24,0,10,97.09,9.709
53,24,1,7,65.58,9.368571428571428
53,24,2,3,23.61,7.87
53,24,3,7,39.84,5.691428571428572
53,24,4,9,8.72,0.9688888888888889
53,26,0,10,41.5,4.15
53,26,1,12,38.31,3.1925000000000003
53,26,2,5,14.18,2.836
53,26,3,17,46.1,2.711764705882353
53,26,4,14,23.09,1.6492857142857142
53,29,0,8,32.69,4.08625
53,29,1,14,53.51,3.822142857142857
53,29,2,6,18.28,3.046666666666667
53,29,3,4,8.71,2.1775
53,29,4,7,2.66,0.38
53,31,0,7,58.26,8.322857142857142
53,31,1,9,58.1,6.455555555555556
53,31,2,13,32.99,2.537692307692308
53,31,3,1,0.82,0.82
53,31,4,10,7.55,0.755
53,33,0,11,31.78,2.889090909090909
53,33,1,8,16.52,2.065
53,33,2,3,2.43,0.81
53,33,3,3,1.74,0.58
53,33,4,5,2.36,0.472
53,34,0,9,87.39,9.71
53,34,1,5,30.55,6.11
53,34,2,5,23.65,4.7299999999999995
53,34,3,11,44.21,4.0190909090909095
53,34,4,5,7.71,1.542
53,39,0,1,9.07,9.07
53,39,1,17,77.49,4.5582352941176465
53,39,2,4,18.07,4.5175
53,39,3,4,13.93,3.4825
53,39,4,8,8.26,1.0325
53,47,0,1,9.55,9.55
53,47,1,17,157.33,9.254705882352942
53,47,2,3,24.4,8.133333333333333
53,47,3,18,99.77,5.542777777777777
53,47,4,17,57.44,3.378823529411765
53,48,0,17,105.44,6.20235294117647
53,48,1,18,108.03,6.001666666666667
53,48,2,17,74.24,4.367058823529412
53,48,3,9,24.42,2.7133333333333334
53,48,4,1,0.94,0.94
53,49,0,2,15.71,7.855
53,49,1,8,57.6,7.2
53,49,2,11,75.9,6.9
53,49,3,5,15.17,3.034
53,49,4,10,7.06,0.706
53,51,0,1,8.45,8.45
53,51,1,7,35.5,5.071428571428571
53,51,2,5,10.56,2.112
53,51,3,12,14.8,1.2333333333333334
53,51,4,1,0.93,0.93
53,52,0,9,42.83,4.7588888888888885
53,52,1,16,67.64,4.2275
53,52,2,3,10.81,3.6033333333333335
53,52,3,16,21.41,1.338125
53,52,4,7,9.06,1.2942857142857143
53,58,0,19,154.06,8.108421052631579
53,58,1,20,140.96,7.048
53,58,2,12,34.32,2.86
53,58,3,17,33.46,1.968235294117647
53,58,4,18,22.57,1.2538888888888888
53,60,0,5,41.37,8.274
53,60,1,6,19.63,3.2716666666666665
53,60,2,19,48.85,2.5710526315789473
53,60,3,11,19.74,1.7945454545454544
53,60,4,11,11.28,1.0254545454545454
53,62,0,10,84.17,8.417
53,62,1,1,5.64,5.64
53,62,2,18,65.25,3.625
53,62,3,15,51.52,3.4346666666666668
53,62,4,18,40.07,2.226111111111111
53,63,0,3,18.37,6.123333333333334
53,63,1,16,88.88,5.555
53,63,2,9,38.25,4.25
53,63,3,19,32.41,1.7057894736842103
53,63,4,12,14.15,1.1791666666666667
53,64,0,6,72.1,12.016666666666666
53,64,1,4,28.4,7.1
53,64,2,4,19.26,4.815
53,64,3,11,29.17,2.651818181818182
53,64,4,13,13.09,1.0069230769230768
53,66,0,10,40.76,4.076
53,66,1,17,61.67,3.6276470588235297
53,66,2,6,18.98,3.1633333333333336
53,66,3,16,35.82,2.23875
53,66,4,17,30.22,1.7776470588235294
53,73,0,2,6.73,3.365
53,73,1,14,38.91,2.779285714285714
53,73,2,1,1.59,1.59
53,73,3,19,28.59,1.5047368421052632
53,73,4,11,8.55,0.7772727272727273
53,78,0,2,10.51,5.255
53,78,1,15,40.46,2.6973333333333334
53,78,2,4,5.08,1.27
53,78,3,5,5.56,1.1119999999999999
53,78,4,19,9.88,0.52
53,81,0,14,17.96,1.282857142857143
53,81,1,7,7.97,1.1385714285714286
53,81,2,8,6.29,0.78625
53,81,3,13,6.24,0.48000000000000004
53,81,4,15,5.87,0.39133333333333337
53,82,0,16,37.13,2.320625
53,82,1,16,29.26,1.82875
53,82,2,13,17.23,1.3253846153846154
53,82,3,12,14.19,1.1824999999999999
53,82,4,17,3.98,0.23411764705882354
53,83,0,15,81.41,5.427333333333333
53,83,1,12,56.63,4.719166666666667
53,83,2,9,34.72,3.8577777777777778
53,83,3,9,23.98,2.6644444444444444
53,83,4,7,3.79,0.5414285714285715
53,84,0,15,6.21,0.414
53,84,1,4,0.85,0.2125
53,84,2,5,0.59,0.118
53,84,3,15,1.7,0.11333333333333333
53,84,4,1,0.09,0.09
53,87,0,6,29.07,4.845
53,87,1,13,27.47,2.113076923076923
53,87,2,4,7.89,1.9725
53,87,3,16,24.26,1.51625
53,87,4,20,28.41,1.4205
53,90,0,3,18.47,6.156666666666666
53,90,1,1,4.04,4.04
53,90,2,13,16.83,1.2946153846153845
53,90,3,10,12.78,1.278
53,90,4,5,2.73,0.546
53,95,0,8,82.95,10.36875
53,95,1,2,20.27,10.135
53,95,2,12,111.94,9.328333333333333
53,95,3,5,36.13,7.226000000000001
53,95,4,6,3.13,0.5216666666666666
53,97,0,13,140.96,10.843076923076923
53,97,1,9,66.94,7.437777777777778
53,97,2,17,52.53,3.09
53,97,3,6,14.99,2.4983333333333335
53,97,4,13,26.84,2.0646153846153847
53,99,0,7,36.29,5.184285714285714
53,99,1,19,51.23,2.696315789473684
53,99,2,5,11.99,2.398
53,99,3,5,8.04,1.6079999999999999
53,99,4,20,8.76,0.438
58,2,0,3,13.45,4.483333333333333
58,2,1,13,37.52,2.8861538461538463
58,2,2,7,9.54,1.3628571428571428
58,2,3,19,8.15,0.42894736842105263
58,2,4,14,3.53,0.2521428571428571
58,3,0,14,44.82,3.2014285714285715
58,3,1,19,46.06,2.4242105263157896
58,3,2,6,12.98,2.1633333333333336
58,3,3,5,6.67,1.334
58,3,4,6,7.92,1.32
58,5,0,1,3.39,3.39
58,5,1,1,2.57,2.57
58,5,2,16,27.84,1.74
58,5,3,18,27.58,1.5322222222222222
58,5,4,1,0.86,0.86
58,8,0,9,23.98,2.6644444444444444
58,8,1,14,36.25,2.5892857142857144
58,8,2,9,15.02,1.6688888888888889
58,8,3,18,13.09,0.7272222222222222
58,8,4,9,2.44,0.2711111111111111
58,10,0,11,50.88,4.625454545454546
58,10,1,12,31.85,2.654166666666667
58,10,2,16,38.67,2.416875
58,10,3,12,12.61,1.0508333333333333
58,10,4,15,5.56,0.37066666666666664
58,11,0,13,39.46,3.0353846153846153
58,11,1,20,48.68,2.434
58,11,2,1,2.25,2.25
58,11,3,7,4.91,0.7014285714285714
58,11,4,14,3.15,0.225
58,12,0,15,41.0,2.7333333333333334
58,12,1,16,42.48,2.655
58,12,2,11,20.48,1.8618181818181818
58,12,3,13,19.1,1.4692307692307693
58,12,4,19,22.91,1.2057894736842105
58,14,0,17,61.59,3.6229411764705883
58,14,1,14,25.39,1.8135714285714286
58,14,2,13,16.6,1.276923076923077
58,14,3,7,7.86,1.122857142857143
58,14,4,14,7.34,0.5242857142857142
58,16,0,12,37.72,3.143333333333333
58,16,1,2,5.76,2.88
58,16,2,12,28.85,2.404166666666667
58,16,3,20,22.62,1.131
58,16,4,16,6.99,0.436875
58,17,0,5,9.35,1.8699999999999999
58,17,1,7,11.55,1.6500000000000001
58,17,2,19,27.06,1.4242105263157894
58,17,3,4,3.04,0.76
58,17,4,1,0.15,0.15
58,24,0,17,43.31,2.5476470588235296
58,24,1,9,22.87,2.5411111111111113
58,24,2,4,8.02,2.005
58,24,3,9,10.75,1.1944444444444444
58,24,4,18,13.73,0.7627777777777778
58,26,0,8,34.68,4.335
58,26,1,10,41.28,4.128
58,26,2,8,27.65,3.45625
58,26,3,15,23.72,1.5813333333333333
58,26,4,6,1.57,0.26166666666666666
58,29,0,4,13.18,3.295
58,29,1,12,17.23,1.4358333333333333
58,29,2,6,7.64,1.2733333333333332
58,29,3,3,3.34,1.1133333333333333
58,29,4,16,3.59,0.224375
58,31,0,12,14.44,1.2033333333333334
58,31,1,10,11.02,1.1019999999999999
58,31,2,20,20.14,1.0070000000000001
58,31,3,4,3.5,0.875
58,31,4,1,0.32,0.32
58,33,0,6,33.19,5.531666666666666
58,33,1,9,44.95,4.9944444444444445
58,33,2,8,29.51,3.68875
58,33,3,18,43.97,2.4427777777777777
58,33,4,6,3.99,0.665
58,34,0,8,14.82,1.8525
58,34,1,7,9.89,1.412857142857143
58,34,2,16,20.81,1.300625
58,34,3,2,2.08,1.04
58,34,4,17,15.89,0.9347058823529412
58,39,0,4,2.27,0.5675
58,39,1,16,8.5,0.53125
58,39,2,11,4.49,0.4081818181818182
58,39,3,18,5.23,0.29055555555555557
58,39,4,9,0.95,0.10555555555555556
58,47,0,17,58.17,3.421764705882353
58,47,1,18,56.11,3.1172222222222223
58,47,2,2,4.56,2.28
58,47,3,11,20.71,1.8827272727272728
58,47,4,7,2.51,0.35857142857142854
58,48,0,10,14.03,1.403
58,48,1,8,7.24,0.905
58,48,2,16,8.51,0.531875
58,48,3,1,0.43,0.43
58,48,4,8,2.36,0.295
58,49,0,19,45.99,2.420526315789474
58,49,1,14,31.49,2.249285714285714
58,49,2,13,11.94,0.9184615384615384
58,49,3,16,4.75,0.296875
58,49,4,3,0.4,0.13333333333333333
58,51,0,17,31.73,1.866470588235294
58,51,1,17,23.89,1.4052941176470588
58,51,2,20,13.25,0.6625
58,51,3,11,5.43,0.4936363636363636
58,51,4,7,3.18,0.4542857142857143
58,52,0,10,27.12,2.712
58,52,1,20,53.1,2.6550000000000002
58,52,2,18,33.37,1.8538888888888887
58,52,3,11,13.08,1.1890909090909092
58,52,4,1,0.57,0.57
58,53,0,10,80.7,8.07
58,53,1,10,80.14,8.014
58,53,2,19,142.69,7.51
58,53,3,14,88.91,6.350714285714285
58,53,4,15,67.34,4.489333333333334
58,60,0,15,49.05,3.27
58,60,1,3,7.66,2.5533333333333332
58,60,2,13,28.58,2.1984615384615385
58,60,3,16,24.97,1.560625
58,60,4,2,1.01,0.505
58,62,0,8,15.67,1.95875
58,62,1,10,17.88,1.7879999999999998
58,62,2,17,26.22,1.5423529411764705
58,62,3,18,17.14,0.9522222222222223
58,62,4,1,0.16,0.16
58,63,0,1,4.29,4.29
58,63,1,3,12.4,4.133333333333334
58,63,2,3,12.16,4.053333333333334
58,63,3,5,18.73,3.746
58,63,4,20,46.96,2.348
58,64,0,2,6.29,3.145
58,64,1,13,35.53,2.733076923076923
58,64,2,3,7.75,2.5833333333333335
58,64,3,6,4.77,0.7949999999999999
58,64,4,6,2.2,0.3666666666666667
58,66,0,10,19.86,1.986
58,66,1,11,19.32,1.7563636363636363
58,66,2,7,9.05,1.292857142857143
58,66,3,13,16.04,1.2338461538461538
58,66,4,14,5.87,0.4192857142857143
58,73,0,2,16.44,8.22
58,73,1,11,72.75,6.613636363636363
58,73,2,20,81.94,4.0969999999999995
58,73,3,6,19.7,3.283333333333333
58,73,4,10,30.66,3.066
58,78,0,19,4.77,0.25105263157894736
58,78,1,12,2.82,0.235
58,78,2,7,1.41,0.20142857142857143
58,78,3,8,1.49,0.18625
58,78,4,19,0.32,0.016842105263157894
58,81,0,10,84.34,8.434000000000001
58,81,1,18,69.48,3.8600000000000003
58,81,2,8,30.78,3.8475
58,81,3,9,14.53,1.6144444444444443
58,81,4,18,16.24,0.9022222222222221
58,82,0,9,25.6,2.8444444444444446
58,82,1,12,22.27,1.8558333333333332
58,82,2,15,14.15,0.9433333333333334
58,82,3,2,1.81,0.905
58,82,4,4,1.89,0.4725
58,83,0,9,39.53,4.392222222222222
58,83,1,4,14.96,3.74
58,83,2,19,66.92,3.522105263157895
58,83,3,10,27.37,2.737
58,83,4,19,45.2,2.378947368421053
58,84,0,7,36.2,5.171428571428572
58,84,1,11,34.66,3.1509090909090904
58,84,2,15,43.48,2.8986666666666663
58,84,3,19,39.3,2.068421052631579
58,84,4,11,18.03,1.6390909090909092
58,87,0,16,61.22,3.82625
58,87,1,16,49.31,3.081875
58,87,2,10,12.43,1.2429999999999999
58,87,3,18,20.54,1.141111111111111
58,87,4,7,5.77,0.8242857142857142
58,90,0,13,33.08,2.5446153846153843
58,90,1,5,12.2,2.44
58,90,2,17,31.84,1.8729411764705883
58,90,3,13,18.75,1.4423076923076923
58,90,4,18,2.76,0.15333333333333332
58,95,0,19,59.71,3.1426315789473684
58,95,1,18,50.15,2.786111111111111
58,95,2,10,8.84,0.884
58,95,3,14,5.43,0.38785714285714284
58,95,4,14,4.52,0.32285714285714284
58,97,0,11,58.87,5.351818181818182
58,97,1,16,80.92,5.0575
58,97,2,18,70.35,3.908333333333333
58,97,3,10,17.73,1.7730000000000001
58,97,4,11,7.9,0.7181818181818183
58,99,0,15,26.95,1.7966666666666666
58,99,1,19,33.6,1.7684210526315791
58,99,2,3,4.79,1.5966666666666667
58,99,3,19,13.84,0.728421052631579
58,99,4,6,1.56,0.26
60,2,0,15,82.16,5.477333333333333
60,2,1,18,84.7,4.705555555555556
60,2,2,15,46.98,3.1319999999999997
60,2,3,10,16.54,1.654
60,2,4,9,14.39,1.598888888888889
60,3,0,6,26.99,4.498333333333333
60,3,1,8,25.3,3.1625
60,3,2,3,8.14,2.7133333333333334
60,3,3,10,24.82,2.482
60,3,4,20,5.44,0.272
60,5,0,6,12.21,2.035
60,5,1,7,13.63,1.9471428571428573
60,5,2,20,38.74,1.937
60,5,3,2,3.33,1.665
60,5,4,1,0.55,0.55
60,8,0,10,39.8,3.9799999999999995
60,8,1,19,69.43,3.65421052631579
60,8,2,12,28.49,2.3741666666666665
60,8,3,7,14.58,2.0828571428571427
60,8,4,5,9.58,1.916
60,10,0,5,7.1,1.42
60,10,1,13,15.7,1.2076923076923076
60,10,2,13,15.58,1.1984615384615385
60,10,3,2,2.38,1.19
60,10,4,9,2.28,0.2533333333333333
60,11,0,3,13.89,4.63
60,11,1,10,41.44,4.144
60,11,2,11,38.04,3.458181818181818
60,11,3,9,18.76,2.0844444444444448
60,11,4,15,16.53,1.102
60,12,0,12,11.28,0.94
60,12,1,5,4.41,0.882
60,12,2,19,12.6,0.6631578947368421
60,12,3,6,3.54,0.59
60,12,4,1,0.53,0.53
60,14,0,1,4.77,4.77
60,14,1,3,12.9,4.3
60,14,2,6,21.53,3.5883333333333334
60,14,3,14,43.16,3.0828571428571427
60,14,4,5,3.54,0.708
60,16,0,11,25.63,2.33
60,16,1,20,32.87,1.6435
60,16,2,12,16.37,1.3641666666666667
60,16,3,2,1.08,0.54
60,16,4,13,4.96,0.38153846153846155
60,17,0,10,27.2,2.7199999999999998
60,17,1,12,29.86,2.4883333333333333
60,17,2,1,2.3,2.3
60,17,3,5,9.08,1.816
60,17,4,8,4.39,0.54875
60,24,0,2,4.33,2.165
60,24,1,15,27.8,1.8533333333333333
60,24,2,19,34.19,1.7994736842105261
60,24,3,9,16.04,1.7822222222222222
60,24,4,13,15.96,1.2276923076923079
60,26,0,10,23.5,2.35
60,26,1,3,6.4,2.1333333333333333
60,26,2,16,32.76,2.0475
60,26,3,12,21.46,1.7883333333333333
60,26,4,16,19.92,1.245
60,29,0,2,5.92,2.96
60,29,1,15,41.73,2.7819999999999996
60,29,2,1,2.34,2.34
60,29,3,13,21.48,1.6523076923076923
60,29,4,5,2.42,0.484
60,31,0,8,27.92,3.49
60,31,1,6,12.97,2.1616666666666666
60,31,2,15,13.81,0.9206666666666667
60,31,3,8,5.41,0.67625
60,31,4,11,6.6,0.6
60,33,0,1,5.26,5.26
60,33,1,10,50.51,5.051
60,33,2,18,90.05,5.002777777777777
60,33,3,11,52.12,4.738181818181818
60,33,4,4,14.08,3.52
60,34,0,6,25.92,4.32
60,34,1,3,10.58,3.526666666666667
60,34,2,6,16.88,2.813333333333333
60,34,3,6,14.16,2.36
60,34,4,5,9.23,1.846
60,39,0,16,57.16,3.5725
60,39,1,16,55.19,3.449375
60,39,2,7,23.83,3.404285714285714
60,39,3,15,39.27,2.6180000000000003
60,39,4,18,19.31,1.0727777777777776
60,47,0,5,8.39,1.6780000000000002
60,47,1,8,11.48,1.435
60,47,2,10,9.72,0.9720000000000001
60,47,3,6,4.36,0.7266666666666667
60,47,4,1,0.64,0.64
60,48,0,7,18.37,2.6242857142857146
60,48,1,14,21.67,1.547857142857143
60,48,2,17,25.56,1.5035294117647058
60,48,3,5,6.69,1.338
60,48,4,17,7.67,0.4511764705882353
60,49,0,3,5.86,1.9533333333333334
60,49,1,11,19.73,1.7936363636363637
60,49,2,8,8.31,1.03875
60,49,3,2,1.16,0.58
60,49,4,14,5.92,0.4228571428571429
60,51,0,14,30.86,2.204285714285714
60,51,1,4,6.35,1.5875
60,51,2,4,2.59,0.6475
60,51,3,4,1.82,0.455
60,51,4,17,3.12,0.18352941176470589
60,52,0,6,10.72,1.7866666666666668
60,52,1,5,5.5,1.1
60,52,2,10,8.92,0.892
60,52,3,4,2.62,0.655
60,52,4,5,3.14,0.628
60,53,0,17,149.36,8.785882352941178
60,53,1,4,23.73,5.9325
60,53,2,7,37.11,5.301428571428572
60,53,3,12,39.78,3.315
60,53,4,14,34.82,2.487142857142857
60,58,0,14,50.23,3.5878571428571426
60,58,1,12,34.2,2.85
60,58,2,15,12.35,0.8233333333333334
60,58,3,18,13.83,0.7683333333333333
60,58,4,1,0.22,0.22
60,62,0,18,32.7,1.8166666666666669
60,62,1,10,15.62,1.5619999999999998
60,62,2,8,9.16,1.145
60,62,3,18,14.69,0.8161111111111111
60,62,4,7,2.29,0.3271428571428571
60,63,0,15,9.03,0.602
60,63,1,5,2.56,0.512
60,63,2,18,8.98,0.49888888888888894
60,63,3,13,3.76,0.28923076923076924
60,63,4,10,1.53,0.153
60,64,0,6,31.68,5.28
60,64,1,18,70.18,3.898888888888889
60,64,2,16,57.51,3.594375
60,64,3,13,33.85,2.603846153846154
60,64,4,13,18.75,1.4423076923076923
60,66,0,11,28.5,2.590909090909091
60,66,1,8,12.37,1.54625
60,66,2,11,16.71,1.5190909090909093
60,66,3,10,4.01,0.40099999999999997
60,66,4,2,0.74,0.37
60,73,0,14,128.06,9.147142857142857
60,73,1,11,17.4,1.5818181818181818
60,73,2,4,4.88,1.22
60,73,3,5,4.83,0.966
60,73,4,7,6.38,0.9114285714285714
60,78,0,8,20.02,2.5025
60,78,1,2,4.54,2.27
60,78,2,3,5.96,1.9866666666666666
60,78,3,19,36.78,1.9357894736842105
60,78,4,7,3.79,0.5414285714285715
60,81,0,9,87.25,9.694444444444445
60,81,1,10,93.84,9.384
60,81,2,17,101.85,5.991176470588235
60,81,3,4,21.05,5.2625
60,81,4,6,10.33,1.7216666666666667
60,82,0,13,80.09,6.160769230769231
60,82,1,2,11.82,5.91
60,82,2,11,61.14,5.558181818181819
60,82,3,10,33.8,3.38
60,82,4,15,38.08,2.5386666666666664
60,83,0,12,32.55,2.7125
60,83,1,14,23.33,1.6664285714285714
60,83,2,8,4.9,0.6125
60,83,3,13,4.15,0.31923076923076926
60,83,4,9,2.11,0.23444444444444443
60,84,0,5,28.68,5.736
60,84,1,16,76.06,4.75375
60,84,2,12,45.94,3.828333333333333
60,84,3,12,22.33,1.8608333333333331
60,84,4,8,5.47,0.68375
60,87,0,14,22.1,1.5785714285714287
60,87,1,2,2.64,1.32
60,87,2,9,10.39,1.1544444444444446
60,87,3,9,1.82,0.20222222222222222
60,87,4,16,2.31,0.144375
60,90,0,3,13.46,4.486666666666667
60,90,1,17,71.67,4.215882352941176
60,90,2,14,25.06,1.7899999999999998
60,90,3,11,15.44,1.4036363636363636
60,90,4,3,2.42,0.8066666666666666
60,95,0,7,31.52,4.502857142857143
60,95,1,19,69.51,3.6584210526315792
60,95,2,15,51.41,3.427333333333333
60,95,3,19,59.36,3.1242105263157893
60,95,4,16,21.55,1.346875
60,97,0,8,13.27,1.65875
60,97,1,7,5.46,0.78
60,97,2,19,5.37,0.2826315789473684
60,97,3,17,3.88,0.22823529411764706
60,97,4,8,1.81,0.22625
60,99,0,19,73.26,3.8557894736842107
60,99,1,13,38.36,2.9507692307692306
60,99,2,9,24.17,2.6855555555555557
60,99,3,3,7.99,2.6633333333333336
60,99,4,8,6.25,0.78125
62,2,0,17,80.93,4.760588235294118
62,2,1,13,44.49,3.4223076923076925
62,2,2,8,24.57,3.07125
62,2,3,2,5.47,2.735
62,2,4,16,42.14,2.63375
62,3,0,6,16.69,2.7816666666666667
62,3,1,16,33.21,2.075625
62,3,2,17,32.77,1.9276470588235295
62,3,3,17,9.99,0.5876470588235294
62,3,4,18,6.99,0.38833333333333336
62,5,0,11,15.9,1.4454545454545455
62,5,1,17,15.72,0.9247058823529413
62,5,2,11,9.13,0.8300000000000001
62,5,3,15,6.96,0.464
62,5,4,9,0.71,0.07888888888888888
62,8,0,6,9.39,1.5650000000000002
62,8,1,16,20.92,1.3075
62,8,2,3,3.4,1.1333333333333333
62,8,3,3,3.03,1.01
62,8,4,8,2.66,0.3325
62,10,0,1,1.64,1.64
62,10,1,16,18.38,1.14875
62,10,2,13,13.13,1.01
62,10,3,17,11.3,0.6647058823529413
62,10,4,3,1.73,0.5766666666666667
62,11,0,7,19.82,2.8314285714285714
62,11,1,6,13.91,2.3183333333333334
62,11,2,6,13.5,2.25
62,11,3,5,7.74,1.548
62,11,4,2,2.94,1.47
62,12,0,18,14.62,0.8122222222222222
62,12,1,3,1.62,0.54
62,12,2,19,7.09,0.3731578947368421
62,12,3,19,5.3,0.2789473684210526
62,12,4,4,0.79,0.1975
62,14,0,19,64.37,3.3878947368421053
62,14,1,16,40.78,2.54875
62,14,2,17,38.49,2.2641176470588236
62,14,3,19,20.82,1.0957894736842106
62,14,4,17,14.56,0.8564705882352941
62,16,0,18,22.8,1.2666666666666666
62,16,1,20,24.75,1.2375
62,16,2,14,16.32,1.1657142857142857
62,16,3,11,7.74,0.7036363636363636
62,16,4,13,4.22,0.3246153846153846
62,17,0,4,5.43,1.3575
62,17,1,7,8.27,1.1814285714285713
62,17,2,2,1.28,0.64
62,17,3,6,2.61,0.435
62,17,4,2,0.68,0.34
62,24,0,3,5.24,1.7466666666666668
62,24,1,13,20.44,1.5723076923076924
62,24,2,14,12.19,0.8707142857142857
62,24,3,5,3.91,0.782
62,24,4,16,6.01,0.375625
62,26,0,11,41.43,3.766363636363636
62,26,1,19,67.26,3.5400000000000005
62,26,2,4,5.1,1.275
62,26,3,5,6.13,1.226
62,26,4,5,2.46,0.492
62,29,0,11,48.78,4.434545454545455
62,29,1,8,33.77,4.22125
62,29,2,1,3.42,3.42
62,29,3,16,30.35,1.896875
62,29,4,14,4.55,0.325
62,31,0,4,8.46,2.115
62,31,1,15,17.66,1.1773333333333333
62,31,2,4,4.52,1.13
62,31,3,7,2.57,0.3671428571428571
62,31,4,19,5.37,0.2826315789473684
62,33,0,20,113.75,5.6875
62,33,1,2,7.48,3.74
62,33,2,2,5.92,2.96
62,33,3,20,36.98,1.8489999999999998
62,33,4,19,21.65,1.1394736842105262
62,34,0,2,4.98,2.49
62,34,1,17,21.43,1.2605882352941176
62,34,2,19,22.9,1.2052631578947368
62,34,3,3,1.46,0.48666666666666664
62,34,4,7,1.7,0.24285714285714285
62,39,0,15,33.39,2.226
62,39,1,17,32.62,1.9188235294117646
62,39,2,15,27.91,1.8606666666666667
62,39,3,12,20.43,1.7025
62,39,4,12,13.36,1.1133333333333333
62,47,0,9,19.9,2.211111111111111
62,47,1,9,8.09,0.8988888888888888
62,47,2,15,10.33,0.6886666666666666
62,47,3,4,1.58,0.395
62,47,4,6,1.05,0.17500000000000002
62,48,0,14,29.93,2.137857142857143
62,48,1,17,34.19,2.0111764705882353
62,48,2,2,2.41,1.205
62,48,3,5,5.55,1.1099999999999999
62,48,4,19,9.37,0.4931578947368421
62,49,0,11,7.68,0.6981818181818181
62,49,1,17,9.73,0.5723529411764706
62,49,2,13,4.1,0.3153846153846154
62,49,3,17,5.08,0.2988235294117647
62,49,4,3,0.3,0.09999999999999999
62,51,0,20,15.26,0.763
62,51,1,6,4.26,0.71
62,51,2,5,3.36,0.6719999999999999
62,51,3,11,6.35,0.5772727272727273
62,51,4,20,3.88,0.194
62,52,0,3,4.25,1.4166666666666667
62,52,1,11,13.67,1.2427272727272727
62,52,2,12,11.22,0.935
62,52,3,12,8.35,0.6958333333333333
62,52,4,7,1.73,0.24714285714285714
62,53,0,3,23.62,7.873333333333334
62,53,1,12,60.39,5.0325
62,53,2,4,17.66,4.415
62,53,3,6,8.27,1.3783333333333332
62,53,4,13,9.21,0.7084615384615385
62,58,0,18,37.0,2.0555555555555554
62,58,1,13,10.87,0.8361538461538461
62,58,2,16,12.44,0.7775
62,58,3,16,7.65,0.478125
62,58,4,9,3.28,0.3644444444444444
62,60,0,4,6.09,1.5225
62,60,1,2,2.74,1.37
62,60,2,11,12.15,1.1045454545454545
62,60,3,7,2.34,0.33428571428571424
62,60,4,3,0.82,0.2733333333333333
62,63,0,13,28.46,2.189230769230769
62,63,1,8,14.81,1.85125
62,63,2,5,8.45,1.69
62,63,3,15,21.64,1.4426666666666668
62,63,4,18,2.98,0.16555555555555557
62,64,0,20,53.37,2.6685
62,64,1,5,11.62,2.324
62,64,2,6,13.78,2.2966666666666664
62,64,3,13,19.47,1.4976923076923077
62,64,4,7,4.79,0.6842857142857143
62,66,0,10,24.65,2.465
62,66,1,20,46.75,2.3375
62,66,2,8,12.11,1.51375
62,66,3,1,0.56,0.56
62,66,4,5,0.95,0.19
62,73,0,2,18.43,9.215
62,73,1,16,81.54,5.09625
62,73,2,19,62.69,3.2994736842105263
62,73,3,15,40.33,2.6886666666666668
62,73,4,16,13.03,0.814375
62,78,0,18,35.77,1.9872222222222224
62,78,1,5,8.71,1.7420000000000002
62,78,2,13,4.3,0.33076923076923076
62,78,3,16,2.87,0.179375
62,78,4,10,1.17,0.11699999999999999
62,81,0,18,115.28,6.404444444444445
62,81,1,9,39.23,4.358888888888888
62,81,2,16,45.94,2.87125
62,81,3,10,28.18,2.818
62,81,4,1,2.35,2.35
62,82,0,2,12.63,6.315
62,82,1,17,98.68,5.804705882352941
62,82,2,4,17.49,4.3725
62,82,3,5,16.8,3.3600000000000003
62,82,4,16,38.86,2.42875
62,83,0,5,19.96,3.992
62,83,1,6,19.72,3.2866666666666666
62,83,2,10,18.44,1.844
62,83,3,18,16.23,0.9016666666666667
62,83,4,2,0.91,0.455
62,84,0,2,16.94,8.47
62,84,1,15,104.38,6.958666666666667
62,84,2,7,47.34,6.762857142857143
62,84,3,4,19.85,4.9625
62,84,4,11,38.14,3.4672727272727273
62,87,0,2,4.34,2.17
62,87,1,12,19.64,1.6366666666666667
62,87,2,16,18.91,1.181875
62,87,3,20,20.81,1.0405
62,87,4,10,5.81,0.581
62,90,0,2,7.15,3.575
62,90,1,6,14.83,2.4716666666666667
62,90,2,3,6.01,2.0033333333333334
62,90,3,3,2.76,0.9199999999999999
62,90,4,7,3.98,0.5685714285714286
62,95,0,13,38.43,2.956153846153846
62,95,1,16,32.02,2.00125
62,95,2,20,30.32,1.516
62,95,3,11,8.65,0.7863636363636364
62,95,4,10,6.72,0.6719999999999999
62,97,0,7,16.86,2.4085714285714284
62,97,1,18,42.78,2.376666666666667
62,97,2,17,34.33,2.0194117647058825
62,97,3,12,7.5,0.625
62,97,4,9,5.48,0.6088888888888889
62,99,0,10,22.53,2.253
62,99,1,8,17.44,2.18
62,99,2,17,34.21,2.0123529411764705
62,99,3,11,19.09,1.7354545454545454
62,99,4,13,11.83,0.91
63,2,0,1,4.69,4.69
63,2,1,18,82.67,4.592777777777778
63,2,2,13,39.99,3.0761538461538462
63,2,3,20,57.23,2.8615
63,2,4,5,8.4,1.6800000000000002
63,3,0,11,42.56,3.869090909090909
63,3,1,11,39.4,3.5818181818181816
63,3,2,6,13.4,2.2333333333333334
63,3,3,16,24.87,1.554375
63,3,4,13,14.83,1.1407692307692308
63,5,0,3,6.18,2.06
63,5,1,4,6.93,1.7325
63,5,2,3,5.0,1.6666666666666667
63,5,3,6,6.29,1.0483333333333333
63,5,4,11,5.67,0.5154545454545455
63,8,0,19,89.38,4.704210526315789
63,8,1,20,75.55,3.7775
63,8,2,16,24.36,1.5225
63,8,3,12,14.7,1.2249999999999999
63,8,4,4,2.7,0.675
63,10,0,10,10.87,1.087
63,10,1,20,19.4,0.97
63,10,2,2,0.71,0.355
63,10,3,6,1.56,0.26
63,10,4,10,2.39,0.23900000000000002
63,11,0,19,90.47,4.761578947368421
63,11,1,19,74.11,3.900526315789474
63,11,2,8,16.5,2.0625
63,11,3,15,24.07,1.6046666666666667
63,11,4,13,4.92,0.37846153846153846
63,12,0,17,26.31,1.5476470588235294
63,12,1,8,11.47,1.43375
63,12,2,7,8.69,1.2414285714285713
63,12,3,17,5.16,0.3035294117647059
63,12,4,6,1.61,0.26833333333333337
63,14,0,4,21.41,5.3525
63,14,1,8,34.98,4.3725
63,14,2,1,3.95,3.95
63,14,3,6,21.06,3.51
63,14,4,8,8.67,1.08375
63,16,0,12,34.06,2.8383333333333334
63,16,1,20,55.22,2.761
63,16,2,5,10.37,2.074
63,16,3,13,24.48,1.883076923076923
63,16,4,1,1.58,1.58
63,17,0,20,66.0,3.3
63,17,1,16,40.46,2.52875
63,17,2,7,17.47,2.4957142857142856
63,17,3,16,29.6,1.85
63,17,4,6,3.51,0.585
63,24,0,14,28.78,2.0557142857142856
63,24,1,16,24.16,1.51
63,24,2,13,13.7,1.0538461538461539
63,24,3,10,3.13,0.313
63,24,4,4,1.0,0.25
63,26,0,9,16.5,1.8333333333333333
63,26,1,17,29.69,1.7464705882352942
63,26,2,13,10.15,0.7807692307692308
63,26,3,7,5.21,0.7442857142857143
63,26,4,9,2.68,0.2977777777777778
63,29,0,17,55.83,3.2841176470588236
63,29,1,3,8.91,2.97
63,29,2,7,18.04,2.577142857142857
63,29,3,16,10.16,0.635
63,29,4,11,6.9,0.6272727272727273
63,31,0,5,23.22,4.644
63,31,1,15,66.57,4.438
63,31,2,15,63.19,4.212666666666666
63,31,3,3,6.22,2.0733333333333333
63,31,4,16,25.13,1.570625
63,33,0,5,19.57,3.914
63,33,1,15,51.86,3.457333333333333
63,33,2,13,40.24,3.0953846153846154
63,33,3,15,27.97,1.8646666666666667
63,33,4,20,14.68,0.734
63,34,0,15,68.06,4.537333333333334
63,34,1,3,12.22,4.073333333333333
63,34,2,10,29.66,2.966
63,34,3,15,41.43,2.762
63,34,4,9,3.77,0.41888888888888887
63,39,0,20,82.38,4.119
63,39,1,10,40.72,4.072
63,39,2,11,34.0,3.090909090909091
63,39,3,4,10.54,2.635
63,39,4,15,27.3,1.82
63,47,0,7,17.57,2.5100000000000002
63,47,1,19,39.21,2.063684210526316
63,47,2,7,8.32,1.1885714285714286
63,47,3,5,1.41,0.282
63,47,4,20,3.02,0.151
63,48,0,9,29.57,3.285555555555556
63,48,1,1,3.18,3.18
63,48,2,19,45.59,2.3994736842105264
63,48,3,16,21.64,1.3525
63,48,4,12,15.85,1.3208333333333333
63,49,0,13,33.37,2.566923076923077
63,49,1,9,19.92,2.2133333333333334
63,49,2,4,4.58,1.145
63,49,3,2,1.75,0.875
63,49,4,12,6.78,0.5650000000000001
63,51,0,3,9.46,3.1533333333333338
63,51,1,11,33.49,3.044545454545455
63,51,2,5,14.29,2.8579999999999997
63,51,3,3,5.77,1.9233333333333331
63,51,4,1,1.58,1.58
63,52,0,11,14.84,1.3490909090909091
63,52,1,8,8.26,1.0325
63,52,2,4,4.0,1.0
63,52,3,4,3.4,0.85
63,52,4,9,2.3,0.25555555555555554
63,53,0,5,33.99,6.798
63,53,1,20,134.03,6.7015
63,53,2,4,20.13,5.0325
63,53,3,14,47.8,3.414285714285714
63,53,4,16,13.32,0.8325
63,58,0,17,75.09,4.417058823529412
63,58,1,7,30.74,4.3914285714285715
63,58,2,1,3.96,3.96
63,58,3,3,6.42,2.14
63,58,4,6,6.14,1.0233333333333332
63,60,0,14,7.04,0.5028571428571429
63,60,1,3,1.26,0.42
63,60,2,4,1.24,0.31
63,60,3,13,2.97,0.22846153846153847
63,60,4,14,2.73,0.195
63,62,0,6,13.63,2.271666666666667
63,62,1,2,4.23,2.115
63,62,2,11,17.11,1.5554545454545454
63,62,3,4,4.27,1.0675
63,62,4,11,4.69,0.4263636363636364
63,64,0,5,27.99,5.598
63,64,1,9,48.81,5.423333333333334
63,64,2,17,69.39,4.081764705882353
63,64,3,6,19.11,3.185
63,64,4,5,2.56,0.512
63,66,0,11,29.02,2.638181818181818
63,66,1,19,28.3,1.4894736842105263
63,66,2,8,11.65,1.45625
63,66,3,1,1.04,1.04
63,66,4,3,1.17,0.38999999999999996
63,73,0,13,54.82,4.216923076923077
63,73,1,14,43.26,3.09
63,73,2,12,22.9,1.9083333333333332
63,73,3,4,6.23,1.5575
63,73,4,3,2.68,0.8933333333333334
63,78,0,7,24.89,3.5557142857142856
63,78,1,2,6.51,3.255
63,78,2,1,2.73,2.73
63,78,3,11,22.83,2.075454545454545
63,78,4,11,7.04,0.64
63,81,0,12,107.98,8.998333333333333
63,81,1,20,99.92,4.996
63,81,2,11,54.56,4.96
63,81,3,6,21.56,3.5933333333333333
63,81,4,20,63.61,3.1805
63,82,0,3,20.53,6.843333333333334
63,82,1,12,81.76,6.8133333333333335
63,82,2,12,77.57,6.464166666666666
63,82,3,20,118.13,5.906499999999999
63,82,4,11,33.05,3.0045454545454544
63,83,0,2,3.74,1.87
63,83,1,12,17.85,1.4875
63,83,2,18,17.97,0.9983333333333333
63,83,3,10,7.04,0.704
63,83,4,9,2.49,0.27666666666666667
63,84,0,19,134.36,7.071578947368422
63,84,1,7,44.21,6.315714285714286
63,84,2,9,55.27,6.141111111111112
63,84,3,7,14.11,2.0157142857142856
63,84,4,19,36.2,1.905263157894737
63,87,0,6,6.9,1.1500000000000001
63,87,1,15,11.04,0.736
63,87,2,17,10.58,0.6223529411764706
63,87,3,12,7.32,0.61
63,87,4,5,1.05,0.21000000000000002
63,90,0,1,5.42,5.42
63,90,1,10,36.48,3.6479999999999997
63,90,2,10,25.82,2.582
63,90,3,2,4.39,2.195
63,90,4,11,3.51,0.3190909090909091
63,95,0,2,9.96,4.98
63,95,1,3,13.53,4.51
63,95,2,2,6.03,3.015
63,95,3,16,36.41,2.275625
63,95,4,10,15.96,1.596
63,97,0,19,37.46,1.971578947368421
63,97,1,3,4.56,1.5199999999999998
63,97,2,9,11.21,1.2455555555555557
63,97,3,6,5.67,0.945
63,97,4,12,2.85,0.23750000000000002
63,99,0,8,29.85,3.73125
63,99,1,9,27.13,3.0144444444444445
63,99,2,10,19.23,1.923
63,99,3,12,12.51,1.0425
63,99,4,18,7.63,0.42388888888888887
64,2,0,1,8.87,8.87
64,2,1,8,51.05,6.38125
64,2,2,14,55.44,3.96
64,2,3,5,13.99,2.798
64,2,4,11,8.84,0.8036363636363636
64,3,0,6,2.25,0.375
64,3,1,1,0.2,0.2
64,3,2,12,1.23,0.1025
64,3,3,12,0.93,0.0775
64,3,4,9,0.45,0.05
64,5,0,1,2.82,2.82
64,5,1,9,24.5,2.7222222222222223
64,5,2,2,4.76,2.38
64,5,3,4,7.98,1.995
64,5,4,14,27.75,1.9821428571428572
64,8,0,20,16.64,0.8320000000000001
64,8,1,4,2.17,0.5425
64,8,2,12,3.56,0.2966666666666667
64,8,3,6,1.52,0.25333333333333335
64,8,4,14,1.39,0.09928571428571428
64,10,0,4,24.11,6.0275
64,10,1,20,94.75,4.7375
64,10,2,17,75.93,4.466470588235294
64,10,3,6,25.31,4.218333333333333
64,10,4,10,6.94,0.6940000000000001
64,11,0,13,8.25,0.6346153846153846
64,11,1,5,2.45,0.49000000000000005
64,11,2,11,4.67,0.42454545454545456
64,11,3,18,7.32,0.4066666666666667
64,11,4,17,4.56,0.268235294117647
64,12,0,17,49.44,2.908235294117647
64,12,1,17,47.31,2.7829411764705885
64,12,2,2,5.28,2.64
64,12,3,15,37.0,2.466666666666667
64,12,4,18,37.18,2.0655555555555556
64,14,0,15,3.35,0.22333333333333333
64,14,1,20,4.4,0.22000000000000003
64,14,2,3,0.47,0.15666666666666665
64,14,3,15,1.55,0.10333333333333333
64,14,4,15,1.15,0.07666666666666666
64,16,0,15,38.41,2.5606666666666666
64,16,1,8,18.76,2.345
64,16,2,7,15.67,2.2385714285714284
64,16,3,20,43.99,2.1995
64,16,4,7,10.97,1.5671428571428572
64,17,0,20,32.85,1.6425
64,17,1,8,11.68,1.46
64,17,2,19,21.02,1.1063157894736841
64,17,3,18,16.42,0.9122222222222223
64,17,4,14,2.11,0.15071428571428572
64,24,0,14,41.06,2.932857142857143
64,24,1,20,49.87,2.4935
64,24,2,4,5.02,1.255
64,24,3,3,0.88,0.29333333333333333
64,24,4,9,2.16,0.24000000000000002
64,26,0,10,74.2,7.42
64,26,1,6,23.26,3.876666666666667
64,26,2,9,29.27,3.252222222222222
64,26,3,6,10.86,1.8099999999999998
64,26,4,17,16.15,0.95
64,29,0,6,47.72,7.953333333333333
64,29,1,18,103.21,5.733888888888888
64,29,2,19,78.82,4.148421052631579
64,29,3,4,5.49,1.3725
64,29,4,17,13.04,0.7670588235294117
64,31,0,12,24.26,2.021666666666667
64,31,1,13,23.86,1.8353846153846154
64,31,2,7,10.86,1.5514285714285714
64,31,3,2,1.62,0.81
64,31,4,18,11.8,0.6555555555555556
64,33,0,11,79.39,7.217272727272728
64,33,1,18,119.91,6.661666666666666
64,33,2,3,13.79,4.596666666666667
64,33,3,5,20.21,4.042
64,33,4,9,26.68,2.964444444444444
64,34,0,20,33.43,1.6715
64,34,1,6,9.64,1.6066666666666667
64,34,2,1,1.04,1.04
64,34,3,16,15.32,0.9575
64,34,4,5,4.14,0.828
64,39,0,6,15.54,2.59
64,39,1,11,25.76,2.341818181818182
64,39,2,5,11.3,2.2600000000000002
64,39,3,18,34.21,1.9005555555555556
64,39,4,7,2.86,0.40857142857142853
64,47,0,2,6.69,3.345
64,47,1,9,25.35,2.816666666666667
64,47,2,11,17.05,1.55
64,47,3,17,10.02,0.5894117647058823
64,47,4,11,2.68,0.24363636363636365
64,48,0,14,65.37,4.6692857142857145
64,48,1,4,17.71,4.4275
64,48,2,9,22.64,2.5155555555555558
64,48,3,18,36.61,2.033888888888889
64,48,4,7,14.1,2.0142857142857142
64,49,0,2,3.36,1.68
64,49,1,18,25.3,1.4055555555555557
64,49,2,5,6.46,1.292
64,49,3,5,5.78,1.1560000000000001
64,49,4,17,13.76,0.8094117647058824
64,51,0,2,5.16,2.58
64,51,1,2,4.42,2.21
64,51,2,2,4.39,2.195
64,51,3,19,29.18,1.5357894736842106
64,51,4,15,9.97,0.6646666666666667
64,52,0,17,90.12,5.301176470588236
64,52,1,16,69.21,4.325625
64,52,2,13,28.78,2.213846153846154
64,52,3,9,14.69,1.6322222222222222
64,52,4,20,26.08,1.3039999999999998
64,53,0,11,122.66,11.15090909090909
64,53,1,17,188.75,11.102941176470589
64,53,2,1,8.97,8.97
64,53,3,11,81.36,7.3963636363636365
64,53,4,14,89.19,6.3707142857142856
64,58,0,2,4.94,2.47
64,58,1,1,2.17,2.17
64,58,2,15,20.05,1.3366666666666667
64,58,3,5,6.62,1.324
64,58,4,10,13.03,1.303
64,60,0,1,4.75,4.75
64,60,1,12,50.62,4.218333333333333
64,60,2,19,51.44,2.7073684210526316
64,60,3,17,35.69,2.099411764705882
64,60,4,15,16.35,1.09
64,62,0,17,55.35,3.2558823529411764
64,62,1,18,53.88,2.9933333333333336
64,62,2,6,14.59,2.4316666666666666
64,62,3,19,38.75,2.039473684210526
64,62,4,7,3.81,0.5442857142857143
64,63,0,8,33.41,4.17625
64,63,1,11,45.03,4.093636363636364
64,63,2,20,64.75,3.2375
64,63,3,10,16.57,1.657
64,63,4,12,16.93,1.4108333333333334
64,66,0,18,117.01,6.500555555555556
64,66,1,3,16.76,5.586666666666667
64,66,2,20,92.36,4.618
64,66,3,5,20.98,4.196
64,66,4,17,63.38,3.7282352941176473
64,73,0,1,9.53,9.53
64,73,1,13,123.85,9.526923076923076
64,73,2,9,79.33,8.814444444444444
64,73,3,5,25.14,5.0280000000000005
64,73,4,20,67.52,3.376
64,78,0,4,15.72,3.93
64,78,1,1,1.81,1.81
64,78,2,15,13.52,0.9013333333333333
64,78,3,8,6.32,0.79
64,78,4,7,4.25,0.6071428571428571
64,81,0,11,70.75,6.431818181818182
64,81,1,18,115.36,6.408888888888889
64,81,2,17,101.9,5.9941176470588236
64,81,3,18,91.36,5.075555555555556
64,81,4,20,30.3,1.5150000000000001
64,82,0,2,19.54,9.77
64,82,1,16,124.71,7.794375
64,82,2,12,82.39,6.865833333333334
64,82,3,11,55.63,5.057272727272728
64,82,4,10,47.9,4.79
64,83,0,5,35.54,7.108
64,83,1,2,9.5,4.75
64,83,2,8,35.58,4.4475
64,83,3,1,2.46,2.46
64,83,4,9,16.84,1.8711111111111112
64,84,0,7,83.27,11.895714285714286
64,84,1,3,17.44,5.8133333333333335
64,84,2,10,57.79,5.779
64,84,3,14,40.68,2.9057142857142857
64,84,4,7,4.6,0.6571428571428571
64,87,0,19,96.73,5.091052631578948
64,87,1,20,79.51,3.9755000000000003
64,87,2,8,23.55,2.94375
64,87,3,6,12.76,2.1266666666666665
64,87,4,18,32.41,1.8005555555555555
64,90,0,4,3.78,0.945
64,90,1,4,3.42,0.855
64,90,2,15,5.37,0.358
64,90,3,19,5.2,0.2736842105263158
64,90,4,17,4.52,0.26588235294117646
64,95,0,6,5.1,0.85
64,95,1,3,2.1,0.7000000000000001
64,95,2,19,10.16,0.5347368421052632
64,95,3,18,6.77,0.37611111111111106
64,95,4,7,1.93,0.2757142857142857
64,97,0,17,86.52,5.089411764705882
64,97,1,3,9.85,3.283333333333333
64,97,2,19,45.19,2.378421052631579
64,97,3,3,1.38,0.45999999999999996
64,97,4,3,1.02,0.34
64,99,0,18,29.19,1.6216666666666668
64,99,1,10,11.17,1.117
64,99,2,19,18.21,0.958421052631579
64,99,3,18,7.74,0.43
64,99,4,2,0.44,0.22
66,2,0,14,29.17,2.0835714285714286
66,2,1,10,19.71,1.971
66,2,2,6,6.1,1.0166666666666666
66,2,3,16,6.97,0.435625
66,2,4,20,4.85,0.2425
66,3,0,5,24.8,4.96
66,3,1,13,57.39,4.414615384615384
66,3,2,5,17.28,3.4560000000000004
66,3,3,7,19.92,2.845714285714286
66,3,4,4,7.71,1.9275
66,5,0,14,45.63,3.2592857142857143
66,5,1,1,1.31,1.31
66,5,2,2,2.03,1.015
66,5,3,10,9.61,0.961
66,5,4,8,4.64,0.58
66,8,0,8,37.92,4.74
66,8,1,11,51.35,4.668181818181818
66,8,2,15,44.17,2.944666666666667
66,8,3,1,0.66,0.66
66,8,4,9,2.49,0.27666666666666667
66,10,0,18,31.41,1.745
66,10,1,8,11.05,1.38125
66,10,2,10,12.39,1.239
66,10,3,15,16.25,1.0833333333333333
66,10,4,4,2.94,0.735
66,11,0,19,113.41,5.968947368421053
66,11,1,1,4.36,4.36
66,11,2,1,4.32,4.32
66,11,3,9,35.73,3.9699999999999998
66,11,4,15,38.76,2.584
66,12,0,6,18.26,3.0433333333333334
66,12,1,6,12.44,2.0733333333333333
66,12,2,7,10.59,1.512857142857143
66,12,3,5,1.98,0.396
66,12,4,11,3.79,0.34454545454545454
66,14,0,1,6.55,6.55
66,14,1,19,123.18,6.483157894736842
66,14,2,16,102.97,6.435625
66,14,3,19,74.94,3.944210526315789
66,14,4,11,25.79,2.3445454545454543
66,16,0,4,15.94,3.985
66,16,1,17,47.64,2.8023529411764705
66,16,2,6,11.91,1.985
66,16,3,14,23.84,1.7028571428571428
66,16,4,2,2.44,1.22
66,17,0,9,25.12,2.7911111111111113
66,17,1,9,16.52,1.8355555555555556
66,17,2,6,10.79,1.7983333333333331
66,17,3,12,16.43,1.3691666666666666
66,17,4,14,19.03,1.3592857142857144
66,24,0,8,35.19,4.39875
66,24,1,8,27.74,3.4675
66,24,2,9,23.23,2.5811111111111114
66,24,3,1,1.42,1.42
66,24,4,7,9.21,1.3157142857142858
66,26,0,19,49.58,2.6094736842105264
66,26,1,2,4.57,2.285
66,26,2,11,15.5,1.4090909090909092
66,26,3,11,5.99,0.5445454545454546
66,26,4,11,1.44,0.1309090909090909
66,29,0,2,4.83,2.415
66,29,1,5,11.99,2.398
66,29,2,9,16.3,1.8111111111111111
66,29,3,7,6.83,0.9757142857142858
66,29,4,19,8.09,0.4257894736842105
66,31,0,3,13.49,4.496666666666667
66,31,1,9,27.79,3.0877777777777777
66,31,2,1,1.75,1.75
66,31,3,7,11.44,1.6342857142857141
66,31,4,19,28.63,1.5068421052631578
66,33,0,5,12.73,2.5460000000000003
66,33,1,3,7.42,2.473333333333333
66,33,2,20,36.25,1.8125
66,33,3,1,1.29,1.29
66,33,4,3,0.48,0.16
66,34,0,11,52.84,4.803636363636364
66,34,1,20,82.17,4.1085
66,34,2,8,29.68,3.71
66,34,3,15,17.95,1.1966666666666665
66,34,4,17,14.78,0.8694117647058823
66,39,0,11,37.26,3.387272727272727
66,39,1,20,61.76,3.088
66,39,2,6,13.23,2.205
66,39,3,3,6.24,2.08
66,39,4,12,17.85,1.4875
66,47,0,20,91.13,4.5565
66,47,1,10,26.39,2.6390000000000002
66,47,2,17,28.15,1.6558823529411764
66,47,3,10,13.25,1.325
66,47,4,1,1.04,1.04
66,48,0,2,2.89,1.445
66,48,1,9,12.41,1.3788888888888888
66,48,2,9,8.32,0.9244444444444445
66,48,3,8,5.23,0.65375
66,48,4,9,5.38,0.5977777777777777
66,49,0,9,24.45,2.716666666666667
66,49,1,9,21.72,2.413333333333333
66,49,2,1,2.15,2.15
66,49,3,2,4.16,2.08
66,49,4,20,27.79,1.3895
66,51,0,17,62.78,3.692941176470588
66,51,1,10,31.25,3.125
66,51,2,6,18.15,3.025
66,51,3,3,2.94,0.98
66,51,4,10,3.25,0.325
66,52,0,5,4.82,0.9640000000000001
66,52,1,19,15.28,0.8042105263157895
66,52,2,2,1.35,0.675
66,52,3,15,8.53,0.5686666666666667
66,52,4,9,1.42,0.15777777777777777
66,53,0,16,89.08,5.5675
66,53,1,20,99.19,4.9595
66,53,2,18,41.67,2.315
66,53,3,19,29.05,1.5289473684210526
66,53,4,20,26.3,1.315
66,58,0,19,60.56,3.1873684210526316
66,58,1,2,6.05,3.025
66,58,2,5,12.8,2.56
66,58,3,5,3.6,0.72
66,58,4,14,8.52,0.6085714285714285
66,60,0,14,36.33,2.5949999999999998
66,60,1,5,12.97,2.5940000000000003
66,60,2,3,7.55,2.5166666666666666
66,60,3,10,5.75,0.575
66,60,4,3,0.56,0.18666666666666668
66,62,0,15,29.88,1.992
66,62,1,18,35.3,1.961111111111111
66,62,2,1,1.15,1.15
66,62,3,18,17.64,0.98
66,62,4,9,6.18,0.6866666666666666
66,63,0,2,5.22,2.61
66,63,1,16,41.17,2.573125
66,63,2,20,35.06,1.7530000000000001
66,63,3,15,22.54,1.5026666666666666
66,63,4,16,17.21,1.075625
66,64,0,1,5.43,5.43
66,64,1,18,96.4,5.355555555555556
66,64,2,17,56.83,3.342941176470588
66,64,3,9,18.61,2.0677777777777777
66,64,4,18,11.94,0.6633333333333333
66,73,0,16,99.09,6.193125
66,73,1,20,123.38,6.169
66,73,2,20,103.44,5.172
66,73,3,10,28.88,2.888
66,73,4,8,11.93,1.49125
66,78,0,12,37.3,3.108333333333333
66,78,1,20,30.18,1.509
66,78,2,5,7.14,1.428
66,78,3,14,6.23,0.445
66,78,4,18,7.27,0.40388888888888885
66,81,0,19,77.5,4.078947368421052
66,81,1,18,44.16,2.453333333333333
66,81,2,1,2.09,2.09
66,81,3,11,20.68,1.88
66,81,4,7,9.49,1.3557142857142856
66,82,0,4,15.52,3.88
66,82,1,12,40.05,3.3375
66,82,2,6,17.78,2.9633333333333334
66,82,3,17,39.47,2.321764705882353
66,82,4,12,4.9,0.4083333333333334
66,83,0,11,17.2,1.5636363636363635
66,83,1,5,6.19,1.238
66,83,2,4,4.76,1.19
66,83,3,12,5.7,0.47500000000000003
66,83,4,20,2.06,0.10300000000000001
66,84,0,2,10.54,5.27
66,84,1,2,7.69,3.845
66,84,2,14,17.09,1.2207142857142856
66,84,3,3,3.21,1.07
66,84,4,17,7.94,0.4670588235294118
66,87,0,20,25.48,1.274
66,87,1,19,19.85,1.0447368421052632
66,87,2,10,9.18,0.9179999999999999
66,87,3,11,3.3,0.3
66,87,4,7,1.58,0.22571428571428573
66,90,0,13,81.82,6.293846153846153
66,90,1,8,49.7,6.2125
66,90,2,17,72.27,4.251176470588235
66,90,3,20,78.45,3.9225000000000003
66,90,4,3,2.28,0.7599999999999999
66,95,0,18,112.31,6.239444444444445
66,95,1,20,116.09,5.8045
66,95,2,10,29.97,2.997
66,95,3,11,19.04,1.7309090909090907
66,95,4,2,3.15,1.575
66,97,0,4,21.81,5.4525
66,97,1,15,57.26,3.817333333333333
66,97,2,19,51.27,2.6984210526315793
66,97,3,15,24.45,1.63
66,97,4,11,2.73,0.24818181818181817
66,99,0,1,2.23,2.23
66,99,1,2,3.74,1.87
66,99,2,14,18.62,1.33
66,99,3,19,24.59,1.2942105263157895
66,99,4,14,11.76,0.84
73,2,0,11,58.66,5.332727272727272
73,2,1,8,26.07,3.25875
73,2,2,13,23.96,1.843076923076923
73,2,3,11,14.82,1.3472727272727274
73,2,4,7,4.14,0.5914285714285714
73,3,0,13,130.98,10.075384615384614
73,3,1,2,16.18,8.09
73,3,2,2,14.61,7.305
73,3,3,16,59.04,3.69
73,3,4,14,36.09,2.5778571428571433
73,5,0,19,168.2,8.852631578947367
73,5,1,18,114.44,6.357777777777778
73,5,2,5,30.72,6.144
73,5,3,13,73.51,5.654615384615385
73,5,4,19,23.21,1.221578947368421
73,8,0,18,162.45,9.024999999999999
73,8,1,12,90.07,7.5058333333333325
73,8,2,12,73.02,6.085
73,8,3,4,21.69,5.4225
73,8,4,7,8.6,1.2285714285714284
73,10,0,19,114.12,6.0063157894736845
73,10,1,20,104.41,5.2204999999999995
73,10,2,15,62.22,4.148
73,10,3,6,15.53,2.5883333333333334
73,10,4,11,13.28,1.2072727272727273
73,11,0,7,80.2,11.457142857142857
73,11,1,16,169.15,10.571875
73,11,2,3,19.44,6.48
73,11,3,2,11.65,5.825
73,11,4,8,3.95,0.49375
73,12,0,5,43.4,8.68
73,12,1,20,142.2,7.109999999999999
73,12,2,5,23.38,4.676
73,12,3,3,6.79,2.263333333333333
73,12,4,19,8.27,0.4352631578947368
73,14,0,8,95.48,11.935
73,14,1,5,54.95,10.99
73,14,2,3,21.48,7.16
73,14,3,20,96.36,4.818
73,14,4,6,19.57,3.2616666666666667
73,16,0,6,53.65,8.941666666666666
73,16,1,1,7.68,7.68
73,16,2,8,45.13,5.64125
73,16,3,6,33.52,5.586666666666667
73,16,4,20,79.48,3.974
73,17,0,6,35.92,5.986666666666667
73,17,1,18,56.81,3.156111111111111
73,17,2,13,34.84,2.68
73,17,3,3,4.08,1.36
73,17,4,11,9.11,0.8281818181818181
73,24,0,8,90.71,11.33875
73,24,1,16,160.95,10.059375
73,24,2,18,131.16,7.286666666666666
73,24,3,4,22.97,5.7425
73,24,4,15,10.29,0.6859999999999999
73,26,0,12,103.57,8.630833333333333
73,26,1,15,124.51,8.300666666666666
73,26,2,11,44.79,4.071818181818181
73,26,3,16,55.66,3.47875
73,26,4,15,22.01,1.4673333333333334
73,29,0,4,18.81,4.7025
73,29,1,18,43.55,2.4194444444444443
73,29,2,20,44.64,2.232
73,29,3,3,2.64,0.88
73,29,4,4,1.01,0.2525
73,31,0,17,163.65,9.626470588235295
73,31,1,3,27.72,9.24
73,31,2,4,16.07,4.0175
73,31,3,1,3.72,3.72
73,31,4,6,14.13,2.355
73,33,0,15,90.93,6.062
73,33,1,14,46.73,3.3378571428571426
73,33,2,3,8.95,2.983333333333333
73,33,3,19,20.84,1.0968421052631578
73,33,4,4,1.04,0.26
73,34,0,10,94.61,9.461
73,34,1,16,131.82,8.23875
73,34,2,18,85.97,4.776111111111111
73,34,3,2,6.83,3.415
73,34,4,8,17.19,2.14875
73,39,0,12,81.14,6.761666666666667
73,39,1,3,9.29,3.0966666666666662
73,39,2,11,31.97,2.9063636363636363
73,39,3,14,39.14,2.795714285714286
73,39,4,1,0.9,0.9
73,47,0,15,120.99,8.065999999999999
73,47,1,8,63.25,7.90625
73,47,2,13,69.71,5.3623076923076916
73,47,3,7,9.35,1.3357142857142856
73,47,4,16,12.33,0.770625
73,48,0,15,48.72,3.2479999999999998
73,48,1,20,54.31,2.7155
73,48,2,16,31.39,1.961875
73,48,3,19,21.74,1.1442105263157893
73,48,4,12,7.75,0.6458333333333334
73,49,0,19,134.95,7.102631578947368
73,49,1,14,52.43,3.745
73,49,2,2,6.89,3.445
73,49,3,10,5.97,0.597
73,49,4,9,4.93,0.5477777777777777
73,51,0,4,22.9,5.725
73,51,1,6,30.8,5.133333333333334
73,51,2,17,70.31,4.135882352941176
73,51,3,1,3.34,3.34
73,51,4,3,4.92,1.64
73,52,0,19,135.68,7.1410526315789475
73,52,1,11,71.88,6.534545454545454
73,52,2,10,47.68,4.768
73,52,3,3,9.95,3.3166666666666664
73,52,4,8,10.15,1.26875
73,53,0,9,26.75,2.9722222222222223
73,53,1,4,10.28,2.57
73,53,2,19,42.87,2.256315789473684
73,53,3,16,25.02,1.56375
73,53,4,7,9.84,1.4057142857142857
73,58,0,7,38.5,5.5
73,58,1,12,55.33,4.610833333333333
73,58,2,18,64.9,3.605555555555556
73,58,3,3,6.08,2.026666666666667
73,58,4,5,4.58,0.916
73,60,0,15,135.48,9.032
73,60,1,7,37.15,5.307142857142857
73,60,2,20,72.33,3.6165
73,60,3,12,38.63,3.2191666666666667
73,60,4,19,9.64,0.5073684210526316
73,62,0,20,183.52,9.176
73,62,1,11,81.96,7.45090909090909
73,62,2,7,45.36,6.4799999999999995
73,62,3,4,4.7,1.175
73,62,4,18,17.54,0.9744444444444444
73,63,0,6,40.9,6.816666666666666
73,63,1,7,39.99,5.7128571428571435
73,63,2,14,72.09,5.149285714285715
73,63,3,13,44.83,3.4484615384615385
73,63,4,16,28.37,1.773125
73,64,0,6,69.3,11.549999999999999
73,64,1,5,48.3,9.66
73,64,2,6,50.07,8.345
73,64,3,5,31.74,6.348
73,64,4,20,50.59,2.5295
73,66,0,9,52.23,5.803333333333333
73,66,1,17,79.67,4.686470588235294
73,66,2,17,40.05,2.355882352941176
73,66,3,14,31.33,2.2378571428571425
73,66,4,13,10.47,0.8053846153846155
73,78,0,18,141.6,7.866666666666666
73,78,1,16,122.94,7.68375
73,78,2,5,34.01,6.802
73,78,3,19,128.76,6.776842105263158
73,78,4,19,44.85,2.360526315789474
73,81,0,2,5.55,2.775
73,81,1,20,43.42,2.1710000000000003
73,81,2,3,4.91,1.6366666666666667
73,81,3,13,11.54,0.8876923076923077
73,81,4,1,0.86,0.86
73,82,0,16,44.32,2.77
73,82,1,17,46.38,2.7282352941176473
73,82,2,10,13.98,1.3980000000000001
73,82,3,1,0.14,0.14
73,82,4,20,2.65,0.1325
73,83,0,7,46.17,6.595714285714286
73,83,1,8,26.23,3.27875
73,83,2,1,3.18,3.18
73,83,3,10,17.3,1.73
73,83,4,8,12.98,1.6225
73,84,0,10,36.37,3.6369999999999996
73,84,1,18,45.74,2.5411111111111113
73,84,2,13,21.8,1.676923076923077
73,84,3,7,9.52,1.3599999999999999
73,84,4,20,18.29,0.9145
73,87,0,5,43.74,8.748000000000001
73,87,1,13,72.29,5.560769230769231
73,87,2,16,87.56,5.4725
73,87,3,4,17.48,4.37
73,87,4,11,45.97,4.179090909090909
73,90,0,2,14.74,7.37
73,90,1,1,5.44,5.44
73,90,2,2,8.42,4.21
73,90,3,12,39.71,3.3091666666666666
73,90,4,17,43.22,2.5423529411764707
73,95,0,18,138.02,7.667777777777778
73,95,1,2,11.95,5.975
73,95,2,15,58.42,3.8946666666666667
73,95,3,9,13.7,1.5222222222222221
73,95,4,6,7.99,1.3316666666666668
73,97,0,2,19.46,9.73
73,97,1,19,181.96,9.57684210526316
73,97,2,1,4.86,4.86
73,97,3,4,16.44,4.11
73,97,4,3,6.12,2.04
73,99,0,9,94.77,10.53
73,99,1,10,102.98,10.298
73,99,2,17,92.03,5.413529411764706
73,99,3,12,50.79,4.2325
73,99,4,17,46.1,2.711764705882353
78,2,0,6,33.44,5.573333333333333
78,2,1,5,18.99,3.7979999999999996
78,2,2,12,13.64,1.1366666666666667
78,2,3,13,12.99,0.9992307692307693
78,2,4,18,13.28,0.7377777777777778
78,3,0,12,35.2,2.9333333333333336
78,3,1,20,51.18,2.559
78,3,2,5,9.09,1.818
78,3,3,12,12.35,1.0291666666666666
78,3,4,17,17.09,1.005294117647059
78,5,0,17,59.34,3.4905882352941178
78,5,1,6,17.64,2.94
78,5,2,8,22.52,2.815
78,5,3,8,18.76,2.345
78,5,4,18,3.71,0.2061111111111111
78,8,0,17,57.81,3.400588235294118
78,8,1,7,20.36,2.9085714285714284
78,8,2,14,26.87,1.9192857142857143
78,8,3,9,11.12,1.2355555555555555
78,8,4,17,9.11,0.5358823529411765
78,10,0,14,52.61,3.757857142857143
78,10,1,8,19.5,2.4375
78,10,2,20,14.89,0.7445
78,10,3,9,5.04,0.56
78,10,4,19,5.87,0.30894736842105264
78,11,0,4,9.69,2.4225
78,11,1,10,22.59,2.259
78,11,2,13,14.87,1.1438461538461537
78,11,3,14,15.92,1.1371428571428572
78,11,4,7,3.77,0.5385714285714286
78,12,0,8,17.29,2.16125
78,12,1,2,2.53,1.265
78,12,2,13,12.67,0.9746153846153847
78,12,3,14,6.75,0.48214285714285715
78,12,4,2,0.92,0.46
78,14,0,20,79.87,3.9935
78,14,1,11,38.42,3.4927272727272727
78,14,2,17,58.91,3.4652941176470584
78,14,3,2,3.46,1.73
78,14,4,1,0.8,0.8
78,16,0,18,63.83,3.546111111111111
78,16,1,13,34.52,2.6553846153846155
78,16,2,20,49.09,2.4545000000000003
78,16,3,11,17.81,1.619090909090909
78,16,4,7,6.89,0.9842857142857142
78,17,0,17,35.95,2.114705882352941
78,17,1,5,8.21,1.6420000000000001
78,17,2,6,9.0,1.5
78,17,3,3,3.75,1.25
78,17,4,8,6.83,0.85375
78,24,0,7,22.89,3.27
78,24,1,8,16.35,2.04375
78,24,2,13,24.2,1.8615384615384616
78,24,3,11,12.4,1.1272727272727272
78,24,4,20,3.62,0.181
78,26,0,8,40.49,5.06125
78,26,1,13,56.65,4.357692307692307
78,26,2,12,29.59,2.4658333333333333
78,26,3,17,40.94,2.408235294117647
78,26,4,10,4.88,0.488
78,29,0,11,42.18,3.8345454545454545
78,29,1,1,3.03,3.03
78,29,2,1,1.66,1.66
78,29,3,4,3.29,0.8225
78,29,4,17,3.24,0.19058823529411767
78,31,0,3,4.5,1.5
78,31,1,1,0.81,0.81
78,31,2,11,8.12,0.7381818181818182
78,31,3,4,1.93,0.4825
78,31,4,11,4.9,0.4454545454545455
78,33,0,14,70.27,5.019285714285714
78,33,1,7,29.84,4.2628571428571425
78,33,2,3,10.89,3.6300000000000003
78,33,3,14,40.09,2.863571428571429
78,33,4,12,34.24,2.8533333333333335
78,34,0,13,22.13,1.7023076923076923
78,34,1,11,14.92,1.3563636363636364
78,34,2,2,1.84,0.92
78,34,3,8,6.52,0.815
78,34,4,8,1.59,0.19875
78,39,0,15,13.4,0.8933333333333333
78,39,1,16,12.14,0.75875
78,39,2,12,8.12,0.6766666666666666
78,39,3,12,3.83,0.31916666666666665
78,39,4,13,1.91,0.1469230769230769
78,47,0,15,64.69,4.312666666666667
78,47,1,12,50.45,4.204166666666667
78,47,2,6,18.81,3.135
78,47,3,16,48.4,3.025
78,47,4,3,1.89,0.63
78,48,0,12,18.92,1.5766666666666669
78,48,1,8,11.75,1.46875
78,48,2,4,5.29,1.3225
78,48,3,13,8.87,0.6823076923076923
78,48,4,5,0.65,0.13
78,49,0,1,2.23,2.23
78,49,1,3,6.11,2.0366666666666666
78,49,2,7,10.49,1.4985714285714287
78,49,3,8,8.81,1.10125
78,49,4,1,0.66,0.66
78,51,0,5,8.55,1.7100000000000002
78,51,1,7,9.37,1.3385714285714285
78,51,2,8,9.19,1.14875
78,51,3,7,1.73,0.24714285714285714
78,51,4,13,2.77,0.21307692307692308
78,52,0,8,13.18,1.6475
78,52,1,16,25.88,1.6175
78,52,2,14,15.52,1.1085714285714285
78,52,3,15,10.55,0.7033333333333334
78,52,4,13,1.84,0.14153846153846156
78,53,0,8,44.96,5.62
78,53,1,2,3.82,1.91
78,53,2,5,8.49,1.698
78,53,3,4,4.88,1.22
78,53,4,11,6.9,0.6272727272727273
78,58,0,2,0.54,0.27
78,58,1,3,0.72,0.24
78,58,2,17,3.68,0.21647058823529414
78,58,3,14,1.67,0.11928571428571429
78,58,4,20,1.31,0.0655
78,60,0,6,19.04,3.1733333333333333
78,60,1,15,47.06,3.1373333333333333
78,60,2,16,48.57,3.035625
78,60,3,9,21.36,2.373333333333333
78,60,4,2,3.21,1.605
78,62,0,1,2.18,2.18
78,62,1,8,15.23,1.90375
78,62,2,2,2.74,1.37
78,62,3,12,16.14,1.345
78,62,4,5,2.45,0.49000000000000005
78,63,0,14,55.06,3.932857142857143
78,63,1,10,37.29,3.729
78,63,2,17,45.15,2.6558823529411764
78,63,3,17,39.24,2.3082352941176474
78,63,4,14,21.71,1.5507142857142857
78,64,0,7,27.23,3.89
78,64,1,13,36.37,2.7976923076923077
78,64,2,1,0.91,0.91
78,64,3,2,1.61,0.805
78,64,4,16,9.71,0.606875
78,66,0,12,36.03,3.0025
78,66,1,2,6.0,3.0
78,66,2,6,17.81,2.9683333333333333
78,66,3,14,36.18,2.584285714285714
78,66,4,9,6.76,0.7511111111111111
78,73,0,16,114.7,7.16875
78,73,1,8,53.05,6.63125
78,73,2,13,78.03,6.002307692307692
78,73,3,7,20.62,2.9457142857142857
78,73,4,4,7.98,1.995
78,81,0,13,92.12,7.086153846153847
78,81,1,20,117.19,5.8595
78,81,2,5,20.18,4.036
78,81,3,13,52.27,4.020769230769231
78,81,4,20,66.94,3.347
78,82,0,18,98.73,5.485
78,82,1,4,12.8,3.2
78,82,2,12,35.58,2.965
78,82,3,19,33.56,1.7663157894736843
78,82,4,5,5.85,1.17
78,83,0,9,39.76,4.417777777777777
78,83,1,5,18.66,3.732
78,83,2,17,29.49,1.734705882352941
78,83,3,17,21.02,1.236470588235294
78,83,4,6,2.59,0.43166666666666664
78,84,0,5,33.82,6.764
78,84,1,13,87.44,6.726153846153846
78,84,2,11,63.52,5.774545454545454
78,84,3,15,26.66,1.7773333333333334
78,84,4,20,30.17,1.5085000000000002
78,87,0,17,36.46,2.144705882352941
78,87,1,14,27.78,1.9842857142857144
78,87,2,17,25.94,1.5258823529411765
78,87,3,7,4.82,0.6885714285714286
78,87,4,15,5.15,0.3433333333333334
78,90,0,18,26.8,1.488888888888889
78,90,1,4,5.54,1.385
78,90,2,5,5.36,1.072
78,90,3,10,7.66,0.766
78,90,4,19,13.04,0.6863157894736842
78,95,0,13,42.99,3.306923076923077
78,95,1,20,51.97,2.5985
78,95,2,9,19.38,2.1533333333333333
78,95,3,13,18.74,1.4415384615384614
78,95,4,19,13.41,0.7057894736842105
78,97,0,12,66.92,5.576666666666667
78,97,1,12,55.43,4.619166666666667
78,97,2,18,72.13,4.007222222222222
78,97,3,1,2.5,2.5
78,97,4,8,9.46,1.1825
78,99,0,20,37.97,1.8984999999999999
78,99,1,20,21.68,1.084
78,99,2,7,4.84,0.6914285714285714
78,99,3,5,1.61,0.322
78,99,4,9,0.94,0.10444444444444444
81,2,0,18,50.01,2.7783333333333333
81,2,1,11,24.08,2.189090909090909
81,2,2,11,18.55,1.6863636363636365
81,2,3,5,4.96,0.992
81,2,4,2,0.37,0.185
81,3,0,8,83.95,10.49375
81,3,1,6,37.48,6.246666666666666
81,3,2,11,38.68,3.516363636363636
81,3,3,1,1.79,1.79
81,3,4,15,25.26,1.6840000000000002
81,5,0,10,70.98,7.098000000000001
81,5,1,13,79.31,6.100769230769231
81,5,2,8,37.87,4.73375
81,5,3,17,68.18,4.010588235294118
81,5,4,4,2.53,0.6325
81,8,0,9,99.36,11.04
81,8,1,12,105.47,8.789166666666667
81,8,2,13,62.17,4.782307692307692
81,8,3,16,63.26,3.95375
81,8,4,16,29.07,1.816875
81,10,0,8,42.67,5.33375
81,10,1,12,47.93,3.9941666666666666
81,10,2,8,24.84,3.105
81,10,3,7,3.96,0.5657142857142857
81,10,4,1,0.34,0.34
81,11,0,17,167.98,9.881176470588235
81,11,1,4,27.97,6.9925
81,11,2,16,54.95,3.434375
81,11,3,10,24.84,2.484
81,11,4,17,38.29,2.2523529411764707
81,12,0,1,6.39,6.39
81,12,1,19,93.95,4.9447368421052635
81,12,2,8,30.55,3.81875
81,12,3,12,39.37,3.2808333333333333
81,12,4,19,58.39,3.073157894736842
81,14,0,8,103.89,12.98625
81,14,1,6,45.69,7.614999999999999
81,14,2,19,124.73,6.564736842105264
81,14,3,17,76.15,4.479411764705882
81,14,4,8,5.41,0.67625
81,16,0,9,70.91,7.878888888888889
81,16,1,7,47.18,6.74
81,16,2,1,4.39,4.39
81,16,3,1,4.08,4.08
81,16,4,10,6.01,0.601
81,17,0,8,39.7,4.9625
81,17,1,3,13.82,4.6066666666666665
81,17,2,10,39.42,3.942
81,17,3,14,39.59,2.8278571428571433
81,17,4,17,37.67,2.2158823529411764
81,24,0,2,21.85,10.925
81,24,1,9,89.38,9.931111111111111
81,24,2,12,104.6,8.716666666666667
81,24,3,18,39.97,2.2205555555555554
81,24,4,5,4.72,0.944
81,26,0,10,57.23,5.723
81,26,1,17,90.85,5.344117647058823
81,26,2,8,17.33,2.16625
81,26,3,5,7.45,1.49
81,26,4,20,15.46,0.773
81,29,0,19,82.61,4.347894736842105
81,29,1,1,2.94,2.94
81,29,2,10,27.49,2.7489999999999997
81,29,3,19,44.52,2.343157894736842
81,29,4,3,6.79,2.263333333333333
81,31,0,18,166.74,9.263333333333334
81,31,1,13,60.88,4.683076923076923
81,31,2,19,31.19,1.641578947368421
81,31,3,16,25.7,1.60625
81,31,4,10,4.25,0.425
81,33,0,10,44.78,4.478
81,33,1,17,53.31,3.135882352941177
81,33,2,2,2.39,1.195
81,33,3,20,20.79,1.0394999999999999
81,33,4,15,6.8,0.4533333333333333
81,34,0,18,181.49,10.082777777777778
81,34,1,10,95.03,9.503
81,34,2,10,34.63,3.463
81,34,3,15,27.87,1.858
81,34,4,5,8.01,1.6019999999999999
81,39,0,8,72.41,9.05125
81,39,1,8,48.86,6.1075
81,39,2,6,32.29,5.381666666666667
81,39,3,1,3.17,3.17
81,39,4,9,27.04,3.0044444444444443
81,47,0,10,111.01,11.101
81,47,1,16,131.82,8.23875
81,47,2,5,32.02,6.404000000000001
81,47,3,12,71.17,5.930833333333333
81,47,4,15,59.46,3.964
81,48,0,17,96.0,5.647058823529412
81,48,1,15,81.24,5.4159999999999995
81,48,2,17,44.0,2.588235294117647
81,48,3,18,19.08,1.0599999999999998
81,48,4,11,11.46,1.041818181818182
81,49,0,1,6.06,6.06
81,49,1,1,5.07,5.07
81,49,2,17,79.66,4.685882352941176
81,49,3,13,39.93,3.0715384615384616
81,49,4,7,19.36,2.7657142857142856
81,51,0,10,79.22,7.922
81,51,1,13,81.58,6.275384615384615
81,51,2,19,118.19,6.220526315789473
81,51,3,5,30.12,6.024
81,51,4,6,32.03,5.338333333333334
81,52,0,13,99.29,7.6376923076923084
81,52,1,20,109.66,5.483
81,52,2,11,43.64,3.9672727272727273
81,52,3,10,36.78,3.678
81,52,4,8,19.31,2.41375
81,53,0,15,18.62,1.2413333333333334
81,53,1,13,7.46,0.5738461538461539
81,53,2,8,3.4,0.425
81,53,3,3,0.77,0.25666666666666665
81,53,4,1,0.06,0.06
81,58,0,10,75.28,7.5280000000000005
81,58,1,20,140.08,7.0040000000000004
81,58,2,17,116.29,6.840588235294118
81,58,3,2,3.62,1.81
81,58,4,7,11.74,1.6771428571428573
81,60,0,6,47.17,7.861666666666667
81,60,1,14,96.13,6.866428571428571
81,60,2,15,65.16,4.343999999999999
81,60,3,1,2.41,2.41
81,60,4,1,1.45,1.45
81,62,0,10,54.87,5.487
81,62,1,12,63.05,5.254166666666666
81,62,2,8,37.2,4.65
81,62,3,13,16.56,1.2738461538461539
81,62,4,18,9.99,0.555
81,63,0,8,65.92,8.24
81,63,1,20,144.91,7.2455
81,63,2,3,19.62,6.54
81,63,3,2,6.89,3.445
81,63,4,5,3.61,0.722
81,64,0,17,139.65,8.214705882352941
81,64,1,17,136.8,8.047058823529412
81,64,2,20,117.5,5.875
81,64,3,8,41.77,5.22125
81,64,4,1,5.18,5.18
81,66,0,19,124.99,6.578421052631579
81,66,1,10,62.61,6.261
81,66,2,12,50.7,4.2250000000000005
81,66,3,8,28.76,3.595
81,66,4,15,31.25,2.0833333333333335
81,73,0,13,30.49,2.3453846153846154
81,73,1,19,41.39,2.178421052631579
81,73,2,12,20.8,1.7333333333333334
81,73,3,4,3.61,0.9025
81,73,4,20,9.63,0.48150000000000004
81,78,0,15,132.2,8.813333333333333
81,78,1,19,93.34,4.9126315789473685
81,78,2,2,8.79,4.395
81,78,3,11,35.99,3.271818181818182
81,78,4,20,26.31,1.3155
81,82,0,11,28.21,2.5645454545454545
81,82,1,6,9.26,1.5433333333333332
81,82,2,15,21.7,1.4466666666666665
81,82,3,19,19.98,1.0515789473684212
81,82,4,13,8.27,0.6361538461538461
81,83,0,5,35.65,7.13
81,83,1,9,62.07,6.8966666666666665
81,83,2,19,95.89,5.046842105263158
81,83,3,18,47.36,2.631111111111111
81,83,4,9,13.99,1.5544444444444445
81,84,0,14,21.29,1.5207142857142857
81,84,1,10,9.08,0.908
81,84,2,1,0.38,0.38
81,84,3,15,4.96,0.33066666666666666
81,84,4,11,2.85,0.2590909090909091
81,87,0,14,94.26,6.732857142857143
81,87,1,7,44.94,6.42
81,87,2,8,49.88,6.235
81,87,3,17,105.5,6.205882352941177
81,87,4,16,74.2,4.6375
81,90,0,16,190.64,11.915
81,90,1,17,192.45,11.320588235294117
81,90,2,12,104.01,8.6675
81,90,3,17,76.33,4.49
81,90,4,2,5.37,2.685
81,95,0,3,31.25,10.416666666666666
81,95,1,4,41.27,10.3175
81,95,2,19,173.53,9.133157894736842
81,95,3,12,95.49,7.9575
81,95,4,14,58.47,4.176428571428572
81,97,0,16,194.74,12.17125
81,97,1,15,178.68,11.912
81,97,2,20,177.85,8.8925
81,97,3,10,72.21,7.220999999999999
81,97,4,16,101.92,6.37
81,99,0,7,62.9,8.985714285714286
81,99,1,13,109.79,8.445384615384615
81,99,2,1,8.38,8.38
81,99,3,13,31.96,2.4584615384615387
81,99,4,1,1.37,1.37
82,2,0,11,16.03,1.4572727272727273
82,2,1,16,19.99,1.249375
82,2,2,20,18.85,0.9425000000000001
82,2,3,12,8.69,0.7241666666666666
82,2,4,3,0.48,0.16
82,3,0,10,48.04,4.804
82,3,1,5,13.09,2.618
82,3,2,4,9.28,2.32
82,3,3,15,33.69,2.246
82,3,4,4,6.35,1.5875
82,5,0,6,45.57,7.595
82,5,1,4,10.82,2.705
82,5,2,12,23.18,1.9316666666666666
82,5,3,8,11.39,1.42375
82,5,4,10,13.75,1.375
82,8,0,7,58.99,8.427142857142858
82,8,1,15,104.25,6.95
82,8,2,17,34.49,2.0288235294117647
82,8,3,2,3.13,1.565
82,8,4,9,13.21,1.4677777777777778
82,10,0,17,102.54,6.031764705882353
82,10,1,6,28.45,4.741666666666666
82,10,2,11,46.92,4.265454545454546
82,10,3,16,66.55,4.159375
82,10,4,9,31.97,3.552222222222222
82,11,0,10,72.7,7.2700000000000005
82,11,1,15,66.87,4.458
82,11,2,20,48.25,2.4125
82,11,3,6,5.11,0.8516666666666667
82,11,4,7,4.14,0.5914285714285714
82,12,0,6,41.56,6.926666666666667
82,12,1,14,88.5,6.321428571428571
82,12,2,20,87.56,4.378
82,12,3,19,75.4,3.9684210526315793
82,12,4,19,17.33,0.9121052631578946
82,14,0,11,114.06,10.36909090909091
82,14,1,8,47.81,5.97625
82,14,2,13,51.97,3.9976923076923074
82,14,3,14,51.73,3.695
82,14,4,15,12.43,0.8286666666666667
82,16,0,2,13.16,6.58
82,16,1,6,20.07,3.345
82,16,2,12,37.7,3.141666666666667
82,16,3,11,32.62,2.9654545454545453
82,16,4,19,49.49,2.6047368421052632
82,17,0,15,63.54,4.236
82,17,1,14,59.3,4.235714285714286
82,17,2,17,57.17,3.3629411764705885
82,17,3,14,22.45,1.6035714285714284
82,17,4,3,3.24,1.08
82,24,0,7,58.1,8.3
82,24,1,18,134.89,7.493888888888888
82,24,2,13,79.7,6.130769230769231
82,24,3,9,46.46,5.162222222222223
82,24,4,3,1.78,0.5933333333333334
82,26,0,10,57.9,5.79
82,26,1,5,15.09,3.018
82,26,2,18,47.68,2.648888888888889
82,26,3,2,3.8,1.9
82,26,4,20,20.46,1.0230000000000001
82,29,0,18,29.08,1.6155555555555554
82,29,1,4,6.13,1.5325
82,29,2,8,12.17,1.52125
82,29,3,9,4.35,0.4833333333333333
82,29,4,17,3.46,0.20352941176470588
82,31,0,9,60.65,6.738888888888889
82,31,1,18,86.94,4.83
82,31,2,20,96.01,4.8005
82,31,3,19,27.02,1.4221052631578948
82,31,4,9,12.45,1.3833333333333333
82,33,0,18,61.43,3.412777777777778
82,33,1,11,37.24,3.3854545454545457
82,33,2,8,24.22,3.0275
82,33,3,13,33.84,2.6030769230769235
82,33,4,11,15.59,1.4172727272727272
82,34,0,15,60.88,4.058666666666666
82,34,1,12,48.43,4.035833333333334
82,34,2,17,55.66,3.2741176470588234
82,34,3,3,9.02,3.0066666666666664
82,34,4,6,13.46,2.2433333333333336
82,39,0,19,123.96,6.524210526315789
82,39,1,9,44.8,4.977777777777778
82,39,2,6,6.6,1.0999999999999999
82,39,3,10,8.87,0.8869999999999999
82,39,4,12,3.47,0.2891666666666667
82,47,0,1,9.08,9.08
82,47,1,7,42.59,6.0842857142857145
82,47,2,19,32.14,1.691578947368421
82,47,3,2,3.26,1.63
82,47,4,1,0.53,0.53
82,48,0,19,81.93,4.312105263157895
82,48,1,17,68.84,4.049411764705883
82,48,2,12,47.93,3.9941666666666666
82,48,3,13,42.19,3.2453846153846153
82,48,4,3,3.77,1.2566666666666666
82,49,0,10,76.7,7.67
82,49,1,1,7.29,7.29
82,49,2,3,18.26,6.086666666666667
82,49,3,10,22.04,2.2039999999999997
82,49,4,3,1.19,0.39666666666666667
82,51,0,19,107.67,5.666842105263158
82,51,1,1,5.36,5.36
82,51,2,3,13.77,4.59
82,51,3,3,12.76,4.253333333333333
82,51,4,4,15.85,3.9625
82,52,0,12,32.99,2.749166666666667
82,52,1,14,32.69,2.335
82,52,2,19,38.65,2.0342105263157895
82,52,3,18,12.17,0.6761111111111111
82,52,4,12,5.06,0.42166666666666663
82,53,0,4,11.29,2.8225
82,53,1,19,36.41,1.916315789473684
82,53,2,16,23.64,1.4775
82,53,3,2,1.84,0.92
82,53,4,14,12.24,0.8742857142857143
82,58,0,11,62.69,5.699090909090909
82,58,1,11,52.73,4.793636363636363
82,58,2,9,35.07,3.8966666666666665
82,58,3,15,44.97,2.9979999999999998
82,58,4,17,37.06,2.18
82,60,0,14,68.44,4.888571428571429
82,60,1,7,33.79,4.827142857142857
82,60,2,4,17.61,4.4025
82,60,3,16,27.18,1.69875
82,60,4,5,4.97,0.994
82,62,0,8,38.35,4.79375
82,62,1,10,31.95,3.195
82,62,2,9,18.61,2.0677777777777777
82,62,3,16,9.64,0.6025
82,62,4,16,6.32,0.395
82,63,0,8,43.49,5.43625
82,63,1,1,4.73,4.73
82,63,2,3,5.72,1.9066666666666665
82,63,3,5,7.74,1.548
82,63,4,13,10.78,0.8292307692307692
82,64,0,10,91.66,9.166
82,64,1,6,48.99,8.165000000000001
82,64,2,13,38.75,2.980769230769231
82,64,3,16,16.15,1.009375
82,64,4,13,10.74,0.8261538461538461
82,66,0,18,60.36,3.3533333333333335
82,66,1,17,52.6,3.0941176470588236
82,66,2,12,32.74,2.7283333333333335
82,66,3,12,32.37,2.6975
82,66,4,17,34.59,2.0347058823529416
82,73,0,1,1.33,1.33
82,73,1,19,24.69,1.2994736842105263
82,73,2,14,18.05,1.2892857142857144
82,73,3,20,10.04,0.502
82,73,4,19,3.58,0.18842105263157896
82,78,0,5,28.98,5.796
82,78,1,16,83.64,5.2275
82,78,2,1,4.03,4.03
82,78,3,7,11.54,1.6485714285714284
82,78,4,13,12.11,0.9315384615384615
82,81,0,11,18.65,1.6954545454545453
82,81,1,18,29.3,1.6277777777777778
82,81,2,4,2.83,0.7075
82,81,3,16,10.81,0.675625
82,81,4,2,0.83,0.415
82,83,0,12,57.72,4.81
82,83,1,1,4.45,4.45
82,83,2,11,42.29,3.8445454545454543
82,83,3,13,34.72,2.670769230769231
82,83,4,1,0.32,0.32
82,84,0,16,47.69,2.980625
82,84,1,19,22.21,1.1689473684210527
82,84,2,9,10.04,1.1155555555555554
82,84,3,15,13.1,0.8733333333333333
82,84,4,13,10.29,0.7915384615384615
82,87,0,5,23.31,4.662
82,87,1,6,23.56,3.9266666666666663
82,87,2,1,3.81,3.81
82,87,3,18,51.38,2.854444444444445
82,87,4,18,4.9,0.27222222222222225
82,90,0,12,107.77,8.980833333333333
82,90,1,1,8.68,8.68
82,90,2,7,7.36,1.0514285714285714
82,90,3,8,8.14,1.0175
82,90,4,15,13.81,0.9206666666666667
82,95,0,5,35.1,7.0200000000000005
82,95,1,9,59.07,6.5633333333333335
82,95,2,16,82.09,5.130625
82,95,3,4,6.82,1.705
82,95,4,14,12.81,0.915
82,97,0,10,60.27,6.027
82,97,1,6,26.01,4.335
82,97,2,4,7.68,1.92
82,97,3,9,9.76,1.0844444444444443
82,97,4,6,4.06,0.6766666666666666
82,99,0,10,68.79,6.8790000000000004
82,99,1,15,101.86,6.790666666666667
82,99,2,10,67.55,6.755
82,99,3,1,5.57,5.57
82,99,4,14,44.27,3.1621428571428574
83,2,0,6,15.58,2.5966666666666667
83,2,1,2,4.68,2.34
83,2,2,16,31.91,1.994375
83,2,3,4,5.3,1.325
83,2,4,20,4.68,0.23399999999999999
83,3,0,8,52.93,6.61625
83,3,1,2,10.88,5.44
83,3,2,8,36.83,4.60375
83,3,3,11,20.52,1.8654545454545455
83,3,4,9,5.25,0.5833333333333334
83,5,0,18,85.77,4.765
83,5,1,10,41.42,4.142
83,5,2,6,21.45,3.5749999999999997
83,5,3,5,15.64,3.128
83,5,4,13,22.73,1.7484615384615385
83,8,0,6,24.46,4.076666666666667
83,8,1,9,35.85,3.9833333333333334
83,8,2,3,11.46,3.8200000000000003
83,8,3,9,21.69,2.41
83,8,4,19,36.84,1.9389473684210528
83,10,0,3,3.36,1.1199999999999999
83,10,1,17,16.36,0.9623529411764705
83,10,2,15,12.06,0.804
83,10,3,17,4.96,0.2917647058823529
83,10,4,1,0.29,0.29
83,11,0,9,49.78,5.5311111111111115
83,11,1,17,89.28,5.251764705882353
83,11,2,12,47.79,3.9825
83,11,3,4,11.61,2.9025
83,11,4,3,4.48,1.4933333333333334
83,12,0,18,27.99,1.555
83,12,1,3,3.95,1.3166666666666667
83,12,2,2,2.11,1.055
83,12,3,5,1.36,0.272
83,12,4,9,1.39,0.15444444444444444
83,14,0,15,116.26,7.750666666666667
83,14,1,11,80.91,7.3554545454545455
83,14,2,3,21.68,7.226666666666667
83,14,3,8,20.55,2.56875
83,14,4,16,32.87,2.054375
83,16,0,14,76.54,5.467142857142858
83,16,1,2,10.49,5.245
83,16,2,2,6.84,3.42
83,16,3,16,33.61,2.100625
83,16,4,18,19.04,1.0577777777777777
83,17,0,12,67.98,5.665
83,17,1,20,96.7,4.835
83,17,2,15,67.69,4.512666666666666
83,17,3,6,5.45,0.9083333333333333
83,17,4,6,4.73,0.7883333333333334
83,24,0,17,28.81,1.694705882352941
83,24,1,1,0.55,0.55
83,24,2,14,4.86,0.34714285714285714
83,24,3,6,1.91,0.3183333333333333
83,24,4,8,1.97,0.24625
83,26,0,15,9.7,0.6466666666666666
83,26,1,13,5.15,0.3961538461538462
83,26,2,14,4.68,0.33428571428571424
83,26,3,7,1.26,0.18
83,26,4,19,3.0,0.15789473684210525
83,29,0,9,23.21,2.578888888888889
83,29,1,18,39.46,2.192222222222222
83,29,2,5,8.11,1.6219999999999999
83,29,3,8,10.59,1.32375
83,29,4,5,3.76,0.752
83,31,0,19,98.05,5.160526315789474
83,31,1,13,46.98,3.6138461538461537
83,31,2,8,20.65,2.58125
83,31,3,8,20.18,2.5225
83,31,4,6,4.63,0.7716666666666666
83,33,0,11,22.5,2.0454545454545454
83,33,1,9,17.84,1.982222222222222
83,33,2,5,9.85,1.97
83,33,3,1,1.5,1.5
83,33,4,8,11.39,1.42375
83,34,0,12,65.4,5.45
83,34,1,15,80.25,5.35
83,34,2,3,10.42,3.473333333333333
83,34,3,9,27.53,3.058888888888889
83,34,4,13,38.47,2.959230769230769
83,39,0,5,21.05,4.21
83,39,1,2,6.67,3.335
83,39,2,15,43.18,2.8786666666666667
83,39,3,16,40.94,2.55875
83,39,4,15,21.54,1.436
83,47,0,9,35.54,3.948888888888889
83,47,1,5,15.71,3.1420000000000003
83,47,2,7,20.16,2.88
83,47,3,17,16.57,0.9747058823529412
83,47,4,10,6.2,0.62
83,48,0,20,67.23,3.3615000000000004
83,48,1,3,9.63,3.2100000000000004
83,48,2,12,13.79,1.1491666666666667
83,48,3,3,3.23,1.0766666666666667
83,48,4,15,5.67,0.378
83,49,0,7,32.41,4.63
83,49,1,20,68.55,3.4274999999999998
83,49,2,12,21.12,1.76
83,49,3,14,23.57,1.6835714285714285
83,49,4,14,21.38,1.5271428571428571
83,51,0,3,12.56,4.1866666666666665
83,51,1,20,72.71,3.6354999999999995
83,51,2,18,60.68,3.371111111111111
83,51,3,4,2.61,0.6525
83,51,4,6,3.79,0.6316666666666667
83,52,0,14,32.05,2.289285714285714
83,52,1,10,14.97,1.497
83,52,2,12,4.33,0.36083333333333334
83,52,3,2,0.57,0.285
83,52,4,6,0.68,0.11333333333333334
83,53,0,5,28.74,5.747999999999999
83,53,1,7,26.56,3.794285714285714
83,53,2,6,12.41,2.0683333333333334
83,53,3,1,1.29,1.29
83,53,4,10,3.75,0.375
83,58,0,4,21.42,5.355
83,58,1,14,74.44,5.317142857142857
83,58,2,4,16.24,4.06
83,58,3,10,27.91,2.791
83,58,4,11,12.86,1.169090909090909
83,60,0,3,8.3,2.766666666666667
83,60,1,11,27.94,2.54
83,60,2,5,11.78,2.356
83,60,3,9,20.91,2.3233333333333333
83,60,4,14,11.38,0.812857142857143
83,62,0,9,32.38,3.597777777777778
83,62,1,11,24.64,2.24
83,62,2,10,20.53,2.053
83,62,3,14,21.96,1.5685714285714287
83,62,4,13,2.45,0.18846153846153849
83,63,0,20,46.08,2.304
83,63,1,6,4.59,0.765
83,63,2,13,8.62,0.663076923076923
83,63,3,12,6.02,0.5016666666666666
83,63,4,3,1.05,0.35000000000000003
83,64,0,17,98.32,5.783529411764706
83,64,1,9,49.03,5.447777777777778
83,64,2,5,13.42,2.684
83,64,3,10,22.36,2.2359999999999998
83,64,4,20,20.13,1.0065
83,66,0,8,15.73,1.96625
83,66,1,8,10.1,1.2625
83,66,2,8,9.46,1.1825
83,66,3,14,16.02,1.1442857142857144
83,66,4,6,0.86,0.14333333333333334
83,73,0,4,31.07,7.7675
83,73,1,2,9.34,4.67
83,73,2,2,7.42,3.71
83,73,3,13,35.34,2.718461538461539
83,73,4,6,6.35,1.0583333333333333
83,78,0,14,73.4,5.242857142857143
83,78,1,15,33.6,2.24
83,78,2,17,27.87,1.6394117647058823
83,78,3,20,24.37,1.2185000000000001
83,78,4,6,2.11,0.3516666666666666
83,81,0,8,50.92,6.365
83,81,1,2,7.32,3.66
83,81,2,5,12.51,2.502
83,81,3,17,27.53,1.6194117647058823
83,81,4,11,16.47,1.497272727272727
83,82,0,19,74.53,3.9226315789473687
83,82,1,8,28.52,3.565
83,82,2,5,12.3,2.46
83,82,3,1,1.12,1.12
83,82,4,14,8.85,0.6321428571428571
83,84,0,13,49.1,3.776923076923077
83,84,1,3,10.41,3.47
83,84,2,12,40.4,3.3666666666666667
83,84,3,5,13.94,2.788
83,84,4,6,9.01,1.5016666666666667
83,87,0,18,29.59,1.643888888888889
83,87,1,15,24.6,1.6400000000000001
83,87,2,5,7.45,1.49
83,87,3,20,14.07,0.7035
83,87,4,18,7.37,0.40944444444444444
83,90,0,8,57.1,7.1375
83,90,1,5,24.71,4.942
83,90,2,20,53.81,2.6905
83,90,3,13,12.13,0.9330769230769231
83,90,4,9,3.83,0.4255555555555556
83,95,0,7,55.42,7.917142857142857
83,95,1,4,31.05,7.7625
83,95,2,9,38.95,4.327777777777778
83,95,3,8,30.14,3.7675
83,95,4,18,62.41,3.467222222222222
83,97,0,19,86.85,4.571052631578947
83,97,1,13,54.24,4.172307692307692
83,97,2,20,61.15,3.0575
83,97,3,15,43.9,2.9266666666666667
83,97,4,17,47.07,2.768823529411765
83,99,0,11,65.22,5.929090909090909
83,99,1,12,65.95,5.495833333333334
83,99,2,18,94.88,5.271111111111111
83,99,3,11,23.73,2.1572727272727272
83,99,4,1,0.93,0.93
84,2,0,20,44.6,2.23
84,2,1,9,18.82,2.091111111111111
84,2,2,10,12.8,1.28
84,2,3,9,2.36,0.2622222222222222
84,2,4,17,2.2,0.12941176470588237
84,3,0,10,98.04,9.804
84,3,1,2,19.6,9.8
84,3,2,20,104.26,5.213
84,3,3,4,17.18,4.295
84,3,4,8,33.21,4.15125
84,5,0,10,96.68,9.668000000000001
84,5,1,2,15.14,7.57
84,5,2,13,60.85,4.680769230769231
84,5,3,16,33.45,2.090625
84,5,4,14,17.92,1.28
84,8,0,1,7.2,7.2
84,8,1,5,32.1,6.42
84,8,2,10,48.8,4.88
84,8,3,18,31.96,1.7755555555555556
84,8,4,6,4.68,0.7799999999999999
84,10,0,4,14.78,3.695
84,10,1,14,43.52,3.108571428571429
84,10,2,17,29.4,1.7294117647058822
84,10,3,7,9.22,1.3171428571428572
84,10,4,18,13.41,0.745
84,11,0,2,22.58,11.29
84,11,1,1,10.7,10.7
84,11,2,14,97.51,6.965000000000001
84,11,3,1,3.11,3.11
84,11,4,7,20.0,2.857142857142857
84,12,0,6,50.32,8.386666666666667
84,12,1,3,23.96,7.986666666666667
84,12,2,1,6.48,6.48
84,12,3,5,30.39,6.078
84,12,4,15,76.5,5.1
84,14,0,11,98.57,8.960909090909091
84,14,1,4,19.61,4.9025
84,14,2,3,8.63,2.876666666666667
84,14,3,7,18.37,2.6242857142857146
84,14,4,14,19.01,1.3578571428571429
84,16,0,7,70.84,10.120000000000001
84,16,1,6,57.79,9.631666666666666
84,16,2,7,31.27,4.467142857142857
84,16,3,5,20.5,4.1
84,16,4,3,1.45,0.48333333333333334
84,17,0,9,87.01,9.66777777777778
84,17,1,3,22.79,7.596666666666667
84,17,2,12,87.7,7.308333333333334
84,17,3,10,65.73,6.573
84,17,4,12,9.9,0.8250000000000001
84,24,0,7,68.68,9.811428571428573
84,24,1,12,94.88,7.906666666666666
84,24,2,10,37.94,3.7939999999999996
84,24,3,15,35.93,2.3953333333333333
84,24,4,8,12.87,1.60875
84,26,0,15,75.39,5.026
84,26,1,5,17.4,3.4799999999999995
84,26,2,17,54.46,3.203529411764706
84,26,3,5,3.74,0.748
84,26,4,20,13.12,0.6559999999999999
84,29,0,6,24.99,4.165
84,29,1,5,17.33,3.4659999999999997
84,29,2,6,18.3,3.0500000000000003
84,29,3,20,29.69,1.4845000000000002
84,29,4,6,2.77,0.46166666666666667
84,31,0,18,145.09,8.060555555555556
84,31,1,11,86.93,7.902727272727273
84,31,2,5,38.15,7.63
84,31,3,13,31.33,2.4099999999999997
84,31,4,5,7.35,1.47
84,33,0,9,28.09,3.121111111111111
84,33,1,3,9.26,3.0866666666666664
84,33,2,13,21.74,1.6723076923076923
84,33,3,2,2.66,1.33
84,33,4,12,12.57,1.0475
84,34,0,6,50.56,8.426666666666668
84,34,1,11,61.17,5.5609090909090915
84,34,2,16,46.06,2.87875
84,34,3,18,25.94,1.4411111111111112
84,34,4,7,4.55,0.65
84,39,0,2,16.86,8.43
84,39,1,6,43.99,7.331666666666667
84,39,2,9,62.27,6.9188888888888895
84,39,3,19,122.67,6.456315789473685
84,39,4,20,26.1,1.3050000000000002
84,47,0,17,147.58,8.681176470588236
84,47,1,18,142.95,7.941666666666666
84,47,2,3,14.38,4.793333333333334
84,47,3,15,11.67,0.778
84,47,4,19,12.68,0.6673684210526316
84,48,0,16,91.44,5.715
84,48,1,19,98.68,5.193684210526317
84,48,2,6,22.39,3.731666666666667
84,48,3,2,3.65,1.825
84,48,4,3,2.94,0.98
84,49,0,14,124.07,8.862142857142857
84,49,1,12,95.63,7.969166666666666
84,49,2,18,117.9,6.550000000000001
84,49,3,5,11.47,2.294
84,49,4,15,22.55,1.5033333333333334
84,51,0,18,167.42,9.30111111111111
84,51,1,8,68.72,8.59
84,51,2,8,50.34,6.2925
84,51,3,6,19.36,3.2266666666666666
84,51,4,6,3.63,0.605
84,52,0,1,5.7,5.7
84,52,1,3,14.21,4.736666666666667
84,52,2,5,10.34,2.068
84,52,3,16,13.1,0.81875
84,52,4,4,2.6,0.65
84,53,0,18,8.94,0.49666666666666665
84,53,1,10,4.87,0.487
84,53,2,16,6.55,0.409375
84,53,3,18,5.89,0.3272222222222222
84,53,4,3,0.86,0.2866666666666667
84,58,0,14,115.4,8.242857142857144
84,58,1,13,69.56,5.350769230769231
84,58,2,1,2.47,2.47
84,58,3,4,9.26,2.315
84,58,4,4,6.2,1.55
84,60,0,16,131.65,8.228125
84,60,1,4,16.8,4.2
84,60,2,3,11.73,3.91
84,60,3,16,24.72,1.545
84,60,4,15,14.73,0.982
84,62,0,4,31.85,7.9625
84,62,1,7,47.8,6.828571428571428
84,62,2,11,47.31,4.300909090909091
84,62,3,1,2.57,2.57
84,62,4,11,5.8,0.5272727272727272
84,63,0,12,93.71,7.809166666666666
84,63,1,14,86.89,6.206428571428572
84,63,2,1,5.09,5.09
84,63,3,19,95.13,5.006842105263158
84,63,4,9,6.09,0.6766666666666666
84,64,0,10,119.25,11.925
84,64,1,13,131.76,10.135384615384615
84,64,2,18,145.04,8.057777777777778
84,64,3,11,38.55,3.5045454545454544
84,64,4,17,33.2,1.9529411764705884
84,66,0,16,89.37,5.585625
84,66,1,7,26.62,3.802857142857143
84,66,2,4,9.32,2.33
84,66,3,14,27.09,1.935
84,66,4,10,8.23,0.8230000000000001
84,73,0,4,15.3,3.825
84,73,1,6,16.09,2.6816666666666666
84,73,2,17,44.59,2.6229411764705883
84,73,3,9,21.73,2.4144444444444444
84,73,4,17,33.63,1.9782352941176473
84,78,0,15,97.73,6.515333333333333
84,78,1,16,103.13,6.445625
84,78,2,6,20.85,3.475
84,78,3,10,34.44,3.444
84,78,4,17,55.21,3.2476470588235293
84,81,0,14,21.36,1.5257142857142856
84,81,1,12,15.12,1.26
84,81,2,16,14.8,0.925
84,81,3,16,9.86,0.61625
84,81,4,4,2.28,0.57
84,82,0,17,49.69,2.922941176470588
84,82,1,9,13.99,1.5544444444444445
84,82,2,12,17.84,1.4866666666666666
84,82,3,5,4.52,0.9039999999999999
84,82,4,15,11.96,0.7973333333333333
84,83,0,15,63.22,4.214666666666667
84,83,1,16,42.07,2.629375
84,83,2,17,44.53,2.6194117647058826
84,83,3,5,8.25,1.65
84,83,4,8,12.84,1.605
84,87,0,17,71.2,4.188235294117647
84,87,1,3,12.43,4.1433333333333335
84,87,2,19,41.23,2.17
84,87,3,8,5.44,0.68
84,87,4,5,2.28,0.45599999999999996
84,90,0,19,214.26,11.276842105263157
84,90,1,17,135.41,7.965294117647058
84,90,2,13,100.64,7.741538461538462
84,90,3,6,44.59,7.4316666666666675
84,90,4,9,44.68,4.964444444444444
84,95,0,10,104.55,10.455
84,95,1,16,134.94,8.43375
84,95,2,9,40.24,4.471111111111111
84,95,3,20,75.5,3.775
84,95,4,10,36.99,3.6990000000000003
84,97,0,16,170.84,10.6775
84,97,1,2,14.33,7.165
84,97,2,13,85.36,6.5661538461538465
84,97,3,10,34.14,3.414
84,97,4,10,25.91,2.591
84,99,0,20,193.96,9.698
84,99,1,4,28.42,7.105
84,99,2,4,23.47,5.8675
84,99,3,7,31.66,4.522857142857143
84,99,4,6,14.28,2.38
87,2,0,4,13.25,3.3125
87,2,1,10,33.03,3.303
87,2,2,3,8.52,2.84
87,2,3,7,6.78,0.9685714285714286
87,2,4,10,5.16,0.516
87,3,0,8,45.09,5.63625
87,3,1,3,15.53,5.176666666666667
87,3,2,9,35.43,3.9366666666666665
87,3,3,15,54.19,3.6126666666666667
87,3,4,20,68.0,3.4
87,5,0,10,28.97,2.897
87,5,1,18,49.02,2.7233333333333336
87,5,2,6,12.77,2.1283333333333334
87,5,3,14,27.06,1.9328571428571428
87,5,4,19,26.48,1.3936842105263159
87,8,0,4,19.05,4.7625
87,8,1,10,44.14,4.414
87,8,2,14,31.5,2.25
87,8,3,7,11.78,1.6828571428571428
87,8,4,12,3.49,0.29083333333333333
87,10,0,6,5.05,0.8416666666666667
87,10,1,20,16.34,0.817
87,10,2,9,6.82,0.7577777777777778
87,10,3,6,3.59,0.5983333333333333
87,10,4,6,1.32,0.22
87,11,0,12,66.4,5.533333333333334
87,11,1,15,81.12,5.408
87,11,2,7,35.66,5.094285714285713
87,11,3,14,62.86,4.49
87,11,4,11,44.01,4.000909090909091
87,12,0,3,4.9,1.6333333333333335
87,12,1,17,16.15,0.95
87,12,2,5,4.63,0.9259999999999999
87,12,3,13,11.4,0.8769230769230769
87,12,4,10,1.05,0.10500000000000001
87,14,0,15,78.18,5.212000000000001
87,14,1,14,60.95,4.353571428571429
87,14,2,8,16.63,2.07875
87,14,3,8,12.68,1.585
87,14,4,19,10.51,0.5531578947368421
87,16,0,19,61.34,3.228421052631579
87,16,1,7,19.86,2.837142857142857
87,16,2,19,46.09,2.4257894736842105
87,16,3,5,11.07,2.214
87,16,4,14,12.36,0.8828571428571428
87,17,0,17,53.57,3.1511764705882355
87,17,1,6,17.93,2.9883333333333333
87,17,2,18,36.94,2.052222222222222
87,17,3,5,2.59,0.518
87,17,4,16,6.56,0.41
87,24,0,18,50.34,2.796666666666667
87,24,1,3,7.14,2.38
87,24,2,4,6.33,1.5825
87,24,3,20,29.18,1.459
87,24,4,1,0.69,0.69
87,26,0,8,9.83,1.22875
87,26,1,11,3.98,0.3618181818181818
87,26,2,10,2.89,0.28900000000000003
87,26,3,20,4.12,0.20600000000000002
87,26,4,14,2.47,0.17642857142857143
87,29,0,17,62.33,3.666470588235294
87,29,1,12,34.31,2.859166666666667
87,29,2,17,36.63,2.1547058823529412
87,29,3,7,4.76,0.6799999999999999
87,29,4,12,1.97,0.16416666666666666
87,31,0,4,13.02,3.255
87,31,1,19,52.55,2.7657894736842104
87,31,2,19,40.81,2.1478947368421055
87,31,3,1,1.79,1.79
87,31,4,6,4.67,0.7783333333333333
87,33,0,12,36.64,3.0533333333333332
87,33,1,7,8.05,1.1500000000000001
87,33,2,7,7.38,1.0542857142857143
87,33,3,3,1.64,0.5466666666666666
87,33,4,16,6.27,0.391875
87,34,0,14,69.76,4.982857142857143
87,34,1,6,29.49,4.915
87,34,2,17,78.03,4.59
87,34,3,12,36.53,3.044166666666667
87,34,4,13,5.97,0.4592307692307692
87,39,0,6,23.05,3.841666666666667
87,39,1,20,64.91,3.2455
87,39,2,6,9.46,1.5766666666666669
87,39,3,3,3.81,1.27
87,39,4,3,2.35,0.7833333333333333
87,47,0,1,2.67,2.67
87,47,1,20,35.37,1.7685
87,47,2,9,14.45,1.6055555555555554
87,47,3,19,28.6,1.5052631578947369
87,47,4,2,2.62,1.31
87,48,0,8,18.17,2.27125
87,48,1,7,10.22,1.4600000000000002
87,48,2,14,8.01,0.5721428571428572
87,48,3,10,4.71,0.471
87,48,4,20,4.69,0.23450000000000001
87,49,0,1,2.36,2.36
87,49,1,15,19.07,1.2713333333333334
87,49,2,8,7.38,0.9225
87,49,3,8,3.23,0.40375
87,49,4,13,2.68,0.20615384615384616
87,51,0,19,36.67,1.9300000000000002
87,51,1,5,6.06,1.212
87,51,2,4,4.36,1.09
87,51,3,20,12.25,0.6125
87,51,4,4,0.99,0.2475
87,52,0,10,8.19,0.819
87,52,1,19,15.02,0.7905263157894736
87,52,2,3,2.18,0.7266666666666667
87,52,3,20,8.83,0.4415
87,52,4,1,0.15,0.15
87,53,0,10,65.87,6.587000000000001
87,53,1,9,41.24,4.582222222222223
87,53,2,15,45.39,3.0260000000000002
87,53,3,12,35.41,2.950833333333333
87,53,4,20,32.6,1.6300000000000001
87,58,0,5,19.22,3.844
87,58,1,13,29.52,2.270769230769231
87,58,2,7,12.14,1.7342857142857144
87,58,3,8,9.08,1.135
87,58,4,11,3.0,0.2727272727272727
87,60,0,8,12.52,1.565
87,60,1,5,6.7,1.34
87,60,2,6,7.97,1.3283333333333334
87,60,3,8,4.31,0.53875
87,60,4,15,5.93,0.3953333333333333
87,62,0,15,35.52,2.3680000000000003
87,62,1,8,10.29,1.28625
87,62,2,4,4.84,1.21
87,62,3,16,12.65,0.790625
87,62,4,3,0.45,0.15
87,63,0,2,2.2,1.1
87,63,1,11,10.4,0.9454545454545454
87,63,2,11,6.2,0.5636363636363636
87,63,3,4,1.09,0.2725
87,63,4,19,4.48,0.23578947368421055
87,64,0,2,9.6,4.8
87,64,1,4,18.08,4.52
87,64,2,4,13.93,3.4825
87,64,3,5,16.34,3.268
87,64,4,12,32.91,2.7424999999999997
87,66,0,13,14.21,1.093076923076923
87,66,1,11,11.45,1.0409090909090908
87,66,2,5,4.78,0.9560000000000001
87,66,3,18,16.66,0.9255555555555556
87,66,4,17,5.5,0.3235294117647059
87,73,0,18,150.06,8.336666666666666
87,73,1,11,61.97,5.633636363636364
87,73,2,2,4.54,2.27
87,73,3,4,5.07,1.2675
87,73,4,6,2.92,0.48666666666666664
87,78,0,9,35.81,3.978888888888889
87,78,1,16,31.04,1.94
87,78,2,7,10.79,1.5414285714285714
87,78,3,12,15.19,1.2658333333333334
87,78,4,11,6.67,0.6063636363636363
87,81,0,16,82.44,5.1525
87,81,1,8,37.64,4.705
87,81,2,7,27.47,3.924285714285714
87,81,3,16,48.66,3.04125
87,81,4,16,7.92,0.495
87,82,0,14,74.67,5.333571428571429
87,82,1,6,13.98,2.33
87,82,2,17,38.8,2.2823529411764705
87,82,3,6,7.68,1.28
87,82,4,6,4.43,0.7383333333333333
87,83,0,19,30.14,1.5863157894736843
87,83,1,14,21.45,1.532142857142857
87,83,2,11,15.89,1.4445454545454546
87,83,3,15,16.02,1.068
87,83,4,12,11.61,0.9674999999999999
87,84,0,18,110.21,6.122777777777777
87,84,1,14,63.69,4.549285714285714
87,84,2,5,19.66,3.932
87,84,3,19,68.25,3.5921052631578947
87,84,4,13,13.72,1.0553846153846154
87,90,0,12,50.96,4.246666666666667
87,90,1,9,37.83,4.203333333333333
87,90,2,19,72.61,3.821578947368421
87,90,3,1,2.65,2.65
87,90,4,2,5.17,2.585
87,95,0,3,14.12,4.706666666666666
87,95,1,13,57.87,4.451538461538461
87,95,2,14,54.96,3.9257142857142857
87,95,3,5,18.55,3.71
87,95,4,9,25.21,2.801111111111111
87,97,0,20,71.61,3.5805
87,97,1,8,28.05,3.50625
87,97,2,15,27.83,1.8553333333333333
87,97,3,18,27.7,1.5388888888888888
87,97,4,9,1.78,0.19777777777777777
87,99,0,4,11.02,2.755
87,99,1,6,16.08,2.6799999999999997
87,99,2,6,12.72,2.12
87,99,3,11,22.07,2.0063636363636363
87,99,4,12,7.17,0.5975
90,2,0,13,105.92,8.147692307692308
90,2,1,2,12.99,6.495
90,2,2,12,50.92,4.243333333333333
90,2,3,17,21.85,1.285294117647059
90,2,4,13,12.7,0.9769230769230769
90,3,0,16,13.71,0.856875
90,3,1,9,5.39,0.5988888888888888
90,3,2,13,7.64,0.5876923076923076
90,3,3,6,3.05,0.5083333333333333
90,3,4,17,2.36,0.1388235294117647
90,5,0,10,24.06,2.4059999999999997
90,5,1,19,40.31,2.121578947368421
90,5,2,4,7.04,1.76
90,5,3,3,1.23,0.41
90,5,4,2,0.38,0.19
90,8,0,1,1.25,1.25
90,8,1,16,15.87,0.991875
90,8,2,19,18.25,0.9605263157894737
90,8,3,17,8.8,0.5176470588235295
90,8,4,2,0.93,0.465
90,10,0,6,23.97,3.9949999999999997
90,10,1,7,22.44,3.205714285714286
90,10,2,7,15.54,2.2199999999999998
90,10,3,3,5.57,1.8566666666666667
90,10,4,10,13.77,1.377
90,11,0,16,2.77,0.173125
90,11,1,11,1.67,0.15181818181818182
90,11,2,9,1.23,0.13666666666666666
90,11,3,12,1.31,0.10916666666666668
90,11,4,15,0.9,0.060000000000000005
90,12,0,3,8.85,2.9499999999999997
90,12,1,8,19.17,2.39625
90,12,2,8,16.1,2.0125
90,12,3,11,16.8,1.5272727272727273
90,12,4,14,7.28,0.52
90,14,0,12,7.29,0.6075
90,14,1,16,6.02,0.37625
90,14,2,10,2.51,0.251
90,14,3,12,2.33,0.19416666666666668
90,14,4,2,0.33,0.165
90,16,0,1,3.09,3.09
90,16,1,20,54.2,2.71
90,16,2,13,33.99,2.6146153846153846
90,16,3,20,51.87,2.5934999999999997
90,16,4,9,17.47,1.941111111111111
90,17,0,11,17.63,1.6027272727272726
90,17,1,4,5.11,1.2775
90,17,2,11,11.92,1.0836363636363637
90,17,3,18,18.92,1.051111111111111
90,17,4,1,0.86,0.86
90,24,0,2,5.63,2.815
90,24,1,6,16.22,2.703333333333333
90,24,2,20,52.97,2.6485
90,24,3,17,34.43,2.025294117647059
90,24,4,11,4.3,0.3909090909090909
90,26,0,6,45.75,7.625
90,26,1,17,88.54,5.208235294117648
90,26,2,4,20.71,5.1775
90,26,3,18,75.71,4.2061111111111105
90,26,4,4,15.99,3.9975
90,29,0,16,111.57,6.973125
90,29,1,4,24.37,6.0925
90,29,2,12,50.86,4.238333333333333
90,29,3,10,39.99,3.999
90,29,4,1,2.38,2.38
90,31,0,20,34.3,1.7149999999999999
90,31,1,19,25.13,1.3226315789473684
90,31,2,14,8.71,0.6221428571428572
90,31,3,1,0.55,0.55
90,31,4,7,0.52,0.07428571428571429
90,33,0,11,53.16,4.832727272727272
90,33,1,20,62.9,3.145
90,33,2,1,1.75,1.75
90,33,3,1,1.36,1.36
90,33,4,8,4.78,0.5975
90,34,0,11,6.12,0.5563636363636364
90,34,1,3,1.04,0.3466666666666667
90,34,2,12,1.85,0.15416666666666667
90,34,3,4,0.54,0.135
90,34,4,12,1.25,0.10416666666666667
90,39,0,4,9.49,2.3725
90,39,1,10,21.95,2.195
90,39,2,5,6.45,1.29
90,39,3,13,16.0,1.2307692307692308
90,39,4,8,6.86,0.8575
90,47,0,6,13.47,2.245
90,47,1,10,21.53,2.153
90,47,2,6,12.31,2.0516666666666667
90,47,3,18,17.97,0.9983333333333333
90,47,4,3,1.52,0.5066666666666667
90,48,0,11,52.12,4.738181818181818
90,48,1,12,47.64,3.97
90,48,2,12,46.18,3.848333333333333
90,48,3,15,36.91,2.4606666666666666
90,48,4,6,11.01,1.835
90,49,0,7,11.91,1.7014285714285715
90,49,1,16,25.9,1.61875
90,49,2,16,13.93,0.870625
90,49,3,11,6.56,0.5963636363636363
90,49,4,12,5.67,0.4725
90,51,0,3,5.07,1.6900000000000002
90,51,1,3,3.74,1.2466666666666668
90,51,2,6,4.52,0.7533333333333333
90,51,3,3,2.02,0.6733333333333333
90,51,4,11,4.52,0.4109090909090909
90,52,0,2,9.67,4.835
90,52,1,17,62.87,3.698235294117647
90,52,2,10,26.73,2.673
90,52,3,18,41.7,2.316666666666667
90,52,4,9,12.85,1.4277777777777778
90,53,0,6,65.49,10.915
90,53,1,17,158.79,9.340588235294117
90,53,2,13,109.15,8.396153846153847
90,53,3,5,11.28,2.256
90,53,4,8,6.06,0.7575
90,58,0,5,11.53,2.306
90,58,1,10,16.29,1.629
90,58,2,15,17.79,1.186
90,58,3,5,3.15,0.63
90,58,4,8,4.42,0.5525
90,60,0,1,4.49,4.49
90,60,1,20,72.59,3.6295
90,60,2,3,5.86,1.9533333333333334
90,60,3,19,17.61,0.9268421052631579
90,60,4,4,0.91,0.2275
90,62,0,14,44.21,3.157857142857143
90,62,1,14,31.58,2.255714285714286
90,62,2,2,4.0,2.0
90,62,3,5,7.56,1.512
90,62,4,7,5.77,0.8242857142857142
90,63,0,15,77.51,5.167333333333334
90,63,1,12,59.51,4.9591666666666665
90,63,2,13,39.83,3.063846153846154
90,63,3,9,24.17,2.6855555555555557
90,63,4,3,2.37,0.79
90,64,0,10,9.27,0.9269999999999999
90,64,1,13,9.1,0.7
90,64,2,20,9.13,0.4565
90,64,3,2,0.81,0.405
90,64,4,1,0.26,0.26
90,66,0,14,88.03,6.287857142857143
90,66,1,13,56.94,4.38
90,66,2,12,40.49,3.374166666666667
90,66,3,8,13.25,1.65625
90,66,4,5,7.83,1.566
90,73,0,12,103.21,8.600833333333332
90,73,1,1,6.41,6.41
90,73,2,13,72.42,5.570769230769231
90,73,3,8,35.9,4.4875
90,73,4,2,3.43,1.715
90,78,0,12,39.43,3.285833333333333
90,78,1,13,42.38,3.2600000000000002
90,78,2,5,9.68,1.936
90,78,3,20,26.66,1.333
90,78,4,6,3.05,0.5083333333333333
90,81,0,7,39.14,5.591428571428572
90,81,1,20,76.91,3.8455
90,81,2,10,37.08,3.7079999999999997
90,81,3,18,33.18,1.8433333333333333
90,81,4,18,16.22,0.9011111111111111
90,82,0,6,53.98,8.996666666666666
90,82,1,12,106.19,8.849166666666667
90,82,2,20,147.15,7.3575
90,82,3,11,78.59,7.1445454545454545
90,82,4,9,58.83,6.536666666666666
90,83,0,13,80.99,6.2299999999999995
90,83,1,8,37.72,4.715
90,83,2,15,64.17,4.2780000000000005
90,83,3,15,55.33,3.6886666666666668
90,83,4,18,42.8,2.3777777777777778
90,84,0,6,54.12,9.02
90,84,1,15,110.33,7.355333333333333
90,84,2,14,93.13,6.652142857142857
90,84,3,6,30.66,5.11
90,84,4,15,64.14,4.276
90,87,0,9,48.59,5.398888888888889
90,87,1,1,4.91,4.91
90,87,2,3,14.16,4.72
90,87,3,20,84.94,4.247
90,87,4,7,25.05,3.5785714285714287
90,95,0,20,3.17,0.1585
90,95,1,19,2.74,0.14421052631578948
90,95,2,3,0.27,0.09000000000000001
90,95,3,11,0.9,0.08181818181818182
90,95,4,4,0.29,0.0725
90,97,0,7,40.23,5.747142857142856
90,97,1,1,3.11,3.11
90,97,2,19,53.24,2.8021052631578947
90,97,3,4,10.68,2.67
90,97,4,1,1.04,1.04
90,99,0,19,15.55,0.8184210526315789
90,99,1,15,11.5,0.7666666666666667
90,99,2,11,5.74,0.5218181818181818
90,99,3,13,3.69,0.28384615384615386
90,99,4,8,0.77,0.09625
95,2,0,12,87.07,7.2558333333333325
95,2,1,1,5.56,5.56
95,2,2,19,92.87,4.887894736842106
95,2,3,12,25.95,2.1625
95,2,4,7,9.5,1.3571428571428572
95,3,0,12,7.8,0.65
95,3,1,9,5.14,0.5711111111111111
95,3,2,12,2.41,0.20083333333333334
95,3,3,14,0.74,0.05285714285714286
95,3,4,2,0.08,0.04
95,5,0,14,21.33,1.5235714285714284
95,5,1,14,18.15,1.2964285714285713
95,5,2,20,24.82,1.241
95,5,3,4,3.68,0.92
95,5,4,16,5.48,0.3425
95,8,0,11,9.68,0.88
95,8,1,14,8.62,0.6157142857142857
95,8,2,2,1.09,0.545
95,8,3,3,1.09,0.36333333333333334
95,8,4,12,0.98,0.08166666666666667
95,10,0,2,11.58,5.79
95,10,1,5,21.89,4.378
95,10,2,20,84.38,4.218999999999999
95,10,3,13,45.36,3.4892307692307694
95,10,4,7,2.06,0.2942857142857143
95,11,0,20,4.17,0.2085
95,11,1,1,0.2,0.2
95,11,2,11,2.11,0.1918181818181818
95,11,3,15,2.58,0.17200000000000001
95,11,4,11,1.55,0.1409090909090909
95,12,0,19,79.35,4.1763157894736835
95,12,1,1,3.61,3.61
95,12,2,5,17.74,3.5479999999999996
95,12,3,17,50.52,2.9717647058823533
95,12,4,11,32.0,2.909090909090909
95,14,0,15,8.69,0.5793333333333333
95,14,1,13,5.48,0.4215384615384616
95,14,2,10,3.34,0.33399999999999996
95,14,3,5,1.42,0.284
95,14,4,8,0.98,0.1225
95,16,0,2,7.12,3.56
95,16,1,1,2.95,2.95
95,16,2,5,11.94,2.388
95,16,3,12,21.36,1.78
95,16,4,7,5.95,0.85
95,17,0,15,34.26,2.284
95,17,1,14,27.93,1.9949999999999999
95,17,2,8,8.3,1.0375
95,17,3,17,14.47,0.8511764705882353
95,17,4,9,2.49,0.27666666666666667
95,24,0,9,28.65,3.183333333333333
95,24,1,17,53.46,3.144705882352941
95,24,2,3,8.74,2.9133333333333336
95,24,3,11,20.07,1.8245454545454545
95,24,4,5,5.03,1.006
95,26,0,4,32.48,8.12
95,26,1,1,7.59,7.59
95,26,2,17,124.2,7.305882352941176
95,26,3,4,14.01,3.5025
95,26,4,10,26.59,2.659
95,29,0,19,113.31,5.963684210526316
95,29,1,11,49.05,4.459090909090909
95,29,2,7,23.93,3.4185714285714286
95,29,3,9,22.89,2.5433333333333334
95,29,4,16,17.12,1.07
95,31,0,9,16.87,1.8744444444444446
95,31,1,1,1.56,1.56
95,31,2,11,15.86,1.4418181818181817
95,31,3,6,4.56,0.7599999999999999
95,31,4,1,0.66,0.66
95,33,0,10,61.01,6.101
95,33,1,4,21.12,5.28
95,33,2,19,83.83,4.412105263157895
95,33,3,6,14.9,2.4833333333333334
95,33,4,12,25.91,2.1591666666666667
95,34,0,17,15.42,0.9070588235294118
95,34,1,16,14.41,0.900625
95,34,2,5,3.94,0.788
95,34,3,12,4.27,0.3558333333333333
95,34,4,2,0.17,0.085
95,39,0,15,22.91,1.5273333333333334
95,39,1,18,22.53,1.2516666666666667
95,39,2,11,13.09,1.19
95,39,3,3,1.03,0.3433333333333333
95,39,4,2,0.57,0.285
95,47,0,3,12.89,4.296666666666667
95,47,1,2,8.24,4.12
95,47,2,13,39.27,3.020769230769231
95,47,3,16,41.71,2.606875
95,47,4,3,1.86,0.62
95,48,0,10,45.98,4.598
95,48,1,7,28.08,4.011428571428572
95,48,2,10,36.79,3.679
95,48,3,9,27.63,3.07
95,48,4,7,19.88,2.84
95,49,0,6,20.45,3.408333333333333
95,49,1,3,8.58,2.86
95,49,2,10,15.4,1.54
95,49,3,16,21.14,1.32125
95,49,4,7,6.1,0.8714285714285713
95,51,0,8,22.88,2.86
95,51,1,4,7.75,1.9375
95,51,2,13,22.89,1.7607692307692309
95,51,3,14,22.27,1.5907142857142857
95,51,4,13,19.76,1.52
95,52,0,1,4.5,4.5
95,52,1,11,33.6,3.0545454545454547
95,52,2,15,28.64,1.9093333333333333
95,52,3,1,1.18,1.18
95,52,4,3,1.41,0.47
95,53,0,3,32.19,10.729999999999999
95,53,1,12,99.44,8.286666666666667
95,53,2,2,15.19,7.595
95,53,3,7,11.51,1.6442857142857144
95,53,4,9,8.67,0.9633333333333334
95,58,0,12,33.28,2.7733333333333334
95,58,1,13,35.67,2.743846153846154
95,58,2,3,6.92,2.3066666666666666
95,58,3,3,6.4,2.1333333333333333
95,58,4,8,2.15,0.26875
95,60,0,12,51.07,4.255833333333333
95,60,1,12,48.98,4.081666666666666
95,60,2,18,33.72,1.8733333333333333
95,60,3,5,9.19,1.8379999999999999
95,60,4,10,3.29,0.329
95,62,0,15,55.22,3.6813333333333333
95,62,1,14,30.59,2.185
95,62,2,6,7.07,1.1783333333333335
95,62,3,2,1.86,0.93
95,62,4,19,12.41,0.6531578947368422
95,63,0,9,45.91,5.101111111111111
95,63,1,4,19.37,4.8425
95,63,2,9,27.61,3.0677777777777777
95,63,3,15,44.41,2.9606666666666666
95,63,4,10,19.68,1.968
95,64,0,3,1.02,0.34
95,64,1,10,2.76,0.27599999999999997
95,64,2,18,4.04,0.22444444444444445
95,64,3,3,0.63,0.21
95,64,4,13,1.1,0.08461538461538462
95,66,0,17,104.0,6.117647058823529
95,66,1,10,32.31,3.2310000000000003
95,66,2,20,30.77,1.5385
95,66,3,9,11.69,1.2988888888888888
95,66,4,20,24.66,1.233
95,73,0,18,202.21,11.23388888888889
95,73,1,19,202.05,10.63421052631579
95,73,2,11,88.9,8.081818181818182
95,73,3,4,30.83,7.7075
95,73,4,17,99.85,5.873529411764705
95,78,0,14,48.21,3.4435714285714285
95,78,1,7,23.65,3.3785714285714286
95,78,2,15,40.39,2.6926666666666668
95,78,3,1,1.76,1.76
95,78,4,2,0.67,0.335
95,81,0,5,50.71,10.142
95,81,1,7,67.26,9.608571428571429
95,81,2,5,46.3,9.26
95,81,3,12,53.07,4.4225
95,81,4,1,1.27,1.27
95,82,0,20,115.41,5.7705
95,82,1,5,27.3,5.46
95,82,2,11,54.1,4.918181818181818
95,82,3,17,54.62,3.212941176470588
95,82,4,15,27.45,1.8299999999999998
95,83,0,11,76.09,6.917272727272728
95,83,1,10,66.52,6.651999999999999
95,83,2,17,73.2,4.305882352941176
95,83,3,16,45.77,2.860625
95,83,4,12,7.81,0.6508333333333333
95,84,0,1,11.72,11.72
95,84,1,15,136.32,9.088
95,84,2,11,92.49,8.408181818181818
95,84,3,14,88.69,6.335
95,84,4,10,15.16,1.516
95,87,0,15,64.74,4.316
95,87,1,16,65.61,4.100625
95,87,2,14,30.31,2.165
95,87,3,3,3.83,1.2766666666666666
95,87,4,1,0.28,0.28
95,90,0,9,1.48,0.16444444444444445
95,90,1,9,1.29,0.14333333333333334
95,90,2,15,1.6,0.10666666666666667
95,90,3,17,0.65,0.03823529411764706
95,90,4,19,0.34,0.017894736842105265
95,97,0,7,25.49,3.641428571428571
95,97,1,19,68.4,3.6
95,97,2,14,48.62,3.472857142857143
95,97,3,3,9.44,3.1466666666666665
95,97,4,17,27.83,1.6370588235294117
95,99,0,6,8.89,1.4816666666666667
95,99,1,10,12.71,1.2710000000000001
95,99,2,17,12.91,0.7594117647058823
95,99,3,14,4.83,0.34500000000000003
95,99,4,9,2.49,0.27666666666666667
97,2,0,20,146.85,7.342499999999999
97,2,1,15,89.15,5.943333333333333
97,2,2,3,13.54,4.513333333333333
97,2,3,7,30.65,4.378571428571428
97,2,4,20,52.67,2.6335
97,3,0,3,14.42,4.806666666666667
97,3,1,19,79.25,4.171052631578948
97,3,2,10,33.59,3.3590000000000004
97,3,3,3,8.81,2.936666666666667
97,3,4,10,27.89,2.789
97,5,0,13,22.82,1.7553846153846153
97,5,1,16,15.79,0.986875
97,5,2,18,15.76,0.8755555555555555
97,5,3,11,9.16,0.8327272727272728
97,5,4,14,5.29,0.37785714285714284
97,8,0,2,6.66,3.33
97,8,1,8,21.18,2.6475
97,8,2,3,7.68,2.56
97,8,3,14,23.42,1.672857142857143
97,8,4,7,8.14,1.162857142857143
97,10,0,3,11.38,3.7933333333333334
97,10,1,14,27.48,1.9628571428571429
97,10,2,7,5.16,0.7371428571428572
97,10,3,19,13.2,0.6947368421052631
97,10,4,6,2.16,0.36000000000000004
97,11,0,6,13.49,2.2483333333333335
97,11,1,14,29.99,2.142142857142857
97,11,2,12,20.94,1.745
97,11,3,3,3.87,1.29
97,11,4,14,16.36,1.1685714285714286
97,12,0,1,2.77,2.77
97,12,1,4,8.96,2.24
97,12,2,14,18.34,1.31
97,12,3,14,10.9,0.7785714285714286
97,12,4,15,6.12,0.40800000000000003
97,14,0,11,57.92,5.265454545454546
97,14,1,14,54.95,3.9250000000000003
97,14,2,20,40.6,2.0300000000000002
97,14,3,16,19.11,1.194375
97,14,4,15,5.15,0.3433333333333334
97,16,0,12,24.61,2.0508333333333333
97,16,1,8,6.44,0.805
97,16,2,9,4.29,0.4766666666666667
97,16,3,6,2.15,0.35833333333333334
97,16,4,3,0.69,0.22999999999999998
97,17,0,18,70.61,3.9227777777777777
97,17,1,18,60.53,3.3627777777777776
97,17,2,15,5.62,0.37466666666666665
97,17,3,17,4.28,0.25176470588235295
97,17,4,12,2.65,0.22083333333333333
97,24,0,13,28.48,2.190769230769231
97,24,1,10,20.34,2.034
97,24,2,15,25.2,1.68
97,24,3,12,15.15,1.2625
97,24,4,5,5.92,1.184
97,26,0,12,54.82,4.568333333333333
97,26,1,11,40.7,3.7
97,26,2,5,13.9,2.7800000000000002
97,26,3,3,7.06,2.353333333333333
97,26,4,8,11.93,1.49125
97,29,0,4,25.63,6.4075
97,29,1,11,68.34,6.212727272727273
97,29,2,10,49.06,4.906000000000001
97,29,3,2,8.26,4.13
97,29,4,20,49.4,2.4699999999999998
97,31,0,10,48.09,4.809
97,31,1,1,2.53,2.53
97,31,2,12,18.18,1.515
97,31,3,13,12.0,0.9230769230769231
97,31,4,4,2.2,0.55
97,33,0,3,18.59,6.196666666666666
97,33,1,4,23.13,5.7825
97,33,2,3,15.8,5.266666666666667
97,33,3,19,87.23,4.591052631578948
97,33,4,2,3.8,1.9
97,34,0,18,85.95,4.775
97,34,1,9,35.53,3.947777777777778
97,34,2,12,40.14,3.345
97,34,3,16,50.81,3.175625
97,34,4,9,3.19,0.35444444444444445
97,39,0,7,28.29,4.041428571428571
97,39,1,2,5.99,2.995
97,39,2,19,31.96,1.6821052631578948
97,39,3,20,30.06,1.503
97,39,4,18,22.18,1.232222222222222
97,47,0,6,7.29,1.215
97,47,1,11,11.22,1.02
97,47,2,15,15.1,1.0066666666666666
97,47,3,6,4.63,0.7716666666666666
97,47,4,8,3.44,0.43
97,48,0,17,82.76,4.868235294117647
97,48,1,2,8.71,4.355
97,48,2,7,14.28,2.04
97,48,3,8,9.68,1.21
97,48,4,12,8.26,0.6883333333333334
97,49,0,13,41.06,3.1584615384615384
97,49,1,4,11.15,2.7875
97,49,2,13,31.03,2.386923076923077
97,49,3,5,10.36,2.072
97,49,4,9,3.58,0.3977777777777778
97,51,0,19,75.53,3.975263157894737
97,51,1,17,61.65,3.626470588235294
97,51,2,6,19.54,3.2566666666666664
97,51,3,10,20.6,2.06
97,51,4,15,7.43,0.4953333333333333
97,52,0,18,66.44,3.691111111111111
97,52,1,7,6.48,0.9257142857142858
97,52,2,7,6.2,0.8857142857142858
97,52,3,10,6.46,0.646
97,52,4,7,4.5,0.6428571428571429
97,53,0,9,99.11,11.012222222222222
97,53,1,10,106.05,10.605
97,53,2,18,106.25,5.902777777777778
97,53,3,14,33.59,2.3992857142857145
97,53,4,9,16.97,1.8855555555555554
97,58,0,20,84.38,4.218999999999999
97,58,1,11,44.59,4.053636363636364
97,58,2,4,9.48,2.37
97,58,3,9,13.25,1.4722222222222223
97,58,4,3,1.46,0.48666666666666664
97,60,0,7,16.83,2.404285714285714
97,60,1,14,16.96,1.2114285714285715
97,60,2,18,16.06,0.8922222222222221
97,60,3,6,4.56,0.7599999999999999
97,60,4,3,1.59,0.53
97,62,0,17,63.51,3.7358823529411764
97,62,1,7,22.28,3.182857142857143
97,62,2,12,19.09,1.5908333333333333
97,62,3,7,10.19,1.4557142857142857
97,62,4,16,13.75,0.859375
97,63,0,19,54.36,2.8610526315789473
97,63,1,20,44.97,2.2485
97,63,2,15,29.52,1.968
97,63,3,15,19.73,1.3153333333333335
97,63,4,4,1.46,0.365
97,64,0,12,54.29,4.524166666666667
97,64,1,13,51.73,3.979230769230769
97,64,2,3,10.47,3.49
97,64,3,6,2.73,0.455
97,64,4,1,0.32,0.32
97,66,0,9,53.36,5.928888888888888
97,66,1,4,19.49,4.8725
97,66,2,11,49.28,4.48
97,66,3,1,4.11,4.11
97,66,4,1,3.46,3.46
97,73,0,13,132.94,10.226153846153846
97,73,1,11,77.51,7.046363636363637
97,73,2,11,55.54,5.049090909090909
97,73,3,10,42.55,4.255
97,73,4,17,13.79,0.8111764705882353
97,78,0,2,11.25,5.625
97,78,1,19,65.4,3.4421052631578952
97,78,2,10,30.68,3.068
97,78,3,3,9.18,3.06
97,78,4,16,13.07,0.816875
97,81,0,18,187.5,10.416666666666666
97,81,1,7,72.63,10.375714285714285
97,81,2,7,19.66,2.8085714285714287
97,81,3,20,29.99,1.4994999999999998
97,81,4,13,12.04,0.9261538461538461
97,82,0,4,37.39,9.3475
97,82,1,1,8.07,8.07
97,82,2,20,135.49,6.774500000000001
97,82,3,15,86.29,5.752666666666667
97,82,4,9,25.25,2.8055555555555554
97,83,0,14,72.6,5.185714285714285
97,83,1,5,18.16,3.632
97,83,2,6,9.93,1.655
97,83,3,6,7.93,1.3216666666666665
97,83,4,4,4.12,1.03
97,84,0,13,99.98,7.690769230769231
97,84,1,20,115.07,5.7535
97,84,2,11,44.56,4.050909090909091
97,84,3,10,19.16,1.916
97,84,4,20,36.53,1.8265
97,87,0,2,6.93,3.465
97,87,1,18,41.54,2.307777777777778
97,87,2,15,20.95,1.3966666666666667
97,87,3,7,2.97,0.4242857142857143
97,87,4,11,2.49,0.22636363636363638
97,90,0,9,39.33,4.37
97,90,1,9,32.33,3.592222222222222
97,90,2,11,37.37,3.397272727272727
97,90,3,5,6.47,1.294
97,90,4,2,2.34,1.17
97,95,0,7,40.41,5.772857142857142
97,95,1,5,27.31,5.462
97,95,2,5,23.98,4.796
97,95,3,16,75.56,4.7225
97,95,4,10,25.39,2.539
97,99,0,18,80.82,4.489999999999999
97,99,1,6,26.21,4.368333333333333
97,99,2,2,6.22,3.11
97,99,3,8,23.43,2.92875
97,99,4,20,36.84,1.842
99,2,0,17,92.35,5.43235294117647
99,2,1,8,24.8,3.1
99,2,2,9,7.66,0.8511111111111112
99,2,3,8,4.17,0.52125
99,2,4,13,4.67,0.35923076923076924
99,3,0,8,10.37,1.29625
99,3,1,3,3.33,1.11
99,3,2,20,16.23,0.8115
99,3,3,14,10.55,0.7535714285714287
99,3,4,9,4.85,0.5388888888888889
99,5,0,2,5.39,2.695
99,5,1,15,34.82,2.3213333333333335
99,5,2,5,10.5,2.1
99,5,3,14,15.83,1.1307142857142858
99,5,4,2,0.22,0.11
99,8,0,4,3.21,0.8025
99,8,1,14,9.99,0.7135714285714286
99,8,2,5,3.27,0.654
99,8,3,9,4.15,0.46111111111111114
99,8,4,9,3.82,0.4244444444444444
99,10,0,13,68.49,5.268461538461538
99,10,1,17,63.05,3.7088235294117644
99,10,2,11,27.46,2.4963636363636366
99,10,3,11,24.52,2.229090909090909
99,10,4,15,18.63,1.242
99,11,0,17,20.09,1.1817647058823528
99,11,1,9,9.4,1.0444444444444445
99,11,2,18,18.02,1.001111111111111
99,11,3,10,8.29,0.829
99,11,4,6,4.89,0.815
99,12,0,8,23.91,2.98875
99,12,1,2,3.97,1.985
99,12,2,20,18.82,0.9410000000000001
99,12,3,3,1.9,0.6333333333333333
99,12,4,11,6.72,0.6109090909090908
99,14,0,3,3.99,1.33
99,14,1,13,13.43,1.033076923076923
99,14,2,15,12.56,0.8373333333333334
99,14,3,2,0.85,0.425
99,14,4,15,2.68,0.17866666666666667
99,16,0,14,34.47,2.462142857142857
99,16,1,19,45.76,2.408421052631579
99,16,2,3,6.56,2.1866666666666665
99,16,3,20,33.84,1.6920000000000002
99,16,4,20,16.14,0.807
99,17,0,19,13.49,0.71
99,17,1,8,3.31,0.41375
99,17,2,17,5.58,0.32823529411764707
99,17,3,15,2.37,0.158
99,17,4,3,0.26,0.08666666666666667
99,24,0,3,6.69,2.23
99,24,1,9,17.37,1.9300000000000002
99,24,2,5,7.09,1.418
99,24,3,16,17.98,1.12375
99,24,4,3,3.32,1.1066666666666667
99,26,0,6,39.26,6.543333333333333
99,26,1,16,67.19,4.199375
99,26,2,17,64.99,3.822941176470588
99,26,3,3,9.16,3.0533333333333332
99,26,4,7,16.87,2.41
99,29,0,8,48.95,6.11875
99,29,1,15,56.36,3.7573333333333334
99,29,2,11,41.05,3.7318181818181815
99,29,3,11,39.93,3.63
99,29,4,10,21.99,2.199
99,31,0,3,1.66,0.5533333333333333
99,31,1,20,9.14,0.457
99,31,2,10,2.91,0.29100000000000004
99,31,3,17,2.82,0.16588235294117645
99,31,4,10,1.0,0.1
99,33,0,9,62.28,6.92
99,33,1,10,62.03,6.203
99,33,2,1,5.78,5.78
99,33,3,12,51.38,4.281666666666667
99,33,4,1,2.82,2.82
99,34,0,13,2.56,0.19692307692307692
99,34,1,9,1.7,0.18888888888888888
99,34,2,20,1.99,0.0995
99,34,3,10,0.27,0.027000000000000003
99,34,4,1,0.01,0.01
99,39,0,3,3.45,1.1500000000000001
99,39,1,2,1.49,0.745
99,39,2,9,5.98,0.6644444444444445
99,39,3,3,1.79,0.5966666666666667
99,39,4,7,0.54,0.07714285714285715
99,47,0,10,37.13,3.713
99,47,1,10,24.2,2.42
99,47,2,15,26.09,1.7393333333333334
99,47,3,10,13.26,1.326
99,47,4,8,1.77,0.22125
99,48,0,12,44.2,3.6833333333333336
99,48,1,15,35.28,2.352
99,48,2,18,36.26,2.0144444444444445
99,48,3,14,22.2,1.5857142857142856
99,48,4,8,2.07,0.25875
99,49,0,2,4.15,2.075
99,49,1,15,23.31,1.5539999999999998
99,49,2,8,10.12,1.265
99,49,3,20,14.23,0.7115
99,49,4,11,4.17,0.3790909090909091
99,51,0,4,5.56,1.39
99,51,1,4,4.78,1.195
99,51,2,12,10.94,0.9116666666666666
99,51,3,3,2.66,0.8866666666666667
99,51,4,11,2.92,0.26545454545454544
99,52,0,19,64.81,3.4110526315789476
99,52,1,2,5.5,2.75
99,52,2,17,43.79,2.5758823529411763
99,52,3,4,9.72,2.43
99,52,4,6,9.63,1.6050000000000002
99,53,0,11,105.15,9.55909090909091
99,53,1,12,79.55,6.629166666666666
99,53,2,10,56.29,5.629
99,53,3,15,78.92,5.261333333333334
99,53,4,9,31.0,3.4444444444444446
99,58,0,2,3.3,1.65
99,58,1,18,9.47,0.5261111111111112
99,58,2,4,1.97,0.4925
99,58,3,5,1.13,0.22599999999999998
99,58,4,17,1.75,0.10294117647058823
99,60,0,2,7.71,3.855
99,60,1,4,9.41,2.3525
99,60,2,5,10.83,2.166
99,60,3,12,15.73,1.3108333333333333
99,60,4,16,4.56,0.285
99,62,0,7,15.42,2.202857142857143
99,62,1,3,5.37,1.79
99,62,2,7,11.38,1.625714285714286
99,62,3,8,6.87,0.85875
99,62,4,13,7.61,0.5853846153846154
99,63,0,4,13.82,3.455
99,63,1,3,8.32,2.7733333333333334
99,63,2,14,23.98,1.7128571428571429
99,63,3,13,20.75,1.5961538461538463
99,63,4,2,1.44,0.72
99,64,0,20,34.82,1.741
99,64,1,9,10.6,1.1777777777777778
99,64,2,20,20.15,1.0074999999999998
99,64,3,3,1.59,0.53
99,64,4,12,4.22,0.3516666666666666
99,66,0,3,14.65,4.883333333333334
99,66,1,16,75.27,4.704375
99,66,2,1,4.68,4.68
99,66,3,14,14.97,1.0692857142857144
99,66,4,14,14.67,1.0478571428571428
99,73,0,3,22.53,7.510000000000001
99,73,1,8,52.81,6.60125
99,73,2,5,29.31,5.862
99,73,3,12,70.22,5.851666666666667
99,73,4,4,5.39,1.3475
99,78,0,13,20.73,1.5946153846153845
99,78,1,18,19.86,1.1033333333333333
99,78,2,14,10.87,0.7764285714285714
99,78,3,6,2.07,0.345
99,78,4,11,1.21,0.11
99,81,0,16,122.8,7.675
99,81,1,1,5.04,5.04
99,81,2,9,36.13,4.014444444444445
99,81,3,15,45.57,3.038
99,81,4,16,29.07,1.816875
99,82,0,6,29.86,4.976666666666667
99,82,1,16,74.42,4.65125
99,82,2,11,40.07,3.6427272727272726
99,82,3,12,22.15,1.8458333333333332
99,82,4,15,12.62,0.8413333333333333
99,83,0,16,81.44,5.09
99,83,1,7,29.92,4.274285714285715
99,83,2,17,37.55,2.2088235294117644
99,83,3,15,29.98,1.9986666666666666
99,83,4,4,6.09,1.5225
99,84,0,4,36.06,9.015
99,84,1,17,49.96,2.938823529411765
99,84,2,16,29.51,1.844375
99,84,3,11,19.46,1.7690909090909093
99,84,4,12,20.5,1.7083333333333333
99,87,0,11,51.46,4.678181818181819
99,87,1,19,75.06,3.9505263157894737
99,87,2,10,33.84,3.3840000000000003
99,87,3,16,35.34,2.20875
99,87,4,1,2.03,2.03
99,90,0,6,6.75,1.125
99,90,1,19,18.78,0.988421052631579
99,90,2,14,7.98,0.5700000000000001
99,90,3,18,2.21,0.12277777777777778
99,90,4,17,1.54,0.09058823529411765
99,95,0,3,4.15,1.3833333333333335
99,95,1,20,14.48,0.724
99,95,2,8,4.4,0.55
99,95,3,8,3.96,0.495
99,95,4,15,5.83,0.38866666666666666
99,97,0,12,55.07,4.589166666666666
99,97,1,18,56.74,3.1522222222222225
99,97,2,18,38.61,2.145
99,97,3,14,28.78,2.0557142857142856
99,97,4,6,3.57,0.595
