fromnode,tonode,clientID,a,budget,clientRatio
7,10,0,7,52.42,7.488571428571428
7,10,1,6,44.85,7.4750000000000005
7,10,2,2,14.94,7.47
7,10,3,20,145.97,7.2985
7,10,4,16,115.41,7.213125
7,10,5,17,121.47,7.145294117647059
7,10,6,18,126.84,7.046666666666667
7,10,7,12,84.42,7.035
7,10,8,17,117.42,6.907058823529412
7,10,9,11,75.29,6.844545454545455
7,10,10,17,116.22,6.836470588235294
7,10,11,15,101.8,6.786666666666666
7,10,12,14,94.22,6.7299999999999995
7,10,13,20,133.2,6.659999999999999
7,10,14,6,39.73,6.621666666666666
7,10,15,2,13.16,6.58
7,10,16,5,32.28,6.456
7,10,17,11,69.79,6.344545454545455
7,10,18,12,75.89,6.324166666666667
7,10,19,8,49.97,6.24625
7,10,20,11,67.91,6.173636363636363
7,10,21,5,30.82,6.164
7,10,22,15,90.67,6.044666666666667
7,10,23,12,71.93,5.9941666666666675
7,10,24,9,51.74,5.748888888888889
7,10,25,4,22.96,5.74
7,10,26,20,112.7,5.635
7,10,27,6,33.59,5.598333333333334
7,10,28,11,60.88,5.534545454545455
7,10,29,18,99.33,5.5183333333333335
7,10,30,13,70.93,5.456153846153847
7,10,31,8,43.58,5.4475
7,10,32,20,108.31,5.4155
7,10,33,20,107.71,5.3854999999999995
7,10,34,1,5.34,5.34
7,10,35,17,89.86,5.285882352941177
7,10,36,9,47.12,5.235555555555555
7,10,37,8,41.77,5.22125
7,10,38,19,99.03,5.212105263157895
7,10,39,17,87.77,5.162941176470588
7,10,40,5,25.67,5.134
7,10,41,12,60.85,5.070833333333334
7,10,42,3,15.19,5.0633333333333335
7,10,43,16,80.81,5.050625
7,10,44,15,75.33,5.022
7,10,45,17,84.95,4.997058823529412
7,10,46,14,68.65,4.903571428571429
7,10,47,15,73.19,4.879333333333333
7,10,48,20,96.53,4.8265
7,10,49,7,32.73,4.675714285714285
7,10,50,13,59.15,4.55
7,10,51,17,74.01,4.353529411764706
7,10,52,15,64.15,4.276666666666667
7,10,53,9,36.85,4.094444444444445
7,10,54,1,4.05,4.05
7,10,55,5,20.19,4.038
7,10,56,4,15.97,3.9925
7,10,57,16,62.58,3.91125
7,10,58,8,30.67,3.83375
7,10,59,7,26.78,3.825714285714286
7,10,60,13,49.54,3.810769230769231
7,10,61,12,43.83,3.6525
7,10,62,1,3.53,3.53
7,10,63,2,6.7,3.35
7,10,64,13,42.21,3.246923076923077
7,10,65,19,61.41,3.2321052631578944
7,10,66,1,2.99,2.99
7,10,67,12,34.91,2.9091666666666662
7,10,68,17,49.19,2.893529411764706
7,10,69,15,42.44,2.829333333333333
7,10,70,16,40.52,2.5325
7,10,71,4,9.45,2.3625
7,10,72,2,4.54,2.27
7,10,73,17,37.98,2.2341176470588233
7,10,74,20,44.67,2.2335000000000003
7,10,75,11,23.85,2.1681818181818184
7,10,76,10,21.14,2.114
7,10,77,3,6.33,2.11
7,10,78,3,6.11,2.0366666666666666
7,10,79,6,12.02,2.0033333333333334
7,10,80,19,36.97,1.9457894736842105
7,10,81,1,1.57,1.57
7,10,82,12,18.48,1.54
7,10,83,6,9.19,1.5316666666666665
7,10,84,17,25.27,1.486470588235294
7,10,85,15,21.94,1.4626666666666668
7,10,86,8,11.14,1.3925
7,10,87,1,1.39,1.39
7,10,88,11,14.71,1.3372727272727274
7,10,89,6,7.72,1.2866666666666666
7,10,90,8,8.47,1.05875
7,10,91,2,1.92,0.96
7,10,92,1,0.9,0.9
7,10,93,4,2.9,0.725
7,10,94,2,1.42,0.71
7,10,95,9,4.88,0.5422222222222222
7,10,96,16,8.36,0.5225
7,10,97,3,1.45,0.48333333333333334
7,10,98,4,1.77,0.4425
7,10,99,2,0.66,0.33
7,11,0,13,149.16,11.473846153846154
7,11,1,17,191.88,11.287058823529412
7,11,2,14,153.51,10.965
7,11,3,16,174.16,10.885
7,11,4,3,32.2,10.733333333333334
7,11,5,14,148.17,10.583571428571428
7,11,6,7,73.02,10.43142857142857
7,11,7,13,135.19,10.399230769230769
7,11,8,2,20.79,10.395
7,11,9,17,173.72,10.218823529411765
7,11,10,1,9.61,9.61
7,11,11,1,9.59,9.59
7,11,12,16,152.4,9.525
7,11,13,12,111.41,9.284166666666666
7,11,14,16,147.54,9.22125
7,11,15,18,163.91,9.106111111111112
7,11,16,3,27.14,9.046666666666667
7,11,17,3,26.9,8.966666666666667
7,11,18,7,60.78,8.682857142857143
7,11,19,19,164.87,8.677368421052632
7,11,20,7,60.74,8.677142857142858
7,11,21,15,127.42,8.494666666666667
7,11,22,17,144.2,8.48235294117647
7,11,23,14,117.77,8.412142857142857
7,11,24,7,57.88,8.268571428571429
7,11,25,10,82.44,8.244
7,11,26,7,57.26,8.18
7,11,27,15,121.17,8.078
7,11,28,4,31.75,7.9375
7,11,29,15,116.85,7.79
7,11,30,18,138.53,7.696111111111112
7,11,31,11,84.56,7.6872727272727275
7,11,32,1,7.43,7.43
7,11,33,19,140.19,7.3784210526315785
7,11,34,3,22.13,7.376666666666666
7,11,35,4,29.38,7.345
7,11,36,3,21.2,7.066666666666666
7,11,37,17,119.26,7.015294117647059
7,11,38,1,7.01,7.01
7,11,39,19,133.06,7.003157894736842
7,11,40,17,116.35,6.844117647058823
7,11,41,9,59.82,6.6466666666666665
7,11,42,5,32.8,6.56
7,11,43,16,103.57,6.473125
7,11,44,8,51.76,6.47
7,11,45,6,35.84,5.973333333333334
7,11,46,2,11.8,5.9
7,11,47,14,82.57,5.897857142857142
7,11,48,16,90.99,5.686875
7,11,49,6,33.96,5.66
7,11,50,17,96.1,5.652941176470588
7,11,51,11,62.05,5.640909090909091
7,11,52,15,83.7,5.58
7,11,53,15,81.56,5.437333333333333
7,11,54,11,59.52,5.410909090909091
7,11,55,14,73.66,5.261428571428572
7,11,56,2,10.19,5.095
7,11,57,8,40.16,5.02
7,11,58,7,35.03,5.0042857142857144
7,11,59,12,59.01,4.9174999999999995
7,11,60,10,49.14,4.914
7,11,61,6,29.36,4.8933333333333335
7,11,62,10,48.68,4.868
7,11,63,4,19.44,4.86
7,11,64,20,96.27,4.8134999999999994
7,11,65,16,76.27,4.766875
7,11,66,19,88.8,4.673684210526315
7,11,67,16,73.48,4.5925
7,11,68,16,72.39,4.524375
7,11,69,3,13.24,4.413333333333333
7,11,70,18,75.48,4.193333333333333
7,11,71,1,3.99,3.99
7,11,72,12,47.29,3.9408333333333334
7,11,73,12,46.96,3.9133333333333336
7,11,74,16,59.89,3.743125
7,11,75,17,62.92,3.7011764705882353
7,11,76,1,3.67,3.67
7,11,77,7,24.91,3.5585714285714287
7,11,78,12,41.97,3.4975
7,11,79,17,57.22,3.3658823529411763
7,11,80,13,43.47,3.3438461538461537
7,11,81,4,13.33,3.3325
7,11,82,13,43.24,3.3261538461538462
7,11,83,17,55.57,3.268823529411765
7,11,84,3,8.81,2.936666666666667
7,11,85,10,27.03,2.7030000000000003
7,11,86,16,42.17,2.635625
7,11,87,12,29.43,2.4525
7,11,88,12,29.1,2.4250000000000003
7,11,89,18,38.14,2.118888888888889
7,11,90,15,30.93,2.062
7,11,91,15,30.63,2.042
7,11,92,2,3.83,1.915
7,11,93,14,22.52,1.6085714285714285
7,11,94,14,21.73,1.5521428571428573
7,11,95,19,29.44,1.5494736842105263
7,11,96,4,5.5,1.375
7,11,97,5,5.39,1.0779999999999998
7,11,98,4,2.65,0.6625
7,11,99,5,2.82,0.564
7,21,0,8,75.85,9.48125
7,21,1,15,141.93,9.462
7,21,2,15,141.31,9.420666666666667
7,21,3,16,150.46,9.40375
7,21,4,4,36.95,9.2375
7,21,5,9,82.07,9.118888888888888
7,21,6,20,182.32,9.116
7,21,7,8,72.36,9.045
7,21,8,7,62.04,8.862857142857143
7,21,9,7,61.82,8.831428571428571
7,21,10,17,148.41,8.73
7,21,11,15,128.15,8.543333333333333
7,21,12,3,25.6,8.533333333333333
7,21,13,2,16.8,8.4
7,21,14,17,142.27,8.368823529411765
7,21,15,15,124.7,8.313333333333334
7,21,16,13,106.55,8.196153846153846
7,21,17,18,146.46,8.136666666666667
7,21,18,17,138.03,8.119411764705882
7,21,19,1,7.88,7.88
7,21,20,13,100.85,7.757692307692308
7,21,21,15,114.92,7.661333333333333
7,21,22,5,38.3,7.659999999999999
7,21,23,5,38.18,7.636
7,21,24,13,95.88,7.375384615384615
7,21,25,11,78.72,7.156363636363636
7,21,26,8,56.19,7.02375
7,21,27,18,123.64,6.868888888888889
7,21,28,10,63.42,6.3420000000000005
7,21,29,12,75.51,6.2925
7,21,30,18,110.8,6.155555555555555
7,21,31,16,96.53,6.033125
7,21,32,20,116.65,5.8325000000000005
7,21,33,17,95.94,5.643529411764706
7,21,34,11,58.85,5.3500000000000005
7,21,35,17,90.56,5.327058823529412
7,21,36,10,52.34,5.234
7,21,37,13,67.19,5.168461538461538
7,21,38,13,66.4,5.107692307692308
7,21,39,19,95.72,5.037894736842105
7,21,40,3,15.06,5.0200000000000005
7,21,41,20,99.33,4.9665
7,21,42,10,49.27,4.9270000000000005
7,21,43,13,62.36,4.796923076923077
7,21,44,5,23.97,4.794
7,21,45,10,46.59,4.659000000000001
7,21,46,8,37.27,4.65875
7,21,47,18,83.61,4.645
7,21,48,19,83.99,4.420526315789473
7,21,49,12,52.82,4.401666666666666
7,21,50,3,12.91,4.303333333333334
7,21,51,5,21.08,4.215999999999999
7,21,52,3,11.89,3.9633333333333334
7,21,53,7,27.64,3.948571428571429
7,21,54,20,78.76,3.938
7,21,55,5,18.85,3.7700000000000005
7,21,56,3,11.2,3.733333333333333
7,21,57,1,3.72,3.72
7,21,58,5,18.32,3.664
7,21,59,6,21.95,3.658333333333333
7,21,60,4,13.86,3.465
7,21,61,17,58.83,3.4605882352941175
7,21,62,2,6.9,3.45
7,21,63,3,10.34,3.4466666666666668
7,21,64,3,10.3,3.4333333333333336
7,21,65,7,23.82,3.402857142857143
7,21,66,7,23.0,3.2857142857142856
7,21,67,6,19.52,3.2533333333333334
7,21,68,3,9.57,3.19
7,21,69,11,34.71,3.1554545454545457
7,21,70,11,32.36,2.941818181818182
7,21,71,8,22.65,2.83125
7,21,72,1,2.69,2.69
7,21,73,7,18.41,2.63
7,21,74,16,41.35,2.584375
7,21,75,11,27.95,2.540909090909091
7,21,76,18,44.97,2.498333333333333
7,21,77,12,28.72,2.393333333333333
7,21,78,2,4.4,2.2
7,21,79,12,24.86,2.0716666666666668
7,21,80,5,10.0,2.0
7,21,81,15,28.89,1.926
7,21,82,12,22.79,1.8991666666666667
7,21,83,11,20.14,1.830909090909091
7,21,84,1,1.72,1.72
7,21,85,16,26.45,1.653125
7,21,86,1,1.65,1.65
7,21,87,9,14.33,1.5922222222222222
7,21,88,1,1.58,1.58
7,21,89,13,20.01,1.5392307692307694
7,21,90,5,7.31,1.462
7,21,91,4,5.61,1.4025
7,21,92,1,1.33,1.33
7,21,93,9,10.74,1.1933333333333334
7,21,94,10,10.8,1.08
7,21,95,20,18.86,0.943
7,21,96,9,8.45,0.9388888888888888
7,21,97,15,12.51,0.834
7,21,98,5,2.38,0.476
7,21,99,14,6.39,0.4564285714285714
7,32,0,7,55.71,7.958571428571429
7,32,1,16,126.07,7.879375
7,32,2,3,23.43,7.81
7,32,3,16,122.91,7.681875
7,32,4,9,67.98,7.553333333333334
7,32,5,17,128.11,7.535882352941178
7,32,6,18,132.19,7.3438888888888885
7,32,7,13,94.2,7.246153846153846
7,32,8,14,100.79,7.199285714285715
7,32,9,19,134.86,7.097894736842106
7,32,10,15,104.93,6.995333333333334
7,32,11,10,69.78,6.978
7,32,12,16,109.3,6.83125
7,32,13,9,61.46,6.828888888888889
7,32,14,10,68.23,6.823
7,32,15,18,121.14,6.73
7,32,16,8,53.76,6.72
7,32,17,11,72.83,6.620909090909091
7,32,18,17,111.88,6.581176470588235
7,32,19,10,65.36,6.536
7,32,20,18,109.41,6.078333333333333
7,32,21,15,89.2,5.946666666666667
7,32,22,20,118.56,5.928
7,32,23,13,75.96,5.843076923076922
7,32,24,9,51.32,5.702222222222222
7,32,25,11,62.58,5.6890909090909085
7,32,26,5,28.37,5.674
7,32,27,5,28.15,5.63
7,32,28,18,98.76,5.486666666666667
7,32,29,20,106.59,5.3295
7,32,30,5,26.45,5.29
7,32,31,9,47.35,5.261111111111111
7,32,32,8,42.03,5.25375
7,32,33,4,20.78,5.195
7,32,34,5,25.95,5.1899999999999995
7,32,35,15,77.13,5.1419999999999995
7,32,36,5,25.62,5.1240000000000006
7,32,37,5,25.55,5.11
7,32,38,2,10.08,5.04
7,32,39,3,14.81,4.9366666666666665
7,32,40,13,63.26,4.866153846153846
7,32,41,11,53.34,4.84909090909091
7,32,42,16,76.31,4.769375
7,32,43,7,33.38,4.768571428571429
7,32,44,17,79.52,4.6776470588235295
7,32,45,16,71.26,4.45375
7,32,46,13,56.33,4.333076923076923
7,32,47,6,25.4,4.233333333333333
7,32,48,12,50.74,4.2283333333333335
7,32,49,17,71.47,4.2041176470588235
7,32,50,1,3.99,3.99
7,32,51,16,63.8,3.9875
7,32,52,2,7.62,3.81
7,32,53,19,71.16,3.745263157894737
7,32,54,7,25.28,3.6114285714285717
7,32,55,8,28.34,3.5425
7,32,56,3,10.6,3.533333333333333
7,32,57,14,47.53,3.395
7,32,58,5,16.85,3.37
7,32,59,15,49.81,3.320666666666667
7,32,60,2,6.57,3.285
7,32,61,12,39.03,3.2525
7,32,62,6,18.9,3.15
7,32,63,13,37.69,2.899230769230769
7,32,64,7,19.48,2.782857142857143
7,32,65,20,54.27,2.7135000000000002
7,32,66,11,29.59,2.69
7,32,67,7,18.18,2.597142857142857
7,32,68,9,22.49,2.4988888888888887
7,32,69,1,2.48,2.48
7,32,70,8,19.69,2.46125
7,32,71,17,40.95,2.408823529411765
7,32,72,11,25.55,2.3227272727272728
7,32,73,18,41.03,2.2794444444444446
7,32,74,20,45.39,2.2695
7,32,75,4,8.84,2.21
7,32,76,16,32.35,2.021875
7,32,77,10,19.67,1.967
7,32,78,1,1.96,1.96
7,32,79,15,29.12,1.9413333333333334
7,32,80,8,14.99,1.87375
7,32,81,1,1.84,1.84
7,32,82,7,12.66,1.8085714285714285
7,32,83,15,26.87,1.7913333333333334
7,32,84,7,11.54,1.6485714285714284
7,32,85,5,7.81,1.5619999999999998
7,32,86,7,10.68,1.5257142857142856
7,32,87,8,11.82,1.4775
7,32,88,14,19.88,1.42
7,32,89,8,11.03,1.37875
7,32,90,19,25.26,1.3294736842105264
7,32,91,14,17.27,1.2335714285714285
7,32,92,18,19.53,1.085
7,32,93,10,10.71,1.0710000000000002
7,32,94,18,14.28,0.7933333333333333
7,32,95,11,8.45,0.7681818181818181
7,32,96,8,5.92,0.74
7,32,97,18,12.44,0.6911111111111111
7,32,98,19,11.76,0.6189473684210526
7,32,99,4,2.21,0.5525
7,39,0,17,157.45,9.261764705882353
7,39,1,20,184.26,9.213
7,39,2,1,9.05,9.05
7,39,3,20,180.65,9.0325
7,39,4,2,18.03,9.015
7,39,5,10,88.69,8.869
7,39,6,20,177.15,8.8575
7,39,7,15,132.2,8.813333333333333
7,39,8,12,102.25,8.520833333333334
7,39,9,20,170.32,8.516
7,39,10,20,156.59,7.8295
7,39,11,2,15.4,7.7
7,39,12,9,67.99,7.554444444444444
7,39,13,8,59.41,7.42625
7,39,14,19,140.67,7.403684210526315
7,39,15,11,80.93,7.357272727272728
7,39,16,9,65.57,7.285555555555555
7,39,17,12,84.84,7.07
7,39,18,6,42.26,7.043333333333333
7,39,19,8,56.3,7.0375
7,39,20,11,76.05,6.913636363636363
7,39,21,18,121.59,6.755
7,39,22,16,107.07,6.691875
7,39,23,9,59.98,6.664444444444444
7,39,24,3,19.6,6.533333333333334
7,39,25,9,58.47,6.496666666666666
7,39,26,11,71.46,6.496363636363636
7,39,27,17,110.16,6.4799999999999995
7,39,28,12,76.54,6.378333333333334
7,39,29,9,57.18,6.3533333333333335
7,39,30,17,106.52,6.265882352941176
7,39,31,5,30.7,6.14
7,39,32,4,24.38,6.095
7,39,33,16,97.16,6.0725
7,39,34,5,30.32,6.064
7,39,35,19,113.91,5.995263157894737
7,39,36,13,76.76,5.904615384615385
7,39,37,6,35.09,5.848333333333334
7,39,38,17,98.8,5.811764705882353
7,39,39,4,23.23,5.8075
7,39,40,4,23.12,5.78
7,39,41,4,23.02,5.755
7,39,42,17,97.3,5.723529411764706
7,39,43,1,5.66,5.66
7,39,44,9,50.09,5.565555555555556
7,39,45,11,60.07,5.460909090909091
7,39,46,8,42.67,5.33375
7,39,47,10,49.17,4.917
7,39,48,13,60.33,4.640769230769231
7,39,49,18,83.35,4.6305555555555555
7,39,50,15,68.49,4.566
7,39,51,8,36.26,4.5325
7,39,52,20,89.84,4.492
7,39,53,20,89.79,4.4895000000000005
7,39,54,5,22.37,4.474
7,39,55,17,75.28,4.4282352941176475
7,39,56,13,57.33,4.41
7,39,57,8,34.72,4.34
7,39,58,5,21.37,4.274
7,39,59,11,46.69,4.244545454545454
7,39,60,14,58.75,4.196428571428571
7,39,61,13,54.37,4.182307692307692
7,39,62,7,29.02,4.145714285714286
7,39,63,12,49.42,4.118333333333333
7,39,64,6,24.1,4.016666666666667
7,39,65,6,24.02,4.003333333333333
7,39,66,8,31.73,3.96625
7,39,67,1,3.95,3.95
7,39,68,15,54.44,3.6293333333333333
7,39,69,12,43.38,3.615
7,39,70,18,63.74,3.5411111111111113
7,39,71,1,3.49,3.49
7,39,72,18,62.72,3.4844444444444442
7,39,73,12,39.0,3.25
7,39,74,14,42.96,3.0685714285714285
7,39,75,13,39.54,3.0415384615384613
7,39,76,5,12.27,2.4539999999999997
7,39,77,8,19.63,2.45375
7,39,78,2,4.42,2.21
7,39,79,19,41.58,2.188421052631579
7,39,80,19,38.04,2.002105263157895
7,39,81,15,27.31,1.8206666666666667
7,39,82,18,32.31,1.7950000000000002
7,39,83,5,8.77,1.754
7,39,84,12,20.06,1.6716666666666666
7,39,85,16,25.94,1.62125
7,39,86,13,18.43,1.4176923076923076
7,39,87,4,5.57,1.3925
7,39,88,12,16.33,1.3608333333333331
7,39,89,7,9.03,1.2899999999999998
7,39,90,18,20.6,1.1444444444444446
7,39,91,13,14.11,1.0853846153846154
7,39,92,12,10.11,0.8424999999999999
7,39,93,8,6.72,0.84
7,39,94,16,12.66,0.79125
7,39,95,5,3.37,0.674
7,39,96,12,7.71,0.6425
7,39,97,5,3.0,0.6
7,39,98,10,5.49,0.549
7,39,99,2,0.91,0.455
7,46,0,5,41.17,8.234
7,46,1,16,131.5,8.21875
7,46,2,12,98.62,8.218333333333334
7,46,3,5,40.32,8.064
7,46,4,6,48.28,8.046666666666667
7,46,5,5,40.13,8.026
7,46,6,17,136.28,8.016470588235293
7,46,7,5,39.78,7.956
7,46,8,15,116.52,7.768
7,46,9,20,155.34,7.767
7,46,10,12,93.14,7.761666666666667
7,46,11,5,38.54,7.708
7,46,12,14,107.2,7.6571428571428575
7,46,13,15,114.75,7.65
7,46,14,3,22.64,7.546666666666667
7,46,15,6,45.14,7.523333333333333
7,46,16,12,89.84,7.486666666666667
7,46,17,3,22.1,7.366666666666667
7,46,18,13,94.48,7.267692307692308
7,46,19,3,21.76,7.253333333333334
7,46,20,4,28.65,7.1625
7,46,21,2,14.07,7.035
7,46,22,5,34.38,6.876
7,46,23,18,123.38,6.854444444444444
7,46,24,17,116.36,6.844705882352941
7,46,25,8,54.43,6.80375
7,46,26,10,67.98,6.798
7,46,27,15,99.46,6.6306666666666665
7,46,28,12,78.75,6.5625
7,46,29,1,6.38,6.38
7,46,30,7,44.03,6.29
7,46,31,16,100.46,6.27875
7,46,32,19,116.36,6.12421052631579
7,46,33,17,102.33,6.0194117647058825
7,46,34,2,11.86,5.93
7,46,35,19,109.93,5.785789473684211
7,46,36,6,34.64,5.773333333333333
7,46,37,20,115.12,5.756
7,46,38,15,86.16,5.744
7,46,39,16,89.33,5.583125
7,46,40,4,22.07,5.5175
7,46,41,11,60.15,5.468181818181818
7,46,42,8,43.4,5.425
7,46,43,16,84.45,5.278125
7,46,44,6,30.3,5.05
7,46,45,7,34.58,4.9399999999999995
7,46,46,8,39.42,4.9275
7,46,47,13,63.7,4.9
7,46,48,1,4.73,4.73
7,46,49,20,93.52,4.676
7,46,50,16,74.49,4.655625
7,46,51,3,13.95,4.6499999999999995
7,46,52,12,50.36,4.196666666666666
7,46,53,19,77.88,4.098947368421053
7,46,54,16,65.19,4.074375
7,46,55,14,56.83,4.059285714285714
7,46,56,3,12.01,4.003333333333333
7,46,57,11,41.62,3.7836363636363632
7,46,58,4,14.91,3.7275
7,46,59,9,31.61,3.5122222222222224
7,46,60,4,13.99,3.4975
7,46,61,6,20.9,3.483333333333333
7,46,62,19,62.09,3.2678947368421056
7,46,63,8,25.93,3.24125
7,46,64,9,28.56,3.1733333333333333
7,46,65,20,63.09,3.1545
7,46,66,8,24.39,3.04875
7,46,67,20,59.34,2.967
7,46,68,7,19.79,2.827142857142857
7,46,69,4,11.14,2.785
7,46,70,11,30.48,2.770909090909091
7,46,71,10,27.22,2.722
7,46,72,10,26.37,2.637
7,46,73,4,10.11,2.5275
7,46,74,3,7.44,2.48
7,46,75,8,17.96,2.245
7,46,76,20,42.85,2.1425
7,46,77,14,28.31,2.0221428571428572
7,46,78,18,36.17,2.0094444444444446
7,46,79,19,37.43,1.97
7,46,80,6,11.59,1.9316666666666666
7,46,81,15,26.22,1.748
7,46,82,13,19.49,1.4992307692307691
7,46,83,2,2.87,1.435
7,46,84,20,28.5,1.425
7,46,85,11,15.11,1.3736363636363635
7,46,86,18,24.69,1.3716666666666668
7,46,87,2,2.68,1.34
7,46,88,13,17.07,1.313076923076923
7,46,89,19,24.23,1.2752631578947369
7,46,90,15,17.88,1.192
7,46,91,4,4.11,1.0275
7,46,92,9,9.22,1.0244444444444445
7,46,93,8,5.75,0.71875
7,46,94,8,5.47,0.68375
7,46,95,8,4.53,0.56625
7,46,96,1,0.42,0.42
7,46,97,4,1.56,0.39
7,46,98,7,2.43,0.34714285714285714
7,46,99,6,2.08,0.3466666666666667
7,77,0,10,112.81,11.281
7,77,1,3,33.71,11.236666666666666
7,77,2,8,89.32,11.165
7,77,3,8,88.87,11.10875
7,77,4,3,32.8,10.933333333333332
7,77,5,6,65.48,10.913333333333334
7,77,6,17,182.01,10.706470588235293
7,77,7,11,116.83,10.620909090909091
7,77,8,6,61.45,10.241666666666667
7,77,9,12,122.28,10.19
7,77,10,8,81.28,10.16
7,77,11,17,171.41,10.082941176470587
7,77,12,14,140.77,10.055000000000001
7,77,13,17,169.82,9.989411764705881
7,77,14,3,29.84,9.946666666666667
7,77,15,6,58.98,9.83
7,77,16,4,37.95,9.4875
7,77,17,13,121.15,9.319230769230769
7,77,18,12,111.34,9.278333333333334
7,77,19,10,92.71,9.270999999999999
7,77,20,9,83.02,9.224444444444444
7,77,21,7,63.45,9.064285714285715
7,77,22,19,170.75,8.986842105263158
7,77,23,13,113.82,8.755384615384616
7,77,24,2,17.48,8.74
7,77,25,6,52.31,8.718333333333334
7,77,26,19,164.72,8.669473684210526
7,77,27,5,43.08,8.616
7,77,28,3,25.3,8.433333333333334
7,77,29,6,49.96,8.326666666666666
7,77,30,15,124.45,8.296666666666667
7,77,31,1,8.26,8.26
7,77,32,2,16.49,8.245
7,77,33,20,158.13,7.906499999999999
7,77,34,8,62.54,7.8175
7,77,35,17,128.77,7.574705882352942
7,77,36,1,7.45,7.45
7,77,37,17,125.35,7.373529411764705
7,77,38,7,51.25,7.321428571428571
7,77,39,6,43.29,7.215
7,77,40,4,27.07,6.7675
7,77,41,2,13.36,6.68
7,77,42,14,93.49,6.6778571428571425
7,77,43,7,46.69,6.67
7,77,44,9,57.82,6.424444444444444
7,77,45,13,82.82,6.3707692307692305
7,77,46,14,88.79,6.342142857142858
7,77,47,17,107.32,6.312941176470588
7,77,48,11,69.23,6.293636363636364
7,77,49,13,77.98,5.998461538461539
7,77,50,8,47.11,5.88875
7,77,51,14,81.92,5.851428571428571
7,77,52,12,69.36,5.78
7,77,53,2,11.03,5.515
7,77,54,19,103.43,5.443684210526317
7,77,55,6,31.76,5.293333333333334
7,77,56,7,36.06,5.151428571428572
7,77,57,16,81.87,5.116875
7,77,58,2,9.99,4.995
7,77,59,1,4.98,4.98
7,77,60,6,29.46,4.91
7,77,61,17,79.49,4.675882352941176
7,77,62,4,18.58,4.645
7,77,63,7,31.02,4.4314285714285715
7,77,64,1,4.42,4.42
7,77,65,10,37.99,3.7990000000000004
7,77,66,19,71.56,3.7663157894736843
7,77,67,1,3.65,3.65
7,77,68,14,51.0,3.642857142857143
7,77,69,12,43.38,3.615
7,77,70,13,45.82,3.5246153846153847
7,77,71,8,28.01,3.50125
7,77,72,15,49.72,3.3146666666666667
7,77,73,20,65.75,3.2875
7,77,74,4,12.19,3.0475
7,77,75,10,29.74,2.9739999999999998
7,77,76,19,56.5,2.973684210526316
7,77,77,3,8.79,2.9299999999999997
7,77,78,6,17.01,2.8350000000000004
7,77,79,8,22.48,2.81
7,77,80,6,16.36,2.7266666666666666
7,77,81,16,41.02,2.56375
7,77,82,8,19.51,2.43875
7,77,83,5,11.7,2.34
7,77,84,13,30.26,2.327692307692308
7,77,85,1,2.3,2.3
7,77,86,19,40.08,2.1094736842105264
7,77,87,16,30.57,1.910625
7,77,88,14,25.43,1.8164285714285715
7,77,89,11,17.25,1.5681818181818181
7,77,90,1,1.29,1.29
7,77,91,10,12.52,1.252
7,77,92,2,2.11,1.055
7,77,93,8,7.7,0.9625
7,77,94,18,16.43,0.9127777777777778
7,77,95,18,14.23,0.7905555555555556
7,77,96,17,13.29,0.7817647058823529
7,77,97,19,12.66,0.6663157894736842
7,77,98,4,2.59,0.6475
7,77,99,19,10.2,0.5368421052631579
7,85,0,19,23.35,1.2289473684210528
7,85,1,14,17.18,1.227142857142857
7,85,2,14,17.07,1.2192857142857143
7,85,3,17,20.33,1.1958823529411764
7,85,4,10,11.92,1.192
7,85,5,15,17.8,1.1866666666666668
7,85,6,4,4.71,1.1775
7,85,7,17,19.95,1.173529411764706
7,85,8,15,17.4,1.16
7,85,9,11,12.6,1.1454545454545455
7,85,10,8,9.15,1.14375
7,85,11,1,1.13,1.13
7,85,12,18,20.29,1.1272222222222221
7,85,13,4,4.49,1.1225
7,85,14,3,3.34,1.1133333333333333
7,85,15,8,8.87,1.10875
7,85,16,6,6.56,1.0933333333333333
7,85,17,8,8.64,1.08
7,85,18,7,7.46,1.0657142857142856
7,85,19,9,9.54,1.0599999999999998
7,85,20,20,21.17,1.0585
7,85,21,14,14.72,1.0514285714285714
7,85,22,7,7.22,1.0314285714285714
7,85,23,2,2.04,1.02
7,85,24,8,8.15,1.01875
7,85,25,8,8.07,1.00875
7,85,26,9,8.8,0.9777777777777779
7,85,27,2,1.95,0.975
7,85,28,4,3.86,0.965
7,85,29,7,6.74,0.9628571428571429
7,85,30,6,5.77,0.9616666666666666
7,85,31,17,15.95,0.9382352941176471
7,85,32,5,4.49,0.898
7,85,33,11,9.87,0.8972727272727272
7,85,34,5,4.44,0.8880000000000001
7,85,35,7,6.03,0.8614285714285714
7,85,36,2,1.7,0.85
7,85,37,12,10.18,0.8483333333333333
7,85,38,11,9.31,0.8463636363636364
7,85,39,13,10.75,0.8269230769230769
7,85,40,20,16.4,0.82
7,85,41,6,4.89,0.815
7,85,42,10,7.8,0.78
7,85,43,2,1.55,0.775
7,85,44,3,2.31,0.77
7,85,45,20,15.1,0.755
7,85,46,14,10.36,0.74
7,85,47,20,14.42,0.721
7,85,48,14,10.04,0.7171428571428571
7,85,49,6,4.26,0.71
7,85,50,14,9.88,0.7057142857142857
7,85,51,9,6.19,0.6877777777777778
7,85,52,15,10.11,0.6739999999999999
7,85,53,12,8.03,0.6691666666666666
7,85,54,9,5.99,0.6655555555555556
7,85,55,4,2.65,0.6625
7,85,56,9,5.47,0.6077777777777778
7,85,57,15,9.06,0.604
7,85,58,2,1.19,0.595
7,85,59,14,8.31,0.5935714285714286
7,85,60,5,2.81,0.562
7,85,61,20,11.08,0.554
7,85,62,19,10.49,0.5521052631578948
7,85,63,20,11.0,0.55
7,85,64,4,2.18,0.545
7,85,65,5,2.56,0.512
7,85,66,4,2.03,0.5075
7,85,67,11,5.45,0.4954545454545455
7,85,68,1,0.45,0.45
7,85,69,13,5.63,0.4330769230769231
7,85,70,11,4.57,0.41545454545454547
7,85,71,10,4.09,0.409
7,85,72,7,2.78,0.39714285714285713
7,85,73,1,0.38,0.38
7,85,74,20,7.47,0.3735
7,85,75,4,1.49,0.3725
7,85,76,5,1.71,0.34199999999999997
7,85,77,17,5.21,0.3064705882352941
7,85,78,8,2.35,0.29375
7,85,79,10,2.83,0.28300000000000003
7,85,80,13,3.57,0.2746153846153846
7,85,81,1,0.25,0.25
7,85,82,4,0.99,0.2475
7,85,83,6,1.41,0.235
7,85,84,20,4.46,0.223
7,85,85,9,1.71,0.19
7,85,86,15,2.75,0.18333333333333332
7,85,87,7,1.21,0.17285714285714285
7,85,88,14,2.33,0.16642857142857143
7,85,89,20,3.04,0.152
7,85,90,7,1.05,0.15
7,85,91,5,0.63,0.126
7,85,92,2,0.24,0.12
7,85,93,1,0.1,0.1
7,85,94,7,0.66,0.09428571428571429
7,85,95,3,0.26,0.08666666666666667
7,85,96,16,1.35,0.084375
7,85,97,2,0.12,0.06
7,85,98,8,0.43,0.05375
7,85,99,19,1.0,0.05263157894736842
7,94,0,3,19.38,6.46
7,94,1,1,6.45,6.45
7,94,2,13,81.57,6.274615384615384
7,94,3,14,86.49,6.1778571428571425
7,94,4,15,92.53,6.168666666666667
7,94,5,19,113.94,5.996842105263158
7,94,6,19,113.88,5.9936842105263155
7,94,7,9,53.89,5.987777777777778
7,94,8,19,112.95,5.9447368421052635
7,94,9,2,11.64,5.82
7,94,10,11,63.78,5.798181818181818
7,94,11,3,17.38,5.793333333333333
7,94,12,1,5.77,5.77
7,94,13,7,39.98,5.711428571428571
7,94,14,5,27.93,5.586
7,94,15,20,110.61,5.5305
7,94,16,4,21.94,5.485
7,94,17,16,87.08,5.4425
7,94,18,14,75.93,5.423571428571429
7,94,19,8,43.23,5.40375
7,94,20,9,48.04,5.337777777777777
7,94,21,10,53.28,5.328
7,94,22,14,74.22,5.301428571428572
7,94,23,11,56.68,5.152727272727272
7,94,24,7,35.0,5.0
7,94,25,1,4.93,4.93
7,94,26,9,42.38,4.70888888888889
7,94,27,5,23.27,4.654
7,94,28,11,51.11,4.6463636363636365
7,94,29,7,31.65,4.521428571428571
7,94,30,11,49.18,4.470909090909091
7,94,31,14,61.07,4.3621428571428575
7,94,32,2,8.72,4.36
7,94,33,20,86.12,4.306
7,94,34,20,85.67,4.2835
7,94,35,18,76.5,4.25
7,94,36,16,67.58,4.22375
7,94,37,12,50.33,4.194166666666667
7,94,38,8,33.51,4.18875
7,94,39,1,4.09,4.09
7,94,40,14,57.12,4.08
7,94,41,7,28.28,4.04
7,94,42,9,36.33,4.036666666666666
7,94,43,9,32.04,3.56
7,94,44,17,59.08,3.4752941176470586
7,94,45,16,55.28,3.455
7,94,46,11,37.58,3.416363636363636
7,94,47,17,55.96,3.291764705882353
7,94,48,9,28.46,3.1622222222222223
7,94,49,5,15.53,3.106
7,94,50,16,49.39,3.086875
7,94,51,15,44.33,2.9553333333333334
7,94,52,8,23.38,2.9225
7,94,53,14,38.7,2.7642857142857147
7,94,54,15,41.39,2.759333333333333
7,94,55,17,46.66,2.744705882352941
7,94,56,16,43.89,2.743125
7,94,57,10,27.36,2.7359999999999998
7,94,58,11,29.86,2.7145454545454544
7,94,59,18,44.41,2.467222222222222
7,94,60,9,21.54,2.393333333333333
7,94,61,6,14.36,2.393333333333333
7,94,62,17,40.37,2.374705882352941
7,94,63,7,16.24,2.32
7,94,64,19,43.51,2.29
7,94,65,3,6.8,2.2666666666666666
7,94,66,10,22.25,2.225
7,94,67,13,28.51,2.1930769230769234
7,94,68,19,38.24,2.0126315789473685
7,94,69,13,25.31,1.9469230769230768
7,94,70,18,34.3,1.9055555555555554
7,94,71,4,7.58,1.895
7,94,72,5,9.29,1.8579999999999999
7,94,73,1,1.85,1.85
7,94,74,17,30.94,1.82
7,94,75,18,29.9,1.661111111111111
7,94,76,7,11.24,1.6057142857142856
7,94,77,9,13.62,1.5133333333333332
7,94,78,1,1.5,1.5
7,94,79,2,2.9,1.45
7,94,80,19,27.51,1.4478947368421053
7,94,81,9,12.56,1.3955555555555557
7,94,82,10,13.86,1.386
7,94,83,17,20.29,1.1935294117647057
7,94,84,8,9.09,1.13625
7,94,85,19,19.91,1.0478947368421052
7,94,86,8,7.98,0.9975
7,94,87,2,1.8,0.9
7,94,88,3,2.7,0.9
7,94,89,13,10.17,0.7823076923076923
7,94,90,19,14.5,0.7631578947368421
7,94,91,11,7.69,0.6990909090909091
7,94,92,5,3.4,0.6799999999999999
7,94,93,14,8.02,0.5728571428571428
7,94,94,11,6.25,0.5681818181818182
7,94,95,13,5.65,0.4346153846153846
7,94,96,16,6.12,0.3825
7,94,97,2,0.69,0.345
7,94,98,3,0.95,0.31666666666666665
7,94,99,10,3.03,0.303
10,7,0,15,112.62,7.508
10,7,1,6,44.08,7.346666666666667
10,7,2,19,137.55,7.239473684210527
10,7,3,5,35.41,7.081999999999999
10,7,4,16,112.64,7.04
10,7,5,5,34.46,6.892
10,7,6,9,61.95,6.883333333333334
10,7,7,7,47.82,6.831428571428572
10,7,8,17,115.48,6.792941176470588
10,7,9,6,40.71,6.785
10,7,10,10,65.17,6.517
10,7,11,8,51.94,6.4925
10,7,12,19,119.73,6.301578947368421
10,7,13,18,111.6,6.199999999999999
10,7,14,2,11.97,5.985
10,7,15,2,11.88,5.94
10,7,16,5,29.25,5.85
10,7,17,19,110.99,5.841578947368421
10,7,18,15,86.09,5.739333333333334
10,7,19,14,75.68,5.405714285714287
10,7,20,19,102.23,5.380526315789474
10,7,21,2,10.73,5.365
10,7,22,12,63.73,5.310833333333333
10,7,23,18,95.55,5.308333333333334
10,7,24,1,5.24,5.24
10,7,25,14,73.13,5.223571428571428
10,7,26,9,46.63,5.181111111111111
10,7,27,8,41.15,5.14375
10,7,28,10,50.62,5.061999999999999
10,7,29,8,39.17,4.89625
10,7,30,7,34.25,4.892857142857143
10,7,31,16,77.68,4.855
10,7,32,17,80.96,4.76235294117647
10,7,33,6,27.71,4.618333333333333
10,7,34,8,36.81,4.60125
10,7,35,13,59.57,4.582307692307692
10,7,36,9,41.22,4.58
10,7,37,10,44.82,4.482
10,7,38,19,85.09,4.478421052631579
10,7,39,11,46.24,4.203636363636364
10,7,40,1,4.09,4.09
10,7,41,2,8.15,4.075
10,7,42,16,64.85,4.053125
10,7,43,14,54.71,3.907857142857143
10,7,44,15,55.83,3.722
10,7,45,18,64.88,3.6044444444444443
10,7,46,14,46.71,3.3364285714285713
10,7,47,17,55.95,3.2911764705882356
10,7,48,17,54.7,3.2176470588235295
10,7,49,1,3.21,3.21
10,7,50,12,37.65,3.1374999999999997
10,7,51,1,3.04,3.04
10,7,52,9,26.4,2.933333333333333
10,7,53,16,46.13,2.883125
10,7,54,13,35.08,2.6984615384615385
10,7,55,10,26.94,2.694
10,7,56,5,13.35,2.67
10,7,57,20,52.27,2.6135
10,7,58,6,15.36,2.56
10,7,59,18,44.23,2.457222222222222
10,7,60,17,38.99,2.293529411764706
10,7,61,8,16.41,2.05125
10,7,62,10,20.48,2.048
10,7,63,19,38.41,2.021578947368421
10,7,64,18,36.23,2.0127777777777776
10,7,65,8,15.97,1.99625
10,7,66,7,13.0,1.8571428571428572
10,7,67,15,27.34,1.8226666666666667
10,7,68,6,10.84,1.8066666666666666
10,7,69,4,7.0,1.75
10,7,70,18,31.39,1.7438888888888888
10,7,71,13,22.2,1.7076923076923076
10,7,72,2,3.23,1.615
10,7,73,11,16.77,1.5245454545454544
10,7,74,2,2.91,1.455
10,7,75,11,15.62,1.42
10,7,76,18,24.74,1.3744444444444444
10,7,77,20,27.44,1.372
10,7,78,10,12.96,1.296
10,7,79,15,18.89,1.2593333333333334
10,7,80,14,16.18,1.1557142857142857
10,7,81,7,7.95,1.1357142857142857
10,7,82,19,19.98,1.0515789473684212
10,7,83,16,16.73,1.045625
10,7,84,5,5.21,1.042
10,7,85,14,13.93,0.995
10,7,86,2,1.98,0.99
10,7,87,3,2.77,0.9233333333333333
10,7,88,18,15.94,0.8855555555555555
10,7,89,8,6.92,0.865
10,7,90,14,11.7,0.8357142857142856
10,7,91,7,5.76,0.8228571428571428
10,7,92,1,0.79,0.79
10,7,93,15,9.86,0.6573333333333333
10,7,94,4,2.52,0.63
10,7,95,11,6.64,0.6036363636363636
10,7,96,12,6.29,0.5241666666666667
10,7,97,20,8.77,0.4385
10,7,98,3,1.22,0.4066666666666667
10,7,99,16,5.66,0.35375
10,11,0,20,129.72,6.486
10,11,1,4,25.75,6.4375
10,11,2,12,76.95,6.4125000000000005
10,11,3,4,24.59,6.1475
10,11,4,10,60.54,6.054
10,11,5,9,54.16,6.017777777777777
10,11,6,2,11.75,5.875
10,11,7,18,103.22,5.734444444444445
10,11,8,17,95.34,5.608235294117647
10,11,9,1,5.45,5.45
10,11,10,13,70.48,5.421538461538462
10,11,11,18,97.4,5.411111111111111
10,11,12,18,95.46,5.303333333333333
10,11,13,18,95.1,5.283333333333333
10,11,14,15,79.12,5.274666666666667
10,11,15,15,78.86,5.257333333333333
10,11,16,3,15.57,5.19
10,11,17,4,20.44,5.11
10,11,18,14,69.54,4.967142857142858
10,11,19,15,73.99,4.932666666666666
10,11,20,18,87.8,4.877777777777777
10,11,21,15,71.9,4.793333333333334
10,11,22,5,23.92,4.784000000000001
10,11,23,12,56.39,4.699166666666667
10,11,24,9,41.76,4.64
10,11,25,9,41.19,4.576666666666666
10,11,26,5,22.46,4.492
10,11,27,5,22.21,4.442
10,11,28,20,86.51,4.3255
10,11,29,5,21.5,4.3
10,11,30,8,34.25,4.28125
10,11,31,17,71.88,4.228235294117646
10,11,32,11,45.45,4.131818181818182
10,11,33,9,36.12,4.013333333333333
10,11,34,10,39.93,3.993
10,11,35,10,39.89,3.989
10,11,36,2,7.64,3.82
10,11,37,20,72.55,3.6275
10,11,38,16,56.09,3.505625
10,11,39,11,38.45,3.4954545454545456
10,11,40,11,37.8,3.436363636363636
10,11,41,15,51.25,3.4166666666666665
10,11,42,10,33.11,3.311
10,11,43,1,3.28,3.28
10,11,44,19,59.57,3.135263157894737
10,11,45,16,49.32,3.0825
10,11,46,18,52.32,2.9066666666666667
10,11,47,12,33.99,2.8325
10,11,48,18,50.38,2.798888888888889
10,11,49,5,13.96,2.7920000000000003
10,11,50,8,22.27,2.78375
10,11,51,2,5.35,2.675
10,11,52,13,33.34,2.5646153846153847
10,11,53,5,12.56,2.512
10,11,54,1,2.44,2.44
10,11,55,15,35.38,2.3586666666666667
10,11,56,20,46.1,2.305
10,11,57,9,20.31,2.2566666666666664
10,11,58,15,33.84,2.2560000000000002
10,11,59,3,6.64,2.2133333333333334
10,11,60,16,35.2,2.2
10,11,61,2,4.37,2.185
10,11,62,5,10.89,2.178
10,11,63,9,19.33,2.147777777777778
10,11,64,20,42.57,2.1285
10,11,65,20,42.52,2.1260000000000003
10,11,66,12,25.0,2.0833333333333335
10,11,67,15,31.07,2.0713333333333335
10,11,68,3,6.18,2.06
10,11,69,2,3.96,1.98
10,11,70,17,32.45,1.9088235294117648
10,11,71,2,3.67,1.835
10,11,72,1,1.81,1.81
10,11,73,17,29.99,1.7641176470588233
10,11,74,18,30.36,1.6866666666666665
10,11,75,12,19.81,1.6508333333333332
10,11,76,15,24.56,1.6373333333333333
10,11,77,1,1.56,1.56
10,11,78,5,7.8,1.56
10,11,79,11,15.74,1.430909090909091
10,11,80,19,23.92,1.2589473684210528
10,11,81,3,3.65,1.2166666666666666
10,11,82,3,3.59,1.1966666666666665
10,11,83,16,18.18,1.13625
10,11,84,10,10.97,1.097
10,11,85,20,20.67,1.0335
10,11,86,3,2.57,0.8566666666666666
10,11,87,5,4.22,0.844
10,11,88,6,4.54,0.7566666666666667
10,11,89,7,5.1,0.7285714285714285
10,11,90,10,6.93,0.693
10,11,91,16,10.74,0.67125
10,11,92,19,12.04,0.6336842105263157
10,11,93,1,0.61,0.61
10,11,94,11,6.18,0.5618181818181818
10,11,95,15,5.55,0.37
10,11,96,13,4.78,0.3676923076923077
10,11,97,18,6.08,0.3377777777777778
10,11,98,7,2.32,0.3314285714285714
10,11,99,8,2.43,0.30375
10,21,0,13,52.99,4.076153846153846
10,21,1,19,76.95,4.05
10,21,2,19,75.13,3.9542105263157894
10,21,3,11,43.39,3.944545454545455
10,21,4,7,27.22,3.8885714285714283
10,21,5,6,23.19,3.865
10,21,6,10,38.48,3.848
10,21,7,2,7.68,3.84
10,21,8,13,48.95,3.7653846153846158
10,21,9,7,26.02,3.717142857142857
10,21,10,16,58.32,3.645
10,21,11,4,14.57,3.6425
10,21,12,4,14.46,3.615
10,21,13,19,68.49,3.604736842105263
10,21,14,15,53.25,3.55
10,21,15,8,27.84,3.48
10,21,16,15,51.91,3.4606666666666666
10,21,17,15,51.76,3.4506666666666663
10,21,18,14,47.55,3.3964285714285714
10,21,19,7,23.7,3.3857142857142857
10,21,20,7,23.27,3.3242857142857143
10,21,21,9,29.57,3.285555555555556
10,21,22,3,9.76,3.2533333333333334
10,21,23,12,38.68,3.223333333333333
10,21,24,17,53.9,3.1705882352941175
10,21,25,2,6.26,3.13
10,21,26,7,21.85,3.1214285714285714
10,21,27,10,30.72,3.072
10,21,28,1,3.06,3.06
10,21,29,12,36.65,3.0541666666666667
10,21,30,19,55.75,2.9342105263157894
10,21,31,13,38.12,2.9323076923076923
10,21,32,10,28.91,2.891
10,21,33,10,28.88,2.888
10,21,34,16,45.66,2.85375
10,21,35,1,2.81,2.81
10,21,36,4,11.05,2.7625
10,21,37,7,19.16,2.737142857142857
10,21,38,16,43.01,2.688125
10,21,39,7,18.45,2.6357142857142857
10,21,40,16,41.47,2.591875
10,21,41,20,51.23,2.5614999999999997
10,21,42,20,49.52,2.476
10,21,43,10,23.92,2.3920000000000003
10,21,44,1,2.38,2.38
10,21,45,16,36.75,2.296875
10,21,46,19,41.89,2.2047368421052633
10,21,47,6,13.04,2.1733333333333333
10,21,48,18,38.23,2.1238888888888887
10,21,49,17,36.1,2.123529411764706
10,21,50,5,10.43,2.086
10,21,51,1,2.08,2.08
10,21,52,18,34.67,1.926111111111111
10,21,53,9,17.07,1.8966666666666667
10,21,54,19,34.36,1.808421052631579
10,21,55,12,21.68,1.8066666666666666
10,21,56,10,18.04,1.8039999999999998
10,21,57,13,23.29,1.7915384615384615
10,21,58,20,35.71,1.7855
10,21,59,12,21.19,1.7658333333333334
10,21,60,15,26.46,1.764
10,21,61,5,8.66,1.732
10,21,62,1,1.7,1.7
10,21,63,17,26.96,1.5858823529411765
10,21,64,1,1.55,1.55
10,21,65,15,22.03,1.4686666666666668
10,21,66,7,10.06,1.4371428571428573
10,21,67,14,18.98,1.3557142857142856
10,21,68,9,11.93,1.3255555555555556
10,21,69,6,7.94,1.3233333333333335
10,21,70,13,16.36,1.2584615384615385
10,21,71,11,13.56,1.2327272727272727
10,21,72,4,4.51,1.1275
10,21,73,16,17.93,1.120625
10,21,74,9,9.86,1.0955555555555554
10,21,75,14,14.56,1.04
10,21,76,9,9.09,1.01
10,21,77,20,19.54,0.977
10,21,78,17,16.57,0.9747058823529412
10,21,79,6,5.56,0.9266666666666666
10,21,80,20,17.87,0.8935000000000001
10,21,81,12,10.08,0.84
10,21,82,13,10.38,0.7984615384615386
10,21,83,19,15.03,0.7910526315789473
10,21,84,4,2.69,0.6725
10,21,85,20,13.44,0.6719999999999999
10,21,86,12,7.59,0.6325
10,21,87,20,11.53,0.5765
10,21,88,15,7.61,0.5073333333333333
10,21,89,14,7.0,0.5
10,21,90,12,5.95,0.49583333333333335
10,21,91,20,9.78,0.489
10,21,92,10,3.97,0.397
10,21,93,20,7.67,0.3835
10,21,94,18,6.64,0.3688888888888889
10,21,95,19,5.87,0.30894736842105264
10,21,96,11,2.95,0.2681818181818182
10,21,97,11,2.93,0.26636363636363636
10,21,98,1,0.25,0.25
10,21,99,7,1.54,0.22
10,32,0,11,64.25,5.840909090909091
10,32,1,13,74.98,5.767692307692308
10,32,2,13,74.63,5.740769230769231
10,32,3,10,56.28,5.628
10,32,4,17,95.23,5.601764705882353
10,32,5,3,16.6,5.533333333333334
10,32,6,6,33.09,5.515000000000001
10,32,7,3,16.15,5.383333333333333
10,32,8,8,42.8,5.35
10,32,9,6,31.52,5.253333333333333
10,32,10,17,88.49,5.205294117647059
10,32,11,17,87.71,5.159411764705882
10,32,12,17,86.45,5.085294117647059
10,32,13,14,69.95,4.996428571428572
10,32,14,19,94.65,4.981578947368422
10,32,15,12,59.55,4.9624999999999995
10,32,16,5,24.77,4.954
10,32,17,14,68.81,4.915
10,32,18,7,34.36,4.908571428571428
10,32,19,1,4.88,4.88
10,32,20,14,66.74,4.767142857142857
10,32,21,12,56.7,4.7250000000000005
10,32,22,9,42.45,4.716666666666667
10,32,23,6,28.16,4.693333333333333
10,32,24,14,64.38,4.598571428571428
10,32,25,15,68.49,4.566
10,32,26,9,40.68,4.52
10,32,27,8,35.75,4.46875
10,32,28,16,71.46,4.46625
10,32,29,13,57.96,4.458461538461538
10,32,30,6,26.06,4.343333333333333
10,32,31,7,30.19,4.312857142857143
10,32,32,19,81.19,4.273157894736842
10,32,33,10,42.55,4.255
10,32,34,4,16.82,4.205
10,32,35,10,40.59,4.059
10,32,36,9,36.51,4.056666666666667
10,32,37,20,79.36,3.968
10,32,38,13,50.4,3.876923076923077
10,32,39,12,45.45,3.7875
10,32,40,6,22.62,3.77
10,32,41,3,11.02,3.6733333333333333
10,32,42,3,10.72,3.5733333333333337
10,32,43,16,55.52,3.47
10,32,44,1,3.26,3.26
10,32,45,4,12.98,3.245
10,32,46,4,12.71,3.1775
10,32,47,12,37.73,3.1441666666666666
10,32,48,8,24.7,3.0875
10,32,49,17,51.32,3.018823529411765
10,32,50,8,23.8,2.975
10,32,51,19,55.88,2.9410526315789474
10,32,52,9,26.11,2.901111111111111
10,32,53,19,54.79,2.8836842105263156
10,32,54,18,51.17,2.842777777777778
10,32,55,3,7.84,2.6133333333333333
10,32,56,12,31.29,2.6075
10,32,57,5,12.59,2.518
10,32,58,10,24.99,2.4989999999999997
10,32,59,14,34.92,2.494285714285714
10,32,60,11,26.8,2.4363636363636365
10,32,61,7,16.86,2.4085714285714284
10,32,62,18,43.35,2.408333333333333
10,32,63,18,41.66,2.3144444444444443
10,32,64,8,18.12,2.265
10,32,65,14,31.3,2.2357142857142858
10,32,66,18,38.98,2.1655555555555552
10,32,67,18,38.25,2.125
10,32,68,3,6.37,2.1233333333333335
10,32,69,14,29.49,2.1064285714285713
10,32,70,4,8.27,2.0675
10,32,71,2,4.05,2.025
10,32,72,7,13.55,1.9357142857142857
10,32,73,19,36.21,1.9057894736842105
10,32,74,14,25.77,1.8407142857142857
10,32,75,15,27.48,1.832
10,32,76,9,15.74,1.748888888888889
10,32,77,19,33.0,1.736842105263158
10,32,78,4,6.78,1.695
10,32,79,14,22.06,1.5757142857142856
10,32,80,12,18.71,1.5591666666666668
10,32,81,8,12.4,1.55
10,32,82,13,19.16,1.4738461538461538
10,32,83,19,27.97,1.4721052631578946
10,32,84,20,28.61,1.4304999999999999
10,32,85,16,20.23,1.264375
10,32,86,9,11.22,1.2466666666666668
10,32,87,20,24.71,1.2355
10,32,88,15,17.31,1.154
10,32,89,5,5.57,1.114
10,32,90,12,12.95,1.0791666666666666
10,32,91,9,9.61,1.0677777777777777
10,32,92,8,8.48,1.06
10,32,93,8,8.05,1.00625
10,32,94,16,14.07,0.879375
10,32,95,17,14.59,0.8582352941176471
10,32,96,2,1.53,0.765
10,32,97,6,4.47,0.745
10,32,98,18,11.68,0.6488888888888888
10,32,99,14,7.68,0.5485714285714286
10,39,0,4,19.97,4.9925
10,39,1,4,19.97,4.9925
10,39,2,2,9.65,4.825
10,39,3,20,95.66,4.7829999999999995
10,39,4,15,70.08,4.672
10,39,5,7,32.41,4.63
10,39,6,13,59.45,4.573076923076924
10,39,7,10,45.73,4.5729999999999995
10,39,8,16,72.04,4.5025
10,39,9,19,80.86,4.25578947368421
10,39,10,5,21.23,4.246
10,39,11,7,29.64,4.234285714285714
10,39,12,16,67.66,4.22875
10,39,13,8,33.77,4.22125
10,39,14,6,25.29,4.215
10,39,15,10,41.86,4.186
10,39,16,7,29.17,4.167142857142857
10,39,17,9,37.43,4.158888888888889
10,39,18,18,73.64,4.091111111111111
10,39,19,17,69.04,4.061176470588236
10,39,20,1,4.05,4.05
10,39,21,15,60.07,4.004666666666667
10,39,22,4,15.72,3.93
10,39,23,12,47.04,3.92
10,39,24,20,77.79,3.8895000000000004
10,39,25,1,3.82,3.82
10,39,26,16,60.87,3.804375
10,39,27,13,47.86,3.6815384615384614
10,39,28,10,36.7,3.6700000000000004
10,39,29,8,29.21,3.65125
10,39,30,17,61.56,3.621176470588235
10,39,31,16,55.64,3.4775
10,39,32,5,17.25,3.45
10,39,33,19,65.01,3.4215789473684213
10,39,34,3,9.78,3.26
10,39,35,8,25.99,3.24875
10,39,36,8,25.87,3.23375
10,39,37,1,3.22,3.22
10,39,38,20,63.73,3.1864999999999997
10,39,39,12,38.18,3.1816666666666666
10,39,40,9,28.6,3.177777777777778
10,39,41,18,54.64,3.035555555555556
10,39,42,15,45.15,3.01
10,39,43,2,6.0,3.0
10,39,44,20,59.97,2.9985
10,39,45,10,27.73,2.773
10,39,46,1,2.7,2.7
10,39,47,17,45.51,2.6770588235294115
10,39,48,18,47.23,2.6238888888888887
10,39,49,19,49.42,2.6010526315789475
10,39,50,2,5.18,2.59
10,39,51,1,2.41,2.41
10,39,52,14,32.66,2.3328571428571427
10,39,53,19,43.65,2.2973684210526315
10,39,54,7,16.05,2.292857142857143
10,39,55,3,6.65,2.216666666666667
10,39,56,11,23.98,2.18
10,39,57,8,17.39,2.17375
10,39,58,7,15.2,2.1714285714285713
10,39,59,6,11.93,1.9883333333333333
10,39,60,4,7.94,1.985
10,39,61,16,31.26,1.95375
10,39,62,4,7.64,1.91
10,39,63,1,1.85,1.85
10,39,64,6,10.99,1.8316666666666668
10,39,65,20,36.47,1.8235
10,39,66,19,33.82,1.78
10,39,67,12,21.06,1.755
10,39,68,14,24.38,1.7414285714285713
10,39,69,12,20.83,1.7358333333333331
10,39,70,15,25.01,1.6673333333333333
10,39,71,9,14.63,1.6255555555555556
10,39,72,18,27.78,1.5433333333333334
10,39,73,17,24.71,1.453529411764706
10,39,74,7,9.86,1.4085714285714286
10,39,75,15,21.02,1.4013333333333333
10,39,76,19,25.69,1.3521052631578947
10,39,77,11,14.34,1.3036363636363637
10,39,78,10,13.0,1.3
10,39,79,10,12.96,1.296
10,39,80,14,17.56,1.2542857142857142
10,39,81,13,16.28,1.2523076923076923
10,39,82,3,3.74,1.2466666666666668
10,39,83,1,1.22,1.22
10,39,84,10,11.35,1.135
10,39,85,11,12.13,1.1027272727272728
10,39,86,4,4.36,1.09
10,39,87,18,19.27,1.0705555555555555
10,39,88,4,4.28,1.07
10,39,89,11,11.52,1.0472727272727271
10,39,90,9,9.17,1.018888888888889
10,39,91,4,3.94,0.985
10,39,92,15,13.55,0.9033333333333334
10,39,93,18,15.14,0.8411111111111111
10,39,94,11,8.34,0.7581818181818182
10,39,95,19,14.27,0.7510526315789473
10,39,96,13,8.35,0.6423076923076922
10,39,97,3,1.69,0.5633333333333334
10,39,98,5,2.19,0.438
10,39,99,12,2.6,0.21666666666666667
10,46,0,19,26.74,1.4073684210526316
10,46,1,3,4.22,1.4066666666666665
10,46,2,7,9.76,1.3942857142857144
10,46,3,16,21.55,1.346875
10,46,4,16,21.46,1.34125
10,46,5,16,20.83,1.301875
10,46,6,1,1.3,1.3
10,46,7,13,16.9,1.2999999999999998
10,46,8,14,18.12,1.2942857142857143
10,46,9,1,1.28,1.28
10,46,10,16,20.16,1.26
10,46,11,9,11.28,1.2533333333333332
10,46,12,12,15.02,1.2516666666666667
10,46,13,16,19.5,1.21875
10,46,14,20,24.27,1.2135
10,46,15,12,14.56,1.2133333333333334
10,46,16,10,12.11,1.2109999999999999
10,46,17,11,12.74,1.1581818181818182
10,46,18,14,16.07,1.147857142857143
10,46,19,19,21.74,1.1442105263157893
10,46,20,4,4.5,1.125
10,46,21,1,1.11,1.11
10,46,22,16,17.61,1.100625
10,46,23,2,2.18,1.09
10,46,24,13,13.93,1.0715384615384616
10,46,25,8,8.49,1.06125
10,46,26,15,15.51,1.034
10,46,27,8,7.97,0.99625
10,46,28,2,1.97,0.985
10,46,29,11,10.79,0.9809090909090908
10,46,30,10,9.71,0.9710000000000001
10,46,31,8,7.58,0.9475
10,46,32,5,4.67,0.9339999999999999
10,46,33,6,5.52,0.9199999999999999
10,46,34,19,17.3,0.9105263157894737
10,46,35,14,12.63,0.9021428571428572
10,46,36,12,10.67,0.8891666666666667
10,46,37,20,17.62,0.881
10,46,38,16,13.92,0.87
10,46,39,12,10.05,0.8375
10,46,40,20,16.32,0.8160000000000001
10,46,41,6,4.78,0.7966666666666667
10,46,42,4,3.18,0.795
10,46,43,14,11.13,0.795
10,46,44,2,1.56,0.78
10,46,45,18,13.53,0.7516666666666666
10,46,46,10,7.47,0.747
10,46,47,18,13.17,0.7316666666666667
10,46,48,6,4.38,0.73
10,46,49,1,0.72,0.72
10,46,50,20,14.06,0.7030000000000001
10,46,51,7,4.89,0.6985714285714285
10,46,52,5,3.42,0.6839999999999999
10,46,53,18,11.75,0.6527777777777778
10,46,54,8,5.2,0.65
10,46,55,4,2.48,0.62
10,46,56,11,6.78,0.6163636363636363
10,46,57,11,6.58,0.5981818181818181
10,46,58,10,5.92,0.592
10,46,59,16,9.23,0.576875
10,46,60,20,10.86,0.5429999999999999
10,46,61,16,8.68,0.5425
10,46,62,17,8.76,0.5152941176470588
10,46,63,1,0.47,0.47
10,46,64,1,0.46,0.46
10,46,65,4,1.8,0.45
10,46,66,12,5.37,0.4475
10,46,67,16,7.1,0.44375
10,46,68,8,3.38,0.4225
10,46,69,5,2.02,0.404
10,46,70,18,7.21,0.40055555555555555
10,46,71,1,0.4,0.4
10,46,72,1,0.4,0.4
10,46,73,5,1.83,0.366
10,46,74,4,1.46,0.365
10,46,75,17,6.15,0.361764705882353
10,46,76,9,3.19,0.35444444444444445
10,46,77,11,3.85,0.35000000000000003
10,46,78,4,1.29,0.3225
10,46,79,1,0.32,0.32
10,46,80,2,0.57,0.285
10,46,81,10,2.59,0.259
10,46,82,16,3.76,0.235
10,46,83,12,2.59,0.21583333333333332
10,46,84,16,3.45,0.215625
10,46,85,3,0.58,0.19333333333333333
10,46,86,10,1.73,0.173
10,46,87,2,0.34,0.17
10,46,88,10,1.7,0.16999999999999998
10,46,89,10,1.58,0.158
10,46,90,20,3.15,0.1575
10,46,91,8,1.25,0.15625
10,46,92,9,1.36,0.1511111111111111
10,46,93,12,1.41,0.1175
10,46,94,16,1.87,0.116875
10,46,95,4,0.46,0.115
10,46,96,12,1.33,0.11083333333333334
10,46,97,6,0.6,0.09999999999999999
10,46,98,3,0.28,0.09333333333333334
10,46,99,14,1.15,0.08214285714285714
10,77,0,6,37.5,6.25
10,77,1,8,49.49,6.18625
10,77,2,2,11.91,5.955
10,77,3,13,76.92,5.916923076923077
10,77,4,2,11.69,5.845
10,77,5,10,58.06,5.806
10,77,6,3,17.41,5.803333333333334
10,77,7,6,34.56,5.760000000000001
10,77,8,1,5.76,5.76
10,77,9,13,73.18,5.6292307692307695
10,77,10,15,84.2,5.613333333333333
10,77,11,13,71.96,5.535384615384615
10,77,12,20,109.93,5.4965
10,77,13,3,16.32,5.44
10,77,14,14,76.05,5.432142857142857
10,77,15,16,84.68,5.2925
10,77,16,17,87.23,5.131176470588236
10,77,17,1,5.09,5.09
10,77,18,7,34.63,4.9471428571428575
10,77,19,1,4.87,4.87
10,77,20,1,4.77,4.77
10,77,21,9,42.75,4.75
10,77,22,3,14.06,4.6866666666666665
10,77,23,1,4.57,4.57
10,77,24,12,53.87,4.489166666666667
10,77,25,20,88.15,4.407500000000001
10,77,26,19,77.39,4.073157894736842
10,77,27,14,56.84,4.0600000000000005
10,77,28,19,76.82,4.043157894736842
10,77,29,13,52.55,4.042307692307692
10,77,30,11,42.77,3.8881818181818186
10,77,31,12,46.5,3.875
10,77,32,15,57.66,3.844
10,77,33,9,34.15,3.7944444444444443
10,77,34,4,15.09,3.7725
10,77,35,12,44.05,3.670833333333333
10,77,36,3,10.76,3.5866666666666664
10,77,37,18,64.35,3.5749999999999997
10,77,38,1,3.57,3.57
10,77,39,12,41.64,3.47
10,77,40,7,24.18,3.454285714285714
10,77,41,2,6.85,3.425
10,77,42,15,50.98,3.3986666666666663
10,77,43,17,56.77,3.3394117647058827
10,77,44,15,49.73,3.3153333333333332
10,77,45,18,57.09,3.171666666666667
10,77,46,16,50.26,3.14125
10,77,47,17,53.33,3.1370588235294115
10,77,48,8,24.77,3.09625
10,77,49,9,27.2,3.022222222222222
10,77,50,7,21.15,3.0214285714285714
10,77,51,4,11.74,2.935
10,77,52,10,28.99,2.899
10,77,53,14,39.77,2.8407142857142857
10,77,54,15,42.48,2.832
10,77,55,16,45.03,2.814375
10,77,56,11,27.5,2.5
10,77,57,18,44.5,2.4722222222222223
10,77,58,20,48.36,2.418
10,77,59,4,9.34,2.335
10,77,60,11,23.86,2.169090909090909
10,77,61,10,20.85,2.085
10,77,62,4,8.01,2.0025
10,77,63,4,7.66,1.915
10,77,64,18,34.03,1.8905555555555555
10,77,65,9,15.94,1.771111111111111
10,77,66,3,5.22,1.74
10,77,67,8,13.56,1.695
10,77,68,19,32.12,1.6905263157894737
10,77,69,9,13.71,1.5233333333333334
10,77,70,1,1.44,1.44
10,77,71,14,20.1,1.4357142857142857
10,77,72,15,21.0,1.4
10,77,73,13,17.41,1.3392307692307692
10,77,74,11,14.3,1.3
10,77,75,18,23.17,1.2872222222222223
10,77,76,9,10.89,1.21
10,77,77,7,8.17,1.167142857142857
10,77,78,11,12.17,1.1063636363636364
10,77,79,3,3.31,1.1033333333333333
10,77,80,13,13.85,1.0653846153846154
10,77,81,6,6.3,1.05
10,77,82,18,18.54,1.03
10,77,83,18,16.09,0.8938888888888888
10,77,84,10,8.92,0.892
10,77,85,16,14.25,0.890625
10,77,86,13,10.69,0.8223076923076923
10,77,87,5,4.09,0.818
10,77,88,7,5.44,0.7771428571428572
10,77,89,16,10.95,0.684375
10,77,90,6,3.91,0.6516666666666667
10,77,91,17,10.85,0.638235294117647
10,77,92,18,11.29,0.6272222222222221
10,77,93,10,5.57,0.557
10,77,94,9,3.88,0.4311111111111111
10,77,95,3,1.12,0.37333333333333335
10,77,96,16,5.71,0.356875
10,77,97,17,5.92,0.34823529411764703
10,77,98,10,3.46,0.346
10,77,99,1,0.34,0.34
10,85,0,10,84.22,8.422
10,85,1,20,167.07,8.3535
10,85,2,13,107.72,8.286153846153846
10,85,3,10,82.04,8.204
10,85,4,3,24.5,8.166666666666666
10,85,5,12,97.53,8.1275
10,85,6,18,144.57,8.031666666666666
10,85,7,5,39.46,7.892
10,85,8,17,132.38,7.787058823529412
10,85,9,19,144.88,7.625263157894737
10,85,10,11,82.35,7.486363636363635
10,85,11,3,22.24,7.413333333333333
10,85,12,11,79.12,7.192727272727273
10,85,13,20,143.37,7.1685
10,85,14,2,14.25,7.125
10,85,15,11,77.3,7.027272727272727
10,85,16,13,91.31,7.023846153846154
10,85,17,17,118.34,6.961176470588235
10,85,18,16,110.83,6.926875
10,85,19,20,137.7,6.885
10,85,20,4,27.29,6.8225
10,85,21,17,115.88,6.816470588235294
10,85,22,5,31.6,6.32
10,85,23,7,43.89,6.2700000000000005
10,85,24,14,87.19,6.227857142857142
10,85,25,14,86.07,6.147857142857142
10,85,26,10,61.09,6.109
10,85,27,12,72.7,6.058333333333334
10,85,28,8,47.16,5.895
10,85,29,18,106.1,5.894444444444444
10,85,30,9,51.45,5.716666666666667
10,85,31,8,45.54,5.6925
10,85,32,6,33.57,5.595
10,85,33,12,66.72,5.56
10,85,34,3,16.47,5.489999999999999
10,85,35,4,21.71,5.4275
10,85,36,9,48.32,5.368888888888889
10,85,37,3,16.05,5.3500000000000005
10,85,38,16,85.44,5.34
10,85,39,17,90.61,5.33
10,85,40,6,31.42,5.236666666666667
10,85,41,13,67.08,5.16
10,85,42,7,36.09,5.155714285714287
10,85,43,20,102.75,5.1375
10,85,44,2,10.16,5.08
10,85,45,20,101.57,5.0785
10,85,46,8,40.42,5.0525
10,85,47,15,75.29,5.019333333333334
10,85,48,16,79.42,4.96375
10,85,49,8,37.86,4.7325
10,85,50,17,77.99,4.587647058823529
10,85,51,13,59.32,4.563076923076923
10,85,52,20,89.8,4.49
10,85,53,19,81.1,4.268421052631578
10,85,54,12,50.96,4.246666666666667
10,85,55,4,16.69,4.1725
10,85,56,13,53.82,4.14
10,85,57,3,12.41,4.136666666666667
10,85,58,13,52.61,4.046923076923077
10,85,59,7,27.89,3.9842857142857144
10,85,60,12,47.77,3.9808333333333334
10,85,61,10,38.87,3.8869999999999996
10,85,62,12,44.8,3.733333333333333
10,85,63,2,7.2,3.6
10,85,64,14,48.98,3.498571428571428
10,85,65,16,55.33,3.458125
10,85,66,17,55.43,3.260588235294118
10,85,67,17,54.28,3.192941176470588
10,85,68,17,53.59,3.1523529411764706
10,85,69,11,34.08,3.098181818181818
10,85,70,15,42.32,2.8213333333333335
10,85,71,9,22.47,2.4966666666666666
10,85,72,15,37.4,2.493333333333333
10,85,73,10,24.89,2.489
10,85,74,5,11.74,2.348
10,85,75,1,2.29,2.29
10,85,76,12,26.97,2.2475
10,85,77,4,8.52,2.13
10,85,78,12,25.46,2.1216666666666666
10,85,79,2,3.73,1.865
10,85,80,6,9.91,1.6516666666666666
10,85,81,1,1.64,1.64
10,85,82,8,12.36,1.545
10,85,83,16,23.57,1.473125
10,85,84,4,5.82,1.455
10,85,85,10,14.46,1.4460000000000002
10,85,86,12,17.04,1.42
10,85,87,7,8.59,1.227142857142857
10,85,88,7,7.86,1.122857142857143
10,85,89,18,19.92,1.1066666666666667
10,85,90,13,14.17,1.09
10,85,91,9,9.51,1.0566666666666666
10,85,92,15,13.87,0.9246666666666666
10,85,93,18,15.19,0.8438888888888889
10,85,94,17,12.97,0.7629411764705882
10,85,95,20,14.96,0.748
10,85,96,6,2.69,0.4483333333333333
10,85,97,8,3.45,0.43125
10,85,98,9,3.49,0.3877777777777778
10,85,99,10,3.51,0.351
10,94,0,18,39.87,2.215
10,94,1,4,8.75,2.1875
10,94,2,15,32.28,2.152
10,94,3,17,36.24,2.131764705882353
10,94,4,12,25.57,2.1308333333333334
10,94,5,20,42.11,2.1055
10,94,6,20,40.99,2.0495
10,94,7,16,32.49,2.030625
10,94,8,12,24.26,2.021666666666667
10,94,9,4,8.07,2.0175
10,94,10,7,14.07,2.0100000000000002
10,94,11,3,5.91,1.97
10,94,12,16,31.08,1.9425
10,94,13,3,5.76,1.92
10,94,14,4,7.61,1.9025
10,94,15,12,22.78,1.8983333333333334
10,94,16,4,7.57,1.8925
10,94,17,16,30.04,1.8775
10,94,18,14,25.72,1.837142857142857
10,94,19,10,18.23,1.823
10,94,20,4,7.21,1.8025
10,94,21,8,14.34,1.7925
10,94,22,9,15.81,1.7566666666666668
10,94,23,6,10.15,1.6916666666666667
10,94,24,16,27.0,1.6875
10,94,25,3,4.94,1.6466666666666667
10,94,26,15,24.39,1.6260000000000001
10,94,27,18,29.16,1.62
10,94,28,8,12.94,1.6175
10,94,29,15,23.75,1.5833333333333333
10,94,30,16,25.25,1.578125
10,94,31,15,23.61,1.574
10,94,32,18,27.97,1.5538888888888889
10,94,33,3,4.65,1.55
10,94,34,2,3.09,1.545
10,94,35,18,27.2,1.511111111111111
10,94,36,18,26.59,1.4772222222222222
10,94,37,13,18.86,1.4507692307692308
10,94,38,13,18.79,1.4453846153846153
10,94,39,20,28.45,1.4224999999999999
10,94,40,7,9.95,1.4214285714285713
10,94,41,9,12.68,1.4088888888888889
10,94,42,13,18.03,1.386923076923077
10,94,43,19,26.19,1.378421052631579
10,94,44,4,5.47,1.3675
10,94,45,11,14.99,1.3627272727272728
10,94,46,20,26.46,1.323
10,94,47,15,19.56,1.3039999999999998
10,94,48,8,10.33,1.29125
10,94,49,3,3.86,1.2866666666666666
10,94,50,13,15.87,1.2207692307692306
10,94,51,18,20.44,1.1355555555555557
10,94,52,18,20.4,1.1333333333333333
10,94,53,1,1.12,1.12
10,94,54,1,1.01,1.01
10,94,55,18,17.41,0.9672222222222222
10,94,56,3,2.79,0.93
10,94,57,7,6.51,0.9299999999999999
10,94,58,15,13.61,0.9073333333333333
10,94,59,4,3.52,0.88
10,94,60,19,16.13,0.8489473684210526
10,94,61,15,12.7,0.8466666666666666
10,94,62,14,11.29,0.8064285714285714
10,94,63,16,12.67,0.791875
10,94,64,14,10.96,0.7828571428571429
10,94,65,8,6.24,0.78
10,94,66,4,3.03,0.7575
10,94,67,5,3.77,0.754
10,94,68,7,5.2,0.7428571428571429
10,94,69,16,11.4,0.7125
10,94,70,19,13.11,0.69
10,94,71,8,5.32,0.665
10,94,72,15,9.76,0.6506666666666666
10,94,73,10,6.31,0.631
10,94,74,15,9.39,0.626
10,94,75,14,7.94,0.5671428571428572
10,94,76,18,10.09,0.5605555555555556
10,94,77,3,1.63,0.5433333333333333
10,94,78,13,7.0,0.5384615384615384
10,94,79,2,1.01,0.505
10,94,80,1,0.5,0.5
10,94,81,15,6.98,0.4653333333333334
10,94,82,16,7.36,0.46
10,94,83,1,0.45,0.45
10,94,84,12,5.21,0.43416666666666665
10,94,85,14,5.78,0.41285714285714287
10,94,86,7,2.25,0.32142857142857145
10,94,87,16,4.59,0.286875
10,94,88,19,5.07,0.26684210526315794
10,94,89,18,4.54,0.25222222222222224
10,94,90,10,1.96,0.196
10,94,91,15,2.91,0.194
10,94,92,4,0.77,0.1925
10,94,93,15,2.8,0.18666666666666665
10,94,94,4,0.73,0.1825
10,94,95,6,1.02,0.17
10,94,96,4,0.63,0.1575
10,94,97,3,0.42,0.13999999999999999
10,94,98,15,1.71,0.114
10,94,99,13,1.37,0.1053846153846154
11,7,0,4,46.45,11.6125
11,7,1,13,148.37,11.413076923076924
11,7,2,18,201.98,11.22111111111111
11,7,3,17,189.8,11.164705882352942
11,7,4,7,76.64,10.948571428571428
11,7,5,5,53.89,10.778
11,7,6,9,96.52,10.724444444444444
11,7,7,16,168.44,10.5275
11,7,8,5,52.54,10.508
11,7,9,3,31.52,10.506666666666666
11,7,10,11,114.81,10.437272727272727
11,7,11,16,163.22,10.20125
11,7,12,8,79.82,9.9775
11,7,13,20,196.76,9.838
11,7,14,16,156.95,9.809375
11,7,15,3,29.23,9.743333333333334
11,7,16,18,172.47,9.581666666666667
11,7,17,4,38.08,9.52
11,7,18,6,57.01,9.501666666666667
11,7,19,2,18.42,9.21
11,7,20,10,91.95,9.195
11,7,21,10,90.73,9.073
11,7,22,2,17.8,8.9
11,7,23,2,17.65,8.825
11,7,24,7,61.31,8.758571428571429
11,7,25,15,129.79,8.652666666666667
11,7,26,13,111.23,8.556153846153846
11,7,27,17,144.94,8.525882352941176
11,7,28,9,76.56,8.506666666666668
11,7,29,3,25.33,8.443333333333333
11,7,30,6,50.59,8.431666666666667
11,7,31,3,25.02,8.34
11,7,32,12,99.97,8.330833333333333
11,7,33,1,8.32,8.32
11,7,34,17,138.66,8.156470588235294
11,7,35,12,96.74,8.061666666666666
11,7,36,11,88.13,8.011818181818182
11,7,37,13,103.7,7.976923076923077
11,7,38,18,142.76,7.931111111111111
11,7,39,14,110.68,7.905714285714287
11,7,40,8,63.06,7.8825
11,7,41,9,70.76,7.862222222222223
11,7,42,13,100.46,7.727692307692307
11,7,43,14,106.61,7.615
11,7,44,12,86.61,7.2175
11,7,45,12,85.46,7.121666666666666
11,7,46,11,74.73,6.793636363636364
11,7,47,5,32.31,6.462000000000001
11,7,48,10,60.31,6.031000000000001
11,7,49,15,89.67,5.978
11,7,50,14,78.85,5.632142857142857
11,7,51,18,99.52,5.528888888888889
11,7,52,16,88.06,5.50375
11,7,53,18,97.6,5.422222222222222
11,7,54,9,47.16,5.239999999999999
11,7,55,18,92.77,5.153888888888889
11,7,56,3,15.24,5.08
11,7,57,8,40.31,5.03875
11,7,58,2,9.99,4.995
11,7,59,4,19.6,4.9
11,7,60,4,19.17,4.7925
11,7,61,7,33.26,4.751428571428571
11,7,62,11,50.57,4.597272727272728
11,7,63,6,27.2,4.533333333333333
11,7,64,11,48.23,4.384545454545454
11,7,65,20,87.08,4.354
11,7,66,2,8.47,4.235
11,7,67,19,78.1,4.110526315789474
11,7,68,10,40.8,4.08
11,7,69,16,63.0,3.9375
11,7,70,12,46.64,3.8866666666666667
11,7,71,3,11.58,3.86
11,7,72,2,7.57,3.785
11,7,73,10,37.66,3.7659999999999996
11,7,74,2,7.53,3.765
11,7,75,8,29.49,3.68625
11,7,76,19,63.17,3.3247368421052634
11,7,77,9,26.81,2.9788888888888887
11,7,78,6,17.78,2.9633333333333334
11,7,79,12,33.65,2.8041666666666667
11,7,80,16,44.86,2.80375
11,7,81,1,2.39,2.39
11,7,82,10,20.21,2.021
11,7,83,16,29.42,1.83875
11,7,84,12,20.77,1.7308333333333332
11,7,85,19,32.47,1.7089473684210525
11,7,86,3,4.54,1.5133333333333334
11,7,87,2,2.47,1.235
11,7,88,11,12.77,1.160909090909091
11,7,89,14,15.95,1.1392857142857142
11,7,90,2,1.96,0.98
11,7,91,3,2.62,0.8733333333333334
11,7,92,12,9.77,0.8141666666666666
11,7,93,16,12.36,0.7725
11,7,94,5,3.61,0.722
11,7,95,12,6.96,0.58
11,7,96,11,5.64,0.5127272727272727
11,7,97,4,1.99,0.4975
11,7,98,4,1.93,0.4825
11,7,99,5,2.39,0.47800000000000004
11,10,0,18,117.29,6.516111111111112
11,10,1,5,32.53,6.506
11,10,2,9,58.49,6.498888888888889
11,10,3,5,32.42,6.484
11,10,4,8,51.76,6.47
11,10,5,12,77.33,6.444166666666667
11,10,6,9,57.98,6.442222222222222
11,10,7,7,44.97,6.424285714285714
11,10,8,15,95.41,6.360666666666666
11,10,9,16,99.98,6.24875
11,10,10,18,111.68,6.204444444444444
11,10,11,9,55.82,6.202222222222222
11,10,12,8,49.6,6.2
11,10,13,3,18.52,6.173333333333333
11,10,14,7,42.79,6.112857142857143
11,10,15,13,77.89,5.991538461538462
11,10,16,13,77.85,5.988461538461538
11,10,17,4,23.38,5.845
11,10,18,20,116.6,5.83
11,10,19,4,23.12,5.78
11,10,20,7,40.1,5.728571428571429
11,10,21,10,56.82,5.682
11,10,22,18,101.15,5.6194444444444445
11,10,23,3,16.39,5.463333333333334
11,10,24,8,41.73,5.21625
11,10,25,12,61.88,5.156666666666667
11,10,26,5,25.42,5.0840000000000005
11,10,27,3,15.18,5.06
11,10,28,17,85.91,5.053529411764706
11,10,29,9,45.48,5.053333333333333
11,10,30,20,100.62,5.031000000000001
11,10,31,16,78.85,4.928125
11,10,32,3,14.49,4.83
11,10,33,6,28.9,4.816666666666666
11,10,34,18,86.32,4.795555555555556
11,10,35,13,62.05,4.773076923076923
11,10,36,12,54.8,4.566666666666666
11,10,37,13,59.07,4.543846153846154
11,10,38,7,31.28,4.468571428571429
11,10,39,17,74.38,4.375294117647059
11,10,40,4,17.43,4.3575
11,10,41,10,43.48,4.348
11,10,42,19,80.62,4.243157894736842
11,10,43,10,41.61,4.161
11,10,44,4,16.63,4.1575
11,10,45,10,40.39,4.039
11,10,46,16,63.56,3.9725
11,10,47,18,67.01,3.722777777777778
11,10,48,19,70.45,3.7078947368421056
11,10,49,10,37.05,3.7049999999999996
11,10,50,4,14.38,3.595
11,10,51,13,46.16,3.5507692307692307
11,10,52,4,14.1,3.525
11,10,53,1,3.47,3.47
11,10,54,9,30.86,3.428888888888889
11,10,55,10,34.08,3.408
11,10,56,8,27.2,3.4
11,10,57,11,37.14,3.3763636363636365
11,10,58,18,60.64,3.368888888888889
11,10,59,9,29.64,3.2933333333333334
11,10,60,14,45.87,3.2764285714285712
11,10,61,7,22.39,3.198571428571429
11,10,62,20,62.84,3.1420000000000003
11,10,63,20,59.92,2.996
11,10,64,12,35.86,2.9883333333333333
11,10,65,20,58.78,2.939
11,10,66,13,36.43,2.8023076923076924
11,10,67,11,30.69,2.79
11,10,68,17,47.35,2.7852941176470587
11,10,69,9,22.25,2.4722222222222223
11,10,70,4,9.51,2.3775
11,10,71,5,11.43,2.286
11,10,72,4,8.78,2.195
11,10,73,11,24.04,2.1854545454545455
11,10,74,11,23.21,2.11
11,10,75,7,14.18,2.025714285714286
11,10,76,2,3.98,1.99
11,10,77,16,28.47,1.779375
11,10,78,7,11.85,1.6928571428571428
11,10,79,12,19.24,1.6033333333333333
11,10,80,14,21.4,1.5285714285714285
11,10,81,19,24.61,1.295263157894737
11,10,82,5,6.28,1.256
11,10,83,7,8.67,1.2385714285714287
11,10,84,16,18.96,1.185
11,10,85,1,1.17,1.17
11,10,86,11,12.69,1.1536363636363636
11,10,87,17,16.69,0.981764705882353
11,10,88,19,17.54,0.9231578947368421
11,10,89,1,0.9,0.9
11,10,90,9,7.77,0.8633333333333333
11,10,91,14,11.97,0.8550000000000001
11,10,92,11,8.92,0.8109090909090909
11,10,93,12,8.82,0.735
11,10,94,9,5.89,0.6544444444444444
11,10,95,14,8.85,0.6321428571428571
11,10,96,14,6.14,0.43857142857142856
11,10,97,8,2.79,0.34875
11,10,98,17,5.35,0.31470588235294117
11,10,99,20,5.99,0.2995
11,21,0,8,20.11,2.51375
11,21,1,20,49.99,2.4995000000000003
11,21,2,5,12.46,2.492
11,21,3,2,4.95,2.475
11,21,4,20,47.45,2.3725
11,21,5,6,14.15,2.3583333333333334
11,21,6,12,28.18,2.348333333333333
11,21,7,17,39.42,2.3188235294117647
11,21,8,14,31.94,2.2814285714285716
11,21,9,2,4.46,2.23
11,21,10,11,24.15,2.1954545454545453
11,21,11,7,15.21,2.172857142857143
11,21,12,3,6.45,2.15
11,21,13,19,39.83,2.096315789473684
11,21,14,7,14.64,2.0914285714285716
11,21,15,9,18.57,2.0633333333333335
11,21,16,2,3.9,1.95
11,21,17,4,7.74,1.935
11,21,18,20,38.57,1.9285
11,21,19,13,24.93,1.9176923076923076
11,21,20,9,17.01,1.8900000000000001
11,21,21,13,24.44,1.8800000000000001
11,21,22,10,18.79,1.879
11,21,23,8,14.72,1.84
11,21,24,2,3.62,1.81
11,21,25,1,1.8,1.8
11,21,26,12,21.05,1.7541666666666667
11,21,27,19,32.96,1.7347368421052631
11,21,28,17,28.42,1.671764705882353
11,21,29,11,18.38,1.670909090909091
11,21,30,19,30.5,1.605263157894737
11,21,31,18,28.68,1.5933333333333333
11,21,32,13,20.53,1.5792307692307692
11,21,33,1,1.56,1.56
11,21,34,14,20.86,1.49
11,21,35,7,9.91,1.4157142857142857
11,21,36,13,18.14,1.3953846153846154
11,21,37,12,16.48,1.3733333333333333
11,21,38,13,16.98,1.3061538461538462
11,21,39,16,20.84,1.3025
11,21,40,8,10.41,1.30125
11,21,41,1,1.29,1.29
11,21,42,20,24.09,1.2045
11,21,43,1,1.17,1.17
11,21,44,19,22.04,1.16
11,21,45,10,11.57,1.157
11,21,46,16,18.07,1.129375
11,21,47,13,14.5,1.1153846153846154
11,21,48,13,14.4,1.1076923076923078
11,21,49,17,18.48,1.0870588235294119
11,21,50,10,10.79,1.079
11,21,51,5,5.35,1.0699999999999998
11,21,52,20,20.93,1.0465
11,21,53,14,14.38,1.0271428571428571
11,21,54,6,6.0,1.0
11,21,55,20,19.88,0.994
11,21,56,16,15.07,0.941875
11,21,57,13,12.23,0.9407692307692308
11,21,58,8,7.2,0.9
11,21,59,1,0.9,0.9
11,21,60,20,17.65,0.8825
11,21,61,13,10.98,0.8446153846153847
11,21,62,7,5.77,0.8242857142857142
11,21,63,9,7.25,0.8055555555555556
11,21,64,14,11.16,0.7971428571428572
11,21,65,19,15.02,0.7905263157894736
11,21,66,10,7.71,0.771
11,21,67,1,0.74,0.74
11,21,68,18,13.12,0.7288888888888888
11,21,69,15,10.88,0.7253333333333334
11,21,70,14,8.87,0.6335714285714286
11,21,71,9,5.33,0.5922222222222222
11,21,72,20,11.77,0.5885
11,21,73,3,1.74,0.58
11,21,74,4,2.2,0.55
11,21,75,17,9.04,0.5317647058823529
11,21,76,1,0.53,0.53
11,21,77,12,6.24,0.52
11,21,78,19,9.37,0.4931578947368421
11,21,79,5,2.38,0.476
11,21,80,10,4.68,0.46799999999999997
11,21,81,8,3.43,0.42875
11,21,82,20,8.28,0.414
11,21,83,18,6.94,0.3855555555555556
11,21,84,9,3.21,0.3566666666666667
11,21,85,3,1.02,0.34
11,21,86,5,1.48,0.296
11,21,87,14,4.14,0.2957142857142857
11,21,88,7,2.07,0.2957142857142857
11,21,89,13,3.74,0.2876923076923077
11,21,90,6,1.55,0.25833333333333336
11,21,91,10,2.25,0.225
11,21,92,5,1.11,0.22200000000000003
11,21,93,10,2.17,0.217
11,21,94,2,0.42,0.21
11,21,95,13,2.63,0.2023076923076923
11,21,96,1,0.2,0.2
11,21,97,8,1.52,0.19
11,21,98,13,2.3,0.1769230769230769
11,21,99,7,0.95,0.1357142857142857
11,32,0,18,77.39,4.299444444444444
11,32,1,4,17.01,4.2525
11,32,2,18,72.99,4.055
11,32,3,10,40.23,4.023
11,32,4,15,60.08,4.005333333333334
11,32,5,8,31.62,3.9525
11,32,6,18,70.55,3.9194444444444443
11,32,7,7,26.77,3.8242857142857143
11,32,8,7,26.56,3.794285714285714
11,32,9,17,63.46,3.732941176470588
11,32,10,17,63.43,3.731176470588235
11,32,11,5,18.34,3.668
11,32,12,4,14.62,3.655
11,32,13,2,7.04,3.52
11,32,14,9,31.19,3.4655555555555555
11,32,15,3,10.29,3.4299999999999997
11,32,16,13,44.13,3.394615384615385
11,32,17,1,3.35,3.35
11,32,18,12,39.49,3.2908333333333335
11,32,19,14,45.93,3.2807142857142857
11,32,20,15,48.94,3.2626666666666666
11,32,21,18,58.04,3.2244444444444444
11,32,22,15,47.83,3.1886666666666668
11,32,23,20,63.37,3.1685
11,32,24,4,12.54,3.135
11,32,25,7,21.75,3.107142857142857
11,32,26,15,46.54,3.1026666666666665
11,32,27,10,30.45,3.045
11,32,28,13,39.03,3.0023076923076926
11,32,29,14,41.72,2.98
11,32,30,10,29.29,2.929
11,32,31,19,55.0,2.8947368421052633
11,32,32,10,28.73,2.873
11,32,33,8,22.55,2.81875
11,32,34,19,52.85,2.781578947368421
11,32,35,2,5.44,2.72
11,32,36,18,48.75,2.7083333333333335
11,32,37,14,37.69,2.692142857142857
11,32,38,12,32.3,2.6916666666666664
11,32,39,14,37.46,2.6757142857142857
11,32,40,11,29.09,2.6445454545454545
11,32,41,9,23.66,2.628888888888889
11,32,42,17,44.01,2.5888235294117647
11,32,43,2,5.13,2.565
11,32,44,10,25.6,2.56
11,32,45,17,42.88,2.5223529411764707
11,32,46,18,43.38,2.41
11,32,47,8,18.99,2.37375
11,32,48,20,47.02,2.351
11,32,49,5,11.73,2.346
11,32,50,14,32.78,2.3414285714285716
11,32,51,17,39.41,2.3182352941176467
11,32,52,16,36.93,2.308125
11,32,53,10,22.91,2.291
11,32,54,1,2.25,2.25
11,32,55,18,40.04,2.2244444444444444
11,32,56,7,15.55,2.2214285714285715
11,32,57,14,30.44,2.1742857142857144
11,32,58,4,8.66,2.165
11,32,59,4,8.56,2.14
11,32,60,17,35.83,2.107647058823529
11,32,61,12,25.17,2.0975
11,32,62,15,28.25,1.8833333333333333
11,32,63,10,16.5,1.65
11,32,64,15,23.9,1.5933333333333333
11,32,65,10,15.92,1.592
11,32,66,16,25.23,1.576875
11,32,67,3,4.72,1.5733333333333333
11,32,68,20,29.85,1.4925000000000002
11,32,69,12,17.14,1.4283333333333335
11,32,70,15,18.51,1.2340000000000002
11,32,71,7,8.37,1.1957142857142855
11,32,72,20,22.33,1.1164999999999998
11,32,73,15,16.63,1.1086666666666667
11,32,74,15,16.28,1.0853333333333335
11,32,75,3,3.25,1.0833333333333333
11,32,76,5,5.32,1.064
11,32,77,8,7.81,0.97625
11,32,78,7,6.54,0.9342857142857143
11,32,79,14,12.58,0.8985714285714286
11,32,80,15,11.63,0.7753333333333334
11,32,81,10,7.59,0.759
11,32,82,7,5.15,0.7357142857142858
11,32,83,9,6.51,0.7233333333333333
11,32,84,11,7.92,0.72
11,32,85,15,10.6,0.7066666666666667
11,32,86,11,7.7,0.7000000000000001
11,32,87,20,13.52,0.6759999999999999
11,32,88,7,4.72,0.6742857142857143
11,32,89,16,8.98,0.56125
11,32,90,8,4.43,0.55375
11,32,91,18,9.05,0.5027777777777778
11,32,92,16,7.35,0.459375
11,32,93,12,5.31,0.44249999999999995
11,32,94,6,2.64,0.44
11,32,95,16,7.04,0.44
11,32,96,9,2.75,0.3055555555555556
11,32,97,2,0.57,0.285
11,32,98,13,3.52,0.27076923076923076
11,32,99,2,0.51,0.255
11,39,0,7,16.88,2.4114285714285715
11,39,1,18,43.26,2.4033333333333333
11,39,2,11,26.1,2.372727272727273
11,39,3,16,37.6,2.35
11,39,4,12,27.97,2.330833333333333
11,39,5,13,30.0,2.3076923076923075
11,39,6,7,16.12,2.302857142857143
11,39,7,8,18.28,2.285
11,39,8,6,13.63,2.271666666666667
11,39,9,4,9.08,2.27
11,39,10,13,29.32,2.2553846153846155
11,39,11,7,15.67,2.2385714285714284
11,39,12,14,31.28,2.2342857142857144
11,39,13,1,2.18,2.18
11,39,14,3,6.52,2.1733333333333333
11,39,15,19,41.22,2.1694736842105264
11,39,16,12,25.99,2.165833333333333
11,39,17,4,8.62,2.155
11,39,18,8,16.98,2.1225
11,39,19,13,27.45,2.1115384615384616
11,39,20,12,25.1,2.091666666666667
11,39,21,10,20.84,2.084
11,39,22,1,2.04,2.04
11,39,23,1,2.03,2.03
11,39,24,17,33.34,1.9611764705882355
11,39,25,3,5.83,1.9433333333333334
11,39,26,2,3.83,1.915
11,39,27,18,34.37,1.9094444444444443
11,39,28,14,26.51,1.8935714285714287
11,39,29,8,14.86,1.8575
11,39,30,5,9.17,1.834
11,39,31,4,7.32,1.83
11,39,32,9,16.46,1.828888888888889
11,39,33,4,7.27,1.8175
11,39,34,9,16.3,1.8111111111111111
11,39,35,20,36.13,1.8065000000000002
11,39,36,3,5.36,1.7866666666666668
11,39,37,6,10.24,1.7066666666666668
11,39,38,5,8.47,1.6940000000000002
11,39,39,10,16.7,1.67
11,39,40,7,11.6,1.657142857142857
11,39,41,2,3.25,1.625
11,39,42,3,4.87,1.6233333333333333
11,39,43,1,1.62,1.62
11,39,44,4,6.39,1.5975
11,39,45,3,4.56,1.5199999999999998
11,39,46,15,22.07,1.4713333333333334
11,39,47,12,17.49,1.4574999999999998
11,39,48,11,15.65,1.4227272727272728
11,39,49,11,14.89,1.3536363636363637
11,39,50,9,12.17,1.3522222222222222
11,39,51,2,2.55,1.275
11,39,52,6,7.59,1.265
11,39,53,19,23.97,1.261578947368421
11,39,54,20,25.13,1.2565
11,39,55,9,10.89,1.21
11,39,56,5,5.58,1.116
11,39,57,10,11.05,1.105
11,39,58,4,4.37,1.0925
11,39,59,8,8.21,1.02625
11,39,60,11,11.19,1.0172727272727273
11,39,61,16,16.18,1.01125
11,39,62,5,5.03,1.006
11,39,63,14,13.94,0.9957142857142857
11,39,64,19,17.64,0.9284210526315789
11,39,65,13,12.0,0.9230769230769231
11,39,66,3,2.75,0.9166666666666666
11,39,67,2,1.72,0.86
11,39,68,4,3.42,0.855
11,39,69,3,2.51,0.8366666666666666
11,39,70,11,9.1,0.8272727272727273
11,39,71,18,14.7,0.8166666666666667
11,39,72,10,8.13,0.8130000000000001
11,39,73,1,0.81,0.81
11,39,74,9,7.23,0.8033333333333333
11,39,75,18,14.26,0.7922222222222222
11,39,76,16,12.61,0.788125
11,39,77,17,13.27,0.7805882352941176
11,39,78,9,6.93,0.77
11,39,79,10,7.56,0.756
11,39,80,1,0.72,0.72
11,39,81,12,8.59,0.7158333333333333
11,39,82,19,13.15,0.6921052631578948
11,39,83,10,6.84,0.6839999999999999
11,39,84,12,6.91,0.5758333333333333
11,39,85,7,3.98,0.5685714285714286
11,39,86,13,6.37,0.49
11,39,87,18,8.06,0.44777777777777783
11,39,88,3,1.33,0.44333333333333336
11,39,89,3,1.29,0.43
11,39,90,15,6.11,0.4073333333333334
11,39,91,11,4.01,0.3645454545454545
11,39,92,1,0.33,0.33
11,39,93,14,4.41,0.315
11,39,94,5,1.43,0.286
11,39,95,12,3.1,0.25833333333333336
11,39,96,12,2.89,0.24083333333333334
11,39,97,2,0.43,0.215
11,39,98,20,3.75,0.1875
11,39,99,15,2.73,0.182
11,46,0,14,71.31,5.093571428571429
11,46,1,7,35.6,5.085714285714286
11,46,2,11,55.72,5.065454545454545
11,46,3,5,25.17,5.034000000000001
11,46,4,10,50.3,5.029999999999999
11,46,5,12,59.43,4.9525
11,46,6,17,83.39,4.905294117647059
11,46,7,5,24.02,4.804
11,46,8,3,14.35,4.783333333333333
11,46,9,15,71.53,4.768666666666666
11,46,10,6,28.37,4.7283333333333335
11,46,11,13,61.46,4.727692307692307
11,46,12,15,70.9,4.7266666666666675
11,46,13,14,65.69,4.692142857142857
11,46,14,4,18.65,4.6625
11,46,15,17,78.69,4.628823529411765
11,46,16,3,13.83,4.61
11,46,17,2,9.2,4.6
11,46,18,3,13.75,4.583333333333333
11,46,19,14,63.33,4.523571428571429
11,46,20,2,8.92,4.46
11,46,21,9,40.03,4.447777777777778
11,46,22,1,4.37,4.37
11,46,23,3,12.99,4.33
11,46,24,2,8.49,4.245
11,46,25,6,25.0,4.166666666666667
11,46,26,4,16.57,4.1425
11,46,27,4,16.32,4.08
11,46,28,1,4.03,4.03
11,46,29,16,60.73,3.795625
11,46,30,16,60.25,3.765625
11,46,31,11,40.82,3.710909090909091
11,46,32,1,3.6,3.6
11,46,33,8,28.55,3.56875
11,46,34,10,35.11,3.511
11,46,35,15,51.74,3.4493333333333336
11,46,36,20,68.5,3.425
11,46,37,9,30.8,3.4222222222222225
11,46,38,17,58.04,3.4141176470588235
11,46,39,16,54.47,3.404375
11,46,40,20,67.74,3.3869999999999996
11,46,41,4,13.48,3.37
11,46,42,13,43.27,3.328461538461539
11,46,43,14,45.52,3.251428571428572
11,46,44,4,12.79,3.1975
11,46,45,20,63.71,3.1855
11,46,46,16,48.5,3.03125
11,46,47,9,27.08,3.0088888888888885
11,46,48,19,56.44,2.9705263157894737
11,46,49,10,27.42,2.742
11,46,50,10,27.38,2.738
11,46,51,8,21.55,2.69375
11,46,52,16,41.59,2.599375
11,46,53,3,7.57,2.5233333333333334
11,46,54,16,38.67,2.416875
11,46,55,20,47.66,2.383
11,46,56,11,26.2,2.381818181818182
11,46,57,2,4.57,2.285
11,46,58,20,43.59,2.1795
11,46,59,10,21.09,2.109
11,46,60,10,20.93,2.093
11,46,61,7,14.39,2.0557142857142856
11,46,62,6,11.07,1.845
11,46,63,5,8.31,1.6620000000000001
11,46,64,16,26.22,1.63875
11,46,65,7,11.45,1.6357142857142857
11,46,66,13,21.21,1.6315384615384616
11,46,67,2,3.22,1.61
11,46,68,18,27.76,1.5422222222222224
11,46,69,3,4.44,1.4800000000000002
11,46,70,15,21.36,1.424
11,46,71,6,8.12,1.3533333333333333
11,46,72,16,21.15,1.321875
11,46,73,2,2.47,1.235
11,46,74,10,12.2,1.22
11,46,75,4,4.66,1.165
11,46,76,12,13.01,1.0841666666666667
11,46,77,13,13.12,1.0092307692307692
11,46,78,2,1.95,0.975
11,46,79,12,10.76,0.8966666666666666
11,46,80,18,15.99,0.8883333333333333
11,46,81,12,9.95,0.8291666666666666
11,46,82,11,8.71,0.7918181818181819
11,46,83,9,6.74,0.7488888888888889
11,46,84,8,5.89,0.73625
11,46,85,11,7.89,0.7172727272727273
11,46,86,10,5.35,0.5349999999999999
11,46,87,3,1.57,0.5233333333333333
11,46,88,9,4.49,0.49888888888888894
11,46,89,11,5.37,0.4881818181818182
11,46,90,16,7.23,0.451875
11,46,91,16,6.3,0.39375
11,46,92,12,4.72,0.3933333333333333
11,46,93,7,2.51,0.35857142857142854
11,46,94,12,4.18,0.34833333333333333
11,46,95,16,5.01,0.313125
11,46,96,10,3.03,0.303
11,46,97,20,4.95,0.2475
11,46,98,5,1.1,0.22000000000000003
11,46,99,9,1.95,0.21666666666666667
11,77,0,4,2.13,0.5325
11,77,1,8,4.25,0.53125
11,77,2,1,0.53,0.53
11,77,3,2,1.06,0.53
11,77,4,13,6.81,0.5238461538461539
11,77,5,15,7.84,0.5226666666666666
11,77,6,17,8.81,0.5182352941176471
11,77,7,15,7.77,0.518
11,77,8,6,3.03,0.505
11,77,9,3,1.49,0.49666666666666665
11,77,10,12,5.82,0.48500000000000004
11,77,11,20,9.67,0.4835
11,77,12,7,3.33,0.4757142857142857
11,77,13,12,5.7,0.47500000000000003
11,77,14,8,3.8,0.475
11,77,15,13,6.15,0.4730769230769231
11,77,16,18,8.41,0.4672222222222222
11,77,17,10,4.66,0.466
11,77,18,7,3.24,0.4628571428571429
11,77,19,8,3.7,0.4625
11,77,20,11,4.99,0.45363636363636367
11,77,21,3,1.36,0.45333333333333337
11,77,22,13,5.73,0.4407692307692308
11,77,23,10,4.35,0.43499999999999994
11,77,24,7,3.04,0.4342857142857143
11,77,25,20,8.59,0.4295
11,77,26,10,4.18,0.418
11,77,27,10,4.18,0.418
11,77,28,7,2.92,0.41714285714285715
11,77,29,18,7.46,0.41444444444444445
11,77,30,17,7.04,0.41411764705882353
11,77,31,2,0.81,0.405
11,77,32,16,6.47,0.404375
11,77,33,9,3.56,0.39555555555555555
11,77,34,5,1.92,0.384
11,77,35,14,5.08,0.3628571428571429
11,77,36,1,0.36,0.36
11,77,37,4,1.44,0.36
11,77,38,1,0.35,0.35
11,77,39,13,4.18,0.3215384615384615
11,77,40,11,3.51,0.3190909090909091
11,77,41,10,3.1,0.31
11,77,42,9,2.76,0.30666666666666664
11,77,43,4,1.22,0.305
11,77,44,7,2.12,0.3028571428571429
11,77,45,12,3.58,0.29833333333333334
11,77,46,13,3.85,0.29615384615384616
11,77,47,8,2.36,0.295
11,77,48,5,1.47,0.294
11,77,49,12,3.48,0.29
11,77,50,6,1.62,0.27
11,77,51,9,2.4,0.26666666666666666
11,77,52,7,1.86,0.26571428571428574
11,77,53,12,3.08,0.25666666666666665
11,77,54,20,4.8,0.24
11,77,55,6,1.36,0.22666666666666668
11,77,56,2,0.45,0.225
11,77,57,4,0.89,0.2225
11,77,58,14,3.11,0.22214285714285714
11,77,59,14,3.09,0.2207142857142857
11,77,60,8,1.74,0.2175
11,77,61,20,4.32,0.21600000000000003
11,77,62,6,1.29,0.215
11,77,63,19,3.99,0.21000000000000002
11,77,64,7,1.4,0.19999999999999998
11,77,65,8,1.59,0.19875
11,77,66,17,3.35,0.19705882352941176
11,77,67,10,1.96,0.196
11,77,68,7,1.27,0.18142857142857144
11,77,69,19,3.44,0.18105263157894735
11,77,70,1,0.16,0.16
11,77,71,6,0.96,0.16
11,77,72,1,0.15,0.15
11,77,73,10,1.22,0.122
11,77,74,11,1.33,0.12090909090909091
11,77,75,17,2.03,0.11941176470588234
11,77,76,4,0.45,0.1125
11,77,77,5,0.51,0.10200000000000001
11,77,78,14,1.38,0.09857142857142856
11,77,79,20,1.91,0.0955
11,77,80,20,1.83,0.0915
11,77,81,8,0.65,0.08125
11,77,82,1,0.08,0.08
11,77,83,12,0.94,0.07833333333333332
11,77,84,12,0.92,0.07666666666666667
11,77,85,3,0.22,0.07333333333333333
11,77,86,13,0.93,0.07153846153846154
11,77,87,18,1.26,0.07
11,77,88,1,0.07,0.07
11,77,89,1,0.06,0.06
11,77,90,18,1.01,0.05611111111111111
11,77,91,2,0.1,0.05
11,77,92,5,0.22,0.044
11,77,93,11,0.48,0.04363636363636363
11,77,94,11,0.48,0.04363636363636363
11,77,95,12,0.48,0.04
11,77,96,2,0.07,0.035
11,77,97,11,0.31,0.028181818181818183
11,77,98,10,0.23,0.023
11,77,99,11,0.24,0.021818181818181816
11,85,0,8,97.84,12.23
11,85,1,15,181.91,12.127333333333333
11,85,2,8,94.67,11.83375
11,85,3,16,187.63,11.726875
11,85,4,2,23.19,11.595
11,85,5,10,115.03,11.503
11,85,6,16,183.3,11.45625
11,85,7,19,212.54,11.186315789473683
11,85,8,19,208.58,10.977894736842106
11,85,9,7,72.36,10.337142857142856
11,85,10,8,82.15,10.26875
11,85,11,17,174.31,10.253529411764706
11,85,12,12,121.08,10.09
11,85,13,13,129.16,9.935384615384615
11,85,14,2,19.61,9.805
11,85,15,17,166.43,9.790000000000001
11,85,16,5,48.25,9.65
11,85,17,10,96.05,9.605
11,85,18,18,172.6,9.588888888888889
11,85,19,18,167.92,9.328888888888889
11,85,20,18,167.01,9.278333333333332
11,85,21,15,138.44,9.229333333333333
11,85,22,16,147.32,9.2075
11,85,23,20,179.61,8.980500000000001
11,85,24,12,106.71,8.8925
11,85,25,16,140.42,8.77625
11,85,26,11,95.75,8.704545454545455
11,85,27,2,16.85,8.425
11,85,28,11,91.17,8.288181818181819
11,85,29,13,106.1,8.161538461538461
11,85,30,11,87.56,7.96
11,85,31,16,127.14,7.94625
11,85,32,17,134.93,7.937058823529412
11,85,33,5,39.34,7.868
11,85,34,13,101.99,7.845384615384615
11,85,35,4,31.26,7.815
11,85,36,8,60.19,7.52375
11,85,37,16,120.13,7.508125
11,85,38,5,37.47,7.494
11,85,39,10,74.84,7.484
11,85,40,6,43.57,7.261666666666667
11,85,41,12,83.43,6.952500000000001
11,85,42,9,62.53,6.947777777777778
11,85,43,11,74.42,6.765454545454546
11,85,44,7,46.74,6.677142857142857
11,85,45,15,98.86,6.5906666666666665
11,85,46,2,12.59,6.295
11,85,47,9,53.92,5.9911111111111115
11,85,48,17,100.93,5.937058823529412
11,85,49,16,94.99,5.936875
11,85,50,14,82.31,5.8792857142857144
11,85,51,2,11.3,5.65
11,85,52,18,98.6,5.477777777777778
11,85,53,9,49.0,5.444444444444445
11,85,54,4,21.12,5.28
11,85,55,18,93.19,5.177222222222222
11,85,56,17,86.91,5.1123529411764705
11,85,57,14,70.54,5.038571428571429
11,85,58,5,24.71,4.942
11,85,59,5,24.39,4.878
11,85,60,2,9.23,4.615
11,85,61,20,90.98,4.549
11,85,62,19,85.56,4.503157894736842
11,85,63,11,48.26,4.387272727272727
11,85,64,13,56.34,4.333846153846154
11,85,65,2,8.37,4.185
11,85,66,13,54.36,4.181538461538461
11,85,67,12,49.88,4.156666666666667
11,85,68,16,65.2,4.075
11,85,69,4,15.18,3.795
11,85,70,13,49.28,3.790769230769231
11,85,71,16,58.7,3.66875
11,85,72,14,50.6,3.6142857142857143
11,85,73,2,7.07,3.535
11,85,74,7,22.53,3.218571428571429
11,85,75,15,46.15,3.0766666666666667
11,85,76,17,47.64,2.8023529411764705
11,85,77,16,44.46,2.77875
11,85,78,18,49.18,2.732222222222222
11,85,79,7,18.88,2.697142857142857
11,85,80,9,24.25,2.6944444444444446
11,85,81,18,48.05,2.6694444444444443
11,85,82,7,18.52,2.6457142857142855
11,85,83,2,5.16,2.58
11,85,84,2,4.93,2.465
11,85,85,10,20.61,2.061
11,85,86,16,27.52,1.72
11,85,87,3,4.94,1.6466666666666667
11,85,88,6,9.54,1.5899999999999999
11,85,89,12,18.49,1.5408333333333333
11,85,90,10,13.73,1.373
11,85,91,14,17.78,1.27
11,85,92,14,17.17,1.2264285714285716
11,85,93,18,20.11,1.1172222222222221
11,85,94,15,15.27,1.018
11,85,95,2,1.96,0.98
11,85,96,5,4.32,0.8640000000000001
11,85,97,7,5.5,0.7857142857142857
11,85,98,18,13.07,0.7261111111111112
11,85,99,3,1.63,0.5433333333333333
11,94,0,7,39.92,5.702857142857143
11,94,1,12,68.38,5.698333333333333
11,94,2,14,78.97,5.640714285714286
11,94,3,13,73.08,5.621538461538462
11,94,4,18,101.18,5.621111111111111
11,94,5,17,95.5,5.617647058823529
11,94,6,13,72.81,5.600769230769231
11,94,7,7,38.96,5.565714285714286
11,94,8,3,16.63,5.543333333333333
11,94,9,13,71.76,5.5200000000000005
11,94,10,8,43.57,5.44625
11,94,11,11,58.41,5.31
11,94,12,14,72.99,5.213571428571428
11,94,13,13,67.66,5.204615384615384
11,94,14,16,82.44,5.1525
11,94,15,6,30.07,5.011666666666667
11,94,16,10,48.92,4.892
11,94,17,7,33.06,4.722857142857143
11,94,18,14,65.91,4.707857142857143
11,94,19,10,46.62,4.662
11,94,20,15,69.28,4.618666666666667
11,94,21,15,68.25,4.55
11,94,22,1,4.53,4.53
11,94,23,13,58.4,4.492307692307692
11,94,24,10,44.92,4.492
11,94,25,15,67.08,4.4719999999999995
11,94,26,5,22.22,4.444
11,94,27,13,56.82,4.3707692307692305
11,94,28,4,17.07,4.2675
11,94,29,18,75.96,4.22
11,94,30,15,63.29,4.219333333333333
11,94,31,18,74.87,4.1594444444444445
11,94,32,10,41.24,4.1240000000000006
11,94,33,17,69.58,4.092941176470588
11,94,34,10,40.43,4.043
11,94,35,14,55.65,3.975
11,94,36,14,55.54,3.967142857142857
11,94,37,12,45.63,3.8025
11,94,38,4,15.2,3.8
11,94,39,12,45.17,3.7641666666666667
11,94,40,1,3.75,3.75
11,94,41,19,70.02,3.685263157894737
11,94,42,13,47.53,3.6561538461538463
11,94,43,3,10.89,3.6300000000000003
11,94,44,11,39.83,3.6209090909090906
11,94,45,12,43.0,3.5833333333333335
11,94,46,17,60.1,3.5352941176470587
11,94,47,10,34.37,3.437
11,94,48,12,40.96,3.4133333333333336
11,94,49,11,36.16,3.287272727272727
11,94,50,5,15.59,3.118
11,94,51,4,11.95,2.9875
11,94,52,6,17.8,2.966666666666667
11,94,53,14,38.69,2.7635714285714283
11,94,54,2,5.48,2.74
11,94,55,11,29.93,2.7209090909090907
11,94,56,10,27.16,2.716
11,94,57,17,46.16,2.7152941176470584
11,94,58,4,10.42,2.605
11,94,59,1,2.53,2.53
11,94,60,6,15.11,2.518333333333333
11,94,61,16,39.56,2.4725
11,94,62,7,17.3,2.4714285714285715
11,94,63,6,13.42,2.236666666666667
11,94,64,7,15.41,2.2014285714285715
11,94,65,9,18.79,2.0877777777777777
11,94,66,14,29.07,2.0764285714285715
11,94,67,13,24.62,1.893846153846154
11,94,68,4,7.57,1.8925
11,94,69,9,17.03,1.8922222222222222
11,94,70,3,5.46,1.82
11,94,71,6,10.06,1.6766666666666667
11,94,72,6,9.75,1.625
11,94,73,20,30.88,1.544
11,94,74,17,25.98,1.5282352941176471
11,94,75,6,8.97,1.495
11,94,76,20,29.89,1.4945
11,94,77,19,27.39,1.441578947368421
11,94,78,7,9.93,1.4185714285714286
11,94,79,19,26.81,1.4110526315789473
11,94,80,6,8.31,1.385
11,94,81,10,13.66,1.366
11,94,82,6,7.94,1.3233333333333335
11,94,83,19,25.11,1.321578947368421
11,94,84,9,11.29,1.2544444444444443
11,94,85,10,12.34,1.234
11,94,86,1,1.23,1.23
11,94,87,15,16.67,1.1113333333333335
11,94,88,11,12.06,1.0963636363636364
11,94,89,4,3.25,0.8125
11,94,90,3,2.34,0.7799999999999999
11,94,91,18,12.35,0.6861111111111111
11,94,92,14,8.53,0.6092857142857142
11,94,93,13,7.64,0.5876923076923076
11,94,94,19,10.49,0.5521052631578948
11,94,95,14,6.73,0.48071428571428576
11,94,96,15,7.21,0.4806666666666667
11,94,97,14,4.1,0.2928571428571428
11,94,98,18,4.18,0.23222222222222222
11,94,99,1,0.23,0.23
21,7,0,6,56.68,9.446666666666667
21,7,1,10,93.94,9.394
21,7,2,18,163.49,9.082777777777778
21,7,3,3,27.08,9.026666666666666
21,7,4,7,62.71,8.958571428571428
21,7,5,4,35.55,8.8875
21,7,6,4,35.42,8.855
21,7,7,9,79.21,8.80111111111111
21,7,8,3,25.93,8.643333333333333
21,7,9,15,129.55,8.636666666666667
21,7,10,7,60.0,8.571428571428571
21,7,11,19,161.88,8.52
21,7,12,10,81.44,8.144
21,7,13,9,73.27,8.14111111111111
21,7,14,5,40.08,8.016
21,7,15,13,102.52,7.886153846153846
21,7,16,13,102.2,7.861538461538462
21,7,17,18,140.62,7.812222222222222
21,7,18,1,7.81,7.81
21,7,19,2,15.51,7.755
21,7,20,20,155.08,7.7540000000000004
21,7,21,16,123.77,7.735625
21,7,22,9,68.78,7.642222222222222
21,7,23,15,112.44,7.4959999999999996
21,7,24,9,66.28,7.364444444444445
21,7,25,4,28.83,7.2075
21,7,26,3,21.55,7.183333333333334
21,7,27,17,121.89,7.17
21,7,28,1,7.06,7.06
21,7,29,10,70.51,7.051
21,7,30,10,67.19,6.718999999999999
21,7,31,1,6.7,6.7
21,7,32,10,66.98,6.698
21,7,33,17,111.45,6.555882352941176
21,7,34,7,44.88,6.411428571428572
21,7,35,3,19.23,6.41
21,7,36,16,101.48,6.3425
21,7,37,4,25.08,6.27
21,7,38,5,31.08,6.215999999999999
21,7,39,7,43.06,6.151428571428572
21,7,40,10,55.66,5.566
21,7,41,5,27.82,5.564
21,7,42,12,66.35,5.529166666666666
21,7,43,1,5.51,5.51
21,7,44,18,97.37,5.4094444444444445
21,7,45,3,15.87,5.29
21,7,46,20,104.92,5.246
21,7,47,3,15.09,5.03
21,7,48,2,9.91,4.955
21,7,49,4,19.79,4.9475
21,7,50,7,34.56,4.937142857142858
21,7,51,10,48.34,4.8340000000000005
21,7,52,8,38.3,4.7875
21,7,53,3,14.18,4.726666666666667
21,7,54,2,9.24,4.62
21,7,55,10,44.83,4.483
21,7,56,10,44.71,4.471
21,7,57,4,17.41,4.3525
21,7,58,12,50.22,4.185
21,7,59,14,58.23,4.159285714285714
21,7,60,7,28.87,4.1242857142857146
21,7,61,2,8.05,4.025
21,7,62,19,75.75,3.986842105263158
21,7,63,1,3.77,3.77
21,7,64,2,7.54,3.77
21,7,65,19,70.08,3.688421052631579
21,7,66,12,41.1,3.4250000000000003
21,7,67,16,53.93,3.370625
21,7,68,17,56.94,3.349411764705882
21,7,69,13,43.11,3.316153846153846
21,7,70,10,32.12,3.2119999999999997
21,7,71,3,9.45,3.15
21,7,72,14,41.12,2.937142857142857
21,7,73,9,26.12,2.9022222222222225
21,7,74,8,22.61,2.82625
21,7,75,1,2.81,2.81
21,7,76,7,19.51,2.7871428571428574
21,7,77,6,16.64,2.7733333333333334
21,7,78,17,42.5,2.5
21,7,79,12,29.45,2.4541666666666666
21,7,80,20,46.18,2.309
21,7,81,1,2.22,2.22
21,7,82,18,39.94,2.218888888888889
21,7,83,3,6.53,2.1766666666666667
21,7,84,15,32.15,2.143333333333333
21,7,85,2,4.12,2.06
21,7,86,1,2.05,2.05
21,7,87,1,2.03,2.03
21,7,88,14,26.29,1.877857142857143
21,7,89,1,1.83,1.83
21,7,90,9,16.4,1.822222222222222
21,7,91,17,22.62,1.3305882352941176
21,7,92,8,10.11,1.26375
21,7,93,13,13.36,1.0276923076923077
21,7,94,4,3.15,0.7875
21,7,95,13,9.54,0.7338461538461538
21,7,96,20,14.25,0.7125
21,7,97,20,9.77,0.4885
21,7,98,8,3.55,0.44375
21,7,99,19,8.24,0.4336842105263158
21,10,0,12,48.97,4.0808333333333335
21,10,1,5,20.25,4.05
21,10,2,18,71.28,3.96
21,10,3,2,7.88,3.94
21,10,4,7,27.55,3.935714285714286
21,10,5,14,55.09,3.935
21,10,6,14,54.76,3.9114285714285715
21,10,7,9,34.45,3.827777777777778
21,10,8,4,15.23,3.8075
21,10,9,3,11.4,3.8000000000000003
21,10,10,1,3.79,3.79
21,10,11,10,37.52,3.7520000000000002
21,10,12,8,29.53,3.69125
21,10,13,20,73.19,3.6595
21,10,14,17,61.62,3.624705882352941
21,10,15,2,7.19,3.595
21,10,16,16,56.79,3.549375
21,10,17,6,21.24,3.5399999999999996
21,10,18,6,21.11,3.518333333333333
21,10,19,12,41.28,3.44
21,10,20,5,16.88,3.376
21,10,21,20,66.68,3.3340000000000005
21,10,22,5,16.51,3.3020000000000005
21,10,23,1,3.3,3.3
21,10,24,18,58.49,3.2494444444444444
21,10,25,2,6.36,3.18
21,10,26,1,3.12,3.12
21,10,27,19,59.16,3.1136842105263156
21,10,28,5,15.4,3.08
21,10,29,13,39.84,3.0646153846153847
21,10,30,3,8.9,2.966666666666667
21,10,31,7,20.47,2.924285714285714
21,10,32,1,2.92,2.92
21,10,33,18,52.33,2.907222222222222
21,10,34,11,31.87,2.8972727272727274
21,10,35,3,8.59,2.8633333333333333
21,10,36,9,25.68,2.8533333333333335
21,10,37,16,45.63,2.851875
21,10,38,2,5.58,2.79
21,10,39,11,30.6,2.7818181818181817
21,10,40,20,55.39,2.7695
21,10,41,1,2.74,2.74
21,10,42,3,8.17,2.723333333333333
21,10,43,6,16.07,2.6783333333333332
21,10,44,4,10.28,2.57
21,10,45,6,15.03,2.505
21,10,46,1,2.5,2.5
21,10,47,19,44.93,2.364736842105263
21,10,48,15,35.11,2.3406666666666665
21,10,49,5,11.62,2.324
21,10,50,19,43.68,2.2989473684210524
21,10,51,4,9.04,2.26
21,10,52,10,22.54,2.254
21,10,53,16,36.02,2.25125
21,10,54,3,6.73,2.2433333333333336
21,10,55,9,18.73,2.0811111111111114
21,10,56,12,24.93,2.0775
21,10,57,19,38.9,2.0473684210526315
21,10,58,5,10.06,2.012
21,10,59,18,35.14,1.9522222222222223
21,10,60,11,21.42,1.9472727272727275
21,10,61,9,17.46,1.9400000000000002
21,10,62,9,15.75,1.75
21,10,63,3,5.16,1.72
21,10,64,2,3.43,1.715
21,10,65,15,24.5,1.6333333333333333
21,10,66,3,4.86,1.62
21,10,67,17,26.23,1.5429411764705883
21,10,68,16,24.6,1.5375
21,10,69,3,4.54,1.5133333333333334
21,10,70,18,26.86,1.4922222222222221
21,10,71,3,4.42,1.4733333333333334
21,10,72,6,8.83,1.4716666666666667
21,10,73,10,13.15,1.315
21,10,74,16,20.35,1.271875
21,10,75,20,25.06,1.253
21,10,76,17,19.86,1.168235294117647
21,10,77,20,22.1,1.105
21,10,78,6,6.39,1.065
21,10,79,6,6.06,1.01
21,10,80,19,18.88,0.9936842105263157
21,10,81,9,8.58,0.9533333333333334
21,10,82,19,17.33,0.9121052631578946
21,10,83,8,7.01,0.87625
21,10,84,4,3.46,0.865
21,10,85,20,13.32,0.666
21,10,86,1,0.65,0.65
21,10,87,9,5.75,0.6388888888888888
21,10,88,12,7.59,0.6325
21,10,89,15,8.93,0.5953333333333333
21,10,90,4,2.08,0.52
21,10,91,4,1.86,0.465
21,10,92,10,4.59,0.45899999999999996
21,10,93,5,2.18,0.43600000000000005
21,10,94,15,5.71,0.38066666666666665
21,10,95,16,4.68,0.2925
21,10,96,16,4.37,0.273125
21,10,97,8,1.79,0.22375
21,10,98,12,2.58,0.215
21,10,99,12,2.11,0.1758333333333333
21,11,0,9,22.71,2.5233333333333334
21,11,1,15,37.4,2.493333333333333
21,11,2,7,17.33,2.4757142857142855
21,11,3,9,22.07,2.4522222222222223
21,11,4,2,4.89,2.445
21,11,5,6,14.55,2.4250000000000003
21,11,6,12,28.44,2.37
21,11,7,2,4.74,2.37
21,11,8,13,29.53,2.2715384615384617
21,11,9,13,29.34,2.256923076923077
21,11,10,9,20.19,2.2433333333333336
21,11,11,3,6.68,2.2266666666666666
21,11,12,9,19.83,2.203333333333333
21,11,13,5,10.9,2.18
21,11,14,8,17.41,2.17625
21,11,15,1,2.17,2.17
21,11,16,13,28.2,2.169230769230769
21,11,17,10,21.66,2.166
21,11,18,11,23.74,2.158181818181818
21,11,19,17,36.59,2.1523529411764706
21,11,20,16,34.07,2.129375
21,11,21,20,42.56,2.128
21,11,22,14,29.21,2.0864285714285713
21,11,23,7,14.5,2.0714285714285716
21,11,24,13,26.38,2.029230769230769
21,11,25,16,31.11,1.944375
21,11,26,6,11.5,1.9166666666666667
21,11,27,10,18.98,1.8980000000000001
21,11,28,8,14.97,1.87125
21,11,29,20,37.07,1.8535
21,11,30,3,5.54,1.8466666666666667
21,11,31,2,3.54,1.77
21,11,32,14,24.46,1.747142857142857
21,11,33,2,3.48,1.74
21,11,34,11,19.11,1.7372727272727273
21,11,35,4,6.89,1.7225
21,11,36,17,29.17,1.7158823529411766
21,11,37,10,17.04,1.704
21,11,38,15,25.36,1.6906666666666665
21,11,39,16,26.41,1.650625
21,11,40,18,29.45,1.636111111111111
21,11,41,3,4.85,1.6166666666666665
21,11,42,13,20.8,1.6
21,11,43,15,23.78,1.5853333333333335
21,11,44,11,17.11,1.5554545454545454
21,11,45,19,28.54,1.5021052631578946
21,11,46,15,22.36,1.4906666666666666
21,11,47,14,20.72,1.48
21,11,48,10,14.06,1.4060000000000001
21,11,49,2,2.79,1.395
21,11,50,5,6.96,1.392
21,11,51,18,24.97,1.3872222222222221
21,11,52,13,17.95,1.3807692307692307
21,11,53,8,10.81,1.35125
21,11,54,15,19.94,1.3293333333333335
21,11,55,20,25.53,1.2765
21,11,56,16,19.51,1.219375
21,11,57,5,6.02,1.204
21,11,58,4,4.64,1.16
21,11,59,13,15.01,1.1546153846153846
21,11,60,14,15.8,1.1285714285714286
21,11,61,16,17.83,1.114375
21,11,62,14,15.57,1.112142857142857
21,11,63,20,21.95,1.0975
21,11,64,6,6.49,1.0816666666666668
21,11,65,16,17.19,1.074375
21,11,66,19,19.95,1.05
21,11,67,3,3.08,1.0266666666666666
21,11,68,18,18.45,1.025
21,11,69,16,15.95,0.996875
21,11,70,12,11.93,0.9941666666666666
21,11,71,7,6.78,0.9685714285714286
21,11,72,18,17.24,0.9577777777777777
21,11,73,13,12.36,0.9507692307692307
21,11,74,5,4.7,0.9400000000000001
21,11,75,6,5.29,0.8816666666666667
21,11,76,2,1.73,0.865
21,11,77,3,2.59,0.8633333333333333
21,11,78,9,7.71,0.8566666666666667
21,11,79,15,12.34,0.8226666666666667
21,11,80,2,1.52,0.76
21,11,81,15,11.3,0.7533333333333334
21,11,82,8,5.37,0.67125
21,11,83,15,9.99,0.666
21,11,84,20,11.76,0.588
21,11,85,8,3.96,0.495
21,11,86,13,6.07,0.46692307692307694
21,11,87,7,3.08,0.44
21,11,88,18,7.91,0.43944444444444447
21,11,89,8,3.13,0.39125
21,11,90,4,1.33,0.3325
21,11,91,11,3.59,0.32636363636363636
21,11,92,19,6.18,0.3252631578947368
21,11,93,6,1.92,0.32
21,11,94,5,1.59,0.318
21,11,95,19,5.11,0.26894736842105266
21,11,96,5,1.19,0.238
21,11,97,10,2.29,0.229
21,11,98,19,3.64,0.19157894736842107
21,11,99,11,2.1,0.19090909090909092
21,32,0,6,19.67,3.2783333333333338
21,32,1,8,25.97,3.24625
21,32,2,17,54.5,3.2058823529411766
21,32,3,17,54.36,3.1976470588235295
21,32,4,11,35.07,3.188181818181818
21,32,5,7,22.25,3.1785714285714284
21,32,6,8,24.88,3.11
21,32,7,8,24.71,3.08875
21,32,8,6,18.44,3.0733333333333337
21,32,9,20,61.35,3.0675
21,32,10,20,60.82,3.041
21,32,11,18,54.71,3.0394444444444444
21,32,12,5,15.1,3.02
21,32,13,10,30.19,3.019
21,32,14,8,23.76,2.97
21,32,15,8,23.67,2.95875
21,32,16,6,17.7,2.9499999999999997
21,32,17,4,11.64,2.91
21,32,18,17,48.84,2.8729411764705883
21,32,19,19,54.15,2.85
21,32,20,11,30.83,2.8027272727272727
21,32,21,19,51.39,2.7047368421052633
21,32,22,12,32.44,2.703333333333333
21,32,23,1,2.69,2.69
21,32,24,10,25.37,2.537
21,32,25,16,40.34,2.52125
21,32,26,14,34.17,2.440714285714286
21,32,27,8,19.5,2.4375
21,32,28,20,48.6,2.43
21,32,29,20,48.32,2.416
21,32,30,16,38.21,2.388125
21,32,31,11,26.07,2.37
21,32,32,8,18.78,2.3475
21,32,33,16,36.08,2.255
21,32,34,12,26.88,2.2399999999999998
21,32,35,3,6.64,2.2133333333333334
21,32,36,15,33.17,2.2113333333333336
21,32,37,4,8.64,2.16
21,32,38,3,6.45,2.15
21,32,39,20,42.21,2.1105
21,32,40,4,8.44,2.11
21,32,41,8,16.64,2.08
21,32,42,9,18.65,2.072222222222222
21,32,43,5,10.22,2.044
21,32,44,5,9.99,1.998
21,32,45,20,39.32,1.966
21,32,46,8,15.04,1.88
21,32,47,15,27.57,1.838
21,32,48,15,27.02,1.8013333333333332
21,32,49,9,15.52,1.7244444444444444
21,32,50,2,3.41,1.705
21,32,51,16,26.87,1.679375
21,32,52,5,8.32,1.6640000000000001
21,32,53,10,16.55,1.655
21,32,54,4,6.42,1.605
21,32,55,5,7.96,1.592
21,32,56,1,1.52,1.52
21,32,57,17,25.4,1.4941176470588236
21,32,58,17,25.28,1.4870588235294118
21,32,59,3,4.42,1.4733333333333334
21,32,60,9,13.14,1.46
21,32,61,5,7.14,1.428
21,32,62,10,13.87,1.387
21,32,63,7,9.46,1.3514285714285716
21,32,64,4,5.39,1.3475
21,32,65,7,9.38,1.34
21,32,66,9,11.98,1.3311111111111111
21,32,67,15,19.82,1.3213333333333332
21,32,68,8,10.22,1.2775
21,32,69,16,20.13,1.258125
21,32,70,4,4.73,1.1825
21,32,71,16,18.83,1.176875
21,32,72,6,7.06,1.1766666666666665
21,32,73,18,21.14,1.1744444444444444
21,32,74,8,8.78,1.0975
21,32,75,16,17.35,1.084375
21,32,76,5,5.37,1.074
21,32,77,1,1.04,1.04
21,32,78,19,18.62,0.9800000000000001
21,32,79,3,2.6,0.8666666666666667
21,32,80,11,8.93,0.8118181818181818
21,32,81,14,10.7,0.7642857142857142
21,32,82,1,0.71,0.71
21,32,83,10,6.51,0.651
21,32,84,20,12.59,0.6295
21,32,85,13,8.17,0.6284615384615384
21,32,86,6,3.64,0.6066666666666667
21,32,87,5,2.83,0.5660000000000001
21,32,88,20,10.72,0.536
21,32,89,18,8.15,0.4527777777777778
21,32,90,3,1.15,0.3833333333333333
21,32,91,19,5.37,0.2826315789473684
21,32,92,1,0.27,0.27
21,32,93,16,3.93,0.245625
21,32,94,9,2.03,0.22555555555555554
21,32,95,14,2.87,0.20500000000000002
21,32,96,8,1.33,0.16625
21,32,97,12,1.88,0.15666666666666665
21,32,98,15,2.26,0.15066666666666664
21,32,99,6,0.82,0.13666666666666666
21,39,0,9,12.0,1.3333333333333333
21,39,1,16,21.11,1.319375
21,39,2,9,11.84,1.3155555555555556
21,39,3,5,6.38,1.276
21,39,4,6,7.65,1.2750000000000001
21,39,5,4,5.1,1.275
21,39,6,7,8.76,1.2514285714285713
21,39,7,9,11.11,1.2344444444444445
21,39,8,11,13.57,1.2336363636363636
21,39,9,9,11.05,1.2277777777777779
21,39,10,7,8.57,1.2242857142857144
21,39,11,3,3.67,1.2233333333333334
21,39,12,18,21.97,1.2205555555555554
21,39,13,19,22.26,1.171578947368421
21,39,14,8,9.19,1.14875
21,39,15,19,21.64,1.1389473684210527
21,39,16,7,7.94,1.1342857142857143
21,39,17,11,12.31,1.1190909090909091
21,39,18,5,5.53,1.106
21,39,19,15,16.58,1.1053333333333333
21,39,20,12,13.21,1.1008333333333333
21,39,21,12,13.13,1.0941666666666667
21,39,22,20,21.83,1.0915
21,39,23,12,13.0,1.0833333333333333
21,39,24,17,18.11,1.0652941176470587
21,39,25,13,13.75,1.0576923076923077
21,39,26,11,11.56,1.050909090909091
21,39,27,5,5.25,1.05
21,39,28,14,14.63,1.0450000000000002
21,39,29,11,11.26,1.0236363636363637
21,39,30,12,12.17,1.0141666666666667
21,39,31,19,18.87,0.9931578947368421
21,39,32,5,4.96,0.992
21,39,33,3,2.97,0.9900000000000001
21,39,34,5,4.92,0.984
21,39,35,9,8.73,0.9700000000000001
21,39,36,12,11.3,0.9416666666666668
21,39,37,16,14.62,0.91375
21,39,38,19,16.59,0.8731578947368421
21,39,39,17,14.71,0.8652941176470589
21,39,40,18,15.57,0.865
21,39,41,8,6.82,0.8525
21,39,42,3,2.55,0.85
21,39,43,16,13.52,0.845
21,39,44,18,14.75,0.8194444444444444
21,39,45,7,5.65,0.8071428571428572
21,39,46,5,4.03,0.806
21,39,47,18,14.34,0.7966666666666666
21,39,48,6,4.76,0.7933333333333333
21,39,49,19,14.86,0.7821052631578947
21,39,50,12,9.33,0.7775
21,39,51,1,0.76,0.76
21,39,52,1,0.72,0.72
21,39,53,1,0.69,0.69
21,39,54,20,13.57,0.6785
21,39,55,18,11.74,0.6522222222222223
21,39,56,11,7.14,0.649090909090909
21,39,57,20,12.93,0.6465
21,39,58,9,5.81,0.6455555555555555
21,39,59,2,1.25,0.625
21,39,60,10,5.98,0.5980000000000001
21,39,61,12,6.74,0.5616666666666666
21,39,62,12,6.65,0.5541666666666667
21,39,63,7,3.87,0.5528571428571428
21,39,64,9,4.97,0.5522222222222222
21,39,65,18,9.87,0.5483333333333333
21,39,66,15,7.74,0.516
21,39,67,3,1.51,0.5033333333333333
21,39,68,15,7.06,0.4706666666666666
21,39,69,5,2.35,0.47000000000000003
21,39,70,17,7.92,0.46588235294117647
21,39,71,19,8.8,0.46315789473684216
21,39,72,17,6.97,0.41
21,39,73,16,6.04,0.3775
21,39,74,11,4.04,0.36727272727272725
21,39,75,17,5.39,0.3170588235294117
21,39,76,2,0.62,0.31
21,39,77,14,4.29,0.30642857142857144
21,39,78,14,4.16,0.29714285714285715
21,39,79,14,3.8,0.2714285714285714
21,39,80,3,0.81,0.27
21,39,81,12,2.83,0.23583333333333334
21,39,82,2,0.47,0.235
21,39,83,13,3.03,0.23307692307692307
21,39,84,6,1.38,0.22999999999999998
21,39,85,10,2.3,0.22999999999999998
21,39,86,15,3.07,0.20466666666666666
21,39,87,18,3.67,0.2038888888888889
21,39,88,17,3.02,0.1776470588235294
21,39,89,2,0.34,0.17
21,39,90,2,0.33,0.165
21,39,91,5,0.74,0.148
21,39,92,17,2.41,0.14176470588235296
21,39,93,12,1.43,0.11916666666666666
21,39,94,18,2.1,0.11666666666666667
21,39,95,3,0.34,0.11333333333333334
21,39,96,15,1.4,0.09333333333333332
21,39,97,6,0.52,0.08666666666666667
21,39,98,19,1.37,0.07210526315789474
21,39,99,18,1.28,0.07111111111111111
21,46,0,2,5.53,2.765
21,46,1,3,8.25,2.75
21,46,2,15,41.24,2.7493333333333334
21,46,3,2,5.49,2.745
21,46,4,12,32.49,2.7075
21,46,5,8,21.23,2.65375
21,46,6,15,39.71,2.6473333333333335
21,46,7,2,5.24,2.62
21,46,8,14,36.44,2.6028571428571428
21,46,9,8,20.74,2.5925
21,46,10,16,41.02,2.56375
21,46,11,2,5.1,2.55
21,46,12,15,38.25,2.55
21,46,13,9,22.41,2.49
21,46,14,7,17.34,2.4771428571428573
21,46,15,4,9.82,2.455
21,46,16,18,43.44,2.413333333333333
21,46,17,20,48.15,2.4074999999999998
21,46,18,1,2.32,2.32
21,46,19,20,46.39,2.3195
21,46,20,10,22.99,2.299
21,46,21,9,20.61,2.29
21,46,22,15,33.95,2.2633333333333336
21,46,23,9,20.35,2.261111111111111
21,46,24,4,8.89,2.2225
21,46,25,15,32.45,2.1633333333333336
21,46,26,14,30.09,2.1492857142857145
21,46,27,2,4.29,2.145
21,46,28,4,8.51,2.1275
21,46,29,9,18.92,2.102222222222222
21,46,30,20,40.85,2.0425
21,46,31,14,28.29,2.0207142857142855
21,46,32,1,2.01,2.01
21,46,33,19,37.85,1.9921052631578948
21,46,34,14,27.83,1.9878571428571428
21,46,35,18,35.7,1.9833333333333334
21,46,36,7,13.57,1.9385714285714286
21,46,37,13,25.2,1.9384615384615385
21,46,38,2,3.63,1.815
21,46,39,19,34.44,1.8126315789473684
21,46,40,19,33.85,1.7815789473684212
21,46,41,18,32.01,1.7783333333333333
21,46,42,1,1.76,1.76
21,46,43,14,24.17,1.7264285714285716
21,46,44,2,3.38,1.69
21,46,45,1,1.68,1.68
21,46,46,14,22.82,1.6300000000000001
21,46,47,16,25.5,1.59375
21,46,48,19,29.23,1.538421052631579
21,46,49,11,16.34,1.4854545454545454
21,46,50,15,22.27,1.4846666666666666
21,46,51,3,4.4,1.4666666666666668
21,46,52,9,12.83,1.4255555555555555
21,46,53,4,5.7,1.425
21,46,54,19,26.96,1.4189473684210527
21,46,55,10,13.62,1.3619999999999999
21,46,56,3,3.97,1.3233333333333335
21,46,57,15,19.32,1.288
21,46,58,11,14.09,1.280909090909091
21,46,59,18,22.78,1.2655555555555555
21,46,60,18,22.64,1.2577777777777779
21,46,61,17,21.09,1.2405882352941175
21,46,62,20,23.82,1.191
21,46,63,12,14.15,1.1791666666666667
21,46,64,3,3.43,1.1433333333333333
21,46,65,14,15.35,1.0964285714285713
21,46,66,5,5.44,1.088
21,46,67,8,8.65,1.08125
21,46,68,19,19.76,1.04
21,46,69,18,17.43,0.9683333333333333
21,46,70,18,16.25,0.9027777777777778
21,46,71,16,13.59,0.849375
21,46,72,8,6.77,0.84625
21,46,73,15,12.68,0.8453333333333333
21,46,74,9,7.53,0.8366666666666667
21,46,75,20,15.05,0.7525000000000001
21,46,76,2,1.5,0.75
21,46,77,17,12.48,0.7341176470588235
21,46,78,14,9.78,0.6985714285714285
21,46,79,20,13.6,0.6799999999999999
21,46,80,4,2.69,0.6725
21,46,81,10,6.22,0.622
21,46,82,12,6.82,0.5683333333333334
21,46,83,17,9.62,0.5658823529411764
21,46,84,3,1.66,0.5533333333333333
21,46,85,1,0.51,0.51
21,46,86,3,1.29,0.43
21,46,87,2,0.84,0.42
21,46,88,9,3.78,0.42
21,46,89,15,5.86,0.39066666666666666
21,46,90,20,7.66,0.383
21,46,91,19,6.81,0.3584210526315789
21,46,92,20,7.14,0.357
21,46,93,18,5.75,0.3194444444444444
21,46,94,16,5.05,0.315625
21,46,95,5,1.55,0.31
21,46,96,18,5.08,0.2822222222222222
21,46,97,12,2.83,0.23583333333333334
21,46,98,4,0.88,0.22
21,46,99,20,3.35,0.1675
21,77,0,16,36.68,2.2925
21,77,1,1,2.27,2.27
21,77,2,4,9.03,2.2575
21,77,3,14,31.32,2.237142857142857
21,77,4,14,30.6,2.185714285714286
21,77,5,5,10.75,2.15
21,77,6,4,8.41,2.1025
21,77,7,11,22.91,2.0827272727272725
21,77,8,8,16.2,2.025
21,77,9,8,15.32,1.915
21,77,10,1,1.9,1.9
21,77,11,11,20.84,1.8945454545454545
21,77,12,3,5.66,1.8866666666666667
21,77,13,17,31.98,1.8811764705882352
21,77,14,7,13.1,1.8714285714285714
21,77,15,13,23.85,1.8346153846153848
21,77,16,20,36.59,1.8295000000000001
21,77,17,19,34.54,1.8178947368421052
21,77,18,12,21.0,1.75
21,77,19,10,16.97,1.6969999999999998
21,77,20,11,17.97,1.6336363636363636
21,77,21,20,32.58,1.629
21,77,22,18,29.29,1.6272222222222221
21,77,23,20,32.47,1.6235
21,77,24,17,27.36,1.6094117647058823
21,77,25,15,23.9,1.5933333333333333
21,77,26,18,27.41,1.5227777777777778
21,77,27,15,22.71,1.514
21,77,28,8,11.38,1.4225
21,77,29,7,9.95,1.4214285714285713
21,77,30,2,2.84,1.42
21,77,31,2,2.78,1.39
21,77,32,5,6.81,1.3619999999999999
21,77,33,6,8.12,1.3533333333333333
21,77,34,1,1.35,1.35
21,77,35,10,13.25,1.325
21,77,36,14,18.26,1.3042857142857145
21,77,37,5,6.4,1.28
21,77,38,7,8.67,1.2385714285714287
21,77,39,6,7.28,1.2133333333333334
21,77,40,17,20.06,1.18
21,77,41,5,5.89,1.178
21,77,42,16,18.29,1.143125
21,77,43,20,22.71,1.1355
21,77,44,11,12.46,1.1327272727272728
21,77,45,7,7.8,1.1142857142857143
21,77,46,10,11.02,1.1019999999999999
21,77,47,20,21.4,1.0699999999999998
21,77,48,16,17.07,1.066875
21,77,49,2,2.11,1.055
21,77,50,9,9.46,1.051111111111111
21,77,51,15,15.74,1.0493333333333335
21,77,52,4,4.19,1.0475
21,77,53,2,1.95,0.975
21,77,54,15,14.35,0.9566666666666667
21,77,55,19,17.83,0.9384210526315788
21,77,56,5,4.66,0.932
21,77,57,2,1.86,0.93
21,77,58,3,2.77,0.9233333333333333
21,77,59,6,5.5,0.9166666666666666
21,77,60,16,14.47,0.904375
21,77,61,11,9.72,0.8836363636363637
21,77,62,12,10.6,0.8833333333333333
21,77,63,15,12.97,0.8646666666666667
21,77,64,8,6.79,0.84875
21,77,65,16,13.23,0.826875
21,77,66,4,3.13,0.7825
21,77,67,14,10.75,0.7678571428571429
21,77,68,9,6.87,0.7633333333333333
21,77,69,7,5.31,0.7585714285714286
21,77,70,2,1.47,0.735
21,77,71,10,7.35,0.735
21,77,72,1,0.71,0.71
21,77,73,6,4.21,0.7016666666666667
21,77,74,13,8.84,0.6799999999999999
21,77,75,12,7.71,0.6425
21,77,76,9,5.73,0.6366666666666667
21,77,77,15,8.88,0.5920000000000001
21,77,78,16,9.2,0.575
21,77,79,1,0.57,0.57
21,77,80,9,4.97,0.5522222222222222
21,77,81,13,7.04,0.5415384615384615
21,77,82,5,2.7,0.54
21,77,83,16,8.13,0.508125
21,77,84,3,1.3,0.43333333333333335
21,77,85,20,8.28,0.414
21,77,86,4,1.58,0.395
21,77,87,9,3.44,0.38222222222222224
21,77,88,7,2.57,0.3671428571428571
21,77,89,10,3.46,0.346
21,77,90,1,0.33,0.33
21,77,91,2,0.64,0.32
21,77,92,5,1.38,0.27599999999999997
21,77,93,6,1.31,0.21833333333333335
21,77,94,9,1.81,0.20111111111111113
21,77,95,7,1.4,0.19999999999999998
21,77,96,9,1.65,0.18333333333333332
21,77,97,19,3.39,0.17842105263157895
21,77,98,6,0.88,0.14666666666666667
21,77,99,8,0.79,0.09875
21,85,0,1,10.02,10.02
21,85,1,2,19.33,9.665
21,85,2,12,114.59,9.549166666666666
21,85,3,5,47.44,9.488
21,85,4,8,75.84,9.48
21,85,5,20,188.71,9.435500000000001
21,85,6,13,118.76,9.135384615384616
21,85,7,10,90.69,9.068999999999999
21,85,8,5,44.49,8.898
21,85,9,19,167.23,8.801578947368421
21,85,10,2,17.18,8.59
21,85,11,14,120.15,8.582142857142857
21,85,12,2,17.1,8.55
21,85,13,15,124.89,8.326
21,85,14,12,98.7,8.225
21,85,15,12,97.72,8.143333333333333
21,85,16,13,104.14,8.010769230769231
21,85,17,1,7.97,7.97
21,85,18,5,39.75,7.95
21,85,19,10,78.26,7.8260000000000005
21,85,20,8,62.4,7.8
21,85,21,8,61.74,7.7175
21,85,22,11,83.9,7.627272727272728
21,85,23,8,60.17,7.52125
21,85,24,5,37.29,7.458
21,85,25,3,22.34,7.446666666666666
21,85,26,2,14.47,7.235
21,85,27,5,36.0,7.2
21,85,28,20,143.69,7.1845
21,85,29,7,50.19,7.17
21,85,30,10,70.76,7.0760000000000005
21,85,31,14,97.11,6.936428571428571
21,85,32,5,33.48,6.696
21,85,33,8,52.97,6.62125
21,85,34,9,59.46,6.6066666666666665
21,85,35,14,92.03,6.573571428571428
21,85,36,1,6.54,6.54
21,85,37,2,12.99,6.495
21,85,38,5,31.65,6.33
21,85,39,2,12.52,6.26
21,85,40,19,118.84,6.254736842105263
21,85,41,17,105.81,6.224117647058824
21,85,42,4,24.83,6.2075
21,85,43,12,72.92,6.076666666666667
21,85,44,17,99.01,5.824117647058824
21,85,45,16,92.76,5.7975
21,85,46,13,74.14,5.703076923076923
21,85,47,4,22.28,5.57
21,85,48,18,93.07,5.170555555555556
21,85,49,12,59.51,4.9591666666666665
21,85,50,17,80.61,4.741764705882353
21,85,51,17,77.34,4.549411764705883
21,85,52,12,53.78,4.4816666666666665
21,85,53,16,69.84,4.365
21,85,54,19,82.44,4.338947368421053
21,85,55,20,86.12,4.306
21,85,56,15,63.58,4.238666666666666
21,85,57,17,71.73,4.219411764705883
21,85,58,16,66.01,4.125625
21,85,59,7,28.81,4.115714285714286
21,85,60,13,51.89,3.9915384615384615
21,85,61,6,23.32,3.8866666666666667
21,85,62,2,7.41,3.705
21,85,63,17,62.93,3.701764705882353
21,85,64,4,14.15,3.5375
21,85,65,20,70.42,3.521
21,85,66,8,27.37,3.42125
21,85,67,16,53.16,3.3225
21,85,68,15,48.34,3.222666666666667
21,85,69,7,21.69,3.0985714285714288
21,85,70,7,18.23,2.6042857142857145
21,85,71,20,50.73,2.5364999999999998
21,85,72,17,42.07,2.474705882352941
21,85,73,20,48.88,2.444
21,85,74,17,40.86,2.4035294117647057
21,85,75,2,4.73,2.365
21,85,76,13,30.35,2.3346153846153848
21,85,77,11,25.63,2.33
21,85,78,17,37.42,2.2011764705882353
21,85,79,17,34.93,2.054705882352941
21,85,80,14,28.47,2.0335714285714284
21,85,81,2,4.0,2.0
21,85,82,1,1.98,1.98
21,85,83,4,7.8,1.95
21,85,84,17,32.69,1.9229411764705882
21,85,85,12,22.63,1.8858333333333333
21,85,86,14,25.23,1.8021428571428573
21,85,87,19,33.22,1.7484210526315789
21,85,88,2,3.42,1.71
21,85,89,6,9.89,1.6483333333333334
21,85,90,8,11.76,1.47
21,85,91,12,12.94,1.0783333333333334
21,85,92,10,10.55,1.0550000000000002
21,85,93,10,9.83,0.983
21,85,94,19,17.76,0.9347368421052632
21,85,95,10,8.26,0.826
21,85,96,15,8.9,0.5933333333333334
21,85,97,4,2.09,0.5225
21,85,98,2,0.93,0.465
21,85,99,3,1.34,0.4466666666666667
21,94,0,4,12.85,3.2125
21,94,1,9,28.67,3.1855555555555557
21,94,2,2,6.31,3.155
21,94,3,14,41.78,2.9842857142857144
21,94,4,12,35.79,2.9825
21,94,5,19,55.34,2.9126315789473685
21,94,6,8,23.14,2.8925
21,94,7,11,31.38,2.8527272727272726
21,94,8,13,36.36,2.796923076923077
21,94,9,14,38.96,2.782857142857143
21,94,10,5,13.67,2.734
21,94,11,12,32.75,2.7291666666666665
21,94,12,6,16.31,2.7183333333333333
21,94,13,9,24.3,2.7
21,94,14,16,42.2,2.6375
21,94,15,18,47.33,2.6294444444444443
21,94,16,13,33.91,2.608461538461538
21,94,17,3,7.63,2.5433333333333334
21,94,18,19,46.22,2.4326315789473685
21,94,19,2,4.84,2.42
21,94,20,1,2.41,2.41
21,94,21,8,19.11,2.38875
21,94,22,7,16.53,2.3614285714285717
21,94,23,11,25.76,2.341818181818182
21,94,24,15,34.94,2.329333333333333
21,94,25,17,39.4,2.317647058823529
21,94,26,14,32.3,2.307142857142857
21,94,27,3,6.92,2.3066666666666666
21,94,28,10,21.91,2.191
21,94,29,13,28.15,2.1653846153846152
21,94,30,1,2.09,2.09
21,94,31,11,22.55,2.0500000000000003
21,94,32,2,4.06,2.03
21,94,33,11,21.79,1.9809090909090907
21,94,34,8,15.75,1.96875
21,94,35,11,21.35,1.9409090909090911
21,94,36,17,31.42,1.8482352941176472
21,94,37,2,3.65,1.825
21,94,38,20,36.35,1.8175000000000001
21,94,39,3,5.41,1.8033333333333335
21,94,40,10,17.96,1.796
21,94,41,4,7.17,1.7925
21,94,42,16,28.68,1.7925
21,94,43,11,19.04,1.7309090909090907
21,94,44,1,1.72,1.72
21,94,45,17,28.93,1.7017647058823528
21,94,46,6,10.21,1.7016666666666669
21,94,47,15,24.75,1.65
21,94,48,10,16.47,1.6469999999999998
21,94,49,13,21.03,1.6176923076923078
21,94,50,4,5.95,1.4875
21,94,51,12,17.29,1.4408333333333332
21,94,52,11,15.34,1.3945454545454545
21,94,53,4,5.57,1.3925
21,94,54,13,18.0,1.3846153846153846
21,94,55,2,2.65,1.325
21,94,56,14,17.81,1.272142857142857
21,94,57,15,18.58,1.2386666666666666
21,94,58,9,10.88,1.208888888888889
21,94,59,13,15.55,1.1961538461538461
21,94,60,1,1.19,1.19
21,94,61,18,20.86,1.1588888888888889
21,94,62,6,6.92,1.1533333333333333
21,94,63,7,8.0,1.1428571428571428
21,94,64,15,17.04,1.136
21,94,65,9,10.04,1.1155555555555554
21,94,66,4,4.38,1.095
21,94,67,20,20.89,1.0445
21,94,68,1,1.01,1.01
21,94,69,9,8.68,0.9644444444444444
21,94,70,1,0.93,0.93
21,94,71,3,2.74,0.9133333333333334
21,94,72,19,16.68,0.8778947368421053
21,94,73,8,6.77,0.84625
21,94,74,13,10.96,0.8430769230769232
21,94,75,4,3.23,0.8075
21,94,76,17,12.96,0.7623529411764707
21,94,77,4,3.04,0.76
21,94,78,18,11.85,0.6583333333333333
21,94,79,12,7.56,0.63
21,94,80,16,9.81,0.613125
21,94,81,6,3.61,0.6016666666666667
21,94,82,10,5.72,0.572
21,94,83,11,6.01,0.5463636363636364
21,94,84,18,9.5,0.5277777777777778
21,94,85,9,4.46,0.4955555555555555
21,94,86,4,1.86,0.465
21,94,87,11,4.5,0.4090909090909091
21,94,88,7,2.82,0.40285714285714286
21,94,89,3,1.18,0.3933333333333333
21,94,90,16,5.52,0.345
21,94,91,6,2.04,0.34
21,94,92,3,0.97,0.3233333333333333
21,94,93,8,2.58,0.3225
21,94,94,4,1.28,0.32
21,94,95,17,4.58,0.26941176470588235
21,94,96,7,1.67,0.23857142857142857
21,94,97,6,1.17,0.19499999999999998
21,94,98,17,2.85,0.16764705882352943
21,94,99,20,3.1,0.155
32,7,0,6,47.81,7.968333333333334
32,7,1,15,119.11,7.940666666666667
32,7,2,20,155.68,7.784000000000001
32,7,3,7,54.2,7.742857142857143
32,7,4,17,131.18,7.716470588235294
32,7,5,4,30.58,7.645
32,7,6,17,129.43,7.6135294117647065
32,7,7,1,7.56,7.56
32,7,8,10,74.13,7.412999999999999
32,7,9,2,14.54,7.27
32,7,10,5,36.3,7.26
32,7,11,14,101.61,7.257857142857143
32,7,12,19,136.46,7.182105263157895
32,7,13,6,42.88,7.146666666666667
32,7,14,17,121.36,7.138823529411765
32,7,15,1,7.13,7.13
32,7,16,15,106.95,7.13
32,7,17,20,140.92,7.045999999999999
32,7,18,2,14.0,7.0
32,7,19,8,55.35,6.91875
32,7,20,4,27.67,6.9175
32,7,21,7,48.33,6.904285714285714
32,7,22,3,20.67,6.890000000000001
32,7,23,17,117.11,6.888823529411765
32,7,24,4,26.98,6.745
32,7,25,13,85.95,6.611538461538462
32,7,26,11,72.54,6.594545454545455
32,7,27,11,71.2,6.472727272727273
32,7,28,11,70.31,6.391818181818182
32,7,29,7,43.56,6.222857142857143
32,7,30,17,104.14,6.125882352941177
32,7,31,9,53.99,5.998888888888889
32,7,32,7,41.66,5.951428571428571
32,7,33,17,99.01,5.824117647058824
32,7,34,8,45.75,5.71875
32,7,35,12,67.3,5.608333333333333
32,7,36,11,61.51,5.591818181818182
32,7,37,13,72.23,5.556153846153847
32,7,38,18,96.41,5.356111111111111
32,7,39,5,26.54,5.308
32,7,40,16,80.09,5.005625
32,7,41,11,54.51,4.955454545454545
32,7,42,12,58.54,4.878333333333333
32,7,43,5,24.35,4.87
32,7,44,10,47.5,4.75
32,7,45,8,37.61,4.70125
32,7,46,18,84.09,4.671666666666667
32,7,47,14,63.7,4.55
32,7,48,5,22.51,4.502000000000001
32,7,49,15,67.23,4.482
32,7,50,18,80.27,4.459444444444444
32,7,51,18,78.48,4.36
32,7,52,11,46.89,4.262727272727273
32,7,53,1,4.23,4.23
32,7,54,12,46.93,3.910833333333333
32,7,55,11,42.76,3.887272727272727
32,7,56,16,62.11,3.881875
32,7,57,4,14.92,3.73
32,7,58,20,74.54,3.7270000000000003
32,7,59,8,29.59,3.69875
32,7,60,15,54.18,3.612
32,7,61,7,25.21,3.6014285714285714
32,7,62,18,64.64,3.591111111111111
32,7,63,8,27.75,3.46875
32,7,64,1,3.45,3.45
32,7,65,9,30.93,3.4366666666666665
32,7,66,2,6.72,3.36
32,7,67,2,6.62,3.31
32,7,68,19,60.04,3.16
32,7,69,1,3.15,3.15
32,7,70,20,60.36,3.018
32,7,71,3,8.66,2.8866666666666667
32,7,72,3,8.43,2.81
32,7,73,3,8.23,2.7433333333333336
32,7,74,20,53.42,2.6710000000000003
32,7,75,3,8.01,2.67
32,7,76,13,34.33,2.6407692307692305
32,7,77,13,32.66,2.512307692307692
32,7,78,4,9.95,2.4875
32,7,79,18,44.77,2.4872222222222224
32,7,80,14,33.35,2.382142857142857
32,7,81,4,9.45,2.3625
32,7,82,4,9.25,2.3125
32,7,83,15,34.52,2.3013333333333335
32,7,84,2,4.56,2.28
32,7,85,13,26.43,2.0330769230769232
32,7,86,11,21.35,1.9409090909090911
32,7,87,16,29.89,1.868125
32,7,88,17,25.72,1.5129411764705882
32,7,89,5,7.29,1.458
32,7,90,16,21.28,1.33
32,7,91,12,14.55,1.2125000000000001
32,7,92,16,18.49,1.155625
32,7,93,4,4.26,1.065
32,7,94,18,18.47,1.026111111111111
32,7,95,17,13.39,0.7876470588235295
32,7,96,11,6.77,0.6154545454545454
32,7,97,13,7.77,0.5976923076923076
32,7,98,19,9.32,0.4905263157894737
32,7,99,9,3.69,0.41
32,10,0,1,5.84,5.84
32,10,1,3,17.46,5.82
32,10,2,18,103.73,5.762777777777778
32,10,3,14,80.06,5.718571428571429
32,10,4,11,62.54,5.6854545454545455
32,10,5,7,39.79,5.684285714285714
32,10,6,18,101.52,5.64
32,10,7,6,33.62,5.603333333333333
32,10,8,20,111.25,5.5625
32,10,9,2,10.68,5.34
32,10,10,15,80.06,5.3373333333333335
32,10,11,17,90.03,5.2958823529411765
32,10,12,15,78.96,5.263999999999999
32,10,13,8,41.68,5.21
32,10,14,13,67.53,5.194615384615385
32,10,15,9,45.78,5.086666666666667
32,10,16,8,39.75,4.96875
32,10,17,15,74.41,4.960666666666667
32,10,18,8,37.59,4.69875
32,10,19,4,18.55,4.6375
32,10,20,5,23.17,4.634
32,10,21,15,67.55,4.503333333333333
32,10,22,17,75.83,4.460588235294118
32,10,23,20,89.08,4.454
32,10,24,5,22.17,4.434
32,10,25,19,83.52,4.395789473684211
32,10,26,13,56.93,4.3792307692307695
32,10,27,4,17.51,4.3775
32,10,28,1,3.96,3.96
32,10,29,15,58.73,3.9153333333333333
32,10,30,6,23.27,3.8783333333333334
32,10,31,17,65.14,3.831764705882353
32,10,32,19,72.79,3.8310526315789475
32,10,33,13,49.76,3.8276923076923075
32,10,34,3,11.33,3.776666666666667
32,10,35,1,3.76,3.76
32,10,36,19,70.2,3.694736842105263
32,10,37,13,47.11,3.623846153846154
32,10,38,6,21.54,3.59
32,10,39,8,28.47,3.55875
32,10,40,18,64.03,3.5572222222222223
32,10,41,18,59.43,3.3016666666666667
32,10,42,7,22.69,3.2414285714285715
32,10,43,18,58.26,3.2366666666666664
32,10,44,17,53.93,3.1723529411764706
32,10,45,19,60.18,3.1673684210526316
32,10,46,9,27.33,3.0366666666666666
32,10,47,16,47.04,2.94
32,10,48,6,17.45,2.908333333333333
32,10,49,1,2.9,2.9
32,10,50,14,40.49,2.8921428571428573
32,10,51,13,37.42,2.8784615384615386
32,10,52,8,22.95,2.86875
32,10,53,1,2.85,2.85
32,10,54,19,53.84,2.833684210526316
32,10,55,4,11.23,2.8075
32,10,56,2,5.59,2.795
32,10,57,18,48.31,2.683888888888889
32,10,58,11,29.43,2.6754545454545453
32,10,59,16,42.29,2.643125
32,10,60,20,52.62,2.631
32,10,61,12,31.54,2.6283333333333334
32,10,62,15,39.28,2.618666666666667
32,10,63,12,30.9,2.5749999999999997
32,10,64,3,7.71,2.57
32,10,65,17,42.8,2.5176470588235293
32,10,66,12,28.86,2.405
32,10,67,1,2.29,2.29
32,10,68,6,13.53,2.255
32,10,69,6,13.11,2.185
32,10,70,10,21.6,2.16
32,10,71,7,14.56,2.08
32,10,72,11,22.5,2.0454545454545454
32,10,73,8,16.11,2.01375
32,10,74,19,37.63,1.980526315789474
32,10,75,6,11.4,1.9000000000000001
32,10,76,9,16.36,1.8177777777777777
32,10,77,4,7.1,1.775
32,10,78,13,22.99,1.7684615384615383
32,10,79,10,17.52,1.752
32,10,80,5,8.73,1.746
32,10,81,17,29.5,1.7352941176470589
32,10,82,8,13.75,1.71875
32,10,83,6,10.26,1.71
32,10,84,9,14.1,1.5666666666666667
32,10,85,11,17.1,1.5545454545454547
32,10,86,4,5.77,1.4425
32,10,87,16,22.52,1.4075
32,10,88,17,23.0,1.3529411764705883
32,10,89,15,17.88,1.192
32,10,90,7,7.23,1.032857142857143
32,10,91,4,4.09,1.0225
32,10,92,10,7.73,0.773
32,10,93,17,9.83,0.5782352941176471
32,10,94,11,6.05,0.5499999999999999
32,10,95,13,7.08,0.5446153846153846
32,10,96,16,7.04,0.44
32,10,97,8,3.3,0.4125
32,10,98,13,4.84,0.3723076923076923
32,10,99,1,0.28,0.28
32,11,0,8,34.27,4.28375
32,11,1,5,21.25,4.25
32,11,2,10,41.88,4.188000000000001
32,11,3,10,41.55,4.154999999999999
32,11,4,7,27.7,3.957142857142857
32,11,5,13,50.76,3.9046153846153846
32,11,6,16,61.16,3.8225
32,11,7,12,45.54,3.795
32,11,8,6,22.63,3.7716666666666665
32,11,9,1,3.7,3.7
32,11,10,8,29.51,3.68875
32,11,11,19,69.0,3.6315789473684212
32,11,12,18,65.24,3.6244444444444444
32,11,13,17,60.59,3.564117647058824
32,11,14,20,71.2,3.56
32,11,15,6,21.31,3.5516666666666663
32,11,16,18,63.23,3.5127777777777776
32,11,17,16,55.86,3.49125
32,11,18,20,69.48,3.474
32,11,19,6,20.66,3.4433333333333334
32,11,20,16,54.77,3.423125
32,11,21,7,23.63,3.3757142857142854
32,11,22,8,26.52,3.315
32,11,23,15,49.14,3.2760000000000002
32,11,24,16,51.92,3.245
32,11,25,9,29.04,3.2266666666666666
32,11,26,18,58.07,3.226111111111111
32,11,27,16,51.45,3.215625
32,11,28,4,12.09,3.0225
32,11,29,20,60.45,3.0225
32,11,30,12,35.16,2.9299999999999997
32,11,31,11,31.21,2.8372727272727274
32,11,32,11,31.07,2.8245454545454547
32,11,33,7,19.66,2.8085714285714287
32,11,34,20,54.46,2.723
32,11,35,1,2.71,2.71
32,11,36,7,18.85,2.692857142857143
32,11,37,7,18.38,2.6257142857142854
32,11,38,11,27.29,2.480909090909091
32,11,39,10,24.79,2.479
32,11,40,3,7.43,2.4766666666666666
32,11,41,3,7.17,2.39
32,11,42,7,16.68,2.382857142857143
32,11,43,20,45.24,2.262
32,11,44,5,11.17,2.234
32,11,45,19,40.49,2.1310526315789473
32,11,46,2,4.23,2.115
32,11,47,7,14.75,2.107142857142857
32,11,48,16,33.02,2.06375
32,11,49,18,36.74,2.0411111111111113
32,11,50,20,40.11,2.0055
32,11,51,12,23.84,1.9866666666666666
32,11,52,10,19.24,1.924
32,11,53,18,33.51,1.8616666666666666
32,11,54,1,1.86,1.86
32,11,55,3,5.56,1.8533333333333333
32,11,56,6,10.93,1.8216666666666665
32,11,57,8,13.67,1.70875
32,11,58,8,13.65,1.70625
32,11,59,6,10.2,1.7
32,11,60,14,23.54,1.6814285714285713
32,11,61,4,6.61,1.6525
32,11,62,1,1.59,1.59
32,11,63,4,6.24,1.56
32,11,64,3,4.39,1.4633333333333332
32,11,65,15,21.1,1.4066666666666667
32,11,66,11,15.43,1.4027272727272726
32,11,67,10,14.0,1.4
32,11,68,18,24.89,1.3827777777777779
32,11,69,8,10.4,1.3
32,11,70,19,21.32,1.1221052631578947
32,11,71,9,8.54,0.9488888888888888
32,11,72,17,15.39,0.9052941176470588
32,11,73,9,7.7,0.8555555555555556
32,11,74,4,3.05,0.7625
32,11,75,6,4.4,0.7333333333333334
32,11,76,14,9.94,0.71
32,11,77,5,3.55,0.71
32,11,78,10,7.06,0.706
32,11,79,13,8.84,0.6799999999999999
32,11,80,3,2.02,0.6733333333333333
32,11,81,2,1.33,0.665
32,11,82,5,3.31,0.662
32,11,83,4,2.52,0.63
32,11,84,5,3.12,0.624
32,11,85,12,6.95,0.5791666666666667
32,11,86,9,5.2,0.5777777777777778
32,11,87,8,4.24,0.53
32,11,88,14,7.19,0.5135714285714286
32,11,89,11,5.47,0.49727272727272726
32,11,90,6,2.79,0.465
32,11,91,5,2.22,0.44400000000000006
32,11,92,19,7.9,0.41578947368421054
32,11,93,3,1.16,0.38666666666666666
32,11,94,2,0.76,0.38
32,11,95,12,3.59,0.29916666666666664
32,11,96,20,4.95,0.2475
32,11,97,13,3.13,0.24076923076923076
32,11,98,2,0.4,0.2
32,11,99,2,0.37,0.185
32,21,0,12,39.01,3.250833333333333
32,21,1,4,12.95,3.2375
32,21,2,9,29.09,3.232222222222222
32,21,3,4,12.29,3.0725
32,21,4,10,30.72,3.072
32,21,5,5,15.36,3.072
32,21,6,10,30.7,3.07
32,21,7,8,24.49,3.06125
32,21,8,11,33.32,3.0290909090909093
32,21,9,20,59.42,2.971
32,21,10,11,32.41,2.946363636363636
32,21,11,7,20.56,2.937142857142857
32,21,12,20,58.57,2.9285
32,21,13,13,37.86,2.9123076923076923
32,21,14,9,25.48,2.8311111111111114
32,21,15,12,33.84,2.8200000000000003
32,21,16,3,8.39,2.796666666666667
32,21,17,8,22.37,2.79625
32,21,18,15,41.5,2.7666666666666666
32,21,19,15,41.38,2.758666666666667
32,21,20,11,29.84,2.712727272727273
32,21,21,5,13.36,2.6719999999999997
32,21,22,5,13.06,2.612
32,21,23,15,38.01,2.534
32,21,24,12,29.83,2.4858333333333333
32,21,25,6,14.91,2.485
32,21,26,3,7.4,2.466666666666667
32,21,27,9,21.81,2.4233333333333333
32,21,28,3,7.2,2.4
32,21,29,1,2.36,2.36
32,21,30,5,11.47,2.294
32,21,31,18,40.29,2.2383333333333333
32,21,32,18,39.59,2.1994444444444445
32,21,33,4,8.79,2.1975
32,21,34,17,37.33,2.1958823529411764
32,21,35,6,12.91,2.151666666666667
32,21,36,13,27.91,2.146923076923077
32,21,37,13,27.86,2.143076923076923
32,21,38,14,29.6,2.1142857142857143
32,21,39,17,35.79,2.105294117647059
32,21,40,14,28.96,2.0685714285714285
32,21,41,6,11.7,1.95
32,21,42,18,34.22,1.901111111111111
32,21,43,10,18.09,1.809
32,21,44,18,32.03,1.7794444444444446
32,21,45,19,32.66,1.7189473684210526
32,21,46,8,13.67,1.70875
32,21,47,7,11.7,1.6714285714285713
32,21,48,13,21.4,1.646153846153846
32,21,49,5,8.16,1.6320000000000001
32,21,50,19,30.2,1.5894736842105264
32,21,51,9,14.29,1.5877777777777777
32,21,52,3,4.58,1.5266666666666666
32,21,53,7,10.43,1.49
32,21,54,11,15.77,1.4336363636363636
32,21,55,1,1.43,1.43
32,21,56,20,28.31,1.4155
32,21,57,10,14.14,1.4140000000000001
32,21,58,3,4.18,1.3933333333333333
32,21,59,1,1.34,1.34
32,21,60,3,3.96,1.32
32,21,61,9,11.82,1.3133333333333335
32,21,62,6,7.63,1.2716666666666667
32,21,63,14,17.41,1.2435714285714285
32,21,64,9,11.14,1.2377777777777779
32,21,65,4,4.91,1.2275
32,21,66,3,3.41,1.1366666666666667
32,21,67,17,19.1,1.1235294117647059
32,21,68,3,3.23,1.0766666666666667
32,21,69,6,5.93,0.9883333333333333
32,21,70,7,6.6,0.9428571428571428
32,21,71,15,13.92,0.928
32,21,72,1,0.9,0.9
32,21,73,13,11.23,0.8638461538461539
32,21,74,2,1.67,0.835
32,21,75,18,14.37,0.7983333333333333
32,21,76,11,8.52,0.7745454545454545
32,21,77,14,10.5,0.75
32,21,78,14,10.37,0.7407142857142857
32,21,79,1,0.74,0.74
32,21,80,14,10.15,0.725
32,21,81,10,7.16,0.716
32,21,82,15,10.2,0.6799999999999999
32,21,83,16,8.72,0.545
32,21,84,15,7.69,0.5126666666666667
32,21,85,16,8.1,0.50625
32,21,86,8,4.01,0.50125
32,21,87,2,0.95,0.475
32,21,88,7,3.23,0.4614285714285714
32,21,89,4,1.69,0.4225
32,21,90,9,3.7,0.41111111111111115
32,21,91,20,7.8,0.39
32,21,92,2,0.76,0.38
32,21,93,4,1.38,0.345
32,21,94,13,4.38,0.33692307692307694
32,21,95,11,3.49,0.3172727272727273
32,21,96,18,4.75,0.2638888888888889
32,21,97,8,1.83,0.22875
32,21,98,4,0.7,0.175
32,21,99,8,1.12,0.14
32,39,0,2,4.24,2.12
32,39,1,17,35.59,2.093529411764706
32,39,2,16,33.3,2.08125
32,39,3,11,22.74,2.067272727272727
32,39,4,9,18.45,2.05
32,39,5,11,22.39,2.0354545454545456
32,39,6,20,40.63,2.0315000000000003
32,39,7,16,31.91,1.994375
32,39,8,7,13.77,1.967142857142857
32,39,9,9,17.66,1.9622222222222223
32,39,10,4,7.83,1.9575
32,39,11,17,33.11,1.9476470588235293
32,39,12,9,16.98,1.8866666666666667
32,39,13,11,20.62,1.8745454545454547
32,39,14,14,25.59,1.8278571428571428
32,39,15,10,18.25,1.825
32,39,16,8,14.35,1.79375
32,39,17,2,3.56,1.78
32,39,18,3,5.15,1.7166666666666668
32,39,19,14,23.61,1.6864285714285714
32,39,20,18,29.43,1.635
32,39,21,9,14.67,1.63
32,39,22,10,16.12,1.612
32,39,23,5,8.03,1.6059999999999999
32,39,24,17,27.15,1.5970588235294116
32,39,25,6,9.58,1.5966666666666667
32,39,26,14,22.32,1.5942857142857143
32,39,27,18,28.54,1.5855555555555556
32,39,28,13,20.22,1.5553846153846154
32,39,29,5,7.77,1.5539999999999998
32,39,30,9,13.82,1.5355555555555556
32,39,31,10,14.99,1.499
32,39,32,16,23.79,1.486875
32,39,33,6,8.91,1.485
32,39,34,12,17.39,1.4491666666666667
32,39,35,9,12.53,1.3922222222222222
32,39,36,6,8.25,1.375
32,39,37,1,1.33,1.33
32,39,38,13,17.23,1.3253846153846154
32,39,39,9,11.86,1.3177777777777777
32,39,40,2,2.55,1.275
32,39,41,17,21.39,1.2582352941176471
32,39,42,13,15.71,1.2084615384615385
32,39,43,2,2.41,1.205
32,39,44,19,22.11,1.1636842105263157
32,39,45,2,2.3,1.15
32,39,46,3,3.43,1.1433333333333333
32,39,47,17,19.17,1.1276470588235294
32,39,48,12,13.31,1.1091666666666666
32,39,49,12,12.89,1.0741666666666667
32,39,50,14,14.97,1.0692857142857144
32,39,51,14,14.88,1.062857142857143
32,39,52,10,10.44,1.044
32,39,53,18,18.79,1.0438888888888889
32,39,54,12,12.5,1.0416666666666667
32,39,55,2,2.05,1.025
32,39,56,9,8.47,0.9411111111111112
32,39,57,9,8.33,0.9255555555555556
32,39,58,16,14.73,0.920625
32,39,59,2,1.8,0.9
32,39,60,17,14.12,0.8305882352941176
32,39,61,19,15.43,0.8121052631578948
32,39,62,10,8.07,0.807
32,39,63,12,9.67,0.8058333333333333
32,39,64,12,9.6,0.7999999999999999
32,39,65,2,1.56,0.78
32,39,66,11,8.55,0.7772727272727273
32,39,67,16,12.34,0.77125
32,39,68,8,5.87,0.73375
32,39,69,16,11.11,0.694375
32,39,70,3,2.02,0.6733333333333333
32,39,71,1,0.66,0.66
32,39,72,15,9.45,0.63
32,39,73,7,4.38,0.6257142857142857
32,39,74,20,12.21,0.6105
32,39,75,2,1.21,0.605
32,39,76,18,10.62,0.59
32,39,77,2,1.15,0.575
32,39,78,20,11.24,0.562
32,39,79,6,3.35,0.5583333333333333
32,39,80,17,9.1,0.5352941176470588
32,39,81,13,6.68,0.5138461538461538
32,39,82,13,6.55,0.5038461538461538
32,39,83,13,6.51,0.5007692307692307
32,39,84,5,2.27,0.454
32,39,85,19,7.92,0.4168421052631579
32,39,86,17,6.68,0.39294117647058824
32,39,87,4,1.54,0.385
32,39,88,14,4.85,0.3464285714285714
32,39,89,2,0.5,0.25
32,39,90,14,2.7,0.19285714285714287
32,39,91,18,3.45,0.19166666666666668
32,39,92,7,1.3,0.18571428571428572
32,39,93,9,1.65,0.18333333333333332
32,39,94,14,2.19,0.15642857142857142
32,39,95,14,2.17,0.155
32,39,96,3,0.37,0.12333333333333334
32,39,97,13,1.58,0.12153846153846154
32,39,98,8,0.91,0.11375
32,39,99,9,0.92,0.10222222222222223
32,46,0,9,45.38,5.042222222222223
32,46,1,16,80.19,5.011875
32,46,2,11,55.0,5.0
32,46,3,15,74.78,4.985333333333333
32,46,4,15,74.59,4.972666666666667
32,46,5,14,68.77,4.9121428571428565
32,46,6,13,63.18,4.86
32,46,7,6,28.32,4.72
32,46,8,12,55.64,4.636666666666667
32,46,9,5,22.88,4.576
32,46,10,18,82.08,4.56
32,46,11,9,39.99,4.443333333333333
32,46,12,9,39.1,4.344444444444445
32,46,13,15,63.27,4.218
32,46,14,18,75.17,4.176111111111111
32,46,15,7,28.76,4.1085714285714285
32,46,16,6,24.6,4.1000000000000005
32,46,17,13,51.66,3.9738461538461536
32,46,18,16,63.44,3.965
32,46,19,9,35.66,3.9622222222222216
32,46,20,5,19.71,3.942
32,46,21,16,62.75,3.921875
32,46,22,2,7.82,3.91
32,46,23,5,19.53,3.906
32,46,24,19,71.96,3.7873684210526313
32,46,25,9,33.53,3.7255555555555557
32,46,26,7,26.03,3.718571428571429
32,46,27,4,14.79,3.6975
32,46,28,15,54.79,3.6526666666666667
32,46,29,6,21.84,3.64
32,46,30,11,38.07,3.460909090909091
32,46,31,7,23.55,3.3642857142857143
32,46,32,20,65.84,3.2920000000000003
32,46,33,13,42.52,3.270769230769231
32,46,34,3,9.75,3.25
32,46,35,8,25.77,3.22125
32,46,36,2,6.31,3.155
32,46,37,10,31.06,3.106
32,46,38,18,55.52,3.0844444444444448
32,46,39,4,12.25,3.0625
32,46,40,4,11.42,2.855
32,46,41,10,28.52,2.852
32,46,42,14,37.51,2.6792857142857143
32,46,43,13,33.85,2.603846153846154
32,46,44,17,43.62,2.5658823529411765
32,46,45,5,12.5,2.5
32,46,46,7,17.39,2.4842857142857144
32,46,47,18,44.71,2.483888888888889
32,46,48,20,48.91,2.4455
32,46,49,15,36.58,2.4386666666666668
32,46,50,18,41.31,2.295
32,46,51,16,36.64,2.29
32,46,52,1,2.28,2.28
32,46,53,20,45.21,2.2605
32,46,54,18,40.34,2.2411111111111115
32,46,55,9,17.78,1.9755555555555557
32,46,56,6,11.6,1.9333333333333333
32,46,57,16,30.66,1.91625
32,46,58,15,28.66,1.9106666666666667
32,46,59,5,9.53,1.906
32,46,60,13,24.41,1.8776923076923078
32,46,61,10,18.66,1.866
32,46,62,11,20.46,1.86
32,46,63,1,1.79,1.79
32,46,64,10,17.67,1.7670000000000001
32,46,65,13,21.71,1.6700000000000002
32,46,66,11,18.18,1.6527272727272726
32,46,67,17,28.03,1.6488235294117648
32,46,68,20,30.39,1.5195
32,46,69,17,25.01,1.4711764705882353
32,46,70,3,4.26,1.42
32,46,71,15,20.61,1.3739999999999999
32,46,72,6,7.42,1.2366666666666666
32,46,73,20,24.22,1.2109999999999999
32,46,74,2,2.39,1.195
32,46,75,5,5.95,1.19
32,46,76,6,6.83,1.1383333333333334
32,46,77,13,14.24,1.0953846153846154
32,46,78,17,17.01,1.0005882352941178
32,46,79,2,1.93,0.965
32,46,80,7,6.66,0.9514285714285714
32,46,81,17,16.13,0.9488235294117646
32,46,82,14,12.95,0.9249999999999999
32,46,83,17,15.13,0.89
32,46,84,3,2.42,0.8066666666666666
32,46,85,9,7.15,0.7944444444444445
32,46,86,1,0.79,0.79
32,46,87,1,0.77,0.77
32,46,88,16,10.99,0.686875
32,46,89,13,7.97,0.6130769230769231
32,46,90,9,5.06,0.5622222222222222
32,46,91,12,6.62,0.5516666666666666
32,46,92,17,8.69,0.5111764705882352
32,46,93,9,4.34,0.4822222222222222
32,46,94,13,4.77,0.3669230769230769
32,46,95,20,6.98,0.34900000000000003
32,46,96,9,2.74,0.30444444444444446
32,46,97,12,2.73,0.2275
32,46,98,3,0.66,0.22
32,46,99,2,0.43,0.215
32,77,0,6,22.44,3.74
32,77,1,3,10.82,3.606666666666667
32,77,2,7,25.05,3.5785714285714287
32,77,3,16,57.2,3.575
32,77,4,1,3.5,3.5
32,77,5,10,34.7,3.47
32,77,6,4,13.86,3.465
32,77,7,13,44.85,3.45
32,77,8,19,65.35,3.439473684210526
32,77,9,1,3.43,3.43
32,77,10,8,27.38,3.4225
32,77,11,20,67.85,3.3924999999999996
32,77,12,14,47.02,3.358571428571429
32,77,13,1,3.33,3.33
32,77,14,18,58.99,3.2772222222222225
32,77,15,8,26.09,3.26125
32,77,16,14,43.85,3.132142857142857
32,77,17,8,24.8,3.1
32,77,18,15,46.32,3.088
32,77,19,13,39.15,3.0115384615384615
32,77,20,6,17.56,2.9266666666666663
32,77,21,7,20.47,2.924285714285714
32,77,22,7,20.46,2.922857142857143
32,77,23,18,52.08,2.893333333333333
32,77,24,14,39.84,2.845714285714286
32,77,25,15,42.35,2.8233333333333333
32,77,26,9,25.32,2.8133333333333335
32,77,27,6,16.64,2.7733333333333334
32,77,28,1,2.76,2.76
32,77,29,13,35.71,2.746923076923077
32,77,30,2,5.49,2.745
32,77,31,3,8.18,2.7266666666666666
32,77,32,2,5.42,2.71
32,77,33,19,51.18,2.6936842105263157
32,77,34,15,40.28,2.6853333333333333
32,77,35,7,18.71,2.672857142857143
32,77,36,13,33.45,2.5730769230769233
32,77,37,7,17.53,2.5042857142857144
32,77,38,1,2.45,2.45
32,77,39,11,26.91,2.4463636363636363
32,77,40,7,16.99,2.427142857142857
32,77,41,18,42.75,2.375
32,77,42,1,2.34,2.34
32,77,43,19,44.05,2.318421052631579
32,77,44,6,13.8,2.3000000000000003
32,77,45,15,34.36,2.2906666666666666
32,77,46,6,13.73,2.2883333333333336
32,77,47,2,4.39,2.195
32,77,48,9,19.53,2.17
32,77,49,6,12.67,2.111666666666667
32,77,50,6,12.61,2.1016666666666666
32,77,51,11,23.06,2.096363636363636
32,77,52,2,4.08,2.04
32,77,53,17,34.42,2.0247058823529414
32,77,54,6,11.59,1.9316666666666666
32,77,55,16,29.26,1.82875
32,77,56,7,12.3,1.7571428571428573
32,77,57,13,22.74,1.7492307692307691
32,77,58,1,1.7,1.7
32,77,59,16,27.18,1.69875
32,77,60,6,10.12,1.6866666666666665
32,77,61,4,6.0,1.5
32,77,62,4,5.89,1.4725
32,77,63,8,11.69,1.46125
32,77,64,14,18.68,1.3342857142857143
32,77,65,2,2.57,1.285
32,77,66,1,1.23,1.23
32,77,67,11,13.16,1.1963636363636363
32,77,68,8,9.49,1.18625
32,77,69,10,11.75,1.175
32,77,70,17,19.78,1.163529411764706
32,77,71,3,3.45,1.1500000000000001
32,77,72,9,10.2,1.1333333333333333
32,77,73,18,20.09,1.116111111111111
32,77,74,11,12.22,1.110909090909091
32,77,75,4,4.16,1.04
32,77,76,20,20.01,1.0005000000000002
32,77,77,20,19.49,0.9744999999999999
32,77,78,9,8.32,0.9244444444444445
32,77,79,4,3.68,0.92
32,77,80,5,4.37,0.874
32,77,81,15,13.08,0.872
32,77,82,14,11.58,0.8271428571428572
32,77,83,13,10.39,0.7992307692307693
32,77,84,9,7.02,0.7799999999999999
32,77,85,7,5.2,0.7428571428571429
32,77,86,19,11.06,0.5821052631578948
32,77,87,5,2.89,0.5780000000000001
32,77,88,11,6.25,0.5681818181818182
32,77,89,11,6.21,0.5645454545454546
32,77,90,15,7.06,0.4706666666666666
32,77,91,10,4.61,0.461
32,77,92,6,2.64,0.44
32,77,93,6,2.53,0.42166666666666663
32,77,94,14,5.65,0.4035714285714286
32,77,95,5,1.72,0.344
32,77,96,4,1.23,0.3075
32,77,97,10,2.89,0.28900000000000003
32,77,98,7,1.68,0.24
32,77,99,8,1.64,0.205
32,85,0,9,74.57,8.285555555555554
32,85,1,10,80.63,8.062999999999999
32,85,2,19,151.73,7.98578947368421
32,85,3,20,159.31,7.9655000000000005
32,85,4,10,76.79,7.679
32,85,5,3,22.93,7.6433333333333335
32,85,6,14,106.42,7.601428571428571
32,85,7,17,127.75,7.514705882352941
32,85,8,10,73.86,7.386
32,85,9,3,22.12,7.373333333333334
32,85,10,5,36.35,7.2700000000000005
32,85,11,13,92.9,7.1461538461538465
32,85,12,20,141.04,7.052
32,85,13,15,104.37,6.958
32,85,14,19,130.9,6.889473684210526
32,85,15,9,62.0,6.888888888888889
32,85,16,9,61.73,6.858888888888888
32,85,17,10,68.21,6.821
32,85,18,7,47.55,6.792857142857143
32,85,19,17,114.27,6.721764705882353
32,85,20,16,107.52,6.72
32,85,21,19,126.08,6.63578947368421
32,85,22,18,118.08,6.56
32,85,23,14,91.7,6.55
32,85,24,12,78.38,6.531666666666666
32,85,25,12,77.52,6.46
32,85,26,15,96.69,6.446
32,85,27,4,24.84,6.21
32,85,28,18,110.86,6.158888888888889
32,85,29,8,48.53,6.06625
32,85,30,6,36.11,6.0183333333333335
32,85,31,20,115.67,5.7835
32,85,32,11,63.15,5.740909090909091
32,85,33,15,83.64,5.576
32,85,34,5,27.7,5.54
32,85,35,2,11.07,5.535
32,85,36,2,11.05,5.525
32,85,37,1,5.42,5.42
32,85,38,14,75.26,5.375714285714286
32,85,39,10,53.66,5.366
32,85,40,16,85.8,5.3625
32,85,41,4,20.53,5.1325
32,85,42,20,101.59,5.0795
32,85,43,15,74.43,4.962000000000001
32,85,44,3,14.27,4.756666666666667
32,85,45,19,89.83,4.727894736842106
32,85,46,10,47.2,4.720000000000001
32,85,47,3,14.15,4.716666666666667
32,85,48,18,84.76,4.70888888888889
32,85,49,19,83.17,4.377368421052632
32,85,50,13,55.74,4.287692307692308
32,85,51,17,71.44,4.20235294117647
32,85,52,15,62.26,4.150666666666667
32,85,53,17,66.32,3.901176470588235
32,85,54,1,3.86,3.86
32,85,55,17,63.64,3.743529411764706
32,85,56,5,18.03,3.6060000000000003
32,85,57,16,57.6,3.6
32,85,58,17,60.45,3.5558823529411767
32,85,59,2,6.78,3.39
32,85,60,17,57.39,3.3758823529411766
32,85,61,15,47.61,3.174
32,85,62,7,21.89,3.1271428571428572
32,85,63,11,34.31,3.119090909090909
32,85,64,20,61.9,3.0949999999999998
32,85,65,12,35.18,2.9316666666666666
32,85,66,5,14.3,2.8600000000000003
32,85,67,2,5.65,2.825
32,85,68,3,8.1,2.6999999999999997
32,85,69,3,8.07,2.69
32,85,70,17,45.43,2.6723529411764706
32,85,71,6,15.8,2.6333333333333333
32,85,72,11,28.65,2.6045454545454545
32,85,73,20,50.2,2.5100000000000002
32,85,74,17,38.67,2.2747058823529414
32,85,75,8,17.64,2.205
32,85,76,15,32.68,2.1786666666666665
32,85,77,15,31.06,2.0706666666666664
32,85,78,15,30.89,2.0593333333333335
32,85,79,20,37.99,1.8995000000000002
32,85,80,9,17.03,1.8922222222222222
32,85,81,5,8.25,1.65
32,85,82,11,15.97,1.451818181818182
32,85,83,5,7.18,1.436
32,85,84,11,15.28,1.389090909090909
32,85,85,9,11.81,1.3122222222222222
32,85,86,3,3.4,1.1333333333333333
32,85,87,8,8.4,1.05
32,85,88,15,14.63,0.9753333333333334
32,85,89,5,4.86,0.9720000000000001
32,85,90,16,15.15,0.946875
32,85,91,9,8.05,0.8944444444444445
32,85,92,15,12.3,0.8200000000000001
32,85,93,2,1.56,0.78
32,85,94,3,2.01,0.6699999999999999
32,85,95,20,9.83,0.4915
32,85,96,2,0.84,0.42
32,85,97,4,1.58,0.395
32,85,98,8,3.11,0.38875
32,85,99,20,6.73,0.3365
32,94,0,4,15.18,3.795
32,94,1,13,48.31,3.7161538461538464
32,94,2,14,51.02,3.6442857142857146
32,94,3,19,67.95,3.5763157894736843
32,94,4,20,71.42,3.571
32,94,5,3,10.64,3.546666666666667
32,94,6,1,3.5,3.5
32,94,7,1,3.42,3.42
32,94,8,6,20.4,3.4
32,94,9,18,60.0,3.3333333333333335
32,94,10,12,39.92,3.3266666666666667
32,94,11,14,46.51,3.322142857142857
32,94,12,3,9.93,3.31
32,94,13,4,13.16,3.29
32,94,14,10,32.62,3.2619999999999996
32,94,15,17,54.45,3.2029411764705884
32,94,16,11,33.34,3.030909090909091
32,94,17,12,36.34,3.0283333333333338
32,94,18,2,6.0,3.0
32,94,19,20,57.81,2.8905000000000003
32,94,20,20,57.79,2.8895
32,94,21,7,20.14,2.8771428571428572
32,94,22,7,20.0,2.857142857142857
32,94,23,20,57.02,2.851
32,94,24,11,31.1,2.8272727272727276
32,94,25,16,44.59,2.786875
32,94,26,15,41.32,2.7546666666666666
32,94,27,18,49.47,2.748333333333333
32,94,28,1,2.72,2.72
32,94,29,11,29.23,2.6572727272727272
32,94,30,7,18.44,2.6342857142857143
32,94,31,2,5.2,2.6
32,94,32,15,37.13,2.4753333333333334
32,94,33,12,29.68,2.473333333333333
32,94,34,4,9.83,2.4575
32,94,35,7,16.78,2.3971428571428572
32,94,36,10,23.87,2.387
32,94,37,10,23.82,2.382
32,94,38,17,40.3,2.3705882352941177
32,94,39,3,7.0,2.3333333333333335
32,94,40,6,12.8,2.1333333333333333
32,94,41,5,10.51,2.102
32,94,42,5,10.24,2.048
32,94,43,19,38.74,2.0389473684210526
32,94,44,15,30.46,2.030666666666667
32,94,45,18,36.27,2.015
32,94,46,11,22.02,2.001818181818182
32,94,47,2,3.95,1.975
32,94,48,7,13.69,1.9557142857142857
32,94,49,3,5.39,1.7966666666666666
32,94,50,16,27.42,1.71375
32,94,51,7,11.83,1.69
32,94,52,1,1.69,1.69
32,94,53,11,18.42,1.6745454545454548
32,94,54,19,31.72,1.6694736842105262
32,94,55,16,26.47,1.654375
32,94,56,9,14.64,1.6266666666666667
32,94,57,11,17.75,1.6136363636363635
32,94,58,20,32.0,1.6
32,94,59,17,27.0,1.588235294117647
32,94,60,5,7.76,1.552
32,94,61,7,10.86,1.5514285714285714
32,94,62,6,9.28,1.5466666666666666
32,94,63,11,15.28,1.389090909090909
32,94,64,9,12.44,1.3822222222222222
32,94,65,19,26.13,1.3752631578947367
32,94,66,11,15.03,1.3663636363636362
32,94,67,11,15.03,1.3663636363636362
32,94,68,3,4.03,1.3433333333333335
32,94,69,10,13.29,1.329
32,94,70,7,9.28,1.3257142857142856
32,94,71,20,25.77,1.2885
32,94,72,1,1.27,1.27
32,94,73,19,23.59,1.2415789473684211
32,94,74,4,4.94,1.235
32,94,75,5,6.14,1.228
32,94,76,10,11.65,1.165
32,94,77,7,8.01,1.1442857142857144
32,94,78,16,17.5,1.09375
32,94,79,12,12.05,1.0041666666666667
32,94,80,8,7.99,0.99875
32,94,81,20,18.61,0.9305
32,94,82,5,4.26,0.852
32,94,83,9,7.25,0.8055555555555556
32,94,84,2,1.6,0.8
32,94,85,10,7.7,0.77
32,94,86,9,6.66,0.74
32,94,87,10,7.26,0.726
32,94,88,19,13.01,0.6847368421052632
32,94,89,11,7.49,0.6809090909090909
32,94,90,16,10.75,0.671875
32,94,91,18,11.41,0.633888888888889
32,94,92,1,0.61,0.61
32,94,93,13,6.57,0.5053846153846154
32,94,94,7,3.15,0.45
32,94,95,14,5.81,0.415
32,94,96,18,4.97,0.2761111111111111
32,94,97,10,2.71,0.271
32,94,98,15,3.84,0.256
32,94,99,1,0.19,0.19
39,7,0,20,185.63,9.2815
39,7,1,1,8.86,8.86
39,7,2,16,140.81,8.800625
39,7,3,15,131.19,8.746
39,7,4,16,138.35,8.646875
39,7,5,2,17.28,8.64
39,7,6,19,161.1,8.478947368421052
39,7,7,11,93.24,8.476363636363637
39,7,8,3,25.15,8.383333333333333
39,7,9,19,157.71,8.300526315789474
39,7,10,18,149.02,8.27888888888889
39,7,11,3,24.71,8.236666666666666
39,7,12,18,146.81,8.15611111111111
39,7,13,4,32.25,8.0625
39,7,14,10,78.65,7.865
39,7,15,14,109.53,7.823571428571428
39,7,16,1,7.82,7.82
39,7,17,6,46.02,7.670000000000001
39,7,18,9,68.8,7.644444444444444
39,7,19,11,82.71,7.519090909090909
39,7,20,19,141.72,7.458947368421053
39,7,21,15,110.57,7.371333333333333
39,7,22,3,21.94,7.3133333333333335
39,7,23,19,138.6,7.294736842105263
39,7,24,8,57.53,7.19125
39,7,25,13,92.26,7.096923076923077
39,7,26,4,27.79,6.9475
39,7,27,6,40.68,6.78
39,7,28,18,114.01,6.33388888888889
39,7,29,13,80.95,6.226923076923077
39,7,30,18,111.84,6.213333333333334
39,7,31,20,123.1,6.154999999999999
39,7,32,7,42.61,6.087142857142857
39,7,33,16,97.34,6.08375
39,7,34,19,115.05,6.0552631578947365
39,7,35,18,107.81,5.989444444444445
39,7,36,16,94.21,5.888125
39,7,37,4,22.19,5.5475
39,7,38,16,86.65,5.415625
39,7,39,12,64.12,5.343333333333334
39,7,40,10,53.28,5.328
39,7,41,8,41.91,5.23875
39,7,42,17,86.52,5.089411764705882
39,7,43,12,60.85,5.070833333333334
39,7,44,14,69.59,4.970714285714286
39,7,45,12,58.63,4.885833333333333
39,7,46,8,38.71,4.83875
39,7,47,16,72.8,4.55
39,7,48,11,49.14,4.467272727272728
39,7,49,9,39.39,4.376666666666667
39,7,50,6,25.06,4.176666666666667
39,7,51,3,12.37,4.123333333333333
39,7,52,4,16.14,4.035
39,7,53,7,27.62,3.9457142857142857
39,7,54,14,54.23,3.873571428571428
39,7,55,13,49.93,3.8407692307692307
39,7,56,17,64.92,3.8188235294117647
39,7,57,1,3.65,3.65
39,7,58,13,47.37,3.6438461538461535
39,7,59,8,27.38,3.4225
39,7,60,13,43.73,3.3638461538461537
39,7,61,12,39.82,3.3183333333333334
39,7,62,9,29.61,3.29
39,7,63,13,42.33,3.256153846153846
39,7,64,4,12.98,3.245
39,7,65,6,19.46,3.2433333333333336
39,7,66,1,3.18,3.18
39,7,67,1,3.03,3.03
39,7,68,14,41.75,2.982142857142857
39,7,69,16,47.6,2.975
39,7,70,3,8.92,2.973333333333333
39,7,71,8,22.54,2.8175
39,7,72,8,21.25,2.65625
39,7,73,16,41.73,2.608125
39,7,74,15,38.81,2.5873333333333335
39,7,75,10,24.96,2.496
39,7,76,18,43.41,2.4116666666666666
39,7,77,7,16.56,2.3657142857142857
39,7,78,20,46.89,2.3445
39,7,79,16,36.37,2.273125
39,7,80,8,17.88,2.235
39,7,81,16,35.16,2.1975
39,7,82,14,29.22,2.087142857142857
39,7,83,9,18.11,2.0122222222222224
39,7,84,7,12.77,1.8242857142857143
39,7,85,17,29.01,1.7064705882352942
39,7,86,13,21.6,1.6615384615384616
39,7,87,3,4.89,1.63
39,7,88,8,12.73,1.59125
39,7,89,7,10.17,1.4528571428571428
39,7,90,16,21.08,1.3175
39,7,91,9,11.08,1.231111111111111
39,7,92,19,18.11,0.9531578947368421
39,7,93,10,8.72,0.8720000000000001
39,7,94,3,2.55,0.85
39,7,95,15,9.98,0.6653333333333333
39,7,96,13,8.07,0.6207692307692307
39,7,97,5,3.1,0.62
39,7,98,19,11.62,0.611578947368421
39,7,99,2,1.0,0.5
39,10,0,3,14.56,4.8533333333333335
39,10,1,19,91.49,4.815263157894736
39,10,2,16,76.61,4.788125
39,10,3,6,28.61,4.7683333333333335
39,10,4,11,51.6,4.690909090909091
39,10,5,17,78.28,4.604705882352941
39,10,6,6,27.27,4.545
39,10,7,6,26.97,4.495
39,10,8,19,84.61,4.453157894736842
39,10,9,16,71.24,4.4525
39,10,10,3,13.0,4.333333333333333
39,10,11,13,56.33,4.333076923076923
39,10,12,16,68.6,4.2875
39,10,13,20,85.24,4.262
39,10,14,14,58.63,4.187857142857143
39,10,15,4,16.65,4.1625
39,10,16,8,32.77,4.09625
39,10,17,7,28.38,4.054285714285714
39,10,18,12,48.1,4.008333333333334
39,10,19,5,20.0,4.0
39,10,20,10,39.22,3.9219999999999997
39,10,21,18,69.74,3.8744444444444444
39,10,22,3,11.58,3.86
39,10,23,19,73.15,3.85
39,10,24,11,39.9,3.627272727272727
39,10,25,17,61.27,3.604117647058824
39,10,26,17,60.23,3.5429411764705883
39,10,27,16,54.63,3.414375
39,10,28,6,19.85,3.3083333333333336
39,10,29,2,6.53,3.265
39,10,30,5,16.22,3.2439999999999998
39,10,31,12,38.15,3.1791666666666667
39,10,32,14,44.28,3.162857142857143
39,10,33,1,3.16,3.16
39,10,34,4,12.46,3.115
39,10,35,15,46.51,3.1006666666666667
39,10,36,15,46.45,3.0966666666666667
39,10,37,9,27.61,3.0677777777777777
39,10,38,9,27.37,3.0411111111111113
39,10,39,7,21.28,3.04
39,10,40,20,58.22,2.911
39,10,41,8,23.24,2.905
39,10,42,11,31.54,2.867272727272727
39,10,43,11,31.37,2.851818181818182
39,10,44,6,16.94,2.8233333333333337
39,10,45,15,41.85,2.79
39,10,46,4,10.63,2.6575
39,10,47,4,10.59,2.6475
39,10,48,19,50.29,2.6468421052631577
39,10,49,9,23.46,2.606666666666667
39,10,50,1,2.59,2.59
39,10,51,7,18.04,2.577142857142857
39,10,52,11,27.77,2.5245454545454544
39,10,53,9,22.44,2.4933333333333336
39,10,54,5,12.35,2.4699999999999998
39,10,55,4,9.2,2.3
39,10,56,1,2.24,2.24
39,10,57,3,6.39,2.13
39,10,58,3,6.26,2.0866666666666664
39,10,59,3,6.2,2.066666666666667
39,10,60,1,2.06,2.06
39,10,61,10,18.75,1.875
39,10,62,3,5.4,1.8
39,10,63,20,35.09,1.7545000000000002
39,10,64,8,14.01,1.75125
39,10,65,14,21.81,1.5578571428571428
39,10,66,18,27.35,1.5194444444444446
39,10,67,18,27.21,1.5116666666666667
39,10,68,11,16.14,1.4672727272727273
39,10,69,15,21.58,1.4386666666666665
39,10,70,5,7.08,1.416
39,10,71,4,5.63,1.4075
39,10,72,7,9.69,1.3842857142857141
39,10,73,12,16.48,1.3733333333333333
39,10,74,11,14.92,1.3563636363636364
39,10,75,18,24.01,1.333888888888889
39,10,76,19,24.29,1.278421052631579
39,10,77,16,19.19,1.199375
39,10,78,19,21.39,1.1257894736842105
39,10,79,18,20.06,1.1144444444444443
39,10,80,17,17.79,1.046470588235294
39,10,81,13,13.59,1.0453846153846154
39,10,82,14,13.84,0.9885714285714285
39,10,83,8,6.75,0.84375
39,10,84,19,15.85,0.8342105263157894
39,10,85,4,3.28,0.82
39,10,86,4,3.08,0.77
39,10,87,10,6.89,0.689
39,10,88,6,3.96,0.66
39,10,89,2,1.27,0.635
39,10,90,18,11.36,0.6311111111111111
39,10,91,14,8.72,0.6228571428571429
39,10,92,13,7.93,0.61
39,10,93,15,8.65,0.5766666666666667
39,10,94,2,1.05,0.525
39,10,95,11,5.76,0.5236363636363636
39,10,96,6,2.93,0.48833333333333334
39,10,97,7,3.29,0.47000000000000003
39,10,98,7,1.89,0.26999999999999996
39,10,99,6,1.56,0.26
39,11,0,13,31.75,2.4423076923076925
39,11,1,1,2.42,2.42
39,11,2,17,41.12,2.4188235294117644
39,11,3,14,33.76,2.4114285714285715
39,11,4,19,45.15,2.376315789473684
39,11,5,1,2.32,2.32
39,11,6,10,23.18,2.318
39,11,7,16,35.8,2.2375
39,11,8,16,35.53,2.220625
39,11,9,19,42.15,2.218421052631579
39,11,10,17,37.43,2.201764705882353
39,11,11,1,2.17,2.17
39,11,12,14,30.19,2.1564285714285716
39,11,13,10,21.14,2.114
39,11,14,17,33.66,1.9799999999999998
39,11,15,3,5.9,1.9666666666666668
39,11,16,14,26.88,1.92
39,11,17,8,15.34,1.9175
39,11,18,11,21.06,1.9145454545454543
39,11,19,20,37.17,1.8585
39,11,20,19,34.66,1.8242105263157893
39,11,21,4,7.18,1.795
39,11,22,14,24.61,1.7578571428571428
39,11,23,13,22.52,1.7323076923076923
39,11,24,11,18.92,1.7200000000000002
39,11,25,13,22.27,1.713076923076923
39,11,26,5,8.45,1.69
39,11,27,17,28.55,1.6794117647058824
39,11,28,17,28.43,1.6723529411764706
39,11,29,10,16.66,1.666
39,11,30,19,31.61,1.6636842105263157
39,11,31,4,6.64,1.66
39,11,32,15,24.84,1.656
39,11,33,11,18.03,1.6390909090909092
39,11,34,17,27.86,1.6388235294117646
39,11,35,5,8.07,1.614
39,11,36,1,1.59,1.59
39,11,37,14,22.07,1.5764285714285715
39,11,38,17,26.5,1.5588235294117647
39,11,39,15,22.72,1.5146666666666666
39,11,40,7,10.54,1.5057142857142856
39,11,41,9,13.19,1.4655555555555555
39,11,42,12,17.31,1.4425
39,11,43,17,24.52,1.4423529411764706
39,11,44,1,1.43,1.43
39,11,45,2,2.8,1.4
39,11,46,10,13.73,1.373
39,11,47,4,5.49,1.3725
39,11,48,15,20.38,1.3586666666666667
39,11,49,2,2.68,1.34
39,11,50,16,21.29,1.330625
39,11,51,12,15.75,1.3125
39,11,52,4,5.08,1.27
39,11,53,14,17.59,1.2564285714285715
39,11,54,3,3.75,1.25
39,11,55,3,3.68,1.2266666666666668
39,11,56,17,20.54,1.208235294117647
39,11,57,5,5.99,1.198
39,11,58,13,15.22,1.1707692307692308
39,11,59,5,5.84,1.168
39,11,60,8,9.0,1.125
39,11,61,19,20.62,1.085263157894737
39,11,62,13,14.06,1.0815384615384616
39,11,63,6,6.32,1.0533333333333335
39,11,64,5,5.2,1.04
39,11,65,11,11.02,1.0018181818181817
39,11,66,4,3.99,0.9975
39,11,67,14,13.08,0.9342857142857143
39,11,68,7,6.48,0.9257142857142858
39,11,69,13,11.99,0.9223076923076923
39,11,70,14,12.91,0.9221428571428572
39,11,71,19,16.88,0.8884210526315789
39,11,72,10,8.88,0.8880000000000001
39,11,73,8,6.86,0.8575
39,11,74,19,15.88,0.8357894736842105
39,11,75,3,2.46,0.82
39,11,76,15,12.08,0.8053333333333333
39,11,77,6,4.66,0.7766666666666667
39,11,78,1,0.76,0.76
39,11,79,20,14.39,0.7195
39,11,80,1,0.7,0.7
39,11,81,1,0.68,0.68
39,11,82,2,1.3,0.65
39,11,83,9,5.31,0.59
39,11,84,20,11.32,0.5660000000000001
39,11,85,14,7.63,0.545
39,11,86,4,2.09,0.5225
39,11,87,19,9.77,0.5142105263157895
39,11,88,7,3.55,0.5071428571428571
39,11,89,4,1.97,0.4925
39,11,90,3,1.38,0.45999999999999996
39,11,91,5,1.86,0.372
39,11,92,7,2.55,0.36428571428571427
39,11,93,15,5.28,0.35200000000000004
39,11,94,5,1.74,0.348
39,11,95,5,1.45,0.29
39,11,96,17,4.79,0.2817647058823529
39,11,97,13,2.94,0.22615384615384615
39,11,98,12,2.31,0.1925
39,11,99,7,1.12,0.16
39,21,0,15,19.83,1.3219999999999998
39,21,1,9,11.85,1.3166666666666667
39,21,2,19,24.37,1.2826315789473686
39,21,3,5,6.39,1.278
39,21,4,8,10.22,1.2775
39,21,5,6,7.64,1.2733333333333332
39,21,6,9,11.41,1.267777777777778
39,21,7,18,22.76,1.2644444444444445
39,21,8,11,13.7,1.2454545454545454
39,21,9,11,13.44,1.2218181818181817
39,21,10,2,2.43,1.215
39,21,11,18,21.8,1.2111111111111112
39,21,12,20,24.01,1.2005000000000001
39,21,13,4,4.79,1.1975
39,21,14,10,11.87,1.1869999999999998
39,21,15,5,5.51,1.1019999999999999
39,21,16,2,2.13,1.065
39,21,17,14,14.75,1.0535714285714286
39,21,18,18,18.87,1.0483333333333333
39,21,19,4,4.19,1.0475
39,21,20,1,1.03,1.03
39,21,21,17,17.43,1.025294117647059
39,21,22,2,2.03,1.015
39,21,23,16,16.05,1.003125
39,21,24,9,8.94,0.9933333333333333
39,21,25,20,19.79,0.9894999999999999
39,21,26,16,15.73,0.983125
39,21,27,4,3.77,0.9425
39,21,28,15,14.08,0.9386666666666666
39,21,29,20,18.63,0.9315
39,21,30,20,18.51,0.9255000000000001
39,21,31,14,12.92,0.9228571428571428
39,21,32,1,0.89,0.89
39,21,33,2,1.78,0.89
39,21,34,19,16.83,0.8857894736842105
39,21,35,6,5.23,0.8716666666666667
39,21,36,18,15.43,0.8572222222222222
39,21,37,5,4.26,0.852
39,21,38,16,13.37,0.835625
39,21,39,1,0.83,0.83
39,21,40,10,8.14,0.8140000000000001
39,21,41,15,11.71,0.7806666666666667
39,21,42,15,11.69,0.7793333333333333
39,21,43,18,13.95,0.7749999999999999
39,21,44,16,12.37,0.773125
39,21,45,20,14.27,0.7135
39,21,46,18,12.64,0.7022222222222223
39,21,47,1,0.69,0.69
39,21,48,9,5.99,0.6655555555555556
39,21,49,11,7.26,0.66
39,21,50,3,1.96,0.6533333333333333
39,21,51,1,0.65,0.65
39,21,52,4,2.59,0.6475
39,21,53,8,5.12,0.64
39,21,54,14,8.95,0.6392857142857142
39,21,55,13,7.89,0.6069230769230769
39,21,56,2,1.19,0.595
39,21,57,8,4.72,0.59
39,21,58,10,5.77,0.577
39,21,59,20,11.51,0.5755
39,21,60,16,9.18,0.57375
39,21,61,10,5.6,0.5599999999999999
39,21,62,6,3.32,0.5533333333333333
39,21,63,17,9.33,0.5488235294117647
39,21,64,7,3.63,0.5185714285714286
39,21,65,19,9.73,0.5121052631578947
39,21,66,18,8.34,0.4633333333333333
39,21,67,13,5.95,0.45769230769230773
39,21,68,17,7.28,0.42823529411764705
39,21,69,14,5.61,0.40071428571428575
39,21,70,14,5.58,0.3985714285714286
39,21,71,5,1.99,0.398
39,21,72,11,4.02,0.3654545454545454
39,21,73,19,6.79,0.35736842105263156
39,21,74,9,3.1,0.34444444444444444
39,21,75,11,3.4,0.3090909090909091
39,21,76,13,3.9,0.3
39,21,77,7,2.07,0.2957142857142857
39,21,78,17,4.99,0.29352941176470587
39,21,79,1,0.26,0.26
39,21,80,19,4.86,0.25578947368421057
39,21,81,16,4.04,0.2525
39,21,82,11,2.71,0.24636363636363637
39,21,83,14,3.33,0.23785714285714285
39,21,84,4,0.93,0.2325
39,21,85,12,2.79,0.2325
39,21,86,13,2.73,0.21
39,21,87,7,1.34,0.19142857142857145
39,21,88,15,2.85,0.19
39,21,89,18,3.34,0.18555555555555556
39,21,90,6,0.99,0.165
39,21,91,15,2.38,0.15866666666666665
39,21,92,18,2.74,0.15222222222222223
39,21,93,6,0.85,0.14166666666666666
39,21,94,4,0.53,0.1325
39,21,95,19,2.47,0.13
39,21,96,19,2.39,0.12578947368421053
39,21,97,2,0.25,0.125
39,21,98,12,1.45,0.12083333333333333
39,21,99,1,0.05,0.05
39,32,0,18,37.98,2.11
39,32,1,8,16.84,2.105
39,32,2,13,27.06,2.0815384615384613
39,32,3,19,38.42,2.022105263157895
39,32,4,18,36.38,2.0211111111111113
39,32,5,5,10.02,2.004
39,32,6,3,5.96,1.9866666666666666
39,32,7,3,5.93,1.9766666666666666
39,32,8,13,25.66,1.9738461538461538
39,32,9,13,25.56,1.9661538461538461
39,32,10,14,27.44,1.9600000000000002
39,32,11,16,30.4,1.9
39,32,12,7,13.23,1.8900000000000001
39,32,13,17,31.79,1.8699999999999999
39,32,14,10,18.08,1.8079999999999998
39,32,15,8,14.09,1.76125
39,32,16,20,34.74,1.737
39,32,17,10,16.83,1.6829999999999998
39,32,18,16,26.91,1.681875
39,32,19,19,31.21,1.6426315789473684
39,32,20,3,4.78,1.5933333333333335
39,32,21,11,17.45,1.5863636363636362
39,32,22,16,25.27,1.579375
39,32,23,5,7.79,1.558
39,32,24,11,16.65,1.5136363636363634
39,32,25,1,1.51,1.51
39,32,26,12,17.86,1.4883333333333333
39,32,27,15,22.04,1.4693333333333334
39,32,28,1,1.43,1.43
39,32,29,2,2.78,1.39
39,32,30,15,20.54,1.3693333333333333
39,32,31,16,21.69,1.355625
39,32,32,6,8.02,1.3366666666666667
39,32,33,4,5.28,1.32
39,32,34,2,2.53,1.265
39,32,35,2,2.51,1.255
39,32,36,17,21.03,1.2370588235294118
39,32,37,17,20.89,1.2288235294117646
39,32,38,2,2.42,1.21
39,32,39,9,10.77,1.1966666666666665
39,32,40,1,1.19,1.19
39,32,41,6,7.11,1.185
39,32,42,15,17.09,1.1393333333333333
39,32,43,7,7.83,1.1185714285714285
39,32,44,9,9.98,1.108888888888889
39,32,45,13,14.25,1.0961538461538463
39,32,46,3,3.16,1.0533333333333335
39,32,47,17,17.62,1.0364705882352943
39,32,48,18,18.12,1.0066666666666668
39,32,49,3,2.89,0.9633333333333334
39,32,50,4,3.76,0.94
39,32,51,5,4.27,0.8539999999999999
39,32,52,8,6.79,0.84875
39,32,53,9,7.58,0.8422222222222222
39,32,54,8,6.69,0.83625
39,32,55,11,8.26,0.7509090909090909
39,32,56,17,12.22,0.7188235294117648
39,32,57,5,3.57,0.714
39,32,58,16,10.36,0.6475
39,32,59,16,10.03,0.626875
39,32,60,17,10.63,0.6252941176470589
39,32,61,4,2.49,0.6225
39,32,62,15,9.29,0.6193333333333333
39,32,63,15,8.86,0.5906666666666667
39,32,64,3,1.77,0.59
39,32,65,19,11.09,0.5836842105263158
39,32,66,17,9.89,0.581764705882353
39,32,67,1,0.58,0.58
39,32,68,5,2.84,0.568
39,32,69,14,7.46,0.5328571428571428
39,32,70,9,4.56,0.5066666666666666
39,32,71,1,0.5,0.5
39,32,72,12,5.9,0.4916666666666667
39,32,73,8,3.76,0.47
39,32,74,5,2.33,0.466
39,32,75,13,5.82,0.4476923076923077
39,32,76,15,6.04,0.4026666666666667
39,32,77,20,7.33,0.3665
39,32,78,13,4.69,0.3607692307692308
39,32,79,2,0.7,0.35
39,32,80,10,3.43,0.343
39,32,81,13,4.45,0.3423076923076923
39,32,82,2,0.66,0.33
39,32,83,5,1.51,0.302
39,32,84,15,4.33,0.2886666666666667
39,32,85,12,3.35,0.2791666666666667
39,32,86,18,4.98,0.27666666666666667
39,32,87,8,2.2,0.275
39,32,88,17,4.54,0.2670588235294118
39,32,89,10,2.61,0.261
39,32,90,20,4.34,0.217
39,32,91,18,3.44,0.19111111111111112
39,32,92,17,3.15,0.18529411764705883
39,32,93,20,3.52,0.176
39,32,94,6,0.93,0.155
39,32,95,9,1.35,0.15000000000000002
39,32,96,11,1.63,0.14818181818181816
39,32,97,16,2.18,0.13625
39,32,98,5,0.55,0.11000000000000001
39,32,99,15,1.35,0.09000000000000001
39,46,0,1,3.82,3.82
39,46,1,18,67.98,3.776666666666667
39,46,2,14,52.87,3.7764285714285712
39,46,3,2,7.55,3.775
39,46,4,3,11.17,3.723333333333333
39,46,5,4,14.49,3.6225
39,46,6,17,60.71,3.5711764705882354
39,46,7,1,3.57,3.57
39,46,8,11,38.72,3.52
39,46,9,19,66.08,3.477894736842105
39,46,10,3,10.37,3.4566666666666666
39,46,11,7,24.04,3.434285714285714
39,46,12,2,6.68,3.34
39,46,13,8,26.17,3.27125
39,46,14,5,16.29,3.258
39,46,15,5,16.2,3.2399999999999998
39,46,16,9,29.09,3.232222222222222
39,46,17,13,41.76,3.212307692307692
39,46,18,11,34.62,3.147272727272727
39,46,19,12,37.56,3.1300000000000003
39,46,20,20,62.4,3.12
39,46,21,4,12.46,3.115
39,46,22,11,33.91,3.0827272727272725
39,46,23,2,6.03,3.015
39,46,24,17,50.85,2.9911764705882353
39,46,25,5,14.73,2.946
39,46,26,14,40.81,2.915
39,46,27,18,52.3,2.9055555555555554
39,46,28,8,22.87,2.85875
39,46,29,10,28.57,2.857
39,46,30,4,11.4,2.85
39,46,31,11,30.66,2.787272727272727
39,46,32,18,49.64,2.7577777777777777
39,46,33,16,43.25,2.703125
39,46,34,5,12.91,2.582
39,46,35,17,43.12,2.536470588235294
39,46,36,5,12.54,2.508
39,46,37,4,10.03,2.5075
39,46,38,2,4.76,2.38
39,46,39,18,42.76,2.3755555555555556
39,46,40,14,33.25,2.375
39,46,41,10,23.28,2.3280000000000003
39,46,42,9,20.36,2.2622222222222224
39,46,43,1,2.24,2.24
39,46,44,13,28.97,2.2284615384615383
39,46,45,6,12.72,2.12
39,46,46,14,28.5,2.0357142857142856
39,46,47,7,13.8,1.9714285714285715
39,46,48,7,13.5,1.9285714285714286
39,46,49,7,13.4,1.9142857142857144
39,46,50,16,30.23,1.889375
39,46,51,15,27.22,1.8146666666666667
39,46,52,4,7.13,1.7825
39,46,53,16,27.86,1.74125
39,46,54,12,20.86,1.7383333333333333
39,46,55,16,27.29,1.705625
39,46,56,1,1.69,1.69
39,46,57,7,11.69,1.67
39,46,58,11,18.13,1.6481818181818182
39,46,59,7,10.83,1.5471428571428572
39,46,60,12,18.49,1.5408333333333333
39,46,61,3,4.61,1.5366666666666668
39,46,62,17,24.75,1.4558823529411764
39,46,63,2,2.9,1.45
39,46,64,5,6.76,1.3519999999999999
39,46,65,7,9.26,1.3228571428571427
39,46,66,8,10.34,1.2925
39,46,67,20,25.41,1.2705
39,46,68,17,21.57,1.2688235294117647
39,46,69,4,4.93,1.2325
39,46,70,14,17.15,1.2249999999999999
39,46,71,10,12.14,1.214
39,46,72,16,19.21,1.200625
39,46,73,3,3.54,1.18
39,46,74,5,5.77,1.154
39,46,75,19,20.59,1.0836842105263158
39,46,76,11,10.76,0.9781818181818182
39,46,77,20,18.34,0.917
39,46,78,9,8.16,0.9066666666666667
39,46,79,6,5.36,0.8933333333333334
39,46,80,7,5.82,0.8314285714285715
39,46,81,3,2.4,0.7999999999999999
39,46,82,1,0.77,0.77
39,46,83,7,4.99,0.7128571428571429
39,46,84,16,11.13,0.695625
39,46,85,15,9.28,0.6186666666666666
39,46,86,6,3.61,0.6016666666666667
39,46,87,4,2.28,0.57
39,46,88,18,9.84,0.5466666666666666
39,46,89,14,7.64,0.5457142857142857
39,46,90,8,3.94,0.4925
39,46,91,3,1.42,0.47333333333333333
39,46,92,16,7.51,0.469375
39,46,93,11,5.06,0.45999999999999996
39,46,94,1,0.45,0.45
39,46,95,9,3.26,0.3622222222222222
39,46,96,15,3.86,0.2573333333333333
39,46,97,10,1.8,0.18
39,46,98,5,0.9,0.18
39,46,99,18,3.12,0.17333333333333334
39,77,0,8,15.9,1.9875
39,77,1,10,19.27,1.927
39,77,2,6,11.56,1.9266666666666667
39,77,3,4,7.63,1.9075
39,77,4,6,11.33,1.8883333333333334
39,77,5,11,20.73,1.8845454545454545
39,77,6,16,30.03,1.876875
39,77,7,9,16.87,1.8744444444444446
39,77,8,12,22.48,1.8733333333333333
39,77,9,6,10.97,1.8283333333333334
39,77,10,16,28.82,1.80125
39,77,11,14,25.16,1.7971428571428572
39,77,12,2,3.57,1.785
39,77,13,15,25.39,1.6926666666666668
39,77,14,20,33.85,1.6925000000000001
39,77,15,18,30.05,1.6694444444444445
39,77,16,9,14.96,1.6622222222222223
39,77,17,13,21.57,1.6592307692307693
39,77,18,13,21.57,1.6592307692307693
39,77,19,14,22.87,1.6335714285714287
39,77,20,20,32.19,1.6095
39,77,21,13,20.86,1.6046153846153846
39,77,22,6,9.57,1.595
39,77,23,9,13.83,1.5366666666666666
39,77,24,19,28.57,1.5036842105263157
39,77,25,2,3.0,1.5
39,77,26,19,28.07,1.4773684210526317
39,77,27,5,7.35,1.47
39,77,28,13,18.96,1.4584615384615385
39,77,29,14,20.39,1.4564285714285714
39,77,30,8,11.44,1.43
39,77,31,12,17.02,1.4183333333333332
39,77,32,9,12.64,1.4044444444444446
39,77,33,18,24.98,1.3877777777777778
39,77,34,8,10.99,1.37375
39,77,35,10,13.49,1.349
39,77,36,12,16.17,1.3475000000000001
39,77,37,8,10.77,1.34625
39,77,38,20,26.82,1.341
39,77,39,7,9.19,1.3128571428571427
39,77,40,19,24.73,1.3015789473684212
39,77,41,20,25.94,1.2970000000000002
39,77,42,2,2.56,1.28
39,77,43,7,8.95,1.2785714285714285
39,77,44,20,25.03,1.2515
39,77,45,8,9.88,1.235
39,77,46,13,15.49,1.1915384615384617
39,77,47,7,8.11,1.1585714285714286
39,77,48,7,8.0,1.1428571428571428
39,77,49,15,16.92,1.1280000000000001
39,77,50,12,13.46,1.1216666666666668
39,77,51,4,4.47,1.1175
39,77,52,18,19.92,1.1066666666666667
39,77,53,4,4.31,1.0775
39,77,54,20,21.11,1.0554999999999999
39,77,55,15,15.36,1.024
39,77,56,11,11.1,1.009090909090909
39,77,57,18,17.8,0.9888888888888889
39,77,58,2,1.96,0.98
39,77,59,4,3.83,0.9575
39,77,60,20,18.97,0.9484999999999999
39,77,61,7,6.11,0.8728571428571429
39,77,62,14,11.8,0.8428571428571429
39,77,63,12,9.62,0.8016666666666666
39,77,64,3,2.36,0.7866666666666666
39,77,65,4,3.14,0.785
39,77,66,1,0.76,0.76
39,77,67,15,10.96,0.7306666666666667
39,77,68,17,12.27,0.7217647058823529
39,77,69,15,10.62,0.708
39,77,70,17,11.34,0.6670588235294117
39,77,71,6,3.91,0.6516666666666667
39,77,72,17,10.92,0.6423529411764706
39,77,73,6,3.77,0.6283333333333333
39,77,74,5,3.09,0.618
39,77,75,5,3.08,0.616
39,77,76,20,12.12,0.606
39,77,77,16,9.69,0.605625
39,77,78,2,1.21,0.605
39,77,79,13,7.65,0.5884615384615385
39,77,80,17,9.99,0.5876470588235294
39,77,81,12,6.86,0.5716666666666667
39,77,82,14,7.42,0.53
39,77,83,18,9.38,0.5211111111111112
39,77,84,15,7.75,0.5166666666666667
39,77,85,12,6.08,0.5066666666666667
39,77,86,12,5.85,0.4875
39,77,87,2,0.83,0.415
39,77,88,5,1.89,0.378
39,77,89,9,3.09,0.3433333333333333
39,77,90,12,3.99,0.3325
39,77,91,17,4.83,0.28411764705882353
39,77,92,11,3.01,0.2736363636363636
39,77,93,2,0.47,0.235
39,77,94,11,2.46,0.22363636363636363
39,77,95,15,3.09,0.206
39,77,96,8,1.27,0.15875
39,77,97,8,1.17,0.14625
39,77,98,10,1.32,0.132
39,77,99,18,1.8,0.1
39,85,0,15,146.57,9.771333333333333
39,85,1,9,86.7,9.633333333333333
39,85,2,20,191.18,9.559000000000001
39,85,3,3,28.25,9.416666666666666
39,85,4,5,47.05,9.41
39,85,5,7,65.69,9.384285714285713
39,85,6,6,55.43,9.238333333333333
39,85,7,10,92.12,9.212
39,85,8,2,18.3,9.15
39,85,9,14,128.06,9.147142857142857
39,85,10,18,160.95,8.941666666666666
39,85,11,15,131.98,8.798666666666666
39,85,12,1,8.77,8.77
39,85,13,1,8.72,8.72
39,85,14,10,86.08,8.608
39,85,15,19,162.54,8.554736842105262
39,85,16,13,110.78,8.521538461538462
39,85,17,8,66.68,8.335
39,85,18,13,106.48,8.19076923076923
39,85,19,4,32.62,8.155
39,85,20,17,138.11,8.124117647058824
39,85,21,8,63.84,7.98
39,85,22,6,47.74,7.956666666666667
39,85,23,1,7.81,7.81
39,85,24,17,131.94,7.761176470588235
39,85,25,7,54.14,7.734285714285714
39,85,26,5,38.5,7.7
39,85,27,9,67.69,7.521111111111111
39,85,28,18,135.11,7.506111111111112
39,85,29,14,95.92,6.851428571428571
39,85,30,13,83.72,6.4399999999999995
39,85,31,20,128.79,6.4395
39,85,32,6,37.99,6.331666666666667
39,85,33,11,68.32,6.21090909090909
39,85,34,6,37.08,6.18
39,85,35,8,49.27,6.15875
39,85,36,9,55.4,6.155555555555555
39,85,37,19,113.89,5.99421052631579
39,85,38,3,17.9,5.966666666666666
39,85,39,7,40.52,5.788571428571429
39,85,40,8,46.19,5.77375
39,85,41,4,23.05,5.7625
39,85,42,14,79.15,5.653571428571429
39,85,43,18,101.23,5.623888888888889
39,85,44,17,90.53,5.325294117647059
39,85,45,4,21.17,5.2925
39,85,46,9,45.09,5.010000000000001
39,85,47,17,84.69,4.981764705882353
39,85,48,3,14.88,4.96
39,85,49,17,82.69,4.864117647058824
39,85,50,5,23.78,4.756
39,85,51,8,37.79,4.72375
39,85,52,1,4.67,4.67
39,85,53,3,13.93,4.6433333333333335
39,85,54,5,23.03,4.606
39,85,55,18,82.38,4.576666666666666
39,85,56,10,44.85,4.485
39,85,57,7,30.88,4.411428571428571
39,85,58,3,13.17,4.39
39,85,59,14,61.37,4.383571428571428
39,85,60,7,29.11,4.158571428571428
39,85,61,20,81.89,4.0945
39,85,62,9,34.76,3.862222222222222
39,85,63,17,62.83,3.6958823529411764
39,85,64,17,62.78,3.692941176470588
39,85,65,20,72.73,3.6365000000000003
39,85,66,19,68.58,3.6094736842105264
39,85,67,10,35.47,3.5469999999999997
39,85,68,2,7.08,3.54
39,85,69,7,23.76,3.3942857142857146
39,85,70,7,23.58,3.3685714285714283
39,85,71,11,36.05,3.277272727272727
39,85,72,9,28.3,3.1444444444444444
39,85,73,7,20.96,2.994285714285714
39,85,74,13,35.86,2.7584615384615385
39,85,75,10,26.6,2.66
39,85,76,14,36.36,2.597142857142857
39,85,77,16,40.54,2.53375
39,85,78,18,45.03,2.501666666666667
39,85,79,7,17.27,2.467142857142857
39,85,80,8,18.95,2.36875
39,85,81,18,42.42,2.356666666666667
39,85,82,10,22.94,2.294
39,85,83,6,13.47,2.245
39,85,84,18,38.84,2.157777777777778
39,85,85,18,33.43,1.857222222222222
39,85,86,19,34.22,1.8010526315789472
39,85,87,19,33.19,1.7468421052631578
39,85,88,9,15.56,1.728888888888889
39,85,89,20,31.05,1.5525
39,85,90,14,20.72,1.48
39,85,91,11,15.28,1.389090909090909
39,85,92,15,17.06,1.1373333333333333
39,85,93,2,1.91,0.955
39,85,94,14,11.78,0.8414285714285714
39,85,95,13,9.6,0.7384615384615384
39,85,96,4,2.85,0.7125
39,85,97,7,3.75,0.5357142857142857
39,85,98,20,10.67,0.5335
39,85,99,15,7.97,0.5313333333333333
39,94,0,2,7.09,3.545
39,94,1,15,52.89,3.5260000000000002
39,94,2,10,34.93,3.493
39,94,3,2,6.84,3.42
39,94,4,8,27.26,3.4075
39,94,5,8,27.24,3.405
39,94,6,14,47.13,3.3664285714285715
39,94,7,8,26.84,3.355
39,94,8,10,33.11,3.311
39,94,9,3,9.69,3.23
39,94,10,2,6.44,3.22
39,94,11,15,47.66,3.177333333333333
39,94,12,1,3.14,3.14
39,94,13,11,33.95,3.0863636363636364
39,94,14,7,20.97,2.9957142857142856
39,94,15,20,58.6,2.93
39,94,16,1,2.92,2.92
39,94,17,7,20.43,2.9185714285714286
39,94,18,7,20.3,2.9
39,94,19,1,2.79,2.79
39,94,20,17,47.01,2.7652941176470587
39,94,21,8,21.44,2.68
39,94,22,10,26.35,2.6350000000000002
39,94,23,3,7.83,2.61
39,94,24,19,47.93,2.5226315789473683
39,94,25,6,15.03,2.505
39,94,26,3,7.48,2.4933333333333336
39,94,27,2,4.88,2.44
39,94,28,9,21.22,2.3577777777777778
39,94,29,17,39.13,2.301764705882353
39,94,30,8,18.4,2.3
39,94,31,4,9.17,2.2925
39,94,32,18,40.57,2.253888888888889
39,94,33,14,31.15,2.225
39,94,34,20,44.36,2.218
39,94,35,9,19.39,2.1544444444444446
39,94,36,6,12.92,2.1533333333333333
39,94,37,1,2.11,2.11
39,94,38,13,27.16,2.0892307692307694
39,94,39,5,10.39,2.0780000000000003
39,94,40,14,28.14,2.0100000000000002
39,94,41,17,33.85,1.9911764705882353
39,94,42,19,37.42,1.9694736842105265
39,94,43,14,27.16,1.94
39,94,44,13,24.57,1.8900000000000001
39,94,45,3,5.63,1.8766666666666667
39,94,46,17,31.63,1.8605882352941177
39,94,47,8,14.22,1.7775
39,94,48,13,23.09,1.7761538461538462
39,94,49,11,19.13,1.739090909090909
39,94,50,8,13.84,1.73
39,94,51,13,21.65,1.6653846153846152
39,94,52,19,30.51,1.6057894736842107
39,94,53,11,17.44,1.5854545454545457
39,94,54,4,6.22,1.555
39,94,55,19,29.35,1.5447368421052632
39,94,56,10,14.92,1.492
39,94,57,8,11.74,1.4675
39,94,58,6,8.64,1.4400000000000002
39,94,59,7,9.68,1.3828571428571428
39,94,60,12,16.44,1.37
39,94,61,20,26.74,1.337
39,94,62,15,20.02,1.3346666666666667
39,94,63,16,21.24,1.3275
39,94,64,19,23.76,1.2505263157894737
39,94,65,10,12.3,1.23
39,94,66,2,2.46,1.23
39,94,67,11,13.18,1.1981818181818182
39,94,68,18,20.72,1.151111111111111
39,94,69,15,16.92,1.1280000000000001
39,94,70,10,10.26,1.026
39,94,71,12,11.89,0.9908333333333333
39,94,72,1,0.98,0.98
39,94,73,2,1.8,0.9
39,94,74,2,1.74,0.87
39,94,75,2,1.73,0.865
39,94,76,6,5.1,0.85
39,94,77,20,16.83,0.8414999999999999
39,94,78,16,13.45,0.840625
39,94,79,1,0.83,0.83
39,94,80,20,16.4,0.82
39,94,81,13,9.63,0.7407692307692308
39,94,82,3,2.15,0.7166666666666667
39,94,83,14,9.94,0.71
39,94,84,10,7.01,0.701
39,94,85,15,10.17,0.678
39,94,86,18,10.99,0.6105555555555555
39,94,87,1,0.57,0.57
39,94,88,2,1.03,0.515
39,94,89,20,10.22,0.511
39,94,90,16,6.58,0.41125
39,94,91,5,2.03,0.40599999999999997
39,94,92,10,4.03,0.403
39,94,93,9,3.52,0.39111111111111113
39,94,94,10,3.52,0.352
39,94,95,18,5.41,0.3005555555555556
39,94,96,8,1.69,0.21125
39,94,97,19,3.47,0.18263157894736842
39,94,98,2,0.31,0.155
39,94,99,8,1.2,0.15
46,7,0,5,41.59,8.318000000000001
46,7,1,6,46.64,7.773333333333333
46,7,2,3,23.02,7.673333333333333
46,7,3,3,22.91,7.636666666666667
46,7,4,6,45.55,7.591666666666666
46,7,5,8,60.03,7.50375
46,7,6,5,37.31,7.462000000000001
46,7,7,3,22.14,7.38
46,7,8,8,57.2,7.15
46,7,9,4,28.44,7.11
46,7,10,14,96.77,6.9121428571428565
46,7,11,9,61.64,6.848888888888889
46,7,12,18,120.33,6.685
46,7,13,4,26.5,6.625
46,7,14,5,32.43,6.486
46,7,15,14,90.51,6.465000000000001
46,7,16,11,70.22,6.383636363636364
46,7,17,2,12.34,6.17
46,7,18,2,12.33,6.165
46,7,19,15,91.24,6.082666666666666
46,7,20,4,24.28,6.07
46,7,21,11,65.97,5.997272727272727
46,7,22,6,35.76,5.96
46,7,23,9,53.14,5.904444444444445
46,7,24,4,22.66,5.665
46,7,25,16,90.59,5.661875
46,7,26,18,99.98,5.554444444444445
46,7,27,17,94.39,5.552352941176471
46,7,28,11,60.74,5.521818181818182
46,7,29,2,11.03,5.515
46,7,30,3,16.31,5.4366666666666665
46,7,31,4,21.65,5.4125
46,7,32,12,62.86,5.238333333333333
46,7,33,6,31.35,5.2250000000000005
46,7,34,7,36.4,5.2
46,7,35,2,10.23,5.115
46,7,36,19,96.94,5.1021052631578945
46,7,37,19,96.59,5.083684210526316
46,7,38,2,9.84,4.92
46,7,39,8,38.67,4.83375
46,7,40,1,4.81,4.81
46,7,41,20,93.59,4.6795
46,7,42,1,4.58,4.58
46,7,43,5,22.83,4.566
46,7,44,10,45.55,4.555
46,7,45,2,8.92,4.46
46,7,46,18,79.91,4.439444444444444
46,7,47,2,8.65,4.325
46,7,48,2,8.39,4.195
46,7,49,17,67.44,3.9670588235294115
46,7,50,6,23.43,3.905
46,7,51,3,11.68,3.893333333333333
46,7,52,14,54.46,3.89
46,7,53,19,73.72,3.88
46,7,54,13,47.26,3.6353846153846154
46,7,55,17,60.64,3.5670588235294116
46,7,56,11,36.04,3.2763636363636364
46,7,57,15,47.55,3.17
46,7,58,14,43.47,3.105
46,7,59,4,12.11,3.0275
46,7,60,5,14.81,2.962
46,7,61,3,8.5,2.8333333333333335
46,7,62,4,10.89,2.7225
46,7,63,2,5.42,2.71
46,7,64,11,29.17,2.651818181818182
46,7,65,5,12.99,2.598
46,7,66,9,21.72,2.413333333333333
46,7,67,10,23.74,2.3739999999999997
46,7,68,19,44.24,2.328421052631579
46,7,69,9,20.09,2.232222222222222
46,7,70,10,22.08,2.2079999999999997
46,7,71,10,21.68,2.168
46,7,72,20,43.09,2.1545
46,7,73,10,20.26,2.0260000000000002
46,7,74,12,24.14,2.0116666666666667
46,7,75,3,5.82,1.9400000000000002
46,7,76,20,37.29,1.8645
46,7,77,18,32.69,1.816111111111111
46,7,78,16,27.47,1.716875
46,7,79,2,3.27,1.635
46,7,80,6,9.59,1.5983333333333334
46,7,81,13,20.09,1.5453846153846154
46,7,82,3,4.35,1.45
46,7,83,10,14.35,1.435
46,7,84,9,10.7,1.1888888888888889
46,7,85,1,1.11,1.11
46,7,86,6,6.49,1.0816666666666668
46,7,87,11,11.45,1.0409090909090908
46,7,88,18,17.59,0.9772222222222222
46,7,89,11,10.7,0.9727272727272727
46,7,90,14,12.8,0.9142857142857144
46,7,91,12,9.08,0.7566666666666667
46,7,92,7,5.16,0.7371428571428572
46,7,93,15,9.92,0.6613333333333333
46,7,94,12,6.53,0.5441666666666667
46,7,95,12,6.47,0.5391666666666667
46,7,96,10,5.27,0.5269999999999999
46,7,97,11,5.3,0.4818181818181818
46,7,98,14,6.39,0.4564285714285714
46,7,99,1,0.45,0.45
46,10,0,19,27.07,1.424736842105263
46,10,1,10,14.14,1.4140000000000001
46,10,2,1,1.4,1.4
46,10,3,14,19.35,1.3821428571428573
46,10,4,9,12.35,1.3722222222222222
46,10,5,3,4.1,1.3666666666666665
46,10,6,17,23.21,1.3652941176470588
46,10,7,19,25.88,1.3621052631578947
46,10,8,20,27.19,1.3595000000000002
46,10,9,11,14.66,1.3327272727272728
46,10,10,5,6.61,1.322
46,10,11,20,26.08,1.3039999999999998
46,10,12,9,11.68,1.2977777777777777
46,10,13,10,12.74,1.274
46,10,14,10,12.57,1.2570000000000001
46,10,15,5,6.2,1.24
46,10,16,2,2.48,1.24
46,10,17,2,2.42,1.21
46,10,18,5,6.02,1.204
46,10,19,18,21.47,1.1927777777777777
46,10,20,10,11.81,1.181
46,10,21,18,20.74,1.152222222222222
46,10,22,13,14.92,1.1476923076923078
46,10,23,13,14.91,1.146923076923077
46,10,24,2,2.26,1.13
46,10,25,1,1.11,1.11
46,10,26,9,9.97,1.1077777777777778
46,10,27,15,16.41,1.094
46,10,28,16,17.26,1.07875
46,10,29,6,6.36,1.06
46,10,30,2,2.05,1.025
46,10,31,18,18.32,1.017777777777778
46,10,32,16,15.41,0.963125
46,10,33,16,15.2,0.95
46,10,34,8,7.29,0.91125
46,10,35,17,15.47,0.91
46,10,36,4,3.5,0.875
46,10,37,19,16.61,0.8742105263157894
46,10,38,9,7.77,0.8633333333333333
46,10,39,17,14.17,0.8335294117647059
46,10,40,20,16.55,0.8275
46,10,41,17,13.86,0.8152941176470588
46,10,42,14,11.39,0.8135714285714286
46,10,43,18,14.27,0.7927777777777778
46,10,44,14,10.97,0.7835714285714286
46,10,45,4,3.12,0.78
46,10,46,17,13.06,0.7682352941176471
46,10,47,14,10.73,0.7664285714285715
46,10,48,5,3.69,0.738
46,10,49,5,3.48,0.696
46,10,50,4,2.76,0.69
46,10,51,11,7.46,0.6781818181818182
46,10,52,16,10.77,0.673125
46,10,53,16,10.53,0.658125
46,10,54,12,7.77,0.6475
46,10,55,8,5.13,0.64125
46,10,56,13,8.07,0.6207692307692307
46,10,57,10,5.92,0.592
46,10,58,11,6.43,0.5845454545454545
46,10,59,1,0.58,0.58
46,10,60,4,2.3,0.575
46,10,61,18,10.08,0.56
46,10,62,10,5.42,0.542
46,10,63,19,9.56,0.5031578947368421
46,10,64,2,0.99,0.495
46,10,65,8,3.9,0.4875
46,10,66,14,6.75,0.48214285714285715
46,10,67,2,0.96,0.48
46,10,68,13,6.23,0.47923076923076924
46,10,69,16,7.52,0.47
46,10,70,14,6.21,0.44357142857142856
46,10,71,7,3.07,0.43857142857142856
46,10,72,1,0.43,0.43
46,10,73,5,2.0,0.4
46,10,74,6,2.33,0.38833333333333336
46,10,75,11,4.11,0.37363636363636366
46,10,76,9,3.28,0.3644444444444444
46,10,77,18,6.36,0.35333333333333333
46,10,78,6,1.98,0.33
46,10,79,19,6.18,0.3252631578947368
46,10,80,1,0.32,0.32
46,10,81,18,5.74,0.3188888888888889
46,10,82,12,3.72,0.31
46,10,83,6,1.73,0.28833333333333333
46,10,84,16,3.76,0.235
46,10,85,20,4.52,0.22599999999999998
46,10,86,8,1.71,0.21375
46,10,87,8,1.55,0.19375
46,10,88,4,0.71,0.1775
46,10,89,9,1.57,0.17444444444444446
46,10,90,20,3.27,0.1635
46,10,91,7,1.11,0.15857142857142859
46,10,92,13,2.03,0.15615384615384614
46,10,93,18,2.57,0.14277777777777778
46,10,94,20,2.81,0.1405
46,10,95,5,0.62,0.124
46,10,96,13,1.4,0.10769230769230768
46,10,97,6,0.52,0.08666666666666667
46,10,98,12,0.74,0.06166666666666667
46,10,99,17,0.97,0.057058823529411766
46,11,0,4,19.96,4.99
46,11,1,13,64.67,4.974615384615385
46,11,2,18,88.08,4.8933333333333335
46,11,3,12,58.42,4.868333333333333
46,11,4,11,52.77,4.797272727272728
46,11,5,7,33.49,4.784285714285715
46,11,6,7,33.43,4.775714285714286
46,11,7,3,14.16,4.72
46,11,8,7,32.86,4.694285714285714
46,11,9,7,32.74,4.677142857142857
46,11,10,2,9.28,4.64
46,11,11,17,78.76,4.632941176470588
46,11,12,3,13.82,4.6066666666666665
46,11,13,2,9.14,4.57
46,11,14,10,44.92,4.492
46,11,15,8,35.7,4.4625
46,11,16,7,30.8,4.4
46,11,17,9,39.05,4.338888888888889
46,11,18,2,8.65,4.325
46,11,19,14,60.32,4.308571428571429
46,11,20,11,47.27,4.297272727272728
46,11,21,7,30.07,4.295714285714285
46,11,22,12,51.47,4.289166666666667
46,11,23,11,46.94,4.267272727272727
46,11,24,15,62.11,4.140666666666666
46,11,25,10,41.28,4.128
46,11,26,15,61.55,4.1033333333333335
46,11,27,18,72.41,4.022777777777778
46,11,28,13,50.67,3.897692307692308
46,11,29,13,50.41,3.8776923076923073
46,11,30,2,7.7,3.85
46,11,31,19,72.07,3.793157894736842
46,11,32,1,3.62,3.62
46,11,33,1,3.56,3.56
46,11,34,13,45.77,3.520769230769231
46,11,35,7,24.4,3.4857142857142853
46,11,36,12,40.98,3.4149999999999996
46,11,37,2,6.47,3.235
46,11,38,3,9.57,3.19
46,11,39,16,51.02,3.18875
46,11,40,14,44.19,3.156428571428571
46,11,41,7,22.05,3.15
46,11,42,14,44.1,3.15
46,11,43,10,31.01,3.101
46,11,44,2,6.17,3.085
46,11,45,16,49.29,3.080625
46,11,46,12,35.56,2.9633333333333334
46,11,47,1,2.92,2.92
46,11,48,14,40.35,2.882142857142857
46,11,49,15,42.95,2.8633333333333337
46,11,50,7,19.95,2.85
46,11,51,2,5.68,2.84
46,11,52,17,48.2,2.835294117647059
46,11,53,2,5.5,2.75
46,11,54,12,31.92,2.66
46,11,55,13,33.31,2.5623076923076926
46,11,56,19,48.47,2.5510526315789472
46,11,57,3,7.6,2.533333333333333
46,11,58,1,2.4,2.4
46,11,59,19,45.56,2.3978947368421055
46,11,60,9,21.55,2.3944444444444444
46,11,61,1,2.33,2.33
46,11,62,19,43.47,2.287894736842105
46,11,63,12,27.14,2.2616666666666667
46,11,64,14,30.54,2.1814285714285715
46,11,65,2,4.25,2.125
46,11,66,17,35.64,2.0964705882352943
46,11,67,20,41.7,2.085
46,11,68,18,35.77,1.9872222222222224
46,11,69,12,22.78,1.8983333333333334
46,11,70,5,8.73,1.746
46,11,71,17,29.32,1.724705882352941
46,11,72,20,32.96,1.6480000000000001
46,11,73,15,24.42,1.6280000000000001
46,11,74,9,13.56,1.5066666666666668
46,11,75,12,17.9,1.4916666666666665
46,11,76,4,5.7,1.425
46,11,77,16,21.68,1.355
46,11,78,3,3.92,1.3066666666666666
46,11,79,8,9.87,1.23375
46,11,80,2,2.27,1.135
46,11,81,16,17.38,1.08625
46,11,82,4,4.32,1.08
46,11,83,9,7.81,0.8677777777777778
46,11,84,3,2.53,0.8433333333333333
46,11,85,1,0.81,0.81
46,11,86,10,7.15,0.7150000000000001
46,11,87,11,6.72,0.6109090909090908
46,11,88,14,7.92,0.5657142857142857
46,11,89,13,6.41,0.4930769230769231
46,11,90,11,5.29,0.4809090909090909
46,11,91,3,1.35,0.45
46,11,92,20,8.28,0.414
46,11,93,12,4.95,0.41250000000000003
46,11,94,1,0.41,0.41
46,11,95,6,2.39,0.3983333333333334
46,11,96,13,4.94,0.38
46,11,97,18,6.75,0.375
46,11,98,17,5.01,0.29470588235294115
46,11,99,10,2.72,0.272
46,21,0,17,47.09,2.77
46,21,1,9,24.9,2.7666666666666666
46,21,2,15,41.22,2.7479999999999998
46,21,3,10,27.44,2.744
46,21,4,1,2.73,2.73
46,21,5,20,54.59,2.7295000000000003
46,21,6,13,34.78,2.6753846153846155
46,21,7,7,18.6,2.6571428571428575
46,21,8,3,7.97,2.6566666666666667
46,21,9,12,31.87,2.6558333333333333
46,21,10,15,39.66,2.6439999999999997
46,21,11,20,52.8,2.6399999999999997
46,21,12,18,47.51,2.6394444444444445
46,21,13,20,52.41,2.6205
46,21,14,20,51.05,2.5524999999999998
46,21,15,12,30.4,2.533333333333333
46,21,16,4,10.1,2.525
46,21,17,11,27.12,2.4654545454545453
46,21,18,11,27.06,2.46
46,21,19,7,17.02,2.4314285714285715
46,21,20,10,23.51,2.351
46,21,21,10,23.28,2.3280000000000003
46,21,22,7,15.9,2.2714285714285714
46,21,23,8,17.93,2.24125
46,21,24,15,32.61,2.174
46,21,25,15,32.43,2.162
46,21,26,18,37.22,2.0677777777777777
46,21,27,9,18.56,2.062222222222222
46,21,28,16,32.3,2.01875
46,21,29,7,14.1,2.0142857142857142
46,21,30,19,37.59,1.978421052631579
46,21,31,16,31.56,1.9725
46,21,32,9,17.2,1.911111111111111
46,21,33,15,28.62,1.9080000000000001
46,21,34,19,35.72,1.88
46,21,35,9,16.66,1.8511111111111112
46,21,36,1,1.79,1.79
46,21,37,2,3.4,1.7
46,21,38,14,23.12,1.6514285714285715
46,21,39,16,26.25,1.640625
46,21,40,11,18.0,1.6363636363636365
46,21,41,10,16.24,1.6239999999999999
46,21,42,5,7.53,1.506
46,21,43,12,17.78,1.4816666666666667
46,21,44,3,4.41,1.47
46,21,45,17,24.67,1.4511764705882353
46,21,46,16,22.78,1.42375
46,21,47,14,19.81,1.4149999999999998
46,21,48,19,26.83,1.4121052631578948
46,21,49,4,5.6,1.4
46,21,50,4,5.54,1.385
46,21,51,4,5.52,1.38
46,21,52,12,16.4,1.3666666666666665
46,21,53,7,9.51,1.3585714285714285
46,21,54,16,21.31,1.331875
46,21,55,9,11.45,1.2722222222222221
46,21,56,7,8.88,1.2685714285714287
46,21,57,18,22.63,1.2572222222222222
46,21,58,6,7.5,1.25
46,21,59,14,16.59,1.185
46,21,60,6,7.09,1.1816666666666666
46,21,61,10,11.27,1.127
46,21,62,10,11.24,1.124
46,21,63,20,22.19,1.1095000000000002
46,21,64,2,2.14,1.07
46,21,65,5,5.16,1.032
46,21,66,1,1.03,1.03
46,21,67,15,14.7,0.98
46,21,68,19,18.21,0.958421052631579
46,21,69,4,3.58,0.895
46,21,70,5,4.46,0.892
46,21,71,15,13.16,0.8773333333333333
46,21,72,16,14.02,0.87625
46,21,73,16,13.91,0.869375
46,21,74,14,11.72,0.8371428571428572
46,21,75,19,15.68,0.8252631578947368
46,21,76,19,15.46,0.8136842105263158
46,21,77,15,10.86,0.724
46,21,78,10,7.2,0.72
46,21,79,18,12.53,0.6961111111111111
46,21,80,16,10.55,0.659375
46,21,81,9,5.17,0.5744444444444444
46,21,82,17,9.7,0.5705882352941176
46,21,83,7,3.87,0.5528571428571428
46,21,84,2,1.09,0.545
46,21,85,3,1.59,0.53
46,21,86,1,0.52,0.52
46,21,87,17,8.39,0.49352941176470594
46,21,88,20,8.79,0.43949999999999995
46,21,89,11,4.63,0.4209090909090909
46,21,90,5,1.86,0.372
46,21,91,17,6.08,0.35764705882352943
46,21,92,19,6.34,0.3336842105263158
46,21,93,14,4.44,0.31714285714285717
46,21,94,18,5.36,0.2977777777777778
46,21,95,19,5.36,0.28210526315789475
46,21,96,7,1.95,0.2785714285714286
46,21,97,10,2.39,0.23900000000000002
46,21,98,9,1.3,0.14444444444444446
46,21,99,20,2.61,0.1305
46,32,0,10,50.42,5.042
46,32,1,1,4.86,4.86
46,32,2,3,14.53,4.843333333333333
46,32,3,14,66.05,4.7178571428571425
46,32,4,18,82.25,4.569444444444445
46,32,5,8,36.53,4.56625
46,32,6,2,9.05,4.525
46,32,7,2,8.9,4.45
46,32,8,16,70.34,4.39625
46,32,9,8,34.51,4.31375
46,32,10,3,12.91,4.303333333333334
46,32,11,2,8.52,4.26
46,32,12,9,38.27,4.252222222222223
46,32,13,7,29.18,4.168571428571428
46,32,14,14,57.92,4.137142857142857
46,32,15,16,65.27,4.079375
46,32,16,12,48.82,4.068333333333333
46,32,17,11,44.33,4.03
46,32,18,13,52.28,4.021538461538461
46,32,19,2,7.94,3.97
46,32,20,12,47.59,3.9658333333333338
46,32,21,2,7.93,3.965
46,32,22,15,58.93,3.9286666666666665
46,32,23,12,46.96,3.9133333333333336
46,32,24,3,11.66,3.8866666666666667
46,32,25,18,69.83,3.8794444444444443
46,32,26,2,7.73,3.865
46,32,27,18,69.21,3.8449999999999998
46,32,28,3,11.42,3.8066666666666666
46,32,29,20,76.03,3.8015
46,32,30,19,70.59,3.715263157894737
46,32,31,2,7.42,3.71
46,32,32,11,39.59,3.5990909090909096
46,32,33,4,14.3,3.575
46,32,34,17,60.09,3.5347058823529416
46,32,35,20,70.6,3.53
46,32,36,18,63.52,3.528888888888889
46,32,37,19,66.78,3.5147368421052634
46,32,38,17,59.29,3.4876470588235295
46,32,39,18,61.68,3.4266666666666667
46,32,40,19,64.69,3.404736842105263
46,32,41,13,43.43,3.3407692307692307
46,32,42,2,6.61,3.305
46,32,43,5,16.36,3.272
46,32,44,5,15.97,3.194
46,32,45,10,31.89,3.189
46,32,46,16,50.51,3.156875
46,32,47,15,47.12,3.1413333333333333
46,32,48,14,42.84,3.06
46,32,49,13,37.88,2.913846153846154
46,32,50,8,22.61,2.82625
46,32,51,8,22.27,2.78375
46,32,52,13,35.99,2.7684615384615388
46,32,53,5,13.28,2.6559999999999997
46,32,54,9,23.56,2.6177777777777775
46,32,55,12,31.3,2.6083333333333334
46,32,56,9,22.35,2.4833333333333334
46,32,57,17,39.38,2.316470588235294
46,32,58,10,22.84,2.284
46,32,59,8,18.27,2.28375
46,32,60,7,15.92,2.2742857142857145
46,32,61,16,35.04,2.19
46,32,62,20,42.05,2.1025
46,32,63,7,14.46,2.065714285714286
46,32,64,14,27.25,1.9464285714285714
46,32,65,6,11.5,1.9166666666666667
46,32,66,3,5.71,1.9033333333333333
46,32,67,19,35.92,1.8905263157894738
46,32,68,17,30.87,1.8158823529411765
46,32,69,11,18.39,1.6718181818181819
46,32,70,3,4.89,1.63
46,32,71,7,11.22,1.602857142857143
46,32,72,2,3.16,1.58
46,32,73,11,17.18,1.5618181818181818
46,32,74,1,1.54,1.54
46,32,75,3,4.62,1.54
46,32,76,10,14.82,1.482
46,32,77,5,6.94,1.3880000000000001
46,32,78,3,3.74,1.2466666666666668
46,32,79,20,24.89,1.2445
46,32,80,16,17.19,1.074375
46,32,81,17,17.72,1.0423529411764705
46,32,82,18,17.95,0.9972222222222222
46,32,83,20,19.64,0.982
46,32,84,2,1.91,0.955
46,32,85,2,1.87,0.935
46,32,86,6,5.12,0.8533333333333334
46,32,87,7,5.95,0.85
46,32,88,15,12.72,0.8480000000000001
46,32,89,16,13.41,0.838125
46,32,90,15,9.66,0.644
46,32,91,18,10.65,0.5916666666666667
46,32,92,16,9.25,0.578125
46,32,93,20,11.55,0.5775
46,32,94,5,2.39,0.47800000000000004
46,32,95,15,6.31,0.42066666666666663
46,32,96,13,5.15,0.3961538461538462
46,32,97,2,0.7,0.35
46,32,98,9,2.88,0.32
46,32,99,8,1.71,0.21375
46,39,0,14,53.84,3.845714285714286
46,39,1,19,72.82,3.832631578947368
46,39,2,13,49.09,3.7761538461538464
46,39,3,20,74.73,3.7365000000000004
46,39,4,10,37.35,3.7350000000000003
46,39,5,20,73.67,3.6835
46,39,6,11,40.44,3.6763636363636363
46,39,7,7,25.5,3.642857142857143
46,39,8,14,50.52,3.608571428571429
46,39,9,13,46.82,3.6015384615384614
46,39,10,7,24.67,3.5242857142857145
46,39,11,4,14.07,3.5175
46,39,12,10,33.51,3.351
46,39,13,18,59.45,3.302777777777778
46,39,14,19,61.89,3.2573684210526315
46,39,15,7,21.7,3.1
46,39,16,12,36.58,3.0483333333333333
46,39,17,1,3.04,3.04
46,39,18,12,35.9,2.9916666666666667
46,39,19,15,44.52,2.9680000000000004
46,39,20,17,50.07,2.945294117647059
46,39,21,9,26.22,2.913333333333333
46,39,22,14,39.11,2.7935714285714286
46,39,23,20,54.9,2.745
46,39,24,4,10.86,2.715
46,39,25,3,7.84,2.6133333333333333
46,39,26,9,23.48,2.608888888888889
46,39,27,14,36.33,2.5949999999999998
46,39,28,19,48.12,2.532631578947368
46,39,29,4,10.07,2.5175
46,39,30,3,7.55,2.5166666666666666
46,39,31,8,19.62,2.4525
46,39,32,9,21.7,2.411111111111111
46,39,33,19,45.47,2.393157894736842
46,39,34,15,35.51,2.3673333333333333
46,39,35,3,6.79,2.263333333333333
46,39,36,5,11.07,2.214
46,39,37,11,23.89,2.171818181818182
46,39,38,7,14.84,2.12
46,39,39,13,26.48,2.036923076923077
46,39,40,18,36.63,2.035
46,39,41,1,1.99,1.99
46,39,42,14,27.12,1.9371428571428573
46,39,43,9,17.23,1.9144444444444444
46,39,44,6,11.44,1.9066666666666665
46,39,45,8,15.14,1.8925
46,39,46,17,31.42,1.8482352941176472
46,39,47,15,27.47,1.8313333333333333
46,39,48,14,25.27,1.805
46,39,49,15,26.84,1.7893333333333332
46,39,50,5,8.94,1.7879999999999998
46,39,51,19,33.87,1.7826315789473683
46,39,52,19,33.31,1.7531578947368422
46,39,53,7,12.18,1.74
46,39,54,8,13.36,1.67
46,39,55,2,3.33,1.665
46,39,56,10,16.59,1.659
46,39,57,18,29.85,1.6583333333333334
46,39,58,3,4.97,1.6566666666666665
46,39,59,2,3.24,1.62
46,39,60,12,19.1,1.5916666666666668
46,39,61,20,31.29,1.5645
46,39,62,13,20.0,1.5384615384615385
46,39,63,9,12.47,1.3855555555555557
46,39,64,8,11.01,1.37625
46,39,65,6,7.83,1.305
46,39,66,8,10.3,1.2875
46,39,67,17,21.4,1.2588235294117647
46,39,68,20,24.61,1.2305
46,39,69,20,24.01,1.2005000000000001
46,39,70,6,7.16,1.1933333333333334
46,39,71,1,1.12,1.12
46,39,72,15,16.63,1.1086666666666667
46,39,73,4,4.37,1.0925
46,39,74,9,9.27,1.03
46,39,75,6,6.16,1.0266666666666666
46,39,76,10,9.81,0.9810000000000001
46,39,77,3,2.87,0.9566666666666667
46,39,78,19,17.82,0.9378947368421052
46,39,79,3,2.76,0.9199999999999999
46,39,80,14,12.76,0.9114285714285714
46,39,81,10,9.08,0.908
46,39,82,8,7.2,0.9
46,39,83,9,7.56,0.84
46,39,84,2,1.54,0.77
46,39,85,17,11.85,0.6970588235294117
46,39,86,14,8.94,0.6385714285714286
46,39,87,17,10.02,0.5894117647058823
46,39,88,2,1.15,0.575
46,39,89,8,4.56,0.57
46,39,90,15,7.9,0.5266666666666667
46,39,91,4,2.1,0.525
46,39,92,13,5.78,0.44461538461538463
46,39,93,3,1.17,0.38999999999999996
46,39,94,4,1.53,0.3825
46,39,95,13,4.39,0.3376923076923077
46,39,96,15,4.26,0.284
46,39,97,7,1.47,0.21
46,39,98,17,3.27,0.1923529411764706
46,39,99,9,1.53,0.17
46,77,0,7,35.18,5.025714285714286
46,77,1,19,93.66,4.929473684210526
46,77,2,5,24.58,4.9159999999999995
46,77,3,16,78.26,4.89125
46,77,4,19,91.94,4.838947368421053
46,77,5,19,87.99,4.631052631578947
46,77,6,10,45.41,4.5409999999999995
46,77,7,20,90.63,4.531499999999999
46,77,8,13,57.62,4.432307692307692
46,77,9,13,57.08,4.390769230769231
46,77,10,7,30.61,4.372857142857143
46,77,11,5,21.85,4.37
46,77,12,12,52.08,4.34
46,77,13,4,17.23,4.3075
46,77,14,15,63.49,4.232666666666667
46,77,15,16,67.52,4.22
46,77,16,16,67.48,4.2175
46,77,17,13,53.68,4.1292307692307695
46,77,18,14,56.97,4.069285714285714
46,77,19,18,73.13,4.062777777777778
46,77,20,6,23.77,3.9616666666666664
46,77,21,2,7.87,3.935
46,77,22,3,11.4,3.8000000000000003
46,77,23,11,41.63,3.7845454545454547
46,77,24,17,63.57,3.739411764705882
46,77,25,9,33.3,3.6999999999999997
46,77,26,8,29.14,3.6425
46,77,27,2,7.28,3.64
46,77,28,7,24.11,3.4442857142857144
46,77,29,11,37.69,3.4263636363636363
46,77,30,3,10.22,3.4066666666666667
46,77,31,9,30.56,3.395555555555555
46,77,32,6,20.3,3.3833333333333333
46,77,33,15,50.32,3.3546666666666667
46,77,34,9,30.05,3.338888888888889
46,77,35,12,39.75,3.3125
46,77,36,13,42.73,3.2869230769230766
46,77,37,9,29.33,3.2588888888888885
46,77,38,9,29.19,3.2433333333333336
46,77,39,7,22.68,3.2399999999999998
46,77,40,10,31.85,3.185
46,77,41,8,24.94,3.1175
46,77,42,7,21.01,3.001428571428572
46,77,43,18,53.53,2.973888888888889
46,77,44,3,8.39,2.796666666666667
46,77,45,15,41.47,2.7646666666666664
46,77,46,9,24.83,2.7588888888888885
46,77,47,12,33.07,2.7558333333333334
46,77,48,6,16.28,2.7133333333333334
46,77,49,16,41.87,2.616875
46,77,50,3,7.84,2.6133333333333333
46,77,51,18,45.14,2.5077777777777777
46,77,52,18,44.37,2.465
46,77,53,16,39.06,2.44125
46,77,54,13,31.2,2.4
46,77,55,15,35.97,2.398
46,77,56,8,19.11,2.38875
46,77,57,5,11.8,2.3600000000000003
46,77,58,11,25.87,2.351818181818182
46,77,59,11,25.58,2.325454545454545
46,77,60,6,13.82,2.3033333333333332
46,77,61,8,18.3,2.2875
46,77,62,10,22.34,2.234
46,77,63,14,31.04,2.217142857142857
46,77,64,4,8.13,2.0325
46,77,65,2,3.95,1.975
46,77,66,9,17.21,1.9122222222222223
46,77,67,12,21.48,1.79
46,77,68,18,31.62,1.7566666666666668
46,77,69,17,29.14,1.7141176470588235
46,77,70,18,28.85,1.6027777777777779
46,77,71,1,1.55,1.55
46,77,72,20,30.69,1.5345
46,77,73,9,13.34,1.482222222222222
46,77,74,7,10.23,1.4614285714285715
46,77,75,8,11.01,1.37625
46,77,76,13,17.47,1.3438461538461537
46,77,77,8,10.23,1.27875
46,77,78,17,20.73,1.2194117647058824
46,77,79,1,1.2,1.2
46,77,80,11,12.02,1.0927272727272728
46,77,81,18,19.57,1.0872222222222223
46,77,82,17,16.9,0.9941176470588234
46,77,83,10,9.41,0.9410000000000001
46,77,84,19,17.65,0.9289473684210525
46,77,85,13,11.2,0.8615384615384615
46,77,86,10,8.3,0.8300000000000001
46,77,87,11,8.36,0.7599999999999999
46,77,88,6,4.48,0.7466666666666667
46,77,89,8,5.89,0.73625
46,77,90,11,7.24,0.6581818181818182
46,77,91,10,5.82,0.5820000000000001
46,77,92,18,8.09,0.4494444444444444
46,77,93,10,4.09,0.409
46,77,94,19,7.75,0.40789473684210525
46,77,95,3,1.19,0.39666666666666667
46,77,96,7,2.73,0.39
46,77,97,18,5.96,0.33111111111111113
46,77,98,20,6.09,0.3045
46,77,99,17,4.74,0.2788235294117647
46,85,0,14,130.32,9.308571428571428
46,85,1,16,147.55,9.221875
46,85,2,9,80.76,8.973333333333334
46,85,3,8,70.94,8.8675
46,85,4,10,84.93,8.493
46,85,5,6,50.76,8.459999999999999
46,85,6,19,159.26,8.382105263157895
46,85,7,12,99.06,8.255
46,85,8,1,8.04,8.04
46,85,9,19,151.78,7.988421052631579
46,85,10,19,151.71,7.984736842105264
46,85,11,5,38.97,7.794
46,85,12,20,155.09,7.7545
46,85,13,14,107.5,7.678571428571429
46,85,14,17,130.27,7.662941176470589
46,85,15,8,61.11,7.63875
46,85,16,10,74.74,7.473999999999999
46,85,17,16,119.24,7.4525
46,85,18,13,88.29,6.791538461538462
46,85,19,7,47.47,6.781428571428571
46,85,20,16,108.42,6.77625
46,85,21,8,53.99,6.74875
46,85,22,9,60.15,6.683333333333334
46,85,23,9,59.59,6.621111111111111
46,85,24,7,44.78,6.397142857142858
46,85,25,12,73.44,6.12
46,85,26,17,103.94,6.114117647058824
46,85,27,7,42.05,6.007142857142857
46,85,28,3,17.84,5.946666666666666
46,85,29,6,35.21,5.868333333333333
46,85,30,6,35.15,5.858333333333333
46,85,31,11,63.8,5.8
46,85,32,9,52.16,5.795555555555556
46,85,33,8,46.15,5.76875
46,85,34,11,62.53,5.684545454545455
46,85,35,9,50.64,5.626666666666667
46,85,36,15,83.7,5.58
46,85,37,5,27.87,5.574
46,85,38,13,71.78,5.521538461538461
46,85,39,19,101.82,5.3589473684210525
46,85,40,20,104.71,5.2355
46,85,41,9,46.92,5.213333333333334
46,85,42,8,41.57,5.19625
46,85,43,20,103.77,5.1884999999999994
46,85,44,17,84.41,4.965294117647058
46,85,45,12,58.99,4.9158333333333335
46,85,46,6,29.34,4.89
46,85,47,3,14.43,4.81
46,85,48,11,52.42,4.765454545454546
46,85,49,7,33.02,4.717142857142858
46,85,50,1,4.68,4.68
46,85,51,14,63.61,4.543571428571428
46,85,52,1,4.33,4.33
46,85,53,10,42.1,4.21
46,85,54,1,3.94,3.94
46,85,55,20,76.99,3.8495
46,85,56,8,30.3,3.7875
46,85,57,15,55.3,3.6866666666666665
46,85,58,9,31.66,3.517777777777778
46,85,59,11,38.45,3.4954545454545456
46,85,60,2,6.88,3.44
46,85,61,15,51.1,3.4066666666666667
46,85,62,15,48.93,3.262
46,85,63,14,43.9,3.1357142857142857
46,85,64,6,18.41,3.0683333333333334
46,85,65,1,2.98,2.98
46,85,66,6,17.52,2.92
46,85,67,1,2.88,2.88
46,85,68,1,2.83,2.83
46,85,69,20,53.81,2.6905
46,85,70,19,47.48,2.4989473684210526
46,85,71,18,43.62,2.4233333333333333
46,85,72,5,11.74,2.348
46,85,73,14,31.83,2.2735714285714286
46,85,74,13,27.31,2.1007692307692305
46,85,75,4,7.86,1.965
46,85,76,20,37.97,1.8984999999999999
46,85,77,14,25.53,1.8235714285714286
46,85,78,19,34.41,1.8110526315789472
46,85,79,6,10.41,1.735
46,85,80,10,16.74,1.674
46,85,81,16,26.57,1.660625
46,85,82,15,24.26,1.6173333333333335
46,85,83,12,18.14,1.5116666666666667
46,85,84,3,4.37,1.4566666666666668
46,85,85,9,11.75,1.3055555555555556
46,85,86,19,24.46,1.2873684210526317
46,85,87,20,24.92,1.246
46,85,88,18,21.38,1.1877777777777778
46,85,89,4,4.61,1.1525
46,85,90,16,18.12,1.1325
46,85,91,9,10.03,1.1144444444444443
46,85,92,6,5.69,0.9483333333333334
46,85,93,15,13.67,0.9113333333333333
46,85,94,16,10.83,0.676875
46,85,95,15,9.03,0.602
46,85,96,15,8.95,0.5966666666666666
46,85,97,4,2.36,0.59
46,85,98,4,1.97,0.4925
46,85,99,2,0.87,0.435
46,94,0,10,21.2,2.12
46,94,1,14,29.14,2.0814285714285714
46,94,2,15,30.69,2.0460000000000003
46,94,3,17,34.58,2.0341176470588236
46,94,4,18,36.35,2.0194444444444444
46,94,5,10,19.92,1.9920000000000002
46,94,6,1,1.95,1.95
46,94,7,18,34.88,1.9377777777777778
46,94,8,8,15.37,1.92125
46,94,9,6,11.49,1.915
46,94,10,8,15.07,1.88375
46,94,11,14,26.32,1.8800000000000001
46,94,12,7,13.08,1.8685714285714285
46,94,13,19,35.06,1.845263157894737
46,94,14,19,34.96,1.84
46,94,15,5,9.14,1.828
46,94,16,14,25.47,1.8192857142857142
46,94,17,6,10.87,1.8116666666666665
46,94,18,11,19.5,1.7727272727272727
46,94,19,19,33.26,1.7505263157894735
46,94,20,12,20.59,1.7158333333333333
46,94,21,2,3.39,1.695
46,94,22,19,32.06,1.6873684210526316
46,94,23,17,28.42,1.671764705882353
46,94,24,4,6.68,1.67
46,94,25,16,26.56,1.66
46,94,26,6,9.82,1.6366666666666667
46,94,27,3,4.81,1.6033333333333333
46,94,28,18,28.57,1.5872222222222223
46,94,29,8,12.25,1.53125
46,94,30,16,24.25,1.515625
46,94,31,9,13.38,1.4866666666666668
46,94,32,4,5.66,1.415
46,94,33,6,8.36,1.3933333333333333
46,94,34,5,6.94,1.3880000000000001
46,94,35,9,12.49,1.3877777777777778
46,94,36,6,7.8,1.3
46,94,37,4,5.15,1.2875
46,94,38,13,16.39,1.2607692307692309
46,94,39,5,6.3,1.26
46,94,40,18,22.6,1.2555555555555555
46,94,41,9,11.0,1.2222222222222223
46,94,42,14,16.74,1.1957142857142855
46,94,43,11,12.57,1.1427272727272728
46,94,44,16,17.91,1.119375
46,94,45,12,13.22,1.1016666666666668
46,94,46,13,14.32,1.1015384615384616
46,94,47,20,21.9,1.095
46,94,48,8,8.74,1.0925
46,94,49,12,12.8,1.0666666666666667
46,94,50,19,20.0,1.0526315789473684
46,94,51,12,11.75,0.9791666666666666
46,94,52,15,14.65,0.9766666666666667
46,94,53,20,19.33,0.9664999999999999
46,94,54,12,11.02,0.9183333333333333
46,94,55,20,17.18,0.859
46,94,56,19,16.08,0.8463157894736841
46,94,57,17,14.23,0.8370588235294117
46,94,58,6,4.97,0.8283333333333333
46,94,59,8,6.34,0.7925
46,94,60,10,7.66,0.766
46,94,61,6,4.51,0.7516666666666666
46,94,62,12,8.71,0.7258333333333334
46,94,63,8,5.73,0.71625
46,94,64,11,7.27,0.6609090909090909
46,94,65,18,11.7,0.6499999999999999
46,94,66,15,9.73,0.6486666666666667
46,94,67,9,5.81,0.6455555555555555
46,94,68,19,11.99,0.6310526315789474
46,94,69,2,1.25,0.625
46,94,70,5,2.88,0.576
46,94,71,18,10.35,0.575
46,94,72,1,0.57,0.57
46,94,73,7,3.95,0.5642857142857143
46,94,74,5,2.8,0.5599999999999999
46,94,75,2,1.08,0.54
46,94,76,12,6.03,0.5025000000000001
46,94,77,16,7.94,0.49625
46,94,78,19,9.4,0.4947368421052632
46,94,79,1,0.49,0.49
46,94,80,15,7.28,0.48533333333333334
46,94,81,3,1.38,0.45999999999999996
46,94,82,17,7.77,0.45705882352941174
46,94,83,17,7.31,0.43
46,94,84,5,2.12,0.42400000000000004
46,94,85,5,2.08,0.41600000000000004
46,94,86,16,6.27,0.391875
46,94,87,16,5.58,0.34875
46,94,88,15,5.19,0.34600000000000003
46,94,89,7,2.41,0.3442857142857143
46,94,90,5,1.35,0.27
46,94,91,1,0.24,0.24
46,94,92,11,2.62,0.2381818181818182
46,94,93,6,1.41,0.235
46,94,94,18,3.96,0.22
46,94,95,20,3.56,0.178
46,94,96,14,2.4,0.17142857142857143
46,94,97,17,2.75,0.16176470588235295
46,94,98,18,2.54,0.1411111111111111
46,94,99,11,1.36,0.12363636363636364
77,7,0,10,112.19,11.219
77,7,1,19,213.02,11.211578947368421
77,7,2,9,99.71,11.078888888888889
77,7,3,9,97.76,10.862222222222222
77,7,4,3,32.45,10.816666666666668
77,7,5,8,86.5,10.8125
77,7,6,20,215.75,10.7875
77,7,7,11,118.25,10.75
77,7,8,20,214.83,10.7415
77,7,9,19,201.12,10.585263157894737
77,7,10,5,52.72,10.544
77,7,11,20,210.5,10.525
77,7,12,13,136.44,10.495384615384616
77,7,13,6,62.76,10.459999999999999
77,7,14,17,173.89,10.228823529411764
77,7,15,4,40.79,10.1975
77,7,16,17,173.07,10.180588235294117
77,7,17,18,182.99,10.166111111111112
77,7,18,9,89.29,9.921111111111111
77,7,19,4,39.66,9.915
77,7,20,2,19.83,9.915
77,7,21,8,78.97,9.87125
77,7,22,11,104.84,9.530909090909091
77,7,23,16,152.3,9.51875
77,7,24,19,176.4,9.284210526315789
77,7,25,3,27.74,9.246666666666666
77,7,26,11,101.37,9.215454545454547
77,7,27,6,54.48,9.08
77,7,28,5,44.86,8.972
77,7,29,9,77.81,8.645555555555555
77,7,30,5,43.02,8.604000000000001
77,7,31,4,34.24,8.56
77,7,32,14,119.72,8.551428571428572
77,7,33,20,157.05,7.852500000000001
77,7,34,10,78.36,7.836
77,7,35,12,93.81,7.8175
77,7,36,17,131.79,7.75235294117647
77,7,37,3,23.24,7.746666666666666
77,7,38,13,100.59,7.737692307692308
77,7,39,19,146.75,7.723684210526316
77,7,40,6,46.26,7.71
77,7,41,1,7.48,7.48
77,7,42,8,58.57,7.32125
77,7,43,11,79.43,7.220909090909092
77,7,44,4,28.5,7.125
77,7,45,14,97.05,6.932142857142857
77,7,46,4,27.57,6.8925
77,7,47,8,52.83,6.60375
77,7,48,12,78.65,6.554166666666667
77,7,49,2,13.05,6.525
77,7,50,6,38.93,6.488333333333333
77,7,51,8,48.44,6.055
77,7,52,16,94.73,5.920625
77,7,53,1,5.91,5.91
77,7,54,13,76.41,5.877692307692308
77,7,55,2,11.61,5.805
77,7,56,4,22.66,5.665
77,7,57,17,96.18,5.65764705882353
77,7,58,17,93.19,5.481764705882353
77,7,59,17,91.91,5.406470588235294
77,7,60,1,5.17,5.17
77,7,61,5,25.81,5.162
77,7,62,17,84.02,4.942352941176471
77,7,63,14,66.23,4.730714285714286
77,7,64,10,46.1,4.61
77,7,65,14,64.36,4.597142857142857
77,7,66,11,49.49,4.499090909090909
77,7,67,12,51.69,4.3075
77,7,68,5,21.47,4.294
77,7,69,1,4.22,4.22
77,7,70,9,34.97,3.8855555555555554
77,7,71,4,15.06,3.765
77,7,72,11,40.07,3.6427272727272726
77,7,73,10,35.4,3.54
77,7,74,7,23.57,3.367142857142857
77,7,75,2,6.57,3.285
77,7,76,17,52.35,3.0794117647058825
77,7,77,2,5.73,2.865
77,7,78,5,13.36,2.6719999999999997
77,7,79,14,35.66,2.5471428571428567
77,7,80,19,47.91,2.521578947368421
77,7,81,18,45.02,2.5011111111111113
77,7,82,14,33.3,2.3785714285714286
77,7,83,3,6.55,2.183333333333333
77,7,84,8,16.76,2.095
77,7,85,10,20.86,2.086
77,7,86,14,26.26,1.875714285714286
77,7,87,8,13.73,1.71625
77,7,88,5,8.25,1.65
77,7,89,5,8.18,1.636
77,7,90,12,17.08,1.4233333333333331
77,7,91,5,7.04,1.408
77,7,92,2,2.75,1.375
77,7,93,6,6.33,1.055
77,7,94,13,12.74,0.98
77,7,95,9,6.78,0.7533333333333334
77,7,96,8,5.49,0.68625
77,7,97,7,4.73,0.6757142857142858
77,7,98,19,11.04,0.5810526315789474
77,7,99,9,4.44,0.4933333333333334
77,10,0,14,88.43,6.316428571428572
77,10,1,5,31.27,6.254
77,10,2,5,30.84,6.168
77,10,3,13,79.86,6.143076923076923
77,10,4,16,96.39,6.024375
77,10,5,3,17.88,5.96
77,10,6,3,17.56,5.853333333333333
77,10,7,4,23.36,5.84
77,10,8,19,109.48,5.762105263157895
77,10,9,4,22.92,5.73
77,10,10,19,108.23,5.696315789473684
77,10,11,16,88.88,5.555
77,10,12,11,60.53,5.502727272727273
77,10,13,11,59.47,5.406363636363636
77,10,14,13,69.18,5.321538461538462
77,10,15,11,58.0,5.2727272727272725
77,10,16,1,5.26,5.26
77,10,17,4,20.47,5.1175
77,10,18,5,25.29,5.058
77,10,19,8,39.68,4.96
77,10,20,13,61.63,4.740769230769231
77,10,21,14,65.84,4.702857142857143
77,10,22,11,51.01,4.637272727272727
77,10,23,1,4.61,4.61
77,10,24,16,73.32,4.5825
77,10,25,17,77.73,4.5723529411764705
77,10,26,11,49.31,4.482727272727273
77,10,27,10,44.48,4.4479999999999995
77,10,28,19,82.97,4.366842105263157
77,10,29,1,4.35,4.35
77,10,30,19,82.64,4.349473684210526
77,10,31,6,26.02,4.336666666666667
77,10,32,1,4.3,4.3
77,10,33,1,4.23,4.23
77,10,34,16,64.68,4.0425
77,10,35,20,79.41,3.9705
77,10,36,9,35.23,3.914444444444444
77,10,37,3,11.38,3.7933333333333334
77,10,38,13,49.3,3.792307692307692
77,10,39,3,11.16,3.72
77,10,40,8,29.6,3.7
77,10,41,3,11.06,3.686666666666667
77,10,42,9,32.72,3.6355555555555554
77,10,43,17,61.07,3.5923529411764705
77,10,44,17,59.77,3.5158823529411767
77,10,45,4,14.04,3.51
77,10,46,20,68.84,3.442
77,10,47,10,34.2,3.4200000000000004
77,10,48,10,33.59,3.3590000000000004
77,10,49,13,42.99,3.306923076923077
77,10,50,5,16.42,3.2840000000000003
77,10,51,11,34.12,3.1018181818181816
77,10,52,18,55.09,3.0605555555555557
77,10,53,17,51.66,3.0388235294117645
77,10,54,3,9.04,3.013333333333333
77,10,55,20,56.76,2.838
77,10,56,12,33.16,2.763333333333333
77,10,57,14,38.26,2.7328571428571427
77,10,58,17,44.74,2.631764705882353
77,10,59,2,5.15,2.575
77,10,60,12,29.11,2.4258333333333333
77,10,61,18,41.19,2.288333333333333
77,10,62,2,4.57,2.285
77,10,63,5,11.21,2.242
77,10,64,6,13.42,2.236666666666667
77,10,65,7,14.75,2.107142857142857
77,10,66,12,24.38,2.0316666666666667
77,10,67,8,16.23,2.02875
77,10,68,4,8.09,2.0225
77,10,69,9,17.86,1.9844444444444445
77,10,70,7,12.48,1.782857142857143
77,10,71,3,5.19,1.7300000000000002
77,10,72,6,10.19,1.6983333333333333
77,10,73,10,16.32,1.6320000000000001
77,10,74,15,23.85,1.59
77,10,75,1,1.55,1.55
77,10,76,3,4.59,1.53
77,10,77,9,13.66,1.517777777777778
77,10,78,4,5.74,1.435
77,10,79,18,25.01,1.3894444444444445
77,10,80,4,5.45,1.3625
77,10,81,20,26.05,1.3025
77,10,82,6,7.38,1.23
77,10,83,20,23.62,1.181
77,10,84,19,21.11,1.1110526315789473
77,10,85,1,1.1,1.1
77,10,86,3,3.28,1.0933333333333333
77,10,87,15,15.77,1.0513333333333332
77,10,88,3,2.64,0.88
77,10,89,19,14.93,0.7857894736842105
77,10,90,20,15.21,0.7605000000000001
77,10,91,15,11.04,0.736
77,10,92,6,3.47,0.5783333333333334
77,10,93,16,9.14,0.57125
77,10,94,8,4.55,0.56875
77,10,95,11,5.95,0.5409090909090909
77,10,96,6,2.82,0.47
77,10,97,12,5.38,0.4483333333333333
77,10,98,4,1.16,0.29
77,10,99,10,2.64,0.264
77,11,0,8,4.21,0.52625
77,11,1,19,9.83,0.5173684210526316
77,11,2,8,4.04,0.505
77,11,3,16,8.06,0.50375
77,11,4,6,2.97,0.49500000000000005
77,11,5,20,9.86,0.493
77,11,6,13,6.4,0.49230769230769234
77,11,7,12,5.66,0.4716666666666667
77,11,8,20,9.33,0.4665
77,11,9,12,5.58,0.465
77,11,10,18,8.27,0.45944444444444443
77,11,11,11,4.99,0.45363636363636367
77,11,12,6,2.72,0.45333333333333337
77,11,13,3,1.36,0.45333333333333337
77,11,14,20,8.99,0.4495
77,11,15,10,4.47,0.44699999999999995
77,11,16,5,2.2,0.44000000000000006
77,11,17,17,7.48,0.44
77,11,18,15,6.55,0.43666666666666665
77,11,19,2,0.87,0.435
77,11,20,8,3.45,0.43125
77,11,21,4,1.71,0.4275
77,11,22,1,0.42,0.42
77,11,23,4,1.66,0.415
77,11,24,2,0.82,0.41
77,11,25,12,4.92,0.41
77,11,26,13,5.32,0.40923076923076923
77,11,27,12,4.9,0.4083333333333334
77,11,28,3,1.21,0.4033333333333333
77,11,29,20,8.04,0.40199999999999997
77,11,30,7,2.79,0.3985714285714286
77,11,31,10,3.93,0.393
77,11,32,20,7.85,0.39249999999999996
77,11,33,8,3.12,0.39
77,11,34,3,1.16,0.38666666666666666
77,11,35,13,5.0,0.38461538461538464
77,11,36,16,6.06,0.37875
77,11,37,7,2.63,0.3757142857142857
77,11,38,9,3.35,0.37222222222222223
77,11,39,5,1.84,0.368
77,11,40,11,4.02,0.3654545454545454
77,11,41,17,5.93,0.3488235294117647
77,11,42,3,1.04,0.3466666666666667
77,11,43,13,4.45,0.3423076923076923
77,11,44,14,4.77,0.3407142857142857
77,11,45,9,3.04,0.3377777777777778
77,11,46,15,4.96,0.33066666666666666
77,11,47,17,5.62,0.3305882352941176
77,11,48,14,4.5,0.32142857142857145
77,11,49,19,6.09,0.32052631578947366
77,11,50,11,3.52,0.32
77,11,51,2,0.63,0.315
77,11,52,15,4.68,0.312
77,11,53,1,0.31,0.31
77,11,54,11,3.38,0.30727272727272725
77,11,55,2,0.6,0.3
77,11,56,17,5.09,0.2994117647058823
77,11,57,9,2.6,0.2888888888888889
77,11,58,17,4.9,0.2882352941176471
77,11,59,12,3.45,0.28750000000000003
77,11,60,12,3.43,0.28583333333333333
77,11,61,18,5.09,0.2827777777777778
77,11,62,18,5.07,0.2816666666666667
77,11,63,1,0.28,0.28
77,11,64,20,5.53,0.2765
77,11,65,11,3.03,0.27545454545454545
77,11,66,7,1.83,0.26142857142857145
77,11,67,4,1.03,0.2575
77,11,68,15,3.77,0.25133333333333335
77,11,69,2,0.49,0.245
77,11,70,11,2.68,0.24363636363636365
77,11,71,8,1.9,0.2375
77,11,72,17,3.77,0.22176470588235295
77,11,73,17,3.58,0.21058823529411766
77,11,74,12,2.3,0.19166666666666665
77,11,75,19,3.62,0.19052631578947368
77,11,76,1,0.19,0.19
77,11,77,7,1.25,0.17857142857142858
77,11,78,2,0.35,0.175
77,11,79,9,1.53,0.17
77,11,80,8,1.36,0.17
77,11,81,1,0.16,0.16
77,11,82,5,0.78,0.156
77,11,83,7,1.08,0.1542857142857143
77,11,84,19,2.88,0.15157894736842104
77,11,85,14,2.05,0.1464285714285714
77,11,86,7,0.97,0.13857142857142857
77,11,87,19,2.61,0.13736842105263158
77,11,88,12,1.59,0.1325
77,11,89,13,1.69,0.13
77,11,90,8,1.02,0.1275
77,11,91,6,0.74,0.12333333333333334
77,11,92,19,2.27,0.11947368421052632
77,11,93,5,0.57,0.11399999999999999
77,11,94,2,0.19,0.095
77,11,95,12,1.03,0.08583333333333333
77,11,96,5,0.33,0.066
77,11,97,18,1.1,0.061111111111111116
77,11,98,2,0.09,0.045
77,11,99,17,0.7,0.041176470588235294
77,21,0,4,9.17,2.2925
77,21,1,14,31.86,2.275714285714286
77,21,2,14,31.53,2.2521428571428572
77,21,3,4,8.96,2.24
77,21,4,4,8.9,2.225
77,21,5,17,37.69,2.2170588235294115
77,21,6,3,6.6,2.1999999999999997
77,21,7,3,6.55,2.183333333333333
77,21,8,2,4.31,2.155
77,21,9,17,36.37,2.139411764705882
77,21,10,12,25.59,2.1325
77,21,11,5,10.59,2.118
77,21,12,1,2.07,2.07
77,21,13,3,6.13,2.0433333333333334
77,21,14,16,32.2,2.0125
77,21,15,4,8.04,2.01
77,21,16,14,27.38,1.9557142857142857
77,21,17,19,36.97,1.9457894736842105
77,21,18,1,1.94,1.94
77,21,19,4,7.48,1.87
77,21,20,17,31.74,1.8670588235294117
77,21,21,6,11.1,1.8499999999999999
77,21,22,14,25.71,1.8364285714285715
77,21,23,9,16.41,1.8233333333333333
77,21,24,2,3.63,1.815
77,21,25,6,10.7,1.7833333333333332
77,21,26,19,33.54,1.7652631578947369
77,21,27,11,19.29,1.7536363636363637
77,21,28,1,1.74,1.74
77,21,29,16,27.47,1.716875
77,21,30,16,27.47,1.716875
77,21,31,12,20.57,1.7141666666666666
77,21,32,16,27.26,1.70375
77,21,33,1,1.69,1.69
77,21,34,16,26.95,1.684375
77,21,35,13,21.8,1.676923076923077
77,21,36,7,11.71,1.672857142857143
77,21,37,19,31.6,1.6631578947368422
77,21,38,16,26.23,1.639375
77,21,39,12,19.37,1.6141666666666667
77,21,40,14,22.51,1.6078571428571429
77,21,41,5,7.96,1.592
77,21,42,19,30.12,1.585263157894737
77,21,43,3,4.75,1.5833333333333333
77,21,44,14,21.29,1.5207142857142857
77,21,45,9,13.58,1.508888888888889
77,21,46,12,17.64,1.47
77,21,47,7,9.89,1.412857142857143
77,21,48,15,21.14,1.4093333333333333
77,21,49,2,2.8,1.4
77,21,50,10,13.81,1.381
77,21,51,16,21.92,1.37
77,21,52,11,14.97,1.360909090909091
77,21,53,7,9.2,1.3142857142857143
77,21,54,17,22.25,1.3088235294117647
77,21,55,5,6.46,1.292
77,21,56,17,21.26,1.2505882352941178
77,21,57,11,13.5,1.2272727272727273
77,21,58,15,18.32,1.2213333333333334
77,21,59,4,4.88,1.22
77,21,60,17,20.49,1.2052941176470586
77,21,61,6,6.94,1.1566666666666667
77,21,62,18,20.21,1.1227777777777779
77,21,63,1,1.12,1.12
77,21,64,13,14.42,1.1092307692307692
77,21,65,14,15.18,1.0842857142857143
77,21,66,16,17.02,1.06375
77,21,67,1,1.05,1.05
77,21,68,5,5.25,1.05
77,21,69,17,17.75,1.0441176470588236
77,21,70,6,6.07,1.0116666666666667
77,21,71,15,14.18,0.9453333333333334
77,21,72,19,16.44,0.865263157894737
77,21,73,12,10.32,0.86
77,21,74,2,1.66,0.83
77,21,75,1,0.82,0.82
77,21,76,2,1.57,0.785
77,21,77,17,12.85,0.7558823529411764
77,21,78,15,10.24,0.6826666666666666
77,21,79,5,3.39,0.678
77,21,80,20,13.37,0.6685
77,21,81,7,4.54,0.6485714285714286
77,21,82,17,11.01,0.6476470588235294
77,21,83,10,6.25,0.625
77,21,84,10,6.11,0.611
77,21,85,12,6.85,0.5708333333333333
77,21,86,8,4.38,0.5475
77,21,87,20,10.71,0.5355000000000001
77,21,88,12,6.19,0.5158333333333334
77,21,89,16,7.71,0.481875
77,21,90,20,8.89,0.4445
77,21,91,4,1.72,0.43
77,21,92,17,7.05,0.41470588235294115
77,21,93,15,6.18,0.412
77,21,94,13,5.21,0.40076923076923077
77,21,95,16,5.63,0.351875
77,21,96,10,3.51,0.351
77,21,97,12,3.62,0.3016666666666667
77,21,98,10,2.8,0.27999999999999997
77,21,99,20,5.5,0.275
77,32,0,10,37.47,3.747
77,32,1,7,26.2,3.742857142857143
77,32,2,8,29.85,3.73125
77,32,3,12,44.64,3.72
77,32,4,12,44.32,3.6933333333333334
77,32,5,2,7.38,3.69
77,32,6,20,73.54,3.6770000000000005
77,32,7,17,61.75,3.6323529411764706
77,32,8,2,7.2,3.6
77,32,9,9,31.09,3.4544444444444444
77,32,10,2,6.82,3.41
77,32,11,11,37.42,3.401818181818182
77,32,12,16,54.33,3.395625
77,32,13,5,16.26,3.2520000000000002
77,32,14,15,48.11,3.207333333333333
77,32,15,14,44.83,3.202142857142857
77,32,16,7,22.4,3.1999999999999997
77,32,17,4,12.71,3.1775
77,32,18,6,18.81,3.135
77,32,19,19,58.58,3.083157894736842
77,32,20,18,54.83,3.046111111111111
77,32,21,5,15.14,3.028
77,32,22,15,44.31,2.954
77,32,23,13,37.63,2.894615384615385
77,32,24,4,11.54,2.885
77,32,25,14,40.36,2.882857142857143
77,32,26,3,8.62,2.873333333333333
77,32,27,15,42.48,2.832
77,32,28,11,30.42,2.7654545454545456
77,32,29,4,11.05,2.7625
77,32,30,16,44.14,2.75875
77,32,31,16,41.91,2.619375
77,32,32,6,15.21,2.535
77,32,33,19,47.28,2.488421052631579
77,32,34,20,49.29,2.4645
77,32,35,17,39.73,2.3370588235294116
77,32,36,8,18.69,2.33625
77,32,37,10,23.36,2.336
77,32,38,10,22.61,2.261
77,32,39,14,30.79,2.1992857142857143
77,32,40,14,29.43,2.1021428571428573
77,32,41,5,10.37,2.074
77,32,42,8,16.15,2.01875
77,32,43,12,24.08,2.0066666666666664
77,32,44,19,36.82,1.9378947368421053
77,32,45,6,11.55,1.925
77,32,46,6,11.32,1.8866666666666667
77,32,47,17,31.99,1.8817647058823528
77,32,48,1,1.88,1.88
77,32,49,15,27.47,1.8313333333333333
77,32,50,3,5.26,1.7533333333333332
77,32,51,2,3.5,1.75
77,32,52,18,30.83,1.7127777777777777
77,32,53,9,15.27,1.6966666666666665
77,32,54,12,20.16,1.68
77,32,55,1,1.64,1.64
77,32,56,5,7.71,1.542
77,32,57,5,7.64,1.528
77,32,58,17,25.44,1.4964705882352942
77,32,59,19,28.35,1.4921052631578948
77,32,60,15,22.34,1.4893333333333334
77,32,61,7,10.33,1.4757142857142858
77,32,62,16,23.33,1.458125
77,32,63,9,12.83,1.4255555555555555
77,32,64,12,17.07,1.4225
77,32,65,6,8.32,1.3866666666666667
77,32,66,20,27.34,1.367
77,32,67,14,18.5,1.3214285714285714
77,32,68,19,25.06,1.3189473684210526
77,32,69,16,19.68,1.23
77,32,70,7,8.59,1.227142857142857
77,32,71,2,2.36,1.18
77,32,72,4,4.67,1.1675
77,32,73,9,10.29,1.1433333333333333
77,32,74,11,12.16,1.1054545454545455
77,32,75,17,18.68,1.0988235294117648
77,32,76,20,20.54,1.027
77,32,77,2,2.05,1.025
77,32,78,9,8.53,0.9477777777777777
77,32,79,6,5.63,0.9383333333333334
77,32,80,8,7.01,0.87625
77,32,81,1,0.86,0.86
77,32,82,2,1.68,0.84
77,32,83,9,7.05,0.7833333333333333
77,32,84,7,5.19,0.7414285714285714
77,32,85,20,14.0,0.7
77,32,86,6,3.14,0.5233333333333333
77,32,87,16,7.59,0.474375
77,32,88,7,3.27,0.46714285714285714
77,32,89,3,1.37,0.4566666666666667
77,32,90,13,5.9,0.4538461538461539
77,32,91,6,2.63,0.4383333333333333
77,32,92,14,5.84,0.41714285714285715
77,32,93,14,5.54,0.39571428571428574
77,32,94,7,2.66,0.38
77,32,95,9,3.26,0.3622222222222222
77,32,96,8,2.62,0.3275
77,32,97,6,1.89,0.315
77,32,98,5,1.29,0.258
77,32,99,20,5.09,0.2545
77,39,0,11,21.64,1.9672727272727273
77,39,1,13,25.46,1.9584615384615385
77,39,2,13,25.39,1.9530769230769232
77,39,3,4,7.77,1.9425
77,39,4,16,30.95,1.934375
77,39,5,16,30.95,1.934375
77,39,6,14,26.4,1.8857142857142857
77,39,7,6,11.27,1.8783333333333332
77,39,8,6,11.11,1.8516666666666666
77,39,9,19,35.18,1.851578947368421
77,39,10,19,34.83,1.833157894736842
77,39,11,14,25.45,1.8178571428571428
77,39,12,19,34.44,1.8126315789473684
77,39,13,1,1.81,1.81
77,39,14,20,36.02,1.8010000000000002
77,39,15,19,34.17,1.7984210526315791
77,39,16,19,33.97,1.7878947368421052
77,39,17,20,35.22,1.761
77,39,18,15,26.33,1.7553333333333332
77,39,19,16,28.02,1.75125
77,39,20,7,12.19,1.7414285714285713
77,39,21,3,5.18,1.7266666666666666
77,39,22,10,17.19,1.719
77,39,23,11,18.84,1.7127272727272727
77,39,24,18,30.02,1.6677777777777778
77,39,25,20,33.32,1.666
77,39,26,20,32.94,1.6469999999999998
77,39,27,10,16.15,1.6149999999999998
77,39,28,13,20.93,1.6099999999999999
77,39,29,14,22.15,1.582142857142857
77,39,30,20,31.35,1.5675000000000001
77,39,31,7,10.71,1.53
77,39,32,6,9.09,1.515
77,39,33,8,11.88,1.485
77,39,34,12,17.24,1.4366666666666665
77,39,35,6,8.59,1.4316666666666666
77,39,36,17,24.31,1.43
77,39,37,5,7.12,1.424
77,39,38,18,24.82,1.3788888888888888
77,39,39,16,21.83,1.364375
77,39,40,17,23.06,1.356470588235294
77,39,41,17,22.89,1.346470588235294
77,39,42,16,21.48,1.3425
77,39,43,4,5.3,1.325
77,39,44,9,11.52,1.28
77,39,45,16,20.48,1.28
77,39,46,13,16.22,1.2476923076923077
77,39,47,10,12.4,1.24
77,39,48,14,17.29,1.2349999999999999
77,39,49,15,18.29,1.2193333333333334
77,39,50,15,18.22,1.2146666666666666
77,39,51,11,12.8,1.1636363636363638
77,39,52,18,20.41,1.133888888888889
77,39,53,15,16.97,1.1313333333333333
77,39,54,12,13.23,1.1025
77,39,55,9,9.48,1.0533333333333335
77,39,56,10,10.46,1.046
77,39,57,20,20.68,1.034
77,39,58,10,10.26,1.026
77,39,59,18,18.19,1.0105555555555557
77,39,60,16,15.71,0.981875
77,39,61,19,17.95,0.9447368421052631
77,39,62,14,13.01,0.9292857142857143
77,39,63,14,12.91,0.9221428571428572
77,39,64,17,15.66,0.9211764705882353
77,39,65,19,17.5,0.9210526315789473
77,39,66,2,1.71,0.855
77,39,67,3,2.55,0.85
77,39,68,6,4.98,0.8300000000000001
77,39,69,15,12.01,0.8006666666666666
77,39,70,9,7.05,0.7833333333333333
77,39,71,19,14.55,0.7657894736842106
77,39,72,16,12.09,0.755625
77,39,73,5,3.71,0.742
77,39,74,14,9.98,0.7128571428571429
77,39,75,13,8.98,0.6907692307692308
77,39,76,14,9.02,0.6442857142857142
77,39,77,13,8.37,0.6438461538461537
77,39,78,15,7.59,0.506
77,39,79,20,9.91,0.4955
77,39,80,3,1.48,0.49333333333333335
77,39,81,9,4.33,0.4811111111111111
77,39,82,16,6.78,0.42375
77,39,83,11,4.65,0.4227272727272728
77,39,84,1,0.42,0.42
77,39,85,8,3.23,0.40375
77,39,86,1,0.36,0.36
77,39,87,12,4.0,0.3333333333333333
77,39,88,4,1.23,0.3075
77,39,89,7,1.96,0.27999999999999997
77,39,90,16,4.07,0.254375
77,39,91,19,4.8,0.25263157894736843
77,39,92,20,4.65,0.2325
77,39,93,15,3.37,0.22466666666666668
77,39,94,14,2.82,0.20142857142857143
77,39,95,10,1.85,0.185
77,39,96,20,3.42,0.17099999999999999
77,39,97,8,1.31,0.16375
77,39,98,5,0.53,0.10600000000000001
77,39,99,17,1.39,0.08176470588235293
77,46,0,14,69.22,4.944285714285714
77,46,1,16,78.93,4.933125
77,46,2,10,48.97,4.897
77,46,3,18,87.96,4.886666666666667
77,46,4,17,81.75,4.8088235294117645
77,46,5,10,47.32,4.732
77,46,6,13,61.5,4.730769230769231
77,46,7,16,73.77,4.610625
77,46,8,16,73.54,4.59625
77,46,9,14,64.05,4.575
77,46,10,6,26.59,4.431666666666667
77,46,11,13,57.25,4.403846153846154
77,46,12,15,64.3,4.286666666666666
77,46,13,13,55.71,4.285384615384616
77,46,14,10,42.15,4.215
77,46,15,6,25.2,4.2
77,46,16,5,20.86,4.172
77,46,17,2,8.3,4.15
77,46,18,20,79.67,3.9835000000000003
77,46,19,14,55.56,3.968571428571429
77,46,20,14,55.34,3.9528571428571433
77,46,21,11,43.45,3.95
77,46,22,16,62.75,3.921875
77,46,23,12,46.81,3.9008333333333334
77,46,24,14,52.66,3.761428571428571
77,46,25,11,39.87,3.6245454545454545
77,46,26,17,61.45,3.614705882352941
77,46,27,15,51.53,3.4353333333333333
77,46,28,16,54.81,3.425625
77,46,29,6,20.23,3.3716666666666666
77,46,30,10,33.25,3.325
77,46,31,12,39.34,3.2783333333333338
77,46,32,9,29.12,3.2355555555555555
77,46,33,13,41.75,3.2115384615384617
77,46,34,2,6.38,3.19
77,46,35,4,12.61,3.1525
77,46,36,6,18.82,3.1366666666666667
77,46,37,8,24.98,3.1225
77,46,38,20,62.01,3.1005
77,46,39,10,30.81,3.081
77,46,40,5,15.35,3.07
77,46,41,10,30.5,3.05
77,46,42,20,60.15,3.0075
77,46,43,15,44.93,2.9953333333333334
77,46,44,12,35.23,2.935833333333333
77,46,45,18,52.41,2.9116666666666666
77,46,46,14,39.96,2.8542857142857145
77,46,47,17,47.86,2.815294117647059
77,46,48,19,50.74,2.670526315789474
77,46,49,3,7.8,2.6
77,46,50,13,33.68,2.5907692307692307
77,46,51,12,30.82,2.5683333333333334
77,46,52,20,50.97,2.5484999999999998
77,46,53,11,28.03,2.5481818181818183
77,46,54,19,46.84,2.465263157894737
77,46,55,2,4.82,2.41
77,46,56,9,21.49,2.3877777777777776
77,46,57,10,23.83,2.383
77,46,58,13,30.8,2.3692307692307693
77,46,59,8,18.37,2.29625
77,46,60,14,30.75,2.1964285714285716
77,46,61,14,30.26,2.1614285714285715
77,46,62,3,6.37,2.1233333333333335
77,46,63,7,13.26,1.8942857142857144
77,46,64,18,33.65,1.8694444444444445
77,46,65,17,29.57,1.7394117647058824
77,46,66,4,6.66,1.665
77,46,67,15,24.75,1.65
77,46,68,3,4.94,1.6466666666666667
77,46,69,1,1.64,1.64
77,46,70,20,29.63,1.4815
77,46,71,18,25.45,1.4138888888888888
77,46,72,14,19.73,1.4092857142857143
77,46,73,15,19.37,1.2913333333333334
77,46,74,1,1.26,1.26
77,46,75,11,13.84,1.258181818181818
77,46,76,4,5.03,1.2575
77,46,77,2,2.51,1.255
77,46,78,17,20.98,1.2341176470588235
77,46,79,2,2.26,1.13
77,46,80,18,20.03,1.1127777777777779
77,46,81,4,4.33,1.0825
77,46,82,15,15.52,1.0346666666666666
77,46,83,17,16.19,0.9523529411764706
77,46,84,2,1.74,0.87
77,46,85,18,13.75,0.7638888888888888
77,46,86,9,5.66,0.6288888888888889
77,46,87,4,2.5,0.625
77,46,88,17,10.55,0.6205882352941177
77,46,89,7,4.17,0.5957142857142858
77,46,90,8,4.53,0.56625
77,46,91,8,3.82,0.4775
77,46,92,18,7.92,0.44
77,46,93,13,5.37,0.41307692307692306
77,46,94,6,2.21,0.36833333333333335
77,46,95,8,2.92,0.365
77,46,96,12,3.92,0.32666666666666666
77,46,97,8,2.14,0.2675
77,46,98,19,4.92,0.25894736842105265
77,46,99,2,0.47,0.235
77,85,0,20,235.36,11.768
77,85,1,18,210.62,11.70111111111111
77,85,2,3,34.83,11.61
77,85,3,14,161.87,11.562142857142858
77,85,4,14,160.72,11.48
77,85,5,4,45.58,11.395
77,85,6,13,147.76,11.366153846153846
77,85,7,4,44.85,11.2125
77,85,8,18,198.14,11.007777777777777
77,85,9,10,109.78,10.978
77,85,10,5,54.16,10.831999999999999
77,85,11,17,182.69,10.746470588235294
77,85,12,2,21.28,10.64
77,85,13,13,137.94,10.61076923076923
77,85,14,13,136.47,10.497692307692308
77,85,15,1,10.34,10.34
77,85,16,5,51.66,10.331999999999999
77,85,17,1,10.33,10.33
77,85,18,1,10.09,10.09
77,85,19,12,120.24,10.02
77,85,20,18,178.98,9.943333333333333
77,85,21,2,19.55,9.775
77,85,22,1,9.53,9.53
77,85,23,2,18.52,9.26
77,85,24,5,46.02,9.204
77,85,25,3,27.46,9.153333333333334
77,85,26,7,63.92,9.131428571428572
77,85,27,12,107.61,8.9675
77,85,28,3,26.74,8.913333333333332
77,85,29,15,133.4,8.893333333333334
77,85,30,16,140.68,8.7925
77,85,31,19,165.36,8.703157894736842
77,85,32,8,68.95,8.61875
77,85,33,18,152.07,8.448333333333332
77,85,34,10,84.09,8.409
77,85,35,3,24.57,8.19
77,85,36,17,138.28,8.134117647058824
77,85,37,15,118.22,7.881333333333333
77,85,38,8,62.7,7.8375
77,85,39,19,147.98,7.788421052631579
77,85,40,17,126.63,7.448823529411764
77,85,41,17,126.32,7.430588235294117
77,85,42,15,108.47,7.231333333333334
77,85,43,17,122.86,7.227058823529411
77,85,44,3,21.27,7.09
77,85,45,1,6.99,6.99
77,85,46,9,61.23,6.803333333333333
77,85,47,14,92.76,6.625714285714286
77,85,48,15,98.38,6.558666666666666
77,85,49,5,32.31,6.462000000000001
77,85,50,9,57.97,6.441111111111111
77,85,51,11,70.4,6.4
77,85,52,3,19.2,6.3999999999999995
77,85,53,17,105.65,6.214705882352941
77,85,54,15,92.77,6.184666666666667
77,85,55,18,109.25,6.069444444444445
77,85,56,4,23.23,5.8075
77,85,57,14,79.62,5.687142857142858
77,85,58,9,48.39,5.376666666666667
77,85,59,3,16.06,5.353333333333333
77,85,60,4,21.25,5.3125
77,85,61,12,62.52,5.21
77,85,62,20,103.0,5.15
77,85,63,15,75.73,5.048666666666667
77,85,64,8,34.48,4.31
77,85,65,5,20.17,4.034000000000001
77,85,66,10,40.27,4.027
77,85,67,10,38.86,3.886
77,85,68,10,36.95,3.6950000000000003
77,85,69,6,21.98,3.6633333333333336
77,85,70,10,36.37,3.6369999999999996
77,85,71,19,67.24,3.538947368421052
77,85,72,16,56.3,3.51875
77,85,73,15,52.74,3.516
77,85,74,7,24.3,3.4714285714285715
77,85,75,12,41.47,3.455833333333333
77,85,76,6,20.04,3.34
77,85,77,19,63.33,3.333157894736842
77,85,78,8,23.71,2.96375
77,85,79,2,5.83,2.915
77,85,80,12,33.97,2.830833333333333
77,85,81,6,15.75,2.625
77,85,82,20,47.42,2.371
77,85,83,3,6.76,2.2533333333333334
77,85,84,10,19.46,1.9460000000000002
77,85,85,3,5.44,1.8133333333333335
77,85,86,4,7.25,1.8125
77,85,87,3,5.33,1.7766666666666666
77,85,88,14,24.74,1.7671428571428571
77,85,89,11,18.6,1.6909090909090911
77,85,90,4,5.03,1.2575
77,85,91,19,23.49,1.236315789473684
77,85,92,1,1.01,1.01
77,85,93,2,1.94,0.97
77,85,94,16,12.3,0.76875
77,85,95,11,8.06,0.7327272727272728
77,85,96,19,13.25,0.6973684210526315
77,85,97,20,13.25,0.6625
77,85,98,3,1.62,0.54
77,85,99,6,2.96,0.49333333333333335
77,94,0,8,43.1,5.3875
77,94,1,7,37.23,5.3185714285714285
77,94,2,12,63.35,5.279166666666667
77,94,3,8,42.08,5.26
77,94,4,4,20.91,5.2275
77,94,5,20,100.49,5.0245
77,94,6,20,100.18,5.009
77,94,7,15,74.89,4.992666666666667
77,94,8,5,24.32,4.864
77,94,9,9,43.23,4.803333333333333
77,94,10,7,33.5,4.785714285714286
77,94,11,16,75.39,4.711875
77,94,12,10,46.99,4.699
77,94,13,15,70.42,4.6946666666666665
77,94,14,3,14.03,4.676666666666667
77,94,15,12,56.04,4.67
77,94,16,1,4.51,4.51
77,94,17,17,76.27,4.486470588235294
77,94,18,4,17.67,4.4175
77,94,19,5,21.86,4.372
77,94,20,19,81.88,4.309473684210526
77,94,21,13,55.81,4.2930769230769235
77,94,22,9,38.44,4.271111111111111
77,94,23,11,46.56,4.232727272727273
77,94,24,15,62.07,4.138
77,94,25,4,16.23,4.0575
77,94,26,8,31.81,3.97625
77,94,27,15,59.57,3.9713333333333334
77,94,28,5,19.6,3.9200000000000004
77,94,29,8,31.07,3.88375
77,94,30,13,49.82,3.832307692307692
77,94,31,8,30.65,3.83125
77,94,32,11,41.26,3.7509090909090905
77,94,33,8,29.92,3.74
77,94,34,17,61.38,3.610588235294118
77,94,35,12,43.01,3.5841666666666665
77,94,36,3,10.64,3.546666666666667
77,94,37,5,17.47,3.4939999999999998
77,94,38,13,43.69,3.3607692307692307
77,94,39,17,54.67,3.2158823529411764
77,94,40,16,51.15,3.196875
77,94,41,17,53.52,3.1482352941176472
77,94,42,13,39.36,3.0276923076923077
77,94,43,8,24.16,3.02
77,94,44,17,50.1,2.947058823529412
77,94,45,8,23.39,2.92375
77,94,46,13,37.68,2.8984615384615386
77,94,47,12,34.61,2.8841666666666668
77,94,48,17,48.14,2.831764705882353
77,94,49,2,5.65,2.825
77,94,50,2,5.4,2.7
77,94,51,5,13.41,2.682
77,94,52,7,18.58,2.654285714285714
77,94,53,2,5.01,2.505
77,94,54,3,7.45,2.4833333333333334
77,94,55,11,27.04,2.458181818181818
77,94,56,5,11.73,2.346
77,94,57,11,25.72,2.338181818181818
77,94,58,17,39.3,2.3117647058823527
77,94,59,4,9.03,2.2575
77,94,60,7,15.71,2.244285714285714
77,94,61,18,37.94,2.1077777777777778
77,94,62,15,31.2,2.08
77,94,63,6,12.1,2.0166666666666666
77,94,64,10,19.17,1.9170000000000003
77,94,65,3,5.58,1.86
77,94,66,7,12.54,1.7914285714285714
77,94,67,14,24.91,1.7792857142857144
77,94,68,10,17.75,1.775
77,94,69,8,14.11,1.76375
77,94,70,5,8.59,1.718
77,94,71,15,24.82,1.6546666666666667
77,94,72,10,15.39,1.5390000000000001
77,94,73,2,3.06,1.53
77,94,74,3,4.54,1.5133333333333334
77,94,75,2,3.02,1.51
77,94,76,11,16.44,1.4945454545454546
77,94,77,2,2.87,1.435
77,94,78,14,19.21,1.372142857142857
77,94,79,5,6.84,1.3679999999999999
77,94,80,17,23.23,1.366470588235294
77,94,81,18,24.04,1.3355555555555556
77,94,82,4,5.18,1.295
77,94,83,12,14.94,1.2449999999999999
77,94,84,14,15.12,1.0799999999999998
77,94,85,8,8.37,1.04625
77,94,86,7,7.3,1.042857142857143
77,94,87,6,6.06,1.01
77,94,88,4,3.64,0.91
77,94,89,16,12.72,0.795
77,94,90,18,13.17,0.7316666666666667
77,94,91,9,6.43,0.7144444444444444
77,94,92,7,4.92,0.7028571428571428
77,94,93,15,9.01,0.6006666666666667
77,94,94,11,6.59,0.5990909090909091
77,94,95,12,6.02,0.5016666666666666
77,94,96,18,6.49,0.3605555555555556
77,94,97,5,1.77,0.354
77,94,98,7,1.89,0.26999999999999996
77,94,99,11,2.7,0.24545454545454548
85,7,0,3,3.67,1.2233333333333334
85,7,1,2,2.44,1.22
85,7,2,14,16.82,1.2014285714285715
85,7,3,4,4.68,1.17
85,7,4,18,21.05,1.1694444444444445
85,7,5,14,16.32,1.1657142857142857
85,7,6,8,9.27,1.15875
85,7,7,10,11.45,1.145
85,7,8,1,1.12,1.12
85,7,9,1,1.11,1.11
85,7,10,6,6.53,1.0883333333333334
85,7,11,11,11.96,1.0872727272727274
85,7,12,5,5.4,1.08
85,7,13,1,1.08,1.08
85,7,14,19,19.92,1.0484210526315791
85,7,15,13,13.42,1.0323076923076924
85,7,16,4,3.94,0.985
85,7,17,19,18.71,0.9847368421052632
85,7,18,14,13.74,0.9814285714285714
85,7,19,5,4.88,0.976
85,7,20,13,12.53,0.9638461538461538
85,7,21,19,18.25,0.9605263157894737
85,7,22,1,0.94,0.94
85,7,23,18,16.91,0.9394444444444444
85,7,24,16,14.86,0.92875
85,7,25,16,14.76,0.9225
85,7,26,11,10.06,0.9145454545454546
85,7,27,16,14.63,0.914375
85,7,28,17,15.52,0.9129411764705883
85,7,29,5,4.33,0.866
85,7,30,2,1.73,0.865
85,7,31,5,4.26,0.852
85,7,32,12,10.22,0.8516666666666667
85,7,33,8,6.68,0.835
85,7,34,20,16.5,0.825
85,7,35,4,3.27,0.8175
85,7,36,12,9.79,0.8158333333333333
85,7,37,19,14.87,0.7826315789473683
85,7,38,18,14.06,0.7811111111111111
85,7,39,2,1.48,0.74
85,7,40,9,6.63,0.7366666666666667
85,7,41,6,4.38,0.73
85,7,42,9,6.5,0.7222222222222222
85,7,43,9,6.15,0.6833333333333333
85,7,44,14,9.45,0.6749999999999999
85,7,45,18,12.05,0.6694444444444445
85,7,46,3,1.99,0.6633333333333333
85,7,47,15,9.82,0.6546666666666667
85,7,48,12,7.68,0.64
85,7,49,2,1.28,0.64
85,7,50,17,10.46,0.6152941176470589
85,7,51,8,4.92,0.615
85,7,52,5,3.07,0.614
85,7,53,5,2.88,0.576
85,7,54,3,1.68,0.5599999999999999
85,7,55,13,7.25,0.5576923076923077
85,7,56,20,11.05,0.5525
85,7,57,7,3.82,0.5457142857142857
85,7,58,20,10.69,0.5345
85,7,59,16,8.53,0.533125
85,7,60,12,6.07,0.5058333333333334
85,7,61,1,0.5,0.5
85,7,62,14,7.0,0.5
85,7,63,15,6.9,0.46
85,7,64,15,6.86,0.45733333333333337
85,7,65,2,0.85,0.425
85,7,66,12,5.02,0.4183333333333333
85,7,67,2,0.81,0.405
85,7,68,14,5.58,0.3985714285714286
85,7,69,8,3.16,0.395
85,7,70,9,3.46,0.3844444444444444
85,7,71,15,5.52,0.368
85,7,72,2,0.71,0.355
85,7,73,12,4.17,0.3475
85,7,74,13,4.5,0.34615384615384615
85,7,75,3,1.03,0.3433333333333333
85,7,76,12,4.09,0.3408333333333333
85,7,77,17,5.5,0.3235294117647059
85,7,78,14,4.51,0.3221428571428571
85,7,79,14,4.42,0.3157142857142857
85,7,80,4,1.21,0.3025
85,7,81,14,4.14,0.2957142857142857
85,7,82,10,2.9,0.29
85,7,83,19,5.13,0.27
85,7,84,8,2.14,0.2675
85,7,85,5,1.18,0.236
85,7,86,8,1.8,0.225
85,7,87,10,2.1,0.21000000000000002
85,7,88,6,1.26,0.21
85,7,89,5,0.93,0.186
85,7,90,3,0.51,0.17
85,7,91,6,0.95,0.15833333333333333
85,7,92,10,1.55,0.155
85,7,93,14,2.04,0.1457142857142857
85,7,94,8,1.05,0.13125
85,7,95,2,0.25,0.125
85,7,96,18,1.9,0.10555555555555556
85,7,97,8,0.64,0.08
85,7,98,3,0.23,0.07666666666666667
85,7,99,13,0.73,0.05615384615384615
85,10,0,5,42.6,8.52
85,10,1,18,152.66,8.481111111111112
85,10,2,8,67.17,8.39625
85,10,3,1,8.33,8.33
85,10,4,14,116.39,8.313571428571429
85,10,5,15,124.67,8.311333333333334
85,10,6,9,74.04,8.226666666666667
85,10,7,15,122.78,8.185333333333334
85,10,8,17,138.93,8.17235294117647
85,10,9,3,24.37,8.123333333333333
85,10,10,2,15.76,7.88
85,10,11,18,140.86,7.825555555555557
85,10,12,19,148.09,7.79421052631579
85,10,13,15,113.47,7.564666666666667
85,10,14,8,59.88,7.485
85,10,15,1,7.48,7.48
85,10,16,2,14.94,7.47
85,10,17,10,74.66,7.465999999999999
85,10,18,14,103.91,7.422142857142857
85,10,19,9,66.32,7.368888888888888
85,10,20,16,116.18,7.26125
85,10,21,10,70.9,7.090000000000001
85,10,22,15,105.47,7.031333333333333
85,10,23,13,90.98,6.998461538461539
85,10,24,9,62.9,6.988888888888889
85,10,25,14,95.62,6.83
85,10,26,15,102.29,6.819333333333334
85,10,27,14,94.56,6.7542857142857144
85,10,28,20,134.41,6.7204999999999995
85,10,29,7,46.33,6.618571428571428
85,10,30,4,26.08,6.52
85,10,31,8,52.06,6.5075
85,10,32,16,103.5,6.46875
85,10,33,13,83.93,6.456153846153847
85,10,34,8,49.83,6.22875
85,10,35,20,124.24,6.212
85,10,36,7,42.47,6.067142857142857
85,10,37,18,108.1,6.0055555555555555
85,10,38,9,48.34,5.371111111111111
85,10,39,5,26.56,5.311999999999999
85,10,40,3,15.63,5.21
85,10,41,7,36.33,5.1899999999999995
85,10,42,20,99.06,4.953
85,10,43,12,57.19,4.765833333333333
85,10,44,10,46.62,4.662
85,10,45,4,18.63,4.6575
85,10,46,3,13.37,4.456666666666666
85,10,47,6,26.66,4.443333333333333
85,10,48,10,44.4,4.4399999999999995
85,10,49,6,26.58,4.43
85,10,50,13,56.51,4.346923076923077
85,10,51,19,81.5,4.2894736842105265
85,10,52,5,21.26,4.252000000000001
85,10,53,13,53.5,4.115384615384615
85,10,54,8,32.02,4.0025
85,10,55,4,15.98,3.995
85,10,56,7,27.72,3.96
85,10,57,13,51.17,3.936153846153846
85,10,58,12,46.6,3.8833333333333333
85,10,59,17,64.34,3.7847058823529416
85,10,60,5,18.89,3.778
85,10,61,5,18.85,3.7700000000000005
85,10,62,4,13.66,3.415
85,10,63,19,61.38,3.230526315789474
85,10,64,1,2.93,2.93
85,10,65,15,41.8,2.7866666666666666
85,10,66,19,50.77,2.6721052631578948
85,10,67,7,17.89,2.5557142857142856
85,10,68,14,35.27,2.5192857142857146
85,10,69,6,14.5,2.4166666666666665
85,10,70,10,23.98,2.398
85,10,71,16,37.56,2.3475
85,10,72,12,19.91,1.6591666666666667
85,10,73,15,24.84,1.656
85,10,74,10,15.75,1.575
85,10,75,13,19.73,1.5176923076923077
85,10,76,7,10.4,1.4857142857142858
85,10,77,20,28.55,1.4275
85,10,78,20,27.41,1.3705
85,10,79,5,6.62,1.324
85,10,80,2,2.55,1.275
85,10,81,5,6.18,1.236
85,10,82,9,9.67,1.0744444444444445
85,10,83,8,8.54,1.0675
85,10,84,10,9.69,0.969
85,10,85,20,18.59,0.9295
85,10,86,7,6.45,0.9214285714285715
85,10,87,9,8.28,0.9199999999999999
85,10,88,12,10.25,0.8541666666666666
85,10,89,16,13.0,0.8125
85,10,90,2,1.56,0.78
85,10,91,4,2.94,0.735
85,10,92,17,12.2,0.7176470588235294
85,10,93,10,6.35,0.635
85,10,94,17,10.73,0.6311764705882353
85,10,95,14,8.04,0.5742857142857142
85,10,96,8,3.81,0.47625
85,10,97,18,8.5,0.4722222222222222
85,10,98,17,7.83,0.46058823529411763
85,10,99,16,6.66,0.41625
85,11,0,4,48.96,12.24
85,11,1,2,23.99,11.995
85,11,2,16,191.56,11.9725
85,11,3,12,142.42,11.868333333333332
85,11,4,7,81.92,11.702857142857143
85,11,5,2,23.29,11.645
85,11,6,5,58.18,11.636
85,11,7,7,81.19,11.598571428571429
85,11,8,9,104.04,11.56
85,11,9,9,103.89,11.543333333333333
85,11,10,18,203.54,11.307777777777778
85,11,11,11,123.09,11.19
85,11,12,3,32.96,10.986666666666666
85,11,13,4,43.06,10.765
85,11,14,17,182.47,10.733529411764707
85,11,15,10,106.77,10.677
85,11,16,10,106.02,10.602
85,11,17,19,200.33,10.543684210526317
85,11,18,19,197.9,10.41578947368421
85,11,19,5,52.0,10.4
85,11,20,5,51.62,10.324
85,11,21,10,102.05,10.205
85,11,22,15,152.25,10.15
85,11,23,12,121.21,10.100833333333332
85,11,24,1,10.01,10.01
85,11,25,17,168.51,9.91235294117647
85,11,26,12,118.6,9.883333333333333
85,11,27,1,9.5,9.5
85,11,28,13,122.42,9.416923076923077
85,11,29,2,18.63,9.315
85,11,30,11,101.68,9.243636363636364
85,11,31,1,9.11,9.11
85,11,32,7,63.49,9.07
85,11,33,18,162.73,9.040555555555555
85,11,34,6,54.02,9.003333333333334
85,11,35,7,62.62,8.945714285714285
85,11,36,3,26.23,8.743333333333334
85,11,37,14,120.95,8.639285714285714
85,11,38,16,135.46,8.46625
85,11,39,2,16.64,8.32
85,11,40,18,147.15,8.175
85,11,41,7,57.21,8.172857142857143
85,11,42,10,81.63,8.163
85,11,43,20,161.92,8.096
85,11,44,8,62.81,7.85125
85,11,45,5,38.91,7.781999999999999
85,11,46,19,147.85,7.781578947368421
85,11,47,13,99.66,7.666153846153846
85,11,48,13,98.95,7.611538461538462
85,11,49,17,125.74,7.396470588235294
85,11,50,9,64.46,7.162222222222222
85,11,51,1,7.13,7.13
85,11,52,3,20.87,6.956666666666667
85,11,53,4,27.67,6.9175
85,11,54,7,48.39,6.912857142857143
85,11,55,20,136.95,6.847499999999999
85,11,56,4,26.2,6.55
85,11,57,5,31.97,6.394
85,11,58,4,25.54,6.385
85,11,59,11,68.48,6.225454545454546
85,11,60,19,110.93,5.838421052631579
85,11,61,18,102.44,5.691111111111111
85,11,62,3,16.79,5.596666666666667
85,11,63,13,65.04,5.003076923076923
85,11,64,8,39.48,4.935
85,11,65,8,39.19,4.89875
85,11,66,11,52.51,4.7736363636363635
85,11,67,13,60.07,4.6207692307692305
85,11,68,5,22.78,4.556
85,11,69,15,66.34,4.422666666666667
85,11,70,5,22.0,4.4
85,11,71,17,71.25,4.1911764705882355
85,11,72,2,7.58,3.79
85,11,73,8,30.0,3.75
85,11,74,18,66.77,3.7094444444444443
85,11,75,17,61.2,3.6
85,11,76,13,43.5,3.3461538461538463
85,11,77,1,3.22,3.22
85,11,78,7,22.43,3.204285714285714
85,11,79,17,53.99,3.1758823529411764
85,11,80,11,33.45,3.040909090909091
85,11,81,2,5.7,2.85
85,11,82,2,5.26,2.63
85,11,83,11,28.09,2.5536363636363637
85,11,84,13,31.28,2.4061538461538463
85,11,85,14,26.78,1.912857142857143
85,11,86,2,3.82,1.91
85,11,87,18,33.29,1.8494444444444444
85,11,88,17,27.82,1.6364705882352941
85,11,89,4,6.29,1.5725
85,11,90,3,4.29,1.43
85,11,91,14,19.06,1.3614285714285714
85,11,92,19,24.22,1.2747368421052632
85,11,93,18,19.84,1.1022222222222222
85,11,94,17,18.13,1.066470588235294
85,11,95,11,11.04,1.0036363636363637
85,11,96,8,5.67,0.70875
85,11,97,1,0.61,0.61
85,11,98,17,9.42,0.5541176470588235
85,11,99,12,6.18,0.515
85,21,0,10,101.45,10.145
85,21,1,20,200.76,10.038
85,21,2,14,140.27,10.019285714285715
85,21,3,14,139.74,9.981428571428571
85,21,4,1,9.93,9.93
85,21,5,14,138.17,9.869285714285713
85,21,6,15,147.15,9.81
85,21,7,12,117.56,9.796666666666667
85,21,8,7,66.89,9.555714285714286
85,21,9,16,152.77,9.548125
85,21,10,9,83.37,9.263333333333334
85,21,11,17,157.41,9.259411764705883
85,21,12,17,155.97,9.17470588235294
85,21,13,4,36.53,9.1325
85,21,14,16,143.81,8.988125
85,21,15,13,112.35,8.642307692307693
85,21,16,14,119.81,8.557857142857143
85,21,17,1,8.52,8.52
85,21,18,6,51.12,8.52
85,21,19,7,59.23,8.461428571428572
85,21,20,14,117.89,8.420714285714286
85,21,21,16,133.38,8.33625
85,21,22,12,95.6,7.966666666666666
85,21,23,11,87.32,7.938181818181818
85,21,24,9,70.93,7.881111111111112
85,21,25,15,117.75,7.85
85,21,26,1,7.84,7.84
85,21,27,2,15.51,7.755
85,21,28,19,146.22,7.6957894736842105
85,21,29,12,91.35,7.6125
85,21,30,15,113.69,7.5793333333333335
85,21,31,2,15.0,7.5
85,21,32,5,37.08,7.4159999999999995
85,21,33,1,7.34,7.34
85,21,34,18,130.95,7.2749999999999995
85,21,35,1,7.09,7.09
85,21,36,7,49.33,7.047142857142857
85,21,37,8,55.96,6.995
85,21,38,5,34.52,6.904000000000001
85,21,39,18,122.54,6.807777777777778
85,21,40,12,81.56,6.796666666666667
85,21,41,1,6.67,6.67
85,21,42,13,84.76,6.5200000000000005
85,21,43,17,109.4,6.435294117647059
85,21,44,2,12.76,6.38
85,21,45,15,93.98,6.265333333333333
85,21,46,6,37.11,6.185
85,21,47,8,48.92,6.115
85,21,48,5,30.16,6.032
85,21,49,13,75.16,5.781538461538461
85,21,50,7,39.91,5.701428571428571
85,21,51,15,82.23,5.482
85,21,52,11,59.83,5.4390909090909085
85,21,53,13,69.06,5.312307692307693
85,21,54,3,15.65,5.216666666666667
85,21,55,14,72.95,5.210714285714286
85,21,56,4,20.65,5.1625
85,21,57,20,102.05,5.1025
85,21,58,17,85.46,5.027058823529411
85,21,59,11,55.18,5.016363636363637
85,21,60,4,19.98,4.995
85,21,61,14,69.64,4.974285714285714
85,21,62,19,91.77,4.83
85,21,63,9,43.24,4.804444444444445
85,21,64,5,23.62,4.724
85,21,65,6,27.96,4.66
85,21,66,8,37.04,4.63
85,21,67,1,4.55,4.55
85,21,68,13,58.99,4.537692307692308
85,21,69,13,58.69,4.514615384615384
85,21,70,10,44.78,4.478
85,21,71,15,66.81,4.454
85,21,72,19,81.5,4.2894736842105265
85,21,73,5,21.42,4.284000000000001
85,21,74,18,75.06,4.17
85,21,75,3,11.26,3.7533333333333334
85,21,76,14,51.7,3.692857142857143
85,21,77,10,35.19,3.5189999999999997
85,21,78,18,62.94,3.4966666666666666
85,21,79,2,6.7,3.35
85,21,80,7,21.55,3.0785714285714287
85,21,81,16,47.08,2.9425
85,21,82,4,11.55,2.8875
85,21,83,2,5.64,2.82
85,21,84,19,51.12,2.6905263157894734
85,21,85,6,15.09,2.515
85,21,86,3,6.38,2.1266666666666665
85,21,87,3,6.0,2.0
85,21,88,7,11.96,1.7085714285714286
85,21,89,19,30.28,1.5936842105263158
85,21,90,14,20.87,1.4907142857142859
85,21,91,3,4.04,1.3466666666666667
85,21,92,9,10.97,1.218888888888889
85,21,93,14,12.84,0.9171428571428571
85,21,94,18,16.38,0.9099999999999999
85,21,95,8,6.89,0.86125
85,21,96,15,11.51,0.7673333333333333
85,21,97,12,8.64,0.7200000000000001
85,21,98,2,1.3,0.65
85,21,99,8,4.77,0.59625
85,32,0,20,163.55,8.1775
85,32,1,17,138.98,8.175294117647057
85,32,2,2,15.97,7.985
85,32,3,7,55.39,7.912857142857143
85,32,4,9,70.97,7.885555555555555
85,32,5,1,7.72,7.72
85,32,6,20,150.81,7.5405
85,32,7,7,51.94,7.42
85,32,8,8,59.25,7.40625
85,32,9,19,139.26,7.329473684210526
85,32,10,13,93.37,7.182307692307693
85,32,11,16,113.74,7.10875
85,32,12,1,7.09,7.09
85,32,13,9,63.46,7.051111111111111
85,32,14,20,140.55,7.027500000000001
85,32,15,17,118.39,6.964117647058823
85,32,16,3,20.76,6.920000000000001
85,32,17,4,27.42,6.855
85,32,18,8,54.79,6.84875
85,32,19,4,27.27,6.8175
85,32,20,12,80.48,6.706666666666667
85,32,21,6,39.64,6.6066666666666665
85,32,22,19,124.77,6.566842105263158
85,32,23,9,58.87,6.54111111111111
85,32,24,11,71.62,6.510909090909092
85,32,25,3,19.5,6.5
85,32,26,7,43.95,6.278571428571429
85,32,27,12,74.99,6.2491666666666665
85,32,28,5,31.01,6.202
85,32,29,20,123.99,6.1995
85,32,30,5,30.47,6.093999999999999
85,32,31,5,30.17,6.034000000000001
85,32,32,17,101.03,5.942941176470589
85,32,33,11,65.04,5.912727272727273
85,32,34,10,58.32,5.832
85,32,35,17,97.76,5.750588235294118
85,32,36,5,28.54,5.708
85,32,37,20,113.79,5.689500000000001
85,32,38,19,106.83,5.622631578947368
85,32,39,5,27.44,5.488
85,32,40,16,87.4,5.4625
85,32,41,12,64.22,5.351666666666667
85,32,42,12,63.99,5.3325000000000005
85,32,43,6,31.86,5.31
85,32,44,7,35.85,5.121428571428572
85,32,45,17,86.88,5.110588235294117
85,32,46,12,60.89,5.074166666666667
85,32,47,1,4.97,4.97
85,32,48,1,4.93,4.93
85,32,49,4,19.51,4.8775
85,32,50,8,38.93,4.86625
85,32,51,17,82.05,4.826470588235294
85,32,52,4,19.1,4.775
85,32,53,3,14.31,4.7700000000000005
85,32,54,4,18.77,4.6925
85,32,55,11,48.8,4.4363636363636365
85,32,56,10,44.1,4.41
85,32,57,18,73.02,4.056666666666667
85,32,58,15,59.21,3.9473333333333334
85,32,59,17,66.93,3.937058823529412
85,32,60,13,47.99,3.6915384615384617
85,32,61,4,13.13,3.2825
85,32,62,20,65.02,3.251
85,32,63,6,18.17,3.0283333333333338
85,32,64,19,57.45,3.0236842105263158
85,32,65,4,11.65,2.9125
85,32,66,3,8.31,2.77
85,32,67,5,13.55,2.71
85,32,68,16,42.04,2.6275
85,32,69,14,36.33,2.5949999999999998
85,32,70,4,10.37,2.5925
85,32,71,10,25.13,2.513
85,32,72,14,34.94,2.4957142857142856
85,32,73,9,22.21,2.467777777777778
85,32,74,1,2.35,2.35
85,32,75,14,29.69,2.120714285714286
85,32,76,17,35.19,2.07
85,32,77,18,34.37,1.9094444444444443
85,32,78,20,37.71,1.8855
85,32,79,19,35.53,1.87
85,32,80,4,7.42,1.855
85,32,81,10,18.31,1.831
85,32,82,12,20.8,1.7333333333333334
85,32,83,8,13.46,1.6825
85,32,84,18,30.08,1.671111111111111
85,32,85,18,28.72,1.5955555555555554
85,32,86,5,7.88,1.576
85,32,87,14,21.66,1.5471428571428572
85,32,88,13,19.33,1.4869230769230768
85,32,89,16,23.55,1.471875
85,32,90,11,15.93,1.4481818181818182
85,32,91,18,23.28,1.2933333333333334
85,32,92,16,20.58,1.28625
85,32,93,7,8.15,1.1642857142857144
85,32,94,13,14.41,1.1084615384615384
85,32,95,9,8.62,0.9577777777777777
85,32,96,3,2.85,0.9500000000000001
85,32,97,14,12.09,0.8635714285714285
85,32,98,13,6.43,0.49461538461538457
85,32,99,16,5.52,0.345
85,39,0,3,29.16,9.72
85,39,1,16,150.65,9.415625
85,39,2,19,176.55,9.292105263157895
85,39,3,16,146.88,9.18
85,39,4,15,137.38,9.158666666666667
85,39,5,13,117.96,9.073846153846153
85,39,6,8,70.98,8.8725
85,39,7,8,70.59,8.82375
85,39,8,13,113.8,8.753846153846153
85,39,9,11,95.76,8.705454545454545
85,39,10,5,43.31,8.662
85,39,11,10,84.97,8.497
85,39,12,11,93.0,8.454545454545455
85,39,13,16,133.28,8.33
85,39,14,12,98.26,8.188333333333334
85,39,15,8,63.45,7.93125
85,39,16,7,55.45,7.921428571428572
85,39,17,12,94.35,7.8625
85,39,18,7,53.88,7.6971428571428575
85,39,19,3,23.06,7.6866666666666665
85,39,20,1,7.66,7.66
85,39,21,16,118.25,7.390625
85,39,22,11,80.94,7.358181818181818
85,39,23,3,22.05,7.3500000000000005
85,39,24,9,65.99,7.332222222222222
85,39,25,17,123.03,7.237058823529412
85,39,26,1,7.21,7.21
85,39,27,11,78.57,7.142727272727272
85,39,28,14,99.81,7.1292857142857144
85,39,29,15,105.09,7.006
85,39,30,2,13.69,6.845
85,39,31,1,6.8,6.8
85,39,32,14,93.94,6.71
85,39,33,8,52.76,6.595
85,39,34,18,118.22,6.567777777777778
85,39,35,19,124.26,6.54
85,39,36,1,6.41,6.41
85,39,37,2,12.5,6.25
85,39,38,18,112.04,6.224444444444445
85,39,39,18,109.46,6.0811111111111105
85,39,40,19,115.22,6.064210526315789
85,39,41,15,90.95,6.0633333333333335
85,39,42,19,114.71,6.037368421052631
85,39,43,12,71.47,5.9558333333333335
85,39,44,20,116.36,5.818
85,39,45,2,11.07,5.535
85,39,46,15,82.64,5.509333333333333
85,39,47,3,16.07,5.3566666666666665
85,39,48,19,97.05,5.1078947368421055
85,39,49,19,94.16,4.95578947368421
85,39,50,19,90.42,4.758947368421053
85,39,51,9,42.78,4.753333333333334
85,39,52,15,69.23,4.615333333333334
85,39,53,19,83.2,4.378947368421053
85,39,54,2,8.75,4.375
85,39,55,14,53.0,3.7857142857142856
85,39,56,12,44.85,3.7375000000000003
85,39,57,13,48.08,3.6984615384615385
85,39,58,18,66.48,3.6933333333333334
85,39,59,18,66.17,3.676111111111111
85,39,60,4,14.67,3.6675
85,39,61,9,32.52,3.6133333333333337
85,39,62,7,24.26,3.4657142857142857
85,39,63,4,13.84,3.46
85,39,64,9,30.86,3.428888888888889
85,39,65,3,10.26,3.42
85,39,66,4,13.65,3.4125
85,39,67,18,56.16,3.1199999999999997
85,39,68,12,37.02,3.0850000000000004
85,39,69,1,2.98,2.98
85,39,70,6,17.7,2.9499999999999997
85,39,71,6,16.83,2.8049999999999997
85,39,72,10,27.91,2.791
85,39,73,13,35.98,2.7676923076923075
85,39,74,7,17.42,2.488571428571429
85,39,75,18,38.12,2.1177777777777775
85,39,76,9,18.77,2.0855555555555556
85,39,77,18,36.14,2.0077777777777777
85,39,78,17,33.45,1.9676470588235295
85,39,79,11,21.39,1.9445454545454546
85,39,80,6,10.65,1.7750000000000001
85,39,81,17,29.59,1.7405882352941175
85,39,82,11,18.32,1.6654545454545455
85,39,83,15,24.83,1.6553333333333333
85,39,84,9,13.99,1.5544444444444445
85,39,85,14,20.75,1.4821428571428572
85,39,86,5,6.66,1.332
85,39,87,15,16.46,1.0973333333333335
85,39,88,17,17.39,1.0229411764705882
85,39,89,19,18.54,0.9757894736842104
85,39,90,3,2.56,0.8533333333333334
85,39,91,19,14.85,0.781578947368421
85,39,92,3,2.22,0.7400000000000001
85,39,93,10,6.3,0.63
85,39,94,16,9.47,0.591875
85,39,95,17,8.61,0.5064705882352941
85,39,96,6,2.75,0.4583333333333333
85,39,97,6,2.72,0.45333333333333337
85,39,98,20,8.53,0.4265
85,39,99,5,1.98,0.396
85,46,0,17,157.39,9.258235294117647
85,46,1,8,74.03,9.25375
85,46,2,19,175.55,9.239473684210527
85,46,3,13,120.01,9.231538461538461
85,46,4,12,110.66,9.221666666666666
85,46,5,14,125.66,8.975714285714286
85,46,6,4,35.3,8.825
85,46,7,18,157.3,8.738888888888889
85,46,8,7,60.66,8.665714285714285
85,46,9,4,34.63,8.6575
85,46,10,9,77.75,8.63888888888889
85,46,11,20,168.7,8.434999999999999
85,46,12,16,134.75,8.421875
85,46,13,1,8.37,8.37
85,46,14,3,24.95,8.316666666666666
85,46,15,13,108.09,8.314615384615385
85,46,16,17,141.27,8.31
85,46,17,9,73.67,8.185555555555556
85,46,18,11,90.04,8.185454545454546
85,46,19,4,32.26,8.065
85,46,20,11,88.63,8.057272727272727
85,46,21,1,8.01,8.01
85,46,22,13,103.95,7.996153846153846
85,46,23,18,143.13,7.951666666666666
85,46,24,7,55.35,7.9071428571428575
85,46,25,18,140.19,7.788333333333333
85,46,26,2,15.46,7.73
85,46,27,10,77.08,7.708
85,46,28,4,30.64,7.66
85,46,29,15,113.8,7.586666666666667
85,46,30,4,30.11,7.5275
85,46,31,12,89.62,7.468333333333334
85,46,32,3,22.39,7.463333333333334
85,46,33,19,141.01,7.42157894736842
85,46,34,5,37.09,7.418000000000001
85,46,35,11,80.71,7.337272727272727
85,46,36,9,65.21,7.245555555555555
85,46,37,6,43.08,7.18
85,46,38,11,78.85,7.168181818181818
85,46,39,18,129.01,7.167222222222222
85,46,40,14,100.28,7.162857142857143
85,46,41,15,107.31,7.154
85,46,42,10,71.36,7.136
85,46,43,4,28.01,7.0025
85,46,44,17,118.87,6.99235294117647
85,46,45,11,76.82,6.983636363636363
85,46,46,10,69.59,6.9590000000000005
85,46,47,3,20.7,6.8999999999999995
85,46,48,12,81.51,6.7925
85,46,49,20,133.76,6.688
85,46,50,18,115.59,6.421666666666667
85,46,51,18,112.58,6.254444444444444
85,46,52,15,92.8,6.1866666666666665
85,46,53,1,6.11,6.11
85,46,54,14,83.41,5.957857142857143
85,46,55,17,101.11,5.947647058823529
85,46,56,6,35.65,5.941666666666666
85,46,57,11,65.16,5.923636363636363
85,46,58,6,34.81,5.801666666666667
85,46,59,2,11.17,5.585
85,46,60,5,27.59,5.518
85,46,61,14,76.57,5.469285714285713
85,46,62,20,104.81,5.2405
85,46,63,8,41.76,5.22
85,46,64,3,15.66,5.22
85,46,65,19,98.16,5.166315789473684
85,46,66,15,76.43,5.0953333333333335
85,46,67,7,35.21,5.03
85,46,68,1,4.67,4.67
85,46,69,19,87.85,4.623684210526315
85,46,70,6,26.95,4.491666666666666
85,46,71,19,80.52,4.237894736842105
85,46,72,18,74.97,4.165
85,46,73,1,3.96,3.96
85,46,74,3,11.82,3.94
85,46,75,2,7.8,3.9
85,46,76,9,34.58,3.842222222222222
85,46,77,17,62.18,3.6576470588235295
85,46,78,9,31.41,3.49
85,46,79,15,51.84,3.4560000000000004
85,46,80,8,26.4,3.3
85,46,81,4,10.9,2.725
85,46,82,10,26.42,2.6420000000000003
85,46,83,14,33.31,2.3792857142857144
85,46,84,12,26.8,2.2333333333333334
85,46,85,17,33.28,1.9576470588235295
85,46,86,3,5.52,1.8399999999999999
85,46,87,7,12.74,1.82
85,46,88,11,17.07,1.5518181818181818
85,46,89,13,19.41,1.4930769230769232
85,46,90,1,1.42,1.42
85,46,91,18,23.53,1.3072222222222223
85,46,92,20,24.87,1.2435
85,46,93,2,2.46,1.23
85,46,94,12,14.3,1.1916666666666667
85,46,95,1,0.85,0.85
85,46,96,1,0.81,0.81
85,46,97,12,9.14,0.7616666666666667
85,46,98,20,13.71,0.6855
85,46,99,8,3.35,0.41875
85,77,0,19,217.57,11.451052631578946
85,77,1,7,79.92,11.417142857142858
85,77,2,11,125.31,11.391818181818183
85,77,3,2,22.54,11.27
85,77,4,1,11.19,11.19
85,77,5,9,100.54,11.171111111111111
85,77,6,18,199.1,11.06111111111111
85,77,7,4,43.94,10.985
85,77,8,14,152.24,10.874285714285715
85,77,9,7,75.39,10.77
85,77,10,12,122.19,10.1825
85,77,11,3,30.22,10.073333333333332
85,77,12,8,80.54,10.0675
85,77,13,11,110.56,10.05090909090909
85,77,14,13,129.85,9.988461538461538
85,77,15,14,138.25,9.875
85,77,16,14,137.74,9.838571428571429
85,77,17,4,39.24,9.81
85,77,18,1,9.72,9.72
85,77,19,3,28.82,9.606666666666667
85,77,20,19,178.96,9.418947368421053
85,77,21,14,128.81,9.200714285714286
85,77,22,2,18.3,9.15
85,77,23,16,145.96,9.1225
85,77,24,18,163.19,9.06611111111111
85,77,25,12,107.97,8.9975
85,77,26,16,143.27,8.954375
85,77,27,8,71.45,8.93125
85,77,28,11,97.41,8.855454545454545
85,77,29,6,52.85,8.808333333333334
85,77,30,11,96.46,8.769090909090908
85,77,31,15,130.25,8.683333333333334
85,77,32,19,163.79,8.620526315789473
85,77,33,8,68.3,8.5375
85,77,34,6,50.51,8.418333333333333
85,77,35,3,24.75,8.25
85,77,36,4,32.27,8.0675
85,77,37,15,118.93,7.928666666666667
85,77,38,5,39.31,7.862
85,77,39,15,115.62,7.708
85,77,40,1,7.54,7.54
85,77,41,19,139.52,7.3431578947368426
85,77,42,16,116.76,7.2975
85,77,43,6,43.51,7.251666666666666
85,77,44,10,71.79,7.179
85,77,45,14,100.16,7.154285714285714
85,77,46,5,35.25,7.05
85,77,47,13,86.46,6.65076923076923
85,77,48,11,64.7,5.881818181818182
85,77,49,15,87.14,5.809333333333333
85,77,50,1,5.78,5.78
85,77,51,2,11.45,5.725
85,77,52,3,17.16,5.72
85,77,53,7,39.06,5.58
85,77,54,6,32.81,5.468333333333334
85,77,55,1,5.39,5.39
85,77,56,19,101.57,5.34578947368421
85,77,57,16,85.18,5.32375
85,77,58,14,72.48,5.177142857142857
85,77,59,1,5.07,5.07
85,77,60,19,96.22,5.064210526315789
85,77,61,2,8.9,4.45
85,77,62,18,78.34,4.352222222222222
85,77,63,13,56.08,4.313846153846153
85,77,64,2,8.54,4.27
85,77,65,18,74.35,4.1305555555555555
85,77,66,10,40.22,4.022
85,77,67,5,19.91,3.982
85,77,68,13,51.52,3.9630769230769234
85,77,69,9,35.57,3.9522222222222223
85,77,70,8,31.54,3.9425
85,77,71,17,65.67,3.8629411764705885
85,77,72,13,45.8,3.523076923076923
85,77,73,7,23.99,3.427142857142857
85,77,74,10,34.06,3.406
85,77,75,5,15.96,3.192
85,77,76,14,44.44,3.174285714285714
85,77,77,20,61.47,3.0735
85,77,78,19,57.78,3.0410526315789475
85,77,79,13,39.24,3.0184615384615388
85,77,80,7,21.11,3.0157142857142856
85,77,81,16,47.94,2.99625
85,77,82,16,46.14,2.88375
85,77,83,16,44.3,2.76875
85,77,84,7,19.26,2.751428571428572
85,77,85,9,24.17,2.6855555555555557
85,77,86,13,30.28,2.329230769230769
85,77,87,14,30.36,2.1685714285714286
85,77,88,2,4.21,2.105
85,77,89,11,19.4,1.7636363636363634
85,77,90,2,3.48,1.74
85,77,91,15,20.9,1.3933333333333333
85,77,92,16,22.08,1.38
85,77,93,7,9.25,1.3214285714285714
85,77,94,4,5.19,1.2975
85,77,95,3,2.7,0.9
85,77,96,2,1.72,0.86
85,77,97,12,9.52,0.7933333333333333
85,77,98,15,11.75,0.7833333333333333
85,77,99,9,5.31,0.59
85,94,0,15,109.66,7.310666666666666
85,94,1,13,94.82,7.293846153846153
85,94,2,4,28.73,7.1825
85,94,3,14,100.5,7.178571428571429
85,94,4,17,120.87,7.11
85,94,5,12,85.0,7.083333333333333
85,94,6,20,140.62,7.031000000000001
85,94,7,6,41.24,6.873333333333334
85,94,8,18,122.62,6.812222222222222
85,94,9,5,33.79,6.758
85,94,10,2,13.43,6.715
85,94,11,16,104.36,6.5225
85,94,12,19,120.47,6.340526315789473
85,94,13,8,50.5,6.3125
85,94,14,4,25.24,6.31
85,94,15,17,106.19,6.246470588235294
85,94,16,19,117.33,6.175263157894737
85,94,17,18,111.07,6.170555555555556
85,94,18,12,73.53,6.1275
85,94,19,15,90.92,6.061333333333334
85,94,20,1,6.06,6.06
85,94,21,17,102.79,6.0464705882352945
85,94,22,2,11.69,5.845
85,94,23,14,80.7,5.764285714285714
85,94,24,5,28.25,5.65
85,94,25,3,16.78,5.593333333333334
85,94,26,18,100.48,5.582222222222223
85,94,27,13,72.39,5.568461538461539
85,94,28,5,27.74,5.548
85,94,29,13,71.58,5.506153846153846
85,94,30,13,71.55,5.503846153846154
85,94,31,14,74.88,5.348571428571428
85,94,32,5,25.83,5.1659999999999995
85,94,33,14,71.62,5.115714285714286
85,94,34,11,54.86,4.987272727272727
85,94,35,20,99.13,4.9565
85,94,36,17,83.12,4.889411764705883
85,94,37,11,52.8,4.8
85,94,38,19,90.42,4.758947368421053
85,94,39,6,28.46,4.743333333333333
85,94,40,14,66.21,4.729285714285714
85,94,41,1,4.67,4.67
85,94,42,17,77.6,4.564705882352941
85,94,43,8,35.56,4.445
85,94,44,19,83.25,4.381578947368421
85,94,45,3,12.61,4.203333333333333
85,94,46,15,62.76,4.184
85,94,47,8,33.27,4.15875
85,94,48,8,32.59,4.07375
85,94,49,16,63.74,3.98375
85,94,50,18,70.64,3.9244444444444446
85,94,51,6,22.77,3.795
85,94,52,16,60.13,3.758125
85,94,53,13,48.24,3.710769230769231
85,94,54,5,18.47,3.694
85,94,55,17,62.72,3.6894117647058824
85,94,56,10,36.25,3.625
85,94,57,17,60.96,3.5858823529411765
85,94,58,2,7.12,3.56
85,94,59,14,49.15,3.5107142857142857
85,94,60,6,20.22,3.3699999999999997
85,94,61,11,36.9,3.3545454545454545
85,94,62,10,33.54,3.354
85,94,63,17,54.39,3.199411764705882
85,94,64,6,19.19,3.1983333333333337
85,94,65,18,57.21,3.1783333333333332
85,94,66,13,40.66,3.1276923076923073
85,94,67,9,26.76,2.9733333333333336
85,94,68,2,5.84,2.92
85,94,69,4,11.65,2.9125
85,94,70,20,55.32,2.766
85,94,71,11,30.29,2.7536363636363634
85,94,72,20,55.01,2.7504999999999997
85,94,73,2,5.42,2.71
85,94,74,11,28.65,2.6045454545454545
85,94,75,10,25.81,2.581
85,94,76,5,12.77,2.554
85,94,77,5,12.24,2.448
85,94,78,1,2.31,2.31
85,94,79,4,8.58,2.145
85,94,80,6,12.74,2.1233333333333335
85,94,81,16,31.7,1.98125
85,94,82,6,11.17,1.8616666666666666
85,94,83,16,25.04,1.565
85,94,84,8,11.61,1.45125
85,94,85,17,23.54,1.3847058823529412
85,94,86,8,10.84,1.355
85,94,87,8,10.37,1.29625
85,94,88,7,8.59,1.227142857142857
85,94,89,15,17.22,1.148
85,94,90,12,12.42,1.035
85,94,91,9,7.57,0.8411111111111111
85,94,92,9,7.5,0.8333333333333334
85,94,93,5,2.91,0.5820000000000001
85,94,94,2,0.88,0.44
85,94,95,1,0.41,0.41
85,94,96,1,0.38,0.38
85,94,97,20,7.36,0.368
85,94,98,18,6.45,0.35833333333333334
85,94,99,15,4.52,0.3013333333333333
94,7,0,9,56.86,6.317777777777778
94,7,1,16,99.39,6.211875
94,7,2,8,48.04,6.005
94,7,3,4,23.83,5.9575
94,7,4,5,29.44,5.888
94,7,5,16,94.2,5.8875
94,7,6,7,40.57,5.795714285714285
94,7,7,14,80.76,5.768571428571429
94,7,8,1,5.75,5.75
94,7,9,6,33.29,5.548333333333333
94,7,10,19,104.87,5.519473684210527
94,7,11,9,49.37,5.485555555555555
94,7,12,2,10.92,5.46
94,7,13,11,59.33,5.393636363636364
94,7,14,12,63.78,5.315
94,7,15,13,68.87,5.297692307692308
94,7,16,1,5.27,5.27
94,7,17,2,10.42,5.21
94,7,18,17,88.23,5.19
94,7,19,17,87.86,5.168235294117647
94,7,20,4,20.53,5.1325
94,7,21,6,30.7,5.116666666666666
94,7,22,4,20.26,5.065
94,7,23,9,45.17,5.018888888888889
94,7,24,4,19.62,4.905
94,7,25,7,34.22,4.888571428571429
94,7,26,16,77.15,4.821875
94,7,27,11,52.04,4.7309090909090905
94,7,28,13,61.13,4.702307692307692
94,7,29,5,23.46,4.692
94,7,30,5,23.22,4.644
94,7,31,16,72.63,4.539375
94,7,32,13,58.67,4.513076923076923
94,7,33,5,22.43,4.486
94,7,34,15,66.93,4.462000000000001
94,7,35,9,39.69,4.41
94,7,36,15,65.65,4.376666666666667
94,7,37,16,66.71,4.169375
94,7,38,2,8.27,4.135
94,7,39,17,70.19,4.128823529411765
94,7,40,14,56.94,4.067142857142857
94,7,41,1,4.06,4.06
94,7,42,14,54.22,3.8728571428571428
94,7,43,5,19.31,3.8619999999999997
94,7,44,13,49.58,3.813846153846154
94,7,45,1,3.79,3.79
94,7,46,7,25.14,3.5914285714285716
94,7,47,12,41.65,3.470833333333333
94,7,48,6,20.34,3.39
94,7,49,12,40.23,3.3524999999999996
94,7,50,11,36.83,3.348181818181818
94,7,51,10,32.6,3.2600000000000002
94,7,52,15,46.34,3.0893333333333337
94,7,53,1,3.04,3.04
94,7,54,1,2.93,2.93
94,7,55,11,31.48,2.861818181818182
94,7,56,18,50.59,2.8105555555555557
94,7,57,8,22.47,2.80875
94,7,58,8,21.94,2.7425
94,7,59,6,16.03,2.671666666666667
94,7,60,5,13.04,2.6079999999999997
94,7,61,10,25.9,2.59
94,7,62,8,20.09,2.51125
94,7,63,8,19.19,2.39875
94,7,64,18,43.06,2.3922222222222222
94,7,65,7,15.57,2.224285714285714
94,7,66,3,6.55,2.183333333333333
94,7,67,7,13.16,1.8800000000000001
94,7,68,19,35.19,1.8521052631578947
94,7,69,16,27.43,1.714375
94,7,70,2,3.27,1.635
94,7,71,11,17.82,1.62
94,7,72,12,19.07,1.5891666666666666
94,7,73,7,11.08,1.582857142857143
94,7,74,19,29.77,1.5668421052631578
94,7,75,6,9.32,1.5533333333333335
94,7,76,8,12.33,1.54125
94,7,77,13,19.97,1.536153846153846
94,7,78,19,28.52,1.5010526315789474
94,7,79,7,10.23,1.4614285714285715
94,7,80,17,24.38,1.4341176470588235
94,7,81,7,9.97,1.4242857142857144
94,7,82,2,2.72,1.36
94,7,83,13,17.26,1.3276923076923077
94,7,84,9,11.45,1.2722222222222221
94,7,85,13,15.55,1.1961538461538461
94,7,86,17,19.66,1.1564705882352941
94,7,87,16,18.13,1.133125
94,7,88,9,9.64,1.0711111111111111
94,7,89,6,6.18,1.03
94,7,90,8,7.83,0.97875
94,7,91,1,0.9,0.9
94,7,92,19,15.1,0.7947368421052632
94,7,93,14,9.16,0.6542857142857142
94,7,94,9,5.26,0.5844444444444444
94,7,95,17,9.84,0.5788235294117647
94,7,96,7,3.7,0.5285714285714286
94,7,97,8,3.51,0.43875
94,7,98,11,3.8,0.34545454545454546
94,7,99,19,5.64,0.29684210526315785
94,10,0,4,8.86,2.215
94,10,1,13,28.77,2.213076923076923
94,10,2,16,35.03,2.189375
94,10,3,8,17.45,2.18125
94,10,4,13,28.26,2.1738461538461538
94,10,5,9,19.51,2.167777777777778
94,10,6,5,10.5,2.1
94,10,7,8,16.67,2.08375
94,10,8,19,39.55,2.081578947368421
94,10,9,11,22.88,2.08
94,10,10,5,10.4,2.08
94,10,11,12,24.81,2.0675
94,10,12,20,41.25,2.0625
94,10,13,13,26.67,2.0515384615384615
94,10,14,3,6.13,2.0433333333333334
94,10,15,1,2.04,2.04
94,10,16,10,19.82,1.982
94,10,17,12,23.59,1.9658333333333333
94,10,18,6,11.69,1.9483333333333333
94,10,19,1,1.9,1.9
94,10,20,15,28.32,1.8880000000000001
94,10,21,6,11.17,1.8616666666666666
94,10,22,10,18.46,1.846
94,10,23,8,14.62,1.8275
94,10,24,20,36.51,1.8255
94,10,25,14,25.44,1.8171428571428572
94,10,26,1,1.81,1.81
94,10,27,5,8.82,1.764
94,10,28,8,14.0,1.75
94,10,29,12,20.77,1.7308333333333332
94,10,30,9,15.56,1.728888888888889
94,10,31,11,18.68,1.6981818181818182
94,10,32,13,21.74,1.6723076923076923
94,10,33,12,19.18,1.5983333333333334
94,10,34,11,17.56,1.5963636363636362
94,10,35,14,22.19,1.5850000000000002
94,10,36,7,11.02,1.5742857142857143
94,10,37,16,24.86,1.55375
94,10,38,18,27.79,1.5438888888888889
94,10,39,7,10.37,1.4814285714285713
94,10,40,17,24.03,1.413529411764706
94,10,41,11,15.5,1.4090909090909092
94,10,42,1,1.37,1.37
94,10,43,6,7.95,1.325
94,10,44,19,24.79,1.3047368421052632
94,10,45,18,23.28,1.2933333333333334
94,10,46,13,15.7,1.2076923076923076
94,10,47,16,19.17,1.198125
94,10,48,17,20.01,1.177058823529412
94,10,49,9,10.59,1.1766666666666667
94,10,50,4,4.65,1.1625
94,10,51,2,2.32,1.16
94,10,52,3,3.45,1.1500000000000001
94,10,53,1,1.13,1.13
94,10,54,9,10.01,1.1122222222222222
94,10,55,1,1.09,1.09
94,10,56,12,13.07,1.0891666666666666
94,10,57,2,2.09,1.045
94,10,58,15,15.41,1.0273333333333334
94,10,59,19,18.5,0.9736842105263158
94,10,60,5,4.86,0.9720000000000001
94,10,61,8,7.62,0.9525
94,10,62,12,11.17,0.9308333333333333
94,10,63,10,8.99,0.899
94,10,64,20,17.81,0.8905
94,10,65,16,13.7,0.85625
94,10,66,4,3.42,0.855
94,10,67,3,2.55,0.85
94,10,68,3,2.5,0.8333333333333334
94,10,69,9,7.15,0.7944444444444445
94,10,70,15,11.87,0.7913333333333333
94,10,71,1,0.76,0.76
94,10,72,11,8.28,0.7527272727272727
94,10,73,4,3.01,0.7525
94,10,74,14,9.88,0.7057142857142857
94,10,75,12,8.29,0.6908333333333333
94,10,76,1,0.66,0.66
94,10,77,3,1.98,0.66
94,10,78,8,4.97,0.62125
94,10,79,4,2.45,0.6125
94,10,80,7,4.22,0.6028571428571429
94,10,81,14,7.7,0.55
94,10,82,13,7.07,0.5438461538461539
94,10,83,10,4.93,0.493
94,10,84,10,4.88,0.488
94,10,85,8,3.87,0.48375
94,10,86,19,8.8,0.46315789473684216
94,10,87,17,7.24,0.4258823529411765
94,10,88,4,1.65,0.4125
94,10,89,10,4.02,0.40199999999999997
94,10,90,2,0.75,0.375
94,10,91,17,4.48,0.2635294117647059
94,10,92,2,0.51,0.255
94,10,93,19,3.82,0.20105263157894737
94,10,94,4,0.73,0.1825
94,10,95,2,0.35,0.175
94,10,96,17,2.88,0.16941176470588235
94,10,97,20,3.31,0.1655
94,10,98,16,2.6,0.1625
94,10,99,18,2.83,0.15722222222222224
94,11,0,18,102.35,5.686111111111111
94,11,1,11,62.12,5.647272727272727
94,11,2,4,22.54,5.635
94,11,3,7,39.18,5.597142857142857
94,11,4,20,110.87,5.5435
94,11,5,17,94.1,5.535294117647059
94,11,6,17,93.22,5.483529411764706
94,11,7,16,86.42,5.40125
94,11,8,20,107.9,5.3950000000000005
94,11,9,15,80.41,5.360666666666666
94,11,10,17,90.5,5.323529411764706
94,11,11,11,58.13,5.284545454545455
94,11,12,20,104.87,5.2435
94,11,13,13,67.41,5.185384615384615
94,11,14,5,25.88,5.176
94,11,15,8,40.81,5.10125
94,11,16,20,98.55,4.9275
94,11,17,4,19.09,4.7725
94,11,18,5,23.79,4.758
94,11,19,13,61.39,4.722307692307693
94,11,20,11,51.79,4.708181818181818
94,11,21,5,23.53,4.706
94,11,22,5,23.52,4.704
94,11,23,15,70.39,4.692666666666667
94,11,24,20,93.0,4.65
94,11,25,16,73.29,4.580625
94,11,26,3,13.69,4.5633333333333335
94,11,27,6,26.4,4.3999999999999995
94,11,28,6,26.25,4.375
94,11,29,8,34.68,4.335
94,11,30,16,68.61,4.288125
94,11,31,1,4.21,4.21
94,11,32,5,20.89,4.178
94,11,33,11,45.8,4.163636363636363
94,11,34,17,70.57,4.151176470588235
94,11,35,9,36.87,4.096666666666667
94,11,36,12,46.23,3.8524999999999996
94,11,37,19,71.52,3.7642105263157895
94,11,38,6,21.8,3.6333333333333333
94,11,39,9,32.67,3.6300000000000003
94,11,40,17,61.28,3.6047058823529414
94,11,41,9,31.7,3.522222222222222
94,11,42,2,7.03,3.515
94,11,43,20,70.2,3.5100000000000002
94,11,44,6,20.58,3.4299999999999997
94,11,45,20,67.73,3.3865000000000003
94,11,46,7,23.39,3.3414285714285716
94,11,47,9,29.91,3.3233333333333333
94,11,48,15,48.18,3.212
94,11,49,20,60.62,3.0309999999999997
94,11,50,20,60.46,3.023
94,11,51,5,14.85,2.9699999999999998
94,11,52,7,20.63,2.947142857142857
94,11,53,6,17.4,2.9
94,11,54,7,20.15,2.8785714285714286
94,11,55,7,19.86,2.837142857142857
94,11,56,20,56.7,2.835
94,11,57,15,37.68,2.512
94,11,58,18,45.2,2.511111111111111
94,11,59,5,12.26,2.452
94,11,60,17,41.67,2.4511764705882353
94,11,61,18,42.58,2.3655555555555554
94,11,62,10,22.18,2.218
94,11,63,8,17.43,2.17875
94,11,64,1,2.11,2.11
94,11,65,19,40.06,2.108421052631579
94,11,66,17,35.31,2.077058823529412
94,11,67,13,26.78,2.06
94,11,68,20,40.61,2.0305
94,11,69,15,29.17,1.9446666666666668
94,11,70,16,28.47,1.779375
94,11,71,6,10.08,1.68
94,11,72,10,15.17,1.517
94,11,73,19,27.45,1.444736842105263
94,11,74,10,14.06,1.4060000000000001
94,11,75,4,5.61,1.4025
94,11,76,18,24.06,1.3366666666666667
94,11,77,15,19.3,1.2866666666666666
94,11,78,8,10.29,1.28625
94,11,79,19,23.95,1.2605263157894737
94,11,80,4,4.98,1.245
94,11,81,16,19.71,1.231875
94,11,82,4,4.88,1.22
94,11,83,4,4.46,1.115
94,11,84,6,6.3,1.05
94,11,85,14,13.53,0.9664285714285714
94,11,86,10,9.61,0.961
94,11,87,11,10.27,0.9336363636363636
94,11,88,8,7.22,0.9025
94,11,89,12,10.23,0.8525
94,11,90,11,9.26,0.8418181818181818
94,11,91,19,14.48,0.7621052631578947
94,11,92,20,13.88,0.6940000000000001
94,11,93,9,5.79,0.6433333333333333
94,11,94,18,11.08,0.6155555555555555
94,11,95,5,2.67,0.534
94,11,96,3,1.55,0.5166666666666667
94,11,97,17,7.41,0.4358823529411765
94,11,98,11,4.24,0.3854545454545455
94,11,99,10,2.53,0.253
94,21,0,18,57.97,3.2205555555555554
94,21,1,12,38.24,3.186666666666667
94,21,2,6,18.92,3.1533333333333338
94,21,3,7,21.94,3.1342857142857143
94,21,4,9,27.96,3.106666666666667
94,21,5,18,55.14,3.0633333333333335
94,21,6,20,60.92,3.0460000000000003
94,21,7,1,3.04,3.04
94,21,8,4,11.91,2.9775
94,21,9,8,22.48,2.81
94,21,10,13,36.27,2.79
94,21,11,19,52.63,2.77
94,21,12,11,30.39,2.7627272727272727
94,21,13,7,19.27,2.7528571428571427
94,21,14,2,5.42,2.71
94,21,15,1,2.68,2.68
94,21,16,15,40.07,2.6713333333333336
94,21,17,18,47.79,2.655
94,21,18,7,18.12,2.5885714285714285
94,21,19,17,43.46,2.5564705882352943
94,21,20,10,25.54,2.554
94,21,21,14,34.95,2.4964285714285714
94,21,22,13,32.34,2.487692307692308
94,21,23,3,7.44,2.48
94,21,24,17,42.14,2.478823529411765
94,21,25,14,34.12,2.437142857142857
94,21,26,13,31.38,2.413846153846154
94,21,27,16,37.86,2.36625
94,21,28,2,4.68,2.34
94,21,29,1,2.25,2.25
94,21,30,15,32.56,2.170666666666667
94,21,31,20,42.54,2.127
94,21,32,19,40.0,2.1052631578947367
94,21,33,11,23.02,2.0927272727272728
94,21,34,17,34.71,2.041764705882353
94,21,35,20,39.85,1.9925000000000002
94,21,36,10,19.46,1.9460000000000002
94,21,37,14,26.88,1.92
94,21,38,8,15.23,1.90375
94,21,39,19,35.75,1.881578947368421
94,21,40,15,27.3,1.82
94,21,41,5,9.06,1.812
94,21,42,8,14.07,1.75875
94,21,43,14,24.54,1.752857142857143
94,21,44,5,8.74,1.748
94,21,45,3,5.08,1.6933333333333334
94,21,46,12,19.94,1.6616666666666668
94,21,47,12,19.86,1.655
94,21,48,10,16.38,1.638
94,21,49,11,17.6,1.6
94,21,50,16,25.3,1.58125
94,21,51,18,28.0,1.5555555555555556
94,21,52,13,20.15,1.5499999999999998
94,21,53,17,26.32,1.5482352941176472
94,21,54,3,4.57,1.5233333333333334
94,21,55,12,18.19,1.5158333333333334
94,21,56,14,20.23,1.445
94,21,57,13,17.91,1.3776923076923078
94,21,58,2,2.71,1.355
94,21,59,14,18.39,1.3135714285714286
94,21,60,11,14.25,1.2954545454545454
94,21,61,11,13.94,1.2672727272727273
94,21,62,3,3.7,1.2333333333333334
94,21,63,14,16.9,1.207142857142857
94,21,64,11,12.97,1.1790909090909092
94,21,65,11,12.96,1.1781818181818182
94,21,66,9,10.55,1.1722222222222223
94,21,67,5,5.81,1.162
94,21,68,8,9.14,1.1425
94,21,69,16,18.03,1.126875
94,21,70,18,19.84,1.1022222222222222
94,21,71,13,14.04,1.0799999999999998
94,21,72,16,17.14,1.07125
94,21,73,3,3.2,1.0666666666666667
94,21,74,20,21.19,1.0595
94,21,75,7,7.14,1.02
94,21,76,10,10.0,1.0
94,21,77,20,18.22,0.9109999999999999
94,21,78,17,15.37,0.9041176470588235
94,21,79,6,5.41,0.9016666666666667
94,21,80,14,12.23,0.8735714285714286
94,21,81,11,9.53,0.8663636363636363
94,21,82,8,6.84,0.855
94,21,83,10,8.17,0.817
94,21,84,15,12.13,0.8086666666666668
94,21,85,18,13.88,0.7711111111111112
94,21,86,15,10.96,0.7306666666666667
94,21,87,1,0.67,0.67
94,21,88,1,0.66,0.66
94,21,89,1,0.62,0.62
94,21,90,14,7.72,0.5514285714285714
94,21,91,14,7.09,0.5064285714285715
94,21,92,15,7.57,0.5046666666666667
94,21,93,14,6.61,0.47214285714285714
94,21,94,9,4.23,0.47000000000000003
94,21,95,13,6.04,0.4646153846153846
94,21,96,10,4.06,0.40599999999999997
94,21,97,19,6.73,0.3542105263157895
94,21,98,8,1.98,0.2475
94,21,99,3,0.54,0.18000000000000002
94,32,0,1,3.79,3.79
94,32,1,18,68.19,3.788333333333333
94,32,2,17,63.22,3.7188235294117646
94,32,3,6,22.17,3.6950000000000003
94,32,4,4,14.6,3.65
94,32,5,14,50.51,3.6078571428571427
94,32,6,4,14.24,3.56
94,32,7,20,70.78,3.539
94,32,8,17,59.99,3.5288235294117647
94,32,9,14,48.9,3.492857142857143
94,32,10,16,55.69,3.480625
94,32,11,13,44.85,3.45
94,32,12,15,50.95,3.396666666666667
94,32,13,16,54.3,3.39375
94,32,14,18,60.42,3.356666666666667
94,32,15,12,39.83,3.3191666666666664
94,32,16,20,64.34,3.217
94,32,17,9,28.84,3.2044444444444444
94,32,18,13,40.7,3.130769230769231
94,32,19,7,21.81,3.1157142857142857
94,32,20,4,12.32,3.08
94,32,21,14,42.45,3.0321428571428575
94,32,22,14,42.31,3.0221428571428572
94,32,23,7,20.93,2.9899999999999998
94,32,24,17,50.65,2.9794117647058824
94,32,25,10,28.96,2.896
94,32,26,12,34.33,2.8608333333333333
94,32,27,19,53.77,2.83
94,32,28,19,53.59,2.8205263157894738
94,32,29,12,32.89,2.7408333333333332
94,32,30,9,24.56,2.7288888888888887
94,32,31,6,16.1,2.6833333333333336
94,32,32,6,15.7,2.6166666666666667
94,32,33,2,5.16,2.58
94,32,34,15,38.36,2.5573333333333332
94,32,35,7,17.61,2.5157142857142856
94,32,36,9,22.05,2.45
94,32,37,7,16.95,2.4214285714285713
94,32,38,17,40.81,2.400588235294118
94,32,39,9,21.44,2.3822222222222225
94,32,40,1,2.34,2.34
94,32,41,9,20.27,2.252222222222222
94,32,42,10,22.4,2.2399999999999998
94,32,43,4,8.92,2.23
94,32,44,5,10.83,2.166
94,32,45,15,32.46,2.164
94,32,46,13,27.58,2.1215384615384614
94,32,47,14,29.35,2.0964285714285715
94,32,48,11,21.36,1.9418181818181817
94,32,49,20,34.36,1.718
94,32,50,19,32.55,1.713157894736842
94,32,51,16,27.02,1.68875
94,32,52,1,1.66,1.66
94,32,53,18,29.29,1.6272222222222221
94,32,54,2,3.14,1.57
94,32,55,17,26.18,1.54
94,32,56,6,9.15,1.5250000000000001
94,32,57,7,9.78,1.397142857142857
94,32,58,6,8.36,1.3933333333333333
94,32,59,6,8.26,1.3766666666666667
94,32,60,11,14.97,1.360909090909091
94,32,61,19,25.31,1.3321052631578947
94,32,62,7,9.25,1.3214285714285714
94,32,63,19,24.94,1.3126315789473686
94,32,64,2,2.47,1.235
94,32,65,7,8.32,1.1885714285714286
94,32,66,20,22.24,1.1119999999999999
94,32,67,15,16.67,1.1113333333333335
94,32,68,12,12.43,1.0358333333333334
94,32,69,7,7.25,1.0357142857142858
94,32,70,20,19.67,0.9835
94,32,71,11,10.71,0.9736363636363637
94,32,72,10,9.64,0.9640000000000001
94,32,73,6,5.68,0.9466666666666667
94,32,74,6,5.62,0.9366666666666666
94,32,75,4,3.71,0.9275
94,32,76,18,16.02,0.89
94,32,77,10,8.69,0.869
94,32,78,8,6.92,0.865
94,32,79,10,8.13,0.8130000000000001
94,32,80,4,2.94,0.735
94,32,81,17,12.25,0.7205882352941176
94,32,82,1,0.69,0.69
94,32,83,9,6.1,0.6777777777777777
94,32,84,3,1.91,0.6366666666666666
94,32,85,16,10.15,0.634375
94,32,86,8,4.28,0.535
94,32,87,13,6.11,0.47000000000000003
94,32,88,19,7.56,0.39789473684210525
94,32,89,18,6.45,0.35833333333333334
94,32,90,6,2.01,0.33499999999999996
94,32,91,2,0.59,0.295
94,32,92,9,2.24,0.2488888888888889
94,32,93,11,2.44,0.2218181818181818
94,32,94,8,1.77,0.22125
94,32,95,7,1.52,0.21714285714285714
94,32,96,2,0.4,0.2
94,32,97,10,1.88,0.188
94,32,98,6,0.97,0.16166666666666665
94,32,99,14,2.26,0.16142857142857142
94,39,0,9,31.94,3.548888888888889
94,39,1,11,38.93,3.539090909090909
94,39,2,1,3.51,3.51
94,39,3,16,55.8,3.4875
94,39,4,12,38.97,3.2475
94,39,5,19,61.66,3.245263157894737
94,39,6,5,16.17,3.2340000000000004
94,39,7,15,47.51,3.167333333333333
94,39,8,10,31.66,3.166
94,39,9,16,49.64,3.1025
94,39,10,3,9.25,3.0833333333333335
94,39,11,4,12.18,3.045
94,39,12,5,14.86,2.972
94,39,13,17,48.66,2.8623529411764705
94,39,14,2,5.62,2.81
94,39,15,14,37.97,2.712142857142857
94,39,16,12,32.21,2.6841666666666666
94,39,17,18,47.72,2.651111111111111
94,39,18,18,47.36,2.631111111111111
94,39,19,11,28.91,2.6281818181818184
94,39,20,6,15.34,2.5566666666666666
94,39,21,5,12.65,2.5300000000000002
94,39,22,7,16.98,2.4257142857142857
94,39,23,1,2.38,2.38
94,39,24,14,32.98,2.3557142857142854
94,39,25,1,2.35,2.35
94,39,26,20,46.99,2.3495
94,39,27,6,13.84,2.3066666666666666
94,39,28,19,43.5,2.289473684210526
94,39,29,8,17.73,2.21625
94,39,30,18,39.32,2.1844444444444444
94,39,31,20,42.33,2.1165
94,39,32,18,36.53,2.0294444444444446
94,39,33,5,10.07,2.0140000000000002
94,39,34,19,38.01,2.0005263157894735
94,39,35,10,19.58,1.9579999999999997
94,39,36,5,9.73,1.9460000000000002
94,39,37,10,19.17,1.9170000000000003
94,39,38,15,28.41,1.894
94,39,39,2,3.74,1.87
94,39,40,19,35.31,1.858421052631579
94,39,41,4,7.42,1.855
94,39,42,6,10.77,1.795
94,39,43,4,6.79,1.6975
94,39,44,20,33.46,1.673
94,39,45,12,19.16,1.5966666666666667
94,39,46,14,21.69,1.5492857142857144
94,39,47,20,30.98,1.549
94,39,48,6,9.2,1.5333333333333332
94,39,49,3,4.59,1.53
94,39,50,8,12.0,1.5
94,39,51,2,2.96,1.48
94,39,52,9,13.2,1.4666666666666666
94,39,53,13,18.84,1.4492307692307693
94,39,54,5,7.22,1.444
94,39,55,6,8.28,1.38
94,39,56,17,22.61,1.33
94,39,57,4,4.95,1.2375
94,39,58,9,11.09,1.232222222222222
94,39,59,7,8.4,1.2
94,39,60,2,2.25,1.125
94,39,61,4,4.5,1.125
94,39,62,10,11.22,1.122
94,39,63,4,4.29,1.0725
94,39,64,14,14.74,1.052857142857143
94,39,65,1,1.05,1.05
94,39,66,14,14.55,1.0392857142857144
94,39,67,4,4.1,1.025
94,39,68,18,18.22,1.0122222222222221
94,39,69,5,5.06,1.012
94,39,70,15,14.31,0.9540000000000001
94,39,71,10,9.49,0.9490000000000001
94,39,72,5,4.69,0.9380000000000001
94,39,73,8,7.15,0.89375
94,39,74,4,3.34,0.835
94,39,75,4,3.19,0.7975
94,39,76,14,10.89,0.7778571428571429
94,39,77,10,7.52,0.752
94,39,78,6,4.45,0.7416666666666667
94,39,79,16,11.43,0.714375
94,39,80,15,10.48,0.6986666666666667
94,39,81,16,10.31,0.644375
94,39,82,18,11.16,0.62
94,39,83,10,6.05,0.605
94,39,84,18,10.89,0.605
94,39,85,20,10.82,0.541
94,39,86,17,8.95,0.526470588235294
94,39,87,1,0.48,0.48
94,39,88,8,3.66,0.4575
94,39,89,1,0.45,0.45
94,39,90,15,5.52,0.368
94,39,91,13,4.77,0.3669230769230769
94,39,92,8,2.8,0.35
94,39,93,15,5.14,0.3426666666666666
94,39,94,3,0.99,0.33
94,39,95,6,1.91,0.3183333333333333
94,39,96,2,0.6,0.3
94,39,97,18,5.18,0.28777777777777774
94,39,98,6,1.19,0.19833333333333333
94,39,99,14,2.35,0.16785714285714287
94,46,0,18,37.79,2.0994444444444444
94,46,1,2,4.16,2.08
94,46,2,9,18.48,2.0533333333333332
94,46,3,17,34.83,2.0488235294117647
94,46,4,5,10.12,2.024
94,46,5,9,18.16,2.017777777777778
94,46,6,4,8.05,2.0125
94,46,7,6,11.93,1.9883333333333333
94,46,8,7,13.9,1.9857142857142858
94,46,9,12,23.78,1.9816666666666667
94,46,10,14,27.32,1.9514285714285715
94,46,11,4,7.7,1.925
94,46,12,15,28.59,1.906
94,46,13,6,11.4,1.9000000000000001
94,46,14,14,26.14,1.8671428571428572
94,46,15,5,9.31,1.862
94,46,16,5,9.26,1.8519999999999999
94,46,17,4,7.36,1.84
94,46,18,9,16.05,1.7833333333333334
94,46,19,19,32.75,1.7236842105263157
94,46,20,13,22.36,1.72
94,46,21,6,10.21,1.7016666666666669
94,46,22,20,33.41,1.6704999999999999
94,46,23,10,16.66,1.666
94,46,24,16,26.53,1.658125
94,46,25,6,9.86,1.6433333333333333
94,46,26,5,8.09,1.6179999999999999
94,46,27,17,27.45,1.6147058823529412
94,46,28,3,4.82,1.6066666666666667
94,46,29,16,25.36,1.585
94,46,30,3,4.73,1.5766666666666669
94,46,31,10,15.41,1.541
94,46,32,10,15.32,1.532
94,46,33,19,28.58,1.5042105263157894
94,46,34,12,17.97,1.4974999999999998
94,46,35,15,22.04,1.4693333333333334
94,46,36,7,9.85,1.407142857142857
94,46,37,20,27.86,1.393
94,46,38,4,5.46,1.365
94,46,39,14,18.96,1.3542857142857143
94,46,40,10,13.34,1.334
94,46,41,14,18.58,1.327142857142857
94,46,42,10,12.87,1.287
94,46,43,20,25.68,1.284
94,46,44,15,19.26,1.284
94,46,45,13,16.68,1.283076923076923
94,46,46,20,24.75,1.2375
94,46,47,20,24.7,1.2349999999999999
94,46,48,9,11.06,1.228888888888889
94,46,49,8,9.78,1.2225
94,46,50,10,12.07,1.207
94,46,51,10,11.71,1.171
94,46,52,10,11.51,1.151
94,46,53,11,12.62,1.1472727272727272
94,46,54,1,1.12,1.12
94,46,55,2,2.12,1.06
94,46,56,17,17.96,1.0564705882352943
94,46,57,7,7.22,1.0314285714285714
94,46,58,7,7.21,1.03
94,46,59,15,15.18,1.012
94,46,60,4,3.97,0.9925
94,46,61,10,9.85,0.985
94,46,62,15,14.65,0.9766666666666667
94,46,63,9,8.63,0.958888888888889
94,46,64,20,19.08,0.954
94,46,65,9,8.13,0.9033333333333334
94,46,66,15,13.37,0.8913333333333333
94,46,67,8,7.06,0.8825
94,46,68,11,9.63,0.8754545454545455
94,46,69,4,3.28,0.82
94,46,70,2,1.63,0.815
94,46,71,2,1.6,0.8
94,46,72,15,11.56,0.7706666666666667
94,46,73,5,3.79,0.758
94,46,74,8,5.88,0.735
94,46,75,3,2.19,0.73
94,46,76,6,4.38,0.73
94,46,77,1,0.69,0.69
94,46,78,11,7.52,0.6836363636363636
94,46,79,17,11.57,0.6805882352941177
94,46,80,8,5.41,0.67625
94,46,81,7,4.62,0.66
94,46,82,3,1.95,0.65
94,46,83,10,6.33,0.633
94,46,84,14,8.29,0.5921428571428571
94,46,85,6,3.41,0.5683333333333334
94,46,86,10,5.01,0.501
94,46,87,17,8.28,0.4870588235294117
94,46,88,4,1.89,0.4725
94,46,89,16,7.54,0.47125
94,46,90,7,2.54,0.3628571428571429
94,46,91,12,4.14,0.345
94,46,92,5,1.72,0.344
94,46,93,4,1.36,0.34
94,46,94,1,0.32,0.32
94,46,95,17,4.37,0.2570588235294118
94,46,96,14,2.29,0.16357142857142856
94,46,97,10,1.3,0.13
94,46,98,20,2.26,0.11299999999999999
94,46,99,10,1.03,0.10300000000000001
94,77,0,7,37.44,5.348571428571428
94,77,1,17,90.22,5.307058823529411
94,77,2,13,67.77,5.2130769230769225
94,77,3,13,65.74,5.056923076923076
94,77,4,16,79.04,4.94
94,77,5,10,49.28,4.928
94,77,6,10,49.13,4.913
94,77,7,8,38.65,4.83125
94,77,8,18,86.71,4.817222222222222
94,77,9,15,72.19,4.812666666666667
94,77,10,14,66.85,4.7749999999999995
94,77,11,7,32.97,4.71
94,77,12,13,60.97,4.6899999999999995
94,77,13,7,32.64,4.662857142857143
94,77,14,6,27.3,4.55
94,77,15,19,84.12,4.427368421052631
94,77,16,17,74.64,4.390588235294118
94,77,17,11,47.99,4.362727272727273
94,77,18,5,21.48,4.296
94,77,19,4,17.12,4.28
94,77,20,1,4.26,4.26
94,77,21,14,58.72,4.194285714285714
94,77,22,2,7.97,3.985
94,77,23,10,39.3,3.9299999999999997
94,77,24,2,7.84,3.92
94,77,25,16,62.6,3.9125
94,77,26,11,42.69,3.880909090909091
94,77,27,1,3.88,3.88
94,77,28,7,26.94,3.8485714285714288
94,77,29,19,72.13,3.796315789473684
94,77,30,20,75.76,3.7880000000000003
94,77,31,19,71.61,3.7689473684210526
94,77,32,4,14.72,3.68
94,77,33,16,58.14,3.63375
94,77,34,9,32.7,3.6333333333333337
94,77,35,7,25.24,3.6057142857142854
94,77,36,3,10.77,3.59
94,77,37,7,24.96,3.565714285714286
94,77,38,7,24.49,3.498571428571428
94,77,39,5,16.51,3.3020000000000005
94,77,40,18,58.86,3.27
94,77,41,18,58.28,3.2377777777777776
94,77,42,11,34.89,3.171818181818182
94,77,43,11,33.82,3.0745454545454547
94,77,44,7,21.36,3.051428571428571
94,77,45,1,2.92,2.92
94,77,46,10,29.01,2.9010000000000002
94,77,47,18,52.09,2.893888888888889
94,77,48,9,25.57,2.841111111111111
94,77,49,14,39.71,2.8364285714285713
94,77,50,13,36.33,2.7946153846153843
94,77,51,9,24.63,2.7366666666666664
94,77,52,12,31.47,2.6225
94,77,53,11,27.22,2.4745454545454546
94,77,54,10,24.65,2.465
94,77,55,4,8.96,2.24
94,77,56,7,15.63,2.232857142857143
94,77,57,20,43.86,2.193
94,77,58,12,25.84,2.1533333333333333
94,77,59,18,38.13,2.1183333333333336
94,77,60,4,7.79,1.9475
94,77,61,5,9.56,1.9120000000000001
94,77,62,19,35.78,1.8831578947368421
94,77,63,17,29.76,1.7505882352941178
94,77,64,14,22.32,1.5942857142857143
94,77,65,3,4.74,1.58
94,77,66,1,1.56,1.56
94,77,67,5,7.38,1.476
94,77,68,18,26.41,1.4672222222222222
94,77,69,12,17.03,1.4191666666666667
94,77,70,7,9.82,1.4028571428571428
94,77,71,7,8.91,1.272857142857143
94,77,72,7,8.3,1.1857142857142857
94,77,73,6,7.11,1.185
94,77,74,13,14.95,1.15
94,77,75,4,4.59,1.1475
94,77,76,6,6.85,1.1416666666666666
94,77,77,4,4.55,1.1375
94,77,78,18,19.59,1.0883333333333334
94,77,79,18,19.44,1.08
94,77,80,7,7.5,1.0714285714285714
94,77,81,8,8.56,1.07
94,77,82,7,7.4,1.0571428571428572
94,77,83,20,18.79,0.9395
94,77,84,19,17.82,0.9378947368421052
94,77,85,13,11.81,0.9084615384615385
94,77,86,1,0.9,0.9
94,77,87,12,10.75,0.8958333333333334
94,77,88,9,8.03,0.8922222222222221
94,77,89,20,17.7,0.885
94,77,90,10,7.92,0.792
94,77,91,14,10.42,0.7442857142857143
94,77,92,9,6.49,0.7211111111111111
94,77,93,9,5.98,0.6644444444444445
94,77,94,16,9.98,0.62375
94,77,95,7,3.48,0.49714285714285716
94,77,96,4,1.89,0.4725
94,77,97,13,6.03,0.46384615384615385
94,77,98,9,3.54,0.3933333333333333
94,77,99,19,4.39,0.23105263157894734
94,85,0,8,58.68,7.335
94,85,1,9,65.71,7.30111111111111
94,85,2,20,145.84,7.292
94,85,3,2,14.5,7.25
94,85,4,3,21.56,7.1866666666666665
94,85,5,16,114.84,7.1775
94,85,6,9,63.84,7.093333333333334
94,85,7,19,132.37,6.966842105263158
94,85,8,18,125.01,6.945
94,85,9,16,109.18,6.82375
94,85,10,2,13.58,6.79
94,85,11,5,33.8,6.76
94,85,12,6,39.66,6.609999999999999
94,85,13,17,110.54,6.502352941176471
94,85,14,12,76.97,6.414166666666667
94,85,15,2,12.75,6.375
94,85,16,12,75.62,6.301666666666667
94,85,17,1,6.25,6.25
94,85,18,1,6.13,6.13
94,85,19,1,6.07,6.07
94,85,20,10,59.7,5.970000000000001
94,85,21,6,35.51,5.918333333333333
94,85,22,14,82.77,5.9121428571428565
94,85,23,1,5.81,5.81
94,85,24,13,75.15,5.7807692307692315
94,85,25,19,107.9,5.678947368421053
94,85,26,3,16.79,5.596666666666667
94,85,27,19,105.78,5.567368421052632
94,85,28,10,55.29,5.529
94,85,29,6,32.62,5.4366666666666665
94,85,30,12,63.36,5.28
94,85,31,6,30.91,5.151666666666666
94,85,32,8,41.03,5.12875
94,85,33,1,5.02,5.02
94,85,34,12,59.7,4.9750000000000005
94,85,35,20,96.95,4.8475
94,85,36,8,38.4,4.8
94,85,37,20,95.35,4.7675
94,85,38,9,42.43,4.714444444444444
94,85,39,4,18.58,4.645
94,85,40,11,50.08,4.552727272727273
94,85,41,12,54.63,4.5525
94,85,42,3,13.25,4.416666666666667
94,85,43,14,61.47,4.390714285714286
94,85,44,5,21.94,4.388
94,85,45,16,67.15,4.196875
94,85,46,10,41.47,4.147
94,85,47,16,65.57,4.098125
94,85,48,4,15.93,3.9825
94,85,49,15,57.89,3.8593333333333333
94,85,50,9,33.1,3.677777777777778
94,85,51,5,17.84,3.568
94,85,52,14,49.38,3.527142857142857
94,85,53,8,28.08,3.51
94,85,54,5,17.54,3.508
94,85,55,2,6.42,3.21
94,85,56,15,46.19,3.079333333333333
94,85,57,8,24.25,3.03125
94,85,58,8,24.21,3.02625
94,85,59,3,8.83,2.9433333333333334
94,85,60,7,20.5,2.9285714285714284
94,85,61,17,49.25,2.8970588235294117
94,85,62,12,32.86,2.7383333333333333
94,85,63,4,10.72,2.68
94,85,64,10,25.76,2.576
94,85,65,5,12.45,2.4899999999999998
94,85,66,13,32.19,2.476153846153846
94,85,67,1,2.47,2.47
94,85,68,20,47.27,2.3635
94,85,69,19,43.89,2.31
94,85,70,11,23.66,2.150909090909091
94,85,71,5,10.73,2.146
94,85,72,4,8.42,2.105
94,85,73,14,28.56,2.04
94,85,74,11,21.19,1.9263636363636365
94,85,75,10,19.09,1.909
94,85,76,5,9.31,1.862
94,85,77,10,18.28,1.828
94,85,78,7,12.54,1.7914285714285714
94,85,79,9,15.61,1.7344444444444445
94,85,80,13,22.08,1.6984615384615382
94,85,81,15,24.48,1.6320000000000001
94,85,82,4,5.79,1.4475
94,85,83,19,25.05,1.318421052631579
94,85,84,4,5.23,1.3075
94,85,85,3,3.67,1.2233333333333334
94,85,86,9,11.0,1.2222222222222223
94,85,87,9,10.41,1.1566666666666667
94,85,88,2,2.08,1.04
94,85,89,10,10.16,1.016
94,85,90,12,12.08,1.0066666666666666
94,85,91,9,8.82,0.98
94,85,92,10,9.34,0.9339999999999999
94,85,93,2,1.83,0.915
94,85,94,10,7.49,0.749
94,85,95,16,9.85,0.615625
94,85,96,9,5.27,0.5855555555555555
94,85,97,3,1.73,0.5766666666666667
94,85,98,18,7.99,0.4438888888888889
94,85,99,3,1.19,0.39666666666666667
