fromnode,tonode,clientID,a,budget,clientRatio
2,3,0,10,70.25,7.025
2,3,1,13,64.1,4.93076923076923
2,3,2,13,56.45,4.342307692307693
2,3,3,8,23.02,2.8775
2,3,4,3,2.71,0.9033333333333333
2,5,0,1,5.9,5.9
2,5,1,6,35.32,5.886666666666667
2,5,2,18,49.03,2.723888888888889
2,5,3,2,3.57,1.785
2,5,4,9,15.62,1.7355555555555555
2,7,0,9,25.61,2.8455555555555554
2,7,1,10,22.59,2.259
2,7,2,20,25.62,1.2810000000000001
2,7,3,7,4.88,0.6971428571428572
2,7,4,12,5.21,0.43416666666666665
2,8,0,1,7.62,7.62
2,8,1,18,127.28,7.071111111111112
2,8,2,13,57.07,4.39
2,8,3,6,13.9,2.316666666666667
2,8,4,9,9.45,1.0499999999999998
2,11,0,10,73.41,7.340999999999999
2,11,1,19,117.04,6.16
2,11,2,14,74.0,5.285714285714286
2,11,3,14,56.95,4.067857142857143
2,11,4,17,33.21,1.953529411764706
2,13,0,16,112.52,7.0325
2,13,1,15,94.9,6.326666666666667
2,13,2,9,47.78,5.308888888888889
2,13,3,8,26.27,3.28375
2,13,4,2,2.32,1.16
2,15,0,5,39.57,7.914
2,15,1,7,36.08,5.154285714285714
2,15,2,12,43.66,3.638333333333333
2,15,3,15,36.33,2.4219999999999997
2,15,4,7,5.76,0.8228571428571428
2,17,0,9,48.9,5.433333333333334
2,17,1,2,10.1,5.05
2,17,2,19,46.36,2.44
2,17,3,18,29.14,1.6188888888888888
2,17,4,11,10.57,0.9609090909090909
2,19,0,3,16.35,5.45
2,19,1,20,105.07,5.2535
2,19,2,4,8.67,2.1675
2,19,3,6,11.6,1.9333333333333333
2,19,4,1,0.49,0.49
2,21,0,14,75.25,5.375
2,21,1,5,24.31,4.862
2,21,2,10,46.22,4.622
2,21,3,10,21.63,2.163
2,21,4,11,3.92,0.3563636363636364
2,22,0,7,44.49,6.355714285714286
2,22,1,20,98.04,4.902
2,22,2,13,56.55,4.35
2,22,3,3,6.83,2.276666666666667
2,22,4,10,12.1,1.21
2,24,0,12,86.94,7.245
2,24,1,1,2.82,2.82
2,24,2,6,15.61,2.6016666666666666
2,24,3,15,22.1,1.4733333333333334
2,24,4,19,18.39,0.9678947368421053
2,27,0,5,9.24,1.848
2,27,1,6,10.9,1.8166666666666667
2,27,2,7,9.29,1.327142857142857
2,27,3,7,3.1,0.4428571428571429
2,27,4,2,0.55,0.275
2,28,0,14,59.26,4.232857142857143
2,28,1,18,58.5,3.25
2,28,2,8,17.74,2.2175
2,28,3,17,34.73,2.0429411764705883
2,28,4,2,2.0,1.0
2,30,0,14,48.79,3.485
2,30,1,7,14.52,2.0742857142857143
2,30,2,14,27.13,1.9378571428571427
2,30,3,8,15.35,1.91875
2,30,4,16,5.02,0.31375
2,31,0,8,29.56,3.695
2,31,1,8,23.91,2.98875
2,31,2,2,3.86,1.93
2,31,3,16,23.91,1.494375
2,31,4,9,10.75,1.1944444444444444
2,33,0,2,2.0,1.0
2,33,1,11,7.15,0.65
2,33,2,2,1.15,0.575
2,33,3,3,1.51,0.5033333333333333
2,33,4,19,9.04,0.4757894736842105
2,34,0,19,129.13,6.796315789473684
2,34,1,11,68.02,6.183636363636364
2,34,2,16,97.16,6.0725
2,34,3,6,16.38,2.73
2,34,4,17,31.53,1.8547058823529412
2,35,0,9,46.77,5.196666666666667
2,35,1,13,67.19,5.168461538461538
2,35,2,3,13.99,4.663333333333333
2,35,3,9,17.72,1.9688888888888887
2,35,4,7,3.13,0.4471428571428571
2,37,0,13,74.63,5.740769230769231
2,37,1,2,10.8,5.4
2,37,2,9,37.79,4.198888888888889
2,37,3,15,54.27,3.6180000000000003
2,37,4,20,20.06,1.003
2,38,0,7,24.13,3.447142857142857
2,38,1,13,42.75,3.2884615384615383
2,38,2,7,21.02,3.0028571428571427
2,38,3,1,2.33,2.33
2,38,4,9,5.07,0.5633333333333334
2,39,0,16,92.08,5.755
2,39,1,18,88.26,4.903333333333333
2,39,2,20,44.78,2.239
2,39,3,7,8.57,1.2242857142857144
2,39,4,18,10.29,0.5716666666666667
2,43,0,2,13.35,6.675
2,43,1,9,52.94,5.882222222222222
2,43,2,4,19.21,4.8025
2,43,3,5,3.76,0.752
2,43,4,15,9.24,0.616
2,46,0,17,74.86,4.403529411764706
2,46,1,10,40.9,4.09
2,46,2,3,11.29,3.763333333333333
2,46,3,18,41.48,2.304444444444444
2,46,4,3,1.77,0.59
2,47,0,4,27.28,6.82
2,47,1,16,102.25,6.390625
2,47,2,7,41.34,5.905714285714287
2,47,3,10,30.65,3.065
2,47,4,13,12.67,0.9746153846153847
2,49,0,7,29.05,4.15
2,49,1,12,40.66,3.388333333333333
2,49,2,16,45.41,2.838125
2,49,3,14,39.17,2.797857142857143
2,49,4,15,9.96,0.664
2,50,0,1,1.76,1.76
2,50,1,5,4.3,0.86
2,50,2,11,7.72,0.7018181818181818
2,50,3,6,3.06,0.51
2,50,4,18,8.8,0.48888888888888893
2,51,0,16,78.71,4.919375
2,51,1,1,4.1,4.1
2,51,2,4,13.94,3.485
2,51,3,3,10.03,3.3433333333333333
2,51,4,20,62.5,3.125
2,52,0,6,24.15,4.0249999999999995
2,52,1,20,74.36,3.718
2,52,2,14,48.76,3.4828571428571427
2,52,3,1,2.81,2.81
2,52,4,12,12.73,1.0608333333333333
2,53,0,18,54.84,3.046666666666667
2,53,1,17,44.96,2.644705882352941
2,53,2,15,39.46,2.630666666666667
2,53,3,20,42.08,2.104
2,53,4,19,21.06,1.108421052631579
2,55,0,3,10.07,3.356666666666667
2,55,1,20,41.87,2.0934999999999997
2,55,2,20,22.74,1.137
2,55,3,13,12.29,0.9453846153846153
2,55,4,11,9.97,0.9063636363636364
2,61,0,12,40.37,3.3641666666666663
2,61,1,6,10.46,1.7433333333333334
2,61,2,12,20.75,1.7291666666666667
2,61,3,12,13.47,1.1225
2,61,4,3,1.67,0.5566666666666666
2,64,0,19,170.28,8.962105263157895
2,64,1,10,80.58,8.058
2,64,2,3,22.03,7.343333333333334
2,64,3,4,6.97,1.7425
2,64,4,20,10.76,0.538
2,66,0,19,48.01,2.526842105263158
2,66,1,3,5.88,1.96
2,66,2,16,28.03,1.751875
2,66,3,8,12.89,1.61125
2,66,4,4,2.09,0.5225
2,68,0,8,55.86,6.9825
2,68,1,13,89.24,6.864615384615385
2,68,2,10,66.55,6.654999999999999
2,68,3,8,46.86,5.8575
2,68,4,8,20.91,2.61375
2,70,0,15,118.73,7.915333333333334
2,70,1,18,101.24,5.624444444444444
2,70,2,14,74.19,5.299285714285714
2,70,3,13,59.94,4.610769230769231
2,70,4,11,30.12,2.7381818181818183
2,78,0,13,46.88,3.6061538461538465
2,78,1,18,64.09,3.5605555555555557
2,78,2,18,48.84,2.7133333333333334
2,78,3,12,29.02,2.4183333333333334
2,78,4,9,11.01,1.2233333333333334
2,80,0,15,68.21,4.547333333333333
2,80,1,10,42.63,4.263
2,80,2,12,34.69,2.890833333333333
2,80,3,5,12.38,2.476
2,80,4,9,21.17,2.352222222222222
2,81,0,5,20.33,4.066
2,81,1,16,61.42,3.83875
2,81,2,6,10.84,1.8066666666666666
2,81,3,3,2.35,0.7833333333333333
2,81,4,8,3.64,0.455
2,87,0,18,49.3,2.738888888888889
2,87,1,19,49.8,2.621052631578947
2,87,2,18,19.86,1.1033333333333333
2,87,3,17,17.71,1.041764705882353
2,87,4,4,3.59,0.8975
2,92,0,14,87.8,6.271428571428571
2,92,1,6,29.25,4.875
2,92,2,10,41.09,4.109
2,92,3,11,8.58,0.78
2,92,4,9,5.84,0.6488888888888888
2,96,0,1,6.02,6.02
2,96,1,3,14.19,4.7299999999999995
2,96,2,10,41.35,4.135
2,96,3,18,27.94,1.5522222222222224
2,96,4,14,21.56,1.5399999999999998
2,97,0,6,44.1,7.3500000000000005
2,97,1,18,104.5,5.805555555555555
2,97,2,9,40.17,4.463333333333334
2,97,3,3,10.05,3.35
2,97,4,13,38.59,2.968461538461539
2,99,0,4,25.13,6.2825
2,99,1,1,2.44,2.44
2,99,2,1,2.26,2.26
2,99,3,5,4.5,0.9
2,99,4,13,9.5,0.7307692307692307
3,2,0,15,129.9,8.66
3,2,1,13,40.98,3.152307692307692
3,2,2,1,2.28,2.28
3,2,3,18,34.05,1.8916666666666666
3,2,4,18,7.55,0.41944444444444445
3,5,0,6,15.58,2.5966666666666667
3,5,1,16,31.37,1.960625
3,5,2,14,26.65,1.9035714285714285
3,5,3,12,12.35,1.0291666666666666
3,5,4,19,12.94,0.6810526315789474
3,7,0,2,19.71,9.855
3,7,1,11,106.73,9.702727272727273
3,7,2,16,121.92,7.62
3,7,3,19,75.8,3.9894736842105263
3,7,4,7,23.79,3.3985714285714286
3,8,0,12,6.76,0.5633333333333334
3,8,1,3,1.63,0.5433333333333333
3,8,2,11,5.91,0.5372727272727272
3,8,3,2,0.75,0.375
3,8,4,17,5.11,0.30058823529411766
3,11,0,6,2.61,0.435
3,11,1,20,8.67,0.4335
3,11,2,16,5.17,0.323125
3,11,3,3,0.65,0.21666666666666667
3,11,4,2,0.28,0.14
3,13,0,20,23.53,1.1765
3,13,1,3,3.29,1.0966666666666667
3,13,2,17,18.54,1.0905882352941176
3,13,3,20,7.82,0.391
3,13,4,10,1.96,0.196
3,15,0,1,1.04,1.04
3,15,1,8,8.3,1.0375
3,15,2,12,11.46,0.9550000000000001
3,15,3,5,1.42,0.284
3,15,4,2,0.12,0.06
3,17,0,10,15.72,1.572
3,17,1,3,4.17,1.39
3,17,2,6,4.76,0.7933333333333333
3,17,3,20,15.53,0.7765
3,17,4,17,10.11,0.5947058823529412
3,19,0,14,43.11,3.079285714285714
3,19,1,10,26.27,2.627
3,19,2,9,10.62,1.18
3,19,3,14,16.1,1.1500000000000001
3,19,4,7,1.32,0.18857142857142858
3,21,0,14,33.52,2.3942857142857146
3,21,1,9,12.01,1.3344444444444443
3,21,2,1,1.07,1.07
3,21,3,14,12.27,0.8764285714285714
3,21,4,20,12.16,0.608
3,22,0,7,10.99,1.57
3,22,1,6,6.39,1.065
3,22,2,5,5.26,1.052
3,22,3,20,10.57,0.5285
3,22,4,11,2.27,0.20636363636363636
3,24,0,19,52.61,2.7689473684210526
3,24,1,16,34.6,2.1625
3,24,2,9,17.16,1.9066666666666667
3,24,3,6,2.18,0.36333333333333334
3,24,4,11,1.46,0.13272727272727272
3,27,0,5,29.33,5.866
3,27,1,17,93.01,5.471176470588236
3,27,2,4,20.75,5.1875
3,27,3,19,73.25,3.8552631578947367
3,27,4,11,23.0,2.090909090909091
3,28,0,6,12.63,2.105
3,28,1,1,1.78,1.78
3,28,2,6,9.64,1.6066666666666667
3,28,3,3,4.72,1.5733333333333333
3,28,4,9,1.54,0.1711111111111111
3,30,0,2,9.08,4.54
3,30,1,20,80.92,4.046
3,30,2,11,33.83,3.075454545454545
3,30,3,6,5.85,0.975
3,30,4,7,2.92,0.41714285714285715
3,31,0,7,11.76,1.68
3,31,1,9,13.44,1.4933333333333332
3,31,2,2,2.86,1.43
3,31,3,13,13.54,1.0415384615384615
3,31,4,16,4.67,0.291875
3,33,0,13,100.06,7.696923076923077
3,33,1,18,84.62,4.7011111111111115
3,33,2,11,38.85,3.5318181818181817
3,33,3,12,27.38,2.2816666666666667
3,33,4,2,3.9,1.95
3,34,0,7,8.73,1.247142857142857
3,34,1,18,17.17,0.953888888888889
3,34,2,12,6.49,0.5408333333333334
3,34,3,8,4.12,0.515
3,34,4,8,2.36,0.295
3,35,0,11,34.78,3.161818181818182
3,35,1,10,27.97,2.7969999999999997
3,35,2,18,14.76,0.82
3,35,3,12,8.78,0.7316666666666666
3,35,4,1,0.51,0.51
3,37,0,16,38.57,2.410625
3,37,1,10,20.65,2.065
3,37,2,13,21.01,1.6161538461538463
3,37,3,12,11.7,0.975
3,37,4,13,6.55,0.5038461538461538
3,38,0,15,126.91,8.460666666666667
3,38,1,11,42.43,3.8572727272727274
3,38,2,14,40.54,2.8957142857142855
3,38,3,18,19.77,1.0983333333333334
3,38,4,15,12.26,0.8173333333333334
3,39,0,11,18.37,1.6700000000000002
3,39,1,3,4.09,1.3633333333333333
3,39,2,1,1.11,1.11
3,39,3,20,14.74,0.737
3,39,4,17,4.55,0.2676470588235294
3,43,0,8,5.46,0.6825
3,43,1,5,2.69,0.538
3,43,2,11,5.2,0.4727272727272727
3,43,3,10,2.23,0.223
3,43,4,5,0.91,0.182
3,46,0,19,88.74,4.670526315789473
3,46,1,12,55.59,4.6325
3,46,2,18,60.27,3.3483333333333336
3,46,3,9,27.44,3.048888888888889
3,46,4,12,12.14,1.0116666666666667
3,47,0,7,14.17,2.0242857142857145
3,47,1,5,7.7,1.54
3,47,2,20,17.96,0.898
3,47,3,4,1.75,0.4375
3,47,4,18,5.02,0.27888888888888885
3,49,0,12,30.17,2.5141666666666667
3,49,1,3,6.18,2.06
3,49,2,5,8.77,1.754
3,49,3,2,3.19,1.595
3,49,4,6,3.05,0.5083333333333333
3,50,0,2,17.15,8.575
3,50,1,2,6.99,3.495
3,50,2,6,18.97,3.1616666666666666
3,50,3,9,23.41,2.601111111111111
3,50,4,20,39.6,1.98
3,51,0,10,24.11,2.411
3,51,1,2,4.67,2.335
3,51,2,16,32.21,2.013125
3,51,3,17,31.27,1.8394117647058823
3,51,4,2,0.22,0.11
3,52,0,14,56.09,4.006428571428572
3,52,1,14,48.54,3.467142857142857
3,52,2,17,52.9,3.111764705882353
3,52,3,2,3.14,1.57
3,52,4,12,6.58,0.5483333333333333
3,53,0,3,35.59,11.863333333333335
3,53,1,1,10.61,10.61
3,53,2,7,68.66,9.808571428571428
3,53,3,7,60.43,8.632857142857143
3,53,4,10,64.03,6.4030000000000005
3,55,0,11,27.57,2.5063636363636363
3,55,1,3,5.99,1.9966666666666668
3,55,2,7,13.66,1.9514285714285715
3,55,3,17,27.97,1.6452941176470588
3,55,4,18,6.58,0.3655555555555556
3,61,0,4,15.23,3.8075
3,61,1,14,53.25,3.8035714285714284
3,61,2,11,29.4,2.6727272727272724
3,61,3,17,23.53,1.3841176470588237
3,61,4,2,0.8,0.4
3,64,0,5,1.16,0.23199999999999998
3,64,1,4,0.92,0.23
3,64,2,9,1.95,0.21666666666666667
3,64,3,1,0.07,0.07
3,64,4,20,0.83,0.041499999999999995
3,66,0,14,69.03,4.930714285714286
3,66,1,5,17.11,3.4219999999999997
3,66,2,18,54.24,3.0133333333333336
3,66,3,20,59.72,2.9859999999999998
3,66,4,19,46.04,2.423157894736842
3,68,0,16,72.12,4.5075
3,68,1,19,59.75,3.1447368421052633
3,68,2,19,49.38,2.5989473684210527
3,68,3,19,48.25,2.539473684210526
3,68,4,7,9.2,1.3142857142857143
3,70,0,11,2.9,0.2636363636363636
3,70,1,20,5.26,0.263
3,70,2,15,3.9,0.26
3,70,3,11,2.17,0.19727272727272727
3,70,4,6,0.55,0.09166666666666667
3,78,0,8,23.1,2.8875
3,78,1,11,25.71,2.3372727272727274
3,78,2,18,32.56,1.808888888888889
3,78,3,6,7.37,1.2283333333333333
3,78,4,10,10.69,1.069
3,80,0,4,15.71,3.9275
3,80,1,1,3.55,3.55
3,80,2,7,5.9,0.8428571428571429
3,80,3,1,0.34,0.34
3,80,4,10,2.88,0.288
3,81,0,15,177.6,11.84
3,81,1,13,66.54,5.118461538461539
3,81,2,8,39.65,4.95625
3,81,3,14,55.63,3.9735714285714288
3,81,4,18,47.39,2.6327777777777777
3,87,0,13,75.32,5.793846153846153
3,87,1,14,56.85,4.060714285714286
3,87,2,2,5.02,2.51
3,87,3,3,6.47,2.1566666666666667
3,87,4,2,1.54,0.77
3,92,0,12,23.37,1.9475
3,92,1,2,2.54,1.27
3,92,2,12,9.78,0.815
3,92,3,12,3.51,0.2925
3,92,4,5,0.45,0.09
3,96,0,13,5.94,0.45692307692307693
3,96,1,3,1.09,0.36333333333333334
3,96,2,19,6.71,0.3531578947368421
3,96,3,3,0.97,0.3233333333333333
3,96,4,16,4.68,0.2925
3,97,0,12,46.01,3.8341666666666665
3,97,1,15,34.49,2.2993333333333337
3,97,2,17,20.57,1.21
3,97,3,4,3.22,0.805
3,97,4,1,0.64,0.64
3,99,0,13,16.22,1.2476923076923077
3,99,1,10,12.38,1.238
3,99,2,11,13.5,1.2272727272727273
3,99,3,4,4.47,1.1175
3,99,4,14,6.69,0.47785714285714287
5,2,0,6,39.28,6.546666666666667
5,2,1,12,74.84,6.236666666666667
5,2,2,19,115.51,6.079473684210527
5,2,3,17,100.52,5.912941176470588
5,2,4,16,51.7,3.23125
5,3,0,8,15.56,1.945
5,3,1,17,19.99,1.1758823529411764
5,3,2,16,12.96,0.81
5,3,3,10,4.91,0.491
5,3,4,18,4.12,0.2288888888888889
5,7,0,18,161.62,8.97888888888889
5,7,1,1,8.93,8.93
5,7,2,14,114.23,8.159285714285714
5,7,3,4,21.73,5.4325
5,7,4,14,68.28,4.877142857142857
5,8,0,19,43.48,2.2884210526315787
5,8,1,16,35.34,2.20875
5,8,2,9,12.54,1.3933333333333333
5,8,3,11,10.56,0.9600000000000001
5,8,4,9,5.14,0.5711111111111111
5,11,0,5,16.8,3.3600000000000003
5,11,1,16,43.31,2.706875
5,11,2,2,5.21,2.605
5,11,3,13,33.82,2.6015384615384614
5,11,4,12,26.45,2.2041666666666666
5,13,0,20,60.83,3.0415
5,13,1,1,2.07,2.07
5,13,2,19,27.21,1.4321052631578948
5,13,3,14,17.13,1.2235714285714285
5,13,4,18,16.19,0.8994444444444445
5,15,0,11,31.74,2.8854545454545453
5,15,1,8,21.32,2.665
5,15,2,5,5.85,1.17
5,15,3,19,16.96,0.8926315789473684
5,15,4,2,0.29,0.145
5,17,0,2,2.36,1.18
5,17,1,2,1.6,0.8
5,17,2,8,3.54,0.4425
5,17,3,20,6.8,0.33999999999999997
5,17,4,18,3.13,0.17388888888888887
5,19,0,7,4.07,0.5814285714285715
5,19,1,1,0.57,0.57
5,19,2,11,4.5,0.4090909090909091
5,19,3,7,1.92,0.2742857142857143
5,19,4,7,0.34,0.04857142857142858
5,21,0,5,7.55,1.51
5,21,1,11,15.56,1.4145454545454546
5,21,2,4,5.31,1.3275
5,21,3,19,17.14,0.9021052631578947
5,21,4,9,2.5,0.2777777777777778
5,22,0,11,27.78,2.5254545454545454
5,22,1,2,4.92,2.46
5,22,2,13,14.22,1.093846153846154
5,22,3,13,3.85,0.29615384615384616
5,22,4,8,1.98,0.2475
5,24,0,13,3.77,0.29
5,24,1,3,0.8,0.26666666666666666
5,24,2,15,3.38,0.22533333333333333
5,24,3,14,2.35,0.16785714285714287
5,24,4,4,0.26,0.065
5,27,0,15,35.12,2.341333333333333
5,27,1,17,35.59,2.093529411764706
5,27,2,19,36.73,1.933157894736842
5,27,3,15,24.95,1.6633333333333333
5,27,4,2,1.72,0.86
5,28,0,10,18.54,1.8539999999999999
5,28,1,19,15.92,0.8378947368421052
5,28,2,9,6.29,0.6988888888888889
5,28,3,1,0.69,0.69
5,28,4,4,1.79,0.4475
5,30,0,7,28.04,4.005714285714285
5,30,1,20,69.59,3.4795000000000003
5,30,2,6,18.04,3.0066666666666664
5,30,3,13,37.48,2.883076923076923
5,30,4,5,14.19,2.838
5,31,0,18,49.7,2.761111111111111
5,31,1,18,42.11,2.339444444444444
5,31,2,4,8.21,2.0525
5,31,3,17,25.46,1.4976470588235296
5,31,4,10,2.17,0.217
5,33,0,7,38.8,5.542857142857143
5,33,1,9,38.4,4.266666666666667
5,33,2,9,35.07,3.8966666666666665
5,33,3,1,2.19,2.19
5,33,4,7,7.58,1.082857142857143
5,34,0,11,31.93,2.902727272727273
5,34,1,20,54.13,2.7065
5,34,2,6,13.64,2.2733333333333334
5,34,3,13,15.36,1.1815384615384614
5,34,4,9,1.26,0.14
5,35,0,16,34.68,2.1675
5,35,1,6,12.79,2.1316666666666664
5,35,2,2,4.2,2.1
5,35,3,7,13.44,1.92
5,35,4,6,4.86,0.81
5,37,0,15,39.24,2.616
5,37,1,6,13.66,2.276666666666667
5,37,2,7,14.34,2.0485714285714285
5,37,3,19,28.06,1.4768421052631577
5,37,4,11,4.96,0.4509090909090909
5,38,0,3,26.08,8.693333333333333
5,38,1,9,72.98,8.10888888888889
5,38,2,15,62.5,4.166666666666667
5,38,3,16,51.58,3.22375
5,38,4,5,7.88,1.576
5,39,0,12,31.07,2.589166666666667
5,39,1,16,38.8,2.425
5,39,2,4,8.45,2.1125
5,39,3,20,35.81,1.7905000000000002
5,39,4,15,6.28,0.4186666666666667
5,43,0,6,16.1,2.6833333333333336
5,43,1,13,26.73,2.056153846153846
5,43,2,11,10.76,0.9781818181818182
5,43,3,16,13.2,0.825
5,43,4,20,3.8,0.19
5,46,0,7,11.82,1.6885714285714286
5,46,1,8,8.07,1.00875
5,46,2,9,7.74,0.86
5,46,3,15,11.78,0.7853333333333333
5,46,4,6,3.2,0.5333333333333333
5,47,0,2,1.52,0.76
5,47,1,2,1.12,0.56
5,47,2,11,3.22,0.2927272727272727
5,47,3,18,4.1,0.22777777777777775
5,47,4,19,1.8,0.09473684210526316
5,49,0,2,1.46,0.73
5,49,1,13,5.86,0.4507692307692308
5,49,2,15,6.0,0.4
5,49,3,12,3.42,0.285
5,49,4,2,0.33,0.165
5,50,0,14,130.77,9.340714285714286
5,50,1,6,41.35,6.891666666666667
5,50,2,15,77.7,5.180000000000001
5,50,3,5,8.15,1.6300000000000001
5,50,4,19,11.83,0.6226315789473684
5,51,0,20,32.64,1.6320000000000001
5,51,1,4,5.7,1.425
5,51,2,12,17.06,1.4216666666666666
5,51,3,6,1.94,0.3233333333333333
5,51,4,5,0.89,0.178
5,52,0,7,20.43,2.9185714285714286
5,52,1,9,17.16,1.9066666666666667
5,52,2,9,13.93,1.5477777777777777
5,52,3,1,1.35,1.35
5,52,4,18,4.14,0.22999999999999998
5,53,0,14,141.1,10.078571428571427
5,53,1,3,20.22,6.739999999999999
5,53,2,9,53.6,5.955555555555556
5,53,3,9,52.28,5.808888888888889
5,53,4,1,1.5,1.5
5,55,0,1,3.44,3.44
5,55,1,19,46.57,2.4510526315789476
5,55,2,13,18.75,1.4423076923076923
5,55,3,9,10.06,1.1177777777777778
5,55,4,15,11.99,0.7993333333333333
5,61,0,16,50.44,3.1525
5,61,1,14,43.94,3.1385714285714283
5,61,2,9,14.18,1.5755555555555556
5,61,3,19,9.63,0.506842105263158
5,61,4,19,9.51,0.5005263157894737
5,64,0,4,13.1,3.275
5,64,1,19,56.63,2.980526315789474
5,64,2,14,37.09,2.6492857142857145
5,64,3,6,13.86,2.31
5,64,4,17,36.9,2.1705882352941175
5,66,0,10,38.43,3.843
5,66,1,9,28.07,3.118888888888889
5,66,2,17,47.2,2.7764705882352945
5,66,3,16,38.59,2.411875
5,66,4,3,6.27,2.09
5,68,0,10,16.85,1.685
5,68,1,18,27.74,1.541111111111111
5,68,2,15,19.43,1.2953333333333332
5,68,3,17,20.41,1.2005882352941177
5,68,4,13,6.39,0.49153846153846154
5,70,0,18,45.24,2.5133333333333336
5,70,1,8,14.74,1.8425
5,70,2,20,28.45,1.4224999999999999
5,70,3,12,6.22,0.5183333333333333
5,70,4,11,3.21,0.2918181818181818
5,78,0,9,30.74,3.4155555555555552
5,78,1,14,43.33,3.0949999999999998
5,78,2,10,24.07,2.407
5,78,3,17,12.49,0.7347058823529412
5,78,4,20,8.17,0.4085
5,80,0,13,34.85,2.680769230769231
5,80,1,11,24.97,2.27
5,80,2,9,12.44,1.3822222222222222
5,80,3,13,9.84,0.7569230769230769
5,80,4,7,4.89,0.6985714285714285
5,81,0,9,97.63,10.847777777777777
5,81,1,4,29.71,7.4275
5,81,2,13,52.03,4.002307692307692
5,81,3,19,41.0,2.1578947368421053
5,81,4,1,2.06,2.06
5,87,0,12,31.45,2.620833333333333
5,87,1,3,3.98,1.3266666666666667
5,87,2,12,8.12,0.6766666666666666
5,87,3,5,2.0,0.4
5,87,4,17,5.81,0.3417647058823529
5,92,0,15,29.51,1.9673333333333334
5,92,1,17,30.59,1.7994117647058823
5,92,2,11,13.7,1.2454545454545454
5,92,3,16,10.06,0.62875
5,92,4,18,7.51,0.4172222222222222
5,96,0,5,9.78,1.956
5,96,1,10,11.27,1.127
5,96,2,6,3.58,0.5966666666666667
5,96,3,15,7.74,0.516
5,96,4,19,8.8,0.46315789473684216
5,97,0,18,34.32,1.9066666666666667
5,97,1,20,38.05,1.9024999999999999
5,97,2,5,6.21,1.242
5,97,3,1,0.8,0.8
5,97,4,14,5.46,0.39
5,99,0,17,46.53,2.737058823529412
5,99,1,14,35.58,2.5414285714285714
5,99,2,8,19.85,2.48125
5,99,3,6,7.59,1.265
5,99,4,4,0.86,0.215
7,2,0,5,16.51,3.3020000000000005
7,2,1,10,26.11,2.6109999999999998
7,2,2,7,15.8,2.257142857142857
7,2,3,11,4.97,0.4518181818181818
7,2,4,20,7.54,0.377
7,3,0,20,235.87,11.7935
7,3,1,9,94.42,10.491111111111111
7,3,2,11,44.95,4.086363636363637
7,3,3,3,7.5,2.5
7,3,4,6,6.14,1.0233333333333332
7,5,0,5,39.67,7.934
7,5,1,10,64.54,6.454000000000001
7,5,2,4,21.97,5.4925
7,5,3,9,46.51,5.167777777777777
7,5,4,10,10.06,1.006
7,8,0,1,9.83,9.83
7,8,1,15,118.62,7.908
7,8,2,9,69.3,7.699999999999999
7,8,3,1,6.44,6.44
7,8,4,12,14.48,1.2066666666666668
7,11,0,18,183.09,10.171666666666667
7,11,1,2,17.48,8.74
7,11,2,15,92.48,6.165333333333334
7,11,3,3,17.74,5.913333333333333
7,11,4,18,98.0,5.444444444444445
7,13,0,2,13.97,6.985
7,13,1,20,98.82,4.941
7,13,2,16,72.77,4.548125
7,13,3,19,77.57,4.082631578947368
7,13,4,19,49.51,2.60578947368421
7,15,0,4,38.88,9.72
7,15,1,14,132.8,9.485714285714286
7,15,2,2,6.62,3.31
7,15,3,14,45.01,3.215
7,15,4,14,38.18,2.7271428571428573
7,17,0,6,54.03,9.005
7,17,1,3,22.98,7.66
7,17,2,8,49.27,6.15875
7,17,3,19,92.17,4.8510526315789475
7,17,4,5,22.13,4.426
7,19,0,6,43.36,7.226666666666667
7,19,1,8,44.41,5.55125
7,19,2,4,9.92,2.48
7,19,3,6,11.43,1.905
7,19,4,9,13.75,1.5277777777777777
7,21,0,15,122.8,8.186666666666666
7,21,1,3,22.59,7.53
7,21,2,19,130.61,6.87421052631579
7,21,3,3,12.77,4.256666666666667
7,21,4,9,20.94,2.3266666666666667
7,22,0,13,130.03,10.002307692307692
7,22,1,17,151.91,8.935882352941176
7,22,2,17,87.65,5.155882352941177
7,22,3,15,73.29,4.886
7,22,4,7,7.71,1.1014285714285714
7,24,0,12,126.41,10.534166666666666
7,24,1,9,31.44,3.4933333333333336
7,24,2,16,43.42,2.71375
7,24,3,18,43.48,2.4155555555555552
7,24,4,9,21.44,2.3822222222222225
7,27,0,5,31.86,6.372
7,27,1,16,36.22,2.26375
7,27,2,9,15.46,1.7177777777777778
7,27,3,16,25.92,1.62
7,27,4,16,6.5,0.40625
7,28,0,5,29.47,5.894
7,28,1,8,42.22,5.2775
7,28,2,13,67.58,5.1984615384615385
7,28,3,12,56.47,4.7058333333333335
7,28,4,17,15.28,0.8988235294117647
7,30,0,5,35.47,7.093999999999999
7,30,1,1,5.2,5.2
7,30,2,10,18.67,1.8670000000000002
7,30,3,3,4.73,1.5766666666666669
7,30,4,7,9.91,1.4157142857142857
7,31,0,5,47.86,9.572
7,31,1,19,76.33,4.017368421052631
7,31,2,17,40.5,2.3823529411764706
7,31,3,10,15.84,1.584
7,31,4,6,8.94,1.49
7,33,0,7,23.89,3.412857142857143
7,33,1,14,44.43,3.1735714285714285
7,33,2,1,1.38,1.38
7,33,3,6,7.64,1.2733333333333332
7,33,4,13,16.44,1.2646153846153847
7,34,0,11,86.62,7.874545454545455
7,34,1,9,56.24,6.248888888888889
7,34,2,9,40.18,4.464444444444444
7,34,3,4,11.39,2.8475
7,34,4,9,21.76,2.417777777777778
7,35,0,1,7.3,7.3
7,35,1,8,51.34,6.4175
7,35,2,15,85.24,5.682666666666666
7,35,3,17,91.59,5.3876470588235295
7,35,4,12,55.92,4.66
7,37,0,10,88.26,8.826
7,37,1,20,154.91,7.7455
7,37,2,13,90.34,6.94923076923077
7,37,3,14,66.27,4.7335714285714285
7,37,4,3,12.87,4.29
7,38,0,11,4.72,0.4290909090909091
7,38,1,1,0.39,0.39
7,38,2,20,6.22,0.311
7,38,3,16,4.42,0.27625
7,38,4,5,0.14,0.028000000000000004
7,39,0,7,52.81,7.5442857142857145
7,39,1,16,83.93,5.245625
7,39,2,8,23.64,2.955
7,39,3,12,25.88,2.1566666666666667
7,39,4,13,13.67,1.0515384615384615
7,43,0,9,70.47,7.83
7,43,1,18,62.16,3.453333333333333
7,43,2,16,44.26,2.76625
7,43,3,1,1.77,1.77
7,43,4,9,14.75,1.6388888888888888
7,46,0,10,38.23,3.8229999999999995
7,46,1,5,16.57,3.314
7,46,2,5,10.07,2.0140000000000002
7,46,3,17,18.54,1.0905882352941176
7,46,4,14,14.0,1.0
7,47,0,19,181.28,9.541052631578948
7,47,1,6,46.37,7.728333333333333
7,47,2,1,6.35,6.35
7,47,3,19,66.02,3.474736842105263
7,47,4,14,38.5,2.75
7,49,0,8,74.28,9.285
7,49,1,6,50.69,8.448333333333332
7,49,2,20,137.5,6.875
7,49,3,16,85.21,5.325625
7,49,4,9,26.54,2.948888888888889
7,50,0,20,21.53,1.0765
7,50,1,17,17.46,1.0270588235294118
7,50,2,2,1.77,0.885
7,50,3,11,3.29,0.2990909090909091
7,50,4,19,4.35,0.22894736842105262
7,51,0,14,127.89,9.135
7,51,1,14,117.08,8.362857142857143
7,51,2,18,115.78,6.432222222222222
7,51,3,16,70.68,4.4175
7,51,4,17,31.18,1.8341176470588234
7,52,0,17,41.85,2.461764705882353
7,52,1,13,25.1,1.9307692307692308
7,52,2,6,11.32,1.8866666666666667
7,52,3,15,19.07,1.2713333333333334
7,52,4,11,13.71,1.2463636363636363
7,53,0,9,4.96,0.5511111111111111
7,53,1,11,4.89,0.4445454545454545
7,53,2,9,3.91,0.43444444444444447
7,53,3,2,0.45,0.225
7,53,4,1,0.05,0.05
7,55,0,14,114.91,8.207857142857142
7,55,1,6,48.8,8.133333333333333
7,55,2,6,45.15,7.5249999999999995
7,55,3,16,119.98,7.49875
7,55,4,19,126.6,6.663157894736842
7,61,0,9,67.48,7.497777777777778
7,61,1,12,75.55,6.295833333333333
7,61,2,20,109.85,5.4925
7,61,3,16,67.54,4.22125
7,61,4,17,70.9,4.170588235294118
7,64,0,19,226.33,11.912105263157896
7,64,1,14,138.76,9.911428571428571
7,64,2,13,102.48,7.883076923076923
7,64,3,15,34.93,2.3286666666666664
7,64,4,6,10.07,1.6783333333333335
7,66,0,15,81.27,5.418
7,66,1,17,89.0,5.235294117647059
7,66,2,7,32.47,4.638571428571429
7,66,3,12,39.47,3.2891666666666666
7,66,4,12,6.32,0.5266666666666667
7,68,0,1,9.85,9.85
7,68,1,20,190.94,9.547
7,68,2,13,80.19,6.168461538461538
7,68,3,20,39.59,1.9795000000000003
7,68,4,17,32.99,1.9405882352941177
7,70,0,16,126.11,7.881875
7,70,1,4,29.02,7.255
7,70,2,17,66.76,3.927058823529412
7,70,3,17,65.79,3.8700000000000006
7,70,4,11,42.3,3.8454545454545452
7,78,0,1,7.03,7.03
7,78,1,18,71.25,3.9583333333333335
7,78,2,8,23.58,2.9475
7,78,3,7,9.7,1.3857142857142857
7,78,4,7,9.21,1.3157142857142858
7,80,0,10,77.07,7.706999999999999
7,80,1,19,139.5,7.342105263157895
7,80,2,17,109.63,6.448823529411764
7,80,3,3,7.95,2.65
7,80,4,20,14.69,0.7344999999999999
7,81,0,2,1.2,0.6
7,81,1,8,4.02,0.5025
7,81,2,7,3.48,0.49714285714285716
7,81,3,8,3.57,0.44625
7,81,4,2,0.47,0.235
7,87,0,11,55.65,5.059090909090909
7,87,1,2,7.42,3.71
7,87,2,20,53.99,2.6995
7,87,3,15,31.82,2.1213333333333333
7,87,4,19,27.3,1.436842105263158
7,92,0,7,56.18,8.025714285714285
7,92,1,12,76.05,6.3374999999999995
7,92,2,6,30.09,5.015
7,92,3,17,34.71,2.041764705882353
7,92,4,11,12.18,1.1072727272727272
7,96,0,10,108.51,10.851
7,96,1,20,187.35,9.3675
7,96,2,5,42.1,8.42
7,96,3,3,2.78,0.9266666666666666
7,96,4,8,5.86,0.7325
7,97,0,7,78.17,11.167142857142858
7,97,1,14,133.09,9.506428571428572
7,97,2,6,46.41,7.734999999999999
7,97,3,18,130.18,7.232222222222223
7,97,4,5,30.38,6.076
7,99,0,13,119.31,9.177692307692308
7,99,1,11,98.97,8.997272727272728
7,99,2,2,14.48,7.24
7,99,3,1,5.79,5.79
7,99,4,11,32.95,2.9954545454545456
8,2,0,7,56.42,8.06
8,2,1,2,8.35,4.175
8,2,2,13,33.58,2.583076923076923
8,2,3,7,12.93,1.8471428571428572
8,2,4,20,9.09,0.4545
8,3,0,16,6.33,0.395625
8,3,1,14,3.39,0.24214285714285716
8,3,2,10,1.35,0.135
8,3,3,5,0.49,0.098
8,3,4,17,0.95,0.055882352941176466
8,5,0,13,16.75,1.2884615384615385
8,5,1,20,24.04,1.202
8,5,2,17,19.42,1.1423529411764708
8,5,3,17,11.55,0.6794117647058824
8,5,4,15,6.56,0.4373333333333333
8,7,0,12,134.93,11.244166666666667
8,7,1,3,29.68,9.893333333333333
8,7,2,6,55.07,9.178333333333333
8,7,3,17,31.84,1.8729411764705883
8,7,4,9,12.11,1.3455555555555554
8,11,0,12,12.18,1.015
8,11,1,9,8.85,0.9833333333333333
8,11,2,10,6.85,0.6849999999999999
8,11,3,9,5.72,0.6355555555555555
8,11,4,11,6.28,0.5709090909090909
8,13,0,3,3.83,1.2766666666666666
8,13,1,5,5.53,1.106
8,13,2,7,7.68,1.0971428571428572
8,13,3,1,1.09,1.09
8,13,4,14,7.19,0.5135714285714286
8,15,0,5,6.02,1.204
8,15,1,6,5.12,0.8533333333333334
8,15,2,5,3.12,0.624
8,15,3,3,1.32,0.44
8,15,4,13,1.72,0.1323076923076923
8,17,0,19,24.21,1.2742105263157895
8,17,1,3,2.85,0.9500000000000001
8,17,2,1,0.54,0.54
8,17,3,17,9.08,0.5341176470588236
8,17,4,5,1.96,0.392
8,19,0,4,10.15,2.5375
8,19,1,9,20.36,2.2622222222222224
8,19,2,20,27.31,1.3655
8,19,3,2,1.03,0.515
8,19,4,11,3.28,0.29818181818181816
8,21,0,19,37.51,1.9742105263157894
8,21,1,3,4.74,1.58
8,21,2,16,9.97,0.623125
8,21,3,18,11.21,0.6227777777777779
8,21,4,6,2.76,0.45999999999999996
8,22,0,13,10.23,0.786923076923077
8,22,1,20,13.2,0.6599999999999999
8,22,2,19,11.47,0.6036842105263158
8,22,3,19,7.42,0.39052631578947367
8,22,4,2,0.67,0.335
8,24,0,12,26.27,2.1891666666666665
8,24,1,16,19.8,1.2375
8,24,2,6,7.31,1.2183333333333333
8,24,3,5,3.22,0.644
8,24,4,5,2.26,0.45199999999999996
8,27,0,3,15.28,5.093333333333333
8,27,1,10,47.62,4.762
8,27,2,1,4.71,4.71
8,27,3,5,15.64,3.128
8,27,4,10,10.36,1.036
8,28,0,6,11.42,1.9033333333333333
8,28,1,20,38.02,1.9010000000000002
8,28,2,6,7.07,1.1783333333333335
8,28,3,2,1.88,0.94
8,28,4,15,10.65,0.7100000000000001
8,30,0,3,8.42,2.8066666666666666
8,30,1,5,13.3,2.66
8,30,2,11,17.05,1.55
8,30,3,17,20.29,1.1935294117647057
8,30,4,11,3.01,0.2736363636363636
8,31,0,19,36.34,1.9126315789473687
8,31,1,12,18.4,1.5333333333333332
8,31,2,1,1.13,1.13
8,31,3,11,12.42,1.1290909090909091
8,31,4,11,8.02,0.729090909090909
8,33,0,11,93.65,8.513636363636364
8,33,1,6,33.9,5.6499999999999995
8,33,2,3,14.92,4.973333333333334
8,33,3,14,64.17,4.583571428571429
8,33,4,6,5.0,0.8333333333333334
8,34,0,12,9.38,0.7816666666666667
8,34,1,17,6.48,0.38117647058823534
8,34,2,10,2.55,0.255
8,34,3,14,2.55,0.18214285714285713
8,34,4,14,0.9,0.0642857142857143
8,35,0,11,25.31,2.300909090909091
8,35,1,8,18.35,2.29375
8,35,2,5,9.91,1.982
8,35,3,1,0.89,0.89
8,35,4,20,6.69,0.3345
8,37,0,7,13.4,1.9142857142857144
8,37,1,6,9.54,1.5899999999999999
8,37,2,8,5.87,0.73375
8,37,3,2,0.88,0.44
8,37,4,3,0.64,0.21333333333333335
8,38,0,16,145.03,9.064375
8,38,1,7,46.77,6.6814285714285715
8,38,2,18,117.49,6.527222222222222
8,38,3,14,71.9,5.135714285714286
8,38,4,2,4.95,2.475
8,39,0,10,23.3,2.33
8,39,1,2,4.39,2.195
8,39,2,15,19.14,1.276
8,39,3,18,15.35,0.8527777777777777
8,39,4,11,3.94,0.35818181818181816
8,43,0,7,6.65,0.9500000000000001
8,43,1,9,6.32,0.7022222222222223
8,43,2,12,4.53,0.3775
8,43,3,19,7.1,0.3736842105263158
8,43,4,15,1.12,0.07466666666666667
8,46,0,13,50.9,3.9153846153846152
8,46,1,20,48.79,2.4395
8,46,2,11,17.85,1.6227272727272728
8,46,3,6,3.81,0.635
8,46,4,15,9.04,0.6026666666666666
8,47,0,10,21.27,2.127
8,47,1,15,29.59,1.9726666666666666
8,47,2,20,38.87,1.9434999999999998
8,47,3,11,18.69,1.6990909090909092
8,47,4,16,26.8,1.675
8,49,0,19,23.23,1.2226315789473685
8,49,1,1,1.08,1.08
8,49,2,10,9.01,0.901
8,49,3,13,11.15,0.8576923076923078
8,49,4,11,2.26,0.20545454545454545
8,50,0,18,178.55,9.919444444444444
8,50,1,2,17.51,8.755
8,50,2,10,57.19,5.718999999999999
8,50,3,13,64.75,4.980769230769231
8,50,4,10,40.45,4.045
8,51,0,13,23.98,1.8446153846153845
8,51,1,12,14.47,1.2058333333333333
8,51,2,4,2.03,0.5075
8,51,3,3,0.98,0.32666666666666666
8,51,4,9,1.94,0.21555555555555556
8,52,0,19,80.02,4.21157894736842
8,52,1,2,4.74,2.37
8,52,2,7,10.67,1.5242857142857142
8,52,3,8,9.17,1.14625
8,52,4,8,7.85,0.98125
8,53,0,19,212.7,11.194736842105263
8,53,1,3,31.46,10.486666666666666
8,53,2,18,147.48,8.193333333333333
8,53,3,8,57.93,7.24125
8,53,4,5,22.93,4.586
8,55,0,5,13.89,2.778
8,55,1,3,8.07,2.69
8,55,2,15,32.11,2.1406666666666667
8,55,3,13,24.62,1.893846153846154
8,55,4,10,4.49,0.449
8,61,0,17,47.29,2.781764705882353
8,61,1,16,39.84,2.49
8,61,2,14,27.28,1.9485714285714286
8,61,3,13,16.96,1.3046153846153847
8,61,4,20,6.78,0.339
8,64,0,2,1.47,0.735
8,64,1,11,7.12,0.6472727272727273
8,64,2,15,9.48,0.632
8,64,3,10,5.66,0.5660000000000001
8,64,4,16,5.75,0.359375
8,66,0,19,109.06,5.74
8,66,1,10,55.43,5.543
8,66,2,1,4.21,4.21
8,66,3,18,63.62,3.5344444444444445
8,66,4,19,9.32,0.4905263157894737
8,68,0,5,18.71,3.742
8,68,1,2,7.1,3.55
8,68,2,5,14.37,2.8739999999999997
8,68,3,12,27.57,2.2975
8,68,4,11,9.11,0.8281818181818181
8,70,0,2,0.69,0.345
8,70,1,14,4.26,0.30428571428571427
8,70,2,3,0.88,0.29333333333333333
8,70,3,13,2.86,0.22
8,70,4,18,0.83,0.04611111111111111
8,78,0,7,14.33,2.047142857142857
8,78,1,2,2.98,1.49
8,78,2,15,17.66,1.1773333333333333
8,78,3,4,1.42,0.355
8,78,4,2,0.44,0.22
8,80,0,4,14.43,3.6075
8,80,1,5,13.25,2.65
8,80,2,1,2.1,2.1
8,80,3,16,23.32,1.4575
8,80,4,3,2.15,0.7166666666666667
8,81,0,17,192.94,11.349411764705883
8,81,1,20,180.79,9.0395
8,81,2,8,47.97,5.99625
8,81,3,10,11.73,1.173
8,81,4,17,16.4,0.9647058823529411
8,87,0,6,23.52,3.92
8,87,1,13,34.1,2.623076923076923
8,87,2,2,4.33,2.165
8,87,3,18,29.02,1.6122222222222222
8,87,4,1,1.33,1.33
8,92,0,1,1.72,1.72
8,92,1,11,4.67,0.42454545454545456
8,92,2,17,6.03,0.3547058823529412
8,92,3,10,3.46,0.346
8,92,4,19,2.57,0.13526315789473684
8,96,0,15,2.4,0.16
8,96,1,4,0.57,0.1425
8,96,2,2,0.22,0.11
8,96,3,20,2.06,0.10300000000000001
8,96,4,3,0.11,0.03666666666666667
8,97,0,10,31.61,3.161
8,97,1,6,16.24,2.7066666666666666
8,97,2,20,32.56,1.6280000000000001
8,97,3,4,2.62,0.655
8,97,4,20,10.31,0.5155000000000001
8,99,0,18,18.86,1.0477777777777777
8,99,1,11,11.47,1.0427272727272727
8,99,2,4,4.07,1.0175
8,99,3,13,10.95,0.8423076923076922
8,99,4,3,2.05,0.6833333333333332
11,2,0,8,54.25,6.78125
11,2,1,1,6.72,6.72
11,2,2,13,79.65,6.126923076923077
11,2,3,13,67.17,5.166923076923077
11,2,4,12,43.39,3.6158333333333332
11,3,0,19,10.71,0.5636842105263158
11,3,1,12,6.4,0.5333333333333333
11,3,2,8,3.38,0.4225
11,3,3,6,1.61,0.26833333333333337
11,3,4,10,0.94,0.094
11,5,0,8,24.71,3.08875
11,5,1,3,7.58,2.526666666666667
11,5,2,1,2.04,2.04
11,5,3,18,33.24,1.8466666666666667
11,5,4,5,3.79,0.758
11,7,0,10,105.04,10.504000000000001
11,7,1,8,56.94,7.1175
11,7,2,14,65.68,4.691428571428572
11,7,3,2,7.85,3.925
11,7,4,18,49.94,2.7744444444444443
11,8,0,9,7.07,0.7855555555555556
11,8,1,15,6.34,0.42266666666666663
11,8,2,16,6.62,0.41375
11,8,3,14,2.22,0.15857142857142859
11,8,4,4,0.18,0.045
11,13,0,13,14.33,1.1023076923076922
11,13,1,15,16.35,1.09
11,13,2,18,15.69,0.8716666666666666
11,13,3,11,8.93,0.8118181818181818
11,13,4,2,1.25,0.625
11,15,0,9,5.32,0.5911111111111111
11,15,1,4,2.2,0.55
11,15,2,2,1.03,0.515
11,15,3,7,2.38,0.33999999999999997
11,15,4,10,1.4,0.13999999999999999
11,17,0,12,22.19,1.8491666666666668
11,17,1,18,24.63,1.3683333333333332
11,17,2,17,22.54,1.3258823529411765
11,17,3,8,9.64,1.205
11,17,4,4,0.51,0.1275
11,19,0,6,20.24,3.373333333333333
11,19,1,17,53.79,3.1641176470588235
11,19,2,2,5.1,2.55
11,19,3,4,9.31,2.3275
11,19,4,2,4.59,2.295
11,21,0,14,25.26,1.8042857142857145
11,21,1,3,3.44,1.1466666666666667
11,21,2,20,22.91,1.1455
11,21,3,4,4.01,1.0025
11,21,4,9,1.09,0.12111111111111111
11,22,0,18,11.57,0.6427777777777778
11,22,1,11,5.01,0.45545454545454545
11,22,2,3,0.83,0.27666666666666667
11,22,3,3,0.73,0.24333333333333332
11,22,4,7,1.56,0.22285714285714286
11,24,0,5,14.69,2.9379999999999997
11,24,1,7,18.54,2.6485714285714286
11,24,2,5,13.13,2.6260000000000003
11,24,3,12,24.67,2.0558333333333336
11,24,4,8,10.57,1.32125
11,27,0,11,67.57,6.142727272727272
11,27,1,20,105.67,5.2835
11,27,2,2,3.89,1.945
11,27,3,18,32.89,1.8272222222222223
11,27,4,4,2.54,0.635
11,28,0,6,13.1,2.183333333333333
11,28,1,17,31.85,1.8735294117647059
11,28,2,6,10.75,1.7916666666666667
11,28,3,18,17.02,0.9455555555555555
11,28,4,11,1.68,0.1527272727272727
11,30,0,6,27.02,4.503333333333333
11,30,1,10,41.98,4.1979999999999995
11,30,2,1,3.26,3.26
11,30,3,2,1.59,0.795
11,30,4,1,0.3,0.3
11,31,0,5,7.21,1.442
11,31,1,15,20.61,1.3739999999999999
11,31,2,11,13.29,1.208181818181818
11,31,3,11,8.12,0.7381818181818182
11,31,4,20,14.53,0.7264999999999999
11,33,0,14,113.27,8.090714285714286
11,33,1,3,17.36,5.786666666666666
11,33,2,10,48.96,4.896
11,33,3,12,53.92,4.493333333333333
11,33,4,5,21.97,4.394
11,34,0,19,10.73,0.5647368421052632
11,34,1,8,2.9,0.3625
11,34,2,17,3.94,0.23176470588235293
11,34,3,11,1.05,0.09545454545454546
11,34,4,2,0.19,0.095
11,35,0,11,36.66,3.3327272727272725
11,35,1,12,37.67,3.1391666666666667
11,35,2,13,32.69,2.5146153846153845
11,35,3,5,9.06,1.812
11,35,4,4,6.75,1.6875
11,37,0,8,13.71,1.71375
11,37,1,8,8.82,1.1025
11,37,2,19,13.4,0.7052631578947368
11,37,3,4,2.43,0.6075
11,37,4,8,2.63,0.32875
11,38,0,4,40.68,10.17
11,38,1,13,105.31,8.100769230769231
11,38,2,7,45.93,6.561428571428571
11,38,3,18,105.28,5.848888888888889
11,38,4,7,10.57,1.51
11,39,0,14,24.42,1.7442857142857144
11,39,1,5,8.31,1.6620000000000001
11,39,2,7,8.14,1.162857142857143
11,39,3,17,18.23,1.0723529411764705
11,39,4,17,2.59,0.15235294117647058
11,43,0,4,2.93,0.7325
11,43,1,5,2.49,0.49800000000000005
11,43,2,12,5.09,0.42416666666666664
11,43,3,12,4.69,0.39083333333333337
11,43,4,15,5.86,0.39066666666666666
11,46,0,13,53.6,4.1230769230769235
11,46,1,1,3.68,3.68
11,46,2,5,4.22,0.844
11,46,3,10,5.08,0.508
11,46,4,9,3.92,0.43555555555555553
11,47,0,12,51.84,4.32
11,47,1,8,31.61,3.95125
11,47,2,3,5.29,1.7633333333333334
11,47,3,18,17.25,0.9583333333333334
11,47,4,11,8.53,0.7754545454545454
11,49,0,17,23.26,1.3682352941176472
11,49,1,17,14.51,0.8535294117647059
11,49,2,17,11.8,0.6941176470588236
11,49,3,17,7.6,0.44705882352941173
11,49,4,13,2.46,0.18923076923076923
11,50,0,15,149.34,9.956
11,50,1,1,9.41,9.41
11,50,2,5,41.91,8.382
11,50,3,4,9.38,2.345
11,50,4,20,8.59,0.4295
11,51,0,16,25.95,1.621875
11,51,1,13,17.18,1.3215384615384616
11,51,2,18,22.96,1.2755555555555556
11,51,3,11,9.48,0.8618181818181818
11,51,4,14,4.72,0.33714285714285713
11,52,0,11,52.86,4.805454545454546
11,52,1,18,84.54,4.696666666666667
11,52,2,16,59.27,3.704375
11,52,3,16,55.0,3.4375
11,52,4,4,10.32,2.58
11,53,0,5,58.44,11.687999999999999
11,53,1,5,55.06,11.012
11,53,2,1,7.99,7.99
11,53,3,12,86.46,7.204999999999999
11,53,4,9,53.0,5.888888888888889
11,55,0,8,18.53,2.31625
11,55,1,13,19.22,1.4784615384615383
11,55,2,1,1.25,1.25
11,55,3,2,2.49,1.245
11,55,4,18,14.35,0.7972222222222222
11,61,0,10,33.15,3.315
11,61,1,15,49.14,3.2760000000000002
11,61,2,20,58.09,2.9045
11,61,3,7,9.96,1.422857142857143
11,61,4,3,2.05,0.6833333333333332
11,64,0,6,3.34,0.5566666666666666
11,64,1,15,5.12,0.3413333333333333
11,64,2,8,1.81,0.22625
11,64,3,1,0.19,0.19
11,64,4,20,1.47,0.0735
11,66,0,20,110.19,5.5095
11,66,1,9,47.37,5.263333333333333
11,66,2,11,41.68,3.789090909090909
11,66,3,13,34.4,2.646153846153846
11,66,4,9,23.67,2.6300000000000003
11,68,0,14,57.38,4.098571428571429
11,68,1,11,36.02,3.274545454545455
11,68,2,9,28.65,3.183333333333333
11,68,3,15,11.69,0.7793333333333333
11,68,4,9,2.05,0.22777777777777775
11,70,0,11,8.79,0.799090909090909
11,70,1,9,5.03,0.5588888888888889
11,70,2,17,6.59,0.3876470588235294
11,70,3,11,2.62,0.2381818181818182
11,70,4,8,0.69,0.08625
11,78,0,13,38.57,2.9669230769230768
11,78,1,20,56.01,2.8005
11,78,2,10,22.39,2.239
11,78,3,13,20.99,1.6146153846153846
11,78,4,15,13.18,0.8786666666666666
11,80,0,10,31.3,3.13
11,80,1,1,2.98,2.98
11,80,2,8,19.4,2.425
11,80,3,3,7.03,2.3433333333333333
11,80,4,7,14.02,2.0028571428571427
11,81,0,18,213.24,11.846666666666668
11,81,1,17,199.63,11.742941176470588
11,81,2,5,46.29,9.258
11,81,3,4,36.41,9.1025
11,81,4,19,115.58,6.083157894736842
11,87,0,5,21.47,4.294
11,87,1,13,43.96,3.3815384615384616
11,87,2,2,3.75,1.875
11,87,3,2,1.67,0.835
11,87,4,13,5.65,0.4346153846153846
11,92,0,16,28.13,1.758125
11,92,1,14,17.99,1.285
11,92,2,4,3.58,0.895
11,92,3,10,5.94,0.5940000000000001
11,92,4,10,4.31,0.43099999999999994
11,96,0,7,5.33,0.7614285714285715
11,96,1,11,6.86,0.6236363636363637
11,96,2,10,5.32,0.532
11,96,3,14,4.52,0.32285714285714284
11,96,4,13,0.63,0.04846153846153846
11,97,0,9,36.79,4.087777777777777
11,97,1,6,12.54,2.09
11,97,2,13,13.85,1.0653846153846154
11,97,3,7,5.96,0.8514285714285714
11,97,4,17,4.42,0.26
11,99,0,4,4.86,1.215
11,99,1,5,4.68,0.9359999999999999
11,99,2,17,12.04,0.708235294117647
11,99,3,19,13.12,0.6905263157894737
11,99,4,20,7.76,0.388
13,2,0,9,79.32,8.813333333333333
13,2,1,3,20.72,6.906666666666666
13,2,2,9,44.52,4.946666666666667
13,2,3,2,4.28,2.14
13,2,4,5,8.03,1.6059999999999999
13,3,0,11,7.83,0.7118181818181818
13,3,1,17,12.08,0.7105882352941176
13,3,2,10,5.07,0.507
13,3,3,10,1.65,0.16499999999999998
13,3,4,14,1.27,0.09071428571428572
13,5,0,9,27.22,3.0244444444444443
13,5,1,2,5.44,2.72
13,5,2,8,20.6,2.575
13,5,3,3,3.19,1.0633333333333332
13,5,4,9,8.12,0.9022222222222221
13,7,0,10,117.01,11.701
13,7,1,16,143.17,8.948125
13,7,2,19,158.4,8.336842105263159
13,7,3,8,63.5,7.9375
13,7,4,13,83.29,6.406923076923078
13,8,0,16,27.08,1.6925
13,8,1,15,16.09,1.0726666666666667
13,8,2,13,10.93,0.8407692307692307
13,8,3,19,9.68,0.5094736842105263
13,8,4,8,1.64,0.205
13,11,0,15,16.37,1.0913333333333335
13,11,1,2,2.12,1.06
13,11,2,14,7.45,0.5321428571428571
13,11,3,4,0.96,0.24
13,11,4,17,2.83,0.16647058823529412
13,15,0,17,23.97,1.41
13,15,1,18,14.68,0.8155555555555556
13,15,2,5,2.86,0.572
13,15,3,12,3.88,0.3233333333333333
13,15,4,7,1.86,0.26571428571428574
13,17,0,20,58.27,2.9135
13,17,1,16,34.97,2.185625
13,17,2,16,32.71,2.044375
13,17,3,19,12.24,0.6442105263157895
13,17,4,2,0.27,0.135
13,19,0,16,69.26,4.32875
13,19,1,4,16.54,4.135
13,19,2,10,31.93,3.193
13,19,3,16,31.7,1.98125
13,19,4,9,15.04,1.671111111111111
13,21,0,14,48.51,3.465
13,21,1,17,54.0,3.176470588235294
13,21,2,16,42.3,2.64375
13,21,3,5,6.67,1.334
13,21,4,15,13.28,0.8853333333333333
13,22,0,17,31.99,1.8817647058823528
13,22,1,2,3.1,1.55
13,22,2,9,12.99,1.4433333333333334
13,22,3,1,1.3,1.3
13,22,4,9,7.48,0.8311111111111111
13,24,0,18,63.68,3.537777777777778
13,24,1,18,60.58,3.3655555555555554
13,24,2,5,10.3,2.06
13,24,3,1,1.14,1.14
13,24,4,11,10.55,0.9590909090909091
13,27,0,10,54.6,5.46
13,27,1,8,41.84,5.23
13,27,2,7,36.42,5.202857142857143
13,27,3,19,63.32,3.3326315789473684
13,27,4,2,3.61,1.805
13,28,0,19,65.56,3.4505263157894737
13,28,1,5,14.97,2.994
13,28,2,19,49.82,2.622105263157895
13,28,3,2,4.75,2.375
13,28,4,10,9.56,0.9560000000000001
13,30,0,17,97.94,5.761176470588235
13,30,1,18,103.7,5.761111111111111
13,30,2,12,46.55,3.8791666666666664
13,30,3,3,10.56,3.52
13,30,4,8,22.32,2.79
13,31,0,9,24.96,2.7733333333333334
13,31,1,14,26.95,1.925
13,31,2,1,1.75,1.75
13,31,3,3,4.93,1.6433333333333333
13,31,4,9,11.9,1.3222222222222222
13,33,0,19,182.52,9.606315789473685
13,33,1,4,34.83,8.7075
13,33,2,18,99.31,5.517222222222222
13,33,3,13,68.05,5.234615384615385
13,33,4,3,3.13,1.0433333333333332
13,34,0,15,25.84,1.7226666666666666
13,34,1,20,30.65,1.5325
13,34,2,10,8.52,0.852
13,34,3,4,1.14,0.285
13,34,4,6,1.12,0.18666666666666668
13,35,0,19,42.27,2.2247368421052633
13,35,1,4,6.02,1.505
13,35,2,11,9.93,0.9027272727272727
13,35,3,18,14.02,0.7788888888888889
13,35,4,9,2.59,0.28777777777777774
13,37,0,6,13.07,2.1783333333333332
13,37,1,12,25.31,2.1091666666666664
13,37,2,14,28.68,2.0485714285714285
13,37,3,1,0.85,0.85
13,37,4,1,0.78,0.78
13,38,0,20,229.12,11.456
13,38,1,4,39.41,9.8525
13,38,2,16,135.74,8.48375
13,38,3,12,80.87,6.739166666666667
13,38,4,9,60.25,6.694444444444445
13,39,0,17,48.44,2.849411764705882
13,39,1,8,20.96,2.62
13,39,2,20,41.68,2.084
13,39,3,11,11.64,1.0581818181818183
13,39,4,8,7.82,0.9775
13,43,0,18,7.43,0.41277777777777774
13,43,1,6,2.41,0.40166666666666667
13,43,2,3,0.78,0.26
13,43,3,8,1.46,0.1825
13,43,4,19,2.97,0.1563157894736842
13,46,0,19,111.14,5.849473684210526
13,46,1,17,68.33,4.0194117647058825
13,46,2,2,6.75,3.375
13,46,3,6,10.61,1.7683333333333333
13,46,4,9,5.24,0.5822222222222222
13,47,0,6,25.39,4.2316666666666665
13,47,1,9,36.3,4.033333333333333
13,47,2,20,78.12,3.906
13,47,3,10,18.65,1.8649999999999998
13,47,4,18,25.05,1.3916666666666666
13,49,0,20,65.46,3.2729999999999997
13,49,1,9,27.34,3.037777777777778
13,49,2,16,46.49,2.905625
13,49,3,14,12.73,0.9092857142857144
13,49,4,7,5.83,0.8328571428571429
13,50,0,10,115.89,11.589
13,50,1,16,123.81,7.738125
13,50,2,14,65.25,4.660714285714286
13,50,3,6,23.76,3.9600000000000004
13,50,4,5,17.58,3.5159999999999996
13,51,0,8,29.3,3.6625
13,51,1,8,26.13,3.26625
13,51,2,3,3.03,1.01
13,51,3,11,9.69,0.8809090909090909
13,51,4,16,2.81,0.175625
13,52,0,3,17.32,5.773333333333333
13,52,1,9,27.01,3.0011111111111113
13,52,2,3,5.49,1.83
13,52,3,19,27.94,1.4705263157894737
13,52,4,11,9.9,0.9
13,53,0,19,194.83,10.25421052631579
13,53,1,13,69.72,5.363076923076923
13,53,2,12,30.21,2.5175
13,53,3,20,34.22,1.7109999999999999
13,53,4,17,14.18,0.8341176470588235
13,55,0,2,8.57,4.285
13,55,1,13,50.33,3.8715384615384614
13,55,2,17,44.55,2.6205882352941177
13,55,3,20,28.81,1.4405
13,55,4,13,16.47,1.2669230769230768
13,61,0,3,14.54,4.846666666666667
13,61,1,4,17.32,4.33
13,61,2,19,75.78,3.988421052631579
13,61,3,11,41.22,3.747272727272727
13,61,4,16,6.48,0.405
13,64,0,5,4.06,0.8119999999999999
13,64,1,6,4.2,0.7000000000000001
13,64,2,17,5.63,0.3311764705882353
13,64,3,1,0.3,0.3
13,64,4,15,3.08,0.20533333333333334
13,66,0,18,74.05,4.113888888888889
13,66,1,8,27.77,3.47125
13,66,2,4,7.86,1.965
13,66,3,8,12.59,1.57375
13,66,4,20,9.13,0.4565
13,68,0,5,25.71,5.142
13,68,1,2,6.28,3.14
13,68,2,14,42.1,3.007142857142857
13,68,3,2,5.35,2.675
13,68,4,18,36.2,2.011111111111111
13,70,0,13,16.54,1.2723076923076921
13,70,1,4,4.1,1.025
13,70,2,8,8.13,1.01625
13,70,3,6,5.05,0.8416666666666667
13,70,4,9,6.25,0.6944444444444444
13,78,0,8,36.21,4.52625
13,78,1,17,36.74,2.1611764705882353
13,78,2,2,2.27,1.135
13,78,3,15,13.74,0.916
13,78,4,1,0.54,0.54
13,80,0,15,76.24,5.082666666666666
13,80,1,15,46.3,3.0866666666666664
13,80,2,5,6.24,1.248
13,80,3,13,11.32,0.8707692307692307
13,80,4,4,2.58,0.645
13,81,0,18,186.15,10.341666666666667
13,81,1,2,17.64,8.82
13,81,2,1,8.13,8.13
13,81,3,17,93.58,5.504705882352941
13,81,4,2,3.97,1.985
13,87,0,20,137.73,6.8865
13,87,1,13,89.25,6.865384615384615
13,87,2,17,99.16,5.832941176470588
13,87,3,5,20.7,4.14
13,87,4,6,15.04,2.5066666666666664
13,92,0,20,64.69,3.2344999999999997
13,92,1,14,43.75,3.125
13,92,2,15,42.31,2.820666666666667
13,92,3,3,5.43,1.8099999999999998
13,92,4,8,6.5,0.8125
13,96,0,19,34.59,1.8205263157894738
13,96,1,18,29.35,1.6305555555555555
13,96,2,18,23.26,1.2922222222222224
13,96,3,7,6.68,0.9542857142857143
13,96,4,4,2.64,0.66
13,97,0,5,23.21,4.642
13,97,1,6,25.81,4.301666666666667
13,97,2,1,3.31,3.31
13,97,3,6,19.2,3.1999999999999997
13,97,4,12,35.26,2.938333333333333
13,99,0,11,20.81,1.8918181818181816
13,99,1,7,11.71,1.672857142857143
13,99,2,19,18.08,0.951578947368421
13,99,3,13,6.58,0.5061538461538462
13,99,4,2,0.6,0.3
15,2,0,17,114.63,6.7429411764705875
15,2,1,12,64.41,5.3675
15,2,2,2,7.6,3.8
15,2,3,11,37.32,3.3927272727272726
15,2,4,13,34.85,2.680769230769231
15,3,0,5,5.32,1.064
15,3,1,10,10.26,1.026
15,3,2,9,8.43,0.9366666666666666
15,3,3,17,11.49,0.6758823529411765
15,3,4,4,2.07,0.5175
15,5,0,10,30.94,3.0940000000000003
15,5,1,15,35.45,2.3633333333333337
15,5,2,15,25.71,1.714
15,5,3,20,10.6,0.53
15,5,4,3,1.12,0.37333333333333335
15,7,0,10,91.36,9.136
15,7,1,3,26.89,8.963333333333333
15,7,2,20,99.96,4.997999999999999
15,7,3,2,8.93,4.465
15,7,4,5,14.73,2.946
15,8,0,1,1.36,1.36
15,8,1,2,2.06,1.03
15,8,2,7,4.92,0.7028571428571428
15,8,3,9,2.52,0.28
15,8,4,7,1.64,0.23428571428571426
15,11,0,14,9.17,0.655
15,11,1,1,0.52,0.52
15,11,2,2,1.01,0.505
15,11,3,17,6.68,0.39294117647058824
15,11,4,16,3.21,0.200625
15,13,0,19,35.43,1.8647368421052632
15,13,1,6,10.74,1.79
15,13,2,1,1.04,1.04
15,13,3,5,4.06,0.8119999999999999
15,13,4,17,11.61,0.6829411764705882
15,17,0,3,3.29,1.0966666666666667
15,17,1,4,3.74,0.935
15,17,2,12,8.23,0.6858333333333334
15,17,3,16,7.53,0.470625
15,17,4,18,8.42,0.4677777777777778
15,19,0,7,21.04,3.005714285714286
15,19,1,8,23.84,2.98
15,19,2,17,50.18,2.951764705882353
15,19,3,20,40.2,2.0100000000000002
15,19,4,14,8.92,0.6371428571428571
15,21,0,5,7.99,1.598
15,21,1,5,7.59,1.518
15,21,2,14,17.51,1.250714285714286
15,21,3,17,17.1,1.0058823529411764
15,21,4,13,3.34,0.2569230769230769
15,22,0,15,12.82,0.8546666666666667
15,22,1,2,1.62,0.81
15,22,2,5,3.97,0.794
15,22,3,20,15.04,0.752
15,22,4,7,1.56,0.22285714285714286
15,24,0,1,3.14,3.14
15,24,1,8,22.72,2.84
15,24,2,18,40.99,2.2772222222222225
15,24,3,1,2.2,2.2
15,24,4,10,21.96,2.196
15,27,0,12,47.52,3.9600000000000004
15,27,1,3,7.7,2.566666666666667
15,27,2,11,12.04,1.0945454545454545
15,27,3,13,11.82,0.9092307692307693
15,27,4,18,11.13,0.6183333333333334
15,28,0,2,3.06,1.53
15,28,1,11,14.51,1.319090909090909
15,28,2,6,6.89,1.1483333333333332
15,28,3,17,14.72,0.8658823529411765
15,28,4,16,9.43,0.589375
15,30,0,15,41.32,2.7546666666666666
15,30,1,20,42.52,2.1260000000000003
15,30,2,15,31.63,2.1086666666666667
15,30,3,8,9.49,1.18625
15,30,4,18,19.95,1.1083333333333334
15,31,0,14,12.21,0.8721428571428572
15,31,1,19,7.54,0.3968421052631579
15,31,2,19,3.06,0.16105263157894736
15,31,3,11,0.94,0.08545454545454545
15,31,4,10,0.78,0.078
15,33,0,6,43.19,7.198333333333333
15,33,1,3,17.08,5.6933333333333325
15,33,2,1,3.76,3.76
15,33,3,18,56.29,3.127222222222222
15,33,4,5,9.39,1.8780000000000001
15,34,0,3,1.17,0.38999999999999996
15,34,1,3,1.06,0.35333333333333333
15,34,2,3,0.75,0.25
15,34,3,12,2.9,0.24166666666666667
15,34,4,20,4.69,0.23450000000000001
15,35,0,1,2.43,2.43
15,35,1,13,19.56,1.5046153846153845
15,35,2,6,8.39,1.3983333333333334
15,35,3,4,2.98,0.745
15,35,4,1,0.26,0.26
15,37,0,16,23.84,1.49
15,37,1,19,16.69,0.878421052631579
15,37,2,18,15.31,0.8505555555555556
15,37,3,20,12.23,0.6115
15,37,4,16,6.38,0.39875
15,38,0,3,25.94,8.646666666666667
15,38,1,18,91.67,5.092777777777778
15,38,2,19,96.63,5.08578947368421
15,38,3,8,23.85,2.98125
15,38,4,18,19.51,1.083888888888889
15,39,0,15,14.49,0.966
15,39,1,15,8.59,0.5726666666666667
15,39,2,12,4.41,0.3675
15,39,3,13,3.13,0.24076923076923076
15,39,4,2,0.15,0.075
15,43,0,11,15.66,1.4236363636363636
15,43,1,2,2.8,1.4
15,43,2,1,0.37,0.37
15,43,3,20,3.48,0.174
15,43,4,15,2.42,0.16133333333333333
15,46,0,14,63.57,4.5407142857142855
15,46,1,5,20.35,4.07
15,46,2,17,65.11,3.83
15,46,3,3,7.35,2.4499999999999997
15,46,4,12,27.43,2.285833333333333
15,47,0,10,37.69,3.7689999999999997
15,47,1,15,45.1,3.006666666666667
15,47,2,18,38.69,2.1494444444444443
15,47,3,4,7.77,1.9425
15,47,4,10,13.79,1.379
15,49,0,14,29.72,2.1228571428571428
15,49,1,18,35.24,1.9577777777777778
15,49,2,2,3.72,1.86
15,49,3,16,7.97,0.498125
15,49,4,20,8.9,0.445
15,50,0,10,74.64,7.464
15,50,1,1,7.02,7.02
15,50,2,6,41.51,6.918333333333333
15,50,3,14,49.9,3.564285714285714
15,50,4,6,9.26,1.5433333333333332
15,51,0,17,38.8,2.2823529411764705
15,51,1,16,31.19,1.949375
15,51,2,12,16.43,1.3691666666666666
15,51,3,2,1.71,0.855
15,51,4,14,2.18,0.15571428571428572
15,52,0,16,58.98,3.68625
15,52,1,14,50.97,3.6407142857142856
15,52,2,3,7.83,2.61
15,52,3,17,42.07,2.474705882352941
15,52,4,19,24.21,1.2742105263157895
15,53,0,9,67.0,7.444444444444445
15,53,1,2,13.7,6.85
15,53,2,9,57.89,6.432222222222222
15,53,3,9,44.38,4.931111111111111
15,53,4,20,38.28,1.9140000000000001
15,55,0,10,24.28,2.428
15,55,1,13,13.24,1.0184615384615385
15,55,2,11,9.3,0.8454545454545456
15,55,3,9,3.94,0.43777777777777777
15,55,4,20,4.94,0.24700000000000003
15,61,0,10,29.79,2.979
15,61,1,6,14.43,2.405
15,61,2,2,4.59,2.295
15,61,3,5,2.99,0.5980000000000001
15,61,4,4,1.16,0.29
15,64,0,18,24.61,1.3672222222222221
15,64,1,11,10.32,0.9381818181818182
15,64,2,5,3.55,0.71
15,64,3,15,5.23,0.3486666666666667
15,64,4,11,3.41,0.31
15,66,0,19,62.01,3.2636842105263155
15,66,1,9,27.81,3.09
15,66,2,8,20.06,2.5075
15,66,3,11,11.58,1.0527272727272727
15,66,4,8,7.14,0.8925
15,68,0,9,32.59,3.6211111111111114
15,68,1,4,13.08,3.27
15,68,2,3,9.04,3.013333333333333
15,68,3,6,17.38,2.8966666666666665
15,68,4,2,4.87,2.435
15,70,0,11,12.04,1.0945454545454545
15,70,1,13,10.71,0.8238461538461539
15,70,2,16,7.54,0.47125
15,70,3,19,7.85,0.4131578947368421
15,70,4,4,0.41,0.1025
15,78,0,2,4.6,2.3
15,78,1,20,18.55,0.9275
15,78,2,12,2.58,0.215
15,78,3,18,3.27,0.18166666666666667
15,78,4,2,0.36,0.18
15,80,0,2,6.53,3.265
15,80,1,9,26.31,2.9233333333333333
15,80,2,12,29.62,2.4683333333333333
15,80,3,18,28.11,1.5616666666666665
15,80,4,20,15.92,0.796
15,81,0,11,105.11,9.555454545454545
15,81,1,16,107.14,6.69625
15,81,2,8,42.75,5.34375
15,81,3,2,2.72,1.36
15,81,4,14,12.35,0.8821428571428571
15,87,0,4,21.9,5.475
15,87,1,16,86.11,5.381875
15,87,2,16,68.25,4.265625
15,87,3,13,44.41,3.416153846153846
15,87,4,5,1.32,0.264
15,92,0,20,17.74,0.8869999999999999
15,92,1,14,5.86,0.4185714285714286
15,92,2,17,5.52,0.3247058823529412
15,92,3,15,3.05,0.2033333333333333
15,92,4,6,0.5,0.08333333333333333
15,96,0,14,18.48,1.32
15,96,1,6,5.68,0.9466666666666667
15,96,2,16,14.15,0.884375
15,96,3,13,9.64,0.7415384615384616
15,96,4,11,5.03,0.4572727272727273
15,97,0,16,86.44,5.4025
15,97,1,15,68.23,4.548666666666667
15,97,2,12,47.32,3.9433333333333334
15,97,3,10,13.05,1.3050000000000002
15,97,4,8,4.61,0.57625
15,99,0,13,9.06,0.696923076923077
15,99,1,8,5.05,0.63125
15,99,2,18,11.07,0.615
15,99,3,13,6.37,0.49
15,99,4,15,2.23,0.14866666666666667
17,2,0,1,6.89,6.89
17,2,1,3,19.98,6.66
17,2,2,4,23.25,5.8125
17,2,3,4,22.83,5.7075
17,2,4,9,47.63,5.292222222222223
17,3,0,10,17.26,1.7260000000000002
17,3,1,18,29.64,1.6466666666666667
17,3,2,9,10.67,1.1855555555555555
17,3,3,20,21.85,1.0925
17,3,4,16,6.54,0.40875
17,5,0,14,17.56,1.2542857142857142
17,5,1,9,7.47,0.83
17,5,2,20,14.7,0.735
17,5,3,11,4.53,0.41181818181818186
17,5,4,20,2.46,0.123
17,7,0,2,14.49,7.245
17,7,1,13,94.02,7.232307692307692
17,7,2,17,62.41,3.671176470588235
17,7,3,8,15.04,1.88
17,7,4,11,16.51,1.500909090909091
17,8,0,20,14.43,0.7215
17,8,1,20,11.37,0.5685
17,8,2,19,3.67,0.1931578947368421
17,8,3,9,1.26,0.14
17,8,4,11,0.8,0.07272727272727274
17,11,0,7,11.24,1.6057142857142856
17,11,1,14,16.16,1.1542857142857144
17,11,2,17,8.63,0.5076470588235295
17,11,3,10,3.53,0.353
17,11,4,14,2.04,0.1457142857142857
17,13,0,13,40.08,3.083076923076923
17,13,1,10,20.74,2.074
17,13,2,6,6.45,1.075
17,13,3,15,4.02,0.26799999999999996
17,13,4,11,2.77,0.25181818181818183
17,15,0,1,1.32,1.32
17,15,1,8,9.41,1.17625
17,15,2,5,3.72,0.744
17,15,3,15,9.97,0.6646666666666667
17,15,4,13,7.99,0.6146153846153847
17,19,0,16,22.27,1.391875
17,19,1,4,2.62,0.655
17,19,2,9,5.0,0.5555555555555556
17,19,3,18,9.68,0.5377777777777778
17,19,4,10,1.17,0.11699999999999999
17,21,0,14,11.74,0.8385714285714286
17,21,1,9,6.6,0.7333333333333333
17,21,2,14,7.73,0.5521428571428572
17,21,3,10,3.66,0.366
17,21,4,16,2.36,0.1475
17,22,0,15,10.91,0.7273333333333334
17,22,1,9,6.48,0.7200000000000001
17,22,2,1,0.25,0.25
17,22,3,12,2.87,0.23916666666666667
17,22,4,6,0.83,0.13833333333333334
17,24,0,8,9.95,1.24375
17,24,1,14,15.5,1.1071428571428572
17,24,2,12,4.66,0.38833333333333336
17,24,3,14,4.48,0.32
17,24,4,20,3.85,0.1925
17,27,0,13,45.49,3.4992307692307696
17,27,1,1,3.4,3.4
17,27,2,19,53.08,2.7936842105263158
17,27,3,14,35.7,2.5500000000000003
17,27,4,15,35.42,2.3613333333333335
17,28,0,13,6.57,0.5053846153846154
17,28,1,14,6.82,0.48714285714285716
17,28,2,10,4.83,0.483
17,28,3,18,5.6,0.3111111111111111
17,28,4,11,1.68,0.1527272727272727
17,30,0,1,2.96,2.96
17,30,1,12,30.75,2.5625
17,30,2,16,34.22,2.13875
17,30,3,4,4.58,1.145
17,30,4,6,3.37,0.5616666666666666
17,31,0,15,17.33,1.1553333333333333
17,31,1,4,3.87,0.9675
17,31,2,15,11.48,0.7653333333333333
17,31,3,2,1.53,0.765
17,31,4,4,2.94,0.735
17,33,0,17,122.12,7.183529411764706
17,33,1,9,58.39,6.487777777777778
17,33,2,20,118.04,5.902
17,33,3,9,22.01,2.445555555555556
17,33,4,17,30.56,1.7976470588235294
17,34,0,8,8.85,1.10625
17,34,1,7,7.22,1.0314285714285714
17,34,2,18,17.43,0.9683333333333333
17,34,3,7,3.71,0.53
17,34,4,3,0.3,0.09999999999999999
17,35,0,12,18.73,1.5608333333333333
17,35,1,3,1.34,0.4466666666666667
17,35,2,5,2.13,0.426
17,35,3,17,5.5,0.3235294117647059
17,35,4,4,0.57,0.1425
17,37,0,3,3.34,1.1133333333333333
17,37,1,4,3.8,0.95
17,37,2,10,9.0,0.9
17,37,3,19,16.35,0.8605263157894738
17,37,4,8,1.4,0.175
17,38,0,20,203.21,10.1605
17,38,1,6,40.1,6.683333333333334
17,38,2,2,12.97,6.485
17,38,3,2,11.65,5.825
17,38,4,19,85.17,4.482631578947369
17,39,0,19,20.4,1.0736842105263158
17,39,1,8,8.16,1.02
17,39,2,13,10.06,0.7738461538461539
17,39,3,5,1.87,0.374
17,39,4,8,2.45,0.30625
17,43,0,14,32.72,2.337142857142857
17,43,1,16,29.25,1.828125
17,43,2,9,15.15,1.6833333333333333
17,43,3,3,3.01,1.0033333333333332
17,43,4,13,11.73,0.9023076923076924
17,46,0,7,20.72,2.96
17,46,1,14,28.11,2.007857142857143
17,46,2,9,16.23,1.8033333333333335
17,46,3,12,16.46,1.3716666666666668
17,46,4,5,2.73,0.546
17,47,0,20,50.59,2.5295
17,47,1,7,12.9,1.842857142857143
17,47,2,6,8.98,1.4966666666666668
17,47,3,15,15.64,1.0426666666666666
17,47,4,18,9.46,0.5255555555555556
17,49,0,2,2.06,1.03
17,49,1,1,0.83,0.83
17,49,2,10,7.11,0.7110000000000001
17,49,3,12,4.23,0.35250000000000004
17,49,4,16,2.58,0.16125
17,50,0,18,117.41,6.522777777777778
17,50,1,9,57.58,6.397777777777778
17,50,2,8,47.1,5.8875
17,50,3,15,63.97,4.264666666666667
17,50,4,8,21.76,2.72
17,51,0,7,4.35,0.6214285714285713
17,51,1,16,9.92,0.62
17,51,2,19,4.87,0.2563157894736842
17,51,3,4,0.73,0.1825
17,51,4,6,0.26,0.043333333333333335
17,52,0,11,33.33,3.03
17,52,1,12,34.09,2.8408333333333338
17,52,2,19,53.2,2.8000000000000003
17,52,3,2,5.42,2.71
17,52,4,18,6.89,0.3827777777777778
17,53,0,9,82.33,9.147777777777778
17,53,1,17,149.39,8.787647058823529
17,53,2,6,50.5,8.416666666666666
17,53,3,4,32.45,8.1125
17,53,4,4,17.03,4.2575
17,55,0,11,26.69,2.4263636363636363
17,55,1,6,10.09,1.6816666666666666
17,55,2,11,10.06,0.9145454545454546
17,55,3,14,6.94,0.4957142857142857
17,55,4,8,2.89,0.36125
17,61,0,17,42.41,2.494705882352941
17,61,1,17,18.26,1.0741176470588236
17,61,2,5,4.98,0.9960000000000001
17,61,3,3,2.51,0.8366666666666666
17,61,4,20,10.42,0.521
17,64,0,11,21.35,1.9409090909090911
17,64,1,15,23.96,1.5973333333333335
17,64,2,9,13.25,1.4722222222222223
17,64,3,18,9.22,0.5122222222222222
17,64,4,1,0.51,0.51
17,66,0,15,52.49,3.4993333333333334
17,66,1,18,44.36,2.464444444444444
17,66,2,4,8.1,2.025
17,66,3,2,3.02,1.51
17,66,4,17,13.68,0.8047058823529412
17,68,0,20,53.87,2.6935
17,68,1,15,39.8,2.6533333333333333
17,68,2,2,3.88,1.94
17,68,3,11,14.3,1.3
17,68,4,3,3.37,1.1233333333333333
17,70,0,4,5.5,1.375
17,70,1,1,1.0,1.0
17,70,2,6,4.51,0.7516666666666666
17,70,3,1,0.47,0.47
17,70,4,11,4.0,0.36363636363636365
17,78,0,17,37.79,2.222941176470588
17,78,1,10,21.71,2.1710000000000003
17,78,2,12,16.59,1.3825
17,78,3,16,2.89,0.180625
17,78,4,16,2.62,0.16375
17,80,0,9,15.57,1.73
17,80,1,9,12.69,1.41
17,80,2,12,16.59,1.3825
17,80,3,16,12.86,0.80375
17,80,4,12,4.02,0.33499999999999996
17,81,0,14,119.09,8.506428571428572
17,81,1,11,74.09,6.735454545454545
17,81,2,10,45.91,4.590999999999999
17,81,3,1,2.56,2.56
17,81,4,15,33.47,2.231333333333333
17,87,0,19,53.4,2.8105263157894735
17,87,1,14,25.68,1.8342857142857143
17,87,2,7,12.5,1.7857142857142858
17,87,3,3,3.64,1.2133333333333334
17,87,4,12,6.54,0.545
17,92,0,13,15.32,1.1784615384615384
17,92,1,5,5.17,1.034
17,92,2,1,0.95,0.95
17,92,3,19,12.03,0.633157894736842
17,92,4,9,2.42,0.2688888888888889
17,96,0,15,16.82,1.1213333333333333
17,96,1,12,13.14,1.095
17,96,2,9,9.65,1.0722222222222222
17,96,3,7,4.45,0.6357142857142858
17,96,4,1,0.06,0.06
17,97,0,7,28.15,4.021428571428571
17,97,1,6,22.05,3.6750000000000003
17,97,2,18,54.31,3.0172222222222222
17,97,3,7,10.59,1.512857142857143
17,97,4,4,4.24,1.06
17,99,0,16,15.64,0.9775
17,99,1,16,14.75,0.921875
17,99,2,17,4.04,0.2376470588235294
17,99,3,14,1.92,0.13714285714285715
17,99,4,10,1.08,0.10800000000000001
19,2,0,6,29.82,4.97
19,2,1,9,41.89,4.654444444444445
19,2,2,17,57.16,3.3623529411764705
19,2,3,11,13.6,1.2363636363636363
19,2,4,13,9.72,0.7476923076923078
19,3,0,13,38.24,2.9415384615384617
19,3,1,11,22.64,2.058181818181818
19,3,2,14,9.2,0.6571428571428571
19,3,3,1,0.62,0.62
19,3,4,5,3.05,0.61
19,5,0,7,4.29,0.6128571428571429
19,5,1,14,7.32,0.5228571428571429
19,5,2,5,2.49,0.49800000000000005
19,5,3,14,4.17,0.2978571428571429
19,5,4,8,0.88,0.11
19,7,0,9,77.34,8.593333333333334
19,7,1,14,74.92,5.351428571428571
19,7,2,5,25.84,5.168
19,7,3,3,13.93,4.6433333333333335
19,7,4,10,37.11,3.711
19,8,0,7,16.46,2.3514285714285714
19,8,1,12,25.6,2.1333333333333333
19,8,2,19,35.87,1.887894736842105
19,8,3,19,22.59,1.1889473684210525
19,8,4,4,4.31,1.0775
19,11,0,14,42.81,3.057857142857143
19,11,1,15,33.24,2.216
19,11,2,13,20.27,1.5592307692307692
19,11,3,9,6.1,0.6777777777777777
19,11,4,7,1.17,0.16714285714285712
19,13,0,10,45.05,4.505
19,13,1,19,65.66,3.4557894736842103
19,13,2,11,37.49,3.408181818181818
19,13,3,1,3.07,3.07
19,13,4,1,1.41,1.41
19,15,0,16,46.55,2.909375
19,15,1,7,18.43,2.632857142857143
19,15,2,9,18.58,2.0644444444444443
19,15,3,14,18.27,1.305
19,15,4,20,20.11,1.0055
19,17,0,5,7.38,1.476
19,17,1,4,4.12,1.03
19,17,2,1,0.78,0.78
19,17,3,5,3.55,0.71
19,17,4,16,9.61,0.600625
19,21,0,6,8.28,1.38
19,21,1,19,16.13,0.8489473684210526
19,21,2,3,2.43,0.81
19,21,3,4,3.17,0.7925
19,21,4,9,1.48,0.16444444444444445
19,22,0,16,36.49,2.280625
19,22,1,16,33.03,2.064375
19,22,2,15,23.44,1.5626666666666666
19,22,3,19,26.81,1.4110526315789473
19,22,4,6,4.95,0.8250000000000001
19,24,0,12,11.51,0.9591666666666666
19,24,1,4,2.83,0.7075
19,24,2,17,11.92,0.7011764705882353
19,24,3,16,10.87,0.679375
19,24,4,7,3.0,0.42857142857142855
19,27,0,7,19.98,2.8542857142857145
19,27,1,15,30.55,2.0366666666666666
19,27,2,7,9.17,1.31
19,27,3,8,5.94,0.7425
19,27,4,18,5.31,0.295
19,28,0,5,7.71,1.542
19,28,1,10,14.41,1.441
19,28,2,11,14.25,1.2954545454545454
19,28,3,8,7.33,0.91625
19,28,4,8,5.53,0.69125
19,30,0,5,11.2,2.2399999999999998
19,30,1,12,20.17,1.6808333333333334
19,30,2,11,17.93,1.63
19,30,3,7,3.55,0.5071428571428571
19,30,4,19,7.38,0.38842105263157894
19,31,0,17,43.32,2.548235294117647
19,31,1,14,21.84,1.56
19,31,2,18,19.1,1.0611111111111111
19,31,3,17,16.14,0.9494117647058824
19,31,4,17,10.59,0.6229411764705882
19,33,0,20,98.47,4.9235
19,33,1,20,71.59,3.5795000000000003
19,33,2,17,44.78,2.6341176470588237
19,33,3,2,5.11,2.555
19,33,4,16,32.71,2.044375
19,34,0,6,15.26,2.5433333333333334
19,34,1,9,15.78,1.7533333333333332
19,34,2,12,17.13,1.4275
19,34,3,9,9.54,1.0599999999999998
19,34,4,15,4.65,0.31
19,35,0,19,22.25,1.1710526315789473
19,35,1,4,4.24,1.06
19,35,2,7,7.07,1.01
19,35,3,19,14.44,0.76
19,35,4,12,5.59,0.4658333333333333
19,37,0,7,14.07,2.0100000000000002
19,37,1,12,23.01,1.9175000000000002
19,37,2,17,20.39,1.1994117647058824
19,37,3,16,16.25,1.015625
19,37,4,11,10.05,0.9136363636363637
19,38,0,14,96.65,6.903571428571429
19,38,1,10,65.12,6.5120000000000005
19,38,2,7,27.27,3.8957142857142855
19,38,3,16,35.33,2.208125
19,38,4,18,33.63,1.8683333333333334
19,39,0,12,28.11,2.3425
19,39,1,3,4.6,1.5333333333333332
19,39,2,15,17.0,1.1333333333333333
19,39,3,1,0.4,0.4
19,39,4,4,1.5,0.375
19,43,0,14,57.65,4.117857142857143
19,43,1,19,66.02,3.474736842105263
19,43,2,14,19.92,1.422857142857143
19,43,3,10,5.87,0.587
19,43,4,5,1.04,0.20800000000000002
19,46,0,20,33.21,1.6605
19,46,1,19,29.77,1.5668421052631578
19,46,2,10,14.97,1.497
19,46,3,18,15.42,0.8566666666666667
19,46,4,19,9.82,0.5168421052631579
19,47,0,11,15.03,1.3663636363636362
19,47,1,17,21.19,1.2464705882352942
19,47,2,13,15.87,1.2207692307692306
19,47,3,10,7.37,0.737
19,47,4,19,7.6,0.39999999999999997
19,49,0,16,6.62,0.41375
19,49,1,8,1.49,0.18625
19,49,2,17,2.64,0.15529411764705883
19,49,3,18,2.0,0.1111111111111111
19,49,4,19,1.21,0.06368421052631579
19,50,0,14,107.2,7.6571428571428575
19,50,1,14,83.35,5.953571428571428
19,50,2,17,63.36,3.7270588235294118
19,50,3,19,25.35,1.3342105263157895
19,50,4,17,19.18,1.128235294117647
19,51,0,19,13.82,0.7273684210526316
19,51,1,3,1.57,0.5233333333333333
19,51,2,9,2.76,0.30666666666666664
19,51,3,14,3.65,0.26071428571428573
19,51,4,3,0.78,0.26
19,52,0,19,34.64,1.823157894736842
19,52,1,17,28.89,1.6994117647058824
19,52,2,13,15.79,1.2146153846153847
19,52,3,19,13.3,0.7000000000000001
19,52,4,1,0.68,0.68
19,53,0,20,166.99,8.3495
19,53,1,19,116.31,6.1215789473684215
19,53,2,5,25.6,5.12
19,53,3,4,17.51,4.3775
19,53,4,13,28.56,2.1969230769230768
19,55,0,6,13.77,2.295
19,55,1,16,30.94,1.93375
19,55,2,11,18.76,1.7054545454545456
19,55,3,12,15.94,1.3283333333333334
19,55,4,17,13.19,0.7758823529411765
19,61,0,4,5.39,1.3475
19,61,1,19,25.19,1.3257894736842106
19,61,2,11,13.36,1.2145454545454546
19,61,3,5,1.93,0.386
19,61,4,6,0.96,0.16
19,64,0,2,6.88,3.44
19,64,1,17,56.6,3.3294117647058825
19,64,2,13,39.94,3.072307692307692
19,64,3,4,4.22,1.055
19,64,4,14,9.35,0.6678571428571428
19,66,0,18,62.09,3.4494444444444445
19,66,1,20,68.02,3.401
19,66,2,13,44.16,3.3969230769230765
19,66,3,2,2.11,1.055
19,66,4,4,3.41,0.8525
19,68,0,16,38.72,2.42
19,68,1,14,23.93,1.7092857142857143
19,68,2,2,2.45,1.225
19,68,3,13,15.89,1.2223076923076923
19,68,4,4,4.57,1.1425
19,70,0,3,9.66,3.22
19,70,1,1,2.85,2.85
19,70,2,1,2.67,2.67
19,70,3,1,1.09,1.09
19,70,4,2,1.17,0.585
19,78,0,12,27.63,2.3024999999999998
19,78,1,6,12.91,2.151666666666667
19,78,2,6,12.06,2.0100000000000002
19,78,3,14,19.36,1.3828571428571428
19,78,4,1,1.14,1.14
19,80,0,8,14.31,1.78875
19,80,1,16,20.29,1.268125
19,80,2,4,3.84,0.96
19,80,3,3,2.59,0.8633333333333333
19,80,4,7,4.79,0.6842857142857143
19,81,0,5,47.21,9.442
19,81,1,9,65.95,7.327777777777778
19,81,2,7,31.85,4.55
19,81,3,18,75.14,4.174444444444444
19,81,4,12,13.23,1.1025
19,87,0,12,16.25,1.3541666666666667
19,87,1,2,1.85,0.925
19,87,2,17,15.18,0.8929411764705882
19,87,3,13,11.19,0.8607692307692307
19,87,4,10,2.06,0.20600000000000002
19,92,0,14,28.93,2.0664285714285713
19,92,1,7,14.34,2.0485714285714285
19,92,2,2,2.44,1.22
19,92,3,12,7.69,0.6408333333333334
19,92,4,11,4.49,0.4081818181818182
19,96,0,2,4.98,2.49
19,96,1,1,1.8,1.8
19,96,2,6,9.56,1.5933333333333335
19,96,3,16,12.77,0.798125
19,96,4,9,4.75,0.5277777777777778
19,97,0,13,39.51,3.039230769230769
19,97,1,13,37.97,2.920769230769231
19,97,2,16,28.3,1.76875
19,97,3,19,10.25,0.5394736842105263
19,97,4,1,0.38,0.38
19,99,0,5,8.67,1.734
19,99,1,6,9.28,1.5466666666666666
19,99,2,2,3.06,1.53
19,99,3,5,6.23,1.246
19,99,4,19,9.52,0.5010526315789473
21,2,0,17,54.9,3.2294117647058824
21,2,1,1,3.04,3.04
21,2,2,9,20.44,2.2711111111111113
21,2,3,1,1.55,1.55
21,2,4,1,0.63,0.63
21,3,0,4,9.73,2.4325
21,3,1,11,25.78,2.3436363636363637
21,3,2,8,12.56,1.57
21,3,3,14,8.06,0.5757142857142857
21,3,4,15,7.08,0.47200000000000003
21,5,0,14,26.4,1.8857142857142857
21,5,1,8,10.58,1.3225
21,5,2,7,6.13,0.8757142857142857
21,5,3,4,3.21,0.8025
21,5,4,19,2.95,0.15526315789473685
21,7,0,15,106.31,7.0873333333333335
21,7,1,18,65.99,3.666111111111111
21,7,2,7,20.47,2.924285714285714
21,7,3,3,5.6,1.8666666666666665
21,7,4,4,3.22,0.805
21,8,0,5,10.61,2.122
21,8,1,19,34.48,1.814736842105263
21,8,2,15,19.82,1.3213333333333332
21,8,3,3,2.91,0.9700000000000001
21,8,4,7,2.75,0.39285714285714285
21,11,0,11,21.26,1.9327272727272728
21,11,1,4,7.14,1.785
21,11,2,17,19.63,1.154705882352941
21,11,3,1,0.29,0.29
21,11,4,18,3.82,0.2122222222222222
21,13,0,8,29.12,3.64
21,13,1,19,63.35,3.3342105263157897
21,13,2,9,27.43,3.0477777777777777
21,13,3,16,45.75,2.859375
21,13,4,6,8.16,1.36
21,15,0,14,18.42,1.3157142857142858
21,15,1,14,13.76,0.9828571428571429
21,15,2,1,0.96,0.96
21,15,3,20,17.3,0.865
21,15,4,2,0.64,0.32
21,17,0,19,15.47,0.8142105263157895
21,17,1,16,9.87,0.616875
21,17,2,19,8.15,0.42894736842105263
21,17,3,6,1.62,0.27
21,17,4,9,2.04,0.22666666666666668
21,19,0,18,22.72,1.2622222222222221
21,19,1,19,9.17,0.4826315789473684
21,19,2,18,7.54,0.41888888888888887
21,19,3,12,1.81,0.15083333333333335
21,19,4,3,0.41,0.13666666666666666
21,22,0,2,1.45,0.725
21,22,1,10,4.87,0.487
21,22,2,4,0.78,0.195
21,22,3,5,0.63,0.126
21,22,4,12,0.91,0.07583333333333334
21,24,0,20,37.4,1.8699999999999999
21,24,1,18,22.4,1.2444444444444445
21,24,2,16,14.08,0.88
21,24,3,12,9.25,0.7708333333333334
21,24,4,15,10.06,0.6706666666666667
21,27,0,2,6.15,3.075
21,27,1,17,35.04,2.061176470588235
21,27,2,2,3.31,1.655
21,27,3,15,18.12,1.208
21,27,4,5,3.94,0.788
21,28,0,13,3.74,0.2876923076923077
21,28,1,16,1.18,0.07375
21,28,2,2,0.09,0.045
21,28,3,13,0.55,0.04230769230769231
21,28,4,2,0.04,0.02
21,30,0,12,27.57,2.2975
21,30,1,4,6.13,1.5325
21,30,2,18,21.75,1.2083333333333333
21,30,3,4,3.33,0.8325
21,30,4,15,6.47,0.4313333333333333
21,31,0,16,13.45,0.840625
21,31,1,11,8.75,0.7954545454545454
21,31,2,3,2.0,0.6666666666666666
21,31,3,13,6.11,0.47000000000000003
21,31,4,9,2.3,0.25555555555555554
21,33,0,12,74.67,6.2225
21,33,1,15,88.21,5.8806666666666665
21,33,2,6,26.5,4.416666666666667
21,33,3,3,8.22,2.74
21,33,4,3,6.22,2.0733333333333333
21,34,0,3,4.41,1.47
21,34,1,15,20.03,1.3353333333333335
21,34,2,16,19.69,1.230625
21,34,3,12,1.54,0.12833333333333333
21,34,4,13,1.29,0.09923076923076923
21,35,0,3,2.46,0.82
21,35,1,10,7.04,0.704
21,35,2,3,1.68,0.5599999999999999
21,35,3,13,3.88,0.29846153846153844
21,35,4,9,1.85,0.20555555555555557
21,37,0,5,2.85,0.5700000000000001
21,37,1,18,9.79,0.5438888888888889
21,37,2,4,1.84,0.46
21,37,3,1,0.15,0.15
21,37,4,15,0.78,0.052000000000000005
21,38,0,9,72.1,8.011111111111111
21,38,1,8,61.76,7.72
21,38,2,20,114.03,5.7015
21,38,3,5,21.21,4.242
21,38,4,2,2.83,1.415
21,39,0,18,23.59,1.3105555555555555
21,39,1,12,13.3,1.1083333333333334
21,39,2,19,20.52,1.08
21,39,3,13,12.18,0.9369230769230769
21,39,4,6,5.61,0.935
21,43,0,19,47.86,2.5189473684210526
21,43,1,8,18.94,2.3675
21,43,2,7,13.27,1.8957142857142857
21,43,3,16,16.32,1.02
21,43,4,18,12.14,0.6744444444444445
21,46,0,14,36.9,2.6357142857142857
21,46,1,5,8.42,1.684
21,46,2,19,24.02,1.2642105263157895
21,46,3,18,16.9,0.9388888888888888
21,46,4,5,2.4,0.48
21,47,0,4,11.96,2.99
21,47,1,10,14.61,1.4609999999999999
21,47,2,5,5.68,1.136
21,47,3,18,14.28,0.7933333333333333
21,47,4,18,8.81,0.48944444444444446
21,49,0,8,5.18,0.6475
21,49,1,20,12.03,0.6014999999999999
21,49,2,9,4.21,0.4677777777777778
21,49,3,4,1.36,0.34
21,49,4,18,1.93,0.10722222222222222
21,50,0,5,39.77,7.954000000000001
21,50,1,3,23.28,7.760000000000001
21,50,2,2,10.84,5.42
21,50,3,17,56.4,3.317647058823529
21,50,4,15,31.31,2.087333333333333
21,51,0,18,5.29,0.29388888888888887
21,51,1,19,3.38,0.17789473684210524
21,51,2,8,1.33,0.16625
21,51,3,13,1.5,0.11538461538461539
21,51,4,19,1.73,0.09105263157894737
21,52,0,7,15.11,2.1585714285714284
21,52,1,12,23.83,1.9858333333333331
21,52,2,7,10.18,1.4542857142857142
21,52,3,15,19.85,1.3233333333333335
21,52,4,6,6.56,1.0933333333333333
21,53,0,19,170.83,8.991052631578947
21,53,1,4,32.63,8.1575
21,53,2,20,132.67,6.6335
21,53,3,16,63.07,3.941875
21,53,4,8,22.55,2.81875
21,55,0,17,31.7,1.8647058823529412
21,55,1,11,18.84,1.7127272727272727
21,55,2,3,4.04,1.3466666666666667
21,55,3,12,7.4,0.6166666666666667
21,55,4,18,8.51,0.47277777777777774
21,61,0,10,16.25,1.625
21,61,1,15,16.35,1.09
21,61,2,8,5.62,0.7025
21,61,3,6,3.69,0.615
21,61,4,5,0.74,0.148
21,64,0,16,35.62,2.22625
21,64,1,12,24.29,2.0241666666666664
21,64,2,15,13.05,0.87
21,64,3,11,7.73,0.7027272727272728
21,64,4,4,2.18,0.545
21,66,0,20,70.81,3.5405
21,66,1,17,59.96,3.527058823529412
21,66,2,8,22.28,2.785
21,66,3,20,13.43,0.6715
21,66,4,14,4.31,0.30785714285714283
21,68,0,13,42.66,3.281538461538461
21,68,1,3,7.08,2.36
21,68,2,7,14.31,2.0442857142857145
21,68,3,9,11.1,1.2333333333333334
21,68,4,6,5.06,0.8433333333333333
21,70,0,8,18.66,2.3325
21,70,1,3,2.53,0.8433333333333333
21,70,2,17,5.36,0.31529411764705884
21,70,3,8,2.09,0.26125
21,70,4,4,0.53,0.1325
21,78,0,19,30.27,1.593157894736842
21,78,1,16,25.15,1.571875
21,78,2,20,15.3,0.765
21,78,3,1,0.54,0.54
21,78,4,14,0.91,0.065
21,80,0,13,16.13,1.2407692307692306
21,80,1,4,4.9,1.225
21,80,2,10,11.53,1.153
21,80,3,2,2.06,1.03
21,80,4,6,2.2,0.3666666666666667
21,81,0,11,110.01,10.000909090909092
21,81,1,6,55.67,9.278333333333334
21,81,2,18,160.46,8.914444444444445
21,81,3,15,128.83,8.588666666666667
21,81,4,9,35.93,3.9922222222222223
21,87,0,7,19.65,2.807142857142857
21,87,1,15,41.44,2.7626666666666666
21,87,2,12,26.46,2.205
21,87,3,9,14.17,1.5744444444444445
21,87,4,11,10.01,0.91
21,92,0,4,3.24,0.81
21,92,1,4,2.11,0.5275
21,92,2,15,6.79,0.45266666666666666
21,92,3,11,3.26,0.29636363636363633
21,92,4,11,1.98,0.18
21,96,0,2,2.61,1.305
21,96,1,12,12.94,1.0783333333333334
21,96,2,13,7.21,0.5546153846153846
21,96,3,11,3.66,0.33272727272727276
21,96,4,4,1.03,0.2575
21,97,0,4,15.89,3.9725
21,97,1,18,69.28,3.848888888888889
21,97,2,3,4.75,1.5833333333333333
21,97,3,7,6.07,0.8671428571428572
21,97,4,10,2.86,0.286
21,99,0,1,0.95,0.95
21,99,1,10,8.35,0.835
21,99,2,10,7.56,0.756
21,99,3,4,2.63,0.6575
21,99,4,13,7.48,0.5753846153846154
22,2,0,19,103.26,5.434736842105264
22,2,1,15,44.08,2.9386666666666668
22,2,2,11,25.54,2.321818181818182
22,2,3,10,12.52,1.252
22,2,4,2,1.49,0.745
22,3,0,16,20.52,1.2825
22,3,1,8,8.81,1.10125
22,3,2,5,0.73,0.146
22,3,3,17,2.43,0.14294117647058824
22,3,4,8,0.61,0.07625
22,5,0,4,10.53,2.6325
22,5,1,20,46.2,2.31
22,5,2,5,9.65,1.9300000000000002
22,5,3,11,11.45,1.0409090909090908
22,5,4,7,4.33,0.6185714285714285
22,7,0,5,51.18,10.236
22,7,1,15,147.65,9.843333333333334
22,7,2,11,95.52,8.683636363636364
22,7,3,10,55.08,5.508
22,7,4,2,1.35,0.675
22,8,0,11,13.0,1.1818181818181819
22,8,1,11,12.42,1.1290909090909091
22,8,2,18,18.77,1.0427777777777778
22,8,3,11,8.46,0.7690909090909092
22,8,4,16,3.14,0.19625
22,11,0,6,7.24,1.2066666666666668
22,11,1,7,7.96,1.1371428571428572
22,11,2,15,16.9,1.1266666666666665
22,11,3,9,9.57,1.0633333333333335
22,11,4,17,11.46,0.6741176470588236
22,13,0,9,20.36,2.2622222222222224
22,13,1,17,35.06,2.0623529411764707
22,13,2,9,14.96,1.6622222222222223
22,13,3,8,13.24,1.655
22,13,4,1,1.31,1.31
22,15,0,13,11.3,0.8692307692307693
22,15,1,16,10.84,0.6775
22,15,2,18,4.64,0.2577777777777778
22,15,3,13,2.44,0.18769230769230769
22,15,4,4,0.41,0.1025
22,17,0,14,13.01,0.9292857142857143
22,17,1,8,6.8,0.85
22,17,2,4,3.39,0.8475
22,17,3,18,13.19,0.7327777777777778
22,17,4,12,8.5,0.7083333333333334
22,19,0,9,19.6,2.177777777777778
22,19,1,20,40.0,2.0
22,19,2,4,2.62,0.655
22,19,3,8,3.82,0.4775
22,19,4,2,0.58,0.29
22,21,0,7,6.15,0.8785714285714287
22,21,1,9,5.69,0.6322222222222222
22,21,2,16,7.95,0.496875
22,21,3,20,4.52,0.22599999999999998
22,21,4,4,0.38,0.095
22,24,0,13,31.92,2.4553846153846157
22,24,1,12,24.21,2.0175
22,24,2,16,27.21,1.700625
22,24,3,1,1.42,1.42
22,24,4,17,9.59,0.5641176470588235
22,27,0,18,54.38,3.0211111111111113
22,27,1,5,8.48,1.6960000000000002
22,27,2,17,28.24,1.6611764705882353
22,27,3,4,1.61,0.4025
22,27,4,2,0.52,0.26
22,28,0,16,9.45,0.590625
22,28,1,4,2.23,0.5575
22,28,2,7,1.94,0.27714285714285714
22,28,3,13,3.23,0.24846153846153846
22,28,4,1,0.13,0.13
22,30,0,13,36.66,2.82
22,30,1,15,30.68,2.0453333333333332
22,30,2,12,24.43,2.035833333333333
22,30,3,15,30.47,2.0313333333333334
22,30,4,8,6.43,0.80375
22,31,0,12,5.51,0.45916666666666667
22,31,1,17,4.23,0.24882352941176472
22,31,2,2,0.49,0.245
22,31,3,17,2.88,0.16941176470588235
22,31,4,19,0.43,0.02263157894736842
22,33,0,4,26.12,6.53
22,33,1,4,19.03,4.7575
22,33,2,2,7.14,3.57
22,33,3,7,23.6,3.3714285714285714
22,33,4,3,5.68,1.8933333333333333
22,34,0,9,3.76,0.41777777777777775
22,34,1,14,3.3,0.2357142857142857
22,34,2,1,0.22,0.22
22,34,3,9,0.64,0.07111111111111111
22,34,4,14,0.84,0.06
22,35,0,15,28.67,1.9113333333333336
22,35,1,20,37.64,1.8820000000000001
22,35,2,20,27.76,1.3880000000000001
22,35,3,20,16.02,0.8009999999999999
22,35,4,11,1.02,0.09272727272727273
22,37,0,1,0.79,0.79
22,37,1,14,7.35,0.525
22,37,2,18,5.79,0.32166666666666666
22,37,3,12,1.67,0.13916666666666666
22,37,4,1,0.1,0.1
22,38,0,10,95.61,9.561
22,38,1,9,83.5,9.277777777777779
22,38,2,13,95.33,7.333076923076923
22,38,3,8,52.82,6.6025
22,38,4,9,11.43,1.27
22,39,0,5,4.77,0.954
22,39,1,9,4.51,0.5011111111111111
22,39,2,12,4.91,0.4091666666666667
22,39,3,13,5.31,0.40846153846153843
22,39,4,13,2.32,0.17846153846153845
22,43,0,19,36.11,1.9005263157894736
22,43,1,12,21.2,1.7666666666666666
22,43,2,4,7.0,1.75
22,43,3,11,10.58,0.9618181818181818
22,43,4,12,4.42,0.36833333333333335
22,46,0,13,39.55,3.042307692307692
22,46,1,19,43.62,2.2957894736842106
22,46,2,18,37.64,2.091111111111111
22,46,3,4,4.91,1.2275
22,46,4,8,2.5,0.3125
22,47,0,9,30.65,3.4055555555555554
22,47,1,16,52.91,3.306875
22,47,2,5,14.06,2.8120000000000003
22,47,3,6,6.45,1.075
22,47,4,13,4.4,0.3384615384615385
22,49,0,8,15.16,1.895
22,49,1,9,7.54,0.8377777777777777
22,49,2,1,0.75,0.75
22,49,3,9,4.08,0.45333333333333337
22,49,4,18,3.97,0.22055555555555556
22,50,0,11,90.68,8.243636363636364
22,50,1,11,87.17,7.924545454545455
22,50,2,9,31.06,3.451111111111111
22,50,3,11,28.86,2.6236363636363635
22,50,4,3,6.65,2.216666666666667
22,51,0,17,22.23,1.3076470588235294
22,51,1,18,17.38,0.9655555555555555
22,51,2,10,9.2,0.9199999999999999
22,51,3,2,0.6,0.3
22,51,4,4,1.07,0.2675
22,52,0,5,14.77,2.9539999999999997
22,52,1,17,44.94,2.643529411764706
22,52,2,6,7.51,1.2516666666666667
22,52,3,18,19.95,1.1083333333333334
22,52,4,12,4.92,0.41
22,53,0,17,170.95,10.055882352941175
22,53,1,8,67.23,8.40375
22,53,2,8,51.95,6.49375
22,53,3,17,89.07,5.239411764705882
22,53,4,4,4.5,1.125
22,55,0,14,28.18,2.012857142857143
22,55,1,5,6.63,1.326
22,55,2,13,9.86,0.7584615384615384
22,55,3,8,5.39,0.67375
22,55,4,17,11.06,0.6505882352941177
22,61,0,14,24.31,1.7364285714285714
22,61,1,11,15.76,1.4327272727272726
22,61,2,17,16.43,0.9664705882352941
22,61,3,16,12.85,0.803125
22,61,4,12,2.29,0.19083333333333333
22,64,0,13,23.73,1.8253846153846154
22,64,1,5,7.67,1.534
22,64,2,18,7.6,0.4222222222222222
22,64,3,9,2.51,0.27888888888888885
22,64,4,5,1.23,0.246
22,66,0,9,36.42,4.046666666666667
22,66,1,2,6.59,3.295
22,66,2,16,49.4,3.0875
22,66,3,20,21.52,1.076
22,66,4,7,5.54,0.7914285714285715
22,68,0,2,7.44,3.72
22,68,1,6,15.0,2.5
22,68,2,15,36.03,2.402
22,68,3,5,9.79,1.9579999999999997
22,68,4,11,11.02,1.0018181818181817
22,70,0,1,1.77,1.77
22,70,1,6,10.15,1.6916666666666667
22,70,2,9,13.72,1.5244444444444445
22,70,3,6,5.44,0.9066666666666667
22,70,4,5,4.03,0.806
22,78,0,16,29.92,1.87
22,78,1,7,11.61,1.6585714285714286
22,78,2,5,7.18,1.436
22,78,3,10,5.73,0.5730000000000001
22,78,4,12,1.02,0.085
22,80,0,9,18.3,2.033333333333333
22,80,1,20,35.98,1.799
22,80,2,1,1.21,1.21
22,80,3,10,7.53,0.753
22,80,4,11,4.23,0.3845454545454546
22,81,0,6,33.07,5.511666666666667
22,81,1,4,16.96,4.24
22,81,2,6,20.65,3.4416666666666664
22,81,3,1,1.79,1.79
22,81,4,14,7.09,0.5064285714285715
22,87,0,2,8.15,4.075
22,87,1,6,18.19,3.0316666666666667
22,87,2,17,50.33,2.9605882352941175
22,87,3,16,46.05,2.878125
22,87,4,8,11.01,1.37625
22,92,0,13,5.42,0.4169230769230769
22,92,1,6,1.63,0.27166666666666667
22,92,2,4,0.8,0.2
22,92,3,1,0.09,0.09
22,92,4,11,0.29,0.026363636363636363
22,96,0,13,18.04,1.3876923076923076
22,96,1,13,17.2,1.323076923076923
22,96,2,5,5.0,1.0
22,96,3,4,3.95,0.9875
22,96,4,11,9.02,0.82
22,97,0,17,85.66,5.038823529411765
22,97,1,10,34.86,3.4859999999999998
22,97,2,19,48.81,2.568947368421053
22,97,3,6,9.65,1.6083333333333334
22,97,4,8,9.44,1.18
22,99,0,4,1.17,0.2925
22,99,1,14,3.02,0.21571428571428572
22,99,2,11,2.19,0.1990909090909091
22,99,3,8,1.52,0.19
22,99,4,10,0.18,0.018
24,2,0,13,87.17,6.705384615384616
24,2,1,15,69.53,4.6353333333333335
24,2,2,11,37.75,3.4318181818181817
24,2,3,15,19.43,1.2953333333333332
24,2,4,17,17.42,1.0247058823529414
24,3,0,12,30.89,2.5741666666666667
24,3,1,4,9.98,2.495
24,3,2,15,24.09,1.606
24,3,3,3,4.55,1.5166666666666666
24,3,4,15,16.99,1.1326666666666665
24,5,0,15,4.54,0.3026666666666667
24,5,1,18,2.93,0.1627777777777778
24,5,2,2,0.28,0.14
24,5,3,20,2.68,0.134
24,5,4,11,0.62,0.056363636363636366
24,7,0,6,58.41,9.735
24,7,1,10,73.35,7.334999999999999
24,7,2,5,30.87,6.174
24,7,3,6,21.86,3.643333333333333
24,7,4,4,1.85,0.4625
24,8,0,8,14.99,1.87375
24,8,1,12,21.31,1.7758333333333332
24,8,2,4,6.87,1.7175
24,8,3,8,12.32,1.54
24,8,4,19,9.69,0.51
24,11,0,16,44.75,2.796875
24,11,1,4,7.56,1.89
24,11,2,16,26.29,1.643125
24,11,3,1,1.62,1.62
24,11,4,9,5.31,0.59
24,13,0,10,35.94,3.594
24,13,1,20,56.93,2.8465
24,13,2,16,44.1,2.75625
24,13,3,13,17.61,1.3546153846153846
24,13,4,2,0.43,0.215
24,15,0,8,24.81,3.10125
24,15,1,5,15.35,3.07
24,15,2,17,47.87,2.8158823529411765
24,15,3,14,26.99,1.9278571428571427
24,15,4,5,2.94,0.588
24,17,0,7,10.54,1.5057142857142856
24,17,1,18,23.31,1.295
24,17,2,12,12.95,1.0791666666666666
24,17,3,13,8.93,0.6869230769230769
24,17,4,20,9.25,0.4625
24,19,0,1,0.84,0.84
24,19,1,3,1.98,0.66
24,19,2,7,4.26,0.6085714285714285
24,19,3,9,2.07,0.22999999999999998
24,19,4,9,0.83,0.09222222222222222
24,21,0,16,29.32,1.8325
24,21,1,5,4.88,0.976
24,21,2,16,15.15,0.946875
24,21,3,2,0.93,0.465
24,21,4,4,1.82,0.455
24,22,0,16,40.73,2.545625
24,22,1,13,32.74,2.5184615384615388
24,22,2,10,10.49,1.049
24,22,3,2,1.63,0.815
24,22,4,9,6.48,0.7200000000000001
24,27,0,17,56.11,3.300588235294118
24,27,1,20,60.6,3.0300000000000002
24,27,2,12,35.0,2.9166666666666665
24,27,3,15,26.5,1.7666666666666666
24,27,4,8,8.86,1.1075
24,28,0,18,35.32,1.9622222222222223
24,28,1,2,2.95,1.475
24,28,2,3,2.73,0.91
24,28,3,14,5.76,0.4114285714285714
24,28,4,4,1.03,0.2575
24,30,0,10,40.29,4.029
24,30,1,20,49.91,2.4955
24,30,2,4,4.48,1.12
24,30,3,17,12.08,0.7105882352941176
24,30,4,16,3.59,0.224375
24,31,0,8,22.2,2.775
24,31,1,3,8.03,2.6766666666666663
24,31,2,1,1.39,1.39
24,31,3,10,13.26,1.326
24,31,4,12,13.08,1.09
24,33,0,13,61.87,4.759230769230769
24,33,1,11,37.04,3.367272727272727
24,33,2,6,17.26,2.876666666666667
24,33,3,6,14.91,2.485
24,33,4,15,12.68,0.8453333333333333
24,34,0,20,49.66,2.4829999999999997
24,34,1,18,38.71,2.1505555555555556
24,34,2,11,12.52,1.1381818181818182
24,34,3,1,0.88,0.88
24,34,4,5,1.06,0.21200000000000002
24,35,0,9,16.8,1.8666666666666667
24,35,1,19,32.18,1.6936842105263157
24,35,2,18,20.0,1.1111111111111112
24,35,3,20,19.71,0.9855
24,35,4,15,10.79,0.7193333333333333
24,37,0,4,5.92,1.48
24,37,1,5,4.93,0.986
24,37,2,13,7.99,0.6146153846153847
24,37,3,14,6.43,0.45928571428571424
24,37,4,4,0.48,0.12
24,38,0,15,131.87,8.791333333333334
24,38,1,4,23.41,5.8525
24,38,2,10,58.04,5.804
24,38,3,6,33.48,5.579999999999999
24,38,4,9,39.64,4.404444444444445
24,39,0,9,23.11,2.5677777777777777
24,39,1,16,39.34,2.45875
24,39,2,15,35.28,2.352
24,39,3,18,24.82,1.3788888888888888
24,39,4,10,9.93,0.993
24,43,0,3,9.47,3.1566666666666667
24,43,1,12,34.61,2.8841666666666668
24,43,2,8,13.13,1.64125
24,43,3,19,29.92,1.5747368421052632
24,43,4,6,8.91,1.485
24,46,0,15,39.45,2.6300000000000003
24,46,1,2,3.92,1.96
24,46,2,7,9.03,1.2899999999999998
24,46,3,8,9.97,1.24625
24,46,4,6,2.06,0.3433333333333333
24,47,0,9,9.96,1.1066666666666667
24,47,1,8,8.23,1.02875
24,47,2,12,12.16,1.0133333333333334
24,47,3,3,1.59,0.53
24,47,4,7,3.09,0.4414285714285714
24,49,0,7,7.26,1.0371428571428571
24,49,1,17,15.8,0.9294117647058824
24,49,2,19,12.12,0.6378947368421052
24,49,3,6,2.63,0.4383333333333333
24,49,4,4,1.07,0.2675
24,50,0,10,68.31,6.831
24,50,1,20,110.72,5.536
24,50,2,11,55.94,5.085454545454545
24,50,3,10,33.74,3.374
24,50,4,4,7.48,1.87
24,51,0,8,10.63,1.32875
24,51,1,7,9.09,1.2985714285714285
24,51,2,6,5.5,0.9166666666666666
24,51,3,11,8.13,0.7390909090909091
24,51,4,13,6.91,0.5315384615384615
24,52,0,2,5.87,2.935
24,52,1,10,25.12,2.512
24,52,2,4,9.98,2.495
24,52,3,7,17.05,2.435714285714286
24,52,4,11,21.82,1.9836363636363636
24,53,0,15,110.86,7.390666666666666
24,53,1,4,19.97,4.9925
24,53,2,1,2.38,2.38
24,53,3,13,23.59,1.8146153846153845
24,53,4,19,8.24,0.4336842105263158
24,55,0,2,7.66,3.83
24,55,1,1,3.49,3.49
24,55,2,14,29.42,2.1014285714285714
24,55,3,9,16.35,1.8166666666666669
24,55,4,11,2.97,0.27
24,61,0,2,5.91,2.955
24,61,1,15,41.46,2.7640000000000002
24,61,2,12,32.21,2.6841666666666666
24,61,3,13,14.74,1.133846153846154
24,61,4,6,3.31,0.5516666666666666
24,64,0,2,5.7,2.85
24,64,1,5,13.4,2.68
24,64,2,4,7.93,1.9825
24,64,3,9,13.57,1.5077777777777779
24,64,4,14,5.73,0.4092857142857143
24,66,0,19,85.98,4.525263157894737
24,66,1,7,30.76,4.394285714285714
24,66,2,19,67.12,3.5326315789473686
24,66,3,13,45.45,3.496153846153846
24,66,4,19,11.91,0.6268421052631579
24,68,0,10,18.29,1.829
24,68,1,4,4.53,1.1325
24,68,2,14,11.09,0.7921428571428571
24,68,3,5,2.53,0.506
24,68,4,15,3.63,0.242
24,70,0,7,11.29,1.6128571428571428
24,70,1,16,20.63,1.289375
24,70,2,4,3.98,0.995
24,70,3,16,10.47,0.654375
24,70,4,4,1.79,0.4475
24,78,0,5,15.77,3.154
24,78,1,5,14.14,2.8280000000000003
24,78,2,1,2.7,2.7
24,78,3,18,36.13,2.0072222222222225
24,78,4,9,11.33,1.258888888888889
24,80,0,16,48.09,3.005625
24,80,1,6,8.78,1.4633333333333332
24,80,2,9,12.35,1.3722222222222222
24,80,3,15,19.18,1.2786666666666666
24,80,4,1,1.04,1.04
24,81,0,13,132.99,10.23
24,81,1,3,28.11,9.37
24,81,2,20,171.76,8.588
24,81,3,14,43.52,3.108571428571429
24,81,4,5,15.52,3.104
24,87,0,11,38.51,3.5009090909090905
24,87,1,2,6.88,3.44
24,87,2,2,6.03,3.015
24,87,3,8,22.72,2.84
24,87,4,6,4.25,0.7083333333333334
24,92,0,15,17.64,1.176
24,92,1,4,3.84,0.96
24,92,2,4,3.33,0.8325
24,92,3,12,7.84,0.6533333333333333
24,92,4,2,1.18,0.59
24,96,0,18,24.0,1.3333333333333333
24,96,1,10,13.0,1.3
24,96,2,10,12.08,1.208
24,96,3,1,1.12,1.12
24,96,4,5,4.53,0.906
24,97,0,20,33.86,1.693
24,97,1,12,17.71,1.4758333333333333
24,97,2,10,5.54,0.554
24,97,3,6,2.22,0.37000000000000005
24,97,4,16,2.4,0.15
24,99,0,11,16.44,1.4945454545454546
24,99,1,14,17.61,1.2578571428571428
24,99,2,7,8.05,1.1500000000000001
24,99,3,6,6.59,1.0983333333333334
24,99,4,4,1.32,0.33
27,2,0,4,9.97,2.4925
27,2,1,19,45.78,2.409473684210526
27,2,2,11,24.14,2.194545454545455
27,2,3,9,14.83,1.6477777777777778
27,2,4,9,6.46,0.7177777777777777
27,3,0,6,32.14,5.3566666666666665
27,3,1,9,38.52,4.28
27,3,2,8,13.09,1.63625
27,3,3,10,13.9,1.3900000000000001
27,3,4,1,0.88,0.88
27,5,0,15,54.24,3.616
27,5,1,12,29.68,2.473333333333333
27,5,2,10,13.4,1.34
27,5,3,15,9.35,0.6233333333333333
27,5,4,15,8.95,0.5966666666666666
27,7,0,16,76.1,4.75625
27,7,1,5,14.04,2.808
27,7,2,11,30.7,2.790909090909091
27,7,3,2,5.48,2.74
27,7,4,1,0.44,0.44
27,8,0,16,90.29,5.643125
27,8,1,20,72.14,3.607
27,8,2,20,40.74,2.037
27,8,3,13,23.68,1.8215384615384616
27,8,4,8,12.67,1.58375
27,11,0,4,22.83,5.7075
27,11,1,4,9.18,2.295
27,11,2,4,8.31,2.0775
27,11,3,12,22.68,1.89
27,11,4,15,13.04,0.8693333333333333
27,13,0,10,59.27,5.9270000000000005
27,13,1,5,21.77,4.354
27,13,2,9,30.06,3.34
27,13,3,8,22.64,2.83
27,13,4,13,14.28,1.0984615384615384
27,15,0,8,46.32,5.79
27,15,1,4,19.65,4.9125
27,15,2,5,23.88,4.776
27,15,3,1,2.2,2.2
27,15,4,12,23.83,1.9858333333333331
27,17,0,14,41.9,2.992857142857143
27,17,1,5,12.97,2.5940000000000003
27,17,2,2,4.51,2.255
27,17,3,16,34.3,2.14375
27,17,4,6,6.65,1.1083333333333334
27,19,0,4,5.31,1.3275
27,19,1,3,3.92,1.3066666666666666
27,19,2,12,13.46,1.1216666666666668
27,19,3,20,22.19,1.1095000000000002
27,19,4,13,9.85,0.7576923076923077
27,21,0,9,35.31,3.923333333333334
27,21,1,5,17.02,3.404
27,21,2,18,45.22,2.5122222222222224
27,21,3,1,1.98,1.98
27,21,4,11,4.81,0.43727272727272726
27,22,0,16,74.51,4.656875
27,22,1,8,33.05,4.13125
27,22,2,5,14.81,2.962
27,22,3,18,49.5,2.75
27,22,4,16,39.19,2.449375
27,24,0,11,41.15,3.7409090909090907
27,24,1,11,40.35,3.6681818181818184
27,24,2,8,25.8,3.225
27,24,3,12,7.1,0.5916666666666667
27,24,4,17,5.44,0.32
27,28,0,13,38.29,2.9453846153846155
27,28,1,14,39.17,2.797857142857143
27,28,2,6,13.18,2.1966666666666668
27,28,3,13,17.05,1.3115384615384615
27,28,4,8,7.27,0.90875
27,30,0,5,9.84,1.968
27,30,1,6,10.61,1.7683333333333333
27,30,2,6,6.07,1.0116666666666667
27,30,3,5,3.42,0.6839999999999999
27,30,4,16,7.31,0.456875
27,31,0,19,76.72,4.037894736842105
27,31,1,1,3.16,3.16
27,31,2,8,18.45,2.30625
27,31,3,1,1.73,1.73
27,31,4,9,13.25,1.4722222222222223
27,33,0,7,20.14,2.8771428571428572
27,33,1,1,1.88,1.88
27,33,2,20,27.31,1.3655
27,33,3,7,8.5,1.2142857142857142
27,33,4,1,0.5,0.5
27,34,0,7,30.9,4.414285714285714
27,34,1,15,59.36,3.957333333333333
27,34,2,18,66.49,3.6938888888888886
27,34,3,2,6.08,3.04
27,34,4,5,14.46,2.8920000000000003
27,35,0,9,21.26,2.3622222222222224
27,35,1,20,41.41,2.0705
27,35,2,6,3.48,0.58
27,35,3,14,4.71,0.3364285714285714
27,35,4,4,1.23,0.3075
27,37,0,3,11.67,3.89
27,37,1,14,47.15,3.367857142857143
27,37,2,14,44.16,3.154285714285714
27,37,3,8,10.37,1.29625
27,37,4,5,2.67,0.534
27,38,0,6,29.18,4.863333333333333
27,38,1,20,94.19,4.7095
27,38,2,5,20.3,4.0600000000000005
27,38,3,9,25.37,2.818888888888889
27,38,4,16,12.9,0.80625
27,39,0,14,62.25,4.446428571428571
27,39,1,10,43.53,4.353
27,39,2,9,23.72,2.6355555555555554
27,39,3,13,25.08,1.929230769230769
27,39,4,13,24.64,1.8953846153846154
27,43,0,1,6.94,6.94
27,43,1,16,23.42,1.46375
27,43,2,17,19.08,1.1223529411764706
27,43,3,2,0.94,0.47
27,43,4,2,0.65,0.325
27,46,0,2,2.77,1.385
27,46,1,9,11.49,1.2766666666666666
27,46,2,4,4.83,1.2075
27,46,3,17,13.71,0.8064705882352942
27,46,4,20,15.71,0.7855000000000001
27,47,0,1,4.36,4.36
27,47,1,5,10.02,2.004
27,47,2,18,32.95,1.8305555555555557
27,47,3,15,15.09,1.006
27,47,4,4,3.74,0.935
27,49,0,8,26.48,3.31
27,49,1,17,20.93,1.2311764705882353
27,49,2,15,17.17,1.1446666666666667
27,49,3,8,6.74,0.8425
27,49,4,20,8.49,0.4245
27,50,0,13,68.76,5.28923076923077
27,50,1,9,43.3,4.811111111111111
27,50,2,13,35.86,2.7584615384615385
27,50,3,6,14.97,2.495
27,50,4,5,1.46,0.292
27,51,0,18,47.84,2.657777777777778
27,51,1,18,23.15,1.286111111111111
27,51,2,5,5.06,1.012
27,51,3,16,7.86,0.49125
27,51,4,6,1.58,0.26333333333333336
27,52,0,11,14.03,1.2754545454545454
27,52,1,3,3.56,1.1866666666666668
27,52,2,10,9.19,0.9189999999999999
27,52,3,15,11.81,0.7873333333333333
27,52,4,8,1.7,0.2125
27,53,0,12,73.03,6.085833333333333
27,53,1,2,9.45,4.725
27,53,2,18,77.23,4.290555555555556
27,53,3,1,2.77,2.77
27,53,4,12,27.88,2.3233333333333333
27,55,0,20,60.55,3.0275
27,55,1,3,8.77,2.9233333333333333
27,55,2,5,10.92,2.184
27,55,3,15,31.46,2.0973333333333333
27,55,4,11,1.82,0.16545454545454547
27,61,0,16,49.84,3.115
27,61,1,14,26.35,1.8821428571428573
27,61,2,2,2.43,1.215
27,61,3,3,2.19,0.73
27,61,4,10,2.72,0.272
27,64,0,20,129.68,6.484
27,64,1,8,38.1,4.7625
27,64,2,19,85.48,4.498947368421053
27,64,3,4,9.95,2.4875
27,64,4,11,21.94,1.9945454545454546
27,66,0,1,0.87,0.87
27,66,1,10,5.43,0.5429999999999999
27,66,2,9,3.33,0.37
27,66,3,6,1.05,0.17500000000000002
27,66,4,5,0.82,0.16399999999999998
27,68,0,15,68.2,4.546666666666667
27,68,1,5,11.38,2.2760000000000002
27,68,2,8,14.63,1.82875
27,68,3,19,18.15,0.9552631578947368
27,68,4,6,1.52,0.25333333333333335
27,70,0,9,36.71,4.078888888888889
27,70,1,20,79.53,3.9765
27,70,2,3,11.71,3.9033333333333338
27,70,3,12,33.37,2.7808333333333333
27,70,4,15,40.59,2.7060000000000004
27,78,0,10,23.63,2.363
27,78,1,6,12.78,2.13
27,78,2,15,31.02,2.068
27,78,3,2,3.48,1.74
27,78,4,8,1.98,0.2475
27,80,0,16,35.54,2.22125
27,80,1,12,13.41,1.1175
27,80,2,16,16.93,1.058125
27,80,3,16,12.5,0.78125
27,80,4,12,8.16,0.68
27,81,0,7,47.4,6.771428571428571
27,81,1,12,59.72,4.976666666666667
27,81,2,1,4.82,4.82
27,81,3,9,27.9,3.0999999999999996
27,81,4,17,29.94,1.7611764705882353
27,87,0,13,10.65,0.8192307692307692
27,87,1,9,6.47,0.7188888888888889
27,87,2,15,7.62,0.508
27,87,3,13,3.54,0.2723076923076923
27,87,4,12,1.95,0.1625
27,92,0,20,88.36,4.418
27,92,1,6,17.97,2.9949999999999997
27,92,2,2,5.96,2.98
27,92,3,4,5.19,1.2975
27,92,4,18,4.05,0.22499999999999998
27,96,0,20,105.22,5.261
27,96,1,8,39.42,4.9275
27,96,2,15,55.95,3.73
27,96,3,7,25.2,3.6
27,96,4,12,36.44,3.0366666666666666
27,97,0,13,61.16,4.704615384615384
27,97,1,19,78.39,4.12578947368421
27,97,2,1,3.49,3.49
27,97,3,2,6.03,3.015
27,97,4,16,11.51,0.719375
27,99,0,8,39.54,4.9425
27,99,1,5,16.13,3.226
27,99,2,4,12.71,3.1775
27,99,3,4,1.63,0.4075
27,99,4,3,1.05,0.35000000000000003
28,2,0,3,15.85,5.283333333333333
28,2,1,1,4.97,4.97
28,2,2,8,37.02,4.6275
28,2,3,2,5.55,2.775
28,2,4,13,27.5,2.1153846153846154
28,3,0,12,22.82,1.9016666666666666
28,3,1,6,9.61,1.6016666666666666
28,3,2,16,20.38,1.27375
28,3,3,20,10.54,0.5269999999999999
28,3,4,13,5.8,0.4461538461538461
28,5,0,5,11.31,2.262
28,5,1,10,19.53,1.953
28,5,2,5,9.01,1.802
28,5,3,7,11.68,1.6685714285714286
28,5,4,5,3.47,0.6940000000000001
28,7,0,9,81.45,9.05
28,7,1,6,50.68,8.446666666666667
28,7,2,20,104.48,5.224
28,7,3,17,82.83,4.87235294117647
28,7,4,13,8.05,0.6192307692307693
28,8,0,6,10.71,1.7850000000000001
28,8,1,11,16.61,1.51
28,8,2,17,22.22,1.3070588235294116
28,8,3,15,18.27,1.218
28,8,4,11,10.71,0.9736363636363637
28,11,0,13,25.72,1.9784615384615383
28,11,1,2,2.93,1.465
28,11,2,19,21.32,1.1221052631578947
28,11,3,14,15.6,1.1142857142857143
28,11,4,4,0.89,0.2225
28,13,0,16,56.62,3.53875
28,13,1,11,38.3,3.4818181818181815
28,13,2,15,50.21,3.3473333333333333
28,13,3,1,1.69,1.69
28,13,4,3,0.97,0.3233333333333333
28,15,0,4,6.29,1.5725
28,15,1,20,16.6,0.8300000000000001
28,15,2,19,10.9,0.5736842105263158
28,15,3,19,8.82,0.46421052631578946
28,15,4,5,2.23,0.446
28,17,0,19,12.29,0.6468421052631579
28,17,1,20,10.16,0.508
28,17,2,20,7.71,0.3855
28,17,3,2,0.68,0.34
28,17,4,14,1.6,0.1142857142857143
28,19,0,11,16.11,1.4645454545454546
28,19,1,17,20.07,1.1805882352941177
28,19,2,12,13.49,1.1241666666666668
28,19,3,19,18.4,0.9684210526315788
28,19,4,11,5.86,0.5327272727272727
28,21,0,4,1.2,0.3
28,21,1,9,2.67,0.29666666666666663
28,21,2,3,0.86,0.2866666666666667
28,21,3,1,0.2,0.2
28,21,4,12,0.22,0.018333333333333333
28,22,0,12,8.35,0.6958333333333333
28,22,1,9,4.87,0.5411111111111111
28,22,2,4,1.1,0.275
28,22,3,5,1.14,0.22799999999999998
28,22,4,2,0.42,0.21
28,24,0,15,31.61,2.1073333333333335
28,24,1,4,6.07,1.5175
28,24,2,7,5.85,0.8357142857142856
28,24,3,6,1.44,0.24
28,24,4,16,2.03,0.126875
28,27,0,6,20.64,3.44
28,27,1,10,33.73,3.3729999999999998
28,27,2,11,14.5,1.3181818181818181
28,27,3,8,5.14,0.6425
28,27,4,7,2.23,0.31857142857142856
28,30,0,9,19.05,2.1166666666666667
28,30,1,6,10.27,1.7116666666666667
28,30,2,5,6.59,1.318
28,30,3,2,0.43,0.215
28,30,4,17,2.76,0.1623529411764706
28,31,0,16,12.03,0.751875
28,31,1,17,12.21,0.7182352941176471
28,31,2,11,6.14,0.5581818181818181
28,31,3,7,2.44,0.3485714285714286
28,31,4,15,5.13,0.34199999999999997
28,33,0,13,88.12,6.7784615384615385
28,33,1,14,89.86,6.418571428571428
28,33,2,16,55.29,3.455625
28,33,3,9,22.48,2.497777777777778
28,33,4,18,8.1,0.44999999999999996
28,34,0,19,22.17,1.166842105263158
28,34,1,15,9.43,0.6286666666666666
28,34,2,18,7.36,0.4088888888888889
28,34,3,3,0.78,0.26
28,34,4,20,1.52,0.076
28,35,0,18,18.71,1.0394444444444444
28,35,1,17,12.96,0.7623529411764707
28,35,2,3,2.15,0.7166666666666667
28,35,3,16,3.5,0.21875
28,35,4,13,0.75,0.057692307692307696
28,37,0,3,1.29,0.43
28,37,1,12,3.83,0.31916666666666665
28,37,2,3,0.73,0.24333333333333332
28,37,3,1,0.22,0.22
28,37,4,12,2.62,0.21833333333333335
28,38,0,14,134.61,9.615
28,38,1,20,158.7,7.935
28,38,2,7,44.83,6.404285714285714
28,38,3,12,48.41,4.034166666666667
28,38,4,15,51.99,3.466
28,39,0,2,1.55,0.775
28,39,1,20,9.73,0.48650000000000004
28,39,2,15,7.02,0.46799999999999997
28,39,3,14,4.97,0.355
28,39,4,17,5.44,0.32
28,43,0,17,40.42,2.3776470588235297
28,43,1,3,6.04,2.013333333333333
28,43,2,5,4.32,0.8640000000000001
28,43,3,17,5.66,0.33294117647058824
28,43,4,3,0.93,0.31
28,46,0,10,19.65,1.9649999999999999
28,46,1,7,10.71,1.53
28,46,2,11,5.47,0.49727272727272726
28,46,3,11,3.8,0.34545454545454546
28,46,4,2,0.26,0.13
28,47,0,5,14.69,2.9379999999999997
28,47,1,3,7.38,2.46
28,47,2,10,22.65,2.2649999999999997
28,47,3,6,12.54,2.09
28,47,4,17,5.92,0.34823529411764703
28,49,0,20,26.38,1.319
28,49,1,10,11.75,1.175
28,49,2,19,17.2,0.9052631578947368
28,49,3,3,2.28,0.7599999999999999
28,49,4,3,0.56,0.18666666666666668
28,50,0,13,101.12,7.7784615384615385
28,50,1,4,27.61,6.9025
28,50,2,16,52.85,3.303125
28,50,3,11,23.03,2.0936363636363637
28,50,4,4,6.2,1.55
28,51,0,5,2.81,0.562
28,51,1,10,5.28,0.528
28,51,2,16,6.57,0.410625
28,51,3,4,0.55,0.1375
28,51,4,17,0.55,0.03235294117647059
28,52,0,11,25.8,2.3454545454545457
28,52,1,9,13.97,1.5522222222222224
28,52,2,4,5.57,1.3925
28,52,3,16,20.32,1.27
28,52,4,16,15.35,0.959375
28,53,0,20,124.14,6.207
28,53,1,5,29.99,5.997999999999999
28,53,2,2,11.71,5.855
28,53,3,2,10.87,5.435
28,53,4,9,7.62,0.8466666666666667
28,55,0,6,8.84,1.4733333333333334
28,55,1,15,21.05,1.4033333333333333
28,55,2,12,11.55,0.9625
28,55,3,12,4.92,0.41
28,55,4,18,3.1,0.17222222222222222
28,61,0,3,4.72,1.5733333333333333
28,61,1,12,16.21,1.3508333333333333
28,61,2,19,17.44,0.9178947368421053
28,61,3,13,11.56,0.8892307692307693
28,61,4,7,5.25,0.75
28,64,0,11,20.04,1.8218181818181818
28,64,1,10,17.19,1.719
28,64,2,11,9.53,0.8663636363636363
28,64,3,7,3.17,0.45285714285714285
28,64,4,15,4.12,0.27466666666666667
28,66,0,5,18.22,3.6439999999999997
28,66,1,4,14.23,3.5575
28,66,2,17,57.59,3.3876470588235295
28,66,3,17,48.81,2.871176470588235
28,66,4,5,3.28,0.6559999999999999
28,68,0,9,32.94,3.6599999999999997
28,68,1,17,36.86,2.168235294117647
28,68,2,6,12.79,2.1316666666666664
28,68,3,9,10.88,1.208888888888889
28,68,4,18,19.46,1.0811111111111111
28,70,0,14,33.29,2.3778571428571427
28,70,1,10,20.16,2.016
28,70,2,10,19.69,1.969
28,70,3,9,15.7,1.7444444444444445
28,70,4,10,15.54,1.5539999999999998
28,78,0,18,11.69,0.6494444444444444
28,78,1,16,7.02,0.43875
28,78,2,6,2.14,0.3566666666666667
28,78,3,15,3.04,0.20266666666666666
28,78,4,16,1.72,0.1075
28,80,0,3,3.89,1.2966666666666666
28,80,1,11,11.64,1.0581818181818183
28,80,2,11,8.89,0.8081818181818182
28,80,3,15,11.63,0.7753333333333334
28,80,4,11,0.8,0.07272727272727274
28,81,0,6,56.45,9.408333333333333
28,81,1,16,97.13,6.070625
28,81,2,16,81.79,5.111875
28,81,3,17,83.82,4.930588235294117
28,81,4,16,67.31,4.206875
28,87,0,7,18.49,2.641428571428571
28,87,1,18,42.56,2.3644444444444446
28,87,2,17,17.98,1.0576470588235294
28,87,3,2,2.09,1.045
28,87,4,15,12.82,0.8546666666666667
28,92,0,17,8.33,0.49
28,92,1,19,3.43,0.1805263157894737
28,92,2,13,1.4,0.10769230769230768
28,92,3,15,1.56,0.10400000000000001
28,92,4,1,0.07,0.07
28,96,0,9,16.97,1.8855555555555554
28,96,1,20,35.65,1.7825
28,96,2,8,11.08,1.385
28,96,3,5,6.7,1.34
28,96,4,14,4.83,0.34500000000000003
28,97,0,4,18.18,4.545
28,97,1,15,59.78,3.9853333333333336
28,97,2,12,38.33,3.1941666666666664
28,97,3,3,5.9,1.9666666666666668
28,97,4,2,1.18,0.59
28,99,0,3,2.55,0.85
28,99,1,5,2.68,0.536
28,99,2,5,1.67,0.33399999999999996
28,99,3,4,0.26,0.065
28,99,4,7,0.43,0.06142857142857143
30,2,0,15,57.86,3.8573333333333335
30,2,1,10,36.61,3.661
30,2,2,15,42.04,2.8026666666666666
30,2,3,18,36.74,2.0411111111111113
30,2,4,2,1.98,0.99
30,3,0,9,42.21,4.69
30,3,1,2,8.33,4.165
30,3,2,14,47.53,3.395
30,3,3,8,24.36,3.045
30,3,4,11,2.82,0.25636363636363635
30,5,0,9,32.19,3.576666666666666
30,5,1,6,19.96,3.3266666666666667
30,5,2,19,59.86,3.150526315789474
30,5,3,11,21.49,1.9536363636363634
30,5,4,20,32.23,1.6115
30,7,0,4,23.89,5.9725
30,7,1,1,4.43,4.43
30,7,2,16,46.34,2.89625
30,7,3,19,37.04,1.9494736842105262
30,7,4,6,6.27,1.045
30,8,0,13,32.78,2.5215384615384617
30,8,1,5,9.12,1.8239999999999998
30,8,2,12,19.32,1.61
30,8,3,2,2.87,1.435
30,8,4,1,0.3,0.3
30,11,0,14,45.76,3.2685714285714282
30,11,1,8,23.62,2.9525
30,11,2,14,40.79,2.9135714285714287
30,11,3,17,39.89,2.3464705882352943
30,11,4,19,9.28,0.4884210526315789
30,13,0,1,5.79,5.79
30,13,1,12,67.97,5.664166666666667
30,13,2,10,31.39,3.1390000000000002
30,13,3,17,44.42,2.6129411764705885
30,13,4,13,11.37,0.8746153846153846
30,15,0,3,8.98,2.9933333333333336
30,15,1,13,32.66,2.512307692307692
30,15,2,17,42.4,2.4941176470588236
30,15,3,10,14.74,1.474
30,15,4,18,6.78,0.3766666666666667
30,17,0,17,30.33,1.7841176470588234
30,17,1,20,25.93,1.2965
30,17,2,17,13.49,0.7935294117647059
30,17,3,14,6.56,0.4685714285714285
30,17,4,13,2.13,0.16384615384615384
30,19,0,8,22.32,2.79
30,19,1,11,26.63,2.420909090909091
30,19,2,3,4.93,1.6433333333333333
30,19,3,17,12.86,0.7564705882352941
30,19,4,4,2.26,0.565
30,21,0,8,19.71,2.46375
30,21,1,4,8.87,2.2175
30,21,2,14,26.29,1.877857142857143
30,21,3,7,8.64,1.2342857142857144
30,21,4,5,2.34,0.46799999999999997
30,22,0,2,5.93,2.965
30,22,1,6,16.49,2.748333333333333
30,22,2,14,33.64,2.402857142857143
30,22,3,12,11.51,0.9591666666666666
30,22,4,2,0.94,0.47
30,24,0,13,51.09,3.93
30,24,1,15,53.18,3.5453333333333332
30,24,2,17,22.56,1.3270588235294116
30,24,3,18,9.8,0.5444444444444445
30,24,4,14,4.34,0.31
30,27,0,8,20.11,2.51375
30,27,1,9,15.43,1.7144444444444444
30,27,2,8,8.0,1.0
30,27,3,6,2.47,0.4116666666666667
30,27,4,19,2.5,0.13157894736842105
30,28,0,11,27.39,2.49
30,28,1,15,32.71,2.1806666666666668
30,28,2,17,22.39,1.3170588235294118
30,28,3,9,3.02,0.33555555555555555
30,28,4,3,0.89,0.2966666666666667
30,31,0,7,17.03,2.432857142857143
30,31,1,7,17.01,2.43
30,31,2,2,3.93,1.965
30,31,3,14,20.0,1.4285714285714286
30,31,4,13,7.68,0.5907692307692307
30,33,0,19,90.08,4.741052631578947
30,33,1,5,11.43,2.286
30,33,2,17,28.34,1.6670588235294117
30,33,3,6,7.69,1.2816666666666667
30,33,4,8,2.78,0.3475
30,34,0,1,2.47,2.47
30,34,1,10,23.04,2.304
30,34,2,10,20.94,2.0940000000000003
30,34,3,15,26.25,1.75
30,34,4,14,16.26,1.1614285714285715
30,35,0,8,15.93,1.99125
30,35,1,5,9.93,1.986
30,35,2,20,31.48,1.574
30,35,3,5,4.17,0.834
30,35,4,14,1.53,0.10928571428571429
30,37,0,11,23.71,2.1554545454545457
30,37,1,19,39.65,2.0868421052631576
30,37,2,6,9.01,1.5016666666666667
30,37,3,4,5.56,1.39
30,37,4,2,0.45,0.225
30,38,0,1,6.79,6.79
30,38,1,8,18.42,2.3025
30,38,2,2,4.07,2.035
30,38,3,15,21.37,1.4246666666666667
30,38,4,9,7.99,0.8877777777777778
30,39,0,20,29.77,1.4885
30,39,1,2,2.16,1.08
30,39,2,4,3.75,0.9375
30,39,3,20,14.13,0.7065
30,39,4,5,0.74,0.148
30,43,0,19,95.95,5.05
30,43,1,17,79.7,4.688235294117647
30,43,2,13,27.37,2.1053846153846156
30,43,3,14,28.82,2.0585714285714287
30,43,4,14,20.95,1.4964285714285714
30,46,0,17,56.2,3.3058823529411767
30,46,1,11,23.36,2.1236363636363635
30,46,2,11,20.37,1.8518181818181818
30,46,3,17,30.79,1.8111764705882352
30,46,4,18,23.82,1.3233333333333333
30,47,0,8,36.36,4.545
30,47,1,1,4.24,4.24
30,47,2,20,71.84,3.592
30,47,3,14,39.88,2.8485714285714288
30,47,4,5,2.24,0.44800000000000006
30,49,0,19,58.87,3.0984210526315787
30,49,1,6,13.08,2.18
30,49,2,10,16.21,1.621
30,49,3,5,7.25,1.45
30,49,4,16,22.85,1.428125
30,50,0,18,100.81,5.600555555555555
30,50,1,2,8.78,4.39
30,50,2,13,48.06,3.696923076923077
30,50,3,16,36.32,2.27
30,50,4,17,16.89,0.9935294117647059
30,51,0,3,6.66,2.22
30,51,1,19,38.95,2.0500000000000003
30,51,2,8,12.3,1.5375
30,51,3,2,2.58,1.29
30,51,4,13,3.74,0.2876923076923077
30,52,0,17,29.6,1.7411764705882353
30,52,1,20,33.24,1.6620000000000001
30,52,2,18,28.27,1.5705555555555555
30,52,3,5,7.73,1.546
30,52,4,5,2.09,0.418
30,53,0,1,5.16,5.16
30,53,1,11,45.7,4.154545454545455
30,53,2,5,18.49,3.6979999999999995
30,53,3,1,3.2,3.2
30,53,4,2,3.34,1.67
30,55,0,4,4.89,1.2225
30,55,1,18,20.76,1.1533333333333333
30,55,2,5,5.48,1.096
30,55,3,7,1.7,0.24285714285714285
30,55,4,17,1.67,0.09823529411764706
30,61,0,16,12.77,0.798125
30,61,1,18,12.65,0.7027777777777778
30,61,2,18,8.98,0.49888888888888894
30,61,3,20,9.09,0.4545
30,61,4,16,7.23,0.451875
30,64,0,15,73.08,4.872
30,64,1,8,21.6,2.7
30,64,2,2,3.98,1.99
30,64,3,18,31.35,1.7416666666666667
30,64,4,15,5.56,0.37066666666666664
30,66,0,8,12.62,1.5775
30,66,1,9,12.92,1.4355555555555555
30,66,2,15,18.99,1.2659999999999998
30,66,3,15,3.56,0.23733333333333334
30,66,4,12,1.47,0.1225
30,68,0,11,42.63,3.8754545454545455
30,68,1,17,54.14,3.184705882352941
30,68,2,9,15.62,1.7355555555555555
30,68,3,16,17.98,1.12375
30,68,4,15,12.76,0.8506666666666667
30,70,0,9,33.09,3.676666666666667
30,70,1,2,5.8,2.9
30,70,2,5,4.64,0.9279999999999999
30,70,3,6,3.48,0.58
30,70,4,1,0.46,0.46
30,78,0,13,14.38,1.1061538461538463
30,78,1,10,8.11,0.8109999999999999
30,78,2,6,3.57,0.595
30,78,3,5,1.61,0.322
30,78,4,18,4.73,0.2627777777777778
30,80,0,18,22.11,1.2283333333333333
30,80,1,18,14.32,0.7955555555555556
30,80,2,8,4.21,0.52625
30,80,3,19,2.09,0.10999999999999999
30,80,4,7,0.43,0.06142857142857143
30,81,0,3,21.97,7.323333333333333
30,81,1,12,70.29,5.857500000000001
30,81,2,19,62.46,3.2873684210526317
30,81,3,3,4.44,1.4800000000000002
30,81,4,3,2.09,0.6966666666666667
30,87,0,6,17.78,2.9633333333333334
30,87,1,2,4.09,2.045
30,87,2,9,13.36,1.4844444444444445
30,87,3,16,16.2,1.0125
30,87,4,3,2.67,0.89
30,92,0,13,26.55,2.042307692307692
30,92,1,5,9.8,1.9600000000000002
30,92,2,13,23.74,1.826153846153846
30,92,3,6,8.49,1.415
30,92,4,6,3.41,0.5683333333333334
30,96,0,19,29.37,1.5457894736842106
30,96,1,15,14.95,0.9966666666666666
30,96,2,11,9.76,0.8872727272727272
30,96,3,10,2.8,0.27999999999999997
30,96,4,12,2.21,0.18416666666666667
30,97,0,6,27.04,4.506666666666667
30,97,1,5,15.46,3.092
30,97,2,3,6.39,2.13
30,97,3,13,17.26,1.3276923076923077
30,97,4,6,1.54,0.25666666666666665
30,99,0,20,59.69,2.9844999999999997
30,99,1,19,26.21,1.3794736842105264
30,99,2,13,13.66,1.0507692307692307
30,99,3,5,3.4,0.6799999999999999
30,99,4,6,1.39,0.23166666666666666
31,2,0,17,110.71,6.51235294117647
31,2,1,9,48.94,5.437777777777778
31,2,2,5,26.37,5.274
31,2,3,8,36.51,4.56375
31,2,4,10,14.52,1.452
31,3,0,3,5.81,1.9366666666666665
31,3,1,14,20.62,1.4728571428571429
31,3,2,16,20.09,1.255625
31,3,3,16,16.27,1.016875
31,3,4,1,0.73,0.73
31,5,0,1,0.59,0.59
31,5,1,12,5.44,0.45333333333333337
31,5,2,12,5.18,0.43166666666666664
31,5,3,4,1.61,0.4025
31,5,4,11,2.86,0.26
31,7,0,2,17.12,8.56
31,7,1,17,96.04,5.649411764705882
31,7,2,4,12.03,3.0075
31,7,3,2,4.69,2.345
31,7,4,10,12.75,1.275
31,8,0,1,1.74,1.74
31,8,1,5,5.85,1.17
31,8,2,5,2.13,0.426
31,8,3,8,2.36,0.295
31,8,4,14,1.78,0.12714285714285714
31,11,0,9,16.38,1.8199999999999998
31,11,1,13,21.08,1.6215384615384614
31,11,2,19,19.76,1.04
31,11,3,13,11.96,0.92
31,11,4,13,11.94,0.9184615384615384
31,13,0,1,2.78,2.78
31,13,1,15,34.65,2.31
31,13,2,16,30.61,1.913125
31,13,3,15,26.78,1.7853333333333334
31,13,4,16,18.67,1.166875
31,15,0,6,5.88,0.98
31,15,1,1,0.97,0.97
31,15,2,5,2.38,0.476
31,15,3,9,4.08,0.45333333333333337
31,15,4,15,1.03,0.06866666666666667
31,17,0,7,6.35,0.9071428571428571
31,17,1,19,12.06,0.6347368421052632
31,17,2,10,5.33,0.533
31,17,3,13,6.28,0.48307692307692307
31,17,4,20,6.9,0.34500000000000003
31,19,0,6,13.38,2.23
31,19,1,7,15.2,2.1714285714285713
31,19,2,4,7.7,1.925
31,19,3,18,25.32,1.4066666666666667
31,19,4,5,6.37,1.274
31,21,0,18,11.07,0.615
31,21,1,10,5.25,0.525
31,21,2,7,2.46,0.3514285714285714
31,21,3,14,3.26,0.23285714285714285
31,21,4,18,3.41,0.18944444444444444
31,22,0,7,2.7,0.38571428571428573
31,22,1,4,1.17,0.2925
31,22,2,11,1.78,0.16181818181818183
31,22,3,3,0.27,0.09000000000000001
31,22,4,7,0.28,0.04
31,24,0,2,5.62,2.81
31,24,1,5,5.36,1.072
31,24,2,9,5.63,0.6255555555555555
31,24,3,1,0.6,0.6
31,24,4,19,10.64,0.56
31,27,0,11,53.2,4.836363636363637
31,27,1,20,94.52,4.726
31,27,2,17,77.62,4.565882352941177
31,27,3,2,8.69,4.345
31,27,4,18,34.99,1.943888888888889
31,28,0,1,0.47,0.47
31,28,1,14,2.97,0.21214285714285716
31,28,2,7,1.18,0.16857142857142857
31,28,3,14,1.14,0.08142857142857142
31,28,4,13,0.89,0.06846153846153846
31,30,0,8,20.35,2.54375
31,30,1,1,1.66,1.66
31,30,2,16,25.22,1.57625
31,30,3,20,30.67,1.5335
31,30,4,1,1.29,1.29
31,33,0,11,67.71,6.155454545454545
31,33,1,8,34.56,4.32
31,33,2,19,67.51,3.5531578947368425
31,33,3,14,35.08,2.505714285714286
31,33,4,6,11.96,1.9933333333333334
31,34,0,3,2.08,0.6933333333333334
31,34,1,2,1.22,0.61
31,34,2,2,1.18,0.59
31,34,3,1,0.1,0.1
31,34,4,4,0.15,0.0375
31,35,0,14,15.67,1.1192857142857142
31,35,1,9,6.04,0.6711111111111111
31,35,2,1,0.43,0.43
31,35,3,6,1.82,0.30333333333333334
31,35,4,17,2.74,0.1611764705882353
31,37,0,16,5.16,0.3225
31,37,1,2,0.36,0.18
31,37,2,18,3.01,0.16722222222222222
31,37,3,3,0.35,0.11666666666666665
31,37,4,4,0.23,0.0575
31,38,0,10,95.28,9.528
31,38,1,8,62.1,7.7625
31,38,2,12,59.85,4.9875
31,38,3,4,19.1,4.775
31,38,4,2,2.32,1.16
31,39,0,7,4.16,0.5942857142857143
31,39,1,12,6.56,0.5466666666666666
31,39,2,12,4.82,0.40166666666666667
31,39,3,19,3.59,0.1889473684210526
31,39,4,13,1.52,0.11692307692307692
31,43,0,15,34.3,2.2866666666666666
31,43,1,18,30.54,1.6966666666666665
31,43,2,1,1.0,1.0
31,43,3,13,8.05,0.6192307692307693
31,43,4,18,10.61,0.5894444444444444
31,46,0,9,35.23,3.914444444444444
31,46,1,6,23.36,3.893333333333333
31,46,2,4,14.38,3.595
31,46,3,19,36.26,1.9084210526315788
31,46,4,20,26.62,1.331
31,47,0,4,15.26,3.815
31,47,1,4,14.23,3.5575
31,47,2,20,35.78,1.7890000000000001
31,47,3,5,6.64,1.3279999999999998
31,47,4,2,1.98,0.99
31,49,0,6,13.26,2.21
31,49,1,10,14.31,1.431
31,49,2,6,5.88,0.98
31,49,3,8,4.98,0.6225
31,49,4,20,10.54,0.5269999999999999
31,50,0,7,52.18,7.454285714285715
31,50,1,3,20.89,6.963333333333334
31,50,2,3,10.76,3.5866666666666664
31,50,3,10,13.1,1.31
31,50,4,3,1.64,0.5466666666666666
31,51,0,3,3.17,1.0566666666666666
31,51,1,1,0.66,0.66
31,51,2,5,1.17,0.23399999999999999
31,51,3,10,2.14,0.21400000000000002
31,51,4,20,1.64,0.08199999999999999
31,52,0,18,61.73,3.429444444444444
31,52,1,19,57.67,3.035263157894737
31,52,2,19,56.01,2.9478947368421053
31,52,3,7,7.19,1.0271428571428571
31,52,4,19,10.2,0.5368421052631579
31,53,0,16,120.8,7.55
31,53,1,13,64.55,4.9653846153846155
31,53,2,8,35.37,4.42125
31,53,3,13,56.85,4.3730769230769235
31,53,4,8,24.84,3.105
31,55,0,9,8.54,0.9488888888888888
31,55,1,2,1.82,0.91
31,55,2,6,3.87,0.645
31,55,3,6,1.72,0.2866666666666667
31,55,4,8,0.95,0.11875
31,61,0,15,25.65,1.71
31,61,1,6,9.86,1.6433333333333333
31,61,2,12,16.46,1.3716666666666668
31,61,3,1,0.95,0.95
31,61,4,8,4.29,0.53625
31,64,0,2,4.16,2.08
31,64,1,9,18.48,2.0533333333333332
31,64,2,17,27.09,1.5935294117647059
31,64,3,9,6.08,0.6755555555555556
31,64,4,20,7.56,0.378
31,66,0,11,49.1,4.463636363636364
31,66,1,15,49.22,3.2813333333333334
31,66,2,10,24.4,2.44
31,66,3,16,34.48,2.155
31,66,4,11,21.98,1.9981818181818183
31,68,0,15,56.67,3.778
31,68,1,15,47.45,3.1633333333333336
31,68,2,20,18.34,0.917
31,68,3,18,14.41,0.8005555555555556
31,68,4,1,0.49,0.49
31,70,0,5,9.13,1.826
31,70,1,16,27.83,1.739375
31,70,2,16,22.61,1.413125
31,70,3,5,6.54,1.308
31,70,4,4,4.09,1.0225
31,78,0,8,12.08,1.51
31,78,1,17,17.24,1.0141176470588233
31,78,2,7,6.23,0.89
31,78,3,2,1.7,0.85
31,78,4,12,8.08,0.6733333333333333
31,80,0,2,4.21,2.105
31,80,1,16,33.25,2.078125
31,80,2,5,7.82,1.564
31,80,3,12,14.55,1.2125000000000001
31,80,4,20,14.45,0.7224999999999999
31,81,0,8,82.11,10.26375
31,81,1,19,118.11,6.2163157894736845
31,81,2,16,76.69,4.793125
31,81,3,12,48.31,4.025833333333334
31,81,4,4,13.62,3.405
31,87,0,6,25.42,4.236666666666667
31,87,1,9,37.17,4.13
31,87,2,6,22.45,3.7416666666666667
31,87,3,11,36.04,3.2763636363636364
31,87,4,14,44.94,3.21
31,92,0,7,2.04,0.2914285714285714
31,92,1,6,1.66,0.27666666666666667
31,92,2,4,0.86,0.215
31,92,3,17,2.43,0.14294117647058824
31,92,4,18,2.19,0.12166666666666666
31,96,0,11,19.92,1.810909090909091
31,96,1,13,23.21,1.7853846153846153
31,96,2,5,4.69,0.9380000000000001
31,96,3,7,4.1,0.5857142857142856
31,96,4,10,4.3,0.43
31,97,0,9,35.88,3.986666666666667
31,97,1,14,42.99,3.0707142857142857
31,97,2,17,46.47,2.7335294117647058
31,97,3,17,38.73,2.2782352941176467
31,97,4,8,17.11,2.13875
31,99,0,11,7.94,0.7218181818181818
31,99,1,11,6.63,0.6027272727272727
31,99,2,14,8.05,0.5750000000000001
31,99,3,3,1.21,0.4033333333333333
31,99,4,12,4.44,0.37000000000000005
33,2,0,10,10.9,1.09
33,2,1,4,2.89,0.7225
33,2,2,12,6.67,0.5558333333333333
33,2,3,11,3.3,0.3
33,2,4,1,0.06,0.06
33,3,0,18,112.38,6.243333333333333
33,3,1,15,68.65,4.576666666666667
33,3,2,15,31.32,2.088
33,3,3,15,24.26,1.6173333333333335
33,3,4,19,24.5,1.2894736842105263
33,5,0,6,41.71,6.951666666666667
33,5,1,18,123.4,6.855555555555556
33,5,2,3,15.08,5.026666666666666
33,5,3,3,12.61,4.203333333333333
33,5,4,10,40.8,4.08
33,7,0,11,34.94,3.1763636363636363
33,7,1,20,46.4,2.32
33,7,2,9,16.52,1.8355555555555556
33,7,3,4,1.64,0.41
33,7,4,4,1.53,0.3825
33,8,0,8,68.1,8.5125
33,8,1,10,61.88,6.188000000000001
33,8,2,6,36.88,6.146666666666667
33,8,3,6,15.61,2.6016666666666666
33,8,4,12,8.58,0.715
33,11,0,17,150.49,8.852352941176472
33,11,1,18,156.53,8.696111111111112
33,11,2,20,162.75,8.1375
33,11,3,6,37.57,6.261666666666667
33,11,4,5,16.77,3.354
33,13,0,8,81.81,10.22625
33,13,1,20,203.15,10.1575
33,13,2,3,30.08,10.026666666666666
33,13,3,8,35.84,4.48
33,13,4,12,27.49,2.290833333333333
33,15,0,9,65.02,7.224444444444444
33,15,1,11,78.47,7.133636363636364
33,15,2,3,18.4,6.133333333333333
33,15,3,6,22.76,3.7933333333333334
33,15,4,14,19.94,1.4242857142857144
33,17,0,15,96.75,6.45
33,17,1,17,90.73,5.337058823529412
33,17,2,17,89.3,5.252941176470588
33,17,3,5,19.38,3.876
33,17,4,13,22.89,1.7607692307692309
33,19,0,9,49.16,5.462222222222222
33,19,1,6,30.64,5.1066666666666665
33,19,2,8,39.56,4.945
33,19,3,13,45.13,3.471538461538462
33,19,4,2,1.9,0.95
33,21,0,3,16.71,5.57
33,21,1,15,57.06,3.8040000000000003
33,21,2,12,40.71,3.3925
33,21,3,1,3.13,3.13
33,21,4,19,38.13,2.006842105263158
33,22,0,11,61.53,5.593636363636364
33,22,1,20,109.75,5.4875
33,22,2,9,38.56,4.2844444444444445
33,22,3,7,25.77,3.6814285714285715
33,22,4,17,8.95,0.526470588235294
33,24,0,7,42.86,6.122857142857143
33,24,1,4,22.65,5.6625
33,24,2,14,78.74,5.624285714285714
33,24,3,13,60.74,4.672307692307692
33,24,4,16,32.28,2.0175
33,27,0,17,37.32,2.195294117647059
33,27,1,17,32.08,1.8870588235294117
33,27,2,5,6.1,1.22
33,27,3,12,13.8,1.1500000000000001
33,27,4,10,8.6,0.86
33,28,0,16,107.66,6.72875
33,28,1,16,96.27,6.016875
33,28,2,9,22.22,2.468888888888889
33,28,3,1,1.95,1.95
33,28,4,8,14.42,1.8025
33,30,0,14,66.86,4.775714285714286
33,30,1,20,92.05,4.6025
33,30,2,19,58.33,3.07
33,30,3,6,17.33,2.888333333333333
33,30,4,18,13.05,0.7250000000000001
33,31,0,6,36.2,6.033333333333334
33,31,1,18,96.51,5.361666666666667
33,31,2,20,91.33,4.5665
33,31,3,15,22.83,1.5219999999999998
33,31,4,19,17.51,0.9215789473684212
33,34,0,9,67.09,7.454444444444444
33,34,1,17,102.35,6.020588235294118
33,34,2,4,12.57,3.1425
33,34,3,10,29.91,2.991
33,34,4,16,45.57,2.848125
33,35,0,10,53.33,5.333
33,35,1,5,18.63,3.726
33,35,2,16,30.49,1.905625
33,35,3,10,16.48,1.6480000000000001
33,35,4,2,0.71,0.355
33,37,0,18,96.69,5.371666666666666
33,37,1,19,75.0,3.9473684210526314
33,37,2,7,17.67,2.5242857142857145
33,37,3,19,47.39,2.4942105263157894
33,37,4,13,20.83,1.6023076923076922
33,38,0,1,2.53,2.53
33,38,1,14,34.19,2.442142857142857
33,38,2,14,8.25,0.5892857142857143
33,38,3,18,10.26,0.57
33,38,4,17,5.8,0.3411764705882353
33,39,0,20,110.87,5.5435
33,39,1,19,103.11,5.426842105263158
33,39,2,11,24.6,2.2363636363636363
33,39,3,14,24.49,1.749285714285714
33,39,4,10,7.67,0.767
33,43,0,19,180.68,9.509473684210526
33,43,1,10,85.0,8.5
33,43,2,3,8.58,2.86
33,43,3,15,14.31,0.9540000000000001
33,43,4,15,9.95,0.6633333333333333
33,46,0,1,4.76,4.76
33,46,1,17,78.59,4.622941176470588
33,46,2,10,38.44,3.844
33,46,3,3,10.71,3.5700000000000003
33,46,4,18,35.86,1.9922222222222221
33,47,0,3,21.52,7.173333333333333
33,47,1,13,83.66,6.435384615384615
33,47,2,15,88.71,5.914
33,47,3,9,26.46,2.94
33,47,4,16,35.56,2.2225
33,49,0,2,11.61,5.805
33,49,1,1,2.34,2.34
33,49,2,11,17.12,1.5563636363636364
33,49,3,8,7.34,0.9175
33,49,4,9,5.77,0.6411111111111111
33,50,0,16,40.61,2.538125
33,50,1,7,15.91,2.2728571428571427
33,50,2,9,10.05,1.1166666666666667
33,50,3,19,19.17,1.0089473684210528
33,50,4,14,11.69,0.835
33,51,0,11,69.68,6.334545454545455
33,51,1,1,4.95,4.95
33,51,2,6,28.86,4.81
33,51,3,18,76.79,4.266111111111112
33,51,4,20,26.85,1.3425
33,52,0,17,47.67,2.8041176470588236
33,52,1,20,28.37,1.4185
33,52,2,8,7.63,0.95375
33,52,3,18,11.26,0.6255555555555555
33,52,4,4,1.36,0.34
33,53,0,11,32.69,2.9718181818181817
33,53,1,11,26.13,2.3754545454545455
33,53,2,11,23.52,2.138181818181818
33,53,3,1,1.32,1.32
33,53,4,16,10.8,0.675
33,55,0,17,81.78,4.810588235294118
33,55,1,17,73.4,4.31764705882353
33,55,2,3,9.14,3.046666666666667
33,55,3,8,21.51,2.68875
33,55,4,8,10.94,1.3675
33,61,0,17,77.35,4.55
33,61,1,4,12.87,3.2175
33,61,2,5,13.56,2.712
33,61,3,1,2.46,2.46
33,61,4,7,6.18,0.8828571428571428
33,64,0,6,54.11,9.018333333333333
33,64,1,6,51.45,8.575000000000001
33,64,2,19,159.93,8.417368421052632
33,64,3,13,77.6,5.9692307692307685
33,64,4,9,5.35,0.5944444444444444
33,66,0,8,20.41,2.55125
33,66,1,2,4.9,2.45
33,66,2,20,24.32,1.216
33,66,3,5,2.67,0.534
33,66,4,10,3.59,0.359
33,68,0,17,107.34,6.314117647058824
33,68,1,15,91.21,6.080666666666667
33,68,2,2,11.73,5.865
33,68,3,2,10.34,5.17
33,68,4,12,55.31,4.609166666666667
33,70,0,5,42.66,8.532
33,70,1,7,38.64,5.5200000000000005
33,70,2,12,46.4,3.8666666666666667
33,70,3,2,5.12,2.56
33,70,4,2,1.4,0.7
33,78,0,14,48.84,3.488571428571429
33,78,1,1,2.78,2.78
33,78,2,7,18.47,2.6385714285714283
33,78,3,16,38.91,2.431875
33,78,4,3,4.52,1.5066666666666666
33,80,0,19,78.74,4.144210526315789
33,80,1,15,10.84,0.7226666666666667
33,80,2,8,5.49,0.68625
33,80,3,10,4.71,0.471
33,80,4,11,3.94,0.35818181818181816
33,81,0,1,4.5,4.5
33,81,1,15,65.1,4.34
33,81,2,20,40.72,2.036
33,81,3,18,25.99,1.4438888888888888
33,81,4,16,12.87,0.804375
33,87,0,18,51.43,2.857222222222222
33,87,1,18,47.24,2.6244444444444444
33,87,2,5,9.01,1.802
33,87,3,20,24.5,1.225
33,87,4,13,10.5,0.8076923076923077
33,92,0,16,96.52,6.0325
33,92,1,8,41.58,5.1975
33,92,2,5,21.7,4.34
33,92,3,20,42.52,2.1260000000000003
33,92,4,16,5.46,0.34125
33,96,0,20,146.32,7.316
33,96,1,2,11.07,5.535
33,96,2,12,51.34,4.278333333333333
33,96,3,10,41.08,4.108
33,96,4,14,27.51,1.965
33,97,0,20,99.87,4.9935
33,97,1,8,38.54,4.8175
33,97,2,13,31.44,2.4184615384615387
33,97,3,7,13.51,1.93
33,97,4,15,12.81,0.854
33,99,0,9,68.42,7.602222222222222
33,99,1,17,123.48,7.263529411764706
33,99,2,16,109.04,6.815
33,99,3,5,30.03,6.006
33,99,4,16,91.42,5.71375
34,2,0,8,51.34,6.4175
34,2,1,6,31.53,5.255
34,2,2,3,13.21,4.403333333333333
34,2,3,20,51.91,2.5955
34,2,4,10,25.84,2.584
34,3,0,13,14.36,1.1046153846153846
34,3,1,13,13.28,1.0215384615384615
34,3,2,13,10.58,0.8138461538461539
34,3,3,10,4.23,0.42300000000000004
34,3,4,1,0.38,0.38
34,5,0,11,32.79,2.980909090909091
34,5,1,2,4.44,2.22
34,5,2,6,9.45,1.575
34,5,3,14,15.52,1.1085714285714285
34,5,4,7,3.98,0.5685714285714286
34,7,0,15,147.45,9.83
34,7,1,12,106.45,8.870833333333334
34,7,2,10,25.65,2.565
34,7,3,12,17.71,1.4758333333333333
34,7,4,17,12.31,0.7241176470588235
34,8,0,17,20.11,1.1829411764705882
34,8,1,2,1.08,0.54
34,8,2,1,0.51,0.51
34,8,3,13,3.92,0.30153846153846153
34,8,4,20,5.63,0.2815
34,11,0,7,6.58,0.9400000000000001
34,11,1,5,2.43,0.48600000000000004
34,11,2,10,3.87,0.387
34,11,3,5,0.82,0.16399999999999998
34,11,4,9,1.43,0.15888888888888889
34,13,0,14,30.64,2.1885714285714286
34,13,1,17,23.93,1.4076470588235295
34,13,2,17,21.06,1.2388235294117647
34,13,3,13,15.08,1.16
34,13,4,5,1.96,0.392
34,15,0,4,1.49,0.3725
34,15,1,8,2.55,0.31875
34,15,2,10,1.61,0.161
34,15,3,11,1.65,0.15
34,15,4,10,0.27,0.027000000000000003
34,17,0,16,20.9,1.30625
34,17,1,1,1.13,1.13
34,17,2,14,12.46,0.89
34,17,3,18,9.04,0.5022222222222221
34,17,4,4,0.96,0.24
34,19,0,20,52.17,2.6085000000000003
34,19,1,7,9.86,1.4085714285714286
34,19,2,15,15.89,1.0593333333333335
34,19,3,11,6.27,0.57
34,19,4,13,5.75,0.4423076923076923
34,21,0,1,1.27,1.27
34,21,1,14,16.52,1.18
34,21,2,16,12.95,0.809375
34,21,3,6,3.69,0.615
34,21,4,3,0.35,0.11666666666666665
34,22,0,2,0.62,0.31
34,22,1,13,3.63,0.2792307692307692
34,22,2,12,1.51,0.12583333333333332
34,22,3,2,0.1,0.05
34,22,4,4,0.17,0.0425
34,24,0,10,25.73,2.573
34,24,1,13,27.39,2.106923076923077
34,24,2,16,29.84,1.865
34,24,3,8,10.12,1.265
34,24,4,19,5.33,0.2805263157894737
34,27,0,6,31.86,5.31
34,27,1,11,51.81,4.71
34,27,2,9,23.21,2.578888888888889
34,27,3,8,18.25,2.28125
34,27,4,3,6.37,2.1233333333333335
34,28,0,15,15.65,1.0433333333333334
34,28,1,7,6.56,0.937142857142857
34,28,2,7,6.37,0.91
34,28,3,11,9.01,0.8190909090909091
34,28,4,3,1.92,0.64
34,30,0,15,47.04,3.136
34,30,1,10,22.86,2.286
34,30,2,4,8.72,2.18
34,30,3,14,16.56,1.1828571428571428
34,30,4,11,12.48,1.1345454545454545
34,31,0,15,10.94,0.7293333333333333
34,31,1,6,3.51,0.585
34,31,2,19,10.24,0.5389473684210526
34,31,3,3,0.79,0.26333333333333336
34,31,4,11,1.97,0.17909090909090908
34,33,0,6,45.99,7.665
34,33,1,9,65.55,7.283333333333333
34,33,2,12,70.28,5.8566666666666665
34,33,3,7,34.16,4.88
34,33,4,16,16.15,1.009375
34,35,0,2,4.73,2.365
34,35,1,20,46.33,2.3165
34,35,2,11,24.37,2.2154545454545453
34,35,3,11,22.85,2.0772727272727276
34,35,4,17,30.42,1.7894117647058825
34,37,0,13,15.8,1.2153846153846155
34,37,1,3,3.56,1.1866666666666668
34,37,2,17,15.04,0.8847058823529411
34,37,3,18,12.17,0.6761111111111111
34,37,4,7,1.97,0.2814285714285714
34,38,0,15,128.61,8.574000000000002
34,38,1,9,64.25,7.138888888888889
34,38,2,11,75.79,6.890000000000001
34,38,3,7,33.93,4.847142857142857
34,38,4,19,56.49,2.973157894736842
34,39,0,7,8.65,1.2357142857142858
34,39,1,15,17.69,1.1793333333333333
34,39,2,2,2.21,1.105
34,39,3,5,4.0,0.8
34,39,4,15,8.56,0.5706666666666667
34,43,0,4,5.33,1.3325
34,43,1,6,7.37,1.2283333333333333
34,43,2,17,9.88,0.5811764705882353
34,43,3,14,4.37,0.31214285714285717
34,43,4,16,2.23,0.139375
34,46,0,5,19.44,3.8880000000000003
34,46,1,7,21.19,3.027142857142857
34,46,2,16,41.36,2.585
34,46,3,8,7.23,0.90375
34,46,4,15,5.96,0.3973333333333333
34,47,0,16,59.6,3.725
34,47,1,13,44.4,3.4153846153846152
34,47,2,16,26.88,1.68
34,47,3,16,14.24,0.89
34,47,4,16,10.05,0.628125
34,49,0,4,9.52,2.38
34,49,1,9,21.09,2.3433333333333333
34,49,2,20,38.0,1.9
34,49,3,9,12.81,1.4233333333333333
34,49,4,5,5.28,1.056
34,50,0,16,140.67,8.791875
34,50,1,16,120.44,7.5275
34,50,2,9,65.25,7.25
34,50,3,12,78.3,6.5249999999999995
34,50,4,3,3.1,1.0333333333333334
34,51,0,12,19.76,1.6466666666666667
34,51,1,3,4.08,1.36
34,51,2,5,4.97,0.994
34,51,3,12,10.95,0.9125
34,51,4,10,7.71,0.771
34,52,0,2,8.21,4.105
34,52,1,3,10.61,3.5366666666666666
34,52,2,11,35.34,3.212727272727273
34,52,3,7,16.18,2.3114285714285714
34,52,4,4,8.89,2.2225
34,53,0,11,109.73,9.975454545454546
34,53,1,17,164.62,9.683529411764706
34,53,2,12,63.61,5.300833333333333
34,53,3,20,100.67,5.0335
34,53,4,9,43.18,4.797777777777778
34,55,0,16,16.66,1.04125
34,55,1,15,13.5,0.9
34,55,2,11,5.77,0.5245454545454545
34,55,3,17,8.31,0.4888235294117647
34,55,4,12,3.55,0.29583333333333334
34,61,0,11,26.83,2.439090909090909
34,61,1,4,6.12,1.53
34,61,2,9,12.94,1.4377777777777778
34,61,3,6,1.05,0.17500000000000002
34,61,4,1,0.16,0.16
34,64,0,1,1.6,1.6
34,64,1,10,15.69,1.569
34,64,2,16,9.28,0.58
34,64,3,9,4.29,0.4766666666666667
34,64,4,4,1.56,0.39
34,66,0,10,41.36,4.136
34,66,1,15,44.61,2.9739999999999998
34,66,2,16,40.56,2.535
34,66,3,8,19.57,2.44625
34,66,4,10,14.93,1.4929999999999999
34,68,0,15,65.85,4.39
34,68,1,5,19.38,3.876
34,68,2,11,40.01,3.637272727272727
34,68,3,9,30.87,3.43
34,68,4,18,9.27,0.515
34,70,0,18,22.46,1.2477777777777779
34,70,1,5,5.49,1.098
34,70,2,4,2.59,0.6475
34,70,3,14,7.35,0.525
34,70,4,17,5.56,0.32705882352941174
34,78,0,14,28.01,2.000714285714286
34,78,1,8,14.34,1.7925
34,78,2,20,24.04,1.202
34,78,3,10,2.83,0.28300000000000003
34,78,4,2,0.29,0.145
34,80,0,8,19.2,2.4
34,80,1,18,31.66,1.758888888888889
34,80,2,13,18.33,1.41
34,80,3,5,4.5,0.9
34,80,4,17,10.83,0.6370588235294118
34,81,0,7,70.87,10.124285714285715
34,81,1,12,56.64,4.72
34,81,2,16,42.53,2.658125
34,81,3,9,22.85,2.538888888888889
34,81,4,12,5.98,0.49833333333333335
34,87,0,19,92.84,4.886315789473684
34,87,1,10,40.22,4.022
34,87,2,7,25.87,3.6957142857142857
34,87,3,13,27.82,2.14
34,87,4,11,20.09,1.8263636363636364
34,92,0,15,14.11,0.9406666666666667
34,92,1,8,7.2,0.9
34,92,2,13,5.41,0.41615384615384615
34,92,3,3,0.51,0.17
34,92,4,20,1.24,0.062
34,96,0,20,25.3,1.2650000000000001
34,96,1,7,4.01,0.5728571428571428
34,96,2,19,5.57,0.2931578947368421
34,96,3,17,4.64,0.27294117647058824
34,96,4,12,1.38,0.11499999999999999
34,97,0,11,52.48,4.7709090909090905
34,97,1,3,13.55,4.516666666666667
34,97,2,6,25.84,4.306666666666667
34,97,3,4,16.84,4.21
34,97,4,13,4.48,0.34461538461538466
34,99,0,7,1.06,0.15142857142857144
34,99,1,5,0.57,0.11399999999999999
34,99,2,11,1.14,0.10363636363636362
34,99,3,15,1.55,0.10333333333333333
34,99,4,4,0.21,0.0525
35,2,0,17,90.7,5.335294117647059
35,2,1,10,52.97,5.297
35,2,2,17,38.0,2.235294117647059
35,2,3,14,16.1,1.1500000000000001
35,2,4,5,4.9,0.9800000000000001
35,3,0,2,4.91,2.455
35,3,1,2,4.74,2.37
35,3,2,9,15.33,1.7033333333333334
35,3,3,20,24.31,1.2155
35,3,4,2,2.08,1.04
35,5,0,12,14.53,1.2108333333333332
35,5,1,7,7.11,1.0157142857142858
35,5,2,15,5.9,0.39333333333333337
35,5,3,14,2.87,0.20500000000000002
35,5,4,13,1.63,0.12538461538461537
35,7,0,20,115.47,5.7735
35,7,1,12,45.97,3.830833333333333
35,7,2,7,21.98,3.14
35,7,3,20,52.27,2.6135
35,7,4,13,17.77,1.366923076923077
35,8,0,19,38.93,2.0489473684210524
35,8,1,15,21.66,1.444
35,8,2,15,14.43,0.962
35,8,3,14,9.53,0.6807142857142857
35,8,4,13,5.43,0.4176923076923077
35,11,0,6,17.62,2.936666666666667
35,11,1,8,17.18,2.1475
35,11,2,6,10.06,1.6766666666666667
35,11,3,3,3.28,1.0933333333333333
35,11,4,20,19.46,0.9730000000000001
35,13,0,14,61.46,4.39
35,13,1,2,3.51,1.755
35,13,2,1,1.74,1.74
35,13,3,8,11.13,1.39125
35,13,4,7,8.88,1.2685714285714287
35,15,0,1,2.61,2.61
35,15,1,19,41.94,2.2073684210526316
35,15,2,18,32.57,1.8094444444444444
35,15,3,15,3.64,0.24266666666666667
35,15,4,10,1.97,0.197
35,17,0,2,3.21,1.605
35,17,1,18,28.57,1.5872222222222223
35,17,2,18,26.38,1.4655555555555555
35,17,3,5,2.73,0.546
35,17,4,7,3.45,0.4928571428571429
35,19,0,17,19.83,1.166470588235294
35,19,1,11,11.5,1.0454545454545454
35,19,2,20,14.77,0.7384999999999999
35,19,3,6,2.67,0.445
35,19,4,11,2.59,0.23545454545454544
35,21,0,14,11.87,0.8478571428571428
35,21,1,16,13.43,0.839375
35,21,2,18,11.38,0.6322222222222222
35,21,3,7,1.99,0.2842857142857143
35,21,4,15,3.64,0.24266666666666667
35,22,0,1,1.9,1.9
35,22,1,12,21.0,1.75
35,22,2,1,0.88,0.88
35,22,3,8,4.72,0.59
35,22,4,20,2.48,0.124
35,24,0,4,8.69,2.1725
35,24,1,5,8.65,1.73
35,24,2,10,12.93,1.293
35,24,3,15,14.97,0.998
35,24,4,11,9.98,0.9072727272727273
35,27,0,18,44.34,2.4633333333333334
35,27,1,14,29.08,2.077142857142857
35,27,2,18,28.49,1.5827777777777776
35,27,3,20,28.41,1.4205
35,27,4,17,5.67,0.33352941176470585
35,28,0,5,4.75,0.95
35,28,1,11,9.06,0.8236363636363637
35,28,2,1,0.79,0.79
35,28,3,11,6.87,0.6245454545454545
35,28,4,10,1.56,0.156
35,30,0,1,1.52,1.52
35,30,1,5,4.38,0.876
35,30,2,4,2.59,0.6475
35,30,3,18,6.61,0.3672222222222222
35,30,4,18,2.75,0.1527777777777778
35,31,0,1,1.73,1.73
35,31,1,19,27.93,1.47
35,31,2,14,15.37,1.0978571428571429
35,31,3,10,9.59,0.959
35,31,4,18,11.21,0.6227777777777779
35,33,0,15,80.61,5.374
35,33,1,15,44.3,2.953333333333333
35,33,2,2,5.72,2.86
35,33,3,15,17.23,1.1486666666666667
35,33,4,13,6.89,0.53
35,34,0,5,11.15,2.23
35,34,1,10,20.86,2.086
35,34,2,4,6.82,1.705
35,34,3,2,1.75,0.875
35,34,4,8,2.21,0.27625
35,37,0,11,12.29,1.1172727272727272
35,37,1,3,2.97,0.9900000000000001
35,37,2,18,11.47,0.6372222222222222
35,37,3,6,2.14,0.3566666666666667
35,37,4,2,0.24,0.12
35,38,0,9,70.71,7.856666666666666
35,38,1,9,59.34,6.593333333333334
35,38,2,20,36.03,1.8015
35,38,3,13,23.01,1.77
35,38,4,18,10.92,0.6066666666666667
35,39,0,5,4.14,0.828
35,39,1,6,4.79,0.7983333333333333
35,39,2,19,6.28,0.3305263157894737
35,39,3,12,3.39,0.28250000000000003
35,39,4,18,3.97,0.22055555555555556
35,43,0,12,31.74,2.645
35,43,1,19,29.91,1.5742105263157895
35,43,2,5,6.13,1.226
35,43,3,20,15.66,0.783
35,43,4,10,3.09,0.309
35,46,0,4,8.37,2.0925
35,46,1,7,14.18,2.025714285714286
35,46,2,6,9.15,1.5250000000000001
35,46,3,1,1.35,1.35
35,46,4,12,15.26,1.2716666666666667
35,47,0,1,2.79,2.79
35,47,1,16,44.31,2.769375
35,47,2,1,0.73,0.73
35,47,3,11,6.7,0.6090909090909091
35,47,4,2,1.15,0.575
35,49,0,14,9.41,0.6721428571428572
35,49,1,10,6.16,0.616
35,49,2,1,0.33,0.33
35,49,3,5,1.23,0.246
35,49,4,19,4.31,0.22684210526315787
35,50,0,1,5.22,5.22
35,50,1,18,62.15,3.4527777777777775
35,50,2,5,16.7,3.34
35,50,3,7,22.97,3.281428571428571
35,50,4,10,15.08,1.508
35,51,0,11,8.38,0.7618181818181818
35,51,1,8,5.88,0.735
35,51,2,11,7.45,0.6772727272727272
35,51,3,14,6.97,0.49785714285714283
35,51,4,17,6.7,0.3941176470588235
35,52,0,9,12.2,1.3555555555555554
35,52,1,4,4.51,1.1275
35,52,2,13,13.75,1.0576923076923077
35,52,3,17,6.38,0.37529411764705883
35,52,4,13,1.74,0.13384615384615384
35,53,0,11,78.1,7.1
35,53,1,2,11.63,5.815
35,53,2,14,54.69,3.906428571428571
35,53,3,5,10.61,2.122
35,53,4,15,8.44,0.5626666666666666
35,55,0,12,21.79,1.8158333333333332
35,55,1,10,18.04,1.8039999999999998
35,55,2,20,30.37,1.5185
35,55,3,3,3.7,1.2333333333333334
35,55,4,16,1.95,0.121875
35,61,0,15,20.87,1.3913333333333333
35,61,1,3,3.97,1.3233333333333335
35,61,2,2,2.3,1.15
35,61,3,15,14.63,0.9753333333333334
35,61,4,5,3.02,0.604
35,64,0,19,70.77,3.724736842105263
35,64,1,12,32.27,2.689166666666667
35,64,2,7,16.03,2.29
35,64,3,19,31.61,1.6636842105263157
35,64,4,3,3.98,1.3266666666666667
35,66,0,2,3.74,1.87
35,66,1,5,9.11,1.8219999999999998
35,66,2,7,10.33,1.4757142857142858
35,66,3,2,1.13,0.565
35,66,4,8,1.22,0.1525
35,68,0,13,38.84,2.987692307692308
35,68,1,3,3.39,1.1300000000000001
35,68,2,3,3.28,1.0933333333333333
35,68,3,10,8.86,0.8859999999999999
35,68,4,8,2.78,0.3475
35,70,0,11,25.0,2.272727272727273
35,70,1,17,32.74,1.9258823529411766
35,70,2,7,10.44,1.4914285714285713
35,70,3,16,9.84,0.615
35,70,4,4,0.66,0.165
35,78,0,19,28.58,1.5042105263157894
35,78,1,5,6.86,1.372
35,78,2,13,15.23,1.1715384615384616
35,78,3,5,3.24,0.648
35,78,4,11,2.65,0.2409090909090909
35,80,0,5,3.96,0.792
35,80,1,4,2.32,0.58
35,80,2,11,4.69,0.4263636363636364
35,80,3,20,5.0,0.25
35,80,4,6,0.22,0.03666666666666667
35,81,0,4,27.39,6.8475
35,81,1,20,111.19,5.5595
35,81,2,5,24.23,4.846
35,81,3,8,10.46,1.3075
35,81,4,11,4.64,0.4218181818181818
35,87,0,10,25.75,2.575
35,87,1,4,7.54,1.885
35,87,2,2,2.18,1.09
35,87,3,15,10.33,0.6886666666666666
35,87,4,5,1.37,0.274
35,92,0,19,27.09,1.4257894736842105
35,92,1,9,7.12,0.7911111111111111
35,92,2,5,3.7,0.74
35,92,3,15,4.6,0.30666666666666664
35,92,4,16,2.58,0.16125
35,96,0,20,48.71,2.4355
35,96,1,14,30.08,2.1485714285714286
35,96,2,16,31.18,1.94875
35,96,3,9,11.58,1.2866666666666666
35,96,4,19,18.78,0.988421052631579
35,97,0,11,46.63,4.239090909090909
35,97,1,11,34.61,3.1463636363636365
35,97,2,10,29.86,2.9859999999999998
35,97,3,17,46.39,2.728823529411765
35,97,4,10,3.68,0.368
35,99,0,13,27.11,2.085384615384615
35,99,1,10,17.9,1.7899999999999998
35,99,2,19,29.24,1.5389473684210526
35,99,3,20,17.57,0.8785000000000001
35,99,4,18,11.93,0.6627777777777778
37,2,0,11,67.52,6.138181818181818
37,2,1,1,4.96,4.96
37,2,2,20,95.43,4.7715000000000005
37,2,3,14,43.46,3.1042857142857145
37,2,4,14,12.96,0.9257142857142858
37,3,0,20,49.81,2.4905
37,3,1,6,12.91,2.151666666666667
37,3,2,8,14.62,1.8275
37,3,3,9,6.89,0.7655555555555555
37,3,4,19,9.78,0.5147368421052632
37,5,0,7,15.09,2.1557142857142857
37,5,1,6,7.19,1.1983333333333335
37,5,2,19,17.96,0.9452631578947369
37,5,3,6,5.03,0.8383333333333334
37,5,4,2,1.46,0.73
37,7,0,16,135.75,8.484375
37,7,1,4,27.87,6.9675
37,7,2,19,83.89,4.415263157894737
37,7,3,8,25.35,3.16875
37,7,4,7,19.43,2.775714285714286
37,8,0,2,3.95,1.975
37,8,1,19,26.35,1.3868421052631579
37,8,2,2,1.23,0.615
37,8,3,6,2.96,0.49333333333333335
37,8,4,9,1.87,0.20777777777777778
37,11,0,5,11.11,2.222
37,11,1,20,35.9,1.795
37,11,2,13,17.65,1.3576923076923075
37,11,3,17,15.88,0.9341176470588236
37,11,4,6,3.54,0.59
37,13,0,5,15.25,3.05
37,13,1,3,7.59,2.53
37,13,2,10,24.39,2.439
37,13,3,5,6.54,1.308
37,13,4,11,2.43,0.22090909090909092
37,15,0,20,32.59,1.6295000000000002
37,15,1,14,17.21,1.2292857142857143
37,15,2,18,15.99,0.8883333333333333
37,15,3,10,8.0,0.8
37,15,4,18,6.62,0.36777777777777776
37,17,0,3,3.45,1.1500000000000001
37,17,1,17,18.36,1.08
37,17,2,15,14.59,0.9726666666666667
37,17,3,8,6.69,0.83625
37,17,4,4,0.74,0.185
37,19,0,10,18.16,1.816
37,19,1,6,7.76,1.2933333333333332
37,19,2,5,4.06,0.8119999999999999
37,19,3,18,13.0,0.7222222222222222
37,19,4,7,1.71,0.24428571428571427
37,21,0,7,3.91,0.5585714285714286
37,21,1,10,2.81,0.281
37,21,2,20,5.36,0.268
37,21,3,4,0.84,0.21
37,21,4,4,0.18,0.045
37,22,0,8,4.92,0.615
37,22,1,4,1.42,0.355
37,22,2,9,3.05,0.33888888888888885
37,22,3,18,5.54,0.30777777777777776
37,22,4,12,2.15,0.17916666666666667
37,24,0,8,20.75,2.59375
37,24,1,19,48.69,2.5626315789473684
37,24,2,7,11.42,1.6314285714285715
37,24,3,12,19.43,1.6191666666666666
37,24,4,8,10.42,1.3025
37,27,0,12,47.93,3.9941666666666666
37,27,1,14,32.45,2.317857142857143
37,27,2,14,3.52,0.25142857142857145
37,27,3,14,2.94,0.21
37,27,4,3,0.58,0.19333333333333333
37,28,0,1,0.47,0.47
37,28,1,13,4.35,0.3346153846153846
37,28,2,6,1.56,0.26
37,28,3,4,0.42,0.105
37,28,4,19,1.72,0.09052631578947368
37,30,0,8,15.7,1.9625
37,30,1,6,5.75,0.9583333333333334
37,30,2,3,2.84,0.9466666666666667
37,30,3,10,6.98,0.6980000000000001
37,30,4,7,3.8,0.5428571428571428
37,31,0,2,1.21,0.605
37,31,1,6,3.07,0.5116666666666666
37,31,2,1,0.5,0.5
37,31,3,13,4.06,0.3123076923076923
37,31,4,14,3.15,0.225
37,33,0,20,72.49,3.6245
37,33,1,16,48.03,3.001875
37,33,2,8,13.55,1.69375
37,33,3,16,20.44,1.2775
37,33,4,19,11.72,0.616842105263158
37,34,0,20,25.05,1.2525
37,34,1,13,14.59,1.1223076923076922
37,34,2,13,12.98,0.9984615384615385
37,34,3,5,4.81,0.962
37,34,4,2,0.44,0.22
37,35,0,2,1.01,0.505
37,35,1,16,7.87,0.491875
37,35,2,19,8.93,0.47
37,35,3,13,3.2,0.24615384615384617
37,35,4,10,1.72,0.172
37,38,0,17,122.92,7.2305882352941175
37,38,1,11,69.3,6.3
37,38,2,7,39.15,5.5928571428571425
37,38,3,11,36.71,3.3372727272727274
37,38,4,16,49.13,3.070625
37,39,0,12,6.69,0.5575
37,39,1,5,2.38,0.476
37,39,2,13,3.73,0.28692307692307695
37,39,3,3,0.77,0.25666666666666665
37,39,4,10,2.41,0.24100000000000002
37,43,0,1,2.96,2.96
37,43,1,13,21.45,1.65
37,43,2,8,11.43,1.42875
37,43,3,16,17.14,1.07125
37,43,4,9,6.84,0.76
37,46,0,8,24.16,3.02
37,46,1,20,32.05,1.6024999999999998
37,46,2,14,22.31,1.5935714285714284
37,46,3,9,11.18,1.2422222222222221
37,46,4,19,16.81,0.884736842105263
37,47,0,3,8.7,2.9
37,47,1,18,49.85,2.7694444444444444
37,47,2,10,22.35,2.2350000000000003
37,47,3,15,21.51,1.4340000000000002
37,47,4,4,4.05,1.0125
37,49,0,2,3.51,1.755
37,49,1,2,3.46,1.73
37,49,2,2,3.42,1.71
37,49,3,5,7.46,1.492
37,49,4,3,0.9,0.3
37,50,0,4,19.64,4.91
37,50,1,5,23.68,4.736
37,50,2,2,7.94,3.97
37,50,3,5,18.83,3.7659999999999996
37,50,4,12,28.77,2.3975
37,51,0,13,10.32,0.7938461538461539
37,51,1,16,12.04,0.7525
37,51,2,1,0.29,0.29
37,51,3,15,1.94,0.12933333333333333
37,51,4,13,0.85,0.06538461538461539
37,52,0,12,30.52,2.5433333333333334
37,52,1,10,22.09,2.209
37,52,2,16,24.71,1.544375
37,52,3,19,10.64,0.56
37,52,4,12,4.2,0.35000000000000003
37,53,0,10,54.07,5.407
37,53,1,13,49.06,3.773846153846154
37,53,2,8,24.12,3.015
37,53,3,8,16.59,2.07375
37,53,4,18,34.21,1.9005555555555556
37,55,0,10,11.16,1.116
37,55,1,10,9.97,0.9970000000000001
37,55,2,2,1.74,0.87
37,55,3,16,13.44,0.84
37,55,4,16,11.92,0.745
37,61,0,15,10.3,0.6866666666666668
37,61,1,16,10.03,0.626875
37,61,2,14,8.37,0.5978571428571428
37,61,3,4,1.5,0.375
37,61,4,7,1.33,0.19
37,64,0,12,30.76,2.5633333333333335
37,64,1,20,44.77,2.2385
37,64,2,14,27.45,1.9607142857142856
37,64,3,17,29.63,1.7429411764705882
37,64,4,7,6.78,0.9685714285714286
37,66,0,10,31.54,3.154
37,66,1,7,12.01,1.7157142857142857
37,66,2,2,2.87,1.435
37,66,3,17,10.74,0.631764705882353
37,66,4,9,4.28,0.47555555555555556
37,68,0,1,3.38,3.38
37,68,1,1,2.89,2.89
37,68,2,7,14.79,2.1128571428571425
37,68,3,17,30.27,1.7805882352941176
37,68,4,7,10.59,1.512857142857143
37,70,0,10,18.96,1.8960000000000001
37,70,1,9,12.14,1.348888888888889
37,70,2,3,3.79,1.2633333333333334
37,70,3,6,7.53,1.2550000000000001
37,70,4,14,16.63,1.1878571428571427
37,78,0,10,9.73,0.9730000000000001
37,78,1,6,4.78,0.7966666666666667
37,78,2,3,1.47,0.49
37,78,3,20,7.66,0.383
37,78,4,3,0.43,0.14333333333333334
37,80,0,14,21.66,1.5471428571428572
37,80,1,10,12.47,1.247
37,80,2,9,10.83,1.2033333333333334
37,80,3,14,15.69,1.1207142857142858
37,80,4,20,2.72,0.136
37,81,0,15,110.32,7.354666666666666
37,81,1,1,6.53,6.53
37,81,2,4,19.46,4.865
37,81,3,19,61.33,3.227894736842105
37,81,4,16,13.66,0.85375
37,87,0,18,66.21,3.678333333333333
37,87,1,3,9.35,3.1166666666666667
37,87,2,1,1.8,1.8
37,87,3,14,15.2,1.0857142857142856
37,87,4,3,0.56,0.18666666666666668
37,92,0,7,2.54,0.3628571428571429
37,92,1,2,0.72,0.36
37,92,2,3,0.88,0.29333333333333333
37,92,3,15,3.94,0.26266666666666666
37,92,4,18,0.56,0.031111111111111114
37,96,0,4,8.55,2.1375
37,96,1,17,30.06,1.768235294117647
37,96,2,20,16.51,0.8255000000000001
37,96,3,18,4.33,0.24055555555555555
37,96,4,4,0.89,0.2225
37,97,0,16,48.92,3.0575
37,97,1,16,38.61,2.413125
37,97,2,4,7.37,1.8425
37,97,3,17,28.58,1.6811764705882353
37,97,4,14,20.11,1.4364285714285714
37,99,0,10,9.15,0.915
37,99,1,19,17.23,0.9068421052631579
37,99,2,4,3.45,0.8625
37,99,3,19,6.23,0.3278947368421053
37,99,4,15,2.78,0.18533333333333332
38,2,0,9,31.17,3.4633333333333334
38,2,1,4,11.78,2.945
38,2,2,7,13.13,1.875714285714286
38,2,3,1,0.8,0.8
38,2,4,15,6.15,0.41000000000000003
38,3,0,14,140.55,10.039285714285715
38,3,1,9,32.26,3.5844444444444443
38,3,2,6,20.24,3.373333333333333
38,3,3,11,33.25,3.022727272727273
38,3,4,7,4.93,0.7042857142857143
38,5,0,14,145.54,10.395714285714286
38,5,1,10,89.23,8.923
38,5,2,11,37.13,3.3754545454545455
38,5,3,19,45.66,2.4031578947368417
38,5,4,1,1.18,1.18
38,7,0,12,3.28,0.2733333333333333
38,7,1,15,2.92,0.19466666666666665
38,7,2,17,1.37,0.08058823529411765
38,7,3,6,0.37,0.06166666666666667
38,7,4,17,0.87,0.051176470588235295
38,8,0,7,79.38,11.34
38,8,1,9,81.06,9.006666666666668
38,8,2,14,113.6,8.114285714285714
38,8,3,6,38.72,6.453333333333333
38,8,4,13,19.89,1.53
38,11,0,6,41.46,6.91
38,11,1,6,33.97,5.661666666666666
38,11,2,8,29.02,3.6275
38,11,3,19,49.06,2.582105263157895
38,11,4,18,9.54,0.5299999999999999
38,13,0,12,148.73,12.394166666666665
38,13,1,20,195.28,9.764
38,13,2,14,133.7,9.549999999999999
38,13,3,7,11.15,1.592857142857143
38,13,4,19,19.19,1.01
38,15,0,13,116.2,8.938461538461539
38,15,1,3,21.71,7.236666666666667
38,15,2,20,58.72,2.936
38,15,3,2,5.42,2.71
38,15,4,16,33.19,2.074375
38,17,0,7,71.95,10.278571428571428
38,17,1,7,71.38,10.197142857142856
38,17,2,3,20.38,6.793333333333333
38,17,3,12,59.19,4.9325
38,17,4,19,49.35,2.5973684210526318
38,19,0,18,147.92,8.217777777777776
38,19,1,12,98.33,8.194166666666666
38,19,2,1,7.3,7.3
38,19,3,3,14.61,4.87
38,19,4,6,4.2,0.7000000000000001
38,21,0,17,127.5,7.5
38,21,1,19,84.36,4.44
38,21,2,9,28.85,3.2055555555555557
38,21,3,20,36.69,1.8344999999999998
38,21,4,1,0.99,0.99
38,22,0,16,160.52,10.0325
38,22,1,3,29.73,9.91
38,22,2,2,14.24,7.12
38,22,3,9,55.42,6.157777777777778
38,22,4,8,44.99,5.62375
38,24,0,8,76.55,9.56875
38,24,1,1,7.21,7.21
38,24,2,12,85.64,7.136666666666667
38,24,3,9,55.78,6.197777777777778
38,24,4,2,1.38,0.69
38,27,0,11,55.18,5.016363636363637
38,27,1,4,19.52,4.88
38,27,2,13,57.15,4.396153846153846
38,27,3,9,36.16,4.017777777777777
38,27,4,12,46.56,3.8800000000000003
38,28,0,5,36.63,7.3260000000000005
38,28,1,20,120.45,6.0225
38,28,2,10,38.22,3.822
38,28,3,8,25.8,3.225
38,28,4,1,0.43,0.43
38,30,0,13,82.0,6.3076923076923075
38,30,1,15,92.86,6.190666666666667
38,30,2,20,92.42,4.621
38,30,3,17,38.06,2.2388235294117647
38,30,4,11,24.12,2.192727272727273
38,31,0,16,111.7,6.98125
38,31,1,3,16.99,5.663333333333333
38,31,2,13,36.55,2.8115384615384613
38,31,3,18,45.99,2.555
38,31,4,15,8.8,0.5866666666666667
38,33,0,19,59.23,3.1173684210526313
38,33,1,19,42.77,2.2510526315789474
38,33,2,18,25.97,1.4427777777777777
38,33,3,14,4.02,0.2871428571428571
38,33,4,4,0.67,0.1675
38,34,0,14,135.35,9.667857142857143
38,34,1,5,35.9,7.18
38,34,2,2,13.19,6.595
38,34,3,3,9.54,3.1799999999999997
38,34,4,11,6.65,0.6045454545454546
38,35,0,10,82.79,8.279
38,35,1,10,72.72,7.272
38,35,2,7,26.29,3.755714285714286
38,35,3,20,62.29,3.1145
38,35,4,7,19.75,2.8214285714285716
38,37,0,5,25.56,5.112
38,37,1,15,68.97,4.598
38,37,2,8,31.58,3.9475
38,37,3,18,29.38,1.6322222222222222
38,37,4,16,19.26,1.20375
38,39,0,19,157.76,8.303157894736842
38,39,1,15,115.61,7.707333333333334
38,39,2,6,39.78,6.63
38,39,3,18,91.32,5.073333333333333
38,39,4,14,10.38,0.7414285714285714
38,43,0,5,43.38,8.676
38,43,1,15,126.78,8.452
38,43,2,15,115.56,7.704
38,43,3,4,16.07,4.0175
38,43,4,8,11.46,1.4325
38,46,0,9,63.4,7.044444444444444
38,46,1,9,46.53,5.17
38,46,2,2,3.51,1.755
38,46,3,6,6.45,1.075
38,46,4,12,4.34,0.36166666666666664
38,47,0,12,113.33,9.444166666666666
38,47,1,8,65.63,8.20375
38,47,2,7,23.55,3.3642857142857143
38,47,3,10,25.39,2.539
38,47,4,18,34.12,1.8955555555555554
38,49,0,15,117.0,7.8
38,49,1,14,96.57,6.897857142857142
38,49,2,2,12.24,6.12
38,49,3,12,49.83,4.1525
38,49,4,4,2.3,0.575
38,50,0,16,19.97,1.248125
38,50,1,6,5.07,0.8450000000000001
38,50,2,6,4.27,0.7116666666666666
38,50,3,7,3.68,0.5257142857142857
38,50,4,16,6.68,0.4175
38,51,0,1,7.73,7.73
38,51,1,7,38.21,5.458571428571429
38,51,2,10,54.38,5.438000000000001
38,51,3,15,77.2,5.1466666666666665
38,51,4,19,42.65,2.244736842105263
38,52,0,10,71.96,7.196
38,52,1,9,26.02,2.891111111111111
38,52,2,12,33.34,2.7783333333333338
38,52,3,9,19.89,2.21
38,52,4,11,23.63,2.148181818181818
38,53,0,18,14.72,0.8177777777777778
38,53,1,13,6.79,0.5223076923076924
38,53,2,8,2.24,0.28
38,53,3,3,0.75,0.25
38,53,4,14,1.07,0.07642857142857143
38,55,0,8,52.98,6.6225
38,55,1,2,8.55,4.275
38,55,2,16,18.45,1.153125
38,55,3,2,2.23,1.115
38,55,4,14,6.77,0.48357142857142854
38,61,0,17,114.18,6.716470588235294
38,61,1,17,112.4,6.611764705882353
38,61,2,11,56.01,5.091818181818182
38,61,3,4,7.51,1.8775
38,61,4,13,16.25,1.25
38,64,0,16,196.61,12.288125
38,64,1,9,110.09,12.232222222222223
38,64,2,13,88.03,6.771538461538461
38,64,3,15,98.05,6.536666666666666
38,64,4,4,11.44,2.86
38,66,0,10,58.98,5.898
38,66,1,7,40.46,5.78
38,66,2,2,8.3,4.15
38,66,3,16,59.17,3.698125
38,66,4,15,22.12,1.4746666666666668
38,68,0,7,64.74,9.248571428571427
38,68,1,9,77.87,8.652222222222223
38,68,2,9,77.23,8.581111111111111
38,68,3,5,23.85,4.7700000000000005
38,68,4,10,35.05,3.505
38,70,0,20,234.95,11.747499999999999
38,70,1,20,200.18,10.009
38,70,2,6,23.45,3.908333333333333
38,70,3,11,35.61,3.2372727272727273
38,70,4,20,29.13,1.4565
38,78,0,1,8.41,8.41
38,78,1,8,67.25,8.40625
38,78,2,17,128.21,7.541764705882353
38,78,3,9,41.27,4.585555555555556
38,78,4,2,7.62,3.81
38,80,0,8,59.87,7.48375
38,80,1,20,140.77,7.038500000000001
38,80,2,15,46.32,3.088
38,80,3,15,33.76,2.2506666666666666
38,80,4,19,29.6,1.5578947368421054
38,81,0,2,0.98,0.49
38,81,1,5,1.7,0.33999999999999997
38,81,2,4,1.06,0.265
38,81,3,16,0.85,0.053125
38,81,4,17,0.85,0.049999999999999996
38,87,0,4,15.12,3.78
38,87,1,11,35.67,3.2427272727272727
38,87,2,13,30.5,2.3461538461538463
38,87,3,13,29.94,2.3030769230769232
38,87,4,11,23.61,2.1463636363636365
38,92,0,20,147.61,7.3805000000000005
38,92,1,6,34.83,5.805
38,92,2,19,97.01,5.105789473684211
38,92,3,5,24.42,4.884
38,92,4,10,21.2,2.12
38,96,0,10,106.04,10.604000000000001
38,96,1,5,49.86,9.972
38,96,2,10,92.23,9.223
38,96,3,9,20.84,2.3155555555555556
38,96,4,8,10.77,1.34625
38,97,0,9,99.58,11.064444444444444
38,97,1,12,127.7,10.641666666666667
38,97,2,20,116.98,5.849
38,97,3,9,46.28,5.142222222222222
38,97,4,5,21.66,4.332
38,99,0,12,125.54,10.461666666666668
38,99,1,15,142.61,9.507333333333333
38,99,2,6,37.09,6.1816666666666675
38,99,3,1,5.23,5.23
38,99,4,3,10.38,3.4600000000000004
39,2,0,10,47.24,4.724
39,2,1,6,28.02,4.67
39,2,2,10,43.18,4.318
39,2,3,5,19.38,3.876
39,2,4,5,7.01,1.402
39,3,0,19,47.54,2.502105263157895
39,3,1,11,26.33,2.3936363636363636
39,3,2,4,8.48,2.12
39,3,3,6,5.82,0.9700000000000001
39,3,4,18,2.31,0.12833333333333333
39,5,0,13,33.77,2.597692307692308
39,5,1,5,10.04,2.008
39,5,2,11,11.98,1.089090909090909
39,5,3,14,14.32,1.022857142857143
39,5,4,15,10.94,0.7293333333333333
39,7,0,15,101.57,6.771333333333333
39,7,1,4,16.41,4.1025
39,7,2,16,33.89,2.118125
39,7,3,6,3.85,0.6416666666666667
39,7,4,2,0.99,0.495
39,8,0,3,5.76,1.92
39,8,1,20,36.05,1.8024999999999998
39,8,2,10,10.02,1.002
39,8,3,17,15.62,0.9188235294117647
39,8,4,11,9.77,0.8881818181818182
39,11,0,18,28.19,1.5661111111111112
39,11,1,18,25.05,1.3916666666666666
39,11,2,3,3.49,1.1633333333333333
39,11,3,3,2.96,0.9866666666666667
39,11,4,11,7.81,0.71
39,13,0,6,20.1,3.35
39,13,1,2,3.17,1.585
39,13,2,20,30.51,1.5255
39,13,3,13,12.58,0.9676923076923077
39,13,4,19,3.67,0.1931578947368421
39,15,0,14,17.77,1.2692857142857144
39,15,1,14,9.11,0.6507142857142857
39,15,2,15,7.03,0.4686666666666667
39,15,3,1,0.32,0.32
39,15,4,16,3.78,0.23625
39,17,0,11,17.6,1.6
39,17,1,6,5.95,0.9916666666666667
39,17,2,13,12.55,0.9653846153846154
39,17,3,5,3.06,0.612
39,17,4,7,3.81,0.5442857142857143
39,19,0,12,20.89,1.7408333333333335
39,19,1,6,8.85,1.4749999999999999
39,19,2,12,11.87,0.9891666666666666
39,19,3,9,5.93,0.6588888888888889
39,19,4,12,2.96,0.24666666666666667
39,21,0,5,4.53,0.906
39,21,1,18,14.45,0.8027777777777777
39,21,2,11,8.48,0.770909090909091
39,21,3,12,9.17,0.7641666666666667
39,21,4,15,1.32,0.08800000000000001
39,22,0,16,16.95,1.059375
39,22,1,4,3.51,0.8775
39,22,2,10,6.28,0.628
39,22,3,17,4.3,0.2529411764705882
39,22,4,1,0.06,0.06
39,24,0,14,41.59,2.970714285714286
39,24,1,4,6.51,1.6275
39,24,2,2,2.48,1.24
39,24,3,1,0.94,0.94
39,24,4,5,0.91,0.182
39,27,0,5,15.2,3.04
39,27,1,13,35.35,2.7192307692307693
39,27,2,3,6.47,2.1566666666666667
39,27,3,9,18.32,2.035555555555556
39,27,4,9,1.86,0.20666666666666667
39,28,0,6,5.8,0.9666666666666667
39,28,1,6,5.34,0.89
39,28,2,6,3.72,0.62
39,28,3,7,3.48,0.49714285714285716
39,28,4,14,4.42,0.3157142857142857
39,30,0,7,7.67,1.0957142857142856
39,30,1,3,2.67,0.89
39,30,2,12,8.04,0.6699999999999999
39,30,3,6,2.26,0.37666666666666665
39,30,4,14,3.46,0.24714285714285714
39,31,0,15,8.59,0.5726666666666667
39,31,1,10,4.72,0.472
39,31,2,3,1.16,0.38666666666666666
39,31,3,6,2.08,0.3466666666666667
39,31,4,10,1.54,0.154
39,33,0,18,75.17,4.176111111111111
39,33,1,13,35.29,2.7146153846153847
39,33,2,14,25.46,1.8185714285714287
39,33,3,14,17.69,1.2635714285714286
39,33,4,20,12.2,0.61
39,34,0,19,20.37,1.072105263157895
39,34,1,7,4.83,0.6900000000000001
39,34,2,6,3.31,0.5516666666666666
39,34,3,7,3.83,0.5471428571428572
39,34,4,12,3.1,0.25833333333333336
39,35,0,11,14.49,1.3172727272727274
39,35,1,14,15.58,1.1128571428571428
39,35,2,12,10.65,0.8875000000000001
39,35,3,8,5.53,0.69125
39,35,4,4,2.2,0.55
39,37,0,18,11.15,0.6194444444444445
39,37,1,17,9.09,0.5347058823529411
39,37,2,8,2.84,0.355
39,37,3,20,6.59,0.3295
39,37,4,1,0.1,0.1
39,38,0,2,11.08,5.54
39,38,1,7,34.11,4.872857142857143
39,38,2,12,54.23,4.519166666666666
39,38,3,17,29.53,1.7370588235294118
39,38,4,15,23.02,1.5346666666666666
39,43,0,13,41.28,3.1753846153846155
39,43,1,1,2.62,2.62
39,43,2,13,17.32,1.3323076923076924
39,43,3,14,18.15,1.2964285714285713
39,43,4,7,6.91,0.9871428571428572
39,46,0,14,53.01,3.7864285714285715
39,46,1,20,68.05,3.4025
39,46,2,8,24.94,3.1175
39,46,3,18,53.67,2.981666666666667
39,46,4,6,10.63,1.7716666666666667
39,47,0,14,40.96,2.9257142857142857
39,47,1,12,28.49,2.3741666666666665
39,47,2,9,20.02,2.2244444444444444
39,47,3,3,6.25,2.0833333333333335
39,47,4,1,0.62,0.62
39,49,0,13,21.21,1.6315384615384616
39,49,1,2,2.59,1.295
39,49,2,2,1.6,0.8
39,49,3,18,10.9,0.6055555555555556
39,49,4,15,1.49,0.09933333333333333
39,50,0,19,140.19,7.3784210526315785
39,50,1,11,72.68,6.607272727272728
39,50,2,9,25.78,2.8644444444444446
39,50,3,6,3.19,0.5316666666666666
39,50,4,16,8.01,0.500625
39,51,0,15,21.1,1.4066666666666667
39,51,1,8,10.44,1.305
39,51,2,5,4.84,0.968
39,51,3,6,5.48,0.9133333333333334
39,51,4,9,3.38,0.37555555555555553
39,52,0,4,13.13,3.2825
39,52,1,13,37.46,2.8815384615384616
39,52,2,17,43.33,2.5488235294117647
39,52,3,16,9.84,0.615
39,52,4,16,3.98,0.24875
39,53,0,17,150.83,8.872352941176471
39,53,1,2,17.53,8.765
39,53,2,15,123.43,8.228666666666667
39,53,3,1,3.78,3.78
39,53,4,5,18.29,3.658
39,55,0,17,13.09,0.77
39,55,1,12,6.62,0.5516666666666666
39,55,2,9,2.63,0.2922222222222222
39,55,3,10,0.46,0.046
39,55,4,14,0.59,0.04214285714285714
39,61,0,10,12.28,1.228
39,61,1,19,18.08,0.951578947368421
39,61,2,11,7.72,0.7018181818181818
39,61,3,17,11.93,0.701764705882353
39,61,4,15,1.55,0.10333333333333333
39,64,0,4,10.64,2.66
39,64,1,19,15.87,0.8352631578947368
39,64,2,20,16.4,0.82
39,64,3,15,11.8,0.7866666666666667
39,64,4,12,4.96,0.41333333333333333
39,66,0,10,35.3,3.53
39,66,1,9,27.72,3.08
39,66,2,2,5.57,2.785
39,66,3,18,45.12,2.5066666666666664
39,66,4,1,1.8,1.8
39,68,0,18,86.89,4.827222222222222
39,68,1,6,15.69,2.6149999999999998
39,68,2,9,21.79,2.421111111111111
39,68,3,16,20.62,1.28875
39,68,4,2,2.09,1.045
39,70,0,6,12.52,2.0866666666666664
39,70,1,5,7.45,1.49
39,70,2,2,2.35,1.175
39,70,3,10,6.66,0.666
39,70,4,19,3.97,0.20894736842105263
39,78,0,2,1.6,0.8
39,78,1,1,0.74,0.74
39,78,2,18,9.36,0.52
39,78,3,13,4.17,0.32076923076923075
39,78,4,4,0.79,0.1975
39,80,0,14,24.15,1.7249999999999999
39,80,1,20,28.72,1.436
39,80,2,10,6.74,0.674
39,80,3,12,4.43,0.36916666666666664
39,80,4,2,0.24,0.12
39,81,0,4,34.9,8.725
39,81,1,10,58.89,5.889
39,81,2,7,40.5,5.785714285714286
39,81,3,17,79.06,4.6505882352941175
39,81,4,7,22.43,3.204285714285714
39,87,0,12,39.09,3.2575000000000003
39,87,1,8,12.39,1.54875
39,87,2,17,11.98,0.7047058823529412
39,87,3,9,3.01,0.33444444444444443
39,87,4,13,2.39,0.18384615384615385
39,92,0,20,11.54,0.577
39,92,1,13,5.86,0.4507692307692308
39,92,2,1,0.4,0.4
39,92,3,10,3.62,0.362
39,92,4,14,1.06,0.07571428571428572
39,96,0,8,19.84,2.48
39,96,1,4,9.02,2.255
39,96,2,17,33.21,1.953529411764706
39,96,3,17,16.2,0.9529411764705882
39,96,4,2,0.65,0.325
39,97,0,14,80.01,5.715000000000001
39,97,1,12,28.09,2.3408333333333333
39,97,2,10,15.65,1.565
39,97,3,4,6.24,1.56
39,97,4,9,12.87,1.43
39,99,0,10,6.49,0.649
39,99,1,17,7.65,0.45
39,99,2,9,1.96,0.21777777777777776
39,99,3,9,1.87,0.20777777777777778
39,99,4,18,2.57,0.14277777777777778
43,2,0,11,85.75,7.795454545454546
43,2,1,7,28.05,4.007142857142857
43,2,2,13,17.15,1.3192307692307692
43,2,3,19,24.51,1.29
43,2,4,17,15.4,0.9058823529411765
43,3,0,13,6.98,0.536923076923077
43,3,1,13,4.09,0.31461538461538463
43,3,2,4,0.9,0.225
43,3,3,16,2.35,0.146875
43,3,4,7,0.54,0.07714285714285715
43,5,0,12,42.62,3.5516666666666663
43,5,1,17,50.81,2.9888235294117647
43,5,2,1,2.3,2.3
43,5,3,14,30.92,2.2085714285714286
43,5,4,14,28.82,2.0585714285714287
43,7,0,18,127.46,7.0811111111111105
43,7,1,12,84.32,7.026666666666666
43,7,2,19,53.86,2.834736842105263
43,7,3,3,7.32,2.44
43,7,4,9,19.1,2.1222222222222222
43,8,0,13,6.51,0.5007692307692307
43,8,1,18,7.24,0.40222222222222226
43,8,2,5,1.86,0.372
43,8,3,14,4.92,0.3514285714285714
43,8,4,3,0.19,0.06333333333333334
43,11,0,1,0.83,0.83
43,11,1,12,4.36,0.36333333333333334
43,11,2,1,0.16,0.16
43,11,3,9,1.16,0.1288888888888889
43,11,4,19,1.07,0.056315789473684215
43,13,0,15,5.9,0.39333333333333337
43,13,1,16,5.38,0.33625
43,13,2,11,2.61,0.23727272727272727
43,13,3,14,3.11,0.22214285714285714
43,13,4,15,0.52,0.034666666666666665
43,15,0,8,11.5,1.4375
43,15,1,9,8.86,0.9844444444444443
43,15,2,6,5.3,0.8833333333333333
43,15,3,17,8.52,0.5011764705882352
43,15,4,8,1.5,0.1875
43,17,0,14,35.77,2.555
43,17,1,7,10.81,1.5442857142857143
43,17,2,4,5.95,1.4875
43,17,3,10,10.58,1.058
43,17,4,4,0.65,0.1625
43,19,0,6,23.13,3.855
43,19,1,19,58.18,3.062105263157895
43,19,2,20,48.07,2.4035
43,19,3,19,15.68,0.8252631578947368
43,19,4,4,2.83,0.7075
43,21,0,11,33.42,3.0381818181818185
43,21,1,1,2.12,2.12
43,21,2,20,38.42,1.921
43,21,3,1,1.13,1.13
43,21,4,6,5.35,0.8916666666666666
43,22,0,14,26.78,1.912857142857143
43,22,1,13,12.52,0.963076923076923
43,22,2,19,8.78,0.4621052631578947
43,22,3,5,2.28,0.45599999999999996
43,22,4,8,2.52,0.315
43,24,0,17,60.88,3.5811764705882356
43,24,1,13,43.52,3.347692307692308
43,24,2,18,54.81,3.045
43,24,3,16,35.54,2.22125
43,24,4,1,2.18,2.18
43,27,0,9,41.74,4.637777777777778
43,27,1,19,87.44,4.6021052631578945
43,27,2,20,78.27,3.9135
43,27,3,13,30.81,2.37
43,27,4,12,4.31,0.35916666666666663
43,28,0,15,45.11,3.0073333333333334
43,28,1,8,23.83,2.97875
43,28,2,2,5.61,2.805
43,28,3,5,6.65,1.33
43,28,4,8,2.73,0.34125
43,30,0,14,72.18,5.155714285714287
43,30,1,19,77.12,4.058947368421053
43,30,2,2,7.04,3.52
43,30,3,1,1.41,1.41
43,30,4,15,12.03,0.8019999999999999
43,31,0,6,14.99,2.4983333333333335
43,31,1,19,41.33,2.1752631578947366
43,31,2,16,16.95,1.059375
43,31,3,6,4.47,0.745
43,31,4,10,2.81,0.281
43,33,0,15,124.66,8.310666666666666
43,33,1,6,44.53,7.421666666666667
43,33,2,7,32.37,4.624285714285714
43,33,3,19,82.3,4.3315789473684205
43,33,4,7,30.03,4.29
43,34,0,10,17.18,1.718
43,34,1,14,23.19,1.6564285714285716
43,34,2,5,6.66,1.332
43,34,3,7,8.38,1.1971428571428573
43,34,4,3,2.11,0.7033333333333333
43,35,0,7,23.28,3.325714285714286
43,35,1,2,6.24,3.12
43,35,2,12,24.91,2.075833333333333
43,35,3,1,0.78,0.78
43,35,4,19,9.38,0.49368421052631584
43,37,0,11,32.37,2.9427272727272724
43,37,1,14,38.33,2.7378571428571425
43,37,2,4,8.61,2.1525
43,37,3,11,5.99,0.5445454545454546
43,37,4,19,4.31,0.22684210526315787
43,38,0,14,139.35,9.953571428571427
43,38,1,10,90.73,9.073
43,38,2,15,127.72,8.514666666666667
43,38,3,4,14.91,3.7275
43,38,4,4,8.08,2.02
43,39,0,2,1.76,0.88
43,39,1,19,13.05,0.6868421052631579
43,39,2,3,1.56,0.52
43,39,3,2,0.59,0.295
43,39,4,18,4.04,0.22444444444444445
43,46,0,6,30.96,5.16
43,46,1,2,9.36,4.68
43,46,2,13,57.22,4.401538461538461
43,46,3,14,57.46,4.104285714285714
43,46,4,13,8.52,0.6553846153846153
43,47,0,19,58.39,3.073157894736842
43,47,1,10,24.55,2.455
43,47,2,7,16.81,2.4014285714285712
43,47,3,19,43.81,2.305789473684211
43,47,4,4,1.5,0.375
43,49,0,3,10.17,3.39
43,49,1,19,47.8,2.5157894736842104
43,49,2,9,18.46,2.051111111111111
43,49,3,11,18.62,1.6927272727272729
43,49,4,1,0.63,0.63
43,50,0,9,95.9,10.655555555555557
43,50,1,19,180.11,9.479473684210527
43,50,2,8,62.75,7.84375
43,50,3,10,64.27,6.427
43,50,4,4,7.31,1.8275
43,51,0,12,38.43,3.2025
43,51,1,5,11.79,2.3579999999999997
43,51,2,4,6.67,1.6675
43,51,3,17,19.43,1.1429411764705881
43,51,4,14,3.88,0.27714285714285714
43,52,0,11,53.82,4.892727272727273
43,52,1,11,52.87,4.806363636363636
43,52,2,10,46.68,4.668
43,52,3,6,8.79,1.4649999999999999
43,52,4,7,2.37,0.3385714285714286
43,53,0,18,171.28,9.515555555555556
43,53,1,13,123.59,9.506923076923076
43,53,2,2,14.47,7.235
43,53,3,8,50.81,6.35125
43,53,4,8,17.27,2.15875
43,55,0,12,35.8,2.983333333333333
43,55,1,8,18.04,2.255
43,55,2,6,7.6,1.2666666666666666
43,55,3,16,13.11,0.819375
43,55,4,1,0.4,0.4
43,61,0,6,26.83,4.471666666666667
43,61,1,12,48.45,4.0375000000000005
43,61,2,10,36.3,3.63
43,61,3,5,14.61,2.9219999999999997
43,61,4,10,21.03,2.103
43,64,0,9,4.41,0.49
43,64,1,3,1.08,0.36000000000000004
43,64,2,20,6.8,0.33999999999999997
43,64,3,2,0.58,0.29
43,64,4,5,0.32,0.064
43,66,0,6,38.27,6.378333333333334
43,66,1,19,91.11,4.795263157894737
43,66,2,16,56.03,3.501875
43,66,3,15,25.62,1.708
43,66,4,8,10.92,1.365
43,68,0,14,71.14,5.081428571428572
43,68,1,12,59.64,4.97
43,68,2,12,41.78,3.481666666666667
43,68,3,10,26.14,2.614
43,68,4,4,7.52,1.88
43,70,0,14,9.8,0.7000000000000001
43,70,1,5,2.47,0.49400000000000005
43,70,2,14,6.74,0.48142857142857143
43,70,3,17,7.76,0.45647058823529413
43,70,4,18,3.94,0.21888888888888888
43,78,0,19,76.4,4.021052631578947
43,78,1,19,72.1,3.7947368421052627
43,78,2,14,35.34,2.5242857142857145
43,78,3,1,1.85,1.85
43,78,4,9,9.06,1.0066666666666668
43,80,0,8,30.57,3.82125
43,80,1,11,40.57,3.688181818181818
43,80,2,10,28.0,2.8
43,80,3,1,2.37,2.37
43,80,4,18,25.65,1.4249999999999998
43,81,0,18,181.41,10.078333333333333
43,81,1,1,5.67,5.67
43,81,2,14,59.5,4.25
43,81,3,20,60.8,3.04
43,81,4,7,15.16,2.165714285714286
43,87,0,17,110.17,6.4805882352941175
43,87,1,5,29.68,5.936
43,87,2,2,9.58,4.79
43,87,3,2,4.33,2.165
43,87,4,6,11.78,1.9633333333333332
43,92,0,16,45.12,2.82
43,92,1,4,10.91,2.7275
43,92,2,1,2.54,2.54
43,92,3,9,22.75,2.5277777777777777
43,92,4,3,6.14,2.0466666666666664
43,96,0,15,22.32,1.488
43,96,1,13,9.94,0.7646153846153846
43,96,2,5,2.42,0.484
43,96,3,15,6.97,0.4646666666666667
43,96,4,14,5.33,0.3807142857142857
43,97,0,13,68.87,5.297692307692308
43,97,1,3,11.48,3.8266666666666667
43,97,2,17,43.03,2.5311764705882354
43,97,3,12,26.74,2.228333333333333
43,97,4,19,15.9,0.8368421052631579
43,99,0,16,22.63,1.414375
43,99,1,13,12.44,0.9569230769230769
43,99,2,19,16.18,0.851578947368421
43,99,3,19,12.45,0.6552631578947368
43,99,4,20,9.93,0.4965
46,2,0,14,45.32,3.237142857142857
46,2,1,5,16.02,3.2039999999999997
46,2,2,15,27.36,1.824
46,2,3,13,22.84,1.7569230769230768
46,2,4,5,3.32,0.6639999999999999
46,3,0,10,47.08,4.708
46,3,1,9,42.07,4.674444444444444
46,3,2,2,8.49,4.245
46,3,3,7,27.42,3.9171428571428573
46,3,4,15,12.49,0.8326666666666667
46,5,0,16,34.48,2.155
46,5,1,8,16.93,2.11625
46,5,2,16,26.25,1.640625
46,5,3,4,6.03,1.5075
46,5,4,9,5.74,0.6377777777777778
46,7,0,11,61.53,5.593636363636364
46,7,1,1,5.22,5.22
46,7,2,2,4.37,2.185
46,7,3,11,22.09,2.0081818181818183
46,7,4,18,25.1,1.3944444444444446
46,8,0,19,64.16,3.3768421052631576
46,8,1,8,26.39,3.29875
46,8,2,14,42.66,3.0471428571428567
46,8,3,15,28.37,1.8913333333333333
46,8,4,18,21.24,1.18
46,11,0,16,80.27,5.016875
46,11,1,3,14.41,4.803333333333334
46,11,2,5,23.81,4.762
46,11,3,16,46.34,2.89625
46,11,4,15,24.86,1.6573333333333333
46,13,0,7,36.89,5.2700000000000005
46,13,1,20,96.77,4.8385
46,13,2,13,53.86,4.143076923076923
46,13,3,15,54.29,3.619333333333333
46,13,4,9,24.84,2.76
46,15,0,15,69.51,4.634
46,15,1,17,65.73,3.8664705882352943
46,15,2,8,22.46,2.8075
46,15,3,16,33.45,2.090625
46,15,4,17,27.7,1.6294117647058823
46,17,0,14,36.09,2.5778571428571433
46,17,1,19,46.9,2.468421052631579
46,17,2,9,12.57,1.3966666666666667
46,17,3,20,14.35,0.7175
46,17,4,20,8.54,0.42699999999999994
46,19,0,7,10.77,1.5385714285714285
46,19,1,14,19.5,1.3928571428571428
46,19,2,8,5.41,0.67625
46,19,3,8,4.09,0.51125
46,19,4,14,6.71,0.47928571428571426
46,21,0,11,23.0,2.090909090909091
46,21,1,2,3.43,1.715
46,21,2,7,7.0,1.0
46,21,3,16,6.78,0.42375
46,21,4,16,5.72,0.3575
46,22,0,8,21.29,2.66125
46,22,1,1,2.41,2.41
46,22,2,19,44.64,2.349473684210526
46,22,3,1,1.37,1.37
46,22,4,16,21.82,1.36375
46,24,0,20,45.92,2.2960000000000003
46,24,1,1,1.85,1.85
46,24,2,12,13.73,1.1441666666666668
46,24,3,4,3.95,0.9875
46,24,4,15,13.12,0.8746666666666666
46,27,0,2,3.71,1.855
46,27,1,17,21.3,1.2529411764705882
46,27,2,9,10.41,1.1566666666666667
46,27,3,10,8.95,0.8949999999999999
46,27,4,19,10.74,0.5652631578947368
46,28,0,12,33.58,2.7983333333333333
46,28,1,5,13.24,2.648
46,28,2,14,24.05,1.717857142857143
46,28,3,11,8.73,0.7936363636363637
46,28,4,10,6.51,0.651
46,30,0,17,53.98,3.175294117647059
46,30,1,9,24.33,2.703333333333333
46,30,2,9,22.73,2.5255555555555556
46,30,3,6,2.33,0.38833333333333336
46,30,4,20,7.05,0.3525
46,31,0,9,34.45,3.827777777777778
46,31,1,3,3.72,1.24
46,31,2,5,3.54,0.708
46,31,3,11,4.6,0.41818181818181815
46,31,4,20,6.05,0.3025
46,33,0,10,36.13,3.6130000000000004
46,33,1,1,3.56,3.56
46,33,2,19,53.14,2.796842105263158
46,33,3,17,25.29,1.4876470588235293
46,33,4,12,13.62,1.135
46,34,0,14,40.0,2.857142857142857
46,34,1,14,31.59,2.2564285714285712
46,34,2,8,14.92,1.865
46,34,3,12,13.3,1.1083333333333334
46,34,4,8,1.75,0.21875
46,35,0,9,16.26,1.8066666666666669
46,35,1,2,3.31,1.655
46,35,2,4,6.04,1.51
46,35,3,18,23.85,1.3250000000000002
46,35,4,14,13.29,0.9492857142857142
46,37,0,20,58.79,2.9395
46,37,1,20,58.3,2.915
46,37,2,20,43.73,2.1864999999999997
46,37,3,18,25.1,1.3944444444444446
46,37,4,12,3.08,0.25666666666666665
46,38,0,7,49.3,7.042857142857143
46,38,1,5,28.17,5.634
46,38,2,4,12.4,3.1
46,38,3,19,49.41,2.6005263157894736
46,38,4,5,5.48,1.096
46,39,0,5,14.84,2.968
46,39,1,15,27.37,1.8246666666666667
46,39,2,10,15.17,1.517
46,39,3,17,20.26,1.191764705882353
46,39,4,17,6.08,0.35764705882352943
46,43,0,20,111.99,5.5995
46,43,1,15,81.53,5.435333333333333
46,43,2,13,43.54,3.3492307692307692
46,43,3,15,39.11,2.6073333333333335
46,43,4,15,23.25,1.55
46,47,0,8,16.65,2.08125
46,47,1,12,21.54,1.795
46,47,2,7,9.32,1.3314285714285714
46,47,3,16,8.46,0.52875
46,47,4,14,5.76,0.4114285714285714
46,49,0,12,18.13,1.5108333333333333
46,49,1,7,10.06,1.4371428571428573
46,49,2,2,2.66,1.33
46,49,3,9,9.19,1.021111111111111
46,49,4,4,3.55,0.8875
46,50,0,3,18.45,6.1499999999999995
46,50,1,16,60.68,3.7925
46,50,2,10,32.7,3.2700000000000005
46,50,3,5,11.59,2.318
46,50,4,10,5.92,0.592
46,51,0,8,16.08,2.01
46,51,1,15,21.58,1.4386666666666665
46,51,2,17,11.75,0.6911764705882353
46,51,3,3,1.84,0.6133333333333334
46,51,4,2,1.14,0.57
46,52,0,8,7.3,0.9125
46,52,1,1,0.83,0.83
46,52,2,13,8.48,0.6523076923076924
46,52,3,4,2.18,0.545
46,52,4,6,0.45,0.075
46,53,0,7,54.18,7.74
46,53,1,7,51.79,7.398571428571429
46,53,2,7,28.64,4.091428571428572
46,53,3,4,10.8,2.7
46,53,4,10,8.08,0.808
46,55,0,18,59.13,3.285
46,55,1,8,25.77,3.22125
46,55,2,15,20.73,1.3820000000000001
46,55,3,3,3.59,1.1966666666666665
46,55,4,7,4.36,0.6228571428571429
46,61,0,3,7.45,2.4833333333333334
46,61,1,12,29.25,2.4375
46,61,2,18,31.24,1.7355555555555555
46,61,3,4,3.5,0.875
46,61,4,12,2.35,0.19583333333333333
46,64,0,16,81.56,5.0975
46,64,1,19,90.24,4.749473684210526
46,64,2,13,17.52,1.3476923076923077
46,64,3,15,16.39,1.0926666666666667
46,64,4,13,6.48,0.4984615384615385
46,66,0,3,6.39,2.13
46,66,1,2,3.8,1.9
46,66,2,11,15.66,1.4236363636363636
46,66,3,12,14.15,1.1791666666666667
46,66,4,18,5.45,0.3027777777777778
46,68,0,11,30.49,2.7718181818181815
46,68,1,10,25.1,2.5100000000000002
46,68,2,8,19.63,2.45375
46,68,3,15,17.68,1.1786666666666668
46,68,4,20,23.28,1.1640000000000001
46,70,0,8,35.12,4.39
46,70,1,14,54.98,3.927142857142857
46,70,2,4,14.11,3.5275
46,70,3,2,4.49,2.245
46,70,4,6,6.49,1.0816666666666668
46,78,0,4,14.61,3.6525
46,78,1,15,41.27,2.7513333333333336
46,78,2,16,28.02,1.75125
46,78,3,13,17.09,1.3146153846153845
46,78,4,15,9.95,0.6633333333333333
46,80,0,11,20.68,1.88
46,80,1,12,22.1,1.8416666666666668
46,80,2,17,24.94,1.4670588235294117
46,80,3,20,11.48,0.5740000000000001
46,80,4,1,0.52,0.52
46,81,0,9,62.33,6.9255555555555555
46,81,1,10,55.87,5.587
46,81,2,11,30.01,2.7281818181818185
46,81,3,12,28.79,2.3991666666666664
46,81,4,2,3.86,1.93
46,87,0,10,9.2,0.9199999999999999
46,87,1,15,9.9,0.66
46,87,2,7,4.29,0.6128571428571429
46,87,3,10,2.09,0.209
46,87,4,18,3.05,0.16944444444444443
46,92,0,12,29.64,2.47
46,92,1,17,25.4,1.4941176470588236
46,92,2,15,15.14,1.0093333333333334
46,92,3,6,4.58,0.7633333333333333
46,92,4,12,4.06,0.3383333333333333
46,96,0,5,14.9,2.98
46,96,1,10,21.8,2.18
46,96,2,20,41.02,2.051
46,96,3,13,15.41,1.1853846153846155
46,96,4,17,16.93,0.9958823529411764
46,97,0,5,15.39,3.0780000000000003
46,97,1,10,27.66,2.766
46,97,2,10,17.89,1.7890000000000001
46,97,3,6,9.31,1.5516666666666667
46,97,4,9,4.71,0.5233333333333333
46,99,0,20,58.73,2.9364999999999997
46,99,1,16,31.61,1.975625
46,99,2,4,6.42,1.605
46,99,3,15,16.73,1.1153333333333333
46,99,4,3,2.96,0.9866666666666667
47,2,0,11,69.53,6.320909090909091
47,2,1,8,26.99,3.37375
47,2,2,5,11.69,2.338
47,2,3,15,17.51,1.1673333333333333
47,2,4,5,3.96,0.792
47,3,0,4,14.58,3.645
47,3,1,20,51.81,2.5905
47,3,2,8,14.3,1.7875
47,3,3,5,7.15,1.4300000000000002
47,3,4,12,15.38,1.2816666666666667
47,5,0,13,11.17,0.8592307692307692
47,5,1,10,7.03,0.7030000000000001
47,5,2,19,11.3,0.5947368421052632
47,5,3,12,5.57,0.46416666666666667
47,5,4,4,0.44,0.11
47,7,0,11,111.37,10.124545454545455
47,7,1,9,80.81,8.97888888888889
47,7,2,8,47.14,5.8925
47,7,3,2,8.99,4.495
47,7,4,15,29.69,1.9793333333333334
47,8,0,14,42.84,3.06
47,8,1,15,44.74,2.982666666666667
47,8,2,20,21.28,1.064
47,8,3,2,1.06,0.53
47,8,4,5,1.37,0.274
47,11,0,12,43.87,3.6558333333333333
47,11,1,17,43.33,2.5488235294117647
47,11,2,15,38.22,2.548
47,11,3,15,37.84,2.522666666666667
47,11,4,20,6.24,0.312
47,13,0,6,25.53,4.255
47,13,1,3,12.35,4.116666666666666
47,13,2,20,80.41,4.0205
47,13,3,20,59.54,2.977
47,13,4,5,8.9,1.78
47,15,0,13,56.77,4.366923076923078
47,15,1,4,17.14,4.285
47,15,2,14,55.17,3.940714285714286
47,15,3,5,18.46,3.692
47,15,4,10,32.06,3.2060000000000004
47,17,0,17,40.23,2.366470588235294
47,17,1,6,11.19,1.865
47,17,2,8,12.25,1.53125
47,17,3,3,3.03,1.01
47,17,4,18,6.3,0.35
47,19,0,12,20.88,1.74
47,19,1,19,27.12,1.4273684210526316
47,19,2,13,16.44,1.2646153846153847
47,19,3,19,12.44,0.6547368421052632
47,19,4,19,11.77,0.6194736842105263
47,21,0,5,11.55,2.31
47,21,1,12,25.09,2.0908333333333333
47,21,2,4,4.88,1.22
47,21,3,14,12.76,0.9114285714285714
47,21,4,11,9.34,0.8490909090909091
47,22,0,3,9.22,3.0733333333333337
47,22,1,19,35.51,1.8689473684210525
47,22,2,3,5.54,1.8466666666666667
47,22,3,15,24.5,1.6333333333333333
47,22,4,13,4.45,0.3423076923076923
47,24,0,20,22.06,1.103
47,24,1,13,10.88,0.836923076923077
47,24,2,14,9.2,0.6571428571428571
47,24,3,20,4.27,0.21349999999999997
47,24,4,6,0.78,0.13
47,27,0,10,29.36,2.936
47,27,1,8,21.41,2.67625
47,27,2,6,7.9,1.3166666666666667
47,27,3,7,7.91,1.1300000000000001
47,27,4,4,1.88,0.47
47,28,0,16,42.77,2.673125
47,28,1,9,22.16,2.462222222222222
47,28,2,2,4.88,2.44
47,28,3,14,26.0,1.8571428571428572
47,28,4,9,15.32,1.7022222222222223
47,30,0,6,24.29,4.048333333333333
47,30,1,12,13.05,1.0875000000000001
47,30,2,12,8.58,0.715
47,30,3,18,10.54,0.5855555555555555
47,30,4,18,8.48,0.47111111111111115
47,31,0,17,57.33,3.3723529411764703
47,31,1,2,6.33,3.165
47,31,2,6,18.8,3.1333333333333333
47,31,3,14,26.61,1.9007142857142856
47,31,4,12,5.6,0.4666666666666666
47,33,0,3,18.08,6.026666666666666
47,33,1,6,14.44,2.4066666666666667
47,33,2,19,37.43,1.97
47,33,3,19,34.44,1.8126315789473684
47,33,4,18,24.94,1.3855555555555557
47,34,0,11,26.4,2.4
47,34,1,2,3.57,1.785
47,34,2,16,22.71,1.419375
47,34,3,13,14.07,1.0823076923076924
47,34,4,5,4.45,0.89
47,35,0,10,30.61,3.061
47,35,1,12,25.23,2.1025
47,35,2,15,12.41,0.8273333333333334
47,35,3,8,4.95,0.61875
47,35,4,6,1.14,0.18999999999999997
47,37,0,15,49.54,3.3026666666666666
47,37,1,5,12.62,2.524
47,37,2,5,9.6,1.92
47,37,3,14,26.3,1.8785714285714286
47,37,4,7,12.25,1.75
47,38,0,4,43.88,10.97
47,38,1,8,81.01,10.12625
47,38,2,3,26.04,8.68
47,38,3,6,50.96,8.493333333333334
47,38,4,9,24.26,2.695555555555556
47,39,0,14,57.16,4.082857142857143
47,39,1,6,18.6,3.1
47,39,2,10,27.51,2.7510000000000003
47,39,3,7,15.46,2.2085714285714286
47,39,4,6,6.87,1.145
47,43,0,18,78.68,4.371111111111111
47,43,1,20,47.2,2.3600000000000003
47,43,2,6,8.63,1.4383333333333335
47,43,3,18,21.49,1.1938888888888888
47,43,4,17,15.62,0.9188235294117647
47,46,0,2,5.06,2.53
47,46,1,4,9.01,2.2525
47,46,2,6,7.14,1.19
47,46,3,9,5.76,0.64
47,46,4,1,0.38,0.38
47,49,0,12,23.33,1.9441666666666666
47,49,1,4,6.45,1.6125
47,49,2,9,12.88,1.4311111111111112
47,49,3,5,4.62,0.924
47,49,4,3,0.43,0.14333333333333334
47,50,0,6,56.96,9.493333333333334
47,50,1,17,155.42,9.142352941176469
47,50,2,5,25.18,5.036
47,50,3,2,9.87,4.935
47,50,4,18,22.55,1.2527777777777778
47,51,0,8,19.93,2.49125
47,51,1,6,13.92,2.32
47,51,2,10,21.88,2.1879999999999997
47,51,3,1,1.3,1.3
47,51,4,20,15.45,0.7725
47,52,0,5,13.25,2.65
47,52,1,11,28.81,2.619090909090909
47,52,2,18,44.66,2.481111111111111
47,52,3,12,11.22,0.935
47,52,4,6,0.99,0.165
47,53,0,20,190.59,9.5295
47,53,1,12,95.88,7.989999999999999
47,53,2,7,41.03,5.861428571428571
47,53,3,20,75.52,3.776
47,53,4,14,26.99,1.9278571428571427
47,55,0,8,36.22,4.5275
47,55,1,12,47.99,3.999166666666667
47,55,2,5,14.19,2.838
47,55,3,10,11.28,1.128
47,55,4,1,0.52,0.52
47,61,0,19,82.5,4.342105263157895
47,61,1,10,29.79,2.979
47,61,2,14,40.91,2.9221428571428567
47,61,3,5,11.95,2.3899999999999997
47,61,4,16,17.81,1.113125
47,64,0,16,59.91,3.744375
47,64,1,5,12.4,2.48
47,64,2,7,17.03,2.432857142857143
47,64,3,3,5.66,1.8866666666666667
47,64,4,10,1.9,0.19
47,66,0,1,3.36,3.36
47,66,1,8,24.01,3.00125
47,66,2,1,2.09,2.09
47,66,3,12,15.7,1.3083333333333333
47,66,4,4,4.3,1.075
47,68,0,11,6.95,0.6318181818181818
47,68,1,13,4.1,0.3153846153846154
47,68,2,19,3.59,0.1889473684210526
47,68,3,17,2.74,0.1611764705882353
47,68,4,10,0.65,0.065
47,70,0,9,32.58,3.6199999999999997
47,70,1,14,48.54,3.467142857142857
47,70,2,1,3.29,3.29
47,70,3,13,28.86,2.2199999999999998
47,70,4,5,8.32,1.6640000000000001
47,78,0,10,45.94,4.593999999999999
47,78,1,20,81.07,4.0535
47,78,2,20,69.56,3.478
47,78,3,12,17.02,1.4183333333333332
47,78,4,2,2.18,1.09
47,80,0,15,49.31,3.2873333333333337
47,80,1,20,47.04,2.352
47,80,2,14,10.99,0.785
47,80,3,6,3.03,0.505
47,80,4,4,1.91,0.4775
47,81,0,20,112.69,5.6345
47,81,1,20,58.33,2.9165
47,81,2,13,18.76,1.4430769230769231
47,81,3,13,17.8,1.3692307692307693
47,81,4,11,11.22,1.02
47,87,0,4,5.9,1.475
47,87,1,1,1.22,1.22
47,87,2,15,14.46,0.9640000000000001
47,87,3,17,14.75,0.8676470588235294
47,87,4,11,4.56,0.4145454545454545
47,92,0,1,3.03,3.03
47,92,1,7,19.17,2.738571428571429
47,92,2,15,36.14,2.4093333333333335
47,92,3,14,30.55,2.1821428571428574
47,92,4,17,35.68,2.0988235294117645
47,96,0,4,11.91,2.9775
47,96,1,5,14.76,2.952
47,96,2,12,32.73,2.7274999999999996
47,96,3,1,2.24,2.24
47,96,4,2,2.38,1.19
47,97,0,13,15.29,1.176153846153846
47,97,1,8,7.86,0.9825
47,97,2,13,7.83,0.6023076923076923
47,97,3,10,4.52,0.45199999999999996
47,97,4,15,2.65,0.17666666666666667
47,99,0,13,35.92,2.763076923076923
47,99,1,15,15.93,1.062
47,99,2,9,9.24,1.0266666666666666
47,99,3,7,4.73,0.6757142857142858
47,99,4,16,7.6,0.475
49,2,0,2,8.7,4.35
49,2,1,15,59.94,3.996
49,2,2,1,3.34,3.34
49,2,3,11,28.74,2.612727272727273
49,2,4,11,12.68,1.1527272727272726
49,3,0,2,5.07,2.535
49,3,1,14,29.03,2.073571428571429
49,3,2,17,21.64,1.2729411764705882
49,3,3,3,1.7,0.5666666666666667
49,3,4,5,1.66,0.33199999999999996
49,5,0,19,17.24,0.9073684210526315
49,5,1,16,10.71,0.669375
49,5,2,1,0.44,0.44
49,5,3,3,0.77,0.25666666666666665
49,5,4,2,0.08,0.04
49,7,0,5,38.77,7.7540000000000004
49,7,1,4,30.12,7.53
49,7,2,5,31.89,6.378
49,7,3,10,59.91,5.991
49,7,4,14,21.03,1.5021428571428572
49,8,0,13,28.12,2.163076923076923
49,8,1,14,29.7,2.1214285714285714
49,8,2,2,3.38,1.69
49,8,3,3,4.76,1.5866666666666667
49,8,4,6,2.5,0.4166666666666667
49,11,0,18,53.07,2.9483333333333333
49,11,1,6,15.66,2.61
49,11,2,10,9.74,0.974
49,11,3,2,0.79,0.395
49,11,4,12,3.47,0.2891666666666667
49,13,0,19,75.11,3.953157894736842
49,13,1,13,49.3,3.792307692307692
49,13,2,15,49.36,3.2906666666666666
49,13,3,17,17.28,1.0164705882352942
49,13,4,9,6.11,0.6788888888888889
49,15,0,3,4.97,1.6566666666666665
49,15,1,5,6.24,1.248
49,15,2,13,9.61,0.7392307692307691
49,15,3,12,8.21,0.6841666666666667
49,15,4,6,3.58,0.5966666666666667
49,17,0,14,13.79,0.985
49,17,1,20,18.37,0.9185000000000001
49,17,2,9,4.04,0.4488888888888889
49,17,3,2,0.69,0.345
49,17,4,5,0.71,0.142
49,19,0,10,2.88,0.288
49,19,1,18,2.97,0.165
49,19,2,18,2.57,0.14277777777777778
49,19,3,4,0.43,0.1075
49,19,4,19,0.54,0.028421052631578948
49,21,0,13,12.81,0.9853846153846154
49,21,1,5,4.44,0.8880000000000001
49,21,2,7,5.65,0.8071428571428572
49,21,3,9,7.1,0.7888888888888889
49,21,4,2,0.11,0.055
49,22,0,20,26.38,1.319
49,22,1,11,13.06,1.1872727272727273
49,22,2,20,20.59,1.0295
49,22,3,14,13.13,0.937857142857143
49,22,4,10,3.99,0.399
49,24,0,10,10.26,1.026
49,24,1,18,9.31,0.5172222222222222
49,24,2,14,3.67,0.2621428571428571
49,24,3,9,2.18,0.24222222222222223
49,24,4,10,1.81,0.181
49,27,0,11,35.19,3.1990909090909088
49,27,1,17,36.54,2.1494117647058824
49,27,2,13,24.34,1.8723076923076922
49,27,3,2,1.67,0.835
49,27,4,12,9.84,0.82
49,28,0,1,1.35,1.35
49,28,1,17,14.74,0.8670588235294118
49,28,2,2,1.63,0.815
49,28,3,7,4.33,0.6185714285714285
49,28,4,14,2.72,0.1942857142857143
49,30,0,11,27.62,2.510909090909091
49,30,1,4,8.3,2.075
49,30,2,15,29.94,1.996
49,30,3,12,21.21,1.7675
49,30,4,20,17.69,0.8845000000000001
49,31,0,15,16.53,1.102
49,31,1,4,3.97,0.9925
49,31,2,17,10.24,0.6023529411764706
49,31,3,10,1.35,0.135
49,31,4,12,1.47,0.1225
49,33,0,19,87.55,4.6078947368421055
49,33,1,20,23.51,1.1755
49,33,2,11,7.13,0.6481818181818182
49,33,3,14,5.92,0.4228571428571429
49,33,4,20,8.26,0.413
49,34,0,5,11.28,2.256
49,34,1,18,32.18,1.7877777777777777
49,34,2,3,2.7,0.9
49,34,3,7,3.74,0.5342857142857144
49,34,4,13,2.83,0.21769230769230768
49,35,0,8,9.65,1.20625
49,35,1,2,2.2,1.1
49,35,2,7,6.85,0.9785714285714285
49,35,3,5,4.03,0.806
49,35,4,9,7.18,0.7977777777777777
49,37,0,7,11.43,1.6328571428571428
49,37,1,5,6.08,1.216
49,37,2,12,11.45,0.9541666666666666
49,37,3,1,0.72,0.72
49,37,4,14,1.44,0.10285714285714286
49,38,0,13,105.56,8.120000000000001
49,38,1,20,132.55,6.6275
49,38,2,20,117.92,5.896
49,38,3,20,75.2,3.7600000000000002
49,38,4,11,8.47,0.77
49,39,0,17,35.51,2.0888235294117647
49,39,1,12,21.19,1.7658333333333334
49,39,2,15,18.36,1.224
49,39,3,18,20.39,1.1327777777777779
49,39,4,20,22.23,1.1115
49,43,0,11,31.08,2.825454545454545
49,43,1,16,44.77,2.798125
49,43,2,2,4.36,2.18
49,43,3,8,13.64,1.705
49,43,4,18,10.61,0.5894444444444444
49,46,0,13,13.69,1.053076923076923
49,46,1,11,11.27,1.0245454545454544
49,46,2,20,18.73,0.9365
49,46,3,12,10.65,0.8875000000000001
49,46,4,13,7.29,0.5607692307692308
49,47,0,8,15.15,1.89375
49,47,1,9,15.78,1.7533333333333332
49,47,2,4,5.47,1.3675
49,47,3,14,13.52,0.9657142857142856
49,47,4,1,0.3,0.3
49,50,0,15,126.94,8.462666666666667
49,50,1,17,108.48,6.381176470588236
49,50,2,5,28.04,5.608
49,50,3,11,16.75,1.5227272727272727
49,50,4,18,17.65,0.9805555555555555
49,51,0,11,7.17,0.6518181818181819
49,51,1,3,0.48,0.16
49,51,2,11,1.65,0.15
49,51,3,13,1.79,0.1376923076923077
49,51,4,16,0.71,0.044375
49,52,0,20,44.07,2.2035
49,52,1,19,21.3,1.1210526315789473
49,52,2,8,7.31,0.91375
49,52,3,19,11.55,0.6078947368421053
49,52,4,3,0.83,0.27666666666666667
49,53,0,4,29.01,7.2525
49,53,1,13,70.35,5.411538461538461
49,53,2,13,36.24,2.787692307692308
49,53,3,13,11.71,0.9007692307692309
49,53,4,12,7.08,0.59
49,55,0,17,27.08,1.592941176470588
49,55,1,6,8.59,1.4316666666666666
49,55,2,8,10.78,1.3475
49,55,3,10,11.37,1.137
49,55,4,2,1.99,0.995
49,61,0,15,38.19,2.546
49,61,1,20,27.67,1.3835000000000002
49,61,2,2,2.6,1.3
49,61,3,14,11.11,0.7935714285714285
49,61,4,7,1.07,0.15285714285714286
49,64,0,5,14.05,2.81
49,64,1,19,42.33,2.227894736842105
49,64,2,5,6.5,1.3
49,64,3,10,11.39,1.139
49,64,4,10,9.58,0.958
49,66,0,13,48.61,3.7392307692307694
49,66,1,8,14.17,1.77125
49,66,2,1,1.55,1.55
49,66,3,14,10.95,0.7821428571428571
49,66,4,18,8.91,0.495
49,68,0,20,48.16,2.408
49,68,1,17,34.89,2.0523529411764705
49,68,2,3,1.76,0.5866666666666667
49,68,3,19,10.76,0.5663157894736842
49,68,4,20,6.03,0.3015
49,70,0,11,26.86,2.441818181818182
49,70,1,13,31.39,2.414615384615385
49,70,2,7,15.72,2.245714285714286
49,70,3,6,8.27,1.3783333333333332
49,70,4,14,4.95,0.3535714285714286
49,78,0,16,40.42,2.52625
49,78,1,3,5.99,1.9966666666666668
49,78,2,16,25.14,1.57125
49,78,3,2,2.96,1.48
49,78,4,5,2.52,0.504
49,80,0,8,14.18,1.7725
49,80,1,11,16.81,1.528181818181818
49,80,2,6,8.17,1.3616666666666666
49,80,3,8,5.04,0.63
49,80,4,20,8.3,0.41500000000000004
49,81,0,7,71.89,10.27
49,81,1,3,25.91,8.636666666666667
49,81,2,13,94.41,7.262307692307692
49,81,3,19,104.46,5.497894736842105
49,81,4,20,71.06,3.553
49,87,0,11,32.23,2.9299999999999997
49,87,1,3,5.79,1.93
49,87,2,11,11.26,1.0236363636363637
49,87,3,3,2.85,0.9500000000000001
49,87,4,8,7.09,0.88625
49,92,0,7,12.21,1.7442857142857144
49,92,1,7,9.99,1.4271428571428573
49,92,2,1,1.37,1.37
49,92,3,8,5.64,0.705
49,92,4,16,5.07,0.316875
49,96,0,19,35.79,1.8836842105263158
49,96,1,11,17.17,1.560909090909091
49,96,2,12,18.72,1.5599999999999998
49,96,3,20,31.1,1.5550000000000002
49,96,4,10,5.33,0.533
49,97,0,18,49.77,2.765
49,97,1,7,13.81,1.9728571428571429
49,97,2,9,15.82,1.7577777777777779
49,97,3,5,4.64,0.9279999999999999
49,97,4,19,15.74,0.828421052631579
49,99,0,15,30.24,2.016
49,99,1,14,19.29,1.377857142857143
49,99,2,5,6.54,1.308
49,99,3,13,3.52,0.27076923076923076
49,99,4,2,0.25,0.125
50,2,0,11,18.33,1.6663636363636363
50,2,1,5,6.88,1.376
50,2,2,15,19.0,1.2666666666666666
50,2,3,12,7.53,0.6275000000000001
50,2,4,6,2.06,0.3433333333333333
50,3,0,5,41.89,8.378
50,3,1,1,6.92,6.92
50,3,2,19,122.0,6.421052631578948
50,3,3,7,42.17,6.024285714285715
50,3,4,1,4.95,4.95
50,5,0,17,92.18,5.422352941176471
50,5,1,6,25.71,4.285
50,5,2,17,72.02,4.236470588235294
50,5,3,14,27.5,1.9642857142857142
50,5,4,6,11.47,1.9116666666666668
50,7,0,16,14.87,0.929375
50,7,1,4,3.48,0.87
50,7,2,13,4.34,0.33384615384615385
50,7,3,9,2.66,0.29555555555555557
50,7,4,14,3.9,0.2785714285714286
50,8,0,1,9.21,9.21
50,8,1,12,84.6,7.05
50,8,2,8,52.64,6.58
50,8,3,10,33.72,3.372
50,8,4,1,1.47,1.47
50,11,0,10,69.64,6.964
50,11,1,13,71.62,5.509230769230769
50,11,2,13,68.83,5.294615384615384
50,11,3,13,57.46,4.42
50,11,4,2,7.45,3.725
50,13,0,8,70.56,8.82
50,13,1,18,142.42,7.912222222222222
50,13,2,12,83.43,6.952500000000001
50,13,3,6,41.08,6.846666666666667
50,13,4,5,7.31,1.462
50,15,0,1,9.45,9.45
50,15,1,19,174.41,9.179473684210526
50,15,2,20,137.67,6.8835
50,15,3,4,11.2,2.8
50,15,4,5,6.14,1.228
50,17,0,16,111.77,6.985625
50,17,1,14,83.75,5.982142857142857
50,17,2,1,3.89,3.89
50,17,3,10,30.22,3.022
50,17,4,13,30.14,2.3184615384615386
50,19,0,2,16.41,8.205
50,19,1,1,6.83,6.83
50,19,2,4,24.2,6.05
50,19,3,19,88.22,4.643157894736842
50,19,4,4,16.47,4.1175
50,21,0,5,36.14,7.228
50,21,1,9,63.41,7.045555555555556
50,21,2,11,62.97,5.724545454545455
50,21,3,14,74.92,5.351428571428571
50,21,4,11,23.08,2.098181818181818
50,22,0,19,172.02,9.053684210526317
50,22,1,6,41.07,6.845
50,22,2,8,50.1,6.2625
50,22,3,9,26.71,2.967777777777778
50,22,4,5,7.94,1.588
50,24,0,3,20.01,6.670000000000001
50,24,1,2,12.06,6.03
50,24,2,7,27.82,3.974285714285714
50,24,3,5,17.5,3.5
50,24,4,2,3.12,1.56
50,27,0,2,9.23,4.615
50,27,1,6,23.26,3.876666666666667
50,27,2,17,41.35,2.432352941176471
50,27,3,1,2.3,2.3
50,27,4,9,16.97,1.8855555555555554
50,28,0,5,31.95,6.39
50,28,1,7,38.22,5.46
50,28,2,17,92.21,5.424117647058823
50,28,3,5,12.62,2.524
50,28,4,17,38.39,2.258235294117647
50,30,0,2,9.84,4.92
50,30,1,19,78.54,4.133684210526316
50,30,2,17,46.15,2.7147058823529413
50,30,3,7,16.04,2.2914285714285714
50,30,4,11,17.58,1.598181818181818
50,31,0,14,94.93,6.780714285714287
50,31,1,11,66.74,6.0672727272727265
50,31,2,3,12.78,4.26
50,31,3,13,39.63,3.0484615384615386
50,31,4,8,17.19,2.14875
50,33,0,20,51.74,2.587
50,33,1,13,31.63,2.433076923076923
50,33,2,20,30.96,1.548
50,33,3,15,20.49,1.3659999999999999
50,33,4,8,8.46,1.0575
50,34,0,6,48.33,8.055
50,34,1,9,67.97,7.552222222222222
50,34,2,3,20.06,6.6866666666666665
50,34,3,13,74.9,5.761538461538462
50,34,4,10,37.13,3.713
50,35,0,8,53.07,6.63375
50,35,1,1,5.5,5.5
50,35,2,8,39.45,4.93125
50,35,3,14,65.35,4.667857142857143
50,35,4,12,20.69,1.7241666666666668
50,37,0,9,73.99,8.22111111111111
50,37,1,12,77.04,6.420000000000001
50,37,2,8,41.71,5.21375
50,37,3,6,12.35,2.058333333333333
50,37,4,13,20.45,1.573076923076923
50,38,0,9,9.91,1.1011111111111112
50,38,1,8,8.52,1.065
50,38,2,1,0.87,0.87
50,38,3,2,1.71,0.855
50,38,4,19,13.26,0.6978947368421052
50,39,0,4,31.04,7.76
50,39,1,20,54.84,2.742
50,39,2,16,39.68,2.48
50,39,3,12,16.99,1.4158333333333333
50,39,4,8,6.71,0.83875
50,43,0,7,56.58,8.082857142857142
50,43,1,19,127.28,6.698947368421052
50,43,2,14,65.48,4.677142857142857
50,43,3,19,79.03,4.159473684210527
50,43,4,19,46.5,2.4473684210526314
50,46,0,4,25.99,6.4975
50,46,1,3,14.31,4.7700000000000005
50,46,2,11,35.99,3.271818181818182
50,46,3,11,34.55,3.1409090909090907
50,46,4,11,12.39,1.1263636363636365
50,47,0,9,86.32,9.591111111111111
50,47,1,11,97.14,8.83090909090909
50,47,2,18,94.01,5.222777777777778
50,47,3,4,9.74,2.435
50,47,4,1,2.27,2.27
50,49,0,7,44.14,6.305714285714286
50,49,1,16,87.07,5.441875
50,49,2,12,60.33,5.0275
50,49,3,2,7.54,3.77
50,49,4,17,7.31,0.43
50,51,0,14,57.99,4.142142857142857
50,51,1,18,61.81,3.433888888888889
50,51,2,16,52.72,3.295
50,51,3,8,15.37,1.92125
50,51,4,12,6.01,0.5008333333333334
50,52,0,10,52.51,5.2509999999999994
50,52,1,13,50.93,3.917692307692308
50,52,2,20,40.45,2.0225
50,52,3,6,11.14,1.8566666666666667
50,52,4,11,15.43,1.4027272727272726
50,53,0,8,8.16,1.02
50,53,1,9,8.53,0.9477777777777777
50,53,2,13,9.52,0.7323076923076923
50,53,3,9,5.35,0.5944444444444444
50,53,4,9,0.59,0.06555555555555555
50,55,0,9,59.55,6.616666666666666
50,55,1,20,69.78,3.489
50,55,2,1,3.35,3.35
50,55,3,19,54.03,2.843684210526316
50,55,4,8,19.54,2.4425
50,61,0,17,94.52,5.56
50,61,1,18,81.81,4.545
50,61,2,4,14.88,3.72
50,61,3,19,39.8,2.094736842105263
50,61,4,13,18.71,1.4392307692307693
50,64,0,15,142.51,9.500666666666666
50,64,1,1,8.64,8.64
50,64,2,2,13.19,6.595
50,64,3,15,31.25,2.0833333333333335
50,64,4,7,5.51,0.7871428571428571
50,66,0,6,26.75,4.458333333333333
50,66,1,3,8.09,2.6966666666666668
50,66,2,6,13.36,2.2266666666666666
50,66,3,4,3.55,0.8875
50,66,4,2,1.21,0.605
50,68,0,20,97.46,4.872999999999999
50,68,1,17,80.85,4.7558823529411764
50,68,2,18,81.48,4.526666666666667
50,68,3,3,8.44,2.813333333333333
50,68,4,16,27.92,1.745
50,70,0,5,32.21,6.442
50,70,1,11,68.72,6.247272727272727
50,70,2,11,51.93,4.720909090909091
50,70,3,4,11.38,2.845
50,70,4,20,47.44,2.372
50,78,0,18,114.68,6.371111111111111
50,78,1,2,8.72,4.36
50,78,2,6,20.64,3.44
50,78,3,12,25.62,2.1350000000000002
50,78,4,15,17.78,1.1853333333333333
50,80,0,16,69.58,4.34875
50,80,1,14,48.38,3.455714285714286
50,80,2,11,36.15,3.286363636363636
50,80,3,6,12.69,2.1149999999999998
50,80,4,8,6.93,0.86625
50,81,0,6,8.9,1.4833333333333334
50,81,1,16,23.73,1.483125
50,81,2,8,10.37,1.29625
50,81,3,6,5.46,0.91
50,81,4,11,9.05,0.8227272727272728
50,87,0,13,78.07,6.005384615384615
50,87,1,3,10.21,3.4033333333333338
50,87,2,16,32.07,2.004375
50,87,3,14,13.41,0.9578571428571429
50,87,4,4,3.54,0.885
50,92,0,11,64.59,5.871818181818182
50,92,1,2,7.86,3.93
50,92,2,11,13.42,1.22
50,92,3,15,11.41,0.7606666666666667
50,92,4,14,5.64,0.40285714285714286
50,96,0,19,133.17,7.008947368421052
50,96,1,13,89.88,6.913846153846153
50,96,2,14,77.81,5.557857142857143
50,96,3,11,43.05,3.9136363636363636
50,96,4,4,2.28,0.57
50,97,0,16,166.55,10.409375
50,97,1,16,166.23,10.389375
50,97,2,7,46.94,6.7057142857142855
50,97,3,14,82.6,5.8999999999999995
50,97,4,13,69.7,5.361538461538462
50,99,0,12,79.2,6.6000000000000005
50,99,1,1,6.45,6.45
50,99,2,10,22.48,2.248
50,99,3,8,12.67,1.58375
50,99,4,15,14.3,0.9533333333333334
51,2,0,1,5.28,5.28
51,2,1,8,33.31,4.16375
51,2,2,5,15.85,3.17
51,2,3,5,7.23,1.4460000000000002
51,2,4,8,7.7,0.9625
51,3,0,14,35.74,2.552857142857143
51,3,1,5,11.3,2.2600000000000002
51,3,2,5,11.06,2.212
51,3,3,12,10.84,0.9033333333333333
51,3,4,16,7.3,0.45625
51,5,0,11,14.53,1.3209090909090908
51,5,1,11,12.38,1.1254545454545455
51,5,2,14,11.79,0.8421428571428571
51,5,3,3,2.09,0.6966666666666667
51,5,4,19,10.89,0.5731578947368421
51,7,0,10,90.53,9.053
51,7,1,12,34.82,2.901666666666667
51,7,2,16,43.26,2.70375
51,7,3,8,13.53,1.69125
51,7,4,13,5.98,0.46
51,8,0,18,37.64,2.091111111111111
51,8,1,12,18.42,1.5350000000000001
51,8,2,13,12.2,0.9384615384615385
51,8,3,4,2.31,0.5775
51,8,4,7,1.88,0.26857142857142857
51,11,0,14,23.43,1.6735714285714285
51,11,1,8,9.34,1.1675
51,11,2,2,1.41,0.705
51,11,3,8,4.74,0.5925
51,11,4,6,1.2,0.19999999999999998
51,13,0,12,34.96,2.9133333333333336
51,13,1,12,33.79,2.8158333333333334
51,13,2,11,19.87,1.8063636363636364
51,13,3,14,17.13,1.2235714285714285
51,13,4,20,8.14,0.40700000000000003
51,15,0,14,19.12,1.3657142857142859
51,15,1,11,12.28,1.1163636363636362
51,15,2,17,15.43,0.9076470588235294
51,15,3,17,12.03,0.7076470588235294
51,15,4,10,2.02,0.202
51,17,0,19,13.84,0.728421052631579
51,17,1,14,8.86,0.6328571428571428
51,17,2,10,2.83,0.28300000000000003
51,17,3,20,4.34,0.217
51,17,4,19,3.57,0.18789473684210525
51,19,0,16,15.86,0.99125
51,19,1,20,18.95,0.9475
51,19,2,20,7.67,0.3835
51,19,3,14,5.23,0.3735714285714286
51,19,4,19,1.05,0.05526315789473685
51,21,0,4,1.33,0.3325
51,21,1,8,2.44,0.305
51,21,2,17,4.39,0.25823529411764706
51,21,3,7,1.49,0.21285714285714286
51,21,4,19,1.63,0.08578947368421053
51,22,0,9,10.64,1.1822222222222223
51,22,1,5,4.96,0.992
51,22,2,15,8.66,0.5773333333333334
51,22,3,6,3.06,0.51
51,22,4,4,0.55,0.1375
51,24,0,4,4.94,1.235
51,24,1,11,9.3,0.8454545454545456
51,24,2,4,2.84,0.71
51,24,3,17,9.24,0.5435294117647059
51,24,4,19,10.31,0.5426315789473685
51,27,0,7,23.99,3.427142857142857
51,27,1,2,5.19,2.595
51,27,2,16,39.34,2.45875
51,27,3,13,30.92,2.3784615384615386
51,27,4,4,7.02,1.755
51,28,0,10,2.93,0.29300000000000004
51,28,1,2,0.4,0.2
51,28,2,10,0.63,0.063
51,28,3,20,1.22,0.061
51,28,4,13,0.35,0.02692307692307692
51,30,0,19,50.51,2.658421052631579
51,30,1,17,42.88,2.5223529411764707
51,30,2,5,12.52,2.504
51,30,3,7,13.24,1.8914285714285715
51,30,4,20,6.49,0.3245
51,31,0,12,16.84,1.4033333333333333
51,31,1,16,19.76,1.235
51,31,2,4,3.83,0.9575
51,31,3,20,16.5,0.825
51,31,4,8,0.55,0.06875
51,33,0,7,43.06,6.151428571428572
51,33,1,12,68.52,5.71
51,33,2,5,23.35,4.67
51,33,3,13,53.15,4.088461538461538
51,33,4,10,6.62,0.662
51,34,0,1,1.7,1.7
51,34,1,5,7.24,1.448
51,34,2,12,16.82,1.4016666666666666
51,34,3,20,15.25,0.7625
51,34,4,12,6.5,0.5416666666666666
51,35,0,6,4.74,0.79
51,35,1,20,14.36,0.718
51,35,2,3,2.11,0.7033333333333333
51,35,3,10,6.62,0.662
51,35,4,1,0.56,0.56
51,37,0,10,8.81,0.881
51,37,1,12,10.4,0.8666666666666667
51,37,2,20,12.37,0.6184999999999999
51,37,3,20,11.0,0.55
51,37,4,3,1.31,0.4366666666666667
51,38,0,6,54.42,9.07
51,38,1,6,33.09,5.515000000000001
51,38,2,1,2.65,2.65
51,38,3,1,2.47,2.47
51,38,4,17,14.24,0.8376470588235294
51,39,0,17,24.18,1.4223529411764706
51,39,1,10,12.98,1.298
51,39,2,5,3.48,0.696
51,39,3,8,1.74,0.2175
51,39,4,3,0.39,0.13
51,43,0,13,43.99,3.383846153846154
51,43,1,9,25.01,2.778888888888889
51,43,2,6,10.57,1.7616666666666667
51,43,3,13,17.39,1.3376923076923077
51,43,4,20,13.01,0.6505
51,46,0,16,39.76,2.485
51,46,1,10,24.57,2.457
51,46,2,14,22.12,1.58
51,46,3,8,7.79,0.97375
51,46,4,4,2.54,0.635
51,47,0,3,7.59,2.53
51,47,1,8,17.69,2.21125
51,47,2,17,33.07,1.9452941176470588
51,47,3,9,12.76,1.4177777777777778
51,47,4,4,1.27,0.3175
51,49,0,17,5.76,0.3388235294117647
51,49,1,7,2.27,0.3242857142857143
51,49,2,18,5.2,0.2888888888888889
51,49,3,20,3.85,0.1925
51,49,4,6,0.75,0.125
51,50,0,6,42.63,7.105
51,50,1,8,54.82,6.8525
51,50,2,20,56.81,2.8405
51,50,3,5,10.25,2.05
51,50,4,18,14.95,0.8305555555555555
51,52,0,12,28.98,2.415
51,52,1,1,1.54,1.54
51,52,2,18,19.38,1.0766666666666667
51,52,3,13,13.1,1.0076923076923077
51,52,4,16,4.83,0.301875
51,53,0,18,163.63,9.090555555555556
51,53,1,19,106.02,5.58
51,53,2,4,15.27,3.8175
51,53,3,1,3.12,3.12
51,53,4,1,2.63,2.63
51,55,0,8,13.64,1.705
51,55,1,12,11.79,0.9824999999999999
51,55,2,4,3.15,0.7875
51,55,3,4,2.37,0.5925
51,55,4,8,1.49,0.18625
51,61,0,19,36.09,1.8994736842105264
51,61,1,8,10.21,1.27625
51,61,2,2,2.23,1.115
51,61,3,7,2.81,0.4014285714285714
51,61,4,5,1.1,0.22000000000000003
51,64,0,13,33.78,2.5984615384615384
51,64,1,2,4.51,2.255
51,64,2,3,2.43,0.81
51,64,3,6,4.82,0.8033333333333333
51,64,4,6,3.84,0.64
51,66,0,18,57.36,3.1866666666666665
51,66,1,15,39.09,2.6060000000000003
51,66,2,4,6.89,1.7225
51,66,3,14,18.32,1.3085714285714285
51,66,4,10,8.89,0.889
51,68,0,3,9.71,3.236666666666667
51,68,1,3,8.22,2.74
51,68,2,15,36.83,2.4553333333333334
51,68,3,6,10.01,1.6683333333333332
51,68,4,7,1.8,0.2571428571428572
51,70,0,11,22.79,2.071818181818182
51,70,1,19,29.79,1.5678947368421052
51,70,2,18,19.95,1.1083333333333334
51,70,3,4,1.52,0.38
51,70,4,2,0.29,0.145
51,78,0,19,36.11,1.9005263157894736
51,78,1,8,12.94,1.6175
51,78,2,1,1.57,1.57
51,78,3,18,27.71,1.5394444444444444
51,78,4,20,1.83,0.0915
51,80,0,7,10.22,1.4600000000000002
51,80,1,16,10.12,0.6325
51,80,2,19,11.25,0.5921052631578947
51,80,3,3,1.33,0.44333333333333336
51,80,4,11,4.86,0.44181818181818183
51,81,0,19,189.84,9.99157894736842
51,81,1,8,71.24,8.905
51,81,2,1,8.61,8.61
51,81,3,3,13.45,4.483333333333333
51,81,4,15,29.29,1.9526666666666666
51,87,0,15,39.57,2.638
51,87,1,13,33.35,2.5653846153846156
51,87,2,16,32.13,2.008125
51,87,3,14,19.27,1.3764285714285713
51,87,4,14,5.93,0.42357142857142854
51,92,0,16,14.72,0.92
51,92,1,16,11.49,0.718125
51,92,2,9,4.95,0.55
51,92,3,6,0.32,0.05333333333333334
51,92,4,6,0.3,0.049999999999999996
51,96,0,9,9.69,1.0766666666666667
51,96,1,7,6.06,0.8657142857142857
51,96,2,14,11.48,0.8200000000000001
51,96,3,7,1.81,0.25857142857142856
51,96,4,20,2.8,0.13999999999999999
51,97,0,14,56.14,4.01
51,97,1,10,39.4,3.94
51,97,2,5,19.23,3.846
51,97,3,11,26.07,2.37
51,97,4,19,30.0,1.5789473684210527
51,99,0,3,4.25,1.4166666666666667
51,99,1,20,23.75,1.1875
51,99,2,8,9.01,1.12625
51,99,3,4,1.91,0.4775
51,99,4,16,2.82,0.17625
52,2,0,1,3.82,3.82
52,2,1,20,44.82,2.241
52,2,2,20,18.1,0.905
52,2,3,4,2.2,0.55
52,2,4,11,4.26,0.38727272727272727
52,3,0,9,43.76,4.862222222222222
52,3,1,4,18.33,4.5825
52,3,2,20,15.82,0.791
52,3,3,17,6.28,0.3694117647058824
52,3,4,7,1.9,0.2714285714285714
52,5,0,3,5.96,1.9866666666666666
52,5,1,20,28.5,1.425
52,5,2,3,4.17,1.39
52,5,3,16,12.29,0.768125
52,5,4,12,3.61,0.30083333333333334
52,7,0,7,49.93,7.132857142857143
52,7,1,13,86.02,6.616923076923077
52,7,2,16,74.68,4.6675
52,7,3,14,55.08,3.934285714285714
52,7,4,19,43.84,2.3073684210526317
52,8,0,9,26.89,2.9877777777777776
52,8,1,12,25.4,2.1166666666666667
52,8,2,10,17.34,1.734
52,8,3,17,20.37,1.198235294117647
52,8,4,10,6.29,0.629
52,11,0,20,95.14,4.757
52,11,1,17,41.63,2.448823529411765
52,11,2,9,15.32,1.7022222222222223
52,11,3,20,26.94,1.347
52,11,4,8,6.65,0.83125
52,13,0,7,41.34,5.905714285714287
52,13,1,6,33.12,5.52
52,13,2,9,14.64,1.6266666666666667
52,13,3,4,4.74,1.185
52,13,4,9,6.78,0.7533333333333334
52,15,0,2,4.88,2.44
52,15,1,19,36.71,1.9321052631578948
52,15,2,11,17.1,1.5545454545454547
52,15,3,19,29.22,1.5378947368421052
52,15,4,19,6.43,0.33842105263157896
52,17,0,13,29.85,2.2961538461538464
52,17,1,14,28.01,2.000714285714286
52,17,2,20,22.09,1.1045
52,17,3,1,0.75,0.75
52,17,4,12,4.27,0.3558333333333333
52,19,0,8,13.12,1.64
52,19,1,14,12.95,0.9249999999999999
52,19,2,11,9.51,0.8645454545454545
52,19,3,11,7.34,0.6672727272727272
52,19,4,4,1.85,0.4625
52,21,0,15,35.75,2.3833333333333333
52,21,1,19,39.21,2.063684210526316
52,21,2,12,18.77,1.5641666666666667
52,21,3,13,11.64,0.8953846153846154
52,21,4,12,9.65,0.8041666666666667
52,22,0,10,17.97,1.797
52,22,1,1,1.3,1.3
52,22,2,9,8.26,0.9177777777777778
52,22,3,20,12.87,0.6435
52,22,4,7,3.74,0.5342857142857144
52,24,0,12,37.31,3.109166666666667
52,24,1,6,18.19,3.0316666666666667
52,24,2,14,28.56,2.04
52,24,3,11,11.53,1.048181818181818
52,24,4,2,1.91,0.955
52,27,0,14,16.43,1.1735714285714285
52,27,1,10,5.8,0.58
52,27,2,4,2.29,0.5725
52,27,3,2,0.83,0.415
52,27,4,4,0.76,0.19
52,28,0,17,40.88,2.4047058823529412
52,28,1,19,40.92,2.153684210526316
52,28,2,3,4.28,1.4266666666666667
52,28,3,12,8.33,0.6941666666666667
52,28,4,11,6.47,0.5881818181818181
52,30,0,7,14.37,2.052857142857143
52,30,1,19,36.72,1.9326315789473683
52,30,2,11,11.58,1.0527272727272727
52,30,3,17,12.94,0.7611764705882352
52,30,4,6,1.2,0.19999999999999998
52,31,0,6,17.95,2.9916666666666667
52,31,1,7,19.53,2.79
52,31,2,14,29.32,2.0942857142857143
52,31,3,9,18.23,2.0255555555555556
52,31,4,14,19.25,1.375
52,33,0,15,50.89,3.3926666666666665
52,33,1,11,30.32,2.7563636363636363
52,33,2,11,25.22,2.2927272727272725
52,33,3,13,19.6,1.5076923076923079
52,33,4,12,10.39,0.8658333333333333
52,34,0,16,51.74,3.23375
52,34,1,2,4.77,2.385
52,34,2,14,18.69,1.3350000000000002
52,34,3,11,6.91,0.6281818181818182
52,34,4,1,0.46,0.46
52,35,0,18,29.41,1.633888888888889
52,35,1,18,26.27,1.4594444444444443
52,35,2,20,13.51,0.6755
52,35,3,14,7.48,0.5342857142857144
52,35,4,1,0.36,0.36
52,37,0,14,37.71,2.6935714285714285
52,37,1,3,6.57,2.19
52,37,2,17,30.89,1.8170588235294118
52,37,3,2,1.11,0.555
52,37,4,19,10.4,0.5473684210526316
52,38,0,17,76.78,4.516470588235294
52,38,1,7,30.43,4.347142857142857
52,38,2,3,12.79,4.263333333333333
52,38,3,19,40.78,2.146315789473684
52,38,4,17,5.72,0.3364705882352941
52,39,0,18,51.29,2.8494444444444444
52,39,1,4,9.96,2.49
52,39,2,8,13.61,1.70125
52,39,3,19,14.72,0.7747368421052632
52,39,4,20,6.57,0.3285
52,43,0,19,62.02,3.2642105263157895
52,43,1,6,12.84,2.14
52,43,2,16,31.61,1.975625
52,43,3,1,1.14,1.14
52,43,4,1,0.31,0.31
52,46,0,15,12.7,0.8466666666666666
52,46,1,3,2.41,0.8033333333333333
52,46,2,4,2.75,0.6875
52,46,3,13,7.45,0.573076923076923
52,46,4,11,3.82,0.34727272727272723
52,47,0,20,68.23,3.4115
52,47,1,20,65.87,3.2935000000000003
52,47,2,11,19.98,1.8163636363636364
52,47,3,5,8.12,1.6239999999999999
52,47,4,13,19.56,1.5046153846153845
52,49,0,6,11.2,1.8666666666666665
52,49,1,20,36.54,1.827
52,49,2,15,22.78,1.5186666666666668
52,49,3,3,1.05,0.35000000000000003
52,49,4,2,0.25,0.125
52,50,0,11,51.35,4.668181818181818
52,50,1,8,33.33,4.16625
52,50,2,2,5.96,2.98
52,50,3,20,45.14,2.257
52,50,4,20,33.11,1.6555
52,51,0,12,28.87,2.4058333333333333
52,51,1,6,12.59,2.098333333333333
52,51,2,14,28.25,2.017857142857143
52,51,3,16,19.52,1.22
52,51,4,1,0.94,0.94
52,53,0,11,55.82,5.074545454545454
52,53,1,7,34.0,4.857142857142857
52,53,2,18,82.67,4.592777777777778
52,53,3,19,63.89,3.3626315789473686
52,53,4,4,7.74,1.935
52,55,0,16,47.59,2.974375
52,55,1,17,44.85,2.638235294117647
52,55,2,5,7.63,1.526
52,55,3,11,11.41,1.0372727272727273
52,55,4,12,4.52,0.37666666666666665
52,61,0,7,15.88,2.2685714285714287
52,61,1,4,6.41,1.6025
52,61,2,18,20.54,1.141111111111111
52,61,3,6,3.79,0.6316666666666667
52,61,4,7,4.28,0.6114285714285714
52,64,0,12,38.6,3.216666666666667
52,64,1,17,34.28,2.0164705882352942
52,64,2,18,16.52,0.9177777777777778
52,64,3,4,2.09,0.5225
52,64,4,7,3.2,0.4571428571428572
52,66,0,11,14.34,1.3036363636363637
52,66,1,18,18.49,1.027222222222222
52,66,2,15,13.84,0.9226666666666666
52,66,3,6,5.27,0.8783333333333333
52,66,4,9,3.83,0.4255555555555556
52,68,0,17,53.82,3.1658823529411766
52,68,1,10,24.77,2.477
52,68,2,1,1.75,1.75
52,68,3,8,9.93,1.24125
52,68,4,15,14.19,0.946
52,70,0,20,72.7,3.6350000000000002
52,70,1,16,50.88,3.18
52,70,2,1,3.1,3.1
52,70,3,4,4.89,1.2225
52,70,4,3,2.27,0.7566666666666667
52,78,0,16,43.22,2.70125
52,78,1,6,14.48,2.4133333333333336
52,78,2,20,39.18,1.959
52,78,3,9,10.49,1.1655555555555557
52,78,4,12,8.64,0.7200000000000001
52,80,0,17,19.08,1.1223529411764706
52,80,1,7,6.29,0.8985714285714286
52,80,2,19,13.93,0.7331578947368421
52,80,3,20,13.0,0.65
52,80,4,15,3.61,0.24066666666666667
52,81,0,17,121.84,7.167058823529412
52,81,1,7,40.3,5.757142857142857
52,81,2,15,70.77,4.718
52,81,3,5,7.83,1.566
52,81,4,12,9.27,0.7725
52,87,0,16,9.83,0.614375
52,87,1,11,4.81,0.43727272727272726
52,87,2,18,7.08,0.3933333333333333
52,87,3,10,2.53,0.253
52,87,4,9,2.17,0.2411111111111111
52,92,0,10,27.85,2.785
52,92,1,1,1.97,1.97
52,92,2,17,13.04,0.7670588235294117
52,92,3,13,6.54,0.5030769230769231
52,92,4,19,9.21,0.4847368421052632
52,96,0,12,48.98,4.081666666666666
52,96,1,20,63.86,3.193
52,96,2,11,27.37,2.4881818181818183
52,96,3,12,28.63,2.3858333333333333
52,96,4,12,27.75,2.3125
52,97,0,12,50.04,4.17
52,97,1,13,52.8,4.061538461538461
52,97,2,1,1.31,1.31
52,97,3,5,5.02,1.004
52,97,4,4,2.87,0.7175
52,99,0,2,5.51,2.755
52,99,1,11,12.27,1.1154545454545455
52,99,2,15,14.66,0.9773333333333334
52,99,3,20,8.89,0.4445
52,99,4,17,4.09,0.24058823529411763
53,2,0,11,34.46,3.132727272727273
53,2,1,2,5.11,2.555
53,2,2,20,36.46,1.823
53,2,3,10,7.33,0.733
53,2,4,12,7.74,0.645
53,3,0,13,100.76,7.750769230769231
53,3,1,6,34.27,5.711666666666667
53,3,2,5,22.4,4.4799999999999995
53,3,3,1,3.33,3.33
53,3,4,20,45.16,2.258
53,5,0,14,59.87,4.276428571428571
53,5,1,1,3.14,3.14
53,5,2,2,6.09,3.045
53,5,3,17,48.56,2.856470588235294
53,5,4,8,22.26,2.7825
53,7,0,20,10.72,0.536
53,7,1,15,5.75,0.38333333333333336
53,7,2,6,2.04,0.34
53,7,3,2,0.09,0.045
53,7,4,6,0.16,0.02666666666666667
53,8,0,17,193.23,11.366470588235293
53,8,1,1,8.7,8.7
53,8,2,12,65.81,5.484166666666667
53,8,3,5,16.82,3.364
53,8,4,12,18.11,1.5091666666666665
53,11,0,7,75.53,10.790000000000001
53,11,1,19,199.69,10.51
53,11,2,15,95.16,6.343999999999999
53,11,3,1,4.83,4.83
53,11,4,9,31.2,3.466666666666667
53,13,0,2,24.2,12.1
53,13,1,2,20.45,10.225
53,13,2,4,31.75,7.9375
53,13,3,20,135.15,6.7575
53,13,4,7,23.0,3.2857142857142856
53,15,0,4,33.0,8.25
53,15,1,16,122.8,7.675
53,15,2,7,35.64,5.091428571428572
53,15,3,9,39.65,4.405555555555555
53,15,4,2,7.02,3.51
53,17,0,8,39.25,4.90625
53,17,1,6,27.12,4.5200000000000005
53,17,2,20,48.27,2.4135
53,17,3,5,10.9,2.18
53,17,4,1,1.56,1.56
53,19,0,16,147.6,9.225
53,19,1,20,175.57,8.7785
53,19,2,16,117.09,7.318125
53,19,3,9,45.86,5.095555555555555
53,19,4,15,37.88,2.5253333333333337
53,21,0,9,84.37,9.374444444444444
53,21,1,15,122.42,8.161333333333333
53,21,2,8,31.92,3.99
53,21,3,4,6.27,1.5675
53,21,4,17,16.26,0.9564705882352942
53,22,0,10,99.19,9.919
53,22,1,9,84.38,9.375555555555556
53,22,2,7,60.84,8.691428571428572
53,22,3,13,98.72,7.593846153846154
53,22,4,2,6.22,3.11
53,24,0,8,49.42,6.1775
53,24,1,19,105.82,5.569473684210526
53,24,2,9,33.65,3.738888888888889
53,24,3,16,37.13,2.320625
53,24,4,13,23.06,1.7738461538461539
53,27,0,4,24.33,6.0825
53,27,1,2,10.37,5.185
53,27,2,9,43.22,4.802222222222222
53,27,3,2,6.3,3.15
53,27,4,8,21.28,2.66
53,28,0,20,137.6,6.88
53,28,1,12,76.13,6.344166666666666
53,28,2,15,57.17,3.8113333333333332
53,28,3,10,36.55,3.655
53,28,4,11,38.06,3.4600000000000004
53,30,0,9,64.17,7.13
53,30,1,8,55.56,6.945
53,30,2,11,45.55,4.140909090909091
53,30,3,13,32.35,2.4884615384615385
53,30,4,9,5.81,0.6455555555555555
53,31,0,14,136.21,9.729285714285714
53,31,1,17,162.57,9.562941176470588
53,31,2,5,32.68,6.536
53,31,3,6,29.94,4.99
53,31,4,5,22.91,4.582
53,33,0,6,18.63,3.105
53,33,1,2,5.5,2.75
53,33,2,14,24.79,1.7707142857142857
53,33,3,11,17.39,1.580909090909091
53,33,4,14,10.01,0.715
53,34,0,15,159.0,10.6
53,34,1,19,161.96,8.52421052631579
53,34,2,17,129.9,7.641176470588236
53,34,3,4,4.97,1.2425
53,34,4,10,9.1,0.9099999999999999
53,35,0,15,68.0,4.533333333333333
53,35,1,17,55.16,3.244705882352941
53,35,2,8,21.63,2.70375
53,35,3,12,23.02,1.9183333333333332
53,35,4,4,3.42,0.855
53,37,0,1,9.29,9.29
53,37,1,8,74.06,9.2575
53,37,2,6,51.68,8.613333333333333
53,37,3,15,121.06,8.070666666666666
53,37,4,9,41.47,4.607777777777778
53,38,0,4,4.01,1.0025
53,38,1,10,8.02,0.8019999999999999
53,38,2,2,1.31,0.655
53,38,3,7,4.36,0.6228571428571429
53,38,4,2,0.74,0.37
53,39,0,5,41.67,8.334
53,39,1,7,50.73,7.247142857142856
53,39,2,17,79.41,4.671176470588235
53,39,3,7,21.77,3.11
53,39,4,9,8.48,0.9422222222222223
53,43,0,6,73.98,12.33
53,43,1,14,119.62,8.544285714285715
53,43,2,13,104.39,8.03
53,43,3,10,56.2,5.62
53,43,4,3,11.45,3.8166666666666664
53,46,0,15,113.4,7.5600000000000005
53,46,1,13,78.88,6.067692307692307
53,46,2,10,18.0,1.8
53,46,3,20,33.53,1.6765
53,46,4,7,8.09,1.1557142857142857
53,47,0,9,94.72,10.524444444444445
53,47,1,18,136.78,7.598888888888889
53,47,2,17,116.2,6.835294117647059
53,47,3,8,34.03,4.25375
53,47,4,3,4.77,1.5899999999999999
53,49,0,19,182.28,9.593684210526316
53,49,1,5,41.31,8.262
53,49,2,5,40.94,8.187999999999999
53,49,3,11,33.77,3.0700000000000003
53,49,4,9,6.0,0.6666666666666666
53,50,0,6,5.63,0.9383333333333334
53,50,1,15,9.04,0.6026666666666666
53,50,2,9,5.41,0.6011111111111112
53,50,3,18,1.59,0.08833333333333333
53,50,4,20,1.73,0.0865
53,51,0,8,72.99,9.12375
53,51,1,16,68.64,4.29
53,51,2,16,65.56,4.0975
53,51,3,20,35.37,1.7685
53,51,4,11,14.62,1.329090909090909
53,52,0,4,29.19,7.2975
53,52,1,1,5.48,5.48
53,52,2,14,42.68,3.0485714285714285
53,52,3,3,2.3,0.7666666666666666
53,52,4,18,10.16,0.5644444444444444
53,55,0,15,106.69,7.112666666666667
53,55,1,18,125.11,6.950555555555556
53,55,2,20,59.78,2.989
53,55,3,17,32.49,1.9111764705882355
53,55,4,6,10.11,1.6849999999999998
53,61,0,9,60.34,6.704444444444444
53,61,1,18,55.19,3.066111111111111
53,61,2,5,11.92,2.384
53,61,3,4,5.88,1.47
53,61,4,20,9.07,0.4535
53,64,0,11,111.96,10.178181818181818
53,64,1,15,113.37,7.558000000000001
53,64,2,13,83.48,6.421538461538462
53,64,3,2,6.61,3.305
53,64,4,4,13.11,3.2775
53,66,0,17,94.96,5.5858823529411765
53,66,1,8,25.66,3.2075
53,66,2,14,16.31,1.1649999999999998
53,66,3,11,3.94,0.35818181818181816
53,66,4,7,2.46,0.3514285714285714
53,68,0,18,167.68,9.315555555555555
53,68,1,13,109.63,8.433076923076923
53,68,2,19,145.11,7.637368421052632
53,68,3,8,34.01,4.25125
53,68,4,14,8.7,0.6214285714285713
53,70,0,4,44.7,11.175
53,70,1,13,72.15,5.550000000000001
53,70,2,18,80.06,4.447777777777778
53,70,3,4,13.97,3.4925
53,70,4,15,49.87,3.3246666666666664
53,78,0,11,83.4,7.581818181818182
53,78,1,4,8.96,2.24
53,78,2,6,9.01,1.5016666666666667
53,78,3,16,21.61,1.350625
53,78,4,14,16.99,1.2135714285714285
53,80,0,16,87.58,5.47375
53,80,1,1,3.23,3.23
53,80,2,14,42.15,3.0107142857142857
53,80,3,15,38.73,2.582
53,80,4,3,6.88,2.2933333333333334
53,81,0,18,20.7,1.15
53,81,1,14,10.91,0.7792857142857142
53,81,2,19,14.8,0.7789473684210527
53,81,3,6,2.73,0.455
53,81,4,18,5.52,0.30666666666666664
53,87,0,20,120.81,6.0405
53,87,1,10,51.1,5.11
53,87,2,7,26.36,3.7657142857142856
53,87,3,13,43.06,3.3123076923076926
53,87,4,9,28.57,3.1744444444444446
53,92,0,6,25.92,4.32
53,92,1,10,40.73,4.0729999999999995
53,92,2,13,33.43,2.5715384615384616
53,92,3,19,41.97,2.2089473684210525
53,92,4,10,14.68,1.468
53,96,0,8,78.69,9.83625
53,96,1,4,39.31,9.8275
53,96,2,7,39.84,5.691428571428572
53,96,3,17,73.86,4.344705882352941
53,96,4,6,22.32,3.72
53,97,0,4,34.8,8.7
53,97,1,11,61.66,5.6054545454545455
53,97,2,2,7.44,3.72
53,97,3,19,57.73,3.0384210526315787
53,97,4,11,27.4,2.4909090909090907
53,99,0,11,102.96,9.36
53,99,1,10,81.64,8.164
53,99,2,2,11.13,5.565
53,99,3,2,9.66,4.83
53,99,4,1,1.9,1.9
55,2,0,10,41.96,4.196
55,2,1,3,9.05,3.016666666666667
55,2,2,6,17.04,2.84
55,2,3,8,15.07,1.88375
55,2,4,10,18.82,1.8820000000000001
55,3,0,14,36.03,2.573571428571429
55,3,1,14,26.58,1.8985714285714284
55,3,2,10,18.72,1.8719999999999999
55,3,3,1,1.05,1.05
55,3,4,16,5.37,0.335625
55,5,0,20,76.28,3.814
55,5,1,16,36.76,2.2975
55,5,2,2,3.81,1.905
55,5,3,1,1.02,1.02
55,5,4,1,0.49,0.49
55,7,0,18,132.59,7.3661111111111115
55,7,1,2,13.49,6.745
55,7,2,18,104.71,5.817222222222222
55,7,3,19,31.25,1.644736842105263
55,7,4,3,2.94,0.98
55,8,0,14,49.27,3.5192857142857146
55,8,1,3,9.02,3.0066666666666664
55,8,2,18,18.2,1.011111111111111
55,8,3,3,2.65,0.8833333333333333
55,8,4,18,7.03,0.39055555555555554
55,11,0,13,35.26,2.712307692307692
55,11,1,9,23.65,2.6277777777777778
55,11,2,12,26.39,2.1991666666666667
55,11,3,7,11.82,1.6885714285714286
55,11,4,2,2.49,1.245
55,13,0,6,26.37,4.3950000000000005
55,13,1,15,64.36,4.290666666666667
55,13,2,1,2.61,2.61
55,13,3,13,24.38,1.8753846153846152
55,13,4,7,3.94,0.5628571428571428
55,15,0,4,7.46,1.865
55,15,1,2,3.03,1.515
55,15,2,10,12.05,1.205
55,15,3,10,11.1,1.1099999999999999
55,15,4,3,0.35,0.11666666666666665
55,17,0,20,50.33,2.5164999999999997
55,17,1,15,22.8,1.52
55,17,2,9,11.21,1.2455555555555557
55,17,3,12,11.24,0.9366666666666666
55,17,4,4,2.04,0.51
55,19,0,9,25.61,2.8455555555555554
55,19,1,20,56.7,2.835
55,19,2,11,19.98,1.8163636363636364
55,19,3,20,19.54,0.977
55,19,4,2,0.81,0.405
55,21,0,10,14.46,1.4460000000000002
55,21,1,8,11.28,1.41
55,21,2,3,2.79,0.93
55,21,3,1,0.8,0.8
55,21,4,16,3.68,0.23
55,22,0,6,10.97,1.8283333333333334
55,22,1,12,21.72,1.8099999999999998
55,22,2,15,25.34,1.6893333333333334
55,22,3,13,9.88,0.76
55,22,4,11,4.65,0.4227272727272728
55,24,0,9,25.74,2.86
55,24,1,7,11.48,1.6400000000000001
55,24,2,14,16.41,1.1721428571428572
55,24,3,8,7.93,0.99125
55,24,4,13,4.11,0.3161538461538462
55,27,0,7,28.37,4.052857142857143
55,27,1,8,21.9,2.7375
55,27,2,4,7.5,1.875
55,27,3,4,4.65,1.1625
55,27,4,7,2.88,0.4114285714285714
55,28,0,9,8.93,0.9922222222222222
55,28,1,17,16.86,0.9917647058823529
55,28,2,7,5.63,0.8042857142857143
55,28,3,17,9.86,0.58
55,28,4,14,2.32,0.1657142857142857
55,30,0,7,6.8,0.9714285714285714
55,30,1,3,2.57,0.8566666666666666
55,30,2,12,5.19,0.43250000000000005
55,30,3,7,2.94,0.42
55,30,4,12,3.88,0.3233333333333333
55,31,0,10,12.78,1.278
55,31,1,17,13.85,0.8147058823529412
55,31,2,15,11.65,0.7766666666666667
55,31,3,13,1.86,0.14307692307692307
55,31,4,13,1.8,0.13846153846153847
55,33,0,17,94.24,5.543529411764705
55,33,1,13,70.36,5.412307692307692
55,33,2,19,55.91,2.9426315789473683
55,33,3,17,13.68,0.8047058823529412
55,33,4,10,3.4,0.33999999999999997
55,34,0,5,9.66,1.932
55,34,1,19,32.88,1.730526315789474
55,34,2,15,21.68,1.4453333333333334
55,34,3,3,4.02,1.3399999999999999
55,34,4,15,9.7,0.6466666666666666
55,35,0,7,11.83,1.69
55,35,1,15,19.96,1.3306666666666667
55,35,2,20,10.02,0.501
55,35,3,13,5.95,0.45769230769230773
55,35,4,2,0.25,0.125
55,37,0,3,3.72,1.24
55,37,1,10,12.25,1.225
55,37,2,13,10.71,0.8238461538461539
55,37,3,10,7.76,0.776
55,37,4,1,0.59,0.59
55,38,0,6,45.26,7.543333333333333
55,38,1,3,22.52,7.506666666666667
55,38,2,13,77.66,5.973846153846154
55,38,3,9,52.74,5.86
55,38,4,4,23.04,5.76
55,39,0,16,14.82,0.92625
55,39,1,10,6.23,0.623
55,39,2,1,0.5,0.5
55,39,3,15,6.49,0.4326666666666667
55,39,4,7,2.53,0.3614285714285714
55,43,0,1,4.1,4.1
55,43,1,16,61.93,3.870625
55,43,2,1,3.48,3.48
55,43,3,1,3.16,3.16
55,43,4,13,20.98,1.613846153846154
55,46,0,16,48.18,3.01125
55,46,1,12,35.81,2.984166666666667
55,46,2,12,27.37,2.2808333333333333
55,46,3,10,11.15,1.115
55,46,4,8,2.88,0.36
55,47,0,7,23.54,3.3628571428571425
55,47,1,10,26.18,2.618
55,47,2,18,34.63,1.923888888888889
55,47,3,11,6.83,0.620909090909091
55,47,4,11,2.68,0.24363636363636365
55,49,0,17,43.19,2.5405882352941176
55,49,1,4,7.04,1.76
55,49,2,4,6.6,1.65
55,49,3,1,1.18,1.18
55,49,4,10,8.82,0.882
55,50,0,14,60.79,4.342142857142857
55,50,1,3,12.92,4.306666666666667
55,50,2,9,18.39,2.0433333333333334
55,50,3,12,14.82,1.235
55,50,4,10,8.05,0.805
55,51,0,18,36.56,2.031111111111111
55,51,1,2,3.85,1.925
55,51,2,12,22.12,1.8433333333333335
55,51,3,15,17.1,1.1400000000000001
55,51,4,12,1.62,0.135
55,52,0,6,13.49,2.2483333333333335
55,52,1,15,31.07,2.0713333333333335
55,52,2,13,18.76,1.4430769230769231
55,52,3,2,1.44,0.72
55,52,4,13,4.57,0.3515384615384616
55,53,0,7,51.94,7.42
55,53,1,19,87.95,4.628947368421053
55,53,2,7,23.95,3.4214285714285713
55,53,3,14,30.57,2.1835714285714287
55,53,4,16,7.22,0.45125
55,61,0,8,5.22,0.6525
55,61,1,19,8.92,0.4694736842105263
55,61,2,3,0.44,0.14666666666666667
55,61,3,19,2.61,0.13736842105263158
55,61,4,5,0.55,0.11000000000000001
55,64,0,20,58.89,2.9445
55,64,1,20,51.46,2.573
55,64,2,1,2.49,2.49
55,64,3,2,3.84,1.92
55,64,4,12,14.09,1.1741666666666666
55,66,0,8,25.95,3.24375
55,66,1,12,33.62,2.8016666666666663
55,66,2,7,12.32,1.76
55,66,3,16,23.43,1.464375
55,66,4,5,7.13,1.426
55,68,0,20,109.85,5.4925
55,68,1,14,58.03,4.1450000000000005
55,68,2,4,13.25,3.3125
55,68,3,14,17.27,1.2335714285714285
55,68,4,18,9.0,0.5
55,70,0,10,36.61,3.661
55,70,1,12,36.54,3.045
55,70,2,19,44.78,2.356842105263158
55,70,3,10,6.95,0.6950000000000001
55,70,4,5,3.36,0.6719999999999999
55,78,0,17,3.49,0.20529411764705885
55,78,1,19,2.37,0.12473684210526316
55,78,2,13,1.45,0.11153846153846153
55,78,3,13,0.45,0.03461538461538462
55,78,4,3,0.07,0.023333333333333334
55,80,0,16,21.25,1.328125
55,80,1,19,21.92,1.1536842105263159
55,80,2,11,10.53,0.9572727272727272
55,80,3,9,6.57,0.73
55,80,4,1,0.2,0.2
55,81,0,3,22.53,7.510000000000001
55,81,1,18,126.3,7.016666666666667
55,81,2,9,39.75,4.416666666666667
55,81,3,5,18.87,3.774
55,81,4,3,11.0,3.6666666666666665
55,87,0,1,3.2,3.2
55,87,1,1,1.59,1.59
55,87,2,4,5.2,1.3
55,87,3,16,17.26,1.07875
55,87,4,2,1.21,0.605
55,92,0,13,15.44,1.1876923076923076
55,92,1,3,3.51,1.17
55,92,2,18,15.8,0.8777777777777778
55,92,3,19,10.0,0.5263157894736842
55,92,4,4,1.69,0.4225
55,96,0,20,67.1,3.3549999999999995
55,96,1,8,18.03,2.25375
55,96,2,8,14.91,1.86375
55,96,3,20,9.49,0.47450000000000003
55,96,4,20,4.69,0.23450000000000001
55,97,0,8,46.72,5.84
55,97,1,2,11.07,5.535
55,97,2,8,25.27,3.15875
55,97,3,20,33.39,1.6695
55,97,4,7,3.02,0.43142857142857144
55,99,0,9,11.56,1.2844444444444445
55,99,1,10,10.76,1.076
55,99,2,17,17.05,1.0029411764705882
55,99,3,16,11.54,0.72125
55,99,4,16,2.17,0.135625
61,2,0,2,9.7,4.85
61,2,1,10,31.94,3.194
61,2,2,3,9.25,3.0833333333333335
61,2,3,5,7.1,1.42
61,2,4,12,5.6,0.4666666666666666
61,3,0,16,46.46,2.90375
61,3,1,3,8.7,2.9
61,3,2,5,13.84,2.768
61,3,3,1,0.75,0.75
61,3,4,19,12.48,0.6568421052631579
61,5,0,18,49.49,2.7494444444444444
61,5,1,10,24.26,2.426
61,5,2,5,3.71,0.742
61,5,3,14,5.71,0.40785714285714286
61,5,4,5,1.69,0.33799999999999997
61,7,0,2,13.54,6.77
61,7,1,3,11.74,3.9133333333333336
61,7,2,5,18.57,3.714
61,7,3,11,25.02,2.2745454545454544
61,7,4,8,14.34,1.7925
61,8,0,2,7.36,3.68
61,8,1,20,54.34,2.717
61,8,2,19,48.94,2.5757894736842104
61,8,3,14,25.52,1.8228571428571427
61,8,4,9,2.66,0.29555555555555557
61,11,0,12,43.27,3.6058333333333334
61,11,1,1,3.44,3.44
61,11,2,11,25.9,2.3545454545454545
61,11,3,1,1.93,1.93
61,11,4,13,6.58,0.5061538461538462
61,13,0,17,83.11,4.888823529411765
61,13,1,11,50.45,4.586363636363637
61,13,2,12,37.75,3.1458333333333335
61,13,3,20,54.73,2.7365
61,13,4,2,0.98,0.49
61,15,0,14,29.96,2.14
61,15,1,8,17.01,2.12625
61,15,2,14,26.62,1.9014285714285715
61,15,3,9,12.34,1.3711111111111112
61,15,4,5,4.29,0.858
61,17,0,15,14.19,0.946
61,17,1,15,11.95,0.7966666666666666
61,17,2,15,9.66,0.644
61,17,3,19,11.87,0.6247368421052631
61,17,4,16,6.6,0.4125
61,19,0,18,28.45,1.5805555555555555
61,19,1,12,8.66,0.7216666666666667
61,19,2,4,2.69,0.6725
61,19,3,7,1.86,0.26571428571428574
61,19,4,10,2.52,0.252
61,21,0,2,2.53,1.265
61,21,1,9,10.76,1.1955555555555555
61,21,2,20,12.24,0.612
61,21,3,8,4.09,0.51125
61,21,4,7,3.33,0.4757142857142857
61,22,0,3,6.77,2.2566666666666664
61,22,1,1,2.09,2.09
61,22,2,3,2.67,0.89
61,22,3,10,8.31,0.8310000000000001
61,22,4,17,14.05,0.8264705882352942
61,24,0,17,61.08,3.592941176470588
61,24,1,3,4.82,1.6066666666666667
61,24,2,3,4.62,1.54
61,24,3,7,4.28,0.6114285714285714
61,24,4,2,0.98,0.49
61,27,0,4,13.26,3.315
61,27,1,7,15.11,2.1585714285714284
61,27,2,16,33.1,2.06875
61,27,3,4,4.12,1.03
61,27,4,13,9.78,0.7523076923076922
61,28,0,10,16.29,1.629
61,28,1,5,7.39,1.478
61,28,2,18,25.28,1.4044444444444446
61,28,3,18,7.14,0.39666666666666667
61,28,4,7,1.65,0.2357142857142857
61,30,0,13,10.0,0.7692307692307693
61,30,1,9,5.98,0.6644444444444445
61,30,2,5,2.4,0.48
61,30,3,10,3.6,0.36
61,30,4,17,3.44,0.2023529411764706
61,31,0,13,15.75,1.2115384615384615
61,31,1,4,4.83,1.2075
61,31,2,2,1.92,0.96
61,31,3,20,13.37,0.6685
61,31,4,14,1.6,0.1142857142857143
61,33,0,9,38.17,4.2411111111111115
61,33,1,14,27.49,1.9635714285714285
61,33,2,17,11.42,0.6717647058823529
61,33,3,3,1.27,0.42333333333333334
61,33,4,4,0.93,0.2325
61,34,0,8,17.02,2.1275
61,34,1,1,1.74,1.74
61,34,2,6,8.22,1.37
61,34,3,5,4.3,0.86
61,34,4,11,4.29,0.39
61,35,0,11,11.47,1.0427272727272727
61,35,1,12,9.68,0.8066666666666666
61,35,2,10,4.97,0.497
61,35,3,6,2.53,0.42166666666666663
61,35,4,8,1.83,0.22875
61,37,0,14,17.41,1.2435714285714285
61,37,1,11,12.93,1.1754545454545455
61,37,2,18,20.54,1.141111111111111
61,37,3,7,4.11,0.5871428571428572
61,37,4,18,5.03,0.27944444444444444
61,38,0,9,60.3,6.699999999999999
61,38,1,5,31.02,6.204
61,38,2,19,66.49,3.499473684210526
61,38,3,3,3.69,1.23
61,38,4,4,3.27,0.8175
61,39,0,15,13.73,0.9153333333333333
61,39,1,15,12.46,0.8306666666666668
61,39,2,8,4.71,0.58875
61,39,3,1,0.46,0.46
61,39,4,14,4.27,0.305
61,43,0,17,74.27,4.368823529411764
61,43,1,5,19.02,3.804
61,43,2,1,2.85,2.85
61,43,3,13,21.06,1.6199999999999999
61,43,4,19,20.43,1.075263157894737
61,46,0,2,5.42,2.71
61,46,1,2,4.99,2.495
61,46,2,1,2.15,2.15
61,46,3,6,12.13,2.021666666666667
61,46,4,15,6.23,0.4153333333333334
61,47,0,11,31.16,2.8327272727272725
61,47,1,3,5.35,1.7833333333333332
61,47,2,3,4.96,1.6533333333333333
61,47,3,6,6.42,1.07
61,47,4,1,0.5,0.5
61,49,0,13,31.19,2.3992307692307695
61,49,1,11,25.19,2.29
61,49,2,6,10.87,1.8116666666666665
61,49,3,12,18.74,1.5616666666666665
61,49,4,17,18.56,1.091764705882353
61,50,0,18,117.87,6.548333333333334
61,50,1,18,99.19,5.510555555555555
61,50,2,2,9.55,4.775
61,50,3,2,7.53,3.765
61,50,4,13,27.01,2.077692307692308
61,51,0,15,27.56,1.8373333333333333
61,51,1,13,16.75,1.2884615384615385
61,51,2,16,5.24,0.3275
61,51,3,13,2.91,0.22384615384615386
61,51,4,14,1.12,0.08
61,52,0,6,12.72,2.12
61,52,1,9,8.72,0.9688888888888889
61,52,2,7,6.35,0.9071428571428571
61,52,3,7,5.07,0.7242857142857143
61,52,4,10,2.87,0.28700000000000003
61,53,0,6,44.55,7.425
61,53,1,16,105.88,6.6175
61,53,2,3,10.85,3.6166666666666667
61,53,3,6,20.06,3.3433333333333333
61,53,4,8,8.01,1.00125
61,55,0,17,4.82,0.2835294117647059
61,55,1,17,4.82,0.2835294117647059
61,55,2,8,1.99,0.24875
61,55,3,6,0.98,0.16333333333333333
61,55,4,2,0.14,0.07
61,64,0,16,68.7,4.29375
61,64,1,3,9.78,3.26
61,64,2,1,2.65,2.65
61,64,3,2,3.88,1.94
61,64,4,8,6.92,0.865
61,66,0,2,5.47,2.735
61,66,1,8,19.94,2.4925
61,66,2,6,13.9,2.316666666666667
61,66,3,3,4.21,1.4033333333333333
61,66,4,9,8.71,0.9677777777777778
61,68,0,6,21.42,3.5700000000000003
61,68,1,14,23.79,1.6992857142857143
61,68,2,6,8.74,1.4566666666666668
61,68,3,10,7.05,0.705
61,68,4,1,0.48,0.48
61,70,0,12,48.03,4.0025
61,70,1,11,37.43,3.402727272727273
61,70,2,20,66.99,3.3495
61,70,3,14,26.2,1.8714285714285714
61,70,4,1,0.28,0.28
61,78,0,16,6.78,0.42375
61,78,1,8,2.5,0.3125
61,78,2,15,4.58,0.30533333333333335
61,78,3,4,0.77,0.1925
61,78,4,11,0.43,0.03909090909090909
61,80,0,18,16.37,0.9094444444444445
61,80,1,13,5.92,0.4553846153846154
61,80,2,5,1.26,0.252
61,80,3,16,2.43,0.151875
61,80,4,17,2.0,0.11764705882352941
61,81,0,5,41.86,8.372
61,81,1,9,52.88,5.875555555555556
61,81,2,20,113.91,5.6955
61,81,3,10,49.63,4.963
61,81,4,5,6.12,1.224
61,87,0,2,5.89,2.945
61,87,1,9,21.1,2.3444444444444446
61,87,2,2,2.56,1.28
61,87,3,3,1.33,0.44333333333333336
61,87,4,14,4.01,0.2864285714285714
61,92,0,7,9.75,1.3928571428571428
61,92,1,5,5.06,1.012
61,92,2,2,1.04,0.52
61,92,3,16,6.89,0.430625
61,92,4,16,6.61,0.413125
61,96,0,16,51.14,3.19625
61,96,1,14,29.3,2.092857142857143
61,96,2,9,14.93,1.6588888888888889
61,96,3,15,20.97,1.398
61,96,4,2,2.68,1.34
61,97,0,1,3.74,3.74
61,97,1,9,31.6,3.511111111111111
61,97,2,2,1.36,0.68
61,97,3,11,6.95,0.6318181818181818
61,97,4,14,4.26,0.30428571428571427
61,99,0,11,23.84,2.1672727272727275
61,99,1,9,10.37,1.152222222222222
61,99,2,10,10.27,1.027
61,99,3,10,6.79,0.679
61,99,4,11,2.58,0.23454545454545456
64,2,0,11,95.36,8.66909090909091
64,2,1,12,99.25,8.270833333333334
64,2,2,8,63.4,7.925
64,2,3,5,36.46,7.292
64,2,4,18,97.0,5.388888888888889
64,3,0,8,2.37,0.29625
64,3,1,12,2.72,0.22666666666666668
64,3,2,9,0.9,0.1
64,3,3,19,0.89,0.04684210526315789
64,3,4,14,0.49,0.034999999999999996
64,5,0,13,39.25,3.019230769230769
64,5,1,16,43.13,2.695625
64,5,2,7,12.54,1.7914285714285714
64,5,3,4,3.43,0.8575
64,5,4,16,3.02,0.18875
64,7,0,1,8.68,8.68
64,7,1,13,106.88,8.221538461538461
64,7,2,19,109.98,5.78842105263158
64,7,3,12,60.21,5.0175
64,7,4,16,48.25,3.015625
64,8,0,15,12.62,0.8413333333333333
64,8,1,19,13.2,0.6947368421052631
64,8,2,12,3.66,0.305
64,8,3,2,0.54,0.27
64,8,4,10,2.09,0.209
64,11,0,11,6.6,0.6
64,11,1,9,4.97,0.5522222222222222
64,11,2,18,8.73,0.48500000000000004
64,11,3,6,2.56,0.4266666666666667
64,11,4,10,0.55,0.05500000000000001
64,13,0,18,17.18,0.9544444444444444
64,13,1,17,10.29,0.6052941176470588
64,13,2,7,4.13,0.59
64,13,3,16,5.1,0.31875
64,13,4,18,3.84,0.21333333333333332
64,15,0,3,2.15,0.7166666666666667
64,15,1,4,2.83,0.7075
64,15,2,1,0.46,0.46
64,15,3,6,1.55,0.25833333333333336
64,15,4,11,2.44,0.2218181818181818
64,17,0,3,6.42,2.14
64,17,1,7,14.64,2.0914285714285716
64,17,2,4,8.04,2.01
64,17,3,16,7.96,0.4975
64,17,4,20,7.42,0.371
64,19,0,13,41.64,3.203076923076923
64,19,1,19,57.8,3.0421052631578944
64,19,2,11,21.66,1.969090909090909
64,19,3,7,12.23,1.747142857142857
64,19,4,1,0.81,0.81
64,21,0,11,27.68,2.516363636363636
64,21,1,9,22.61,2.5122222222222224
64,21,2,4,4.11,1.0275
64,21,3,8,7.94,0.9925
64,21,4,19,14.26,0.7505263157894737
64,22,0,20,39.05,1.9525
64,22,1,2,3.19,1.595
64,22,2,5,5.0,1.0
64,22,3,14,10.97,0.7835714285714286
64,22,4,8,1.52,0.19
64,24,0,6,16.58,2.763333333333333
64,24,1,12,32.15,2.6791666666666667
64,24,2,19,32.94,1.7336842105263157
64,24,3,18,22.23,1.235
64,24,4,6,4.62,0.77
64,27,0,11,56.99,5.180909090909091
64,27,1,13,63.54,4.887692307692308
64,27,2,3,11.67,3.89
64,27,3,12,14.99,1.2491666666666668
64,27,4,16,4.8,0.3
64,28,0,18,24.71,1.3727777777777779
64,28,1,13,15.49,1.1915384615384617
64,28,2,10,10.13,1.0130000000000001
64,28,3,20,17.57,0.8785000000000001
64,28,4,16,4.14,0.25875
64,30,0,12,38.82,3.235
64,30,1,16,40.22,2.51375
64,30,2,7,12.49,1.7842857142857143
64,30,3,16,4.29,0.268125
64,30,4,15,3.27,0.218
64,31,0,13,30.01,2.308461538461539
64,31,1,9,18.6,2.066666666666667
64,31,2,20,38.63,1.9315000000000002
64,31,3,14,14.9,1.0642857142857143
64,31,4,19,16.62,0.8747368421052633
64,33,0,2,14.35,7.175
64,33,1,20,127.18,6.359
64,33,2,18,82.33,4.573888888888889
64,33,3,2,6.69,3.345
64,33,4,19,10.56,0.5557894736842105
64,34,0,1,1.65,1.65
64,34,1,12,16.04,1.3366666666666667
64,34,2,17,16.54,0.9729411764705882
64,34,3,16,13.27,0.829375
64,34,4,17,8.51,0.5005882352941177
64,35,0,1,2.75,2.75
64,35,1,16,38.61,2.413125
64,35,2,8,16.49,2.06125
64,35,3,5,9.09,1.818
64,35,4,17,5.83,0.34294117647058825
64,37,0,3,7.66,2.5533333333333332
64,37,1,9,21.26,2.3622222222222224
64,37,2,8,12.44,1.555
64,37,3,6,7.86,1.31
64,37,4,9,5.18,0.5755555555555555
64,38,0,9,97.86,10.873333333333333
64,38,1,14,131.68,9.405714285714286
64,38,2,9,60.25,6.694444444444445
64,38,3,7,46.2,6.6000000000000005
64,38,4,14,65.11,4.650714285714286
64,39,0,1,2.42,2.42
64,39,1,2,2.38,1.19
64,39,2,18,20.81,1.156111111111111
64,39,3,18,12.03,0.6683333333333333
64,39,4,12,3.91,0.32583333333333336
64,43,0,13,2.71,0.20846153846153845
64,43,1,1,0.14,0.14
64,43,2,9,0.82,0.0911111111111111
64,43,3,19,1.67,0.08789473684210526
64,43,4,2,0.09,0.045
64,46,0,14,65.56,4.682857142857143
64,46,1,6,21.86,3.643333333333333
64,46,2,18,63.61,3.533888888888889
64,46,3,7,16.51,2.358571428571429
64,46,4,1,1.43,1.43
64,47,0,6,11.88,1.9800000000000002
64,47,1,10,17.38,1.738
64,47,2,5,5.95,1.19
64,47,3,1,1.07,1.07
64,47,4,16,11.17,0.698125
64,49,0,12,36.9,3.0749999999999997
64,49,1,10,28.22,2.822
64,49,2,4,3.74,0.935
64,49,3,17,8.6,0.5058823529411764
64,49,4,6,1.94,0.3233333333333333
64,50,0,20,218.0,10.9
64,50,1,9,86.66,9.628888888888888
64,50,2,8,61.36,7.67
64,50,3,15,81.78,5.452
64,50,4,20,52.43,2.6215
64,51,0,1,2.24,2.24
64,51,1,7,10.45,1.4928571428571427
64,51,2,2,2.63,1.315
64,51,3,11,7.38,0.6709090909090909
64,51,4,14,2.0,0.14285714285714285
64,52,0,2,8.15,4.075
64,52,1,12,44.11,3.6758333333333333
64,52,2,1,2.86,2.86
64,52,3,6,6.07,1.0116666666666667
64,52,4,9,7.65,0.8500000000000001
64,53,0,6,59.24,9.873333333333333
64,53,1,2,15.37,7.685
64,53,2,17,122.21,7.188823529411764
64,53,3,5,19.63,3.9259999999999997
64,53,4,8,14.36,1.795
64,55,0,12,48.37,4.030833333333333
64,55,1,13,44.78,3.4446153846153846
64,55,2,13,33.82,2.6015384615384614
64,55,3,15,9.62,0.6413333333333333
64,55,4,10,1.62,0.162
64,61,0,10,35.84,3.5840000000000005
64,61,1,18,60.88,3.3822222222222225
64,61,2,12,24.73,2.0608333333333335
64,61,3,17,31.55,1.8558823529411765
64,61,4,18,9.41,0.5227777777777778
64,66,0,15,60.52,4.034666666666667
64,66,1,8,19.46,2.4325
64,66,2,19,28.36,1.4926315789473683
64,66,3,10,13.08,1.308
64,66,4,2,0.77,0.385
64,68,0,17,73.97,4.351176470588236
64,68,1,9,18.5,2.0555555555555554
64,68,2,12,23.71,1.9758333333333333
64,68,3,12,8.36,0.6966666666666667
64,68,4,6,1.43,0.2383333333333333
64,70,0,7,2.24,0.32
64,70,1,16,4.35,0.271875
64,70,2,20,4.6,0.22999999999999998
64,70,3,11,1.26,0.11454545454545455
64,70,4,8,0.54,0.0675
64,78,0,16,58.3,3.64375
64,78,1,16,25.35,1.584375
64,78,2,6,6.21,1.035
64,78,3,4,1.88,0.47
64,78,4,5,1.66,0.33199999999999996
64,80,0,1,3.77,3.77
64,80,1,1,1.56,1.56
64,80,2,16,22.09,1.380625
64,80,3,9,9.26,1.028888888888889
64,80,4,17,5.77,0.3394117647058823
64,81,0,7,86.34,12.334285714285715
64,81,1,1,10.04,10.04
64,81,2,4,31.44,7.86
64,81,3,18,35.66,1.9811111111111108
64,81,4,14,9.36,0.6685714285714285
64,87,0,12,70.12,5.843333333333334
64,87,1,13,48.03,3.6946153846153846
64,87,2,18,55.72,3.0955555555555554
64,87,3,19,41.7,2.194736842105263
64,87,4,10,5.62,0.562
64,92,0,4,8.36,2.09
64,92,1,11,17.84,1.6218181818181818
64,92,2,11,16.58,1.507272727272727
64,92,3,5,5.22,1.044
64,92,4,1,0.7,0.7
64,96,0,8,8.18,1.0225
64,96,1,13,9.66,0.7430769230769231
64,96,2,11,6.0,0.5454545454545454
64,96,3,2,0.96,0.48
64,96,4,8,2.03,0.25375
64,97,0,6,25.95,4.325
64,97,1,17,60.54,3.561176470588235
64,97,2,8,21.03,2.62875
64,97,3,2,3.88,1.94
64,97,4,1,1.73,1.73
64,99,0,17,29.83,1.7547058823529411
64,99,1,4,6.83,1.7075
64,99,2,6,8.63,1.4383333333333335
64,99,3,13,17.21,1.323846153846154
64,99,4,11,5.28,0.48000000000000004
66,2,0,9,18.63,2.07
66,2,1,8,16.32,2.04
66,2,2,8,15.84,1.98
66,2,3,20,23.75,1.1875
66,2,4,11,8.57,0.7790909090909092
66,3,0,5,31.11,6.2219999999999995
66,3,1,1,5.43,5.43
66,3,2,13,57.8,4.446153846153846
66,3,3,19,58.68,3.088421052631579
66,3,4,9,10.28,1.1422222222222222
66,5,0,2,7.57,3.785
66,5,1,20,57.38,2.869
66,5,2,8,20.94,2.6175
66,5,3,7,11.05,1.5785714285714287
66,5,4,2,3.13,1.565
66,7,0,16,67.37,4.210625
66,7,1,20,69.17,3.4585
66,7,2,16,26.79,1.674375
66,7,3,6,5.2,0.8666666666666667
66,7,4,7,3.77,0.5385714285714286
66,8,0,11,48.78,4.434545454545455
66,8,1,12,25.63,2.1358333333333333
66,8,2,1,1.77,1.77
66,8,3,7,11.69,1.67
66,8,4,14,11.47,0.8192857142857143
66,11,0,11,54.3,4.9363636363636365
66,11,1,19,92.8,4.88421052631579
66,11,2,4,10.59,2.6475
66,11,3,14,36.7,2.6214285714285714
66,11,4,5,3.82,0.764
66,13,0,16,89.63,5.601875
66,13,1,3,6.53,2.1766666666666667
66,13,2,14,24.74,1.7671428571428571
66,13,3,7,5.22,0.7457142857142857
66,13,4,13,8.69,0.6684615384615384
66,15,0,15,57.89,3.8593333333333333
66,15,1,14,42.71,3.0507142857142857
66,15,2,20,26.44,1.322
66,15,3,11,10.68,0.9709090909090908
66,15,4,19,5.92,0.31157894736842107
66,17,0,13,54.82,4.216923076923077
66,17,1,4,9.31,2.3275
66,17,2,2,2.93,1.465
66,17,3,18,15.19,0.8438888888888889
66,17,4,11,5.18,0.4709090909090909
66,19,0,6,18.7,3.1166666666666667
66,19,1,9,27.4,3.0444444444444443
66,19,2,13,20.19,1.5530769230769232
66,19,3,11,11.08,1.0072727272727273
66,19,4,18,17.19,0.9550000000000001
66,21,0,16,54.56,3.41
66,21,1,6,19.88,3.313333333333333
66,21,2,14,39.83,2.8449999999999998
66,21,3,9,16.43,1.8255555555555556
66,21,4,19,14.39,0.7573684210526316
66,22,0,6,25.49,4.248333333333333
66,22,1,10,31.6,3.16
66,22,2,2,5.32,2.66
66,22,3,19,44.52,2.343157894736842
66,22,4,20,29.43,1.4715
66,24,0,14,63.52,4.537142857142857
66,24,1,4,17.61,4.4025
66,24,2,4,8.66,2.165
66,24,3,16,33.53,2.095625
66,24,4,9,10.06,1.1177777777777778
66,27,0,5,4.07,0.8140000000000001
66,27,1,8,5.9,0.7375
66,27,2,20,9.13,0.4565
66,27,3,18,3.96,0.22
66,27,4,7,1.46,0.20857142857142857
66,28,0,11,38.37,3.488181818181818
66,28,1,18,59.42,3.301111111111111
66,28,2,2,4.52,2.26
66,28,3,1,0.97,0.97
66,28,4,13,9.8,0.7538461538461539
66,30,0,18,30.4,1.6888888888888889
66,30,1,19,19.57,1.03
66,30,2,18,16.06,0.8922222222222221
66,30,3,12,4.31,0.35916666666666663
66,30,4,10,2.28,0.22799999999999998
66,31,0,9,26.72,2.968888888888889
66,31,1,5,13.13,2.6260000000000003
66,31,2,17,30.87,1.8158823529411765
66,31,3,4,6.42,1.605
66,31,4,3,2.45,0.8166666666666668
66,33,0,16,35.4,2.2125
66,33,1,11,23.97,2.179090909090909
66,33,2,4,5.4,1.35
66,33,3,20,12.81,0.6405000000000001
66,33,4,11,5.27,0.47909090909090907
66,34,0,19,87.06,4.582105263157895
66,34,1,9,20.42,2.268888888888889
66,34,2,12,6.28,0.5233333333333333
66,34,3,2,0.55,0.275
66,34,4,11,2.57,0.23363636363636361
66,35,0,5,14.02,2.804
66,35,1,1,2.64,2.64
66,35,2,5,11.73,2.346
66,35,3,9,12.59,1.3988888888888888
66,35,4,18,19.54,1.0855555555555556
66,37,0,12,41.48,3.4566666666666666
66,37,1,4,11.37,2.8425
66,37,2,17,34.08,2.004705882352941
66,37,3,13,20.51,1.5776923076923077
66,37,4,8,2.54,0.3175
66,38,0,19,103.77,5.46157894736842
66,38,1,3,14.58,4.86
66,38,2,15,43.66,2.9106666666666663
66,38,3,12,23.49,1.9574999999999998
66,38,4,8,7.27,0.90875
66,39,0,10,26.99,2.699
66,39,1,8,19.9,2.4875
66,39,2,7,13.1,1.8714285714285714
66,39,3,4,4.21,1.0525
66,39,4,14,8.87,0.6335714285714286
66,43,0,10,59.98,5.997999999999999
66,43,1,4,20.65,5.1625
66,43,2,14,68.6,4.8999999999999995
66,43,3,17,66.01,3.8829411764705886
66,43,4,14,38.99,2.785
66,46,0,2,4.44,2.22
66,46,1,3,4.49,1.4966666666666668
66,46,2,1,0.95,0.95
66,46,3,18,9.41,0.5227777777777778
66,46,4,7,3.51,0.5014285714285714
66,47,0,17,66.82,3.9305882352941173
66,47,1,5,18.22,3.6439999999999997
66,47,2,5,12.32,2.464
66,47,3,10,23.8,2.38
66,47,4,12,11.84,0.9866666666666667
66,49,0,18,61.65,3.425
66,49,1,11,27.89,2.5354545454545456
66,49,2,13,31.5,2.423076923076923
66,49,3,4,2.51,0.6275
66,49,4,13,5.66,0.43538461538461537
66,50,0,12,53.07,4.4225
66,50,1,20,74.63,3.7314999999999996
66,50,2,2,4.68,2.34
66,50,3,20,18.85,0.9425000000000001
66,50,4,20,15.04,0.752
66,51,0,15,54.42,3.628
66,51,1,14,31.86,2.275714285714286
66,51,2,1,2.24,2.24
66,51,3,15,26.96,1.7973333333333334
66,51,4,3,1.28,0.4266666666666667
66,52,0,13,14.31,1.1007692307692307
66,52,1,5,5.39,1.0779999999999998
66,52,2,8,6.45,0.80625
66,52,3,9,6.68,0.7422222222222222
66,52,4,15,3.62,0.24133333333333334
66,53,0,1,3.03,3.03
66,53,1,20,35.74,1.7870000000000001
66,53,2,2,3.39,1.695
66,53,3,2,2.59,1.295
66,53,4,10,9.49,0.9490000000000001
66,55,0,17,54.3,3.1941176470588233
66,55,1,4,9.26,2.315
66,55,2,11,24.53,2.23
66,55,3,1,1.01,1.01
66,55,4,16,2.78,0.17375
66,61,0,1,2.45,2.45
66,61,1,1,2.28,2.28
66,61,2,13,23.04,1.7723076923076921
66,61,3,15,9.77,0.6513333333333333
66,61,4,13,7.56,0.5815384615384616
66,64,0,13,76.89,5.914615384615384
66,64,1,4,5.87,1.4675
66,64,2,3,3.54,1.18
66,64,3,10,9.72,0.9720000000000001
66,64,4,12,8.37,0.6974999999999999
66,68,0,16,77.54,4.84625
66,68,1,11,43.17,3.924545454545455
66,68,2,2,3.43,1.715
66,68,3,19,11.33,0.5963157894736842
66,68,4,10,5.95,0.595
66,70,0,1,6.22,6.22
66,70,1,8,42.39,5.29875
66,70,2,6,27.3,4.55
66,70,3,10,28.1,2.81
66,70,4,13,34.42,2.647692307692308
66,78,0,15,46.84,3.122666666666667
66,78,1,10,28.93,2.893
66,78,2,7,17.93,2.5614285714285714
66,78,3,7,9.72,1.3885714285714286
66,78,4,18,23.65,1.3138888888888889
66,80,0,13,22.98,1.7676923076923077
66,80,1,20,33.69,1.6844999999999999
66,80,2,16,23.92,1.495
66,80,3,18,25.68,1.4266666666666667
66,80,4,9,9.81,1.09
66,81,0,5,22.45,4.49
66,81,1,7,29.27,4.1814285714285715
66,81,2,18,59.18,3.287777777777778
66,81,3,4,5.6,1.4
66,81,4,5,1.97,0.394
66,87,0,10,8.63,0.8630000000000001
66,87,1,15,12.4,0.8266666666666667
66,87,2,12,8.9,0.7416666666666667
66,87,3,18,10.27,0.5705555555555555
66,87,4,6,0.62,0.10333333333333333
66,92,0,12,47.45,3.954166666666667
66,92,1,14,43.36,3.097142857142857
66,92,2,15,30.2,2.013333333333333
66,92,3,13,20.92,1.6092307692307695
66,92,4,4,1.21,0.3025
66,96,0,3,17.13,5.71
66,96,1,5,15.79,3.158
66,96,2,12,31.0,2.5833333333333335
66,96,3,7,11.55,1.6500000000000001
66,96,4,14,4.85,0.3464285714285714
66,97,0,16,75.91,4.744375
66,97,1,15,60.56,4.037333333333334
66,97,2,13,26.94,2.0723076923076924
66,97,3,16,31.03,1.939375
66,97,4,8,5.8,0.725
66,99,0,5,24.53,4.906000000000001
66,99,1,1,2.94,2.94
66,99,2,19,27.92,1.4694736842105265
66,99,3,11,14.73,1.339090909090909
66,99,4,18,13.74,0.7633333333333333
68,2,0,10,68.89,6.889
68,2,1,7,36.54,5.22
68,2,2,1,4.28,4.28
68,2,3,9,27.11,3.0122222222222224
68,2,4,7,2.77,0.39571428571428574
68,3,0,8,35.78,4.4725
68,3,1,13,42.73,3.2869230769230766
68,3,2,11,16.09,1.4627272727272727
68,3,3,8,4.58,0.5725
68,3,4,15,7.34,0.48933333333333334
68,5,0,14,14.89,1.0635714285714286
68,5,1,8,1.43,0.17875
68,5,2,18,3.08,0.1711111111111111
68,5,3,1,0.14,0.14
68,5,4,9,0.72,0.08
68,7,0,16,136.67,8.541875
68,7,1,19,161.27,8.487894736842106
68,7,2,20,68.21,3.4105
68,7,3,10,15.45,1.545
68,7,4,9,7.4,0.8222222222222223
68,8,0,17,63.08,3.7105882352941175
68,8,1,18,64.23,3.5683333333333334
68,8,2,10,23.06,2.306
68,8,3,17,29.66,1.744705882352941
68,8,4,11,17.15,1.5590909090909089
68,11,0,12,49.1,4.091666666666667
68,11,1,14,55.26,3.947142857142857
68,11,2,2,6.53,3.265
68,11,3,8,18.09,2.26125
68,11,4,17,26.93,1.5841176470588234
68,13,0,15,56.29,3.752666666666667
68,13,1,13,48.19,3.7069230769230765
68,13,2,7,24.89,3.5557142857142856
68,13,3,18,42.46,2.358888888888889
68,13,4,13,3.45,0.2653846153846154
68,15,0,11,45.52,4.138181818181819
68,15,1,6,21.94,3.6566666666666667
68,15,2,9,18.38,2.042222222222222
68,15,3,6,11.4,1.9000000000000001
68,15,4,6,2.13,0.355
68,17,0,18,51.81,2.8783333333333334
68,17,1,17,45.24,2.6611764705882353
68,17,2,10,22.22,2.222
68,17,3,3,3.65,1.2166666666666666
68,17,4,17,8.19,0.48176470588235293
68,19,0,5,11.62,2.324
68,19,1,19,41.0,2.1578947368421053
68,19,2,17,15.93,0.9370588235294117
68,19,3,5,2.89,0.5780000000000001
68,19,4,15,3.57,0.238
68,21,0,5,15.62,3.1239999999999997
68,21,1,7,11.27,1.6099999999999999
68,21,2,7,7.65,1.092857142857143
68,21,3,1,0.85,0.85
68,21,4,16,11.82,0.73875
68,22,0,13,55.97,4.305384615384615
68,22,1,16,59.17,3.698125
68,22,2,18,49.4,2.7444444444444445
68,22,3,16,43.25,2.703125
68,22,4,18,7.54,0.41888888888888887
68,24,0,16,28.16,1.76
68,24,1,15,24.28,1.6186666666666667
68,24,2,17,21.4,1.2588235294117647
68,24,3,9,7.3,0.8111111111111111
68,24,4,5,1.1,0.22000000000000003
68,27,0,11,44.36,4.032727272727272
68,27,1,20,58.56,2.928
68,27,2,15,25.18,1.6786666666666668
68,27,3,3,3.78,1.26
68,27,4,4,0.92,0.23
68,28,0,2,7.86,3.93
68,28,1,18,61.15,3.397222222222222
68,28,2,12,36.55,3.045833333333333
68,28,3,19,38.56,2.0294736842105263
68,28,4,16,5.29,0.330625
68,30,0,11,52.87,4.806363636363636
68,30,1,5,23.39,4.678
68,30,2,11,29.12,2.6472727272727274
68,30,3,4,10.32,2.58
68,30,4,2,1.31,0.655
68,31,0,5,19.74,3.9479999999999995
68,31,1,3,11.52,3.84
68,31,2,15,38.13,2.5420000000000003
68,31,3,8,13.43,1.67875
68,31,4,19,12.7,0.6684210526315789
68,33,0,9,66.65,7.405555555555556
68,33,1,6,35.44,5.906666666666666
68,33,2,19,51.38,2.7042105263157894
68,33,3,14,21.91,1.565
68,33,4,8,11.47,1.43375
68,34,0,18,66.79,3.710555555555556
68,34,1,13,36.61,2.816153846153846
68,34,2,17,40.13,2.360588235294118
68,34,3,2,2.63,1.315
68,34,4,6,7.64,1.2733333333333332
68,35,0,14,34.21,2.4435714285714285
68,35,1,20,36.66,1.8329999999999997
68,35,2,20,27.27,1.3635
68,35,3,10,10.78,1.0779999999999998
68,35,4,11,8.5,0.7727272727272727
68,37,0,19,70.85,3.728947368421052
68,37,1,17,62.78,3.692941176470588
68,37,2,11,34.51,3.137272727272727
68,37,3,8,19.13,2.39125
68,37,4,2,1.78,0.89
68,38,0,18,182.04,10.113333333333333
68,38,1,1,6.47,6.47
68,38,2,7,41.29,5.898571428571429
68,38,3,17,93.94,5.525882352941176
68,38,4,10,23.07,2.307
68,39,0,2,6.69,3.345
68,39,1,3,6.78,2.2600000000000002
68,39,2,15,30.28,2.018666666666667
68,39,3,19,15.49,0.8152631578947368
68,39,4,9,2.81,0.31222222222222223
68,43,0,2,8.71,4.355
68,43,1,14,53.69,3.835
68,43,2,18,58.17,3.231666666666667
68,43,3,16,45.4,2.8375
68,43,4,15,21.6,1.4400000000000002
68,46,0,8,19.17,2.39625
68,46,1,1,2.39,2.39
68,46,2,6,11.36,1.8933333333333333
68,46,3,9,15.14,1.6822222222222223
68,46,4,2,2.92,1.46
68,47,0,7,3.81,0.5442857142857143
68,47,1,5,2.35,0.47000000000000003
68,47,2,19,8.79,0.4626315789473684
68,47,3,13,3.36,0.25846153846153846
68,47,4,5,0.68,0.136
68,49,0,12,30.46,2.5383333333333336
68,49,1,9,17.0,1.8888888888888888
68,49,2,1,1.68,1.68
68,49,3,5,6.85,1.3699999999999999
68,49,4,19,17.97,0.9457894736842105
68,50,0,9,80.12,8.902222222222223
68,50,1,4,28.38,7.095
68,50,2,13,68.57,5.274615384615384
68,50,3,20,43.82,2.191
68,50,4,14,13.97,0.9978571428571429
68,51,0,5,15.07,3.0140000000000002
68,51,1,15,40.51,2.7006666666666663
68,51,2,19,26.59,1.3994736842105262
68,51,3,2,2.05,1.025
68,51,4,10,7.83,0.783
68,52,0,14,51.96,3.7114285714285713
68,52,1,1,3.17,3.17
68,52,2,10,16.08,1.6079999999999999
68,52,3,20,22.08,1.1039999999999999
68,52,4,1,0.61,0.61
68,53,0,12,121.1,10.091666666666667
68,53,1,15,69.21,4.614
68,53,2,2,3.83,1.915
68,53,3,15,17.2,1.1466666666666667
68,53,4,4,2.19,0.5475
68,55,0,10,37.4,3.7399999999999998
68,55,1,13,39.67,3.0515384615384615
68,55,2,19,40.62,2.1378947368421053
68,55,3,7,12.93,1.8471428571428572
68,55,4,14,12.83,0.9164285714285715
68,61,0,20,97.91,4.8955
68,61,1,17,80.5,4.735294117647059
68,61,2,7,23.14,3.3057142857142856
68,61,3,10,16.73,1.673
68,61,4,7,2.61,0.37285714285714283
68,64,0,17,63.41,3.73
68,64,1,4,13.67,3.4175
68,64,2,5,15.49,3.098
68,64,3,15,39.46,2.630666666666667
68,64,4,10,19.79,1.9789999999999999
68,66,0,2,5.64,2.82
68,66,1,13,32.36,2.4892307692307694
68,66,2,10,6.3,0.63
68,66,3,18,8.5,0.4722222222222222
68,66,4,14,5.72,0.40857142857142853
68,70,0,8,26.96,3.37
68,70,1,12,36.28,3.0233333333333334
68,70,2,5,13.06,2.612
68,70,3,19,48.63,2.5594736842105266
68,70,4,11,8.83,0.8027272727272727
68,78,0,6,28.77,4.795
68,78,1,11,8.28,0.7527272727272727
68,78,2,2,1.22,0.61
68,78,3,14,8.53,0.6092857142857142
68,78,4,19,6.4,0.3368421052631579
68,80,0,5,17.65,3.53
68,80,1,4,13.65,3.4125
68,80,2,15,38.4,2.56
68,80,3,9,19.46,2.1622222222222223
68,80,4,12,10.03,0.8358333333333333
68,81,0,6,62.2,10.366666666666667
68,81,1,14,144.41,10.315
68,81,2,14,97.5,6.964285714285714
68,81,3,20,110.69,5.5344999999999995
68,81,4,17,73.38,4.316470588235294
68,87,0,11,39.93,3.63
68,87,1,12,33.03,2.7525
68,87,2,14,11.71,0.8364285714285715
68,87,3,3,2.21,0.7366666666666667
68,87,4,19,4.47,0.23526315789473684
68,92,0,9,39.05,4.338888888888889
68,92,1,9,21.83,2.4255555555555555
68,92,2,13,29.3,2.253846153846154
68,92,3,20,26.3,1.315
68,92,4,16,12.23,0.764375
68,96,0,11,36.77,3.342727272727273
68,96,1,13,38.29,2.9453846153846155
68,96,2,8,17.86,2.2325
68,96,3,9,18.27,2.03
68,96,4,16,21.49,1.343125
68,97,0,10,3.99,0.399
68,97,1,12,1.36,0.11333333333333334
68,97,2,4,0.42,0.105
68,97,3,11,0.64,0.05818181818181818
68,97,4,12,0.51,0.0425
68,99,0,11,30.48,2.770909090909091
68,99,1,9,19.21,2.1344444444444446
68,99,2,14,22.09,1.5778571428571428
68,99,3,17,26.57,1.5629411764705883
68,99,4,13,7.78,0.5984615384615385
70,2,0,1,8.47,8.47
70,2,1,10,51.36,5.136
70,2,2,17,70.83,4.166470588235294
70,2,3,9,25.99,2.8877777777777776
70,2,4,3,8.26,2.7533333333333334
70,3,0,10,2.62,0.262
70,3,1,1,0.13,0.13
70,3,2,4,0.41,0.1025
70,3,3,7,0.22,0.03142857142857143
70,3,4,16,0.4,0.025
70,5,0,14,34.72,2.48
70,5,1,9,21.19,2.354444444444445
70,5,2,18,38.03,2.1127777777777776
70,5,3,12,17.55,1.4625000000000001
70,5,4,16,6.63,0.414375
70,7,0,2,20.54,10.27
70,7,1,4,30.57,7.6425
70,7,2,16,104.02,6.50125
70,7,3,19,122.25,6.434210526315789
70,7,4,19,34.43,1.8121052631578947
70,8,0,11,4.64,0.4218181818181818
70,8,1,19,5.55,0.2921052631578947
70,8,2,2,0.45,0.225
70,8,3,20,4.07,0.20350000000000001
70,8,4,5,0.36,0.072
70,11,0,20,15.64,0.782
70,11,1,19,12.13,0.638421052631579
70,11,2,8,4.91,0.61375
70,11,3,1,0.28,0.28
70,11,4,8,0.98,0.1225
70,13,0,8,10.66,1.3325
70,13,1,11,10.55,0.9590909090909091
70,13,2,11,9.55,0.8681818181818183
70,13,3,20,12.95,0.6475
70,13,4,10,6.1,0.61
70,15,0,12,16.28,1.3566666666666667
70,15,1,7,9.13,1.3042857142857145
70,15,2,13,16.62,1.2784615384615385
70,15,3,9,10.81,1.2011111111111112
70,15,4,14,9.36,0.6685714285714285
70,17,0,20,34.22,1.7109999999999999
70,17,1,13,18.54,1.426153846153846
70,17,2,3,3.22,1.0733333333333335
70,17,3,15,5.59,0.37266666666666665
70,17,4,10,1.9,0.19
70,19,0,1,2.7,2.7
70,19,1,18,43.32,2.4066666666666667
70,19,2,19,27.59,1.4521052631578948
70,19,3,10,12.4,1.24
70,19,4,15,8.97,0.5980000000000001
70,21,0,13,29.44,2.264615384615385
70,21,1,19,39.92,2.1010526315789475
70,21,2,11,14.83,1.3481818181818181
70,21,3,13,10.89,0.8376923076923077
70,21,4,8,6.11,0.76375
70,22,0,14,15.44,1.1028571428571428
70,22,1,17,14.93,0.878235294117647
70,22,2,13,10.29,0.7915384615384615
70,22,3,13,5.96,0.4584615384615385
70,22,4,13,4.11,0.3161538461538462
70,24,0,2,4.48,2.24
70,24,1,5,6.88,1.376
70,24,2,14,11.52,0.8228571428571428
70,24,3,16,10.35,0.646875
70,24,4,13,2.38,0.18307692307692308
70,27,0,10,59.41,5.941
70,27,1,16,84.71,5.294375
70,27,2,10,30.33,3.033
70,27,3,4,7.26,1.815
70,27,4,5,5.95,1.19
70,28,0,14,18.76,1.34
70,28,1,18,18.59,1.0327777777777778
70,28,2,1,0.9,0.9
70,28,3,3,1.84,0.6133333333333334
70,28,4,9,3.4,0.37777777777777777
70,30,0,13,27.5,2.1153846153846154
70,30,1,5,8.8,1.7600000000000002
70,30,2,16,22.2,1.3875
70,30,3,3,1.5,0.5
70,30,4,20,5.22,0.261
70,31,0,16,36.16,2.26
70,31,1,15,19.85,1.3233333333333335
70,31,2,20,24.24,1.212
70,31,3,4,4.3,1.075
70,31,4,17,14.29,0.8405882352941176
70,33,0,15,132.77,8.851333333333335
70,33,1,5,32.8,6.56
70,33,2,3,19.23,6.41
70,33,3,10,35.36,3.536
70,33,4,2,4.39,2.195
70,34,0,3,3.66,1.22
70,34,1,15,17.09,1.1393333333333333
70,34,2,17,13.54,0.796470588235294
70,34,3,17,10.5,0.6176470588235294
70,34,4,11,4.15,0.3772727272727273
70,35,0,3,10.08,3.36
70,35,1,11,26.36,2.3963636363636365
70,35,2,16,26.72,1.67
70,35,3,13,15.32,1.1784615384615384
70,35,4,20,21.84,1.092
70,37,0,3,6.25,2.0833333333333335
70,37,1,16,25.14,1.57125
70,37,2,14,20.93,1.4949999999999999
70,37,3,8,10.66,1.3325
70,37,4,20,3.36,0.16799999999999998
70,38,0,20,170.7,8.535
70,38,1,5,39.14,7.828
70,38,2,1,7.32,7.32
70,38,3,5,26.55,5.3100000000000005
70,38,4,10,48.85,4.885
70,39,0,9,22.61,2.5122222222222224
70,39,1,6,14.23,2.3716666666666666
70,39,2,12,27.97,2.330833333333333
70,39,3,13,28.86,2.2199999999999998
70,39,4,11,18.9,1.718181818181818
70,43,0,19,16.71,0.8794736842105264
70,43,1,13,8.66,0.6661538461538462
70,43,2,8,4.77,0.59625
70,43,3,5,1.1,0.22000000000000003
70,43,4,17,3.68,0.21647058823529414
70,46,0,3,14.03,4.676666666666667
70,46,1,8,24.28,3.035
70,46,2,1,2.66,2.66
70,46,3,6,13.65,2.275
70,46,4,3,4.02,1.3399999999999999
70,47,0,14,46.49,3.3207142857142857
70,47,1,18,57.56,3.197777777777778
70,47,2,19,51.02,2.685263157894737
70,47,3,2,4.12,2.06
70,47,4,11,6.88,0.6254545454545455
70,49,0,1,2.55,2.55
70,49,1,6,7.66,1.2766666666666666
70,49,2,11,12.57,1.1427272727272728
70,49,3,10,4.46,0.446
70,49,4,15,3.28,0.21866666666666665
70,50,0,20,192.25,9.6125
70,50,1,14,116.6,8.328571428571427
70,50,2,17,102.26,6.015294117647059
70,50,3,13,71.36,5.489230769230769
70,50,4,7,15.65,2.2357142857142858
70,51,0,19,37.49,1.9731578947368422
70,51,1,20,37.15,1.8575
70,51,2,10,18.17,1.8170000000000002
70,51,3,18,30.55,1.6972222222222222
70,51,4,19,27.76,1.4610526315789474
70,52,0,13,43.68,3.36
70,52,1,2,1.8,0.9
70,52,2,5,3.55,0.71
70,52,3,20,13.35,0.6675
70,52,4,13,7.84,0.6030769230769231
70,53,0,10,87.66,8.766
70,53,1,20,139.65,6.9825
70,53,2,16,36.46,2.27875
70,53,3,3,6.29,2.0966666666666667
70,53,4,9,7.03,0.7811111111111111
70,55,0,13,44.15,3.396153846153846
70,55,1,1,1.06,1.06
70,55,2,13,11.38,0.8753846153846154
70,55,3,16,13.96,0.8725
70,55,4,11,3.97,0.3609090909090909
70,61,0,13,40.93,3.1484615384615386
70,61,1,5,10.92,2.184
70,61,2,8,15.18,1.8975
70,61,3,6,10.94,1.8233333333333333
70,61,4,3,5.18,1.7266666666666666
70,64,0,1,0.35,0.35
70,64,1,7,2.26,0.32285714285714284
70,64,2,17,3.41,0.20058823529411765
70,64,3,12,1.12,0.09333333333333334
70,64,4,17,1.49,0.08764705882352941
70,66,0,9,53.15,5.905555555555555
70,66,1,17,81.74,4.8082352941176465
70,66,2,11,35.57,3.233636363636364
70,66,3,14,41.35,2.9535714285714287
70,66,4,2,4.44,2.22
70,68,0,19,79.14,4.165263157894737
70,68,1,3,9.36,3.1199999999999997
70,68,2,5,15.54,3.1079999999999997
70,68,3,8,14.75,1.84375
70,68,4,15,19.69,1.3126666666666666
70,78,0,12,41.43,3.4525
70,78,1,11,36.79,3.3445454545454543
70,78,2,16,45.48,2.8425
70,78,3,5,3.92,0.784
70,78,4,7,2.07,0.2957142857142857
70,80,0,4,8.94,2.235
70,80,1,1,1.84,1.84
70,80,2,19,28.55,1.5026315789473685
70,80,3,1,1.1,1.1
70,80,4,6,4.62,0.77
70,81,0,2,20.66,10.33
70,81,1,5,38.79,7.758
70,81,2,5,31.49,6.298
70,81,3,1,2.36,2.36
70,81,4,16,18.05,1.128125
70,87,0,20,88.72,4.436
70,87,1,4,11.06,2.765
70,87,2,17,40.18,2.3635294117647057
70,87,3,20,27.35,1.3675000000000002
70,87,4,19,7.86,0.4136842105263158
70,92,0,20,37.18,1.859
70,92,1,4,5.64,1.41
70,92,2,11,14.87,1.3518181818181818
70,92,3,2,1.54,0.77
70,92,4,9,2.85,0.31666666666666665
70,96,0,14,6.84,0.48857142857142855
70,96,1,5,2.21,0.442
70,96,2,11,4.03,0.3663636363636364
70,96,3,12,4.38,0.365
70,96,4,8,0.53,0.06625
70,97,0,13,55.44,4.264615384615384
70,97,1,6,22.02,3.67
70,97,2,10,32.06,3.2060000000000004
70,97,3,4,8.22,2.055
70,97,4,3,1.78,0.5933333333333334
70,99,0,5,7.45,1.49
70,99,1,10,12.47,1.247
70,99,2,19,20.98,1.1042105263157895
70,99,3,17,16.99,0.9994117647058822
70,99,4,19,8.54,0.44947368421052625
78,2,0,9,36.1,4.011111111111111
78,2,1,20,59.71,2.9855
78,2,2,10,29.43,2.943
78,2,3,13,35.82,2.7553846153846155
78,2,4,5,2.9,0.58
78,3,0,2,3.4,1.7
78,3,1,1,1.38,1.38
78,3,2,9,11.02,1.2244444444444444
78,3,3,9,5.18,0.5755555555555555
78,3,4,4,2.19,0.5475
78,5,0,16,48.76,3.0475
78,5,1,18,43.51,2.417222222222222
78,5,2,12,27.47,2.2891666666666666
78,5,3,18,24.07,1.3372222222222223
78,5,4,7,3.92,0.5599999999999999
78,7,0,18,49.45,2.7472222222222222
78,7,1,2,5.09,2.545
78,7,2,8,13.73,1.71625
78,7,3,13,11.3,0.8692307692307693
78,7,4,5,3.2,0.64
78,8,0,4,11.84,2.96
78,8,1,13,37.66,2.8969230769230765
78,8,2,20,49.61,2.4805
78,8,3,12,26.19,2.1825
78,8,4,16,12.5,0.78125
78,11,0,11,34.58,3.1436363636363636
78,11,1,20,54.4,2.7199999999999998
78,11,2,14,16.11,1.1507142857142856
78,11,3,9,6.47,0.7188888888888889
78,11,4,7,4.27,0.61
78,13,0,12,50.27,4.189166666666667
78,13,1,10,24.43,2.443
78,13,2,1,1.81,1.81
78,13,3,9,10.55,1.1722222222222223
78,13,4,2,1.22,0.61
78,15,0,3,7.19,2.396666666666667
78,15,1,20,37.49,1.8745
78,15,2,20,23.76,1.1880000000000002
78,15,3,4,3.52,0.88
78,15,4,17,7.55,0.4441176470588235
78,17,0,13,29.59,2.276153846153846
78,17,1,1,2.03,2.03
78,17,2,1,1.85,1.85
78,17,3,4,3.22,0.805
78,17,4,18,13.86,0.77
78,19,0,1,0.96,0.96
78,19,1,8,7.55,0.94375
78,19,2,20,12.7,0.635
78,19,3,9,4.13,0.4588888888888889
78,19,4,15,4.54,0.3026666666666667
78,21,0,1,1.49,1.49
78,21,1,12,9.42,0.785
78,21,2,4,1.8,0.45
78,21,3,14,6.3,0.45
78,21,4,8,1.76,0.22
78,22,0,2,3.35,1.675
78,22,1,20,29.8,1.49
78,22,2,9,11.13,1.2366666666666668
78,22,3,3,3.62,1.2066666666666668
78,22,4,1,1.1,1.1
78,24,0,3,9.07,3.0233333333333334
78,24,1,14,40.82,2.915714285714286
78,24,2,17,17.29,1.0170588235294118
78,24,3,6,2.7,0.45
78,24,4,19,6.79,0.35736842105263156
78,27,0,4,9.24,2.31
78,27,1,17,38.59,2.27
78,27,2,12,13.75,1.1458333333333333
78,27,3,6,6.63,1.105
78,27,4,9,2.72,0.3022222222222222
78,28,0,5,5.87,1.174
78,28,1,7,6.4,0.9142857142857144
78,28,2,11,8.7,0.7909090909090909
78,28,3,4,2.2,0.55
78,28,4,20,6.66,0.333
78,30,0,15,14.67,0.978
78,30,1,3,2.83,0.9433333333333334
78,30,2,3,1.3,0.43333333333333335
78,30,3,7,2.77,0.39571428571428574
78,30,4,2,0.12,0.06
78,31,0,13,11.81,0.9084615384615385
78,31,1,16,14.12,0.8825
78,31,2,10,8.76,0.876
78,31,3,4,3.24,0.81
78,31,4,7,5.38,0.7685714285714286
78,33,0,5,30.37,6.074
78,33,1,7,36.92,5.274285714285715
78,33,2,10,51.84,5.184
78,33,3,2,7.65,3.825
78,33,4,10,16.66,1.666
78,34,0,8,16.47,2.05875
78,34,1,6,8.75,1.4583333333333333
78,34,2,15,8.07,0.538
78,34,3,18,8.28,0.45999999999999996
78,34,4,14,4.7,0.33571428571428574
78,35,0,3,4.5,1.5
78,35,1,17,18.31,1.0770588235294116
78,35,2,4,2.61,0.6525
78,35,3,1,0.39,0.39
78,35,4,4,0.78,0.195
78,37,0,14,10.83,0.7735714285714286
78,37,1,11,8.11,0.7372727272727272
78,37,2,1,0.54,0.54
78,37,3,8,1.7,0.2125
78,37,4,11,1.8,0.16363636363636364
78,38,0,18,79.89,4.4383333333333335
78,38,1,10,34.64,3.464
78,38,2,3,9.54,3.1799999999999997
78,38,3,5,12.08,2.416
78,38,4,1,0.64,0.64
78,39,0,11,9.72,0.8836363636363637
78,39,1,12,9.33,0.7775
78,39,2,12,7.83,0.6525
78,39,3,3,0.82,0.2733333333333333
78,39,4,9,1.93,0.21444444444444444
78,43,0,20,74.25,3.7125
78,43,1,11,32.66,2.969090909090909
78,43,2,19,31.77,1.6721052631578948
78,43,3,11,17.01,1.5463636363636366
78,43,4,14,11.45,0.8178571428571428
78,46,0,17,53.55,3.15
78,46,1,17,45.1,2.652941176470588
78,46,2,18,44.31,2.461666666666667
78,46,3,13,28.37,2.1823076923076923
78,46,4,4,5.9,1.475
78,47,0,14,42.48,3.0342857142857143
78,47,1,10,17.88,1.7879999999999998
78,47,2,6,7.14,1.19
78,47,3,2,0.85,0.425
78,47,4,20,7.39,0.3695
78,49,0,13,31.64,2.433846153846154
78,49,1,15,29.17,1.9446666666666668
78,49,2,13,14.6,1.123076923076923
78,49,3,20,4.6,0.22999999999999998
78,49,4,16,3.33,0.208125
78,50,0,13,90.52,6.9630769230769225
78,50,1,8,17.48,2.185
78,50,2,11,20.72,1.8836363636363636
78,50,3,7,4.45,0.6357142857142858
78,50,4,7,2.2,0.31428571428571433
78,51,0,12,18.67,1.5558333333333334
78,51,1,15,18.29,1.2193333333333334
78,51,2,1,0.56,0.56
78,51,3,11,2.4,0.21818181818181817
78,51,4,8,1.08,0.135
78,52,0,3,5.8,1.9333333333333333
78,52,1,4,6.99,1.7475
78,52,2,3,3.7,1.2333333333333334
78,52,3,1,1.18,1.18
78,52,4,18,13.49,0.7494444444444445
78,53,0,2,11.57,5.785
78,53,1,14,68.62,4.901428571428572
78,53,2,8,23.83,2.97875
78,53,3,12,25.05,2.0875
78,53,4,4,5.98,1.495
78,55,0,19,3.76,0.19789473684210526
78,55,1,12,2.26,0.18833333333333332
78,55,2,2,0.31,0.155
78,55,3,9,0.68,0.07555555555555556
78,55,4,16,0.78,0.04875
78,61,0,6,1.41,0.235
78,61,1,17,3.89,0.2288235294117647
78,61,2,13,1.52,0.11692307692307692
78,61,3,17,0.76,0.04470588235294118
78,61,4,6,0.2,0.03333333333333333
78,64,0,8,29.36,3.67
78,64,1,10,32.54,3.254
78,64,2,4,10.84,2.71
78,64,3,4,8.63,2.1575
78,64,4,15,7.51,0.5006666666666667
78,66,0,16,44.23,2.764375
78,66,1,18,30.26,1.6811111111111112
78,66,2,2,3.25,1.625
78,66,3,13,20.48,1.5753846153846154
78,66,4,2,2.98,1.49
78,68,0,17,82.02,4.824705882352941
78,68,1,7,29.06,4.151428571428571
78,68,2,8,19.54,2.4425
78,68,3,18,39.48,2.1933333333333334
78,68,4,13,13.18,1.0138461538461538
78,70,0,7,25.81,3.687142857142857
78,70,1,12,30.33,2.5275
78,70,2,20,46.22,2.311
78,70,3,19,30.27,1.593157894736842
78,70,4,8,8.09,1.01125
78,80,0,18,16.98,0.9433333333333334
78,80,1,5,3.17,0.634
78,80,2,3,1.75,0.5833333333333334
78,80,3,1,0.29,0.29
78,80,4,20,3.03,0.1515
78,81,0,7,58.61,8.372857142857143
78,81,1,14,74.79,5.342142857142858
78,81,2,8,16.23,2.02875
78,81,3,18,30.35,1.6861111111111111
78,81,4,12,12.9,1.075
78,87,0,9,25.19,2.798888888888889
78,87,1,15,29.16,1.944
78,87,2,11,19.19,1.7445454545454546
78,87,3,6,9.6,1.5999999999999999
78,87,4,2,2.36,1.18
78,92,0,5,6.4,1.28
78,92,1,12,15.32,1.2766666666666666
78,92,2,16,14.37,0.898125
78,92,3,1,0.42,0.42
78,92,4,10,3.02,0.302
78,96,0,13,28.94,2.226153846153846
78,96,1,16,34.96,2.185
78,96,2,14,29.37,2.097857142857143
78,96,3,4,2.19,0.5475
78,96,4,11,4.14,0.37636363636363634
78,97,0,17,94.39,5.552352941176471
78,97,1,20,96.93,4.846500000000001
78,97,2,17,79.69,4.687647058823529
78,97,3,9,40.17,4.463333333333334
78,97,4,19,4.98,0.2621052631578948
78,99,0,6,12.43,2.0716666666666668
78,99,1,18,24.34,1.3522222222222222
78,99,2,5,5.55,1.1099999999999999
78,99,3,20,12.6,0.63
78,99,4,5,2.18,0.43600000000000005
80,2,0,5,13.64,2.728
80,2,1,8,19.52,2.44
80,2,2,4,5.88,1.47
80,2,3,5,6.97,1.394
80,2,4,7,6.98,0.9971428571428572
80,3,0,14,53.4,3.814285714285714
80,3,1,8,26.5,3.3125
80,3,2,3,9.7,3.233333333333333
80,3,3,7,19.18,2.7399999999999998
80,3,4,7,6.47,0.9242857142857143
80,5,0,10,28.9,2.8899999999999997
80,5,1,18,42.81,2.3783333333333334
80,5,2,19,31.96,1.6821052631578948
80,5,3,16,20.79,1.299375
80,5,4,19,15.47,0.8142105263157895
80,7,0,20,142.17,7.108499999999999
80,7,1,18,69.46,3.8588888888888886
80,7,2,16,53.37,3.335625
80,7,3,14,21.36,1.5257142857142856
80,7,4,17,11.37,0.6688235294117647
80,8,0,18,60.37,3.3538888888888887
80,8,1,4,9.41,2.3525
80,8,2,16,27.17,1.698125
80,8,3,9,3.34,0.3711111111111111
80,8,4,6,1.45,0.24166666666666667
80,11,0,13,31.61,2.4315384615384614
80,11,1,7,16.99,2.427142857142857
80,11,2,20,41.09,2.0545
80,11,3,5,3.83,0.766
80,11,4,20,9.17,0.4585
80,13,0,14,48.69,3.4778571428571428
80,13,1,19,30.52,1.6063157894736841
80,13,2,20,25.45,1.2725
80,13,3,18,10.64,0.5911111111111111
80,13,4,3,1.76,0.5866666666666667
80,15,0,9,25.94,2.8822222222222225
80,15,1,12,18.92,1.5766666666666669
80,15,2,13,13.97,1.0746153846153847
80,15,3,19,16.38,0.8621052631578947
80,15,4,3,2.22,0.7400000000000001
80,17,0,14,23.09,1.6492857142857142
80,17,1,12,12.84,1.07
80,17,2,18,6.64,0.3688888888888889
80,17,3,12,3.03,0.2525
80,17,4,14,2.01,0.14357142857142854
80,19,0,3,5.41,1.8033333333333335
80,19,1,17,29.31,1.7241176470588235
80,19,2,17,27.1,1.5941176470588236
80,19,3,20,22.24,1.1119999999999999
80,19,4,7,5.2,0.7428571428571429
80,21,0,18,16.07,0.8927777777777778
80,21,1,4,2.9,0.725
80,21,2,17,7.49,0.44058823529411767
80,21,3,19,7.58,0.39894736842105266
80,21,4,13,2.86,0.22
80,22,0,7,13.57,1.9385714285714286
80,22,1,2,3.71,1.855
80,22,2,6,6.74,1.1233333333333333
80,22,3,10,9.43,0.943
80,22,4,8,5.21,0.65125
80,24,0,14,25.4,1.8142857142857143
80,24,1,9,11.26,1.251111111111111
80,24,2,16,12.24,0.765
80,24,3,6,4.02,0.6699999999999999
80,24,4,7,2.32,0.3314285714285714
80,27,0,13,27.57,2.120769230769231
80,27,1,20,41.6,2.08
80,27,2,5,3.27,0.654
80,27,3,17,8.56,0.5035294117647059
80,27,4,20,8.37,0.4185
80,28,0,18,17.98,0.9988888888888889
80,28,1,4,2.76,0.69
80,28,2,20,9.01,0.4505
80,28,3,2,0.86,0.43
80,28,4,4,0.57,0.1425
80,30,0,12,13.44,1.1199999999999999
80,30,1,15,14.14,0.9426666666666667
80,30,2,16,12.87,0.804375
80,30,3,19,7.25,0.3815789473684211
80,30,4,14,1.07,0.07642857142857143
80,31,0,3,6.22,2.0733333333333333
80,31,1,9,13.86,1.54
80,31,2,2,2.21,1.105
80,31,3,18,9.72,0.54
80,31,4,3,0.91,0.30333333333333334
80,33,0,9,39.82,4.424444444444444
80,33,1,18,73.5,4.083333333333333
80,33,2,8,23.14,2.8925
80,33,3,15,36.42,2.428
80,33,4,19,29.66,1.5610526315789475
80,34,0,5,14.38,2.8760000000000003
80,34,1,13,21.23,1.633076923076923
80,34,2,15,19.73,1.3153333333333335
80,34,3,20,18.89,0.9445
80,34,4,16,12.23,0.764375
80,35,0,1,0.69,0.69
80,35,1,5,3.03,0.606
80,35,2,11,4.95,0.45
80,35,3,11,4.22,0.3836363636363636
80,35,4,10,1.32,0.132
80,37,0,4,5.81,1.4525
80,37,1,13,6.91,0.5315384615384615
80,37,2,12,5.11,0.42583333333333334
80,37,3,14,4.53,0.32357142857142857
80,37,4,2,0.14,0.07
80,38,0,7,54.75,7.821428571428571
80,38,1,18,132.89,7.382777777777777
80,38,2,20,137.54,6.877
80,38,3,11,63.69,5.79
80,38,4,19,109.38,5.756842105263158
80,39,0,15,21.0,1.4
80,39,1,6,7.41,1.235
80,39,2,20,21.67,1.0835000000000001
80,39,3,9,4.44,0.4933333333333334
80,39,4,1,0.29,0.29
80,43,0,2,6.31,3.155
80,43,1,17,51.63,3.037058823529412
80,43,2,1,2.9,2.9
80,43,3,5,14.07,2.814
80,43,4,20,7.98,0.399
80,46,0,11,21.64,1.9672727272727273
80,46,1,14,23.23,1.6592857142857143
80,46,2,14,14.12,1.0085714285714285
80,46,3,19,15.79,0.8310526315789474
80,46,4,19,4.87,0.2563157894736842
80,47,0,6,21.2,3.533333333333333
80,47,1,10,27.22,2.722
80,47,2,3,5.96,1.9866666666666666
80,47,3,7,8.94,1.2771428571428571
80,47,4,2,1.21,0.605
80,49,0,15,20.75,1.3833333333333333
80,49,1,9,6.48,0.7200000000000001
80,49,2,6,3.33,0.555
80,49,3,9,4.45,0.49444444444444446
80,49,4,10,4.51,0.45099999999999996
80,50,0,4,22.57,5.6425
80,50,1,5,25.42,5.0840000000000005
80,50,2,8,36.93,4.61625
80,50,3,6,16.52,2.7533333333333334
80,50,4,10,10.64,1.064
80,51,0,20,30.87,1.5435
80,51,1,18,25.51,1.4172222222222224
80,51,2,6,8.46,1.4100000000000001
80,51,3,14,16.77,1.1978571428571427
80,51,4,7,4.22,0.6028571428571429
80,52,0,1,1.31,1.31
80,52,1,20,18.88,0.944
80,52,2,10,8.99,0.899
80,52,3,6,4.8,0.7999999999999999
80,52,4,18,6.58,0.3655555555555556
80,53,0,13,101.64,7.818461538461539
80,53,1,7,37.5,5.357142857142857
80,53,2,9,41.16,4.573333333333333
80,53,3,6,21.94,3.6566666666666667
80,53,4,8,14.11,1.76375
80,55,0,14,19.58,1.3985714285714284
80,55,1,12,14.33,1.1941666666666666
80,55,2,17,19.66,1.1564705882352941
80,55,3,15,7.35,0.49
80,55,4,17,2.35,0.13823529411764707
80,61,0,2,1.77,0.885
80,61,1,11,5.98,0.5436363636363637
80,61,2,17,8.39,0.49352941176470594
80,61,3,20,7.11,0.35550000000000004
80,61,4,20,4.63,0.23149999999999998
80,64,0,4,12.1,3.025
80,64,1,18,54.15,3.0083333333333333
80,64,2,14,27.71,1.9792857142857143
80,64,3,13,24.6,1.8923076923076925
80,64,4,1,1.48,1.48
80,66,0,5,7.89,1.5779999999999998
80,66,1,8,11.02,1.3775
80,66,2,3,3.27,1.09
80,66,3,18,17.03,0.9461111111111111
80,66,4,5,0.75,0.15
80,68,0,5,17.41,3.482
80,68,1,12,31.92,2.66
80,68,2,16,35.29,2.205625
80,68,3,20,22.89,1.1445
80,68,4,3,1.87,0.6233333333333334
80,70,0,4,14.5,3.625
80,70,1,1,3.11,3.11
80,70,2,4,10.84,2.71
80,70,3,14,26.24,1.874285714285714
80,70,4,17,16.1,0.9470588235294118
80,78,0,8,8.24,1.03
80,78,1,10,8.72,0.8720000000000001
80,78,2,3,1.8,0.6
80,78,3,19,10.98,0.5778947368421052
80,78,4,9,1.54,0.1711111111111111
80,81,0,16,123.52,7.72
80,81,1,8,57.45,7.18125
80,81,2,7,28.5,4.071428571428571
80,81,3,11,28.13,2.557272727272727
80,81,4,13,4.98,0.3830769230769231
80,87,0,13,29.44,2.264615384615385
80,87,1,1,2.15,2.15
80,87,2,5,7.76,1.552
80,87,3,14,18.48,1.32
80,87,4,20,11.8,0.5900000000000001
80,92,0,1,1.69,1.69
80,92,1,20,31.49,1.5745
80,92,2,14,6.6,0.4714285714285714
80,92,3,16,2.03,0.126875
80,92,4,7,0.74,0.10571428571428572
80,96,0,18,45.75,2.5416666666666665
80,96,1,20,47.45,2.3725
80,96,2,8,16.14,2.0175
80,96,3,10,14.55,1.455
80,96,4,10,3.66,0.366
80,97,0,9,40.16,4.462222222222222
80,97,1,1,3.79,3.79
80,97,2,14,44.96,3.2114285714285713
80,97,3,14,32.23,2.302142857142857
80,97,4,13,5.73,0.4407692307692308
80,99,0,7,18.76,2.68
80,99,1,9,22.67,2.518888888888889
80,99,2,8,14.42,1.8025
80,99,3,18,31.47,1.7483333333333333
80,99,4,8,10.48,1.31
81,2,0,17,71.33,4.195882352941176
81,2,1,11,45.01,4.091818181818182
81,2,2,20,55.33,2.7664999999999997
81,2,3,7,18.4,2.6285714285714286
81,2,4,3,2.25,0.75
81,3,0,13,123.41,9.493076923076924
81,3,1,19,159.28,8.383157894736842
81,3,2,6,47.04,7.84
81,3,3,9,70.44,7.826666666666666
81,3,4,10,32.07,3.207
81,5,0,2,18.09,9.045
81,5,1,9,67.24,7.47111111111111
81,5,2,2,11.83,5.915
81,5,3,5,24.61,4.922
81,5,4,5,16.41,3.282
81,7,0,16,10.77,0.673125
81,7,1,6,3.82,0.6366666666666666
81,7,2,15,7.44,0.49600000000000005
81,7,3,15,3.72,0.24800000000000003
81,7,4,2,0.24,0.12
81,8,0,9,93.96,10.44
81,8,1,19,188.93,9.943684210526316
81,8,2,11,59.34,5.3945454545454545
81,8,3,1,5.0,5.0
81,8,4,8,18.69,2.33625
81,11,0,3,35.41,11.803333333333333
81,11,1,9,60.97,6.774444444444445
81,11,2,11,68.18,6.198181818181819
81,11,3,2,3.97,1.985
81,11,4,7,10.41,1.487142857142857
81,13,0,9,107.44,11.937777777777777
81,13,1,19,217.41,11.442631578947369
81,13,2,13,94.74,7.287692307692307
81,13,3,9,60.71,6.745555555555556
81,13,4,5,6.5,1.3
81,15,0,18,158.12,8.784444444444444
81,15,1,5,26.39,5.2780000000000005
81,15,2,11,22.2,2.018181818181818
81,15,3,6,10.97,1.8283333333333334
81,15,4,9,12.01,1.3344444444444443
81,17,0,15,156.23,10.415333333333333
81,17,1,16,157.03,9.814375
81,17,2,3,15.1,5.033333333333333
81,17,3,5,18.14,3.628
81,17,4,18,31.89,1.7716666666666667
81,19,0,16,116.13,7.258125
81,19,1,3,19.21,6.403333333333333
81,19,2,12,65.9,5.491666666666667
81,19,3,1,4.55,4.55
81,19,4,5,17.22,3.444
81,21,0,15,145.25,9.683333333333334
81,21,1,1,7.19,7.19
81,21,2,11,70.36,6.3963636363636365
81,21,3,10,19.64,1.964
81,21,4,15,28.52,1.9013333333333333
81,22,0,8,66.89,8.36125
81,22,1,9,61.15,6.794444444444444
81,22,2,14,79.4,5.671428571428572
81,22,3,13,45.76,3.52
81,22,4,3,4.72,1.5733333333333333
81,24,0,6,55.24,9.206666666666667
81,24,1,9,66.68,7.40888888888889
81,24,2,19,73.25,3.8552631578947367
81,24,3,15,57.41,3.8273333333333333
81,24,4,13,29.76,2.289230769230769
81,27,0,7,48.47,6.924285714285714
81,27,1,9,52.12,5.79111111111111
81,27,2,2,10.67,5.335
81,27,3,6,19.93,3.3216666666666668
81,27,4,11,14.02,1.2745454545454544
81,28,0,1,9.5,9.5
81,28,1,12,96.13,8.010833333333332
81,28,2,8,55.64,6.955
81,28,3,9,37.97,4.2188888888888885
81,28,4,13,37.37,2.8746153846153844
81,30,0,10,52.68,5.268
81,30,1,14,57.51,4.107857142857143
81,30,2,8,25.48,3.185
81,30,3,14,41.03,2.9307142857142856
81,30,4,4,2.97,0.7425
81,31,0,11,111.67,10.151818181818182
81,31,1,12,115.45,9.620833333333334
81,31,2,14,112.72,8.051428571428572
81,31,3,1,7.6,7.6
81,31,4,7,36.38,5.1971428571428575
81,33,0,18,57.62,3.201111111111111
81,33,1,10,20.25,2.025
81,33,2,7,6.61,0.9442857142857143
81,33,3,9,7.86,0.8733333333333334
81,33,4,20,11.64,0.5820000000000001
81,34,0,10,98.09,9.809000000000001
81,34,1,9,70.31,7.812222222222222
81,34,2,5,35.91,7.1819999999999995
81,34,3,18,128.43,7.135000000000001
81,34,4,20,69.45,3.4725
81,35,0,10,88.95,8.895
81,35,1,3,21.53,7.176666666666667
81,35,2,11,69.36,6.305454545454546
81,35,3,5,29.59,5.918
81,35,4,17,79.73,4.69
81,37,0,11,106.21,9.655454545454544
81,37,1,14,62.94,4.4957142857142856
81,37,2,2,7.48,3.74
81,37,3,13,42.87,3.2976923076923077
81,37,4,20,65.85,3.2924999999999995
81,38,0,4,2.0,0.5
81,38,1,15,7.31,0.4873333333333333
81,38,2,16,5.94,0.37125
81,38,3,6,1.39,0.23166666666666666
81,38,4,15,2.38,0.15866666666666665
81,39,0,18,170.99,9.499444444444444
81,39,1,11,96.78,8.798181818181819
81,39,2,14,70.32,5.022857142857142
81,39,3,10,36.16,3.6159999999999997
81,39,4,9,8.03,0.8922222222222221
81,43,0,13,158.89,12.222307692307691
81,43,1,13,124.76,9.596923076923078
81,43,2,13,98.6,7.584615384615384
81,43,3,13,84.05,6.4653846153846155
81,43,4,11,18.89,1.7172727272727273
81,46,0,1,7.73,7.73
81,46,1,19,125.45,6.602631578947369
81,46,2,9,54.38,6.042222222222223
81,46,3,16,86.52,5.4075
81,46,4,4,12.68,3.17
81,47,0,5,57.58,11.516
81,47,1,18,88.35,4.908333333333333
81,47,2,16,54.93,3.433125
81,47,3,16,48.7,3.04375
81,47,4,14,19.16,1.3685714285714285
81,49,0,13,125.08,9.621538461538462
81,49,1,15,139.29,9.286
81,49,2,6,52.38,8.73
81,49,3,12,66.38,5.531666666666666
81,49,4,3,8.26,2.7533333333333334
81,50,0,12,20.76,1.7300000000000002
81,50,1,19,24.73,1.3015789473684212
81,50,2,16,17.45,1.090625
81,50,3,7,7.23,1.032857142857143
81,50,4,15,1.86,0.12400000000000001
81,51,0,12,118.46,9.871666666666666
81,51,1,10,63.53,6.353
81,51,2,7,44.28,6.325714285714286
81,51,3,9,53.84,5.982222222222223
81,51,4,3,6.83,2.276666666666667
81,52,0,16,90.3,5.64375
81,52,1,7,24.69,3.527142857142857
81,52,2,1,3.14,3.14
81,52,3,16,30.72,1.92
81,52,4,6,7.24,1.2066666666666668
81,53,0,19,23.01,1.2110526315789474
81,53,1,16,18.14,1.13375
81,53,2,14,11.57,0.8264285714285714
81,53,3,4,1.12,0.28
81,53,4,3,0.39,0.13
81,55,0,5,43.3,8.66
81,55,1,1,5.91,5.91
81,55,2,10,34.25,3.425
81,55,3,6,19.81,3.3016666666666663
81,55,4,5,12.96,2.592
81,61,0,7,56.0,8.0
81,61,1,3,19.83,6.609999999999999
81,61,2,10,61.51,6.151
81,61,3,16,66.1,4.13125
81,61,4,18,11.56,0.6422222222222222
81,64,0,1,11.22,11.22
81,64,1,14,147.9,10.564285714285715
81,64,2,10,60.71,6.071
81,64,3,11,38.83,3.53
81,64,4,12,39.64,3.3033333333333332
81,66,0,8,44.56,5.57
81,66,1,4,17.95,4.4875
81,66,2,14,61.21,4.372142857142857
81,66,3,2,7.68,3.84
81,66,4,16,42.93,2.683125
81,68,0,5,58.44,11.687999999999999
81,68,1,18,165.72,9.206666666666667
81,68,2,6,42.76,7.126666666666666
81,68,3,2,7.41,3.705
81,68,4,14,33.1,2.3642857142857143
81,70,0,1,10.06,10.06
81,70,1,16,128.19,8.011875
81,70,2,6,43.6,7.266666666666667
81,70,3,20,91.1,4.555
81,70,4,7,12.95,1.8499999999999999
81,78,0,14,115.67,8.262142857142857
81,78,1,16,132.16,8.26
81,78,2,17,71.54,4.208235294117648
81,78,3,9,35.87,3.985555555555555
81,78,4,15,35.48,2.365333333333333
81,80,0,14,88.77,6.340714285714285
81,80,1,18,57.38,3.187777777777778
81,80,2,20,56.7,2.835
81,80,3,13,34.27,2.6361538461538463
81,80,4,17,41.86,2.4623529411764706
81,87,0,8,45.35,5.66875
81,87,1,8,26.45,3.30625
81,87,2,1,2.31,2.31
81,87,3,9,12.21,1.3566666666666667
81,87,4,16,9.17,0.573125
81,92,0,6,54.42,9.07
81,92,1,9,65.3,7.2555555555555555
81,92,2,5,29.5,5.9
81,92,3,9,50.51,5.612222222222222
81,92,4,19,97.65,5.139473684210526
81,96,0,14,164.51,11.750714285714285
81,96,1,7,71.22,10.174285714285714
81,96,2,15,147.54,9.836
81,96,3,7,35.67,5.095714285714286
81,96,4,14,58.17,4.155
81,97,0,15,184.82,12.321333333333333
81,97,1,4,40.9,10.225
81,97,2,10,94.13,9.413
81,97,3,8,71.77,8.97125
81,97,4,1,7.8,7.8
81,99,0,8,77.28,9.66
81,99,1,13,92.63,7.125384615384615
81,99,2,15,25.74,1.716
81,99,3,13,14.77,1.136153846153846
81,99,4,11,6.01,0.5463636363636364
87,2,0,6,19.1,3.1833333333333336
87,2,1,3,7.4,2.466666666666667
87,2,2,11,22.42,2.0381818181818185
87,2,3,19,21.16,1.1136842105263158
87,2,4,9,8.93,0.9922222222222222
87,3,0,17,82.94,4.878823529411765
87,3,1,12,49.15,4.095833333333333
87,3,2,10,24.03,2.403
87,3,3,13,15.44,1.1876923076923076
87,3,4,18,5.86,0.3255555555555556
87,5,0,13,42.98,3.3061538461538458
87,5,1,17,39.95,2.35
87,5,2,1,1.9,1.9
87,5,3,17,27.93,1.6429411764705881
87,5,4,12,9.83,0.8191666666666667
87,7,0,1,6.64,6.64
87,7,1,20,110.87,5.5435
87,7,2,15,57.86,3.8573333333333335
87,7,3,12,42.4,3.533333333333333
87,7,4,15,21.97,1.4646666666666666
87,8,0,11,45.69,4.153636363636363
87,8,1,10,27.36,2.7359999999999998
87,8,2,4,9.56,2.39
87,8,3,12,24.62,2.0516666666666667
87,8,4,9,18.41,2.0455555555555556
87,11,0,12,66.01,5.5008333333333335
87,11,1,5,14.81,2.962
87,11,2,9,26.16,2.9066666666666667
87,11,3,7,2.1,0.3
87,11,4,16,4.59,0.286875
87,13,0,15,92.25,6.15
87,13,1,8,26.0,3.25
87,13,2,1,2.9,2.9
87,13,3,4,10.24,2.56
87,13,4,18,34.26,1.9033333333333333
87,15,0,1,5.0,5.0
87,15,1,17,44.11,2.594705882352941
87,15,2,9,22.27,2.4744444444444444
87,15,3,12,12.97,1.0808333333333333
87,15,4,1,0.54,0.54
87,17,0,16,58.96,3.685
87,17,1,11,40.35,3.6681818181818184
87,17,2,9,28.29,3.143333333333333
87,17,3,9,27.77,3.0855555555555556
87,17,4,6,17.08,2.8466666666666662
87,19,0,18,41.5,2.3055555555555554
87,19,1,11,19.62,1.7836363636363637
87,19,2,18,26.8,1.488888888888889
87,19,3,10,14.56,1.456
87,19,4,8,10.35,1.29375
87,21,0,13,41.36,3.1815384615384614
87,21,1,12,21.2,1.7666666666666666
87,21,2,10,12.97,1.2970000000000002
87,21,3,12,5.89,0.4908333333333333
87,21,4,9,4.39,0.48777777777777775
87,22,0,14,63.3,4.521428571428571
87,22,1,9,35.79,3.9766666666666666
87,22,2,17,14.3,0.8411764705882353
87,22,3,12,9.04,0.7533333333333333
87,22,4,13,7.57,0.5823076923076923
87,24,0,14,40.33,2.880714285714286
87,24,1,4,11.29,2.8225
87,24,2,16,43.83,2.739375
87,24,3,14,23.39,1.6707142857142858
87,24,4,17,6.39,0.37588235294117645
87,27,0,8,2.31,0.28875
87,27,1,10,1.46,0.146
87,27,2,10,1.14,0.11399999999999999
87,27,3,11,1.25,0.11363636363636363
87,27,4,17,0.82,0.04823529411764706
87,28,0,9,27.46,3.051111111111111
87,28,1,15,33.19,2.2126666666666663
87,28,2,4,5.08,1.27
87,28,3,13,7.4,0.5692307692307692
87,28,4,12,4.53,0.3775
87,30,0,17,51.72,3.0423529411764707
87,30,1,12,22.77,1.8975
87,30,2,17,18.17,1.0688235294117647
87,30,3,3,2.01,0.6699999999999999
87,30,4,9,1.95,0.21666666666666667
87,31,0,4,13.81,3.4525
87,31,1,15,44.81,2.9873333333333334
87,31,2,4,7.83,1.9575
87,31,3,14,26.94,1.9242857142857144
87,31,4,6,8.11,1.3516666666666666
87,33,0,18,65.2,3.6222222222222222
87,33,1,15,52.24,3.482666666666667
87,33,2,3,8.05,2.6833333333333336
87,33,3,5,9.99,1.998
87,33,4,7,10.65,1.5214285714285716
87,34,0,18,78.9,4.383333333333334
87,34,1,17,48.81,2.871176470588235
87,34,2,4,6.77,1.6925
87,34,3,11,14.97,1.360909090909091
87,34,4,6,7.91,1.3183333333333334
87,35,0,12,30.65,2.5541666666666667
87,35,1,12,24.78,2.065
87,35,2,14,27.4,1.957142857142857
87,35,3,8,14.27,1.78375
87,35,4,15,24.37,1.6246666666666667
87,37,0,17,49.45,2.908823529411765
87,37,1,14,33.38,2.3842857142857143
87,37,2,20,36.83,1.8415
87,37,3,1,1.71,1.71
87,37,4,17,20.05,1.1794117647058824
87,38,0,15,109.22,7.281333333333333
87,38,1,3,17.96,5.986666666666667
87,38,2,11,62.07,5.642727272727273
87,38,3,18,74.75,4.152777777777778
87,38,4,17,25.22,1.4835294117647058
87,39,0,18,46.25,2.5694444444444446
87,39,1,3,7.59,2.53
87,39,2,8,11.81,1.47625
87,39,3,19,17.81,0.9373684210526315
87,39,4,19,13.53,0.7121052631578947
87,43,0,4,24.79,6.1975
87,43,1,2,9.75,4.875
87,43,2,12,51.8,4.316666666666666
87,43,3,20,76.43,3.8215000000000003
87,43,4,17,63.96,3.7623529411764705
87,46,0,4,3.09,0.7725
87,46,1,1,0.68,0.68
87,46,2,16,9.68,0.605
87,46,3,3,1.6,0.5333333333333333
87,46,4,19,5.37,0.2826315789473684
87,47,0,13,41.84,3.218461538461539
87,47,1,4,10.91,2.7275
87,47,2,3,6.92,2.3066666666666666
87,47,3,3,5.74,1.9133333333333333
87,47,4,9,10.07,1.1188888888888888
87,49,0,20,59.51,2.9755
87,49,1,20,32.76,1.638
87,49,2,10,13.4,1.34
87,49,3,2,2.06,1.03
87,49,4,10,4.58,0.458
87,50,0,2,12.23,6.115
87,50,1,4,22.69,5.6725
87,50,2,2,8.56,4.28
87,50,3,20,45.8,2.29
87,50,4,14,12.63,0.9021428571428572
87,51,0,12,21.17,1.7641666666666669
87,51,1,13,19.13,1.4715384615384615
87,51,2,18,23.78,1.3211111111111111
87,51,3,2,1.37,0.685
87,51,4,17,5.91,0.3476470588235294
87,52,0,4,2.45,0.6125
87,52,1,6,3.22,0.5366666666666667
87,52,2,8,4.24,0.53
87,52,3,5,2.62,0.524
87,52,4,13,0.52,0.04
87,53,0,15,91.42,6.094666666666667
87,53,1,17,66.8,3.929411764705882
87,53,2,7,14.4,2.0571428571428574
87,53,3,6,2.71,0.45166666666666666
87,53,4,16,5.09,0.318125
87,55,0,10,37.02,3.7020000000000004
87,55,1,9,32.22,3.58
87,55,2,9,25.19,2.798888888888889
87,55,3,8,19.88,2.485
87,55,4,12,4.18,0.34833333333333333
87,61,0,15,42.44,2.829333333333333
87,61,1,11,23.01,2.091818181818182
87,61,2,12,23.75,1.9791666666666667
87,61,3,7,12.27,1.752857142857143
87,61,4,1,1.69,1.69
87,64,0,11,39.42,3.583636363636364
87,64,1,16,46.19,2.886875
87,64,2,9,22.9,2.5444444444444443
87,64,3,7,17.79,2.5414285714285714
87,64,4,20,21.28,1.064
87,66,0,17,20.1,1.1823529411764706
87,66,1,20,12.64,0.632
87,66,2,11,4.5,0.4090909090909091
87,66,3,8,3.1,0.3875
87,66,4,11,4.07,0.37000000000000005
87,68,0,11,43.21,3.928181818181818
87,68,1,12,35.9,2.9916666666666667
87,68,2,20,55.72,2.786
87,68,3,2,4.44,2.22
87,68,4,1,1.2,1.2
87,70,0,10,57.19,5.718999999999999
87,70,1,10,22.33,2.2329999999999997
87,70,2,9,15.51,1.7233333333333334
87,70,3,4,6.88,1.72
87,70,4,15,6.04,0.4026666666666667
87,78,0,9,30.7,3.411111111111111
87,78,1,17,55.94,3.2905882352941176
87,78,2,10,15.3,1.53
87,78,3,9,9.22,1.0244444444444445
87,78,4,10,9.91,0.991
87,80,0,7,13.94,1.9914285714285713
87,80,1,5,7.43,1.486
87,80,2,5,3.04,0.608
87,80,3,9,5.41,0.6011111111111112
87,80,4,17,6.57,0.3864705882352941
87,81,0,7,51.1,7.3
87,81,1,13,90.57,6.966923076923076
87,81,2,4,16.26,4.065
87,81,3,5,18.07,3.614
87,81,4,1,0.45,0.45
87,92,0,2,8.11,4.055
87,92,1,20,71.97,3.5985
87,92,2,9,29.48,3.2755555555555556
87,92,3,9,27.36,3.04
87,92,4,15,3.89,0.25933333333333336
87,96,0,7,35.7,5.1000000000000005
87,96,1,20,91.22,4.561
87,96,2,6,24.38,4.0633333333333335
87,96,3,12,38.75,3.2291666666666665
87,96,4,7,10.16,1.4514285714285715
87,97,0,5,22.4,4.4799999999999995
87,97,1,2,4.48,2.24
87,97,2,4,8.7,2.175
87,97,3,16,27.74,1.73375
87,97,4,5,7.84,1.568
87,99,0,13,61.44,4.726153846153846
87,99,1,8,35.49,4.43625
87,99,2,1,3.82,3.82
87,99,3,4,12.91,3.2275
87,99,4,9,13.95,1.5499999999999998
92,2,0,4,21.03,5.2575
92,2,1,5,11.53,2.306
92,2,2,8,8.66,1.0825
92,2,3,12,8.04,0.6699999999999999
92,2,4,19,8.25,0.4342105263157895
92,3,0,1,1.79,1.79
92,3,1,5,7.22,1.444
92,3,2,13,12.48,0.9600000000000001
92,3,3,13,11.9,0.9153846153846155
92,3,4,15,13.04,0.8693333333333333
92,5,0,11,11.59,1.0536363636363637
92,5,1,1,0.95,0.95
92,5,2,13,11.43,0.8792307692307693
92,5,3,7,4.44,0.6342857142857143
92,5,4,4,1.4,0.35
92,7,0,13,109.34,8.410769230769231
92,7,1,10,52.34,5.234
92,7,2,10,46.63,4.663
92,7,3,9,32.63,3.6255555555555556
92,7,4,1,2.67,2.67
92,8,0,20,38.57,1.9285
92,8,1,20,34.33,1.7165
92,8,2,20,23.21,1.1605
92,8,3,16,11.12,0.695
92,8,4,1,0.31,0.31
92,11,0,17,27.27,1.6041176470588234
92,11,1,11,14.6,1.3272727272727272
92,11,2,14,17.17,1.2264285714285716
92,11,3,2,1.93,0.965
92,11,4,5,4.78,0.9560000000000001
92,13,0,20,59.53,2.9765
92,13,1,17,34.58,2.0341176470588236
92,13,2,7,10.9,1.5571428571428572
92,13,3,1,1.1,1.1
92,13,4,4,1.65,0.4125
92,15,0,9,7.04,0.7822222222222223
92,15,1,13,7.21,0.5546153846153846
92,15,2,4,2.13,0.5325
92,15,3,13,3.68,0.2830769230769231
92,15,4,16,2.47,0.154375
92,17,0,16,15.18,0.94875
92,17,1,9,8.36,0.9288888888888889
92,17,2,11,6.79,0.6172727272727273
92,17,3,17,4.57,0.26882352941176474
92,17,4,4,0.54,0.135
92,19,0,14,31.66,2.2614285714285716
92,19,1,9,16.19,1.798888888888889
92,19,2,13,13.46,1.0353846153846153
92,19,3,9,7.64,0.8488888888888888
92,19,4,9,6.42,0.7133333333333334
92,21,0,5,3.57,0.714
92,21,1,18,12.45,0.6916666666666667
92,21,2,7,2.33,0.33285714285714285
92,21,3,1,0.28,0.28
92,21,4,2,0.43,0.215
92,22,0,12,5.5,0.4583333333333333
92,22,1,8,3.3,0.4125
92,22,2,15,3.98,0.2653333333333333
92,22,3,15,2.72,0.18133333333333335
92,22,4,8,0.86,0.1075
92,24,0,8,16.28,2.035
92,24,1,13,23.92,1.84
92,24,2,8,6.31,0.78875
92,24,3,2,1.45,0.725
92,24,4,17,9.84,0.5788235294117647
92,27,0,1,4.17,4.17
92,27,1,8,14.5,1.8125
92,27,2,9,10.36,1.151111111111111
92,27,3,16,17.37,1.085625
92,27,4,10,4.8,0.48
92,28,0,8,3.98,0.4975
92,28,1,18,7.61,0.4227777777777778
92,28,2,20,3.22,0.161
92,28,3,17,1.97,0.11588235294117646
92,28,4,20,1.54,0.077
92,30,0,12,22.46,1.8716666666666668
92,30,1,14,23.76,1.6971428571428573
92,30,2,7,11.69,1.67
92,30,3,15,23.64,1.576
92,30,4,6,3.1,0.5166666666666667
92,31,0,14,3.67,0.2621428571428571
92,31,1,7,1.38,0.19714285714285712
92,31,2,4,0.38,0.095
92,31,3,11,0.96,0.08727272727272727
92,31,4,16,0.25,0.015625
92,33,0,17,109.83,6.460588235294118
92,33,1,13,79.61,6.123846153846154
92,33,2,18,94.2,5.233333333333333
92,33,3,10,40.4,4.04
92,33,4,2,6.24,3.12
92,34,0,4,3.66,0.915
92,34,1,13,7.02,0.5399999999999999
92,34,2,4,1.18,0.295
92,34,3,13,3.7,0.2846153846153846
92,34,4,6,1.54,0.25666666666666665
92,35,0,2,3.09,1.545
92,35,1,13,15.2,1.169230769230769
92,35,2,20,15.39,0.7695000000000001
92,35,3,19,12.31,0.6478947368421053
92,35,4,7,3.58,0.5114285714285715
92,37,0,12,4.7,0.39166666666666666
92,37,1,7,2.67,0.3814285714285714
92,37,2,14,4.13,0.295
92,37,3,4,0.92,0.23
92,37,4,4,0.35,0.0875
92,38,0,18,171.76,9.542222222222222
92,38,1,16,128.12,8.0075
92,38,2,16,70.45,4.403125
92,38,3,12,37.08,3.09
92,38,4,9,3.53,0.3922222222222222
92,39,0,2,1.2,0.6
92,39,1,9,3.45,0.38333333333333336
92,39,2,7,2.62,0.3742857142857143
92,39,3,1,0.33,0.33
92,39,4,1,0.24,0.24
92,43,0,1,2.63,2.63
92,43,1,17,37.1,2.182352941176471
92,43,2,1,1.41,1.41
92,43,3,6,7.12,1.1866666666666668
92,43,4,6,6.26,1.0433333333333332
92,46,0,14,39.1,2.792857142857143
92,46,1,18,35.6,1.9777777777777779
92,46,2,16,29.36,1.835
92,46,3,3,1.43,0.4766666666666666
92,46,4,10,4.21,0.421
92,47,0,20,54.53,2.7265
92,47,1,8,15.55,1.94375
92,47,2,3,5.72,1.9066666666666665
92,47,3,5,7.95,1.59
92,47,4,14,4.62,0.33
92,49,0,18,33.66,1.8699999999999999
92,49,1,9,15.56,1.728888888888889
92,49,2,14,18.47,1.3192857142857142
92,49,3,18,16.47,0.9149999999999999
92,49,4,6,2.59,0.43166666666666664
92,50,0,13,91.69,7.053076923076923
92,50,1,3,14.31,4.7700000000000005
92,50,2,13,54.12,4.163076923076923
92,50,3,4,15.3,3.825
92,50,4,13,26.14,2.0107692307692306
92,51,0,9,10.86,1.2066666666666666
92,51,1,13,14.01,1.0776923076923077
92,51,2,15,6.81,0.45399999999999996
92,51,3,7,2.29,0.3271428571428571
92,51,4,9,1.39,0.15444444444444444
92,52,0,15,49.03,3.268666666666667
92,52,1,6,17.74,2.9566666666666666
92,52,2,10,21.62,2.162
92,52,3,10,20.01,2.0010000000000003
92,52,4,6,11.27,1.8783333333333332
92,53,0,3,25.12,8.373333333333333
92,53,1,13,93.46,7.189230769230769
92,53,2,20,103.12,5.156000000000001
92,53,3,20,47.21,2.3605
92,53,4,16,21.28,1.33
92,55,0,20,26.24,1.3119999999999998
92,55,1,17,14.43,0.8488235294117646
92,55,2,1,0.83,0.83
92,55,3,17,2.53,0.1488235294117647
92,55,4,19,2.51,0.13210526315789473
92,61,0,6,6.28,1.0466666666666666
92,61,1,20,11.2,0.5599999999999999
92,61,2,7,2.84,0.4057142857142857
92,61,3,13,2.77,0.21307692307692308
92,61,4,7,0.68,0.09714285714285716
92,64,0,12,23.16,1.93
92,64,1,2,3.55,1.775
92,64,2,13,21.94,1.6876923076923078
92,64,3,9,13.77,1.53
92,64,4,8,8.37,1.04625
92,66,0,19,65.04,3.4231578947368426
92,66,1,8,27.05,3.38125
92,66,2,17,22.04,1.296470588235294
92,66,3,1,0.62,0.62
92,66,4,1,0.22,0.22
92,68,0,17,63.68,3.7458823529411767
92,68,1,13,44.99,3.460769230769231
92,68,2,14,33.59,2.3992857142857145
92,68,3,3,6.13,2.0433333333333334
92,68,4,18,26.97,1.4983333333333333
92,70,0,18,33.25,1.8472222222222223
92,70,1,17,18.83,1.1076470588235292
92,70,2,6,5.73,0.9550000000000001
92,70,3,7,3.5,0.5
92,70,4,12,1.16,0.09666666666666666
92,78,0,16,20.55,1.284375
92,78,1,5,5.77,1.154
92,78,2,5,3.71,0.742
92,78,3,10,7.2,0.72
92,78,4,15,10.16,0.6773333333333333
92,80,0,15,28.61,1.9073333333333333
92,80,1,4,7.37,1.8425
92,80,2,13,10.63,0.8176923076923077
92,80,3,20,12.48,0.624
92,80,4,18,9.78,0.5433333333333333
92,81,0,8,46.12,5.765
92,81,1,6,21.64,3.606666666666667
92,81,2,15,39.38,2.6253333333333333
92,81,3,20,17.02,0.851
92,81,4,18,10.28,0.5711111111111111
92,87,0,1,3.67,3.67
92,87,1,18,38.98,2.1655555555555552
92,87,2,16,21.25,1.328125
92,87,3,20,23.28,1.1640000000000001
92,87,4,1,0.99,0.99
92,96,0,9,13.82,1.5355555555555556
92,96,1,20,27.15,1.3575
92,96,2,18,10.25,0.5694444444444444
92,96,3,5,1.05,0.21000000000000002
92,96,4,10,0.84,0.08399999999999999
92,97,0,3,14.85,4.95
92,97,1,13,62.94,4.841538461538462
92,97,2,10,42.18,4.218
92,97,3,2,4.73,2.365
92,97,4,1,2.33,2.33
92,99,0,12,9.4,0.7833333333333333
92,99,1,14,10.42,0.7442857142857143
92,99,2,11,6.55,0.5954545454545455
92,99,3,18,9.14,0.5077777777777778
92,99,4,3,0.52,0.17333333333333334
96,2,0,17,106.56,6.268235294117647
96,2,1,14,73.23,5.230714285714286
96,2,2,15,58.21,3.880666666666667
96,2,3,5,15.24,3.048
96,2,4,13,16.26,1.2507692307692309
96,3,0,16,12.35,0.771875
96,3,1,8,5.71,0.71375
96,3,2,20,12.96,0.648
96,3,3,13,6.16,0.47384615384615386
96,3,4,16,2.64,0.165
96,5,0,17,31.05,1.826470588235294
96,5,1,16,26.93,1.683125
96,5,2,12,16.17,1.3475000000000001
96,5,3,16,11.41,0.713125
96,5,4,3,1.27,0.42333333333333334
96,7,0,18,193.6,10.755555555555555
96,7,1,18,153.16,8.508888888888889
96,7,2,7,51.66,7.38
96,7,3,11,66.1,6.009090909090909
96,7,4,10,24.0,2.4
96,8,0,11,1.9,0.17272727272727273
96,8,1,7,1.15,0.16428571428571428
96,8,2,17,2.02,0.1188235294117647
96,8,3,19,1.34,0.07052631578947369
96,8,4,7,0.08,0.011428571428571429
96,11,0,20,18.73,0.9365
96,11,1,7,6.35,0.9071428571428571
96,11,2,17,14.29,0.8405882352941176
96,11,3,13,7.65,0.5884615384615385
96,11,4,11,6.1,0.5545454545454546
96,13,0,5,8.22,1.6440000000000001
96,13,1,11,12.37,1.1245454545454545
96,13,2,20,9.81,0.49050000000000005
96,13,3,12,4.6,0.3833333333333333
96,13,4,1,0.27,0.27
96,15,0,11,12.78,1.1618181818181819
96,15,1,20,20.56,1.028
96,15,2,5,5.12,1.024
96,15,3,11,10.43,0.9481818181818181
96,15,4,18,12.45,0.6916666666666667
96,17,0,7,7.73,1.1042857142857143
96,17,1,20,21.42,1.0710000000000002
96,17,2,15,12.75,0.85
96,17,3,3,1.98,0.66
96,17,4,12,5.41,0.45083333333333336
96,19,0,7,13.4,1.9142857142857144
96,19,1,14,26.35,1.8821428571428573
96,19,2,3,5.45,1.8166666666666667
96,19,3,20,14.01,0.7005
96,19,4,3,1.93,0.6433333333333333
96,21,0,12,23.06,1.9216666666666666
96,21,1,2,2.85,1.425
96,21,2,16,10.7,0.66875
96,21,3,6,3.35,0.5583333333333333
96,21,4,19,1.66,0.08736842105263158
96,22,0,17,20.99,1.234705882352941
96,22,1,19,22.3,1.1736842105263159
96,22,2,17,13.55,0.7970588235294118
96,22,3,9,5.66,0.6288888888888889
96,22,4,7,3.97,0.5671428571428572
96,24,0,9,13.9,1.5444444444444445
96,24,1,7,10.13,1.4471428571428573
96,24,2,7,9.74,1.3914285714285715
96,24,3,1,0.99,0.99
96,24,4,10,5.95,0.595
96,27,0,13,63.34,4.872307692307692
96,27,1,11,45.83,4.166363636363636
96,27,2,6,16.59,2.765
96,27,3,12,32.66,2.7216666666666662
96,27,4,13,28.69,2.206923076923077
96,28,0,15,19.16,1.2773333333333334
96,28,1,8,8.84,1.105
96,28,2,6,6.44,1.0733333333333335
96,28,3,17,13.44,0.7905882352941176
96,28,4,7,1.34,0.19142857142857145
96,30,0,20,83.76,4.188000000000001
96,30,1,12,43.14,3.595
96,30,2,17,53.09,3.1229411764705883
96,30,3,3,3.57,1.19
96,30,4,8,6.29,0.78625
96,31,0,13,13.03,1.0023076923076923
96,31,1,19,18.72,0.9852631578947367
96,31,2,4,3.06,0.765
96,31,3,1,0.51,0.51
96,31,4,18,5.47,0.3038888888888889
96,33,0,9,71.61,7.956666666666667
96,33,1,17,134.53,7.913529411764706
96,33,2,16,95.68,5.98
96,33,3,3,10.36,3.453333333333333
96,33,4,11,15.5,1.4090909090909092
96,34,0,19,23.07,1.2142105263157894
96,34,1,3,3.22,1.0733333333333335
96,34,2,7,7.14,1.02
96,34,3,20,13.64,0.682
96,34,4,17,4.39,0.25823529411764706
96,35,0,8,21.89,2.73625
96,35,1,10,25.24,2.524
96,35,2,8,13.6,1.7
96,35,3,7,1.49,0.21285714285714286
96,35,4,9,1.39,0.15444444444444444
96,37,0,11,15.32,1.3927272727272728
96,37,1,8,8.41,1.05125
96,37,2,17,16.94,0.9964705882352942
96,37,3,3,1.37,0.4566666666666667
96,37,4,13,2.57,0.19769230769230767
96,38,0,3,33.18,11.06
96,38,1,10,93.7,9.370000000000001
96,38,2,16,131.26,8.20375
96,38,3,18,119.02,6.612222222222222
96,38,4,12,6.14,0.5116666666666666
96,39,0,10,21.97,2.197
96,39,1,12,17.7,1.4749999999999999
96,39,2,8,11.71,1.46375
96,39,3,7,7.71,1.1014285714285714
96,39,4,1,0.89,0.89
96,43,0,11,15.64,1.4218181818181819
96,43,1,4,5.32,1.33
96,43,2,15,19.18,1.2786666666666666
96,43,3,3,3.14,1.0466666666666666
96,43,4,15,11.75,0.7833333333333333
96,46,0,4,12.01,3.0025
96,46,1,3,4.31,1.4366666666666665
96,46,2,18,23.63,1.3127777777777778
96,46,3,18,7.23,0.40166666666666667
96,46,4,16,3.67,0.229375
96,47,0,12,22.3,1.8583333333333334
96,47,1,2,1.89,0.945
96,47,2,7,6.33,0.9042857142857142
96,47,3,8,6.79,0.84875
96,47,4,15,5.09,0.3393333333333333
96,49,0,20,27.56,1.378
96,49,1,15,12.47,0.8313333333333334
96,49,2,15,11.61,0.7739999999999999
96,49,3,8,4.48,0.56
96,49,4,17,7.6,0.44705882352941173
96,50,0,6,50.48,8.413333333333332
96,50,1,12,98.18,8.181666666666667
96,50,2,17,135.45,7.967647058823529
96,50,3,1,2.6,2.6
96,50,4,9,10.78,1.1977777777777776
96,51,0,2,3.91,1.955
96,51,1,6,7.51,1.2516666666666667
96,51,2,13,14.58,1.1215384615384616
96,51,3,3,3.13,1.0433333333333332
96,51,4,6,1.76,0.29333333333333333
96,52,0,20,85.51,4.2755
96,52,1,13,42.21,3.246923076923077
96,52,2,7,17.5,2.5
96,52,3,10,24.67,2.467
96,52,4,19,4.08,0.21473684210526317
96,53,0,7,75.06,10.722857142857142
96,53,1,7,61.62,8.802857142857142
96,53,2,19,157.3,8.278947368421052
96,53,3,8,27.86,3.4825
96,53,4,6,7.78,1.2966666666666666
96,55,0,10,33.82,3.382
96,55,1,13,10.71,0.8238461538461539
96,55,2,13,10.03,0.7715384615384615
96,55,3,18,6.58,0.3655555555555556
96,55,4,14,2.22,0.15857142857142859
96,61,0,9,31.34,3.482222222222222
96,61,1,18,33.93,1.885
96,61,2,10,17.69,1.7690000000000001
96,61,3,12,21.18,1.765
96,61,4,13,15.15,1.1653846153846155
96,64,0,1,0.87,0.87
96,64,1,19,8.75,0.4605263157894737
96,64,2,6,0.98,0.16333333333333333
96,64,3,7,0.78,0.11142857142857143
96,64,4,10,0.51,0.051000000000000004
96,66,0,19,95.99,5.052105263157895
96,66,1,5,21.83,4.366
96,66,2,4,17.23,4.3075
96,66,3,1,3.71,3.71
96,66,4,10,27.51,2.7510000000000003
96,68,0,9,25.16,2.7955555555555556
96,68,1,20,54.91,2.7455
96,68,2,14,30.68,2.1914285714285713
96,68,3,7,13.0,1.8571428571428572
96,68,4,19,35.12,1.8484210526315787
96,70,0,8,5.04,0.63
96,70,1,15,7.32,0.48800000000000004
96,70,2,20,5.06,0.253
96,70,3,4,0.55,0.1375
96,70,4,1,0.11,0.11
96,78,0,14,46.21,3.3007142857142857
96,78,1,19,59.74,3.14421052631579
96,78,2,14,42.86,3.0614285714285714
96,78,3,18,51.83,2.8794444444444443
96,78,4,17,20.34,1.1964705882352942
96,80,0,19,57.16,3.008421052631579
96,80,1,10,28.25,2.825
96,80,2,16,39.84,2.49
96,80,3,18,15.22,0.8455555555555556
96,80,4,3,0.95,0.31666666666666665
96,81,0,4,46.99,11.7475
96,81,1,14,152.75,10.910714285714286
96,81,2,6,34.53,5.755
96,81,3,11,39.94,3.630909090909091
96,81,4,7,23.38,3.34
96,87,0,5,21.55,4.3100000000000005
96,87,1,13,39.27,3.020769230769231
96,87,2,7,12.14,1.7342857142857144
96,87,3,1,1.06,1.06
96,87,4,5,1.25,0.25
96,92,0,18,30.02,1.6677777777777778
96,92,1,3,3.31,1.1033333333333333
96,92,2,8,7.41,0.92625
96,92,3,8,3.75,0.46875
96,92,4,4,1.24,0.31
96,97,0,8,23.34,2.9175
96,97,1,15,31.88,2.1253333333333333
96,97,2,13,26.6,2.0461538461538464
96,97,3,9,9.75,1.0833333333333333
96,97,4,20,14.87,0.7434999999999999
96,99,0,12,14.3,1.1916666666666667
96,99,1,20,12.12,0.606
96,99,2,4,2.13,0.5325
96,99,3,11,2.62,0.2381818181818182
96,99,4,3,0.57,0.18999999999999997
97,2,0,3,22.94,7.646666666666667
97,2,1,16,79.27,4.954375
97,2,2,15,56.76,3.784
97,2,3,3,4.16,1.3866666666666667
97,2,4,4,4.54,1.135
97,3,0,4,19.68,4.92
97,3,1,9,39.55,4.394444444444444
97,3,2,1,3.55,3.55
97,3,3,14,26.34,1.8814285714285715
97,3,4,15,3.63,0.242
97,5,0,6,13.52,2.2533333333333334
97,5,1,16,29.82,1.86375
97,5,2,20,33.37,1.6684999999999999
97,5,3,2,1.72,0.86
97,5,4,19,16.02,0.8431578947368421
97,7,0,4,27.43,6.8575
97,7,1,1,6.82,6.82
97,7,2,20,131.34,6.567
97,7,3,15,32.18,2.1453333333333333
97,7,4,5,4.4,0.8800000000000001
97,8,0,6,18.8,3.1333333333333333
97,8,1,20,60.76,3.038
97,8,2,16,32.59,2.036875
97,8,3,18,10.92,0.6066666666666667
97,8,4,12,5.17,0.43083333333333335
97,11,0,9,46.41,5.156666666666666
97,11,1,10,45.65,4.5649999999999995
97,11,2,17,38.59,2.27
97,11,3,1,2.16,2.16
97,11,4,6,2.59,0.43166666666666664
97,13,0,11,62.03,5.63909090909091
97,13,1,14,76.9,5.492857142857143
97,13,2,11,18.22,1.6563636363636363
97,13,3,3,3.36,1.1199999999999999
97,13,4,15,7.81,0.5206666666666666
97,15,0,20,107.06,5.353
97,15,1,17,80.27,4.721764705882353
97,15,2,18,79.64,4.424444444444444
97,15,3,1,1.12,1.12
97,15,4,11,9.2,0.8363636363636363
97,17,0,17,67.9,3.994117647058824
97,17,1,13,40.76,3.1353846153846154
97,17,2,16,50.08,3.13
97,17,3,4,9.81,2.4525
97,17,4,12,24.92,2.0766666666666667
97,19,0,3,9.34,3.1133333333333333
97,19,1,3,9.09,3.03
97,19,2,4,10.4,2.6
97,19,3,14,26.74,1.91
97,19,4,10,15.28,1.528
97,21,0,6,24.93,4.155
97,21,1,4,14.84,3.71
97,21,2,20,44.3,2.215
97,21,3,18,39.53,2.196111111111111
97,21,4,15,12.68,0.8453333333333333
97,22,0,12,53.77,4.480833333333334
97,22,1,17,50.29,2.958235294117647
97,22,2,12,28.89,2.4075
97,22,3,8,6.26,0.7825
97,22,4,7,3.09,0.4414285714285714
97,24,0,7,15.34,2.1914285714285713
97,24,1,18,38.99,2.1661111111111113
97,24,2,4,6.39,1.5975
97,24,3,15,9.98,0.6653333333333333
97,24,4,14,4.25,0.30357142857142855
97,27,0,17,52.42,3.083529411764706
97,27,1,12,22.08,1.8399999999999999
97,27,2,18,26.33,1.4627777777777777
97,27,3,12,16.37,1.3641666666666667
97,27,4,20,11.56,0.5780000000000001
97,28,0,10,38.57,3.857
97,28,1,15,56.69,3.779333333333333
97,28,2,10,22.34,2.234
97,28,3,1,1.49,1.49
97,28,4,3,3.45,1.1500000000000001
97,30,0,15,86.21,5.747333333333333
97,30,1,15,82.1,5.473333333333333
97,30,2,18,64.37,3.5761111111111115
97,30,3,3,10.24,3.4133333333333336
97,30,4,5,16.59,3.318
97,31,0,9,40.01,4.445555555555555
97,31,1,16,60.69,3.793125
97,31,2,12,15.71,1.3091666666666668
97,31,3,11,11.69,1.0627272727272727
97,31,4,1,0.49,0.49
97,33,0,18,118.39,6.577222222222222
97,33,1,19,114.73,6.03842105263158
97,33,2,9,48.51,5.39
97,33,3,19,72.46,3.8136842105263153
97,33,4,7,11.19,1.5985714285714285
97,34,0,15,64.81,4.320666666666667
97,34,1,8,33.57,4.19625
97,34,2,9,21.9,2.433333333333333
97,34,3,16,31.81,1.988125
97,34,4,19,31.47,1.6563157894736842
97,35,0,10,37.35,3.7350000000000003
97,35,1,19,50.14,2.6389473684210527
97,35,2,7,12.93,1.8471428571428572
97,35,3,14,21.41,1.5292857142857144
97,35,4,16,7.03,0.439375
97,37,0,7,34.44,4.92
97,37,1,14,68.26,4.875714285714286
97,37,2,7,33.15,4.735714285714286
97,37,3,17,53.89,3.17
97,37,4,19,19.75,1.0394736842105263
97,38,0,3,23.93,7.976666666666667
97,38,1,9,45.14,5.015555555555555
97,38,2,5,24.07,4.814
97,38,3,20,73.86,3.693
97,38,4,13,21.77,1.6746153846153846
97,39,0,19,105.34,5.54421052631579
97,39,1,14,75.85,5.417857142857143
97,39,2,9,33.57,3.73
97,39,3,4,13.4,3.35
97,39,4,11,13.95,1.268181818181818
97,43,0,4,12.12,3.03
97,43,1,7,17.17,2.4528571428571433
97,43,2,3,6.79,2.263333333333333
97,43,3,9,14.65,1.6277777777777778
97,43,4,13,4.24,0.3261538461538462
97,46,0,14,28.76,2.0542857142857143
97,46,1,17,24.09,1.4170588235294117
97,46,2,11,15.02,1.3654545454545455
97,46,3,9,9.69,1.0766666666666667
97,46,4,6,4.26,0.71
97,47,0,19,22.6,1.1894736842105265
97,47,1,12,13.87,1.1558333333333333
97,47,2,1,0.98,0.98
97,47,3,2,1.54,0.77
97,47,4,12,4.36,0.36333333333333334
97,49,0,4,7.45,1.8625
97,49,1,13,23.79,1.8299999999999998
97,49,2,11,9.21,0.8372727272727274
97,49,3,12,8.46,0.7050000000000001
97,49,4,4,1.26,0.315
97,50,0,6,62.6,10.433333333333334
97,50,1,8,77.35,9.66875
97,50,2,4,31.93,7.9825
97,50,3,4,18.56,4.64
97,50,4,11,17.71,1.61
97,51,0,5,20.24,4.048
97,51,1,19,41.27,2.1721052631578948
97,51,2,16,21.14,1.32125
97,51,3,11,11.44,1.04
97,51,4,14,7.45,0.5321428571428571
97,52,0,5,20.19,4.038
97,52,1,17,67.33,3.9605882352941175
97,52,2,5,18.42,3.684
97,52,3,18,13.02,0.7233333333333333
97,52,4,5,3.18,0.636
97,53,0,7,80.35,11.478571428571428
97,53,1,15,105.38,7.025333333333333
97,53,2,15,89.96,5.997333333333333
97,53,3,18,78.94,4.385555555555555
97,53,4,19,47.4,2.494736842105263
97,55,0,14,73.07,5.219285714285713
97,55,1,11,56.67,5.151818181818182
97,55,2,12,31.93,2.660833333333333
97,55,3,1,2.64,2.64
97,55,4,16,37.2,2.325
97,61,0,18,90.89,5.049444444444444
97,61,1,12,44.4,3.6999999999999997
97,61,2,18,53.27,2.9594444444444448
97,61,3,18,41.84,2.3244444444444445
97,61,4,1,0.68,0.68
97,64,0,5,11.12,2.2239999999999998
97,64,1,5,10.88,2.176
97,64,2,9,19.12,2.1244444444444444
97,64,3,4,2.89,0.7225
97,64,4,3,0.77,0.25666666666666665
97,66,0,16,55.55,3.471875
97,66,1,10,32.92,3.2920000000000003
97,66,2,4,5.95,1.4875
97,66,3,20,25.09,1.2545
97,66,4,12,11.17,0.9308333333333333
97,68,0,5,3.49,0.6980000000000001
97,68,1,13,5.54,0.42615384615384616
97,68,2,10,3.19,0.319
97,68,3,20,3.87,0.1935
97,68,4,2,0.24,0.12
97,70,0,18,51.96,2.8866666666666667
97,70,1,16,22.05,1.378125
97,70,2,17,21.01,1.2358823529411767
97,70,3,20,9.28,0.46399999999999997
97,70,4,17,3.51,0.2064705882352941
97,78,0,17,98.41,5.788823529411765
97,78,1,20,102.3,5.115
97,78,2,5,20.8,4.16
97,78,3,1,2.66,2.66
97,78,4,6,2.2,0.3666666666666667
97,80,0,10,42.24,4.224
97,80,1,7,28.06,4.008571428571428
97,80,2,14,39.75,2.8392857142857144
97,80,3,7,18.57,2.652857142857143
97,80,4,16,31.8,1.9875
97,81,0,2,19.3,9.65
97,81,1,16,145.77,9.110625
97,81,2,19,144.05,7.581578947368421
97,81,3,6,14.44,2.4066666666666667
97,81,4,12,15.94,1.3283333333333334
97,87,0,17,45.49,2.6758823529411764
97,87,1,11,25.17,2.2881818181818185
97,87,2,7,9.13,1.3042857142857145
97,87,3,8,5.64,0.705
97,87,4,17,6.71,0.3947058823529412
97,92,0,14,24.93,1.7807142857142857
97,92,1,18,16.15,0.8972222222222221
97,92,2,14,11.7,0.8357142857142856
97,92,3,10,8.02,0.8019999999999999
97,92,4,10,5.06,0.506
97,96,0,16,59.79,3.736875
97,96,1,9,31.25,3.4722222222222223
97,96,2,5,14.86,2.972
97,96,3,10,21.87,2.1870000000000003
97,96,4,2,3.43,1.715
97,99,0,17,45.28,2.663529411764706
97,99,1,4,9.78,2.445
97,99,2,20,44.94,2.247
97,99,3,2,2.52,1.26
97,99,4,5,1.18,0.236
99,2,0,5,21.48,4.296
99,2,1,6,24.38,4.0633333333333335
99,2,2,8,21.14,2.6425
99,2,3,8,18.2,2.275
99,2,4,14,20.38,1.4557142857142857
99,3,0,14,11.8,0.8428571428571429
99,3,1,4,3.19,0.7975
99,3,2,5,2.73,0.546
99,3,3,14,5.81,0.415
99,3,4,4,0.67,0.1675
99,5,0,12,26.26,2.1883333333333335
99,5,1,2,3.69,1.845
99,5,2,5,8.55,1.7100000000000002
99,5,3,11,7.15,0.65
99,5,4,18,2.83,0.15722222222222224
99,7,0,17,131.87,7.7570588235294125
99,7,1,5,38.27,7.654000000000001
99,7,2,7,37.64,5.377142857142857
99,7,3,16,59.69,3.730625
99,7,4,1,0.57,0.57
99,8,0,17,18.58,1.092941176470588
99,8,1,4,2.66,0.665
99,8,2,9,5.35,0.5944444444444444
99,8,3,8,4.28,0.535
99,8,4,2,0.55,0.275
99,11,0,9,11.27,1.2522222222222221
99,11,1,11,12.96,1.1781818181818182
99,11,2,18,16.36,0.9088888888888889
99,11,3,14,11.54,0.8242857142857142
99,11,4,17,13.06,0.7682352941176471
99,13,0,12,24.85,2.0708333333333333
99,13,1,14,26.51,1.8935714285714287
99,13,2,3,4.58,1.5266666666666666
99,13,3,13,19.5,1.5
99,13,4,17,24.02,1.4129411764705881
99,15,0,16,11.45,0.715625
99,15,1,15,9.5,0.6333333333333333
99,15,2,17,10.48,0.6164705882352941
99,15,3,12,7.32,0.61
99,15,4,7,3.42,0.48857142857142855
99,17,0,9,7.82,0.8688888888888889
99,17,1,8,3.09,0.38625
99,17,2,16,4.18,0.26125
99,17,3,18,4.09,0.22722222222222221
99,17,4,3,0.25,0.08333333333333333
99,19,0,18,20.3,1.1277777777777778
99,19,1,19,20.41,1.0742105263157895
99,19,2,19,10.93,0.5752631578947368
99,19,3,9,2.73,0.30333333333333334
99,19,4,14,1.63,0.11642857142857142
99,21,0,8,8.82,1.1025
99,21,1,5,3.41,0.682
99,21,2,14,5.11,0.36500000000000005
99,21,3,3,0.31,0.10333333333333333
99,21,4,15,1.48,0.09866666666666667
99,22,0,14,3.96,0.28285714285714286
99,22,1,8,0.77,0.09625
99,22,2,8,0.72,0.09
99,22,3,17,1.38,0.0811764705882353
99,22,4,20,0.83,0.041499999999999995
99,24,0,9,17.52,1.9466666666666665
99,24,1,16,30.92,1.9325
99,24,2,7,7.92,1.1314285714285715
99,24,3,1,1.11,1.11
99,24,4,12,6.05,0.5041666666666667
99,27,0,15,78.65,5.243333333333334
99,27,1,19,96.26,5.066315789473684
99,27,2,19,72.87,3.835263157894737
99,27,3,11,3.46,0.3145454545454545
99,27,4,15,4.3,0.2866666666666667
99,28,0,5,5.02,1.004
99,28,1,15,14.82,0.988
99,28,2,3,2.22,0.7400000000000001
99,28,3,8,2.73,0.34125
99,28,4,10,0.98,0.098
99,30,0,11,36.45,3.313636363636364
99,30,1,12,31.33,2.6108333333333333
99,30,2,19,46.66,2.4557894736842103
99,30,3,2,4.36,2.18
99,30,4,3,1.34,0.4466666666666667
99,31,0,10,5.11,0.511
99,31,1,12,5.38,0.4483333333333333
99,31,2,4,1.04,0.26
99,31,3,6,0.54,0.09000000000000001
99,31,4,16,1.42,0.08875
99,33,0,17,88.69,5.2170588235294115
99,33,1,10,43.48,4.348
99,33,2,17,49.73,2.925294117647059
99,33,3,11,27.71,2.519090909090909
99,33,4,2,4.86,2.43
99,34,0,20,2.44,0.122
99,34,1,19,1.7,0.08947368421052632
99,34,2,15,1.21,0.08066666666666666
99,34,3,16,0.64,0.04
99,34,4,5,0.12,0.024
99,35,0,19,32.6,1.7157894736842105
99,35,1,19,27.43,1.4436842105263157
99,35,2,8,7.22,0.9025
99,35,3,5,2.49,0.49800000000000005
99,35,4,2,0.52,0.26
99,37,0,16,17.76,1.11
99,37,1,19,19.31,1.016315789473684
99,37,2,9,8.14,0.9044444444444445
99,37,3,18,12.06,0.67
99,37,4,16,5.06,0.31625
99,38,0,17,172.51,10.147647058823528
99,38,1,19,89.43,4.706842105263158
99,38,2,18,80.79,4.488333333333333
99,38,3,19,28.68,1.5094736842105263
99,38,4,1,1.21,1.21
99,39,0,10,12.12,1.212
99,39,1,11,12.63,1.1481818181818182
99,39,2,16,14.94,0.93375
99,39,3,6,2.44,0.4066666666666667
99,39,4,18,4.33,0.24055555555555555
99,43,0,10,20.76,2.076
99,43,1,9,14.69,1.6322222222222222
99,43,2,2,1.93,0.965
99,43,3,17,11.18,0.6576470588235294
99,43,4,19,5.12,0.2694736842105263
99,46,0,13,45.65,3.5115384615384615
99,46,1,7,22.73,3.2471428571428573
99,46,2,13,40.82,3.14
99,46,3,9,6.26,0.6955555555555555
99,46,4,7,1.76,0.25142857142857145
99,47,0,1,3.72,3.72
99,47,1,1,1.48,1.48
99,47,2,1,0.93,0.93
99,47,3,4,2.18,0.545
99,47,4,11,4.88,0.4436363636363636
99,49,0,4,7.5,1.875
99,49,1,9,8.33,0.9255555555555556
99,49,2,6,4.12,0.6866666666666666
99,49,3,19,12.9,0.6789473684210526
99,49,4,4,1.81,0.4525
99,50,0,16,107.21,6.700625
99,50,1,13,76.91,5.916153846153846
99,50,2,12,52.03,4.335833333333333
99,50,3,13,53.72,4.132307692307692
99,50,4,8,13.28,1.66
99,51,0,8,10.29,1.28625
99,51,1,15,9.33,0.622
99,51,2,16,7.75,0.484375
99,51,3,1,0.48,0.48
99,51,4,18,8.11,0.45055555555555554
99,52,0,11,32.01,2.9099999999999997
99,52,1,20,55.55,2.7775
99,52,2,3,8.05,2.6833333333333336
99,52,3,13,23.17,1.7823076923076924
99,52,4,16,15.4,0.9625
99,53,0,4,40.93,10.2325
99,53,1,14,100.97,7.212142857142857
99,53,2,7,45.94,6.562857142857142
99,53,3,11,61.53,5.593636363636364
99,53,4,17,55.71,3.277058823529412
99,55,0,6,13.07,2.1783333333333332
99,55,1,1,1.52,1.52
99,55,2,10,13.77,1.377
99,55,3,11,12.77,1.160909090909091
99,55,4,10,1.68,0.16799999999999998
99,61,0,7,13.91,1.987142857142857
99,61,1,20,39.4,1.97
99,61,2,15,29.11,1.9406666666666665
99,61,3,8,14.58,1.8225
99,61,4,13,21.3,1.6384615384615384
99,64,0,13,17.46,1.343076923076923
99,64,1,13,16.0,1.2307692307692308
99,64,2,9,10.12,1.1244444444444444
99,64,3,19,10.13,0.5331578947368422
99,64,4,7,0.97,0.13857142857142857
99,66,0,14,51.23,3.6592857142857143
99,66,1,8,24.2,3.025
99,66,2,3,8.54,2.8466666666666662
99,66,3,2,2.43,1.215
99,66,4,7,5.81,0.83
99,68,0,15,39.45,2.6300000000000003
99,68,1,7,13.67,1.9528571428571428
99,68,2,8,14.23,1.77875
99,68,3,12,20.01,1.6675000000000002
99,68,4,1,1.2,1.2
99,70,0,4,4.81,1.2025
99,70,1,18,18.27,1.015
99,70,2,5,3.87,0.774
99,70,3,20,13.2,0.6599999999999999
99,70,4,4,0.36,0.09
99,78,0,6,11.56,1.9266666666666667
99,78,1,19,32.89,1.7310526315789474
99,78,2,7,8.24,1.1771428571428573
99,78,3,2,0.94,0.47
99,78,4,9,3.08,0.3422222222222222
99,80,0,5,10.53,2.106
99,80,1,6,12.14,2.0233333333333334
99,80,2,2,2.75,1.375
99,80,3,18,14.22,0.79
99,80,4,8,3.21,0.40125
99,81,0,14,112.53,8.037857142857144
99,81,1,19,140.06,7.3715789473684215
99,81,2,18,127.18,7.065555555555556
99,81,3,18,61.2,3.4000000000000004
99,81,4,12,8.21,0.6841666666666667
99,87,0,17,77.11,4.535882352941177
99,87,1,3,8.02,2.6733333333333333
99,87,2,9,20.88,2.32
99,87,3,20,30.37,1.5185
99,87,4,8,2.71,0.33875
99,92,0,6,4.54,0.7566666666666667
99,92,1,1,0.7,0.7
99,92,2,12,6.08,0.5066666666666667
99,92,3,6,2.57,0.4283333333333333
99,92,4,16,3.39,0.211875
99,96,0,18,21.26,1.1811111111111112
99,96,1,2,0.82,0.41
99,96,2,4,1.14,0.285
99,96,3,20,2.48,0.124
99,96,4,11,0.7,0.06363636363636363
99,97,0,5,14.45,2.8899999999999997
99,97,1,15,36.79,2.4526666666666666
99,97,2,4,9.64,2.41
99,97,3,17,36.81,2.165294117647059
99,97,4,12,15.37,1.2808333333333333
