fromnode,tonode,clientID,a,budget,clientRatio
1,3,0,1,0.76,0.76
1,3,1,8,4.07,0.50875
1,3,2,20,8.27,0.4135
1,3,3,5,1.65,0.32999999999999996
1,3,4,19,1.63,0.08578947368421053
1,5,0,16,35.08,2.1925
1,5,1,18,35.09,1.9494444444444445
1,5,2,16,18.12,1.1325
1,5,3,5,5.15,1.03
1,5,4,8,7.03,0.87875
1,8,0,5,6.29,1.258
1,8,1,1,0.99,0.99
1,8,2,17,10.14,0.5964705882352942
1,8,3,3,0.83,0.27666666666666667
1,8,4,19,2.22,0.1168421052631579
1,16,0,1,3.15,3.15
1,16,1,13,35.8,2.753846153846154
1,16,2,9,16.87,1.8744444444444446
1,16,3,19,33.66,1.771578947368421
1,16,4,14,22.27,1.5907142857142857
1,19,0,5,17.92,3.5840000000000005
1,19,1,14,44.72,3.1942857142857144
1,19,2,10,18.02,1.802
1,19,3,16,16.11,1.006875
1,19,4,4,1.21,0.3025
1,20,0,1,3.09,3.09
1,20,1,11,27.4,2.4909090909090907
1,20,2,18,38.83,2.157222222222222
1,20,3,13,27.55,2.1192307692307693
1,20,4,19,17.92,0.9431578947368422
1,24,0,11,38.52,3.501818181818182
1,24,1,6,15.46,2.5766666666666667
1,24,2,20,49.62,2.481
1,24,3,7,16.43,2.347142857142857
1,24,4,19,40.38,2.125263157894737
1,25,0,3,3.31,1.1033333333333333
1,25,1,19,14.3,0.7526315789473684
1,25,2,16,5.08,0.3175
1,25,3,4,1.03,0.2575
1,25,4,5,0.75,0.15
1,29,0,14,88.34,6.3100000000000005
1,29,1,20,125.08,6.254
1,29,2,13,76.93,5.917692307692308
1,29,3,11,50.74,4.612727272727273
1,29,4,4,2.67,0.6675
1,30,0,7,34.75,4.964285714285714
1,30,1,9,24.13,2.681111111111111
1,30,2,2,3.44,1.72
1,30,3,3,2.2,0.7333333333333334
1,30,4,18,6.44,0.3577777777777778
1,33,0,5,43.51,8.702
1,33,1,5,33.91,6.781999999999999
1,33,2,10,60.48,6.048
1,33,3,13,50.44,3.88
1,33,4,11,36.26,3.2963636363636364
1,34,0,8,12.36,1.545
1,34,1,20,22.82,1.141
1,34,2,4,4.18,1.045
1,34,3,17,11.49,0.6758823529411765
1,34,4,17,8.4,0.49411764705882355
1,38,0,14,169.3,12.092857142857143
1,38,1,14,167.71,11.979285714285714
1,38,2,17,68.85,4.05
1,38,3,11,7.98,0.7254545454545455
1,38,4,11,6.87,0.6245454545454545
1,46,0,9,38.53,4.2811111111111115
1,46,1,12,42.87,3.5725
1,46,2,20,69.28,3.464
1,46,3,11,30.68,2.789090909090909
1,46,4,5,2.79,0.558
1,47,0,1,4.6,4.6
1,47,1,9,27.6,3.066666666666667
1,47,2,10,29.05,2.9050000000000002
1,47,3,1,2.89,2.89
1,47,4,11,11.04,1.0036363636363637
1,49,0,1,3.53,3.53
1,49,1,12,36.98,3.0816666666666666
1,49,2,6,7.4,1.2333333333333334
1,49,3,9,10.71,1.1900000000000002
1,49,4,13,6.63,0.51
1,50,0,6,46.37,7.728333333333333
1,50,1,8,59.73,7.46625
1,50,2,5,18.88,3.776
1,50,3,9,27.09,3.01
1,50,4,4,6.16,1.54
1,51,0,11,34.27,3.1154545454545457
1,51,1,7,20.39,2.912857142857143
1,51,2,8,12.08,1.51
1,51,3,15,14.73,0.982
1,51,4,6,2.29,0.38166666666666665
1,54,0,3,8.57,2.856666666666667
1,54,1,9,11.58,1.2866666666666666
1,54,2,7,8.42,1.2028571428571428
1,54,3,19,14.42,0.7589473684210526
1,54,4,4,1.02,0.255
1,60,0,12,41.84,3.486666666666667
1,60,1,9,25.18,2.7977777777777777
1,60,2,19,47.36,2.4926315789473685
1,60,3,14,25.8,1.842857142857143
1,60,4,14,25.68,1.8342857142857143
1,66,0,20,135.38,6.769
1,66,1,14,55.33,3.952142857142857
1,66,2,1,3.42,3.42
1,66,3,14,18.21,1.3007142857142857
1,66,4,8,3.9,0.4875
1,69,0,19,103.8,5.463157894736842
1,69,1,17,92.18,5.422352941176471
1,69,2,8,38.98,4.8725
1,69,3,15,71.08,4.738666666666666
1,69,4,18,37.17,2.065
1,70,0,17,16.39,0.9641176470588235
1,70,1,4,3.4,0.85
1,70,2,14,8.65,0.6178571428571429
1,70,3,1,0.52,0.52
1,70,4,2,0.15,0.075
1,73,0,1,6.51,6.51
1,73,1,10,32.27,3.2270000000000003
1,73,2,4,9.82,2.455
1,73,3,20,35.7,1.7850000000000001
1,73,4,14,15.28,1.0914285714285714
1,74,0,18,6.32,0.35111111111111115
1,74,1,2,0.53,0.265
1,74,2,5,1.0,0.2
1,74,3,4,0.58,0.145
1,74,4,7,0.78,0.11142857142857143
1,75,0,9,22.6,2.511111111111111
1,75,1,19,44.78,2.356842105263158
1,75,2,5,11.27,2.254
1,75,3,2,4.16,2.08
1,75,4,1,1.38,1.38
1,77,0,1,0.85,0.85
1,77,1,17,9.07,0.5335294117647059
1,77,2,2,0.98,0.49
1,77,3,8,2.36,0.295
1,77,4,5,0.42,0.08399999999999999
1,79,0,2,21.43,10.715
1,79,1,3,19.98,6.66
1,79,2,16,68.4,4.275
1,79,3,11,14.92,1.3563636363636364
1,79,4,2,2.63,1.315
1,80,0,13,39.1,3.0076923076923077
1,80,1,5,13.04,2.6079999999999997
1,80,2,11,22.6,2.0545454545454547
1,80,3,19,28.7,1.5105263157894737
1,80,4,9,9.15,1.0166666666666666
1,82,0,13,102.36,7.873846153846154
1,82,1,2,12.5,6.25
1,82,2,12,56.73,4.7275
1,82,3,18,71.45,3.9694444444444446
1,82,4,19,39.37,2.0721052631578947
1,84,0,16,150.54,9.40875
1,84,1,14,82.56,5.897142857142858
1,84,2,11,59.67,5.424545454545455
1,84,3,8,24.44,3.055
1,84,4,14,15.56,1.1114285714285714
1,85,0,12,148.83,12.402500000000002
1,85,1,1,12.01,12.01
1,85,2,3,31.11,10.37
1,85,3,9,81.39,9.043333333333333
1,85,4,8,45.91,5.73875
1,87,0,4,24.54,6.135
1,87,1,17,88.69,5.2170588235294115
1,87,2,18,93.73,5.207222222222223
1,87,3,4,19.4,4.85
1,87,4,9,9.18,1.02
1,88,0,19,44.6,2.3473684210526318
1,88,1,3,5.63,1.8766666666666667
1,88,2,19,33.74,1.7757894736842106
1,88,3,16,9.17,0.573125
1,88,4,13,3.46,0.26615384615384613
1,89,0,4,29.29,7.3225
1,89,1,10,63.55,6.3549999999999995
1,89,2,1,3.92,3.92
1,89,3,13,29.39,2.2607692307692306
1,89,4,4,2.75,0.6875
1,90,0,4,2.23,0.5575
1,90,1,2,0.68,0.34
1,90,2,19,6.0,0.3157894736842105
1,90,3,8,0.68,0.085
1,90,4,3,0.13,0.043333333333333335
1,93,0,6,42.58,7.096666666666667
1,93,1,15,101.8,6.786666666666666
1,93,2,13,39.52,3.04
1,93,3,3,8.79,2.9299999999999997
1,93,4,19,43.55,2.2921052631578944
1,94,0,8,49.1,6.1375
1,94,1,14,74.96,5.354285714285714
1,94,2,12,43.42,3.6183333333333336
1,94,3,20,53.02,2.6510000000000002
1,94,4,3,7.57,2.5233333333333334
1,97,0,19,84.62,4.453684210526316
1,97,1,17,69.01,4.0594117647058825
1,97,2,5,19.11,3.822
1,97,3,6,15.3,2.5500000000000003
1,97,4,5,5.7,1.1400000000000001
3,1,0,17,13.52,0.7952941176470588
3,1,1,16,10.13,0.633125
3,1,2,19,11.58,0.6094736842105263
3,1,3,7,1.06,0.15142857142857144
3,1,4,6,0.86,0.14333333333333334
3,5,0,18,53.13,2.9516666666666667
3,5,1,8,21.2,2.65
3,5,2,10,21.15,2.1149999999999998
3,5,3,14,26.45,1.8892857142857142
3,5,4,17,17.98,1.0576470588235294
3,8,0,9,4.87,0.5411111111111111
3,8,1,16,7.86,0.49125
3,8,2,19,6.91,0.3636842105263158
3,8,3,7,0.87,0.12428571428571429
3,8,4,10,0.38,0.038
3,16,0,16,37.09,2.318125
3,16,1,16,33.79,2.111875
3,16,2,7,10.14,1.4485714285714286
3,16,3,5,6.54,1.308
3,16,4,12,9.56,0.7966666666666667
3,19,0,8,23.6,2.95
3,19,1,3,8.52,2.84
3,19,2,13,33.92,2.6092307692307695
3,19,3,2,3.22,1.61
3,19,4,18,3.95,0.21944444444444444
3,20,0,3,9.32,3.106666666666667
3,20,1,2,5.85,2.925
3,20,2,7,17.77,2.5385714285714287
3,20,3,9,7.93,0.8811111111111111
3,20,4,5,3.55,0.71
3,24,0,9,21.14,2.348888888888889
3,24,1,2,1.91,0.955
3,24,2,9,5.1,0.5666666666666667
3,24,3,3,1.28,0.4266666666666667
3,24,4,14,4.98,0.35571428571428576
3,25,0,15,17.69,1.1793333333333333
3,25,1,13,13.0,1.0
3,25,2,11,7.78,0.7072727272727273
3,25,3,10,1.47,0.147
3,25,4,11,1.01,0.09181818181818181
3,29,0,7,35.75,5.107142857142857
3,29,1,16,51.53,3.220625
3,29,2,18,48.31,2.683888888888889
3,29,3,14,16.07,1.147857142857143
3,29,4,9,7.9,0.8777777777777778
3,30,0,17,73.83,4.342941176470588
3,30,1,12,43.81,3.6508333333333334
3,30,2,12,39.49,3.2908333333333335
3,30,3,10,32.2,3.22
3,30,4,4,10.41,2.6025
3,33,0,2,13.29,6.645
3,33,1,11,68.74,6.249090909090909
3,33,2,18,89.31,4.961666666666667
3,33,3,16,77.01,4.813125
3,33,4,9,11.71,1.301111111111111
3,34,0,19,18.95,0.9973684210526316
3,34,1,11,9.61,0.8736363636363635
3,34,2,5,1.4,0.27999999999999997
3,34,3,18,4.19,0.2327777777777778
3,34,4,15,3.14,0.20933333333333334
3,38,0,4,34.66,8.665
3,38,1,6,51.28,8.546666666666667
3,38,2,10,78.83,7.883
3,38,3,15,89.91,5.994
3,38,4,20,105.65,5.282500000000001
3,46,0,2,8.73,4.365
3,46,1,18,50.27,2.792777777777778
3,46,2,2,4.97,2.485
3,46,3,13,24.89,1.9146153846153846
3,46,4,9,13.43,1.4922222222222221
3,47,0,11,41.0,3.727272727272727
3,47,1,15,33.04,2.2026666666666666
3,47,2,17,25.42,1.4952941176470589
3,47,3,3,4.47,1.49
3,47,4,9,9.82,1.0911111111111111
3,49,0,7,11.7,1.6714285714285713
3,49,1,4,6.66,1.665
3,49,2,4,2.49,0.6225
3,49,3,4,2.12,0.53
3,49,4,19,7.37,0.3878947368421053
3,50,0,5,46.74,9.348
3,50,1,13,115.62,8.893846153846154
3,50,2,5,32.86,6.572
3,50,3,6,37.97,6.328333333333333
3,50,4,7,42.58,6.082857142857143
3,51,0,15,35.13,2.342
3,51,1,7,16.0,2.2857142857142856
3,51,2,1,2.22,2.22
3,51,3,12,24.8,2.066666666666667
3,51,4,13,11.67,0.8976923076923077
3,54,0,16,45.14,2.82125
3,54,1,10,25.96,2.596
3,54,2,7,14.9,2.1285714285714286
3,54,3,19,18.48,0.9726315789473684
3,54,4,16,3.18,0.19875
3,60,0,17,54.02,3.1776470588235295
3,60,1,8,20.34,2.5425
3,60,2,17,20.55,1.2088235294117649
3,60,3,7,7.84,1.1199999999999999
3,60,4,1,0.71,0.71
3,66,0,10,60.47,6.047
3,66,1,17,99.42,5.848235294117647
3,66,2,3,12.06,4.0200000000000005
3,66,3,5,5.36,1.072
3,66,4,15,13.89,0.926
3,69,0,1,4.49,4.49
3,69,1,3,7.49,2.4966666666666666
3,69,2,11,18.81,1.71
3,69,3,20,25.43,1.2715
3,69,4,2,0.62,0.31
3,70,0,11,3.02,0.27454545454545454
3,70,1,20,4.31,0.21549999999999997
3,70,2,2,0.4,0.2
3,70,3,12,2.33,0.19416666666666668
3,70,4,5,0.16,0.032
3,73,0,7,77.65,11.092857142857143
3,73,1,4,37.77,9.4425
3,73,2,8,48.01,6.00125
3,73,3,7,38.18,5.454285714285715
3,73,4,14,19.08,1.3628571428571428
3,74,0,7,5.58,0.7971428571428572
3,74,1,3,1.85,0.6166666666666667
3,74,2,13,7.46,0.5738461538461539
3,74,3,16,5.9,0.36875
3,74,4,14,3.73,0.2664285714285714
3,75,0,15,25.48,1.6986666666666668
3,75,1,15,13.52,0.9013333333333333
3,75,2,12,10.6,0.8833333333333333
3,75,3,13,11.26,0.8661538461538462
3,75,4,9,6.64,0.7377777777777778
3,77,0,8,8.0,1.0
3,77,1,12,7.57,0.6308333333333334
3,77,2,15,8.54,0.5693333333333332
3,77,3,7,2.08,0.29714285714285715
3,77,4,12,2.2,0.18333333333333335
3,79,0,6,43.93,7.321666666666666
3,79,1,6,17.61,2.935
3,79,2,17,41.73,2.454705882352941
3,79,3,20,49.09,2.4545000000000003
3,79,4,1,2.12,2.12
3,80,0,11,19.1,1.7363636363636366
3,80,1,1,1.72,1.72
3,80,2,2,3.39,1.695
3,80,3,2,2.17,1.085
3,80,4,16,14.0,0.875
3,82,0,1,8.69,8.69
3,82,1,13,61.34,4.718461538461539
3,82,2,4,14.18,3.545
3,82,3,6,20.54,3.4233333333333333
3,82,4,8,20.71,2.58875
3,84,0,15,141.13,9.408666666666667
3,84,1,4,28.81,7.2025
3,84,2,10,60.04,6.004
3,84,3,10,35.87,3.5869999999999997
3,84,4,18,62.67,3.481666666666667
3,85,0,2,17.37,8.685
3,85,1,11,88.51,8.046363636363637
3,85,2,3,22.81,7.603333333333333
3,85,3,12,51.63,4.3025
3,85,4,1,1.76,1.76
3,87,0,17,89.62,5.271764705882354
3,87,1,7,36.89,5.2700000000000005
3,87,2,2,2.58,1.29
3,87,3,17,7.45,0.43823529411764706
3,87,4,3,1.02,0.34
3,88,0,16,42.06,2.62875
3,88,1,20,36.9,1.845
3,88,2,2,2.32,1.16
3,88,3,16,16.74,1.04625
3,88,4,13,4.61,0.35461538461538467
3,89,0,18,132.19,7.3438888888888885
3,89,1,13,77.91,5.993076923076923
3,89,2,10,22.98,2.298
3,89,3,13,28.61,2.2007692307692306
3,89,4,14,22.27,1.5907142857142857
3,90,0,13,9.47,0.7284615384615385
3,90,1,15,10.23,0.682
3,90,2,14,5.58,0.3985714285714286
3,90,3,6,2.02,0.33666666666666667
3,90,4,18,5.99,0.3327777777777778
3,93,0,13,126.78,9.752307692307692
3,93,1,20,188.28,9.414
3,93,2,6,32.4,5.3999999999999995
3,93,3,16,60.9,3.80625
3,93,4,2,3.85,1.925
3,94,0,2,10.15,5.075
3,94,1,20,97.65,4.8825
3,94,2,1,4.77,4.77
3,94,3,3,13.24,4.413333333333333
3,94,4,4,7.98,1.995
3,97,0,11,54.78,4.98
3,97,1,13,51.65,3.973076923076923
3,97,2,2,4.71,2.355
3,97,3,4,7.29,1.8225
3,97,4,1,0.55,0.55
5,1,0,2,7.67,3.835
5,1,1,3,9.75,3.25
5,1,2,5,11.8,2.3600000000000003
5,1,3,7,7.44,1.062857142857143
5,1,4,10,5.71,0.571
5,3,0,10,29.93,2.993
5,3,1,8,21.18,2.6475
5,3,2,17,23.26,1.3682352941176472
5,3,3,20,21.39,1.0695000000000001
5,3,4,1,0.46,0.46
5,8,0,18,35.45,1.9694444444444446
5,8,1,4,6.12,1.53
5,8,2,4,2.3,0.575
5,8,3,15,7.86,0.524
5,8,4,3,0.6,0.19999999999999998
5,16,0,16,7.15,0.446875
5,16,1,12,2.97,0.24750000000000003
5,16,2,15,3.68,0.24533333333333335
5,16,3,20,1.68,0.08399999999999999
5,16,4,9,0.64,0.07111111111111111
5,19,0,10,9.18,0.9179999999999999
5,19,1,15,12.86,0.8573333333333333
5,19,2,20,10.16,0.508
5,19,3,13,3.37,0.25923076923076926
5,19,4,18,0.93,0.051666666666666666
5,20,0,3,9.27,3.09
5,20,1,10,24.64,2.464
5,20,2,7,11.79,1.6842857142857142
5,20,3,12,17.85,1.4875
5,20,4,3,3.68,1.2266666666666668
5,24,0,3,0.59,0.19666666666666666
5,24,1,14,2.03,0.145
5,24,2,2,0.23,0.115
5,24,3,7,0.62,0.08857142857142856
5,24,4,9,0.71,0.07888888888888888
5,25,0,12,26.22,2.185
5,25,1,18,35.54,1.9744444444444444
5,25,2,6,10.48,1.7466666666666668
5,25,3,7,11.87,1.6957142857142855
5,25,4,20,22.31,1.1155
5,29,0,10,64.46,6.446
5,29,1,20,127.9,6.3950000000000005
5,29,2,19,117.91,6.20578947368421
5,29,3,16,96.55,6.034375
5,29,4,14,46.16,3.2971428571428567
5,30,0,5,6.89,1.378
5,30,1,1,0.93,0.93
5,30,2,17,7.18,0.4223529411764706
5,30,3,16,5.39,0.336875
5,30,4,4,1.15,0.2875
5,33,0,15,80.41,5.360666666666666
5,33,1,15,34.99,2.332666666666667
5,33,2,7,15.21,2.172857142857143
5,33,3,10,12.63,1.2630000000000001
5,33,4,14,7.59,0.5421428571428571
5,34,0,10,29.76,2.976
5,34,1,12,34.53,2.8775
5,34,2,14,19.87,1.4192857142857143
5,34,3,14,14.47,1.0335714285714286
5,34,4,7,3.99,0.5700000000000001
5,38,0,12,104.53,8.710833333333333
5,38,1,15,79.4,5.293333333333334
5,38,2,15,63.91,4.260666666666666
5,38,3,10,33.54,3.354
5,38,4,18,48.82,2.712222222222222
5,46,0,6,13.62,2.27
5,46,1,10,18.07,1.807
5,46,2,5,7.68,1.536
5,46,3,5,6.61,1.322
5,46,4,17,2.01,0.11823529411764705
5,47,0,12,12.0,1.0
5,47,1,2,1.04,0.52
5,47,2,15,5.82,0.388
5,47,3,1,0.24,0.24
5,47,4,8,0.43,0.05375
5,49,0,14,12.97,0.9264285714285715
5,49,1,2,1.26,0.63
5,49,2,4,1.93,0.4825
5,49,3,16,7.21,0.450625
5,49,4,9,2.55,0.2833333333333333
5,50,0,6,51.91,8.651666666666666
5,50,1,5,35.6,7.12
5,50,2,1,4.27,4.27
5,50,3,9,31.11,3.4566666666666666
5,50,4,19,49.79,2.6205263157894736
5,51,0,2,3.2,1.6
5,51,1,11,11.13,1.011818181818182
5,51,2,14,13.13,0.937857142857143
5,51,3,2,0.2,0.1
5,51,4,9,0.89,0.09888888888888889
5,54,0,3,4.12,1.3733333333333333
5,54,1,12,12.71,1.0591666666666668
5,54,2,20,21.06,1.053
5,54,3,15,14.44,0.9626666666666667
5,54,4,6,3.81,0.635
5,60,0,9,15.03,1.67
5,60,1,12,11.53,0.9608333333333333
5,60,2,15,9.63,0.642
5,60,3,17,6.62,0.38941176470588235
5,60,4,18,5.1,0.2833333333333333
5,66,0,8,30.14,3.7675
5,66,1,19,53.87,2.8352631578947367
5,66,2,2,3.93,1.965
5,66,3,1,1.55,1.55
5,66,4,11,8.64,0.7854545454545455
5,69,0,20,20.78,1.0390000000000001
5,69,1,17,15.79,0.9288235294117646
5,69,2,3,2.18,0.7266666666666667
5,69,3,16,4.69,0.293125
5,69,4,9,2.28,0.2533333333333333
5,70,0,13,36.14,2.7800000000000002
5,70,1,13,13.15,1.0115384615384615
5,70,2,9,6.51,0.7233333333333333
5,70,3,15,10.04,0.6693333333333332
5,70,4,12,7.56,0.63
5,73,0,14,158.0,11.285714285714286
5,73,1,2,21.77,10.885
5,73,2,11,79.24,7.203636363636363
5,73,3,5,25.35,5.07
5,73,4,18,64.34,3.5744444444444445
5,74,0,1,3.85,3.85
5,74,1,7,21.36,3.051428571428571
5,74,2,4,10.54,2.635
5,74,3,3,6.31,2.103333333333333
5,74,4,17,10.44,0.6141176470588235
5,75,0,16,19.26,1.20375
5,75,1,10,7.08,0.708
5,75,2,16,9.7,0.60625
5,75,3,3,1.71,0.57
5,75,4,2,0.52,0.26
5,77,0,6,15.0,2.5
5,77,1,15,36.72,2.448
5,77,2,2,1.52,0.76
5,77,3,5,3.27,0.654
5,77,4,1,0.63,0.63
5,79,0,5,49.09,9.818000000000001
5,79,1,13,114.27,8.79
5,79,2,5,30.88,6.176
5,79,3,2,12.12,6.06
5,79,4,6,22.67,3.7783333333333338
5,80,0,12,33.74,2.811666666666667
5,80,1,14,17.34,1.2385714285714287
5,80,2,1,0.93,0.93
5,80,3,10,4.84,0.484
5,80,4,5,2.25,0.45
5,82,0,12,103.19,8.599166666666667
5,82,1,12,58.39,4.865833333333334
5,82,2,16,38.1,2.38125
5,82,3,20,19.65,0.9824999999999999
5,82,4,7,2.85,0.40714285714285714
5,84,0,15,89.46,5.9639999999999995
5,84,1,15,84.93,5.662000000000001
5,84,2,12,67.11,5.5925
5,84,3,11,55.27,5.024545454545454
5,84,4,16,22.74,1.42125
5,85,0,18,98.13,5.451666666666666
5,85,1,10,52.99,5.299
5,85,2,6,22.49,3.748333333333333
5,85,3,20,73.85,3.6925
5,85,4,13,34.46,2.6507692307692308
5,87,0,20,67.76,3.3880000000000003
5,87,1,14,30.51,2.1792857142857143
5,87,2,6,7.15,1.1916666666666667
5,87,3,7,4.0,0.5714285714285714
5,87,4,6,3.11,0.5183333333333333
5,88,0,4,9.98,2.495
5,88,1,17,37.49,2.205294117647059
5,88,2,19,41.25,2.1710526315789473
5,88,3,1,0.6,0.6
5,88,4,9,3.61,0.4011111111111111
5,89,0,12,81.71,6.809166666666666
5,89,1,18,112.47,6.248333333333333
5,89,2,15,82.51,5.500666666666667
5,89,3,20,52.23,2.6115
5,89,4,11,20.76,1.8872727272727274
5,90,0,12,38.68,3.223333333333333
5,90,1,20,57.97,2.8985
5,90,2,19,27.11,1.426842105263158
5,90,3,11,12.89,1.1718181818181819
5,90,4,10,11.11,1.111
5,93,0,8,50.07,6.25875
5,93,1,11,68.55,6.2318181818181815
5,93,2,4,20.83,5.2075
5,93,3,9,36.0,4.0
5,93,4,8,20.97,2.62125
5,94,0,6,24.13,4.0216666666666665
5,94,1,17,37.43,2.201764705882353
5,94,2,14,25.58,1.827142857142857
5,94,3,16,23.55,1.471875
5,94,4,20,7.3,0.365
5,97,0,20,37.27,1.8635000000000002
5,97,1,13,12.59,0.9684615384615385
5,97,2,3,2.79,0.93
5,97,3,2,1.27,0.635
5,97,4,7,1.55,0.22142857142857145
8,1,0,16,20.47,1.279375
8,1,1,14,14.98,1.07
8,1,2,13,13.53,1.0407692307692307
8,1,3,12,9.07,0.7558333333333334
8,1,4,12,0.89,0.07416666666666667
8,3,0,4,1.45,0.3625
8,3,1,13,3.63,0.2792307692307692
8,3,2,1,0.24,0.24
8,3,3,5,1.06,0.21200000000000002
8,3,4,20,0.49,0.0245
8,5,0,12,24.96,2.08
8,5,1,11,15.15,1.3772727272727272
8,5,2,14,10.86,0.7757142857142857
8,5,3,3,1.8,0.6
8,5,4,1,0.17,0.17
8,16,0,5,10.56,2.112
8,16,1,10,13.47,1.347
8,16,2,7,7.66,1.0942857142857143
8,16,3,13,7.85,0.6038461538461538
8,16,4,19,6.99,0.3678947368421053
8,19,0,20,48.89,2.4445
8,19,1,16,36.99,2.311875
8,19,2,4,9.15,2.2875
8,19,3,12,13.47,1.1225
8,19,4,14,2.58,0.1842857142857143
8,20,0,17,33.89,1.993529411764706
8,20,1,19,37.47,1.9721052631578946
8,20,2,6,9.08,1.5133333333333334
8,20,3,10,14.06,1.4060000000000001
8,20,4,5,6.33,1.266
8,24,0,4,5.74,1.435
8,24,1,14,19.81,1.4149999999999998
8,24,2,1,0.77,0.77
8,24,3,11,2.49,0.22636363636363638
8,24,4,3,0.67,0.22333333333333336
8,25,0,13,20.96,1.6123076923076924
8,25,1,4,5.6,1.4
8,25,2,11,12.17,1.1063636363636364
8,25,3,19,8.2,0.431578947368421
8,25,4,11,4.32,0.39272727272727276
8,29,0,1,6.81,6.81
8,29,1,19,119.35,6.281578947368421
8,29,2,2,9.85,4.925
8,29,3,17,69.34,4.078823529411765
8,29,4,6,11.86,1.9766666666666666
8,30,0,12,53.66,4.471666666666667
8,30,1,16,60.52,3.7825
8,30,2,18,34.41,1.9116666666666664
8,30,3,19,28.24,1.486315789473684
8,30,4,17,19.92,1.171764705882353
8,33,0,19,142.86,7.5189473684210535
8,33,1,18,61.12,3.395555555555555
8,33,2,17,56.37,3.3158823529411765
8,33,3,17,34.86,2.050588235294118
8,33,4,19,27.73,1.4594736842105263
8,34,0,4,5.11,1.2775
8,34,1,16,19.07,1.191875
8,34,2,2,1.99,0.995
8,34,3,10,8.76,0.876
8,34,4,7,2.06,0.2942857142857143
8,38,0,4,43.46,10.865
8,38,1,17,83.57,4.915882352941176
8,38,2,8,38.18,4.7725
8,38,3,2,8.26,4.13
8,38,4,7,28.0,4.0
8,46,0,11,36.29,3.299090909090909
8,46,1,12,22.04,1.8366666666666667
8,46,2,6,8.35,1.3916666666666666
8,46,3,12,15.6,1.3
8,46,4,2,2.37,1.185
8,47,0,12,24.97,2.080833333333333
8,47,1,6,5.51,0.9183333333333333
8,47,2,7,5.86,0.8371428571428572
8,47,3,7,5.75,0.8214285714285714
8,47,4,15,10.29,0.6859999999999999
8,49,0,6,9.7,1.6166666666666665
8,49,1,6,8.95,1.4916666666666665
8,49,2,18,18.69,1.0383333333333333
8,49,3,17,16.5,0.9705882352941176
8,49,4,15,13.9,0.9266666666666666
8,50,0,17,161.6,9.505882352941176
8,50,1,3,25.12,8.373333333333333
8,50,2,15,80.64,5.376
8,50,3,16,42.63,2.664375
8,50,4,19,41.9,2.205263157894737
8,51,0,17,36.57,2.1511764705882355
8,51,1,20,21.97,1.0985
8,51,2,12,11.25,0.9375
8,51,3,14,11.15,0.7964285714285715
8,51,4,6,1.96,0.32666666666666666
8,54,0,5,10.75,2.15
8,54,1,5,10.6,2.12
8,54,2,16,25.51,1.594375
8,54,3,5,7.43,1.486
8,54,4,4,3.71,0.9275
8,60,0,19,74.77,3.935263157894737
8,60,1,7,19.62,2.802857142857143
8,60,2,18,48.14,2.6744444444444446
8,60,3,2,5.26,2.63
8,60,4,15,26.33,1.7553333333333332
8,66,0,10,54.68,5.468
8,66,1,14,69.59,4.970714285714286
8,66,2,14,57.11,4.079285714285715
8,66,3,10,33.03,3.303
8,66,4,12,31.57,2.6308333333333334
8,69,0,13,39.84,3.0646153846153847
8,69,1,12,29.67,2.4725
8,69,2,7,17.17,2.4528571428571433
8,69,3,11,26.61,2.419090909090909
8,69,4,8,10.95,1.36875
8,70,0,11,4.85,0.44090909090909086
8,70,1,14,3.84,0.2742857142857143
8,70,2,13,3.04,0.23384615384615384
8,70,3,16,1.58,0.09875
8,70,4,12,0.82,0.06833333333333333
8,73,0,13,133.93,10.302307692307693
8,73,1,2,14.67,7.335
8,73,2,18,118.0,6.555555555555555
8,73,3,7,16.44,2.3485714285714288
8,73,4,6,10.92,1.82
8,74,0,8,12.38,1.5475
8,74,1,9,10.28,1.1422222222222222
8,74,2,17,9.56,0.5623529411764706
8,74,3,4,1.6,0.4
8,74,4,9,1.53,0.17
8,75,0,12,14.75,1.2291666666666667
8,75,1,17,20.58,1.2105882352941175
8,75,2,4,2.54,0.635
8,75,3,6,2.25,0.375
8,75,4,14,3.24,0.23142857142857146
8,77,0,11,13.81,1.2554545454545456
8,77,1,4,4.84,1.21
8,77,2,9,9.96,1.1066666666666667
8,77,3,5,5.27,1.0539999999999998
8,77,4,8,3.07,0.38375
8,79,0,8,94.36,11.795
8,79,1,11,128.49,11.680909090909092
8,79,2,11,110.04,10.003636363636364
8,79,3,16,57.22,3.57625
8,79,4,5,11.9,2.38
8,80,0,15,41.74,2.7826666666666666
8,80,1,17,36.53,2.148823529411765
8,80,2,19,31.55,1.6605263157894736
8,80,3,14,14.81,1.0578571428571428
8,80,4,17,10.51,0.618235294117647
8,82,0,5,24.45,4.89
8,82,1,18,50.57,2.8094444444444444
8,82,2,1,2.26,2.26
8,82,3,2,3.79,1.895
8,82,4,13,22.74,1.7492307692307691
8,84,0,7,68.59,9.79857142857143
8,84,1,18,120.03,6.668333333333333
8,84,2,12,39.49,3.2908333333333335
8,84,3,6,17.13,2.855
8,84,4,12,32.3,2.6916666666666664
8,85,0,20,182.12,9.106
8,85,1,3,18.61,6.203333333333333
8,85,2,18,80.31,4.461666666666667
8,85,3,10,22.53,2.253
8,85,4,9,18.93,2.1033333333333335
8,87,0,3,10.3,3.4333333333333336
8,87,1,15,45.68,3.0453333333333332
8,87,2,17,37.65,2.2147058823529413
8,87,3,5,3.51,0.702
8,87,4,20,12.45,0.6224999999999999
8,88,0,6,11.49,1.915
8,88,1,20,24.97,1.2485
8,88,2,2,1.95,0.975
8,88,3,14,7.67,0.5478571428571428
8,88,4,1,0.29,0.29
8,89,0,11,97.63,8.875454545454545
8,89,1,11,74.56,6.778181818181818
8,89,2,18,88.78,4.932222222222222
8,89,3,7,30.51,4.3585714285714285
8,89,4,12,17.42,1.4516666666666669
8,90,0,11,14.74,1.34
8,90,1,15,9.71,0.6473333333333334
8,90,2,1,0.51,0.51
8,90,3,8,2.09,0.26125
8,90,4,13,2.34,0.18
8,93,0,1,5.98,5.98
8,93,1,4,22.29,5.5725
8,93,2,20,54.17,2.7085
8,93,3,8,18.08,2.26
8,93,4,4,2.52,0.63
8,94,0,14,48.83,3.4878571428571425
8,94,1,7,20.27,2.8957142857142855
8,94,2,19,53.94,2.8389473684210524
8,94,3,20,43.49,2.1745
8,94,4,3,3.38,1.1266666666666667
8,97,0,19,78.94,4.154736842105263
8,97,1,15,34.44,2.296
8,97,2,5,10.18,2.036
8,97,3,5,7.42,1.484
8,97,4,4,5.52,1.38
16,1,0,8,22.79,2.84875
16,1,1,12,24.82,2.0683333333333334
16,1,2,17,13.0,0.7647058823529411
16,1,3,10,5.97,0.597
16,1,4,16,6.4,0.4
16,3,0,17,43.99,2.5876470588235296
16,3,1,1,1.46,1.46
16,3,2,1,0.28,0.28
16,3,3,1,0.25,0.25
16,3,4,14,2.47,0.17642857142857143
16,5,0,10,4.7,0.47000000000000003
16,5,1,10,3.72,0.372
16,5,2,16,4.75,0.296875
16,5,3,3,0.75,0.25
16,5,4,10,1.93,0.193
16,8,0,17,30.43,1.79
16,8,1,6,10.69,1.7816666666666665
16,8,2,7,4.43,0.6328571428571428
16,8,3,17,6.95,0.4088235294117647
16,8,4,2,0.7,0.35
16,19,0,16,24.6,1.5375
16,19,1,10,8.8,0.8800000000000001
16,19,2,3,1.93,0.6433333333333333
16,19,3,6,1.19,0.19833333333333333
16,19,4,17,1.29,0.07588235294117647
16,20,0,14,35.71,2.5507142857142857
16,20,1,11,25.47,2.3154545454545454
16,20,2,11,23.85,2.1681818181818184
16,20,3,13,22.26,1.7123076923076925
16,20,4,1,1.31,1.31
16,24,0,16,7.28,0.455
16,24,1,9,3.4,0.37777777777777777
16,24,2,16,5.69,0.355625
16,24,3,4,1.26,0.315
16,24,4,9,1.01,0.11222222222222222
16,25,0,8,20.52,2.565
16,25,1,16,31.38,1.96125
16,25,2,2,3.22,1.61
16,25,3,11,17.41,1.5827272727272728
16,25,4,8,8.43,1.05375
16,29,0,6,40.14,6.69
16,29,1,14,59.47,4.247857142857143
16,29,2,11,32.26,2.9327272727272726
16,29,3,15,31.18,2.0786666666666664
16,29,4,11,10.76,0.9781818181818182
16,30,0,7,25.96,3.7085714285714286
16,30,1,2,3.73,1.865
16,30,2,13,24.2,1.8615384615384616
16,30,3,13,18.76,1.4430769230769231
16,30,4,8,6.6,0.825
16,33,0,1,5.05,5.05
16,33,1,4,19.09,4.7725
16,33,2,13,52.29,4.022307692307693
16,33,3,13,49.93,3.8407692307692307
16,33,4,18,63.09,3.5050000000000003
16,34,0,4,12.41,3.1025
16,34,1,6,17.44,2.9066666666666667
16,34,2,2,4.18,2.09
16,34,3,7,12.93,1.8471428571428572
16,34,4,7,10.97,1.5671428571428572
16,38,0,7,74.91,10.70142857142857
16,38,1,17,173.16,10.185882352941176
16,38,2,10,63.97,6.397
16,38,3,5,23.69,4.738
16,38,4,4,6.32,1.58
16,46,0,14,40.77,2.9121428571428574
16,46,1,5,13.36,2.6719999999999997
16,46,2,15,23.48,1.5653333333333335
16,46,3,14,21.28,1.52
16,46,4,6,4.35,0.725
16,47,0,1,0.59,0.59
16,47,1,11,3.69,0.33545454545454545
16,47,2,4,1.21,0.3025
16,47,3,1,0.28,0.28
16,47,4,13,3.11,0.23923076923076922
16,49,0,8,10.6,1.325
16,49,1,3,1.63,0.5433333333333333
16,49,2,13,5.38,0.41384615384615386
16,49,3,11,4.32,0.39272727272727276
16,49,4,3,1.08,0.36000000000000004
16,50,0,8,75.11,9.38875
16,50,1,10,82.55,8.254999999999999
16,50,2,10,78.49,7.848999999999999
16,50,3,18,43.15,2.397222222222222
16,50,4,13,5.42,0.4169230769230769
16,51,0,7,13.94,1.9914285714285713
16,51,1,9,16.3,1.8111111111111111
16,51,2,3,5.25,1.75
16,51,3,5,4.06,0.8119999999999999
16,51,4,12,6.19,0.5158333333333334
16,54,0,10,20.25,2.025
16,54,1,18,34.48,1.9155555555555555
16,54,2,2,2.68,1.34
16,54,3,15,16.37,1.0913333333333335
16,54,4,13,9.3,0.7153846153846154
16,60,0,13,23.91,1.8392307692307692
16,60,1,7,6.0,0.8571428571428571
16,60,2,19,12.9,0.6789473684210526
16,60,3,17,10.0,0.5882352941176471
16,60,4,3,1.08,0.36000000000000004
16,66,0,4,12.72,3.18
16,66,1,11,20.76,1.8872727272727274
16,66,2,6,7.79,1.2983333333333333
16,66,3,2,1.52,0.76
16,66,4,4,1.3,0.325
16,69,0,15,33.92,2.2613333333333334
16,69,1,11,15.52,1.410909090909091
16,69,2,11,14.3,1.3
16,69,3,1,1.15,1.15
16,69,4,3,2.93,0.9766666666666667
16,70,0,12,28.43,2.3691666666666666
16,70,1,4,8.79,2.1975
16,70,2,6,8.38,1.3966666666666667
16,70,3,16,13.63,0.851875
16,70,4,17,10.85,0.638235294117647
16,73,0,1,11.29,11.29
16,73,1,12,102.58,8.548333333333334
16,73,2,16,106.86,6.67875
16,73,3,11,66.3,6.027272727272727
16,73,4,15,72.39,4.826
16,74,0,1,1.9,1.9
16,74,1,9,11.84,1.3155555555555556
16,74,2,10,8.43,0.843
16,74,3,6,4.81,0.8016666666666666
16,74,4,18,10.41,0.5783333333333334
16,75,0,2,2.14,1.07
16,75,1,1,1.06,1.06
16,75,2,8,7.39,0.92375
16,75,3,12,7.28,0.6066666666666667
16,75,4,6,0.93,0.155
16,77,0,4,12.84,3.21
16,77,1,16,46.11,2.881875
16,77,2,18,48.49,2.693888888888889
16,77,3,15,37.09,2.472666666666667
16,77,4,17,28.85,1.697058823529412
16,79,0,7,68.79,9.827142857142858
16,79,1,3,23.92,7.973333333333334
16,79,2,9,12.67,1.4077777777777778
16,79,3,7,7.19,1.0271428571428571
16,79,4,11,8.71,0.7918181818181819
16,80,0,17,53.55,3.15
16,80,1,15,39.87,2.658
16,80,2,7,8.72,1.2457142857142858
16,80,3,20,23.38,1.169
16,80,4,15,4.03,0.26866666666666666
16,82,0,1,7.96,7.96
16,82,1,11,71.88,6.534545454545454
16,82,2,18,109.3,6.072222222222222
16,82,3,19,79.99,4.21
16,82,4,1,2.28,2.28
16,84,0,10,93.01,9.301
16,84,1,12,60.29,5.024166666666667
16,84,2,17,79.28,4.663529411764706
16,84,3,16,29.42,1.83875
16,84,4,10,12.35,1.2349999999999999
16,85,0,6,40.49,6.748333333333334
16,85,1,11,60.71,5.5190909090909095
16,85,2,11,48.91,4.446363636363636
16,85,3,18,74.5,4.138888888888889
16,85,4,13,42.34,3.2569230769230773
16,87,0,13,38.7,2.976923076923077
16,87,1,20,38.38,1.919
16,87,2,17,30.99,1.822941176470588
16,87,3,6,7.82,1.3033333333333335
16,87,4,3,2.62,0.8733333333333334
16,88,0,7,22.59,3.2271428571428573
16,88,1,2,4.63,2.315
16,88,2,15,28.72,1.9146666666666665
16,88,3,12,19.39,1.6158333333333335
16,88,4,12,1.98,0.165
16,89,0,7,65.66,9.379999999999999
16,89,1,16,138.21,8.638125
16,89,2,16,97.34,6.08375
16,89,3,20,61.92,3.096
16,89,4,10,13.6,1.3599999999999999
16,90,0,18,60.34,3.352222222222222
16,90,1,3,9.06,3.02
16,90,2,9,24.04,2.671111111111111
16,90,3,15,23.18,1.5453333333333332
16,90,4,6,5.17,0.8616666666666667
16,93,0,6,50.69,8.448333333333332
16,93,1,12,72.68,6.0566666666666675
16,93,2,8,34.31,4.28875
16,93,3,19,26.31,1.384736842105263
16,93,4,9,3.28,0.3644444444444444
16,94,0,2,8.53,4.265
16,94,1,11,40.54,3.6854545454545455
16,94,2,17,54.16,3.185882352941176
16,94,3,10,23.71,2.371
16,94,4,1,1.64,1.64
16,97,0,10,18.51,1.8510000000000002
16,97,1,6,8.22,1.37
16,97,2,19,23.67,1.2457894736842106
16,97,3,17,18.08,1.0635294117647058
16,97,4,8,1.74,0.2175
19,1,0,1,0.86,0.86
19,1,1,4,3.31,0.8275
19,1,2,16,12.43,0.776875
19,1,3,18,8.11,0.45055555555555554
19,1,4,18,5.39,0.2994444444444444
19,3,0,17,36.36,2.1388235294117646
19,3,1,12,23.63,1.9691666666666665
19,3,2,8,13.11,1.63875
19,3,3,18,15.4,0.8555555555555556
19,3,4,2,0.34,0.17
19,5,0,12,11.35,0.9458333333333333
19,5,1,12,7.8,0.65
19,5,2,10,6.29,0.629
19,5,3,5,2.59,0.518
19,5,4,11,2.11,0.1918181818181818
19,8,0,13,30.36,2.335384615384615
19,8,1,9,10.97,1.218888888888889
19,8,2,12,5.23,0.43583333333333335
19,8,3,20,6.47,0.3235
19,8,4,13,3.42,0.2630769230769231
19,16,0,6,9.58,1.5966666666666667
19,16,1,3,4.23,1.4100000000000001
19,16,2,14,17.82,1.272857142857143
19,16,3,4,2.85,0.7125
19,16,4,2,1.39,0.695
19,20,0,2,4.67,2.335
19,20,1,1,2.29,2.29
19,20,2,12,26.1,2.1750000000000003
19,20,3,20,18.81,0.9404999999999999
19,20,4,12,6.39,0.5325
19,24,0,13,6.29,0.48384615384615387
19,24,1,12,4.65,0.3875
19,24,2,1,0.34,0.34
19,24,3,17,5.49,0.32294117647058823
19,24,4,6,1.91,0.3183333333333333
19,25,0,16,28.63,1.789375
19,25,1,15,24.32,1.6213333333333333
19,25,2,17,18.71,1.1005882352941176
19,25,3,6,5.54,0.9233333333333333
19,25,4,7,2.2,0.31428571428571433
19,29,0,13,61.59,4.737692307692308
19,29,1,13,56.4,4.338461538461538
19,29,2,6,25.76,4.293333333333334
19,29,3,13,48.88,3.7600000000000002
19,29,4,13,9.43,0.7253846153846154
19,30,0,7,19.72,2.817142857142857
19,30,1,13,27.52,2.1169230769230767
19,30,2,19,23.64,1.2442105263157894
19,30,3,12,11.13,0.9275000000000001
19,30,4,14,8.44,0.6028571428571429
19,33,0,10,61.24,6.1240000000000006
19,33,1,11,60.79,5.526363636363636
19,33,2,7,32.25,4.607142857142857
19,33,3,9,41.26,4.584444444444444
19,33,4,12,39.95,3.329166666666667
19,34,0,12,29.22,2.435
19,34,1,13,24.09,1.853076923076923
19,34,2,7,12.95,1.8499999999999999
19,34,3,7,10.55,1.5071428571428573
19,34,4,9,11.78,1.3088888888888888
19,38,0,4,37.94,9.485
19,38,1,2,18.44,9.22
19,38,2,1,6.47,6.47
19,38,3,4,20.56,5.14
19,38,4,19,79.99,4.21
19,46,0,6,8.24,1.3733333333333333
19,46,1,20,19.09,0.9545
19,46,2,10,5.74,0.5740000000000001
19,46,3,17,4.79,0.2817647058823529
19,46,4,12,3.25,0.2708333333333333
19,47,0,16,23.66,1.47875
19,47,1,19,27.92,1.4694736842105265
19,47,2,13,7.18,0.5523076923076923
19,47,3,8,2.96,0.37
19,47,4,16,3.65,0.228125
19,49,0,14,5.43,0.38785714285714284
19,49,1,19,5.66,0.29789473684210527
19,49,2,2,0.5,0.25
19,49,3,20,3.62,0.181
19,49,4,12,0.27,0.022500000000000003
19,50,0,14,96.76,6.911428571428572
19,50,1,12,65.66,5.471666666666667
19,50,2,3,12.25,4.083333333333333
19,50,3,19,67.88,3.572631578947368
19,50,4,7,6.37,0.91
19,51,0,3,2.72,0.9066666666666667
19,51,1,9,7.25,0.8055555555555556
19,51,2,19,11.14,0.5863157894736842
19,51,3,9,4.35,0.4833333333333333
19,51,4,4,1.24,0.31
19,54,0,2,2.17,1.085
19,54,1,11,10.48,0.9527272727272728
19,54,2,7,4.9,0.7000000000000001
19,54,3,8,5.22,0.6525
19,54,4,19,0.87,0.045789473684210526
19,60,0,4,5.76,1.44
19,60,1,6,5.76,0.96
19,60,2,17,14.11,0.83
19,60,3,4,1.62,0.405
19,60,4,3,1.06,0.35333333333333333
19,66,0,14,38.78,2.77
19,66,1,10,24.09,2.409
19,66,2,3,6.09,2.03
19,66,3,7,9.99,1.4271428571428573
19,66,4,4,1.18,0.295
19,69,0,16,13.94,0.87125
19,69,1,7,2.53,0.3614285714285714
19,69,2,5,1.48,0.296
19,69,3,6,1.24,0.20666666666666667
19,69,4,12,2.2,0.18333333333333335
19,70,0,2,5.75,2.875
19,70,1,12,34.34,2.861666666666667
19,70,2,8,17.04,2.13
19,70,3,8,16.49,2.06125
19,70,4,9,12.47,1.3855555555555557
19,73,0,8,73.53,9.19125
19,73,1,6,52.71,8.785
19,73,2,4,32.44,8.11
19,73,3,6,12.06,2.0100000000000002
19,73,4,20,13.51,0.6755
19,74,0,18,75.59,4.1994444444444445
19,74,1,18,61.95,3.441666666666667
19,74,2,11,34.23,3.1118181818181814
19,74,3,1,1.42,1.42
19,74,4,15,18.4,1.2266666666666666
19,75,0,13,23.18,1.783076923076923
19,75,1,20,32.92,1.6460000000000001
19,75,2,8,9.91,1.23875
19,75,3,19,22.34,1.1757894736842105
19,75,4,15,7.35,0.49
19,77,0,8,15.47,1.93375
19,77,1,5,8.42,1.684
19,77,2,17,17.35,1.0205882352941178
19,77,3,13,6.68,0.5138461538461538
19,77,4,14,3.16,0.22571428571428573
19,79,0,20,166.63,8.3315
19,79,1,11,54.57,4.960909090909091
19,79,2,6,16.2,2.6999999999999997
19,79,3,6,7.59,1.265
19,79,4,16,11.08,0.6925
19,80,0,4,6.21,1.5525
19,80,1,12,14.02,1.1683333333333332
19,80,2,12,7.91,0.6591666666666667
19,80,3,15,9.23,0.6153333333333334
19,80,4,2,0.23,0.115
19,82,0,20,149.24,7.462000000000001
19,82,1,1,6.49,6.49
19,82,2,10,52.77,5.277
19,82,3,3,4.81,1.6033333333333333
19,82,4,4,2.0,0.5
19,84,0,14,93.42,6.672857142857143
19,84,1,18,62.52,3.4733333333333336
19,84,2,3,9.59,3.1966666666666668
19,84,3,11,19.19,1.7445454545454546
19,84,4,13,10.53,0.8099999999999999
19,85,0,17,170.05,10.00294117647059
19,85,1,19,64.4,3.3894736842105266
19,85,2,19,48.1,2.531578947368421
19,85,3,13,25.44,1.956923076923077
19,85,4,9,11.11,1.2344444444444445
19,87,0,11,20.19,1.8354545454545457
19,87,1,3,4.99,1.6633333333333333
19,87,2,17,25.37,1.4923529411764707
19,87,3,13,11.46,0.8815384615384616
19,87,4,7,4.66,0.6657142857142857
19,88,0,10,18.63,1.863
19,88,1,6,7.32,1.22
19,88,2,19,18.42,0.9694736842105264
19,88,3,5,2.17,0.434
19,88,4,19,1.87,0.09842105263157895
19,89,0,13,91.74,7.056923076923076
19,89,1,14,79.77,5.697857142857143
19,89,2,17,92.34,5.431764705882353
19,89,3,13,67.24,5.172307692307692
19,89,4,15,55.88,3.7253333333333334
19,90,0,3,10.21,3.4033333333333338
19,90,1,11,35.99,3.271818181818182
19,90,2,20,46.78,2.339
19,90,3,13,30.1,2.3153846153846156
19,90,4,10,4.27,0.42699999999999994
19,93,0,19,102.64,5.402105263157895
19,93,1,9,48.37,5.374444444444444
19,93,2,8,28.45,3.55625
19,93,3,16,23.43,1.464375
19,93,4,10,9.94,0.994
19,94,0,19,56.76,2.9873684210526315
19,94,1,4,7.29,1.8225
19,94,2,15,14.86,0.9906666666666666
19,94,3,16,11.8,0.7375
19,94,4,10,3.36,0.33599999999999997
19,97,0,19,55.2,2.905263157894737
19,97,1,20,52.75,2.6375
19,97,2,14,36.07,2.5764285714285715
19,97,3,14,24.53,1.7521428571428572
19,97,4,2,0.52,0.26
20,1,0,13,44.84,3.4492307692307693
20,1,1,5,13.71,2.742
20,1,2,6,14.16,2.36
20,1,3,14,23.7,1.6928571428571428
20,1,4,8,6.04,0.755
20,3,0,12,35.41,2.950833333333333
20,3,1,4,8.93,2.2325
20,3,2,2,4.29,2.145
20,3,3,12,24.87,2.0725000000000002
20,3,4,10,12.57,1.2570000000000001
20,5,0,2,5.9,2.95
20,5,1,11,27.93,2.539090909090909
20,5,2,7,9.42,1.3457142857142856
20,5,3,19,19.52,1.0273684210526315
20,5,4,1,0.4,0.4
20,8,0,11,20.15,1.8318181818181818
20,8,1,3,4.59,1.53
20,8,2,1,1.01,1.01
20,8,3,18,9.44,0.5244444444444444
20,8,4,13,1.89,0.1453846153846154
20,16,0,14,40.29,2.8778571428571427
20,16,1,13,13.54,1.0415384615384615
20,16,2,4,4.16,1.04
20,16,3,1,1.04,1.04
20,16,4,4,1.58,0.395
20,19,0,8,18.68,2.335
20,19,1,8,8.0,1.0
20,19,2,11,9.21,0.8372727272727274
20,19,3,11,3.98,0.3618181818181818
20,19,4,18,3.75,0.20833333333333334
20,24,0,11,32.63,2.9663636363636368
20,24,1,11,30.49,2.7718181818181815
20,24,2,6,9.16,1.5266666666666666
20,24,3,12,15.69,1.3074999999999999
20,24,4,11,7.39,0.6718181818181818
20,25,0,10,9.18,0.9179999999999999
20,25,1,5,3.52,0.704
20,25,2,4,2.42,0.605
20,25,3,17,7.78,0.4576470588235294
20,25,4,12,4.42,0.36833333333333335
20,29,0,11,45.68,4.152727272727272
20,29,1,3,12.26,4.086666666666667
20,29,2,19,23.39,1.2310526315789474
20,29,3,7,6.55,0.9357142857142857
20,29,4,7,4.43,0.6328571428571428
20,30,0,11,13.47,1.2245454545454546
20,30,1,19,15.82,0.8326315789473684
20,30,2,6,3.89,0.6483333333333333
20,30,3,5,1.75,0.35
20,30,4,8,1.38,0.1725
20,33,0,9,52.07,5.785555555555556
20,33,1,2,4.93,2.465
20,33,2,10,22.51,2.2510000000000003
20,33,3,12,26.72,2.2266666666666666
20,33,4,1,1.71,1.71
20,34,0,4,6.76,1.69
20,34,1,7,9.72,1.3885714285714286
20,34,2,9,10.48,1.1644444444444444
20,34,3,19,17.22,0.9063157894736842
20,34,4,16,8.04,0.5025
20,38,0,16,135.82,8.48875
20,38,1,12,85.28,7.1066666666666665
20,38,2,7,42.85,6.121428571428572
20,38,3,17,76.44,4.496470588235294
20,38,4,15,43.39,2.8926666666666665
20,46,0,2,5.65,2.825
20,46,1,6,7.37,1.2283333333333333
20,46,2,8,8.93,1.11625
20,46,3,5,1.48,0.296
20,46,4,9,1.29,0.14333333333333334
20,47,0,15,44.51,2.9673333333333334
20,47,1,12,31.55,2.629166666666667
20,47,2,5,7.36,1.472
20,47,3,17,18.11,1.0652941176470587
20,47,4,9,8.2,0.911111111111111
20,49,0,14,29.37,2.097857142857143
20,49,1,10,20.49,2.049
20,49,2,8,16.0,2.0
20,49,3,3,5.57,1.8566666666666667
20,49,4,19,7.03,0.37
20,50,0,19,144.11,7.584736842105264
20,50,1,4,25.91,6.4775
20,50,2,11,26.02,2.3654545454545453
20,50,3,15,32.92,2.194666666666667
20,50,4,17,7.28,0.42823529411764705
20,51,0,3,4.26,1.42
20,51,1,3,3.75,1.25
20,51,2,5,5.76,1.152
20,51,3,4,4.25,1.0625
20,51,4,10,6.65,0.665
20,54,0,6,7.12,1.1866666666666668
20,54,1,11,9.73,0.8845454545454546
20,54,2,2,1.16,0.58
20,54,3,1,0.56,0.56
20,54,4,15,5.63,0.37533333333333335
20,60,0,10,25.93,2.593
20,60,1,17,37.59,2.2111764705882355
20,60,2,3,2.39,0.7966666666666667
20,60,3,9,6.63,0.7366666666666667
20,60,4,12,2.64,0.22
20,66,0,17,45.72,2.6894117647058824
20,66,1,7,15.14,2.162857142857143
20,66,2,3,4.58,1.5266666666666666
20,66,3,15,22.53,1.502
20,66,4,8,3.57,0.44625
20,69,0,18,53.79,2.9883333333333333
20,69,1,17,43.66,2.5682352941176467
20,69,2,20,47.99,2.3995
20,69,3,7,16.58,2.3685714285714283
20,69,4,17,24.97,1.4688235294117646
20,70,0,1,2.55,2.55
20,70,1,20,44.06,2.2030000000000003
20,70,2,20,33.26,1.6629999999999998
20,70,3,16,26.14,1.63375
20,70,4,11,7.45,0.6772727272727272
20,73,0,12,87.16,7.263333333333333
20,73,1,11,73.68,6.698181818181819
20,73,2,9,36.16,4.017777777777777
20,73,3,15,44.63,2.9753333333333334
20,73,4,20,23.4,1.17
20,74,0,15,52.67,3.5113333333333334
20,74,1,5,16.26,3.2520000000000002
20,74,2,19,45.45,2.392105263157895
20,74,3,15,32.19,2.146
20,74,4,17,9.4,0.5529411764705883
20,75,0,9,26.15,2.9055555555555554
20,75,1,8,12.67,1.58375
20,75,2,2,2.44,1.22
20,75,3,17,16.71,0.9829411764705883
20,75,4,11,6.59,0.5990909090909091
20,77,0,13,24.11,1.8546153846153846
20,77,1,10,17.61,1.761
20,77,2,16,25.63,1.601875
20,77,3,18,18.69,1.0383333333333333
20,77,4,1,0.16,0.16
20,79,0,15,96.93,6.462000000000001
20,79,1,17,67.97,3.998235294117647
20,79,2,13,35.01,2.693076923076923
20,79,3,4,7.74,1.935
20,79,4,19,15.33,0.8068421052631579
20,80,0,7,8.94,1.2771428571428571
20,80,1,17,11.76,0.691764705882353
20,80,2,11,5.29,0.4809090909090909
20,80,3,13,4.8,0.3692307692307692
20,80,4,8,1.9,0.2375
20,82,0,10,52.6,5.26
20,82,1,11,49.49,4.499090909090909
20,82,2,11,41.96,3.8145454545454545
20,82,3,1,3.3,3.3
20,82,4,20,59.45,2.9725
20,84,0,14,113.83,8.130714285714285
20,84,1,5,39.42,7.884
20,84,2,5,25.8,5.16
20,84,3,4,12.84,3.21
20,84,4,4,7.21,1.8025
20,85,0,19,172.32,9.069473684210527
20,85,1,7,44.23,6.3185714285714285
20,85,2,15,92.64,6.176
20,85,3,16,49.23,3.076875
20,85,4,18,36.88,2.048888888888889
20,87,0,12,30.67,2.5558333333333336
20,87,1,18,43.1,2.3944444444444444
20,87,2,12,28.55,2.379166666666667
20,87,3,11,24.37,2.2154545454545453
20,87,4,7,10.22,1.4600000000000002
20,88,0,15,5.05,0.33666666666666667
20,88,1,9,2.54,0.2822222222222222
20,88,2,14,3.28,0.23428571428571426
20,88,3,12,0.74,0.06166666666666667
20,88,4,15,0.76,0.050666666666666665
20,89,0,20,82.01,4.1005
20,89,1,15,53.58,3.572
20,89,2,1,3.4,3.4
20,89,3,15,43.51,2.9006666666666665
20,89,4,12,29.03,2.419166666666667
20,90,0,2,5.13,2.565
20,90,1,15,27.22,1.8146666666666667
20,90,2,12,17.06,1.4216666666666666
20,90,3,9,5.21,0.5788888888888889
20,90,4,4,1.06,0.265
20,93,0,1,6.23,6.23
20,93,1,19,54.93,2.8910526315789475
20,93,2,7,17.02,2.4314285714285715
20,93,3,15,35.83,2.3886666666666665
20,93,4,11,3.5,0.3181818181818182
20,94,0,16,44.36,2.7725
20,94,1,8,20.16,2.52
20,94,2,13,32.02,2.4630769230769234
20,94,3,20,47.58,2.379
20,94,4,7,13.41,1.9157142857142857
20,97,0,17,90.01,5.294705882352941
20,97,1,3,15.87,5.29
20,97,2,9,37.96,4.217777777777778
20,97,3,15,27.68,1.8453333333333333
20,97,4,7,6.53,0.9328571428571429
24,1,0,16,52.2,3.2625
24,1,1,14,33.82,2.415714285714286
24,1,2,5,9.57,1.9140000000000001
24,1,3,2,3.67,1.835
24,1,4,15,17.35,1.1566666666666667
24,3,0,5,11.69,2.338
24,3,1,2,4.62,2.31
24,3,2,1,2.12,2.12
24,3,3,8,16.86,2.1075
24,3,4,9,2.81,0.31222222222222223
24,5,0,16,3.89,0.243125
24,5,1,1,0.2,0.2
24,5,2,19,2.3,0.12105263157894736
24,5,3,14,1.58,0.11285714285714286
24,5,4,20,2.14,0.10700000000000001
24,8,0,17,26.86,1.58
24,8,1,8,12.15,1.51875
24,8,2,3,3.26,1.0866666666666667
24,8,3,18,15.13,0.8405555555555556
24,8,4,18,4.49,0.24944444444444447
24,16,0,3,1.17,0.38999999999999996
24,16,1,18,5.53,0.30722222222222223
24,16,2,11,2.24,0.20363636363636364
24,16,3,11,1.88,0.1709090909090909
24,16,4,1,0.16,0.16
24,19,0,9,6.89,0.7655555555555555
24,19,1,5,3.25,0.65
24,19,2,17,9.95,0.5852941176470587
24,19,3,5,2.02,0.404
24,19,4,19,6.45,0.3394736842105263
24,20,0,1,3.12,3.12
24,20,1,19,40.85,2.15
24,20,2,7,12.62,1.8028571428571427
24,20,3,7,7.62,1.0885714285714285
24,20,4,19,7.62,0.4010526315789474
24,25,0,17,31.82,1.871764705882353
24,25,1,18,24.08,1.3377777777777777
24,25,2,7,8.61,1.23
24,25,3,18,20.37,1.1316666666666668
24,25,4,20,3.99,0.1995
24,29,0,16,94.02,5.87625
24,29,1,8,40.82,5.1025
24,29,2,19,55.35,2.9131578947368424
24,29,3,14,38.45,2.7464285714285714
24,29,4,20,51.67,2.5835
24,30,0,2,6.81,3.405
24,30,1,7,23.2,3.314285714285714
24,30,2,12,38.09,3.174166666666667
24,30,3,7,12.4,1.7714285714285716
24,30,4,11,16.42,1.492727272727273
24,33,0,14,69.84,4.988571428571428
24,33,1,7,28.01,4.001428571428572
24,33,2,12,33.13,2.7608333333333337
24,33,3,19,48.91,2.5742105263157895
24,33,4,15,24.56,1.6373333333333333
24,34,0,20,51.56,2.5780000000000003
24,34,1,9,19.33,2.147777777777778
24,34,2,20,24.15,1.2075
24,34,3,18,21.27,1.1816666666666666
24,34,4,6,6.78,1.1300000000000001
24,38,0,9,76.18,8.464444444444446
24,38,1,18,110.44,6.135555555555555
24,38,2,12,66.6,5.55
24,38,3,4,5.87,1.4675
24,38,4,1,1.19,1.19
24,46,0,19,45.04,2.3705263157894736
24,46,1,17,37.96,2.232941176470588
24,46,2,9,19.56,2.1733333333333333
24,46,3,16,34.53,2.158125
24,46,4,19,25.37,1.335263157894737
24,47,0,16,18.65,1.165625
24,47,1,10,8.87,0.8869999999999999
24,47,2,14,6.68,0.47714285714285715
24,47,3,7,2.31,0.33
24,47,4,19,1.41,0.07421052631578946
24,49,0,7,6.59,0.9414285714285714
24,49,1,10,7.51,0.751
24,49,2,15,11.1,0.74
24,49,3,5,1.78,0.356
24,49,4,9,0.38,0.042222222222222223
24,50,0,14,132.16,9.44
24,50,1,3,24.32,8.106666666666667
24,50,2,13,102.21,7.8623076923076916
24,50,3,11,27.15,2.4681818181818183
24,50,4,20,41.31,2.0655
24,51,0,20,28.38,1.419
24,51,1,8,9.83,1.22875
24,51,2,19,18.39,0.9678947368421053
24,51,3,20,12.39,0.6195
24,51,4,2,0.99,0.495
24,54,0,20,36.48,1.8239999999999998
24,54,1,4,6.23,1.5575
24,54,2,16,9.32,0.5825
24,54,3,11,5.24,0.4763636363636364
24,54,4,4,0.87,0.2175
24,60,0,3,6.02,2.0066666666666664
24,60,1,18,26.29,1.4605555555555556
24,60,2,2,0.91,0.455
24,60,3,13,3.36,0.25846153846153846
24,60,4,4,0.66,0.165
24,66,0,15,59.86,3.990666666666667
24,66,1,15,48.52,3.234666666666667
24,66,2,12,38.41,3.200833333333333
24,66,3,16,19.28,1.205
24,66,4,15,4.63,0.30866666666666664
24,69,0,12,25.53,2.1275
24,69,1,4,7.37,1.8425
24,69,2,9,15.77,1.7522222222222221
24,69,3,15,18.84,1.256
24,69,4,13,2.48,0.19076923076923077
24,70,0,9,22.93,2.5477777777777777
24,70,1,12,30.27,2.5225
24,70,2,5,9.32,1.864
24,70,3,1,0.79,0.79
24,70,4,7,3.94,0.5628571428571428
24,73,0,8,91.33,11.41625
24,73,1,6,66.75,11.125
24,73,2,19,141.77,7.461578947368421
24,73,3,10,73.14,7.314
24,73,4,9,16.66,1.8511111111111112
24,74,0,10,19.14,1.9140000000000001
24,74,1,7,7.62,1.0885714285714285
24,74,2,18,15.86,0.8811111111111111
24,74,3,17,3.87,0.22764705882352942
24,74,4,17,3.84,0.22588235294117645
24,75,0,11,10.2,0.9272727272727272
24,75,1,3,1.34,0.4466666666666667
24,75,2,13,3.96,0.3046153846153846
24,75,3,17,3.99,0.23470588235294118
24,75,4,12,1.72,0.14333333333333334
24,77,0,7,22.21,3.172857142857143
24,77,1,17,34.74,2.043529411764706
24,77,2,3,5.27,1.7566666666666666
24,77,3,4,3.25,0.8125
24,77,4,8,3.16,0.395
24,79,0,8,89.95,11.24375
24,79,1,10,108.99,10.899
24,79,2,6,62.2,10.366666666666667
24,79,3,3,7.21,2.4033333333333333
24,79,4,19,43.48,2.2884210526315787
24,80,0,2,6.05,3.025
24,80,1,7,19.34,2.762857142857143
24,80,2,15,18.1,1.2066666666666668
24,80,3,20,23.16,1.158
24,80,4,15,16.67,1.1113333333333335
24,82,0,1,3.7,3.7
24,82,1,1,3.29,3.29
24,82,2,20,58.1,2.9050000000000002
24,82,3,3,5.47,1.8233333333333333
24,82,4,17,11.23,0.6605882352941177
24,84,0,8,50.15,6.26875
24,84,1,4,8.67,2.1675
24,84,2,5,8.68,1.736
24,84,3,13,18.65,1.4346153846153844
24,84,4,9,10.96,1.2177777777777778
24,85,0,20,173.67,8.683499999999999
24,85,1,15,106.27,7.084666666666666
24,85,2,19,71.94,3.7863157894736843
24,85,3,2,7.13,3.565
24,85,4,8,27.8,3.475
24,87,0,7,16.1,2.3000000000000003
24,87,1,15,26.96,1.7973333333333334
24,87,2,6,10.03,1.6716666666666666
24,87,3,6,7.62,1.27
24,87,4,18,14.12,0.7844444444444444
24,88,0,16,45.26,2.82875
24,88,1,6,15.7,2.6166666666666667
24,88,2,4,6.35,1.5875
24,88,3,17,24.37,1.433529411764706
24,88,4,8,6.31,0.78875
24,89,0,9,33.74,3.748888888888889
24,89,1,10,27.85,2.785
24,89,2,6,16.38,2.73
24,89,3,10,24.22,2.4219999999999997
24,89,4,7,5.83,0.8328571428571429
24,90,0,18,50.92,2.828888888888889
24,90,1,17,44.81,2.635882352941177
24,90,2,11,28.12,2.5563636363636366
24,90,3,15,21.84,1.456
24,90,4,14,19.27,1.3764285714285713
24,93,0,15,126.06,8.404
24,93,1,7,23.31,3.3299999999999996
24,93,2,5,16.32,3.2640000000000002
24,93,3,4,5.11,1.2775
24,93,4,10,9.04,0.9039999999999999
24,94,0,7,21.87,3.1242857142857146
24,94,1,20,30.99,1.5494999999999999
24,94,2,9,12.83,1.4255555555555555
24,94,3,19,19.5,1.0263157894736843
24,94,4,7,5.23,0.7471428571428572
24,97,0,1,2.44,2.44
24,97,1,6,11.43,1.905
24,97,2,12,15.87,1.3225
24,97,3,10,9.07,0.907
24,97,4,5,1.07,0.21400000000000002
25,1,0,12,27.46,2.2883333333333336
25,1,1,19,32.76,1.7242105263157894
25,1,2,8,13.2,1.65
25,1,3,16,15.49,0.968125
25,1,4,9,3.66,0.4066666666666667
25,3,0,11,19.78,1.7981818181818183
25,3,1,13,17.41,1.3392307692307692
25,3,2,14,12.84,0.9171428571428571
25,3,3,10,8.12,0.8119999999999999
25,3,4,2,1.59,0.795
25,5,0,15,25.76,1.7173333333333334
25,5,1,10,5.82,0.5820000000000001
25,5,2,3,1.41,0.47
25,5,3,3,1.4,0.4666666666666666
25,5,4,18,3.75,0.20833333333333334
25,8,0,20,32.51,1.6255
25,8,1,10,15.35,1.535
25,8,2,12,16.31,1.3591666666666666
25,8,3,10,12.94,1.294
25,8,4,12,2.06,0.17166666666666666
25,16,0,14,29.61,2.1149999999999998
25,16,1,11,20.56,1.869090909090909
25,16,2,2,2.53,1.265
25,16,3,6,6.92,1.1533333333333333
25,16,4,19,15.03,0.7910526315789473
25,19,0,4,6.42,1.605
25,19,1,13,19.66,1.5123076923076924
25,19,2,2,2.76,1.38
25,19,3,6,6.74,1.1233333333333333
25,19,4,19,16.73,0.8805263157894737
25,20,0,8,11.06,1.3825
25,20,1,4,3.19,0.7975
25,20,2,13,8.18,0.6292307692307693
25,20,3,10,2.2,0.22000000000000003
25,20,4,11,1.83,0.16636363636363638
25,24,0,9,17.13,1.9033333333333333
25,24,1,20,26.96,1.348
25,24,2,16,19.44,1.215
25,24,3,16,18.91,1.181875
25,24,4,17,8.23,0.48411764705882354
25,29,0,3,16.37,5.456666666666667
25,29,1,2,10.06,5.03
25,29,2,19,92.97,4.893157894736842
25,29,3,14,45.38,3.2414285714285715
25,29,4,18,26.28,1.46
25,30,0,11,21.92,1.992727272727273
25,30,1,16,24.32,1.52
25,30,2,10,8.3,0.8300000000000001
25,30,3,10,5.01,0.501
25,30,4,8,3.91,0.48875
25,33,0,14,70.28,5.0200000000000005
25,33,1,2,8.05,4.025
25,33,2,19,65.47,3.4457894736842105
25,33,3,4,13.63,3.4075
25,33,4,5,13.52,2.7039999999999997
25,34,0,7,4.07,0.5814285714285715
25,34,1,8,2.13,0.26625
25,34,2,1,0.2,0.2
25,34,3,15,2.02,0.13466666666666666
25,34,4,3,0.13,0.043333333333333335
25,38,0,10,87.66,8.766
25,38,1,19,109.71,5.774210526315789
25,38,2,13,40.53,3.117692307692308
25,38,3,5,13.72,2.744
25,38,4,17,39.84,2.343529411764706
25,46,0,2,6.36,3.18
25,46,1,8,20.88,2.61
25,46,2,8,14.99,1.87375
25,46,3,3,5.15,1.7166666666666668
25,46,4,4,5.8,1.45
25,47,0,18,48.82,2.712222222222222
25,47,1,2,5.36,2.68
25,47,2,5,12.81,2.5620000000000003
25,47,3,1,1.94,1.94
25,47,4,10,15.14,1.514
25,49,0,4,5.78,1.445
25,49,1,16,20.97,1.310625
25,49,2,9,10.83,1.2033333333333334
25,49,3,1,0.93,0.93
25,49,4,8,4.7,0.5875
25,50,0,15,120.58,8.038666666666666
25,50,1,6,37.33,6.221666666666667
25,50,2,13,78.7,6.053846153846154
25,50,3,8,47.71,5.96375
25,50,4,20,26.48,1.324
25,51,0,10,8.06,0.806
25,51,1,3,1.2,0.39999999999999997
25,51,2,16,5.14,0.32125
25,51,3,9,2.17,0.2411111111111111
25,51,4,2,0.36,0.18
25,54,0,18,14.95,0.8305555555555555
25,54,1,11,8.8,0.8
25,54,2,15,8.66,0.5773333333333334
25,54,3,14,6.84,0.48857142857142855
25,54,4,19,8.92,0.4694736842105263
25,60,0,20,67.09,3.3545000000000003
25,60,1,19,57.56,3.0294736842105263
25,60,2,12,26.61,2.2175
25,60,3,14,11.21,0.8007142857142858
25,60,4,10,3.88,0.388
25,66,0,16,65.13,4.070625
25,66,1,9,22.67,2.518888888888889
25,66,2,15,34.48,2.2986666666666666
25,66,3,16,31.28,1.955
25,66,4,1,0.43,0.43
25,69,0,12,23.97,1.9974999999999998
25,69,1,1,1.94,1.94
25,69,2,20,28.46,1.423
25,69,3,4,3.62,0.905
25,69,4,6,4.78,0.7966666666666667
25,70,0,18,33.82,1.8788888888888888
25,70,1,17,31.0,1.8235294117647058
25,70,2,1,1.77,1.77
25,70,3,8,11.24,1.405
25,70,4,10,12.43,1.2429999999999999
25,73,0,1,9.62,9.62
25,73,1,19,164.61,8.663684210526316
25,73,2,11,59.19,5.380909090909091
25,73,3,17,48.06,2.827058823529412
25,73,4,8,15.96,1.995
25,74,0,17,37.81,2.2241176470588235
25,74,1,17,37.48,2.204705882352941
25,74,2,8,10.82,1.3525
25,74,3,5,4.4,0.8800000000000001
25,74,4,3,1.42,0.47333333333333333
25,75,0,8,14.2,1.775
25,75,1,5,4.53,0.906
25,75,2,11,8.33,0.7572727272727273
25,75,3,1,0.38,0.38
25,75,4,15,4.12,0.27466666666666667
25,77,0,3,3.82,1.2733333333333332
25,77,1,4,3.88,0.97
25,77,2,4,3.63,0.9075
25,77,3,16,3.45,0.215625
25,77,4,16,2.2,0.1375
25,79,0,6,52.66,8.776666666666666
25,79,1,13,113.4,8.723076923076924
25,79,2,12,93.92,7.826666666666667
25,79,3,6,7.13,1.1883333333333332
25,79,4,14,10.17,0.7264285714285714
25,80,0,3,4.48,1.4933333333333334
25,80,1,12,15.28,1.2733333333333332
25,80,2,12,11.08,0.9233333333333333
25,80,3,11,8.12,0.7381818181818182
25,80,4,12,5.97,0.4975
25,82,0,12,81.47,6.789166666666667
25,82,1,3,11.04,3.6799999999999997
25,82,2,15,53.57,3.5713333333333335
25,82,3,6,20.54,3.4233333333333333
25,82,4,13,17.79,1.3684615384615384
25,84,0,9,78.64,8.737777777777778
25,84,1,10,77.56,7.756
25,84,2,15,47.98,3.1986666666666665
25,84,3,10,29.1,2.91
25,84,4,11,13.23,1.2027272727272729
25,85,0,1,8.43,8.43
25,85,1,8,44.11,5.51375
25,85,2,7,34.88,4.982857142857143
25,85,3,4,18.86,4.715
25,85,4,7,32.24,4.605714285714286
25,87,0,19,69.27,3.6457894736842102
25,87,1,9,32.25,3.5833333333333335
25,87,2,4,10.5,2.625
25,87,3,1,1.39,1.39
25,87,4,15,17.6,1.1733333333333333
25,88,0,10,9.63,0.9630000000000001
25,88,1,10,9.59,0.959
25,88,2,5,2.12,0.42400000000000004
25,88,3,6,1.38,0.22999999999999998
25,88,4,17,2.83,0.16647058823529412
25,89,0,2,9.92,4.96
25,89,1,19,68.41,3.6005263157894736
25,89,2,3,9.63,3.2100000000000004
25,89,3,4,3.03,0.7575
25,89,4,7,4.25,0.6071428571428571
25,90,0,6,10.52,1.7533333333333332
25,90,1,7,10.41,1.487142857142857
25,90,2,9,9.11,1.0122222222222221
25,90,3,16,15.46,0.96625
25,90,4,2,1.43,0.715
25,93,0,9,61.78,6.864444444444445
25,93,1,16,92.2,5.7625
25,93,2,15,82.82,5.521333333333333
25,93,3,3,14.51,4.836666666666667
25,93,4,7,10.55,1.5071428571428573
25,94,0,5,15.01,3.002
25,94,1,15,34.69,2.3126666666666664
25,94,2,18,39.03,2.1683333333333334
25,94,3,15,27.36,1.824
25,94,4,15,22.35,1.49
25,97,0,12,54.19,4.515833333333333
25,97,1,8,14.59,1.82375
25,97,2,12,16.8,1.4000000000000001
25,97,3,7,7.87,1.1242857142857143
25,97,4,16,3.36,0.21
29,1,0,10,79.65,7.965000000000001
29,1,1,8,62.87,7.85875
29,1,2,17,113.95,6.702941176470588
29,1,3,12,51.67,4.305833333333333
29,1,4,1,1.03,1.03
29,3,0,13,75.99,5.845384615384615
29,3,1,12,57.32,4.776666666666666
29,3,2,6,24.79,4.131666666666667
29,3,3,10,24.32,2.432
29,3,4,20,47.38,2.369
29,5,0,1,6.16,6.16
29,5,1,16,52.17,3.260625
29,5,2,8,24.38,3.0475
29,5,3,3,8.46,2.8200000000000003
29,5,4,20,42.13,2.1065
29,8,0,14,60.4,4.314285714285714
29,8,1,18,68.94,3.83
29,8,2,2,3.34,1.67
29,8,3,20,30.62,1.5310000000000001
29,8,4,15,20.72,1.3813333333333333
29,16,0,14,93.98,6.7128571428571435
29,16,1,8,53.01,6.62625
29,16,2,12,69.51,5.7925
29,16,3,19,84.56,4.450526315789474
29,16,4,18,46.36,2.5755555555555554
29,19,0,13,56.94,4.38
29,19,1,1,4.17,4.17
29,19,2,7,21.58,3.0828571428571427
29,19,3,9,21.96,2.44
29,19,4,4,1.06,0.265
29,20,0,14,53.13,3.7950000000000004
29,20,1,7,19.95,2.85
29,20,2,2,4.82,2.41
29,20,3,6,12.31,2.0516666666666667
29,20,4,8,7.15,0.89375
29,24,0,8,50.52,6.315
29,24,1,19,67.97,3.5773684210526313
29,24,2,18,42.65,2.3694444444444445
29,24,3,9,17.04,1.8933333333333333
29,24,4,3,0.85,0.2833333333333333
29,25,0,1,5.1,5.1
29,25,1,2,5.25,2.625
29,25,2,7,10.79,1.5414285714285714
29,25,3,14,7.7,0.55
29,25,4,8,3.51,0.43875
29,30,0,5,12.28,2.456
29,30,1,16,27.83,1.739375
29,30,2,3,5.19,1.7300000000000002
29,30,3,9,4.28,0.47555555555555556
29,30,4,16,3.35,0.209375
29,33,0,19,42.98,2.2621052631578946
29,33,1,4,7.8,1.95
29,33,2,3,5.2,1.7333333333333334
29,33,3,1,0.97,0.97
29,33,4,4,3.83,0.9575
29,34,0,16,82.92,5.1825
29,34,1,14,32.31,2.307857142857143
29,34,2,11,24.97,2.27
29,34,3,10,21.37,2.137
29,34,4,5,7.84,1.568
29,38,0,8,31.75,3.96875
29,38,1,2,5.95,2.975
29,38,2,3,8.62,2.873333333333333
29,38,3,5,8.95,1.7899999999999998
29,38,4,7,11.5,1.6428571428571428
29,46,0,8,38.39,4.79875
29,46,1,9,31.12,3.457777777777778
29,46,2,4,11.62,2.905
29,46,3,6,11.23,1.8716666666666668
29,46,4,6,7.04,1.1733333333333333
29,47,0,10,72.0,7.2
29,47,1,13,86.65,6.665384615384616
29,47,2,12,72.99,6.0825
29,47,3,4,11.89,2.9725
29,47,4,15,30.89,2.0593333333333335
29,49,0,3,16.92,5.640000000000001
29,49,1,4,20.79,5.1975
29,49,2,20,61.82,3.091
29,49,3,5,13.39,2.678
29,49,4,13,27.37,2.1053846153846156
29,50,0,16,49.22,3.07625
29,50,1,7,17.89,2.5557142857142856
29,50,2,19,39.74,2.091578947368421
29,50,3,1,0.65,0.65
29,50,4,3,0.81,0.27
29,51,0,10,45.75,4.575
29,51,1,3,13.49,4.496666666666667
29,51,2,14,44.97,3.212142857142857
29,51,3,10,28.99,2.899
29,51,4,3,7.38,2.46
29,54,0,15,46.83,3.122
29,54,1,16,46.33,2.895625
29,54,2,2,1.35,0.675
29,54,3,18,7.55,0.41944444444444445
29,54,4,6,1.97,0.3283333333333333
29,60,0,12,57.79,4.815833333333333
29,60,1,14,29.95,2.1392857142857142
29,60,2,6,12.15,2.025
29,60,3,11,19.95,1.8136363636363635
29,60,4,14,16.48,1.1771428571428573
29,66,0,19,46.14,2.428421052631579
29,66,1,7,12.1,1.7285714285714284
29,66,2,4,5.3,1.325
29,66,3,1,0.94,0.94
29,66,4,5,4.54,0.908
29,69,0,4,19.12,4.78
29,69,1,5,21.4,4.279999999999999
29,69,2,10,30.96,3.096
29,69,3,14,21.82,1.5585714285714285
29,69,4,6,4.68,0.7799999999999999
29,70,0,2,13.26,6.63
29,70,1,4,15.19,3.7975
29,70,2,3,8.38,2.7933333333333334
29,70,3,2,2.79,1.395
29,70,4,3,0.95,0.31666666666666665
29,73,0,7,33.95,4.8500000000000005
29,73,1,14,38.56,2.7542857142857144
29,73,2,12,23.7,1.9749999999999999
29,73,3,10,8.26,0.826
29,73,4,4,1.55,0.3875
29,74,0,1,8.0,8.0
29,74,1,1,7.46,7.46
29,74,2,14,39.3,2.807142857142857
29,74,3,11,20.25,1.8409090909090908
29,74,4,5,4.48,0.8960000000000001
29,75,0,11,66.85,6.077272727272727
29,75,1,9,40.94,4.5488888888888885
29,75,2,8,20.37,2.54625
29,75,3,9,13.89,1.5433333333333334
29,75,4,19,21.6,1.1368421052631579
29,77,0,13,66.42,5.109230769230769
29,77,1,10,30.19,3.019
29,77,2,16,48.19,3.011875
29,77,3,18,14.73,0.8183333333333334
29,77,4,17,12.18,0.7164705882352941
29,79,0,13,53.75,4.134615384615385
29,79,1,5,11.12,2.2239999999999998
29,79,2,10,17.93,1.793
29,79,3,2,2.89,1.445
29,79,4,12,16.43,1.3691666666666666
29,80,0,1,3.0,3.0
29,80,1,9,23.26,2.5844444444444448
29,80,2,17,38.7,2.2764705882352945
29,80,3,9,9.8,1.088888888888889
29,80,4,14,6.18,0.4414285714285714
29,82,0,18,32.91,1.8283333333333331
29,82,1,13,19.89,1.53
29,82,2,17,20.03,1.178235294117647
29,82,3,10,4.39,0.43899999999999995
29,82,4,9,0.85,0.09444444444444444
29,84,0,15,49.19,3.279333333333333
29,84,1,20,52.73,2.6365
29,84,2,14,27.83,1.9878571428571428
29,84,3,12,21.67,1.8058333333333334
29,84,4,13,16.64,1.28
29,85,0,18,72.51,4.028333333333333
29,85,1,8,31.19,3.89875
29,85,2,15,47.35,3.1566666666666667
29,85,3,14,17.13,1.2235714285714285
29,85,4,13,13.47,1.0361538461538462
29,87,0,13,30.66,2.3584615384615386
29,87,1,5,10.26,2.052
29,87,2,3,6.13,2.0433333333333334
29,87,3,17,20.97,1.2335294117647058
29,87,4,17,17.54,1.031764705882353
29,88,0,5,24.08,4.816
29,88,1,20,90.7,4.535
29,88,2,14,20.8,1.4857142857142858
29,88,3,11,10.32,0.9381818181818182
29,88,4,5,1.49,0.298
29,89,0,10,37.98,3.7979999999999996
29,89,1,9,25.25,2.8055555555555554
29,89,2,7,12.06,1.7228571428571429
29,89,3,8,11.57,1.44625
29,89,4,16,17.75,1.109375
29,90,0,3,22.47,7.489999999999999
29,90,1,11,81.13,7.375454545454545
29,90,2,5,31.62,6.324
29,90,3,16,61.24,3.8275
29,90,4,13,40.6,3.123076923076923
29,93,0,16,33.16,2.0725
29,93,1,7,13.34,1.9057142857142857
29,93,2,12,13.42,1.1183333333333334
29,93,3,12,9.49,0.7908333333333334
29,93,4,8,4.54,0.5675
29,94,0,9,21.43,2.381111111111111
29,94,1,5,9.32,1.864
29,94,2,10,17.26,1.7260000000000002
29,94,3,9,5.33,0.5922222222222222
29,94,4,2,0.26,0.13
29,97,0,14,106.33,7.595
29,97,1,11,83.23,7.566363636363636
29,97,2,11,32.0,2.909090909090909
29,97,3,8,16.9,2.1125
29,97,4,20,18.89,0.9445
30,1,0,13,21.56,1.6584615384615384
30,1,1,10,8.36,0.836
30,1,2,12,4.69,0.39083333333333337
30,1,3,18,5.18,0.28777777777777774
30,1,4,10,2.55,0.255
30,3,0,14,64.59,4.613571428571428
30,3,1,8,25.28,3.16
30,3,2,12,35.59,2.9658333333333338
30,3,3,8,23.55,2.94375
30,3,4,13,16.22,1.2476923076923077
30,5,0,17,46.44,2.7317647058823527
30,5,1,8,20.13,2.51625
30,5,2,10,17.61,1.761
30,5,3,19,29.11,1.5321052631578946
30,5,4,3,3.17,1.0566666666666666
30,8,0,8,34.24,4.28
30,8,1,16,62.42,3.90125
30,8,2,20,52.17,2.6085000000000003
30,8,3,2,3.57,1.785
30,8,4,20,28.71,1.4355
30,16,0,7,32.39,4.627142857142857
30,16,1,16,72.34,4.52125
30,16,2,19,70.65,3.7184210526315793
30,16,3,8,12.76,1.595
30,16,4,5,3.25,0.65
30,19,0,15,34.25,2.283333333333333
30,19,1,6,11.24,1.8733333333333333
30,19,2,8,14.46,1.8075
30,19,3,13,16.43,1.2638461538461538
30,19,4,1,1.01,1.01
30,20,0,18,24.54,1.3633333333333333
30,20,1,4,4.98,1.245
30,20,2,7,2.9,0.41428571428571426
30,20,3,3,1.19,0.39666666666666667
30,20,4,13,4.62,0.3553846153846154
30,24,0,15,54.82,3.6546666666666665
30,24,1,19,64.32,3.3852631578947365
30,24,2,20,45.97,2.2984999999999998
30,24,3,7,3.48,0.49714285714285716
30,24,4,2,0.43,0.215
30,25,0,13,29.51,2.27
30,25,1,10,21.97,2.197
30,25,2,18,39.04,2.1688888888888886
30,25,3,3,2.94,0.98
30,25,4,7,4.69,0.67
30,29,0,14,30.87,2.205
30,29,1,16,27.38,1.71125
30,29,2,13,10.22,0.7861538461538462
30,29,3,3,1.62,0.54
30,29,4,15,3.08,0.20533333333333334
30,33,0,2,6.84,3.42
30,33,1,5,12.12,2.424
30,33,2,20,42.36,2.118
30,33,3,7,11.79,1.6842857142857142
30,33,4,5,3.27,0.654
30,34,0,11,33.91,3.0827272727272725
30,34,1,11,27.11,2.4645454545454544
30,34,2,19,33.64,1.7705263157894737
30,34,3,3,3.01,1.0033333333333332
30,34,4,6,5.39,0.8983333333333333
30,38,0,20,94.86,4.743
30,38,1,4,13.14,3.285
30,38,2,17,54.8,3.2235294117647055
30,38,3,16,38.04,2.3775
30,38,4,8,12.62,1.5775
30,46,0,10,25.18,2.518
30,46,1,14,34.89,2.492142857142857
30,46,2,5,10.87,2.174
30,46,3,15,24.26,1.6173333333333335
30,46,4,4,2.95,0.7375
30,47,0,11,19.09,1.7354545454545454
30,47,1,18,22.98,1.2766666666666666
30,47,2,9,9.28,1.031111111111111
30,47,3,4,3.76,0.94
30,47,4,5,3.26,0.6519999999999999
30,49,0,17,55.52,3.2658823529411767
30,49,1,2,6.36,3.18
30,49,2,20,49.95,2.4975
30,49,3,17,37.47,2.2041176470588235
30,49,4,12,2.08,0.17333333333333334
30,50,0,20,110.58,5.529
30,50,1,18,77.28,4.293333333333333
30,50,2,10,19.85,1.985
30,50,3,6,8.46,1.4100000000000001
30,50,4,14,6.29,0.4492857142857143
30,51,0,8,19.07,2.38375
30,51,1,12,22.95,1.9124999999999999
30,51,2,4,6.26,1.565
30,51,3,8,9.36,1.17
30,51,4,3,2.74,0.9133333333333334
30,54,0,15,30.55,2.0366666666666666
30,54,1,18,32.56,1.808888888888889
30,54,2,11,16.56,1.5054545454545454
30,54,3,12,3.36,0.27999999999999997
30,54,4,11,1.58,0.14363636363636365
30,60,0,6,21.23,3.5383333333333336
30,60,1,6,20.65,3.4416666666666664
30,60,2,4,5.63,1.4075
30,60,3,16,20.74,1.29625
30,60,4,5,3.2,0.64
30,66,0,2,4.63,2.315
30,66,1,16,31.86,1.99125
30,66,2,8,15.39,1.92375
30,66,3,14,21.98,1.57
30,66,4,6,4.93,0.8216666666666667
30,69,0,2,8.16,4.08
30,69,1,5,18.16,3.632
30,69,2,1,2.53,2.53
30,69,3,12,21.71,1.8091666666666668
30,69,4,13,10.17,0.7823076923076923
30,70,0,1,4.61,4.61
30,70,1,8,29.21,3.65125
30,70,2,3,9.73,3.2433333333333336
30,70,3,18,58.34,3.2411111111111115
30,70,4,15,35.07,2.338
30,73,0,3,19.27,6.423333333333333
30,73,1,20,58.32,2.916
30,73,2,19,54.68,2.877894736842105
30,73,3,10,19.05,1.905
30,73,4,7,10.2,1.457142857142857
30,74,0,14,68.98,4.927142857142857
30,74,1,8,33.84,4.23
30,74,2,1,3.98,3.98
30,74,3,19,32.11,1.69
30,74,4,14,5.11,0.36500000000000005
30,75,0,10,43.79,4.379
30,75,1,19,52.92,2.785263157894737
30,75,2,11,8.34,0.7581818181818182
30,75,3,12,6.84,0.57
30,75,4,1,0.42,0.42
30,77,0,11,40.16,3.6509090909090904
30,77,1,5,14.38,2.8760000000000003
30,77,2,8,18.66,2.3325
30,77,3,19,24.25,1.2763157894736843
30,77,4,12,8.08,0.6733333333333333
30,79,0,6,38.77,6.461666666666667
30,79,1,7,41.56,5.937142857142858
30,79,2,18,41.93,2.3294444444444444
30,79,3,1,1.69,1.69
30,79,4,10,3.14,0.314
30,80,0,17,21.81,1.2829411764705883
30,80,1,5,5.8,1.16
30,80,2,15,8.92,0.5946666666666667
30,80,3,5,2.91,0.5820000000000001
30,80,4,7,3.5,0.5
30,82,0,14,52.45,3.7464285714285714
30,82,1,10,37.2,3.72
30,82,2,20,56.77,2.8385000000000002
30,82,3,18,31.58,1.7544444444444443
30,82,4,17,23.04,1.3552941176470588
30,84,0,5,31.1,6.220000000000001
30,84,1,7,19.3,2.757142857142857
30,84,2,19,47.35,2.4921052631578946
30,84,3,10,8.53,0.853
30,84,4,20,12.51,0.6255
30,85,0,8,39.36,4.92
30,85,1,7,31.48,4.497142857142857
30,85,2,4,10.2,2.55
30,85,3,11,27.37,2.4881818181818183
30,85,4,8,12.45,1.55625
30,87,0,1,1.82,1.82
30,87,1,12,20.96,1.7466666666666668
30,87,2,1,1.73,1.73
30,87,3,3,4.3,1.4333333333333333
30,87,4,17,21.72,1.2776470588235294
30,88,0,14,24.98,1.7842857142857143
30,88,1,7,11.66,1.6657142857142857
30,88,2,9,12.3,1.3666666666666667
30,88,3,17,6.71,0.3947058823529412
30,88,4,17,3.13,0.18411764705882352
30,89,0,16,84.48,5.28
30,89,1,4,20.41,5.1025
30,89,2,13,63.96,4.92
30,89,3,11,43.42,3.9472727272727273
30,89,4,1,1.08,1.08
30,90,0,16,46.65,2.915625
30,90,1,2,4.5,2.25
30,90,2,7,8.65,1.2357142857142858
30,90,3,16,12.31,0.769375
30,90,4,20,8.42,0.421
30,93,0,3,16.5,5.5
30,93,1,14,76.12,5.437142857142858
30,93,2,9,47.45,5.272222222222222
30,93,3,13,63.98,4.921538461538462
30,93,4,14,7.98,0.5700000000000001
30,94,0,6,10.06,1.6766666666666667
30,94,1,13,17.27,1.3284615384615384
30,94,2,7,5.62,0.8028571428571428
30,94,3,13,8.08,0.6215384615384616
30,94,4,11,1.36,0.12363636363636364
30,97,0,3,17.02,5.673333333333333
30,97,1,14,44.18,3.1557142857142857
30,97,2,18,45.68,2.537777777777778
30,97,3,9,19.44,2.16
30,97,4,14,11.31,0.8078571428571429
33,1,0,3,24.52,8.173333333333334
33,1,1,5,39.71,7.942
33,1,2,4,18.78,4.695
33,1,3,14,57.03,4.073571428571428
33,1,4,7,3.69,0.5271428571428571
33,3,0,2,10.95,5.475
33,3,1,13,59.83,4.602307692307692
33,3,2,11,31.81,2.8918181818181816
33,3,3,1,1.76,1.76
33,3,4,20,19.0,0.95
33,5,0,19,115.74,6.091578947368421
33,5,1,6,27.83,4.638333333333333
33,5,2,8,31.23,3.90375
33,5,3,16,45.5,2.84375
33,5,4,7,16.22,2.317142857142857
33,8,0,13,89.42,6.878461538461538
33,8,1,5,31.53,6.306
33,8,2,1,3.05,3.05
33,8,3,19,41.86,2.203157894736842
33,8,4,6,2.76,0.45999999999999996
33,16,0,2,12.06,6.03
33,16,1,4,22.41,5.6025
33,16,2,4,17.14,4.285
33,16,3,8,33.08,4.135
33,16,4,15,51.95,3.4633333333333334
33,19,0,17,100.86,5.932941176470588
33,19,1,13,63.49,4.883846153846154
33,19,2,9,38.14,4.237777777777778
33,19,3,8,9.25,1.15625
33,19,4,19,11.61,0.6110526315789473
33,20,0,1,6.08,6.08
33,20,1,8,31.98,3.9975
33,20,2,12,43.52,3.626666666666667
33,20,3,4,8.92,2.23
33,20,4,7,12.39,1.77
33,24,0,19,139.57,7.34578947368421
33,24,1,5,20.21,4.042
33,24,2,5,5.24,1.048
33,24,3,7,5.13,0.7328571428571429
33,24,4,7,4.35,0.6214285714285713
33,25,0,14,98.83,7.059285714285714
33,25,1,2,13.5,6.75
33,25,2,14,85.82,6.13
33,25,3,10,51.33,5.133
33,25,4,9,36.29,4.032222222222222
33,29,0,9,19.02,2.1133333333333333
33,29,1,5,5.83,1.166
33,29,2,19,20.12,1.0589473684210526
33,29,3,15,10.01,0.6673333333333333
33,29,4,6,1.27,0.21166666666666667
33,30,0,12,33.11,2.7591666666666668
33,30,1,3,7.65,2.5500000000000003
33,30,2,18,43.71,2.4283333333333332
33,30,3,18,27.62,1.5344444444444445
33,30,4,4,0.85,0.2125
33,34,0,1,7.49,7.49
33,34,1,8,45.27,5.65875
33,34,2,10,45.98,4.598
33,34,3,6,26.95,4.491666666666666
33,34,4,10,40.78,4.078
33,38,0,18,57.61,3.2005555555555554
33,38,1,15,41.31,2.754
33,38,2,2,2.24,1.12
33,38,3,2,2.04,1.02
33,38,4,1,0.86,0.86
33,46,0,16,71.21,4.450625
33,46,1,4,16.95,4.2375
33,46,2,16,52.39,3.274375
33,46,3,17,52.33,3.078235294117647
33,46,4,13,31.01,2.3853846153846154
33,47,0,13,87.12,6.701538461538462
33,47,1,13,86.1,6.623076923076923
33,47,2,17,46.7,2.7470588235294118
33,47,3,14,33.81,2.415
33,47,4,2,1.51,0.755
33,49,0,3,16.92,5.640000000000001
33,49,1,12,66.9,5.575
33,49,2,18,68.64,3.8133333333333335
33,49,3,3,6.81,2.27
33,49,4,17,36.47,2.1452941176470586
33,50,0,8,23.16,2.895
33,50,1,11,27.39,2.49
33,50,2,18,23.85,1.3250000000000002
33,50,3,16,12.2,0.7625
33,50,4,16,9.26,0.57875
33,51,0,17,87.27,5.133529411764705
33,51,1,3,12.42,4.14
33,51,2,6,12.99,2.165
33,51,3,18,26.25,1.4583333333333333
33,51,4,11,10.96,0.9963636363636365
33,54,0,13,37.41,2.8776923076923073
33,54,1,20,39.58,1.9789999999999999
33,54,2,7,12.84,1.8342857142857143
33,54,3,7,7.18,1.0257142857142856
33,54,4,8,4.33,0.54125
33,60,0,18,60.68,3.371111111111111
33,60,1,15,48.12,3.2079999999999997
33,60,2,20,31.16,1.558
33,60,3,11,7.6,0.6909090909090909
33,60,4,9,2.56,0.28444444444444444
33,66,0,13,35.97,2.766923076923077
33,66,1,18,46.53,2.585
33,66,2,4,5.93,1.4825
33,66,3,14,5.75,0.4107142857142857
33,66,4,5,0.93,0.186
33,69,0,3,12.64,4.213333333333334
33,69,1,5,15.07,3.0140000000000002
33,69,2,12,23.72,1.9766666666666666
33,69,3,1,1.66,1.66
33,69,4,8,5.87,0.73375
33,70,0,5,42.36,8.472
33,70,1,9,59.72,6.635555555555555
33,70,2,12,57.29,4.774166666666667
33,70,3,16,74.79,4.674375
33,70,4,18,60.72,3.373333333333333
33,73,0,14,78.91,5.636428571428572
33,73,1,19,89.36,4.703157894736842
33,73,2,10,39.21,3.9210000000000003
33,73,3,7,18.25,2.607142857142857
33,73,4,18,29.59,1.643888888888889
33,74,0,16,107.95,6.746875
33,74,1,20,119.53,5.9765
33,74,2,8,44.12,5.515
33,74,3,6,32.87,5.478333333333333
33,74,4,19,69.58,3.6621052631578945
33,75,0,8,54.69,6.83625
33,75,1,5,31.9,6.38
33,75,2,8,40.5,5.0625
33,75,3,3,7.79,2.5966666666666667
33,75,4,8,16.54,2.0675
33,77,0,18,134.77,7.487222222222223
33,77,1,7,49.15,7.021428571428571
33,77,2,19,64.41,3.3899999999999997
33,77,3,13,32.43,2.4946153846153845
33,77,4,1,0.93,0.93
33,79,0,6,28.32,4.72
33,79,1,13,58.23,4.479230769230769
33,79,2,14,50.73,3.623571428571428
33,79,3,12,39.87,3.3225
33,79,4,9,27.03,3.0033333333333334
33,80,0,12,48.12,4.01
33,80,1,7,22.8,3.257142857142857
33,80,2,6,14.32,2.3866666666666667
33,80,3,12,21.08,1.7566666666666666
33,80,4,8,6.16,0.77
33,82,0,19,36.33,1.9121052631578948
33,82,1,16,21.75,1.359375
33,82,2,17,21.45,1.261764705882353
33,82,3,20,13.39,0.6695
33,82,4,10,2.62,0.262
33,84,0,7,17.58,2.511428571428571
33,84,1,19,21.07,1.1089473684210527
33,84,2,16,16.5,1.03125
33,84,3,11,3.93,0.3572727272727273
33,84,4,12,1.69,0.14083333333333334
33,85,0,20,91.95,4.5975
33,85,1,18,76.15,4.230555555555556
33,85,2,17,47.51,2.794705882352941
33,85,3,4,10.62,2.655
33,85,4,3,2.9,0.9666666666666667
33,87,0,8,26.9,3.3625
33,87,1,17,46.05,2.7088235294117644
33,87,2,8,16.69,2.08625
33,87,3,3,3.16,1.0533333333333335
33,87,4,14,10.73,0.7664285714285715
33,88,0,8,46.84,5.855
33,88,1,10,56.5,5.65
33,88,2,15,76.08,5.072
33,88,3,10,28.67,2.867
33,88,4,15,28.62,1.9080000000000001
33,89,0,2,12.25,6.125
33,89,1,1,3.92,3.92
33,89,2,16,54.62,3.41375
33,89,3,19,15.16,0.7978947368421053
33,89,4,16,6.53,0.408125
33,90,0,4,31.86,7.965
33,90,1,9,68.96,7.662222222222222
33,90,2,11,80.39,7.308181818181819
33,90,3,4,18.03,4.5075
33,90,4,3,7.88,2.6266666666666665
33,93,0,12,11.45,0.9541666666666666
33,93,1,10,6.11,0.611
33,93,2,1,0.54,0.54
33,93,3,7,3.11,0.4442857142857143
33,93,4,2,0.49,0.245
33,94,0,17,25.06,1.4741176470588235
33,94,1,16,19.51,1.219375
33,94,2,6,4.52,0.7533333333333333
33,94,3,14,10.43,0.745
33,94,4,15,10.04,0.6693333333333332
33,97,0,8,61.02,7.6275
33,97,1,18,98.22,5.456666666666667
33,97,2,4,14.97,3.7425
33,97,3,11,22.52,2.0472727272727274
33,97,4,14,23.4,1.6714285714285713
34,1,0,4,6.21,1.5525
34,1,1,1,1.52,1.52
34,1,2,5,6.89,1.378
34,1,3,12,12.74,1.0616666666666668
34,1,4,17,6.53,0.38411764705882356
34,3,0,5,6.06,1.212
34,3,1,16,13.18,0.82375
34,3,2,18,10.59,0.5883333333333334
34,3,3,17,9.19,0.5405882352941176
34,3,4,6,3.14,0.5233333333333333
34,5,0,4,9.24,2.31
34,5,1,18,29.74,1.652222222222222
34,5,2,5,7.54,1.508
34,5,3,4,5.82,1.455
34,5,4,5,6.59,1.318
34,8,0,13,11.48,0.8830769230769231
34,8,1,19,16.14,0.8494736842105264
34,8,2,6,3.3,0.5499999999999999
34,8,3,7,1.71,0.24428571428571427
34,8,4,19,2.54,0.1336842105263158
34,16,0,17,36.53,2.148823529411765
34,16,1,4,8.56,2.14
34,16,2,11,15.07,1.37
34,16,3,1,0.94,0.94
34,16,4,4,2.16,0.54
34,19,0,13,26.8,2.0615384615384618
34,19,1,19,29.74,1.5652631578947367
34,19,2,11,8.62,0.7836363636363636
34,19,3,7,5.13,0.7328571428571429
34,19,4,20,3.61,0.1805
34,20,0,17,27.32,1.6070588235294119
34,20,1,4,6.3,1.575
34,20,2,13,17.39,1.3376923076923077
34,20,3,15,16.33,1.0886666666666664
34,20,4,3,0.84,0.27999999999999997
34,24,0,12,33.33,2.7775
34,24,1,4,7.0,1.75
34,24,2,15,11.66,0.7773333333333333
34,24,3,20,13.88,0.6940000000000001
34,24,4,13,3.97,0.3053846153846154
34,25,0,12,6.8,0.5666666666666667
34,25,1,11,5.64,0.5127272727272727
34,25,2,1,0.42,0.42
34,25,3,6,2.08,0.3466666666666667
34,25,4,7,1.12,0.16
34,29,0,2,12.96,6.48
34,29,1,16,100.57,6.285625
34,29,2,15,86.38,5.758666666666667
34,29,3,10,32.25,3.225
34,29,4,4,6.2,1.55
34,30,0,12,34.13,2.8441666666666667
34,30,1,8,8.81,1.10125
34,30,2,4,3.98,0.995
34,30,3,3,2.41,0.8033333333333333
34,30,4,12,7.67,0.6391666666666667
34,33,0,2,14.59,7.295
34,33,1,7,49.43,7.061428571428571
34,33,2,12,70.18,5.848333333333334
34,33,3,15,18.85,1.2566666666666668
34,33,4,9,8.3,0.9222222222222223
34,38,0,16,157.91,9.869375
34,38,1,9,61.75,6.861111111111111
34,38,2,11,54.24,4.930909090909091
34,38,3,12,58.12,4.843333333333333
34,38,4,15,24.57,1.6380000000000001
34,46,0,10,41.79,4.179
34,46,1,4,11.66,2.915
34,46,2,5,10.09,2.018
34,46,3,13,21.8,1.676923076923077
34,46,4,6,6.6,1.0999999999999999
34,47,0,4,13.12,3.28
34,47,1,14,28.24,2.017142857142857
34,47,2,11,20.32,1.8472727272727274
34,47,3,3,3.3,1.0999999999999999
34,47,4,16,12.79,0.799375
34,49,0,8,19.13,2.39125
34,49,1,14,17.95,1.282142857142857
34,49,2,8,10.07,1.25875
34,49,3,20,20.22,1.011
34,49,4,4,3.17,0.7925
34,50,0,2,17.84,8.92
34,50,1,2,14.75,7.375
34,50,2,11,49.61,4.51
34,50,3,9,37.47,4.163333333333333
34,50,4,8,20.53,2.56625
34,51,0,11,17.09,1.5536363636363637
34,51,1,6,8.79,1.4649999999999999
34,51,2,10,13.38,1.338
34,51,3,8,6.75,0.84375
34,51,4,19,15.95,0.8394736842105263
34,54,0,6,11.57,1.9283333333333335
34,54,1,6,10.9,1.8166666666666667
34,54,2,20,27.23,1.3615
34,54,3,11,6.03,0.5481818181818182
34,54,4,9,4.76,0.5288888888888889
34,60,0,6,26.29,4.381666666666667
34,60,1,1,3.99,3.99
34,60,2,6,11.04,1.8399999999999999
34,60,3,2,1.83,0.915
34,60,4,19,9.23,0.48578947368421055
34,66,0,13,34.04,2.6184615384615384
34,66,1,11,28.2,2.5636363636363635
34,66,2,2,4.93,2.465
34,66,3,16,24.44,1.5275
34,66,4,17,6.79,0.39941176470588236
34,69,0,13,43.62,3.355384615384615
34,69,1,5,5.46,1.092
34,69,2,2,1.68,0.84
34,69,3,18,4.99,0.27722222222222226
34,69,4,18,4.09,0.22722222222222221
34,70,0,6,6.5,1.0833333333333333
34,70,1,17,17.88,1.051764705882353
34,70,2,20,6.1,0.305
34,70,3,18,5.48,0.30444444444444446
34,70,4,9,0.89,0.09888888888888889
34,73,0,2,19.75,9.875
34,73,1,7,48.87,6.981428571428571
34,73,2,2,10.38,5.19
34,73,3,3,12.57,4.19
34,73,4,16,37.31,2.331875
34,74,0,15,33.54,2.2359999999999998
34,74,1,4,7.81,1.9525
34,74,2,9,9.6,1.0666666666666667
34,74,3,19,14.26,0.7505263157894737
34,74,4,11,3.34,0.30363636363636365
34,75,0,6,5.8,0.9666666666666667
34,75,1,14,12.8,0.9142857142857144
34,75,2,5,4.06,0.8119999999999999
34,75,3,14,4.24,0.3028571428571429
34,75,4,11,2.14,0.19454545454545455
34,77,0,9,2.94,0.32666666666666666
34,77,1,19,4.62,0.2431578947368421
34,77,2,19,3.76,0.19789473684210526
34,77,3,2,0.29,0.145
34,77,4,3,0.18,0.06
34,79,0,1,9.03,9.03
34,79,1,7,59.22,8.459999999999999
34,79,2,9,73.32,8.146666666666667
34,79,3,5,26.55,5.3100000000000005
34,79,4,13,48.41,3.7238461538461536
34,80,0,16,43.04,2.69
34,80,1,16,36.11,2.256875
34,80,2,10,10.11,1.011
34,80,3,5,4.86,0.9720000000000001
34,80,4,8,0.94,0.1175
34,82,0,19,147.25,7.75
34,82,1,16,114.57,7.160625
34,82,2,5,25.23,5.046
34,82,3,14,31.88,2.277142857142857
34,82,4,13,18.6,1.4307692307692308
34,84,0,2,14.06,7.03
34,84,1,18,110.71,6.150555555555555
34,84,2,16,98.17,6.135625
34,84,3,19,27.7,1.4578947368421051
34,84,4,6,4.68,0.7799999999999999
34,85,0,18,182.06,10.114444444444445
34,85,1,6,34.22,5.703333333333333
34,85,2,9,38.87,4.318888888888889
34,85,3,12,48.35,4.029166666666667
34,85,4,6,6.57,1.095
34,87,0,12,55.83,4.6525
34,87,1,16,71.91,4.494375
34,87,2,2,5.96,2.98
34,87,3,19,52.83,2.7805263157894737
34,87,4,12,8.82,0.735
34,88,0,6,8.28,1.38
34,88,1,11,12.63,1.1481818181818182
34,88,2,7,7.93,1.1328571428571428
34,88,3,9,9.95,1.1055555555555554
34,88,4,14,13.97,0.9978571428571429
34,89,0,12,96.97,8.080833333333333
34,89,1,3,23.5,7.833333333333333
34,89,2,17,58.94,3.4670588235294115
34,89,3,10,22.17,2.217
34,89,4,1,2.06,2.06
34,90,0,8,7.58,0.9475
34,90,1,2,1.84,0.92
34,90,2,2,0.94,0.47
34,90,3,3,0.99,0.33
34,90,4,14,2.61,0.18642857142857142
34,93,0,17,135.2,7.9529411764705875
34,93,1,16,108.87,6.804375
34,93,2,17,58.39,3.434705882352941
34,93,3,3,7.99,2.6633333333333336
34,93,4,6,5.73,0.9550000000000001
34,94,0,17,63.02,3.7070588235294117
34,94,1,15,38.82,2.588
34,94,2,8,18.17,2.27125
34,94,3,6,13.33,2.2216666666666667
34,94,4,10,17.53,1.7530000000000001
34,97,0,2,9.94,4.97
34,97,1,19,85.32,4.490526315789474
34,97,2,19,57.11,3.0057894736842106
34,97,3,16,25.54,1.59625
34,97,4,14,7.03,0.5021428571428571
38,1,0,11,125.91,11.446363636363635
38,1,1,7,70.24,10.034285714285714
38,1,2,4,32.75,8.1875
38,1,3,13,94.09,7.237692307692308
38,1,4,10,60.31,6.031000000000001
38,3,0,8,67.46,8.4325
38,3,1,4,32.53,8.1325
38,3,2,18,80.23,4.457222222222223
38,3,3,13,40.04,3.08
38,3,4,14,31.62,2.2585714285714285
38,5,0,6,55.71,9.285
38,5,1,5,40.7,8.14
38,5,2,17,137.36,8.08
38,5,3,1,7.4,7.4
38,5,4,5,6.67,1.334
38,8,0,1,8.41,8.41
38,8,1,18,101.77,5.653888888888889
38,8,2,9,41.96,4.662222222222223
38,8,3,6,3.37,0.5616666666666666
38,8,4,4,2.13,0.5325
38,16,0,12,126.31,10.525833333333333
38,16,1,10,99.09,9.909
38,16,2,3,11.21,3.736666666666667
38,16,3,14,45.32,3.237142857142857
38,16,4,18,56.62,3.145555555555555
38,19,0,14,117.23,8.373571428571429
38,19,1,10,81.61,8.161
38,19,2,6,33.56,5.593333333333334
38,19,3,15,23.24,1.5493333333333332
38,19,4,12,6.35,0.5291666666666667
38,20,0,7,59.07,8.438571428571429
38,20,1,12,92.6,7.716666666666666
38,20,2,9,37.49,4.165555555555556
38,20,3,1,4.02,4.02
38,20,4,13,25.63,1.9715384615384615
38,24,0,11,105.83,9.620909090909091
38,24,1,18,110.83,6.157222222222222
38,24,2,13,74.1,5.699999999999999
38,24,3,11,42.28,3.8436363636363637
38,24,4,11,10.05,0.9136363636363637
38,25,0,15,147.15,9.81
38,25,1,8,61.82,7.7275
38,25,2,11,68.31,6.21
38,25,3,6,36.86,6.1433333333333335
38,25,4,4,9.53,2.3825
38,29,0,18,72.03,4.001666666666667
38,29,1,13,47.78,3.6753846153846155
38,29,2,1,1.09,1.09
38,29,3,10,7.26,0.726
38,29,4,9,2.83,0.31444444444444447
38,30,0,1,7.12,7.12
38,30,1,6,30.12,5.0200000000000005
38,30,2,4,16.77,4.1925
38,30,3,18,39.42,2.19
38,30,4,6,5.69,0.9483333333333334
38,33,0,9,36.98,4.108888888888888
38,33,1,17,62.26,3.6623529411764704
38,33,2,6,18.62,3.1033333333333335
38,33,3,12,37.03,3.0858333333333334
38,33,4,1,0.91,0.91
38,34,0,8,72.42,9.0525
38,34,1,15,114.19,7.612666666666667
38,34,2,17,127.09,7.475882352941177
38,34,3,14,59.09,4.220714285714286
38,34,4,2,6.89,3.445
38,46,0,2,12.51,6.255
38,46,1,6,32.41,5.401666666666666
38,46,2,8,31.98,3.9975
38,46,3,13,39.51,3.039230769230769
38,46,4,18,32.44,1.8022222222222222
38,47,0,17,162.63,9.566470588235294
38,47,1,2,11.75,5.875
38,47,2,13,46.58,3.583076923076923
38,47,3,13,42.81,3.2930769230769235
38,47,4,19,39.97,2.103684210526316
38,49,0,8,58.56,7.32
38,49,1,6,43.84,7.3066666666666675
38,49,2,6,34.17,5.695
38,49,3,13,30.46,2.3430769230769233
38,49,4,7,12.77,1.8242857142857143
38,50,0,15,17.52,1.168
38,50,1,5,5.64,1.128
38,50,2,7,7.5,1.0714285714285714
38,50,3,19,16.22,0.8536842105263157
38,50,4,3,1.78,0.5933333333333334
38,51,0,5,47.96,9.592
38,51,1,14,108.21,7.729285714285714
38,51,2,1,6.42,6.42
38,51,3,10,48.34,4.8340000000000005
38,51,4,12,10.56,0.88
38,54,0,1,8.53,8.53
38,54,1,19,136.87,7.203684210526316
38,54,2,19,123.34,6.491578947368422
38,54,3,20,57.13,2.8565
38,54,4,15,11.43,0.762
38,60,0,2,17.41,8.705
38,60,1,16,133.52,8.345
38,60,2,20,55.19,2.7595
38,60,3,11,30.19,2.7445454545454546
38,60,4,4,9.54,2.385
38,66,0,9,47.58,5.286666666666666
38,66,1,7,28.63,4.09
38,66,2,9,11.05,1.2277777777777779
38,66,3,8,7.49,0.93625
38,66,4,5,3.47,0.6940000000000001
38,69,0,7,60.55,8.65
38,69,1,1,6.81,6.81
38,69,2,2,4.39,2.195
38,69,3,12,25.9,2.158333333333333
38,69,4,15,12.52,0.8346666666666667
38,70,0,2,20.3,10.15
38,70,1,6,57.8,9.633333333333333
38,70,2,4,22.77,5.6925
38,70,3,14,73.45,5.246428571428572
38,70,4,5,10.4,2.08
38,73,0,1,2.85,2.85
38,73,1,15,37.87,2.5246666666666666
38,73,2,12,24.48,2.04
38,73,3,7,14.01,2.0014285714285713
38,73,4,19,14.6,0.7684210526315789
38,74,0,18,183.08,10.171111111111111
38,74,1,10,60.93,6.093
38,74,2,3,17.01,5.670000000000001
38,74,3,3,7.29,2.43
38,74,4,17,32.98,1.9399999999999997
38,75,0,5,54.44,10.888
38,75,1,1,9.95,9.95
38,75,2,10,81.25,8.125
38,75,3,1,7.68,7.68
38,75,4,16,83.34,5.20875
38,77,0,6,55.46,9.243333333333334
38,77,1,12,98.32,8.193333333333333
38,77,2,1,8.18,8.18
38,77,3,8,47.08,5.885
38,77,4,13,48.76,3.7507692307692304
38,79,0,17,12.37,0.7276470588235293
38,79,1,6,3.68,0.6133333333333334
38,79,2,1,0.61,0.61
38,79,3,17,7.67,0.4511764705882353
38,79,4,5,1.6,0.32
38,80,0,4,19.41,4.8525
38,80,1,1,4.56,4.56
38,80,2,6,24.64,4.1066666666666665
38,80,3,15,59.95,3.996666666666667
38,80,4,2,3.84,1.92
38,82,0,15,34.65,2.31
38,82,1,10,19.04,1.904
38,82,2,18,24.13,1.3405555555555555
38,82,3,3,3.15,1.05
38,82,4,20,17.52,0.876
38,84,0,9,12.28,1.3644444444444443
38,84,1,11,10.71,0.9736363636363637
38,84,2,14,10.04,0.7171428571428571
38,84,3,8,5.1,0.6375
38,84,4,14,1.47,0.105
38,85,0,9,4.72,0.5244444444444444
38,85,1,19,6.88,0.3621052631578947
38,85,2,11,3.66,0.33272727272727276
38,85,3,10,2.28,0.22799999999999998
38,85,4,16,2.4,0.15
38,87,0,7,47.72,6.817142857142857
38,87,1,16,91.72,5.7325
38,87,2,2,5.95,2.975
38,87,3,1,2.72,2.72
38,87,4,13,28.94,2.226153846153846
38,88,0,14,112.33,8.023571428571428
38,88,1,15,119.23,7.948666666666667
38,88,2,7,35.14,5.0200000000000005
38,88,3,13,29.88,2.2984615384615386
38,88,4,17,10.0,0.5882352941176471
38,89,0,15,41.9,2.7933333333333334
38,89,1,17,15.48,0.9105882352941177
38,89,2,4,3.29,0.8225
38,89,3,10,7.1,0.71
38,89,4,18,11.82,0.6566666666666667
38,90,0,4,44.99,11.2475
38,90,1,3,26.08,8.693333333333333
38,90,2,3,19.75,6.583333333333333
38,90,3,13,56.7,4.361538461538462
38,90,4,16,57.69,3.605625
38,93,0,16,43.97,2.748125
38,93,1,1,2.1,2.1
38,93,2,9,18.66,2.0733333333333333
38,93,3,9,11.21,1.2455555555555557
38,93,4,4,2.25,0.5625
38,94,0,19,112.99,5.9468421052631575
38,94,1,19,86.36,4.545263157894737
38,94,2,1,4.25,4.25
38,94,3,20,55.53,2.7765
38,94,4,18,35.92,1.9955555555555557
38,97,0,15,172.14,11.475999999999999
38,97,1,7,59.39,8.484285714285715
38,97,2,3,18.56,6.1866666666666665
38,97,3,15,88.22,5.881333333333333
38,97,4,2,2.42,1.21
46,1,0,12,55.04,4.586666666666667
46,1,1,14,60.55,4.325
46,1,2,14,44.68,3.1914285714285713
46,1,3,9,26.52,2.9466666666666668
46,1,4,19,48.27,2.540526315789474
46,3,0,15,63.78,4.252
46,3,1,2,7.18,3.59
46,3,2,5,5.66,1.1320000000000001
46,3,3,2,1.54,0.77
46,3,4,14,3.46,0.24714285714285714
46,5,0,16,34.86,2.17875
46,5,1,15,27.34,1.8226666666666667
46,5,2,17,20.28,1.1929411764705884
46,5,3,9,10.62,1.18
46,5,4,6,6.11,1.0183333333333333
46,8,0,18,65.22,3.623333333333333
46,8,1,2,5.75,2.875
46,8,2,17,48.2,2.835294117647059
46,8,3,8,14.89,1.86125
46,8,4,16,10.43,0.651875
46,16,0,5,10.8,2.16
46,16,1,5,10.65,2.13
46,16,2,6,5.37,0.895
46,16,3,16,8.89,0.555625
46,16,4,5,2.71,0.542
46,19,0,17,28.46,1.6741176470588235
46,19,1,17,18.18,1.0694117647058823
46,19,2,12,6.42,0.535
46,19,3,2,0.43,0.215
46,19,4,7,0.54,0.07714285714285715
46,20,0,17,41.5,2.4411764705882355
46,20,1,16,38.0,2.375
46,20,2,9,12.93,1.4366666666666665
46,20,3,3,2.57,0.8566666666666666
46,20,4,13,3.95,0.3038461538461539
46,24,0,6,14.77,2.4616666666666664
46,24,1,5,11.53,2.306
46,24,2,7,4.01,0.5728571428571428
46,24,3,19,5.64,0.29684210526315785
46,24,4,19,3.03,0.1594736842105263
46,25,0,18,49.51,2.7505555555555556
46,25,1,10,22.75,2.275
46,25,2,2,4.51,2.255
46,25,3,15,33.51,2.234
46,25,4,1,1.52,1.52
46,29,0,2,6.55,3.275
46,29,1,5,15.24,3.048
46,29,2,18,34.12,1.8955555555555554
46,29,3,19,18.66,0.9821052631578947
46,29,4,12,6.26,0.5216666666666666
46,30,0,4,13.0,3.25
46,30,1,2,6.46,3.23
46,30,2,8,23.2,2.9
46,30,3,20,44.77,2.2385
46,30,4,12,14.12,1.1766666666666665
46,33,0,18,62.71,3.483888888888889
46,33,1,10,32.66,3.2659999999999996
46,33,2,18,37.68,2.0933333333333333
46,33,3,5,4.73,0.9460000000000001
46,33,4,19,12.06,0.6347368421052632
46,34,0,8,32.5,4.0625
46,34,1,15,59.47,3.9646666666666666
46,34,2,4,14.18,3.545
46,34,3,16,21.03,1.314375
46,34,4,10,11.21,1.121
46,38,0,3,25.47,8.49
46,38,1,2,13.48,6.74
46,38,2,18,112.49,6.249444444444444
46,38,3,9,48.48,5.386666666666667
46,38,4,9,27.75,3.0833333333333335
46,47,0,3,6.72,2.2399999999999998
46,47,1,9,19.39,2.1544444444444446
46,47,2,8,13.08,1.635
46,47,3,15,15.36,1.024
46,47,4,4,0.57,0.1425
46,49,0,11,23.03,2.0936363636363637
46,49,1,13,24.96,1.9200000000000002
46,49,2,11,19.72,1.7927272727272727
46,49,3,5,4.96,0.992
46,49,4,4,3.37,0.8425
46,50,0,5,30.2,6.04
46,50,1,6,29.84,4.973333333333334
46,50,2,5,23.97,4.794
46,50,3,6,24.27,4.045
46,50,4,19,71.99,3.788947368421052
46,51,0,12,21.21,1.7675
46,51,1,2,2.16,1.08
46,51,2,13,13.69,1.053076923076923
46,51,3,4,2.62,0.655
46,51,4,9,1.35,0.15000000000000002
46,54,0,11,23.37,2.1245454545454545
46,54,1,11,13.07,1.1881818181818182
46,54,2,2,1.67,0.835
46,54,3,9,5.68,0.6311111111111111
46,54,4,2,0.32,0.16
46,60,0,4,2.13,0.5325
46,60,1,8,3.25,0.40625
46,60,2,18,5.09,0.2827777777777778
46,60,3,5,0.7,0.13999999999999999
46,60,4,18,1.07,0.059444444444444446
46,66,0,1,1.05,1.05
46,66,1,2,1.77,0.885
46,66,2,4,1.83,0.4575
46,66,3,4,0.89,0.2225
46,66,4,2,0.19,0.095
46,69,0,4,1.81,0.4525
46,69,1,20,7.92,0.396
46,69,2,6,1.44,0.24
46,69,3,16,2.62,0.16375
46,69,4,17,2.25,0.1323529411764706
46,70,0,15,73.25,4.883333333333334
46,70,1,19,87.71,4.616315789473684
46,70,2,9,37.8,4.199999999999999
46,70,3,14,42.98,3.07
46,70,4,14,6.51,0.46499999999999997
46,73,0,15,139.93,9.328666666666667
46,73,1,6,54.07,9.011666666666667
46,73,2,17,142.05,8.355882352941178
46,73,3,3,17.3,5.766666666666667
46,73,4,17,53.86,3.168235294117647
46,74,0,15,79.94,5.3293333333333335
46,74,1,9,42.34,4.704444444444444
46,74,2,10,15.13,1.5130000000000001
46,74,3,5,6.73,1.346
46,74,4,19,16.06,0.8452631578947368
46,75,0,1,3.39,3.39
46,75,1,14,45.77,3.2692857142857146
46,75,2,6,18.27,3.045
46,75,3,13,23.05,1.7730769230769232
46,75,4,7,3.56,0.5085714285714286
46,77,0,3,11.13,3.7100000000000004
46,77,1,12,40.32,3.36
46,77,2,2,5.18,2.59
46,77,3,12,25.39,2.1158333333333332
46,77,4,18,16.8,0.9333333333333333
46,79,0,16,139.62,8.72625
46,79,1,6,32.31,5.385000000000001
46,79,2,5,24.77,4.954
46,79,3,16,39.27,2.454375
46,79,4,10,17.15,1.7149999999999999
46,80,0,19,34.96,1.84
46,80,1,4,6.65,1.6625
46,80,2,17,16.91,0.9947058823529412
46,80,3,19,5.15,0.2710526315789474
46,80,4,12,2.66,0.22166666666666668
46,82,0,2,11.07,5.535
46,82,1,11,55.2,5.0181818181818185
46,82,2,10,47.31,4.731
46,82,3,20,74.52,3.726
46,82,4,15,19.31,1.2873333333333332
46,84,0,10,78.64,7.864
46,84,1,8,46.22,5.7775
46,84,2,11,57.52,5.2290909090909095
46,84,3,18,29.7,1.65
46,84,4,19,13.67,0.7194736842105263
46,85,0,11,90.67,8.242727272727272
46,85,1,3,23.88,7.96
46,85,2,10,64.94,6.494
46,85,3,14,90.84,6.488571428571428
46,85,4,14,9.28,0.6628571428571428
46,87,0,8,8.1,1.0125
46,87,1,15,12.86,0.8573333333333333
46,87,2,9,6.25,0.6944444444444444
46,87,3,9,4.5,0.5
46,87,4,17,2.22,0.13058823529411767
46,88,0,2,5.31,2.655
46,88,1,19,40.4,2.126315789473684
46,88,2,18,30.86,1.7144444444444444
46,88,3,12,17.13,1.4275
46,88,4,19,27.11,1.426842105263158
46,89,0,16,79.45,4.965625
46,89,1,17,79.32,4.665882352941176
46,89,2,11,21.46,1.950909090909091
46,89,3,19,36.0,1.894736842105263
46,89,4,19,17.46,0.9189473684210526
46,90,0,16,71.78,4.48625
46,90,1,12,52.48,4.373333333333333
46,90,2,13,43.67,3.3592307692307695
46,90,3,12,32.17,2.6808333333333336
46,90,4,17,22.97,1.3511764705882352
46,93,0,14,66.92,4.78
46,93,1,15,56.46,3.7640000000000002
46,93,2,12,40.22,3.3516666666666666
46,93,3,6,10.44,1.74
46,93,4,17,17.31,1.018235294117647
46,94,0,9,19.18,2.131111111111111
46,94,1,19,37.54,1.9757894736842105
46,94,2,14,19.34,1.3814285714285715
46,94,3,1,1.13,1.13
46,94,4,12,2.34,0.19499999999999998
46,97,0,3,9.27,3.09
46,97,1,6,17.35,2.891666666666667
46,97,2,3,2.26,0.7533333333333333
46,97,3,14,6.62,0.47285714285714286
46,97,4,11,2.58,0.23454545454545456
47,1,0,8,34.6,4.325
47,1,1,18,31.49,1.7494444444444444
47,1,2,15,25.42,1.6946666666666668
47,1,3,17,19.34,1.1376470588235295
47,1,4,8,3.64,0.455
47,3,0,1,2.48,2.48
47,3,1,14,33.61,2.400714285714286
47,3,2,7,6.41,0.9157142857142857
47,3,3,9,6.3,0.7
47,3,4,16,6.28,0.3925
47,5,0,9,8.52,0.9466666666666667
47,5,1,1,0.81,0.81
47,5,2,3,2.35,0.7833333333333333
47,5,3,20,15.31,0.7655000000000001
47,5,4,10,0.68,0.068
47,8,0,17,51.32,3.018823529411765
47,8,1,7,19.06,2.722857142857143
47,8,2,13,30.7,2.3615384615384616
47,8,3,8,17.37,2.17125
47,8,4,5,1.13,0.22599999999999998
47,16,0,1,0.67,0.67
47,16,1,7,3.23,0.4614285714285714
47,16,2,16,7.05,0.440625
47,16,3,2,0.18,0.09
47,16,4,12,0.72,0.06
47,19,0,8,11.97,1.49625
47,19,1,16,20.18,1.26125
47,19,2,18,21.99,1.2216666666666667
47,19,3,8,7.45,0.93125
47,19,4,6,4.68,0.7799999999999999
47,20,0,10,40.96,4.096
47,20,1,2,6.62,3.31
47,20,2,12,39.51,3.2925
47,20,3,6,16.2,2.6999999999999997
47,20,4,3,3.99,1.33
47,24,0,16,15.57,0.973125
47,24,1,5,3.21,0.642
47,24,2,11,6.05,0.5499999999999999
47,24,3,15,7.27,0.48466666666666663
47,24,4,17,2.04,0.12
47,25,0,1,3.22,3.22
47,25,1,10,29.27,2.927
47,25,2,6,7.19,1.1983333333333335
47,25,3,18,19.21,1.0672222222222223
47,25,4,8,2.89,0.36125
47,29,0,12,62.11,5.175833333333333
47,29,1,11,47.53,4.320909090909091
47,29,2,5,14.25,2.85
47,29,3,6,4.68,0.7799999999999999
47,29,4,19,6.44,0.33894736842105266
47,30,0,12,59.23,4.935833333333333
47,30,1,13,34.43,2.6484615384615386
47,30,2,8,20.9,2.6125
47,30,3,15,27.78,1.852
47,30,4,12,7.88,0.6566666666666666
47,33,0,18,122.78,6.821111111111112
47,33,1,13,75.13,5.779230769230769
47,33,2,8,25.9,3.2375
47,33,3,20,55.98,2.799
47,33,4,16,41.83,2.614375
47,34,0,8,31.6,3.95
47,34,1,16,52.06,3.25375
47,34,2,6,17.5,2.9166666666666665
47,34,3,14,33.48,2.391428571428571
47,34,4,14,20.3,1.45
47,38,0,20,216.48,10.824
47,38,1,15,152.08,10.138666666666667
47,38,2,17,128.51,7.559411764705882
47,38,3,10,57.86,5.786
47,38,4,10,35.72,3.572
47,46,0,18,43.45,2.413888888888889
47,46,1,2,3.03,1.515
47,46,2,15,17.89,1.1926666666666668
47,46,3,14,13.39,0.9564285714285715
47,46,4,12,7.53,0.6275000000000001
47,49,0,18,32.58,1.8099999999999998
47,49,1,15,26.15,1.7433333333333332
47,49,2,4,6.83,1.7075
47,49,3,3,1.79,0.5966666666666667
47,49,4,4,1.94,0.485
47,50,0,12,114.13,9.510833333333332
47,50,1,14,126.04,9.002857142857144
47,50,2,3,16.44,5.48
47,50,3,7,36.22,5.174285714285714
47,50,4,2,9.34,4.67
47,51,0,18,17.39,0.9661111111111111
47,51,1,16,13.46,0.84125
47,51,2,6,3.06,0.51
47,51,3,19,3.13,0.16473684210526315
47,51,4,8,1.07,0.13375
47,54,0,15,43.22,2.881333333333333
47,54,1,17,23.73,1.3958823529411766
47,54,2,6,8.12,1.3533333333333333
47,54,3,9,10.36,1.151111111111111
47,54,4,7,5.65,0.8071428571428572
47,60,0,16,30.91,1.931875
47,60,1,10,13.83,1.383
47,60,2,3,3.39,1.1300000000000001
47,60,3,20,12.98,0.649
47,60,4,16,10.19,0.636875
47,66,0,11,51.49,4.680909090909091
47,66,1,12,36.9,3.0749999999999997
47,66,2,20,54.85,2.7425
47,66,3,10,18.87,1.887
47,66,4,3,1.37,0.4566666666666667
47,69,0,4,3.08,0.77
47,69,1,13,8.59,0.6607692307692308
47,69,2,9,3.33,0.37
47,69,3,13,3.72,0.28615384615384615
47,69,4,12,2.81,0.23416666666666666
47,70,0,5,18.04,3.6079999999999997
47,70,1,1,2.97,2.97
47,70,2,20,36.09,1.8045000000000002
47,70,3,2,2.33,1.165
47,70,4,16,17.49,1.093125
47,73,0,3,23.31,7.77
47,73,1,5,37.92,7.5840000000000005
47,73,2,13,90.19,6.937692307692307
47,73,3,18,89.09,4.9494444444444445
47,73,4,16,25.7,1.60625
47,74,0,18,77.09,4.282777777777778
47,74,1,13,52.02,4.001538461538462
47,74,2,18,61.0,3.388888888888889
47,74,3,4,8.63,2.1575
47,74,4,5,8.15,1.6300000000000001
47,75,0,20,30.54,1.527
47,75,1,4,4.35,1.0875
47,75,2,7,7.53,1.0757142857142858
47,75,3,2,1.37,0.685
47,75,4,8,1.99,0.24875
47,77,0,14,42.98,3.07
47,77,1,9,26.22,2.913333333333333
47,77,2,16,35.73,2.233125
47,77,3,12,20.13,1.6775
47,77,4,9,4.43,0.49222222222222217
47,79,0,15,137.04,9.136
47,79,1,1,8.0,8.0
47,79,2,16,103.38,6.46125
47,79,3,2,9.36,4.68
47,79,4,3,1.99,0.6633333333333333
47,80,0,4,14.03,3.5075
47,80,1,9,26.33,2.9255555555555555
47,80,2,13,35.0,2.6923076923076925
47,80,3,2,3.48,1.74
47,80,4,5,1.18,0.236
47,82,0,20,109.25,5.4625
47,82,1,10,44.89,4.489
47,82,2,8,35.53,4.44125
47,82,3,11,27.46,2.4963636363636366
47,82,4,18,31.31,1.7394444444444443
47,84,0,12,85.82,7.151666666666666
47,84,1,6,37.3,6.216666666666666
47,84,2,12,56.17,4.680833333333333
47,84,3,14,9.06,0.6471428571428571
47,84,4,2,0.9,0.45
47,85,0,19,152.15,8.007894736842106
47,85,1,6,38.02,6.336666666666667
47,85,2,15,84.03,5.602
47,85,3,6,32.17,5.361666666666667
47,85,4,6,10.45,1.7416666666666665
47,87,0,12,38.98,3.248333333333333
47,87,1,10,19.6,1.9600000000000002
47,87,2,8,10.72,1.34
47,87,3,13,8.7,0.6692307692307692
47,87,4,1,0.44,0.44
47,88,0,3,10.09,3.3633333333333333
47,88,1,6,15.54,2.59
47,88,2,1,1.2,1.2
47,88,3,9,5.32,0.5911111111111111
47,88,4,13,3.85,0.29615384615384616
47,89,0,16,172.44,10.7775
47,89,1,16,76.49,4.780625
47,89,2,10,36.31,3.6310000000000002
47,89,3,17,58.77,3.4570588235294117
47,89,4,18,36.79,2.0438888888888886
47,90,0,15,44.88,2.992
47,90,1,6,12.94,2.1566666666666667
47,90,2,7,12.71,1.8157142857142858
47,90,3,5,8.89,1.778
47,90,4,19,15.69,0.8257894736842105
47,93,0,1,6.19,6.19
47,93,1,18,94.43,5.246111111111111
47,93,2,15,77.42,5.161333333333333
47,93,3,18,60.32,3.351111111111111
47,93,4,11,32.77,2.9790909090909095
47,94,0,11,47.53,4.320909090909091
47,94,1,16,66.49,4.155625
47,94,2,9,17.46,1.9400000000000002
47,94,3,2,2.51,1.255
47,94,4,1,0.92,0.92
47,97,0,7,8.98,1.282857142857143
47,97,1,13,13.26,1.02
47,97,2,1,0.59,0.59
47,97,3,15,8.04,0.5359999999999999
47,97,4,6,0.77,0.12833333333333333
49,1,0,20,71.14,3.557
49,1,1,1,2.98,2.98
49,1,2,10,11.49,1.149
49,1,3,17,14.76,0.868235294117647
49,1,4,20,12.33,0.6165
49,3,0,1,2.56,2.56
49,3,1,2,5.06,2.53
49,3,2,16,36.47,2.279375
49,3,3,2,4.34,2.17
49,3,4,5,7.21,1.442
49,5,0,13,12.88,0.9907692307692308
49,5,1,10,1.43,0.143
49,5,2,13,1.65,0.12692307692307692
49,5,3,14,1.31,0.09357142857142857
49,5,4,10,0.74,0.074
49,8,0,12,24.31,2.0258333333333334
49,8,1,11,14.8,1.3454545454545455
49,8,2,14,8.44,0.6028571428571429
49,8,3,13,4.29,0.33
49,8,4,11,1.31,0.1190909090909091
49,16,0,11,12.87,1.17
49,16,1,20,23.36,1.168
49,16,2,7,6.79,0.97
49,16,3,5,2.71,0.542
49,16,4,5,1.06,0.21200000000000002
49,19,0,9,3.44,0.38222222222222224
49,19,1,12,4.27,0.3558333333333333
49,19,2,9,2.44,0.2711111111111111
49,19,3,10,2.61,0.261
49,19,4,18,2.13,0.11833333333333333
49,20,0,14,28.64,2.045714285714286
49,20,1,20,24.37,1.2185000000000001
49,20,2,14,12.54,0.8957142857142857
49,20,3,17,10.42,0.6129411764705882
49,20,4,18,6.45,0.35833333333333334
49,24,0,15,13.96,0.9306666666666668
49,24,1,1,0.64,0.64
49,24,2,18,9.18,0.51
49,24,3,3,1.5,0.5
49,24,4,7,2.86,0.40857142857142853
49,25,0,16,16.91,1.056875
49,25,1,5,4.85,0.97
49,25,2,17,10.84,0.6376470588235295
49,25,3,14,7.29,0.5207142857142857
49,25,4,14,2.32,0.1657142857142857
49,29,0,9,41.24,4.582222222222223
49,29,1,15,61.86,4.124
49,29,2,6,23.42,3.9033333333333338
49,29,3,10,29.63,2.963
49,29,4,18,26.58,1.4766666666666666
49,30,0,20,59.01,2.9505
49,30,1,11,30.45,2.768181818181818
49,30,2,16,39.13,2.445625
49,30,3,20,7.04,0.352
49,30,4,16,5.29,0.330625
49,33,0,1,3.99,3.99
49,33,1,1,3.12,3.12
49,33,2,2,5.52,2.76
49,33,3,8,18.16,2.27
49,33,4,2,4.46,2.23
49,34,0,14,28.53,2.037857142857143
49,34,1,9,16.99,1.8877777777777776
49,34,2,14,15.79,1.127857142857143
49,34,3,19,15.6,0.8210526315789474
49,34,4,17,10.05,0.5911764705882353
49,38,0,5,46.43,9.286
49,38,1,5,34.73,6.946
49,38,2,6,34.43,5.738333333333333
49,38,3,7,28.43,4.061428571428571
49,38,4,1,2.46,2.46
49,46,0,8,9.4,1.175
49,46,1,4,3.76,0.94
49,46,2,1,0.42,0.42
49,46,3,7,1.93,0.2757142857142857
49,46,4,6,1.05,0.17500000000000002
49,47,0,2,3.51,1.755
49,47,1,5,8.77,1.754
49,47,2,14,24.32,1.737142857142857
49,47,3,14,19.33,1.3807142857142856
49,47,4,11,3.43,0.3118181818181818
49,50,0,15,120.01,8.000666666666667
49,50,1,7,36.76,5.251428571428571
49,50,2,18,79.41,4.411666666666666
49,50,3,7,12.57,1.7957142857142858
49,50,4,20,13.99,0.6995
49,51,0,6,3.7,0.6166666666666667
49,51,1,15,7.51,0.5006666666666667
49,51,2,16,7.4,0.4625
49,51,3,20,3.25,0.1625
49,51,4,18,2.5,0.1388888888888889
49,54,0,19,17.12,0.9010526315789474
49,54,1,15,11.87,0.7913333333333333
49,54,2,20,15.09,0.7545
49,54,3,1,0.33,0.33
49,54,4,2,0.57,0.285
49,60,0,17,33.78,1.9870588235294118
49,60,1,1,1.15,1.15
49,60,2,9,9.02,1.0022222222222221
49,60,3,5,1.33,0.266
49,60,4,8,1.43,0.17875
49,66,0,13,48.33,3.7176923076923076
49,66,1,7,25.15,3.5928571428571425
49,66,2,17,32.36,1.903529411764706
49,66,3,10,17.15,1.7149999999999999
49,66,4,3,3.1,1.0333333333333334
49,69,0,14,11.1,0.7928571428571428
49,69,1,6,4.23,0.7050000000000001
49,69,2,18,8.13,0.4516666666666667
49,69,3,8,2.79,0.34875
49,69,4,17,5.17,0.30411764705882355
49,70,0,18,32.99,1.8327777777777778
49,70,1,2,3.18,1.59
49,70,2,4,5.19,1.2975
49,70,3,1,1.23,1.23
49,70,4,20,12.45,0.6224999999999999
49,73,0,10,71.48,7.148000000000001
49,73,1,19,120.98,6.367368421052632
49,73,2,11,65.18,5.925454545454546
49,73,3,5,27.37,5.474
49,73,4,17,77.41,4.553529411764706
49,74,0,18,28.01,1.5561111111111112
49,74,1,16,19.64,1.2275
49,74,2,1,0.99,0.99
49,74,3,17,10.84,0.6376470588235295
49,74,4,13,7.66,0.5892307692307692
49,75,0,15,17.7,1.18
49,75,1,10,10.69,1.069
49,75,2,20,20.5,1.025
49,75,3,5,2.89,0.5780000000000001
49,75,4,20,6.63,0.3315
49,77,0,19,42.59,2.241578947368421
49,77,1,10,19.98,1.998
49,77,2,18,33.08,1.8377777777777777
49,77,3,20,36.51,1.8255
49,77,4,10,14.15,1.415
49,79,0,9,63.02,7.002222222222223
49,79,1,1,5.93,5.93
49,79,2,8,33.65,4.20625
49,79,3,8,20.84,2.605
49,79,4,19,21.11,1.1110526315789473
49,80,0,10,18.9,1.89
49,80,1,3,4.58,1.5266666666666666
49,80,2,17,23.01,1.3535294117647059
49,80,3,20,24.42,1.221
49,80,4,16,5.14,0.32125
49,82,0,18,126.24,7.013333333333333
49,82,1,12,73.59,6.1325
49,82,2,18,38.66,2.147777777777778
49,82,3,14,29.16,2.0828571428571427
49,82,4,4,5.4,1.35
49,84,0,4,29.95,7.4875
49,84,1,16,116.63,7.289375
49,84,2,13,94.1,7.238461538461538
49,84,3,14,86.31,6.165
49,84,4,11,42.7,3.8818181818181823
49,85,0,1,8.15,8.15
49,85,1,5,36.52,7.304
49,85,2,14,93.68,6.691428571428572
49,85,3,7,31.01,4.430000000000001
49,85,4,11,16.8,1.5272727272727273
49,87,0,13,37.2,2.8615384615384616
49,87,1,8,12.55,1.56875
49,87,2,16,14.68,0.9175
49,87,3,19,13.85,0.7289473684210526
49,87,4,10,4.39,0.43899999999999995
49,88,0,11,23.16,2.1054545454545455
49,88,1,5,8.07,1.614
49,88,2,13,16.2,1.2461538461538462
49,88,3,10,11.45,1.145
49,88,4,20,19.45,0.9724999999999999
49,89,0,16,116.02,7.25125
49,89,1,14,41.29,2.9492857142857143
49,89,2,10,18.02,1.802
49,89,3,5,7.28,1.456
49,89,4,10,4.97,0.497
49,90,0,18,45.93,2.5516666666666667
49,90,1,2,1.82,0.91
49,90,2,9,6.51,0.7233333333333333
49,90,3,12,6.77,0.5641666666666666
49,90,4,11,5.82,0.5290909090909092
49,93,0,18,102.11,5.672777777777778
49,93,1,19,94.92,4.99578947368421
49,93,2,9,29.5,3.2777777777777777
49,93,3,10,12.55,1.2550000000000001
49,93,4,18,17.84,0.991111111111111
49,94,0,15,49.96,3.3306666666666667
49,94,1,6,16.19,2.6983333333333337
49,94,2,18,35.24,1.9577777777777778
49,94,3,10,14.22,1.4220000000000002
49,94,4,12,6.07,0.5058333333333334
49,97,0,1,3.15,3.15
49,97,1,17,42.14,2.478823529411765
49,97,2,1,1.82,1.82
49,97,3,14,14.39,1.0278571428571428
49,97,4,10,3.41,0.341
50,1,0,11,77.63,7.057272727272727
50,1,1,12,81.77,6.814166666666666
50,1,2,12,56.14,4.678333333333334
50,1,3,5,21.89,4.378
50,1,4,15,12.87,0.858
50,3,0,10,106.31,10.631
50,3,1,3,29.86,9.953333333333333
50,3,2,2,19.03,9.515
50,3,3,19,129.97,6.840526315789473
50,3,4,18,23.28,1.2933333333333334
50,5,0,3,17.18,5.726666666666667
50,5,1,13,62.96,4.843076923076923
50,5,2,11,29.88,2.7163636363636363
50,5,3,4,3.31,0.8275
50,5,4,14,9.09,0.6492857142857142
50,8,0,18,182.92,10.162222222222221
50,8,1,8,34.44,4.305
50,8,2,2,6.26,3.13
50,8,3,14,33.77,2.4121428571428574
50,8,4,16,17.34,1.08375
50,16,0,9,71.28,7.92
50,16,1,8,39.96,4.995
50,16,2,17,84.58,4.975294117647059
50,16,3,16,75.45,4.715625
50,16,4,20,31.08,1.5539999999999998
50,19,0,14,111.64,7.974285714285714
50,19,1,1,5.62,5.62
50,19,2,12,58.59,4.8825
50,19,3,17,57.03,3.3547058823529414
50,19,4,1,3.15,3.15
50,20,0,4,26.22,6.555
50,20,1,19,123.2,6.484210526315789
50,20,2,10,57.61,5.761
50,20,3,20,111.27,5.5634999999999994
50,20,4,3,3.31,1.1033333333333333
50,24,0,15,142.07,9.471333333333332
50,24,1,19,165.3,8.700000000000001
50,24,2,8,67.33,8.41625
50,24,3,1,7.7,7.7
50,24,4,6,41.66,6.9433333333333325
50,25,0,13,106.11,8.162307692307692
50,25,1,19,151.36,7.966315789473685
50,25,2,13,50.5,3.8846153846153846
50,25,3,16,33.51,2.094375
50,25,4,10,13.23,1.323
50,29,0,7,20.7,2.957142857142857
50,29,1,8,23.65,2.95625
50,29,2,3,7.78,2.5933333333333333
50,29,3,13,13.06,1.0046153846153847
50,29,4,10,9.07,0.907
50,30,0,3,17.65,5.883333333333333
50,30,1,14,75.76,5.411428571428572
50,30,2,17,63.41,3.73
50,30,3,3,10.5,3.5
50,30,4,14,31.87,2.2764285714285717
50,33,0,1,2.32,2.32
50,33,1,8,10.71,1.33875
50,33,2,10,3.49,0.34900000000000003
50,33,3,17,3.52,0.20705882352941177
50,33,4,14,1.9,0.1357142857142857
50,34,0,4,35.46,8.865
50,34,1,11,82.98,7.543636363636364
50,34,2,2,12.9,6.45
50,34,3,13,75.71,5.823846153846153
50,34,4,15,68.79,4.586
50,38,0,1,1.2,1.2
50,38,1,10,6.26,0.626
50,38,2,6,2.51,0.4183333333333333
50,38,3,12,2.46,0.205
50,38,4,20,1.18,0.059
50,46,0,17,116.28,6.84
50,46,1,20,135.1,6.755
50,46,2,3,17.46,5.82
50,46,3,11,22.43,2.039090909090909
50,46,4,17,19.61,1.153529411764706
50,47,0,9,83.04,9.226666666666667
50,47,1,7,31.96,4.565714285714286
50,47,2,13,24.78,1.9061538461538463
50,47,3,10,9.07,0.907
50,47,4,16,6.61,0.413125
50,49,0,13,72.73,5.594615384615385
50,49,1,6,23.23,3.8716666666666666
50,49,2,9,17.94,1.9933333333333334
50,49,3,2,2.46,1.23
50,49,4,3,2.93,0.9766666666666667
50,51,0,10,78.56,7.856
50,51,1,2,14.6,7.3
50,51,2,7,38.49,5.498571428571429
50,51,3,12,33.45,2.7875
50,51,4,16,20.06,1.25375
50,54,0,3,21.05,7.016666666666667
50,54,1,14,64.11,4.579285714285715
50,54,2,4,17.78,4.445
50,54,3,19,32.47,1.7089473684210525
50,54,4,17,14.57,0.8570588235294118
50,60,0,8,62.7,7.8375
50,60,1,6,30.62,5.1033333333333335
50,60,2,15,39.65,2.643333333333333
50,60,3,18,35.46,1.97
50,60,4,12,14.8,1.2333333333333334
50,66,0,18,86.06,4.7811111111111115
50,66,1,9,28.62,3.18
50,66,2,15,28.11,1.8739999999999999
50,66,3,20,35.31,1.7655
50,66,4,6,9.37,1.5616666666666665
50,69,0,15,59.37,3.9579999999999997
50,69,1,4,12.36,3.09
50,69,2,18,32.07,1.7816666666666667
50,69,3,18,17.96,0.9977777777777779
50,69,4,19,16.72,0.8799999999999999
50,70,0,12,128.72,10.726666666666667
50,70,1,11,112.22,10.201818181818181
50,70,2,17,139.61,8.212352941176471
50,70,3,10,51.4,5.14
50,70,4,13,36.1,2.776923076923077
50,73,0,6,22.83,3.8049999999999997
50,73,1,6,13.83,2.305
50,73,2,5,8.38,1.6760000000000002
50,73,3,20,32.05,1.6024999999999998
50,73,4,14,7.73,0.5521428571428572
50,74,0,4,44.45,11.1125
50,74,1,16,142.49,8.905625
50,74,2,1,5.72,5.72
50,74,3,8,34.64,4.33
50,74,4,16,16.99,1.061875
50,75,0,5,45.21,9.042
50,75,1,10,81.84,8.184000000000001
50,75,2,7,49.08,7.011428571428572
50,75,3,6,13.2,2.1999999999999997
50,75,4,17,29.92,1.76
50,77,0,3,28.44,9.48
50,77,1,15,135.23,9.015333333333333
50,77,2,12,100.18,8.348333333333334
50,77,3,14,89.49,6.392142857142857
50,77,4,6,6.74,1.1233333333333333
50,79,0,17,26.68,1.5694117647058823
50,79,1,3,4.29,1.43
50,79,2,14,14.75,1.0535714285714286
50,79,3,10,9.73,0.9730000000000001
50,79,4,12,5.31,0.44249999999999995
50,80,0,8,42.13,5.26625
50,80,1,5,17.24,3.4479999999999995
50,80,2,13,38.03,2.9253846153846155
50,80,3,17,19.64,1.1552941176470588
50,80,4,8,8.72,1.09
50,82,0,20,15.04,0.752
50,82,1,2,0.97,0.485
50,82,2,20,9.12,0.45599999999999996
50,82,3,19,7.94,0.41789473684210526
50,82,4,19,5.74,0.30210526315789477
50,84,0,4,3.66,0.915
50,84,1,1,0.64,0.64
50,84,2,6,3.76,0.6266666666666666
50,84,3,8,4.1,0.5125
50,84,4,8,3.46,0.4325
50,85,0,2,2.43,1.215
50,85,1,13,12.93,0.9946153846153846
50,85,2,17,16.89,0.9935294117647059
50,85,3,4,2.51,0.6275
50,85,4,1,0.12,0.12
50,87,0,16,93.33,5.833125
50,87,1,17,81.5,4.794117647058823
50,87,2,17,41.06,2.415294117647059
50,87,3,3,5.13,1.71
50,87,4,10,12.13,1.213
50,88,0,17,117.32,6.901176470588235
50,88,1,17,109.36,6.432941176470588
50,88,2,14,69.28,4.948571428571428
50,88,3,4,18.6,4.65
50,88,4,18,49.75,2.763888888888889
50,89,0,1,2.95,2.95
50,89,1,2,5.25,2.625
50,89,2,17,40.4,2.376470588235294
50,89,3,19,33.81,1.7794736842105265
50,89,4,4,0.94,0.235
50,90,0,9,39.88,4.431111111111111
50,90,1,8,21.26,2.6575
50,90,2,20,43.9,2.195
50,90,3,10,14.13,1.413
50,90,4,17,15.9,0.9352941176470588
50,93,0,9,10.76,1.1955555555555555
50,93,1,3,2.96,0.9866666666666667
50,93,2,5,3.09,0.618
50,93,3,19,6.88,0.3621052631578947
50,93,4,1,0.25,0.25
50,94,0,10,36.9,3.69
50,94,1,13,32.13,2.471538461538462
50,94,2,15,7.35,0.49
50,94,3,12,5.71,0.47583333333333333
50,94,4,19,4.33,0.22789473684210526
50,97,0,4,37.73,9.4325
50,97,1,15,34.13,2.2753333333333337
50,97,2,7,5.95,0.85
50,97,3,20,15.01,0.7505
50,97,4,18,9.47,0.5261111111111112
51,1,0,5,12.68,2.536
51,1,1,13,25.93,1.9946153846153847
51,1,2,6,9.09,1.515
51,1,3,10,8.91,0.891
51,1,4,11,8.64,0.7854545454545455
51,3,0,3,7.78,2.5933333333333333
51,3,1,14,26.82,1.9157142857142857
51,3,2,7,13.01,1.8585714285714285
51,3,3,15,27.01,1.8006666666666669
51,3,4,12,7.7,0.6416666666666667
51,5,0,11,17.97,1.6336363636363636
51,5,1,18,20.5,1.1388888888888888
51,5,2,5,3.33,0.666
51,5,3,9,5.75,0.6388888888888888
51,5,4,10,2.18,0.21800000000000003
51,8,0,2,3.39,1.695
51,8,1,7,9.67,1.3814285714285715
51,8,2,19,21.34,1.1231578947368421
51,8,3,2,1.99,0.995
51,8,4,11,7.7,0.7000000000000001
51,16,0,7,15.09,2.1557142857142857
51,16,1,16,31.42,1.96375
51,16,2,8,14.42,1.8025
51,16,3,16,26.95,1.684375
51,16,4,13,10.55,0.8115384615384615
51,19,0,10,8.12,0.8119999999999999
51,19,1,9,6.68,0.7422222222222222
51,19,2,13,9.23,0.7100000000000001
51,19,3,14,5.49,0.3921428571428572
51,19,4,15,5.44,0.3626666666666667
51,20,0,15,20.03,1.3353333333333335
51,20,1,20,18.8,0.9400000000000001
51,20,2,14,11.82,0.8442857142857143
51,20,3,14,6.7,0.4785714285714286
51,20,4,13,3.8,0.29230769230769227
51,24,0,15,17.77,1.1846666666666665
51,24,1,6,5.44,0.9066666666666667
51,24,2,14,8.16,0.5828571428571429
51,24,3,5,1.31,0.262
51,24,4,19,3.78,0.19894736842105262
51,25,0,8,4.65,0.58125
51,25,1,3,1.53,0.51
51,25,2,7,3.47,0.4957142857142857
51,25,3,16,7.06,0.44125
51,25,4,7,2.75,0.39285714285714285
51,29,0,9,43.8,4.866666666666666
51,29,1,6,22.16,3.6933333333333334
51,29,2,11,30.8,2.8000000000000003
51,29,3,8,7.09,0.88625
51,29,4,20,7.67,0.3835
51,30,0,12,31.84,2.6533333333333333
51,30,1,13,20.96,1.6123076923076924
51,30,2,4,5.67,1.4175
51,30,3,8,3.84,0.48
51,30,4,4,0.69,0.1725
51,33,0,19,96.9,5.1000000000000005
51,33,1,11,51.71,4.700909090909091
51,33,2,15,46.82,3.1213333333333333
51,33,3,15,35.38,2.3586666666666667
51,33,4,4,6.43,1.6075
51,34,0,2,3.18,1.59
51,34,1,7,9.04,1.2914285714285714
51,34,2,2,1.95,0.975
51,34,3,12,9.45,0.7875
51,34,4,4,1.85,0.4625
51,38,0,6,49.57,8.261666666666667
51,38,1,9,71.52,7.946666666666666
51,38,2,8,43.66,5.4575
51,38,3,10,50.91,5.090999999999999
51,38,4,6,26.1,4.3500000000000005
51,46,0,4,8.9,2.225
51,46,1,18,35.16,1.9533333333333331
51,46,2,20,28.06,1.403
51,46,3,11,10.13,0.920909090909091
51,46,4,2,1.21,0.605
51,47,0,2,4.91,2.455
51,47,1,8,17.34,2.1675
51,47,2,20,22.92,1.1460000000000001
51,47,3,19,12.68,0.6673684210526316
51,47,4,14,5.9,0.42142857142857143
51,49,0,1,0.7,0.7
51,49,1,7,4.51,0.6442857142857142
51,49,2,13,4.18,0.3215384615384615
51,49,3,11,2.73,0.24818181818181817
51,49,4,3,0.31,0.10333333333333333
51,50,0,8,66.28,8.285
51,50,1,7,15.85,2.2642857142857142
51,50,2,3,5.22,1.74
51,50,3,1,0.79,0.79
51,50,4,13,4.47,0.3438461538461538
51,54,0,9,1.62,0.18000000000000002
51,54,1,7,1.01,0.1442857142857143
51,54,2,10,0.87,0.087
51,54,3,19,1.07,0.056315789473684215
51,54,4,19,0.95,0.049999999999999996
51,60,0,14,34.56,2.468571428571429
51,60,1,18,31.58,1.7544444444444443
51,60,2,3,5.12,1.7066666666666668
51,60,3,11,12.62,1.1472727272727272
51,60,4,17,12.54,0.7376470588235293
51,66,0,14,37.54,2.6814285714285715
51,66,1,7,18.58,2.654285714285714
51,66,2,8,20.29,2.53625
51,66,3,6,14.62,2.4366666666666665
51,66,4,17,17.97,1.0570588235294116
51,69,0,16,28.15,1.759375
51,69,1,1,1.72,1.72
51,69,2,18,24.76,1.3755555555555556
51,69,3,18,16.14,0.8966666666666667
51,69,4,19,9.76,0.5136842105263157
51,70,0,9,19.08,2.1199999999999997
51,70,1,8,15.66,1.9575
51,70,2,15,21.14,1.4093333333333333
51,70,3,18,10.78,0.5988888888888888
51,70,4,1,0.5,0.5
51,73,0,2,10.66,5.33
51,73,1,9,37.26,4.14
51,73,2,12,41.71,3.4758333333333336
51,73,3,17,29.79,1.7523529411764704
51,73,4,2,3.04,1.52
51,74,0,12,42.42,3.535
51,74,1,19,46.45,2.444736842105263
51,74,2,20,35.11,1.7555
51,74,3,13,12.86,0.9892307692307691
51,74,4,15,14.44,0.9626666666666667
51,75,0,11,16.92,1.5381818181818183
51,75,1,5,7.56,1.512
51,75,2,16,12.8,0.8
51,75,3,17,12.09,0.7111764705882353
51,75,4,10,5.61,0.561
51,77,0,11,24.05,2.1863636363636365
51,77,1,14,29.94,2.138571428571429
51,77,2,12,24.08,2.0066666666666664
51,77,3,10,15.19,1.519
51,77,4,16,9.28,0.58
51,79,0,16,149.34,9.33375
51,79,1,14,78.2,5.585714285714286
51,79,2,19,29.01,1.526842105263158
51,79,3,10,14.75,1.475
51,79,4,3,2.4,0.7999999999999999
51,80,0,6,8.43,1.405
51,80,1,6,8.21,1.3683333333333334
51,80,2,15,12.66,0.844
51,80,3,17,4.08,0.24
51,80,4,2,0.25,0.125
51,82,0,12,84.07,7.0058333333333325
51,82,1,2,10.12,5.06
51,82,2,15,64.37,4.291333333333333
51,82,3,4,14.96,3.74
51,82,4,9,29.88,3.32
51,84,0,17,115.5,6.794117647058823
51,84,1,19,111.42,5.86421052631579
51,84,2,4,22.31,5.5775
51,84,3,6,22.99,3.8316666666666666
51,84,4,9,9.81,1.09
51,85,0,5,29.04,5.808
51,85,1,20,105.47,5.2735
51,85,2,16,73.43,4.589375
51,85,3,18,72.13,4.007222222222222
51,85,4,19,59.42,3.1273684210526316
51,87,0,10,32.08,3.2079999999999997
51,87,1,3,8.76,2.92
51,87,2,12,30.79,2.5658333333333334
51,87,3,4,3.04,0.76
51,87,4,16,2.23,0.139375
51,88,0,6,5.02,0.8366666666666666
51,88,1,1,0.45,0.45
51,88,2,19,8.0,0.42105263157894735
51,88,3,10,2.75,0.275
51,88,4,10,1.06,0.10600000000000001
51,89,0,4,23.32,5.83
51,89,1,10,41.62,4.162
51,89,2,16,61.02,3.81375
51,89,3,20,49.58,2.479
51,89,4,2,4.67,2.335
51,90,0,7,17.05,2.435714285714286
51,90,1,14,31.9,2.2785714285714285
51,90,2,20,38.22,1.911
51,90,3,11,19.86,1.8054545454545454
51,90,4,5,8.98,1.796
51,93,0,6,43.54,7.256666666666667
51,93,1,6,32.91,5.484999999999999
51,93,2,6,31.87,5.3116666666666665
51,93,3,11,46.77,4.251818181818182
51,93,4,2,3.98,1.99
51,94,0,14,17.92,1.28
51,94,1,4,5.11,1.2775
51,94,2,1,1.11,1.11
51,94,3,8,4.68,0.585
51,94,4,3,1.6,0.5333333333333333
51,97,0,3,6.64,2.2133333333333334
51,97,1,1,1.74,1.74
51,97,2,17,19.4,1.1411764705882352
51,97,3,2,1.91,0.955
51,97,4,5,1.91,0.382
54,1,0,18,53.23,2.957222222222222
54,1,1,11,12.87,1.17
54,1,2,8,8.95,1.11875
54,1,3,7,5.95,0.85
54,1,4,19,5.6,0.29473684210526313
54,3,0,7,16.82,2.402857142857143
54,3,1,16,32.95,2.059375
54,3,2,15,15.99,1.066
54,3,3,12,4.35,0.3625
54,3,4,11,2.62,0.2381818181818182
54,5,0,13,22.83,1.756153846153846
54,5,1,2,2.51,1.255
54,5,2,20,13.24,0.662
54,5,3,6,3.83,0.6383333333333333
54,5,4,3,1.48,0.49333333333333335
54,8,0,17,39.42,2.3188235294117647
54,8,1,14,25.36,1.8114285714285714
54,8,2,16,28.82,1.80125
54,8,3,15,10.2,0.6799999999999999
54,8,4,9,1.3,0.14444444444444446
54,16,0,11,18.43,1.6754545454545455
54,16,1,11,16.64,1.5127272727272727
54,16,2,6,7.07,1.1783333333333335
54,16,3,15,15.28,1.0186666666666666
54,16,4,12,11.42,0.9516666666666667
54,19,0,8,8.27,1.03375
54,19,1,17,8.87,0.5217647058823529
54,19,2,19,8.23,0.43315789473684213
54,19,3,19,7.66,0.4031578947368421
54,19,4,7,1.99,0.2842857142857143
54,20,0,12,9.45,0.7875
54,20,1,12,7.89,0.6575
54,20,2,13,5.65,0.4346153846153846
54,20,3,2,0.44,0.22
54,20,4,15,2.28,0.152
54,24,0,18,34.66,1.9255555555555555
54,24,1,14,19.66,1.4042857142857144
54,24,2,15,11.87,0.7913333333333333
54,24,3,4,0.84,0.21
54,24,4,4,0.83,0.2075
54,25,0,7,6.38,0.9114285714285714
54,25,1,18,14.16,0.7866666666666666
54,25,2,5,1.82,0.364
54,25,3,20,3.5,0.175
54,25,4,8,1.12,0.14
54,29,0,1,3.92,3.92
54,29,1,5,17.17,3.434
54,29,2,16,48.36,3.0225
54,29,3,7,16.91,2.415714285714286
54,29,4,10,13.62,1.3619999999999999
54,30,0,6,13.61,2.268333333333333
54,30,1,1,2.21,2.21
54,30,2,2,3.14,1.57
54,30,3,15,22.69,1.5126666666666668
54,30,4,17,24.33,1.4311764705882353
54,33,0,9,45.38,5.042222222222223
54,33,1,17,51.33,3.0194117647058825
54,33,2,18,45.88,2.548888888888889
54,33,3,17,39.36,2.315294117647059
54,33,4,3,6.54,2.18
54,34,0,14,23.15,1.6535714285714285
54,34,1,7,7.87,1.1242857142857143
54,34,2,16,8.58,0.53625
54,34,3,2,0.91,0.455
54,34,4,3,0.46,0.15333333333333335
54,38,0,17,154.12,9.065882352941177
54,38,1,9,49.13,5.45888888888889
54,38,2,1,2.91,2.91
54,38,3,14,35.17,2.5121428571428575
54,38,4,20,7.63,0.3815
54,46,0,15,34.06,2.2706666666666666
54,46,1,2,4.34,2.17
54,46,2,1,1.97,1.97
54,46,3,10,14.16,1.416
54,46,4,3,1.19,0.39666666666666667
54,47,0,20,49.31,2.4655
54,47,1,5,10.78,2.1559999999999997
54,47,2,15,24.62,1.6413333333333333
54,47,3,5,4.81,0.962
54,47,4,7,2.88,0.4114285714285714
54,49,0,1,0.81,0.81
54,49,1,14,9.65,0.6892857142857143
54,49,2,18,10.68,0.5933333333333333
54,49,3,7,2.14,0.3057142857142857
54,49,4,10,2.31,0.231
54,50,0,20,130.43,6.5215000000000005
54,50,1,3,13.61,4.536666666666666
54,50,2,18,77.2,4.288888888888889
54,50,3,6,12.73,2.1216666666666666
54,50,4,6,9.65,1.6083333333333334
54,51,0,7,1.97,0.2814285714285714
54,51,1,20,3.96,0.198
54,51,2,11,1.28,0.11636363636363636
54,51,3,13,1.5,0.11538461538461539
54,51,4,19,0.53,0.027894736842105264
54,60,0,12,30.35,2.529166666666667
54,60,1,2,4.36,2.18
54,60,2,8,10.52,1.315
54,60,3,5,3.81,0.762
54,60,4,6,2.94,0.49
54,66,0,19,58.5,3.0789473684210527
54,66,1,10,23.48,2.348
54,66,2,1,1.58,1.58
54,66,3,6,8.69,1.4483333333333333
54,66,4,19,10.48,0.5515789473684211
54,69,0,15,36.24,2.416
54,69,1,12,26.15,2.1791666666666667
54,69,2,12,21.26,1.7716666666666667
54,69,3,20,31.87,1.5935000000000001
54,69,4,16,25.28,1.58
54,70,0,1,2.66,2.66
54,70,1,11,26.41,2.400909090909091
54,70,2,15,35.42,2.3613333333333335
54,70,3,16,18.23,1.139375
54,70,4,18,8.52,0.47333333333333333
54,73,0,13,75.55,5.811538461538461
54,73,1,9,40.36,4.484444444444445
54,73,2,10,32.63,3.2630000000000003
54,73,3,5,14.5,2.9
54,73,4,13,5.31,0.40846153846153843
54,74,0,1,3.42,3.42
54,74,1,7,20.31,2.9014285714285712
54,74,2,4,10.07,2.5175
54,74,3,14,25.11,1.7935714285714286
54,74,4,3,0.68,0.22666666666666668
54,75,0,7,12.82,1.8314285714285714
54,75,1,1,1.68,1.68
54,75,2,15,16.89,1.1260000000000001
54,75,3,4,1.75,0.4375
54,75,4,19,5.21,0.27421052631578946
54,77,0,4,9.85,2.4625
54,77,1,7,17.02,2.4314285714285715
54,77,2,18,42.77,2.3761111111111113
54,77,3,17,27.24,1.6023529411764705
54,77,4,10,13.98,1.3980000000000001
54,79,0,4,15.04,3.76
54,79,1,6,19.42,3.236666666666667
54,79,2,16,49.12,3.07
54,79,3,11,31.21,2.8372727272727274
54,79,4,11,17.99,1.6354545454545453
54,80,0,3,3.74,1.2466666666666668
54,80,1,20,21.96,1.098
54,80,2,20,19.88,0.994
54,80,3,5,4.74,0.9480000000000001
54,80,4,12,2.55,0.2125
54,82,0,20,111.34,5.567
54,82,1,4,19.68,4.92
54,82,2,14,45.15,3.225
54,82,3,12,19.84,1.6533333333333333
54,82,4,1,1.56,1.56
54,84,0,17,134.36,7.903529411764707
54,84,1,13,99.51,7.654615384615385
54,84,2,8,29.67,3.70875
54,84,3,11,25.03,2.2754545454545454
54,84,4,13,18.19,1.3992307692307693
54,85,0,17,140.49,8.264117647058825
54,85,1,2,11.51,5.755
54,85,2,8,42.16,5.27
54,85,3,20,93.31,4.6655
54,85,4,15,8.91,0.594
54,87,0,7,20.99,2.998571428571428
54,87,1,12,24.66,2.055
54,87,2,11,16.2,1.4727272727272727
54,87,3,20,29.17,1.4585000000000001
54,87,4,1,0.87,0.87
54,88,0,11,13.24,1.2036363636363636
54,88,1,6,4.5,0.75
54,88,2,15,7.58,0.5053333333333333
54,88,3,3,0.8,0.26666666666666666
54,88,4,2,0.18,0.09
54,89,0,1,7.17,7.17
54,89,1,14,88.92,6.351428571428571
54,89,2,16,92.16,5.76
54,89,3,14,75.9,5.421428571428572
54,89,4,7,25.39,3.6271428571428572
54,90,0,1,2.89,2.89
54,90,1,5,13.86,2.772
54,90,2,20,54.54,2.727
54,90,3,15,17.34,1.156
54,90,4,10,11.08,1.108
54,93,0,13,76.0,5.846153846153846
54,93,1,13,55.94,4.303076923076923
54,93,2,11,37.26,3.387272727272727
54,93,3,16,44.88,2.805
54,93,4,14,23.87,1.705
54,94,0,18,51.0,2.8333333333333335
54,94,1,18,49.58,2.7544444444444443
54,94,2,9,20.17,2.2411111111111115
54,94,3,8,16.94,2.1175
54,94,4,16,16.21,1.013125
54,97,0,2,7.69,3.845
54,97,1,20,65.47,3.2735
54,97,2,18,34.43,1.9127777777777777
54,97,3,9,15.6,1.7333333333333334
54,97,4,4,1.7,0.425
60,1,0,14,78.15,5.582142857142857
60,1,1,14,66.93,4.780714285714287
60,1,2,3,13.4,4.466666666666667
60,1,3,20,71.97,3.5985
60,1,4,19,42.5,2.236842105263158
60,3,0,1,4.72,4.72
60,3,1,12,46.67,3.8891666666666667
60,3,2,12,29.57,2.464166666666667
60,3,3,11,19.88,1.8072727272727271
60,3,4,14,20.33,1.452142857142857
60,5,0,4,8.12,2.03
60,5,1,18,26.58,1.4766666666666666
60,5,2,12,15.21,1.2675
60,5,3,10,12.49,1.249
60,5,4,3,2.96,0.9866666666666667
60,8,0,7,23.27,3.3242857142857143
60,8,1,13,41.91,3.2238461538461536
60,8,2,4,9.25,2.3125
60,8,3,6,8.66,1.4433333333333334
60,8,4,3,1.75,0.5833333333333334
60,16,0,4,9.6,2.4
60,16,1,14,23.15,1.6535714285714285
60,16,2,4,2.7,0.675
60,16,3,19,9.88,0.52
60,16,4,18,3.9,0.21666666666666667
60,19,0,2,3.12,1.56
60,19,1,10,10.27,1.027
60,19,2,3,2.88,0.96
60,19,3,2,1.77,0.885
60,19,4,15,8.15,0.5433333333333333
60,20,0,7,21.36,3.051428571428571
60,20,1,14,42.29,3.0207142857142855
60,20,2,18,40.24,2.2355555555555555
60,20,3,10,8.27,0.827
60,20,4,13,3.6,0.27692307692307694
60,24,0,5,11.75,2.35
60,24,1,7,11.9,1.7
60,24,2,12,18.93,1.5775
60,24,3,2,2.82,1.41
60,24,4,19,6.7,0.3526315789473684
60,25,0,19,62.04,3.265263157894737
60,25,1,2,6.09,3.045
60,25,2,1,2.44,2.44
60,25,3,13,26.41,2.0315384615384615
60,25,4,14,15.5,1.1071428571428572
60,29,0,10,31.95,3.195
60,29,1,6,15.49,2.5816666666666666
60,29,2,8,13.7,1.7125
60,29,3,13,17.06,1.3123076923076922
60,29,4,20,18.31,0.9155
60,30,0,6,23.41,3.901666666666667
60,30,1,2,6.49,3.245
60,30,2,16,41.05,2.565625
60,30,3,3,5.04,1.68
60,30,4,13,4.22,0.3246153846153846
60,33,0,13,67.48,5.190769230769231
60,33,1,8,36.7,4.5875
60,33,2,11,32.84,2.985454545454546
60,33,3,15,25.7,1.7133333333333334
60,33,4,17,15.38,0.9047058823529412
60,34,0,5,21.25,4.25
60,34,1,6,18.01,3.001666666666667
60,34,2,17,38.71,2.277058823529412
60,34,3,1,1.37,1.37
60,34,4,20,7.56,0.378
60,38,0,15,129.27,8.618
60,38,1,13,97.35,7.488461538461538
60,38,2,20,85.24,4.262
60,38,3,15,16.77,1.1179999999999999
60,38,4,7,6.61,0.9442857142857143
60,46,0,13,9.71,0.746923076923077
60,46,1,5,3.08,0.616
60,46,2,16,8.43,0.526875
60,46,3,5,1.86,0.372
60,46,4,6,1.91,0.3183333333333333
60,47,0,10,19.56,1.956
60,47,1,3,3.54,1.18
60,47,2,8,7.08,0.885
60,47,3,8,2.93,0.36625
60,47,4,13,1.98,0.1523076923076923
60,49,0,7,8.29,1.1842857142857142
60,49,1,2,1.44,0.72
60,49,2,3,1.9,0.6333333333333333
60,49,3,12,3.79,0.31583333333333335
60,49,4,19,4.91,0.25842105263157894
60,50,0,9,68.43,7.603333333333334
60,50,1,9,58.43,6.492222222222222
60,50,2,3,9.69,3.23
60,50,3,6,19.38,3.23
60,50,4,5,11.09,2.218
60,51,0,17,43.76,2.5741176470588236
60,51,1,12,26.87,2.2391666666666667
60,51,2,7,10.27,1.467142857142857
60,51,3,12,8.94,0.745
60,51,4,11,7.92,0.72
60,54,0,7,16.15,2.307142857142857
60,54,1,3,5.9,1.9666666666666668
60,54,2,5,9.51,1.902
60,54,3,19,29.13,1.533157894736842
60,54,4,8,11.09,1.38625
60,66,0,10,28.73,2.873
60,66,1,9,24.15,2.683333333333333
60,66,2,15,38.27,2.5513333333333335
60,66,3,1,1.72,1.72
60,66,4,5,4.63,0.9259999999999999
60,69,0,10,2.51,0.251
60,69,1,16,3.11,0.194375
60,69,2,7,1.29,0.1842857142857143
60,69,3,6,0.87,0.145
60,69,4,10,1.2,0.12
60,70,0,20,96.61,4.8305
60,70,1,12,51.52,4.293333333333334
60,70,2,9,28.52,3.1688888888888886
60,70,3,19,43.28,2.2778947368421054
60,70,4,12,2.84,0.23666666666666666
60,73,0,3,30.31,10.103333333333333
60,73,1,5,49.85,9.97
60,73,2,12,109.43,9.119166666666667
60,73,3,1,8.37,8.37
60,73,4,12,15.42,1.285
60,74,0,8,42.67,5.33375
60,74,1,2,9.86,4.93
60,74,2,6,27.1,4.516666666666667
60,74,3,6,26.68,4.446666666666666
60,74,4,4,14.59,3.6475
60,75,0,1,2.95,2.95
60,75,1,11,31.88,2.898181818181818
60,75,2,11,24.05,2.1863636363636365
60,75,3,9,18.2,2.022222222222222
60,75,4,19,32.98,1.7357894736842103
60,77,0,17,78.93,4.642941176470589
60,77,1,16,74.06,4.62875
60,77,2,12,34.6,2.8833333333333333
60,77,3,16,38.22,2.38875
60,77,4,7,6.12,0.8742857142857143
60,79,0,2,18.23,9.115
60,79,1,20,151.78,7.589
60,79,2,12,65.43,5.452500000000001
60,79,3,11,46.86,4.26
60,79,4,11,33.88,3.08
60,80,0,13,30.93,2.379230769230769
60,80,1,18,21.59,1.1994444444444445
60,80,2,1,0.32,0.32
60,80,3,10,2.48,0.248
60,80,4,6,0.97,0.16166666666666665
60,82,0,13,79.37,6.105384615384616
60,82,1,17,83.06,4.885882352941176
60,82,2,20,86.63,4.3315
60,82,3,2,4.87,2.435
60,82,4,15,30.22,2.0146666666666664
60,84,0,14,106.13,7.5807142857142855
60,84,1,9,68.19,7.576666666666666
60,84,2,16,52.84,3.3025
60,84,3,5,11.32,2.2640000000000002
60,84,4,14,21.61,1.5435714285714286
60,85,0,16,99.25,6.203125
60,85,1,19,117.3,6.173684210526315
60,85,2,13,62.76,4.827692307692308
60,85,3,2,4.08,2.04
60,85,4,7,11.27,1.6099999999999999
60,87,0,7,12.0,1.7142857142857142
60,87,1,12,12.28,1.0233333333333332
60,87,2,13,12.86,0.9892307692307691
60,87,3,1,0.74,0.74
60,87,4,1,0.33,0.33
60,88,0,10,35.88,3.588
60,88,1,13,30.99,2.3838461538461537
60,88,2,18,41.85,2.325
60,88,3,4,7.27,1.8175
60,88,4,18,5.93,0.32944444444444443
60,89,0,16,127.76,7.985
60,89,1,5,30.32,6.064
60,89,2,8,42.3,5.2875
60,89,3,10,20.7,2.07
60,89,4,13,12.59,0.9684615384615385
60,90,0,11,49.55,4.504545454545454
60,90,1,10,43.86,4.386
60,90,2,8,18.39,2.29875
60,90,3,4,4.56,1.14
60,90,4,12,8.09,0.6741666666666667
60,93,0,12,76.81,6.400833333333334
60,93,1,8,49.55,6.19375
60,93,2,20,110.63,5.531499999999999
60,93,3,11,49.48,4.498181818181818
60,93,4,4,13.3,3.325
60,94,0,14,38.81,2.7721428571428572
60,94,1,8,18.13,2.26625
60,94,2,9,12.08,1.3422222222222222
60,94,3,1,0.62,0.62
60,94,4,19,8.8,0.46315789473684216
60,97,0,10,13.42,1.342
60,97,1,17,20.0,1.1764705882352942
60,97,2,18,18.68,1.0377777777777777
60,97,3,9,7.02,0.7799999999999999
60,97,4,9,5.63,0.6255555555555555
66,1,0,1,6.57,6.57
66,1,1,5,19.05,3.81
66,1,2,4,14.35,3.5875
66,1,3,9,20.06,2.2288888888888887
66,1,4,7,7.68,1.0971428571428572
66,3,0,6,28.47,4.745
66,3,1,3,11.77,3.9233333333333333
66,3,2,15,48.66,3.2439999999999998
66,3,3,14,19.17,1.3692857142857144
66,3,4,9,7.34,0.8155555555555556
66,5,0,4,16.2,4.05
66,5,1,2,6.67,3.335
66,5,2,20,33.61,1.6804999999999999
66,5,3,12,10.97,0.9141666666666667
66,5,4,2,1.47,0.735
66,8,0,13,52.31,4.023846153846154
66,8,1,3,9.36,3.1199999999999997
66,8,2,20,53.21,2.6605
66,8,3,20,51.32,2.566
66,8,4,5,2.07,0.414
66,16,0,12,42.81,3.5675000000000003
66,16,1,17,28.92,1.7011764705882353
66,16,2,11,17.41,1.5827272727272728
66,16,3,18,16.14,0.8966666666666667
66,16,4,14,9.52,0.6799999999999999
66,19,0,16,51.34,3.20875
66,19,1,16,31.63,1.976875
66,19,2,5,7.87,1.574
66,19,3,1,0.44,0.44
66,19,4,15,3.03,0.20199999999999999
66,20,0,19,54.0,2.8421052631578947
66,20,1,4,9.03,2.2575
66,20,2,14,15.27,1.0907142857142857
66,20,3,10,8.5,0.85
66,20,4,16,3.27,0.204375
66,24,0,16,71.94,4.49625
66,24,1,4,12.07,3.0175
66,24,2,14,30.37,2.1692857142857145
66,24,3,15,27.0,1.8
66,24,4,11,18.2,1.6545454545454545
66,25,0,1,3.5,3.5
66,25,1,12,39.7,3.3083333333333336
66,25,2,20,62.8,3.1399999999999997
66,25,3,15,21.15,1.41
66,25,4,17,8.79,0.5170588235294117
66,29,0,1,2.24,2.24
66,29,1,14,24.18,1.727142857142857
66,29,2,13,18.47,1.4207692307692308
66,29,3,10,10.26,1.026
66,29,4,15,8.02,0.5346666666666666
66,30,0,10,22.21,2.221
66,30,1,2,1.81,0.905
66,30,2,9,3.38,0.37555555555555553
66,30,3,13,4.36,0.3353846153846154
66,30,4,3,0.56,0.18666666666666668
66,33,0,8,21.94,2.7425
66,33,1,8,9.47,1.18375
66,33,2,14,16.23,1.1592857142857143
66,33,3,3,0.89,0.2966666666666667
66,33,4,9,1.29,0.14333333333333334
66,34,0,15,72.33,4.822
66,34,1,19,88.27,4.645789473684211
66,34,2,19,86.86,4.571578947368421
66,34,3,20,77.11,3.8555
66,34,4,7,23.7,3.3857142857142857
66,38,0,11,64.07,5.824545454545454
66,38,1,15,70.12,4.674666666666667
66,38,2,6,25.88,4.3133333333333335
66,38,3,1,2.58,2.58
66,38,4,16,41.07,2.566875
66,46,0,7,15.74,2.2485714285714287
66,46,1,6,12.71,2.1183333333333336
66,46,2,8,12.06,1.5075
66,46,3,3,3.95,1.3166666666666667
66,46,4,15,14.21,0.9473333333333334
66,47,0,1,4.73,4.73
66,47,1,19,76.26,4.013684210526316
66,47,2,4,7.93,1.9825
66,47,3,1,1.91,1.91
66,47,4,19,25.59,1.3468421052631578
66,49,0,2,6.17,3.085
66,49,1,6,10.27,1.7116666666666667
66,49,2,4,6.38,1.595
66,49,3,18,24.32,1.3511111111111112
66,49,4,3,2.14,0.7133333333333334
66,50,0,5,22.6,4.5200000000000005
66,50,1,8,26.13,3.26625
66,50,2,16,41.57,2.598125
66,50,3,9,7.98,0.8866666666666667
66,50,4,14,5.58,0.3985714285714286
66,51,0,4,12.25,3.0625
66,51,1,11,32.24,2.930909090909091
66,51,2,13,25.57,1.966923076923077
66,51,3,11,8.28,0.7527272727272727
66,51,4,13,4.58,0.3523076923076923
66,54,0,12,32.74,2.7283333333333335
66,54,1,11,16.17,1.4700000000000002
66,54,2,1,1.33,1.33
66,54,3,16,8.04,0.5025
66,54,4,11,1.57,0.14272727272727273
66,60,0,10,28.49,2.8489999999999998
66,60,1,17,42.16,2.48
66,60,2,18,34.36,1.9088888888888889
66,60,3,19,21.21,1.1163157894736842
66,60,4,4,3.86,0.965
66,69,0,9,21.8,2.4222222222222225
66,69,1,9,21.59,2.398888888888889
66,69,2,13,30.72,2.363076923076923
66,69,3,9,16.81,1.8677777777777775
66,69,4,19,5.94,0.3126315789473684
66,70,0,11,53.36,4.850909090909091
66,70,1,11,46.84,4.258181818181819
66,70,2,6,21.73,3.6216666666666666
66,70,3,5,17.12,3.4240000000000004
66,70,4,8,13.37,1.67125
66,73,0,1,4.26,4.26
66,73,1,16,59.38,3.71125
66,73,2,3,10.67,3.5566666666666666
66,73,3,2,5.97,2.985
66,73,4,7,19.81,2.8299999999999996
66,74,0,9,59.58,6.62
66,74,1,17,75.85,4.461764705882352
66,74,2,20,83.5,4.175
66,74,3,12,26.55,2.2125
66,74,4,19,17.67,0.93
66,75,0,17,51.05,3.0029411764705882
66,75,1,14,29.72,2.1228571428571428
66,75,2,8,16.84,2.105
66,75,3,4,7.02,1.755
66,75,4,10,13.85,1.385
66,77,0,2,8.44,4.22
66,77,1,1,3.62,3.62
66,77,2,17,49.91,2.935882352941176
66,77,3,15,43.32,2.888
66,77,4,19,34.15,1.7973684210526315
66,79,0,11,73.51,6.6827272727272735
66,79,1,10,61.03,6.103
66,79,2,17,100.09,5.8876470588235295
66,79,3,16,39.34,2.45875
66,79,4,3,5.38,1.7933333333333332
66,80,0,5,9.72,1.9440000000000002
66,80,1,9,16.82,1.8688888888888888
66,80,2,15,14.8,0.9866666666666667
66,80,3,2,1.69,0.845
66,80,4,13,2.76,0.21230769230769228
66,82,0,14,56.05,4.003571428571428
66,82,1,8,24.46,3.0575
66,82,2,4,8.67,2.1675
66,82,3,13,25.28,1.9446153846153846
66,82,4,11,5.39,0.49
66,84,0,5,24.33,4.866
66,84,1,9,43.43,4.825555555555556
66,84,2,14,65.18,4.655714285714287
66,84,3,8,26.0,3.25
66,84,4,11,21.1,1.9181818181818182
66,85,0,5,25.32,5.064
66,85,1,1,4.96,4.96
66,85,2,2,9.86,4.93
66,85,3,13,51.38,3.9523076923076923
66,85,4,7,25.73,3.6757142857142857
66,87,0,7,10.37,1.4814285714285713
66,87,1,11,13.79,1.2536363636363637
66,87,2,5,6.16,1.232
66,87,3,17,16.15,0.95
66,87,4,8,2.46,0.3075
66,88,0,12,24.83,2.0691666666666664
66,88,1,10,16.29,1.629
66,88,2,6,7.38,1.23
66,88,3,8,3.51,0.43875
66,88,4,11,3.85,0.35000000000000003
66,89,0,5,28.36,5.672
66,89,1,15,66.85,4.456666666666666
66,89,2,15,63.08,4.205333333333333
66,89,3,5,18.45,3.69
66,89,4,7,8.17,1.167142857142857
66,90,0,8,40.37,5.04625
66,90,1,3,13.41,4.47
66,90,2,7,29.11,4.158571428571428
66,90,3,11,23.78,2.161818181818182
66,90,4,7,4.59,0.6557142857142857
66,93,0,20,55.18,2.759
66,93,1,9,20.03,2.2255555555555557
66,93,2,5,2.16,0.43200000000000005
66,93,3,14,5.27,0.3764285714285714
66,93,4,19,6.14,0.3231578947368421
66,94,0,16,8.6,0.5375
66,94,1,12,6.14,0.5116666666666666
66,94,2,12,6.12,0.51
66,94,3,12,3.08,0.25666666666666665
66,94,4,15,2.32,0.15466666666666665
66,97,0,18,107.66,5.981111111111111
66,97,1,15,41.8,2.7866666666666666
66,97,2,5,11.72,2.3440000000000003
66,97,3,7,16.24,2.32
66,97,4,4,3.39,0.8475
69,1,0,10,50.64,5.064
69,1,1,18,82.77,4.598333333333333
69,1,2,14,35.59,2.5421428571428573
69,1,3,4,6.86,1.715
69,1,4,18,24.88,1.3822222222222222
69,3,0,9,37.48,4.164444444444444
69,3,1,9,25.71,2.856666666666667
69,3,2,16,44.75,2.796875
69,3,3,10,16.93,1.693
69,3,4,7,4.9,0.7000000000000001
69,5,0,18,26.27,1.4594444444444443
69,5,1,11,15.25,1.3863636363636365
69,5,2,13,12.83,0.9869230769230769
69,5,3,20,6.73,0.3365
69,5,4,20,6.52,0.32599999999999996
69,8,0,16,55.61,3.475625
69,8,1,2,5.23,2.615
69,8,2,10,8.72,0.8720000000000001
69,8,3,10,3.64,0.364
69,8,4,18,3.86,0.21444444444444444
69,16,0,2,3.28,1.64
69,16,1,17,18.3,1.076470588235294
69,16,2,19,16.82,0.8852631578947369
69,16,3,2,1.7,0.85
69,16,4,6,1.93,0.32166666666666666
69,19,0,13,13.78,1.06
69,19,1,5,4.97,0.994
69,19,2,7,5.43,0.7757142857142857
69,19,3,5,2.63,0.526
69,19,4,9,4.33,0.4811111111111111
69,20,0,14,54.5,3.892857142857143
69,20,1,1,3.07,3.07
69,20,2,14,42.54,3.0385714285714287
69,20,3,18,38.89,2.160555555555556
69,20,4,20,28.55,1.4275
69,24,0,15,31.7,2.1133333333333333
69,24,1,13,19.1,1.4692307692307693
69,24,2,15,17.59,1.1726666666666667
69,24,3,11,12.39,1.1263636363636365
69,24,4,12,1.89,0.1575
69,25,0,2,5.59,2.795
69,25,1,11,30.1,2.7363636363636363
69,25,2,3,5.38,1.7933333333333332
69,25,3,1,1.17,1.17
69,25,4,7,3.61,0.5157142857142857
69,29,0,13,65.67,5.0515384615384615
69,29,1,17,84.95,4.997058823529412
69,29,2,8,35.64,4.455
69,29,3,16,33.72,2.1075
69,29,4,2,2.53,1.265
69,30,0,7,21.4,3.057142857142857
69,30,1,17,48.88,2.875294117647059
69,30,2,15,23.61,1.574
69,30,3,9,11.4,1.2666666666666666
69,30,4,20,12.27,0.6134999999999999
69,33,0,12,60.15,5.0125
69,33,1,18,81.77,4.542777777777777
69,33,2,4,17.26,4.315
69,33,3,3,8.98,2.9933333333333336
69,33,4,15,30.23,2.0153333333333334
69,34,0,20,86.55,4.3275
69,34,1,18,73.25,4.069444444444445
69,34,2,1,2.58,2.58
69,34,3,14,15.64,1.1171428571428572
69,34,4,15,13.43,0.8953333333333333
69,38,0,14,92.41,6.600714285714285
69,38,1,15,40.9,2.7266666666666666
69,38,2,12,27.46,2.2883333333333336
69,38,3,14,20.9,1.4928571428571427
69,38,4,10,6.03,0.603
69,46,0,8,6.79,0.84875
69,46,1,5,3.75,0.75
69,46,2,2,0.88,0.44
69,46,3,20,7.15,0.35750000000000004
69,46,4,9,1.33,0.14777777777777779
69,47,0,1,1.34,1.34
69,47,1,5,5.53,1.106
69,47,2,6,5.88,0.98
69,47,3,5,3.28,0.6559999999999999
69,47,4,11,3.08,0.28
69,49,0,8,14.75,1.84375
69,49,1,13,17.48,1.3446153846153845
69,49,2,16,18.22,1.13875
69,49,3,13,4.33,0.3330769230769231
69,49,4,7,2.23,0.31857142857142856
69,50,0,5,36.9,7.38
69,50,1,16,90.85,5.678125
69,50,2,10,54.69,5.468999999999999
69,50,3,7,18.5,2.642857142857143
69,50,4,12,9.45,0.7875
69,51,0,1,2.64,2.64
69,51,1,17,37.8,2.2235294117647055
69,51,2,3,3.83,1.2766666666666666
69,51,3,16,15.63,0.976875
69,51,4,18,6.14,0.3411111111111111
69,54,0,4,8.02,2.005
69,54,1,2,3.45,1.725
69,54,2,6,7.31,1.2183333333333333
69,54,3,16,13.85,0.865625
69,54,4,19,6.16,0.3242105263157895
69,60,0,13,2.49,0.19153846153846155
69,60,1,11,1.26,0.11454545454545455
69,60,2,19,1.97,0.10368421052631578
69,60,3,17,1.43,0.08411764705882352
69,60,4,18,0.33,0.018333333333333333
69,66,0,5,16.86,3.372
69,66,1,16,50.89,3.180625
69,66,2,15,22.22,1.4813333333333332
69,66,3,16,19.23,1.201875
69,66,4,13,10.52,0.8092307692307692
69,70,0,20,89.08,4.454
69,70,1,10,38.57,3.857
69,70,2,14,39.12,2.794285714285714
69,70,3,8,12.21,1.52625
69,70,4,2,1.32,0.66
69,73,0,20,103.06,5.1530000000000005
69,73,1,18,85.47,4.748333333333333
69,73,2,13,52.71,4.054615384615385
69,73,3,1,1.55,1.55
69,73,4,2,1.41,0.705
69,74,0,20,111.7,5.585
69,74,1,8,42.55,5.31875
69,74,2,7,27.45,3.9214285714285713
69,74,3,14,51.1,3.65
69,74,4,3,4.92,1.64
69,75,0,1,2.07,2.07
69,75,1,6,11.24,1.8733333333333333
69,75,2,9,13.39,1.4877777777777779
69,75,3,7,2.23,0.31857142857142856
69,75,4,18,5.72,0.31777777777777777
69,77,0,15,65.56,4.370666666666667
69,77,1,19,81.32,4.279999999999999
69,77,2,20,57.57,2.8785
69,77,3,20,35.21,1.7605
69,77,4,10,6.65,0.665
69,79,0,6,59.57,9.928333333333333
69,79,1,2,17.39,8.695
69,79,2,2,16.2,8.1
69,79,3,17,120.07,7.062941176470588
69,79,4,11,68.86,6.26
69,80,0,14,21.83,1.5592857142857142
69,80,1,1,1.42,1.42
69,80,2,16,20.75,1.296875
69,80,3,8,8.52,1.065
69,80,4,3,1.66,0.5533333333333333
69,82,0,20,145.85,7.2924999999999995
69,82,1,14,88.41,6.3149999999999995
69,82,2,15,79.59,5.306
69,82,3,9,33.43,3.714444444444444
69,82,4,2,1.15,0.575
69,84,0,7,51.84,7.405714285714287
69,84,1,4,15.4,3.85
69,84,2,13,36.57,2.813076923076923
69,84,3,18,33.92,1.8844444444444446
69,84,4,7,9.83,1.4042857142857144
69,85,0,20,164.75,8.2375
69,85,1,7,38.75,5.535714285714286
69,85,2,19,37.78,1.988421052631579
69,85,3,7,8.52,1.217142857142857
69,85,4,20,10.09,0.5045
69,87,0,20,31.15,1.5574999999999999
69,87,1,6,8.11,1.3516666666666666
69,87,2,17,16.3,0.9588235294117647
69,87,3,1,0.61,0.61
69,87,4,11,3.26,0.29636363636363633
69,88,0,12,43.04,3.5866666666666664
69,88,1,4,6.39,1.5975
69,88,2,11,15.55,1.4136363636363638
69,88,3,8,4.86,0.6075
69,88,4,19,4.58,0.24105263157894738
69,89,0,1,9.72,9.72
69,89,1,8,68.57,8.57125
69,89,2,4,31.38,7.845
69,89,3,14,86.28,6.162857142857143
69,89,4,2,1.18,0.59
69,90,0,12,55.76,4.6466666666666665
69,90,1,10,35.85,3.585
69,90,2,11,38.02,3.4563636363636365
69,90,3,20,24.27,1.2135
69,90,4,4,2.22,0.555
69,93,0,15,82.65,5.510000000000001
69,93,1,7,36.29,5.184285714285714
69,93,2,19,90.65,4.771052631578947
69,93,3,14,58.68,4.191428571428571
69,93,4,9,20.22,2.2466666666666666
69,94,0,9,28.28,3.1422222222222222
69,94,1,8,16.51,2.06375
69,94,2,13,22.16,1.7046153846153846
69,94,3,10,13.92,1.392
69,94,4,1,0.38,0.38
69,97,0,11,21.72,1.9745454545454544
69,97,1,18,12.74,0.7077777777777778
69,97,2,8,4.72,0.59
69,97,3,1,0.14,0.14
69,97,4,4,0.45,0.1125
70,1,0,6,5.81,0.9683333333333333
70,1,1,2,1.54,0.77
70,1,2,10,5.95,0.595
70,1,3,9,4.22,0.46888888888888886
70,1,4,19,7.45,0.39210526315789473
70,3,0,5,1.33,0.266
70,3,1,15,3.17,0.21133333333333332
70,3,2,16,2.38,0.14875
70,3,3,19,2.6,0.1368421052631579
70,3,4,20,0.83,0.041499999999999995
70,5,0,9,21.37,2.3744444444444444
70,5,1,17,34.73,2.0429411764705883
70,5,2,1,0.82,0.82
70,5,3,18,11.62,0.6455555555555555
70,5,4,10,5.89,0.589
70,8,0,3,1.19,0.39666666666666667
70,8,1,8,3.0,0.375
70,8,2,19,2.39,0.12578947368421053
70,8,3,3,0.19,0.06333333333333334
70,8,4,2,0.11,0.055
70,16,0,14,31.85,2.275
70,16,1,3,5.74,1.9133333333333333
70,16,2,11,12.5,1.1363636363636365
70,16,3,17,9.47,0.5570588235294118
70,16,4,1,0.46,0.46
70,19,0,15,45.27,3.0180000000000002
70,19,1,16,34.88,2.18
70,19,2,3,5.8,1.9333333333333333
70,19,3,19,33.62,1.769473684210526
70,19,4,9,4.63,0.5144444444444445
70,20,0,12,13.02,1.085
70,20,1,1,1.08,1.08
70,20,2,2,1.37,0.685
70,20,3,13,6.25,0.4807692307692308
70,20,4,1,0.34,0.34
70,24,0,20,51.71,2.5855
70,24,1,12,5.54,0.46166666666666667
70,24,2,11,4.79,0.4354545454545455
70,24,3,9,3.76,0.41777777777777775
70,24,4,3,1.03,0.3433333333333333
70,25,0,9,17.99,1.9988888888888887
70,25,1,17,30.85,1.8147058823529412
70,25,2,20,31.28,1.564
70,25,3,6,4.92,0.82
70,25,4,13,10.1,0.7769230769230769
70,29,0,1,7.57,7.57
70,29,1,7,48.15,6.878571428571428
70,29,2,11,67.24,6.112727272727272
70,29,3,19,115.6,6.084210526315789
70,29,4,11,14.62,1.329090909090909
70,30,0,9,18.8,2.088888888888889
70,30,1,9,14.79,1.6433333333333333
70,30,2,4,4.48,1.12
70,30,3,16,17.25,1.078125
70,30,4,18,16.69,0.9272222222222223
70,33,0,5,44.68,8.936
70,33,1,16,126.83,7.926875
70,33,2,9,46.24,5.137777777777778
70,33,3,11,48.41,4.40090909090909
70,33,4,19,29.82,1.5694736842105264
70,34,0,18,22.22,1.2344444444444445
70,34,1,4,4.6,1.15
70,34,2,16,8.73,0.545625
70,34,3,4,2.11,0.5275
70,34,4,11,1.51,0.13727272727272727
70,38,0,7,50.62,7.231428571428571
70,38,1,3,20.91,6.97
70,38,2,4,23.66,5.915
70,38,3,8,34.9,4.3625
70,38,4,11,27.2,2.4727272727272727
70,46,0,14,67.87,4.847857142857143
70,46,1,13,57.32,4.409230769230769
70,46,2,8,17.82,2.2275
70,46,3,19,38.74,2.0389473684210526
70,46,4,8,9.16,1.145
70,47,0,19,59.67,3.1405263157894736
70,47,1,8,18.46,2.3075
70,47,2,19,18.46,0.9715789473684211
70,47,3,4,3.1,0.775
70,47,4,5,3.41,0.682
70,49,0,4,7.36,1.84
70,49,1,4,6.74,1.685
70,49,2,20,32.01,1.6004999999999998
70,49,3,6,3.76,0.6266666666666666
70,49,4,9,1.33,0.14777777777777779
70,50,0,11,116.06,10.55090909090909
70,50,1,10,95.89,9.589
70,50,2,4,24.64,6.16
70,50,3,5,26.62,5.324
70,50,4,15,26.88,1.792
70,51,0,12,30.03,2.5025
70,51,1,18,41.1,2.283333333333333
70,51,2,2,4.54,2.27
70,51,3,8,11.29,1.41125
70,51,4,9,7.3,0.8111111111111111
70,54,0,7,13.71,1.9585714285714286
70,54,1,15,25.41,1.694
70,54,2,1,1.51,1.51
70,54,3,20,26.35,1.3175000000000001
70,54,4,4,2.59,0.6475
70,60,0,13,59.4,4.569230769230769
70,60,1,14,61.24,4.3742857142857146
70,60,2,9,31.27,3.4744444444444444
70,60,3,17,16.17,0.9511764705882354
70,60,4,20,18.47,0.9235
70,66,0,17,94.0,5.529411764705882
70,66,1,2,11.02,5.51
70,66,2,17,66.57,3.915882352941176
70,66,3,9,33.16,3.684444444444444
70,66,4,17,19.77,1.1629411764705881
70,69,0,13,61.16,4.704615384615384
70,69,1,8,23.83,2.97875
70,69,2,13,32.1,2.4692307692307693
70,69,3,6,8.72,1.4533333333333334
70,69,4,1,0.31,0.31
70,73,0,12,86.29,7.190833333333334
70,73,1,17,117.8,6.929411764705883
70,73,2,3,14.05,4.683333333333334
70,73,3,15,57.1,3.8066666666666666
70,73,4,20,26.18,1.309
70,74,0,17,15.0,0.8823529411764706
70,74,1,8,6.65,0.83125
70,74,2,2,1.52,0.76
70,74,3,16,6.25,0.390625
70,74,4,6,1.13,0.18833333333333332
70,75,0,6,6.78,1.1300000000000001
70,75,1,11,11.39,1.0354545454545454
70,75,2,17,12.67,0.7452941176470588
70,75,3,9,6.3,0.7
70,75,4,14,4.58,0.3271428571428571
70,77,0,16,19.95,1.246875
70,77,1,10,8.66,0.866
70,77,2,8,4.0,0.5
70,77,3,7,2.33,0.33285714285714285
70,77,4,18,2.33,0.12944444444444445
70,79,0,2,19.43,9.715
70,79,1,9,85.75,9.527777777777779
70,79,2,15,47.07,3.138
70,79,3,12,33.66,2.8049999999999997
70,79,4,11,18.45,1.6772727272727272
70,80,0,10,39.81,3.9810000000000003
70,80,1,4,11.2,2.8
70,80,2,13,26.99,2.0761538461538462
70,80,3,12,24.47,2.0391666666666666
70,80,4,4,7.64,1.91
70,82,0,14,133.74,9.552857142857144
70,82,1,2,18.71,9.355
70,82,2,12,106.26,8.855
70,82,3,14,122.06,8.718571428571428
70,82,4,5,31.86,6.372
70,84,0,15,177.48,11.831999999999999
70,84,1,3,28.45,9.483333333333333
70,84,2,18,132.53,7.362777777777778
70,84,3,20,136.07,6.8035
70,84,4,19,46.77,2.4615789473684213
70,85,0,20,251.07,12.5535
70,85,1,19,188.66,9.929473684210526
70,85,2,8,64.68,8.085
70,85,3,6,36.91,6.151666666666666
70,85,4,17,35.01,2.059411764705882
70,87,0,10,55.27,5.527
70,87,1,3,15.33,5.11
70,87,2,18,80.57,4.476111111111111
70,87,3,8,35.26,4.4075
70,87,4,9,9.49,1.0544444444444445
70,88,0,5,10.92,2.184
70,88,1,7,12.61,1.8014285714285714
70,88,2,8,8.48,1.06
70,88,3,1,0.72,0.72
70,88,4,13,6.59,0.5069230769230769
70,89,0,3,25.31,8.436666666666666
70,89,1,7,50.25,7.178571428571429
70,89,2,4,18.22,4.555
70,89,3,9,17.84,1.982222222222222
70,89,4,18,28.58,1.5877777777777777
70,90,0,14,9.06,0.6471428571428571
70,90,1,10,6.02,0.602
70,90,2,16,7.57,0.473125
70,90,3,14,5.94,0.4242857142857143
70,90,4,12,4.13,0.3441666666666667
70,93,0,3,25.21,8.403333333333334
70,93,1,9,38.71,4.301111111111111
70,93,2,17,66.12,3.8894117647058826
70,93,3,8,19.36,2.42
70,93,4,17,36.73,2.1605882352941173
70,94,0,19,109.05,5.739473684210526
70,94,1,1,3.02,3.02
70,94,2,4,11.77,2.9425
70,94,3,8,4.4,0.55
70,94,4,17,8.1,0.4764705882352941
70,97,0,11,51.83,4.711818181818182
70,97,1,17,45.6,2.682352941176471
70,97,2,13,29.63,2.279230769230769
70,97,3,3,6.45,2.15
70,97,4,6,6.17,1.0283333333333333
73,1,0,1,9.03,9.03
73,1,1,12,106.46,8.871666666666666
73,1,2,18,102.7,5.705555555555556
73,1,3,12,49.38,4.115
73,1,4,16,23.8,1.4875
73,3,0,20,125.99,6.2995
73,3,1,14,75.31,5.3792857142857144
73,3,2,14,74.97,5.3549999999999995
73,3,3,12,41.4,3.4499999999999997
73,3,4,11,18.89,1.7172727272727273
73,5,0,14,148.29,10.592142857142857
73,5,1,15,111.38,7.425333333333333
73,5,2,3,11.13,3.7100000000000004
73,5,3,9,27.2,3.022222222222222
73,5,4,17,38.88,2.287058823529412
73,8,0,6,59.05,9.841666666666667
73,8,1,4,31.8,7.95
73,8,2,17,83.35,4.902941176470588
73,8,3,11,22.79,2.071818181818182
73,8,4,2,1.08,0.54
73,16,0,16,189.17,11.823125
73,16,1,2,23.59,11.795
73,16,2,11,100.19,9.108181818181817
73,16,3,6,46.36,7.726666666666667
73,16,4,18,72.49,4.027222222222222
73,19,0,7,65.57,9.367142857142856
73,19,1,2,18.55,9.275
73,19,2,9,65.02,7.224444444444444
73,19,3,16,109.53,6.845625
73,19,4,7,27.45,3.9214285714285713
73,20,0,1,8.74,8.74
73,20,1,8,64.87,8.10875
73,20,2,16,98.83,6.176875
73,20,3,10,36.85,3.685
73,20,4,16,7.18,0.44875
73,24,0,17,191.77,11.280588235294118
73,24,1,4,30.95,7.7375
73,24,2,14,90.37,6.455
73,24,3,2,6.38,3.19
73,24,4,4,12.25,3.0625
73,25,0,19,158.79,8.357368421052632
73,25,1,3,22.94,7.646666666666667
73,25,2,4,14.73,3.6825
73,25,3,15,43.64,2.9093333333333335
73,25,4,1,1.06,1.06
73,29,0,7,32.91,4.701428571428571
73,29,1,13,52.26,4.02
73,29,2,20,76.76,3.838
73,29,3,15,47.91,3.194
73,29,4,18,18.69,1.0383333333333333
73,30,0,18,100.03,5.557222222222222
73,30,1,15,31.63,2.1086666666666667
73,30,2,2,3.07,1.535
73,30,3,15,21.39,1.426
73,30,4,19,26.09,1.3731578947368421
73,33,0,18,82.16,4.564444444444444
73,33,1,15,38.91,2.594
73,33,2,18,31.93,1.7738888888888888
73,33,3,15,19.06,1.2706666666666666
73,33,4,13,5.38,0.41384615384615386
73,34,0,19,169.1,8.9
73,34,1,13,86.34,6.641538461538461
73,34,2,2,6.52,3.26
73,34,3,16,44.88,2.805
73,34,4,14,13.28,0.9485714285714285
73,38,0,2,5.56,2.78
73,38,1,1,2.16,2.16
73,38,2,20,32.22,1.611
73,38,3,16,15.14,0.94625
73,38,4,17,4.96,0.2917647058823529
73,46,0,9,73.77,8.196666666666665
73,46,1,16,93.96,5.8725
73,46,2,2,11.42,5.71
73,46,3,13,22.8,1.7538461538461538
73,46,4,15,19.29,1.286
73,47,0,12,129.55,10.795833333333334
73,47,1,9,86.14,9.571111111111112
73,47,2,6,30.89,5.148333333333333
73,47,3,6,28.27,4.711666666666667
73,47,4,6,5.33,0.8883333333333333
73,49,0,6,52.72,8.786666666666667
73,49,1,17,94.59,5.564117647058824
73,49,2,19,44.86,2.3610526315789473
73,49,3,3,3.66,1.22
73,49,4,9,5.06,0.5622222222222222
73,50,0,14,42.73,3.052142857142857
73,50,1,9,20.48,2.2755555555555556
73,50,2,1,1.52,1.52
73,50,3,20,28.36,1.418
73,50,4,11,2.46,0.22363636363636363
73,51,0,18,168.11,9.339444444444446
73,51,1,12,95.7,7.9750000000000005
73,51,2,2,15.67,7.835
73,51,3,3,20.31,6.77
73,51,4,3,11.15,3.716666666666667
73,54,0,10,96.88,9.687999999999999
73,54,1,8,61.92,7.74
73,54,2,17,121.26,7.132941176470588
73,54,3,6,34.6,5.766666666666667
73,54,4,10,4.54,0.454
73,60,0,8,81.58,10.1975
73,60,1,15,150.62,10.041333333333334
73,60,2,13,125.79,9.676153846153847
73,60,3,12,97.58,8.131666666666666
73,60,4,14,12.12,0.8657142857142857
73,66,0,20,139.97,6.9985
73,66,1,4,26.34,6.585
73,66,2,6,33.95,5.658333333333334
73,66,3,2,11.01,5.505
73,66,4,7,32.24,4.605714285714286
73,69,0,19,176.38,9.283157894736842
73,69,1,12,91.69,7.640833333333333
73,69,2,9,61.12,6.79111111111111
73,69,3,8,29.58,3.6975
73,69,4,8,10.94,1.3675
73,70,0,20,235.88,11.794
73,70,1,4,42.84,10.71
73,70,2,10,91.86,9.186
73,70,3,7,42.38,6.054285714285714
73,70,4,4,7.58,1.895
73,74,0,6,46.65,7.7749999999999995
73,74,1,16,99.71,6.231875
73,74,2,18,87.28,4.848888888888889
73,74,3,15,25.05,1.6700000000000002
73,74,4,19,12.31,0.6478947368421053
73,75,0,16,186.41,11.650625
73,75,1,16,119.0,7.4375
73,75,2,8,49.66,6.2075
73,75,3,10,41.99,4.199
73,75,4,14,42.25,3.017857142857143
73,77,0,8,66.83,8.35375
73,77,1,13,100.15,7.703846153846154
73,77,2,13,81.19,6.245384615384615
73,77,3,12,69.77,5.814166666666666
73,77,4,14,58.21,4.157857142857143
73,79,0,4,8.63,2.1575
73,79,1,11,23.08,2.098181818181818
73,79,2,4,8.29,2.0725
73,79,3,8,11.39,1.42375
73,79,4,3,2.71,0.9033333333333333
73,80,0,5,30.71,6.142
73,80,1,14,45.5,3.25
73,80,2,14,24.04,1.717142857142857
73,80,3,3,3.9,1.3
73,80,4,5,5.39,1.0779999999999998
73,82,0,8,19.33,2.41625
73,82,1,13,30.05,2.3115384615384618
73,82,2,4,9.18,2.295
73,82,3,7,14.91,2.13
73,82,4,19,30.37,1.598421052631579
73,84,0,17,72.42,4.26
73,84,1,7,13.63,1.9471428571428573
73,84,2,18,25.38,1.41
73,84,3,5,3.51,0.702
73,84,4,13,4.18,0.3215384615384615
73,85,0,5,9.18,1.8359999999999999
73,85,1,8,8.86,1.1075
73,85,2,12,5.32,0.44333333333333336
73,85,3,15,6.21,0.414
73,85,4,9,1.01,0.11222222222222222
73,87,0,19,101.88,5.362105263157894
73,87,1,19,87.5,4.605263157894737
73,87,2,18,36.23,2.0127777777777776
73,87,3,17,31.1,1.8294117647058825
73,87,4,12,14.92,1.2433333333333334
73,88,0,2,16.43,8.215
73,88,1,17,98.95,5.820588235294117
73,88,2,16,82.79,5.174375
73,88,3,14,49.71,3.5507142857142857
73,88,4,9,14.53,1.6144444444444443
73,89,0,8,8.36,1.045
73,89,1,14,12.23,0.8735714285714286
73,89,2,8,6.44,0.805
73,89,3,17,9.76,0.5741176470588235
73,89,4,5,1.44,0.288
73,90,0,1,10.66,10.66
73,90,1,6,47.56,7.926666666666667
73,90,2,12,84.88,7.073333333333333
73,90,3,3,8.57,2.856666666666667
73,90,4,5,7.78,1.556
73,93,0,10,50.59,5.059
73,93,1,6,28.94,4.823333333333333
73,93,2,14,58.25,4.160714285714286
73,93,3,10,21.74,2.174
73,93,4,1,0.75,0.75
73,94,0,19,128.68,6.772631578947369
73,94,1,11,72.34,6.576363636363637
73,94,2,13,41.9,3.223076923076923
73,94,3,5,11.14,2.228
73,94,4,15,7.31,0.4873333333333333
73,97,0,13,165.01,12.693076923076923
73,97,1,7,59.27,8.467142857142857
73,97,2,10,80.66,8.065999999999999
73,97,3,5,31.58,6.316
73,97,4,5,21.97,4.394
74,1,0,7,4.66,0.6657142857142857
74,1,1,3,1.91,0.6366666666666666
74,1,2,8,3.08,0.385
74,1,3,9,1.55,0.17222222222222222
74,1,4,6,0.87,0.145
74,3,0,6,3.96,0.66
74,3,1,6,3.32,0.5533333333333333
74,3,2,18,5.48,0.30444444444444446
74,3,3,16,3.74,0.23375
74,3,4,8,0.36,0.045
74,5,0,6,16.42,2.736666666666667
74,5,1,9,19.3,2.1444444444444444
74,5,2,2,3.57,1.785
74,5,3,11,18.14,1.6490909090909092
74,5,4,14,22.5,1.6071428571428572
74,8,0,6,6.73,1.1216666666666668
74,8,1,8,6.32,0.79
74,8,2,18,10.16,0.5644444444444444
74,8,3,5,1.7,0.33999999999999997
74,8,4,18,5.24,0.2911111111111111
74,16,0,13,39.05,3.003846153846154
74,16,1,14,39.85,2.8464285714285715
74,16,2,11,27.47,2.497272727272727
74,16,3,19,23.64,1.2442105263157894
74,16,4,2,1.41,0.705
74,19,0,3,12.68,4.226666666666667
74,19,1,18,74.66,4.147777777777778
74,19,2,8,15.01,1.87625
74,19,3,4,2.99,0.7475
74,19,4,19,7.45,0.39210526315789473
74,20,0,9,19.81,2.201111111111111
74,20,1,5,10.67,2.134
74,20,2,17,26.79,1.5758823529411765
74,20,3,7,9.04,1.2914285714285714
74,20,4,16,18.33,1.145625
74,24,0,15,51.52,3.4346666666666668
74,24,1,3,7.23,2.41
74,24,2,12,25.86,2.155
74,24,3,5,7.23,1.4460000000000002
74,24,4,16,18.25,1.140625
74,25,0,20,44.68,2.234
74,25,1,13,28.0,2.1538461538461537
74,25,2,9,9.65,1.0722222222222222
74,25,3,18,12.19,0.6772222222222222
74,25,4,20,8.92,0.446
74,29,0,3,19.93,6.6433333333333335
74,29,1,18,116.19,6.455
74,29,2,12,66.72,5.56
74,29,3,9,30.64,3.4044444444444446
74,29,4,16,19.78,1.23625
74,30,0,13,36.32,2.793846153846154
74,30,1,3,7.25,2.4166666666666665
74,30,2,6,4.32,0.7200000000000001
74,30,3,11,6.93,0.63
74,30,4,3,1.81,0.6033333333333334
74,33,0,16,143.27,8.954375
74,33,1,1,5.89,5.89
74,33,2,6,33.74,5.623333333333334
74,33,3,5,12.89,2.5780000000000003
74,33,4,2,4.21,2.105
74,34,0,19,39.8,2.094736842105263
74,34,1,11,22.46,2.041818181818182
74,34,2,17,12.72,0.7482352941176471
74,34,3,20,4.41,0.2205
74,34,4,8,1.66,0.2075
74,38,0,8,92.65,11.58125
74,38,1,15,161.85,10.79
74,38,2,2,11.68,5.84
74,38,3,19,86.47,4.551052631578948
74,38,4,13,23.57,1.813076923076923
74,46,0,7,41.81,5.972857142857143
74,46,1,9,46.16,5.128888888888889
74,46,2,4,7.43,1.8575
74,46,3,3,4.3,1.4333333333333333
74,46,4,15,14.39,0.9593333333333334
74,47,0,20,71.21,3.5604999999999998
74,47,1,10,28.03,2.803
74,47,2,2,4.11,2.055
74,47,3,3,1.9,0.6333333333333333
74,47,4,9,5.01,0.5566666666666666
74,49,0,9,30.97,3.441111111111111
74,49,1,13,37.75,2.9038461538461537
74,49,2,11,28.65,2.6045454545454545
74,49,3,12,23.61,1.9675
74,49,4,2,1.24,0.62
74,50,0,11,103.62,9.42
74,50,1,17,159.22,9.365882352941176
74,50,2,18,117.15,6.508333333333334
74,50,3,15,58.67,3.9113333333333333
74,50,4,12,34.17,2.8475
74,51,0,16,46.3,2.89375
74,51,1,1,2.84,2.84
74,51,2,17,16.39,0.9641176470588235
74,51,3,6,5.04,0.84
74,51,4,8,6.55,0.81875
74,54,0,20,71.97,3.5985
74,54,1,12,21.24,1.7699999999999998
74,54,2,6,8.26,1.3766666666666667
74,54,3,9,5.98,0.6644444444444445
74,54,4,1,0.4,0.4
74,60,0,2,8.43,4.215
74,60,1,15,31.16,2.0773333333333333
74,60,2,18,35.45,1.9694444444444446
74,60,3,12,15.52,1.2933333333333332
74,60,4,20,6.31,0.3155
74,66,0,3,16.44,5.48
74,66,1,19,77.45,4.076315789473685
74,66,2,6,21.38,3.563333333333333
74,66,3,10,26.6,2.66
74,66,4,8,17.33,2.16625
74,69,0,17,99.09,5.828823529411765
74,69,1,7,29.84,4.2628571428571425
74,69,2,4,10.45,2.6125
74,69,3,16,18.26,1.14125
74,69,4,4,3.77,0.9425
74,70,0,9,9.29,1.0322222222222222
74,70,1,18,14.94,0.83
74,70,2,3,2.23,0.7433333333333333
74,70,3,13,7.29,0.5607692307692308
74,70,4,12,0.74,0.06166666666666667
74,73,0,9,91.65,10.183333333333334
74,73,1,8,75.7,9.4625
74,73,2,13,51.7,3.976923076923077
74,73,3,1,2.72,2.72
74,73,4,5,12.61,2.522
74,75,0,9,22.96,2.551111111111111
74,75,1,4,9.15,2.2875
74,75,2,8,10.82,1.3525
74,75,3,4,2.85,0.7125
74,75,4,8,1.51,0.18875
74,77,0,7,9.16,1.3085714285714285
74,77,1,1,1.18,1.18
74,77,2,18,18.56,1.031111111111111
74,77,3,13,6.97,0.5361538461538461
74,77,4,16,1.34,0.08375
74,79,0,18,231.3,12.850000000000001
74,79,1,2,19.51,9.755
74,79,2,1,8.48,8.48
74,79,3,12,82.8,6.8999999999999995
74,79,4,8,19.1,2.3875
74,80,0,10,50.01,5.0009999999999994
74,80,1,12,53.14,4.428333333333334
74,80,2,3,7.44,2.48
74,80,3,7,16.88,2.4114285714285715
74,80,4,17,9.17,0.5394117647058824
74,82,0,14,142.91,10.207857142857142
74,82,1,20,194.86,9.743
74,82,2,19,122.59,6.452105263157895
74,82,3,14,25.89,1.8492857142857144
74,82,4,16,9.51,0.594375
74,84,0,16,186.51,11.656875
74,84,1,14,158.42,11.315714285714284
74,84,2,13,73.78,5.6753846153846155
74,84,3,16,58.83,3.676875
74,84,4,12,26.43,2.2025
74,85,0,4,53.66,13.415
74,85,1,16,190.87,11.929375
74,85,2,3,32.27,10.756666666666668
74,85,3,4,39.46,9.865
74,85,4,11,8.83,0.8027272727272727
74,87,0,12,69.01,5.7508333333333335
74,87,1,12,60.75,5.0625
74,87,2,11,39.76,3.6145454545454543
74,87,3,13,38.58,2.9676923076923076
74,87,4,17,29.3,1.723529411764706
74,88,0,1,2.92,2.92
74,88,1,1,2.75,2.75
74,88,2,18,43.89,2.4383333333333335
74,88,3,7,7.49,1.07
74,88,4,4,0.92,0.23
74,89,0,17,189.4,11.141176470588235
74,89,1,14,61.04,4.36
74,89,2,7,17.23,2.4614285714285713
74,89,3,19,32.64,1.7178947368421054
74,89,4,5,2.61,0.522
74,90,0,8,10.16,1.27
74,90,1,11,11.04,1.0036363636363637
74,90,2,5,3.28,0.6559999999999999
74,90,3,13,8.13,0.6253846153846154
74,90,4,7,4.33,0.6185714285714285
74,93,0,10,75.9,7.590000000000001
74,93,1,4,19.33,4.8325
74,93,2,17,80.84,4.755294117647059
74,93,3,14,53.57,3.8264285714285715
74,93,4,14,9.15,0.6535714285714286
74,94,0,19,121.15,6.376315789473685
74,94,1,13,57.35,4.411538461538462
74,94,2,3,8.74,2.9133333333333336
74,94,3,14,10.92,0.78
74,94,4,2,1.32,0.66
74,97,0,6,30.88,5.1466666666666665
74,97,1,7,32.8,4.685714285714285
74,97,2,5,17.23,3.446
74,97,3,18,34.3,1.9055555555555554
74,97,4,15,16.72,1.1146666666666667
75,1,0,8,18.56,2.32
75,1,1,18,33.28,1.848888888888889
75,1,2,7,12.38,1.7685714285714287
75,1,3,19,30.3,1.5947368421052632
75,1,4,8,6.08,0.76
75,3,0,8,14.67,1.83375
75,3,1,17,29.81,1.7535294117647058
75,3,2,3,4.56,1.5199999999999998
75,3,3,19,21.35,1.1236842105263158
75,3,4,6,0.63,0.105
75,5,0,13,13.93,1.0715384615384616
75,5,1,15,12.48,0.8320000000000001
75,5,2,4,3.16,0.79
75,5,3,4,2.3,0.575
75,5,4,9,4.72,0.5244444444444444
75,8,0,11,13.6,1.2363636363636363
75,8,1,20,16.83,0.8414999999999999
75,8,2,1,0.44,0.44
75,8,3,9,2.45,0.27222222222222225
75,8,4,2,0.49,0.245
75,16,0,1,0.86,0.86
75,16,1,12,9.44,0.7866666666666666
75,16,2,12,2.81,0.23416666666666666
75,16,3,11,2.33,0.21181818181818182
75,16,4,1,0.2,0.2
75,19,0,4,7.19,1.7975
75,19,1,19,31.0,1.631578947368421
75,19,2,13,6.58,0.5061538461538462
75,19,3,14,6.1,0.43571428571428567
75,19,4,19,4.09,0.21526315789473682
75,20,0,11,28.28,2.570909090909091
75,20,1,1,2.53,2.53
75,20,2,5,9.47,1.8940000000000001
75,20,3,12,20.18,1.6816666666666666
75,20,4,16,2.89,0.180625
75,24,0,8,1.99,0.24875
75,24,1,13,2.55,0.19615384615384615
75,24,2,8,1.56,0.195
75,24,3,7,1.17,0.16714285714285712
75,24,4,6,0.71,0.11833333333333333
75,25,0,14,23.6,1.6857142857142857
75,25,1,2,2.94,1.47
75,25,2,14,14.9,1.0642857142857143
75,25,3,15,13.63,0.9086666666666667
75,25,4,5,0.99,0.198
75,29,0,4,26.19,6.5475
75,29,1,15,92.83,6.188666666666666
75,29,2,8,22.2,2.775
75,29,3,2,2.47,1.235
75,29,4,10,9.86,0.986
75,30,0,7,27.53,3.932857142857143
75,30,1,19,56.64,2.9810526315789474
75,30,2,12,23.37,1.9475
75,30,3,9,16.46,1.828888888888889
75,30,4,10,2.72,0.272
75,33,0,12,63.88,5.323333333333333
75,33,1,20,103.69,5.1845
75,33,2,6,26.77,4.461666666666667
75,33,3,17,23.8,1.4000000000000001
75,33,4,14,11.64,0.8314285714285715
75,34,0,5,9.44,1.888
75,34,1,15,28.09,1.8726666666666667
75,34,2,16,28.91,1.806875
75,34,3,16,25.38,1.58625
75,34,4,14,12.2,0.8714285714285713
75,38,0,13,140.57,10.813076923076922
75,38,1,11,74.03,6.73
75,38,2,18,83.51,4.639444444444445
75,38,3,8,35.56,4.445
75,38,4,14,59.12,4.222857142857142
75,46,0,4,12.82,3.205
75,46,1,17,53.1,3.123529411764706
75,46,2,18,54.66,3.0366666666666666
75,46,3,10,19.8,1.98
75,46,4,6,7.74,1.29
75,47,0,3,5.14,1.7133333333333332
75,47,1,18,29.17,1.6205555555555557
75,47,2,15,11.52,0.768
75,47,3,9,6.64,0.7377777777777778
75,47,4,8,1.21,0.15125
75,49,0,14,13.65,0.975
75,49,1,11,9.97,0.9063636363636364
75,49,2,10,8.01,0.8009999999999999
75,49,3,12,4.87,0.4058333333333333
75,49,4,7,1.64,0.23428571428571426
75,50,0,3,24.98,8.326666666666666
75,50,1,15,105.86,7.057333333333333
75,50,2,6,27.68,4.613333333333333
75,50,3,6,11.24,1.8733333333333333
75,50,4,10,6.14,0.614
75,51,0,16,27.8,1.7375
75,51,1,1,1.28,1.28
75,51,2,13,14.37,1.1053846153846154
75,51,3,6,2.08,0.3466666666666667
75,51,4,14,3.31,0.23642857142857143
75,54,0,15,29.29,1.9526666666666666
75,54,1,15,26.88,1.792
75,54,2,6,3.24,0.54
75,54,3,11,4.81,0.43727272727272726
75,54,4,4,1.11,0.2775
75,60,0,17,45.08,2.651764705882353
75,60,1,14,32.6,2.3285714285714287
75,60,2,3,4.62,1.54
75,60,3,8,10.35,1.29375
75,60,4,8,10.05,1.25625
75,66,0,1,4.56,4.56
75,66,1,20,31.82,1.591
75,66,2,20,29.53,1.4765000000000001
75,66,3,17,13.39,0.7876470588235295
75,66,4,14,7.46,0.5328571428571428
75,69,0,10,15.78,1.5779999999999998
75,69,1,9,13.24,1.471111111111111
75,69,2,14,10.48,0.7485714285714286
75,69,3,9,3.88,0.4311111111111111
75,69,4,4,1.46,0.365
75,70,0,5,6.94,1.3880000000000001
75,70,1,17,21.23,1.2488235294117647
75,70,2,11,11.05,1.0045454545454546
75,70,3,9,8.04,0.8933333333333332
75,70,4,3,0.5,0.16666666666666666
75,73,0,20,104.28,5.214
75,73,1,10,46.14,4.614
75,73,2,19,49.86,2.6242105263157893
75,73,3,2,1.66,0.83
75,73,4,5,3.19,0.638
75,74,0,20,50.25,2.5125
75,74,1,6,14.83,2.4716666666666667
75,74,2,20,47.67,2.3835
75,74,3,1,1.85,1.85
75,74,4,1,0.13,0.13
75,77,0,15,29.18,1.9453333333333334
75,77,1,20,36.35,1.8175000000000001
75,77,2,15,23.7,1.5799999999999998
75,77,3,10,13.68,1.3679999999999999
75,77,4,5,6.57,1.314
75,79,0,13,135.07,10.389999999999999
75,79,1,17,123.98,7.292941176470588
75,79,2,5,30.22,6.044
75,79,3,19,74.31,3.9110526315789476
75,79,4,4,12.25,3.0625
75,80,0,13,38.18,2.936923076923077
75,80,1,2,4.91,2.455
75,80,2,13,28.54,2.1953846153846155
75,80,3,3,2.91,0.9700000000000001
75,80,4,2,1.94,0.97
75,82,0,8,68.74,8.5925
75,82,1,1,5.07,5.07
75,82,2,3,14.32,4.773333333333333
75,82,3,9,35.25,3.9166666666666665
75,82,4,16,50.62,3.16375
75,84,0,10,105.88,10.588
75,84,1,5,38.13,7.626
75,84,2,8,55.4,6.925
75,84,3,8,35.25,4.40625
75,84,4,19,71.67,3.772105263157895
75,85,0,16,164.9,10.30625
75,85,1,7,57.39,8.198571428571428
75,85,2,2,15.32,7.66
75,85,3,1,5.33,5.33
75,85,4,1,4.92,4.92
75,87,0,11,40.11,3.6463636363636365
75,87,1,10,23.44,2.3440000000000003
75,87,2,6,10.91,1.8183333333333334
75,87,3,9,6.84,0.76
75,87,4,16,4.16,0.26
75,88,0,12,31.23,2.6025
75,88,1,18,41.2,2.288888888888889
75,88,2,5,8.07,1.614
75,88,3,15,21.06,1.404
75,88,4,5,3.9,0.78
75,89,0,1,9.86,9.86
75,89,1,14,125.84,8.98857142857143
75,89,2,16,142.14,8.88375
75,89,3,13,46.45,3.5730769230769233
75,89,4,16,32.26,2.01625
75,90,0,2,5.05,2.525
75,90,1,17,22.43,1.3194117647058823
75,90,2,3,0.71,0.23666666666666666
75,90,3,4,0.61,0.1525
75,90,4,6,0.66,0.11
75,93,0,2,12.63,6.315
75,93,1,1,3.58,3.58
75,93,2,10,21.06,2.106
75,93,3,13,6.25,0.4807692307692308
75,93,4,2,0.78,0.39
75,94,0,8,36.6,4.575
75,94,1,1,4.42,4.42
75,94,2,4,7.2,1.8
75,94,3,12,14.68,1.2233333333333334
75,94,4,11,9.47,0.860909090909091
75,97,0,14,36.59,2.613571428571429
75,97,1,15,28.56,1.904
75,97,2,14,23.44,1.6742857142857144
75,97,3,10,3.97,0.397
75,97,4,9,1.42,0.15777777777777777
77,1,0,4,3.65,0.9125
77,1,1,6,5.16,0.86
77,1,2,6,4.47,0.745
77,1,3,3,1.84,0.6133333333333334
77,1,4,6,0.26,0.043333333333333335
77,3,0,1,1.02,1.02
77,3,1,13,12.45,0.9576923076923076
77,3,2,19,15.82,0.8326315789473684
77,3,3,7,4.84,0.6914285714285714
77,3,4,6,0.26,0.043333333333333335
77,5,0,20,62.6,3.13
77,5,1,12,16.92,1.4100000000000001
77,5,2,3,3.07,1.0233333333333332
77,5,3,18,10.88,0.6044444444444445
77,5,4,5,2.8,0.5599999999999999
77,8,0,16,21.0,1.3125
77,8,1,7,8.88,1.2685714285714287
77,8,2,5,5.79,1.158
77,8,3,20,18.17,0.9085000000000001
77,8,4,11,5.7,0.5181818181818182
77,16,0,1,2.63,2.63
77,16,1,12,31.1,2.591666666666667
77,16,2,11,11.3,1.0272727272727273
77,16,3,6,5.46,0.91
77,16,4,11,5.41,0.4918181818181818
77,19,0,7,22.9,3.2714285714285714
77,19,1,9,24.74,2.7488888888888887
77,19,2,13,31.63,2.433076923076923
77,19,3,19,25.34,1.3336842105263158
77,19,4,11,10.2,0.9272727272727272
77,20,0,7,17.83,2.5471428571428567
77,20,1,5,8.29,1.658
77,20,2,3,4.06,1.3533333333333333
77,20,3,11,6.46,0.5872727272727273
77,20,4,17,9.93,0.5841176470588235
77,24,0,17,51.79,3.046470588235294
77,24,1,7,16.0,2.2857142857142856
77,24,2,1,1.67,1.67
77,24,3,6,7.79,1.2983333333333333
77,24,4,1,1.14,1.14
77,25,0,17,22.68,1.3341176470588234
77,25,1,5,6.47,1.294
77,25,2,1,0.73,0.73
77,25,3,1,0.7,0.7
77,25,4,15,7.36,0.4906666666666667
77,29,0,4,28.07,7.0175
77,29,1,9,41.55,4.616666666666666
77,29,2,15,68.97,4.598
77,29,3,18,48.11,2.6727777777777777
77,29,4,19,31.85,1.6763157894736842
77,30,0,12,39.53,3.294166666666667
77,30,1,16,51.88,3.2425
77,30,2,3,9.21,3.0700000000000003
77,30,3,10,19.93,1.9929999999999999
77,30,4,2,0.37,0.185
77,33,0,12,74.72,6.226666666666667
77,33,1,9,56.04,6.226666666666667
77,33,2,12,53.45,4.454166666666667
77,33,3,8,29.68,3.71
77,33,4,10,30.33,3.033
77,34,0,13,7.61,0.5853846153846154
77,34,1,8,4.35,0.54375
77,34,2,12,4.88,0.4066666666666667
77,34,3,20,4.96,0.248
77,34,4,5,0.61,0.122
77,38,0,9,99.75,11.083333333333334
77,38,1,17,187.58,11.034117647058824
77,38,2,17,182.72,10.748235294117647
77,38,3,5,12.02,2.404
77,38,4,6,9.36,1.5599999999999998
77,46,0,3,11.68,3.893333333333333
77,46,1,1,2.69,2.69
77,46,2,18,37.32,2.0733333333333333
77,46,3,16,18.37,1.148125
77,46,4,20,9.63,0.48150000000000004
77,47,0,14,62.19,4.442142857142857
77,47,1,12,51.5,4.291666666666667
77,47,2,8,19.95,2.49375
77,47,3,6,8.89,1.4816666666666667
77,47,4,17,10.67,0.6276470588235294
77,49,0,8,20.59,2.57375
77,49,1,13,26.94,2.0723076923076924
77,49,2,12,22.02,1.835
77,49,3,12,15.55,1.2958333333333334
77,49,4,12,2.23,0.18583333333333332
77,50,0,5,36.1,7.220000000000001
77,50,1,11,74.26,6.750909090909091
77,50,2,8,33.37,4.17125
77,50,3,13,42.33,3.256153846153846
77,50,4,7,5.55,0.7928571428571428
77,51,0,1,2.06,2.06
77,51,1,13,19.63,1.51
77,51,2,4,5.55,1.3875
77,51,3,9,12.26,1.3622222222222222
77,51,4,20,17.02,0.851
77,54,0,20,52.27,2.6135
77,54,1,12,24.27,2.0225
77,54,2,6,10.2,1.7
77,54,3,4,6.24,1.56
77,54,4,6,2.17,0.36166666666666664
77,60,0,6,27.74,4.623333333333333
77,60,1,13,51.71,3.977692307692308
77,60,2,19,73.22,3.853684210526316
77,60,3,19,69.53,3.659473684210526
77,60,4,3,1.14,0.37999999999999995
77,66,0,7,32.8,4.685714285714285
77,66,1,19,73.01,3.8426315789473686
77,66,2,15,39.81,2.6540000000000004
77,66,3,19,33.74,1.7757894736842106
77,66,4,16,23.55,1.471875
77,69,0,20,94.15,4.7075000000000005
77,69,1,16,70.28,4.3925
77,69,2,10,35.75,3.575
77,69,3,11,17.44,1.5854545454545457
77,69,4,4,1.37,0.3425
77,70,0,13,16.82,1.2938461538461539
77,70,1,11,8.6,0.7818181818181817
77,70,2,16,8.78,0.54875
77,70,3,9,4.87,0.5411111111111111
77,70,4,11,0.68,0.06181818181818182
77,73,0,3,32.87,10.956666666666665
77,73,1,15,74.05,4.9366666666666665
77,73,2,4,18.46,4.615
77,73,3,18,74.71,4.150555555555555
77,73,4,8,13.55,1.69375
77,74,0,18,24.05,1.3361111111111112
77,74,1,12,15.67,1.3058333333333334
77,74,2,4,3.8,0.95
77,74,3,17,13.22,0.7776470588235295
77,74,4,17,9.79,0.5758823529411764
77,75,0,9,21.03,2.336666666666667
77,75,1,15,25.94,1.7293333333333334
77,75,2,8,11.93,1.49125
77,75,3,11,7.94,0.7218181818181818
77,75,4,13,5.04,0.38769230769230767
77,79,0,5,48.39,9.678
77,79,1,5,37.56,7.5120000000000005
77,79,2,1,7.23,7.23
77,79,3,14,92.94,6.638571428571429
77,79,4,14,12.53,0.8949999999999999
77,80,0,18,64.08,3.56
77,80,1,4,7.81,1.9525
77,80,2,12,21.08,1.7566666666666666
77,80,3,12,18.6,1.55
77,80,4,3,2.88,0.96
77,82,0,9,63.67,7.0744444444444445
77,82,1,6,41.1,6.8500000000000005
77,82,2,2,12.04,6.02
77,82,3,8,38.17,4.77125
77,82,4,8,24.1,3.0125
77,84,0,2,20.87,10.435
77,84,1,10,46.67,4.667
77,84,2,4,15.17,3.7925
77,84,3,1,1.47,1.47
77,84,4,10,8.85,0.885
77,85,0,4,41.0,10.25
77,85,1,2,17.79,8.895
77,85,2,11,76.17,6.924545454545455
77,85,3,7,47.95,6.8500000000000005
77,85,4,1,1.07,1.07
77,87,0,6,28.19,4.698333333333333
77,87,1,19,74.47,3.9194736842105264
77,87,2,10,25.13,2.513
77,87,3,4,5.67,1.4175
77,87,4,12,7.77,0.6475
77,88,0,3,5.72,1.9066666666666665
77,88,1,16,15.82,0.98875
77,88,2,10,7.7,0.77
77,88,3,1,0.43,0.43
77,88,4,18,7.43,0.41277777777777774
77,89,0,20,161.65,8.0825
77,89,1,20,160.94,8.047
77,89,2,3,21.04,7.013333333333333
77,89,3,18,77.74,4.318888888888889
77,89,4,18,50.29,2.7938888888888886
77,90,0,12,4.52,0.37666666666666665
77,90,1,19,5.36,0.28210526315789475
77,90,2,14,3.52,0.25142857142857145
77,90,3,15,2.74,0.18266666666666667
77,90,4,7,0.44,0.06285714285714286
77,93,0,20,154.07,7.7035
77,93,1,9,52.52,5.835555555555556
77,93,2,4,21.11,5.2775
77,93,3,4,12.22,3.055
77,93,4,19,40.4,2.126315789473684
77,94,0,19,89.71,4.721578947368421
77,94,1,11,51.28,4.661818181818182
77,94,2,11,47.67,4.333636363636364
77,94,3,9,14.75,1.6388888888888888
77,94,4,2,0.43,0.215
77,97,0,16,80.85,5.053125
77,97,1,12,60.31,5.025833333333334
77,97,2,9,8.4,0.9333333333333333
77,97,3,2,1.86,0.93
77,97,4,17,7.83,0.46058823529411763
79,1,0,6,71.04,11.840000000000002
79,1,1,17,111.39,6.552352941176471
79,1,2,4,21.06,5.265
79,1,3,5,19.49,3.8979999999999997
79,1,4,2,2.22,1.11
79,3,0,12,136.97,11.414166666666667
79,3,1,5,55.9,11.18
79,3,2,9,98.57,10.952222222222222
79,3,3,17,26.18,1.54
79,3,4,18,18.97,1.0538888888888889
79,5,0,18,184.23,10.235
79,5,1,15,143.93,9.595333333333334
79,5,2,12,45.9,3.8249999999999997
79,5,3,3,4.31,1.4366666666666665
79,5,4,17,14.36,0.8447058823529412
79,8,0,18,125.44,6.9688888888888885
79,8,1,19,125.42,6.6010526315789475
79,8,2,14,83.21,5.9435714285714285
79,8,3,20,88.78,4.439
79,8,4,8,27.61,3.45125
79,16,0,11,123.47,11.224545454545455
79,16,1,20,214.91,10.7455
79,16,2,10,96.02,9.602
79,16,3,16,119.27,7.454375
79,16,4,14,62.12,4.437142857142857
79,19,0,9,82.72,9.19111111111111
79,19,1,20,172.51,8.625499999999999
79,19,2,6,48.55,8.091666666666667
79,19,3,3,22.35,7.45
79,19,4,1,2.37,2.37
79,20,0,13,104.41,8.031538461538462
79,20,1,15,109.24,7.282666666666667
79,20,2,13,90.28,6.944615384615385
79,20,3,7,28.48,4.0685714285714285
79,20,4,13,52.34,4.026153846153846
79,24,0,19,181.36,9.545263157894738
79,24,1,8,45.78,5.7225
79,24,2,8,42.33,5.29125
79,24,3,8,24.13,3.01625
79,24,4,10,6.83,0.683
79,25,0,6,25.1,4.183333333333334
79,25,1,18,68.69,3.816111111111111
79,25,2,14,52.5,3.75
79,25,3,1,3.36,3.36
79,25,4,20,35.41,1.7704999999999997
79,29,0,19,62.12,3.269473684210526
79,29,1,2,5.28,2.64
79,29,2,8,17.11,2.13875
79,29,3,14,15.62,1.1157142857142857
79,29,4,16,11.84,0.74
79,30,0,14,90.37,6.455
79,30,1,14,58.42,4.172857142857143
79,30,2,12,38.69,3.2241666666666666
79,30,3,1,2.66,2.66
79,30,4,12,16.73,1.3941666666666668
79,33,0,19,84.72,4.458947368421053
79,33,1,7,24.96,3.565714285714286
79,33,2,11,22.76,2.0690909090909093
79,33,3,5,7.76,1.552
79,33,4,18,17.76,0.9866666666666668
79,34,0,13,87.06,6.696923076923077
79,34,1,6,28.05,4.675
79,34,2,1,3.54,3.54
79,34,3,9,30.32,3.368888888888889
79,34,4,9,23.14,2.571111111111111
79,38,0,11,8.16,0.7418181818181818
79,38,1,5,3.38,0.6759999999999999
79,38,2,4,1.41,0.3525
79,38,3,13,2.6,0.2
79,38,4,12,2.19,0.1825
79,46,0,3,24.59,8.196666666666667
79,46,1,2,14.0,7.0
79,46,2,15,87.72,5.848
79,46,3,8,35.52,4.44
79,46,4,13,13.57,1.0438461538461539
79,47,0,2,21.91,10.955
79,47,1,2,21.05,10.525
79,47,2,4,34.91,8.7275
79,47,3,9,50.31,5.59
79,47,4,15,7.29,0.486
79,49,0,16,141.17,8.823125
79,49,1,10,68.39,6.839
79,49,2,3,14.13,4.71
79,49,3,20,76.91,3.8455
79,49,4,12,46.09,3.8408333333333338
79,50,0,3,5.02,1.6733333333333331
79,50,1,10,16.05,1.605
79,50,2,16,5.24,0.3275
79,50,3,14,3.59,0.2564285714285714
79,50,4,17,2.15,0.1264705882352941
79,51,0,1,9.78,9.78
79,51,1,11,105.9,9.627272727272727
79,51,2,8,70.49,8.81125
79,51,3,13,37.73,2.902307692307692
79,51,4,9,20.06,2.2288888888888887
79,54,0,8,58.87,7.35875
79,54,1,2,12.98,6.49
79,54,2,6,38.08,6.346666666666667
79,54,3,3,13.47,4.49
79,54,4,1,1.15,1.15
79,60,0,19,186.19,9.799473684210525
79,60,1,13,91.84,7.064615384615385
79,60,2,17,103.75,6.102941176470588
79,60,3,15,78.81,5.2540000000000004
79,60,4,16,49.51,3.094375
79,66,0,18,102.26,5.681111111111111
79,66,1,18,75.87,4.215
79,66,2,13,47.3,3.6384615384615384
79,66,3,6,15.59,2.598333333333333
79,66,4,10,4.68,0.46799999999999997
79,69,0,7,46.1,6.585714285714286
79,69,1,5,27.91,5.582
79,69,2,7,23.99,3.427142857142857
79,69,3,2,1.73,0.865
79,69,4,1,0.85,0.85
79,70,0,6,49.18,8.196666666666667
79,70,1,20,151.57,7.5785
79,70,2,1,1.36,1.36
79,70,3,15,10.6,0.7066666666666667
79,70,4,16,10.71,0.669375
79,73,0,17,40.09,2.358235294117647
79,73,1,16,37.05,2.315625
79,73,2,16,29.6,1.85
79,73,3,7,12.32,1.76
79,73,4,17,5.64,0.3317647058823529
79,74,0,5,51.72,10.344
79,74,1,15,118.58,7.905333333333333
79,74,2,6,39.72,6.62
79,74,3,12,62.83,5.235833333333333
79,74,4,19,45.06,2.371578947368421
79,75,0,7,75.63,10.804285714285713
79,75,1,8,81.11,10.13875
79,75,2,13,112.86,8.681538461538462
79,75,3,15,39.83,2.655333333333333
79,75,4,13,19.67,1.5130769230769232
79,77,0,20,189.28,9.464
79,77,1,6,37.25,6.208333333333333
79,77,2,4,19.92,4.98
79,77,3,6,17.46,2.91
79,77,4,1,0.71,0.71
79,80,0,14,108.83,7.773571428571429
79,80,1,6,41.12,6.853333333333333
79,80,2,16,97.68,6.105
79,80,3,4,8.26,2.065
79,80,4,3,2.8,0.9333333333333332
79,82,0,20,49.47,2.4735
79,82,1,3,5.76,1.92
79,82,2,11,15.63,1.420909090909091
79,82,3,20,15.82,0.791
79,82,4,1,0.19,0.19
79,84,0,9,15.03,1.67
79,84,1,5,5.88,1.176
79,84,2,11,11.78,1.0709090909090908
79,84,3,15,11.95,0.7966666666666666
79,84,4,7,1.14,0.16285714285714284
79,85,0,2,0.51,0.255
79,85,1,18,3.29,0.1827777777777778
79,85,2,19,1.14,0.06
79,85,3,16,0.77,0.048125
79,85,4,6,0.26,0.043333333333333335
79,87,0,10,51.47,5.147
79,87,1,6,20.13,3.355
79,87,2,10,28.82,2.882
79,87,3,13,26.14,2.0107692307692306
79,87,4,13,6.7,0.5153846153846154
79,88,0,4,31.37,7.8425
79,88,1,11,85.02,7.729090909090909
79,88,2,20,104.53,5.2265
79,88,3,11,27.0,2.4545454545454546
79,88,4,12,22.75,1.8958333333333333
79,89,0,19,44.62,2.3484210526315787
79,89,1,3,6.14,2.0466666666666664
79,89,2,13,20.21,1.5546153846153847
79,89,3,17,17.63,1.0370588235294118
79,89,4,8,5.69,0.71125
79,90,0,7,68.21,9.744285714285713
79,90,1,11,97.1,8.827272727272726
79,90,2,16,111.66,6.97875
79,90,3,4,10.16,2.54
79,90,4,1,1.5,1.5
79,93,0,19,64.37,3.3878947368421053
79,93,1,17,34.12,2.0070588235294116
79,93,2,10,11.31,1.131
79,93,3,10,9.05,0.905
79,93,4,20,17.25,0.8625
79,94,0,8,48.19,6.02375
79,94,1,8,36.52,4.565
79,94,2,19,66.52,3.501052631578947
79,94,3,1,1.52,1.52
79,94,4,19,5.79,0.30473684210526314
79,97,0,5,49.88,9.976
79,97,1,11,61.2,5.5636363636363635
79,97,2,18,66.7,3.7055555555555557
79,97,3,1,1.89,1.89
79,97,4,19,19.39,1.0205263157894737
80,1,0,10,34.21,3.4210000000000003
80,1,1,18,37.36,2.0755555555555554
80,1,2,11,21.04,1.9127272727272726
80,1,3,2,2.07,1.035
80,1,4,17,5.59,0.3288235294117647
80,3,0,6,20.2,3.3666666666666667
80,3,1,20,49.8,2.4899999999999998
80,3,2,7,14.22,2.0314285714285716
80,3,3,6,10.57,1.7616666666666667
80,3,4,6,3.97,0.6616666666666667
80,5,0,5,12.84,2.568
80,5,1,20,42.62,2.131
80,5,2,16,27.48,1.7175
80,5,3,16,10.7,0.66875
80,5,4,6,3.9,0.65
80,8,0,7,15.97,2.2814285714285716
80,8,1,13,21.1,1.623076923076923
80,8,2,20,21.1,1.0550000000000002
80,8,3,15,8.42,0.5613333333333334
80,8,4,8,4.1,0.5125
80,16,0,12,36.79,3.0658333333333334
80,16,1,19,54.04,2.8442105263157895
80,16,2,6,16.15,2.6916666666666664
80,16,3,18,44.31,2.461666666666667
80,16,4,4,5.53,1.3825
80,19,0,11,19.93,1.8118181818181818
80,19,1,11,15.98,1.4527272727272729
80,19,2,18,21.02,1.1677777777777778
80,19,3,20,12.61,0.6305
80,19,4,12,6.57,0.5475
80,20,0,13,7.22,0.5553846153846154
80,20,1,18,7.53,0.41833333333333333
80,20,2,17,6.88,0.4047058823529412
80,20,3,19,3.91,0.20578947368421052
80,20,4,13,1.96,0.15076923076923077
80,24,0,16,41.12,2.57
80,24,1,13,24.76,1.9046153846153848
80,24,2,15,26.12,1.7413333333333334
80,24,3,16,13.11,0.819375
80,24,4,11,3.74,0.34
80,25,0,18,33.26,1.8477777777777777
80,25,1,15,26.68,1.7786666666666666
80,25,2,14,15.93,1.137857142857143
80,25,3,11,8.12,0.7381818181818182
80,25,4,10,6.95,0.6950000000000001
80,29,0,6,18.49,3.0816666666666666
80,29,1,1,2.13,2.13
80,29,2,12,12.92,1.0766666666666667
80,29,3,16,15.84,0.99
80,29,4,18,11.63,0.6461111111111112
80,30,0,16,20.68,1.2925
80,30,1,2,1.81,0.905
80,30,2,17,9.39,0.5523529411764706
80,30,3,5,1.8,0.36
80,30,4,5,1.07,0.21400000000000002
80,33,0,17,65.15,3.8323529411764707
80,33,1,8,29.97,3.74625
80,33,2,16,57.7,3.60625
80,33,3,19,29.75,1.5657894736842106
80,33,4,10,5.01,0.501
80,34,0,11,29.71,2.700909090909091
80,34,1,15,35.85,2.39
80,34,2,12,16.02,1.335
80,34,3,18,16.57,0.9205555555555556
80,34,4,17,9.21,0.541764705882353
80,38,0,6,42.69,7.114999999999999
80,38,1,1,6.37,6.37
80,38,2,12,50.87,4.239166666666667
80,38,3,7,23.9,3.414285714285714
80,38,4,1,2.56,2.56
80,46,0,15,12.35,0.8233333333333334
80,46,1,18,13.99,0.7772222222222223
80,46,2,14,9.39,0.6707142857142857
80,46,3,18,5.0,0.2777777777777778
80,46,4,4,0.98,0.245
80,47,0,12,44.01,3.6675
80,47,1,14,39.87,2.847857142857143
80,47,2,17,24.73,1.4547058823529413
80,47,3,18,21.46,1.1922222222222223
80,47,4,3,3.54,1.18
80,49,0,3,3.4,1.1333333333333333
80,49,1,13,12.28,0.9446153846153845
80,49,2,20,10.74,0.537
80,49,3,18,7.72,0.4288888888888889
80,49,4,4,1.67,0.4175
80,50,0,13,80.89,6.222307692307693
80,50,1,13,73.64,5.664615384615384
80,50,2,4,20.91,5.2275
80,50,3,9,44.06,4.895555555555556
80,50,4,5,6.47,1.294
80,51,0,5,7.06,1.412
80,51,1,7,9.08,1.2971428571428572
80,51,2,15,15.09,1.006
80,51,3,7,5.75,0.8214285714285714
80,51,4,7,0.76,0.10857142857142857
80,54,0,2,2.43,1.215
80,54,1,1,0.68,0.68
80,54,2,16,9.89,0.618125
80,54,3,9,3.08,0.3422222222222222
80,54,4,1,0.05,0.05
80,60,0,4,9.27,2.3175
80,60,1,7,14.96,2.1371428571428575
80,60,2,11,21.21,1.9281818181818182
80,60,3,20,32.15,1.6075
80,60,4,1,0.6,0.6
80,66,0,20,44.46,2.223
80,66,1,3,5.61,1.87
80,66,2,10,10.94,1.0939999999999999
80,66,3,1,0.67,0.67
80,66,4,8,0.93,0.11625
80,69,0,12,30.88,2.5733333333333333
80,69,1,5,8.89,1.778
80,69,2,11,17.22,1.5654545454545454
80,69,3,16,19.6,1.225
80,69,4,7,6.4,0.9142857142857144
80,70,0,7,27.56,3.937142857142857
80,70,1,1,3.54,3.54
80,70,2,3,8.03,2.6766666666666663
80,70,3,17,40.73,2.395882352941176
80,70,4,3,5.81,1.9366666666666665
80,73,0,11,84.23,7.657272727272727
80,73,1,6,15.15,2.525
80,73,2,11,25.32,2.3018181818181818
80,73,3,9,18.86,2.0955555555555554
80,73,4,16,24.38,1.52375
80,74,0,9,35.79,3.9766666666666666
80,74,1,5,19.16,3.832
80,74,2,11,39.01,3.5463636363636364
80,74,3,8,11.96,1.495
80,74,4,17,7.62,0.44823529411764707
80,75,0,7,20.48,2.9257142857142857
80,75,1,14,27.36,1.9542857142857142
80,75,2,19,17.46,0.9189473684210526
80,75,3,7,5.46,0.78
80,75,4,16,2.2,0.1375
80,77,0,1,3.14,3.14
80,77,1,16,44.99,2.811875
80,77,2,2,4.09,2.045
80,77,3,2,2.72,1.36
80,77,4,16,2.91,0.181875
80,79,0,3,17.68,5.8933333333333335
80,79,1,9,49.99,5.554444444444445
80,79,2,16,86.87,5.429375
80,79,3,18,89.53,4.973888888888889
80,79,4,2,8.95,4.475
80,82,0,17,75.1,4.417647058823529
80,82,1,2,4.89,2.445
80,82,2,14,33.59,2.3992857142857145
80,82,3,4,8.08,2.02
80,82,4,18,21.01,1.1672222222222224
80,84,0,6,38.26,6.376666666666666
80,84,1,14,86.97,6.212142857142857
80,84,2,17,40.51,2.382941176470588
80,84,3,4,9.53,2.3825
80,84,4,10,5.81,0.581
80,85,0,12,90.65,7.554166666666667
80,85,1,13,94.26,7.250769230769231
80,85,2,13,58.31,4.485384615384616
80,85,3,1,2.35,2.35
80,85,4,15,17.96,1.1973333333333334
80,87,0,7,16.41,2.3442857142857143
80,87,1,4,8.37,2.0925
80,87,2,4,4.65,1.1625
80,87,3,11,9.41,0.8554545454545455
80,87,4,7,3.88,0.5542857142857143
80,88,0,9,9.97,1.1077777777777778
80,88,1,5,5.0,1.0
80,88,2,17,11.69,0.6876470588235294
80,88,3,11,1.55,0.1409090909090909
80,88,4,1,0.1,0.1
80,89,0,15,86.45,5.763333333333334
80,89,1,16,85.26,5.32875
80,89,2,10,47.39,4.739
80,89,3,5,22.39,4.478
80,89,4,11,41.52,3.774545454545455
80,90,0,17,49.55,2.914705882352941
80,90,1,18,39.76,2.2088888888888887
80,90,2,18,39.47,2.1927777777777777
80,90,3,13,25.07,1.9284615384615384
80,90,4,5,2.36,0.472
80,93,0,14,82.97,5.926428571428572
80,93,1,6,29.81,4.968333333333333
80,93,2,10,38.22,3.822
80,93,3,5,9.64,1.9280000000000002
80,93,4,17,27.36,1.6094117647058823
80,94,0,7,7.8,1.1142857142857143
80,94,1,4,3.17,0.7925
80,94,2,12,3.22,0.26833333333333337
80,94,3,15,3.96,0.264
80,94,4,3,0.42,0.13999999999999999
80,97,0,6,26.97,4.495
80,97,1,17,48.91,2.8770588235294117
80,97,2,10,14.32,1.432
80,97,3,5,4.56,0.9119999999999999
80,97,4,7,1.84,0.26285714285714284
82,1,0,6,58.74,9.790000000000001
82,1,1,6,51.79,8.631666666666666
82,1,2,18,86.31,4.795
82,1,3,2,7.53,3.765
82,1,4,16,18.08,1.13
82,3,0,13,116.35,8.95
82,3,1,18,126.55,7.030555555555555
82,3,2,3,19.06,6.353333333333333
82,3,3,5,24.53,4.906000000000001
82,3,4,18,32.1,1.7833333333333334
82,5,0,9,76.09,8.454444444444444
82,5,1,6,44.87,7.478333333333333
82,5,2,14,77.76,5.554285714285714
82,5,3,8,33.68,4.21
82,5,4,11,34.4,3.127272727272727
82,8,0,20,165.03,8.2515
82,8,1,19,119.92,6.311578947368421
82,8,2,20,86.58,4.329
82,8,3,18,54.16,3.0088888888888885
82,8,4,19,37.34,1.965263157894737
82,16,0,5,45.45,9.09
82,16,1,12,104.74,8.728333333333333
82,16,2,15,96.73,6.448666666666667
82,16,3,20,106.73,5.3365
82,16,4,11,48.98,4.452727272727272
82,19,0,9,67.76,7.52888888888889
82,19,1,10,65.49,6.5489999999999995
82,19,2,2,8.77,4.385
82,19,3,3,7.85,2.6166666666666667
82,19,4,15,6.3,0.42
82,20,0,15,91.76,6.117333333333334
82,20,1,14,76.8,5.485714285714286
82,20,2,16,57.57,3.598125
82,20,3,20,45.49,2.2745
82,20,4,5,4.53,0.906
82,24,0,18,153.59,8.532777777777778
82,24,1,4,24.02,6.005
82,24,2,18,38.96,2.1644444444444444
82,24,3,4,4.83,1.2075
82,24,4,17,18.24,1.072941176470588
82,25,0,20,133.39,6.669499999999999
82,25,1,16,94.57,5.910625
82,25,2,10,44.49,4.449
82,25,3,19,83.83,4.412105263157895
82,25,4,14,58.2,4.1571428571428575
82,29,0,13,20.51,1.5776923076923077
82,29,1,15,22.87,1.5246666666666668
82,29,2,16,17.25,1.078125
82,29,3,10,4.66,0.466
82,29,4,19,6.33,0.3331578947368421
82,30,0,15,21.11,1.4073333333333333
82,30,1,10,9.22,0.922
82,30,2,2,1.11,0.555
82,30,3,1,0.52,0.52
82,30,4,17,8.12,0.47764705882352937
82,33,0,6,10.57,1.7616666666666667
82,33,1,20,30.89,1.5445
82,33,2,18,15.76,0.8755555555555555
82,33,3,12,9.34,0.7783333333333333
82,33,4,18,7.15,0.39722222222222225
82,34,0,13,67.59,5.19923076923077
82,34,1,5,23.61,4.7219999999999995
82,34,2,11,31.45,2.859090909090909
82,34,3,2,5.59,2.795
82,34,4,2,1.67,0.835
82,38,0,8,19.31,2.41375
82,38,1,15,24.92,1.6613333333333336
82,38,2,12,14.7,1.2249999999999999
82,38,3,19,22.46,1.1821052631578948
82,38,4,7,1.9,0.2714285714285714
82,46,0,4,22.79,5.6975
82,46,1,14,60.68,4.3342857142857145
82,46,2,20,73.17,3.6585
82,46,3,13,38.45,2.957692307692308
82,46,4,18,29.48,1.6377777777777778
82,47,0,9,72.18,8.020000000000001
82,47,1,9,56.95,6.327777777777778
82,47,2,14,62.42,4.458571428571429
82,47,3,2,3.84,1.92
82,47,4,11,18.23,1.6572727272727272
82,49,0,11,73.34,6.667272727272728
82,49,1,3,17.8,5.933333333333334
82,49,2,4,21.12,5.28
82,49,3,17,73.9,4.347058823529412
82,49,4,13,34.76,2.6738461538461538
82,50,0,20,29.9,1.4949999999999999
82,50,1,17,21.05,1.238235294117647
82,50,2,15,12.76,0.8506666666666667
82,50,3,16,7.18,0.44875
82,50,4,9,2.02,0.22444444444444445
82,51,0,9,49.89,5.543333333333333
82,51,1,20,91.55,4.5775
82,51,2,15,54.07,3.6046666666666667
82,51,3,2,5.72,2.86
82,51,4,14,4.35,0.31071428571428567
82,54,0,18,75.5,4.194444444444445
82,54,1,16,38.56,2.41
82,54,2,15,29.02,1.9346666666666665
82,54,3,6,8.92,1.4866666666666666
82,54,4,14,19.87,1.4192857142857143
82,60,0,12,68.46,5.704999999999999
82,60,1,19,107.37,5.651052631578947
82,60,2,12,62.11,5.175833333333333
82,60,3,20,98.17,4.9085
82,60,4,4,4.15,1.0375
82,66,0,4,16.66,4.165
82,66,1,19,77.69,4.088947368421053
82,66,2,16,44.66,2.79125
82,66,3,17,11.24,0.6611764705882353
82,66,4,12,3.11,0.25916666666666666
82,69,0,15,105.09,7.006
82,69,1,9,53.58,5.953333333333333
82,69,2,12,48.27,4.0225
82,69,3,14,38.63,2.7592857142857143
82,69,4,12,21.33,1.7774999999999999
82,70,0,2,15.21,7.605
82,70,1,15,97.04,6.469333333333334
82,70,2,6,22.14,3.69
82,70,3,9,10.35,1.15
82,70,4,8,6.09,0.76125
82,73,0,10,26.74,2.674
82,73,1,6,14.89,2.481666666666667
82,73,2,2,4.72,2.36
82,73,3,6,4.82,0.8033333333333333
82,73,4,16,6.8,0.425
82,74,0,8,82.93,10.36625
82,74,1,15,154.32,10.288
82,74,2,11,107.98,9.816363636363636
82,74,3,18,172.47,9.581666666666667
82,74,4,13,83.1,6.392307692307692
82,75,0,6,53.04,8.84
82,75,1,9,43.84,4.871111111111111
82,75,2,13,54.63,4.202307692307692
82,75,3,1,3.73,3.73
82,75,4,20,48.73,2.4364999999999997
82,77,0,8,24.29,3.03625
82,77,1,15,43.54,2.9026666666666667
82,77,2,11,26.54,2.4127272727272726
82,77,3,18,25.58,1.421111111111111
82,77,4,7,5.48,0.7828571428571429
82,79,0,16,42.03,2.626875
82,79,1,16,38.62,2.41375
82,79,2,10,16.7,1.67
82,79,3,10,16.5,1.65
82,79,4,8,6.28,0.785
82,80,0,3,15.68,5.226666666666667
82,80,1,1,4.1,4.1
82,80,2,6,20.01,3.3350000000000004
82,80,3,1,2.69,2.69
82,80,4,20,34.1,1.705
82,84,0,7,20.3,2.9
82,84,1,6,13.1,2.183333333333333
82,84,2,11,22.3,2.0272727272727273
82,84,3,9,14.33,1.5922222222222222
82,84,4,5,2.8,0.5599999999999999
82,85,0,1,2.58,2.58
82,85,1,16,24.17,1.510625
82,85,2,9,11.4,1.2666666666666666
82,85,3,14,14.3,1.0214285714285716
82,85,4,2,1.2,0.6
82,87,0,8,33.58,4.1975
82,87,1,14,43.54,3.11
82,87,2,20,29.86,1.4929999999999999
82,87,3,5,5.07,1.014
82,87,4,19,16.53,0.8700000000000001
82,88,0,11,64.97,5.906363636363636
82,88,1,7,19.21,2.744285714285714
82,88,2,16,36.01,2.250625
82,88,3,12,13.36,1.1133333333333333
82,88,4,14,12.24,0.8742857142857143
82,89,0,2,5.05,2.525
82,89,1,10,23.54,2.354
82,89,2,4,8.03,2.0075
82,89,3,12,20.69,1.7241666666666668
82,89,4,10,2.71,0.271
82,90,0,9,73.45,8.161111111111111
82,90,1,1,6.19,6.19
82,90,2,14,79.72,5.694285714285714
82,90,3,18,81.05,4.502777777777777
82,90,4,16,14.78,0.92375
82,93,0,2,4.56,2.28
82,93,1,19,38.46,2.0242105263157897
82,93,2,20,31.27,1.5635
82,93,3,17,14.4,0.8470588235294118
82,93,4,10,7.95,0.795
82,94,0,3,13.12,4.373333333333333
82,94,1,2,8.27,4.135
82,94,2,12,48.65,4.054166666666666
82,94,3,2,3.23,1.615
82,94,4,13,3.35,0.2576923076923077
82,97,0,18,142.86,7.936666666666667
82,97,1,16,108.41,6.775625
82,97,2,5,22.92,4.5840000000000005
82,97,3,5,16.56,3.312
82,97,4,12,27.2,2.2666666666666666
84,1,0,13,154.95,11.919230769230769
84,1,1,15,159.61,10.640666666666668
84,1,2,16,99.6,6.225
84,1,3,18,93.75,5.208333333333333
84,1,4,4,14.86,3.715
84,3,0,5,39.61,7.922
84,3,1,5,20.71,4.142
84,3,2,4,5.39,1.3475
84,3,3,6,7.87,1.3116666666666668
84,3,4,5,4.07,0.8140000000000001
84,5,0,12,79.43,6.6191666666666675
84,5,1,15,54.62,3.6413333333333333
84,5,2,7,16.49,2.3557142857142854
84,5,3,16,34.37,2.148125
84,5,4,5,10.61,2.122
84,8,0,3,26.59,8.863333333333333
84,8,1,6,45.37,7.5616666666666665
84,8,2,6,40.9,6.816666666666666
84,8,3,4,23.47,5.8675
84,8,4,2,5.21,2.605
84,16,0,18,191.55,10.641666666666667
84,16,1,17,140.24,8.249411764705883
84,16,2,19,105.78,5.567368421052632
84,16,3,11,31.51,2.8645454545454547
84,16,4,11,26.11,2.3736363636363635
84,19,0,17,143.31,8.43
84,19,1,2,9.57,4.785
84,19,2,1,3.67,3.67
84,19,3,9,30.28,3.3644444444444446
84,19,4,5,5.63,1.126
84,20,0,12,103.14,8.595
84,20,1,11,81.63,7.420909090909091
84,20,2,18,120.57,6.698333333333333
84,20,3,8,7.99,0.99875
84,20,4,18,16.71,0.9283333333333333
84,24,0,14,143.42,10.244285714285713
84,24,1,9,90.98,10.10888888888889
84,24,2,3,24.26,8.086666666666668
84,24,3,9,30.0,3.3333333333333335
84,24,4,14,38.03,2.7164285714285716
84,25,0,18,151.32,8.406666666666666
84,25,1,2,14.8,7.4
84,25,2,16,85.85,5.365625
84,25,3,5,7.36,1.472
84,25,4,15,18.57,1.238
84,29,0,3,10.06,3.3533333333333335
84,29,1,16,46.18,2.88625
84,29,2,7,10.24,1.4628571428571429
84,29,3,6,8.09,1.3483333333333334
84,29,4,15,3.24,0.21600000000000003
84,30,0,14,92.83,6.630714285714285
84,30,1,9,50.4,5.6
84,30,2,18,70.55,3.9194444444444443
84,30,3,13,41.17,3.166923076923077
84,30,4,7,17.64,2.52
84,33,0,20,50.96,2.548
84,33,1,1,2.52,2.52
84,33,2,14,32.71,2.3364285714285713
84,33,3,20,31.4,1.5699999999999998
84,33,4,3,2.89,0.9633333333333334
84,34,0,3,18.96,6.32
84,34,1,4,17.87,4.4675
84,34,2,18,62.1,3.45
84,34,3,1,2.64,2.64
84,34,4,1,1.25,1.25
84,38,0,5,6.23,1.246
84,38,1,17,19.12,1.1247058823529412
84,38,2,2,1.83,0.915
84,38,3,19,10.29,0.541578947368421
84,38,4,20,5.71,0.2855
84,46,0,12,75.56,6.296666666666667
84,46,1,17,91.61,5.388823529411765
84,46,2,20,85.04,4.252000000000001
84,46,3,6,20.07,3.345
84,46,4,2,1.21,0.605
84,47,0,6,59.51,9.918333333333333
84,47,1,3,26.75,8.916666666666666
84,47,2,15,116.43,7.7620000000000005
84,47,3,16,110.84,6.9275
84,47,4,13,59.0,4.538461538461538
84,49,0,2,16.06,8.03
84,49,1,12,74.15,6.179166666666667
84,49,2,12,66.0,5.5
84,49,3,1,3.38,3.38
84,49,4,17,44.42,2.6129411764705885
84,50,0,2,2.57,1.285
84,50,1,16,9.54,0.59625
84,50,2,2,1.19,0.595
84,50,3,1,0.32,0.32
84,50,4,1,0.11,0.11
84,51,0,2,17.87,8.935
84,51,1,20,176.36,8.818000000000001
84,51,2,18,92.49,5.138333333333333
84,51,3,19,59.01,3.10578947368421
84,51,4,12,26.61,2.2175
84,54,0,14,120.37,8.597857142857142
84,54,1,10,82.95,8.295
84,54,2,7,55.2,7.885714285714286
84,54,3,10,41.91,4.191
84,54,4,15,23.46,1.564
84,60,0,20,167.21,8.3605
84,60,1,17,124.41,7.318235294117647
84,60,2,18,131.01,7.278333333333332
84,60,3,17,100.98,5.94
84,60,4,1,3.59,3.59
84,66,0,17,77.33,4.548823529411765
84,66,1,13,47.64,3.664615384615385
84,66,2,11,36.63,3.33
84,66,3,3,5.07,1.6900000000000002
84,66,4,11,12.89,1.1718181818181819
84,69,0,6,48.79,8.131666666666666
84,69,1,3,22.73,7.576666666666667
84,69,2,19,134.03,7.0542105263157895
84,69,3,6,30.19,5.031666666666667
84,69,4,10,44.69,4.468999999999999
84,70,0,12,90.92,7.576666666666667
84,70,1,16,110.53,6.908125
84,70,2,11,67.65,6.15
84,70,3,20,99.2,4.96
84,70,4,7,22.18,3.1685714285714286
84,73,0,14,61.31,4.3792857142857144
84,73,1,15,41.93,2.7953333333333332
84,73,2,13,28.36,2.1815384615384614
84,73,3,5,9.93,1.986
84,73,4,17,4.38,0.2576470588235294
84,74,0,10,91.17,9.117
84,74,1,12,101.32,8.443333333333333
84,74,2,2,7.81,3.905
84,74,3,17,49.4,2.9058823529411764
84,74,4,12,13.1,1.0916666666666666
84,75,0,3,23.34,7.78
84,75,1,14,82.04,5.86
84,75,2,4,18.99,4.7475
84,75,3,6,24.93,4.155
84,75,4,19,12.23,0.6436842105263159
84,77,0,1,6.69,6.69
84,77,1,17,103.12,6.065882352941177
84,77,2,3,9.1,3.033333333333333
84,77,3,5,7.58,1.516
84,77,4,12,18.17,1.5141666666666669
84,79,0,2,3.32,1.66
84,79,1,5,7.44,1.488
84,79,2,14,11.86,0.8471428571428571
84,79,3,4,3.19,0.7975
84,79,4,3,1.58,0.5266666666666667
84,80,0,11,74.41,6.764545454545455
84,80,1,15,67.12,4.474666666666667
84,80,2,15,63.62,4.241333333333333
84,80,3,3,10.3,3.4333333333333336
84,80,4,8,13.52,1.69
84,82,0,1,1.32,1.32
84,82,1,2,2.63,1.315
84,82,2,2,1.8,0.9
84,82,3,2,1.64,0.82
84,82,4,4,2.75,0.6875
84,85,0,15,32.37,2.158
84,85,1,10,18.88,1.888
84,85,2,19,14.67,0.7721052631578947
84,85,3,3,0.79,0.26333333333333336
84,85,4,9,1.65,0.18333333333333332
84,87,0,20,119.53,5.9765
84,87,1,12,70.98,5.915
84,87,2,14,66.16,4.725714285714285
84,87,3,11,40.56,3.6872727272727275
84,87,4,15,34.69,2.3126666666666664
84,88,0,19,129.91,6.8373684210526315
84,88,1,20,116.52,5.826
84,88,2,18,59.31,3.295
84,88,3,11,23.24,2.112727272727273
84,88,4,6,3.5,0.5833333333333334
84,89,0,15,48.61,3.240666666666667
84,89,1,16,46.31,2.894375
84,89,2,9,24.02,2.6688888888888886
84,89,3,7,11.64,1.662857142857143
84,89,4,7,4.97,0.71
84,90,0,8,74.78,9.3475
84,90,1,3,21.88,7.293333333333333
84,90,2,1,6.41,6.41
84,90,3,10,39.06,3.906
84,90,4,10,35.17,3.5170000000000003
84,93,0,17,28.61,1.6829411764705882
84,93,1,20,29.6,1.48
84,93,2,3,4.22,1.4066666666666665
84,93,3,10,10.28,1.028
84,93,4,15,10.35,0.69
84,94,0,13,75.08,5.775384615384615
84,94,1,16,84.47,5.279375
84,94,2,19,23.6,1.2421052631578948
84,94,3,15,9.55,0.6366666666666667
84,94,4,10,4.54,0.454
84,97,0,6,50.32,8.386666666666667
84,97,1,5,36.98,7.395999999999999
84,97,2,12,82.65,6.8875
84,97,3,12,76.45,6.370833333333334
84,97,4,2,6.2,3.1
85,1,0,14,83.62,5.972857142857143
85,1,1,13,53.52,4.116923076923078
85,1,2,13,36.63,2.8176923076923077
85,1,3,11,30.26,2.750909090909091
85,1,4,18,22.79,1.266111111111111
85,3,0,17,110.91,6.524117647058823
85,3,1,18,90.99,5.055
85,3,2,8,20.6,2.575
85,3,3,18,43.69,2.427222222222222
85,3,4,3,7.05,2.35
85,5,0,2,22.18,11.09
85,5,1,9,96.25,10.694444444444445
85,5,2,6,58.23,9.705
85,5,3,17,162.36,9.550588235294118
85,5,4,9,4.92,0.5466666666666666
85,8,0,16,129.15,8.071875
85,8,1,19,110.26,5.8031578947368425
85,8,2,17,90.9,5.347058823529412
85,8,3,7,36.82,5.26
85,8,4,18,36.22,2.0122222222222224
85,16,0,4,25.69,6.4225
85,16,1,5,15.26,3.052
85,16,2,5,13.87,2.774
85,16,3,18,49.45,2.7472222222222222
85,16,4,10,14.08,1.408
85,19,0,11,109.68,9.97090909090909
85,19,1,20,188.75,9.4375
85,19,2,8,73.57,9.19625
85,19,3,18,85.38,4.743333333333333
85,19,4,19,29.68,1.5621052631578947
85,20,0,16,147.47,9.216875
85,20,1,7,29.88,4.268571428571429
85,20,2,17,66.79,3.928823529411765
85,20,3,7,14.09,2.012857142857143
85,20,4,17,23.55,1.3852941176470588
85,24,0,6,67.88,11.313333333333333
85,24,1,11,95.58,8.68909090909091
85,24,2,9,76.89,8.543333333333333
85,24,3,17,73.13,4.301764705882353
85,24,4,17,15.94,0.9376470588235294
85,25,0,6,60.82,10.136666666666667
85,25,1,10,90.08,9.008
85,25,2,14,110.62,7.901428571428572
85,25,3,16,55.2,3.45
85,25,4,6,7.11,1.185
85,29,0,4,16.18,4.045
85,29,1,9,24.21,2.69
85,29,2,7,10.2,1.457142857142857
85,29,3,14,12.72,0.9085714285714286
85,29,4,15,5.59,0.37266666666666665
85,30,0,18,118.62,6.59
85,30,1,16,76.06,4.75375
85,30,2,9,18.94,2.104444444444445
85,30,3,20,34.94,1.7469999999999999
85,30,4,4,4.77,1.1925
85,33,0,19,81.0,4.2631578947368425
85,33,1,12,48.92,4.076666666666667
85,33,2,1,3.8,3.8
85,33,3,6,18.21,3.035
85,33,4,18,30.22,1.6788888888888889
85,34,0,11,85.18,7.743636363636364
85,34,1,18,133.24,7.402222222222223
85,34,2,10,45.73,4.5729999999999995
85,34,3,7,17.07,2.4385714285714286
85,34,4,9,6.75,0.75
85,38,0,14,9.13,0.6521428571428572
85,38,1,11,6.8,0.6181818181818182
85,38,2,6,3.65,0.6083333333333333
85,38,3,1,0.53,0.53
85,38,4,18,6.0,0.3333333333333333
85,46,0,7,55.64,7.948571428571428
85,46,1,6,43.79,7.298333333333333
85,46,2,10,68.01,6.801
85,46,3,15,88.07,5.871333333333333
85,46,4,8,20.17,2.52125
85,47,0,9,98.5,10.944444444444445
85,47,1,2,19.88,9.94
85,47,2,10,81.73,8.173
85,47,3,17,69.71,4.100588235294118
85,47,4,9,36.05,4.0055555555555555
85,49,0,2,19.8,9.9
85,49,1,14,107.22,7.658571428571428
85,49,2,19,137.41,7.232105263157894
85,49,3,6,36.37,6.0616666666666665
85,49,4,13,75.53,5.8100000000000005
85,50,0,11,21.97,1.997272727272727
85,50,1,5,8.55,1.7100000000000002
85,50,2,5,4.24,0.8480000000000001
85,50,3,11,4.54,0.4127272727272727
85,50,4,10,3.78,0.378
85,51,0,18,68.49,3.8049999999999997
85,51,1,5,17.0,3.4
85,51,2,7,23.79,3.3985714285714286
85,51,3,10,31.03,3.103
85,51,4,15,13.65,0.91
85,54,0,6,54.96,9.16
85,54,1,6,49.84,8.306666666666667
85,54,2,20,163.44,8.172
85,54,3,9,21.68,2.408888888888889
85,54,4,17,9.01,0.53
85,60,0,5,49.32,9.864
85,60,1,18,159.64,8.868888888888888
85,60,2,5,30.64,6.128
85,60,3,6,16.3,2.716666666666667
85,60,4,7,10.1,1.4428571428571428
85,66,0,3,17.93,5.976666666666667
85,66,1,10,58.68,5.868
85,66,2,12,45.65,3.8041666666666667
85,66,3,6,21.02,3.5033333333333334
85,66,4,16,35.16,2.1975
85,69,0,15,152.53,10.168666666666667
85,69,1,17,158.28,9.310588235294118
85,69,2,19,128.17,6.7457894736842094
85,69,3,17,65.42,3.848235294117647
85,69,4,12,41.1,3.4250000000000003
85,70,0,16,110.69,6.918125
85,70,1,4,27.24,6.81
85,70,2,15,60.1,4.006666666666667
85,70,3,19,66.04,3.4757894736842108
85,70,4,2,6.52,3.26
85,73,0,7,16.04,2.2914285714285714
85,73,1,7,12.5,1.7857142857142858
85,73,2,15,19.56,1.3039999999999998
85,73,3,3,3.9,1.3
85,73,4,10,4.64,0.46399999999999997
85,74,0,10,118.97,11.897
85,74,1,7,40.57,5.795714285714285
85,74,2,3,14.87,4.956666666666666
85,74,3,7,21.27,3.0385714285714287
85,74,4,2,1.99,0.995
85,75,0,19,228.04,12.002105263157894
85,75,1,1,10.55,10.55
85,75,2,20,184.63,9.2315
85,75,3,8,72.4,9.05
85,75,4,2,8.58,4.29
85,77,0,8,73.88,9.235
85,77,1,10,78.02,7.802
85,77,2,19,82.47,4.340526315789473
85,77,3,14,32.7,2.335714285714286
85,77,4,6,13.78,2.2966666666666664
85,79,0,5,1.83,0.366
85,79,1,15,4.26,0.284
85,79,2,17,4.8,0.2823529411764706
85,79,3,13,0.93,0.07153846153846154
85,79,4,3,0.11,0.03666666666666667
85,80,0,16,136.46,8.52875
85,80,1,17,58.35,3.432352941176471
85,80,2,14,45.32,3.237142857142857
85,80,3,18,23.34,1.2966666666666666
85,80,4,14,17.28,1.2342857142857144
85,82,0,20,57.54,2.877
85,82,1,6,17.08,2.8466666666666662
85,82,2,9,21.77,2.4188888888888886
85,82,3,15,4.55,0.30333333333333334
85,82,4,16,2.42,0.15125
85,84,0,4,7.24,1.81
85,84,1,14,24.94,1.7814285714285716
85,84,2,8,13.7,1.7125
85,84,3,19,26.3,1.3842105263157896
85,84,4,12,2.33,0.19416666666666668
85,87,0,9,68.85,7.6499999999999995
85,87,1,19,131.2,6.905263157894736
85,87,2,6,41.16,6.859999999999999
85,87,3,6,30.31,5.051666666666667
85,87,4,12,58.48,4.873333333333333
85,88,0,4,26.67,6.6675
85,88,1,1,5.77,5.77
85,88,2,15,65.34,4.356
85,88,3,14,55.72,3.98
85,88,4,19,18.66,0.9821052631578947
85,89,0,7,17.8,2.542857142857143
85,89,1,15,30.77,2.0513333333333335
85,89,2,4,4.72,1.18
85,89,3,7,7.41,1.0585714285714285
85,89,4,3,2.66,0.8866666666666667
85,90,0,3,16.98,5.66
85,90,1,10,29.19,2.919
85,90,2,20,53.45,2.6725000000000003
85,90,3,6,13.18,2.1966666666666668
85,90,4,5,5.36,1.072
85,93,0,8,28.66,3.5825
85,93,1,7,23.01,3.2871428571428574
85,93,2,11,23.4,2.127272727272727
85,93,3,10,12.07,1.207
85,93,4,13,2.78,0.21384615384615382
85,94,0,4,28.45,7.1125
85,94,1,1,5.6,5.6
85,94,2,17,75.29,4.4288235294117655
85,94,3,7,21.65,3.0928571428571425
85,94,4,17,13.83,0.8135294117647058
85,97,0,11,108.2,9.836363636363636
85,97,1,1,7.44,7.44
85,97,2,5,14.57,2.914
85,97,3,3,7.28,2.4266666666666667
85,97,4,4,8.98,2.245
87,1,0,5,23.63,4.726
87,1,1,4,17.86,4.465
87,1,2,9,36.37,4.04111111111111
87,1,3,7,17.3,2.4714285714285715
87,1,4,3,4.59,1.53
87,3,0,18,103.29,5.738333333333333
87,3,1,3,16.79,5.596666666666667
87,3,2,18,97.96,5.442222222222222
87,3,3,9,46.72,5.191111111111111
87,3,4,13,30.28,2.329230769230769
87,5,0,1,2.53,2.53
87,5,1,2,5.06,2.53
87,5,2,13,32.52,2.5015384615384617
87,5,3,18,36.31,2.0172222222222222
87,5,4,18,8.08,0.4488888888888889
87,8,0,3,12.89,4.296666666666667
87,8,1,20,82.45,4.1225000000000005
87,8,2,9,27.17,3.018888888888889
87,8,3,4,7.49,1.8725
87,8,4,14,20.64,1.4742857142857144
87,16,0,15,41.56,2.7706666666666666
87,16,1,13,27.44,2.1107692307692307
87,16,2,9,10.74,1.1933333333333334
87,16,3,15,7.55,0.5033333333333333
87,16,4,13,6.01,0.4623076923076923
87,19,0,9,17.4,1.9333333333333331
87,19,1,19,35.43,1.8647368421052632
87,19,2,7,12.45,1.7785714285714285
87,19,3,6,1.96,0.32666666666666666
87,19,4,3,0.77,0.25666666666666665
87,20,0,13,46.57,3.582307692307692
87,20,1,19,59.02,3.1063157894736846
87,20,2,12,27.8,2.316666666666667
87,20,3,8,7.57,0.94625
87,20,4,18,8.74,0.4855555555555556
87,24,0,13,42.49,3.2684615384615388
87,24,1,2,4.29,2.145
87,24,2,20,28.2,1.41
87,24,3,11,8.89,0.8081818181818182
87,24,4,17,3.47,0.20411764705882354
87,25,0,12,27.82,2.3183333333333334
87,25,1,4,8.94,2.235
87,25,2,11,22.44,2.04
87,25,3,5,9.62,1.924
87,25,4,2,3.57,1.785
87,29,0,15,52.15,3.4766666666666666
87,29,1,18,33.84,1.8800000000000001
87,29,2,5,6.56,1.3119999999999998
87,29,3,3,3.49,1.1633333333333333
87,29,4,13,14.18,1.0907692307692307
87,30,0,10,30.18,3.018
87,30,1,7,12.88,1.84
87,30,2,15,25.32,1.688
87,30,3,7,8.35,1.1928571428571428
87,30,4,2,2.29,1.145
87,33,0,4,13.85,3.4625
87,33,1,9,28.24,3.1377777777777776
87,33,2,10,30.2,3.02
87,33,3,17,36.43,2.1429411764705883
87,33,4,10,12.12,1.212
87,34,0,19,81.53,4.291052631578947
87,34,1,7,28.15,4.021428571428571
87,34,2,13,27.31,2.1007692307692305
87,34,3,17,26.77,1.5747058823529412
87,34,4,10,12.58,1.258
87,38,0,17,80.58,4.74
87,38,1,1,4.17,4.17
87,38,2,2,8.24,4.12
87,38,3,7,7.05,1.0071428571428571
87,38,4,11,10.25,0.9318181818181818
87,46,0,10,9.78,0.978
87,46,1,1,0.71,0.71
87,46,2,8,5.25,0.65625
87,46,3,17,10.88,0.64
87,46,4,15,8.1,0.5399999999999999
87,47,0,16,56.21,3.513125
87,47,1,20,42.78,2.1390000000000002
87,47,2,10,13.62,1.3619999999999999
87,47,3,19,4.06,0.21368421052631578
87,47,4,3,0.57,0.18999999999999997
87,49,0,15,35.56,2.3706666666666667
87,49,1,14,31.69,2.263571428571429
87,49,2,4,5.58,1.395
87,49,3,5,6.32,1.264
87,49,4,13,2.9,0.22307692307692306
87,50,0,8,45.92,5.74
87,50,1,11,38.48,3.498181818181818
87,50,2,18,62.35,3.463888888888889
87,50,3,7,20.95,2.992857142857143
87,50,4,16,10.83,0.676875
87,51,0,7,22.19,3.1700000000000004
87,51,1,9,26.52,2.9466666666666668
87,51,2,5,9.23,1.846
87,51,3,17,27.32,1.6070588235294119
87,51,4,3,4.73,1.5766666666666669
87,54,0,6,10.46,1.7433333333333334
87,54,1,20,19.9,0.9949999999999999
87,54,2,18,17.32,0.9622222222222222
87,54,3,8,2.7,0.3375
87,54,4,1,0.27,0.27
87,60,0,2,2.41,1.205
87,60,1,8,5.3,0.6625
87,60,2,6,2.65,0.44166666666666665
87,60,3,17,3.77,0.22176470588235295
87,60,4,12,1.34,0.11166666666666668
87,66,0,7,7.87,1.1242857142857143
87,66,1,16,11.19,0.699375
87,66,2,19,10.61,0.5584210526315789
87,66,3,4,1.87,0.4675
87,66,4,15,2.59,0.17266666666666666
87,69,0,19,30.12,1.585263157894737
87,69,1,20,28.55,1.4275
87,69,2,8,8.12,1.015
87,69,3,2,1.95,0.975
87,69,4,16,7.15,0.446875
87,70,0,5,28.81,5.762
87,70,1,4,22.66,5.665
87,70,2,5,27.44,5.488
87,70,3,20,78.11,3.9055
87,70,4,6,8.51,1.4183333333333332
87,73,0,9,78.3,8.7
87,73,1,13,104.79,8.060769230769232
87,73,2,17,130.63,7.684117647058823
87,73,3,18,47.22,2.623333333333333
87,73,4,4,2.41,0.6025
87,74,0,18,115.41,6.411666666666666
87,74,1,4,19.53,4.8825
87,74,2,13,48.61,3.7392307692307694
87,74,3,12,33.06,2.7550000000000003
87,74,4,15,30.5,2.033333333333333
87,75,0,13,57.36,4.412307692307692
87,75,1,8,32.14,4.0175
87,75,2,1,2.66,2.66
87,75,3,17,35.58,2.092941176470588
87,75,4,1,0.33,0.33
87,77,0,2,10.41,5.205
87,77,1,4,17.84,4.46
87,77,2,7,19.81,2.8299999999999996
87,77,3,16,31.1,1.94375
87,77,4,7,10.88,1.5542857142857145
87,79,0,18,128.33,7.129444444444445
87,79,1,3,12.59,4.196666666666666
87,79,2,5,17.78,3.556
87,79,3,5,16.83,3.3659999999999997
87,79,4,5,10.77,2.154
87,80,0,14,24.49,1.749285714285714
87,80,1,7,11.77,1.6814285714285713
87,80,2,15,21.97,1.4646666666666666
87,80,3,7,5.3,0.7571428571428571
87,80,4,9,3.61,0.4011111111111111
87,82,0,18,56.54,3.141111111111111
87,82,1,4,8.92,2.23
87,82,2,20,40.79,2.0395
87,82,3,20,20.78,1.0390000000000001
87,82,4,15,14.41,0.9606666666666667
87,84,0,8,53.46,6.6825
87,84,1,2,9.66,4.83
87,84,2,5,21.8,4.36
87,84,3,9,26.85,2.9833333333333334
87,84,4,2,5.05,2.525
87,85,0,2,14.94,7.47
87,85,1,9,66.35,7.372222222222222
87,85,2,1,5.37,5.37
87,85,3,13,57.05,4.388461538461538
87,85,4,11,45.6,4.1454545454545455
87,88,0,20,45.38,2.269
87,88,1,19,37.53,1.9752631578947368
87,88,2,7,13.25,1.8928571428571428
87,88,3,9,14.64,1.6266666666666667
87,88,4,17,22.33,1.3135294117647058
87,89,0,14,81.08,5.791428571428571
87,89,1,5,27.64,5.5280000000000005
87,89,2,5,26.92,5.384
87,89,3,17,86.42,5.083529411764706
87,89,4,12,29.73,2.4775
87,90,0,13,78.27,6.020769230769231
87,90,1,1,5.6,5.6
87,90,2,17,87.9,5.170588235294118
87,90,3,17,64.23,3.778235294117647
87,90,4,18,39.67,2.203888888888889
87,93,0,2,7.82,3.91
87,93,1,11,31.75,2.8863636363636362
87,93,2,3,5.9,1.9666666666666668
87,93,3,3,4.96,1.6533333333333333
87,93,4,19,20.25,1.0657894736842106
87,94,0,16,9.78,0.61125
87,94,1,9,4.7,0.5222222222222223
87,94,2,5,2.31,0.462
87,94,3,17,3.74,0.22
87,94,4,12,1.29,0.1075
87,97,0,5,15.93,3.186
87,97,1,11,32.22,2.929090909090909
87,97,2,7,17.84,2.5485714285714285
87,97,3,20,13.32,0.666
87,97,4,14,3.23,0.2307142857142857
88,1,0,3,8.15,2.716666666666667
88,1,1,17,45.31,2.665294117647059
88,1,2,9,17.7,1.9666666666666666
88,1,3,18,21.95,1.2194444444444443
88,1,4,20,22.22,1.111
88,3,0,18,51.01,2.8338888888888887
88,3,1,7,15.96,2.2800000000000002
88,3,2,18,39.47,2.1927777777777777
88,3,3,12,24.44,2.0366666666666666
88,3,4,4,5.75,1.4375
88,5,0,11,30.0,2.727272727272727
88,5,1,12,30.98,2.5816666666666666
88,5,2,9,22.97,2.552222222222222
88,5,3,10,23.42,2.342
88,5,4,6,8.43,1.405
88,8,0,17,28.24,1.6611764705882353
88,8,1,16,25.19,1.574375
88,8,2,9,14.12,1.5688888888888888
88,8,3,2,2.85,1.425
88,8,4,5,2.36,0.472
88,16,0,16,42.8,2.675
88,16,1,10,25.52,2.552
88,16,2,12,16.98,1.415
88,16,3,15,17.07,1.1380000000000001
88,16,4,15,2.56,0.17066666666666666
88,19,0,7,14.33,2.047142857142857
88,19,1,16,23.05,1.440625
88,19,2,16,18.85,1.178125
88,19,3,9,10.38,1.1533333333333333
88,19,4,3,1.32,0.44
88,20,0,6,2.01,0.33499999999999996
88,20,1,17,5.58,0.32823529411764707
88,20,2,10,1.82,0.182
88,20,3,8,0.65,0.08125
88,20,4,1,0.03,0.03
88,24,0,17,46.6,2.7411764705882353
88,24,1,4,6.43,1.6075
88,24,2,8,10.16,1.27
88,24,3,12,9.08,0.7566666666666667
88,24,4,8,4.54,0.5675
88,25,0,9,8.36,0.9288888888888889
88,25,1,3,1.83,0.61
88,25,2,18,9.04,0.5022222222222221
88,25,3,18,7.7,0.4277777777777778
88,25,4,18,4.32,0.24000000000000002
88,29,0,2,9.22,4.61
88,29,1,11,47.34,4.303636363636364
88,29,2,18,41.35,2.2972222222222225
88,29,3,9,18.26,2.028888888888889
88,29,4,19,16.21,0.8531578947368421
88,30,0,12,19.91,1.6591666666666667
88,30,1,18,21.55,1.1972222222222222
88,30,2,11,12.53,1.139090909090909
88,30,3,18,11.21,0.6227777777777779
88,30,4,13,5.32,0.40923076923076923
88,33,0,13,74.5,5.730769230769231
88,33,1,9,50.68,5.631111111111111
88,33,2,8,30.98,3.8725
88,33,3,1,3.74,3.74
88,33,4,7,22.48,3.2114285714285713
88,34,0,8,12.6,1.575
88,34,1,1,1.45,1.45
88,34,2,4,4.44,1.11
88,34,3,18,9.35,0.5194444444444444
88,34,4,11,4.26,0.38727272727272727
88,38,0,13,116.67,8.974615384615385
88,38,1,10,73.78,7.378
88,38,2,3,12.92,4.306666666666667
88,38,3,17,64.25,3.7794117647058822
88,38,4,7,6.5,0.9285714285714286
88,46,0,10,33.46,3.346
88,46,1,20,46.78,2.339
88,46,2,3,6.1,2.033333333333333
88,46,3,14,28.22,2.0157142857142856
88,46,4,15,27.49,1.8326666666666667
88,47,0,5,10.05,2.0100000000000002
88,47,1,13,24.81,1.9084615384615384
88,47,2,11,19.47,1.7699999999999998
88,47,3,12,10.91,0.9091666666666667
88,47,4,3,2.13,0.71
88,49,0,9,17.52,1.9466666666666665
88,49,1,17,31.88,1.8752941176470588
88,49,2,12,13.62,1.135
88,49,3,7,3.22,0.46
88,49,4,18,3.63,0.20166666666666666
88,50,0,10,56.29,5.629
88,50,1,5,16.63,3.3259999999999996
88,50,2,8,21.55,2.69375
88,50,3,1,1.91,1.91
88,50,4,4,2.6,0.65
88,51,0,18,23.33,1.296111111111111
88,51,1,11,11.98,1.089090909090909
88,51,2,17,17.2,1.011764705882353
88,51,3,17,16.49,0.9699999999999999
88,51,4,7,5.42,0.7742857142857142
88,54,0,7,5.28,0.7542857142857143
88,54,1,18,11.56,0.6422222222222222
88,54,2,3,1.65,0.5499999999999999
88,54,3,9,2.26,0.25111111111111106
88,54,4,13,2.03,0.15615384615384614
88,60,0,10,37.44,3.7439999999999998
88,60,1,15,42.59,2.8393333333333337
88,60,2,13,18.98,1.46
88,60,3,3,0.88,0.29333333333333333
88,60,4,4,0.86,0.215
88,66,0,13,46.25,3.5576923076923075
88,66,1,1,3.38,3.38
88,66,2,20,27.29,1.3645
88,66,3,3,3.63,1.21
88,66,4,5,1.43,0.286
88,69,0,15,45.27,3.0180000000000002
88,69,1,10,26.3,2.63
88,69,2,13,14.11,1.0853846153846154
88,69,3,19,20.01,1.0531578947368423
88,69,4,4,4.12,1.03
88,70,0,1,2.99,2.99
88,70,1,4,9.75,2.4375
88,70,2,15,28.05,1.87
88,70,3,10,10.61,1.061
88,70,4,12,9.77,0.8141666666666666
88,73,0,18,152.16,8.453333333333333
88,73,1,17,136.52,8.030588235294118
88,73,2,10,59.47,5.947
88,73,3,10,22.81,2.2809999999999997
88,73,4,14,6.12,0.43714285714285717
88,74,0,10,35.06,3.5060000000000002
88,74,1,3,10.21,3.4033333333333338
88,74,2,18,57.12,3.1733333333333333
88,74,3,18,39.33,2.185
88,74,4,12,21.45,1.7874999999999999
88,75,0,12,28.21,2.3508333333333336
88,75,1,11,20.55,1.8681818181818182
88,75,2,4,3.79,0.9475
88,75,3,15,10.37,0.6913333333333332
88,75,4,6,2.18,0.36333333333333334
88,77,0,4,8.23,2.0575
88,77,1,2,4.08,2.04
88,77,2,15,24.49,1.6326666666666665
88,77,3,10,15.78,1.5779999999999998
88,77,4,10,15.77,1.577
88,79,0,4,34.4,8.6
88,79,1,13,75.69,5.822307692307692
88,79,2,6,20.11,3.3516666666666666
88,79,3,18,49.36,2.7422222222222223
88,79,4,8,10.43,1.30375
88,80,0,11,14.91,1.3554545454545455
88,80,1,2,2.59,1.295
88,80,2,12,14.43,1.2025
88,80,3,6,2.27,0.37833333333333335
88,80,4,14,3.77,0.2692857142857143
88,82,0,4,23.12,5.78
88,82,1,11,63.16,5.741818181818181
88,82,2,6,24.72,4.12
88,82,3,3,11.73,3.91
88,82,4,3,6.87,2.29
88,84,0,1,8.01,8.01
88,84,1,4,18.09,4.5225
88,84,2,14,59.98,4.284285714285714
88,84,3,12,43.43,3.6191666666666666
88,84,4,7,20.24,2.891428571428571
88,85,0,14,134.54,9.61
88,85,1,6,43.11,7.185
88,85,2,18,56.53,3.1405555555555558
88,85,3,5,8.51,1.702
88,85,4,6,2.78,0.4633333333333333
88,87,0,15,54.12,3.6079999999999997
88,87,1,5,15.08,3.016
88,87,2,18,16.65,0.9249999999999999
88,87,3,17,15.01,0.8829411764705882
88,87,4,11,7.86,0.7145454545454546
88,89,0,12,56.9,4.741666666666666
88,89,1,12,40.97,3.4141666666666666
88,89,2,7,18.65,2.664285714285714
88,89,3,15,20.92,1.3946666666666667
88,89,4,17,21.66,1.2741176470588236
88,90,0,10,18.72,1.8719999999999999
88,90,1,3,4.12,1.3733333333333333
88,90,2,8,10.59,1.32375
88,90,3,8,5.23,0.65375
88,90,4,12,6.28,0.5233333333333333
88,93,0,16,110.96,6.935
88,93,1,15,76.4,5.093333333333334
88,93,2,14,30.16,2.1542857142857144
88,93,3,18,29.82,1.6566666666666667
88,93,4,18,29.05,1.613888888888889
88,94,0,1,3.15,3.15
88,94,1,5,15.28,3.056
88,94,2,12,20.14,1.6783333333333335
88,94,3,8,13.12,1.64
88,94,4,2,2.03,1.015
88,97,0,13,48.05,3.696153846153846
88,97,1,16,56.72,3.545
88,97,2,16,50.32,3.145
88,97,3,1,1.36,1.36
88,97,4,14,4.08,0.2914285714285714
89,1,0,16,147.33,9.208125
89,1,1,14,103.72,7.408571428571428
89,1,2,16,101.15,6.321875
89,1,3,11,67.35,6.122727272727272
89,1,4,5,27.26,5.452
89,3,0,12,124.74,10.395
89,3,1,15,126.42,8.428
89,3,2,13,88.07,6.774615384615384
89,3,3,8,38.88,4.86
89,3,4,12,48.37,4.030833333333333
89,5,0,20,198.06,9.903
89,5,1,18,169.69,9.427222222222222
89,5,2,20,103.39,5.1695
89,5,3,15,51.66,3.444
89,5,4,19,18.69,0.9836842105263158
89,8,0,19,197.76,10.408421052631578
89,8,1,12,117.91,9.825833333333334
89,8,2,16,135.25,8.453125
89,8,3,7,58.99,8.427142857142858
89,8,4,9,22.3,2.477777777777778
89,16,0,9,92.28,10.253333333333334
89,16,1,19,182.98,9.630526315789472
89,16,2,8,73.07,9.13375
89,16,3,13,76.02,5.8476923076923075
89,16,4,17,82.22,4.836470588235294
89,19,0,18,165.56,9.197777777777778
89,19,1,8,65.56,8.195
89,19,2,11,74.43,6.766363636363637
89,19,3,11,48.29,4.39
89,19,4,5,6.53,1.306
89,20,0,18,133.69,7.427222222222222
89,20,1,4,23.71,5.9275
89,20,2,13,66.72,5.132307692307692
89,20,3,10,20.34,2.034
89,20,4,5,5.8,1.16
89,24,0,11,100.21,9.11
89,24,1,14,121.87,8.705
89,24,2,4,28.8,7.2
89,24,3,10,43.05,4.305
89,24,4,3,8.42,2.8066666666666666
89,25,0,4,25.8,6.45
89,25,1,11,57.17,5.197272727272727
89,25,2,8,41.08,5.135
89,25,3,8,15.06,1.8825
89,25,4,4,5.23,1.3075
89,29,0,11,45.54,4.14
89,29,1,20,71.29,3.5645000000000002
89,29,2,18,44.23,2.457222222222222
89,29,3,16,33.05,2.065625
89,29,4,13,26.1,2.0076923076923077
89,30,0,15,78.72,5.248
89,30,1,19,97.7,5.1421052631578945
89,30,2,8,39.09,4.88625
89,30,3,4,8.07,2.0175
89,30,4,20,13.25,0.6625
89,33,0,8,35.32,4.415
89,33,1,5,20.98,4.196
89,33,2,7,25.83,3.69
89,33,3,13,39.66,3.0507692307692307
89,33,4,3,7.2,2.4
89,34,0,1,7.42,7.42
89,34,1,5,35.69,7.138
89,34,2,13,85.49,6.576153846153845
89,34,3,19,87.15,4.586842105263158
89,34,4,13,49.82,3.832307692307692
89,38,0,10,34.25,3.425
89,38,1,12,24.94,2.0783333333333336
89,38,2,16,28.96,1.81
89,38,3,12,18.82,1.5683333333333334
89,38,4,18,22.93,1.2738888888888888
89,46,0,3,23.43,7.81
89,46,1,3,22.57,7.523333333333333
89,46,2,5,31.12,6.224
89,46,3,15,41.13,2.742
89,46,4,5,4.73,0.9460000000000001
89,47,0,9,91.7,10.18888888888889
89,47,1,12,103.49,8.624166666666666
89,47,2,16,76.22,4.76375
89,47,3,15,59.9,3.993333333333333
89,47,4,1,1.78,1.78
89,49,0,14,105.08,7.505714285714285
89,49,1,18,109.55,6.086111111111111
89,49,2,2,3.6,1.8
89,49,3,8,6.83,0.85375
89,49,4,2,0.83,0.415
89,50,0,18,61.72,3.428888888888889
89,50,1,13,25.69,1.9761538461538461
89,50,2,3,5.27,1.7566666666666666
89,50,3,13,20.91,1.6084615384615384
89,50,4,12,7.02,0.585
89,51,0,9,75.75,8.416666666666666
89,51,1,16,123.56,7.7225
89,51,2,2,14.74,7.37
89,51,3,18,95.83,5.323888888888889
89,51,4,19,95.92,5.048421052631579
89,54,0,16,116.14,7.25875
89,54,1,18,117.43,6.523888888888889
89,54,2,19,104.81,5.516315789473684
89,54,3,8,43.46,5.4325
89,54,4,3,4.92,1.64
89,60,0,15,144.89,9.659333333333333
89,60,1,4,34.66,8.665
89,60,2,6,50.78,8.463333333333333
89,60,3,10,68.46,6.845999999999999
89,60,4,13,39.65,3.05
89,66,0,16,103.18,6.44875
89,66,1,8,23.89,2.98625
89,66,2,10,13.06,1.306
89,66,3,11,8.35,0.759090909090909
89,66,4,11,3.48,0.31636363636363635
89,69,0,19,161.76,8.513684210526316
89,69,1,3,24.35,8.116666666666667
89,69,2,2,10.12,5.06
89,69,3,13,65.3,5.023076923076923
89,69,4,17,54.43,3.201764705882353
89,70,0,19,194.49,10.236315789473684
89,70,1,2,18.54,9.27
89,70,2,16,91.56,5.7225
89,70,3,4,3.88,0.97
89,70,4,5,3.95,0.79
89,73,0,3,3.72,1.24
89,73,1,18,21.93,1.2183333333333333
89,73,2,14,15.39,1.0992857142857144
89,73,3,20,14.79,0.7394999999999999
89,73,4,5,0.69,0.13799999999999998
89,74,0,5,49.07,9.814
89,74,1,6,58.88,9.813333333333334
89,74,2,20,138.63,6.9315
89,74,3,17,78.15,4.597058823529412
89,74,4,20,15.61,0.7805
89,75,0,19,182.66,9.613684210526316
89,75,1,15,118.73,7.915333333333334
89,75,2,14,84.48,6.034285714285715
89,75,3,11,59.31,5.391818181818182
89,75,4,14,33.01,2.3578571428571427
89,77,0,16,137.59,8.599375
89,77,1,3,25.74,8.58
89,77,2,19,146.69,7.720526315789473
89,77,3,2,12.21,6.105
89,77,4,20,13.23,0.6615
89,79,0,12,35.95,2.9958333333333336
89,79,1,1,2.23,2.23
89,79,2,1,2.07,2.07
89,79,3,7,6.02,0.86
89,79,4,17,9.28,0.5458823529411765
89,80,0,11,59.81,5.4372727272727275
89,80,1,1,4.15,4.15
89,80,2,16,57.17,3.573125
89,80,3,5,17.63,3.526
89,80,4,6,20.98,3.4966666666666666
89,82,0,2,3.25,1.625
89,82,1,13,15.87,1.2207692307692306
89,82,2,11,8.69,0.7899999999999999
89,82,3,16,12.26,0.76625
89,82,4,7,4.53,0.6471428571428571
89,84,0,11,36.76,3.341818181818182
89,84,1,10,31.85,3.185
89,84,2,14,21.87,1.5621428571428573
89,84,3,12,11.3,0.9416666666666668
89,84,4,10,7.16,0.716
89,85,0,4,13.66,3.415
89,85,1,12,37.57,3.1308333333333334
89,85,2,18,46.94,2.6077777777777778
89,85,3,19,36.07,1.898421052631579
89,85,4,12,7.22,0.6016666666666667
89,87,0,1,7.18,7.18
89,87,1,10,67.75,6.775
89,87,2,8,53.9,6.7375
89,87,3,17,80.78,4.751764705882353
89,87,4,8,32.93,4.11625
89,88,0,20,119.42,5.971
89,88,1,12,33.41,2.7841666666666662
89,88,2,5,12.88,2.576
89,88,3,11,21.32,1.9381818181818182
89,88,4,4,3.57,0.8925
89,90,0,1,9.52,9.52
89,90,1,4,35.55,8.8875
89,90,2,5,41.03,8.206
89,90,3,5,40.3,8.059999999999999
89,90,4,14,43.11,3.079285714285714
89,93,0,16,68.09,4.255625
89,93,1,8,27.43,3.42875
89,93,2,18,59.92,3.328888888888889
89,93,3,16,49.98,3.12375
89,93,4,2,0.47,0.235
89,94,0,14,85.7,6.121428571428572
89,94,1,4,21.11,5.2775
89,94,2,9,17.09,1.8988888888888888
89,94,3,18,30.81,1.7116666666666667
89,94,4,13,4.18,0.3215384615384615
89,97,0,19,227.68,11.983157894736843
89,97,1,16,176.44,11.0275
89,97,2,8,76.17,9.52125
89,97,3,17,125.67,7.392352941176471
89,97,4,16,26.91,1.681875
90,1,0,10,5.54,0.554
90,1,1,10,4.68,0.46799999999999997
90,1,2,8,3.23,0.40375
90,1,3,20,7.7,0.385
90,1,4,4,0.35,0.0875
90,3,0,17,11.03,0.6488235294117647
90,3,1,7,1.78,0.2542857142857143
90,3,2,1,0.16,0.16
90,3,3,14,2.11,0.15071428571428572
90,3,4,14,1.87,0.1335714285714286
90,5,0,2,6.99,3.495
90,5,1,16,44.66,2.79125
90,5,2,12,13.18,1.0983333333333334
90,5,3,17,13.26,0.78
90,5,4,12,4.21,0.35083333333333333
90,8,0,11,14.65,1.3318181818181818
90,8,1,6,4.85,0.8083333333333332
90,8,2,9,6.63,0.7366666666666667
90,8,3,11,2.61,0.23727272727272727
90,8,4,18,3.3,0.18333333333333332
90,16,0,10,34.2,3.4200000000000004
90,16,1,14,32.21,2.3007142857142857
90,16,2,7,11.75,1.6785714285714286
90,16,3,6,10.07,1.6783333333333335
90,16,4,16,18.67,1.166875
90,19,0,5,14.47,2.894
90,19,1,17,37.6,2.211764705882353
90,19,2,13,21.77,1.6746153846153846
90,19,3,18,23.75,1.3194444444444444
90,19,4,16,18.64,1.165
90,20,0,5,14.15,2.83
90,20,1,19,27.67,1.4563157894736842
90,20,2,13,12.15,0.9346153846153846
90,20,3,5,4.33,0.866
90,20,4,6,1.23,0.205
90,24,0,9,16.95,1.8833333333333333
90,24,1,19,33.29,1.7521052631578946
90,24,2,19,32.9,1.7315789473684209
90,24,3,5,6.97,1.394
90,24,4,13,5.28,0.4061538461538462
90,25,0,11,11.49,1.0445454545454547
90,25,1,1,0.88,0.88
90,25,2,12,2.79,0.2325
90,25,3,2,0.32,0.16
90,25,4,20,2.38,0.119
90,29,0,6,43.02,7.170000000000001
90,29,1,12,86.03,7.1691666666666665
90,29,2,9,60.9,6.766666666666667
90,29,3,4,18.98,4.745
90,29,4,14,27.37,1.955
90,30,0,16,68.26,4.26625
90,30,1,9,27.91,3.101111111111111
90,30,2,18,46.81,2.6005555555555557
90,30,3,19,23.98,1.2621052631578948
90,30,4,15,18.41,1.2273333333333334
90,33,0,10,76.18,7.618
90,33,1,19,143.72,7.564210526315789
90,33,2,1,6.7,6.7
90,33,3,10,52.8,5.279999999999999
90,33,4,14,9.83,0.7021428571428572
90,34,0,11,8.27,0.7518181818181818
90,34,1,5,2.09,0.418
90,34,2,3,1.01,0.33666666666666667
90,34,3,4,1.28,0.32
90,34,4,16,3.25,0.203125
90,38,0,18,123.24,6.846666666666667
90,38,1,16,108.73,6.795625
90,38,2,13,81.54,6.272307692307693
90,38,3,2,10.71,5.355
90,38,4,16,29.84,1.865
90,46,0,3,13.43,4.476666666666667
90,46,1,16,68.51,4.281875
90,46,2,15,55.71,3.714
90,46,3,20,69.09,3.4545000000000003
90,46,4,12,21.28,1.7733333333333334
90,47,0,5,20.3,4.0600000000000005
90,47,1,15,56.79,3.786
90,47,2,3,10.65,3.5500000000000003
90,47,3,10,33.31,3.3310000000000004
90,47,4,4,9.48,2.37
90,49,0,5,10.84,2.168
90,49,1,6,13.0,2.1666666666666665
90,49,2,20,36.95,1.8475000000000001
90,49,3,20,33.54,1.677
90,49,4,8,8.76,1.095
90,50,0,7,57.34,8.191428571428572
90,50,1,17,132.06,7.768235294117647
90,50,2,15,94.96,6.330666666666667
90,50,3,16,45.38,2.83625
90,50,4,4,6.41,1.6025
90,51,0,20,55.63,2.7815000000000003
90,51,1,5,7.28,1.456
90,51,2,19,26.73,1.406842105263158
90,51,3,13,17.29,1.3299999999999998
90,51,4,16,19.54,1.22125
90,54,0,18,40.7,2.261111111111111
90,54,1,12,23.69,1.9741666666666668
90,54,2,18,23.75,1.3194444444444444
90,54,3,6,5.52,0.9199999999999999
90,54,4,5,3.22,0.644
90,60,0,10,46.66,4.6659999999999995
90,60,1,2,8.26,4.13
90,60,2,15,60.17,4.011333333333334
90,60,3,1,2.67,2.67
90,60,4,6,12.16,2.026666666666667
90,66,0,4,18.29,4.5725
90,66,1,19,41.75,2.1973684210526314
90,66,2,10,15.49,1.549
90,66,3,10,15.04,1.504
90,66,4,9,11.68,1.2977777777777777
90,69,0,8,32.09,4.01125
90,69,1,7,25.88,3.697142857142857
90,69,2,5,17.56,3.5119999999999996
90,69,3,15,39.46,2.630666666666667
90,69,4,20,30.85,1.5425
90,70,0,17,16.97,0.998235294117647
90,70,1,5,4.67,0.9339999999999999
90,70,2,9,8.04,0.8933333333333332
90,70,3,19,5.46,0.28736842105263155
90,70,4,2,0.52,0.26
90,73,0,3,25.14,8.38
90,73,1,18,118.84,6.602222222222222
90,73,2,11,43.92,3.9927272727272727
90,73,3,19,75.77,3.987894736842105
90,73,4,14,47.18,3.37
90,74,0,10,9.8,0.9800000000000001
90,74,1,5,4.33,0.866
90,74,2,9,6.22,0.6911111111111111
90,74,3,5,2.58,0.516
90,74,4,17,3.19,0.18764705882352942
90,75,0,11,25.44,2.312727272727273
90,75,1,1,2.16,2.16
90,75,2,5,9.8,1.9600000000000002
90,75,3,10,12.77,1.277
90,75,4,7,2.97,0.4242857142857143
90,77,0,14,5.13,0.36642857142857144
90,77,1,3,0.48,0.16
90,77,2,4,0.59,0.1475
90,77,3,1,0.08,0.08
90,77,4,13,0.4,0.03076923076923077
90,79,0,5,54.96,10.992
90,79,1,20,203.71,10.185500000000001
90,79,2,4,37.18,9.295
90,79,3,13,113.85,8.757692307692308
90,79,4,15,87.26,5.817333333333334
90,80,0,13,44.06,3.3892307692307693
90,80,1,5,16.86,3.372
90,80,2,9,19.59,2.1766666666666667
90,80,3,4,6.34,1.585
90,80,4,12,16.97,1.4141666666666666
90,82,0,16,131.23,8.201875
90,82,1,18,134.2,7.455555555555555
90,82,2,14,85.26,6.090000000000001
90,82,3,12,46.84,3.9033333333333338
90,82,4,15,5.69,0.37933333333333336
90,84,0,3,15.27,5.09
90,84,1,20,46.56,2.3280000000000003
90,84,2,6,8.5,1.4166666666666667
90,84,3,8,11.31,1.41375
90,84,4,15,17.63,1.1753333333333333
90,85,0,10,85.71,8.571
90,85,1,20,117.61,5.8805
90,85,2,10,27.26,2.726
90,85,3,12,30.5,2.5416666666666665
90,85,4,11,9.34,0.8490909090909091
90,87,0,11,64.29,5.844545454545455
90,87,1,20,115.45,5.7725
90,87,2,5,11.33,2.266
90,87,3,20,26.18,1.309
90,87,4,8,3.67,0.45875
90,88,0,3,3.93,1.31
90,88,1,12,14.47,1.2058333333333333
90,88,2,19,18.31,0.9636842105263157
90,88,3,16,10.02,0.62625
90,88,4,17,2.23,0.13117647058823528
90,89,0,20,197.49,9.874500000000001
90,89,1,16,133.18,8.32375
90,89,2,4,32.49,8.1225
90,89,3,1,3.95,3.95
90,89,4,19,9.95,0.5236842105263158
90,93,0,20,130.02,6.501
90,93,1,9,42.32,4.702222222222222
90,93,2,18,30.68,1.7044444444444444
90,93,3,1,1.61,1.61
90,93,4,11,7.82,0.7109090909090909
90,94,0,15,65.65,4.376666666666667
90,94,1,11,36.11,3.2827272727272727
90,94,2,8,23.43,2.92875
90,94,3,15,40.84,2.722666666666667
90,94,4,16,33.82,2.11375
90,97,0,7,28.28,4.04
90,97,1,6,8.43,1.405
90,97,2,8,8.44,1.055
90,97,3,4,2.09,0.5225
90,97,4,16,5.7,0.35625
93,1,0,17,123.71,7.277058823529411
93,1,1,4,28.61,7.1525
93,1,2,6,25.11,4.185
93,1,3,6,20.53,3.421666666666667
93,1,4,20,26.97,1.3485
93,3,0,12,94.59,7.8825
93,3,1,13,72.41,5.569999999999999
93,3,2,3,8.38,2.7933333333333334
93,3,3,17,34.97,2.057058823529412
93,3,4,8,9.55,1.19375
93,5,0,7,56.23,8.032857142857143
93,5,1,9,55.54,6.171111111111111
93,5,2,12,50.08,4.173333333333333
93,5,3,12,31.46,2.6216666666666666
93,5,4,2,3.73,1.865
93,8,0,4,38.95,9.7375
93,8,1,1,8.04,8.04
93,8,2,10,76.51,7.651000000000001
93,8,3,10,69.27,6.927
93,8,4,2,11.35,5.675
93,16,0,17,148.2,8.717647058823529
93,16,1,19,101.75,5.355263157894737
93,16,2,17,77.01,4.53
93,16,3,19,51.11,2.69
93,16,4,11,6.96,0.6327272727272727
93,19,0,6,41.02,6.836666666666667
93,19,1,19,112.22,5.906315789473684
93,19,2,20,38.8,1.94
93,19,3,9,12.37,1.3744444444444444
93,19,4,6,3.94,0.6566666666666666
93,20,0,8,40.9,5.1125
93,20,1,14,61.24,4.3742857142857146
93,20,2,19,71.32,3.7536842105263153
93,20,3,5,10.76,2.152
93,20,4,16,10.96,0.685
93,24,0,19,120.12,6.322105263157895
93,24,1,17,60.19,3.5405882352941176
93,24,2,1,2.5,2.5
93,24,3,9,6.15,0.6833333333333333
93,24,4,4,1.54,0.385
93,25,0,2,16.06,8.03
93,25,1,8,37.24,4.655
93,25,2,5,16.05,3.21
93,25,3,10,14.55,1.455
93,25,4,2,1.45,0.725
93,29,0,7,16.87,2.41
93,29,1,16,37.71,2.356875
93,29,2,1,2.09,2.09
93,29,3,19,20.81,1.0952631578947367
93,29,4,19,20.42,1.0747368421052632
93,30,0,5,25.28,5.056
93,30,1,20,99.09,4.9545
93,30,2,16,67.67,4.229375
93,30,3,11,18.32,1.6654545454545455
93,30,4,17,14.53,0.8547058823529411
93,33,0,18,19.12,1.0622222222222222
93,33,1,4,3.47,0.8675
93,33,2,8,3.78,0.4725
93,33,3,14,5.42,0.3871428571428571
93,33,4,10,1.05,0.10500000000000001
93,34,0,8,71.13,8.89125
93,34,1,14,112.89,8.063571428571429
93,34,2,9,64.89,7.21
93,34,3,12,83.65,6.970833333333334
93,34,4,7,47.39,6.7700000000000005
93,38,0,7,17.41,2.487142857142857
93,38,1,17,39.23,2.3076470588235294
93,38,2,10,21.5,2.15
93,38,3,19,30.87,1.6247368421052633
93,38,4,7,8.24,1.1771428571428573
93,46,0,19,109.52,5.7642105263157895
93,46,1,8,34.31,4.28875
93,46,2,13,54.61,4.200769230769231
93,46,3,2,6.89,3.445
93,46,4,18,8.05,0.44722222222222224
93,47,0,19,159.7,8.405263157894737
93,47,1,3,19.39,6.463333333333334
93,47,2,5,15.82,3.164
93,47,3,12,29.15,2.4291666666666667
93,47,4,11,20.63,1.8754545454545453
93,49,0,2,14.46,7.23
93,49,1,10,69.61,6.961
93,49,2,20,89.06,4.453
93,49,3,8,19.54,2.4425
93,49,4,5,4.58,0.916
93,50,0,20,35.13,1.7565000000000002
93,50,1,4,6.0,1.5
93,50,2,20,25.65,1.2825
93,50,3,6,4.2,0.7000000000000001
93,50,4,17,7.7,0.45294117647058824
93,51,0,14,105.11,7.507857142857143
93,51,1,2,12.49,6.245
93,51,2,7,24.44,3.4914285714285715
93,51,3,3,3.07,1.0233333333333332
93,51,4,11,3.57,0.3245454545454545
93,54,0,18,119.02,6.612222222222222
93,54,1,20,113.89,5.6945
93,54,2,17,85.23,5.013529411764706
93,54,3,5,23.91,4.782
93,54,4,6,24.46,4.076666666666667
93,60,0,1,2.91,2.91
93,60,1,3,8.19,2.73
93,60,2,5,8.35,1.67
93,60,3,4,5.52,1.38
93,60,4,16,5.08,0.3175
93,66,0,18,55.94,3.1077777777777778
93,66,1,18,53.04,2.9466666666666668
93,66,2,12,31.34,2.611666666666667
93,66,3,1,0.83,0.83
93,66,4,19,13.36,0.7031578947368421
93,69,0,13,53.81,4.139230769230769
93,69,1,8,25.43,3.17875
93,69,2,15,37.43,2.4953333333333334
93,69,3,3,2.86,0.9533333333333333
93,69,4,6,2.56,0.4266666666666667
93,70,0,16,115.85,7.240625
93,70,1,5,28.42,5.684
93,70,2,9,50.31,5.59
93,70,3,12,51.74,4.3116666666666665
93,70,4,3,6.62,2.2066666666666666
93,73,0,1,5.58,5.58
93,73,1,12,61.41,5.1175
93,73,2,15,67.71,4.513999999999999
93,73,3,13,42.85,3.2961538461538464
93,73,4,17,15.41,0.9064705882352941
93,74,0,3,33.26,11.086666666666666
93,74,1,19,205.87,10.835263157894737
93,74,2,11,64.53,5.866363636363636
93,74,3,11,50.45,4.586363636363637
93,74,4,20,64.16,3.2079999999999997
93,75,0,5,44.59,8.918000000000001
93,75,1,5,33.01,6.601999999999999
93,75,2,11,33.34,3.030909090909091
93,75,3,17,13.37,0.786470588235294
93,75,4,7,4.58,0.6542857142857142
93,77,0,7,66.86,9.551428571428572
93,77,1,7,50.28,7.182857142857143
93,77,2,12,54.71,4.559166666666667
93,77,3,16,56.53,3.533125
93,77,4,13,29.88,2.2984615384615386
93,79,0,11,29.04,2.64
93,79,1,8,15.94,1.9925
93,79,2,3,2.7,0.9
93,79,3,15,7.52,0.5013333333333333
93,79,4,16,3.5,0.21875
93,80,0,18,106.69,5.927222222222222
93,80,1,20,113.04,5.652
93,80,2,16,80.21,5.013125
93,80,3,19,40.73,2.1436842105263154
93,80,4,15,21.69,1.4460000000000002
93,82,0,4,10.01,2.5025
93,82,1,19,35.4,1.8631578947368421
93,82,2,16,28.32,1.77
93,82,3,1,1.68,1.68
93,82,4,17,27.25,1.6029411764705883
93,84,0,17,26.5,1.5588235294117647
93,84,1,20,24.29,1.2145
93,84,2,13,15.26,1.1738461538461538
93,84,3,4,2.0,0.5
93,84,4,10,2.03,0.20299999999999999
93,85,0,12,39.39,3.2825
93,85,1,14,43.64,3.117142857142857
93,85,2,11,31.62,2.8745454545454545
93,85,3,15,18.46,1.2306666666666668
93,85,4,12,12.4,1.0333333333333334
93,87,0,9,29.86,3.3177777777777777
93,87,1,13,41.48,3.1907692307692304
93,87,2,4,10.0,2.5
93,87,3,1,2.01,2.01
93,87,4,10,9.37,0.9369999999999999
93,88,0,14,95.93,6.852142857142858
93,88,1,11,60.0,5.454545454545454
93,88,2,1,2.12,2.12
93,88,3,13,23.05,1.7730769230769232
93,88,4,6,1.97,0.3283333333333333
93,89,0,8,44.51,5.56375
93,89,1,2,9.31,4.655
93,89,2,18,41.1,2.283333333333333
93,89,3,1,1.94,1.94
93,89,4,18,15.39,0.855
93,90,0,9,61.67,6.852222222222222
93,90,1,16,90.95,5.684375
93,90,2,19,78.08,4.109473684210526
93,90,3,3,11.88,3.9600000000000004
93,90,4,9,28.38,3.1533333333333333
93,94,0,12,50.57,4.214166666666666
93,94,1,7,24.54,3.505714285714286
93,94,2,2,6.97,3.485
93,94,3,15,29.45,1.9633333333333334
93,94,4,11,16.12,1.4654545454545456
93,97,0,11,83.63,7.602727272727273
93,97,1,9,56.75,6.305555555555555
93,97,2,19,92.05,4.844736842105263
93,97,3,9,43.24,4.804444444444445
93,97,4,9,5.25,0.5833333333333334
94,1,0,1,5.31,5.31
94,1,1,3,13.64,4.546666666666667
94,1,2,5,10.76,2.152
94,1,3,5,4.8,0.96
94,1,4,18,15.38,0.8544444444444445
94,3,0,17,62.62,3.683529411764706
94,3,1,9,27.42,3.046666666666667
94,3,2,4,12.14,3.035
94,3,3,17,47.48,2.7929411764705883
94,3,4,6,7.59,1.265
94,5,0,9,35.72,3.968888888888889
94,5,1,11,36.45,3.313636363636364
94,5,2,11,9.71,0.8827272727272728
94,5,3,1,0.77,0.77
94,5,4,20,4.19,0.20950000000000002
94,8,0,7,33.85,4.835714285714286
94,8,1,15,66.44,4.429333333333333
94,8,2,4,17.2,4.3
94,8,3,20,85.63,4.281499999999999
94,8,4,16,36.61,2.288125
94,16,0,2,7.96,3.98
94,16,1,5,11.49,2.298
94,16,2,10,14.32,1.432
94,16,3,11,14.73,1.339090909090909
94,16,4,14,5.71,0.40785714285714286
94,19,0,6,17.84,2.973333333333333
94,19,1,20,32.95,1.6475000000000002
94,19,2,6,8.28,1.38
94,19,3,11,13.45,1.2227272727272727
94,19,4,17,14.59,0.8582352941176471
94,20,0,16,29.14,1.82125
94,20,1,11,16.25,1.4772727272727273
94,20,2,3,2.36,0.7866666666666666
94,20,3,10,4.55,0.45499999999999996
94,20,4,6,2.3,0.3833333333333333
94,24,0,18,66.69,3.705
94,24,1,15,53.09,3.5393333333333334
94,24,2,8,26.38,3.2975
94,24,3,14,10.96,0.7828571428571429
94,24,4,20,12.82,0.641
94,25,0,5,15.12,3.024
94,25,1,4,8.39,2.0975
94,25,2,14,27.29,1.9492857142857143
94,25,3,15,25.58,1.7053333333333331
94,25,4,16,19.31,1.206875
94,29,0,2,4.82,2.41
94,29,1,9,19.03,2.1144444444444446
94,29,2,6,8.17,1.3616666666666666
94,29,3,17,3.54,0.20823529411764707
94,29,4,1,0.15,0.15
94,30,0,18,24.57,1.365
94,30,1,3,3.21,1.07
94,30,2,5,2.07,0.414
94,30,3,20,4.47,0.22349999999999998
94,30,4,7,1.36,0.1942857142857143
94,33,0,13,43.35,3.3346153846153848
94,33,1,19,36.89,1.941578947368421
94,33,2,2,3.24,1.62
94,33,3,18,25.7,1.4277777777777778
94,33,4,3,2.04,0.68
94,34,0,3,10.51,3.5033333333333334
94,34,1,13,35.93,2.7638461538461536
94,34,2,17,42.09,2.4758823529411766
94,34,3,20,47.76,2.388
94,34,4,13,16.72,1.286153846153846
94,38,0,5,32.2,6.44
94,38,1,2,10.61,5.305
94,38,2,15,59.04,3.936
94,38,3,13,26.24,2.0184615384615383
94,38,4,15,16.06,1.0706666666666667
94,46,0,20,27.86,1.393
94,46,1,3,4.06,1.3533333333333333
94,46,2,9,6.62,0.7355555555555555
94,46,3,12,8.65,0.7208333333333333
94,46,4,14,1.29,0.09214285714285715
94,47,0,10,37.18,3.718
94,47,1,14,33.53,2.395
94,47,2,10,13.32,1.332
94,47,3,6,4.4,0.7333333333333334
94,47,4,19,4.11,0.21631578947368424
94,49,0,9,25.6,2.8444444444444446
94,49,1,19,46.75,2.460526315789474
94,49,2,8,13.47,1.68375
94,49,3,15,7.91,0.5273333333333333
94,49,4,13,2.04,0.15692307692307692
94,50,0,2,9.31,4.655
94,50,1,14,59.19,4.227857142857142
94,50,2,8,24.45,3.05625
94,50,3,13,36.82,2.832307692307692
94,50,4,6,6.6,1.0999999999999999
94,51,0,15,45.76,3.0506666666666664
94,51,1,16,33.27,2.079375
94,51,2,7,11.59,1.6557142857142857
94,51,3,4,2.68,0.67
94,51,4,1,0.23,0.23
94,54,0,12,25.67,2.1391666666666667
94,54,1,11,13.76,1.250909090909091
94,54,2,13,14.67,1.1284615384615384
94,54,3,3,3.06,1.02
94,54,4,11,8.16,0.7418181818181818
94,60,0,12,26.22,2.185
94,60,1,16,30.31,1.894375
94,60,2,4,4.59,1.1475
94,60,3,11,6.64,0.6036363636363636
94,60,4,2,0.94,0.47
94,66,0,7,3.87,0.5528571428571428
94,66,1,5,2.67,0.534
94,66,2,16,7.51,0.469375
94,66,3,17,7.87,0.46294117647058824
94,66,4,7,2.93,0.4185714285714286
94,69,0,9,27.39,3.0433333333333334
94,69,1,3,7.55,2.5166666666666666
94,69,2,3,4.15,1.3833333333333335
94,69,3,14,6.03,0.4307142857142857
94,69,4,13,1.97,0.15153846153846154
94,70,0,13,67.64,5.203076923076923
94,70,1,9,38.67,4.296666666666667
94,70,2,9,38.58,4.286666666666666
94,70,3,3,8.25,2.75
94,70,4,15,24.34,1.6226666666666667
94,73,0,19,125.57,6.6089473684210525
94,73,1,7,40.73,5.8185714285714285
94,73,2,5,26.6,5.32
94,73,3,7,35.55,5.078571428571428
94,73,4,20,70.83,3.5415
94,74,0,3,19.67,6.5566666666666675
94,74,1,2,8.77,4.385
94,74,2,8,33.16,4.145
94,74,3,4,11.25,2.8125
94,74,4,9,19.79,2.198888888888889
94,75,0,18,76.3,4.238888888888889
94,75,1,4,13.17,3.2925
94,75,2,3,6.16,2.0533333333333332
94,75,3,6,3.99,0.665
94,75,4,16,5.85,0.365625
94,77,0,10,51.39,5.139
94,77,1,17,76.81,4.518235294117647
94,77,2,10,26.56,2.6559999999999997
94,77,3,19,31.34,1.6494736842105262
94,77,4,9,12.95,1.4388888888888889
94,79,0,8,55.92,6.99
94,79,1,10,64.87,6.487
94,79,2,5,26.46,5.292
94,79,3,1,1.61,1.61
94,79,4,7,8.47,1.2100000000000002
94,80,0,3,4.88,1.6266666666666667
94,80,1,10,14.87,1.4869999999999999
94,80,2,5,2.44,0.488
94,80,3,13,6.24,0.48000000000000004
94,80,4,15,1.82,0.12133333333333333
94,82,0,3,12.2,4.066666666666666
94,82,1,20,53.34,2.6670000000000003
94,82,2,11,28.19,2.562727272727273
94,82,3,19,34.77,1.83
94,82,4,19,6.84,0.36
94,84,0,7,42.75,6.107142857142857
94,84,1,18,108.03,6.001666666666667
94,84,2,2,11.38,5.69
94,84,3,19,53.47,2.8142105263157893
94,84,4,5,6.78,1.356
94,85,0,15,109.04,7.269333333333334
94,85,1,1,3.67,3.67
94,85,2,9,24.81,2.7566666666666664
94,85,3,10,16.46,1.6460000000000001
94,85,4,9,11.61,1.29
94,87,0,8,10.24,1.28
94,87,1,16,16.46,1.02875
94,87,2,7,5.06,0.7228571428571428
94,87,3,7,4.82,0.6885714285714286
94,87,4,18,1.95,0.10833333333333334
94,88,0,20,49.44,2.472
94,88,1,4,9.55,2.3875
94,88,2,14,32.57,2.3264285714285715
94,88,3,2,2.41,1.205
94,88,4,20,3.55,0.1775
94,89,0,18,105.13,5.8405555555555555
94,89,1,20,99.21,4.9605
94,89,2,7,14.35,2.05
94,89,3,8,15.01,1.87625
94,89,4,17,28.07,1.6511764705882352
94,90,0,12,68.79,5.732500000000001
94,90,1,14,72.01,5.143571428571429
94,90,2,4,13.45,3.3625
94,90,3,13,11.79,0.9069230769230768
94,90,4,4,3.42,0.855
94,93,0,20,82.84,4.142
94,93,1,4,12.47,3.1175
94,93,2,18,52.99,2.943888888888889
94,93,3,17,46.92,2.7600000000000002
94,93,4,5,11.5,2.3
94,97,0,18,90.3,5.016666666666667
94,97,1,13,63.74,4.903076923076923
94,97,2,13,56.81,4.37
94,97,3,2,6.98,3.49
94,97,4,4,8.78,2.195
97,1,0,3,11.12,3.7066666666666666
97,1,1,10,28.78,2.878
97,1,2,3,8.43,2.81
97,1,3,8,10.88,1.36
97,1,4,10,10.74,1.074
97,3,0,3,14.94,4.9799999999999995
97,3,1,3,14.0,4.666666666666667
97,3,2,18,78.03,4.335
97,3,3,3,3.59,1.1966666666666665
97,3,4,11,6.38,0.58
97,5,0,1,2.34,2.34
97,5,1,11,25.11,2.2827272727272727
97,5,2,19,37.52,1.9747368421052633
97,5,3,1,1.14,1.14
97,5,4,14,4.18,0.29857142857142854
97,8,0,12,38.56,3.2133333333333334
97,8,1,10,15.96,1.596
97,8,2,2,2.95,1.475
97,8,3,20,19.29,0.9644999999999999
97,8,4,2,0.67,0.335
97,16,0,20,40.66,2.033
97,16,1,15,26.33,1.7553333333333332
97,16,2,15,24.36,1.6239999999999999
97,16,3,12,8.14,0.6783333333333333
97,16,4,12,1.83,0.1525
97,19,0,8,19.24,2.405
97,19,1,1,2.24,2.24
97,19,2,15,31.52,2.1013333333333333
97,19,3,15,31.36,2.0906666666666665
97,19,4,19,28.25,1.486842105263158
97,20,0,18,92.64,5.1466666666666665
97,20,1,14,67.02,4.7871428571428565
97,20,2,9,36.82,4.091111111111111
97,20,3,12,33.97,2.830833333333333
97,20,4,15,36.12,2.408
97,24,0,13,20.69,1.5915384615384616
97,24,1,16,24.17,1.510625
97,24,2,1,1.26,1.26
97,24,3,5,1.49,0.298
97,24,4,4,0.75,0.1875
97,25,0,7,8.95,1.2785714285714285
97,25,1,10,10.73,1.073
97,25,2,17,17.86,1.0505882352941176
97,25,3,17,10.2,0.6
97,25,4,2,0.45,0.225
97,29,0,4,32.48,8.12
97,29,1,10,76.76,7.676
97,29,2,1,3.87,3.87
97,29,3,18,29.91,1.6616666666666666
97,29,4,16,12.72,0.795
97,30,0,10,61.67,6.167
97,30,1,20,108.13,5.406499999999999
97,30,2,6,8.96,1.4933333333333334
97,30,3,13,15.58,1.1984615384615385
97,30,4,5,2.69,0.538
97,33,0,6,46.18,7.696666666666666
97,33,1,9,55.42,6.157777777777778
97,33,2,16,97.07,6.066875
97,33,3,14,67.66,4.832857142857143
97,33,4,1,2.11,2.11
97,34,0,17,78.34,4.608235294117647
97,34,1,7,26.82,3.8314285714285714
97,34,2,3,9.2,3.0666666666666664
97,34,3,20,21.69,1.0845
97,34,4,3,2.41,0.8033333333333333
97,38,0,13,151.97,11.69
97,38,1,14,150.94,10.781428571428572
97,38,2,7,72.55,10.364285714285714
97,38,3,9,82.05,9.116666666666667
97,38,4,12,21.85,1.8208333333333335
97,46,0,15,47.76,3.1839999999999997
97,46,1,2,5.85,2.925
97,46,2,8,13.13,1.64125
97,46,3,20,24.57,1.2285
97,46,4,5,0.85,0.16999999999999998
97,47,0,1,1.25,1.25
97,47,1,12,11.64,0.9700000000000001
97,47,2,17,10.66,0.6270588235294118
97,47,3,18,7.25,0.4027777777777778
97,47,4,4,0.67,0.1675
97,49,0,15,49.26,3.284
97,49,1,6,18.33,3.0549999999999997
97,49,2,3,8.01,2.67
97,49,3,19,49.29,2.5942105263157895
97,49,4,3,5.94,1.9800000000000002
97,50,0,11,36.99,3.362727272727273
97,50,1,17,49.91,2.935882352941176
97,50,2,9,25.91,2.878888888888889
97,50,3,1,2.82,2.82
97,50,4,17,22.12,1.3011764705882354
97,51,0,8,27.53,3.44125
97,51,1,8,25.66,3.2075
97,51,2,20,34.51,1.7254999999999998
97,51,3,1,1.35,1.35
97,51,4,12,7.45,0.6208333333333333
97,54,0,3,11.2,3.733333333333333
97,54,1,12,40.9,3.408333333333333
97,54,2,16,50.21,3.138125
97,54,3,19,40.08,2.1094736842105264
97,54,4,8,6.6,0.825
97,60,0,13,33.5,2.576923076923077
97,60,1,20,39.5,1.975
97,60,2,4,7.44,1.86
97,60,3,7,9.71,1.3871428571428572
97,60,4,19,22.38,1.177894736842105
97,66,0,5,8.59,1.718
97,66,1,12,17.87,1.4891666666666667
97,66,2,18,11.8,0.6555555555555556
97,66,3,10,3.34,0.33399999999999996
97,66,4,7,1.84,0.26285714285714284
97,69,0,17,36.44,2.143529411764706
97,69,1,16,26.05,1.628125
97,69,2,8,11.79,1.47375
97,69,3,15,21.95,1.4633333333333334
97,69,4,3,0.39,0.13
97,70,0,9,30.71,3.4122222222222223
97,70,1,7,18.17,2.595714285714286
97,70,2,7,10.01,1.43
97,70,3,2,1.23,0.615
97,70,4,12,5.79,0.4825
97,73,0,6,58.76,9.793333333333333
97,73,1,12,72.46,6.038333333333333
97,73,2,3,17.67,5.890000000000001
97,73,3,19,106.94,5.6284210526315785
97,73,4,13,16.24,1.2492307692307691
97,74,0,15,78.81,5.2540000000000004
97,74,1,20,52.42,2.621
97,74,2,19,38.74,2.0389473684210526
97,74,3,16,20.4,1.275
97,74,4,17,6.39,0.37588235294117645
97,75,0,20,47.56,2.378
97,75,1,8,18.95,2.36875
97,75,2,10,21.97,2.197
97,75,3,10,21.16,2.116
97,75,4,5,9.87,1.9739999999999998
97,77,0,12,65.99,5.4991666666666665
97,77,1,18,55.87,3.1038888888888887
97,77,2,10,18.88,1.888
97,77,3,2,2.41,1.205
97,77,4,18,19.82,1.1011111111111112
97,79,0,14,153.38,10.955714285714285
97,79,1,7,61.13,8.732857142857144
97,79,2,6,37.59,6.265000000000001
97,79,3,9,44.95,4.9944444444444445
97,79,4,5,4.61,0.922
97,80,0,20,96.24,4.811999999999999
97,80,1,13,57.76,4.443076923076923
97,80,2,17,68.21,4.01235294117647
97,80,3,4,13.51,3.3775
97,80,4,3,9.51,3.17
97,82,0,2,17.31,8.655
97,82,1,9,76.82,8.535555555555554
97,82,2,4,32.36,8.09
97,82,3,17,98.19,5.775882352941176
97,82,4,8,18.24,2.28
97,84,0,5,53.31,10.662
97,84,1,1,9.53,9.53
97,84,2,6,50.55,8.424999999999999
97,84,3,18,39.59,2.1994444444444445
97,84,4,14,6.46,0.4614285714285714
97,85,0,17,214.82,12.636470588235294
97,85,1,1,10.67,10.67
97,85,2,7,62.88,8.982857142857144
97,85,3,18,66.07,3.670555555555555
97,85,4,13,37.65,2.896153846153846
97,87,0,16,72.42,4.52625
97,87,1,7,20.92,2.988571428571429
97,87,2,9,8.93,0.9922222222222222
97,87,3,3,2.02,0.6733333333333333
97,87,4,20,9.7,0.485
97,88,0,16,77.95,4.871875
97,88,1,15,43.61,2.9073333333333333
97,88,2,13,37.05,2.8499999999999996
97,88,3,15,23.05,1.5366666666666666
97,88,4,7,1.62,0.23142857142857146
97,89,0,10,98.93,9.893
97,89,1,4,20.85,5.2125
97,89,2,14,69.37,4.955
97,89,3,10,38.87,3.8869999999999996
97,89,4,1,1.82,1.82
97,90,0,16,92.23,5.764375
97,90,1,6,23.03,3.8383333333333334
97,90,2,16,58.28,3.6425
97,90,3,10,34.6,3.46
97,90,4,4,8.91,2.2275
97,93,0,16,115.86,7.24125
97,93,1,11,79.33,7.211818181818182
97,93,2,4,28.04,7.01
97,93,3,20,104.23,5.2115
97,93,4,9,16.74,1.8599999999999999
97,94,0,3,16.47,5.489999999999999
97,94,1,4,19.65,4.9125
97,94,2,19,77.17,4.061578947368421
97,94,3,13,48.91,3.762307692307692
97,94,4,5,2.8,0.5599999999999999
